,starttime,endtime
0,1709233392.4141312,1709233392.4141448
1,1709233392.4233446,1709233392.4233518
2,1709233392.506258,1709233392.506265
3,1709233392.6041253,1709233392.604133
4,1709233392.7048712,1709233392.704879
5,1709233392.804937,1709233392.8049448
6,1709233392.9004843,1709233392.9004915
7,1709233392.9904144,1709233392.9904208
8,1709233393.0914822,1709233393.091489
9,1709233393.195705,1709233393.1957107
10,1709233393.2908633,1709233393.2908723
11,1709233393.3904161,1709233393.390424
12,1709233393.5008738,1709233393.5008795
13,1709233393.5926862,1709233393.592694
14,1709233393.6991432,1709233393.69915
15,1709233393.7973335,1709233393.7973425
16,1709233393.8971963,1709233393.8972013
17,1709233394.0029974,1709233394.0030048
18,1709233394.1002316,1709233394.1002395
19,1709233394.1952162,1709233394.195224
20,1709233394.2995582,1709233394.2995646
21,1709233394.3919032,1709233394.391912
22,1709233394.492765,1709233394.4927723
23,1709233394.5946302,1709233394.5946386
24,1709233394.690526,1709233394.6905334
25,1709233394.7957754,1709233394.7957823
26,1709233394.8904328,1709233394.8904405
27,1709233395.0036025,1709233395.0036106
28,1709233395.1027043,1709233395.1027124
29,1709233395.1946065,1709233395.1946154
30,1709233395.2910566,1709233395.291067
31,1709233395.3914118,1709233395.3914208
32,1709233395.4973361,1709233395.497341
33,1709233395.605971,1709233395.6059778
34,1709233395.6973414,1709233395.697349
35,1709233395.7996461,1709233395.803557
36,1709233395.90053,1709233395.9044013
37,1709233395.9936996,1709233395.9972317
38,1709233396.1114185,1709233396.1151679
39,1709233396.205872,1709233396.2115262
40,1709233396.2980738,1709233396.3027625
41,1709233396.4055378,1709233396.4105217
42,1709233396.5134392,1709233396.5175745
43,1709233396.5965664,1709233396.6019
44,1709233396.701227,1709233396.7080996
45,1709233396.8030918,1709233396.8114033
46,1709233396.8958879,1709233396.901993
47,1709233397.002356,1709233397.010385
48,1709233397.0980234,1709233397.1028163
49,1709233397.1928942,1709233397.1994927
50,1709233397.291991,1709233397.2981474
51,1709233397.3928988,1709233397.3973505
52,1709233397.4933345,1709233397.4971414
53,1709233397.5990694,1709233397.6053047
54,1709233397.6923769,1709233397.697553
55,1709233397.8096466,1709233397.8186417
56,1709233397.8914604,1709233397.902683
57,1709233398.011011,1709233398.0174153
58,1709233398.1004066,1709233398.1059086
59,1709233398.194817,1709233398.204183
60,1709233398.3004513,1709233398.3073988
61,1709233398.3926868,1709233398.3992069
62,1709233398.5014718,1709233398.5070152
63,1709233398.5997057,1709233398.6063447
64,1709233398.6972501,1709233398.7031116
65,1709233398.7950983,1709233398.8002002
66,1709233398.897983,1709233398.906544
67,1709233399.0007296,1709233399.0117176
68,1709233399.097994,1709233399.105735
69,1709233399.198581,1709233399.2052336
70,1709233399.3008687,1709233399.3084505
71,1709233399.3980205,1709233399.404617
72,1709233399.4949582,1709233399.5008771
73,1709233399.5923202,1709233399.5987833
74,1709233399.6970873,1709233399.7018616
75,1709233399.7972171,1709233399.8039718
76,1709233399.898367,1709233399.9035878
77,1709233400.4916482,1709233400.4978824
78,1709233400.5040026,1709233400.5108066
79,1709233400.5161915,1709233400.521596
80,1709233400.593166,1709233400.5984957
81,1709233400.699768,1709233400.7050347
82,1709233400.7935767,1709233400.7992487
83,1709233400.8952432,1709233400.9009955
84,1709233400.9970803,1709233401.0021544
85,1709233401.1002805,1709233401.1092541
86,1709233401.195726,1709233401.2008576
87,1709233401.297845,1709233401.3025796
88,1709233401.4052672,1709233401.4107192
89,1709233401.4990792,1709233401.5057578
90,1709233401.5983727,1709233401.6078117
91,1709233401.6975179,1709233401.7034805
92,1709233401.800122,1709233401.8107638
93,1709233401.897707,1709233401.9036233
94,1709233402.0003297,1709233402.0062175
95,1709233402.106189,1709233402.1135721
96,1709233402.191145,1709233402.1963854
97,1709233402.2978055,1709233402.303282
98,1709233402.4031699,1709233402.4088955
99,1709233402.5041578,1709233402.50883
100,1709233402.5976422,1709233402.6034052
101,1709233402.6975563,1709233402.7035482
102,1709233402.7968123,1709233402.8045084
103,1709233402.8997695,1709233402.907806
104,1709233402.9944751,1709233403.0004063
105,1709233403.1035388,1709233403.1086824
106,1709233403.1989932,1709233403.205362
107,1709233403.2983787,1709233403.3049114
108,1709233403.3950984,1709233403.400412
109,1709233403.4952564,1709233403.5017495
110,1709233403.5976136,1709233403.603615
111,1709233403.6941016,1709233403.6992567
112,1709233403.8079622,1709233403.8137374
113,1709233403.8957396,1709233403.9013612
114,1709233403.9964912,1709233404.0049942
115,1709233404.092687,1709233404.0977898
116,1709233404.2020638,1709233404.2082753
117,1709233404.296461,1709233404.302962
118,1709233404.3919964,1709233404.3972218
119,1709233404.4974816,1709233404.5031908
120,1709233404.592854,1709233404.5984058
121,1709233404.6942794,1709233404.6996937
122,1709233404.8035922,1709233404.8098037
123,1709233404.9071348,1709233404.913243
124,1709233404.9919367,1709233404.9973755
125,1709233405.0956104,1709233405.101423
126,1709233405.1956947,1709233405.201115
127,1709233405.2926028,1709233405.3039575
128,1709233405.397032,1709233405.4025078
129,1709233405.4954565,1709233405.5009303
130,1709233405.594987,1709233405.6000788
131,1709233405.692244,1709233405.6972897
132,1709233405.796141,1709233405.8016174
133,1709233405.8993642,1709233405.9103014
134,1709233405.995223,1709233406.0027966
135,1709233406.092235,1709233406.0983114
136,1709233406.1940806,1709233406.1984606
137,1709233406.296103,1709233406.3016245
138,1709233406.397216,1709233406.4039993
139,1709233406.4972568,1709233406.5044684
140,1709233406.592687,1709233406.6009972
141,1709233406.6919785,1709233406.697145
142,1709233406.800929,1709233406.8062565
143,1709233406.9055786,1709233406.9163156
144,1709233406.9997203,1709233407.0045712
145,1709233407.0991287,1709233407.1045213
146,1709233407.1965885,1709233407.2020504
147,1709233407.2996597,1709233407.309035
148,1709233407.402303,1709233407.407557
149,1709233407.4932406,1709233407.4983838
150,1709233407.5912418,1709233407.594879
151,1709233407.6984205,1709233407.7046041
152,1709233407.7914941,1709233407.800234
153,1709233407.8982506,1709233407.9033897
154,1709233407.9984295,1709233408.0046375
155,1709233408.1002347,1709233408.1063123
156,1709233408.1987934,1709233408.2035182
157,1709233408.2934115,1709233408.2976289
158,1709233408.3947184,1709233408.4001193
159,1709233408.4980626,1709233408.5037334
160,1709233408.591574,1709233408.5974963
161,1709233408.6939604,1709233408.701033
162,1709233408.8025594,1709233408.8109477
163,1709233408.895818,1709233408.8997214
164,1709233408.99406,1709233408.99801
165,1709233409.0921354,1709233409.097729
166,1709233409.195818,1709233409.1996095
167,1709233409.2966588,1709233409.302251
168,1709233409.397452,1709233409.4030561
169,1709233409.4938538,1709233409.4988554
170,1709233409.5917928,1709233409.5959287
171,1709233409.695738,1709233409.7006645
172,1709233409.8030765,1709233409.8066084
173,1709233409.8904383,1709233409.8942866
174,1709233409.9913917,1709233409.9953725
175,1709233410.0966184,1709233410.1003168
176,1709233410.1928205,1709233410.1969748
177,1709233410.3032675,1709233410.3093374
178,1709233410.401743,1709233410.4055045
179,1709233410.4901853,1709233410.495022
180,1709233410.6000345,1709233410.6036654
181,1709233410.69807,1709233410.7011914
182,1709233410.7914975,1709233410.7951515
183,1709233410.8955197,1709233410.898897
184,1709233410.99456,1709233410.9985425
185,1709233411.09508,1709233411.099583
186,1709233411.1974006,1709233411.2005875
187,1709233411.29457,1709233411.2980509
188,1709233411.3961132,1709233411.3996952
189,1709233411.493162,1709233411.4966033
190,1709233411.5902088,1709233411.5944715
191,1709233411.691845,1709233411.6979587
192,1709233411.7942877,1709233411.7982647
193,1709233411.8994758,1709233411.9031663
194,1709233412.0042589,1709233412.008547
195,1709233412.102443,1709233412.1067047
196,1709233412.1923296,1709233412.1958172
197,1709233412.2927258,1709233412.296468
198,1709233412.393039,1709233412.3988078
199,1709233412.4914577,1709233412.49481
200,1709233412.5905313,1709233412.5937471
201,1709233412.6919537,1709233412.6954913
202,1709233412.8011527,1709233412.8054008
203,1709233412.9026551,1709233412.9059188
204,1709233413.0017898,1709233413.00537
205,1709233413.0974603,1709233413.1005874
206,1709233413.2002635,1709233413.2038534
207,1709233413.2951136,1709233413.2987359
208,1709233413.392683,1709233413.3960435
209,1709233413.493156,1709233413.4964416
210,1709233413.6001678,1709233413.6030495
211,1709233413.6931021,1709233413.6963174
212,1709233413.7920933,1709233413.796262
213,1709233413.8953366,1709233413.8996222
214,1709233413.99202,1709233413.995563
215,1709233414.091167,1709233414.0943286
216,1709233414.1979222,1709233414.201131
217,1709233414.2915082,1709233414.2949505
218,1709233414.3911872,1709233414.3978703
219,1709233414.5040867,1709233414.5076752
220,1709233414.5941608,1709233414.5987835
221,1709233414.69309,1709233414.695452
222,1709233414.7961366,1709233414.7996664
223,1709233414.8929942,1709233414.8967123
224,1709233414.9948997,1709233414.9983056
225,1709233415.094508,1709233415.097781
226,1709233415.1909988,1709233415.194222
227,1709233415.297233,1709233415.300867
228,1709233415.3927033,1709233415.3972096
229,1709233415.494896,1709233415.4990294
230,1709233415.5946414,1709233415.598144
231,1709233415.6946898,1709233415.6974983
232,1709233415.7942307,1709233415.7974942
233,1709233415.8923883,1709233415.8967822
234,1709233415.9926643,1709233415.9948719
235,1709233416.0942643,1709233416.0976853
236,1709233416.1962638,1709233416.1994839
237,1709233416.2912855,1709233416.295837
238,1709233416.3906522,1709233416.3948467
239,1709233416.4956958,1709233416.503447
240,1709233416.5997374,1709233416.60314
241,1709233416.6944678,1709233416.697917
242,1709233416.795469,1709233416.7984922
243,1709233416.8898678,1709233416.8932703
244,1709233416.9903371,1709233416.9956627
245,1709233417.0920205,1709233417.1037805
246,1709233417.1926975,1709233417.1994698
247,1709233417.2917137,1709233417.2949321
248,1709233417.396658,1709233417.399776
249,1709233417.490832,1709233417.5022404
250,1709233417.5909288,1709233417.5943162
251,1709233417.6910765,1709233417.694431
252,1709233417.797178,1709233417.8006773
253,1709233417.8896985,1709233417.8929389
254,1709233417.99335,1709233417.9965117
255,1709233418.095482,1709233418.098592
256,1709233418.1948283,1709233418.1979876
257,1709233418.2911189,1709233418.2944245
258,1709233418.3939407,1709233418.397463
259,1709233418.4941897,1709233418.4974406
260,1709233418.5933645,1709233418.5966704
261,1709233418.6936858,1709233418.6971622
262,1709233418.7901337,1709233418.7932825
263,1709233418.8961222,1709233418.9010928
264,1709233418.991777,1709233418.9952102
265,1709233419.0911145,1709233419.0979984
266,1709233419.1926796,1709233419.1956775
267,1709233419.2930841,1709233419.297209
268,1709233419.3977013,1709233419.4015079
269,1709233419.490055,1709233419.4936328
270,1709233419.5923686,1709233419.5958195
271,1709233419.6949704,1709233419.698208
272,1709233419.7908514,1709233419.7937858
273,1709233419.8945096,1709233419.8979166
274,1709233419.9920542,1709233419.995046
275,1709233420.097926,1709233420.1004996
276,1709233420.1949556,1709233420.1985066
277,1709233420.2919428,1709233420.2950807
278,1709233420.3939087,1709233420.3973463
279,1709233420.4927819,1709233420.496428
280,1709233420.5979593,1709233420.6019778
281,1709233420.6965005,1709233420.7004273
282,1709233420.7926648,1709233420.7956939
283,1709233420.89588,1709233420.8958862
284,1709233420.9928603,1709233420.9928665
285,1709233421.0944984,1709233421.0945063
286,1709233421.1936567,1709233421.1936624
287,1709233421.2922978,1709233421.2923033
288,1709233421.3910923,1709233421.391098
289,1709233421.4971442,1709233421.49715
290,1709233421.593672,1709233421.5936773
291,1709233421.692795,1709233421.6928012
292,1709233421.7915094,1709233421.7915149
293,1709233421.8971436,1709233421.897149
294,1709233421.9954102,1709233421.9954166
295,1709233422.1007528,1709233422.1007602
296,1709233422.1979651,1709233422.197973
297,1709233422.297407,1709233422.297413
298,1709233422.395478,1709233422.395483
299,1709233422.490437,1709233422.4904437
300,1709233422.5914493,1709233422.5914557
301,1709233422.6971078,1709233422.697112
302,1709233422.7907786,1709233422.790785
303,1709233422.8988733,1709233422.8988793
304,1709233422.9919703,1709233422.991976
305,1709233423.098357,1709233423.0983632
306,1709233423.1969445,1709233423.1969495
307,1709233423.2973967,1709233423.2974033
308,1709233423.3914146,1709233423.39142
309,1709233423.4918592,1709233423.4918652
310,1709233423.589776,1709233423.5897818
311,1709233423.6922066,1709233423.692212
312,1709233423.7929456,1709233423.7929518
313,1709233423.904521,1709233423.9045277
314,1709233423.9977794,1709233423.9977856
315,1709233424.0985823,1709233424.0985901
316,1709233424.192665,1709233424.192671
317,1709233424.2961292,1709233424.2961357
318,1709233424.3943748,1709233424.3943794
319,1709233424.4949348,1709233424.4949415
320,1709233424.592962,1709233424.5929677
321,1709233424.6904051,1709233424.6904101
322,1709233424.8117025,1709233424.8117092
323,1709233424.8905215,1709233424.8905385
324,1709233424.99255,1709233424.9925563
325,1709233425.0947206,1709233425.0947266
326,1709233425.1915848,1709233425.1915915
327,1709233425.2954314,1709233425.295438
328,1709233425.3934088,1709233425.3934164
329,1709233425.489868,1709233425.489874
330,1709233425.5935395,1709233425.593547
331,1709233425.6928716,1709233425.6928782
332,1709233425.7939336,1709233425.7939403
333,1709233425.898324,1709233425.8983302
334,1709233425.998237,1709233425.998243
335,1709233426.090518,1709233426.0905244
336,1709233426.1903381,1709233426.1903439
337,1709233426.2950962,1709233426.2951012
338,1709233426.3922808,1709233426.3922863
339,1709233426.4938626,1709233426.4938695
340,1709233426.5997925,1709233426.5997994
341,1709233426.694534,1709233426.6945424
342,1709233426.7903438,1709233426.7903478
343,1709233426.8920023,1709233426.8920083
344,1709233426.9919088,1709233426.991916
345,1709233427.091504,1709233427.0915108
346,1709233427.1953568,1709233427.195363
347,1709233427.2933145,1709233427.293321
348,1709233427.3961675,1709233427.3961792
349,1709233427.4947972,1709233427.4948034
350,1709233427.5915189,1709233427.5915253
351,1709233427.7000117,1709233427.7000172
352,1709233427.792393,1709233427.7923994
353,1709233427.8948336,1709233427.8948402
354,1709233427.9897497,1709233427.9897552
355,1709233428.0953653,1709233428.095371
356,1709233428.192779,1709233428.1927857
357,1709233428.295842,1709233428.2958481
358,1709233428.4069293,1709233428.4069345
359,1709233428.4958727,1709233428.49588
360,1709233428.5937333,1709233428.5937393
361,1709233428.6912858,1709233428.6912918
362,1709233428.799704,1709233428.7997098
363,1709233428.8942769,1709233428.8942833
364,1709233428.993574,1709233428.9935799
365,1709233429.0918767,1709233429.0918846
366,1709233429.1953485,1709233429.1953547
367,1709233429.2956345,1709233429.2956412
368,1709233429.3968184,1709233429.3968246
369,1709233429.4930906,1709233429.4930959
370,1709233429.5942822,1709233429.5942879
371,1709233429.693062,1709233429.6930676
372,1709233429.7920663,1709233429.7920735
373,1709233429.8902428,1709233429.8902485
374,1709233429.992564,1709233429.9925704
375,1709233430.093668,1709233430.093673
376,1709233430.1933198,1709233430.1933265
377,1709233430.2947147,1709233430.2947204
378,1709233430.3936121,1709233430.393619
379,1709233430.492426,1709233430.4924312
380,1709233430.5920994,1709233430.5921052
381,1709233430.6930346,1709233430.6930423
382,1709233430.79179,1709233430.7917962
383,1709233430.8943043,1709233430.8943093
384,1709233430.995754,1709233430.9957592
385,1709233431.098387,1709233431.0983942
386,1709233431.1950285,1709233431.1950347
387,1709233431.2948751,1709233431.2948837
388,1709233431.394304,1709233431.3943102
389,1709233431.4958885,1709233431.4958947
390,1709233431.5980036,1709233431.5980089
391,1709233431.694403,1709233431.6944077
392,1709233431.7916958,1709233431.7917025
393,1709233431.8907907,1709233431.8907962
394,1709233431.9946105,1709233431.994616
395,1709233432.0931616,1709233432.0931678
396,1709233432.1949694,1709233432.194975
397,1709233432.296376,1709233432.296383
398,1709233432.3944247,1709233432.3944304
399,1709233432.4904554,1709233432.490462
400,1709233432.594113,1709233432.5941231
401,1709233432.6917868,1709233432.6917932
402,1709233432.8044035,1709233432.8044095
403,1709233432.8917003,1709233432.8917065
404,1709233432.995884,1709233432.9958885
405,1709233433.099884,1709233433.09989
406,1709233433.195721,1709233433.1957276
407,1709233433.2971547,1709233433.2971609
408,1709233433.399884,1709233433.3998902
409,1709233433.493542,1709233433.493547
410,1709233433.5947807,1709233433.5947864
411,1709233433.694395,1709233433.694401
412,1709233433.795743,1709233433.795749
413,1709233433.8916597,1709233433.8916655
414,1709233433.995498,1709233433.9955056
415,1709233434.096368,1709233434.0963748
416,1709233434.2118988,1709233434.211905
417,1709233434.3072135,1709233434.3072207
418,1709233434.4034247,1709233434.4034305
419,1709233434.4999888,1709233434.4999945
420,1709233434.604603,1709233434.6046097
421,1709233434.7010217,1709233434.701028
422,1709233434.802807,1709233434.8028135
423,1709233434.8985915,1709233434.8985968
424,1709233435.009196,1709233435.0092025
425,1709233435.1034698,1709233435.103476
426,1709233435.2074964,1709233435.2075026
427,1709233435.299769,1709233435.299776
428,1709233435.4069278,1709233435.406934
429,1709233435.4979765,1709233435.497982
430,1709233435.590619,1709233435.5906253
431,1709233435.6983578,1709233435.698365
432,1709233435.7914634,1709233435.7914698
433,1709233435.8946178,1709233435.8946214
434,1709233435.993292,1709233435.9932961
435,1709233436.0934694,1709233436.0934768
436,1709233436.1969452,1709233436.1969504
437,1709233436.292318,1709233436.292324
438,1709233436.4033482,1709233436.403354
439,1709233436.4967554,1709233436.4967608
440,1709233436.592604,1709233436.5926101
441,1709233436.6986892,1709233436.6986983
442,1709233436.7941744,1709233436.7941787
443,1709233436.8949127,1709233436.8949187
444,1709233436.9929624,1709233436.9929676
445,1709233437.0974145,1709233437.0974197
446,1709233437.1967173,1709233437.1967225
447,1709233437.2987013,1709233437.2987092
448,1709233437.4081957,1709233437.408204
449,1709233437.4921327,1709233437.492138
450,1709233437.5939023,1709233437.5939085
451,1709233437.6989744,1709233437.6989815
452,1709233437.7992368,1709233437.7992425
453,1709233437.894083,1709233437.8940892
454,1709233437.9964097,1709233437.9964147
455,1709233438.0964139,1709233438.0964198
456,1709233438.191956,1709233438.1919599
457,1709233438.2950222,1709233438.2950277
458,1709233438.4005842,1709233438.400594
459,1709233438.4935212,1709233438.4935267
460,1709233438.594214,1709233438.594221
461,1709233438.691844,1709233438.691851
462,1709233438.8052378,1709233438.8052442
463,1709233438.8938322,1709233438.8938382
464,1709233438.9979866,1709233438.9979916
465,1709233439.100243,1709233439.1002512
466,1709233439.1921868,1709233439.1921954
467,1709233439.3019538,1709233439.301958
468,1709233439.396048,1709233439.396054
469,1709233439.497119,1709233439.4971242
470,1709233439.5982003,1709233439.5982075
471,1709233439.6956782,1709233439.695685
472,1709233439.799246,1709233439.7992542
473,1709233439.893501,1709233439.893506
474,1709233439.992717,1709233439.9927235
475,1709233440.09247,1709233440.0924764
476,1709233440.1927748,1709233440.1927805
477,1709233440.2920291,1709233440.292036
478,1709233440.3902113,1709233440.3902175
479,1709233440.4956906,1709233440.4956985
480,1709233440.5974443,1709233440.597449
481,1709233440.694253,1709233440.6942596
482,1709233440.7902436,1709233440.7902472
483,1709233440.9004076,1709233440.9004133
484,1709233440.996415,1709233440.9964542
485,1709233441.103596,1709233441.103607
486,1709233441.2038412,1709233441.203848
487,1709233441.2928417,1709233441.2928483
488,1709233441.394396,1709233441.3944018
489,1709233441.4994824,1709233441.499489
490,1709233441.595553,1709233441.595559
491,1709233441.7001922,1709233441.700201
492,1709233441.7917325,1709233441.7917378
493,1709233441.8961194,1709233441.896126
494,1709233442.0036936,1709233442.0037003
495,1709233442.0990994,1709233442.0991068
496,1709233442.193077,1709233442.1930826
497,1709233442.299756,1709233442.2997618
498,1709233442.4022028,1709233442.4022112
499,1709233442.4903436,1709233442.4903495
500,1709233442.591466,1709233442.5914702
501,1709233442.7066138,1709233442.7066216
502,1709233442.798095,1709233442.7981002
503,1709233442.9010253,1709233442.9010317
504,1709233442.997336,1709233442.9973428
505,1709233443.1089869,1709233443.108994
506,1709233443.1965728,1709233443.1965783
507,1709233443.292048,1709233443.292053
508,1709233443.3924117,1709233443.3924174
509,1709233443.4957058,1709233443.4957128
510,1709233443.591621,1709233443.5916429
511,1709233443.706008,1709233443.7060158
512,1709233443.7965443,1709233443.7965505
513,1709233443.901097,1709233443.901105
514,1709233443.9965947,1709233443.9966016
515,1709233444.1057332,1709233444.105738
516,1709233444.1950507,1709233444.1950595
517,1709233444.2993639,1709233444.2993696
518,1709233444.3976026,1709233444.3976088
519,1709233444.494189,1709233444.4941967
520,1709233444.601907,1709233444.6019144
521,1709233444.7028356,1709233444.7028415
522,1709233444.7990565,1709233444.7990608
523,1709233444.9003482,1709233444.9003534
524,1709233444.9943821,1709233444.9943905
525,1709233445.0919294,1709233445.0919354
526,1709233445.1938853,1709233445.193891
527,1709233445.3006232,1709233445.3006299
528,1709233445.3930979,1709233445.3931038
529,1709233445.4915493,1709233445.4915547
530,1709233445.5919695,1709233445.5919764
531,1709233445.705141,1709233445.7051475
532,1709233445.8006344,1709233445.8006403
533,1709233445.897975,1709233445.8979814
534,1709233445.9951785,1709233445.9951835
535,1709233446.0979996,1709233446.0980058
536,1709233446.196468,1709233446.1964748
537,1709233446.2929003,1709233446.2929058
538,1709233446.3943484,1709233446.3943539
539,1709233446.4967175,1709233446.496729
540,1709233446.5995326,1709233446.5995388
541,1709233446.697582,1709233446.6975873
542,1709233446.7967815,1709233446.7967865
543,1709233446.8973768,1709233446.8973827
544,1709233446.9926438,1709233446.9926522
545,1709233447.1000755,1709233447.100081
546,1709233447.1961198,1709233447.1961255
547,1709233447.2970788,1709233447.2970853
548,1709233447.3974102,1709233447.3974173
549,1709233447.4998875,1709233447.4998956
550,1709233447.5937424,1709233447.593749
551,1709233447.6997366,1709233447.6997426
552,1709233447.7967627,1709233447.7967677
553,1709233447.8964787,1709233447.896485
554,1709233448.0058649,1709233448.0058718
555,1709233448.1028883,1709233448.102895
556,1709233448.1924617,1709233448.1924675
557,1709233448.3022048,1709233448.302211
558,1709233448.3941267,1709233448.3941317
559,1709233448.4956675,1709233448.4956734
560,1709233448.5912855,1709233448.591291
561,1709233448.7026203,1709233448.7026248
562,1709233448.7963822,1709233448.7963889
563,1709233448.892288,1709233448.8922935
564,1709233448.9926572,1709233448.9926624
565,1709233449.0995836,1709233449.0995913
566,1709233449.1924198,1709233449.1924248
567,1709233449.2950962,1709233449.2951014
568,1709233449.395392,1709233449.3953972
569,1709233449.498347,1709233449.4983523
570,1709233449.590959,1709233449.5909648
571,1709233449.6938534,1709233449.6938596
572,1709233449.7992055,1709233449.7992108
573,1709233449.8979745,1709233449.89798
574,1709233450.0069108,1709233450.006916
575,1709233450.0981457,1709233450.098151
576,1709233450.201042,1709233450.2010496
577,1709233450.2970054,1709233450.297011
578,1709233450.392429,1709233450.3924353
579,1709233450.4951894,1709233450.4951966
580,1709233450.5986378,1709233450.5988343
581,1709233450.694165,1709233450.694172
582,1709233450.7939382,1709233450.7939441
583,1709233450.9042304,1709233450.904236
584,1709233451.0018997,1709233451.0019066
585,1709233451.0986164,1709233451.0986223
586,1709233451.197958,1709233451.1979635
587,1709233451.2935016,1709233451.2935078
588,1709233451.393867,1709233451.3938737
589,1709233451.5003927,1709233451.5003994
590,1709233451.59673,1709233451.5967374
591,1709233451.693026,1709233451.6930318
592,1709233451.7916722,1709233451.7916787
593,1709233451.9012766,1709233451.9012847
594,1709233451.998095,1709233451.9981008
595,1709233452.0975292,1709233452.097535
596,1709233452.1966262,1709233452.196632
597,1709233452.3011055,1709233452.3011131
598,1709233452.4088743,1709233452.4088798
599,1709233452.4951305,1709233452.495136
600,1709233452.5958133,1709233452.5958202
601,1709233452.6991894,1709233452.6991975
602,1709233452.7913976,1709233452.7914033
603,1709233452.8942313,1709233452.8942378
604,1709233452.9938967,1709233452.9939034
605,1709233453.0946052,1709233453.0946114
606,1709233453.200115,1709233453.2001207
607,1709233453.300118,1709233453.3001244
608,1709233453.4034855,1709233453.4034915
609,1709233453.867792,1709233453.8709233
610,1709233453.8786917,1709233453.8817294
611,1709233453.9022322,1709233453.9051208
612,1709233454.0017955,1709233454.0064065
613,1709233454.099754,1709233454.1056674
614,1709233454.19908,1709233454.2039976
615,1709233454.3000467,1709233454.3047786
616,1709233454.3965168,1709233454.4006085
617,1709233454.4905946,1709233454.497776
618,1709233454.5935893,1709233454.5979445
619,1709233454.6923802,1709233454.6972258
620,1709233454.79443,1709233454.7988594
621,1709233454.904139,1709233454.9092703
622,1709233454.9931762,1709233454.9980323
623,1709233455.0899673,1709233455.0948672
624,1709233455.1915996,1709233455.1955223
625,1709233455.2977571,1709233455.3022006
626,1709233455.3926425,1709233455.3996367
627,1709233455.5050566,1709233455.5173347
628,1709233455.5999088,1709233455.6146812
629,1709233455.699158,1709233455.7046952
630,1709233455.8061836,1709233455.8110237
631,1709233455.9005089,1709233455.909362
632,1709233455.9975393,1709233456.0038736
633,1709233456.1061547,1709233456.1111765
634,1709233456.1917846,1709233456.1978815
635,1709233456.2901282,1709233456.2951772
636,1709233456.3976521,1709233456.4055636
637,1709233456.4932647,1709233456.498169
638,1709233456.5911608,1709233456.5959573
639,1709233456.6947799,1709233456.6997252
640,1709233456.7941606,1709233456.7985225
641,1709233456.8974068,1709233456.902532
642,1709233456.9958355,1709233457.0008686
643,1709233457.095084,1709233457.1007242
644,1709233457.1917105,1709233457.1963873
645,1709233457.2940178,1709233457.301439
646,1709233457.3996913,1709233457.4097638
647,1709233457.5000358,1709233457.5036395
648,1709233457.593619,1709233457.5982487
649,1709233457.6963418,1709233457.7006645
650,1709233457.7913804,1709233457.796192
651,1709233457.8937118,1709233457.8983731
652,1709233457.9906802,1709233457.9955451
653,1709233458.094309,1709233458.0995498
654,1709233458.1908543,1709233458.1959975
655,1709233458.2981663,1709233458.303171
656,1709233458.3971136,1709233458.4015863
657,1709233458.5034857,1709233458.5085354
658,1709233458.5972214,1709233458.601945
659,1709233458.6951072,1709233458.700106
660,1709233458.793706,1709233458.7986865
661,1709233458.8910208,1709233458.9032805
662,1709233458.999521,1709233459.0064056
663,1709233459.104775,1709233459.1096203
664,1709233459.1949215,1709233459.2004912
665,1709233459.2921197,1709233459.297129
666,1709233459.3953664,1709233459.4016693
667,1709233459.4926648,1709233459.497765
668,1709233459.5926244,1709233459.6043253
669,1709233459.7013674,1709233459.70753
670,1709233459.7959104,1709233459.8010187
671,1709233459.9005187,1709233459.906086
672,1709233459.9999466,1709233460.0052702
673,1709233460.0949004,1709233460.100145
674,1709233460.1990883,1709233460.2054582
675,1709233460.2944984,1709233460.2994058
676,1709233460.3988187,1709233460.403962
677,1709233460.494553,1709233460.4978929
678,1709233460.594377,1709233460.598811
679,1709233460.7082183,1709233460.7139518
680,1709233460.7958443,1709233460.800568
681,1709233460.8963315,1709233460.9012074
682,1709233460.9939487,1709233460.9989195
683,1709233461.094534,1709233461.099388
684,1709233461.2075558,1709233461.21203
685,1709233461.2914531,1709233461.2963533
686,1709233461.3930042,1709233461.3980603
687,1709233461.4952939,1709233461.4993124
688,1709233461.6096952,1709233461.614023
689,1709233461.7013404,1709233461.7058692
690,1709233461.7934978,1709233461.798382
691,1709233461.8908377,1709233461.898452
692,1709233462.0055952,1709233462.0122035
693,1709233462.0982676,1709233462.1026187
694,1709233462.1950212,1709233462.1990628
695,1709233462.2995088,1709233462.3042185
696,1709233462.3967953,1709233462.4015985
697,1709233462.4926727,1709233462.497524
698,1709233462.591271,1709233462.5964808
699,1709233462.6946917,1709233462.6993642
700,1709233462.8023813,1709233462.8065777
701,1709233462.8904219,1709233462.8950298
702,1709233462.9968781,1709233463.0015414
703,1709233463.0981102,1709233463.1035082
704,1709233463.2013733,1709233463.206407
705,1709233463.2919483,1709233463.297371
706,1709233463.3970242,1709233463.402098
707,1709233463.4942057,1709233463.5008283
708,1709233463.6096213,1709233463.6151128
709,1709233463.705298,1709233463.7109222
710,1709233463.8005655,1709233463.8064432
711,1709233463.8963642,1709233463.9017754
712,1709233463.993781,1709233464.0002098
713,1709233464.1038754,1709233464.1094434
714,1709233464.1919758,1709233464.1972964
715,1709233464.2976532,1709233464.3026104
716,1709233464.3939214,1709233464.4036295
717,1709233464.4928145,1709233464.4979272
718,1709233464.5942674,1709233464.6026158
719,1709233464.6967986,1709233464.7035005
720,1709233464.7917671,1709233464.796775
721,1709233464.8944685,1709233464.8991976
722,1709233464.9989514,1709233465.003968
723,1709233465.0914564,1709233465.1003172
724,1709233465.1993399,1709233465.2046773
725,1709233465.2915914,1709233465.2997167
726,1709233465.3937745,1709233465.3985147
727,1709233465.499595,1709233465.5077925
728,1709233465.6079495,1709233465.6121063
729,1709233465.7019725,1709233465.7074423
730,1709233465.799514,1709233465.8036888
731,1709233465.8971684,1709233465.901624
732,1709233465.9943922,1709233465.9996488
733,1709233466.0964239,1709233466.1012518
734,1709233466.2025275,1709233466.2075882
735,1709233466.3016891,1709233466.306918
736,1709233466.3996668,1709233466.4049163
737,1709233466.4936526,1709233466.49747
738,1709233466.5985951,1709233466.6031783
739,1709233466.691519,1709233466.6965
740,1709233466.79408,1709233466.798758
741,1709233466.895795,1709233466.9008443
742,1709233466.9978204,1709233467.002967
743,1709233467.1056309,1709233467.1110215
744,1709233467.2005663,1709233467.2086976
745,1709233467.2958229,1709233467.300839
746,1709233467.3960314,1709233467.400581
747,1709233467.5052133,1709233467.510764
748,1709233467.6024427,1709233467.6096723
749,1709233467.697674,1709233467.7102437
750,1709233467.793614,1709233467.7994933
751,1709233467.896724,1709233467.9024556
752,1709233467.9986832,1709233468.0075564
753,1709233468.0928893,1709233468.0984492
754,1709233468.195976,1709233468.2009192
755,1709233468.2945476,1709233468.2997394
756,1709233468.39869,1709233468.4036548
757,1709233468.5103908,1709233468.516416
758,1709233468.5923493,1709233468.5975277
759,1709233468.696239,1709233468.7016532
760,1709233468.7964013,1709233468.8016694
761,1709233468.8934295,1709233468.8985755
762,1709233469.003609,1709233469.0082352
763,1709233469.0950365,1709233469.0999172
764,1709233469.201652,1709233469.2062848
765,1709233469.2917695,1709233469.296733
766,1709233469.40583,1709233469.4107783
767,1709233469.5012865,1709233469.512644
768,1709233469.6050808,1709233469.610264
769,1709233469.6992538,1709233469.704904
770,1709233469.797248,1709233469.8016489
771,1709233469.8917422,1709233469.896819
772,1709233469.9943054,1709233469.9989424
773,1709233470.0974984,1709233470.1024144
774,1709233470.1962113,1709233470.2003477
775,1709233470.3041968,1709233470.308512
776,1709233470.4036348,1709233470.4084594
777,1709233470.497325,1709233470.5019639
778,1709233470.5969396,1709233470.6022668
779,1709233470.6918683,1709233470.697861
780,1709233470.7998629,1709233470.8099754
781,1709233470.8950796,1709233470.90095
782,1709233470.9985824,1709233470.9985895
783,1709233471.1016738,1709233471.1016812
784,1709233471.2065341,1709233471.206544
785,1709233471.3013103,1709233471.3013177
786,1709233471.395314,1709233471.3953204
787,1709233471.501534,1709233471.501541
788,1709233471.599922,1709233471.5999296
789,1709233471.713085,1709233471.7130919
790,1709233471.805386,1709233471.8053935
791,1709233471.8907082,1709233471.8907151
792,1709233471.9986434,1709233471.9986527
793,1709233472.0941818,1709233472.0941894
794,1709233472.1962605,1709233472.1962674
795,1709233472.2934582,1709233472.2934651
796,1709233472.3913224,1709233472.391329
797,1709233472.500673,1709233472.50068
798,1709233472.6058397,1709233472.6058474
799,1709233472.6920927,1709233472.6920993
800,1709233472.8062413,1709233472.8062475
801,1709233472.903321,1709233472.9033313
802,1709233472.9962516,1709233472.9962568
803,1709233473.094563,1709233473.094571
804,1709233473.2011523,1709233473.20116
805,1709233473.2989306,1709233473.298938
806,1709233473.40278,1709233473.402787
807,1709233473.491423,1709233473.491429
808,1709233473.5939822,1709233473.5939887
809,1709233473.7072875,1709233473.7072937
810,1709233473.8031745,1709233473.8031814
811,1709233473.8914797,1709233473.891486
812,1709233473.9940505,1709233473.9940572
813,1709233474.0958402,1709233474.0958467
814,1709233474.1942852,1709233474.1942909
815,1709233474.3055713,1709233474.3055775
816,1709233474.4051344,1709233474.4051406
817,1709233474.4964702,1709233474.4964771
818,1709233474.6074631,1709233474.6074698
819,1709233474.701098,1709233474.701241
820,1709233474.795675,1709233474.7957332
821,1709233474.9002414,1709233474.9003198
822,1709233474.997347,1709233474.9974303
823,1709233475.1061978,1709233475.106248
824,1709233475.2011864,1709233475.2012818
825,1709233475.2970235,1709233475.2970743
826,1709233475.394949,1709233475.3949885
827,1709233475.5030015,1709233475.5030482
828,1709233475.6101289,1709233475.6101797
829,1709233475.6909375,1709233475.6910005
830,1709233475.7969582,1709233475.7970178
831,1709233475.9036183,1709233475.9036927
832,1709233476.0065334,1709233476.0065897
833,1709233476.0934334,1709233476.093484
834,1709233476.1998577,1709233476.199918
835,1709233476.2953744,1709233476.2954624
836,1709233476.3983986,1709233476.3985152
837,1709233476.4939554,1709233476.494043
838,1709233476.609485,1709233476.6095376
839,1709233476.6981537,1709233476.6982074
840,1709233476.792734,1709233476.7927897
841,1709233476.8972194,1709233476.8973594
842,1709233476.995655,1709233476.9958622
843,1709233477.1025724,1709233477.1026149
844,1709233477.1973517,1709233477.197419
845,1709233477.3057115,1709233477.3057919
846,1709233477.3982823,1709233477.3983283
847,1709233477.4914167,1709233477.4914658
848,1709233477.593505,1709233477.5937557
849,1709233477.7046478,1709233477.7046893
850,1709233477.7993069,1709233477.7993417
851,1709233477.9086747,1709233477.9087179
852,1709233477.997987,1709233477.9980175
853,1709233478.1078942,1709233478.107935
854,1709233478.202632,1709233478.2026782
855,1709233478.3011723,1709233478.3012192
856,1709233478.4006073,1709233478.4006493
857,1709233478.4935462,1709233478.4935925
858,1709233478.5963683,1709233478.5964155
859,1709233478.7038627,1709233478.703914
860,1709233478.7991078,1709233478.79938
861,1709233478.8997805,1709233478.8998835
862,1709233479.0047216,1709233479.0048122
863,1709233479.1000428,1709233479.1001294
864,1709233479.1996303,1709233479.1997135
865,1709233479.3105838,1709233479.3106556
866,1709233479.4017045,1709233479.4018414
867,1709233479.4942577,1709233479.4943566
868,1709233479.5980897,1709233479.598152
869,1709233479.69614,1709233479.6962316
870,1709233479.7964454,1709233479.7965324
871,1709233479.8999135,1709233479.8999598
872,1709233479.9931839,1709233479.993242
873,1709233480.0939095,1709233480.0939527
874,1709233480.2047,1709233480.2048056
875,1709233480.2968888,1709233480.2969406
876,1709233480.394352,1709233480.3944087
877,1709233480.499744,1709233480.4997869
878,1709233480.5939069,1709233480.5939567
879,1709233480.6984103,1709233480.6984642
880,1709233480.803024,1709233480.803065
881,1709233480.9030838,1709233480.9031334
882,1709233480.9949024,1709233480.9949868
883,1709233481.100088,1709233481.1001387
884,1709233481.1930785,1709233481.1931324
885,1709233481.2945836,1709233481.294723
886,1709233481.4038243,1709233481.4038765
887,1709233481.4924915,1709233481.4926205
888,1709233481.5988288,1709233481.598905
889,1709233481.6940286,1709233481.694076
890,1709233481.794085,1709233481.794131
891,1709233481.897437,1709233481.8974786
892,1709233481.9944985,1709233481.9945488
893,1709233482.0961893,1709233482.0962665
894,1709233482.2024698,1709233482.2025185
895,1709233482.295841,1709233482.2958875
896,1709233482.3959477,1709233482.3960161
897,1709233482.5020418,1709233482.5020897
898,1709233482.6024587,1709233482.6025045
899,1709233482.7044728,1709233482.7045245
900,1709233482.8092823,1709233482.8093357
901,1709233482.9004,1709233482.9004548
902,1709233483.007814,1709233483.0078635
903,1709233483.0950923,1709233483.0951707
904,1709233483.1946824,1709233483.1947296
905,1709233483.2972279,1709233483.2972736
906,1709233483.3978257,1709233483.3979177
907,1709233483.502382,1709233483.5024652
908,1709233483.5922742,1709233483.5923202
909,1709233483.7104962,1709233483.7105641
910,1709233483.8092558,1709233483.8093066
911,1709233483.9088492,1709233483.9089098
912,1709233484.001608,1709233484.001864
913,1709233484.103211,1709233484.1032555
914,1709233484.2094886,1709233484.209595
915,1709233484.305503,1709233484.3056083
916,1709233484.4029365,1709233484.402983
917,1709233484.500525,1709233484.5005774
918,1709233484.609066,1709233484.6091282
919,1709233484.704465,1709233484.7045166
920,1709233484.7995842,1709233484.7997363
921,1709233484.9170897,1709233484.91714
922,1709233485.0062602,1709233485.0063145
923,1709233485.093119,1709233485.0931976
924,1709233485.2009585,1709233485.2010112
925,1709233485.3033981,1709233485.3034477
926,1709233485.404215,1709233485.4042675
927,1709233485.5007012,1709233485.5007508
928,1709233485.5945663,1709233485.5946157
929,1709233485.7018507,1709233485.7018936
930,1709233485.7989578,1709233485.799027
931,1709233485.9030452,1709233485.9031303
932,1709233485.998653,1709233485.998692
933,1709233486.1003323,1709233486.1003754
934,1709233486.1972034,1709233486.1972504
935,1709233486.3099873,1709233486.3100574
936,1709233486.4056735,1709233486.4057326
937,1709233486.50158,1709233486.5017047
938,1709233486.596192,1709233486.5962465
939,1709233486.6979642,1709233486.6980333
940,1709233486.802957,1709233486.8030639
941,1709233486.893589,1709233486.893672
942,1709233486.9982352,1709233486.998321
943,1709233487.0971751,1709233487.0972598
944,1709233487.1951582,1709233487.1952674
945,1709233487.2989767,1709233487.2990832
946,1709233487.3970623,1709233487.3971493
947,1709233487.5060308,1709233487.5061162
948,1709233487.600622,1709233487.600742
949,1709233487.6971884,1709233487.6972902
950,1709233487.8094015,1709233487.8095036
951,1709233487.9040341,1709233487.9041421
952,1709233488.0012374,1709233488.0013292
953,1709233488.096642,1709233488.096735
954,1709233488.198367,1709233488.198533
955,1709233488.3039029,1709233488.3039913
956,1709233488.4010866,1709233488.401179
957,1709233488.5148144,1709233488.5149238
958,1709233488.6021564,1709233488.6022384
959,1709233488.7026904,1709233488.702779
960,1709233488.8027372,1709233488.8028214
961,1709233488.899035,1709233488.8991237
962,1709233488.9928014,1709233488.992891
963,1709233489.1059866,1709233489.1060643
964,1709233489.1953456,1709233489.1954288
965,1709233489.2908528,1709233489.2909398
966,1709233489.4032538,1709233489.4033415
967,1709233489.4912858,1709233489.4913688
968,1709233489.5935457,1709233489.5936453
969,1709233489.702292,1709233489.7023783
970,1709233489.8003812,1709233489.800466
971,1709233489.8999014,1709233489.9000056
972,1709233490.0011125,1709233490.001272
973,1709233490.0940866,1709233490.094173
974,1709233490.1944504,1709233490.1945488
975,1709233490.299572,1709233490.2996516
976,1709233490.3941376,1709233490.394222
977,1709233490.4995718,1709233490.4999366
978,1709233490.5942838,1709233490.5943673
979,1709233490.695144,1709233490.6952307
980,1709233490.7978303,1709233490.797926
981,1709233490.9016623,1709233490.9017582
982,1709233490.9920301,1709233490.9921138
983,1709233491.0962884,1709233491.0964115
984,1709233491.1936886,1709233491.1937795
985,1709233491.2929041,1709233491.2929714
986,1709233491.3909898,1709233491.3910577
987,1709233491.5008771,1709233491.5009592
988,1709233491.6058826,1709233491.605983
989,1709233491.6983995,1709233491.6984882
990,1709233491.793177,1709233491.7932665
991,1709233491.892418,1709233491.8925183
992,1709233492.0070498,1709233492.0071356
993,1709233492.1084032,1709233492.1084888
994,1709233492.2000878,1709233492.2001777
995,1709233492.3046632,1709233492.3047748
996,1709233492.3984714,1709233492.398567
997,1709233492.4984496,1709233492.498559
998,1709233492.593437,1709233492.593579
999,1709233492.693206,1709233492.6932955
1000,1709233492.7943451,1709233492.7944343
1001,1709233492.894109,1709233492.894191
1002,1709233493.0044494,1709233493.0045338
1003,1709233493.098309,1709233493.098396
1004,1709233493.191878,1709233493.192068
1005,1709233493.2917094,1709233493.2918286
1006,1709233493.4010305,1709233493.401101
1007,1709233493.4937718,1709233493.4938664
1008,1709233493.5998805,1709233493.5999763
1009,1709233493.692879,1709233493.6930087
1010,1709233493.8019414,1709233493.8020265
1011,1709233493.898908,1709233493.8989968
1012,1709233493.9982367,1709233493.9983306
1013,1709233494.0952556,1709233494.0954978
1014,1709233494.1928911,1709233494.1929815
1015,1709233494.3017373,1709233494.3018157
1016,1709233494.3974817,1709233494.3975358
1017,1709233494.4940095,1709233494.4940455
1018,1709233494.6000612,1709233494.6001022
1019,1709233494.7008028,1709233494.7008743
1020,1709233494.7962534,1709233494.7963479
1021,1709233494.8930237,1709233494.8931062
1022,1709233495.0004692,1709233495.0005162
1023,1709233495.0946534,1709233495.0947433
1024,1709233495.1911073,1709233495.1911554
1025,1709233495.2926457,1709233495.292694
1026,1709233495.3908358,1709233495.390886
1027,1709233495.4981241,1709233495.498203
1028,1709233495.60698,1709233495.6070275
1029,1709233495.7023156,1709233495.7023628
1030,1709233495.7993758,1709233495.799424
1031,1709233495.8926983,1709233495.8927457
1032,1709233495.9989924,1709233495.9990315
1033,1709233496.1005464,1709233496.1005993
1034,1709233496.203207,1709233496.2032547
1035,1709233496.3010955,1709233496.301179
1036,1709233496.402859,1709233496.4029095
1037,1709233496.5008883,1709233496.5009413
1038,1709233496.6008935,1709233496.6009405
1039,1709233496.7030246,1709233496.7031064
1040,1709233496.8005722,1709233496.8007174
1041,1709233496.8981419,1709233496.8982234
1042,1709233496.993565,1709233496.993617
1043,1709233497.0950851,1709233497.0951695
1044,1709233497.2035494,1709233497.2036295
1045,1709233497.3105614,1709233497.3107777
1046,1709233497.3964648,1709233497.3965547
1047,1709233497.495444,1709233497.4955459
1048,1709233497.5959682,1709233497.5999863
1049,1709233497.69404,1709233497.6941328
1050,1709233497.7997715,1709233497.7998617
1051,1709233497.8947277,1709233497.8948226
1052,1709233498.0020146,1709233498.0021389
1053,1709233498.109914,1709233498.1099975
1054,1709233498.1974869,1709233498.197655
1055,1709233498.2992263,1709233498.2992744
1056,1709233498.3981194,1709233498.3981674
1057,1709233498.4950767,1709233498.4951608
1058,1709233498.600033,1709233498.6001675
1059,1709233498.6941142,1709233498.6941936
1060,1709233498.8008888,1709233498.800972
1061,1709233498.8989956,1709233498.8990757
1062,1709233499.004716,1709233499.004798
1063,1709233499.0977385,1709233499.0978484
1064,1709233499.20191,1709233499.2022672
1065,1709233499.3025432,1709233499.302627
1066,1709233499.4052258,1709233499.4052598
1067,1709233499.4971433,1709233499.4972286
1068,1709233499.5942366,1709233499.5943127
1069,1709233499.6977708,1709233499.697825
1070,1709233499.7999852,1709233499.8000684
1071,1709233499.8945932,1709233499.8946657
1072,1709233499.994572,1709233499.9946232
1073,1709233500.0917447,1709233500.0917933
1074,1709233500.2040837,1709233500.204134
1075,1709233500.2972555,1709233500.2972941
1076,1709233500.3920155,1709233500.3920665
1077,1709233500.4941485,1709233500.4942203
1078,1709233500.5907648,1709233500.5908155
1079,1709233500.6983073,1709233500.6983716
1080,1709233500.7935996,1709233500.7936354
1081,1709233500.9000962,1709233500.9001706
1082,1709233501.0019195,1709233501.0019612
1083,1709233501.0913212,1709233501.0913966
1084,1709233501.2043376,1709233501.2043834
1085,1709233501.2937403,1709233501.293785
1086,1709233501.3967788,1709233501.3968368
1087,1709233501.4902747,1709233501.490351
1088,1709233501.6086595,1709233501.6087086
1089,1709233501.6986682,1709233501.6987212
1090,1709233501.794079,1709233501.7941496
1091,1709233501.8947663,1709233501.8948543
1092,1709233502.0104527,1709233502.0106068
1093,1709233502.0989306,1709233502.0989914
1094,1709233502.1973102,1709233502.1973634
1095,1709233502.2947352,1709233502.2947848
1096,1709233502.398296,1709233502.3983352
1097,1709233502.4956381,1709233502.4956715
1098,1709233502.6004758,1709233502.6005301
1099,1709233502.7005942,1709233502.700647
1100,1709233502.794018,1709233502.7941022
1101,1709233502.893837,1709233502.8938878
1102,1709233503.0001826,1709233503.0002408
1103,1709233503.0986142,1709233503.0986733
1104,1709233503.1926777,1709233503.1927135
1105,1709233503.302799,1709233503.3028483
1106,1709233503.3960714,1709233503.3961263
1107,1709233503.496908,1709233503.4969897
1108,1709233503.607394,1709233503.607457
1109,1709233503.6972995,1709233503.6973903
1110,1709233503.791317,1709233503.7913928
1111,1709233503.9029706,1709233503.9030144
1112,1709233503.9910645,1709233503.9911244
1113,1709233504.0976944,1709233504.0978072
1114,1709233504.2055278,1709233504.2056186
1115,1709233504.2990773,1709233504.2991374
1116,1709233504.3940344,1709233504.3941193
1117,1709233504.4968474,1709233504.496921
1118,1709233504.6059353,1709233504.605979
1119,1709233504.7006314,1709233504.700711
1120,1709233504.7975395,1709233504.7975903
1121,1709233504.8962727,1709233504.896336
1122,1709233505.0048163,1709233505.004861
1123,1709233505.0901017,1709233505.0901494
1124,1709233505.1927595,1709233505.1927958
1125,1709233505.2918565,1709233505.2919064
1126,1709233505.390267,1709233505.3903413
1127,1709233505.500697,1709233505.5008018
1128,1709233505.6049926,1709233505.6050327
1129,1709233505.694781,1709233505.69486
1130,1709233505.7925992,1709233505.7926826
1131,1709233505.8968265,1709233505.8968809
1132,1709233505.9978485,1709233505.9978938
1133,1709233506.099786,1709233506.0998425
1134,1709233506.2017524,1709233506.2017891
1135,1709233506.2922735,1709233506.2923243
1136,1709233506.3992329,1709233506.3992941
1137,1709233506.4908319,1709233506.4909153
1138,1709233506.6007895,1709233506.6008809
1139,1709233506.6998725,1709233506.699918
1140,1709233506.790695,1709233506.7907393
1141,1709233506.8939354,1709233506.8939817
1142,1709233506.991686,1709233506.9917684
1143,1709233507.0959866,1709233507.096071
1144,1709233507.2008271,1709233507.2008812
1145,1709233507.292675,1709233507.2927575
1146,1709233507.3939598,1709233507.3940053
1147,1709233507.4933321,1709233507.4933956
1148,1709233507.603448,1709233507.6034942
1149,1709233507.7007883,1709233507.7008607
1150,1709233507.8038688,1709233507.8039796
1151,1709233507.8936856,1709233507.893737
1152,1709233508.0021539,1709233508.002202
1153,1709233508.0927892,1709233508.0928311
1154,1709233508.1910787,1709233508.1911287
1155,1709233508.2930002,1709233508.2930465
1156,1709233508.3955164,1709233508.3955681
1157,1709233508.4955657,1709233508.4956024
1158,1709233508.5945947,1709233508.5946467
1159,1709233508.697763,1709233508.6978204
1160,1709233508.7907481,1709233508.790796
1161,1709233508.9060771,1709233508.9061859
1162,1709233508.9985173,1709233508.9985719
1163,1709233509.0974476,1709233509.0977166
1164,1709233509.2051408,1709233509.2052293
1165,1709233509.3037584,1709233509.3038812
1166,1709233509.4027054,1709233509.402791
1167,1709233509.499716,1709233509.4998088
1168,1709233509.6057105,1709233509.6057937
1169,1709233509.7000716,1709233509.70014
1170,1709233509.804685,1709233509.8048174
1171,1709233509.899746,1709233509.8998291
1172,1709233509.9947135,1709233509.9947784
1173,1709233510.0973277,1709233510.0974422
1174,1709233510.1937678,1709233510.1938517
1175,1709233510.2954865,1709233510.2955728
1176,1709233510.3974955,1709233510.3975878
1177,1709233510.497446,1709233510.4975243
1178,1709233510.5995023,1709233510.5996048
1179,1709233510.6931508,1709233510.693239
1180,1709233510.7971559,1709233510.7973151
1181,1709233510.8925617,1709233510.8926487
1182,1709233511.002131,1709233511.002213
1183,1709233511.1012201,1709233511.1013186
1184,1709233511.2055156,1709233511.2056
1185,1709233511.3158207,1709233511.3159177
1186,1709233511.4039598,1709233511.404044
1187,1709233511.5020757,1709233511.5021565
1188,1709233511.6115315,1709233511.6116204
1189,1709233511.7047586,1709233511.7048378
1190,1709233511.8047638,1709233511.8048542
1191,1709233511.9035158,1709233511.9036012
1192,1709233512.0007117,1709233512.0007963
1193,1709233512.1005545,1709233512.1006382
1194,1709233512.192963,1709233512.1930497
1195,1709233512.3067753,1709233512.3068604
1196,1709233512.4011064,1709233512.4011936
1197,1709233512.498505,1709233512.4985998
1198,1709233512.6004844,1709233512.6005595
1199,1709233512.6973498,1709233512.6974332
1200,1709233512.7907257,1709233512.790795
1201,1709233512.8962724,1709233512.8963587
1202,1709233512.9959037,1709233512.9959908
1203,1709233513.0998464,1709233513.0999262
1204,1709233513.2039013,1709233513.2039502
1205,1709233513.2959476,1709233513.2959986
1206,1709233513.408397,1709233513.4084508
1207,1709233513.496272,1709233513.4965885
1208,1709233513.5954998,1709233513.5955522
1209,1709233513.7004848,1709233513.7005265
1210,1709233513.8041177,1709233513.8041694
1211,1709233513.9045792,1709233513.904616
1212,1709233513.999067,1709233513.9991195
1213,1709233514.0951211,1709233514.0951807
1214,1709233514.1996584,1709233514.1997132
1215,1709233514.3067203,1709233514.3068016
1216,1709233514.4019208,1709233514.4019573
1217,1709233514.4997773,1709233514.4998517
1218,1709233514.592847,1709233514.5928986
1219,1709233514.7114642,1709233514.7115192
1220,1709233514.818609,1709233514.818686
1221,1709233514.9048274,1709233514.904873
1222,1709233515.0117753,1709233515.0118484
1223,1709233515.1064556,1709233515.1065028
1224,1709233515.2011595,1709233515.2012339
1225,1709233515.2973907,1709233515.2974288
1226,1709233515.3928719,1709233515.392916
1227,1709233515.4961162,1709233515.4961624
1228,1709233515.5941427,1709233515.59422
1229,1709233515.7003083,1709233515.700392
1230,1709233515.794328,1709233515.7944005
1231,1709233515.9012592,1709233515.9013245
1232,1709233515.9947581,1709233515.9948955
1233,1709233516.0975919,1709233516.0976973
1234,1709233516.2050033,1709233516.2050858
1235,1709233516.2983234,1709233516.298423
1236,1709233516.3961852,1709233516.396268
1237,1709233516.491094,1709233516.4911795
1238,1709233516.6085541,1709233516.60865
1239,1709233516.7003868,1709233516.700472
1240,1709233516.7915866,1709233516.7916708
1241,1709233516.8994756,1709233516.899549
1242,1709233517.0016158,1709233517.0017025
1243,1709233517.106578,1709233517.1066725
1244,1709233517.1945543,1709233517.194624
1245,1709233517.2978127,1709233517.2978954
1246,1709233517.3948298,1709233517.3949199
1247,1709233517.4991543,1709233517.4992034
1248,1709233517.600341,1709233517.6004157
1249,1709233517.7005553,1709233517.7006102
1250,1709233517.8022685,1709233517.8023202
1251,1709233517.8976338,1709233517.8976836
1252,1709233517.9989424,1709233517.9989803
1253,1709233518.093022,1709233518.0930758
1254,1709233518.191771,1709233518.1918247
1255,1709233518.2944453,1709233518.2945042
1256,1709233518.393316,1709233518.3933694
1257,1709233518.4910545,1709233518.4911218
1258,1709233518.5975816,1709233518.597665
1259,1709233518.690945,1709233518.6909926
1260,1709233518.7911308,1709233518.7911768
1261,1709233518.9002252,1709233518.9002776
1262,1709233518.9992247,1709233518.9992752
1263,1709233519.1026692,1709233519.102733
1264,1709233519.1927683,1709233519.192821
1265,1709233519.2960396,1709233519.296112
1266,1709233519.399937,1709233519.3999875
1267,1709233519.4967277,1709233519.496774
1268,1709233519.5973818,1709233519.5974293
1269,1709233519.6989486,1709233519.6989996
1270,1709233519.8026826,1709233519.8027442
1271,1709233519.8949168,1709233519.8950057
1272,1709233519.9961424,1709233519.9962025
1273,1709233520.091175,1709233520.0912943
1274,1709233520.200467,1709233520.2005382
1275,1709233520.305149,1709233520.3051975
1276,1709233520.4004562,1709233520.4004974
1277,1709233520.4937153,1709233520.493803
1278,1709233520.6008992,1709233520.6009774
1279,1709233520.7015767,1709233520.701631
1280,1709233520.7939618,1709233520.794016
1281,1709233520.8938198,1709233520.8939285
1282,1709233520.9985657,1709233520.998616
1283,1709233521.092694,1709233521.0927398
1284,1709233521.2018394,1709233521.2019572
1285,1709233521.2997746,1709233521.2998128
1286,1709233521.3948445,1709233521.3948984
1287,1709233521.4995368,1709233521.4995875
1288,1709233521.5961154,1709233521.5962026
1289,1709233521.690956,1709233521.6910384
1290,1709233521.8034608,1709233521.8035445
1291,1709233521.8988657,1709233521.8989947
1292,1709233521.9964,1709233521.9964814
1293,1709233522.096625,1709233522.0967107
1294,1709233522.1954024,1709233522.1954834
1295,1709233522.295635,1709233522.2957191
1296,1709233522.3923361,1709233522.3925345
1297,1709233522.492136,1709233522.4922137
1298,1709233522.6032553,1709233522.6033533
1299,1709233522.6927361,1709233522.6928282
1300,1709233522.796334,1709233522.7964027
1301,1709233522.8913553,1709233522.8914366
1302,1709233522.9961922,1709233522.9962633
1303,1709233523.1037571,1709233523.1038463
1304,1709233523.2061164,1709233523.206169
1305,1709233523.296949,1709233523.2969973
1306,1709233523.4014988,1709233523.4016185
1307,1709233523.5013719,1709233523.5014262
1308,1709233523.596955,1709233523.5970228
1309,1709233523.7047381,1709233523.7047899
1310,1709233523.793826,1709233523.793871
1311,1709233523.8998709,1709233523.8999221
1312,1709233523.9969237,1709233523.9970014
1313,1709233524.103988,1709233524.1040423
1314,1709233524.200189,1709233524.2002678
1315,1709233524.30602,1709233524.306099
1316,1709233524.3999946,1709233524.4000733
1317,1709233524.5030634,1709233524.5031414
1318,1709233524.5899994,1709233524.5900645
1319,1709233524.695864,1709233524.695913
1320,1709233524.7966425,1709233524.796694
1321,1709233524.8903322,1709233524.8903975
1322,1709233524.991041,1709233524.9910836
1323,1709233525.0984118,1709233525.098461
1324,1709233525.1963758,1709233525.1964276
1325,1709233525.3017118,1709233525.3017685
1326,1709233525.4089487,1709233525.4090276
1327,1709233525.5006983,1709233525.5007493
1328,1709233525.5931747,1709233525.5932415
1329,1709233525.6959908,1709233525.6960585
1330,1709233525.799904,1709233525.7999961
1331,1709233525.8999457,1709233525.9001203
1332,1709233526.003815,1709233526.0038998
1333,1709233526.1052837,1709233526.1053479
1334,1709233526.2018762,1709233526.2019622
1335,1709233526.303547,1709233526.303635
1336,1709233526.4034035,1709233526.4035056
1337,1709233526.5039954,1709233526.5041547
1338,1709233526.6001754,1709233526.6002996
1339,1709233526.6978137,1709233526.6979
1340,1709233526.7993555,1709233526.7994719
1341,1709233526.8991485,1709233526.8992946
1342,1709233526.9942315,1709233526.9943163
1343,1709233527.107744,1709233527.1079297
1344,1709233527.1908631,1709233527.1909492
1345,1709233527.2959998,1709233527.2960823
1346,1709233527.394987,1709233527.3950882
1347,1709233527.4957676,1709233527.4958475
1348,1709233527.5972164,1709233527.597304
1349,1709233527.6938384,1709233527.6939251
1350,1709233527.8028572,1709233527.8029482
1351,1709233527.905887,1709233527.9059746
1352,1709233528.0006044,1709233528.0006938
1353,1709233528.0982826,1709233528.0983672
1354,1709233528.1974444,1709233528.197587
1355,1709233528.296916,1709233528.2969887
1356,1709233528.404254,1709233528.4043438
1357,1709233528.4960394,1709233528.4961238
1358,1709233528.596393,1709233528.5965211
1359,1709233528.7029796,1709233528.7030647
1360,1709233528.792963,1709233528.793046
1361,1709233528.9002178,1709233528.90035
1362,1709233528.9955294,1709233528.9956205
1363,1709233529.1004927,1709233529.1005852
1364,1709233529.198356,1709233529.198438
1365,1709233529.2909033,1709233529.2909956
1366,1709233529.4015276,1709233529.4016054
1367,1709233529.4988136,1709233529.498945
1368,1709233529.5948904,1709233529.5949564
1369,1709233529.6956668,1709233529.6957629
1370,1709233529.802765,1709233529.802844
1371,1709233529.898346,1709233529.8984308
1372,1709233529.9974833,1709233529.9975512
1373,1709233530.1038358,1709233530.1039183
1374,1709233530.1951883,1709233530.1952684
1375,1709233530.2950826,1709233530.2951717
1376,1709233530.398792,1709233530.3992171
1377,1709233530.495389,1709233530.4954734
1378,1709233530.5957394,1709233530.5958662
1379,1709233530.6909866,1709233530.6910856
1380,1709233530.7901697,1709233530.790255
1381,1709233530.8988478,1709233530.89893
1382,1709233531.001324,1709233531.0014052
1383,1709233531.0993345,1709233531.0994217
1384,1709233531.192834,1709233531.1929283
1385,1709233531.3049061,1709233531.3050442
1386,1709233531.4012954,1709233531.4013925
1387,1709233531.496336,1709233531.4964197
1388,1709233531.5928733,1709233531.592938
1389,1709233531.6912458,1709233531.6913702
1390,1709233531.7990537,1709233531.7991374
1391,1709233531.9065616,1709233531.9067304
1392,1709233532.0011437,1709233532.00123
1393,1709233532.0988705,1709233532.0989726
1394,1709233532.1948006,1709233532.1948695
1395,1709233532.291708,1709233532.2917948
1396,1709233532.3995187,1709233532.399604
1397,1709233532.499243,1709233532.4993145
1398,1709233532.649872,1709233532.6499975
1399,1709233532.6962702,1709233532.6963522
1400,1709233532.793313,1709233532.7934096
1401,1709233532.9046788,1709233532.9047852
1402,1709233532.9913764,1709233532.9914665
1403,1709233533.1012986,1709233533.101412
1404,1709233533.1955433,1709233533.1956284
1405,1709233533.2988162,1709233533.2991524
1406,1709233533.3972511,1709233533.3973382
1407,1709233533.4956994,1709233533.4957867
1408,1709233533.5908313,1709233533.5909586
1409,1709233533.695865,1709233533.6960015
1410,1709233533.7970557,1709233533.7971444
1411,1709233533.894785,1709233533.8948545
1412,1709233533.998467,1709233533.9985573
1413,1709233534.0944068,1709233534.0944922
1414,1709233534.1987588,1709233534.198856
1415,1709233534.299825,1709233534.2999048
1416,1709233534.3950236,1709233534.395117
1417,1709233534.4951503,1709233534.4952338
1418,1709233534.5937216,1709233534.5938241
1419,1709233534.696407,1709233534.696493
1420,1709233534.79852,1709233534.798599
1421,1709233534.9051573,1709233534.9052463
1422,1709233534.9978669,1709233534.9979584
1423,1709233535.0971346,1709233535.0972319
1424,1709233535.2072127,1709233535.2073228
1425,1709233535.2939992,1709233535.2941484
1426,1709233535.400055,1709233535.4001393
1427,1709233535.4943566,1709233535.4944687
1428,1709233535.5981178,1709233535.5982165
1429,1709233535.6972978,1709233535.6973803
1430,1709233535.8063357,1709233535.806408
1431,1709233535.8978062,1709233535.8979976
1432,1709233535.994428,1709233535.994499
1433,1709233536.0948853,1709233536.0949664
1434,1709233536.20739,1709233536.2074847
1435,1709233536.2949903,1709233536.2950675
1436,1709233536.39726,1709233536.3973794
1437,1709233536.4903598,1709233536.4904537
1438,1709233536.5949786,1709233536.5950608
1439,1709233536.701453,1709233536.7015398
1440,1709233536.7953913,1709233536.795484
1441,1709233536.897868,1709233536.8979502
1442,1709233536.9909227,1709233536.9910321
1443,1709233537.0901153,1709233537.0901816
1444,1709233537.1957164,1709233537.1957994
1445,1709233537.2989829,1709233537.2990716
1446,1709233537.3959181,1709233537.3960028
1447,1709233537.4916801,1709233537.491926
1448,1709233537.598989,1709233537.5990744
1449,1709233537.6988704,1709233537.6989543
1450,1709233537.7923956,1709233537.7925224
1451,1709233537.893265,1709233537.8933458
1452,1709233537.992475,1709233537.9925663
1453,1709233538.0928102,1709233538.0928948
1454,1709233538.204435,1709233538.2045271
1455,1709233538.2974207,1709233538.2975101
1456,1709233538.3958519,1709233538.3959353
1457,1709233538.496221,1709233538.4963179
1458,1709233538.5936258,1709233538.593728
1459,1709233538.694409,1709233538.6944952
1460,1709233538.7958403,1709233538.7959352
1461,1709233538.8964045,1709233538.8965635
1462,1709233538.9991724,1709233538.9992378
1463,1709233539.0968275,1709233539.0969288
1464,1709233539.1969187,1709233539.1970077
1465,1709233539.2910225,1709233539.2911127
1466,1709233539.3958259,1709233539.3959143
1467,1709233539.4907656,1709233539.4908535
1468,1709233539.5962577,1709233539.5963323
1469,1709233539.6927855,1709233539.6928728
1470,1709233539.7947454,1709233539.7948337
1471,1709233539.893965,1709233539.8940504
1472,1709233540.008577,1709233540.0086553
1473,1709233540.1004353,1709233540.1005213
1474,1709233540.1998923,1709233540.2000256
1475,1709233540.3079453,1709233540.308026
1476,1709233540.4006994,1709233540.4008057
1477,1709233540.5008903,1709233540.5009756
1478,1709233540.5954468,1709233540.5955315
1479,1709233540.6928918,1709233540.6929765
1480,1709233540.796169,1709233540.7963057
1481,1709233540.8919756,1709233540.89206
1482,1709233540.9997256,1709233540.9998033
1483,1709233541.1037917,1709233541.103884
1484,1709233541.205281,1709233541.2053516
1485,1709233541.2951248,1709233541.2952218
1486,1709233541.392062,1709233541.3921402
1487,1709233541.5015776,1709233541.5017576
1488,1709233541.5933812,1709233541.5934615
1489,1709233541.6908333,1709233541.6909177
1490,1709233541.794939,1709233541.795017
1491,1709233541.90058,1709233541.9013548
1492,1709233541.997291,1709233541.997377
1493,1709233542.1077716,1709233542.1078627
1494,1709233542.1909583,1709233542.191048
1495,1709233542.305406,1709233542.3055022
1496,1709233542.3930671,1709233542.3931527
1497,1709233542.4999385,1709233542.5000463
1498,1709233542.6019337,1709233542.6020172
1499,1709233542.695753,1709233542.6958442
1500,1709233542.7969346,1709233542.7970166
1501,1709233542.8951764,1709233542.8952577
1502,1709233542.999841,1709233542.9999292
1503,1709233543.0909016,1709233543.0909822
1504,1709233543.198308,1709233543.1983924
1505,1709233543.300481,1709233543.3005679
1506,1709233543.3938243,1709233543.394016
1507,1709233543.5046165,1709233543.5047026
1508,1709233543.594776,1709233543.5948732
1509,1709233543.6992524,1709233543.699421
1510,1709233543.799373,1709233543.7994711
1511,1709233543.9021516,1709233543.9021997
1512,1709233543.997788,1709233543.997844
1513,1709233544.0955238,1709233544.0955677
1514,1709233544.1946867,1709233544.1947494
1515,1709233544.29764,1709233544.2977087
1516,1709233544.3962348,1709233544.3962936
1517,1709233544.4901469,1709233544.4902172
1518,1709233544.595577,1709233544.5956607
1519,1709233544.695959,1709233544.696033
1520,1709233544.8023489,1709233544.8023984
1521,1709233544.9010768,1709233544.9011154
1522,1709233544.996435,1709233544.996476
1523,1709233545.0941305,1709233545.0941699
1524,1709233545.195741,1709233545.1957936
1525,1709233545.2975578,1709233545.2976046
1526,1709233545.3954198,1709233545.395496
1527,1709233545.4947948,1709233545.4948416
1528,1709233545.5912588,1709233545.591309
1529,1709233545.7035363,1709233545.703623
1530,1709233545.8013468,1709233545.8013937
1531,1709233545.8949964,1709233545.8950882
1532,1709233545.9959848,1709233545.9960563
1533,1709233546.0957665,1709233546.0958269
1534,1709233546.1960416,1709233546.196084
1535,1709233546.2952678,1709233546.295275
1536,1709233546.4000313,1709233546.400039
1537,1709233546.4912457,1709233546.4912522
1538,1709233546.5904126,1709233546.590419
1539,1709233546.6934977,1709233546.693506
1540,1709233546.7979505,1709233546.7979567
1541,1709233546.8961782,1709233546.896184
1542,1709233546.9989154,1709233546.9989214
1543,1709233547.1000824,1709233547.1000924
1544,1709233547.2071185,1709233547.2071233
1545,1709233547.3050776,1709233547.3050842
1546,1709233547.3904054,1709233547.390412
1547,1709233547.4898334,1709233547.4898376
1548,1709233547.5953963,1709233547.5954049
1549,1709233547.696662,1709233547.6966681
1550,1709233547.7983916,1709233547.798398
1551,1709233547.891676,1709233547.8916826
1552,1709233548.001712,1709233548.0017185
1553,1709233548.099642,1709233548.099648
1554,1709233548.1966329,1709233548.196637
1555,1709233548.2984636,1709233548.3036695
1556,1709233548.3986113,1709233548.403554
1557,1709233548.5009532,1709233548.5048501
1558,1709233548.602583,1709233548.607248
1559,1709233548.7049081,1709233548.7098055
1560,1709233548.7932537,1709233548.7978916
1561,1709233548.8985372,1709233548.902062
1562,1709233548.9924417,1709233548.9971864
1563,1709233549.0970447,1709233549.1018968
1564,1709233549.1908162,1709233549.1956375
1565,1709233549.2917054,1709233549.2964957
1566,1709233549.3981717,1709233549.4032881
1567,1709233549.4950778,1709233549.500025
1568,1709233549.5962594,1709233549.6009154
1569,1709233549.6909811,1709233549.6970994
1570,1709233549.792713,1709233549.801191
1571,1709233549.8945048,1709233549.899207
1572,1709233549.9924152,1709233549.997475
1573,1709233550.0952833,1709233550.1002278
1574,1709233550.190753,1709233550.1938546
1575,1709233550.2945075,1709233550.2996564
1576,1709233550.3947933,1709233550.3982718
1577,1709233550.4945073,1709233550.4987016
1578,1709233550.6046355,1709233550.6087692
1579,1709233550.693886,1709233550.699162
1580,1709233550.7943304,1709233550.7979238
1581,1709233550.8918798,1709233550.8971407
1582,1709233550.9949765,1709233551.0001764
1583,1709233551.0919068,1709233551.0963266
1584,1709233551.1995726,1709233551.205326
1585,1709233551.2908611,1709233551.2953298
1586,1709233551.390835,1709233551.3958552
1587,1709233551.4931748,1709233551.4988103
1588,1709233551.594315,1709233551.5992224
1589,1709233551.6916242,1709233551.7001846
1590,1709233551.7942967,1709233551.8014867
1591,1709233551.8913655,1709233551.896717
1592,1709233551.9928322,1709233551.9974685
1593,1709233552.0971203,1709233552.102186
1594,1709233552.1930652,1709233552.1965601
1595,1709233552.2912133,1709233552.296241
1596,1709233552.4011428,1709233552.4069707
1597,1709233552.4942155,1709233552.4993808
1598,1709233552.5932167,1709233552.5961769
1599,1709233552.6912272,1709233552.6967475
1600,1709233552.7930896,1709233552.7980895
1601,1709233552.8930786,1709233552.8978536
1602,1709233552.9952307,1709233553.0003388
1603,1709233553.0980067,1709233553.1069152
1604,1709233553.1901755,1709233553.1950195
1605,1709233553.2912505,1709233553.2966404
1606,1709233553.3935857,1709233553.398762
1607,1709233553.4904742,1709233553.4939575
1608,1709233553.5968723,1709233553.6017528
1609,1709233553.6964562,1709233553.7021976
1610,1709233553.795509,1709233553.800705
1611,1709233553.893209,1709233553.897977
1612,1709233553.9898615,1709233553.996073
1613,1709233554.092612,1709233554.1002102
1614,1709233554.1931372,1709233554.2014132
1615,1709233554.2949696,1709233554.3003812
1616,1709233554.3926687,1709233554.3972766
1617,1709233554.497556,1709233554.5023348
1618,1709233554.5958192,1709233554.6009128
1619,1709233554.6972103,1709233554.7028198
1620,1709233554.7926636,1709233554.7974885
1621,1709233554.8976905,1709233554.9041948
1622,1709233554.9903042,1709233554.9952211
1623,1709233555.0946527,1709233555.0994956
1624,1709233555.1972377,1709233555.2023342
1625,1709233555.292265,1709233555.29779
1626,1709233555.4015162,1709233555.407168
1627,1709233555.5048122,1709233555.509403
1628,1709233555.5935452,1709233555.597134
1629,1709233555.6942763,1709233555.7002406
1630,1709233555.7969236,1709233555.8030207
1631,1709233555.8959293,1709233555.8993704
1632,1709233555.9985213,1709233556.0063877
1633,1709233556.09187,1709233556.0969272
1634,1709233556.194209,1709233556.1994174
1635,1709233556.2909772,1709233556.2953856
1636,1709233556.3976026,1709233556.4026191
1637,1709233556.5122514,1709233556.516994
1638,1709233556.6024394,1709233556.6088789
1639,1709233556.6989136,1709233556.7039783
1640,1709233556.7974374,1709233556.8027072
1641,1709233556.8954816,1709233556.9021306
1642,1709233556.990592,1709233556.995268
1643,1709233557.091442,1709233557.0949934
1644,1709233557.193129,1709233557.1979513
1645,1709233557.2918317,1709233557.2959719
1646,1709233557.3981636,1709233557.4035769
1647,1709233557.49448,1709233557.4994972
1648,1709233557.5920463,1709233557.597033
1649,1709233557.6944175,1709233557.6988857
1650,1709233557.7940638,1709233557.7989717
1651,1709233557.8901322,1709233557.8950293
1652,1709233557.9943485,1709233557.9986205
1653,1709233558.0965369,1709233558.1026664
1654,1709233558.190444,1709233558.195493
1655,1709233558.2979443,1709233558.3025398
1656,1709233558.3948948,1709233558.399589
1657,1709233558.4955156,1709233558.5027463
1658,1709233558.5900116,1709233558.594945
1659,1709233558.692155,1709233558.696896
1660,1709233558.7921627,1709233558.797152
1661,1709233558.889605,1709233558.894401
1662,1709233558.9902833,1709233558.9943287
1663,1709233559.0951998,1709233559.1001747
1664,1709233559.198338,1709233559.203789
1665,1709233559.2967067,1709233559.3015027
1666,1709233559.3952527,1709233559.3999343
1667,1709233559.4941812,1709233559.49934
1668,1709233559.5949643,1709233559.5994253
1669,1709233559.6920104,1709233559.697412
1670,1709233559.7912817,1709233559.7958245
1671,1709233559.890225,1709233559.8954537
1672,1709233559.993532,1709233559.9986942
1673,1709233560.0989778,1709233560.1032643
1674,1709233560.2054715,1709233560.210928
1675,1709233560.2963321,1709233560.3003635
1676,1709233560.3918903,1709233560.3967896
1677,1709233560.4923368,1709233560.4960413
1678,1709233560.596764,1709233560.6019256
1679,1709233560.6940951,1709233560.6997287
1680,1709233560.7926905,1709233560.797254
1681,1709233560.8967202,1709233560.90218
1682,1709233560.998313,1709233561.0047746
1683,1709233561.0920897,1709233561.0966733
1684,1709233561.1918492,1709233561.197037
1685,1709233561.291256,1709233561.2971792
1686,1709233561.3942575,1709233561.4017942
1687,1709233561.494036,1709233561.4996111
1688,1709233561.6009498,1709233561.605617
1689,1709233561.6961715,1709233561.702244
1690,1709233561.7912717,1709233561.8021362
1691,1709233561.8967865,1709233561.9061668
1692,1709233561.9934723,1709233561.9992833
1693,1709233562.092174,1709233562.0996726
1694,1709233562.1910532,1709233562.195627
1695,1709233562.296182,1709233562.3016598
1696,1709233562.398272,1709233562.4034746
1697,1709233562.496825,1709233562.5012617
1698,1709233562.5970733,1709233562.6022923
1699,1709233562.6913075,1709233562.7000694
1700,1709233562.7947464,1709233562.7998366
1701,1709233562.8976874,1709233562.9032128
1702,1709233563.0002036,1709233563.0050735
1703,1709233563.091336,1709233563.096182
1704,1709233563.1942518,1709233563.198522
1705,1709233563.2934408,1709233563.2983778
1706,1709233563.3911676,1709233563.39584
1707,1709233563.4912736,1709233563.4964163
1708,1709233563.59142,1709233563.5964835
1709,1709233563.6900444,1709233563.694844
1710,1709233563.7911882,1709233563.7963338
1711,1709233563.8955286,1709233563.9009125
1712,1709233564.0036252,1709233564.0087483
1713,1709233564.092889,1709233564.0979621
1714,1709233564.1959553,1709233564.1996863
1715,1709233564.2948167,1709233564.2996097
1716,1709233564.3903315,1709233564.39555
1717,1709233564.4911325,1709233564.4956093
1718,1709233564.595372,1709233564.600523
1719,1709233564.6921442,1709233564.6986082
1720,1709233564.7939324,1709233564.7987425
1721,1709233564.8964047,1709233564.903423
1722,1709233564.993816,1709233565.0003912
1723,1709233565.0957103,1709233565.101734
1724,1709233565.1961904,1709233565.2020986
1725,1709233565.2972236,1709233565.3026898
1726,1709233565.3919938,1709233565.3970916
1727,1709233565.5000167,1709233565.5060663
1728,1709233565.5942662,1709233565.6001346
1729,1709233565.6907017,1709233565.6955447
1730,1709233565.7982154,1709233565.8032444
1731,1709233565.8915684,1709233565.8965364
1732,1709233565.9930935,1709233565.9976087
1733,1709233566.098285,1709233566.1030698
1734,1709233566.1950927,1709233566.200036
1735,1709233566.2931118,1709233566.2979674
1736,1709233566.4030318,1709233566.4078996
1737,1709233566.4958017,1709233566.5014184
1738,1709233566.597729,1709233566.6038918
1739,1709233566.69789,1709233566.702817
1740,1709233566.797772,1709233566.8027897
1741,1709233566.894965,1709233566.9026897
1742,1709233566.9953156,1709233566.9999263
1743,1709233567.0905714,1709233567.0947104
1744,1709233567.1934419,1709233567.201033
1745,1709233567.2941525,1709233567.2987819
1746,1709233567.3951771,1709233567.3995228
1747,1709233567.494533,1709233567.4987679
1748,1709233567.5952218,1709233567.5999248
1749,1709233567.695516,1709233567.699245
1750,1709233567.800322,1709233567.8061852
1751,1709233567.8962493,1709233567.9033103
1752,1709233567.9903278,1709233567.9949067
1753,1709233568.0939581,1709233568.0989168
1754,1709233568.1963084,1709233568.2013264
1755,1709233568.2907062,1709233568.2957165
1756,1709233568.3920383,1709233568.3965275
1757,1709233568.496435,1709233568.4995952
1758,1709233568.591597,1709233568.5965638
1759,1709233568.6925879,1709233568.6977918
1760,1709233568.7951758,1709233568.8012037
1761,1709233568.8957744,1709233568.902503
1762,1709233569.0008233,1709233569.0073485
1763,1709233569.1121032,1709233569.1185985
1764,1709233569.1972513,1709233569.2054245
1765,1709233569.3003716,1709233569.3074014
1766,1709233569.4036229,1709233569.4089437
1767,1709233569.4946032,1709233569.4998362
1768,1709233569.5993183,1709233569.6052995
1769,1709233569.6966717,1709233569.7002854
1770,1709233569.800212,1709233569.804441
1771,1709233569.8954203,1709233569.8996866
1772,1709233569.9949005,1709233570.0000775
1773,1709233570.100095,1709233570.1052995
1774,1709233570.194709,1709233570.2009099
1775,1709233570.2923923,1709233570.2962174
1776,1709233570.4007916,1709233570.406553
1777,1709233570.4938939,1709233570.4981844
1778,1709233570.59344,1709233570.5985398
1779,1709233570.696072,1709233570.7012436
1780,1709233570.7993155,1709233570.8046446
1781,1709233570.8939965,1709233570.898648
1782,1709233571.0001166,1709233571.0063596
1783,1709233571.098925,1709233571.1032727
1784,1709233571.2060747,1709233571.2103834
1785,1709233571.2995608,1709233571.3039484
1786,1709233571.4004574,1709233571.4004629
1787,1709233571.4908128,1709233571.4908197
1788,1709233571.5953932,1709233571.5953991
1789,1709233571.6996748,1709233571.6996818
1790,1709233571.7969918,1709233571.7969973
1791,1709233571.8930874,1709233571.8930936
1792,1709233572.0093005,1709233572.0093067
1793,1709233572.1017594,1709233572.101819
1794,1709233572.199685,1709233572.199692
1795,1709233572.2982838,1709233572.2982907
1796,1709233572.3941379,1709233572.3941453
1797,1709233572.495317,1709233572.4953227
1798,1709233572.5960581,1709233572.596064
1799,1709233572.6956434,1709233572.695649
1800,1709233572.8027313,1709233572.8027427
1801,1709233572.907374,1709233572.9073815
1802,1709233572.9985113,1709233572.998519
1803,1709233573.091728,1709233573.0917354
1804,1709233573.1949975,1709233573.195005
1805,1709233573.2986703,1709233573.2986782
1806,1709233573.3930967,1709233573.3931038
1807,1709233573.5056584,1709233573.5056648
1808,1709233573.6038344,1709233573.60384
1809,1709233573.6983886,1709233573.6983957
1810,1709233573.7926238,1709233573.7926283
1811,1709233573.8962893,1709233573.8962958
1812,1709233574.0025485,1709233574.0025551
1813,1709233574.0997396,1709233574.0997467
1814,1709233574.1997857,1709233574.1997924
1815,1709233574.3032246,1709233574.3032308
1816,1709233574.3970695,1709233574.3970776
1817,1709233574.508461,1709233574.5084672
1818,1709233574.594651,1709233574.5946565
1819,1709233574.6996925,1709233574.6996996
1820,1709233574.792272,1709233574.7922792
1821,1709233574.9027627,1709233574.902771
1822,1709233574.992199,1709233574.9922051
1823,1709233575.0953124,1709233575.095318
1824,1709233575.1941767,1709233575.1941822
1825,1709233575.290842,1709233575.2908485
1826,1709233575.402364,1709233575.4023728
1827,1709233575.4940927,1709233575.4940996
1828,1709233575.603609,1709233575.6036148
1829,1709233575.692901,1709233575.6929069
1830,1709233575.7925947,1709233575.7926016
1831,1709233575.9009485,1709233575.900957
1832,1709233575.9975417,1709233575.997547
1833,1709233576.1043813,1709233576.1043873
1834,1709233576.1958234,1709233576.195829
1835,1709233576.2947478,1709233576.2947543
1836,1709233576.3906198,1709233576.3906271
1837,1709233576.5035036,1709233576.5035155
1838,1709233576.5966454,1709233576.5966518
1839,1709233576.6977408,1709233576.697747
1840,1709233576.7953155,1709233576.795321
1841,1709233576.8969486,1709233576.8969548
1842,1709233577.000228,1709233577.000234
1843,1709233577.0999072,1709233577.0999146
1844,1709233577.199591,1709233577.199598
1845,1709233577.2978718,1709233577.2978795
1846,1709233577.3926165,1709233577.3926222
1847,1709233577.495023,1709233577.4950302
1848,1709233577.6051812,1709233577.60519
1849,1709233577.6935158,1709233577.6935232
1850,1709233577.7948647,1709233577.7948709
1851,1709233577.8998842,1709233577.9005628
1852,1709233577.9939134,1709233577.9939203
1853,1709233578.095979,1709233578.0959866
1854,1709233578.1944225,1709233578.1944282
1855,1709233578.3045702,1709233578.304574
1856,1709233578.3956017,1709233578.3956084
1857,1709233578.499626,1709233578.499632
1858,1709233578.5972292,1709233578.597235
1859,1709233578.6949747,1709233578.6950247
1860,1709233578.8034878,1709233578.8034987
1861,1709233578.8961535,1709233578.8961592
1862,1709233579.0029325,1709233579.0029392
1863,1709233579.0974865,1709233579.0974927
1864,1709233579.19971,1709233579.1997163
1865,1709233579.2960742,1709233579.2960799
1866,1709233579.3927052,1709233579.3927104
1867,1709233579.500379,1709233579.5003853
1868,1709233579.5963056,1709233579.596311
1869,1709233579.6940975,1709233579.6941037
1870,1709233579.7937095,1709233579.7937155
1871,1709233579.891505,1709233579.8915107
1872,1709233580.007634,1709233580.0076406
1873,1709233580.0990343,1709233580.099041
1874,1709233580.2072427,1709233580.2072504
1875,1709233580.3013425,1709233580.3013508
1876,1709233580.3938367,1709233580.3938434
1877,1709233580.503959,1709233580.5039666
1878,1709233580.6078188,1709233580.6078262
1879,1709233580.6980345,1709233580.6980405
1880,1709233580.8031242,1709233580.80313
1881,1709233580.8972492,1709233580.8972545
1882,1709233580.9987767,1709233580.9987826
1883,1709233581.095271,1709233581.0952773
1884,1709233581.1940844,1709233581.1940935
1885,1709233581.3052378,1709233581.305246
1886,1709233581.3946176,1709233581.3946242
1887,1709233581.4922576,1709233581.492265
1888,1709233581.5966702,1709233581.5966778
1889,1709233581.6964147,1709233581.6964211
1890,1709233581.812001,1709233581.8120072
1891,1709233581.9090574,1709233581.9090698
1892,1709233581.9975028,1709233581.997508
1893,1709233582.0953946,1709233582.0954003
1894,1709233582.196335,1709233582.196341
1895,1709233582.3022678,1709233582.3022745
1896,1709233582.3944507,1709233582.3944569
1897,1709233582.502497,1709233582.5025043
1898,1709233582.5919542,1709233582.5919611
1899,1709233582.6965523,1709233582.696559
1900,1709233582.7967196,1709233582.796726
1901,1709233582.8993027,1709233582.8993094
1902,1709233583.0026171,1709233583.0026243
1903,1709233583.103317,1709233583.1033237
1904,1709233583.1991751,1709233583.1991801
1905,1709233583.303442,1709233583.3034494
1906,1709233583.39284,1709233583.3928468
1907,1709233583.500665,1709233583.5006716
1908,1709233583.597123,1709233583.5971296
1909,1709233583.6986954,1709233583.6987004
1910,1709233583.7946343,1709233583.7946413
1911,1709233583.8986843,1709233583.8986905
1912,1709233583.9972885,1709233583.9972987
1913,1709233584.1011386,1709233584.1011448
1914,1709233584.1979895,1709233584.1979976
1915,1709233584.2934995,1709233584.2935061
1916,1709233584.395799,1709233584.3958044
1917,1709233584.501375,1709233584.5013838
1918,1709233584.5952008,1709233584.5952063
1919,1709233584.7059922,1709233584.7059987
1920,1709233584.7974381,1709233584.7974439
1921,1709233584.8933494,1709233584.8933556
1922,1709233584.9995215,1709233584.9995291
1923,1709233585.102071,1709233585.1020796
1924,1709233585.21029,1709233585.2102973
1925,1709233585.30289,1709233585.302897
1926,1709233585.4029813,1709233585.4029872
1927,1709233585.507072,1709233585.507079
1928,1709233585.6054833,1709233585.6054902
1929,1709233586.1810238,1709233586.1810393
1930,1709233586.1943796,1709233586.1943858
1931,1709233586.2065964,1709233586.206602
1932,1709233586.3062115,1709233586.3062174
1933,1709233586.4081802,1709233586.4081862
1934,1709233586.496364,1709233586.496371
1935,1709233586.6066635,1709233586.6066678
1936,1709233586.7093585,1709233586.7093642
1937,1709233586.7958348,1709233586.7958407
1938,1709233586.895769,1709233586.8957794
1939,1709233586.9960098,1709233586.9960158
1940,1709233587.0968387,1709233587.0968466
1941,1709233587.2085366,1709233587.2085435
1942,1709233587.2950683,1709233587.2950742
1943,1709233587.3963382,1709233587.3963435
1944,1709233587.4982288,1709233587.4982343
1945,1709233587.60266,1709233587.602667
1946,1709233587.702496,1709233587.7025042
1947,1709233587.797891,1709233587.7978969
1948,1709233587.895969,1709233587.8959765
1949,1709233587.9962366,1709233587.996245
1950,1709233588.1010826,1709233588.1010888
1951,1709233588.1952746,1709233588.1952808
1952,1709233588.3104177,1709233588.3104258
1953,1709233588.3976364,1709233588.3976433
1954,1709233588.4969664,1709233588.4969733
1955,1709233588.6060011,1709233588.6060078
1956,1709233588.7004116,1709233588.700418
1957,1709233588.80939,1709233588.8093977
1958,1709233588.8959022,1709233588.8959079
1959,1709233588.991953,1709233588.9919598
1960,1709233589.0980642,1709233589.0980718
1961,1709233589.1954997,1709233589.1955073
1962,1709233589.2986495,1709233589.2986567
1963,1709233589.3976507,1709233589.3976579
1964,1709233589.4968257,1709233589.4968338
1965,1709233589.5933812,1709233589.593388
1966,1709233589.6959376,1709233589.6959438
1967,1709233589.7955735,1709233589.7955804
1968,1709233589.897728,1709233589.8977337
1969,1709233589.9957848,1709233589.995791
1970,1709233590.1053843,1709233590.105391
1971,1709233590.2006404,1709233590.2006474
1972,1709233590.3067453,1709233590.3067517
1973,1709233590.4006846,1709233590.4006908
1974,1709233590.4933243,1709233590.4933312
1975,1709233590.6067617,1709233590.60677
1976,1709233590.7068648,1709233590.706872
1977,1709233590.799866,1709233590.7998729
1978,1709233590.8982148,1709233590.8982205
1979,1709233590.9961128,1709233590.9961195
1980,1709233591.1015968,1709233591.101602
1981,1709233591.2056377,1709233591.2056432
1982,1709233591.2948086,1709233591.294814
1983,1709233591.4002035,1709233591.400211
1984,1709233591.49771,1709233591.497715
1985,1709233591.5954134,1709233591.595421
1986,1709233591.7014244,1709233591.7014346
1987,1709233591.79033,1709233591.790337
1988,1709233591.9042797,1709233591.904288
1989,1709233592.0072,1709233592.007207
1990,1709233592.1059988,1709233592.106006
1991,1709233592.210683,1709233592.2106917
1992,1709233592.2945955,1709233592.294603
1993,1709233592.3998015,1709233592.3998077
1994,1709233592.5103662,1709233592.5103736
1995,1709233592.5962732,1709233592.5962799
1996,1709233592.6989834,1709233592.6989906
1997,1709233592.810392,1709233592.8103979
1998,1709233592.9063034,1709233592.9063122
1999,1709233592.9956026,1709233592.995608
2000,1709233593.094706,1709233593.0947134
2001,1709233593.1944616,1709233593.1944685
2002,1709233593.3067603,1709233593.3067677
2003,1709233593.3971,1709233593.3971062
2004,1709233593.4982505,1709233593.498258
2005,1709233593.601688,1709233593.601695
2006,1709233593.6970577,1709233593.6970646
2007,1709233593.7950866,1709233593.7950926
2008,1709233593.9000962,1709233593.9001033
2009,1709233593.9973824,1709233593.9973927
2010,1709233594.102369,1709233594.1033769
2011,1709233594.2082975,1709233594.2083018
2012,1709233594.303935,1709233594.3039417
2013,1709233594.4039874,1709233594.4040005
2014,1709233594.499633,1709233594.4996397
2015,1709233594.6064668,1709233594.6064775
2016,1709233594.7001905,1709233594.700196
2017,1709233594.7966557,1709233594.7966611
2018,1709233594.8952272,1709233594.895234
2019,1709233594.9967816,1709233594.996788
2020,1709233595.0949693,1709233595.094975
2021,1709233595.1924126,1709233595.1924188
2022,1709233595.2962832,1709233595.2962883
2023,1709233595.3961356,1709233595.3961415
2024,1709233595.4939148,1709233595.493921
2025,1709233595.6017144,1709233595.6017215
2026,1709233595.6979136,1709233595.6979196
2027,1709233595.8040202,1709233595.8040295
2028,1709233595.896021,1709233595.896027
2029,1709233596.002325,1709233596.0023322
2030,1709233596.0982459,1709233596.0982535
2031,1709233596.1981215,1709233596.1981301
2032,1709233596.3008,1709233596.3008072
2033,1709233596.3946157,1709233596.3946238
2034,1709233596.4999492,1709233596.4999561
2035,1709233596.5936112,1709233596.5936174
2036,1709233596.709474,1709233596.7094803
2037,1709233596.805967,1709233596.8059738
2038,1709233596.8901815,1709233596.8901877
2039,1709233596.9974637,1709233596.9974678
2040,1709233597.101495,1709233597.1015034
2041,1709233597.1979809,1709233597.19799
2042,1709233597.2947989,1709233597.294806
2043,1709233597.4069843,1709233597.4069986
2044,1709233597.495056,1709233597.4950619
2045,1709233597.59579,1709233597.5957973
2046,1709233597.6902697,1709233597.690275
2047,1709233597.7925534,1709233597.7925603
2048,1709233597.9109604,1709233597.9109678
2049,1709233598.0008693,1709233598.0008771
2050,1709233598.0962586,1709233598.0962656
2051,1709233598.195919,1709233598.195925
2052,1709233598.2951908,1709233598.2951987
2053,1709233598.391832,1709233598.391839
2054,1709233598.5047798,1709233598.504786
2055,1709233598.6048179,1709233598.604825
2056,1709233598.6995294,1709233598.6995351
2057,1709233598.7984087,1709233598.7984157
2058,1709233598.9043741,1709233598.9043818
2059,1709233599.0130644,1709233599.0130713
2060,1709233599.095558,1709233599.0955653
2061,1709233599.2035763,1709233599.203583
2062,1709233599.2950523,1709233599.2950573
2063,1709233599.4031968,1709233599.403203
2064,1709233599.4994388,1709233599.4994445
2065,1709233599.6067882,1709233599.6067939
2066,1709233599.6971638,1709233599.6971724
2067,1709233599.791429,1709233599.7914355
2068,1709233599.8970814,1709233599.897089
2069,1709233599.9935358,1709233599.9935422
2070,1709233600.0974386,1709233600.0974445
2071,1709233600.202178,1709233600.2021837
2072,1709233600.292991,1709233600.2929947
2073,1709233600.3958743,1709233600.395881
2074,1709233600.4924316,1709233600.492438
2075,1709233600.6019912,1709233600.6019976
2076,1709233600.69441,1709233600.6944163
2077,1709233600.8011827,1709233600.8011894
2078,1709233600.8984933,1709233600.8985019
2079,1709233601.01544,1709233601.0154474
2080,1709233601.0978398,1709233601.0978482
2081,1709233601.2067113,1709233601.206719
2082,1709233601.3033757,1709233601.3033836
2083,1709233601.4034736,1709233601.40348
2084,1709233601.5168839,1709233601.5168912
2085,1709233601.6026635,1709233601.6026692
2086,1709233601.7025542,1709233601.7025602
2087,1709233601.7946134,1709233601.7946224
2088,1709233601.904814,1709233601.9048214
2089,1709233601.9991355,1709233601.9991455
2090,1709233602.104766,1709233602.1047726
2091,1709233602.2003891,1709233602.2003956
2092,1709233602.295144,1709233602.2951496
2093,1709233602.4050186,1709233602.4050252
2094,1709233602.5026805,1709233602.5026865
2095,1709233602.5968606,1709233602.5968683
2096,1709233602.7015805,1709233602.701587
2097,1709233602.8019438,1709233602.8019516
2098,1709233602.893629,1709233602.893635
2099,1709233602.995038,1709233602.9950774
2100,1709233603.0962179,1709233603.0962265
2101,1709233603.2010326,1709233603.2010386
2102,1709233603.3007014,1709233603.300707
2103,1709233603.4046578,1709233603.4046643
2104,1709233603.5000443,1709233603.5000505
2105,1709233603.594642,1709233603.5946484
2106,1709233603.7006931,1709233603.700699
2107,1709233603.7988195,1709233603.798827
2108,1709233603.8978274,1709233603.897833
2109,1709233603.9994774,1709233603.999485
2110,1709233604.09041,1709233604.090416
2111,1709233604.2011304,1709233604.2011383
2112,1709233604.294606,1709233604.2946138
2113,1709233604.396013,1709233604.3960195
2114,1709233604.4991531,1709233604.4991605
2115,1709233604.5980499,1709233604.5980554
2116,1709233604.7013395,1709233604.7013466
2117,1709233604.8025877,1709233604.8025951
2118,1709233604.8935804,1709233604.8935862
2119,1709233604.9985354,1709233604.998542
2120,1709233605.0923202,1709233605.0923274
2121,1709233605.195789,1709233605.1957955
2122,1709233605.3077078,1709233605.3077135
2123,1709233605.40605,1709233605.4060562
2124,1709233605.5049288,1709233605.5049334
2125,1709233605.5993483,1709233605.5993557
2126,1709233605.6969264,1709233605.696933
2127,1709233605.7964182,1709233605.7964242
2128,1709233605.8997226,1709233605.8997297
2129,1709233606.0034366,1709233606.003444
2130,1709233606.0934439,1709233606.0934513
2131,1709233606.1912427,1709233606.1912491
2132,1709233606.2949991,1709233606.295005
2133,1709233606.3925493,1709233606.3925557
2134,1709233606.496522,1709233606.496529
2135,1709233606.6094406,1709233606.6094468
2136,1709233606.6994433,1709233606.6994486
2137,1709233606.7951713,1709233606.7951775
2138,1709233606.8995974,1709233606.899603
2139,1709233606.9930289,1709233606.993035
2140,1709233607.09836,1709233607.0983658
2141,1709233607.1984546,1709233607.1984599
2142,1709233607.2910318,1709233607.2910378
2143,1709233607.3912473,1709233607.3912537
2144,1709233607.495843,1709233607.4958482
2145,1709233607.6043093,1709233607.604316
2146,1709233607.691735,1709233607.691741
2147,1709233607.793049,1709233607.7930548
2148,1709233607.8924196,1709233607.892426
2149,1709233608.0032654,1709233608.003271
2150,1709233608.096253,1709233608.0962586
2151,1709233608.2066953,1709233608.206701
2152,1709233608.3069735,1709233608.30698
2153,1709233608.3924277,1709233608.3924346
2154,1709233608.507643,1709233608.5076504
2155,1709233608.5994601,1709233608.5994685
2156,1709233608.693363,1709233608.6933692
2157,1709233608.7999845,1709233608.7999902
2158,1709233608.8971853,1709233608.8971922
2159,1709233608.9962943,1709233608.9963002
2160,1709233609.0961938,1709233609.0961995
2161,1709233609.1949265,1709233609.19493
2162,1709233609.3077493,1709233609.3077557
2163,1709233609.3919034,1709233609.3919117
2164,1709233609.4955237,1709233609.4955313
2165,1709233609.5987675,1709233609.5987766
2166,1709233609.698349,1709233609.6983538
2167,1709233609.7974908,1709233609.7974994
2168,1709233609.9026601,1709233609.9026687
2169,1709233609.99292,1709233609.9929261
2170,1709233610.0980198,1709233610.098026
2171,1709233610.195918,1709233610.1959243
2172,1709233610.2938428,1709233610.293847
2173,1709233610.3940616,1709233610.3940682
2174,1709233610.4910493,1709233610.4910548
2175,1709233610.5919657,1709233610.591973
2176,1709233610.690767,1709233610.6907735
2177,1709233610.7970693,1709233610.7970774
2178,1709233610.8927133,1709233610.892722
2179,1709233610.9927614,1709233610.9927688
2180,1709233611.092391,1709233611.092397
2181,1709233611.1950903,1709233611.1950974
2182,1709233611.2920947,1709233611.2921016
2183,1709233611.395023,1709233611.395029
2184,1709233611.4933984,1709233611.4935207
2185,1709233611.5948567,1709233611.5949044
2186,1709233611.6938233,1709233611.6938658
2187,1709233611.7938273,1709233611.7939053
2188,1709233611.8976543,1709233611.8977497
2189,1709233611.9936624,1709233611.9937396
2190,1709233612.0939434,1709233612.094
2191,1709233612.1964312,1709233612.196481
2192,1709233612.294868,1709233612.2949138
2193,1709233612.3910546,1709233612.3910995
2194,1709233612.494317,1709233612.4943714
2195,1709233612.5975018,1709233612.5975804
2196,1709233612.695784,1709233612.695869
2197,1709233612.79334,1709233612.7934196
2198,1709233612.8939416,1709233612.8939946
2199,1709233612.9943404,1709233612.9944336
2200,1709233613.0933514,1709233613.0934353
2201,1709233613.19919,1709233613.1992612
2202,1709233613.2924578,1709233613.2925224
2203,1709233613.3973365,1709233613.3973954
2204,1709233613.494494,1709233613.4945467
2205,1709233613.5900574,1709233613.5901036
2206,1709233613.6910768,1709233613.6911237
2207,1709233613.79031,1709233613.790361
2208,1709233613.8899117,1709233613.8899605
2209,1709233613.9989514,1709233613.999006
2210,1709233614.093548,1709233614.0936215
2211,1709233614.1919458,1709233614.1920245
2212,1709233614.2923524,1709233614.292403
2213,1709233614.3954349,1709233614.3954864
2214,1709233614.4983082,1709233614.4983833
2215,1709233614.599557,1709233614.599612
2216,1709233614.694549,1709233614.6945941
2217,1709233614.7909935,1709233614.791048
2218,1709233614.891186,1709233614.8912728
2219,1709233614.996688,1709233614.9967468
2220,1709233615.0967054,1709233615.0967562
2221,1709233615.1927872,1709233615.1928334
2222,1709233615.2905817,1709233615.2906375
2223,1709233615.3934767,1709233615.393518
2224,1709233615.4904542,1709233615.4905226
2225,1709233615.5938745,1709233615.593922
2226,1709233615.698378,1709233615.6984289
2227,1709233615.7996883,1709233615.7997682
2228,1709233615.890977,1709233615.8910713
2229,1709233615.9947035,1709233615.9947863
2230,1709233616.0925944,1709233616.092647
2231,1709233616.1912413,1709233616.1912944
2232,1709233616.290335,1709233616.2904203
2233,1709233616.3906167,1709233616.3906946
2234,1709233616.4944654,1709233616.4945002
2235,1709233616.5960727,1709233616.5961246
2236,1709233616.6909838,1709233616.6910322
2237,1709233616.7967243,1709233616.796775
2238,1709233616.8951068,1709233616.8951492
2239,1709233616.990894,1709233616.9909751
2240,1709233617.0926564,1709233617.0927138
2241,1709233617.1958532,1709233617.1959083
2242,1709233617.2928038,1709233617.292855
2243,1709233617.395134,1709233617.395243
2244,1709233617.4934807,1709233617.4935598
2245,1709233617.5978231,1709233617.597875
2246,1709233617.692121,1709233617.6922083
2247,1709233617.794297,1709233617.794343
2248,1709233617.8974235,1709233617.8974736
2249,1709233617.9960506,1709233617.9960966
2250,1709233618.0947185,1709233618.094757
2251,1709233618.1922834,1709233618.192335
2252,1709233618.2920873,1709233618.292135
2253,1709233618.3931396,1709233618.393189
2254,1709233618.4916515,1709233618.4917724
2255,1709233618.5937984,1709233618.5938525
2256,1709233618.6966617,1709233618.6967347
2257,1709233618.7950776,1709233618.795158
2258,1709233618.8972967,1709233618.897391
2259,1709233618.9970834,1709233618.9971702
2260,1709233619.096878,1709233619.096964
2261,1709233619.1947572,1709233619.1948578
2262,1709233619.2948697,1709233619.2949505
2263,1709233619.3942976,1709233619.3943906
2264,1709233619.4949944,1709233619.4950817
2265,1709233619.598662,1709233619.598746
2266,1709233619.69386,1709233619.693936
2267,1709233619.7942717,1709233619.794349
2268,1709233619.89643,1709233619.8964853
2269,1709233619.9930477,1709233619.9930995
2270,1709233620.0944088,1709233620.094462
2271,1709233620.1997015,1709233620.1997736
2272,1709233620.2937822,1709233620.2938337
2273,1709233620.391604,1709233620.3916514
2274,1709233620.4977448,1709233620.4978297
2275,1709233620.5972188,1709233620.5972912
2276,1709233620.6945806,1709233620.6946352
2277,1709233620.7953563,1709233620.7954023
2278,1709233620.8928459,1709233620.8929174
2279,1709233620.9922473,1709233620.9922976
2280,1709233621.0930505,1709233621.0930986
2281,1709233621.195233,1709233621.19527
2282,1709233621.2923934,1709233621.292477
2283,1709233621.3902595,1709233621.3903081
2284,1709233621.492297,1709233621.4923449
2285,1709233621.595986,1709233621.5959916
2286,1709233621.6964831,1709233621.6964889
2287,1709233621.7920232,1709233621.7920306
2288,1709233621.8909328,1709233621.8909419
2289,1709233621.995374,1709233621.99538
2290,1709233622.0990026,1709233622.0990093
2291,1709233622.1983938,1709233622.1984026
2292,1709233622.2969916,1709233622.2969983
2293,1709233622.394576,1709233622.3945832
2294,1709233622.4944365,1709233622.4944415
2295,1709233622.5958362,1709233622.5958428
2296,1709233622.6954474,1709233622.6954606
2297,1709233622.7903795,1709233622.7903874
2298,1709233622.893457,1709233622.8934634
2299,1709233622.991014,1709233622.9910185
2300,1709233623.0936208,1709233623.0936275
2301,1709233623.1942115,1709233623.1942172
2302,1709233623.2935884,1709233623.2935917
2303,1709233623.3938565,1709233623.3938632
2304,1709233623.4980075,1709233623.498015
2305,1709233623.5927505,1709233623.5927584
2306,1709233623.6976254,1709233623.7067585
2307,1709233623.7968118,1709233623.8024719
2308,1709233623.893014,1709233623.8993335
2309,1709233623.9939823,1709233624.0002913
2310,1709233624.0961936,1709233624.1039634
2311,1709233624.1901958,1709233624.1970975
2312,1709233624.29179,1709233624.298258
2313,1709233624.3940768,1709233624.400299
2314,1709233624.494646,1709233624.5013566
2315,1709233624.5917406,1709233624.5976005
2316,1709233624.694432,1709233624.705455
2317,1709233624.7984443,1709233624.8070948
2318,1709233624.8925037,1709233624.9025908
2319,1709233624.9961262,1709233625.0026848
2320,1709233625.0933833,1709233625.102002
2321,1709233625.1966355,1709233625.2037218
2322,1709233625.3046062,1709233625.30932
2323,1709233625.396409,1709233625.405045
2324,1709233625.4965484,1709233625.5029154
2325,1709233625.5976079,1709233625.6038172
2326,1709233625.6934826,1709233625.6984942
2327,1709233625.7960317,1709233625.8030794
2328,1709233625.8985171,1709233625.9052775
2329,1709233625.9959545,1709233626.0021925
2330,1709233626.0936203,1709233626.0992389
2331,1709233626.1944797,1709233626.2010384
2332,1709233626.292276,1709233626.298237
2333,1709233626.395428,1709233626.4026022
2334,1709233626.495935,1709233626.5028715
2335,1709233626.5922894,1709233626.5993714
2336,1709233626.69088,1709233626.7026784
2337,1709233626.7921948,1709233626.7984557
2338,1709233626.893255,1709233626.9007213
2339,1709233626.9944603,1709233627.0024185
2340,1709233627.0901668,1709233627.0965207
2341,1709233627.1930568,1709233627.1991904
2342,1709233627.296479,1709233627.3074846
2343,1709233627.3973238,1709233627.4041111
2344,1709233627.4919171,1709233627.4973164
2345,1709233627.5948317,1709233627.6014428
2346,1709233627.6956208,1709233627.7021081
2347,1709233627.7966728,1709233627.803468
2348,1709233627.9041178,1709233627.9132116
2349,1709233627.9940944,1709233627.9993002
2350,1709233628.0958676,1709233628.1032093
2351,1709233628.1931934,1709233628.1998339
2352,1709233628.2957478,1709233628.301783
2353,1709233628.3962555,1709233628.407136
2354,1709233628.4945226,1709233628.5005736
2355,1709233628.5942335,1709233628.6014588
2356,1709233628.6956823,1709233628.7014892
2357,1709233628.7946064,1709233628.8006396
2358,1709233628.8957334,1709233628.90217
2359,1709233628.9941266,1709233629.0039291
2360,1709233629.0932324,1709233629.1004295
2361,1709233629.1967874,1709233629.2038133
2362,1709233629.294979,1709233629.298889
2363,1709233629.3964376,1709233629.4027877
2364,1709233629.4957678,1709233629.5017807
2365,1709233629.5961182,1709233629.6012971
2366,1709233629.69396,1709233629.7005587
2367,1709233629.7914383,1709233629.7967832
2368,1709233629.8953388,1709233629.903212
2369,1709233629.9963326,1709233630.0029104
2370,1709233630.0912824,1709233630.0970502
2371,1709233630.192404,1709233630.1993277
2372,1709233630.290474,1709233630.2977242
2373,1709233630.394549,1709233630.401517
2374,1709233630.4963567,1709233630.506774
2375,1709233630.5978258,1709233630.6042802
2376,1709233630.6941552,1709233630.7003212
2377,1709233630.79191,1709233630.7979414
2378,1709233630.8965895,1709233630.9051094
2379,1709233630.9897816,1709233630.9953697
2380,1709233631.0917313,1709233631.0985725
2381,1709233631.1912775,1709233631.2016864
2382,1709233631.2946568,1709233631.301037
2383,1709233631.4006915,1709233631.4073546
2384,1709233631.4935484,1709233631.4985466
2385,1709233631.5952158,1709233631.6017864
2386,1709233631.6949787,1709233631.702013
2387,1709233631.7960215,1709233631.8013568
2388,1709233631.8940394,1709233631.9022305
2389,1709233631.9911711,1709233631.9979415
2390,1709233632.0916622,1709233632.0981145
2391,1709233632.1939235,1709233632.2007427
2392,1709233632.297779,1709233632.304461
2393,1709233632.392296,1709233632.3993013
2394,1709233632.4962106,1709233632.5040915
2395,1709233632.5911586,1709233632.5971575
2396,1709233632.6901705,1709233632.6968045
2397,1709233632.790631,1709233632.7974243
2398,1709233632.890723,1709233632.8956811
2399,1709233632.9935083,1709233633.0005639
2400,1709233633.0953586,1709233633.1017087
2401,1709233633.19516,1709233633.2003667
2402,1709233633.2942889,1709233633.3004484
2403,1709233633.3950956,1709233633.401202
2404,1709233633.4966187,1709233633.5031812
2405,1709233633.5932364,1709233633.599083
2406,1709233633.6945484,1709233633.698633
2407,1709233633.7919476,1709233633.7984939
2408,1709233633.8954523,1709233633.9012115
2409,1709233633.995846,1709233634.0059428
2410,1709233634.0955064,1709233634.1017716
2411,1709233634.1910439,1709233634.1980436
2412,1709233634.290362,1709233634.296226
2413,1709233634.3919485,1709233634.3966393
2414,1709233634.4935007,1709233634.5005808
2415,1709233634.6015913,1709233634.6081848
2416,1709233634.6909466,1709233634.6972792
2417,1709233634.7927089,1709233634.7991078
2418,1709233634.8907523,1709233634.8949828
2419,1709233634.9922802,1709233634.9982653
2420,1709233635.0967665,1709233635.1010022
2421,1709233635.1951306,1709233635.2029624
2422,1709233635.2921302,1709233635.2982771
2423,1709233635.394589,1709233635.401491
2424,1709233635.4906201,1709233635.4970627
2425,1709233635.594783,1709233635.6007352
2426,1709233635.698242,1709233635.7071397
2427,1709233635.7950273,1709233635.8010647
2428,1709233635.8955586,1709233635.9015408
2429,1709233635.991522,1709233635.9978142
2430,1709233636.091793,1709233636.1017022
2431,1709233636.1937118,1709233636.198324
2432,1709233636.2939866,1709233636.300364
2433,1709233636.3955905,1709233636.4017966
2434,1709233636.4919994,1709233636.4988048
2435,1709233636.5959353,1709233636.60231
2436,1709233636.6945007,1709233636.7001305
2437,1709233636.7963893,1709233636.802688
2438,1709233636.8916407,1709233636.8962026
2439,1709233636.9939106,1709233637.0000415
2440,1709233637.0913641,1709233637.0971801
2441,1709233637.193187,1709233637.1980996
2442,1709233637.293206,1709233637.2989619
2443,1709233637.3982608,1709233637.4050388
2444,1709233637.4906588,1709233637.4954233
2445,1709233637.5935926,1709233637.5982244
2446,1709233637.6954355,1709233637.701974
2447,1709233637.7965288,1709233637.8026927
2448,1709233637.8937502,1709233637.8997426
2449,1709233637.992861,1709233637.9999113
2450,1709233638.0954263,1709233638.1025536
2451,1709233638.190779,1709233638.1966205
2452,1709233638.2990046,1709233638.3061228
2453,1709233638.3903224,1709233638.3963835
2454,1709233638.4949746,1709233638.5010464
2455,1709233638.5906084,1709233638.5959196
2456,1709233638.6951833,1709233638.699692
2457,1709233638.795607,1709233638.8015723
2458,1709233638.8984535,1709233638.9050565
2459,1709233638.9934788,1709233638.9998457
2460,1709233639.09301,1709233639.0980542
2461,1709233639.1950858,1709233639.1997952
2462,1709233639.29417,1709233639.3001678
2463,1709233639.3983932,1709233639.4067142
2464,1709233639.4988072,1709233639.50485
2465,1709233639.5921903,1709233639.598321
2466,1709233639.6947024,1709233639.7007005
2467,1709233639.7943246,1709233639.7985034
2468,1709233639.8906095,1709233639.896453
2469,1709233639.9939218,1709233639.9979832
2470,1709233640.0918617,1709233640.0984251
2471,1709233640.1938772,1709233640.1990583
2472,1709233640.3011544,1709233640.3091507
2473,1709233640.391555,1709233640.3970199
2474,1709233640.4910412,1709233640.4973752
2475,1709233640.5958467,1709233640.6015925
2476,1709233640.6933763,1709233640.69823
2477,1709233640.7958586,1709233640.8018997
2478,1709233640.8936327,1709233640.8995209
2479,1709233640.9942873,1709233641.0006433
2480,1709233641.0980475,1709233641.1049192
2481,1709233641.1952736,1709233641.2009697
2482,1709233641.2962859,1709233641.3056557
2483,1709233641.3954117,1709233641.4012623
2484,1709233641.4954374,1709233641.5032804
2485,1709233641.5961683,1709233641.6032732
2486,1709233641.7027545,1709233641.7090828
2487,1709233641.795919,1709233641.8035827
2488,1709233641.8975613,1709233641.9040692
2489,1709233641.9920967,1709233641.9964125
2490,1709233642.0923238,1709233642.0990193
2491,1709233642.197632,1709233642.2040994
2492,1709233642.2993858,1709233642.314524
2493,1709233642.3904867,1709233642.3963423
2494,1709233642.4962764,1709233642.50451
2495,1709233642.5961633,1709233642.6014452
2496,1709233642.6979778,1709233642.7040458
2497,1709233642.7931929,1709233642.7994082
2498,1709233642.8969283,1709233642.9048378
2499,1709233642.990853,1709233642.997028
2500,1709233643.094507,1709233643.1002903
2501,1709233643.191367,1709233643.1967266
2502,1709233643.295144,1709233643.3012073
2503,1709233643.4000962,1709233643.4067342
2504,1709233643.4996462,1709233643.5059876
2505,1709233643.5933273,1709233643.59971
2506,1709233643.6970096,1709233643.7035098
2507,1709233643.7950435,1709233643.8012838
2508,1709233643.8908112,1709233643.8975115
2509,1709233643.9930825,1709233643.999441
2510,1709233644.0919402,1709233644.0984185
2511,1709233644.195375,1709233644.2010355
2512,1709233644.2933793,1709233644.2988336
2513,1709233644.3906548,1709233644.3954883
2514,1709233644.492435,1709233644.498817
2515,1709233644.59775,1709233644.6041155
2516,1709233644.6992111,1709233644.7062745
2517,1709233644.7962778,1709233644.803634
2518,1709233644.8951247,1709233644.9004104
2519,1709233644.995369,1709233645.0030005
2520,1709233645.1021142,1709233645.1082654
2521,1709233645.195505,1709233645.2020597
2522,1709233645.293223,1709233645.2992227
2523,1709233645.395643,1709233645.4020126
2524,1709233645.4914167,1709233645.4973676
2525,1709233645.5941725,1709233645.5991044
2526,1709233645.7058666,1709233645.714648
2527,1709233645.7941675,1709233645.799671
2528,1709233645.8941696,1709233645.9008565
2529,1709233646.004333,1709233646.01037
2530,1709233646.0930004,1709233646.099553
2531,1709233646.197386,1709233646.202807
2532,1709233646.2922022,1709233646.30174
2533,1709233646.3939385,1709233646.3996117
2534,1709233646.4959905,1709233646.5018704
2535,1709233646.5961077,1709233646.6021845
2536,1709233646.6973925,1709233646.6973972
2537,1709233646.8117633,1709233646.811774
2538,1709233646.8946948,1709233646.8947015
2539,1709233646.9951503,1709233646.9951568
2540,1709233647.1019886,1709233647.101996
2541,1709233647.1958303,1709233647.1958373
2542,1709233647.2914858,1709233647.2914913
2543,1709233647.3975039,1709233647.3975103
2544,1709233647.496391,1709233647.4963975
2545,1709233647.595457,1709233647.5954623
2546,1709233647.695174,1709233647.6951818
2547,1709233647.8013685,1709233647.801375
2548,1709233647.8958318,1709233647.8958402
2549,1709233647.9959292,1709233647.9959352
2550,1709233648.0957208,1709233648.095728
2551,1709233648.1936681,1709233648.193673
2552,1709233648.2907307,1709233648.290735
2553,1709233648.4008143,1709233648.400821
2554,1709233648.5054083,1709233648.5054152
2555,1709233648.5934153,1709233648.5934188
2556,1709233648.6977928,1709233648.697799
2557,1709233648.806038,1709233648.8060434
2558,1709233648.8972733,1709233648.8972769
2559,1709233648.9939806,1709233648.9939885
2560,1709233649.104651,1709233649.1046567
2561,1709233649.198814,1709233649.1988199
2562,1709233649.2966459,1709233649.2966535
2563,1709233649.401885,1709233649.4018915
2564,1709233649.498387,1709233649.4983966
2565,1709233649.5974874,1709233649.5974948
2566,1709233649.702295,1709233649.7023017
2567,1709233649.796085,1709233649.7960906
2568,1709233649.8997512,1709233649.8997588
2569,1709233649.9964297,1709233649.9964359
2570,1709233650.09193,1709233650.091935
2571,1709233650.195858,1709233650.1958635
2572,1709233650.3060734,1709233650.3060806
2573,1709233650.396895,1709233650.3969018
2574,1709233650.4971545,1709233650.4971628
2575,1709233650.5979352,1709233650.5979426
2576,1709233650.6919143,1709233650.6919188
2577,1709233650.804951,1709233650.80496
2578,1709233650.895105,1709233650.8951106
2579,1709233650.9973466,1709233650.9973521
2580,1709233651.0948875,1709233651.0948944
2581,1709233651.2092414,1709233651.2092493
2582,1709233651.2949543,1709233651.2949598
2583,1709233651.3989909,1709233651.3989987
2584,1709233651.4946237,1709233651.4946299
2585,1709233651.596007,1709233651.5960145
2586,1709233651.695001,1709233651.6950073
2587,1709233651.793986,1709233651.793992
2588,1709233651.8977354,1709233651.897742
2589,1709233651.9991677,1709233651.9991715
2590,1709233652.09828,1709233652.0982857
2591,1709233652.20595,1709233652.2059565
2592,1709233652.295935,1709233652.2959385
2593,1709233652.395141,1709233652.395145
2594,1709233652.4950867,1709233652.4950967
2595,1709233652.5907493,1709233652.590754
2596,1709233652.6985545,1709233652.698563
2597,1709233652.7920394,1709233652.7920456
2598,1709233652.8980362,1709233652.8980427
2599,1709233653.0022805,1709233653.0022874
2600,1709233653.1058779,1709233653.1058855
2601,1709233653.1961296,1709233653.196136
2602,1709233653.295444,1709233653.2954495
2603,1709233653.3986993,1709233653.3987079
2604,1709233653.4971027,1709233653.497109
2605,1709233653.5923097,1709233653.592318
2606,1709233653.6950233,1709233653.6950274
2607,1709233653.7957609,1709233653.7957668
2608,1709233653.903157,1709233653.903163
2609,1709233654.0296943,1709233654.0297015
2610,1709233654.0984304,1709233654.0984385
2611,1709233654.1930609,1709233654.1930678
2612,1709233654.2982867,1709233654.2982998
2613,1709233654.4084597,1709233654.4084666
2614,1709233654.5051713,1709233654.5051765
2615,1709233654.6026616,1709233654.6026697
2616,1709233654.7024744,1709233654.70248
2617,1709233654.8041544,1709233654.8041606
2618,1709233654.9016752,1709233654.9016817
2619,1709233654.9954383,1709233654.9954448
2620,1709233655.1006944,1709233655.1007
2621,1709233655.2045412,1709233655.2045488
2622,1709233655.3033333,1709233655.3033433
2623,1709233655.3994534,1709233655.39946
2624,1709233655.4925785,1709233655.4925845
2625,1709233655.5971098,1709233655.5971167
2626,1709233655.7022672,1709233655.7022767
2627,1709233655.8026128,1709233655.8026202
2628,1709233655.8955686,1709233655.8955755
2629,1709233656.0048866,1709233656.0048935
2630,1709233656.0969515,1709233656.0969596
2631,1709233656.1985497,1709233656.198555
2632,1709233656.2969422,1709233656.2969491
2633,1709233656.3990698,1709233656.399076
2634,1709233656.4902053,1709233656.4902098
2635,1709233656.594022,1709233656.5940285
2636,1709233656.6976476,1709233656.6976535
2637,1709233656.791003,1709233656.7910075
2638,1709233656.8954573,1709233656.8954635
2639,1709233657.0000062,1709233657.0000148
2640,1709233657.0956037,1709233657.09561
2641,1709233657.19598,1709233657.1959865
2642,1709233657.2972589,1709233657.297265
2643,1709233657.3993409,1709233657.399346
2644,1709233657.4972434,1709233657.497277
2645,1709233657.613616,1709233657.6136217
2646,1709233657.7034764,1709233657.7034838
2647,1709233657.7925043,1709233657.7925115
2648,1709233657.8922915,1709233657.8923001
2649,1709233658.013691,1709233658.0136995
2650,1709233658.1051354,1709233658.1051435
2651,1709233658.2006853,1709233658.2006924
2652,1709233658.307362,1709233658.3073697
2653,1709233658.4030116,1709233658.4030213
2654,1709233658.4966838,1709233658.4966908
2655,1709233658.6053815,1709233658.6053872
2656,1709233658.691067,1709233658.6910727
2657,1709233658.7962236,1709233658.7962296
2658,1709233658.8940516,1709233658.894058
2659,1709233658.9967875,1709233658.9967935
2660,1709233659.1063383,1709233659.1063466
2661,1709233659.1920931,1709233659.1920989
2662,1709233659.3042526,1709233659.3042598
2663,1709233659.391677,1709233659.3916826
2664,1709233659.5024264,1709233659.5024338
2665,1709233659.6026883,1709233659.6026967
2666,1709233659.7019439,1709233659.7019517
2667,1709233659.7956219,1709233659.795629
2668,1709233659.8942597,1709233659.8942714
2669,1709233659.9932997,1709233659.9933057
2670,1709233660.09654,1709233660.0965452
2671,1709233660.19572,1709233660.195725
2672,1709233660.2996275,1709233660.2996316
2673,1709233660.3978558,1709233660.397862
2674,1709233660.4909503,1709233660.490956
2675,1709233660.5965211,1709233660.5965273
2676,1709233660.7039008,1709233660.7039073
2677,1709233660.7977185,1709233660.7977269
2678,1709233660.8995788,1709233660.8995874
2679,1709233660.9944344,1709233660.99444
2680,1709233661.0957663,1709233661.0957723
2681,1709233661.190418,1709233661.190422
2682,1709233661.3269293,1709233661.3269353
2683,1709233661.3920662,1709233661.3920732
2684,1709233661.497851,1709233661.497857
2685,1709233661.5972497,1709233661.5972557
2686,1709233661.6969063,1709233661.6969142
2687,1709233661.8006995,1709233661.8007054
2688,1709233661.898784,1709233661.898797
2689,1709233661.995768,1709233661.9957747
2690,1709233662.0953927,1709233662.0953999
2691,1709233662.19119,1709233662.191198
2692,1709233662.2973323,1709233662.2973385
2693,1709233662.3907864,1709233662.3907926
2694,1709233662.49718,1709233662.4971857
2695,1709233662.6000204,1709233662.600029
2696,1709233662.6990826,1709233662.6990902
2697,1709233662.803923,1709233662.803931
2698,1709233662.9009373,1709233662.900945
2699,1709233663.0017707,1709233663.0017786
2700,1709233663.0953946,1709233663.0954018
2701,1709233663.1924417,1709233663.1924481
2702,1709233663.3011308,1709233663.301138
2703,1709233663.3957093,1709233663.3957162
2704,1709233663.5076048,1709233663.5076127
2705,1709233663.6040244,1709233663.6040304
2706,1709233663.6921494,1709233663.6921554
2707,1709233663.7921467,1709233663.792153
2708,1709233663.8980007,1709233663.8980062
2709,1709233663.9971676,1709233663.9971752
2710,1709233664.0976138,1709233664.0976207
2711,1709233664.2087288,1709233664.2087371
2712,1709233664.2936697,1709233664.2936761
2713,1709233664.3962514,1709233664.3962579
2714,1709233664.499339,1709233664.4993453
2715,1709233664.6023202,1709233664.6023254
2716,1709233664.6968012,1709233664.6968079
2717,1709233664.8023748,1709233664.802381
2718,1709233664.8943849,1709233664.894391
2719,1709233664.9954314,1709233664.9954371
2720,1709233665.0953562,1709233665.0953622
2721,1709233665.2004979,1709233665.2005038
2722,1709233665.2916212,1709233665.291627
2723,1709233665.3985841,1709233665.3985908
2724,1709233665.4987965,1709233665.4988098
2725,1709233665.5953488,1709233665.5953548
2726,1709233665.6995623,1709233665.6995683
2727,1709233665.79279,1709233665.7927973
2728,1709233666.4408493,1709233666.4408588
2729,1709233666.4524128,1709233666.4524188
2730,1709233666.5064428,1709233666.5064507
2731,1709233666.6012838,1709233666.60129
2732,1709233666.7031786,1709233666.7031846
2733,1709233666.796117,1709233666.7961228
2734,1709233666.8969498,1709233666.8969555
2735,1709233666.9942656,1709233666.994272
2736,1709233667.0974126,1709233667.0974193
2737,1709233667.19996,1709233667.199969
2738,1709233667.2942233,1709233667.2942297
2739,1709233667.413323,1709233667.413331
2740,1709233667.4960403,1709233667.4960463
2741,1709233667.5937533,1709233667.5937574
2742,1709233667.6967072,1709233667.6967137
2743,1709233667.7993164,1709233667.7993217
2744,1709233667.9003005,1709233667.900307
2745,1709233668.0093925,1709233668.0094006
2746,1709233668.095659,1709233668.0956645
2747,1709233668.2057204,1709233668.2057261
2748,1709233668.30365,1709233668.3036578
2749,1709233668.39352,1709233668.3935263
2750,1709233668.4942288,1709233668.4942365
2751,1709233668.5975652,1709233668.597574
2752,1709233668.6974998,1709233668.6975055
2753,1709233668.7934704,1709233668.7934766
2754,1709233668.8959615,1709233668.8959682
2755,1709233669.000814,1709233669.0008187
2756,1709233669.0978308,1709233669.0978396
2757,1709233669.202867,1709233669.2028751
2758,1709233669.3081033,1709233669.3081098
2759,1709233669.3931386,1709233669.3931444
2760,1709233669.5005143,1709233669.5005195
2761,1709233669.598849,1709233669.5988553
2762,1709233669.694172,1709233669.6941788
2763,1709233669.8026547,1709233669.8026595
2764,1709233669.895885,1709233669.8958912
2765,1709233669.9954917,1709233669.9954982
2766,1709233670.0929341,1709233670.0929403
2767,1709233670.1982663,1709233670.1982722
2768,1709233670.296943,1709233670.2969499
2769,1709233670.399034,1709233670.399044
2770,1709233670.5059004,1709233670.505906
2771,1709233670.59308,1709233670.5930836
2772,1709233670.697359,1709233670.6973662
2773,1709233670.7923193,1709233670.7923238
2774,1709233670.8950331,1709233670.8950403
2775,1709233671.00127,1709233671.0012774
2776,1709233671.0966897,1709233671.0966952
2777,1709233671.1955898,1709233671.1955953
2778,1709233671.2974362,1709233671.2974415
2779,1709233671.392096,1709233671.3921022
2780,1709233671.4977987,1709233671.4978049
2781,1709233671.5974014,1709233671.597408
2782,1709233671.6928945,1709233671.6929007
2783,1709233671.7997015,1709233671.7997072
2784,1709233671.8965843,1709233671.896589
2785,1709233672.0032473,1709233672.0032535
2786,1709233672.091397,1709233672.091405
2787,1709233672.206148,1709233672.2061536
2788,1709233672.3001454,1709233672.300151
2789,1709233672.400229,1709233672.400235
2790,1709233672.4966645,1709233672.496668
2791,1709233672.5907893,1709233672.5907955
2792,1709233672.6992006,1709233672.6992064
2793,1709233672.7902792,1709233672.790285
2794,1709233672.9002647,1709233672.9002693
2795,1709233672.9947891,1709233672.994795
2796,1709233673.0958073,1709233673.0958135
2797,1709233673.1944153,1709233673.1944244
2798,1709233673.2956455,1709233673.2956522
2799,1709233673.4001412,1709233673.400147
2800,1709233673.4919193,1709233673.491925
2801,1709233673.5914524,1709233673.5914588
2802,1709233673.6955316,1709233673.6955378
2803,1709233673.7903817,1709233673.7903886
2804,1709233673.8959978,1709233673.8960025
2805,1709233673.9970028,1709233673.9970088
2806,1709233674.0978038,1709233674.0978093
2807,1709233674.1941197,1709233674.1941257
2808,1709233674.2985659,1709233674.2985694
2809,1709233674.3963969,1709233674.396402
2810,1709233674.50571,1709233674.5057135
2811,1709233674.601318,1709233674.6013236
2812,1709233674.6975005,1709233674.697506
2813,1709233674.7961886,1709233674.7961965
2814,1709233674.895064,1709233674.8950698
2815,1709233674.994363,1709233674.9943686
2816,1709233675.105317,1709233675.1053236
2817,1709233675.1939816,1709233675.1939893
2818,1709233675.3031332,1709233675.3031397
2819,1709233675.4062476,1709233675.4062552
2820,1709233675.5012348,1709233675.5012426
2821,1709233675.5979686,1709233675.5979745
2822,1709233675.694813,1709233675.69482
2823,1709233675.7954993,1709233675.795505
2824,1709233675.8976822,1709233675.8976889
2825,1709233676.0043087,1709233676.0043144
2826,1709233676.0910795,1709233676.0910847
2827,1709233676.1995225,1709233676.1995316
2828,1709233676.2967675,1709233676.296773
2829,1709233676.3934965,1709233676.393504
2830,1709233676.5001874,1709233676.5001938
2831,1709233676.5966213,1709233676.5966275
2832,1709233676.6961393,1709233676.696145
2833,1709233676.7934632,1709233676.7934673
2834,1709233676.8967662,1709233676.8967736
2835,1709233677.0009348,1709233677.0009408
2836,1709233677.0923345,1709233677.09234
2837,1709233677.192611,1709233677.1926174
2838,1709233677.2914014,1709233677.291407
2839,1709233677.4030218,1709233677.4030292
2840,1709233677.4972308,1709233677.4972382
2841,1709233677.6006522,1709233677.6006591
2842,1709233677.6999378,1709233677.6999443
2843,1709233677.79916,1709233677.799166
2844,1709233677.894779,1709233677.8947852
2845,1709233678.0012424,1709233678.0012498
2846,1709233678.1053736,1709233678.1053827
2847,1709233678.1974685,1709233678.1974747
2848,1709233678.2952285,1709233678.295233
2849,1709233678.4018178,1709233678.4018264
2850,1709233678.490301,1709233678.4903083
2851,1709233678.6044207,1709233678.6044302
2852,1709233678.695026,1709233678.6950328
2853,1709233678.8001812,1709233678.8001895
2854,1709233678.9002385,1709233678.9002447
2855,1709233679.00061,1709233679.0006158
2856,1709233679.0933218,1709233679.093327
2857,1709233679.2025747,1709233679.202581
2858,1709233679.307749,1709233679.3077643
2859,1709233679.4001935,1709233679.4002001
2860,1709233679.496928,1709233679.4969344
2861,1709233679.6070254,1709233679.6070297
2862,1709233679.691264,1709233679.6912696
2863,1709233679.796997,1709233679.7970047
2864,1709233679.9048266,1709233679.9048324
2865,1709233679.9985962,1709233679.9986033
2866,1709233680.103089,1709233680.1030962
2867,1709233680.204185,1709233680.2041914
2868,1709233680.291924,1709233680.2919295
2869,1709233680.4075956,1709233680.4076016
2870,1709233680.4999082,1709233680.4999769
2871,1709233680.6010897,1709233680.601096
2872,1709233680.6905165,1709233680.6905248
2873,1709233680.7903228,1709233680.7903297
2874,1709233680.9208612,1709233680.9208665
2875,1709233680.9981716,1709233680.9981773
2876,1709233681.0933986,1709233681.093405
2877,1709233681.198835,1709233681.198841
2878,1709233681.2980797,1709233681.2980843
2879,1709233681.404774,1709233681.4047792
2880,1709233681.496909,1709233681.4969144
2881,1709233681.604575,1709233681.604581
2882,1709233681.6919756,1709233681.6919825
2883,1709233681.7909172,1709233681.790925
2884,1709233681.8970916,1709233681.8970983
2885,1709233681.9912057,1709233681.9912124
2886,1709233682.099416,1709233682.0994222
2887,1709233682.2108972,1709233682.2109058
2888,1709233682.296709,1709233682.296716
2889,1709233682.4155738,1709233682.4155793
2890,1709233682.4937594,1709233682.4937694
2891,1709233682.6146247,1709233682.6146314
2892,1709233682.707864,1709233682.7078698
2893,1709233682.7983298,1709233682.798337
2894,1709233682.8954084,1709233682.8954139
2895,1709233682.995443,1709233682.9954493
2896,1709233683.0946674,1709233683.0946774
2897,1709233683.201611,1709233683.2016182
2898,1709233683.299173,1709233683.2991788
2899,1709233683.3992555,1709233683.3992617
2900,1709233683.4920769,1709233683.4920828
2901,1709233683.5974333,1709233683.5974436
2902,1709233683.6929407,1709233683.692947
2903,1709233683.7940218,1709233683.7940288
2904,1709233683.902544,1709233683.9025526
2905,1709233683.9991353,1709233683.9991422
2906,1709233684.1051562,1709233684.1051617
2907,1709233684.1994388,1709233684.199444
2908,1709233684.2987955,1709233684.2988014
2909,1709233684.4067264,1709233684.406732
2910,1709233684.5033038,1709233684.5033104
2911,1709233684.602259,1709233684.602265
2912,1709233684.7017553,1709233684.7017646
2913,1709233684.797367,1709233684.7973723
2914,1709233684.9046726,1709233684.9046786
2915,1709233685.0001612,1709233685.0001678
2916,1709233685.09669,1709233685.0966947
2917,1709233685.1919708,1709233685.1919773
2918,1709233685.2987082,1709233685.298715
2919,1709233685.3989425,1709233685.3989491
2920,1709233685.499089,1709233685.4990938
2921,1709233685.5935912,1709233685.5935974
2922,1709233685.6929617,1709233685.6929693
2923,1709233685.8000777,1709233685.8000855
2924,1709233685.8950286,1709233685.895034
2925,1709233685.9982407,1709233685.998247
2926,1709233686.1000326,1709233686.1000392
2927,1709233686.194401,1709233686.194407
2928,1709233686.2969794,1709233686.296985
2929,1709233686.401354,1709233686.4013612
2930,1709233686.4964082,1709233686.4964163
2931,1709233686.6022675,1709233686.602275
2932,1709233686.6919384,1709233686.6919453
2933,1709233686.7947984,1709233686.7948058
2934,1709233686.896974,1709233686.8969803
2935,1709233686.992268,1709233686.9922743
2936,1709233687.0975595,1709233687.0975666
2937,1709233687.2099159,1709233687.2099233
2938,1709233687.2967422,1709233687.2967486
2939,1709233687.397378,1709233687.3973858
2940,1709233687.505013,1709233687.5050194
2941,1709233687.5998316,1709233687.5998416
2942,1709233687.6965613,1709233687.696567
2943,1709233687.7966917,1709233687.7966976
2944,1709233687.896509,1709233687.896516
2945,1709233687.9968693,1709233687.9968753
2946,1709233688.0954087,1709233688.0954154
2947,1709233688.1990955,1709233688.199102
2948,1709233688.2967665,1709233688.2967718
2949,1709233688.4109132,1709233688.4109201
2950,1709233688.4950223,1709233688.4950285
2951,1709233688.5971677,1709233688.5971742
2952,1709233688.6920724,1709233688.692079
2953,1709233688.7913609,1709233688.79137
2954,1709233688.8954122,1709233688.8983216
2955,1709233688.996299,1709233688.9963074
2956,1709233689.0921347,1709233689.0921404
2957,1709233689.198983,1709233689.1989899
2958,1709233689.297537,1709233689.297542
2959,1709233689.3981452,1709233689.3981519
2960,1709233689.4951088,1709233689.4951146
2961,1709233689.5900984,1709233689.590105
2962,1709233689.6969516,1709233689.6969576
2963,1709233689.809356,1709233689.8093634
2964,1709233689.8972833,1709233689.897291
2965,1709233690.0033362,1709233690.003342
2966,1709233690.0989995,1709233690.099006
2967,1709233690.1971095,1709233690.197116
2968,1709233690.3065057,1709233690.3065126
2969,1709233690.3926163,1709233690.3926203
2970,1709233690.5109627,1709233690.5109687
2971,1709233690.6035526,1709233690.6035614
2972,1709233690.7043083,1709233690.7043164
2973,1709233690.8011954,1709233690.8012018
2974,1709233690.9074492,1709233690.9074574
2975,1709233691.0069323,1709233691.0069387
2976,1709233691.1054025,1709233691.105409
2977,1709233691.2054636,1709233691.2054694
2978,1709233691.3026607,1709233691.3026721
2979,1709233691.3996391,1709233691.399646
2980,1709233691.5053103,1709233691.5053172
2981,1709233691.6007059,1709233691.6007128
2982,1709233691.699473,1709233691.6994798
2983,1709233691.8013504,1709233691.8013566
2984,1709233691.904703,1709233691.9047127
2985,1709233692.001207,1709233692.0012112
2986,1709233692.1053894,1709233692.1055052
2987,1709233692.1981628,1709233692.1982448
2988,1709233692.3013945,1709233692.3014457
2989,1709233692.4038875,1709233692.4039757
2990,1709233692.494499,1709233692.494555
2991,1709233692.5979989,1709233692.5980432
2992,1709233692.695062,1709233692.6951065
2993,1709233692.8056204,1709233692.805666
2994,1709233692.8981044,1709233692.8981555
2995,1709233692.9966688,1709233692.996716
2996,1709233693.1070077,1709233693.107054
2997,1709233693.1967535,1709233693.1968253
2998,1709233693.2977164,1709233693.29777
2999,1709233693.4031968,1709233693.40324
3000,1709233693.49648,1709233693.496529
3001,1709233693.6016665,1709233693.6017945
3002,1709233693.7044194,1709233693.7044706
3003,1709233693.8064716,1709233693.8065493
3004,1709233693.9065268,1709233693.9065807
3005,1709233694.0066762,1709233694.0067582
3006,1709233694.091398,1709233694.091448
3007,1709233694.203927,1709233694.2039766
3008,1709233694.305928,1709233694.306012
3009,1709233694.397519,1709233694.3976188
3010,1709233694.5006294,1709233694.5007288
3011,1709233694.599696,1709233694.599791
3012,1709233694.7080107,1709233694.70812
3013,1709233694.817067,1709233694.81723
3014,1709233694.9096982,1709233694.9097893
3015,1709233695.0069711,1709233695.0070596
3016,1709233695.1037178,1709233695.1038115
3017,1709233695.1990488,1709233695.1991458
3018,1709233695.3097103,1709233695.3097959
3019,1709233695.4038453,1709233695.4039388
3020,1709233695.4969869,1709233695.497071
3021,1709233695.6076918,1709233695.6077714
3022,1709233695.7005713,1709233695.7006602
3023,1709233695.8059418,1709233695.806187
3024,1709233695.8975246,1709233695.89762
3025,1709233696.0002055,1709233696.0002902
3026,1709233696.1078618,1709233696.1079664
3027,1709233696.196913,1709233696.197009
3028,1709233696.2972355,1709233696.297346
3029,1709233696.3907654,1709233696.3908544
3030,1709233696.4934642,1709233696.4936025
3031,1709233696.6141322,1709233696.614268
3032,1709233696.7012525,1709233696.7013385
3033,1709233696.794005,1709233696.794069
3034,1709233696.8982313,1709233696.89832
3035,1709233696.9987566,1709233696.9988487
3036,1709233697.0934749,1709233697.093555
3037,1709233697.1928263,1709233697.1929042
3038,1709233697.2913268,1709233697.2914085
3039,1709233697.3975596,1709233697.397653
3040,1709233697.5045757,1709233697.5046494
3041,1709233697.5928192,1709233697.5929096
3042,1709233697.7006214,1709233697.700699
3043,1709233697.7962508,1709233697.7963874
3044,1709233697.9037645,1709233697.9038618
3045,1709233697.9966211,1709233697.996719
3046,1709233698.1127229,1709233698.1128109
3047,1709233698.2063293,1709233698.2064197
3048,1709233698.3086138,1709233698.3087122
3049,1709233698.402424,1709233698.4025095
3050,1709233698.518931,1709233698.5190327
3051,1709233698.6089818,1709233698.609077
3052,1709233698.7100725,1709233698.7101748
3053,1709233698.7998435,1709233698.7999382
3054,1709233698.8944423,1709233698.8945377
3055,1709233699.005218,1709233699.0053082
3056,1709233699.0951605,1709233699.095246
3057,1709233699.1924007,1709233699.1925228
3058,1709233699.3053174,1709233699.3054018
3059,1709233699.3982592,1709233699.3983536
3060,1709233699.4916747,1709233699.4917686
3061,1709233699.6006963,1709233699.6007812
3062,1709233699.697435,1709233699.6975207
3063,1709233699.800275,1709233699.8003573
3064,1709233699.9008226,1709233699.9009109
3065,1709233700.0045059,1709233700.0046222
3066,1709233700.1091986,1709233700.109282
3067,1709233700.201613,1709233700.201716
3068,1709233700.3035243,1709233700.303627
3069,1709233700.4036026,1709233700.4036872
3070,1709233700.5082486,1709233700.5083296
3071,1709233700.60228,1709233700.6023638
3072,1709233700.701479,1709233700.7016804
3073,1709233700.805624,1709233700.8057392
3074,1709233700.9009504,1709233700.9010437
3075,1709233700.9929445,1709233700.9930327
3076,1709233701.0994022,1709233701.0995035
3077,1709233701.1968174,1709233701.1969113
3078,1709233701.291353,1709233701.291441
3079,1709233701.409402,1709233701.4094915
3080,1709233701.500445,1709233701.5005326
3081,1709233701.6024003,1709233701.6024857
3082,1709233701.704265,1709233701.704357
3083,1709233701.8037922,1709233701.8038743
3084,1709233701.9049416,1709233701.9050224
3085,1709233701.994992,1709233701.9950783
3086,1709233702.0972373,1709233702.0972998
3087,1709233702.2004535,1709233702.2005494
3088,1709233702.2981699,1709233702.2982671
3089,1709233702.3969805,1709233702.397027
3090,1709233702.4950128,1709233702.4950585
3091,1709233702.5968976,1709233702.5969553
3092,1709233702.7275972,1709233702.7276595
3093,1709233702.8098285,1709233702.8098855
3094,1709233702.8954904,1709233702.8955464
3095,1709233702.997534,1709233702.9976232
3096,1709233703.094359,1709233703.094447
3097,1709233703.20104,1709233703.201126
3098,1709233703.3110478,1709233703.311124
3099,1709233703.4073179,1709233703.4073653
3100,1709233703.5008814,1709233703.5009325
3101,1709233703.6047285,1709233703.6048174
3102,1709233703.7048736,1709233703.7049947
3103,1709233703.7962995,1709233703.7963474
3104,1709233703.896772,1709233703.8968198
3105,1709233704.0079806,1709233704.0080304
3106,1709233704.0958614,1709233704.095915
3107,1709233704.2044847,1709233704.204579
3108,1709233704.2938333,1709233704.293891
3109,1709233704.3966405,1709233704.3967178
3110,1709233704.5100908,1709233704.5101328
3111,1709233704.5966063,1709233704.596646
3112,1709233704.6957269,1709233704.6957734
3113,1709233704.7993147,1709233704.7993872
3114,1709233704.9075077,1709233704.9075613
3115,1709233704.99878,1709233704.9988344
3116,1709233705.1010273,1709233705.1011052
3117,1709233705.2027526,1709233705.2027953
3118,1709233705.305872,1709233705.3059437
3119,1709233705.3975701,1709233705.3976212
3120,1709233705.4933548,1709233705.4934168
3121,1709233705.5971968,1709233705.5972373
3122,1709233705.6990418,1709233705.6991212
3123,1709233705.8016539,1709233705.8017023
3124,1709233705.9081333,1709233705.9081802
3125,1709233705.9989536,1709233705.999055
3126,1709233706.0980802,1709233706.0981383
3127,1709233706.2034543,1709233706.203536
3128,1709233706.3017697,1709233706.3018632
3129,1709233706.4014332,1709233706.4015164
3130,1709233706.5050898,1709233706.5051382
3131,1709233706.6077485,1709233706.6078048
3132,1709233706.6978967,1709233706.6979916
3133,1709233706.8058944,1709233706.8059523
3134,1709233706.898456,1709233706.8986642
3135,1709233706.9984655,1709233706.9986317
3136,1709233707.091984,1709233707.0920558
3137,1709233707.1964498,1709233707.1965783
3138,1709233707.300622,1709233707.300672
3139,1709233707.4005697,1709233707.4006402
3140,1709233707.5001602,1709233707.5002372
3141,1709233707.5928826,1709233707.5929725
3142,1709233707.6954691,1709233707.6955254
3143,1709233707.7923121,1709233707.79238
3144,1709233707.9047103,1709233707.904762
3145,1709233707.9985619,1709233707.9986155
3146,1709233708.0928175,1709233708.0929036
3147,1709233708.2007687,1709233708.2008483
3148,1709233708.2958095,1709233708.295899
3149,1709233708.3966274,1709233708.3966672
3150,1709233708.5007777,1709233708.5008276
3151,1709233708.6033568,1709233708.603416
3152,1709233708.700004,1709233708.7000766
3153,1709233708.7995777,1709233708.7996306
3154,1709233708.8994133,1709233708.9020622
3155,1709233708.9974785,1709233708.9975138
3156,1709233709.0984535,1709233709.0985074
3157,1709233709.20744,1709233709.207484
3158,1709233709.304773,1709233709.3048537
3159,1709233709.3917031,1709233709.3917522
3160,1709233709.4971116,1709233709.4972034
3161,1709233709.603211,1709233709.6037822
3162,1709233709.708824,1709233709.7088728
3163,1709233709.7978044,1709233709.7978873
3164,1709233709.904532,1709233709.904591
3165,1709233709.995452,1709233709.9955344
3166,1709233710.1030405,1709233710.1031
3167,1709233710.192337,1709233710.1924145
3168,1709233710.30355,1709233710.3035989
3169,1709233710.402516,1709233710.4029646
3170,1709233710.5025575,1709233710.5026197
3171,1709233710.5983872,1709233710.5984693
3172,1709233710.6921384,1709233710.6922271
3173,1709233710.8103473,1709233710.810411
3174,1709233710.899429,1709233710.8994813
3175,1709233710.9981189,1709233710.9981768
3176,1709233711.1019363,1709233711.101988
3177,1709233711.2032242,1709233711.2033007
3178,1709233711.3023956,1709233711.3024518
3179,1709233711.3970778,1709233711.3971705
3180,1709233711.5024152,1709233711.5024881
3181,1709233711.596541,1709233711.5965922
3182,1709233711.6911676,1709233711.69125
3183,1709233711.7937424,1709233711.7937942
3184,1709233711.8920145,1709233711.8920634
3185,1709233711.9978049,1709233711.9978788
3186,1709233712.098173,1709233712.0982308
3187,1709233712.2084107,1709233712.2084632
3188,1709233712.309964,1709233712.310015
3189,1709233712.4002225,1709233712.4002767
3190,1709233712.4992878,1709233712.49937
3191,1709233712.5991728,1709233712.5992258
3192,1709233712.7056587,1709233712.7057424
3193,1709233712.7971525,1709233712.7972007
3194,1709233712.8903193,1709233712.8903666
3195,1709233713.0066686,1709233713.0067117
3196,1709233713.097264,1709233713.0973141
3197,1709233713.1930108,1709233713.193056
3198,1709233713.2959614,1709233713.296046
3199,1709233713.4071896,1709233713.4072342
3200,1709233713.4978902,1709233713.4979727
3201,1709233713.5949647,1709233713.5953038
3202,1709233713.7050967,1709233713.7051506
3203,1709233713.8071065,1709233713.8071554
3204,1709233713.9045115,1709233713.9046185
3205,1709233714.0068324,1709233714.0068734
3206,1709233714.1080403,1709233714.1080828
3207,1709233714.1987386,1709233714.1987987
3208,1709233714.2994297,1709233714.2994711
3209,1709233714.3953516,1709233714.3954203
3210,1709233714.4929924,1709233714.4930418
3211,1709233714.6103354,1709233714.6103952
3212,1709233714.7155979,1709233714.7156665
3213,1709233714.8155928,1709233714.8156521
3214,1709233714.9008906,1709233714.9009454
3215,1709233715.0055516,1709233715.0056002
3216,1709233715.0946848,1709233715.09473
3217,1709233715.1998336,1709233715.1998863
3218,1709233715.2956657,1709233715.2957146
3219,1709233715.407315,1709233715.4073577
3220,1709233715.4922702,1709233715.4923544
3221,1709233715.602719,1709233715.6027787
3222,1709233715.691247,1709233715.6912959
3223,1709233715.7950916,1709233715.7951396
3224,1709233715.896153,1709233715.8962207
3225,1709233716.0053256,1709233716.0053818
3226,1709233716.0955098,1709233716.0955577
3227,1709233716.2000186,1709233716.2000778
3228,1709233716.29954,1709233716.2995899
3229,1709233716.411601,1709233716.4116426
3230,1709233716.5016239,1709233716.5016723
3231,1709233716.6007347,1709233716.60077
3232,1709233716.7010653,1709233716.7011213
3233,1709233716.7941349,1709233716.7941797
3234,1709233716.8980742,1709233716.8981373
3235,1709233716.9970114,1709233716.997077
3236,1709233717.106656,1709233717.1067016
3237,1709233717.2106981,1709233717.2108097
3238,1709233717.298174,1709233717.2982264
3239,1709233717.4015474,1709233717.4015977
3240,1709233717.4973893,1709233717.4974716
3241,1709233717.5950842,1709233717.5951388
3242,1709233717.697531,1709233717.6975834
3243,1709233717.7976313,1709233717.7977183
3244,1709233717.8979962,1709233717.89805
3245,1709233718.002375,1709233718.0024192
3246,1709233718.0959218,1709233718.0959752
3247,1709233718.1958702,1709233718.1959336
3248,1709233718.2978654,1709233718.2980094
3249,1709233718.406276,1709233718.4063542
3250,1709233718.4955313,1709233718.495636
3251,1709233718.5999744,1709233718.6000159
3252,1709233718.6961844,1709233718.696245
3253,1709233718.8018456,1709233718.8019056
3254,1709233718.9151745,1709233718.9152267
3255,1709233718.9978242,1709233718.9978778
3256,1709233719.0913355,1709233719.0914273
3257,1709233719.1977205,1709233719.197775
3258,1709233719.297893,1709233719.2979462
3259,1709233719.3917034,1709233719.3917534
3260,1709233719.5008385,1709233719.5009012
3261,1709233719.594754,1709233719.594804
3262,1709233719.6972027,1709233719.6972482
3263,1709233719.8120706,1709233719.8121357
3264,1709233719.9003751,1709233719.9004452
3265,1709233719.9913182,1709233719.9913826
3266,1709233720.0923219,1709233720.0923991
3267,1709233720.1941571,1709233720.1942468
3268,1709233720.302982,1709233720.3030593
3269,1709233720.3996458,1709233720.3996918
3270,1709233720.5015235,1709233720.5019681
3271,1709233720.6053824,1709233720.6054192
3272,1709233720.721331,1709233720.7213855
3273,1709233720.809761,1709233720.809838
3274,1709233720.8992739,1709233720.8993256
3275,1709233721.0040734,1709233721.0041378
3276,1709233721.1084278,1709233721.1084857
3277,1709233721.2031739,1709233721.2032185
3278,1709233721.3023915,1709233721.3024426
3279,1709233721.4069872,1709233721.4070644
3280,1709233721.5124245,1709233721.5124795
3281,1709233721.5951629,1709233721.5952077
3282,1709233721.7048352,1709233721.7048795
3283,1709233721.8081465,1709233721.8081932
3284,1709233721.9104035,1709233721.9104497
3285,1709233722.000593,1709233722.0006
3286,1709233722.103358,1709233722.1033645
3287,1709233722.2006662,1709233722.200672
3288,1709233722.3110106,1709233722.311017
3289,1709233722.4121277,1709233722.412134
3290,1709233722.496142,1709233722.496148
3291,1709233722.5981803,1709233722.5981872
3292,1709233722.698755,1709233722.6987634
3293,1709233722.8042386,1709233722.8042474
3294,1709233722.899201,1709233722.8992085
3295,1709233722.9996524,1709233722.9996588
3296,1709233723.1068635,1709233723.106871
3297,1709233723.1973722,1709233723.1973796
3298,1709233723.318945,1709233723.318953
3299,1709233723.412762,1709233723.4127684
3300,1709233723.503582,1709233723.5035882
3301,1709233723.6010957,1709233723.601102
3302,1709233723.7018967,1709233723.7019043
3303,1709233723.80402,1709233723.8040273
3304,1709233723.9073656,1709233723.9073746
3305,1709233723.993158,1709233723.9931645
3306,1709233724.0971854,1709233724.1041167
3307,1709233724.2058249,1709233724.2201982
3308,1709233724.3122616,1709233724.3197608
3309,1709233724.4017797,1709233724.4130485
3310,1709233724.5007796,1709233724.5115325
3311,1709233724.607077,1709233724.6167042
3312,1709233724.698344,1709233724.708649
3313,1709233724.794931,1709233724.8075972
3314,1709233724.9032667,1709233724.910526
3315,1709233724.9985292,1709233725.0052361
3316,1709233725.0939176,1709233725.1012876
3317,1709233725.1963217,1709233725.2031946
3318,1709233725.3000557,1709233725.31025
3319,1709233725.3940773,1709233725.401145
3320,1709233725.4939122,1709233725.5008285
3321,1709233725.5921142,1709233725.5990953
3322,1709233725.690738,1709233725.701497
3323,1709233725.7969165,1709233725.8041823
3324,1709233725.894726,1709233725.9042535
3325,1709233725.9924834,1709233725.9993021
3326,1709233726.0922997,1709233726.100443
3327,1709233726.1984622,1709233726.2054968
3328,1709233726.299393,1709233726.3073986
3329,1709233726.3948815,1709233726.4045646
3330,1709233726.4935458,1709233726.501175
3331,1709233726.6042755,1709233726.6139057
3332,1709233726.7002597,1709233726.707645
3333,1709233726.7942078,1709233726.8018248
3334,1709233726.8970978,1709233726.9114025
3335,1709233726.997225,1709233727.0092132
3336,1709233727.0995011,1709233727.107649
3337,1709233727.1904738,1709233727.2020986
3338,1709233727.2937934,1709233727.305093
3339,1709233727.392236,1709233727.399551
3340,1709233727.4987218,1709233727.507391
3341,1709233727.5979915,1709233727.6049004
3342,1709233727.6951969,1709233727.7052572
3343,1709233727.7938588,1709233727.8017504
3344,1709233727.898919,1709233727.9086227
3345,1709233727.9908583,1709233727.9984496
3346,1709233728.0985603,1709233728.1096568
3347,1709233728.2022717,1709233728.2148736
3348,1709233728.295692,1709233728.3033793
3349,1709233728.3980439,1709233728.4070232
3350,1709233728.4994779,1709233728.5065713
3351,1709233728.5992305,1709233728.610702
3352,1709233728.6936398,1709233728.7019567
3353,1709233728.7957625,1709233728.805435
3354,1709233728.8938742,1709233728.901688
3355,1709233728.9954379,1709233729.0031939
3356,1709233729.1086512,1709233729.115987
3357,1709233729.1929557,1709233729.1984456
3358,1709233729.2937932,1709233729.3060732
3359,1709233729.3989983,1709233729.405953
3360,1709233729.4907,1709233729.4978235
3361,1709233729.5952747,1709233729.6027527
3362,1709233729.7006721,1709233729.709314
3363,1709233729.790019,1709233729.7967782
3364,1709233729.893521,1709233729.9024706
3365,1709233729.9917939,1709233730.0027277
3366,1709233730.097579,1709233730.1102965
3367,1709233730.199066,1709233730.2053955
3368,1709233730.2961528,1709233730.304464
3369,1709233730.3945422,1709233730.4092834
3370,1709233730.494201,1709233730.5023828
3371,1709233730.592855,1709233730.6009355
3372,1709233730.6942477,1709233730.702159
3373,1709233730.794608,1709233730.8033524
3374,1709233730.8952794,1709233730.903514
3375,1709233730.9909616,1709233730.997857
3376,1709233731.098844,1709233731.1072025
3377,1709233731.195915,1709233731.2029512
3378,1709233731.2977903,1709233731.3048651
3379,1709233731.398975,1709233731.405854
3380,1709233731.4935942,1709233731.503222
3381,1709233731.6074111,1709233731.6145177
3382,1709233731.6992373,1709233731.707822
3383,1709233731.8036678,1709233731.8122394
3384,1709233731.899672,1709233731.9075892
3385,1709233731.9954705,1709233732.003535
3386,1709233732.099237,1709233732.1100948
3387,1709233732.2026684,1709233732.2108161
3388,1709233732.3051698,1709233732.3127823
3389,1709233732.3980572,1709233732.4055104
3390,1709233732.4970798,1709233732.5056498
3391,1709233732.5902662,1709233732.5996401
3392,1709233732.695747,1709233732.703176
3393,1709233732.793541,1709233732.8023257
3394,1709233732.9049244,1709233732.914138
3395,1709233732.9912093,1709233732.9990454
3396,1709233733.093477,1709233733.1016421
3397,1709233733.2075822,1709233733.2152112
3398,1709233733.3000646,1709233733.3072095
3399,1709233733.3953393,1709233733.4035034
3400,1709233733.498423,1709233733.5058472
3401,1709233733.5936897,1709233733.6014004
3402,1709233733.6901793,1709233733.6966944
3403,1709233733.796111,1709233733.8041282
3404,1709233733.9005973,1709233733.906794
3405,1709233733.9978185,1709233734.0060673
3406,1709233734.0978599,1709233734.1037023
3407,1709233734.1934528,1709233734.200793
3408,1709233734.2972248,1709233734.3045442
3409,1709233734.404308,1709233734.41099
3410,1709233734.4969544,1709233734.5016038
3411,1709233734.5964189,1709233734.6033337
3412,1709233734.6950362,1709233734.7032528
3413,1709233734.7984326,1709233734.805778
3414,1709233734.897637,1709233734.9024034
3415,1709233734.9933915,1709233735.0019357
3416,1709233735.1017122,1709233735.1121533
3417,1709233735.1996465,1709233735.205375
3418,1709233735.2966895,1709233735.3049634
3419,1709233735.3938687,1709233735.402081
3420,1709233735.5015624,1709233735.5092695
3421,1709233735.5924368,1709233735.599509
3422,1709233735.6922493,1709233735.6996257
3423,1709233735.8008344,1709233735.8083484
3424,1709233735.9007933,1709233735.9105816
3425,1709233735.99675,1709233736.0043573
3426,1709233736.1011474,1709233736.107826
3427,1709233736.1915393,1709233736.1964784
3428,1709233736.2957938,1709233736.3013659
3429,1709233736.4055886,1709233736.4150355
3430,1709233736.4931045,1709233736.5002663
3431,1709233736.5942976,1709233736.6015825
3432,1709233736.6953554,1709233736.702159
3433,1709233736.7985878,1709233736.8060064
3434,1709233736.8993146,1709233736.9049416
3435,1709233737.0065646,1709233737.0120497
3436,1709233737.097165,1709233737.1046798
3437,1709233737.197144,1709233737.2044551
3438,1709233737.2924602,1709233737.2998781
3439,1709233737.4020495,1709233737.4094157
3440,1709233737.4945507,1709233737.5027244
3441,1709233737.5950463,1709233737.6014352
3442,1709233737.7029648,1709233737.7101967
3443,1709233737.7960489,1709233737.8133185
3444,1709233737.8899748,1709233737.8971999
3445,1709233737.992923,1709233737.9999447
3446,1709233738.0980427,1709233738.1078494
3447,1709233738.1943865,1709233738.201404
3448,1709233738.295705,1709233738.3045065
3449,1709233738.4006267,1709233738.4074214
3450,1709233738.493542,1709233738.5013595
3451,1709233738.5956202,1709233738.6030886
3452,1709233738.702139,1709233738.7101893
3453,1709233738.7991831,1709233738.805747
3454,1709233738.893031,1709233738.9002242
3455,1709233738.999018,1709233739.0076659
3456,1709233739.1024017,1709233739.1092472
3457,1709233739.1941326,1709233739.1996932
3458,1709233739.3040473,1709233739.3114204
3459,1709233739.3989947,1709233739.4061875
3460,1709233739.4901698,1709233739.4965363
3461,1709233739.5918756,1709233739.5964205
3462,1709233739.6920774,1709233739.6977262
3463,1709233739.7943053,1709233739.8017886
3464,1709233739.89018,1709233739.8993568
3465,1709233739.9983947,1709233740.0058522
3466,1709233740.0957482,1709233740.103157
3467,1709233740.1997886,1709233740.207588
3468,1709233740.3003678,1709233740.3069034
3469,1709233740.3952615,1709233740.4027
3470,1709233740.499019,1709233740.5071588
3471,1709233740.5936422,1709233740.600332
3472,1709233740.6962955,1709233740.7065964
3473,1709233740.8008718,1709233740.809941
3474,1709233740.9053662,1709233740.912713
3475,1709233740.9957378,1709233741.0069277
3476,1709233741.0946038,1709233741.100177
3477,1709233741.1910586,1709233741.1975117
3478,1709233741.2950773,1709233741.3029702
3479,1709233741.3991618,1709233741.40653
3480,1709233741.5044477,1709233741.5120761
3481,1709233741.5935996,1709233741.6009567
3482,1709233741.6934493,1709233741.7010665
3483,1709233741.7927516,1709233741.798639
3484,1709233741.8975785,1709233741.905058
3485,1709233741.9916365,1709233741.9972143
3486,1709233742.0951202,1709233742.1016762
3487,1709233742.1970835,1709233742.204732
3488,1709233742.3052576,1709233742.310724
3489,1709233742.3934727,1709233742.400706
3490,1709233742.500862,1709233742.5084329
3491,1709233742.5935345,1709233742.5992186
3492,1709233742.697868,1709233742.7052646
3493,1709233742.8033142,1709233742.8088691
3494,1709233742.898858,1709233742.9069815
3495,1709233742.9972758,1709233743.0048923
3496,1709233743.0968642,1709233743.1046271
3497,1709233743.192089,1709233743.200257
3498,1709233743.2930427,1709233743.3045561
3499,1709233743.3943994,1709233743.401201
3500,1709233743.4940412,1709233743.5026176
3501,1709233743.5967488,1709233743.603301
3502,1709233743.6944566,1709233743.7011538
3503,1709233743.7930262,1709233743.8006463
3504,1709233743.8967125,1709233743.904923
3505,1709233744.001191,1709233744.0076935
3506,1709233744.095101,1709233744.1026266
3507,1709233744.1977546,1709233744.205699
3508,1709233744.2968109,1709233744.3055859
3509,1709233744.3924997,1709233744.3996668
3510,1709233744.4956815,1709233744.5031595
3511,1709233744.6002636,1709233744.608244
3512,1709233744.6994038,1709233744.7067592
3513,1709233744.796348,1709233744.803721
3514,1709233744.8962784,1709233744.9072812
3515,1709233745.0035424,1709233745.0107672
3516,1709233745.1052234,1709233745.1122408
3517,1709233745.196928,1709233745.2034652
3518,1709233745.3020282,1709233745.309349
3519,1709233745.3950198,1709233745.4017448
3520,1709233745.5055857,1709233745.5105984
3521,1709233745.602806,1709233745.609772
3522,1709233745.695752,1709233745.7023475
3523,1709233745.7964995,1709233745.8053923
3524,1709233745.9046972,1709233745.9121335
3525,1709233745.9960802,1709233746.003865
3526,1709233746.095232,1709233746.1012313
3527,1709233746.1975613,1709233746.2044845
3528,1709233746.2953756,1709233746.3026774
3529,1709233746.4047601,1709233746.41421
3530,1709233746.4960017,1709233746.5027535
3531,1709233746.5943398,1709233746.6016657
3532,1709233746.698619,1709233746.7059448
3533,1709233746.795379,1709233746.802932
3534,1709233746.8992295,1709233746.904561
3535,1709233746.997134,1709233747.0058064
3536,1709233747.0988622,1709233747.0988698
3537,1709233747.1940033,1709233747.1940093
3538,1709233747.3025088,1709233747.302545
3539,1709233747.3942604,1709233747.3942668
3540,1709233747.4910262,1709233747.4910314
3541,1709233747.5974312,1709233747.5974388
3542,1709233747.6968913,1709233747.696898
3543,1709233747.796745,1709233747.7967508
3544,1709233747.894295,1709233747.8943012
3545,1709233748.00082,1709233748.0008242
3546,1709233748.100029,1709233748.1000378
3547,1709233748.2031658,1709233748.2031713
3548,1709233748.30781,1709233748.3078153
3549,1709233748.3983433,1709233748.3983524
3550,1709233748.4956634,1709233748.4956698
3551,1709233748.5981352,1709233748.598142
3552,1709233748.6969423,1709233748.6969478
3553,1709233748.8016834,1709233748.8016891
3554,1709233748.8993874,1709233748.899391
3555,1709233749.0062375,1709233749.0062444
3556,1709233749.1094964,1709233749.1095016
3557,1709233749.1986864,1709233749.1986918
3558,1709233749.295219,1709233749.2952251
3559,1709233749.3961895,1709233749.3961945
3560,1709233749.4998322,1709233749.4998379
3561,1709233749.5921593,1709233749.5921657
3562,1709233749.7001035,1709233749.700108
3563,1709233749.8003688,1709233749.8003764
3564,1709233749.8956904,1709233749.8956952
3565,1709233749.9976015,1709233749.997608
3566,1709233750.1041443,1709233750.1041503
3567,1709233750.2080672,1709233750.2080727
3568,1709233750.2994206,1709233750.299427
3569,1709233750.4024484,1709233750.4024553
3570,1709233750.4937415,1709233750.4937456
3571,1709233750.5930722,1709233750.5930777
3572,1709233750.695421,1709233750.6954272
3573,1709233750.7933607,1709233750.7933664
3574,1709233750.9011917,1709233750.9011984
3575,1709233750.9984283,1709233750.998434
3576,1709233751.0986636,1709233751.0986676
3577,1709233751.1906419,1709233751.190648
3578,1709233751.2929852,1709233751.2929897
3579,1709233751.4014235,1709233751.4014285
3580,1709233751.5002093,1709233751.5002158
3581,1709233751.601514,1709233751.6015198
3582,1709233751.7033472,1709233751.7033527
3583,1709233751.79752,1709233751.7975266
3584,1709233751.8939643,1709233751.8939693
3585,1709233751.992872,1709233751.9928756
3586,1709233752.096573,1709233752.0965788
3587,1709233752.1951308,1709233752.1951377
3588,1709233752.296563,1709233752.2965693
3589,1709233752.3921235,1709233752.392127
3590,1709233752.4928515,1709233752.4928565
3591,1709233752.5976698,1709233752.5976758
3592,1709233752.696536,1709233752.6965418
3593,1709233752.7968094,1709233752.7968156
3594,1709233752.8933914,1709233752.8933978
3595,1709233753.0067542,1709233753.0067604
3596,1709233753.09258,1709233753.0925853
3597,1709233753.196681,1709233753.196686
3598,1709233753.2949598,1709233753.294966
3599,1709233753.40334,1709233753.4033465
3600,1709233753.4914625,1709233753.4914682
3601,1709233753.5970361,1709233753.5970445
3602,1709233753.6949494,1709233753.694955
3603,1709233753.8036692,1709233753.8036757
3604,1709233753.896383,1709233753.8963861
3605,1709233753.9951587,1709233753.9951634
3606,1709233754.104122,1709233754.1041284
3607,1709233754.1949682,1709233754.1950004
3608,1709233754.2994368,1709233754.2994416
3609,1709233754.395346,1709233754.3953521
3610,1709233754.4987526,1709233754.4987578
3611,1709233754.5993369,1709233754.5993426
3612,1709233754.6938386,1709233754.6938457
3613,1709233754.7959383,1709233754.7959425
3614,1709233754.8998063,1709233754.8998144
3615,1709233754.9977918,1709233754.9977965
3616,1709233755.0979266,1709233755.0979333
3617,1709233755.1959016,1709233755.1959074
3618,1709233755.2949665,1709233755.2949722
3619,1709233755.395614,1709233755.3956199
3620,1709233755.4916925,1709233755.4916961
3621,1709233755.5937135,1709233755.5937219
3622,1709233755.7006505,1709233755.7006555
3623,1709233755.7971892,1709233755.7971933
3624,1709233755.8935091,1709233755.8935146
3625,1709233756.0044394,1709233756.0044494
3626,1709233756.096569,1709233756.0965726
3627,1709233756.199056,1709233756.1990607
3628,1709233756.2986686,1709233756.298674
3629,1709233756.403971,1709233756.4039783
3630,1709233756.4917424,1709233756.4917462
3631,1709233756.6030583,1709233756.603064
3632,1709233756.6942647,1709233756.6942701
3633,1709233756.7957816,1709233756.795788
3634,1709233756.9002273,1709233756.9002383
3635,1709233756.9953213,1709233756.9953268
3636,1709233757.0984228,1709233757.098429
3637,1709233757.1991525,1709233757.19916
3638,1709233757.2974937,1709233757.2974985
3639,1709233757.3991427,1709233757.3991485
3640,1709233757.4969456,1709233757.496951
3641,1709233757.6003091,1709233757.6003153
3642,1709233757.6924639,1709233757.6924694
3643,1709233757.7924511,1709233757.7924552
3644,1709233757.8950205,1709233757.8950267
3645,1709233757.996892,1709233757.996898
3646,1709233758.0952783,1709233758.095285
3647,1709233758.1911566,1709233758.1911616
3648,1709233758.3040938,1709233758.3041012
3649,1709233758.396753,1709233758.396759
3650,1709233758.5001314,1709233758.5001364
3651,1709233758.5907829,1709233758.5907874
3652,1709233758.69184,1709233758.6918466
3653,1709233758.7985654,1709233758.7985706
3654,1709233758.9057603,1709233758.9057653
3655,1709233758.9986308,1709233758.9986343
3656,1709233759.1009135,1709233759.100921
3657,1709233759.1981287,1709233759.1981344
3658,1709233759.2988076,1709233759.2988133
3659,1709233759.3948789,1709233759.3948858
3660,1709233759.500632,1709233759.5006366
3661,1709233759.5994418,1709233759.5994482
3662,1709233759.7031991,1709233759.7032046
3663,1709233759.795048,1709233759.7950537
3664,1709233759.8953843,1709233759.8953912
3665,1709233759.9937177,1709233759.9937234
3666,1709233760.0947685,1709233760.094776
3667,1709233760.1899428,1709233760.189949
3668,1709233760.2915359,1709233760.2915425
3669,1709233760.3991256,1709233760.399132
3670,1709233760.495342,1709233760.4953492
3671,1709233760.5922883,1709233760.5922942
3672,1709233760.6919158,1709233760.6919224
3673,1709233760.8031638,1709233760.8031702
3674,1709233760.8970842,1709233760.8970914
3675,1709233760.9948318,1709233760.9948378
3676,1709233761.0943928,1709233761.094399
3677,1709233761.1995907,1709233761.1995943
3678,1709233761.2910311,1709233761.2910354
3679,1709233761.398443,1709233761.3984532
3680,1709233761.4957616,1709233761.4957676
3681,1709233761.5993242,1709233761.5993307
3682,1709233761.6961145,1709233761.69612
3683,1709233761.7962816,1709233761.796309
3684,1709233761.894722,1709233761.8947265
3685,1709233761.9924898,1709233761.9924953
3686,1709233762.098946,1709233762.098953
3687,1709233762.192797,1709233762.192803
3688,1709233762.3026063,1709233762.302613
3689,1709233762.3915293,1709233762.3915336
3690,1709233762.493337,1709233762.4933429
3691,1709233762.5929494,1709233762.5929558
3692,1709233762.6984904,1709233762.6984968
3693,1709233762.7977304,1709233762.7977364
3694,1709233762.8946972,1709233762.894704
3695,1709233762.9974906,1709233762.9974964
3696,1709233763.0923312,1709233763.0923417
3697,1709233763.1954527,1709233763.1954591
3698,1709233763.3010583,1709233763.3010645
3699,1709233763.3924913,1709233763.3924968
3700,1709233763.4921234,1709233763.4921272
3701,1709233763.5968997,1709233763.5969083
3702,1709233763.6915607,1709233763.6915677
3703,1709233763.805015,1709233763.8050208
3704,1709233763.9067807,1709233763.906786
3705,1709233764.0031347,1709233764.003141
3706,1709233764.1006637,1709233764.1006694
3707,1709233764.2036204,1709233764.2036273
3708,1709233764.3012629,1709233764.3012698
3709,1709233764.3982537,1709233764.3982577
3710,1709233764.4930406,1709233764.4930465
3711,1709233764.5914063,1709233764.5914114
3712,1709233764.6917741,1709233764.6917806
3713,1709233764.7935672,1709233764.7935731
3714,1709233764.904428,1709233764.9044352
3715,1709233764.9980178,1709233764.9980257
3716,1709233765.0966754,1709233765.0966814
3717,1709233765.1989734,1709233765.1989799
3718,1709233765.2948437,1709233765.2948506
3719,1709233765.4050949,1709233765.4051015
3720,1709233765.497265,1709233765.4972715
3721,1709233765.598597,1709233765.598604
3722,1709233765.69737,1709233765.6973739
3723,1709233765.7958372,1709233765.7958426
3724,1709233765.8948355,1709233765.894842
3725,1709233765.9969387,1709233765.9969454
3726,1709233766.0920706,1709233766.092076
3727,1709233766.1906672,1709233766.190671
3728,1709233766.2980464,1709233766.2980523
3729,1709233766.3979516,1709233766.397957
3730,1709233766.502672,1709233766.5026786
3731,1709233766.6014721,1709233766.6014786
3732,1709233766.702014,1709233766.7020202
3733,1709233766.7945201,1709233766.7945273
3734,1709233766.8911498,1709233766.8911555
3735,1709233766.9962327,1709233766.9962394
3736,1709233767.092176,1709233767.0921814
3737,1709233767.1920133,1709233767.1920187
3738,1709233767.2987294,1709233767.2987335
3739,1709233767.395559,1709233767.395565
3740,1709233767.495983,1709233767.49599
3741,1709233767.5980728,1709233767.5980794
3742,1709233767.6952326,1709233767.6952384
3743,1709233767.799099,1709233767.799107
3744,1709233767.8928037,1709233767.8928118
3745,1709233767.9976623,1709233767.9976676
3746,1709233768.0933728,1709233768.0933788
3747,1709233768.1950827,1709233768.1950939
3748,1709233768.304968,1709233768.304974
3749,1709233768.3925486,1709233768.3925545
3750,1709233768.4915318,1709233768.491539
3751,1709233768.5917509,1709233768.5917573
3752,1709233768.6989894,1709233768.6989973
3753,1709233768.7907135,1709233768.7907193
3754,1709233768.8974323,1709233768.8974383
3755,1709233769.0049202,1709233769.004926
3756,1709233769.090651,1709233769.0906587
3757,1709233769.193807,1709233769.1938128
3758,1709233769.297909,1709233769.2979162
3759,1709233769.3955126,1709233769.3955193
3760,1709233769.4996386,1709233769.4996448
3761,1709233769.944572,1709233769.9445841
3762,1709233769.9514458,1709233769.95145
3763,1709233770.0032158,1709233770.0032218
3764,1709233770.1134858,1709233770.1134927
3765,1709233770.1956916,1709233770.1956983
3766,1709233770.3027985,1709233770.3028042
3767,1709233770.3939056,1709233770.3939118
3768,1709233770.4986348,1709233770.4986413
3769,1709233770.5985248,1709233770.5985317
3770,1709233770.6933591,1709233770.693367
3771,1709233770.8064835,1709233770.806491
3772,1709233770.9041936,1709233770.9041994
3773,1709233770.9995906,1709233770.999597
3774,1709233771.097798,1709233771.0978043
3775,1709233771.1999981,1709233771.2000055
3776,1709233771.3017886,1709233771.301795
3777,1709233771.3972533,1709233771.3972585
3778,1709233771.501769,1709233771.5017738
3779,1709233771.5968118,1709233771.5968175
3780,1709233771.697307,1709233771.6973133
3781,1709233771.8011913,1709233771.8011978
3782,1709233771.8921237,1709233771.8921301
3783,1709233771.9905558,1709233771.9905596
3784,1709233772.100274,1709233772.100279
3785,1709233772.195224,1709233772.1952307
3786,1709233772.2951276,1709233772.295133
3787,1709233772.3982482,1709233772.3982546
3788,1709233772.4975271,1709233772.4975312
3789,1709233772.597159,1709233772.5971653
3790,1709233772.6950226,1709233772.6950347
3791,1709233772.7959168,1709233772.7959251
3792,1709233772.901367,1709233772.9013734
3793,1709233772.9913082,1709233772.9913135
3794,1709233773.091955,1709233773.0919623
3795,1709233773.1921687,1709233773.192173
3796,1709233773.2929428,1709233773.2929494
3797,1709233773.3983817,1709233773.3983874
3798,1709233773.4984796,1709233773.4984865
3799,1709233773.5953302,1709233773.595336
3800,1709233773.6954033,1709233773.6954117
3801,1709233773.7979946,1709233773.7980027
3802,1709233773.8961172,1709233773.8961234
3803,1709233773.994851,1709233773.9948573
3804,1709233774.0950873,1709233774.095093
3805,1709233774.2030818,1709233774.2030904
3806,1709233774.3050156,1709233774.3050222
3807,1709233774.3960376,1709233774.3960447
3808,1709233774.4962344,1709233774.4962466
3809,1709233774.6031747,1709233774.603181
3810,1709233774.6910608,1709233774.691066
3811,1709233774.795433,1709233774.7954385
3812,1709233774.8972723,1709233774.8972793
3813,1709233774.9958925,1709233774.9959
3814,1709233775.0981455,1709233775.0981514
3815,1709233775.2031238,1709233775.2031312
3816,1709233775.2917697,1709233775.2917755
3817,1709233775.3973024,1709233775.3973083
3818,1709233775.4965088,1709233775.4965155
3819,1709233775.5972633,1709233775.5972693
3820,1709233775.6958256,1709233775.6958318
3821,1709233775.7987907,1709233775.798796
3822,1709233775.8985534,1709233775.8985581
3823,1709233776.0041974,1709233776.0042038
3824,1709233776.0927632,1709233776.092767
3825,1709233776.2002084,1709233776.2002127
3826,1709233776.3025196,1709233776.3025255
3827,1709233776.3907835,1709233776.3907893
3828,1709233776.4988768,1709233776.4988832
3829,1709233776.5986068,1709233776.5986106
3830,1709233776.7077243,1709233776.707731
3831,1709233776.7955072,1709233776.7955134
3832,1709233776.895415,1709233776.895421
3833,1709233776.9911878,1709233776.9911945
3834,1709233777.097102,1709233777.097108
3835,1709233777.199463,1709233777.19947
3836,1709233777.2962747,1709233777.2962785
3837,1709233777.3959422,1709233777.3959486
3838,1709233777.504606,1709233777.5046127
3839,1709233777.6047986,1709233777.604803
3840,1709233777.6902566,1709233777.6902623
3841,1709233777.806821,1709233777.806828
3842,1709233777.8903377,1709233777.8903413
3843,1709233777.9918816,1709233777.9918878
3844,1709233778.0996366,1709233778.0996435
3845,1709233778.2009795,1709233778.2009854
3846,1709233778.3049946,1709233778.3050013
3847,1709233778.3936975,1709233778.393702
3848,1709233778.502092,1709233778.5020988
3849,1709233778.5973055,1709233778.5973113
3850,1709233778.6934497,1709233778.6934564
3851,1709233778.7994983,1709233778.799505
3852,1709233778.9034636,1709233778.9034717
3853,1709233778.9954674,1709233778.9954731
3854,1709233779.0983927,1709233779.0983992
3855,1709233779.191753,1709233779.191759
3856,1709233779.3004239,1709233779.3004303
3857,1709233779.398617,1709233779.3986256
3858,1709233779.4975,1709233779.4975085
3859,1709233779.6081095,1709233779.6081166
3860,1709233779.693277,1709233779.693281
3861,1709233779.795561,1709233779.795566
3862,1709233779.9069893,1709233779.906997
3863,1709233779.9957137,1709233779.9957194
3864,1709233780.0963287,1709233780.0963354
3865,1709233780.2002223,1709233780.2002263
3866,1709233780.296089,1709233780.2960927
3867,1709233780.3946607,1709233780.394666
3868,1709233780.4952192,1709233780.4952242
3869,1709233780.595374,1709233780.5953798
3870,1709233780.7006118,1709233780.7006176
3871,1709233780.7949994,1709233780.795007
3872,1709233780.902362,1709233780.9023693
3873,1709233780.997027,1709233780.997032
3874,1709233781.0968192,1709233781.0968251
3875,1709233781.2033427,1709233781.2033489
3876,1709233781.2951238,1709233781.2951307
3877,1709233781.3998392,1709233781.3998442
3878,1709233781.4981508,1709233781.4981573
3879,1709233781.5943391,1709233781.5943427
3880,1709233781.6937897,1709233781.693796
3881,1709233781.807363,1709233781.8073707
3882,1709233781.891993,1709233781.8919988
3883,1709233782.0024605,1709233782.0024667
3884,1709233782.1010602,1709233782.1010664
3885,1709233782.2041814,1709233782.2041867
3886,1709233782.3013752,1709233782.3013847
3887,1709233782.3971558,1709233782.3971624
3888,1709233782.4991884,1709233782.4991944
3889,1709233782.6076918,1709233782.6077008
3890,1709233782.6968448,1709233782.6968517
3891,1709233782.7963116,1709233782.7963169
3892,1709233782.8916066,1709233782.8916154
3893,1709233783.0026429,1709233783.0026503
3894,1709233783.0981836,1709233783.0981903
3895,1709233783.1992245,1709233783.1992302
3896,1709233783.3006837,1709233783.3006892
3897,1709233783.3929064,1709233783.3929121
3898,1709233783.4949756,1709233783.4949815
3899,1709233783.600957,1709233783.600963
3900,1709233783.6988106,1709233783.698816
3901,1709233783.79705,1709233783.7970562
3902,1709233783.9069762,1709233783.906982
3903,1709233783.997967,1709233783.9979725
3904,1709233784.099201,1709233784.0992072
3905,1709233784.1940587,1709233784.194064
3906,1709233784.2994916,1709233784.299499
3907,1709233784.3995564,1709233784.3995674
3908,1709233784.497125,1709233784.4971304
3909,1709233784.6020837,1709233784.6020894
3910,1709233784.7061572,1709233784.7061632
3911,1709233784.7969077,1709233784.7969136
3912,1709233784.8960547,1709233784.896061
3913,1709233784.9993603,1709233784.9993672
3914,1709233785.1010075,1709233785.1010125
3915,1709233785.2041993,1709233785.204204
3916,1709233785.300124,1709233785.3001282
3917,1709233785.3918326,1709233785.3918383
3918,1709233785.4946525,1709233785.4946592
3919,1709233785.5929575,1709233785.5929632
3920,1709233785.69832,1709233785.6983244
3921,1709233785.799301,1709233785.799306
3922,1709233785.8968744,1709233785.8968806
3923,1709233786.0025418,1709233786.0025513
3924,1709233786.0960338,1709233786.0960395
3925,1709233786.1961515,1709233786.1961563
3926,1709233786.2940202,1709233786.294026
3927,1709233786.4062743,1709233786.4062803
3928,1709233786.4992025,1709233786.499208
3929,1709233786.6081717,1709233786.6081803
3930,1709233786.7031906,1709233786.703197
3931,1709233786.800831,1709233786.8008358
3932,1709233786.9056118,1709233786.9056182
3933,1709233787.008034,1709233787.0080664
3934,1709233787.1003258,1709233787.1003318
3935,1709233787.1907792,1709233787.1907852
3936,1709233787.2919605,1709233787.291968
3937,1709233787.3920257,1709233787.3920326
3938,1709233787.4962337,1709233787.4962401
3939,1709233787.5958803,1709233787.5958867
3940,1709233787.6963997,1709233787.6964054
3941,1709233787.8039806,1709233787.8039868
3942,1709233787.8944745,1709233787.8944802
3943,1709233788.0003877,1709233788.0003936
3944,1709233788.1032972,1709233788.1033025
3945,1709233788.1932614,1709233788.1932666
3946,1709233788.3027136,1709233788.302719
3947,1709233788.391839,1709233788.3918495
3948,1709233788.50544,1709233788.505448
3949,1709233788.6077359,1709233788.6077406
3950,1709233788.696782,1709233788.6967885
3951,1709233788.798381,1709233788.7983873
3952,1709233788.9024947,1709233788.902501
3953,1709233788.9913962,1709233788.9914002
3954,1709233789.1003137,1709233789.1003177
3955,1709233789.1969616,1709233789.1969666
3956,1709233789.3029335,1709233789.3029404
3957,1709233789.4006572,1709233789.4006624
3958,1709233789.4997005,1709233789.4997058
3959,1709233789.600676,1709233789.6006827
3960,1709233789.6960807,1709233789.696087
3961,1709233789.7919,1709233789.7919056
3962,1709233789.8968542,1709233789.8968606
3963,1709233789.9963791,1709233789.9963858
3964,1709233790.0963082,1709233790.0963166
3965,1709233790.1919236,1709233790.1919303
3966,1709233790.294386,1709233790.2943916
3967,1709233790.402575,1709233790.4025817
3968,1709233790.4966633,1709233790.4966693
3969,1709233790.5961277,1709233790.5961332
3970,1709233790.69711,1709233790.6971157
3971,1709233790.795425,1709233790.7954311
3972,1709233790.8972278,1709233790.8972313
3973,1709233790.9924204,1709233790.992427
3974,1709233791.0961704,1709233791.0961742
3975,1709233791.1969764,1709233791.1969826
3976,1709233791.2969863,1709233791.2969923
3977,1709233791.3907702,1709233791.390775
3978,1709233791.4935033,1709233791.4935088
3979,1709233791.5948393,1709233791.594846
3980,1709233791.6921873,1709233791.692194
3981,1709233791.795317,1709233791.7953234
3982,1709233791.8973763,1709233791.8973832
3983,1709233791.9920208,1709233791.992028
3984,1709233792.0987346,1709233792.0987382
3985,1709233792.195771,1709233792.1957772
3986,1709233792.2987008,1709233792.2987065
3987,1709233792.3928356,1709233792.392842
3988,1709233792.5056455,1709233792.5056505
3989,1709233792.595556,1709233792.5955613
3990,1709233792.6982777,1709233792.6982837
3991,1709233792.8037896,1709233792.803796
3992,1709233792.8949811,1709233792.8949888
3993,1709233792.9975832,1709233792.9975889
3994,1709233793.1002092,1709233793.1002176
3995,1709233793.1958063,1709233793.1958125
3996,1709233793.3066797,1709233793.3066876
3997,1709233793.394812,1709233793.394818
3998,1709233793.4944313,1709233793.4944377
3999,1709233793.59517,1709233793.595176
4000,1709233793.69202,1709233793.6920261
4001,1709233793.8020687,1709233793.802075
4002,1709233793.8974075,1709233793.897415
4003,1709233793.9967885,1709233793.9967973
4004,1709233794.091562,1709233794.0915658
4005,1709233794.2039137,1709233794.2039208
4006,1709233794.300519,1709233794.3005254
4007,1709233794.3988707,1709233794.398877
4008,1709233794.4906087,1709233794.490615
4009,1709233794.596956,1709233794.5969617
4010,1709233794.697427,1709233794.6974354
4011,1709233794.8017712,1709233794.8017807
4012,1709233794.8965168,1709233794.8965232
4013,1709233794.997393,1709233794.997397
4014,1709233795.1077738,1709233795.1077807
4015,1709233795.198914,1709233795.1989222
4016,1709233795.2925007,1709233795.2925065
4017,1709233795.39443,1709233795.3944368
4018,1709233795.4961548,1709233795.496159
4019,1709233795.604039,1709233795.6040456
4020,1709233795.7032895,1709233795.703296
4021,1709233795.7938037,1709233795.7938075
4022,1709233795.895428,1709233795.895432
4023,1709233795.992606,1709233795.992612
4024,1709233796.0952396,1709233796.095245
4025,1709233796.1968882,1709233796.196895
4026,1709233796.3077812,1709233796.3077893
4027,1709233796.408907,1709233796.4089947
4028,1709233796.5066752,1709233796.5067286
4029,1709233796.5942616,1709233796.5943472
4030,1709233796.6915014,1709233796.6915472
4031,1709233796.7929707,1709233796.7930117
4032,1709233796.898559,1709233796.898604
4033,1709233796.9908922,1709233796.9909394
4034,1709233797.0942538,1709233797.094299
4035,1709233797.195936,1709233797.1959426
4036,1709233797.294072,1709233797.2940784
4037,1709233797.3961165,1709233797.3961225
4038,1709233797.4953864,1709233797.495394
4039,1709233797.5995874,1709233797.5995934
4040,1709233797.6973486,1709233797.6973555
4041,1709233797.793789,1709233797.7937949
4042,1709233797.8926306,1709233797.8926353
4043,1709233797.9977856,1709233797.9978306
4044,1709233798.097429,1709233798.097437
4045,1709233798.198018,1709233798.198024
4046,1709233798.3006566,1709233798.3006632
4047,1709233798.3909843,1709233798.39099
4048,1709233798.5015836,1709233798.5015886
4049,1709233798.5936272,1709233798.5936337
4050,1709233798.693266,1709233798.693272
4051,1709233798.7956736,1709233798.7956796
4052,1709233798.899086,1709233798.8990905
4053,1709233798.9955966,1709233798.995602
4054,1709233799.0914075,1709233799.0914118
4055,1709233799.1913831,1709233799.1913877
4056,1709233799.2957299,1709233799.3071816
4057,1709233799.3994122,1709233799.406175
4058,1709233799.5035915,1709233799.5092933
4059,1709233799.5980864,1709233799.6074452
4060,1709233799.6999137,1709233799.708888
4061,1709233799.8059056,1709233799.8138065
4062,1709233799.8961723,1709233799.905105
4063,1709233799.992211,1709233800.0015857
4064,1709233800.0938158,1709233800.1025133
4065,1709233800.1999145,1709233800.207698
4066,1709233800.30731,1709233800.3146958
4067,1709233800.391741,1709233800.400549
4068,1709233800.5089164,1709233800.5177596
4069,1709233800.5952764,1709233800.6026068
4070,1709233800.6975071,1709233800.7046041
4071,1709233800.7963572,1709233800.806651
4072,1709233800.8904943,1709233800.8969727
4073,1709233800.9975736,1709233801.006016
4074,1709233801.0947843,1709233801.102523
4075,1709233801.1939123,1709233801.2061503
4076,1709233801.2903473,1709233801.2982967
4077,1709233801.3976018,1709233801.4060376
4078,1709233801.4915102,1709233801.4998348
4079,1709233801.591355,1709233801.5994318
4080,1709233801.6985426,1709233801.707943
4081,1709233801.7971032,1709233801.8094618
4082,1709233801.9033628,1709233801.9139066
4083,1709233802.0032187,1709233802.0117779
4084,1709233802.0977805,1709233802.1116025
4085,1709233802.196688,1709233802.206512
4086,1709233802.290242,1709233802.3011909
4087,1709233802.3956213,1709233802.4039698
4088,1709233802.4992616,1709233802.5075054
4089,1709233802.5956295,1709233802.606865
4090,1709233802.6919239,1709233802.7001808
4091,1709233802.7968605,1709233802.806928
4092,1709233802.8984866,1709233802.9074016
4093,1709233803.006175,1709233803.0160897
4094,1709233803.0960932,1709233803.1043425
4095,1709233803.1982257,1709233803.2069325
4096,1709233803.302542,1709233803.3100262
4097,1709233803.3963144,1709233803.4065764
4098,1709233803.4979844,1709233803.5095665
4099,1709233803.5962992,1709233803.6093588
4100,1709233803.703582,1709233803.712827
4101,1709233803.7955568,1709233803.8038566
4102,1709233803.9139569,1709233803.9274602
4103,1709233803.9931567,1709233804.0050006
4104,1709233804.0962994,1709233804.106719
4105,1709233804.1956263,1709233804.2036483
4106,1709233804.2976048,1709233804.3079183
4107,1709233804.3917904,1709233804.4021344
4108,1709233804.509041,1709233804.5199504
4109,1709233804.595612,1709233804.6053379
4110,1709233804.7020934,1709233804.7195296
4111,1709233804.81548,1709233804.8247802
4112,1709233804.8958843,1709233804.9055777
4113,1709233804.994334,1709233805.0045903
4114,1709233805.0962348,1709233805.105374
4115,1709233805.1982443,1709233805.2065015
4116,1709233805.2944624,1709233805.3023057
4117,1709233805.3929846,1709233805.4013457
4118,1709233805.4976192,1709233805.5072055
4119,1709233805.59728,1709233805.6089256
4120,1709233805.6939116,1709233805.7054133
4121,1709233805.7991624,1709233805.8093584
4122,1709233805.8913355,1709233805.8994102
4123,1709233805.9952056,1709233806.0080712
4124,1709233806.09165,1709233806.1016102
4125,1709233806.207859,1709233806.215542
4126,1709233806.2957225,1709233806.3075757
4127,1709233806.4014046,1709233806.4148066
4128,1709233806.4941761,1709233806.5033374
4129,1709233806.5947938,1709233806.6027606
4130,1709233806.6951463,1709233806.703893
4131,1709233806.7991633,1709233806.8081725
4132,1709233806.895243,1709233806.907817
4133,1709233806.9987402,1709233807.0102298
4134,1709233807.0955377,1709233807.1110392
4135,1709233807.1959515,1709233807.2042809
4136,1709233807.2967763,1709233807.30771
4137,1709233807.3959217,1709233807.406581
4138,1709233807.4949937,1709233807.5045505
4139,1709233807.5943394,1709233807.6018915
4140,1709233807.7023122,1709233807.714654
4141,1709233807.7945585,1709233807.8040054
4142,1709233807.9083421,1709233807.9150574
4143,1709233807.994361,1709233808.0020618
4144,1709233808.0964472,1709233808.1037123
4145,1709233808.2015867,1709233808.2117646
4146,1709233808.2960842,1709233808.3077927
4147,1709233808.3966389,1709233808.4087672
4148,1709233808.4964385,1709233808.503898
4149,1709233808.604308,1709233808.6150866
4150,1709233808.697063,1709233808.708402
4151,1709233808.7984364,1709233808.8084052
4152,1709233808.8969233,1709233808.9066803
4153,1709233809.0034988,1709233809.0132182
4154,1709233809.0985842,1709233809.1111226
4155,1709233809.1907191,1709233809.1992795
4156,1709233809.2981834,1709233809.3063204
4157,1709233809.3903632,1709233809.3985353
4158,1709233809.4976783,1709233809.5053988
4159,1709233809.5991936,1709233809.6075873
4160,1709233809.6965516,1709233809.706264
4161,1709233809.799261,1709233809.807844
4162,1709233809.8968108,1709233809.9060411
4163,1709233810.0053594,1709233810.0166407
4164,1709233810.0946915,1709233810.103657
4165,1709233810.203175,1709233810.2133489
4166,1709233810.294278,1709233810.3029575
4167,1709233810.392196,1709233810.4024045
4168,1709233810.4935455,1709233810.5052583
4169,1709233810.5901797,1709233810.5997667
4170,1709233810.7021174,1709233810.709913
4171,1709233810.8024993,1709233810.8096628
4172,1709233810.906401,1709233810.9231644
4173,1709233810.9945474,1709233811.0034494
4174,1709233811.091864,1709233811.102022
4175,1709233811.1938934,1709233811.2026522
4176,1709233811.2976654,1709233811.3066545
4177,1709233811.4108405,1709233811.418671
4178,1709233811.4935472,1709233811.5017467
4179,1709233811.5964413,1709233811.607752
4180,1709233811.6976876,1709233811.706855
4181,1709233811.796443,1709233811.8097644
4182,1709233811.8914964,1709233811.9004896
4183,1709233811.9987714,1709233812.0079613
4184,1709233812.0980344,1709233812.107028
4185,1709233812.1934972,1709233812.2034373
4186,1709233812.2913475,1709233812.3024378
4187,1709233812.397384,1709233812.4069781
4188,1709233812.494093,1709233812.5021622
4189,1709233812.5927467,1709233812.6012542
4190,1709233812.6957831,1709233812.71246
4191,1709233812.7997177,1709233812.8105054
4192,1709233812.8916576,1709233812.9013739
4193,1709233812.997059,1709233813.0079384
4194,1709233813.094391,1709233813.1029484
4195,1709233813.1964743,1709233813.20624
4196,1709233813.2956991,1709233813.305048
4197,1709233813.3958228,1709233813.4055424
4198,1709233813.4952297,1709233813.5038235
4199,1709233813.596354,1709233813.6051636
4200,1709233813.69801,1709233813.7078424
4201,1709233813.793207,1709233813.8087437
4202,1709233813.8974116,1709233813.9089427
4203,1709233813.9954526,1709233814.004676
4204,1709233814.1007478,1709233814.1105103
4205,1709233814.1941242,1709233814.2033575
4206,1709233814.293539,1709233814.3016615
4207,1709233814.4030087,1709233814.415279
4208,1709233814.4944322,1709233814.5073965
4209,1709233814.5954685,1709233814.606049
4210,1709233814.692204,1709233814.7009184
4211,1709233814.7953484,1709233814.8048573
4212,1709233814.892907,1709233814.9001005
4213,1709233814.991241,1709233815.0018506
4214,1709233815.0967948,1709233815.1052744
4215,1709233815.1961637,1709233815.2038832
4216,1709233815.294688,1709233815.3106802
4217,1709233815.397165,1709233815.4079535
4218,1709233815.4953246,1709233815.5027728
4219,1709233815.596462,1709233815.6042063
4220,1709233815.7061884,1709233815.7148745
4221,1709233815.7947698,1709233815.8025649
4222,1709233815.8957453,1709233815.9039934
4223,1709233816.0011039,1709233816.0098076
4224,1709233816.0956628,1709233816.1042247
4225,1709233816.190483,1709233816.201093
4226,1709233816.3000193,1709233816.3085206
4227,1709233816.3923318,1709233816.400852
4228,1709233816.4919248,1709233816.5003943
4229,1709233816.5930429,1709233816.6025124
4230,1709233816.6908703,1709233816.7061381
4231,1709233816.7972963,1709233816.8093116
4232,1709233816.8933806,1709233816.9050138
4233,1709233816.9966178,1709233817.006785
4234,1709233817.0945036,1709233817.103646
4235,1709233817.1922994,1709233817.2022612
4236,1709233817.2937942,1709233817.303194
4237,1709233817.3942454,1709233817.4029653
4238,1709233817.498465,1709233817.5074122
4239,1709233817.600394,1709233817.6088219
4240,1709233817.6965742,1709233817.7033746
4241,1709233817.8049874,1709233817.813154
4242,1709233817.8989832,1709233817.9067929
4243,1709233817.9975564,1709233818.005823
4244,1709233818.1529884,1709233818.161783
4245,1709233818.191085,1709233818.1998072
4246,1709233818.2983038,1709233818.3117805
4247,1709233818.3999991,1709233818.4089854
4248,1709233818.4941227,1709233818.5013971
4249,1709233818.6000125,1709233818.6101587
4250,1709233818.6918437,1709233818.7007046
4251,1709233818.7923653,1709233818.7992556
4252,1709233818.8959346,1709233818.9024937
4253,1709233818.996918,1709233819.0038393
4254,1709233819.0955026,1709233819.1036522
4255,1709233819.1897712,1709233819.198301
4256,1709233819.2912185,1709233819.3004503
4257,1709233819.39676,1709233819.4052432
4258,1709233819.4986744,1709233819.5061913
4259,1709233819.5947363,1709233819.6074498
4260,1709233819.6945112,1709233819.7030823
4261,1709233819.8031127,1709233819.8112264
4262,1709233819.8954823,1709233819.9047117
4263,1709233819.9915893,1709233820.0027697
4264,1709233820.091764,1709233820.1046526
4265,1709233820.1962495,1709233820.2050402
4266,1709233820.3003712,1709233820.3104064
4267,1709233820.3979151,1709233820.407023
4268,1709233820.5079958,1709233820.515621
4269,1709233820.594703,1709233820.6037006
4270,1709233820.6974337,1709233820.7154725
4271,1709233820.7975693,1709233820.8101783
4272,1709233820.897917,1709233820.9098628
4273,1709233820.9991236,1709233821.010632
4274,1709233821.09054,1709233821.1002824
4275,1709233821.1995804,1709233821.2090514
4276,1709233821.2999363,1709233821.3098316
4277,1709233821.4034197,1709233821.4153793
4278,1709233821.5053947,1709233821.5138953
4279,1709233821.596064,1709233821.6052155
4280,1709233821.6974583,1709233821.7065086
4281,1709233821.8108504,1709233821.8203752
4282,1709233821.890455,1709233821.9005077
4283,1709233822.0006256,1709233822.0094416
4284,1709233822.1011858,1709233822.1111243
4285,1709233822.1913881,1709233822.2011752
4286,1709233822.2940564,1709233822.294062
4287,1709233822.4036455,1709233822.403651
4288,1709233822.497741,1709233822.497747
4289,1709233822.5973086,1709233822.5973141
4290,1709233822.6950915,1709233822.6950967
4291,1709233822.7991216,1709233822.7991266
4292,1709233822.8998451,1709233822.8998523
4293,1709233823.0080156,1709233823.0080214
4294,1709233823.0973127,1709233823.0973232
4295,1709233823.1924405,1709233823.1924462
4296,1709233823.2951415,1709233823.2951472
4297,1709233823.3979776,1709233823.397984
4298,1709233823.5055397,1709233823.5055463
4299,1709233823.5950298,1709233823.5950348
4300,1709233823.6942809,1709233823.694286
4301,1709233823.80703,1709233823.807036
4302,1709233823.8951733,1709233823.8951793
4303,1709233823.9903007,1709233823.9903064
4304,1709233824.0936105,1709233824.0936158
4305,1709233824.1934078,1709233824.1934142
4306,1709233824.297708,1709233824.2977135
4307,1709233824.4073415,1709233824.4073474
4308,1709233824.4955552,1709233824.4955614
4309,1709233824.5908175,1709233824.5908248
4310,1709233824.698701,1709233824.6987073
4311,1709233824.8008075,1709233824.8008144
4312,1709233824.8989334,1709233824.8989406
4313,1709233825.002612,1709233825.002619
4314,1709233825.0968497,1709233825.096856
4315,1709233825.2028584,1709233825.202865
4316,1709233825.3067975,1709233825.3068063
4317,1709233825.396808,1709233825.3968136
4318,1709233825.5067396,1709233825.506745
4319,1709233825.6101024,1709233825.610109
4320,1709233825.694393,1709233825.6943982
4321,1709233825.8061376,1709233825.806145
4322,1709233825.8975065,1709233825.8975124
4323,1709233825.997629,1709233825.997638
4324,1709233826.0972548,1709233826.0972607
4325,1709233826.1946914,1709233826.1946976
4326,1709233826.3062563,1709233826.306265
4327,1709233826.3974524,1709233826.3974576
4328,1709233826.4964268,1709233826.4964335
4329,1709233826.605463,1709233826.60547
4330,1709233826.6985502,1709233826.6985562
4331,1709233826.8066177,1709233826.806623
4332,1709233826.8961375,1709233826.896141
4333,1709233826.9934573,1709233826.9934638
4334,1709233827.106426,1709233827.1064312
4335,1709233827.1959665,1709233827.1959713
4336,1709233827.302429,1709233827.302434
4337,1709233827.401885,1709233827.4018908
4338,1709233827.4909403,1709233827.490946
4339,1709233827.5957696,1709233827.5957758
4340,1709233827.6975324,1709233827.6975381
4341,1709233827.7962396,1709233827.7962456
4342,1709233827.9130647,1709233827.91307
4343,1709233828.0119789,1709233828.011985
4344,1709233828.1033914,1709233828.103397
4345,1709233828.1979597,1709233828.1979656
4346,1709233828.2971966,1709233828.2972019
4347,1709233828.3950834,1709233828.39509
4348,1709233828.499648,1709233828.499656
4349,1709233828.6049292,1709233828.6049364
4350,1709233828.7247317,1709233828.72474
4351,1709233828.7925692,1709233828.7925763
4352,1709233828.8978405,1709233828.8978477
4353,1709233828.9902592,1709233828.9902654
4354,1709233829.1067188,1709233829.1067243
4355,1709233829.1945627,1709233829.1945703
4356,1709233829.301433,1709233829.3014429
4357,1709233829.3974195,1709233829.397423
4358,1709233829.5071938,1709233829.5071993
4359,1709233829.5972052,1709233829.5972123
4360,1709233829.6977787,1709233829.6977854
4361,1709233829.7981825,1709233829.7981896
4362,1709233829.8949058,1709233829.8949118
4363,1709233829.99247,1709233829.9924765
4364,1709233830.1052403,1709233830.1052454
4365,1709233830.1962388,1709233830.1962447
4366,1709233830.3098352,1709233830.3098447
4367,1709233830.392861,1709233830.392867
4368,1709233830.5000975,1709233830.5001054
4369,1709233830.5909543,1709233830.5909598
4370,1709233830.6983554,1709233830.6983616
4371,1709233830.8002195,1709233830.800234
4372,1709233830.8980832,1709233830.8980896
4373,1709233831.0011935,1709233831.0012004
4374,1709233831.094774,1709233831.0947793
4375,1709233831.194801,1709233831.1948066
4376,1709233831.2960062,1709233831.2960124
4377,1709233831.3942235,1709233831.3942287
4378,1709233831.4944344,1709233831.4944406
4379,1709233831.600629,1709233831.6006346
4380,1709233831.7078075,1709233831.707817
4381,1709233831.7990968,1709233831.7991028
4382,1709233831.9016829,1709233831.9016864
4383,1709233831.9978375,1709233831.9978435
4384,1709233832.110398,1709233832.1104045
4385,1709233832.2015407,1709233832.2015467
4386,1709233832.2920258,1709233832.2920318
4387,1709233832.3978653,1709233832.3978713
4388,1709233832.4944773,1709233832.4944823
4389,1709233832.5956137,1709233832.5956197
4390,1709233832.700388,1709233832.700395
4391,1709233832.7955096,1709233832.7955165
4392,1709233832.9022648,1709233832.9022706
4393,1709233832.9975789,1709233832.9976068
4394,1709233833.0979598,1709233833.0979655
4395,1709233833.2008219,1709233833.2008276
4396,1709233833.3015635,1709233833.301571
4397,1709233833.3961217,1709233833.3961282
4398,1709233833.4956486,1709233833.4956563
4399,1709233833.603016,1709233833.6030223
4400,1709233833.6989977,1709233833.6990056
4401,1709233833.797726,1709233833.797732
4402,1709233833.891781,1709233833.8917873
4403,1709233833.9945798,1709233833.9945867
4404,1709233834.0944037,1709233834.094412
4405,1709233834.1947062,1709233834.1947129
4406,1709233834.3029795,1709233834.3029854
4407,1709233834.4034312,1709233834.4034388
4408,1709233834.4968343,1709233834.4968402
4409,1709233834.607333,1709233834.607338
4410,1709233834.6957927,1709233834.6957965
4411,1709233834.7917488,1709233834.7917554
4412,1709233834.902173,1709233834.9021792
4413,1709233834.9961293,1709233834.996133
4414,1709233835.1051364,1709233835.1051414
4415,1709233835.1976075,1709233835.197613
4416,1709233835.3006656,1709233835.3006704
4417,1709233835.3939087,1709233835.393915
4418,1709233835.4971435,1709233835.4971483
4419,1709233835.5989819,1709233835.598987
4420,1709233835.7003732,1709233835.7003791
4421,1709233835.7971864,1709233835.7971923
4422,1709233835.8911002,1709233835.891106
4423,1709233835.9990063,1709233835.9990115
4424,1709233836.0973868,1709233836.097392
4425,1709233836.200929,1709233836.2009346
4426,1709233836.3016186,1709233836.3016248
4427,1709233836.3945954,1709233836.394601
4428,1709233836.4956686,1709233836.4956756
4429,1709233836.5963013,1709233836.596307
4430,1709233836.6993196,1709233836.699326
4431,1709233836.8058164,1709233836.8058224
4432,1709233836.8943682,1709233836.894375
4433,1709233837.010764,1709233837.01077
4434,1709233837.1053371,1709233837.105345
4435,1709233837.197099,1709233837.1971052
4436,1709233837.3058689,1709233837.305874
4437,1709233837.3905249,1709233837.3905344
4438,1709233837.5050924,1709233837.5050983
4439,1709233837.594387,1709233837.5943933
4440,1709233837.6937983,1709233837.6938066
4441,1709233837.7944283,1709233837.7944353
4442,1709233837.9008114,1709233837.9008174
4443,1709233837.996326,1709233837.996332
4444,1709233838.0962393,1709233838.0962448
4445,1709233838.2005699,1709233838.2005749
4446,1709233838.3077574,1709233838.3077638
4447,1709233838.3965642,1709233838.3965704
4448,1709233838.5046644,1709233838.5046701
4449,1709233838.6134033,1709233838.6134102
4450,1709233838.694497,1709233838.694504
4451,1709233838.795627,1709233838.7956328
4452,1709233838.9027674,1709233838.9027727
4453,1709233839.002589,1709233839.0025952
4454,1709233839.1005619,1709233839.1005678
4455,1709233839.2002196,1709233839.2002244
4456,1709233839.3084054,1709233839.3084137
4457,1709233839.399976,1709233839.3999813
4458,1709233839.4914985,1709233839.4915147
4459,1709233839.5955727,1709233839.5955787
4460,1709233840.2278562,1709233840.227869
4461,1709233840.2361007,1709233840.2361066
4462,1709233840.3047805,1709233840.3047886
4463,1709233840.4004972,1709233840.400504
4464,1709233840.4958458,1709233840.4958527
4465,1709233840.6014845,1709233840.6014912
4466,1709233840.6944747,1709233840.694481
4467,1709233840.7974675,1709233840.7974763
4468,1709233840.9096277,1709233840.9096365
4469,1709233841.0097804,1709233841.0097873
4470,1709233841.0962307,1709233841.0962381
4471,1709233841.1973414,1709233841.1973488
4472,1709233841.2969337,1709233841.2969406
4473,1709233841.3968523,1709233841.3968582
4474,1709233841.5021346,1709233841.5021417
4475,1709233841.6039383,1709233841.6039462
4476,1709233841.7098265,1709233841.7098355
4477,1709233841.7923896,1709233841.7923956
4478,1709233841.9015062,1709233841.901515
4479,1709233841.9979885,1709233841.9979944
4480,1709233842.0901299,1709233842.0901365
4481,1709233842.1923637,1709233842.1923707
4482,1709233842.300408,1709233842.3004148
4483,1709233842.3965907,1709233842.3965971
4484,1709233842.4955611,1709233842.495567
4485,1709233842.602358,1709233842.602366
4486,1709233842.6985152,1709233842.6985214
4487,1709233842.8166318,1709233842.8166413
4488,1709233842.8917778,1709233842.8917844
4489,1709233842.997417,1709233842.9974205
4490,1709233843.1024778,1709233843.1024845
4491,1709233843.2025118,1709233843.2025185
4492,1709233843.3033023,1709233843.3033087
4493,1709233843.4113572,1709233843.4113646
4494,1709233843.5018468,1709233843.5018532
4495,1709233843.599761,1709233843.5997698
4496,1709233843.7011566,1709233843.701163
4497,1709233843.8029516,1709233843.8029592
4498,1709233843.8978717,1709233843.8978775
4499,1709233843.998938,1709233843.9989436
4500,1709233844.1053374,1709233844.105344
4501,1709233844.2007525,1709233844.200758
4502,1709233844.2980485,1709233844.2980537
4503,1709233844.395838,1709233844.3958447
4504,1709233844.502648,1709233844.5026562
4505,1709233844.6062834,1709233844.6062906
4506,1709233844.7023282,1709233844.7023358
4507,1709233844.7991276,1709233844.7991338
4508,1709233844.8955114,1709233844.8955173
4509,1709233845.0159125,1709233845.0159247
4510,1709233845.0991282,1709233845.0991364
4511,1709233845.1973143,1709233845.197321
4512,1709233845.3017557,1709233845.3017626
4513,1709233845.4022994,1709233845.402304
4514,1709233845.5068057,1709233845.5068126
4515,1709233845.6006975,1709233845.6007032
4516,1709233845.6951416,1709233845.6951473
4517,1709233845.7964175,1709233845.7964244
4518,1709233845.9044843,1709233845.9044907
4519,1709233845.9981854,1709233845.998191
4520,1709233846.095224,1709233846.0952294
4521,1709233846.1962416,1709233846.1962473
4522,1709233846.2959306,1709233846.2959366
4523,1709233846.4076347,1709233846.407643
4524,1709233846.5063584,1709233846.5063643
4525,1709233846.6001906,1709233846.6001978
4526,1709233846.7062085,1709233846.7062147
4527,1709233846.8044262,1709233846.8044317
4528,1709233846.8970387,1709233846.8970435
4529,1709233846.9978437,1709233846.997853
4530,1709233847.0964372,1709233847.0964441
4531,1709233847.1979597,1709233847.1979656
4532,1709233847.2996812,1709233847.299688
4533,1709233847.3948917,1709233847.3948977
4534,1709233847.4967308,1709233847.4967358
4535,1709233847.5968888,1709233847.5968952
4536,1709233847.7026124,1709233847.7026172
4537,1709233847.7994509,1709233847.7994576
4538,1709233847.9106822,1709233847.910689
4539,1709233847.9981854,1709233847.99819
4540,1709233848.1052763,1709233848.1052842
4541,1709233848.1970227,1709233848.1970294
4542,1709233848.295764,1709233848.2957711
4543,1709233848.3979256,1709233848.397931
4544,1709233848.4974134,1709233848.4974198
4545,1709233848.593277,1709233848.5932813
4546,1709233848.70325,1709233848.7032557
4547,1709233848.803346,1709233848.8033524
4548,1709233848.9031506,1709233848.903158
4549,1709233849.0053837,1709233849.0053902
4550,1709233849.090952,1709233849.0909615
4551,1709233849.200526,1709233849.2005298
4552,1709233849.2962098,1709233849.2962162
4553,1709233849.398988,1709233849.3989966
4554,1709233849.4977043,1709233849.497711
4555,1709233849.5932128,1709233849.5932193
4556,1709233849.70018,1709233849.7001872
4557,1709233849.8054576,1709233849.8054662
4558,1709233849.8987017,1709233849.8987072
4559,1709233849.996075,1709233849.9960809
4560,1709233850.0970469,1709233850.0970535
4561,1709233850.202595,1709233850.2026002
4562,1709233850.3014958,1709233850.3015032
4563,1709233850.3972297,1709233850.397236
4564,1709233850.4923065,1709233850.4923117
4565,1709233850.5965328,1709233850.5965395
4566,1709233850.6996918,1709233850.6996958
4567,1709233850.7991722,1709233850.7991762
4568,1709233850.8977587,1709233850.8977652
4569,1709233850.990247,1709233850.990253
4570,1709233851.100026,1709233851.1000323
4571,1709233851.1943169,1709233851.1943219
4572,1709233851.30519,1709233851.3051963
4573,1709233851.3996828,1709233851.399691
4574,1709233851.498699,1709233851.498704
4575,1709233851.5967398,1709233851.5967455
4576,1709233851.6943462,1709233851.6943521
4577,1709233851.7950265,1709233851.7950325
4578,1709233851.895176,1709233851.895182
4579,1709233852.0040514,1709233852.0040567
4580,1709233852.1081593,1709233852.1081645
4581,1709233852.2050948,1709233852.2051024
4582,1709233852.3073263,1709233852.3073316
4583,1709233852.4014008,1709233852.4014075
4584,1709233852.5061505,1709233852.506158
4585,1709233852.5908642,1709233852.59087
4586,1709233852.7054439,1709233852.7054486
4587,1709233852.795378,1709233852.7953844
4588,1709233852.9019895,1709233852.9019952
4589,1709233852.9971263,1709233852.997132
4590,1709233853.0968747,1709233853.096886
4591,1709233853.1941392,1709233853.1941457
4592,1709233853.3004541,1709233853.3004608
4593,1709233853.4003322,1709233853.40034
4594,1709233853.4945464,1709233853.4945543
4595,1709233853.6052048,1709233853.6052105
4596,1709233853.6976745,1709233853.6976805
4597,1709233853.803768,1709233853.803774
4598,1709233853.9034703,1709233853.903476
4599,1709233854.0054057,1709233854.0054128
4600,1709233854.0957692,1709233854.0957751
4601,1709233854.205306,1709233854.205313
4602,1709233854.3089378,1709233854.3089445
4603,1709233854.4105058,1709233854.4105117
4604,1709233854.4954233,1709233854.495429
4605,1709233854.5976827,1709233854.597691
4606,1709233854.6996381,1709233854.699645
4607,1709233854.7993426,1709233854.7993488
4608,1709233854.9047763,1709233854.9047825
4609,1709233855.004482,1709233855.004488
4610,1709233855.1106725,1709233855.1106791
4611,1709233855.201218,1709233855.2012227
4612,1709233855.3081367,1709233855.3081436
4613,1709233855.4053345,1709233855.4053402
4614,1709233855.4976947,1709233855.4977007
4615,1709233855.602647,1709233855.602656
4616,1709233855.7008016,1709233855.7008083
4617,1709233855.7998104,1709233855.7998173
4618,1709233855.8974073,1709233855.8974128
4619,1709233855.9943883,1709233855.9943962
4620,1709233856.095005,1709233856.095011
4621,1709233856.2016497,1709233856.2016566
4622,1709233856.30974,1709233856.3097477
4623,1709233856.4081652,1709233856.4081712
4624,1709233856.49175,1709233856.4917595
4625,1709233856.5962136,1709233856.59622
4626,1709233856.7011175,1709233856.7011223
4627,1709233856.799823,1709233856.79983
4628,1709233856.9042344,1709233856.9042413
4629,1709233857.0049956,1709233857.0050056
4630,1709233857.0939512,1709233857.0939586
4631,1709233857.1934414,1709233857.1934478
4632,1709233857.2988923,1709233857.2988997
4633,1709233857.3942268,1709233857.394233
4634,1709233857.4937162,1709233857.4937234
4635,1709233857.599535,1709233857.5995417
4636,1709233857.695624,1709233857.6956306
4637,1709233857.790236,1709233857.7902412
4638,1709233857.8939466,1709233857.8939528
4639,1709233857.995509,1709233857.9955137
4640,1709233858.090846,1709233858.0908525
4641,1709233858.2007332,1709233858.200739
4642,1709233858.2923346,1709233858.292339
4643,1709233858.3958936,1709233858.395901
4644,1709233858.498959,1709233858.4989645
4645,1709233858.5923038,1709233858.59231
4646,1709233858.6967762,1709233858.6967807
4647,1709233858.7908494,1709233858.7908556
4648,1709233858.894117,1709233858.8941226
4649,1709233858.9923952,1709233858.9924018
4650,1709233859.0924108,1709233859.0924182
4651,1709233859.1968844,1709233859.1968913
4652,1709233859.2993357,1709233859.299341
4653,1709233859.3992145,1709233859.3992207
4654,1709233859.4910882,1709233859.4910955
4655,1709233859.59157,1709233859.5915756
4656,1709233859.6945817,1709233859.694588
4657,1709233859.7971714,1709233859.79718
4658,1709233859.8956423,1709233859.8956485
4659,1709233860.0019205,1709233860.0019279
4660,1709233860.0963058,1709233860.0963123
4661,1709233860.1931212,1709233860.1931279
4662,1709233860.2923098,1709233860.2923148
4663,1709233860.3984253,1709233860.3984318
4664,1709233860.497318,1709233860.4973238
4665,1709233860.5982552,1709233860.598262
4666,1709233860.6960783,1709233860.6960845
4667,1709233860.7929714,1709233860.7929773
4668,1709233860.8970869,1709233860.8970945
4669,1709233860.9942272,1709233860.994235
4670,1709233861.0930786,1709233861.093083
4671,1709233861.1970067,1709233861.1970162
4672,1709233861.2957637,1709233861.295853
4673,1709233861.3926523,1709233861.3927286
4674,1709233861.4922843,1709233861.4923692
4675,1709233861.5928679,1709233861.5929828
4676,1709233861.699466,1709233861.6999388
4677,1709233861.793951,1709233861.7940419
4678,1709233861.8980727,1709233861.898182
4679,1709233861.999546,1709233861.999631
4680,1709233862.097856,1709233862.0979414
4681,1709233862.1937127,1709233862.1937516
4682,1709233862.2951589,1709233862.2952492
4683,1709233862.3999832,1709233862.4000673
4684,1709233862.492371,1709233862.4924195
4685,1709233862.5911102,1709233862.5911639
4686,1709233862.6965787,1709233862.6966372
4687,1709233862.796635,1709233862.796677
4688,1709233862.8913615,1709233862.891447
4689,1709233862.994567,1709233862.9946187
4690,1709233863.0968661,1709233863.0969157
4691,1709233863.1979306,1709233863.1980062
4692,1709233863.2951343,1709233863.2952228
4693,1709233863.403852,1709233863.403915
4694,1709233863.491322,1709233863.4913728
4695,1709233863.596599,1709233863.596649
4696,1709233863.6969771,1709233863.697051
4697,1709233863.7980797,1709233863.798128
4698,1709233863.8914773,1709233863.8915265
4699,1709233863.9978878,1709233863.9979217
4700,1709233864.0925033,1709233864.0925417
4701,1709233864.1998847,1709233864.1999257
4702,1709233864.2916906,1709233864.2917285
4703,1709233864.4007833,1709233864.4008489
4704,1709233864.4922597,1709233864.4923353
4705,1709233864.5999908,1709233864.6000326
4706,1709233864.690995,1709233864.6910405
4707,1709233864.8009198,1709233864.8009713
4708,1709233864.8910532,1709233864.8911452
4709,1709233864.9920876,1709233864.992137
4710,1709233865.0937843,1709233865.0938528
4711,1709233865.1991904,1709233865.1992385
4712,1709233865.2949414,1709233865.2949965
4713,1709233865.3956246,1709233865.395712
4714,1709233865.497703,1709233865.4977565
4715,1709233865.6025517,1709233865.6026309
4716,1709233865.6944408,1709233865.6945267
4717,1709233865.796636,1709233865.7966878
4718,1709233865.8961623,1709233865.8962135
4719,1709233865.9962585,1709233865.9963017
4720,1709233866.0928595,1709233866.0929573
4721,1709233866.1971335,1709233866.1972175
4722,1709233866.2971249,1709233866.2971742
4723,1709233866.3958967,1709233866.3959546
4724,1709233866.4999778,1709233866.5000777
4725,1709233866.5956583,1709233866.5957088
4726,1709233866.7019978,1709233866.7020442
4727,1709233866.7928126,1709233866.7928882
4728,1709233866.892578,1709233866.8926356
4729,1709233867.0017726,1709233867.0019033
4730,1709233867.0996342,1709233867.099716
4731,1709233867.19362,1709233867.1936588
4732,1709233867.3072047,1709233867.3072505
4733,1709233867.3937945,1709233867.3938832
4734,1709233867.4991467,1709233867.4991949
4735,1709233867.6016304,1709233867.6016774
4736,1709233867.6999023,1709233867.6999726
4737,1709233867.795903,1709233867.7959487
4738,1709233867.893867,1709233867.8939226
4739,1709233867.9919925,1709233867.9920304
4740,1709233868.0912273,1709233868.0912626
4741,1709233868.193258,1709233868.193306
4742,1709233868.2917893,1709233868.2918925
4743,1709233868.3904083,1709233868.3904989
4744,1709233868.504593,1709233868.5046437
4745,1709233868.5955713,1709233868.5956461
4746,1709233868.696448,1709233868.6964881
4747,1709233868.7992063,1709233868.7992883
4748,1709233868.896081,1709233868.896137
4749,1709233869.0020056,1709233869.0020487
4750,1709233869.0899458,1709233869.0899978
4751,1709233869.1973875,1709233869.1974387
4752,1709233869.297429,1709233869.2974715
4753,1709233869.4017117,1709233869.401767
4754,1709233869.497253,1709233869.497302
4755,1709233869.5936801,1709233869.593861
4756,1709233869.6985734,1709233869.698634
4757,1709233869.797477,1709233869.7975643
4758,1709233869.9056811,1709233869.9057548
4759,1709233869.9898741,1709233869.9899073
4760,1709233870.099507,1709233870.0995963
4761,1709233870.198404,1709233870.1984537
4762,1709233870.2905967,1709233870.290648
4763,1709233870.3980484,1709233870.3982487
4764,1709233870.4966435,1709233870.4967375
4765,1709233870.5913694,1709233870.591478
4766,1709233870.6962068,1709233870.6962857
4767,1709233870.792865,1709233870.7929282
4768,1709233870.8965483,1709233870.8966293
4769,1709233870.9909399,1709233870.9910364
4770,1709233871.1000745,1709233871.1001768
4771,1709233871.19608,1709233871.1961243
4772,1709233871.2968576,1709233871.2969058
4773,1709233871.3960474,1709233871.3961267
4774,1709233871.4960716,1709233871.4961207
4775,1709233871.596688,1709233871.5967777
4776,1709233871.6914585,1709233871.6916056
4777,1709233871.7932842,1709233871.7933419
4778,1709233871.8986526,1709233871.8987093
4779,1709233871.9920323,1709233871.9920783
4780,1709233872.0956237,1709233872.0956972
4781,1709233872.1907158,1709233872.1907701
4782,1709233872.293643,1709233872.2936912
4783,1709233872.3913984,1709233872.3914697
4784,1709233872.4940739,1709233872.4940817
4785,1709233872.5926383,1709233872.592645
4786,1709233872.694062,1709233872.6940658
4787,1709233872.7966447,1709233872.7966514
4788,1709233872.8906803,1709233872.890688
4789,1709233873.0046751,1709233873.0046818
4790,1709233873.0920389,1709233873.0920458
4791,1709233873.197768,1709233873.197776
4792,1709233873.2990036,1709233873.299013
4793,1709233873.3926125,1709233873.392619
4794,1709233873.4990742,1709233873.4990804
4795,1709233873.5957034,1709233873.5957088
4796,1709233873.6950462,1709233873.6950533
4797,1709233873.8028493,1709233873.802856
4798,1709233873.8925471,1709233873.8925536
4799,1709233873.996118,1709233873.9961257
4800,1709233874.096641,1709233874.0966487
4801,1709233874.2038057,1709233874.2038136
4802,1709233874.2930014,1709233874.2930102
4803,1709233874.3919134,1709233874.3919237
4804,1709233874.498371,1709233874.5087075
4805,1709233874.5938966,1709233874.6042717
4806,1709233874.7040205,1709233874.7115545
4807,1709233874.7954412,1709233874.8026342
4808,1709233874.9001403,1709233874.9125054
4809,1709233874.992329,1709233874.999987
4810,1709233875.0903645,1709233875.0993047
4811,1709233875.201754,1709233875.21152
4812,1709233875.3008192,1709233875.3136263
4813,1709233875.401422,1709233875.4119809
4814,1709233875.4955056,1709233875.5058448
4815,1709233875.6020947,1709233875.612063
4816,1709233875.691663,1709233875.7027674
4817,1709233875.793698,1709233875.8032384
4818,1709233875.895881,1709233875.905754
4819,1709233875.9995098,1709233876.0085146
4820,1709233876.0982301,1709233876.1119502
4821,1709233876.198078,1709233876.2071064
4822,1709233876.2968404,1709233876.3074632
4823,1709233876.3935769,1709233876.4025202
4824,1709233876.490577,1709233876.4997091
4825,1709233876.5932548,1709233876.602461
4826,1709233876.7015076,1709233876.7112966
4827,1709233876.7943456,1709233876.8017054
4828,1709233876.8924818,1709233876.9032135
4829,1709233876.9924357,1709233877.0070097
4830,1709233877.0955412,1709233877.1052883
4831,1709233877.197127,1709233877.2082858
4832,1709233877.2917378,1709233877.3020205
4833,1709233877.3946958,1709233877.4019148
4834,1709233877.4921377,1709233877.5016437
4835,1709233877.591064,1709233877.6010199
4836,1709233877.6949348,1709233877.7059834
4837,1709233877.7993855,1709233877.8094633
4838,1709233877.8993125,1709233877.9091816
4839,1709233877.9920077,1709233878.0035381
4840,1709233878.0899103,1709233878.0995138
4841,1709233878.197049,1709233878.2074332
4842,1709233878.298439,1709233878.3103242
4843,1709233878.394045,1709233878.403348
4844,1709233878.4948382,1709233878.5056176
4845,1709233878.5938528,1709233878.6026278
4846,1709233878.6985943,1709233878.710744
4847,1709233878.7949748,1709233878.8036811
4848,1709233878.896044,1709233878.9064734
4849,1709233878.9935834,1709233879.004293
4850,1709233879.090531,1709233879.0980155
4851,1709233879.1957467,1709233879.204744
4852,1709233879.2938857,1709233879.30167
4853,1709233879.3908026,1709233879.4033997
4854,1709233879.4944434,1709233879.5022862
4855,1709233879.602306,1709233879.6138048
4856,1709233879.6938448,1709233879.7009268
4857,1709233879.802265,1709233879.8150358
4858,1709233879.8904502,1709233879.8996158
4859,1709233880.001361,1709233880.013119
4860,1709233880.0990543,1709233880.109063
4861,1709233880.192237,1709233880.2062855
4862,1709233880.2949948,1709233880.3070953
4863,1709233880.3918495,1709233880.4024594
4864,1709233880.495112,1709233880.5053089
4865,1709233880.59099,1709233880.6002948
4866,1709233880.6974182,1709233880.7061567
4867,1709233880.7914538,1709233880.8011825
4868,1709233880.8958395,1709233880.9082892
4869,1709233880.9978,1709233881.007654
4870,1709233881.0909646,1709233881.1020076
4871,1709233881.1960576,1709233881.206074
4872,1709233881.295393,1709233881.3063667
4873,1709233881.392314,1709233881.4051418
4874,1709233881.4977462,1709233881.509574
4875,1709233881.590413,1709233881.5995824
4876,1709233881.6928763,1709233881.7037034
4877,1709233881.8012433,1709233881.8103192
4878,1709233881.8937564,1709233881.90359
4879,1709233881.9930475,1709233882.0027735
4880,1709233882.1000686,1709233882.109465
4881,1709233882.192703,1709233882.20266
4882,1709233882.3022568,1709233882.3125823
4883,1709233882.3942657,1709233882.4053152
4884,1709233882.4947476,1709233882.5051897
4885,1709233882.5918744,1709233882.6029255
4886,1709233882.694744,1709233882.703663
4887,1709233882.7997482,1709233882.8092046
4888,1709233882.8939795,1709233882.9057393
4889,1709233882.9921532,1709233883.0039744
4890,1709233883.09255,1709233883.1027782
4891,1709233883.197443,1709233883.2068517
4892,1709233883.2979693,1709233883.307428
4893,1709233883.3964972,1709233883.406714
4894,1709233883.4906769,1709233883.5031395
4895,1709233883.5965617,1709233883.6054444
4896,1709233883.7003176,1709233883.7091122
4897,1709233883.791715,1709233883.8004882
4898,1709233883.8997228,1709233883.9075308
4899,1709233883.9936824,1709233884.0064209
4900,1709233884.0935657,1709233884.106658
4901,1709233884.1904328,1709233884.1999316
4902,1709233884.303573,1709233884.3156247
4903,1709233884.3978648,1709233884.4097073
4904,1709233884.4930248,1709233884.503252
4905,1709233884.5933483,1709233884.6038542
4906,1709233884.6957688,1709233884.705507
4907,1709233884.8002582,1709233884.8107038
4908,1709233884.8920536,1709233884.903033
4909,1709233884.9963057,1709233885.0062342
4910,1709233885.0957992,1709233885.1062188
4911,1709233885.1906447,1709233885.2044313
4912,1709233885.2970266,1709233885.3058615
4913,1709233885.3948133,1709233885.404164
4914,1709233885.4977562,1709233885.5076919
4915,1709233885.5908325,1709233885.602263
4916,1709233885.6997523,1709233885.7095156
4917,1709233885.7988899,1709233885.8091545
4918,1709233885.90314,1709233885.910619
4919,1709233885.990231,1709233885.9980016
4920,1709233886.090638,1709233886.10096
4921,1709233886.1944985,1709233886.2039132
4922,1709233886.2958176,1709233886.3059847
4923,1709233886.3898315,1709233886.3988101
4924,1709233886.4983468,1709233886.5072114
4925,1709233886.5905674,1709233886.5981412
4926,1709233886.6975522,1709233886.7063732
4927,1709233886.7936544,1709233886.805101
4928,1709233886.8985019,1709233886.9092045
4929,1709233886.9963226,1709233887.0071445
4930,1709233887.092885,1709233887.099266
4931,1709233887.1900544,1709233887.2028182
4932,1709233887.2929378,1709233887.3024619
4933,1709233887.397085,1709233887.4095263
4934,1709233887.495261,1709233887.5035245
4935,1709233887.599059,1709233887.6105413
4936,1709233887.6949902,1709233887.7045755
4937,1709233887.7950392,1709233887.805162
4938,1709233887.897241,1709233887.9045663
4939,1709233888.0013752,1709233888.0156643
4940,1709233888.0928168,1709233888.1027737
4941,1709233888.1977556,1709233888.2072747
4942,1709233888.2911224,1709233888.300554
4943,1709233888.400306,1709233888.4103675
4944,1709233888.4939454,1709233888.5002713
4945,1709233888.599926,1709233888.6080496
4946,1709233888.6942935,1709233888.703485
4947,1709233888.7914531,1709233888.7998576
4948,1709233888.8964539,1709233888.9033227
4949,1709233888.9927588,1709233889.0026305
4950,1709233889.0981667,1709233889.1089306
4951,1709233889.1957247,1709233889.2057803
4952,1709233889.3024046,1709233889.31297
4953,1709233889.3923676,1709233889.4002638
4954,1709233889.4952128,1709233889.5054421
4955,1709233889.5939553,1709233889.6016846
4956,1709233889.6904426,1709233889.7008057
4957,1709233889.7970712,1709233889.8065212
4958,1709233889.8919082,1709233889.8986511
4959,1709233889.997801,1709233890.0078037
4960,1709233890.097583,1709233890.1076474
4961,1709233890.193709,1709233890.2029402
4962,1709233890.2957559,1709233890.3044658
4963,1709233890.3927872,1709233890.4008465
4964,1709233890.5019908,1709233890.5112236
4965,1709233890.5911212,1709233890.5997036
4966,1709233890.6932013,1709233890.7023294
4967,1709233890.7909033,1709233890.7993252
4968,1709233890.8940158,1709233890.903229
4969,1709233891.0017898,1709233891.0115018
4970,1709233891.092497,1709233891.1028697
4971,1709233891.1906672,1709233891.2000701
4972,1709233891.2988732,1709233891.308516
4973,1709233891.3955774,1709233891.4054737
4974,1709233891.491796,1709233891.5015523
4975,1709233891.5956538,1709233891.6063643
4976,1709233891.6904387,1709233891.6997552
4977,1709233891.794373,1709233891.8017864
4978,1709233891.89612,1709233891.9065254
4979,1709233892.0003104,1709233892.0081959
4980,1709233892.0918612,1709233892.1017556
4981,1709233892.197201,1709233892.2071674
4982,1709233892.2924151,1709233892.301717
4983,1709233892.3994222,1709233892.4090915
4984,1709233892.4914453,1709233892.4992695
4985,1709233892.596096,1709233892.602078
4986,1709233892.692426,1709233892.701618
4987,1709233892.7998807,1709233892.8102572
4988,1709233892.901461,1709233892.91635
4989,1709233892.9994578,1709233893.0104294
4990,1709233893.0951195,1709233893.1026237
4991,1709233893.2017274,1709233893.212425
4992,1709233893.2994673,1709233893.3086412
4993,1709233893.3993125,1709233893.4127245
4994,1709233893.5016782,1709233893.5130067
4995,1709233893.596026,1709233893.6058512
4996,1709233893.6958635,1709233893.7061198
4997,1709233893.8019738,1709233893.8145518
4998,1709233893.9038134,1709233893.9138644
4999,1709233893.9943907,1709233894.0048506
5000,1709233894.0984387,1709233894.1084101
5001,1709233894.1942148,1709233894.2044816
5002,1709233894.300954,1709233894.3119507
5003,1709233894.3990319,1709233894.4089117
5004,1709233894.492199,1709233894.5039372
5005,1709233894.5942764,1709233894.6027086
5006,1709233894.6939113,1709233894.7033327
5007,1709233894.7993574,1709233894.8089352
5008,1709233894.896515,1709233894.9042208
5009,1709233894.9934478,1709233895.0036767
5010,1709233895.0990896,1709233895.107932
5011,1709233895.191049,1709233895.2020414
5012,1709233895.3026166,1709233895.3185265
5013,1709233895.3928177,1709233895.4002533
5014,1709233895.4983664,1709233895.508539
5015,1709233895.5914986,1709233895.6029434
5016,1709233895.706537,1709233895.7160878
5017,1709233895.8030407,1709233895.8132634
5018,1709233895.8975744,1709233895.9083436
5019,1709233895.9966545,1709233896.0041351
5020,1709233896.0942538,1709233896.1064937
5021,1709233896.1995454,1709233896.20827
5022,1709233896.2961125,1709233896.3054256
5023,1709233896.4017272,1709233896.409587
5024,1709233896.508963,1709233896.5188015
5025,1709233896.5937324,1709233896.6054997
5026,1709233896.7009244,1709233896.7109509
5027,1709233896.792702,1709233896.8011465
5028,1709233896.9055865,1709233896.9157493
5029,1709233897.0052342,1709233897.014655
5030,1709233897.104752,1709233897.1133914
5031,1709233897.1975596,1709233897.20809
5032,1709233897.2913334,1709233897.2984383
5033,1709233897.391204,1709233897.4013152
5034,1709233897.497192,1709233897.4971979
5035,1709233897.6029837,1709233897.6029906
5036,1709233897.7008324,1709233897.7008402
5037,1709233897.8013082,1709233897.8013155
5038,1709233897.9013255,1709233897.9013314
5039,1709233897.9921882,1709233897.9921923
5040,1709233898.0978322,1709233898.0978398
5041,1709233898.1979098,1709233898.1979165
5042,1709233898.3009343,1709233898.3009381
5043,1709233898.4024527,1709233898.4024584
5044,1709233898.491794,1709233898.4918215
5045,1709233898.6053538,1709233898.6053588
5046,1709233898.6964362,1709233898.6964436
5047,1709233898.8065403,1709233898.8065457
5048,1709233898.8990228,1709233898.8990285
5049,1709233899.007622,1709233899.00763
5050,1709233899.098655,1709233899.0986624
5051,1709233899.1985571,1709233899.1985626
5052,1709233899.290553,1709233899.2905574
5053,1709233899.3959188,1709233899.3959246
5054,1709233899.501444,1709233899.5014498
5055,1709233899.598406,1709233899.5984118
5056,1709233899.6903274,1709233899.6903343
5057,1709233899.7927303,1709233899.792736
5058,1709233899.8961492,1709233899.8961549
5059,1709233899.9978838,1709233899.99789
5060,1709233900.098806,1709233900.0988126
5061,1709233900.191891,1709233900.1918955
5062,1709233900.2985744,1709233900.2985806
5063,1709233900.396481,1709233900.396488
5064,1709233900.4979866,1709233900.4979935
5065,1709233900.5921724,1709233900.5921783
5066,1709233900.7028272,1709233900.7028337
5067,1709233900.7940216,1709233900.794028
5068,1709233900.8966632,1709233900.8966672
5069,1709233900.9961035,1709233900.9961092
5070,1709233901.1042674,1709233901.104273
5071,1709233901.1930013,1709233901.1930068
5072,1709233901.29773,1709233901.297736
5073,1709233901.4002557,1709233901.4002602
5074,1709233901.4961822,1709233901.4961882
5075,1709233901.5990298,1709233901.5990355
5076,1709233901.6970587,1709233901.6970658
5077,1709233901.800997,1709233901.8010051
5078,1709233901.896372,1709233901.8963792
5079,1709233901.9938178,1709233901.9938262
5080,1709233902.0992217,1709233902.0992277
5081,1709233902.1987927,1709233902.1987982
5082,1709233902.2968614,1709233902.2968657
5083,1709233902.401713,1709233902.401719
5084,1709233902.506066,1709233902.5060704
5085,1709233902.5975797,1709233902.5975852
5086,1709233902.6929398,1709233902.6929457
5087,1709233902.8025923,1709233902.8025985
5088,1709233902.9005187,1709233902.9005303
5089,1709233902.9994543,1709233902.9994605
5090,1709233903.1016712,1709233903.101679
5091,1709233903.2039914,1709233903.2039986
5092,1709233903.3058827,1709233903.3058882
5093,1709233903.4016352,1709233903.4016407
5094,1709233903.4977047,1709233903.4977114
5095,1709233903.5934682,1709233903.5934732
5096,1709233903.7037158,1709233903.703723
5097,1709233903.8053753,1709233903.8053844
5098,1709233903.892684,1709233903.8926897
5099,1709233904.0104084,1709233904.0104175
5100,1709233904.1036348,1709233904.1036413
5101,1709233904.1997497,1709233904.199753
5102,1709233904.2949588,1709233904.2949646
5103,1709233904.4057527,1709233904.4057584
5104,1709233904.5024066,1709233904.5024135
5105,1709233904.5968788,1709233904.5968862
5106,1709233904.7028008,1709233904.7028089
5107,1709233904.7976582,1709233904.7976618
5108,1709233904.9030292,1709233904.903035
5109,1709233904.9999576,1709233904.999965
5110,1709233905.1054385,1709233905.105444
5111,1709233905.2069905,1709233905.2070003
5112,1709233905.3009746,1709233905.3009818
5113,1709233905.3946526,1709233905.3946583
5114,1709233905.5024538,1709233905.50246
5115,1709233905.5946975,1709233905.594705
5116,1709233905.6932821,1709233905.693288
5117,1709233905.7949243,1709233905.7949305
5118,1709233905.8960354,1709233905.896043
5119,1709233905.9993138,1709233905.9993205
5120,1709233906.0993178,1709233906.099325
5121,1709233906.1989017,1709233906.1989079
5122,1709233906.2990615,1709233906.2990682
5123,1709233906.3975272,1709233906.3975334
5124,1709233906.499912,1709233906.4999168
5125,1709233906.6000512,1709233906.600057
5126,1709233906.6926153,1709233906.6926208
5127,1709233906.8062785,1709233906.8062844
5128,1709233906.9009674,1709233906.9009728
5129,1709233907.0114517,1709233907.0114596
5130,1709233907.0990722,1709233907.099079
5131,1709233907.2002769,1709233907.200284
5132,1709233907.3059218,1709233907.3059278
5133,1709233907.40961,1709233907.409618
5134,1709233907.5058393,1709233907.5058448
5135,1709233907.6073525,1709233907.6073577
5136,1709233907.700936,1709233907.7009418
5137,1709233907.7940447,1709233907.794051
5138,1709233907.8991435,1709233907.8991497
5139,1709233908.0013688,1709233908.0013745
5140,1709233908.096703,1709233908.0967097
5141,1709233908.1963115,1709233908.1963172
5142,1709233908.3092024,1709233908.3092113
5143,1709233908.3972406,1709233908.3972464
5144,1709233908.4920127,1709233908.492019
5145,1709233908.5953028,1709233908.5953097
5146,1709233908.7062504,1709233908.706258
5147,1709233908.8071706,1709233908.8071783
5148,1709233908.8999736,1709233908.8999805
5149,1709233909.0127351,1709233909.0127413
5150,1709233909.094596,1709233909.094603
5151,1709233909.1997433,1709233909.1997488
5152,1709233909.3043654,1709233909.304372
5153,1709233909.411375,1709233909.4113798
5154,1709233909.5046904,1709233909.5046961
5155,1709233909.6031883,1709233909.6031964
5156,1709233909.7015388,1709233909.7015462
5157,1709233909.796845,1709233909.7968514
5158,1709233909.9109685,1709233909.9109783
5159,1709233910.0058358,1709233910.00584
5160,1709233910.1065996,1709233910.1066065
5161,1709233910.647094,1709233910.6471076
5162,1709233910.6573207,1709233910.6573272
5163,1709233910.7047865,1709233910.7047927
5164,1709233910.8114216,1709233910.8114276
5165,1709233910.8976665,1709233910.897674
5166,1709233911.004745,1709233911.004752
5167,1709233911.096879,1709233911.0968854
5168,1709233911.2113216,1709233911.2113323
5169,1709233911.296418,1709233911.2964225
5170,1709233911.3990638,1709233911.3990712
5171,1709233911.4963675,1709233911.4963732
5172,1709233911.5986905,1709233911.5986967
5173,1709233911.7006311,1709233911.7006366
5174,1709233911.795204,1709233911.7952092
5175,1709233911.8912446,1709233911.891254
5176,1709233911.9997485,1709233911.9997547
5177,1709233912.0917037,1709233912.091709
5178,1709233912.1943147,1709233912.1943204
5179,1709233912.2965004,1709233912.2965066
5180,1709233912.4023511,1709233912.4023561
5181,1709233912.5049057,1709233912.504911
5182,1709233912.597429,1709233912.5974367
5183,1709233912.7270358,1709233912.7270412
5184,1709233912.8227656,1709233912.8227704
5185,1709233912.894053,1709233912.8940587
5186,1709233913.0168824,1709233913.0168886
5187,1709233913.1020637,1709233913.1020691
5188,1709233913.204082,1709233913.2040875
5189,1709233913.3067665,1709233913.306774
5190,1709233913.4015853,1709233913.4015934
5191,1709233913.4988623,1709233913.4988682
5192,1709233913.596663,1709233913.5966697
5193,1709233913.6953838,1709233913.6953905
5194,1709233913.7946107,1709233913.794618
5195,1709233913.8977172,1709233913.897723
5196,1709233913.9967737,1709233913.9967804
5197,1709233914.1053617,1709233914.1053703
5198,1709233914.2184725,1709233914.218482
5199,1709233914.3030124,1709233914.3030198
5200,1709233914.39024,1709233914.390247
5201,1709233914.498016,1709233914.498022
5202,1709233914.5960073,1709233914.5960135
5203,1709233914.7034593,1709233914.703467
5204,1709233914.7920988,1709233914.7921045
5205,1709233914.8944924,1709233914.8945003
5206,1709233914.998072,1709233914.9980838
5207,1709233915.1011415,1709233915.101147
5208,1709233915.201745,1709233915.2017505
5209,1709233915.299691,1709233915.299696
5210,1709233915.4080267,1709233915.4080322
5211,1709233915.5000386,1709233915.5000453
5212,1709233915.5990412,1709233915.5990481
5213,1709233915.7044835,1709233915.7044892
5214,1709233915.799821,1709233915.7998264
5215,1709233915.901709,1709233915.9017158
5216,1709233915.9938097,1709233915.993816
5217,1709233916.0914223,1709233916.0914292
5218,1709233916.2013977,1709233916.2014027
5219,1709233916.2929306,1709233916.2929356
5220,1709233916.406708,1709233916.4067125
5221,1709233916.504081,1709233916.504089
5222,1709233916.5948563,1709233916.5948603
5223,1709233916.697217,1709233916.6972232
5224,1709233916.7962654,1709233916.796272
5225,1709233916.8995245,1709233916.8995326
5226,1709233917.0007896,1709233917.000825
5227,1709233917.1043622,1709233917.1043787
5228,1709233917.2053676,1709233917.2053766
5229,1709233917.305058,1709233917.305064
5230,1709233917.3989336,1709233917.3989398
5231,1709233917.5042152,1709233917.5042195
5232,1709233917.5953884,1709233917.5953948
5233,1709233917.7000413,1709233917.700049
5234,1709233917.796789,1709233917.7967954
5235,1709233917.8978176,1709233917.8978255
5236,1709233918.0048923,1709233918.0049005
5237,1709233918.1149716,1709233918.1149797
5238,1709233918.2015061,1709233918.2015135
5239,1709233918.2974622,1709233918.297467
5240,1709233918.3976884,1709233918.3976943
5241,1709233918.4974499,1709233918.4974573
5242,1709233918.6064813,1709233918.606488
5243,1709233918.6987827,1709233918.6987882
5244,1709233918.8016217,1709233918.8016298
5245,1709233918.9021482,1709233918.9021573
5246,1709233919.0007122,1709233919.0007184
5247,1709233919.0964694,1709233919.0964756
5248,1709233919.2077768,1709233919.2077825
5249,1709233919.3044994,1709233919.3045049
5250,1709233919.3961868,1709233919.3961928
5251,1709233919.4919837,1709233919.4919899
5252,1709233919.6045346,1709233919.6045432
5253,1709233919.6992044,1709233919.6992106
5254,1709233919.8011434,1709233919.8011498
5255,1709233919.893322,1709233919.8933277
5256,1709233919.9997184,1709233919.999726
5257,1709233920.0998042,1709233920.0998106
5258,1709233920.198198,1709233920.1982043
5259,1709233920.2972414,1709233920.2972474
5260,1709233920.3973892,1709233920.397394
5261,1709233920.4966228,1709233920.4966288
5262,1709233920.5929618,1709233920.5929666
5263,1709233920.697882,1709233920.697887
5264,1709233920.7985163,1709233920.7985218
5265,1709233920.8970912,1709233920.897098
5266,1709233921.0066762,1709233921.0066817
5267,1709233921.104873,1709233921.1048787
5268,1709233921.2034168,1709233921.203423
5269,1709233921.2981057,1709233921.298112
5270,1709233921.3941994,1709233921.394204
5271,1709233921.5003772,1709233921.5003846
5272,1709233921.6007042,1709233921.6007097
5273,1709233921.6993964,1709233921.6994016
5274,1709233921.8046727,1709233921.8046794
5275,1709233921.903586,1709233921.9035923
5276,1709233922.0008054,1709233922.0008137
5277,1709233922.1121738,1709233922.1121826
5278,1709233922.2080464,1709233922.2080522
5279,1709233922.2937932,1709233922.2937999
5280,1709233922.4045348,1709233922.4045415
5281,1709233922.5072548,1709233922.5072613
5282,1709233922.6016474,1709233922.6016538
5283,1709233922.7067654,1709233922.7067716
5284,1709233922.797289,1709233922.797295
5285,1709233922.8979015,1709233922.897906
5286,1709233922.997533,1709233922.9975393
5287,1709233923.0966864,1709233923.0966916
5288,1709233923.1943018,1709233923.1943085
5289,1709233923.3040068,1709233923.304015
5290,1709233923.3961341,1709233923.3961391
5291,1709233923.5047817,1709233923.5047896
5292,1709233923.6048539,1709233923.6048594
5293,1709233923.690533,1709233923.6905386
5294,1709233923.7993548,1709233923.79936
5295,1709233923.9076438,1709233923.9076495
5296,1709233923.9993672,1709233923.9993744
5297,1709233924.1012664,1709233924.1012723
5298,1709233924.1924078,1709233924.192412
5299,1709233924.2999122,1709233924.2999158
5300,1709233924.402978,1709233924.4029841
5301,1709233924.4990008,1709233924.499006
5302,1709233924.598603,1709233924.5986097
5303,1709233924.701089,1709233924.7010946
5304,1709233924.794277,1709233924.7942827
5305,1709233924.897669,1709233924.8976758
5306,1709233925.0019932,1709233925.0020022
5307,1709233925.0969424,1709233925.0969481
5308,1709233925.2120943,1709233925.2121012
5309,1709233925.29655,1709233925.296558
5310,1709233925.3974693,1709233925.3974755
5311,1709233925.496725,1709233925.496734
5312,1709233925.601758,1709233925.6017635
5313,1709233925.698335,1709233925.6983407
5314,1709233925.8073108,1709233925.8073175
5315,1709233925.9027693,1709233925.9027755
5316,1709233926.0086262,1709233926.0086331
5317,1709233926.0938458,1709233926.0938525
5318,1709233926.1954641,1709233926.1954699
5319,1709233926.2933373,1709233926.2933443
5320,1709233926.3961716,1709233926.3961792
5321,1709233926.5015633,1709233926.5015702
5322,1709233926.6071634,1709233926.6071718
5323,1709233926.6992054,1709233926.6992102
5324,1709233926.8084745,1709233926.808481
5325,1709233926.8955228,1709233926.8955297
5326,1709233927.0002499,1709233927.0002558
5327,1709233927.1077838,1709233927.10779
5328,1709233927.197475,1709233927.1974826
5329,1709233927.2965207,1709233927.2965264
5330,1709233927.3988943,1709233927.3989015
5331,1709233927.498508,1709233927.4985163
5332,1709233927.5936563,1709233927.5936632
5333,1709233927.693333,1709233927.6933408
5334,1709233927.799256,1709233927.7992628
5335,1709233927.8950195,1709233927.895026
5336,1709233928.0039046,1709233928.0039096
5337,1709233928.101474,1709233928.1014876
5338,1709233928.2019293,1709233928.201942
5339,1709233928.2973218,1709233928.2973266
5340,1709233928.3953643,1709233928.3953702
5341,1709233928.4992547,1709233928.4992619
5342,1709233928.5957124,1709233928.5957193
5343,1709233928.6940682,1709233928.6940744
5344,1709233928.7967901,1709233928.7967966
5345,1709233928.8938913,1709233928.8938978
5346,1709233928.9959273,1709233928.9959342
5347,1709233929.091986,1709233929.0919929
5348,1709233929.2007034,1709233929.2007093
5349,1709233929.2942367,1709233929.2942426
5350,1709233929.3932595,1709233929.3932672
5351,1709233929.4956036,1709233929.4956083
5352,1709233929.599186,1709233929.5991921
5353,1709233929.6937108,1709233929.6937172
5354,1709233929.7986705,1709233929.7986772
5355,1709233929.8959908,1709233929.895998
5356,1709233929.9982493,1709233929.9982576
5357,1709233930.0911803,1709233930.0911887
5358,1709233930.2049284,1709233930.2049358
5359,1709233930.2964299,1709233930.296438
5360,1709233930.3986413,1709233930.3986497
5361,1709233930.5008802,1709233930.5008872
5362,1709233930.5960708,1709233930.596078
5363,1709233930.694688,1709233930.694694
5364,1709233930.7966712,1709233930.7966797
5365,1709233930.90668,1709233930.9066865
5366,1709233930.9944756,1709233930.994483
5367,1709233931.1010554,1709233931.1010623
5368,1709233931.2008965,1709233931.2009025
5369,1709233931.292044,1709233931.2920508
5370,1709233931.4102068,1709233931.4103227
5371,1709233931.5066068,1709233931.5066745
5372,1709233931.6050646,1709233931.6051211
5373,1709233931.7034738,1709233931.7035656
5374,1709233931.8138344,1709233931.8139284
5375,1709233931.8971968,1709233931.8973203
5376,1709233932.0070934,1709233932.0072212
5377,1709233932.0957918,1709233932.0961115
5378,1709233932.195717,1709233932.1957693
5379,1709233932.2959256,1709233932.2960606
5380,1709233932.397198,1709233932.3972795
5381,1709233932.4971483,1709233932.497348
5382,1709233932.5959783,1709233932.59604
5383,1709233932.702511,1709233932.7026014
5384,1709233932.7954032,1709233932.7954826
5385,1709233932.90258,1709233932.9026315
5386,1709233933.0025108,1709233933.0026038
5387,1709233933.101692,1709233933.101777
5388,1709233933.2083004,1709233933.2083814
5389,1709233933.3026726,1709233933.302818
5390,1709233933.3955452,1709233933.3955934
5391,1709233933.5059607,1709233933.506009
5392,1709233933.6125653,1709233933.6126149
5393,1709233933.7108557,1709233933.710937
5394,1709233933.8108764,1709233933.8109248
5395,1709233933.9051561,1709233933.9052339
5396,1709233934.0091991,1709233934.0092497
5397,1709233934.1148827,1709233934.1150296
5398,1709233934.2016582,1709233934.2017171
5399,1709233934.3145022,1709233934.3145552
5400,1709233934.406227,1709233934.406278
5401,1709233934.4943197,1709233934.4943717
5402,1709233934.5920076,1709233934.59207
5403,1709233934.7029707,1709233934.7030313
5404,1709233934.8018186,1709233934.8018649
5405,1709233934.9119985,1709233934.9120555
5406,1709233935.0033123,1709233935.003364
5407,1709233935.1000953,1709233935.1002345
5408,1709233935.1922493,1709233935.1922975
5409,1709233935.3042412,1709233935.3042932
5410,1709233935.412234,1709233935.4122844
5411,1709233935.5058606,1709233935.5059123
5412,1709233935.600673,1709233935.600798
5413,1709233935.7083695,1709233935.7084727
5414,1709233935.7939827,1709233935.7940829
5415,1709233935.8958554,1709233935.895948
5416,1709233936.0072963,1709233936.0073977
5417,1709233936.0964916,1709233936.096595
5418,1709233936.198005,1709233936.198095
5419,1709233936.3013697,1709233936.301467
5420,1709233936.4076247,1709233936.4077044
5421,1709233936.5032454,1709233936.5033257
5422,1709233936.6020813,1709233936.6021605
5423,1709233936.6980898,1709233936.6981757
5424,1709233936.803398,1709233936.8036084
5425,1709233936.9064643,1709233936.9065511
5426,1709233936.996114,1709233936.996205
5427,1709233937.097611,1709233937.097707
5428,1709233937.2024617,1709233937.2025275
5429,1709233937.3025348,1709233937.3026412
5430,1709233937.4135466,1709233937.4136772
5431,1709233937.5090008,1709233937.5090907
5432,1709233937.5968716,1709233937.5969622
5433,1709233937.704555,1709233937.7046502
5434,1709233937.8089533,1709233937.8090649
5435,1709233937.8980637,1709233937.8981676
5436,1709233938.00202,1709233938.0020902
5437,1709233938.098298,1709233938.0984433
5438,1709233938.2065332,1709233938.20661
5439,1709233938.3031366,1709233938.3032472
5440,1709233938.3972208,1709233938.397313
5441,1709233938.5024064,1709233938.5024984
5442,1709233938.5976214,1709233938.5977328
5443,1709233938.7053595,1709233938.7054443
5444,1709233938.8023798,1709233938.802455
5445,1709233938.8934247,1709233938.8934724
5446,1709233939.0007803,1709233939.0008683
5447,1709233939.0940514,1709233939.0941055
5448,1709233939.2123837,1709233939.2124443
5449,1709233939.3084571,1709233939.3087268
5450,1709233939.403098,1709233939.4031475
5451,1709233939.4981651,1709233939.4982507
5452,1709233939.6132858,1709233939.6134079
5453,1709233939.6999483,1709233939.7000022
5454,1709233939.8170295,1709233939.8170826
5455,1709233939.8938975,1709233939.8939831
5456,1709233940.0001333,1709233940.000183
5457,1709233940.097817,1709233940.0979204
5458,1709233940.1982234,1709233940.1982822
5459,1709233940.2987585,1709233940.2988305
5460,1709233940.3981102,1709233940.3981633
5461,1709233940.496579,1709233940.4966528
5462,1709233940.5946918,1709233940.5947454
5463,1709233940.6968274,1709233940.696905
5464,1709233940.7929552,1709233940.793012
5465,1709233940.907511,1709233940.9075532
5466,1709233941.0053658,1709233941.0054154
5467,1709233941.095452,1709233941.0955377
5468,1709233941.2104807,1709233941.210533
5469,1709233941.296734,1709233941.2968273
5470,1709233941.3952885,1709233941.3953588
5471,1709233941.5008087,1709233941.500854
5472,1709233941.597702,1709233941.5977824
5473,1709233941.6987917,1709233941.6988428
5474,1709233941.8016715,1709233941.8017273
5475,1709233941.9007854,1709233941.9008422
5476,1709233942.0082195,1709233942.0084934
5477,1709233942.100119,1709233942.1001737
5478,1709233942.2001219,1709233942.2001853
5479,1709233942.3076823,1709233942.3077369
5480,1709233942.4012868,1709233942.4013774
5481,1709233942.4946527,1709233942.4947062
5482,1709233942.5958405,1709233942.5959306
5483,1709233942.7028646,1709233942.7029548
5484,1709233942.8068705,1709233942.806924
5485,1709233942.8921998,1709233942.8922396
5486,1709233942.996207,1709233942.996297
5487,1709233943.0946634,1709233943.0947695
5488,1709233943.1998315,1709233943.1999085
5489,1709233943.2970035,1709233943.297079
5490,1709233943.4089622,1709233943.4090402
5491,1709233943.5059192,1709233943.5059814
5492,1709233943.6059864,1709233943.6060636
5493,1709233943.7022083,1709233943.7022858
5494,1709233943.8164318,1709233943.8165262
5495,1709233943.897696,1709233943.8977768
5496,1709233943.991044,1709233943.991128
5497,1709233944.1003385,1709233944.100391
5498,1709233944.2000763,1709233944.2001548
5499,1709233944.2972636,1709233944.2973394
5500,1709233944.3999941,1709233944.400067
5501,1709233944.5002246,1709233944.500329
5502,1709233944.5973046,1709233944.5974083
5503,1709233944.6925476,1709233944.6925967
5504,1709233944.794003,1709233944.7940633
5505,1709233944.9005296,1709233944.9005926
5506,1709233944.99792,1709233944.9980116
5507,1709233945.095762,1709233945.095809
5508,1709233945.2013211,1709233945.2013664
5509,1709233945.3088567,1709233945.309052
5510,1709233945.3986514,1709233945.3986921
5511,1709233945.4910426,1709233945.4911003
5512,1709233945.6007755,1709233945.6008554
5513,1709233945.6897497,1709233945.6897938
5514,1709233945.802493,1709233945.8025446
5515,1709233945.9060073,1709233945.9060621
5516,1709233946.0077293,1709233946.0077958
5517,1709233946.0958428,1709233946.0959089
5518,1709233946.2070878,1709233946.2071671
5519,1709233946.3104904,1709233946.3105497
5520,1709233946.4082458,1709233946.4083223
5521,1709233946.498898,1709233946.498988
5522,1709233946.6022053,1709233946.6022677
5523,1709233946.697702,1709233946.6977735
5524,1709233946.795866,1709233946.7959151
5525,1709233946.910401,1709233946.9104538
5526,1709233946.996411,1709233946.9964614
5527,1709233947.105263,1709233947.105326
5528,1709233947.199889,1709233947.1999457
5529,1709233947.294824,1709233947.2948768
5530,1709233947.395984,1709233947.3960435
5531,1709233947.5086083,1709233947.5086606
5532,1709233947.6051755,1709233947.605227
5533,1709233947.7027392,1709233947.7027912
5534,1709233947.8008006,1709233947.8008728
5535,1709233947.9031916,1709233947.9032438
5536,1709233948.0016692,1709233948.001725
5537,1709233948.1097968,1709233948.109849
5538,1709233948.199141,1709233948.1992218
5539,1709233948.3076742,1709233948.3077168
5540,1709233948.3961732,1709233948.3962512
5541,1709233948.5010967,1709233948.5011802
5542,1709233948.5924938,1709233948.592541
5543,1709233948.6996434,1709233948.6996965
5544,1709233948.80281,1709233948.8028927
5545,1709233948.8964324,1709233948.8964796
5546,1709233949.005249,1709233949.00534
5547,1709233949.099232,1709233949.0993204
5548,1709233949.2097664,1709233949.2100668
5549,1709233949.3066208,1709233949.3066719
5550,1709233949.3967624,1709233949.3968432
5551,1709233949.5014913,1709233949.501536
5552,1709233949.6010118,1709233949.601095
5553,1709233949.7103915,1709233949.7104375
5554,1709233949.8112473,1709233949.811366
5555,1709233949.9037254,1709233949.9037786
5556,1709233949.9969993,1709233949.9970765
5557,1709233950.112886,1709233950.1129818
5558,1709233950.200907,1709233950.2010067
5559,1709233950.297838,1709233950.297893
5560,1709233950.3997388,1709233950.399793
5561,1709233950.4991386,1709233950.4992335
5562,1709233950.601267,1709233950.601332
5563,1709233950.7013385,1709233950.7014034
5564,1709233950.7999997,1709233950.8000827
5565,1709233950.9023554,1709233950.9024374
5566,1709233950.9932346,1709233950.9933276
5567,1709233951.0923018,1709233951.092436
5568,1709233951.1972108,1709233951.1972637
5569,1709233951.317749,1709233951.3178132
5570,1709233951.3919554,1709233951.3920062
5571,1709233951.5001907,1709233951.5002892
5572,1709233951.6004038,1709233951.6005092
5573,1709233951.7016091,1709233951.701699
5574,1709233951.8122396,1709233951.812331
5575,1709233951.904487,1709233951.9045744
5576,1709233952.0012784,1709233952.0014122
5577,1709233952.1013286,1709233952.1014638
5578,1709233952.1906972,1709233952.1907804
5579,1709233952.3002098,1709233952.3003016
5580,1709233952.402116,1709233952.4022002
5581,1709233952.5008657,1709233952.5009408
5582,1709233952.5955315,1709233952.5956252
5583,1709233952.70295,1709233952.7030377
5584,1709233952.7989607,1709233952.7990825
5585,1709233952.8996308,1709233952.8997161
5586,1709233953.000289,1709233953.0003676
5587,1709233953.1033764,1709233953.1034706
5588,1709233953.1978452,1709233953.1979256
5589,1709233953.2941055,1709233953.294198
5590,1709233953.4088857,1709233953.4089868
5591,1709233953.504621,1709233953.5047226
5592,1709233953.5961773,1709233953.5962486
5593,1709233953.7008736,1709233953.7009592
5594,1709233953.8063827,1709233953.8064413
5595,1709233953.9015968,1709233953.901669
5596,1709233953.9938447,1709233953.9938977
5597,1709233954.0999126,1709233954.0999596
5598,1709233954.198374,1709233954.1984148
5599,1709233954.3051586,1709233954.3052185
5600,1709233954.401574,1709233954.401626
5601,1709233954.4959881,1709233954.4960907
5602,1709233954.597513,1709233954.597578
5603,1709233954.7078896,1709233954.7079575
5604,1709233954.7949448,1709233954.7949898
5605,1709233954.9017081,1709233954.9017959
5606,1709233955.0038164,1709233955.0038733
5607,1709233955.1015224,1709233955.1016507
5608,1709233955.200116,1709233955.2001665
5609,1709233955.2971537,1709233955.2972047
5610,1709233955.3999345,1709233955.399982
5611,1709233955.4954996,1709233955.49554
5612,1709233955.595039,1709233955.595086
5613,1709233955.7012339,1709233955.7012875
5614,1709233955.8041215,1709233955.804169
5615,1709233955.8976333,1709233955.8977113
5616,1709233956.003826,1709233956.0038784
5617,1709233956.0971067,1709233956.0971868
5618,1709233956.195975,1709233956.196051
5619,1709233956.3008292,1709233956.3008766
5620,1709233956.3954,1709233956.3954854
5621,1709233956.4963012,1709233956.4963734
5622,1709233956.596225,1709233956.5962605
5623,1709233956.6909883,1709233956.691034
5624,1709233956.79804,1709233956.7980833
5625,1709233956.905278,1709233956.9053175
5626,1709233956.9996197,1709233956.9996634
5627,1709233957.1013389,1709233957.101379
5628,1709233957.2005374,1709233957.2005868
5629,1709233957.3017337,1709233957.3017828
5630,1709233957.3970149,1709233957.397065
5631,1709233957.4955952,1709233957.4956357
5632,1709233957.6152425,1709233957.6153002
5633,1709233957.699296,1709233957.6993608
5634,1709233957.8105838,1709233957.8106341
5635,1709233957.9001493,1709233957.9001915
5636,1709233957.9982855,1709233957.9983392
5637,1709233958.101036,1709233958.1010852
5638,1709233958.1966236,1709233958.1966686
5639,1709233958.3031425,1709233958.3032064
5640,1709233958.4037828,1709233958.4038363
5641,1709233958.4969764,1709233958.4970193
5642,1709233958.5953429,1709233958.5953877
5643,1709233958.700443,1709233958.7005167
5644,1709233958.791083,1709233958.7911394
5645,1709233958.9075985,1709233958.9076436
5646,1709233959.0020018,1709233959.0020783
5647,1709233959.102139,1709233959.102202
5648,1709233959.1961381,1709233959.1961865
5649,1709233959.303111,1709233959.3031573
5650,1709233959.40635,1709233959.406507
5651,1709233959.4996088,1709233959.4996998
5652,1709233959.610634,1709233959.610682
5653,1709233959.690938,1709233959.6909933
5654,1709233959.7950335,1709233959.7950969
5655,1709233959.8978484,1709233959.8979576
5656,1709233960.0004828,1709233960.0005493
5657,1709233960.0951662,1709233960.0952034
5658,1709233960.1978378,1709233960.1978943
5659,1709233960.3061337,1709233960.3061888
5660,1709233960.3903785,1709233960.3904512
5661,1709233960.4962811,1709233960.4963694
5662,1709233960.5958853,1709233960.595922
5663,1709233960.6968694,1709233960.6969104
5664,1709233960.7962084,1709233960.796246
5665,1709233960.9055648,1709233960.9056144
5666,1709233961.003836,1709233961.0038872
5667,1709233961.0983222,1709233961.098389
5668,1709233961.1985335,1709233961.1986096
5669,1709233961.2960577,1709233961.2961354
5670,1709233961.4017067,1709233961.4017575
5671,1709233961.5056784,1709233961.50574
5672,1709233961.589791,1709233961.5898595
5673,1709233961.703597,1709233961.703689
5674,1709233961.7974072,1709233961.7974591
5675,1709233961.897759,1709233961.8978188
5676,1709233961.9940493,1709233961.9940937
5677,1709233962.0948462,1709233962.0948884
5678,1709233962.2027316,1709233962.2027822
5679,1709233962.296759,1709233962.2967992
5680,1709233962.401358,1709233962.4014013
5681,1709233962.4992397,1709233962.4992802
5682,1709233962.5993292,1709233962.5993733
5683,1709233962.6979938,1709233962.6980493
5684,1709233962.7996314,1709233962.7997417
5685,1709233962.9083211,1709233962.9083903
5686,1709233962.994755,1709233962.9948108
5687,1709233963.0994318,1709233963.0995436
5688,1709233963.1987865,1709233963.1988373
5689,1709233963.308365,1709233963.3084168
5690,1709233963.4133098,1709233963.4133906
5691,1709233963.504316,1709233963.5043635
5692,1709233963.5967288,1709233963.596771
5693,1709233963.7065105,1709233963.70661
5694,1709233963.7987516,1709233963.798803
5695,1709233963.9054976,1709233963.9055436
5696,1709233964.0034811,1709233964.003573
5697,1709233964.0999982,1709233964.1000464
5698,1709233964.2019427,1709233964.2019908
5699,1709233964.2978024,1709233964.2978606
5700,1709233964.3905458,1709233964.3906007
5701,1709233964.497554,1709233964.497634
5702,1709233964.5978222,1709233964.5978594
5703,1709233964.704826,1709233964.7049923
5704,1709233964.8009741,1709233964.8010674
5705,1709233964.893478,1709233964.8935902
5706,1709233965.0083075,1709233965.0083818
5707,1709233965.095936,1709233965.09605
5708,1709233965.2051826,1709233965.2052648
5709,1709233965.2962437,1709233965.2963388
5710,1709233965.4007359,1709233965.400857
5711,1709233965.4916785,1709233965.491768
5712,1709233965.596525,1709233965.5966094
5713,1709233965.6959517,1709233965.6960204
5714,1709233965.7922406,1709233965.7923143
5715,1709233965.8971171,1709233965.8972037
5716,1709233965.9983497,1709233965.99844
5717,1709233966.1004465,1709233966.100532
5718,1709233966.1930926,1709233966.1931636
5719,1709233966.2944763,1709233966.2945879
5720,1709233966.396095,1709233966.396223
5721,1709233966.5010853,1709233966.5011868
5722,1709233966.6053498,1709233966.6054425
5723,1709233966.6945531,1709233966.6946473
5724,1709233966.8061955,1709233966.8063285
5725,1709233966.902856,1709233966.90295
5726,1709233966.996832,1709233966.9968681
5727,1709233967.0947113,1709233967.0947568
5728,1709233967.1995702,1709233967.1996307
5729,1709233967.3022604,1709233967.3023293
5730,1709233967.3944774,1709233967.3945394
5731,1709233967.494464,1709233967.4945374
5732,1709233967.5963418,1709233967.596419
5733,1709233967.6940234,1709233967.6940615
5734,1709233967.8011036,1709233967.8011556
5735,1709233967.9086583,1709233967.9086993
5736,1709233967.997792,1709233967.9978518
5737,1709233968.0987864,1709233968.09884
5738,1709233968.1981568,1709233968.198207
5739,1709233968.2990158,1709233968.2990594
5740,1709233968.391629,1709233968.391666
5741,1709233968.491269,1709233968.4913008
5742,1709233968.6029289,1709233968.6030257
5743,1709233968.6989186,1709233968.6989691
5744,1709233968.8020325,1709233968.8020864
5745,1709233968.9003544,1709233968.900404
5746,1709233968.9980376,1709233968.998085
5747,1709233969.0978713,1709233969.0979433
5748,1709233969.1975884,1709233969.1976256
5749,1709233969.3050976,1709233969.3052204
5750,1709233969.4058373,1709233969.4059122
5751,1709233969.5082407,1709233969.5082824
5752,1709233969.5917056,1709233969.5917516
5753,1709233969.697638,1709233969.697692
5754,1709233969.806374,1709233969.8064256
5755,1709233969.8931637,1709233969.893216
5756,1709233970.0027099,1709233970.0027568
5757,1709233970.1080651,1709233970.1081185
5758,1709233970.2016206,1709233970.2016633
5759,1709233970.3002508,1709233970.3002958
5760,1709233970.4022307,1709233970.402274
5761,1709233970.5019715,1709233970.5020247
5762,1709233970.601538,1709233970.6016243
5763,1709233970.7023242,1709233970.7023823
5764,1709233970.8041155,1709233970.8041854
5765,1709233970.9098,1709233970.9098544
5766,1709233970.9967225,1709233970.9967642
5767,1709233971.100619,1709233971.1006796
5768,1709233971.200584,1709233971.2006528
5769,1709233971.2974017,1709233971.2974994
5770,1709233971.4109552,1709233971.4110484
5771,1709233971.500091,1709233971.5001535
5772,1709233971.6000268,1709233971.6001036
5773,1709233971.7023866,1709233971.7024376
5774,1709233971.8059776,1709233971.8060544
5775,1709233971.9018772,1709233971.9019568
5776,1709233971.9992247,1709233971.999262
5777,1709233972.0986583,1709233972.0987053
5778,1709233972.202973,1709233972.2030306
5779,1709233972.2954745,1709233972.295552
5780,1709233972.3993528,1709233972.399403
5781,1709233972.5067613,1709233972.5068173
5782,1709233972.6052353,1709233972.6053228
5783,1709233972.7115793,1709233972.711586
5784,1709233972.795886,1709233972.795893
5785,1709233972.891766,1709233972.8917706
5786,1709233973.0001442,1709233973.0001512
5787,1709233973.09731,1709233973.097317
5788,1709233973.1935172,1709233973.193522
5789,1709233973.2959385,1709233973.2959456
5790,1709233973.403045,1709233973.4030504
5791,1709233973.5077417,1709233973.5077527
5792,1709233973.5913517,1709233973.5913641
5793,1709233973.694362,1709233973.6943693
5794,1709233973.8081415,1709233973.8081481
5795,1709233973.8990664,1709233973.899073
5796,1709233973.9937897,1709233973.9937975
5797,1709233974.1026707,1709233974.1026766
5798,1709233974.1958928,1709233974.1958997
5799,1709233974.3028643,1709233974.3028712
5800,1709233974.4013386,1709233974.4013448
5801,1709233974.5016863,1709233974.5016937
5802,1709233974.5974727,1709233974.597478
5803,1709233974.694852,1709233974.694858
5804,1709233974.7972212,1709233974.810435
5805,1709233974.899202,1709233974.9103537
5806,1709233974.9948583,1709233975.0057166
5807,1709233975.0964396,1709233975.107102
5808,1709233975.203039,1709233975.2152405
5809,1709233975.300581,1709233975.3114393
5810,1709233975.3997967,1709233975.410181
5811,1709233975.5002015,1709233975.5123343
5812,1709233975.5951622,1709233975.6060612
5813,1709233975.6913931,1709233975.7009199
5814,1709233975.799899,1709233975.8112702
5815,1709233975.9015884,1709233975.913295
5816,1709233975.9998314,1709233976.0100665
5817,1709233976.0973637,1709233976.1078138
5818,1709233976.1960251,1709233976.2074335
5819,1709233976.2986703,1709233976.309676
5820,1709233976.39905,1709233976.4107103
5821,1709233976.500969,1709233976.514259
5822,1709233976.5942843,1709233976.6038423
5823,1709233976.6973834,1709233976.7060518
5824,1709233976.7920203,1709233976.8031075
5825,1709233976.895252,1709233976.9066277
5826,1709233976.9918485,1709233977.002395
5827,1709233977.0938942,1709233977.1047757
5828,1709233977.1966681,1709233977.2073114
5829,1709233977.2957695,1709233977.3059433
5830,1709233977.3958538,1709233977.4072964
5831,1709233977.4980443,1709233977.5090203
5832,1709233977.5919385,1709233977.6063263
5833,1709233977.695332,1709233977.713049
5834,1709233977.7937822,1709233977.801621
5835,1709233977.8917596,1709233977.904465
5836,1709233978.0051043,1709233978.015856
5837,1709233978.0934873,1709233978.1056945
5838,1709233978.1961918,1709233978.20763
5839,1709233978.2908957,1709233978.305851
5840,1709233978.394964,1709233978.4073167
5841,1709233978.4971771,1709233978.5073535
5842,1709233978.5917566,1709233978.6025257
5843,1709233978.6958797,1709233978.7063336
5844,1709233978.7971306,1709233978.8076963
5845,1709233978.8981192,1709233978.908562
5846,1709233978.9982293,1709233979.0098093
5847,1709233979.098819,1709233979.111462
5848,1709233979.1979036,1709233979.2100103
5849,1709233979.296985,1709233979.3109195
5850,1709233979.3932767,1709233979.4059825
5851,1709233979.4928763,1709233979.504545
5852,1709233979.596775,1709233979.6075358
5853,1709233979.6929603,1709233979.703013
5854,1709233979.7950706,1709233979.8062015
5855,1709233979.899807,1709233979.9133484
5856,1709233979.990579,1709233980.000405
5857,1709233980.0947452,1709233980.1080244
5858,1709233980.1938596,1709233980.203881
5859,1709233980.2912223,1709233980.301588
5860,1709233980.3908544,1709233980.401599
5861,1709233980.500553,1709233980.5099065
5862,1709233980.600585,1709233980.6117315
5863,1709233980.6935725,1709233980.7088203
5864,1709233980.7949173,1709233980.8030765
5865,1709233980.8974912,1709233980.9114869
5866,1709233981.00459,1709233981.0171673
5867,1709233981.0959356,1709233981.1091568
5868,1709233981.1999185,1709233981.210868
5869,1709233981.2973404,1709233981.3077762
5870,1709233981.3963592,1709233981.4077835
5871,1709233981.4984877,1709233981.5072613
5872,1709233981.5961916,1709233981.6047962
5873,1709233981.6952689,1709233981.7062004
5874,1709233981.8069973,1709233981.8180068
5875,1709233981.9147441,1709233981.9339476
5876,1709233982.008368,1709233982.021464
5877,1709233982.1027818,1709233982.1139154
5878,1709233982.2034633,1709233982.2133281
5879,1709233982.3054564,1709233982.3169463
5880,1709233982.3942525,1709233982.4050562
5881,1709233982.5035143,1709233982.513941
5882,1709233982.5974276,1709233982.6124086
5883,1709233982.7047067,1709233982.715217
5884,1709233982.8096106,1709233982.8217933
5885,1709233982.8949146,1709233982.909998
5886,1709233982.9939656,1709233983.0096364
5887,1709233983.0994267,1709233983.1125662
5888,1709233983.1919332,1709233983.2045064
5889,1709233983.3005674,1709233983.3138433
5890,1709233983.3954494,1709233983.4062443
5891,1709233983.4965625,1709233983.5065198
5892,1709233983.604157,1709233983.6155336
5893,1709233983.7027447,1709233983.7159271
5894,1709233983.7943764,1709233983.805478
5895,1709233983.9005098,1709233983.910925
5896,1709233983.9923837,1709233984.0050848
5897,1709233984.098064,1709233984.1107562
5898,1709233984.1931422,1709233984.2044272
5899,1709233984.2923694,1709233984.3052819
5900,1709233984.4026306,1709233984.4132028
5901,1709233984.49648,1709233984.5059454
5902,1709233984.599499,1709233984.61071
5903,1709233984.693356,1709233984.7038443
5904,1709233984.7986155,1709233984.80999
5905,1709233984.9019995,1709233984.911561
5906,1709233985.0002716,1709233985.0114036
5907,1709233985.0987387,1709233985.1089056
5908,1709233985.1978722,1709233985.2084506
5909,1709233985.3092391,1709233985.3195846
5910,1709233985.4056034,1709233985.421577
5911,1709233985.5028167,1709233985.5128734
5912,1709233985.6059618,1709233985.6201415
5913,1709233985.6986794,1709233985.7103229
5914,1709233985.8060782,1709233985.817885
5915,1709233985.8971622,1709233985.9117923
5916,1709233986.0023599,1709233986.0137272
5917,1709233986.1059308,1709233986.1164403
5918,1709233986.1982834,1709233986.2090454
5919,1709233986.3014774,1709233986.3180807
5920,1709233986.3960102,1709233986.4091742
5921,1709233986.4923258,1709233986.5087152
5922,1709233986.597128,1709233986.6150415
5923,1709233986.6972327,1709233986.710756
5924,1709233986.7976468,1709233986.81315
5925,1709233986.8965094,1709233986.909961
5926,1709233987.0053172,1709233987.0254998
5927,1709233987.1098044,1709233987.1194742
5928,1709233987.1984677,1709233987.2069862
5929,1709233987.298402,1709233987.3089013
5930,1709233987.3912733,1709233987.4025898
5931,1709233987.4975317,1709233987.5061917
5932,1709233987.5935004,1709233987.6049442
5933,1709233987.6967402,1709233987.709109
5934,1709233987.7940242,1709233987.8063614
5935,1709233987.9061105,1709233987.9179168
5936,1709233987.9998126,1709233988.011039
5937,1709233988.1052833,1709233988.115005
5938,1709233988.1978822,1709233988.2078493
5939,1709233988.2965164,1709233988.309097
5940,1709233988.4019654,1709233988.412834
5941,1709233988.490077,1709233988.5026014
5942,1709233988.598403,1709233988.607276
5943,1709233988.6995492,1709233988.708824
5944,1709233988.7996209,1709233988.8131459
5945,1709233988.890352,1709233988.9024572
5946,1709233989.0050192,1709233989.0170302
5947,1709233989.0947425,1709233989.1073122
5948,1709233989.19304,1709233989.2025385
5949,1709233989.2989383,1709233989.312902
5950,1709233989.399628,1709233989.4087787
5951,1709233989.502057,1709233989.5133371
5952,1709233989.6008763,1709233989.6132493
5953,1709233989.6938412,1709233989.705244
5954,1709233989.7906876,1709233989.8021672
5955,1709233989.8996058,1709233989.9091558
5956,1709233989.9950907,1709233990.0047457
5957,1709233990.094557,1709233990.1047568
5958,1709233990.1969862,1709233990.2084107
5959,1709233990.3058045,1709233990.3178017
5960,1709233990.399249,1709233990.4116287
5961,1709233990.500089,1709233990.5128796
5962,1709233990.606891,1709233990.6189842
5963,1709233990.6981807,1709233990.709336
5964,1709233990.797765,1709233990.806444
5965,1709233990.89696,1709233990.9095378
5966,1709233990.9968953,1709233991.0105715
5967,1709233991.100325,1709233991.111097
5968,1709233991.202595,1709233991.2121446
5969,1709233991.2935038,1709233991.3048103
5970,1709233991.3992383,1709233991.4117453
5971,1709233991.5091143,1709233991.5198088
5972,1709233991.592678,1709233991.605194
5973,1709233991.6950042,1709233991.7070105
5974,1709233991.7960336,1709233991.8069654
5975,1709233991.8979714,1709233991.910624
5976,1709233991.9981234,1709233992.0090878
5977,1709233992.0930865,1709233992.1028001
5978,1709233992.1987612,1709233992.209888
5979,1709233992.2976806,1709233992.312112
5980,1709233992.4014537,1709233992.4127362
5981,1709233992.4951231,1709233992.5024583
5982,1709233992.5940874,1709233992.6036334
5983,1709233992.6972246,1709233992.7097414
5984,1709233992.804721,1709233992.8154225
5985,1709233992.8998055,1709233992.9113162
5986,1709233992.999191,1709233993.009504
5987,1709233993.111647,1709233993.1246326
5988,1709233993.2027552,1709233993.2140887
5989,1709233993.3002594,1709233993.310504
5990,1709233993.3951695,1709233993.4072394
5991,1709233993.4980276,1709233993.5069036
5992,1709233993.5979102,1709233993.610289
5993,1709233993.6952143,1709233993.706841
5994,1709233993.7986004,1709233993.8113294
5995,1709233993.8996558,1709233993.910794
5996,1709233993.998905,1709233994.0095077
5997,1709233994.0958333,1709233994.1083293
5998,1709233994.1952155,1709233994.211862
5999,1709233994.292405,1709233994.30584
6000,1709233994.3941166,1709233994.4049704
6001,1709233994.499358,1709233994.5105515
6002,1709233994.591285,1709233994.6047068
6003,1709233994.7060955,1709233994.717793
6004,1709233994.8056662,1709233994.81729
6005,1709233994.8983688,1709233994.9080496
6006,1709233994.998878,1709233995.010345
6007,1709233995.0983334,1709233995.1122823
6008,1709233995.1989107,1709233995.2078922
6009,1709233995.297312,1709233995.3098705
6010,1709233995.4001217,1709233995.4119058
6011,1709233995.5005903,1709233995.512154
6012,1709233995.5974889,1709233995.6092052
6013,1709233995.700506,1709233995.7128956
6014,1709233995.8063664,1709233995.817245
6015,1709233995.9023964,1709233995.9098625
6016,1709233995.9987879,1709233996.0120087
6017,1709233996.0959635,1709233996.1046553
6018,1709233996.206609,1709233996.2180853
6019,1709233996.2932935,1709233996.2997496
6020,1709233996.4001117,1709233996.4124284
6021,1709233996.5024738,1709233996.5163782
6022,1709233996.5954502,1709233996.606653
6023,1709233996.6941497,1709233996.704155
6024,1709233996.7987123,1709233996.810097
6025,1709233996.8985183,1709233996.9107091
6026,1709233997.0021195,1709233997.0137887
6027,1709233997.0977585,1709233997.1109233
6028,1709233997.1991582,1709233997.2108183
6029,1709233997.3011997,1709233997.3135164
6030,1709233997.3934476,1709233997.405097
6031,1709233997.496511,1709233997.5120344
6032,1709233997.594482,1709233997.605438
6033,1709233997.6940813,1709233997.7055988
6034,1709233997.800658,1709233997.800666
6035,1709233997.8979983,1709233997.8980029
6036,1709233997.99834,1709233997.998345
6037,1709233998.1020327,1709233998.1020389
6038,1709233998.206917,1709233998.2069228
6039,1709233998.298799,1709233998.2988045
6040,1709233998.399303,1709233998.3993099
6041,1709233998.4927864,1709233998.492793
6042,1709233998.6097965,1709233998.6098044
6043,1709233998.6958897,1709233998.6958947
6044,1709233998.7978356,1709233998.7978423
6045,1709233998.9037485,1709233998.903755
6046,1709233998.9990544,1709233998.9990606
6047,1709233999.0958211,1709233999.095828
6048,1709233999.1969216,1709233999.1969285
6049,1709233999.2983882,1709233999.298395
6050,1709233999.3961902,1709233999.3961957
6051,1709233999.4981365,1709233999.4981434
6052,1709233999.5974813,1709233999.5974884
6053,1709233999.703433,1709233999.7034402
6054,1709233999.79638,1709233999.7963865
6055,1709233999.894678,1709233999.894684
6056,1709233999.9980779,1709233999.9980862
6057,1709234000.0910695,1709234000.0910766
6058,1709234000.199116,1709234000.1991231
6059,1709234000.3041341,1709234000.3041422
6060,1709234000.401797,1709234000.4018226
6061,1709234000.4932601,1709234000.4932683
6062,1709234000.5968714,1709234000.5968783
6063,1709234000.698297,1709234000.6983047
6064,1709234000.7941668,1709234000.7941713
6065,1709234000.8962314,1709234000.8962371
6066,1709234000.9952407,1709234000.9952466
6067,1709234001.09825,1709234001.0982556
6068,1709234001.2000978,1709234001.200106
6069,1709234001.2935033,1709234001.2935097
6070,1709234001.3949378,1709234001.394945
6071,1709234001.4968202,1709234001.4968255
6072,1709234001.5955145,1709234001.5955215
6073,1709234001.6977408,1709234001.6977446
6074,1709234001.7923803,1709234001.7923863
6075,1709234001.9014664,1709234001.901473
6076,1709234002.0011046,1709234002.001109
6077,1709234002.0979269,1709234002.0979345
6078,1709234002.1958473,1709234002.1958544
6079,1709234002.3071496,1709234002.3071551
6080,1709234002.3994324,1709234002.3994398
6081,1709234002.498124,1709234002.4981298
6082,1709234002.5931258,1709234002.5931325
6083,1709234002.7025073,1709234002.7025166
6084,1709234002.7956266,1709234002.795632
6085,1709234002.8950088,1709234002.8950171
6086,1709234003.0048902,1709234003.0048978
6087,1709234003.107318,1709234003.1073248
6088,1709234003.1916392,1709234003.1916444
6089,1709234003.2988966,1709234003.2989028
6090,1709234003.3930128,1709234003.3930192
6091,1709234003.501526,1709234003.5015342
6092,1709234003.6005154,1709234003.6005213
6093,1709234003.6956086,1709234003.6956136
6094,1709234003.7903392,1709234003.7903452
6095,1709234003.9018304,1709234003.9018378
6096,1709234003.9974697,1709234003.9974768
6097,1709234004.2169561,1709234004.2169616
6098,1709234004.301574,1709234004.3015797
6099,1709234004.3944125,1709234004.3944201
6100,1709234004.4949503,1709234004.494957
6101,1709234004.592937,1709234004.5929441
6102,1709234004.6937978,1709234004.6938047
6103,1709234004.799273,1709234004.79928
6104,1709234004.9053643,1709234004.9053705
6105,1709234004.9990005,1709234004.9990072
6106,1709234005.09073,1709234005.0907369
6107,1709234005.2069814,1709234005.2069879
6108,1709234005.299557,1709234005.2995632
6109,1709234005.3960042,1709234005.3960135
6110,1709234005.50495,1709234005.5049567
6111,1709234005.6038918,1709234005.603921
6112,1709234005.6979783,1709234005.6979845
6113,1709234005.792296,1709234005.7923007
6114,1709234005.8971398,1709234005.8971465
6115,1709234005.9920237,1709234005.9920309
6116,1709234006.1052203,1709234006.105226
6117,1709234006.2001467,1709234006.2001505
6118,1709234006.3024888,1709234006.3024938
6119,1709234006.3939342,1709234006.3939404
6120,1709234006.506469,1709234006.5064754
6121,1709234006.6062608,1709234006.6062663
6122,1709234006.6949835,1709234006.6949902
6123,1709234006.7948973,1709234006.794902
6124,1709234006.899337,1709234006.8993452
6125,1709234006.9939306,1709234006.993936
6126,1709234007.110878,1709234007.1108835
6127,1709234007.1972444,1709234007.1972544
6128,1709234007.3086152,1709234007.3086216
6129,1709234007.409258,1709234007.409272
6130,1709234007.5011106,1709234007.5011146
6131,1709234007.6053107,1709234007.6053143
6132,1709234007.6955879,1709234007.6955953
6133,1709234007.8045087,1709234007.804515
6134,1709234007.8974018,1709234007.8974097
6135,1709234007.996083,1709234007.9960911
6136,1709234008.099727,1709234008.0997314
6137,1709234008.1996717,1709234008.1996775
6138,1709234008.295574,1709234008.2955804
6139,1709234008.395735,1709234008.3957427
6140,1709234008.5100794,1709234008.5100882
6141,1709234008.6025507,1709234008.6025586
6142,1709234008.6988652,1709234008.6988704
6143,1709234008.7975268,1709234008.797533
6144,1709234008.897372,1709234008.897376
6145,1709234008.997911,1709234008.9979172
6146,1709234009.0970318,1709234009.0970376
6147,1709234009.2020233,1709234009.2020288
6148,1709234009.3034742,1709234009.3034801
6149,1709234009.4011664,1709234009.401174
6150,1709234009.5053432,1709234009.5053504
6151,1709234009.59839,1709234009.598396
6152,1709234009.6992168,1709234009.6992226
6153,1709234009.7995524,1709234009.7995584
6154,1709234009.900762,1709234009.9007688
6155,1709234010.001767,1709234010.0017717
6156,1709234010.096195,1709234010.0962026
6157,1709234010.1975706,1709234010.1975765
6158,1709234010.2989445,1709234010.2989507
6159,1709234010.3988886,1709234010.3988945
6160,1709234010.490688,1709234010.490694
6161,1709234010.5985773,1709234010.598583
6162,1709234010.6908507,1709234010.6908565
6163,1709234010.7999828,1709234010.7999897
6164,1709234010.8937573,1709234010.893763
6165,1709234010.9920793,1709234010.992084
6166,1709234011.0987763,1709234011.0987828
6167,1709234011.1996362,1709234011.1996434
6168,1709234011.3010397,1709234011.3010447
6169,1709234011.4057016,1709234011.4057078
6170,1709234011.4949906,1709234011.4949968
6171,1709234011.5978448,1709234011.5978506
6172,1709234011.6998155,1709234011.6998198
6173,1709234011.8071015,1709234011.8071072
6174,1709234011.8988261,1709234011.8988326
6175,1709234012.0066166,1709234012.006623
6176,1709234012.1042752,1709234012.1042788
6177,1709234012.2008028,1709234012.2008083
6178,1709234012.2955503,1709234012.2955565
6179,1709234012.3963616,1709234012.396368
6180,1709234012.497515,1709234012.4975214
6181,1709234012.600492,1709234012.6004992
6182,1709234012.6949172,1709234012.6949224
6183,1709234012.8047183,1709234012.8047242
6184,1709234012.8996449,1709234012.8996508
6185,1709234012.991176,1709234012.9911814
6186,1709234013.0993564,1709234013.0993612
6187,1709234013.20266,1709234013.2026658
6188,1709234013.293469,1709234013.2934752
6189,1709234013.4010081,1709234013.4010198
6190,1709234013.5001202,1709234013.5001268
6191,1709234013.597057,1709234013.5970623
6192,1709234013.703417,1709234013.7034223
6193,1709234013.8102732,1709234013.8102794
6194,1709234013.8972898,1709234013.8972964
6195,1709234013.9954152,1709234013.9954221
6196,1709234014.1062014,1709234014.106208
6197,1709234014.196216,1709234014.1962247
6198,1709234014.2962766,1709234014.2962828
6199,1709234014.3942947,1709234014.3943002
6200,1709234014.4956963,1709234014.495703
6201,1709234014.5959804,1709234014.5959861
6202,1709234014.7032075,1709234014.7032135
6203,1709234014.800852,1709234014.8008587
6204,1709234014.8938427,1709234014.8938498
6205,1709234015.0017052,1709234015.0017254
6206,1709234015.0981977,1709234015.0982032
6207,1709234015.2029026,1709234015.2029076
6208,1709234015.3051252,1709234015.3051307
6209,1709234015.400032,1709234015.4000382
6210,1709234015.5067115,1709234015.5067165
6211,1709234015.595414,1709234015.59542
6212,1709234015.6972795,1709234015.697286
6213,1709234015.795855,1709234015.7959101
6214,1709234015.898133,1709234015.8981395
6215,1709234015.9993532,1709234015.9993603
6216,1709234016.10592,1709234016.105925
6217,1709234016.205927,1709234016.205931
6218,1709234016.2942832,1709234016.2942894
6219,1709234016.393434,1709234016.3934386
6220,1709234016.500731,1709234016.5007355
6221,1709234016.6121118,1709234016.6121206
6222,1709234016.698268,1709234016.6982746
6223,1709234016.8029604,1709234016.8029666
6224,1709234016.8965044,1709234016.8965104
6225,1709234017.0009284,1709234017.0009341
6226,1709234017.1031806,1709234017.1031876
6227,1709234017.1962562,1709234017.1962602
6228,1709234017.306389,1709234017.3063946
6229,1709234017.397957,1709234017.3979616
6230,1709234017.4955628,1709234017.49557
6231,1709234017.6059418,1709234017.6059494
6232,1709234017.6934311,1709234017.693438
6233,1709234017.8015378,1709234017.8015444
6234,1709234017.896063,1709234017.8960688
6235,1709234017.9984663,1709234017.9984725
6236,1709234018.0969415,1709234018.0969481
6237,1709234018.2101238,1709234018.2101347
6238,1709234018.3089552,1709234018.3089607
6239,1709234018.411304,1709234018.4113097
6240,1709234018.5031917,1709234018.5031984
6241,1709234018.5957003,1709234018.5957067
6242,1709234018.699846,1709234018.6998525
6243,1709234018.7964535,1709234018.79646
6244,1709234018.892335,1709234018.8923416
6245,1709234018.9937172,1709234018.9937234
6246,1709234019.106559,1709234019.1065657
6247,1709234019.2114182,1709234019.2114234
6248,1709234019.2976592,1709234019.2976649
6249,1709234019.4108276,1709234019.4108322
6250,1709234019.5033946,1709234019.503402
6251,1709234019.5962229,1709234019.5962281
6252,1709234019.6974173,1709234019.6974254
6253,1709234019.7956624,1709234019.7956688
6254,1709234019.902411,1709234019.9024181
6255,1709234019.9969835,1709234019.9969897
6256,1709234020.0928788,1709234020.0928855
6257,1709234020.196122,1709234020.196128
6258,1709234020.2977107,1709234020.2977178
6259,1709234020.4003553,1709234020.4003615
6260,1709234020.5000842,1709234020.5000877
6261,1709234020.5962324,1709234020.5962384
6262,1709234020.6965847,1709234020.6965904
6263,1709234020.8088043,1709234020.8088124
6264,1709234020.8968854,1709234020.8968923
6265,1709234021.00526,1709234021.0052648
6266,1709234021.0949705,1709234021.094976
6267,1709234021.1959653,1709234021.1959727
6268,1709234021.2996895,1709234021.2996948
6269,1709234021.391693,1709234021.3916988
6270,1709234021.498113,1709234021.4981186
6271,1709234021.6061804,1709234021.6061873
6272,1709234021.6958497,1709234021.6958551
6273,1709234021.803009,1709234021.803013
6274,1709234021.8959088,1709234021.8959155
6275,1709234022.0051072,1709234022.0051165
6276,1709234022.0950885,1709234022.095096
6277,1709234022.194173,1709234022.1941776
6278,1709234022.296657,1709234022.2966633
6279,1709234022.393641,1709234022.393647
6280,1709234022.5096173,1709234022.5096264
6281,1709234022.5974565,1709234022.5974612
6282,1709234022.6967762,1709234022.6967819
6283,1709234022.7981122,1709234022.7981217
6284,1709234022.894266,1709234022.8942711
6285,1709234023.0082755,1709234023.008281
6286,1709234023.0948958,1709234023.0949
6287,1709234023.1946163,1709234023.1946223
6288,1709234023.3065555,1709234023.3065634
6289,1709234023.3963864,1709234023.3963938
6290,1709234023.4954555,1709234023.4954607
6291,1709234023.6003697,1709234023.600375
6292,1709234023.707071,1709234023.7070773
6293,1709234023.8015258,1709234023.8015337
6294,1709234023.9018955,1709234023.9019017
6295,1709234023.992808,1709234023.9928167
6296,1709234024.0934238,1709234024.093433
6297,1709234024.2011526,1709234024.2011614
6298,1709234024.2966304,1709234024.2966373
6299,1709234024.399621,1709234024.3996263
6300,1709234024.5010145,1709234024.5010202
6301,1709234024.5901234,1709234024.5901282
6302,1709234024.7052047,1709234024.7052102
6303,1709234024.7977486,1709234024.7977529
6304,1709234024.8935888,1709234024.893593
6305,1709234024.9946644,1709234024.9946704
6306,1709234025.0905538,1709234025.0905597
6307,1709234025.2044828,1709234025.2044897
6308,1709234025.301332,1709234025.3013387
6309,1709234025.3940706,1709234025.3940775
6310,1709234025.4937913,1709234025.4937973
6311,1709234025.598967,1709234025.5989723
6312,1709234025.705954,1709234025.705959
6313,1709234025.8025682,1709234025.8025758
6314,1709234025.8928342,1709234025.8928409
6315,1709234025.997711,1709234025.997715
6316,1709234026.5372176,1709234026.5372267
6317,1709234026.545907,1709234026.5459123
6318,1709234026.6099045,1709234026.6099105
6319,1709234026.704089,1709234026.704095
6320,1709234026.7971842,1709234026.79719
6321,1709234026.8965542,1709234026.8965607
6322,1709234027.004101,1709234027.0041065
6323,1709234027.093786,1709234027.0937917
6324,1709234027.192419,1709234027.192425
6325,1709234027.2945652,1709234027.2945707
6326,1709234027.4053068,1709234027.405314
6327,1709234027.4997106,1709234027.4997177
6328,1709234027.6077013,1709234027.6077075
6329,1709234027.694669,1709234027.6946752
6330,1709234027.8046305,1709234027.804637
6331,1709234027.8990774,1709234027.8990848
6332,1709234027.995835,1709234027.9958415
6333,1709234028.1015365,1709234028.1015465
6334,1709234028.1957214,1709234028.1957285
6335,1709234028.2987695,1709234028.2987745
6336,1709234028.3999207,1709234028.3999264
6337,1709234028.493772,1709234028.4937756
6338,1709234028.5973082,1709234028.597317
6339,1709234028.709019,1709234028.7090244
6340,1709234028.79594,1709234028.7959461
6341,1709234028.9079812,1709234028.9079866
6342,1709234028.9945288,1709234028.9945357
6343,1709234029.0989091,1709234029.0989144
6344,1709234029.1985633,1709234029.1985672
6345,1709234029.2963462,1709234029.296352
6346,1709234029.4041502,1709234029.4041574
6347,1709234029.5066133,1709234029.50662
6348,1709234029.5982988,1709234029.598305
6349,1709234029.703588,1709234029.7035935
6350,1709234029.8060753,1709234029.8060813
6351,1709234029.9048202,1709234029.9048257
6352,1709234029.9973257,1709234029.997333
6353,1709234030.1022077,1709234030.1022139
6354,1709234030.2002435,1709234030.2002494
6355,1709234030.3042514,1709234030.3042598
6356,1709234030.3961658,1709234030.396172
6357,1709234030.4995022,1709234030.4995086
6358,1709234030.6013494,1709234030.6013553
6359,1709234030.7070227,1709234030.7070308
6360,1709234030.798266,1709234030.798272
6361,1709234030.8920503,1709234030.8920562
6362,1709234030.9988906,1709234030.9988964
6363,1709234031.1039026,1709234031.103909
6364,1709234031.1994972,1709234031.1995015
6365,1709234031.29624,1709234031.2962468
6366,1709234031.3971255,1709234031.3971305
6367,1709234031.4949014,1709234031.4949083
6368,1709234031.5993505,1709234031.5993583
6369,1709234031.6983755,1709234031.6983817
6370,1709234031.7991023,1709234031.799107
6371,1709234031.897391,1709234031.8973975
6372,1709234031.9956603,1709234031.9956663
6373,1709234032.0951843,1709234032.0951896
6374,1709234032.200988,1709234032.200996
6375,1709234032.29525,1709234032.2952578
6376,1709234032.407105,1709234032.4071107
6377,1709234032.500921,1709234032.5009277
6378,1709234032.6005082,1709234032.600515
6379,1709234032.69151,1709234032.6915157
6380,1709234032.7983744,1709234032.7983835
6381,1709234032.8947594,1709234032.894765
6382,1709234033.0016053,1709234033.0016131
6383,1709234033.105076,1709234033.105082
6384,1709234033.200375,1709234033.2003837
6385,1709234033.2963252,1709234033.296332
6386,1709234033.3970757,1709234033.3970795
6387,1709234033.4902215,1709234033.4902275
6388,1709234033.5949967,1709234033.5950024
6389,1709234033.7064533,1709234033.7064598
6390,1709234033.7920058,1709234033.7920132
6391,1709234033.8959296,1709234033.8959334
6392,1709234034.002901,1709234034.0029082
6393,1709234034.1000907,1709234034.1000984
6394,1709234034.1921008,1709234034.1921086
6395,1709234034.295978,1709234034.2959828
6396,1709234034.3905609,1709234034.390567
6397,1709234034.4901345,1709234034.4901428
6398,1709234034.6036043,1709234034.603612
6399,1709234034.7001057,1709234034.7001119
6400,1709234034.7967243,1709234034.7967288
6401,1709234034.8976789,1709234034.8976834
6402,1709234034.998123,1709234034.9981303
6403,1709234035.0951545,1709234035.095163
6404,1709234035.1968484,1709234035.196855
6405,1709234035.291392,1709234035.2914
6406,1709234035.406458,1709234035.4064693
6407,1709234035.4964776,1709234035.4964838
6408,1709234035.601142,1709234035.6011486
6409,1709234035.696957,1709234035.6969643
6410,1709234035.8070328,1709234035.8070424
6411,1709234035.8913448,1709234035.8913522
6412,1709234035.9983056,1709234035.9983118
6413,1709234036.102498,1709234036.1025074
6414,1709234036.2038207,1709234036.2038267
6415,1709234036.2987401,1709234036.2987473
6416,1709234036.394381,1709234036.3943875
6417,1709234036.4995697,1709234036.499576
6418,1709234036.5970232,1709234036.597029
6419,1709234036.6965241,1709234036.696531
6420,1709234036.792048,1709234036.7920544
6421,1709234036.8908095,1709234036.8908157
6422,1709234037.007021,1709234037.0070286
6423,1709234037.0905635,1709234037.0905697
6424,1709234037.1991014,1709234037.1991081
6425,1709234037.294537,1709234037.2945418
6426,1709234037.4099824,1709234037.4099889
6427,1709234037.497503,1709234037.4975088
6428,1709234037.5981147,1709234037.5981214
6429,1709234037.6971533,1709234037.6971588
6430,1709234037.8017151,1709234037.8017232
6431,1709234037.8930264,1709234037.8930328
6432,1709234038.006576,1709234038.006583
6433,1709234038.0971966,1709234038.0972025
6434,1709234038.1970136,1709234038.1970198
6435,1709234038.300024,1709234038.3000345
6436,1709234038.4077175,1709234038.4077222
6437,1709234038.492179,1709234038.4921846
6438,1709234038.5975304,1709234038.5975354
6439,1709234038.6987956,1709234038.6988008
6440,1709234038.7973616,1709234038.797368
6441,1709234038.8966248,1709234038.8966315
6442,1709234038.9988112,1709234038.9988172
6443,1709234039.092539,1709234039.092543
6444,1709234039.1923838,1709234039.1923902
6445,1709234039.3041792,1709234039.304184
6446,1709234039.4101543,1709234039.4101608
6447,1709234039.5092356,1709234039.5092432
6448,1709234039.5996187,1709234039.5996242
6449,1709234039.6926403,1709234039.692646
6450,1709234039.7980268,1709234039.7980347
6451,1709234039.8944538,1709234039.8944595
6452,1709234040.0143063,1709234040.0143175
6453,1709234040.0960083,1709234040.096014
6454,1709234040.1999831,1709234040.1999898
6455,1709234040.3032064,1709234040.3032136
6456,1709234040.3991168,1709234040.3991227
6457,1709234040.497108,1709234040.4971144
6458,1709234040.6024475,1709234040.6024575
6459,1709234040.696036,1709234040.6960437
6460,1709234040.8043325,1709234040.8043401
6461,1709234040.9007611,1709234040.9007673
6462,1709234040.9909227,1709234040.9909286
6463,1709234041.1088927,1709234041.1088986
6464,1709234041.2094328,1709234041.2094412
6465,1709234041.2941697,1709234041.2941751
6466,1709234041.3933496,1709234041.3933558
6467,1709234041.5054245,1709234041.505429
6468,1709234041.606645,1709234041.6066523
6469,1709234041.698627,1709234041.698636
6470,1709234041.8097124,1709234041.8097181
6471,1709234041.9071653,1709234041.9071736
6472,1709234042.0231476,1709234042.0231552
6473,1709234042.0971274,1709234042.0971344
6474,1709234042.1980107,1709234042.1980174
6475,1709234042.304557,1709234042.3045633
6476,1709234042.4052455,1709234042.4052525
6477,1709234042.513266,1709234042.5132732
6478,1709234042.5931394,1709234042.5931458
6479,1709234042.6964214,1709234042.6964276
6480,1709234042.8049572,1709234042.8049636
6481,1709234042.9091637,1709234042.9091713
6482,1709234042.9976807,1709234042.9976869
6483,1709234043.1073406,1709234043.1073475
6484,1709234043.1995618,1709234043.1995697
6485,1709234043.3057683,1709234043.3057764
6486,1709234043.3986192,1709234043.398626
6487,1709234043.4987257,1709234043.4987328
6488,1709234043.6061504,1709234043.6061542
6489,1709234043.7110298,1709234043.7110355
6490,1709234043.8060272,1709234043.806034
6491,1709234043.906323,1709234043.9063268
6492,1709234044.0006287,1709234044.0006354
6493,1709234044.1021671,1709234044.1021726
6494,1709234044.2003915,1709234044.200399
6495,1709234044.299484,1709234044.2994916
6496,1709234044.400765,1709234044.400773
6497,1709234044.5084722,1709234044.5084798
6498,1709234044.6080081,1709234044.6080177
6499,1709234044.7048845,1709234044.7048957
6500,1709234044.8002632,1709234044.8002696
6501,1709234044.9064527,1709234044.9064581
6502,1709234045.0080128,1709234045.00802
6503,1709234045.0967875,1709234045.0967937
6504,1709234045.1922653,1709234045.1922727
6505,1709234045.2999992,1709234045.3000057
6506,1709234045.3950582,1709234045.3950653
6507,1709234045.4929183,1709234045.4929247
6508,1709234045.598092,1709234045.5981002
6509,1709234045.6963518,1709234045.6963632
6510,1709234045.7956703,1709234045.7956762
6511,1709234045.9024985,1709234045.9025056
6512,1709234045.9969382,1709234045.9969456
6513,1709234046.102148,1709234046.1021547
6514,1709234046.1937175,1709234046.1938353
6515,1709234046.3004904,1709234046.3004968
6516,1709234046.4041555,1709234046.4041607
6517,1709234046.5014367,1709234046.5014439
6518,1709234046.604514,1709234046.6045206
6519,1709234046.6939497,1709234046.6939564
6520,1709234046.7923868,1709234046.792393
6521,1709234046.8942163,1709234046.8942215
6522,1709234047.0030224,1709234047.0030284
6523,1709234047.0959938,1709234047.096
6524,1709234047.1941524,1709234047.1941595
6525,1709234047.2968924,1709234047.2968988
6526,1709234047.3952534,1709234047.3952615
6527,1709234047.4964452,1709234047.4964523
6528,1709234047.5969646,1709234047.5969734
6529,1709234047.6977713,1709234047.697777
6530,1709234047.7981815,1709234047.7981908
6531,1709234047.9056332,1709234047.9056406
6532,1709234047.992293,1709234047.9923
6533,1709234048.1120417,1709234048.1120486
6534,1709234048.206727,1709234048.2067347
6535,1709234048.308058,1709234048.3080645
6536,1709234048.4020526,1709234048.4020631
6537,1709234048.4972427,1709234048.49728
6538,1709234048.5931242,1709234048.5931299
6539,1709234048.7073548,1709234048.7073612
6540,1709234048.794774,1709234048.7947822
6541,1709234048.8910346,1709234048.8910408
6542,1709234048.995291,1709234048.995298
6543,1709234049.105683,1709234049.1056895
6544,1709234049.1972377,1709234049.1972435
6545,1709234049.303552,1709234049.30356
6546,1709234049.4078357,1709234049.407844
6547,1709234049.5015612,1709234049.5015678
6548,1709234049.6042945,1709234049.6043012
6549,1709234049.7034967,1709234049.7035024
6550,1709234049.7950697,1709234049.7950761
6551,1709234049.9002745,1709234049.9002805
6552,1709234050.0029361,1709234050.0029416
6553,1709234050.0981426,1709234050.098148
6554,1709234050.1928463,1709234050.1928542
6555,1709234050.2943468,1709234050.2943525
6556,1709234050.3922484,1709234050.392254
6557,1709234050.5015469,1709234050.5015528
6558,1709234050.6049573,1709234050.6049652
6559,1709234050.694359,1709234050.6943643
6560,1709234050.8041606,1709234050.804168
6561,1709234050.8954844,1709234050.895491
6562,1709234050.9952602,1709234050.995268
6563,1709234051.0969057,1709234051.0969133
6564,1709234051.2151825,1709234051.2151926
6565,1709234051.302969,1709234051.3029757
6566,1709234051.3969371,1709234051.3969429
6567,1709234051.4994426,1709234051.4994478
6568,1709234051.6007037,1709234051.600793
6569,1709234051.707346,1709234051.7074277
6570,1709234051.8125272,1709234051.8126273
6571,1709234051.8970547,1709234051.8971574
6572,1709234051.9951503,1709234051.9952412
6573,1709234052.1142762,1709234052.1143756
6574,1709234052.2005446,1709234052.2006292
6575,1709234052.3061857,1709234052.3062725
6576,1709234052.4086397,1709234052.4087453
6577,1709234052.507883,1709234052.508005
6578,1709234052.6057599,1709234052.605854
6579,1709234052.697467,1709234052.6976907
6580,1709234052.7968843,1709234052.7969801
6581,1709234052.9138699,1709234052.913956
6582,1709234053.001268,1709234053.0013502
6583,1709234053.0971498,1709234053.0972254
6584,1709234053.1988993,1709234053.1989899
6585,1709234053.293258,1709234053.2933526
6586,1709234053.3912022,1709234053.3912873
6587,1709234053.495571,1709234053.4956675
6588,1709234053.596675,1709234053.5967665
6589,1709234053.6940928,1709234053.6941752
6590,1709234053.7983365,1709234053.798428
6591,1709234053.8941894,1709234053.8942773
6592,1709234054.0061398,1709234054.0062165
6593,1709234054.1109602,1709234054.1110423
6594,1709234054.1917832,1709234054.1919155
6595,1709234054.3012478,1709234054.3013415
6596,1709234054.4044821,1709234054.4045599
6597,1709234054.500906,1709234054.5009966
6598,1709234054.596616,1709234054.59672
6599,1709234054.7075815,1709234054.7076929
6600,1709234054.7978659,1709234054.7979763
6601,1709234054.902154,1709234054.9022536
6602,1709234055.0000467,1709234055.0001361
6603,1709234055.107868,1709234055.107975
6604,1709234055.212078,1709234055.2121587
6605,1709234055.336755,1709234055.33684
6606,1709234055.4351428,1709234055.4352286
6607,1709234055.5145252,1709234055.5146105
6608,1709234055.6075408,1709234055.6076365
6609,1709234055.725881,1709234055.726043
6610,1709234055.8235424,1709234055.8236315
6611,1709234055.9132807,1709234055.9133828
6612,1709234056.0104556,1709234056.010546
6613,1709234056.1080039,1709234056.1081808
6614,1709234056.2041514,1709234056.2043161
6615,1709234056.2984898,1709234056.298608
6616,1709234056.414897,1709234056.4149883
6617,1709234056.5279667,1709234056.5281339
6618,1709234056.612894,1709234056.6130254
6619,1709234056.7062163,1709234056.7063112
6620,1709234056.830704,1709234056.8307471
6621,1709234056.9030344,1709234056.9031248
6622,1709234057.0087423,1709234057.0088186
6623,1709234057.0934792,1709234057.0935647
6624,1709234057.1958928,1709234057.1959834
6625,1709234057.2905128,1709234057.290602
6626,1709234057.407897,1709234057.4079785
6627,1709234057.5140803,1709234057.514167
6628,1709234057.6056676,1709234057.6057603
6629,1709234057.708374,1709234057.7084954
6630,1709234057.8012512,1709234057.8013332
6631,1709234057.8980896,1709234057.8982337
6632,1709234057.9949658,1709234057.995046
6633,1709234058.103835,1709234058.1039126
6634,1709234058.1995873,1709234058.1996706
6635,1709234058.2992637,1709234058.2993708
6636,1709234058.404815,1709234058.4048955
6637,1709234058.5062683,1709234058.5063453
6638,1709234058.5992587,1709234058.599352
6639,1709234058.6937785,1709234058.6938703
6640,1709234058.8006518,1709234058.8007417
6641,1709234058.9139416,1709234058.9140341
6642,1709234059.0021684,1709234059.0022564
6643,1709234059.1116657,1709234059.1117766
6644,1709234059.19643,1709234059.1965163
6645,1709234059.308865,1709234059.308965
6646,1709234059.4037967,1709234059.4038794
6647,1709234059.502306,1709234059.5024087
6648,1709234059.6073766,1709234059.60746
6649,1709234059.6972017,1709234059.6972964
6650,1709234059.7993317,1709234059.7994308
6651,1709234059.903155,1709234059.9032512
6652,1709234059.9948184,1709234059.9949157
6653,1709234060.0997696,1709234060.0998635
6654,1709234060.1909916,1709234060.1911254
6655,1709234060.3080301,1709234060.3081474
6656,1709234060.4076707,1709234060.4077573
6657,1709234060.5060132,1709234060.5061028
6658,1709234060.6031222,1709234060.6032126
6659,1709234060.6946797,1709234060.6947632
6660,1709234060.798493,1709234060.7985756
6661,1709234060.903586,1709234060.9036746
6662,1709234060.9988823,1709234060.998969
6663,1709234061.0915885,1709234061.0916753
6664,1709234061.2011483,1709234061.201249
6665,1709234061.3029478,1709234061.3030312
6666,1709234061.4004107,1709234061.4004962
6667,1709234061.5026398,1709234061.5027318
6668,1709234061.5965717,1709234061.5966547
6669,1709234061.697207,1709234061.69729
6670,1709234061.8021858,1709234061.8022685
6671,1709234061.9050894,1709234061.9051595
6672,1709234061.9980328,1709234061.9981072
6673,1709234062.1000395,1709234062.1001246
6674,1709234062.1920133,1709234062.192091
6675,1709234062.3072875,1709234062.3073757
6676,1709234062.390037,1709234062.3901067
6677,1709234062.507832,1709234062.5078819
6678,1709234062.5927706,1709234062.5928078
6679,1709234062.6972682,1709234062.697357
6680,1709234062.802371,1709234062.8024466
6681,1709234062.9000373,1709234062.9001331
6682,1709234063.0094535,1709234063.0095325
6683,1709234063.101085,1709234063.101163
6684,1709234063.208699,1709234063.2087958
6685,1709234063.2999938,1709234063.3000946
6686,1709234063.4086363,1709234063.408721
6687,1709234063.503207,1709234063.503296
6688,1709234063.5916228,1709234063.59171
6689,1709234063.715528,1709234063.7156289
6690,1709234063.820262,1709234063.8204284
6691,1709234063.9033604,1709234063.903462
6692,1709234064.0058968,1709234064.0059383
6693,1709234064.1044562,1709234064.1045432
6694,1709234064.205603,1709234064.2056499
6695,1709234064.314825,1709234064.3148737
6696,1709234064.4037838,1709234064.404101
6697,1709234064.4977474,1709234064.4978368
6698,1709234064.6173298,1709234064.6174157
6699,1709234064.7108426,1709234064.7110097
6700,1709234064.806623,1709234064.8066974
6701,1709234064.91902,1709234064.9191647
6702,1709234065.0098736,1709234065.0099242
6703,1709234065.1112723,1709234065.1113195
6704,1709234065.212586,1709234065.2127113
6705,1709234065.3045154,1709234065.3045874
6706,1709234065.396777,1709234065.3968735
6707,1709234065.506682,1709234065.507008
6708,1709234065.5974455,1709234065.5974956
6709,1709234065.7152517,1709234065.7152932
6710,1709234065.8148239,1709234065.8148723
6711,1709234065.9034166,1709234065.9034636
6712,1709234065.9982197,1709234065.9984994
6713,1709234066.0906582,1709234066.0907085
6714,1709234066.191448,1709234066.1914914
6715,1709234066.3039157,1709234066.3039951
6716,1709234066.4081206,1709234066.4082043
6717,1709234066.5014834,1709234066.5015159
6718,1709234066.6127622,1709234066.6128235
6719,1709234066.701815,1709234066.701859
6720,1709234066.804878,1709234066.804966
6721,1709234066.9134142,1709234066.9134598
6722,1709234067.001625,1709234067.0017037
6723,1709234067.0955553,1709234067.0956466
6724,1709234067.2080846,1709234067.208136
6725,1709234067.2966099,1709234067.296668
6726,1709234067.4028795,1709234067.4029348
6727,1709234067.4962184,1709234067.496306
6728,1709234067.593695,1709234067.5937867
6729,1709234067.6922293,1709234067.6922653
6730,1709234067.7986484,1709234067.79869
6731,1709234067.9099782,1709234067.910079
6732,1709234067.9984596,1709234067.9985034
6733,1709234068.097859,1709234068.0979166
6734,1709234068.2128808,1709234068.2129602
6735,1709234068.2991056,1709234068.2991507
6736,1709234068.4027517,1709234068.4027994
6737,1709234068.5025687,1709234068.5026212
6738,1709234068.5969536,1709234068.5970068
6739,1709234068.7024963,1709234068.702549
6740,1709234068.7981975,1709234068.7982492
6741,1709234068.8987129,1709234068.8987527
6742,1709234069.0080595,1709234069.008114
6743,1709234069.0998695,1709234069.099918
6744,1709234069.204447,1709234069.2045126
6745,1709234069.30712,1709234069.3071704
6746,1709234069.405617,1709234069.4056685
6747,1709234069.501946,1709234069.5019922
6748,1709234069.599578,1709234069.5996304
6749,1709234069.701705,1709234069.7018194
6750,1709234069.801504,1709234069.8015456
6751,1709234069.8969057,1709234069.896985
6752,1709234069.9918613,1709234069.9919262
6753,1709234070.1000216,1709234070.1001008
6754,1709234070.197384,1709234070.1974297
6755,1709234070.3116195,1709234070.3116736
6756,1709234070.4127119,1709234070.4127908
6757,1709234070.4987779,1709234070.4988549
6758,1709234070.6082718,1709234070.608322
6759,1709234070.6966243,1709234070.6966772
6760,1709234070.80209,1709234070.8021324
6761,1709234070.8970954,1709234070.897168
6762,1709234071.009079,1709234071.0091295
6763,1709234071.0958495,1709234071.0959375
6764,1709234071.1945844,1709234071.1946316
6765,1709234071.2948956,1709234071.2949455
6766,1709234071.397313,1709234071.3973649
6767,1709234071.503502,1709234071.5035467
6768,1709234071.5977764,1709234071.5978234
6769,1709234071.6965425,1709234071.696594
6770,1709234071.7957458,1709234071.7958014
6771,1709234071.8904612,1709234071.8905046
6772,1709234072.0038772,1709234072.0039613
6773,1709234072.1006534,1709234072.100708
6774,1709234072.203768,1709234072.2038207
6775,1709234072.3440373,1709234072.344116
6776,1709234072.4093442,1709234072.4093895
6777,1709234072.501883,1709234072.5019348
6778,1709234072.59555,1709234072.5956075
6779,1709234072.707315,1709234072.7073655
6780,1709234072.806955,1709234072.80702
6781,1709234072.906909,1709234072.9069874
6782,1709234073.0061631,1709234073.0065506
6783,1709234073.1125033,1709234073.1125612
6784,1709234073.1940093,1709234073.1941028
6785,1709234073.2936602,1709234073.2937126
6786,1709234073.4113002,1709234073.4113455
6787,1709234073.5041342,1709234073.5041804
6788,1709234073.6041005,1709234073.6042032
6789,1709234073.7037961,1709234073.7038555
6790,1709234073.7968283,1709234073.7968886
6791,1709234073.8991716,1709234073.8992212
6792,1709234074.008828,1709234074.008915
6793,1709234074.1030428,1709234074.103124
6794,1709234074.1987796,1709234074.198845
6795,1709234074.2953057,1709234074.2953696
6796,1709234074.392978,1709234074.393052
6797,1709234074.501204,1709234074.5012748
6798,1709234074.5923998,1709234074.592479
6799,1709234074.6949172,1709234074.695004
6800,1709234074.794621,1709234074.7947066
6801,1709234074.89865,1709234074.89874
6802,1709234075.002867,1709234075.002957
6803,1709234075.1031399,1709234075.1032305
6804,1709234075.199703,1709234075.1997905
6805,1709234075.3040912,1709234075.304178
6806,1709234075.40058,1709234075.400734
6807,1709234075.5050666,1709234075.5051577
6808,1709234075.6001356,1709234075.6002297
6809,1709234075.69596,1709234075.6960456
6810,1709234075.8035302,1709234075.803617
6811,1709234075.9048457,1709234075.9049325
6812,1709234076.0105374,1709234076.0106316
6813,1709234076.1025393,1709234076.1026802
6814,1709234076.2053304,1709234076.2054503
6815,1709234076.2984347,1709234076.298535
6816,1709234076.3993802,1709234076.3994706
6817,1709234076.4962394,1709234076.4962971
6818,1709234076.5927465,1709234076.5928025
6819,1709234076.694512,1709234076.6945667
6820,1709234076.801847,1709234076.801888
6821,1709234076.9086401,1709234076.9087226
6822,1709234077.0093548,1709234077.0094223
6823,1709234077.1030293,1709234077.103094
6824,1709234077.2000613,1709234077.2001128
6825,1709234077.2998455,1709234077.2999427
6826,1709234077.4052207,1709234077.4053004
6827,1709234077.496453,1709234077.4965167
6828,1709234077.6116638,1709234077.6117566
6829,1709234077.7017734,1709234077.7018437
6830,1709234077.8112154,1709234077.8112547
6831,1709234077.9063096,1709234077.9063609
6832,1709234077.9964795,1709234077.9967403
6833,1709234078.1031046,1709234078.103183
6834,1709234078.2016075,1709234078.2016666
6835,1709234078.297216,1709234078.2972665
6836,1709234078.4008975,1709234078.4009655
6837,1709234078.4968817,1709234078.496941
6838,1709234078.595048,1709234078.59513
6839,1709234078.6968668,1709234078.69696
6840,1709234078.7968152,1709234078.7969167
6841,1709234078.898761,1709234078.8988209
6842,1709234079.0019646,1709234079.0020282
6843,1709234079.113857,1709234079.1139386
6844,1709234079.1949482,1709234079.19505
6845,1709234079.3108785,1709234079.3109505
6846,1709234079.393059,1709234079.3931458
6847,1709234079.4995751,1709234079.4996734
6848,1709234079.59717,1709234079.5972347
6849,1709234079.7025967,1709234079.7026522
6850,1709234079.7977157,1709234079.7978218
6851,1709234079.9139416,1709234079.9140823
6852,1709234080.0207522,1709234080.0208259
6853,1709234080.0968733,1709234080.0969532
6854,1709234080.2134392,1709234080.2135549
6855,1709234080.2993057,1709234080.2993712
6856,1709234080.4074337,1709234080.4075031
6857,1709234080.5064056,1709234080.5064716
6858,1709234080.6030247,1709234080.6030905
6859,1709234080.6986973,1709234080.6987565
6860,1709234080.7931511,1709234080.7932115
6861,1709234080.8978634,1709234080.8979337
6862,1709234080.9949062,1709234080.9949822
6863,1709234081.1047728,1709234081.104844
6864,1709234081.1994104,1709234081.199477
6865,1709234081.2962315,1709234081.2962878
6866,1709234081.4080956,1709234081.408158
6867,1709234081.503367,1709234081.5034587
6868,1709234081.5977898,1709234081.597883
6869,1709234081.7032673,1709234081.7033236
6870,1709234081.7949815,1709234081.7950425
6871,1709234081.895237,1709234081.8953023
6872,1709234082.0036771,1709234082.0038896
6873,1709234082.1058142,1709234082.1058714
6874,1709234082.2000213,1709234082.2000828
6875,1709234082.294091,1709234082.2941399
6876,1709234082.395726,1709234082.3957775
6877,1709234082.5053856,1709234082.5054395
6878,1709234082.602235,1709234082.6022975
6879,1709234082.699294,1709234082.6994145
6880,1709234082.802128,1709234082.8021884
6881,1709234082.891018,1709234082.8911307
6882,1709234083.0058165,1709234083.0058987
6883,1709234083.1109908,1709234083.1110501
6884,1709234083.1993692,1709234083.1994517
6885,1709234083.3009229,1709234083.3009865
6886,1709234083.392684,1709234083.3927436
6887,1709234083.4941533,1709234083.4942634
6888,1709234083.5956373,1709234083.5957012
6889,1709234083.7013595,1709234083.7014651
6890,1709234083.7973685,1709234083.7974596
6891,1709234083.910734,1709234083.9108236
6892,1709234084.0039575,1709234084.0040631
6893,1709234084.0953608,1709234084.0954936
6894,1709234084.200268,1709234084.2003355
6895,1709234084.2981505,1709234084.2982295
6896,1709234084.4011223,1709234084.401206
6897,1709234084.514465,1709234084.5145547
6898,1709234084.5974717,1709234084.5975244
6899,1709234084.692576,1709234084.692628
6900,1709234084.7931528,1709234084.7932053
6901,1709234084.9091978,1709234084.9092665
6902,1709234084.9957528,1709234084.9958434
6903,1709234085.099028,1709234085.0990834
6904,1709234085.1968048,1709234085.196867
6905,1709234085.3073726,1709234085.307428
6906,1709234085.4016464,1709234085.4017048
6907,1709234085.508758,1709234085.5088186
6908,1709234085.6036017,1709234085.6036937
6909,1709234085.7032566,1709234085.7033014
6910,1709234085.8082159,1709234085.808297
6911,1709234085.9179533,1709234085.9179976
6912,1709234086.003926,1709234086.0039759
6913,1709234086.1052923,1709234086.105367
6914,1709234086.1920166,1709234086.1920583
6915,1709234086.2929473,1709234086.29302
6916,1709234086.4021933,1709234086.4022355
6917,1709234086.5030777,1709234086.5031338
6918,1709234086.59743,1709234086.597541
6919,1709234086.705016,1709234086.7050982
6920,1709234086.8068135,1709234086.8069
6921,1709234086.908599,1709234086.9086494
6922,1709234087.0037313,1709234087.003783
6923,1709234087.104896,1709234087.1049738
6924,1709234087.1986816,1709234087.1987324
6925,1709234087.2994037,1709234087.2994652
6926,1709234087.3999844,1709234087.400059
6927,1709234087.4991674,1709234087.499244
6928,1709234087.5955548,1709234087.5956316
6929,1709234087.7031028,1709234087.7031875
6930,1709234087.7916305,1709234087.791684
6931,1709234087.9201512,1709234087.9202447
6932,1709234087.9979248,1709234087.998145
6933,1709234088.1017878,1709234088.1018946
6934,1709234088.2008705,1709234088.2009466
6935,1709234088.3015506,1709234088.3016133
6936,1709234088.4095585,1709234088.409612
6937,1709234088.5109193,1709234088.5109751
6938,1709234088.606262,1709234088.6063244
6939,1709234088.7148778,1709234088.7149355
6940,1709234088.8082027,1709234088.8082542
6941,1709234088.894703,1709234088.894759
6942,1709234089.0019903,1709234089.002067
6943,1709234089.0990593,1709234089.099117
6944,1709234089.1941724,1709234089.1942365
6945,1709234089.3023157,1709234089.302368
6946,1709234089.4112833,1709234089.4113681
6947,1709234089.4998946,1709234089.4999607
6948,1709234089.598483,1709234089.5985398
6949,1709234089.7074416,1709234089.7075055
6950,1709234089.809737,1709234089.8099525
6951,1709234089.9048164,1709234089.9048655
6952,1709234090.0091467,1709234090.0092509
6953,1709234090.1064396,1709234090.106526
6954,1709234090.196293,1709234090.1963463
6955,1709234090.2921681,1709234090.2922416
6956,1709234090.3949652,1709234090.395038
6957,1709234090.4985075,1709234090.4985514
6958,1709234090.6010745,1709234090.601123
6959,1709234090.6962078,1709234090.6962535
6960,1709234090.8097515,1709234090.8098452
6961,1709234090.9074867,1709234090.9075754
6962,1709234091.004824,1709234091.0048738
6963,1709234091.099628,1709234091.0997071
6964,1709234091.1967313,1709234091.1967793
6965,1709234091.297386,1709234091.2974381
6966,1709234091.3967907,1709234091.396841
6967,1709234091.4919271,1709234091.491995
6968,1709234091.5957406,1709234091.5957897
6969,1709234091.7054713,1709234091.7055244
6970,1709234091.795606,1709234091.7956927
6971,1709234091.89879,1709234091.8988976
6972,1709234092.0058606,1709234092.0059302
6973,1709234092.1036112,1709234092.103662
6974,1709234092.2045677,1709234092.2046347
6975,1709234092.2925317,1709234092.2926323
6976,1709234092.4084334,1709234092.4085305
6977,1709234092.5000207,1709234092.5000763
6978,1709234092.6134715,1709234092.613518
6979,1709234092.6958878,1709234092.6959915
6980,1709234092.7969964,1709234092.7970552
6981,1709234092.8992157,1709234092.8992739
6982,1709234092.9924133,1709234092.9924874
6983,1709234093.097382,1709234093.097467
6984,1709234093.201447,1709234093.2015398
6985,1709234093.3081517,1709234093.3082058
6986,1709234093.3983185,1709234093.3983734
6987,1709234093.5058208,1709234093.505885
6988,1709234093.604627,1709234093.6046786
6989,1709234093.699672,1709234093.699714
6990,1709234093.7920535,1709234093.7921042
6991,1709234093.8987892,1709234093.8988347
6992,1709234094.0081446,1709234094.008193
6993,1709234094.105085,1709234094.1051357
6994,1709234094.200012,1709234094.2000644
6995,1709234094.2972717,1709234094.2973468
6996,1709234094.4002564,1709234094.4003026
6997,1709234094.500161,1709234094.5002172
6998,1709234094.5987937,1709234094.598855
6999,1709234094.6952198,1709234094.6952808
7000,1709234094.7941642,1709234094.7942133
7001,1709234094.8989468,1709234094.899048
7002,1709234094.992053,1709234094.9921
7003,1709234095.1128323,1709234095.1128929
7004,1709234095.2033677,1709234095.203412
7005,1709234095.2973802,1709234095.2974591
7006,1709234095.404011,1709234095.4041116
7007,1709234095.493053,1709234095.4931407
7008,1709234095.5946255,1709234095.594674
7009,1709234095.7000582,1709234095.7001357
7010,1709234095.8055727,1709234095.805621
7011,1709234095.8988755,1709234095.899001
7012,1709234095.9914987,1709234095.9915807
7013,1709234096.102752,1709234096.1027973
7014,1709234096.2000945,1709234096.2001817
7015,1709234096.3039932,1709234096.3040864
7016,1709234096.3992398,1709234096.399341
7017,1709234096.498519,1709234096.4985816
7018,1709234096.5909808,1709234096.5910423
7019,1709234096.6988893,1709234096.6989696
7020,1709234096.80076,1709234096.800811
7021,1709234096.897345,1709234096.8974
7022,1709234097.0024686,1709234097.0025315
7023,1709234097.1043916,1709234097.104448
7024,1709234097.2093766,1709234097.209454
7025,1709234097.3002527,1709234097.3003137
7026,1709234097.396373,1709234097.3964233
7027,1709234097.4944057,1709234097.494464
7028,1709234097.6002498,1709234097.6003308
7029,1709234097.6960754,1709234097.6961267
7030,1709234097.7922592,1709234097.7923422
7031,1709234097.8981414,1709234097.8982027
7032,1709234097.9977267,1709234097.9978082
7033,1709234098.1077547,1709234098.1077623
7034,1709234098.1973264,1709234098.1973312
7035,1709234098.2955961,1709234098.2956014
7036,1709234098.391226,1709234098.3912337
7037,1709234098.4990556,1709234098.4990628
7038,1709234098.6007864,1709234098.6007912
7039,1709234098.7013257,1709234098.7013338
7040,1709234098.799132,1709234098.7991388
7041,1709234098.904084,1709234098.9040902
7042,1709234099.0061922,1709234099.006198
7043,1709234099.0950477,1709234099.095054
7044,1709234099.1985462,1709234099.1985524
7045,1709234099.2956707,1709234099.2956808
7046,1709234099.3984368,1709234099.3984416
7047,1709234099.501986,1709234099.5019927
7048,1709234099.6010935,1709234099.6011002
7049,1709234099.6996138,1709234099.6996226
7050,1709234099.8090644,1709234099.8090727
7051,1709234099.9015832,1709234099.9015887
7052,1709234100.0099032,1709234100.0099106
7053,1709234100.1041927,1709234100.1143508
7054,1709234100.2032428,1709234100.2155874
7055,1709234100.3036284,1709234100.318032
7056,1709234100.3922708,1709234100.4049742
7057,1709234100.5006099,1709234100.5133398
7058,1709234100.5978353,1709234100.6075742
7059,1709234100.6929455,1709234100.7035005
7060,1709234100.7974775,1709234100.8039453
7061,1709234100.8931699,1709234100.9034326
7062,1709234100.9948988,1709234101.008806
7063,1709234101.0958607,1709234101.1095626
7064,1709234101.1903868,1709234101.201643
7065,1709234101.305018,1709234101.3155515
7066,1709234101.396298,1709234101.407473
7067,1709234101.494258,1709234101.504483
7068,1709234101.5959191,1709234101.6074657
7069,1709234101.6991036,1709234101.7103019
7070,1709234101.7968225,1709234101.8074155
7071,1709234101.8930256,1709234101.9068408
7072,1709234101.9951599,1709234102.0059016
7073,1709234102.0997937,1709234102.109628
7074,1709234102.2040844,1709234102.2150428
7075,1709234102.2953746,1709234102.303228
7076,1709234102.3923278,1709234102.4061804
7077,1709234102.4987235,1709234102.5119727
7078,1709234102.5983276,1709234102.6091704
7079,1709234102.6980116,1709234102.709076
7080,1709234102.7974758,1709234102.8083284
7081,1709234102.8922393,1709234102.9012063
7082,1709234102.9962447,1709234103.0071793
7083,1709234103.1011643,1709234103.1110754
7084,1709234103.1907496,1709234103.2025094
7085,1709234103.2978864,1709234103.313644
7086,1709234103.3946974,1709234103.4054234
7087,1709234103.4918246,1709234103.502698
7088,1709234103.5958815,1709234103.6080735
7089,1709234103.6960258,1709234103.7072003
7090,1709234103.7935817,1709234103.8051565
7091,1709234103.9009166,1709234103.911931
7092,1709234103.996309,1709234104.005858
7093,1709234104.0989544,1709234104.1095705
7094,1709234104.194857,1709234104.209975
7095,1709234104.2932045,1709234104.304231
7096,1709234104.3987308,1709234104.4136343
7097,1709234104.4939384,1709234104.505757
7098,1709234104.5999534,1709234104.6138206
7099,1709234104.701144,1709234104.7191937
7100,1709234104.7966297,1709234104.808528
7101,1709234104.8902328,1709234104.901
7102,1709234104.9915984,1709234105.0023963
7103,1709234105.0965376,1709234105.104899
7104,1709234105.1979735,1709234105.2082167
7105,1709234105.298482,1709234105.3072042
7106,1709234105.4027557,1709234105.4124682
7107,1709234105.498076,1709234105.5099943
7108,1709234105.5979536,1709234105.614169
7109,1709234105.6966543,1709234105.709444
7110,1709234105.795588,1709234105.8063643
7111,1709234105.8964949,1709234105.9080472
7112,1709234105.9941738,1709234106.0077171
7113,1709234106.092716,1709234106.1026316
7114,1709234106.2006912,1709234106.2140348
7115,1709234106.2970736,1709234106.3084998
7116,1709234106.3979874,1709234106.4092984
7117,1709234106.5031137,1709234106.521131
7118,1709234106.592786,1709234106.6037853
7119,1709234106.6935587,1709234106.7035897
7120,1709234106.799923,1709234106.8096156
7121,1709234106.8932912,1709234106.9016004
7122,1709234106.995038,1709234107.0064769
7123,1709234107.0921187,1709234107.1031988
7124,1709234107.1940143,1709234107.213586
7125,1709234107.2966118,1709234107.3087368
7126,1709234107.3921149,1709234107.4032042
7127,1709234107.5019174,1709234107.5131774
7128,1709234107.6016135,1709234107.6116657
7129,1709234107.6947427,1709234107.7094085
7130,1709234107.7961297,1709234107.8122437
7131,1709234107.9065368,1709234107.918204
7132,1709234107.9987853,1709234108.0113475
7133,1709234108.0935695,1709234108.1045692
7134,1709234108.2027829,1709234108.213402
7135,1709234108.2963152,1709234108.3076077
7136,1709234108.3984468,1709234108.4108915
7137,1709234108.4980345,1709234108.5094433
7138,1709234108.598826,1709234108.6103764
7139,1709234108.7008595,1709234108.7124135
7140,1709234108.8096025,1709234108.8199208
7141,1709234108.8986814,1709234108.9153328
7142,1709234108.9962277,1709234109.0126941
7143,1709234109.0924778,1709234109.1032562
7144,1709234109.1931221,1709234109.2043145
7145,1709234109.294945,1709234109.3047202
7146,1709234109.4005365,1709234109.4131675
7147,1709234109.4913673,1709234109.5042548
7148,1709234109.5974238,1709234109.6098254
7149,1709234109.7018862,1709234109.7155986
7150,1709234109.7995634,1709234109.8105092
7151,1709234109.8939106,1709234109.9072194
7152,1709234109.9986563,1709234110.0100691
7153,1709234110.0922585,1709234110.1027923
7154,1709234110.1900537,1709234110.200003
7155,1709234110.2910836,1709234110.3019123
7156,1709234110.3991785,1709234110.4104745
7157,1709234110.5020676,1709234110.5130575
7158,1709234110.598678,1709234110.608832
7159,1709234110.6908333,1709234110.7016459
7160,1709234110.7960832,1709234110.8070693
7161,1709234110.8934062,1709234110.9048214
7162,1709234110.9964387,1709234111.0046496
7163,1709234111.0961535,1709234111.1150463
7164,1709234111.2034311,1709234111.2140322
7165,1709234111.299001,1709234111.3144448
7166,1709234111.4058135,1709234111.417291
7167,1709234111.5024657,1709234111.5163033
7168,1709234111.592534,1709234111.605282
7169,1709234111.6954324,1709234111.7103975
7170,1709234111.794195,1709234111.8049262
7171,1709234111.9043202,1709234111.9166543
7172,1709234111.9925508,1709234112.0035095
7173,1709234112.0936935,1709234112.1086743
7174,1709234112.197464,1709234112.2080402
7175,1709234112.299433,1709234112.3107002
7176,1709234112.3952029,1709234112.406305
7177,1709234112.4921923,1709234112.5047042
7178,1709234112.5901325,1709234112.5998023
7179,1709234112.6897562,1709234112.6980753
7180,1709234112.7966123,1709234112.8074589
7181,1709234112.897464,1709234112.9053867
7182,1709234112.9918246,1709234113.0039775
7183,1709234113.098035,1709234113.1115417
7184,1709234113.1915758,1709234113.1997848
7185,1709234113.3008242,1709234113.3116722
7186,1709234113.3983793,1709234113.4108176
7187,1709234113.4902692,1709234113.501305
7188,1709234113.5900664,1709234113.5988667
7189,1709234113.6896474,1709234113.6978893
7190,1709234113.7911181,1709234113.8009415
7191,1709234113.8923566,1709234113.9027317
7192,1709234113.9987378,1709234114.0117517
7193,1709234114.0954058,1709234114.1072571
7194,1709234114.1907148,1709234114.2031024
7195,1709234114.2963066,1709234114.310646
7196,1709234114.3917289,1709234114.40203
7197,1709234114.489759,1709234114.4985242
7198,1709234114.5994742,1709234114.6099532
7199,1709234114.6966407,1709234114.707091
7200,1709234114.7905293,1709234114.7980309
7201,1709234114.8914921,1709234114.9036815
7202,1709234114.9906256,1709234115.0039103
7203,1709234115.0933335,1709234115.100282
7204,1709234115.1988895,1709234115.2101696
7205,1709234115.2953522,1709234115.3027785
7206,1709234115.3900867,1709234115.4023173
7207,1709234115.4933465,1709234115.504883
7208,1709234115.5976684,1709234115.6088874
7209,1709234115.697165,1709234115.7083514
7210,1709234115.7964325,1709234115.8072202
7211,1709234115.8945363,1709234115.9049947
7212,1709234115.9954398,1709234116.0068004
7213,1709234116.1024892,1709234116.1116564
7214,1709234116.2048562,1709234116.2268631
7215,1709234116.2969863,1709234116.3056731
7216,1709234116.399799,1709234116.4110577
7217,1709234116.4902267,1709234116.4999099
7218,1709234116.6013203,1709234116.6125124
7219,1709234116.694043,1709234116.7044528
7220,1709234116.7998161,1709234116.8110864
7221,1709234116.8987832,1709234116.907298
7222,1709234117.000075,1709234117.010598
7223,1709234117.0980449,1709234117.1112733
7224,1709234117.200059,1709234117.211409
7225,1709234117.2927115,1709234117.305696
7226,1709234117.3927572,1709234117.4040554
7227,1709234117.4949422,1709234117.5084157
7228,1709234117.5935483,1709234117.6034312
7229,1709234117.6946576,1709234117.7029727
7230,1709234117.79325,1709234117.8032055
7231,1709234117.894872,1709234117.9059634
7232,1709234117.9968615,1709234118.0074213
7233,1709234118.0981681,1709234118.108048
7234,1709234118.195954,1709234118.2084882
7235,1709234118.2998397,1709234118.31162
7236,1709234118.3952017,1709234118.4056456
7237,1709234118.4943233,1709234118.5054133
7238,1709234118.5939093,1709234118.6050591
7239,1709234118.699512,1709234118.7098265
7240,1709234118.7994013,1709234118.8105593
7241,1709234118.9003382,1709234118.911998
7242,1709234118.997025,1709234119.0106995
7243,1709234119.097403,1709234119.108441
7244,1709234119.1912043,1709234119.2025197
7245,1709234119.2919073,1709234119.303029
7246,1709234119.4014676,1709234119.4132802
7247,1709234119.4940455,1709234119.5056825
7248,1709234119.5956328,1709234119.6038318
7249,1709234119.6952202,1709234119.7062006
7250,1709234119.7969306,1709234119.8075676
7251,1709234119.8944647,1709234119.9055362
7252,1709234119.9979272,1709234120.0090616
7253,1709234120.0986757,1709234120.1108928
7254,1709234120.1942985,1709234120.2041776
7255,1709234120.3027337,1709234120.3137121
7256,1709234120.3965547,1709234120.4059434
7257,1709234120.501614,1709234120.513423
7258,1709234120.5979908,1709234120.6066582
7259,1709234120.698948,1709234120.7100012
7260,1709234120.7962255,1709234120.8045413
7261,1709234120.9058464,1709234120.9166946
7262,1709234120.9988854,1709234121.0080702
7263,1709234121.1060169,1709234121.117194
7264,1709234121.1986942,1709234121.2093832
7265,1709234121.3037217,1709234121.3149807
7266,1709234121.401384,1709234121.4125934
7267,1709234121.501079,1709234121.5140212
7268,1709234121.5963082,1709234121.606195
7269,1709234121.6961493,1709234121.706641
7270,1709234121.796979,1709234121.8059335
7271,1709234121.8942106,1709234121.9040403
7272,1709234122.0034165,1709234122.0143063
7273,1709234122.1023736,1709234122.1136527
7274,1709234122.2024715,1709234122.2138095
7275,1709234122.307185,1709234122.3203807
7276,1709234122.392035,1709234122.4029195
7277,1709234122.503077,1709234122.512667
7278,1709234122.5946636,1709234122.6054893
7279,1709234122.6935124,1709234122.7029505
7280,1709234122.7999604,1709234122.812175
7281,1709234122.894328,1709234122.9040065
7282,1709234122.9992652,1709234123.0112722
7283,1709234123.0970638,1709234123.1075397
7284,1709234123.195512,1709234123.1955216
7285,1709234123.2984338,1709234123.2984402
7286,1709234123.399142,1709234123.3991463
7287,1709234123.5007415,1709234123.5007486
7288,1709234123.6017494,1709234123.6017566
7289,1709234123.6954148,1709234123.6954207
7290,1709234123.7937963,1709234123.793803
7291,1709234123.8946438,1709234123.8946497
7292,1709234124.002467,1709234124.0024734
7293,1709234124.098821,1709234124.0988276
7294,1709234124.2001872,1709234124.2001913
7295,1709234124.2957184,1709234124.2957273
7296,1709234124.4068897,1709234124.4068952
7297,1709234124.4953806,1709234124.4953856
7298,1709234124.6068466,1709234124.606855
7299,1709234124.7013905,1709234124.7013955
7300,1709234124.7946758,1709234124.7946813
7301,1709234124.8988936,1709234124.8989
7302,1709234124.9932094,1709234124.9932163
7303,1709234125.103468,1709234125.1034741
7304,1709234125.209249,1709234125.2092552
7305,1709234125.2996325,1709234125.299639
7306,1709234125.3931892,1709234125.3931935
7307,1709234125.5113614,1709234125.5113695
7308,1709234125.6004496,1709234125.6004553
7309,1709234125.6944308,1709234125.6944368
7310,1709234125.7997644,1709234125.799771
7311,1709234125.9019861,1709234125.901992
7312,1709234126.002083,1709234126.0020905
7313,1709234126.0968707,1709234126.0968764
7314,1709234126.1913073,1709234126.1913126
7315,1709234126.2980895,1709234126.2980971
7316,1709234126.3989892,1709234126.3989973
7317,1709234126.5010114,1709234126.5010173
7318,1709234126.6075172,1709234126.6075242
7319,1709234126.693051,1709234126.6930573
7320,1709234126.7978406,1709234126.7978468
7321,1709234126.8961163,1709234126.8961227
7322,1709234127.0085008,1709234127.0085053
7323,1709234127.0937886,1709234127.0937946
7324,1709234127.1921854,1709234127.1921933
7325,1709234127.297294,1709234127.297298
7326,1709234127.3981905,1709234127.3981981
7327,1709234127.4990876,1709234127.4990942
7328,1709234127.6072621,1709234127.6072679
7329,1709234127.6990733,1709234127.6990788
7330,1709234127.7975724,1709234127.7975824
7331,1709234127.8970995,1709234127.8971062
7332,1709234128.0028133,1709234128.0028198
7333,1709234128.1001403,1709234128.1001487
7334,1709234128.1969607,1709234128.1969671
7335,1709234128.3056417,1709234128.3056455
7336,1709234128.3916104,1709234128.3916144
7337,1709234128.4944685,1709234128.4944742
7338,1709234128.5968292,1709234128.5968354
7339,1709234128.6934702,1709234128.6934767
7340,1709234128.7950075,1709234128.7950118
7341,1709234128.894361,1709234128.8943667
7342,1709234129.004948,1709234129.0049531
7343,1709234129.097366,1709234129.097372
7344,1709234129.1953244,1709234129.1953304
7345,1709234129.2993505,1709234129.299357
7346,1709234129.3966193,1709234129.396625
7347,1709234129.494076,1709234129.4940815
7348,1709234129.5998938,1709234129.5998983
7349,1709234129.7069988,1709234129.7070055
7350,1709234129.7908764,1709234129.7908843
7351,1709234129.8951552,1709234129.8951616
7352,1709234129.998814,1709234129.998821
7353,1709234130.0914094,1709234130.0914166
7354,1709234130.2010791,1709234130.201083
7355,1709234130.2980402,1709234130.2980459
7356,1709234130.4047196,1709234130.4047258
7357,1709234130.494811,1709234130.4948177
7358,1709234130.5975337,1709234130.5975404
7359,1709234130.6997938,1709234130.6998131
7360,1709234130.7917502,1709234130.7917566
7361,1709234130.902626,1709234130.9026327
7362,1709234130.9982085,1709234130.9982147
7363,1709234131.0922673,1709234131.092275
7364,1709234131.2011302,1709234131.2011359
7365,1709234131.2958755,1709234131.2958808
7366,1709234131.3928018,1709234131.3928068
7367,1709234131.508419,1709234131.5084267
7368,1709234131.595729,1709234131.5957382
7369,1709234131.706993,1709234131.7069995
7370,1709234131.794952,1709234131.7949595
7371,1709234131.8954775,1709234131.8954847
7372,1709234131.9918587,1709234131.9918642
7373,1709234132.1002326,1709234132.1002383
7374,1709234132.2062593,1709234132.206265
7375,1709234132.297033,1709234132.2970424
7376,1709234132.398474,1709234132.3984802
7377,1709234132.4939797,1709234132.4939852
7378,1709234132.5962722,1709234132.5962791
7379,1709234132.704218,1709234132.7042236
7380,1709234132.7973952,1709234132.797402
7381,1709234132.8982797,1709234132.8982854
7382,1709234132.9999151,1709234132.9999237
7383,1709234133.0929081,1709234133.0929136
7384,1709234133.2065356,1709234133.2065418
7385,1709234133.3041806,1709234133.3041863
7386,1709234133.4054468,1709234133.405453
7387,1709234133.4998353,1709234133.4998407
7388,1709234133.59108,1709234133.5910866
7389,1709234133.6976936,1709234133.6977
7390,1709234133.8044448,1709234133.8044503
7391,1709234133.8985026,1709234133.8985095
7392,1709234134.0006473,1709234134.0006533
7393,1709234134.1027184,1709234134.1027246
7394,1709234134.2028494,1709234134.2028573
7395,1709234134.3090265,1709234134.3090336
7396,1709234134.395929,1709234134.3959434
7397,1709234134.4975023,1709234134.4975083
7398,1709234134.5941806,1709234134.594187
7399,1709234134.696145,1709234134.6961508
7400,1709234134.7962997,1709234134.7963054
7401,1709234134.8973315,1709234134.8973362
7402,1709234135.00129,1709234135.001298
7403,1709234135.0908897,1709234135.0908964
7404,1709234135.191933,1709234135.1919408
7405,1709234135.3002114,1709234135.300218
7406,1709234135.3959496,1709234135.3959577
7407,1709234135.495255,1709234135.4952598
7408,1709234135.60092,1709234135.6009252
7409,1709234135.6937766,1709234135.693783
7410,1709234135.7952378,1709234135.7952435
7411,1709234135.8944428,1709234135.8944516
7412,1709234136.0046191,1709234136.0046253
7413,1709234136.1075642,1709234136.107571
7414,1709234136.1950839,1709234136.1950905
7415,1709234136.296872,1709234136.2968786
7416,1709234136.3999264,1709234136.399932
7417,1709234136.4966824,1709234136.4966903
7418,1709234136.6133957,1709234136.613403
7419,1709234136.6921802,1709234136.692187
7420,1709234136.8006647,1709234136.8006697
7421,1709234136.8989966,1709234136.8990026
7422,1709234137.0031064,1709234137.0031166
7423,1709234137.0969226,1709234137.0969286
7424,1709234137.2008002,1709234137.2008064
7425,1709234137.297228,1709234137.2972348
7426,1709234137.408146,1709234137.4081497
7427,1709234137.4915237,1709234137.4915302
7428,1709234137.5958705,1709234137.5958765
7429,1709234137.6976478,1709234137.6976516
7430,1709234137.798224,1709234137.79823
7431,1709234137.9030225,1709234137.903031
7432,1709234137.9967296,1709234137.996736
7433,1709234138.095798,1709234138.0958042
7434,1709234138.2031739,1709234138.2031796
7435,1709234138.3010511,1709234138.3010578
7436,1709234138.390387,1709234138.3903933
7437,1709234138.4917574,1709234138.4917648
7438,1709234138.5986767,1709234138.5986826
7439,1709234138.7002914,1709234138.700298
7440,1709234138.7937424,1709234138.7937505
7441,1709234138.8953195,1709234138.8953247
7442,1709234138.9903867,1709234138.9903936
7443,1709234139.0948293,1709234139.094835
7444,1709234139.4808826,1709234139.4808934
7445,1709234139.4895394,1709234139.4895427
7446,1709234139.5090575,1709234139.5090623
7447,1709234139.5965466,1709234139.5965538
7448,1709234139.6958385,1709234139.6958447
7449,1709234139.7950525,1709234139.7950585
7450,1709234139.8999784,1709234139.8999853
7451,1709234140.010687,1709234140.0106957
7452,1709234140.0987031,1709234140.0987077
7453,1709234140.1968584,1709234140.1968644
7454,1709234140.2916443,1709234140.2916508
7455,1709234140.400552,1709234140.4005587
7456,1709234140.5006921,1709234140.5006979
7457,1709234140.5995312,1709234140.5995371
7458,1709234140.6986036,1709234140.6986098
7459,1709234140.796944,1709234140.7969494
7460,1709234140.8897285,1709234140.8897326
7461,1709234140.9995532,1709234140.9995615
7462,1709234141.0957534,1709234141.0957608
7463,1709234141.1943743,1709234141.1943803
7464,1709234141.2975972,1709234141.2976017
7465,1709234141.3988426,1709234141.3988485
7466,1709234141.5008607,1709234141.5008693
7467,1709234141.603035,1709234141.6030416
7468,1709234141.6960454,1709234141.6960514
7469,1709234141.7990487,1709234141.7990544
7470,1709234141.9091973,1709234141.9092026
7471,1709234142.003436,1709234142.0034423
7472,1709234142.0950072,1709234142.095014
7473,1709234142.193863,1709234142.1938689
7474,1709234142.2976778,1709234142.2976837
7475,1709234142.4001546,1709234142.400162
7476,1709234142.4970279,1709234142.4970345
7477,1709234142.5971577,1709234142.597165
7478,1709234142.7075832,1709234142.7075896
7479,1709234142.7957416,1709234142.7957504
7480,1709234142.9003203,1709234142.9003298
7481,1709234142.9949682,1709234142.994974
7482,1709234143.105474,1709234143.1054814
7483,1709234143.2004693,1709234143.2004755
7484,1709234143.298637,1709234143.298641
7485,1709234143.4044645,1709234143.404472
7486,1709234143.4941711,1709234143.4941778
7487,1709234143.6034675,1709234143.603475
7488,1709234143.699122,1709234143.6991303
7489,1709234143.7964718,1709234143.7964783
7490,1709234143.897351,1709234143.8973575
7491,1709234143.996035,1709234143.9960418
7492,1709234144.1020193,1709234144.1020255
7493,1709234144.1940074,1709234144.1940134
7494,1709234144.2968383,1709234144.296846
7495,1709234144.4034219,1709234144.4034283
7496,1709234144.5055447,1709234144.5055497
7497,1709234144.5952344,1709234144.5952406
7498,1709234144.697024,1709234144.697031
7499,1709234144.7949002,1709234144.7949054
7500,1709234144.8936129,1709234144.8936214
7501,1709234144.991616,1709234144.9916224
7502,1709234145.0967038,1709234145.0967133
7503,1709234145.1997359,1709234145.1997416
7504,1709234145.300811,1709234145.3008153
7505,1709234145.4057612,1709234145.4057698
7506,1709234145.501881,1709234145.5018864
7507,1709234145.6068606,1709234145.6068678
7508,1709234145.6935616,1709234145.6935675
7509,1709234145.798456,1709234145.7984622
7510,1709234145.9013214,1709234145.901329
7511,1709234145.9939494,1709234145.9939559
7512,1709234146.0937545,1709234146.0937605
7513,1709234146.1910057,1709234146.1910102
7514,1709234146.2995667,1709234146.2995737
7515,1709234146.401692,1709234146.4017005
7516,1709234146.507004,1709234146.5070107
7517,1709234146.6027822,1709234146.6027873
7518,1709234146.6999416,1709234146.6999514
7519,1709234146.8051207,1709234146.8051245
7520,1709234146.9028506,1709234146.9028583
7521,1709234147.007026,1709234147.0070376
7522,1709234147.1002953,1709234147.100301
7523,1709234147.2025735,1709234147.202579
7524,1709234147.301851,1709234147.301859
7525,1709234147.4019794,1709234147.4019876
7526,1709234147.5075436,1709234147.5075493
7527,1709234147.5977268,1709234147.597735
7528,1709234147.6970122,1709234147.697019
7529,1709234147.7915037,1709234147.79151
7530,1709234147.9020183,1709234147.9020274
7531,1709234147.9979513,1709234147.9979568
7532,1709234148.1008248,1709234148.1008303
7533,1709234148.2120085,1709234148.2120144
7534,1709234148.3029726,1709234148.3029807
7535,1709234148.404769,1709234148.404776
7536,1709234148.4982004,1709234148.4982073
7537,1709234148.6042051,1709234148.6042125
7538,1709234148.6991353,1709234148.699142
7539,1709234148.798907,1709234148.798914
7540,1709234148.9072406,1709234148.9072478
7541,1709234148.9907045,1709234148.9907079
7542,1709234149.0972064,1709234149.0972111
7543,1709234149.2002556,1709234149.2002623
7544,1709234149.2967474,1709234149.2967522
7545,1709234149.3936243,1709234149.3936334
7546,1709234149.4984088,1709234149.4984162
7547,1709234149.5994053,1709234149.599411
7548,1709234149.6988804,1709234149.6988873
7549,1709234149.7961397,1709234149.796146
7550,1709234149.8985622,1709234149.8985682
7551,1709234149.999065,1709234149.9990687
7552,1709234150.0939305,1709234150.093938
7553,1709234150.2015152,1709234150.2015197
7554,1709234150.3032503,1709234150.3032565
7555,1709234150.399547,1709234150.3995554
7556,1709234150.4986105,1709234150.4986157
7557,1709234150.6000655,1709234150.600073
7558,1709234150.6975017,1709234150.697508
7559,1709234150.8046303,1709234150.804636
7560,1709234150.8920398,1709234150.8920448
7561,1709234151.002023,1709234151.0020301
7562,1709234151.110732,1709234151.1107407
7563,1709234151.1950567,1709234151.1950629
7564,1709234151.3008387,1709234151.3008451
7565,1709234151.4105222,1709234151.41053
7566,1709234151.495882,1709234151.4958887
7567,1709234151.596659,1709234151.5966659
7568,1709234151.6972303,1709234151.697236
7569,1709234151.7961519,1709234151.7961586
7570,1709234151.893476,1709234151.8934822
7571,1709234152.0058408,1709234152.0058458
7572,1709234152.098796,1709234152.0988011
7573,1709234152.1974664,1709234152.1974735
7574,1709234152.304366,1709234152.3043725
7575,1709234152.3982286,1709234152.3982365
7576,1709234152.50119,1709234152.5011964
7577,1709234152.6077652,1709234152.6077714
7578,1709234152.702993,1709234152.7029982
7579,1709234152.8120947,1709234152.8121011
7580,1709234152.8967865,1709234152.8967953
7581,1709234152.99313,1709234152.9931376
7582,1709234153.0994563,1709234153.09946
7583,1709234153.1986156,1709234153.1986206
7584,1709234153.3015997,1709234153.3016057
7585,1709234153.4023905,1709234153.4023962
7586,1709234153.4963923,1709234153.496398
7587,1709234153.5963113,1709234153.5963154
7588,1709234153.702638,1709234153.7026439
7589,1709234153.7979987,1709234153.7980046
7590,1709234153.9014702,1709234153.9014764
7591,1709234153.9988065,1709234153.9988122
7592,1709234154.092152,1709234154.0921593
7593,1709234154.1942885,1709234154.194294
7594,1709234154.2997713,1709234154.2997775
7595,1709234154.4029942,1709234154.4029994
7596,1709234154.4941947,1709234154.4942014
7597,1709234154.6007938,1709234154.6008015
7598,1709234154.6998146,1709234154.699821
7599,1709234154.7945843,1709234154.7945907
7600,1709234154.8945224,1709234154.894528
7601,1709234154.9984245,1709234154.99843
7602,1709234155.0980384,1709234155.0980453
7603,1709234155.200032,1709234155.200038
7604,1709234155.302166,1709234155.3021717
7605,1709234155.3938677,1709234155.3938735
7606,1709234155.5014887,1709234155.5014951
7607,1709234155.5986497,1709234155.5986562
7608,1709234155.7105415,1709234155.7105532
7609,1709234155.7999783,1709234155.7999845
7610,1709234155.898633,1709234155.8986385
7611,1709234155.9994133,1709234155.9994237
7612,1709234156.0939882,1709234156.0939953
7613,1709234156.1914144,1709234156.19142
7614,1709234156.302171,1709234156.3021762
7615,1709234156.3937514,1709234156.3937588
7616,1709234156.4968338,1709234156.4968388
7617,1709234156.5988517,1709234156.5988574
7618,1709234156.6945455,1709234156.694551
7619,1709234156.8019128,1709234156.80192
7620,1709234156.890513,1709234156.8905187
7621,1709234156.994553,1709234156.9945571
7622,1709234157.0929258,1709234157.092932
7623,1709234157.1960943,1709234157.1961029
7624,1709234157.2939732,1709234157.2939792
7625,1709234157.393416,1709234157.3934221
7626,1709234157.4967363,1709234157.4967446
7627,1709234157.5969796,1709234157.5969865
7628,1709234157.6919816,1709234157.6919875
7629,1709234157.7983024,1709234157.798308
7630,1709234157.8927872,1709234157.8927937
7631,1709234157.9967737,1709234157.9967792
7632,1709234158.0983124,1709234158.0983183
7633,1709234158.193435,1709234158.1934414
7634,1709234158.2969859,1709234158.2969923
7635,1709234158.39921,1709234158.3992171
7636,1709234158.4920409,1709234158.4920492
7637,1709234158.5934,1709234158.593407
7638,1709234158.695918,1709234158.6959257
7639,1709234158.7937145,1709234158.79372
7640,1709234158.8954806,1709234158.895487
7641,1709234158.9960196,1709234158.996026
7642,1709234159.0980375,1709234159.098044
7643,1709234159.195576,1709234159.195582
7644,1709234159.2938614,1709234159.2938673
7645,1709234159.4028478,1709234159.402857
7646,1709234159.50208,1709234159.5020876
7647,1709234159.5920603,1709234159.592068
7648,1709234159.6952872,1709234159.6952937
7649,1709234159.7945826,1709234159.7945886
7650,1709234159.8981462,1709234159.898201
7651,1709234159.9919386,1709234159.9920292
7652,1709234160.092185,1709234160.0922341
7653,1709234160.1967084,1709234160.1967928
7654,1709234160.2991512,1709234160.2992191
7655,1709234160.407684,1709234160.4077427
7656,1709234160.499262,1709234160.4994376
7657,1709234160.5954673,1709234160.5955095
7658,1709234160.7041967,1709234160.7042506
7659,1709234160.8055427,1709234160.8056397
7660,1709234160.9040678,1709234160.904116
7661,1709234161.0052307,1709234161.0052667
7662,1709234161.1019058,1709234161.1019568
7663,1709234161.2043364,1709234161.2044144
7664,1709234161.2996104,1709234161.29969
7665,1709234161.3969624,1709234161.3970144
7666,1709234161.508649,1709234161.5087078
7667,1709234161.5977538,1709234161.597845
7668,1709234161.7047527,1709234161.7047904
7669,1709234161.7923057,1709234161.7923923
7670,1709234161.899829,1709234161.8998842
7671,1709234162.0060196,1709234162.006069
7672,1709234162.100818,1709234162.1008668
7673,1709234162.2182336,1709234162.2187815
7674,1709234162.3024962,1709234162.3025694
7675,1709234162.4095857,1709234162.4096735
7676,1709234162.4999506,1709234162.5000305
7677,1709234162.5973244,1709234162.5975225
7678,1709234162.7013218,1709234162.701372
7679,1709234162.7918184,1709234162.791869
7680,1709234162.9043412,1709234162.9044218
7681,1709234163.0026515,1709234163.0027046
7682,1709234163.1022546,1709234163.1022947
7683,1709234163.2000086,1709234163.2000957
7684,1709234163.3155906,1709234163.315667
7685,1709234163.403844,1709234163.4039116
7686,1709234163.5044644,1709234163.5045133
7687,1709234163.6057575,1709234163.605832
7688,1709234163.7077227,1709234163.70777
7689,1709234163.814227,1709234163.8143363
7690,1709234163.9032235,1709234163.9032743
7691,1709234164.0007913,1709234164.0008423
7692,1709234164.104248,1709234164.1043355
7693,1709234164.1995127,1709234164.199557
7694,1709234164.2992835,1709234164.2994385
7695,1709234164.3926582,1709234164.3927145
7696,1709234164.4997382,1709234164.4998257
7697,1709234164.6005666,1709234164.6006362
7698,1709234164.7006998,1709234164.7007682
7699,1709234164.8028104,1709234164.8028576
7700,1709234164.893686,1709234164.8937385
7701,1709234165.0017812,1709234165.0018518
7702,1709234165.096149,1709234165.0962076
7703,1709234165.213505,1709234165.2135787
7704,1709234165.306643,1709234165.3067317
7705,1709234165.3957438,1709234165.3957906
7706,1709234165.4981217,1709234165.4983144
7707,1709234165.5995958,1709234165.5996919
7708,1709234165.6941504,1709234165.694206
7709,1709234165.8086545,1709234165.8086991
7710,1709234165.893839,1709234165.8938801
7711,1709234166.0050292,1709234166.0050817
7712,1709234166.1028287,1709234166.102876
7713,1709234166.194462,1709234166.1944957
7714,1709234166.3080177,1709234166.308075
7715,1709234166.3994691,1709234166.399527
7716,1709234166.506423,1709234166.5064807
7717,1709234166.5998807,1709234166.5999172
7718,1709234166.6934977,1709234166.693559
7719,1709234166.8021712,1709234166.8022282
7720,1709234166.9020772,1709234166.9021273
7721,1709234167.0069394,1709234167.0069778
7722,1709234167.111364,1709234167.1114123
7723,1709234167.208968,1709234167.2092314
7724,1709234167.296232,1709234167.2963045
7725,1709234167.3963275,1709234167.396374
7726,1709234167.5027668,1709234167.502825
7727,1709234167.5938954,1709234167.5939384
7728,1709234167.7127273,1709234167.712782
7729,1709234167.8094938,1709234167.8095558
7730,1709234167.9030416,1709234167.903134
7731,1709234167.9953642,1709234167.9954295
7732,1709234168.0993295,1709234168.099377
7733,1709234168.2136066,1709234168.2136993
7734,1709234168.309285,1709234168.3093748
7735,1709234168.407584,1709234168.4076767
7736,1709234168.4944215,1709234168.4945822
7737,1709234168.593314,1709234168.593412
7738,1709234168.6950698,1709234168.6951547
7739,1709234168.798521,1709234168.7985828
7740,1709234168.8970861,1709234168.8971393
7741,1709234168.9974742,1709234168.997536
7742,1709234169.1101732,1709234169.1102765
7743,1709234169.212732,1709234169.2127924
7744,1709234169.2965395,1709234169.296611
7745,1709234169.4016664,1709234169.4017568
7746,1709234169.5006938,1709234169.5007622
7747,1709234169.6009438,1709234169.6010525
7748,1709234169.7139623,1709234169.7140281
7749,1709234169.81442,1709234169.814492
7750,1709234169.8982058,1709234169.8982792
7751,1709234170.001447,1709234170.0015013
7752,1709234170.0941083,1709234170.0942156
7753,1709234170.2147875,1709234170.2148533
7754,1709234170.316058,1709234170.316111
7755,1709234170.3961737,1709234170.3962061
7756,1709234170.500256,1709234170.5003436
7757,1709234170.6019268,1709234170.6019714
7758,1709234170.7056973,1709234170.7057433
7759,1709234170.80708,1709234170.807136
7760,1709234170.9052792,1709234170.9053664
7761,1709234170.9938385,1709234170.9938905
7762,1709234171.1063645,1709234171.1064053
7763,1709234171.2011316,1709234171.2011745
7764,1709234171.305677,1709234171.3057506
7765,1709234171.4046714,1709234171.4047604
7766,1709234171.5004401,1709234171.5004857
7767,1709234171.591759,1709234171.592011
7768,1709234171.6937582,1709234171.69384
7769,1709234171.8085885,1709234171.8086338
7770,1709234171.9016643,1709234171.9017336
7771,1709234172.0012844,1709234172.0013342
7772,1709234172.0930097,1709234172.0930533
7773,1709234172.2119484,1709234172.2121146
7774,1709234172.3065004,1709234172.3065782
7775,1709234172.4040942,1709234172.404152
7776,1709234172.501574,1709234172.5016198
7777,1709234172.6189284,1709234172.6189911
7778,1709234172.718886,1709234172.7189448
7779,1709234172.8021605,1709234172.8022568
7780,1709234172.9034212,1709234172.903478
7781,1709234173.0072622,1709234173.0073147
7782,1709234173.1120079,1709234173.1121402
7783,1709234173.1978683,1709234173.1979463
7784,1709234173.3097367,1709234173.3097472
7785,1709234173.4108863,1709234173.4109237
7786,1709234173.5192196,1709234173.5192287
7787,1709234173.6124318,1709234173.6124382
7788,1709234173.7014554,1709234173.701462
7789,1709234173.8062122,1709234173.806219
7790,1709234173.9098976,1709234173.9099042
7791,1709234174.009514,1709234174.0095198
7792,1709234174.0964267,1709234174.0964336
7793,1709234174.1914675,1709234174.1914735
7794,1709234174.2976897,1709234174.297697
7795,1709234174.3986986,1709234174.3987052
7796,1709234174.4963343,1709234174.496341
7797,1709234174.6116936,1709234174.6117003
7798,1709234174.6922402,1709234174.6922462
7799,1709234174.8070838,1709234174.8070903
7800,1709234174.9126203,1709234174.9126263
7801,1709234175.001885,1709234175.001892
7802,1709234175.097691,1709234175.0976975
7803,1709234175.2067158,1709234175.2067218
7804,1709234175.3087277,1709234175.3219268
7805,1709234175.4054792,1709234175.4160445
7806,1709234175.4963772,1709234175.5101845
7807,1709234175.6033337,1709234175.6164925
7808,1709234175.6982133,1709234175.7097769
7809,1709234175.7995608,1709234175.8101854
7810,1709234175.8994672,1709234175.909367
7811,1709234175.9961817,1709234176.0081744
7812,1709234176.0940135,1709234176.1035006
7813,1709234176.205008,1709234176.2159677
7814,1709234176.3130949,1709234176.3258076
7815,1709234176.3980477,1709234176.410281
7816,1709234176.4968283,1709234176.5091705
7817,1709234176.5929384,1709234176.6047475
7818,1709234176.6925886,1709234176.7029543
7819,1709234176.7976825,1709234176.8094385
7820,1709234176.905249,1709234176.9172184
7821,1709234176.9949133,1709234177.007427
7822,1709234177.0944784,1709234177.113916
7823,1709234177.1927528,1709234177.204367
7824,1709234177.3020415,1709234177.3188074
7825,1709234177.3983219,1709234177.4143465
7826,1709234177.4939532,1709234177.5089672
7827,1709234177.6020353,1709234177.6156926
7828,1709234177.69592,1709234177.7072387
7829,1709234177.7965724,1709234177.8108714
7830,1709234177.894037,1709234177.913379
7831,1709234177.9900823,1709234178.0036745
7832,1709234178.0931492,1709234178.1062012
7833,1709234178.1907446,1709234178.2024357
7834,1709234178.3078067,1709234178.3190725
7835,1709234178.3980732,1709234178.4125955
7836,1709234178.4971895,1709234178.5127108
7837,1709234178.5923407,1709234178.6057818
7838,1709234178.6928215,1709234178.705013
7839,1709234178.794054,1709234178.8059745
7840,1709234178.903162,1709234178.9182353
7841,1709234178.997415,1709234179.0090947
7842,1709234179.098118,1709234179.1077182
7843,1709234179.2054405,1709234179.2171915
7844,1709234179.2959852,1709234179.3097
7845,1709234179.409094,1709234179.4225247
7846,1709234179.4978826,1709234179.50825
7847,1709234179.5958455,1709234179.6072204
7848,1709234179.6975152,1709234179.706899
7849,1709234179.7965257,1709234179.80697
7850,1709234179.890339,1709234179.901481
7851,1709234180.0113716,1709234180.0278673
7852,1709234180.0967655,1709234180.1093576
7853,1709234180.194256,1709234180.2123413
7854,1709234180.3003738,1709234180.3125215
7855,1709234180.4019423,1709234180.4143257
7856,1709234180.497444,1709234180.5094385
7857,1709234180.5932183,1709234180.6068258
7858,1709234180.696671,1709234180.7067835
7859,1709234180.7906632,1709234180.8025532
7860,1709234180.895779,1709234180.9065757
7861,1709234180.993513,1709234181.0043519
7862,1709234181.0932212,1709234181.1056187
7863,1709234181.1952896,1709234181.2075644
7864,1709234181.2986343,1709234181.3117821
7865,1709234181.4043632,1709234181.4213514
7866,1709234181.4955647,1709234181.50781
7867,1709234181.5946555,1709234181.6074207
7868,1709234181.7063181,1709234181.7210264
7869,1709234181.7929873,1709234181.8058057
7870,1709234181.890646,1709234181.9050014
7871,1709234181.9992323,1709234182.0173705
7872,1709234182.1025894,1709234182.1141555
7873,1709234182.1980557,1709234182.2095883
7874,1709234182.2983403,1709234182.3103406
7875,1709234182.406432,1709234182.4234037
7876,1709234182.5057094,1709234182.5168328
7877,1709234182.603723,1709234182.6150093
7878,1709234182.7086496,1709234182.7199948
7879,1709234182.801903,1709234182.8133197
7880,1709234182.8952873,1709234182.9077146
7881,1709234183.002992,1709234183.0143366
7882,1709234183.1002424,1709234183.1115034
7883,1709234183.1987863,1709234183.2102027
7884,1709234183.3004715,1709234183.312092
7885,1709234183.4025972,1709234183.4122326
7886,1709234183.5029528,1709234183.5137985
7887,1709234183.5997083,1709234183.6098208
7888,1709234183.7036402,1709234183.7168267
7889,1709234183.7925353,1709234183.8044643
7890,1709234183.9013457,1709234183.9131224
7891,1709234183.9963927,1709234184.0078037
7892,1709234184.1058295,1709234184.1195261
7893,1709234184.195303,1709234184.2062902
7894,1709234184.304504,1709234184.3169096
7895,1709234184.4005961,1709234184.4162796
7896,1709234184.5048943,1709234184.5177128
7897,1709234184.6037166,1709234184.6186528
7898,1709234184.706555,1709234184.7197163
7899,1709234184.7994342,1709234184.813309
7900,1709234184.9131398,1709234184.9250605
7901,1709234184.9991438,1709234185.0141237
7902,1709234185.100052,1709234185.11496
7903,1709234185.213465,1709234185.2253296
7904,1709234185.3090992,1709234185.326938
7905,1709234185.3998952,1709234185.4145358
7906,1709234185.4969547,1709234185.513476
7907,1709234185.6159658,1709234185.6329598
7908,1709234185.7044578,1709234185.7185636
7909,1709234185.797013,1709234185.812869
7910,1709234185.9083178,1709234185.928419
7911,1709234185.998204,1709234186.0100656
7912,1709234186.0956166,1709234186.1058915
7913,1709234186.1994653,1709234186.210625
7914,1709234186.2979238,1709234186.3104422
7915,1709234186.4040449,1709234186.4186919
7916,1709234186.5037737,1709234186.5146568
7917,1709234186.5987976,1709234186.6096852
7918,1709234186.7014687,1709234186.7150161
7919,1709234186.8044012,1709234186.8161707
7920,1709234186.9028466,1709234186.9187384
7921,1709234187.004256,1709234187.0170043
7922,1709234187.1010642,1709234187.1127398
7923,1709234187.203488,1709234187.2161355
7924,1709234187.2996218,1709234187.3134174
7925,1709234187.4038067,1709234187.4165199
7926,1709234187.50469,1709234187.5163193
7927,1709234187.598158,1709234187.6082525
7928,1709234187.7039013,1709234187.7139742
7929,1709234187.8003852,1709234187.815142
7930,1709234187.9042833,1709234187.9165154
7931,1709234188.0002358,1709234188.0113566
7932,1709234188.091444,1709234188.1123517
7933,1709234188.1935778,1709234188.2073915
7934,1709234188.305471,1709234188.317081
7935,1709234188.3921103,1709234188.4021006
7936,1709234188.498352,1709234188.512737
7937,1709234188.5993369,1709234188.618728
7938,1709234188.7109034,1709234188.7248123
7939,1709234188.8089175,1709234188.8222067
7940,1709234188.908036,1709234188.9202616
7941,1709234189.0017767,1709234189.0140736
7942,1709234189.0980086,1709234189.1141083
7943,1709234189.198596,1709234189.212824
7944,1709234189.3075962,1709234189.3239803
7945,1709234189.4010406,1709234189.4168167
7946,1709234189.5110826,1709234189.525297
7947,1709234189.6064913,1709234189.6211858
7948,1709234189.7099376,1709234189.7232234
7949,1709234189.804935,1709234189.8174262
7950,1709234189.9056933,1709234189.9219182
7951,1709234190.007645,1709234190.0241125
7952,1709234190.0937493,1709234190.106555
7953,1709234190.2091298,1709234190.2213843
7954,1709234190.2954454,1709234190.311226
7955,1709234190.3973339,1709234190.408822
7956,1709234190.4990075,1709234190.5107226
7957,1709234190.5982287,1709234190.6122994
7958,1709234190.7033913,1709234190.7163122
7959,1709234190.8130236,1709234190.8293004
7960,1709234190.896281,1709234190.9073486
7961,1709234190.9998395,1709234191.0114334
7962,1709234191.1080277,1709234191.1264274
7963,1709234191.2059605,1709234191.223039
7964,1709234191.297968,1709234191.3117173
7965,1709234191.4021568,1709234191.414314
7966,1709234191.492946,1709234191.508483
7967,1709234191.6023524,1709234191.612042
7968,1709234191.6986015,1709234191.7109904
7969,1709234191.798778,1709234191.8098838
7970,1709234191.8936443,1709234191.9056203
7971,1709234192.0009851,1709234192.0123978
7972,1709234192.099228,1709234192.1095188
7973,1709234192.1979196,1709234192.214271
7974,1709234192.300546,1709234192.3134582
7975,1709234192.4014728,1709234192.4163783
7976,1709234192.4986017,1709234192.5114796
7977,1709234192.5982058,1709234192.6131516
7978,1709234192.7045803,1709234192.7168622
7979,1709234192.8078346,1709234192.8199823
7980,1709234192.9066298,1709234192.9180498
7981,1709234193.0093105,1709234193.021264
7982,1709234193.1005273,1709234193.1140337
7983,1709234193.1957889,1709234193.2117887
7984,1709234193.3134713,1709234193.338937
7985,1709234193.4119818,1709234193.4277496
7986,1709234193.5031555,1709234193.5223644
7987,1709234193.6040905,1709234193.6197577
7988,1709234193.7013984,1709234193.7132094
7989,1709234193.802618,1709234193.8303201
7990,1709234193.9040513,1709234193.9173086
7991,1709234193.9986765,1709234194.0153913
7992,1709234194.095924,1709234194.1114624
7993,1709234194.1963549,1709234194.2068405
7994,1709234194.2950637,1709234194.3082707
7995,1709234194.400162,1709234194.4091036
7996,1709234194.5025208,1709234194.5134826
7997,1709234194.6045895,1709234194.6165776
7998,1709234194.6961334,1709234194.708228
7999,1709234194.806687,1709234194.8193672
8000,1709234194.8989725,1709234194.910115
8001,1709234194.9982762,1709234195.0134706
8002,1709234195.1030076,1709234195.1174653
8003,1709234195.196243,1709234195.209924
8004,1709234195.296315,1709234195.3093548
8005,1709234195.3988292,1709234195.4122496
8006,1709234195.5021198,1709234195.511686
8007,1709234195.5987804,1709234195.6108065
8008,1709234195.7086945,1709234195.7180488
8009,1709234195.8035681,1709234195.8137877
8010,1709234195.9058523,1709234195.9171662
8011,1709234196.0035887,1709234196.0162344
8012,1709234196.1007533,1709234196.1124234
8013,1709234196.2045343,1709234196.2201884
8014,1709234196.3079004,1709234196.3244069
8015,1709234196.403847,1709234196.4165561
8016,1709234196.5065017,1709234196.5175855
8017,1709234196.5953262,1709234196.6066666
8018,1709234196.7018874,1709234196.7128983
8019,1709234196.7935164,1709234196.806126
8020,1709234196.9095135,1709234196.9215121
8021,1709234196.998201,1709234197.0122092
8022,1709234197.1029475,1709234197.1158254
8023,1709234197.2115247,1709234197.226489
8024,1709234197.299541,1709234197.3122613
8025,1709234197.4037645,1709234197.418478
8026,1709234197.5084565,1709234197.5204992
8027,1709234197.5930736,1709234197.6081398
8028,1709234197.696959,1709234197.709258
8029,1709234197.796846,1709234197.8097236
8030,1709234197.8927844,1709234197.9048097
8031,1709234198.0039058,1709234198.014353
8032,1709234198.1019628,1709234198.1142185
8033,1709234198.198482,1709234198.2164392
8034,1709234198.3159578,1709234198.315965
8035,1709234198.3960152,1709234198.3960214
8036,1709234198.5005484,1709234198.500554
8037,1709234198.5987697,1709234198.5987747
8038,1709234198.7036119,1709234198.70362
8039,1709234198.8054585,1709234198.8054643
8040,1709234198.9024155,1709234198.902421
8041,1709234199.002436,1709234199.0024443
8042,1709234199.1096134,1709234199.1096168
8043,1709234199.201029,1709234199.2010365
8044,1709234199.3075593,1709234199.307564
8045,1709234199.4023745,1709234199.4023972
8046,1709234199.5027726,1709234199.5027797
8047,1709234199.5933485,1709234199.5933545
8048,1709234199.6980505,1709234199.6980557
8049,1709234199.7984734,1709234199.7984796
8050,1709234199.9050212,1709234199.9050286
8051,1709234200.000965,1709234200.0009718
8052,1709234200.0979836,1709234200.0979912
8053,1709234200.1983387,1709234200.1983447
8054,1709234200.3064811,1709234200.3064868
8055,1709234200.3980663,1709234200.3980725
8056,1709234200.50477,1709234200.5047755
8057,1709234200.6011672,1709234200.601174
8058,1709234200.6995556,1709234200.6995606
8059,1709234200.792571,1709234200.7925785
8060,1709234200.8999612,1709234200.8999667
8061,1709234201.0014417,1709234201.0014484
8062,1709234201.0998693,1709234201.0998728
8063,1709234201.2070405,1709234201.2070465
8064,1709234201.3064148,1709234201.306422
8065,1709234201.3984847,1709234201.3984928
8066,1709234201.495926,1709234201.4959338
8067,1709234201.5957456,1709234201.5957515
8068,1709234201.699477,1709234201.6994846
8069,1709234201.7999701,1709234201.7999778
8070,1709234201.8972957,1709234201.897302
8071,1709234202.0048375,1709234202.004846
8072,1709234202.0981355,1709234202.098145
8073,1709234202.1953106,1709234202.195317
8074,1709234202.298469,1709234202.298475
8075,1709234202.4039927,1709234202.4039993
8076,1709234202.5036626,1709234202.5036716
8077,1709234202.591626,1709234202.5916314
8078,1709234202.7033424,1709234202.703353
8079,1709234202.8049536,1709234202.804959
8080,1709234202.9042373,1709234202.9042432
8081,1709234202.995451,1709234202.9954562
8082,1709234203.0996654,1709234203.0996716
8083,1709234203.202769,1709234203.2027764
8084,1709234203.2947638,1709234203.2947707
8085,1709234203.3926737,1709234203.392679
8086,1709234203.4944227,1709234203.4944296
8087,1709234203.5927613,1709234203.592789
8088,1709234203.6993034,1709234203.6993093
8089,1709234203.7981713,1709234203.7981765
8090,1709234203.897921,1709234203.8979263
8091,1709234203.9983,1709234203.9983082
8092,1709234204.0977962,1709234204.097804
8093,1709234204.2143278,1709234204.2143333
8094,1709234204.2975767,1709234204.297583
8095,1709234204.3986022,1709234204.3986084
8096,1709234204.4920175,1709234204.4920237
8097,1709234204.6087465,1709234204.6087544
8098,1709234204.7034166,1709234204.7034237
8099,1709234204.7911644,1709234204.791169
8100,1709234204.9024997,1709234204.9025073
8101,1709234204.9953196,1709234204.995328
8102,1709234205.0987806,1709234205.098791
8103,1709234205.193265,1709234205.1932724
8104,1709234205.302614,1709234205.3026214
8105,1709234205.4002492,1709234205.4002562
8106,1709234205.4993556,1709234205.499364
8107,1709234205.5929186,1709234205.5929258
8108,1709234205.6945446,1709234205.6945517
8109,1709234205.8047898,1709234205.8047965
8110,1709234205.904998,1709234205.905005
8111,1709234205.998651,1709234205.9986613
8112,1709234206.1041832,1709234206.1041896
8113,1709234206.197895,1709234206.1979053
8114,1709234206.3070202,1709234206.3070261
8115,1709234206.393313,1709234206.3933187
8116,1709234206.4998405,1709234206.499845
8117,1709234206.5961285,1709234206.5961342
8118,1709234206.7064362,1709234206.7064452
8119,1709234206.7929106,1709234206.7929175
8120,1709234206.8959665,1709234206.8959768
8121,1709234207.003102,1709234207.0031078
8122,1709234207.101472,1709234207.1014788
8123,1709234207.2034187,1709234207.2034264
8124,1709234207.2935534,1709234207.2935593
8125,1709234207.4021356,1709234207.4021425
8126,1709234207.4934204,1709234207.493426
8127,1709234207.601342,1709234207.601349
8128,1709234207.7037392,1709234207.7037458
8129,1709234207.7961917,1709234207.7961988
8130,1709234207.9008894,1709234207.9008965
8131,1709234207.9965234,1709234207.9965296
8132,1709234208.1053839,1709234208.1053915
8133,1709234208.2027113,1709234208.2027183
8134,1709234208.29944,1709234208.2994459
8135,1709234208.4025648,1709234208.4025712
8136,1709234208.495989,1709234208.495995
8137,1709234208.596257,1709234208.5962632
8138,1709234208.700032,1709234208.700039
8139,1709234208.8054194,1709234208.805468
8140,1709234208.8988602,1709234208.8988671
8141,1709234208.9969242,1709234208.9969316
8142,1709234209.099864,1709234209.0998678
8143,1709234209.2084935,1709234209.2084982
8144,1709234209.3065567,1709234209.3065615
8145,1709234209.4088187,1709234209.4088256
8146,1709234209.5021708,1709234209.50218
8147,1709234209.5991883,1709234209.5991952
8148,1709234209.6914003,1709234209.6914072
8149,1709234209.80919,1709234209.8091965
8150,1709234209.8923779,1709234209.8923821
8151,1709234209.9994664,1709234209.9994733
8152,1709234210.1055057,1709234210.1055121
8153,1709234210.2030358,1709234210.2030432
8154,1709234210.2987368,1709234210.2987432
8155,1709234210.3977957,1709234210.397818
8156,1709234210.496039,1709234210.4960446
8157,1709234210.6055806,1709234210.6055865
8158,1709234210.6925416,1709234210.692548
8159,1709234210.7933056,1709234210.7933125
8160,1709234210.9079192,1709234210.9079247
8161,1709234210.9995875,1709234210.999595
8162,1709234211.0923371,1709234211.0923433
8163,1709234211.1993492,1709234211.199354
8164,1709234211.3006036,1709234211.3006098
8165,1709234211.4126568,1709234211.412663
8166,1709234211.5045333,1709234211.5045402
8167,1709234211.5982862,1709234211.5982919
8168,1709234211.7008324,1709234211.7008393
8169,1709234211.8014207,1709234211.8014264
8170,1709234211.8934011,1709234211.8934066
8171,1709234212.009864,1709234212.0098703
8172,1709234212.0907552,1709234212.0907605
8173,1709234212.203997,1709234212.2040043
8174,1709234212.2971804,1709234212.2971861
8175,1709234212.3964262,1709234212.3964322
8176,1709234212.4946473,1709234212.4946537
8177,1709234212.5911365,1709234212.5911424
8178,1709234212.6959007,1709234212.6959078
8179,1709234212.7947922,1709234212.7948015
8180,1709234212.8996181,1709234212.8996258
8181,1709234213.072195,1709234213.0721993
8182,1709234213.1048815,1709234213.1048887
8183,1709234213.2037375,1709234213.203746
8184,1709234213.2969458,1709234213.2969537
8185,1709234213.3994935,1709234213.3995013
8186,1709234213.4964542,1709234213.4964616
8187,1709234213.6041095,1709234213.6041183
8188,1709234213.6941624,1709234213.6941707
8189,1709234213.799051,1709234213.7990572
8190,1709234213.8983707,1709234213.8983767
8191,1709234213.9959567,1709234213.9959645
8192,1709234214.1013665,1709234214.101373
8193,1709234214.1916015,1709234214.1916096
8194,1709234214.3050172,1709234214.305026
8195,1709234214.4006834,1709234214.400692
8196,1709234214.5045094,1709234214.504515
8197,1709234214.5957623,1709234214.5957682
8198,1709234214.6922972,1709234214.6923046
8199,1709234214.8028367,1709234214.8028445
8200,1709234214.8958127,1709234214.8958182
8201,1709234214.9964426,1709234214.9964476
8202,1709234215.0915933,1709234215.0916011
8203,1709234215.1982744,1709234215.1982791
8204,1709234215.3011074,1709234215.3011136
8205,1709234215.3978002,1709234215.3978066
8206,1709234215.5022128,1709234215.5022204
8207,1709234215.5996885,1709234215.5996928
8208,1709234215.7068079,1709234215.706815
8209,1709234215.801665,1709234215.8016715
8210,1709234215.8957803,1709234215.895787
8211,1709234216.0020025,1709234216.0020094
8212,1709234216.0930173,1709234216.0930233
8213,1709234216.1948376,1709234216.1948433
8214,1709234216.2961814,1709234216.296188
8215,1709234216.3940244,1709234216.39403
8216,1709234216.494137,1709234216.4941428
8217,1709234216.6000032,1709234216.60001
8218,1709234216.6980429,1709234216.6980484
8219,1709234216.8055513,1709234216.8055592
8220,1709234216.8923748,1709234216.8923814
8221,1709234216.9945831,1709234216.994589
8222,1709234217.0919552,1709234217.0919595
8223,1709234217.203578,1709234217.2035823
8224,1709234217.3043494,1709234217.3043537
8225,1709234217.4013186,1709234217.4013247
8226,1709234217.5083492,1709234217.5083585
8227,1709234217.5983846,1709234217.5983903
8228,1709234217.694846,1709234217.6948516
8229,1709234217.7962768,1709234217.7962816
8230,1709234217.9009178,1709234217.9009235
8231,1709234218.0096958,1709234218.0097022
8232,1709234218.09878,1709234218.0987837
8233,1709234218.199228,1709234218.199236
8234,1709234218.2925887,1709234218.2925947
8235,1709234218.402872,1709234218.4028792
8236,1709234218.5030663,1709234218.5030727
8237,1709234218.5993805,1709234218.5993865
8238,1709234218.703709,1709234218.7037158
8239,1709234218.790535,1709234218.7905414
8240,1709234218.895789,1709234218.895794
8241,1709234219.0032175,1709234219.0032222
8242,1709234219.1062183,1709234219.1062238
8243,1709234219.1914465,1709234219.1914556
8244,1709234219.3002427,1709234219.3002539
8245,1709234219.4027245,1709234219.4027307
8246,1709234219.497934,1709234219.4979408
8247,1709234219.5951824,1709234219.5951881
8248,1709234219.6994984,1709234219.6995053
8249,1709234219.7935817,1709234219.7935865
8250,1709234219.894885,1709234219.8948925
8251,1709234219.9998744,1709234219.9998782
8252,1709234220.0980914,1709234220.0980968
8253,1709234220.1986516,1709234220.1986597
8254,1709234220.2987483,1709234220.2987535
8255,1709234220.401989,1709234220.4019966
8256,1709234220.4954994,1709234220.495507
8257,1709234220.597387,1709234220.5973935
8258,1709234220.699464,1709234220.699471
8259,1709234220.8120496,1709234220.8120553
8260,1709234220.9103234,1709234220.9103305
8261,1709234221.0007126,1709234221.0007195
8262,1709234221.1000953,1709234221.1001017
8263,1709234221.207829,1709234221.207835
8264,1709234221.307461,1709234221.3074682
8265,1709234221.4030113,1709234221.403019
8266,1709234221.4918194,1709234221.4918268
8267,1709234221.5905533,1709234221.5905578
8268,1709234221.695796,1709234221.695802
8269,1709234221.800145,1709234221.8001506
8270,1709234221.900264,1709234221.9002697
8271,1709234221.9974155,1709234221.9974227
8272,1709234222.0989132,1709234222.0989215
8273,1709234222.1998432,1709234222.1998491
8274,1709234222.2995691,1709234222.2995763
8275,1709234222.393228,1709234222.3932345
8276,1709234222.4977238,1709234222.4977295
8277,1709234222.5992572,1709234222.599265
8278,1709234222.7066472,1709234222.7066607
8279,1709234222.797556,1709234222.7975624
8280,1709234222.902392,1709234222.9023979
8281,1709234223.0061798,1709234223.0061848
8282,1709234223.111754,1709234223.1117616
8283,1709234223.198832,1709234223.1988387
8284,1709234223.301903,1709234223.3019102
8285,1709234223.4020278,1709234223.4020362
8286,1709234223.4970121,1709234223.4970188
8287,1709234223.5990243,1709234223.599032
8288,1709234223.7042205,1709234223.7042282
8289,1709234223.7917795,1709234223.7917862
8290,1709234223.8976958,1709234223.8977034
8291,1709234223.9985077,1709234223.9985156
8292,1709234224.0984228,1709234224.098429
8293,1709234224.2105336,1709234224.210539
8294,1709234224.2919662,1709234224.2919736
8295,1709234224.3956811,1709234224.3956885
8296,1709234224.4996145,1709234224.4996197
8297,1709234224.592933,1709234224.5929394
8298,1709234224.7069561,1709234224.7069638
8299,1709234224.7971628,1709234224.7971694
8300,1709234224.89376,1709234224.8937695
8301,1709234224.995367,1709234224.9953747
8302,1709234225.0983553,1709234225.0983627
8303,1709234225.2011924,1709234225.2012014
8304,1709234225.2949805,1709234225.2949867
8305,1709234225.3902125,1709234225.3902194
8306,1709234225.4954808,1709234225.4954875
8307,1709234225.5967138,1709234225.596719
8308,1709234225.6969943,1709234225.6970007
8309,1709234225.7938197,1709234225.793825
8310,1709234225.8978677,1709234225.897874
8311,1709234226.0004761,1709234226.0004845
8312,1709234226.0953038,1709234226.0953119
8313,1709234226.1954455,1709234226.1954515
8314,1709234226.2962277,1709234226.2962353
8315,1709234226.4066668,1709234226.4066727
8316,1709234226.5130262,1709234226.5130346
8317,1709234226.5932431,1709234226.5932493
8318,1709234226.7003436,1709234226.7003512
8319,1709234226.7975662,1709234226.7975726
8320,1709234226.9078348,1709234226.90784
8321,1709234227.0009944,1709234227.0010011
8322,1709234227.1049297,1709234227.104937
8323,1709234227.2000737,1709234227.2000797
8324,1709234227.2925305,1709234227.292536
8325,1709234227.3980918,1709234227.3980994
8326,1709234227.4998846,1709234227.4998946
8327,1709234227.6011496,1709234227.601156
8328,1709234227.7043407,1709234227.704347
8329,1709234227.799589,1709234227.799595
8330,1709234227.9007041,1709234227.9007099
8331,1709234227.9983573,1709234227.9983642
8332,1709234228.1002235,1709234228.100231
8333,1709234228.1954129,1709234228.1954186
8334,1709234228.3001418,1709234228.3001473
8335,1709234228.3978274,1709234228.3978348
8336,1709234228.4922595,1709234228.4922655
8337,1709234228.8074481,1709234228.8170397
8338,1709234228.8233738,1709234228.833132
8339,1709234228.9010975,1709234228.9160445
8340,1709234229.0042055,1709234229.0142264
8341,1709234229.1013157,1709234229.1103652
8342,1709234229.1938977,1709234229.2051766
8343,1709234229.2975585,1709234229.3091984
8344,1709234229.4154181,1709234229.4274266
8345,1709234229.5051365,1709234229.5177264
8346,1709234229.592189,1709234229.6058338
8347,1709234229.7049785,1709234229.71808
8348,1709234229.8092742,1709234229.822128
8349,1709234229.898405,1709234229.9099717
8350,1709234229.9981737,1709234230.0129137
8351,1709234230.102947,1709234230.1121678
8352,1709234230.1932833,1709234230.2075787
8353,1709234230.312011,1709234230.324607
8354,1709234230.4058707,1709234230.4182334
8355,1709234230.4949489,1709234230.5073323
8356,1709234230.595378,1709234230.6102083
8357,1709234230.6953146,1709234230.7111268
8358,1709234230.8035393,1709234230.815978
8359,1709234230.8987608,1709234230.9094822
8360,1709234230.9915774,1709234231.010947
8361,1709234231.0986652,1709234231.1111941
8362,1709234231.2035003,1709234231.2157671
8363,1709234231.3079102,1709234231.3196685
8364,1709234231.3941767,1709234231.4061816
8365,1709234231.50404,1709234231.5124323
8366,1709234231.6130803,1709234231.6269174
8367,1709234231.699589,1709234231.7168872
8368,1709234231.8044813,1709234231.81723
8369,1709234231.9083223,1709234231.9211445
8370,1709234231.999715,1709234232.0131965
8371,1709234232.0940795,1709234232.104999
8372,1709234232.2037642,1709234232.2156837
8373,1709234232.3059578,1709234232.3181581
8374,1709234232.3987257,1709234232.4112566
8375,1709234232.4963992,1709234232.5103116
8376,1709234232.6023157,1709234232.613262
8377,1709234232.6945965,1709234232.7072482
8378,1709234232.7907207,1709234232.8044074
8379,1709234232.896401,1709234232.9091907
8380,1709234232.9980407,1709234233.0130064
8381,1709234233.107288,1709234233.1175926
8382,1709234233.199657,1709234233.209818
8383,1709234233.2965424,1709234233.3086486
8384,1709234233.4054062,1709234233.41877
8385,1709234233.499445,1709234233.5119576
8386,1709234233.6029713,1709234233.613971
8387,1709234233.7086117,1709234233.7215555
8388,1709234233.807912,1709234233.818527
8389,1709234233.910142,1709234233.9258144
8390,1709234234.0033057,1709234234.0154967
8391,1709234234.1057196,1709234234.122358
8392,1709234234.1997318,1709234234.21586
8393,1709234234.3053987,1709234234.321055
8394,1709234234.4023218,1709234234.4151278
8395,1709234234.5026026,1709234234.5160549
8396,1709234234.5956628,1709234234.605841
8397,1709234234.700044,1709234234.7108424
8398,1709234234.8015838,1709234234.814234
8399,1709234234.8966994,1709234234.9129217
8400,1709234235.0005174,1709234235.0178475
8401,1709234235.101945,1709234235.113435
8402,1709234235.2099273,1709234235.2223678
8403,1709234235.297592,1709234235.3062303
8404,1709234235.3995786,1709234235.4120085
8405,1709234235.4988704,1709234235.5146787
8406,1709234235.6025167,1709234235.6149373
8407,1709234235.7052915,1709234235.71954
8408,1709234235.7975307,1709234235.8135185
8409,1709234235.8972948,1709234235.9064975
8410,1709234236.000959,1709234236.0154448
8411,1709234236.096607,1709234236.10601
8412,1709234236.2009711,1709234236.2134423
8413,1709234236.2982578,1709234236.3106709
8414,1709234236.3972611,1709234236.4104443
8415,1709234236.5039353,1709234236.5144937
8416,1709234236.602514,1709234236.6146207
8417,1709234236.705849,1709234236.718997
8418,1709234236.797728,1709234236.8128545
8419,1709234236.9007535,1709234236.9119248
8420,1709234237.0015934,1709234237.0144203
8421,1709234237.0911398,1709234237.1041496
8422,1709234237.202779,1709234237.2159274
8423,1709234237.3019698,1709234237.314711
8424,1709234237.4041052,1709234237.4202967
8425,1709234237.4948668,1709234237.504607
8426,1709234237.593593,1709234237.605373
8427,1709234237.703511,1709234237.715101
8428,1709234237.7984061,1709234237.8095274
8429,1709234237.901971,1709234237.9134696
8430,1709234238.0045643,1709234238.0167234
8431,1709234238.1017115,1709234238.1153054
8432,1709234238.2060084,1709234238.2173228
8433,1709234238.2965825,1709234238.3090184
8434,1709234238.3943768,1709234238.4062135
8435,1709234238.501995,1709234238.513971
8436,1709234238.597114,1709234238.6088247
8437,1709234238.7041466,1709234238.7167263
8438,1709234238.8034542,1709234238.818433
8439,1709234238.9024527,1709234238.915206
8440,1709234238.9988937,1709234239.012304
8441,1709234239.1003983,1709234239.114528
8442,1709234239.2028582,1709234239.2155414
8443,1709234239.2972364,1709234239.3078961
8444,1709234239.398303,1709234239.411233
8445,1709234239.4938924,1709234239.507207
8446,1709234239.5977046,1709234239.612667
8447,1709234239.7157118,1709234239.72796
8448,1709234239.8038769,1709234239.8176243
8449,1709234239.9044874,1709234239.9175186
8450,1709234240.0000381,1709234240.011761
8451,1709234240.0992148,1709234240.111447
8452,1709234240.2048433,1709234240.2196858
8453,1709234240.2953994,1709234240.3046832
8454,1709234240.4076896,1709234240.4209821
8455,1709234240.5004284,1709234240.511712
8456,1709234240.597099,1709234240.609269
8457,1709234240.699423,1709234240.7123291
8458,1709234240.807567,1709234240.821441
8459,1709234240.8978348,1709234240.9075832
8460,1709234240.995868,1709234241.009173
8461,1709234241.0992246,1709234241.1143246
8462,1709234241.1956487,1709234241.2090662
8463,1709234241.2971408,1709234241.309597
8464,1709234241.3931386,1709234241.4063168
8465,1709234241.5016599,1709234241.5147777
8466,1709234241.6078954,1709234241.6178944
8467,1709234241.6990051,1709234241.7126338
8468,1709234241.806028,1709234241.8219368
8469,1709234241.9004035,1709234241.912933
8470,1709234241.998179,1709234242.0105557
8471,1709234242.0963361,1709234242.109801
8472,1709234242.1934357,1709234242.206048
8473,1709234242.30746,1709234242.3224947
8474,1709234242.3951344,1709234242.4091508
8475,1709234242.4964535,1709234242.5174026
8476,1709234242.6042595,1709234242.6155956
8477,1709234242.6962106,1709234242.7101574
8478,1709234242.8003774,1709234242.8138278
8479,1709234242.8983893,1709234242.913516
8480,1709234243.0028765,1709234243.0185456
8481,1709234243.0992417,1709234243.111779
8482,1709234243.1933255,1709234243.2073972
8483,1709234243.3096042,1709234243.320823
8484,1709234243.39702,1709234243.4097524
8485,1709234243.4992216,1709234243.5089667
8486,1709234243.6076179,1709234243.620241
8487,1709234243.6981146,1709234243.7129524
8488,1709234243.7919657,1709234243.8039117
8489,1709234243.8919237,1709234243.900308
8490,1709234243.9955707,1709234244.00555
8491,1709234244.1000433,1709234244.1145742
8492,1709234244.2084975,1709234244.2211704
8493,1709234244.3035312,1709234244.3158028
8494,1709234244.4056666,1709234244.42004
8495,1709234244.5065603,1709234244.5176103
8496,1709234244.5975592,1709234244.6116767
8497,1709234244.7043622,1709234244.7190886
8498,1709234244.8015838,1709234244.813594
8499,1709234244.9001634,1709234244.9114547
8500,1709234244.9998274,1709234245.0118957
8501,1709234245.0981922,1709234245.1103055
8502,1709234245.1959925,1709234245.2104924
8503,1709234245.3082628,1709234245.3200686
8504,1709234245.3911457,1709234245.4085548
8505,1709234245.5006535,1709234245.5146432
8506,1709234245.5980294,1709234245.6104388
8507,1709234245.6986861,1709234245.7129025
8508,1709234245.7985923,1709234245.8140633
8509,1709234245.9115205,1709234245.9259896
8510,1709234246.0040305,1709234246.0175595
8511,1709234246.1090553,1709234246.1204672
8512,1709234246.2147536,1709234246.2267525
8513,1709234246.3094208,1709234246.321449
8514,1709234246.4016218,1709234246.415103
8515,1709234246.495097,1709234246.507405
8516,1709234246.607476,1709234246.6229265
8517,1709234246.6944,1709234246.7052577
8518,1709234246.7984083,1709234246.8114512
8519,1709234246.8932328,1709234246.9055536
8520,1709234247.003,1709234247.0126586
8521,1709234247.0914977,1709234247.1053598
8522,1709234247.2027972,1709234247.2133822
8523,1709234247.294868,1709234247.3112092
8524,1709234247.3935006,1709234247.4065044
8525,1709234247.4996955,1709234247.510256
8526,1709234247.603026,1709234247.6157858
8527,1709234247.711574,1709234247.7242196
8528,1709234247.7921453,1709234247.8048131
8529,1709234247.9001374,1709234247.917074
8530,1709234248.0006924,1709234248.013648
8531,1709234248.1048863,1709234248.117572
8532,1709234248.2026975,1709234248.215144
8533,1709234248.2926126,1709234248.3049843
8534,1709234248.3958786,1709234248.409603
8535,1709234248.507193,1709234248.5072012
8536,1709234248.5905457,1709234248.5905523
8537,1709234248.691843,1709234248.6918497
8538,1709234248.797829,1709234248.7978368
8539,1709234248.9048886,1709234248.9048953
8540,1709234249.008693,1709234249.0087001
8541,1709234249.1046097,1709234249.104616
8542,1709234249.19934,1709234249.199346
8543,1709234249.2994363,1709234249.2994409
8544,1709234249.4017053,1709234249.4017136
8545,1709234249.5004663,1709234249.5004735
8546,1709234249.5972898,1709234249.5973425
8547,1709234249.6955972,1709234249.6956058
8548,1709234249.7976696,1709234249.7976775
8549,1709234249.9041638,1709234249.9041703
8550,1709234250.0001185,1709234250.0001264
8551,1709234250.0980682,1709234250.0980744
8552,1709234250.1909776,1709234250.1909819
8553,1709234250.3007078,1709234250.3007143
8554,1709234250.3966985,1709234250.3967059
8555,1709234250.4969354,1709234250.4969425
8556,1709234250.597294,1709234250.5973032
8557,1709234250.696416,1709234250.6964204
8558,1709234250.7968683,1709234250.796875
8559,1709234250.8936892,1709234250.8937438
8560,1709234250.997549,1709234250.9976022
8561,1709234251.0919118,1709234251.0919614
8562,1709234251.1912582,1709234251.1913133
8563,1709234251.2958257,1709234251.295857
8564,1709234251.3903959,1709234251.390445
8565,1709234251.4941611,1709234251.4942079
8566,1709234251.6045282,1709234251.6045802
8567,1709234251.69842,1709234251.698501
8568,1709234251.8036375,1709234251.803687
8569,1709234251.906556,1709234251.9066045
8570,1709234252.0053997,1709234252.0054514
8571,1709234252.0974157,1709234252.097462
8572,1709234252.1933746,1709234252.19343
8573,1709234252.3006697,1709234252.30072
8574,1709234252.394378,1709234252.3944552
8575,1709234252.4994586,1709234252.499512
8576,1709234252.598527,1709234252.5985756
8577,1709234252.6926885,1709234252.6927874
8578,1709234252.7911212,1709234252.7912114
8579,1709234252.9016967,1709234252.9018645
8580,1709234252.9906938,1709234252.9907918
8581,1709234253.0909123,1709234253.0910025
8582,1709234253.1904933,1709234253.1905816
8583,1709234253.3023562,1709234253.3024776
8584,1709234253.3942478,1709234253.3947773
8585,1709234253.498386,1709234253.4984827
8586,1709234253.6006234,1709234253.6006708
8587,1709234253.6949434,1709234253.6949902
8588,1709234253.8027039,1709234253.802765
8589,1709234253.9025834,1709234253.902629
8590,1709234253.9913845,1709234253.9914773
8591,1709234254.0967598,1709234254.0968506
8592,1709234254.195488,1709234254.1955643
8593,1709234254.3013773,1709234254.301467
8594,1709234254.3973663,1709234254.3974457
8595,1709234254.4991474,1709234254.4991956
8596,1709234254.5933948,1709234254.5934432
8597,1709234254.6992617,1709234254.6993692
8598,1709234254.7999866,1709234254.80005
8599,1709234254.9006042,1709234254.9006543
8600,1709234254.9999378,1709234255.000024
8601,1709234255.095097,1709234255.0951655
8602,1709234255.2043228,1709234255.2043712
8603,1709234255.294504,1709234255.2945528
8604,1709234255.3985968,1709234255.3986342
8605,1709234255.4936283,1709234255.4936895
8606,1709234255.6056566,1709234255.6057072
8607,1709234255.698327,1709234255.6983888
8608,1709234255.7932353,1709234255.7933595
8609,1709234255.8964024,1709234255.8964505
8610,1709234256.001659,1709234256.0017512
8611,1709234256.0996518,1709234256.0996978
8612,1709234256.198546,1709234256.1986268
8613,1709234256.30024,1709234256.3003333
8614,1709234256.400002,1709234256.400058
8615,1709234256.4969797,1709234256.497082
8616,1709234256.5926657,1709234256.592727
8617,1709234256.7047071,1709234256.7047677
8618,1709234256.79862,1709234256.79869
8619,1709234256.8959966,1709234256.8960462
8620,1709234256.9907043,1709234256.990755
8621,1709234257.1000702,1709234257.1001556
8622,1709234257.194895,1709234257.1949754
8623,1709234257.2999969,1709234257.3002763
8624,1709234257.3939037,1709234257.393998
8625,1709234257.5021474,1709234257.5022705
8626,1709234257.599716,1709234257.5998156
8627,1709234257.7054386,1709234257.7055323
8628,1709234257.7967954,1709234257.7968833
8629,1709234257.896714,1709234257.8967755
8630,1709234257.9987187,1709234257.99876
8631,1709234258.0962687,1709234258.0963151
8632,1709234258.204877,1709234258.2049658
8633,1709234258.2971554,1709234258.2972052
8634,1709234258.391466,1709234258.3915443
8635,1709234258.496402,1709234258.4964411
8636,1709234258.6012945,1709234258.6013482
8637,1709234258.7006745,1709234258.7007132
8638,1709234258.7967582,1709234258.796831
8639,1709234258.898088,1709234258.8981397
8640,1709234258.9998326,1709234258.9998994
8641,1709234259.096843,1709234259.0968935
8642,1709234259.1912336,1709234259.1913116
8643,1709234259.291877,1709234259.2919266
8644,1709234259.3962421,1709234259.396286
8645,1709234259.4937024,1709234259.4937427
8646,1709234259.593193,1709234259.5932581
8647,1709234259.6974378,1709234259.6975553
8648,1709234259.797869,1709234259.797921
8649,1709234259.8908565,1709234259.8908932
8650,1709234259.9978118,1709234259.9979036
8651,1709234260.0901718,1709234260.0902379
8652,1709234260.1976457,1709234260.197697
8653,1709234260.2914426,1709234260.2914908
8654,1709234260.3925903,1709234260.3926594
8655,1709234260.4916272,1709234260.4917002
8656,1709234260.5941107,1709234260.5941823
8657,1709234260.6935492,1709234260.6935909
8658,1709234260.8067029,1709234260.8067534
8659,1709234260.9058611,1709234260.9059095
8660,1709234260.9978628,1709234260.997948
8661,1709234261.097445,1709234261.097492
8662,1709234261.1988091,1709234261.1988466
8663,1709234261.2968185,1709234261.2968671
8664,1709234261.4006805,1709234261.4007902
8665,1709234261.4959333,1709234261.4959798
8666,1709234261.6045542,1709234261.6046247
8667,1709234261.6928587,1709234261.692908
8668,1709234261.7974246,1709234261.7975044
8669,1709234261.905026,1709234261.9050782
8670,1709234262.0049493,1709234262.0050082
8671,1709234262.0926237,1709234262.0926685
8672,1709234262.198779,1709234262.1988661
8673,1709234262.2973378,1709234262.297374
8674,1709234262.3971512,1709234262.397194
8675,1709234262.5107093,1709234262.510766
8676,1709234262.5997667,1709234262.5998106
8677,1709234262.7032602,1709234262.7033112
8678,1709234262.8020058,1709234262.802056
8679,1709234262.8926332,1709234262.8927076
8680,1709234263.0162811,1709234263.016351
8681,1709234263.0923204,1709234263.092385
8682,1709234263.2015824,1709234263.2044163
8683,1709234263.2948518,1709234263.2949023
8684,1709234263.396702,1709234263.396735
8685,1709234263.4922075,1709234263.492259
8686,1709234263.5917723,1709234263.5918555
8687,1709234263.6977243,1709234263.6977768
8688,1709234263.800964,1709234263.8010662
8689,1709234263.8964064,1709234263.8964727
8690,1709234263.995264,1709234263.9953146
8691,1709234264.0956514,1709234264.0956893
8692,1709234264.204337,1709234264.2043784
8693,1709234264.2929595,1709234264.2930076
8694,1709234264.3959057,1709234264.3959572
8695,1709234264.49491,1709234264.494957
8696,1709234264.5935812,1709234264.5936286
8697,1709234264.6941764,1709234264.6942265
8698,1709234264.798394,1709234264.798472
8699,1709234264.89367,1709234264.8937242
8700,1709234264.9907684,1709234264.990848
8701,1709234265.094919,1709234265.0949872
8702,1709234265.1943352,1709234265.1944234
8703,1709234265.3009982,1709234265.3011029
8704,1709234265.3938158,1709234265.393949
8705,1709234265.4955802,1709234265.4956698
8706,1709234265.5937142,1709234265.5938632
8707,1709234265.6977918,1709234265.6979582
8708,1709234265.794182,1709234265.7942607
8709,1709234265.9025035,1709234265.9025483
8710,1709234265.9947684,1709234265.9948182
8711,1709234266.1005023,1709234266.1005826
8712,1709234266.1928768,1709234266.1929202
8713,1709234266.303423,1709234266.303465
8714,1709234266.3943079,1709234266.3943875
8715,1709234266.4924023,1709234266.4924448
8716,1709234266.5951612,1709234266.5952117
8717,1709234266.691686,1709234266.6917326
8718,1709234266.8048728,1709234266.8049192
8719,1709234266.8978128,1709234266.8978975
8720,1709234266.9972029,1709234266.997277
8721,1709234267.0967076,1709234267.0968428
8722,1709234267.1992302,1709234267.1993322
8723,1709234267.2911835,1709234267.291283
8724,1709234267.4051752,1709234267.4052265
8725,1709234267.499107,1709234267.499162
8726,1709234267.599094,1709234267.599137
8727,1709234267.6929657,1709234267.6930144
8728,1709234267.7947142,1709234267.7947702
8729,1709234267.8989909,1709234267.8990393
8730,1709234267.9984896,1709234267.998553
8731,1709234268.0921936,1709234268.0922444
8732,1709234268.202296,1709234268.2023628
8733,1709234268.2963614,1709234268.2964334
8734,1709234268.3939514,1709234268.3940167
8735,1709234268.4949815,1709234268.4950283
8736,1709234268.5980437,1709234268.5981195
8737,1709234268.6956105,1709234268.695676
8738,1709234268.7919714,1709234268.7920568
8739,1709234268.902187,1709234268.902275
8740,1709234268.9971426,1709234268.9972148
8741,1709234269.0976715,1709234269.097721
8742,1709234269.1952474,1709234269.1953244
8743,1709234269.2946439,1709234269.2947152
8744,1709234269.404707,1709234269.4047492
8745,1709234269.4959822,1709234269.4960585
8746,1709234269.600334,1709234269.6004956
8747,1709234269.700456,1709234269.700548
8748,1709234269.8001275,1709234269.8002355
8749,1709234269.897503,1709234269.897582
8750,1709234269.994442,1709234269.994505
8751,1709234270.0962846,1709234270.0963356
8752,1709234270.195378,1709234270.1954198
8753,1709234270.2953377,1709234270.295378
8754,1709234270.3926969,1709234270.3927422
8755,1709234270.4900208,1709234270.4900715
8756,1709234270.5942404,1709234270.594302
8757,1709234270.7016783,1709234270.701722
8758,1709234270.796039,1709234270.796105
8759,1709234270.8953795,1709234270.8954318
8760,1709234270.9958262,1709234270.995884
8761,1709234271.0984604,1709234271.0985522
8762,1709234271.197865,1709234271.1979182
8763,1709234271.2942777,1709234271.294321
8764,1709234271.393129,1709234271.3931942
8765,1709234271.4956017,1709234271.495655
8766,1709234271.5973542,1709234271.5974572
8767,1709234271.69801,1709234271.698098
8768,1709234271.7938237,1709234271.793946
8769,1709234271.8948152,1709234271.8949366
8770,1709234271.9973762,1709234271.997422
8771,1709234272.0954666,1709234272.0955536
8772,1709234272.1974468,1709234272.1975248
8773,1709234272.2967815,1709234272.2968266
8774,1709234272.3947253,1709234272.3948612
8775,1709234272.501455,1709234272.5015433
8776,1709234272.5961945,1709234272.596267
8777,1709234272.6909845,1709234272.6911538
8778,1709234272.7927804,1709234272.7928708
8779,1709234272.893257,1709234272.8933618
8780,1709234272.9943845,1709234272.994517
8781,1709234273.0945547,1709234273.0946126
8782,1709234273.1976898,1709234273.1977391
8783,1709234273.2956765,1709234273.2957602
8784,1709234273.4047382,1709234273.40479
8785,1709234273.5074778,1709234273.5075777
8786,1709234273.6004906,1709234273.6005774
8787,1709234273.691302,1709234273.692014
8788,1709234273.7963936,1709234273.796525
8789,1709234273.897239,1709234273.8973305
8790,1709234273.997009,1709234273.9970906
8791,1709234274.0948052,1709234274.0948603
8792,1709234274.192398,1709234274.1924386
8793,1709234274.2970123,1709234274.2970657
8794,1709234274.4004965,1709234274.4005501
8795,1709234274.5002923,1709234274.5003505
8796,1709234274.600733,1709234274.6008224
8797,1709234274.694884,1709234274.6949308
8798,1709234274.7951431,1709234274.7951965
8799,1709234274.895643,1709234274.8957374
8800,1709234275.001722,1709234275.001816
8801,1709234275.0951378,1709234275.0951953
8802,1709234275.1980553,1709234275.198093
8803,1709234275.2959166,1709234275.2959683
8804,1709234275.395255,1709234275.3955843
8805,1709234275.506678,1709234275.5067656
8806,1709234275.589991,1709234275.590047
8807,1709234275.6898742,1709234275.6899261
8808,1709234275.8013732,1709234275.8014226
8809,1709234275.8963923,1709234275.8964787
8810,1709234275.9942398,1709234275.994328
8811,1709234276.0968115,1709234276.0968986
8812,1709234276.1965744,1709234276.1966586
8813,1709234276.29507,1709234276.295121
8814,1709234276.3948438,1709234276.394894
8815,1709234276.4927664,1709234276.492858
8816,1709234276.60057,1709234276.6006622
8817,1709234276.6985688,1709234276.6986175
8818,1709234276.792033,1709234276.7920787
8819,1709234276.8962939,1709234276.8963454
8820,1709234276.9986858,1709234276.9987245
8821,1709234277.0950444,1709234277.0951357
8822,1709234277.1955914,1709234277.1956706
8823,1709234277.2910533,1709234277.2911355
8824,1709234277.3981078,1709234277.3981907
8825,1709234277.5024602,1709234277.5025403
8826,1709234277.601349,1709234277.6014233
8827,1709234277.7024076,1709234277.7024906
8828,1709234277.806907,1709234277.8069947
8829,1709234277.8991892,1709234277.899284
8830,1709234277.9907627,1709234277.9908075
8831,1709234278.0978026,1709234278.0979662
8832,1709234278.191316,1709234278.191366
8833,1709234278.3023367,1709234278.302501
8834,1709234278.3913736,1709234278.3914416
8835,1709234278.4962893,1709234278.4963446
8836,1709234278.5911608,1709234278.591232
8837,1709234278.6932511,1709234278.6933625
8838,1709234278.8014886,1709234278.80159
8839,1709234278.8922246,1709234278.8923087
8840,1709234278.9968867,1709234278.996974
8841,1709234279.091541,1709234279.0916286
8842,1709234279.2041807,1709234279.204301
8843,1709234279.2936745,1709234279.2937465
8844,1709234279.3902242,1709234279.3903162
8845,1709234279.5014625,1709234279.501547
8846,1709234279.5909443,1709234279.591031
8847,1709234279.6923964,1709234279.6924489
8848,1709234279.7945278,1709234279.7945788
8849,1709234279.9027922,1709234279.9028413
8850,1709234279.9981794,1709234279.998241
8851,1709234280.0958555,1709234280.0959096
8852,1709234280.1900754,1709234280.190167
8853,1709234280.2916777,1709234280.2917593
8854,1709234280.39052,1709234280.3905811
8855,1709234280.497134,1709234280.4971888
8856,1709234280.604195,1709234280.604235
8857,1709234280.6968393,1709234280.696918
8858,1709234280.7972317,1709234280.7973223
8859,1709234280.8952358,1709234280.8955276
8860,1709234280.997441,1709234280.9974892
8861,1709234281.101363,1709234281.1014602
8862,1709234281.1995041,1709234281.1995518
8863,1709234281.3011498,1709234281.3011966
8864,1709234281.3951907,1709234281.395272
8865,1709234281.4944203,1709234281.4945042
8866,1709234281.5948164,1709234281.5949152
8867,1709234281.704266,1709234281.7043502
8868,1709234281.795007,1709234281.7950895
8869,1709234281.8967519,1709234281.8968437
8870,1709234281.9941127,1709234281.9941986
8871,1709234282.097989,1709234282.0980902
8872,1709234282.2006562,1709234282.2008111
8873,1709234282.3013284,1709234282.3014224
8874,1709234282.3968384,1709234282.3969338
8875,1709234282.5000234,1709234282.5000765
8876,1709234282.5993629,1709234282.5994442
8877,1709234282.7063663,1709234282.7064512
8878,1709234282.8006032,1709234282.8006938
8879,1709234282.899949,1709234282.9003015
8880,1709234283.0027976,1709234283.0028813
8881,1709234283.0988781,1709234283.0989747
8882,1709234283.1960545,1709234283.197707
8883,1709234283.2945793,1709234283.2947102
8884,1709234283.3971245,1709234283.3971732
8885,1709234283.4922354,1709234283.4922826
8886,1709234283.5906503,1709234283.5907292
8887,1709234283.6977627,1709234283.6978436
8888,1709234283.7957625,1709234283.7958503
8889,1709234283.9042792,1709234283.9043598
8890,1709234284.0034966,1709234284.003724
8891,1709234284.0926135,1709234284.0926766
8892,1709234284.1946433,1709234284.194696
8893,1709234284.3006077,1709234284.3006842
8894,1709234284.391254,1709234284.3912966
8895,1709234284.495927,1709234284.4959898
8896,1709234284.600685,1709234284.6007447
8897,1709234284.701499,1709234284.701541
8898,1709234284.7953522,1709234284.7954037
8899,1709234284.895843,1709234284.895921
8900,1709234285.0019798,1709234285.0020308
8901,1709234285.0932052,1709234285.093282
8902,1709234285.2007413,1709234285.200798
8903,1709234285.2965508,1709234285.296866
8904,1709234285.3997517,1709234285.3998475
8905,1709234285.5024123,1709234285.5024717
8906,1709234285.5954185,1709234285.596476
8907,1709234285.6942906,1709234285.6943412
8908,1709234285.8042278,1709234285.80429
8909,1709234285.9015925,1709234285.9016428
8910,1709234285.997863,1709234285.9979413
8911,1709234286.0968945,1709234286.0969436
8912,1709234286.196854,1709234286.1969454
8913,1709234286.304141,1709234286.304241
8914,1709234286.4001129,1709234286.4001608
8915,1709234286.499721,1709234286.4997857
8916,1709234286.6068993,1709234286.6069455
8917,1709234286.7019086,1709234286.7019553
8918,1709234286.8044567,1709234286.8045292
8919,1709234286.9036188,1709234286.9036746
8920,1709234287.0027618,1709234287.0028586
8921,1709234287.0973096,1709234287.0973713
8922,1709234287.1984735,1709234287.1985338
8923,1709234287.3140388,1709234287.3140976
8924,1709234287.3985262,1709234287.39858
8925,1709234287.5023582,1709234287.5024054
8926,1709234287.591777,1709234287.591882
8927,1709234287.698584,1709234287.6986442
8928,1709234287.7981696,1709234287.798276
8929,1709234287.8923721,1709234287.8924258
8930,1709234287.9945214,1709234287.9945707
8931,1709234288.1008935,1709234288.1009467
8932,1709234288.1946905,1709234288.194735
8933,1709234288.2988803,1709234288.2989304
8934,1709234288.391831,1709234288.3919327
8935,1709234288.4995224,1709234288.4995778
8936,1709234288.5927901,1709234288.5928736
8937,1709234288.6965318,1709234288.6966414
8938,1709234288.7963357,1709234288.796392
8939,1709234288.8968089,1709234288.8968685
8940,1709234288.9956725,1709234288.9957643
8941,1709234289.0998864,1709234289.0999398
8942,1709234289.1969194,1709234289.1969552
8943,1709234289.2915466,1709234289.2915852
8944,1709234289.3973644,1709234289.397436
8945,1709234289.5030167,1709234289.503068
8946,1709234289.5968528,1709234289.5969012
8947,1709234289.6986368,1709234289.6986847
8948,1709234289.791698,1709234289.7917738
8949,1709234289.8935592,1709234289.893669
8950,1709234289.9969234,1709234289.9970355
8951,1709234290.102626,1709234290.1026788
8952,1709234290.1997135,1709234290.1997957
8953,1709234290.3023229,1709234290.3024092
8954,1709234290.3996508,1709234290.3997052
8955,1709234290.5010145,1709234290.5010986
8956,1709234290.603695,1709234290.6038039
8957,1709234290.7010572,1709234290.7011395
8958,1709234291.4189072,1709234291.4189665
8959,1709234291.4905074,1709234291.490597
8960,1709234291.5924535,1709234291.5925345
8961,1709234291.702454,1709234291.7025087
