[5.239s] DEBUG:colcon:Command line arguments: ['/usr/bin/colcon', 'build', '--packages-select', 'onecim', '--symlink-install']
[5.240s] DEBUG:colcon:Parsed command line arguments: Namespace(allow_overriding=[], ament_cmake_args=None, base_paths=['.'], build_base='build', catkin_cmake_args=None, catkin_skip_building_tests=False, cmake_args=None, cmake_clean_cache=False, cmake_clean_first=False, cmake_force_configure=False, cmake_target=None, cmake_target_skip_unavailable=False, continue_on_error=False, event_handlers=None, executor='parallel', ignore_user_meta=False, install_base='install', log_base=None, log_level=None, main=<bound method BuildVerb.main of <colcon_core.verb.build.BuildVerb object at 0x7f09948c6f70>>, merge_install=False, metas=['./colcon.meta'], packages_above=None, packages_above_and_dependencies=None, packages_above_depth=None, packages_end=None, packages_ignore=None, packages_ignore_regex=None, packages_select=['onecim'], packages_select_build_failed=False, packages_select_by_dep=None, packages_select_regex=None, packages_select_test_failures=False, packages_skip=None, packages_skip_build_finished=False, packages_skip_by_dep=None, packages_skip_regex=None, packages_skip_test_passed=False, packages_skip_up_to=None, packages_start=None, packages_up_to=None, packages_up_to_regex=None, parallel_workers=8, paths=None, symlink_install=True, test_result_base=None, verb_extension=<colcon_core.verb.build.BuildVerb object at 0x7f09948c6f70>, verb_name='build', verb_parser=<colcon_defaults.argument_parser.defaults.DefaultArgumentsDecorator object at 0x7f09947fa940>)
[5.438s] Level 1:colcon.colcon_core.package_discovery:discover_packages(colcon_meta) check parameters
[5.438s] Level 1:colcon.colcon_core.package_discovery:discover_packages(recursive) check parameters
[5.438s] Level 1:colcon.colcon_core.package_discovery:discover_packages(ignore) check parameters
[5.438s] Level 1:colcon.colcon_core.package_discovery:discover_packages(path) check parameters
[5.438s] Level 1:colcon.colcon_core.package_discovery:discover_packages(colcon_meta) discover
[5.438s] Level 1:colcon.colcon_core.package_discovery:discover_packages(recursive) discover
[5.438s] INFO:colcon.colcon_core.package_discovery:Crawling recursively for packages in '/home/babangida/ros_ws'
[5.439s] Level 1:colcon.colcon_core.package_identification:_identify(.) by extensions ['ignore', 'ignore_ament_install']
[5.439s] Level 1:colcon.colcon_core.package_identification:_identify(.) by extension 'ignore'
[5.439s] Level 1:colcon.colcon_core.package_identification:_identify(.) by extension 'ignore_ament_install'
[5.439s] Level 1:colcon.colcon_core.package_identification:_identify(.) by extensions ['colcon_pkg']
[5.439s] Level 1:colcon.colcon_core.package_identification:_identify(.) by extension 'colcon_pkg'
[5.439s] Level 1:colcon.colcon_core.package_identification:_identify(.) by extensions ['colcon_meta']
[5.439s] Level 1:colcon.colcon_core.package_identification:_identify(.) by extension 'colcon_meta'
[5.439s] Level 1:colcon.colcon_core.package_identification:_identify(.) by extensions ['ros']
[5.439s] Level 1:colcon.colcon_core.package_identification:_identify(.) by extension 'ros'
[5.458s] Level 1:colcon.colcon_core.package_identification:_identify(.) by extensions ['cmake', 'python']
[5.458s] Level 1:colcon.colcon_core.package_identification:_identify(.) by extension 'cmake'
[5.458s] Level 1:colcon.colcon_core.package_identification:_identify(.) by extension 'python'
[5.458s] Level 1:colcon.colcon_core.package_identification:_identify(.) by extensions ['python_setup_py']
[5.459s] Level 1:colcon.colcon_core.package_identification:_identify(.) by extension 'python_setup_py'
[5.459s] Level 1:colcon.colcon_core.package_identification:_identify(InitialSim) by extensions ['ignore', 'ignore_ament_install']
[5.459s] Level 1:colcon.colcon_core.package_identification:_identify(InitialSim) by extension 'ignore'
[5.459s] Level 1:colcon.colcon_core.package_identification:_identify(InitialSim) by extension 'ignore_ament_install'
[5.459s] Level 1:colcon.colcon_core.package_identification:_identify(InitialSim) by extensions ['colcon_pkg']
[5.459s] Level 1:colcon.colcon_core.package_identification:_identify(InitialSim) by extension 'colcon_pkg'
[5.459s] Level 1:colcon.colcon_core.package_identification:_identify(InitialSim) by extensions ['colcon_meta']
[5.459s] Level 1:colcon.colcon_core.package_identification:_identify(InitialSim) by extension 'colcon_meta'
[5.459s] Level 1:colcon.colcon_core.package_identification:_identify(InitialSim) by extensions ['ros']
[5.460s] Level 1:colcon.colcon_core.package_identification:_identify(InitialSim) by extension 'ros'
[5.460s] Level 1:colcon.colcon_core.package_identification:_identify(InitialSim) by extensions ['cmake', 'python']
[5.460s] Level 1:colcon.colcon_core.package_identification:_identify(InitialSim) by extension 'cmake'
[5.460s] Level 1:colcon.colcon_core.package_identification:_identify(InitialSim) by extension 'python'
[5.460s] Level 1:colcon.colcon_core.package_identification:_identify(InitialSim) by extensions ['python_setup_py']
[5.460s] Level 1:colcon.colcon_core.package_identification:_identify(InitialSim) by extension 'python_setup_py'
[5.460s] Level 1:colcon.colcon_core.package_identification:_identify(InitialSim/Results) by extensions ['ignore', 'ignore_ament_install']
[5.460s] Level 1:colcon.colcon_core.package_identification:_identify(InitialSim/Results) by extension 'ignore'
[5.460s] Level 1:colcon.colcon_core.package_identification:_identify(InitialSim/Results) by extension 'ignore_ament_install'
[5.460s] Level 1:colcon.colcon_core.package_identification:_identify(InitialSim/Results) by extensions ['colcon_pkg']
[5.460s] Level 1:colcon.colcon_core.package_identification:_identify(InitialSim/Results) by extension 'colcon_pkg'
[5.461s] Level 1:colcon.colcon_core.package_identification:_identify(InitialSim/Results) by extensions ['colcon_meta']
[5.461s] Level 1:colcon.colcon_core.package_identification:_identify(InitialSim/Results) by extension 'colcon_meta'
[5.461s] Level 1:colcon.colcon_core.package_identification:_identify(InitialSim/Results) by extensions ['ros']
[5.461s] Level 1:colcon.colcon_core.package_identification:_identify(InitialSim/Results) by extension 'ros'
[5.461s] Level 1:colcon.colcon_core.package_identification:_identify(InitialSim/Results) by extensions ['cmake', 'python']
[5.461s] Level 1:colcon.colcon_core.package_identification:_identify(InitialSim/Results) by extension 'cmake'
[5.461s] Level 1:colcon.colcon_core.package_identification:_identify(InitialSim/Results) by extension 'python'
[5.461s] Level 1:colcon.colcon_core.package_identification:_identify(InitialSim/Results) by extensions ['python_setup_py']
[5.461s] Level 1:colcon.colcon_core.package_identification:_identify(InitialSim/Results) by extension 'python_setup_py'
[5.461s] Level 1:colcon.colcon_core.package_identification:_identify(InitialSim/tenVehs) by extensions ['ignore', 'ignore_ament_install']
[5.462s] Level 1:colcon.colcon_core.package_identification:_identify(InitialSim/tenVehs) by extension 'ignore'
[5.462s] Level 1:colcon.colcon_core.package_identification:_identify(InitialSim/tenVehs) by extension 'ignore_ament_install'
[5.462s] Level 1:colcon.colcon_core.package_identification:_identify(InitialSim/tenVehs) by extensions ['colcon_pkg']
[5.462s] Level 1:colcon.colcon_core.package_identification:_identify(InitialSim/tenVehs) by extension 'colcon_pkg'
[5.462s] Level 1:colcon.colcon_core.package_identification:_identify(InitialSim/tenVehs) by extensions ['colcon_meta']
[5.462s] Level 1:colcon.colcon_core.package_identification:_identify(InitialSim/tenVehs) by extension 'colcon_meta'
[5.462s] Level 1:colcon.colcon_core.package_identification:_identify(InitialSim/tenVehs) by extensions ['ros']
[5.462s] Level 1:colcon.colcon_core.package_identification:_identify(InitialSim/tenVehs) by extension 'ros'
[5.462s] Level 1:colcon.colcon_core.package_identification:_identify(InitialSim/tenVehs) by extensions ['cmake', 'python']
[5.462s] Level 1:colcon.colcon_core.package_identification:_identify(InitialSim/tenVehs) by extension 'cmake'
[5.462s] Level 1:colcon.colcon_core.package_identification:_identify(InitialSim/tenVehs) by extension 'python'
[5.463s] Level 1:colcon.colcon_core.package_identification:_identify(InitialSim/tenVehs) by extensions ['python_setup_py']
[5.463s] Level 1:colcon.colcon_core.package_identification:_identify(InitialSim/tenVehs) by extension 'python_setup_py'
[5.463s] Level 1:colcon.colcon_core.package_identification:_identify(InitialSim/thirtyVehs) by extensions ['ignore', 'ignore_ament_install']
[5.463s] Level 1:colcon.colcon_core.package_identification:_identify(InitialSim/thirtyVehs) by extension 'ignore'
[5.463s] Level 1:colcon.colcon_core.package_identification:_identify(InitialSim/thirtyVehs) by extension 'ignore_ament_install'
[5.463s] Level 1:colcon.colcon_core.package_identification:_identify(InitialSim/thirtyVehs) by extensions ['colcon_pkg']
[5.463s] Level 1:colcon.colcon_core.package_identification:_identify(InitialSim/thirtyVehs) by extension 'colcon_pkg'
[5.463s] Level 1:colcon.colcon_core.package_identification:_identify(InitialSim/thirtyVehs) by extensions ['colcon_meta']
[5.463s] Level 1:colcon.colcon_core.package_identification:_identify(InitialSim/thirtyVehs) by extension 'colcon_meta'
[5.463s] Level 1:colcon.colcon_core.package_identification:_identify(InitialSim/thirtyVehs) by extensions ['ros']
[5.463s] Level 1:colcon.colcon_core.package_identification:_identify(InitialSim/thirtyVehs) by extension 'ros'
[5.463s] Level 1:colcon.colcon_core.package_identification:_identify(InitialSim/thirtyVehs) by extensions ['cmake', 'python']
[5.463s] Level 1:colcon.colcon_core.package_identification:_identify(InitialSim/thirtyVehs) by extension 'cmake'
[5.464s] Level 1:colcon.colcon_core.package_identification:_identify(InitialSim/thirtyVehs) by extension 'python'
[5.464s] Level 1:colcon.colcon_core.package_identification:_identify(InitialSim/thirtyVehs) by extensions ['python_setup_py']
[5.464s] Level 1:colcon.colcon_core.package_identification:_identify(InitialSim/thirtyVehs) by extension 'python_setup_py'
[5.464s] Level 1:colcon.colcon_core.package_identification:_identify(InitialSim/twoVehs) by extensions ['ignore', 'ignore_ament_install']
[5.464s] Level 1:colcon.colcon_core.package_identification:_identify(InitialSim/twoVehs) by extension 'ignore'
[5.464s] Level 1:colcon.colcon_core.package_identification:_identify(InitialSim/twoVehs) by extension 'ignore_ament_install'
[5.464s] Level 1:colcon.colcon_core.package_identification:_identify(InitialSim/twoVehs) by extensions ['colcon_pkg']
[5.464s] Level 1:colcon.colcon_core.package_identification:_identify(InitialSim/twoVehs) by extension 'colcon_pkg'
[5.464s] Level 1:colcon.colcon_core.package_identification:_identify(InitialSim/twoVehs) by extensions ['colcon_meta']
[5.464s] Level 1:colcon.colcon_core.package_identification:_identify(InitialSim/twoVehs) by extension 'colcon_meta'
[5.464s] Level 1:colcon.colcon_core.package_identification:_identify(InitialSim/twoVehs) by extensions ['ros']
[5.464s] Level 1:colcon.colcon_core.package_identification:_identify(InitialSim/twoVehs) by extension 'ros'
[5.464s] Level 1:colcon.colcon_core.package_identification:_identify(InitialSim/twoVehs) by extensions ['cmake', 'python']
[5.464s] Level 1:colcon.colcon_core.package_identification:_identify(InitialSim/twoVehs) by extension 'cmake'
[5.464s] Level 1:colcon.colcon_core.package_identification:_identify(InitialSim/twoVehs) by extension 'python'
[5.465s] Level 1:colcon.colcon_core.package_identification:_identify(InitialSim/twoVehs) by extensions ['python_setup_py']
[5.465s] Level 1:colcon.colcon_core.package_identification:_identify(InitialSim/twoVehs) by extension 'python_setup_py'
[5.465s] Level 1:colcon.colcon_core.package_identification:_identify(New folder) by extensions ['ignore', 'ignore_ament_install']
[5.465s] Level 1:colcon.colcon_core.package_identification:_identify(New folder) by extension 'ignore'
[5.465s] Level 1:colcon.colcon_core.package_identification:_identify(New folder) by extension 'ignore_ament_install'
[5.465s] Level 1:colcon.colcon_core.package_identification:_identify(New folder) by extensions ['colcon_pkg']
[5.465s] Level 1:colcon.colcon_core.package_identification:_identify(New folder) by extension 'colcon_pkg'
[5.465s] Level 1:colcon.colcon_core.package_identification:_identify(New folder) by extensions ['colcon_meta']
[5.465s] Level 1:colcon.colcon_core.package_identification:_identify(New folder) by extension 'colcon_meta'
[5.465s] Level 1:colcon.colcon_core.package_identification:_identify(New folder) by extensions ['ros']
[5.465s] Level 1:colcon.colcon_core.package_identification:_identify(New folder) by extension 'ros'
[5.465s] Level 1:colcon.colcon_core.package_identification:_identify(New folder) by extensions ['cmake', 'python']
[5.465s] Level 1:colcon.colcon_core.package_identification:_identify(New folder) by extension 'cmake'
[5.465s] Level 1:colcon.colcon_core.package_identification:_identify(New folder) by extension 'python'
[5.465s] Level 1:colcon.colcon_core.package_identification:_identify(New folder) by extensions ['python_setup_py']
[5.465s] Level 1:colcon.colcon_core.package_identification:_identify(New folder) by extension 'python_setup_py'
[5.466s] Level 1:colcon.colcon_core.package_identification:_identify(Results) by extensions ['ignore', 'ignore_ament_install']
[5.466s] Level 1:colcon.colcon_core.package_identification:_identify(Results) by extension 'ignore'
[5.466s] Level 1:colcon.colcon_core.package_identification:_identify(Results) by extension 'ignore_ament_install'
[5.466s] Level 1:colcon.colcon_core.package_identification:_identify(Results) by extensions ['colcon_pkg']
[5.466s] Level 1:colcon.colcon_core.package_identification:_identify(Results) by extension 'colcon_pkg'
[5.466s] Level 1:colcon.colcon_core.package_identification:_identify(Results) by extensions ['colcon_meta']
[5.466s] Level 1:colcon.colcon_core.package_identification:_identify(Results) by extension 'colcon_meta'
[5.466s] Level 1:colcon.colcon_core.package_identification:_identify(Results) by extensions ['ros']
[5.466s] Level 1:colcon.colcon_core.package_identification:_identify(Results) by extension 'ros'
[5.466s] Level 1:colcon.colcon_core.package_identification:_identify(Results) by extensions ['cmake', 'python']
[5.466s] Level 1:colcon.colcon_core.package_identification:_identify(Results) by extension 'cmake'
[5.466s] Level 1:colcon.colcon_core.package_identification:_identify(Results) by extension 'python'
[5.466s] Level 1:colcon.colcon_core.package_identification:_identify(Results) by extensions ['python_setup_py']
[5.466s] Level 1:colcon.colcon_core.package_identification:_identify(Results) by extension 'python_setup_py'
[5.467s] Level 1:colcon.colcon_core.package_identification:_identify(build) by extensions ['ignore', 'ignore_ament_install']
[5.467s] Level 1:colcon.colcon_core.package_identification:_identify(build) by extension 'ignore'
[5.467s] Level 1:colcon.colcon_core.package_identification:_identify(build) ignored
[5.467s] Level 1:colcon.colcon_core.package_identification:_identify(fifteenVehs) by extensions ['ignore', 'ignore_ament_install']
[5.467s] Level 1:colcon.colcon_core.package_identification:_identify(fifteenVehs) by extension 'ignore'
[5.467s] Level 1:colcon.colcon_core.package_identification:_identify(fifteenVehs) by extension 'ignore_ament_install'
[5.467s] Level 1:colcon.colcon_core.package_identification:_identify(fifteenVehs) by extensions ['colcon_pkg']
[5.467s] Level 1:colcon.colcon_core.package_identification:_identify(fifteenVehs) by extension 'colcon_pkg'
[5.468s] Level 1:colcon.colcon_core.package_identification:_identify(fifteenVehs) by extensions ['colcon_meta']
[5.468s] Level 1:colcon.colcon_core.package_identification:_identify(fifteenVehs) by extension 'colcon_meta'
[5.468s] Level 1:colcon.colcon_core.package_identification:_identify(fifteenVehs) by extensions ['ros']
[5.468s] Level 1:colcon.colcon_core.package_identification:_identify(fifteenVehs) by extension 'ros'
[5.468s] Level 1:colcon.colcon_core.package_identification:_identify(fifteenVehs) by extensions ['cmake', 'python']
[5.468s] Level 1:colcon.colcon_core.package_identification:_identify(fifteenVehs) by extension 'cmake'
[5.468s] Level 1:colcon.colcon_core.package_identification:_identify(fifteenVehs) by extension 'python'
[5.468s] Level 1:colcon.colcon_core.package_identification:_identify(fifteenVehs) by extensions ['python_setup_py']
[5.468s] Level 1:colcon.colcon_core.package_identification:_identify(fifteenVehs) by extension 'python_setup_py'
[5.469s] Level 1:colcon.colcon_core.package_identification:_identify(fiftyVehs) by extensions ['ignore', 'ignore_ament_install']
[5.469s] Level 1:colcon.colcon_core.package_identification:_identify(fiftyVehs) by extension 'ignore'
[5.469s] Level 1:colcon.colcon_core.package_identification:_identify(fiftyVehs) by extension 'ignore_ament_install'
[5.469s] Level 1:colcon.colcon_core.package_identification:_identify(fiftyVehs) by extensions ['colcon_pkg']
[5.469s] Level 1:colcon.colcon_core.package_identification:_identify(fiftyVehs) by extension 'colcon_pkg'
[5.469s] Level 1:colcon.colcon_core.package_identification:_identify(fiftyVehs) by extensions ['colcon_meta']
[5.469s] Level 1:colcon.colcon_core.package_identification:_identify(fiftyVehs) by extension 'colcon_meta'
[5.469s] Level 1:colcon.colcon_core.package_identification:_identify(fiftyVehs) by extensions ['ros']
[5.469s] Level 1:colcon.colcon_core.package_identification:_identify(fiftyVehs) by extension 'ros'
[5.470s] Level 1:colcon.colcon_core.package_identification:_identify(fiftyVehs) by extensions ['cmake', 'python']
[5.470s] Level 1:colcon.colcon_core.package_identification:_identify(fiftyVehs) by extension 'cmake'
[5.470s] Level 1:colcon.colcon_core.package_identification:_identify(fiftyVehs) by extension 'python'
[5.470s] Level 1:colcon.colcon_core.package_identification:_identify(fiftyVehs) by extensions ['python_setup_py']
[5.470s] Level 1:colcon.colcon_core.package_identification:_identify(fiftyVehs) by extension 'python_setup_py'
[5.470s] Level 1:colcon.colcon_core.package_identification:_identify(fiftyVehs/fourWay) by extensions ['ignore', 'ignore_ament_install']
[5.470s] Level 1:colcon.colcon_core.package_identification:_identify(fiftyVehs/fourWay) by extension 'ignore'
[5.470s] Level 1:colcon.colcon_core.package_identification:_identify(fiftyVehs/fourWay) by extension 'ignore_ament_install'
[5.471s] Level 1:colcon.colcon_core.package_identification:_identify(fiftyVehs/fourWay) by extensions ['colcon_pkg']
[5.471s] Level 1:colcon.colcon_core.package_identification:_identify(fiftyVehs/fourWay) by extension 'colcon_pkg'
[5.471s] Level 1:colcon.colcon_core.package_identification:_identify(fiftyVehs/fourWay) by extensions ['colcon_meta']
[5.471s] Level 1:colcon.colcon_core.package_identification:_identify(fiftyVehs/fourWay) by extension 'colcon_meta'
[5.471s] Level 1:colcon.colcon_core.package_identification:_identify(fiftyVehs/fourWay) by extensions ['ros']
[5.471s] Level 1:colcon.colcon_core.package_identification:_identify(fiftyVehs/fourWay) by extension 'ros'
[5.471s] Level 1:colcon.colcon_core.package_identification:_identify(fiftyVehs/fourWay) by extensions ['cmake', 'python']
[5.471s] Level 1:colcon.colcon_core.package_identification:_identify(fiftyVehs/fourWay) by extension 'cmake'
[5.471s] Level 1:colcon.colcon_core.package_identification:_identify(fiftyVehs/fourWay) by extension 'python'
[5.472s] Level 1:colcon.colcon_core.package_identification:_identify(fiftyVehs/fourWay) by extensions ['python_setup_py']
[5.472s] Level 1:colcon.colcon_core.package_identification:_identify(fiftyVehs/fourWay) by extension 'python_setup_py'
[5.472s] Level 1:colcon.colcon_core.package_identification:_identify(fiftyVehs/fourWay/FIS) by extensions ['ignore', 'ignore_ament_install']
[5.472s] Level 1:colcon.colcon_core.package_identification:_identify(fiftyVehs/fourWay/FIS) by extension 'ignore'
[5.472s] Level 1:colcon.colcon_core.package_identification:_identify(fiftyVehs/fourWay/FIS) by extension 'ignore_ament_install'
[5.472s] Level 1:colcon.colcon_core.package_identification:_identify(fiftyVehs/fourWay/FIS) by extensions ['colcon_pkg']
[5.472s] Level 1:colcon.colcon_core.package_identification:_identify(fiftyVehs/fourWay/FIS) by extension 'colcon_pkg'
[5.472s] Level 1:colcon.colcon_core.package_identification:_identify(fiftyVehs/fourWay/FIS) by extensions ['colcon_meta']
[5.472s] Level 1:colcon.colcon_core.package_identification:_identify(fiftyVehs/fourWay/FIS) by extension 'colcon_meta'
[5.472s] Level 1:colcon.colcon_core.package_identification:_identify(fiftyVehs/fourWay/FIS) by extensions ['ros']
[5.472s] Level 1:colcon.colcon_core.package_identification:_identify(fiftyVehs/fourWay/FIS) by extension 'ros'
[5.473s] Level 1:colcon.colcon_core.package_identification:_identify(fiftyVehs/fourWay/FIS) by extensions ['cmake', 'python']
[5.473s] Level 1:colcon.colcon_core.package_identification:_identify(fiftyVehs/fourWay/FIS) by extension 'cmake'
[5.473s] Level 1:colcon.colcon_core.package_identification:_identify(fiftyVehs/fourWay/FIS) by extension 'python'
[5.473s] Level 1:colcon.colcon_core.package_identification:_identify(fiftyVehs/fourWay/FIS) by extensions ['python_setup_py']
[5.473s] Level 1:colcon.colcon_core.package_identification:_identify(fiftyVehs/fourWay/FIS) by extension 'python_setup_py'
[5.473s] Level 1:colcon.colcon_core.package_identification:_identify(fiftyVehs/fourWay/SpdDst) by extensions ['ignore', 'ignore_ament_install']
[5.473s] Level 1:colcon.colcon_core.package_identification:_identify(fiftyVehs/fourWay/SpdDst) by extension 'ignore'
[5.473s] Level 1:colcon.colcon_core.package_identification:_identify(fiftyVehs/fourWay/SpdDst) by extension 'ignore_ament_install'
[5.474s] Level 1:colcon.colcon_core.package_identification:_identify(fiftyVehs/fourWay/SpdDst) by extensions ['colcon_pkg']
[5.474s] Level 1:colcon.colcon_core.package_identification:_identify(fiftyVehs/fourWay/SpdDst) by extension 'colcon_pkg'
[5.474s] Level 1:colcon.colcon_core.package_identification:_identify(fiftyVehs/fourWay/SpdDst) by extensions ['colcon_meta']
[5.474s] Level 1:colcon.colcon_core.package_identification:_identify(fiftyVehs/fourWay/SpdDst) by extension 'colcon_meta'
[5.474s] Level 1:colcon.colcon_core.package_identification:_identify(fiftyVehs/fourWay/SpdDst) by extensions ['ros']
[5.474s] Level 1:colcon.colcon_core.package_identification:_identify(fiftyVehs/fourWay/SpdDst) by extension 'ros'
[5.474s] Level 1:colcon.colcon_core.package_identification:_identify(fiftyVehs/fourWay/SpdDst) by extensions ['cmake', 'python']
[5.474s] Level 1:colcon.colcon_core.package_identification:_identify(fiftyVehs/fourWay/SpdDst) by extension 'cmake'
[5.474s] Level 1:colcon.colcon_core.package_identification:_identify(fiftyVehs/fourWay/SpdDst) by extension 'python'
[5.475s] Level 1:colcon.colcon_core.package_identification:_identify(fiftyVehs/fourWay/SpdDst) by extensions ['python_setup_py']
[5.475s] Level 1:colcon.colcon_core.package_identification:_identify(fiftyVehs/fourWay/SpdDst) by extension 'python_setup_py'
[5.475s] Level 1:colcon.colcon_core.package_identification:_identify(fiftyVehs/fourWay/static) by extensions ['ignore', 'ignore_ament_install']
[5.475s] Level 1:colcon.colcon_core.package_identification:_identify(fiftyVehs/fourWay/static) by extension 'ignore'
[5.475s] Level 1:colcon.colcon_core.package_identification:_identify(fiftyVehs/fourWay/static) by extension 'ignore_ament_install'
[5.475s] Level 1:colcon.colcon_core.package_identification:_identify(fiftyVehs/fourWay/static) by extensions ['colcon_pkg']
[5.475s] Level 1:colcon.colcon_core.package_identification:_identify(fiftyVehs/fourWay/static) by extension 'colcon_pkg'
[5.476s] Level 1:colcon.colcon_core.package_identification:_identify(fiftyVehs/fourWay/static) by extensions ['colcon_meta']
[5.476s] Level 1:colcon.colcon_core.package_identification:_identify(fiftyVehs/fourWay/static) by extension 'colcon_meta'
[5.476s] Level 1:colcon.colcon_core.package_identification:_identify(fiftyVehs/fourWay/static) by extensions ['ros']
[5.476s] Level 1:colcon.colcon_core.package_identification:_identify(fiftyVehs/fourWay/static) by extension 'ros'
[5.476s] Level 1:colcon.colcon_core.package_identification:_identify(fiftyVehs/fourWay/static) by extensions ['cmake', 'python']
[5.476s] Level 1:colcon.colcon_core.package_identification:_identify(fiftyVehs/fourWay/static) by extension 'cmake'
[5.476s] Level 1:colcon.colcon_core.package_identification:_identify(fiftyVehs/fourWay/static) by extension 'python'
[5.476s] Level 1:colcon.colcon_core.package_identification:_identify(fiftyVehs/fourWay/static) by extensions ['python_setup_py']
[5.476s] Level 1:colcon.colcon_core.package_identification:_identify(fiftyVehs/fourWay/static) by extension 'python_setup_py'
[5.476s] Level 1:colcon.colcon_core.package_identification:_identify(fiftyVehs/twoWay) by extensions ['ignore', 'ignore_ament_install']
[5.477s] Level 1:colcon.colcon_core.package_identification:_identify(fiftyVehs/twoWay) by extension 'ignore'
[5.477s] Level 1:colcon.colcon_core.package_identification:_identify(fiftyVehs/twoWay) by extension 'ignore_ament_install'
[5.477s] Level 1:colcon.colcon_core.package_identification:_identify(fiftyVehs/twoWay) by extensions ['colcon_pkg']
[5.477s] Level 1:colcon.colcon_core.package_identification:_identify(fiftyVehs/twoWay) by extension 'colcon_pkg'
[5.477s] Level 1:colcon.colcon_core.package_identification:_identify(fiftyVehs/twoWay) by extensions ['colcon_meta']
[5.477s] Level 1:colcon.colcon_core.package_identification:_identify(fiftyVehs/twoWay) by extension 'colcon_meta'
[5.477s] Level 1:colcon.colcon_core.package_identification:_identify(fiftyVehs/twoWay) by extensions ['ros']
[5.477s] Level 1:colcon.colcon_core.package_identification:_identify(fiftyVehs/twoWay) by extension 'ros'
[5.477s] Level 1:colcon.colcon_core.package_identification:_identify(fiftyVehs/twoWay) by extensions ['cmake', 'python']
[5.477s] Level 1:colcon.colcon_core.package_identification:_identify(fiftyVehs/twoWay) by extension 'cmake'
[5.478s] Level 1:colcon.colcon_core.package_identification:_identify(fiftyVehs/twoWay) by extension 'python'
[5.478s] Level 1:colcon.colcon_core.package_identification:_identify(fiftyVehs/twoWay) by extensions ['python_setup_py']
[5.478s] Level 1:colcon.colcon_core.package_identification:_identify(fiftyVehs/twoWay) by extension 'python_setup_py'
[5.478s] Level 1:colcon.colcon_core.package_identification:_identify(fiftyVehs/twoWay/FIS) by extensions ['ignore', 'ignore_ament_install']
[5.478s] Level 1:colcon.colcon_core.package_identification:_identify(fiftyVehs/twoWay/FIS) by extension 'ignore'
[5.478s] Level 1:colcon.colcon_core.package_identification:_identify(fiftyVehs/twoWay/FIS) by extension 'ignore_ament_install'
[5.478s] Level 1:colcon.colcon_core.package_identification:_identify(fiftyVehs/twoWay/FIS) by extensions ['colcon_pkg']
[5.478s] Level 1:colcon.colcon_core.package_identification:_identify(fiftyVehs/twoWay/FIS) by extension 'colcon_pkg'
[5.479s] Level 1:colcon.colcon_core.package_identification:_identify(fiftyVehs/twoWay/FIS) by extensions ['colcon_meta']
[5.479s] Level 1:colcon.colcon_core.package_identification:_identify(fiftyVehs/twoWay/FIS) by extension 'colcon_meta'
[5.479s] Level 1:colcon.colcon_core.package_identification:_identify(fiftyVehs/twoWay/FIS) by extensions ['ros']
[5.479s] Level 1:colcon.colcon_core.package_identification:_identify(fiftyVehs/twoWay/FIS) by extension 'ros'
[5.479s] Level 1:colcon.colcon_core.package_identification:_identify(fiftyVehs/twoWay/FIS) by extensions ['cmake', 'python']
[5.479s] Level 1:colcon.colcon_core.package_identification:_identify(fiftyVehs/twoWay/FIS) by extension 'cmake'
[5.479s] Level 1:colcon.colcon_core.package_identification:_identify(fiftyVehs/twoWay/FIS) by extension 'python'
[5.479s] Level 1:colcon.colcon_core.package_identification:_identify(fiftyVehs/twoWay/FIS) by extensions ['python_setup_py']
[5.479s] Level 1:colcon.colcon_core.package_identification:_identify(fiftyVehs/twoWay/FIS) by extension 'python_setup_py'
[5.480s] Level 1:colcon.colcon_core.package_identification:_identify(fiftyVehs/twoWay/SouthNorth) by extensions ['ignore', 'ignore_ament_install']
[5.480s] Level 1:colcon.colcon_core.package_identification:_identify(fiftyVehs/twoWay/SouthNorth) by extension 'ignore'
[5.480s] Level 1:colcon.colcon_core.package_identification:_identify(fiftyVehs/twoWay/SouthNorth) by extension 'ignore_ament_install'
[5.480s] Level 1:colcon.colcon_core.package_identification:_identify(fiftyVehs/twoWay/SouthNorth) by extensions ['colcon_pkg']
[5.480s] Level 1:colcon.colcon_core.package_identification:_identify(fiftyVehs/twoWay/SouthNorth) by extension 'colcon_pkg'
[5.480s] Level 1:colcon.colcon_core.package_identification:_identify(fiftyVehs/twoWay/SouthNorth) by extensions ['colcon_meta']
[5.480s] Level 1:colcon.colcon_core.package_identification:_identify(fiftyVehs/twoWay/SouthNorth) by extension 'colcon_meta'
[5.481s] Level 1:colcon.colcon_core.package_identification:_identify(fiftyVehs/twoWay/SouthNorth) by extensions ['ros']
[5.481s] Level 1:colcon.colcon_core.package_identification:_identify(fiftyVehs/twoWay/SouthNorth) by extension 'ros'
[5.481s] Level 1:colcon.colcon_core.package_identification:_identify(fiftyVehs/twoWay/SouthNorth) by extensions ['cmake', 'python']
[5.481s] Level 1:colcon.colcon_core.package_identification:_identify(fiftyVehs/twoWay/SouthNorth) by extension 'cmake'
[5.481s] Level 1:colcon.colcon_core.package_identification:_identify(fiftyVehs/twoWay/SouthNorth) by extension 'python'
[5.481s] Level 1:colcon.colcon_core.package_identification:_identify(fiftyVehs/twoWay/SouthNorth) by extensions ['python_setup_py']
[5.481s] Level 1:colcon.colcon_core.package_identification:_identify(fiftyVehs/twoWay/SouthNorth) by extension 'python_setup_py'
[5.481s] Level 1:colcon.colcon_core.package_identification:_identify(fiftyVehs/twoWay/SouthNorth/FIS) by extensions ['ignore', 'ignore_ament_install']
[5.482s] Level 1:colcon.colcon_core.package_identification:_identify(fiftyVehs/twoWay/SouthNorth/FIS) by extension 'ignore'
[5.482s] Level 1:colcon.colcon_core.package_identification:_identify(fiftyVehs/twoWay/SouthNorth/FIS) by extension 'ignore_ament_install'
[5.482s] Level 1:colcon.colcon_core.package_identification:_identify(fiftyVehs/twoWay/SouthNorth/FIS) by extensions ['colcon_pkg']
[5.482s] Level 1:colcon.colcon_core.package_identification:_identify(fiftyVehs/twoWay/SouthNorth/FIS) by extension 'colcon_pkg'
[5.482s] Level 1:colcon.colcon_core.package_identification:_identify(fiftyVehs/twoWay/SouthNorth/FIS) by extensions ['colcon_meta']
[5.482s] Level 1:colcon.colcon_core.package_identification:_identify(fiftyVehs/twoWay/SouthNorth/FIS) by extension 'colcon_meta'
[5.482s] Level 1:colcon.colcon_core.package_identification:_identify(fiftyVehs/twoWay/SouthNorth/FIS) by extensions ['ros']
[5.482s] Level 1:colcon.colcon_core.package_identification:_identify(fiftyVehs/twoWay/SouthNorth/FIS) by extension 'ros'
[5.483s] Level 1:colcon.colcon_core.package_identification:_identify(fiftyVehs/twoWay/SouthNorth/FIS) by extensions ['cmake', 'python']
[5.483s] Level 1:colcon.colcon_core.package_identification:_identify(fiftyVehs/twoWay/SouthNorth/FIS) by extension 'cmake'
[5.483s] Level 1:colcon.colcon_core.package_identification:_identify(fiftyVehs/twoWay/SouthNorth/FIS) by extension 'python'
[5.483s] Level 1:colcon.colcon_core.package_identification:_identify(fiftyVehs/twoWay/SouthNorth/FIS) by extensions ['python_setup_py']
[5.483s] Level 1:colcon.colcon_core.package_identification:_identify(fiftyVehs/twoWay/SouthNorth/FIS) by extension 'python_setup_py'
[5.483s] Level 1:colcon.colcon_core.package_identification:_identify(fiftyVehs/twoWay/SouthNorth/SpdDst) by extensions ['ignore', 'ignore_ament_install']
[5.483s] Level 1:colcon.colcon_core.package_identification:_identify(fiftyVehs/twoWay/SouthNorth/SpdDst) by extension 'ignore'
[5.483s] Level 1:colcon.colcon_core.package_identification:_identify(fiftyVehs/twoWay/SouthNorth/SpdDst) by extension 'ignore_ament_install'
[5.484s] Level 1:colcon.colcon_core.package_identification:_identify(fiftyVehs/twoWay/SouthNorth/SpdDst) by extensions ['colcon_pkg']
[5.484s] Level 1:colcon.colcon_core.package_identification:_identify(fiftyVehs/twoWay/SouthNorth/SpdDst) by extension 'colcon_pkg'
[5.484s] Level 1:colcon.colcon_core.package_identification:_identify(fiftyVehs/twoWay/SouthNorth/SpdDst) by extensions ['colcon_meta']
[5.484s] Level 1:colcon.colcon_core.package_identification:_identify(fiftyVehs/twoWay/SouthNorth/SpdDst) by extension 'colcon_meta'
[5.484s] Level 1:colcon.colcon_core.package_identification:_identify(fiftyVehs/twoWay/SouthNorth/SpdDst) by extensions ['ros']
[5.484s] Level 1:colcon.colcon_core.package_identification:_identify(fiftyVehs/twoWay/SouthNorth/SpdDst) by extension 'ros'
[5.484s] Level 1:colcon.colcon_core.package_identification:_identify(fiftyVehs/twoWay/SouthNorth/SpdDst) by extensions ['cmake', 'python']
[5.484s] Level 1:colcon.colcon_core.package_identification:_identify(fiftyVehs/twoWay/SouthNorth/SpdDst) by extension 'cmake'
[5.485s] Level 1:colcon.colcon_core.package_identification:_identify(fiftyVehs/twoWay/SouthNorth/SpdDst) by extension 'python'
[5.485s] Level 1:colcon.colcon_core.package_identification:_identify(fiftyVehs/twoWay/SouthNorth/SpdDst) by extensions ['python_setup_py']
[5.485s] Level 1:colcon.colcon_core.package_identification:_identify(fiftyVehs/twoWay/SouthNorth/SpdDst) by extension 'python_setup_py'
[5.485s] Level 1:colcon.colcon_core.package_identification:_identify(fiftyVehs/twoWay/SouthNorth/Static) by extensions ['ignore', 'ignore_ament_install']
[5.485s] Level 1:colcon.colcon_core.package_identification:_identify(fiftyVehs/twoWay/SouthNorth/Static) by extension 'ignore'
[5.485s] Level 1:colcon.colcon_core.package_identification:_identify(fiftyVehs/twoWay/SouthNorth/Static) by extension 'ignore_ament_install'
[5.486s] Level 1:colcon.colcon_core.package_identification:_identify(fiftyVehs/twoWay/SouthNorth/Static) by extensions ['colcon_pkg']
[5.486s] Level 1:colcon.colcon_core.package_identification:_identify(fiftyVehs/twoWay/SouthNorth/Static) by extension 'colcon_pkg'
[5.486s] Level 1:colcon.colcon_core.package_identification:_identify(fiftyVehs/twoWay/SouthNorth/Static) by extensions ['colcon_meta']
[5.486s] Level 1:colcon.colcon_core.package_identification:_identify(fiftyVehs/twoWay/SouthNorth/Static) by extension 'colcon_meta'
[5.486s] Level 1:colcon.colcon_core.package_identification:_identify(fiftyVehs/twoWay/SouthNorth/Static) by extensions ['ros']
[5.486s] Level 1:colcon.colcon_core.package_identification:_identify(fiftyVehs/twoWay/SouthNorth/Static) by extension 'ros'
[5.486s] Level 1:colcon.colcon_core.package_identification:_identify(fiftyVehs/twoWay/SouthNorth/Static) by extensions ['cmake', 'python']
[5.486s] Level 1:colcon.colcon_core.package_identification:_identify(fiftyVehs/twoWay/SouthNorth/Static) by extension 'cmake'
[5.486s] Level 1:colcon.colcon_core.package_identification:_identify(fiftyVehs/twoWay/SouthNorth/Static) by extension 'python'
[5.487s] Level 1:colcon.colcon_core.package_identification:_identify(fiftyVehs/twoWay/SouthNorth/Static) by extensions ['python_setup_py']
[5.487s] Level 1:colcon.colcon_core.package_identification:_identify(fiftyVehs/twoWay/SouthNorth/Static) by extension 'python_setup_py'
[5.487s] Level 1:colcon.colcon_core.package_identification:_identify(fiftyVehs/twoWay/SpdDst) by extensions ['ignore', 'ignore_ament_install']
[5.487s] Level 1:colcon.colcon_core.package_identification:_identify(fiftyVehs/twoWay/SpdDst) by extension 'ignore'
[5.487s] Level 1:colcon.colcon_core.package_identification:_identify(fiftyVehs/twoWay/SpdDst) by extension 'ignore_ament_install'
[5.487s] Level 1:colcon.colcon_core.package_identification:_identify(fiftyVehs/twoWay/SpdDst) by extensions ['colcon_pkg']
[5.487s] Level 1:colcon.colcon_core.package_identification:_identify(fiftyVehs/twoWay/SpdDst) by extension 'colcon_pkg'
[5.487s] Level 1:colcon.colcon_core.package_identification:_identify(fiftyVehs/twoWay/SpdDst) by extensions ['colcon_meta']
[5.487s] Level 1:colcon.colcon_core.package_identification:_identify(fiftyVehs/twoWay/SpdDst) by extension 'colcon_meta'
[5.487s] Level 1:colcon.colcon_core.package_identification:_identify(fiftyVehs/twoWay/SpdDst) by extensions ['ros']
[5.487s] Level 1:colcon.colcon_core.package_identification:_identify(fiftyVehs/twoWay/SpdDst) by extension 'ros'
[5.488s] Level 1:colcon.colcon_core.package_identification:_identify(fiftyVehs/twoWay/SpdDst) by extensions ['cmake', 'python']
[5.488s] Level 1:colcon.colcon_core.package_identification:_identify(fiftyVehs/twoWay/SpdDst) by extension 'cmake'
[5.488s] Level 1:colcon.colcon_core.package_identification:_identify(fiftyVehs/twoWay/SpdDst) by extension 'python'
[5.488s] Level 1:colcon.colcon_core.package_identification:_identify(fiftyVehs/twoWay/SpdDst) by extensions ['python_setup_py']
[5.488s] Level 1:colcon.colcon_core.package_identification:_identify(fiftyVehs/twoWay/SpdDst) by extension 'python_setup_py'
[5.488s] Level 1:colcon.colcon_core.package_identification:_identify(fiftyVehs/twoWay/Static) by extensions ['ignore', 'ignore_ament_install']
[5.488s] Level 1:colcon.colcon_core.package_identification:_identify(fiftyVehs/twoWay/Static) by extension 'ignore'
[5.488s] Level 1:colcon.colcon_core.package_identification:_identify(fiftyVehs/twoWay/Static) by extension 'ignore_ament_install'
[5.488s] Level 1:colcon.colcon_core.package_identification:_identify(fiftyVehs/twoWay/Static) by extensions ['colcon_pkg']
[5.489s] Level 1:colcon.colcon_core.package_identification:_identify(fiftyVehs/twoWay/Static) by extension 'colcon_pkg'
[5.489s] Level 1:colcon.colcon_core.package_identification:_identify(fiftyVehs/twoWay/Static) by extensions ['colcon_meta']
[5.489s] Level 1:colcon.colcon_core.package_identification:_identify(fiftyVehs/twoWay/Static) by extension 'colcon_meta'
[5.489s] Level 1:colcon.colcon_core.package_identification:_identify(fiftyVehs/twoWay/Static) by extensions ['ros']
[5.489s] Level 1:colcon.colcon_core.package_identification:_identify(fiftyVehs/twoWay/Static) by extension 'ros'
[5.489s] Level 1:colcon.colcon_core.package_identification:_identify(fiftyVehs/twoWay/Static) by extensions ['cmake', 'python']
[5.489s] Level 1:colcon.colcon_core.package_identification:_identify(fiftyVehs/twoWay/Static) by extension 'cmake'
[5.489s] Level 1:colcon.colcon_core.package_identification:_identify(fiftyVehs/twoWay/Static) by extension 'python'
[5.489s] Level 1:colcon.colcon_core.package_identification:_identify(fiftyVehs/twoWay/Static) by extensions ['python_setup_py']
[5.489s] Level 1:colcon.colcon_core.package_identification:_identify(fiftyVehs/twoWay/Static) by extension 'python_setup_py'
[5.489s] Level 1:colcon.colcon_core.package_identification:_identify(hundredVehs) by extensions ['ignore', 'ignore_ament_install']
[5.489s] Level 1:colcon.colcon_core.package_identification:_identify(hundredVehs) by extension 'ignore'
[5.489s] Level 1:colcon.colcon_core.package_identification:_identify(hundredVehs) by extension 'ignore_ament_install'
[5.489s] Level 1:colcon.colcon_core.package_identification:_identify(hundredVehs) by extensions ['colcon_pkg']
[5.490s] Level 1:colcon.colcon_core.package_identification:_identify(hundredVehs) by extension 'colcon_pkg'
[5.490s] Level 1:colcon.colcon_core.package_identification:_identify(hundredVehs) by extensions ['colcon_meta']
[5.490s] Level 1:colcon.colcon_core.package_identification:_identify(hundredVehs) by extension 'colcon_meta'
[5.490s] Level 1:colcon.colcon_core.package_identification:_identify(hundredVehs) by extensions ['ros']
[5.490s] Level 1:colcon.colcon_core.package_identification:_identify(hundredVehs) by extension 'ros'
[5.490s] Level 1:colcon.colcon_core.package_identification:_identify(hundredVehs) by extensions ['cmake', 'python']
[5.490s] Level 1:colcon.colcon_core.package_identification:_identify(hundredVehs) by extension 'cmake'
[5.490s] Level 1:colcon.colcon_core.package_identification:_identify(hundredVehs) by extension 'python'
[5.490s] Level 1:colcon.colcon_core.package_identification:_identify(hundredVehs) by extensions ['python_setup_py']
[5.490s] Level 1:colcon.colcon_core.package_identification:_identify(hundredVehs) by extension 'python_setup_py'
[5.490s] Level 1:colcon.colcon_core.package_identification:_identify(hundredVehs/fourWay) by extensions ['ignore', 'ignore_ament_install']
[5.490s] Level 1:colcon.colcon_core.package_identification:_identify(hundredVehs/fourWay) by extension 'ignore'
[5.490s] Level 1:colcon.colcon_core.package_identification:_identify(hundredVehs/fourWay) by extension 'ignore_ament_install'
[5.491s] Level 1:colcon.colcon_core.package_identification:_identify(hundredVehs/fourWay) by extensions ['colcon_pkg']
[5.491s] Level 1:colcon.colcon_core.package_identification:_identify(hundredVehs/fourWay) by extension 'colcon_pkg'
[5.491s] Level 1:colcon.colcon_core.package_identification:_identify(hundredVehs/fourWay) by extensions ['colcon_meta']
[5.491s] Level 1:colcon.colcon_core.package_identification:_identify(hundredVehs/fourWay) by extension 'colcon_meta'
[5.491s] Level 1:colcon.colcon_core.package_identification:_identify(hundredVehs/fourWay) by extensions ['ros']
[5.491s] Level 1:colcon.colcon_core.package_identification:_identify(hundredVehs/fourWay) by extension 'ros'
[5.491s] Level 1:colcon.colcon_core.package_identification:_identify(hundredVehs/fourWay) by extensions ['cmake', 'python']
[5.491s] Level 1:colcon.colcon_core.package_identification:_identify(hundredVehs/fourWay) by extension 'cmake'
[5.491s] Level 1:colcon.colcon_core.package_identification:_identify(hundredVehs/fourWay) by extension 'python'
[5.491s] Level 1:colcon.colcon_core.package_identification:_identify(hundredVehs/fourWay) by extensions ['python_setup_py']
[5.491s] Level 1:colcon.colcon_core.package_identification:_identify(hundredVehs/fourWay) by extension 'python_setup_py'
[5.491s] Level 1:colcon.colcon_core.package_identification:_identify(hundredVehs/fourWay/FIS) by extensions ['ignore', 'ignore_ament_install']
[5.491s] Level 1:colcon.colcon_core.package_identification:_identify(hundredVehs/fourWay/FIS) by extension 'ignore'
[5.491s] Level 1:colcon.colcon_core.package_identification:_identify(hundredVehs/fourWay/FIS) by extension 'ignore_ament_install'
[5.492s] Level 1:colcon.colcon_core.package_identification:_identify(hundredVehs/fourWay/FIS) by extensions ['colcon_pkg']
[5.492s] Level 1:colcon.colcon_core.package_identification:_identify(hundredVehs/fourWay/FIS) by extension 'colcon_pkg'
[5.492s] Level 1:colcon.colcon_core.package_identification:_identify(hundredVehs/fourWay/FIS) by extensions ['colcon_meta']
[5.492s] Level 1:colcon.colcon_core.package_identification:_identify(hundredVehs/fourWay/FIS) by extension 'colcon_meta'
[5.492s] Level 1:colcon.colcon_core.package_identification:_identify(hundredVehs/fourWay/FIS) by extensions ['ros']
[5.492s] Level 1:colcon.colcon_core.package_identification:_identify(hundredVehs/fourWay/FIS) by extension 'ros'
[5.492s] Level 1:colcon.colcon_core.package_identification:_identify(hundredVehs/fourWay/FIS) by extensions ['cmake', 'python']
[5.492s] Level 1:colcon.colcon_core.package_identification:_identify(hundredVehs/fourWay/FIS) by extension 'cmake'
[5.492s] Level 1:colcon.colcon_core.package_identification:_identify(hundredVehs/fourWay/FIS) by extension 'python'
[5.492s] Level 1:colcon.colcon_core.package_identification:_identify(hundredVehs/fourWay/FIS) by extensions ['python_setup_py']
[5.492s] Level 1:colcon.colcon_core.package_identification:_identify(hundredVehs/fourWay/FIS) by extension 'python_setup_py'
[5.492s] Level 1:colcon.colcon_core.package_identification:_identify(hundredVehs/fourWay/SpdDst) by extensions ['ignore', 'ignore_ament_install']
[5.492s] Level 1:colcon.colcon_core.package_identification:_identify(hundredVehs/fourWay/SpdDst) by extension 'ignore'
[5.493s] Level 1:colcon.colcon_core.package_identification:_identify(hundredVehs/fourWay/SpdDst) by extension 'ignore_ament_install'
[5.493s] Level 1:colcon.colcon_core.package_identification:_identify(hundredVehs/fourWay/SpdDst) by extensions ['colcon_pkg']
[5.493s] Level 1:colcon.colcon_core.package_identification:_identify(hundredVehs/fourWay/SpdDst) by extension 'colcon_pkg'
[5.493s] Level 1:colcon.colcon_core.package_identification:_identify(hundredVehs/fourWay/SpdDst) by extensions ['colcon_meta']
[5.493s] Level 1:colcon.colcon_core.package_identification:_identify(hundredVehs/fourWay/SpdDst) by extension 'colcon_meta'
[5.493s] Level 1:colcon.colcon_core.package_identification:_identify(hundredVehs/fourWay/SpdDst) by extensions ['ros']
[5.493s] Level 1:colcon.colcon_core.package_identification:_identify(hundredVehs/fourWay/SpdDst) by extension 'ros'
[5.493s] Level 1:colcon.colcon_core.package_identification:_identify(hundredVehs/fourWay/SpdDst) by extensions ['cmake', 'python']
[5.493s] Level 1:colcon.colcon_core.package_identification:_identify(hundredVehs/fourWay/SpdDst) by extension 'cmake'
[5.493s] Level 1:colcon.colcon_core.package_identification:_identify(hundredVehs/fourWay/SpdDst) by extension 'python'
[5.493s] Level 1:colcon.colcon_core.package_identification:_identify(hundredVehs/fourWay/SpdDst) by extensions ['python_setup_py']
[5.493s] Level 1:colcon.colcon_core.package_identification:_identify(hundredVehs/fourWay/SpdDst) by extension 'python_setup_py'
[5.493s] Level 1:colcon.colcon_core.package_identification:_identify(hundredVehs/fourWay/Static) by extensions ['ignore', 'ignore_ament_install']
[5.494s] Level 1:colcon.colcon_core.package_identification:_identify(hundredVehs/fourWay/Static) by extension 'ignore'
[5.494s] Level 1:colcon.colcon_core.package_identification:_identify(hundredVehs/fourWay/Static) by extension 'ignore_ament_install'
[5.494s] Level 1:colcon.colcon_core.package_identification:_identify(hundredVehs/fourWay/Static) by extensions ['colcon_pkg']
[5.494s] Level 1:colcon.colcon_core.package_identification:_identify(hundredVehs/fourWay/Static) by extension 'colcon_pkg'
[5.494s] Level 1:colcon.colcon_core.package_identification:_identify(hundredVehs/fourWay/Static) by extensions ['colcon_meta']
[5.494s] Level 1:colcon.colcon_core.package_identification:_identify(hundredVehs/fourWay/Static) by extension 'colcon_meta'
[5.494s] Level 1:colcon.colcon_core.package_identification:_identify(hundredVehs/fourWay/Static) by extensions ['ros']
[5.494s] Level 1:colcon.colcon_core.package_identification:_identify(hundredVehs/fourWay/Static) by extension 'ros'
[5.494s] Level 1:colcon.colcon_core.package_identification:_identify(hundredVehs/fourWay/Static) by extensions ['cmake', 'python']
[5.494s] Level 1:colcon.colcon_core.package_identification:_identify(hundredVehs/fourWay/Static) by extension 'cmake'
[5.494s] Level 1:colcon.colcon_core.package_identification:_identify(hundredVehs/fourWay/Static) by extension 'python'
[5.494s] Level 1:colcon.colcon_core.package_identification:_identify(hundredVehs/fourWay/Static) by extensions ['python_setup_py']
[5.494s] Level 1:colcon.colcon_core.package_identification:_identify(hundredVehs/fourWay/Static) by extension 'python_setup_py'
[5.495s] Level 1:colcon.colcon_core.package_identification:_identify(hundredVehs/twoWay) by extensions ['ignore', 'ignore_ament_install']
[5.495s] Level 1:colcon.colcon_core.package_identification:_identify(hundredVehs/twoWay) by extension 'ignore'
[5.495s] Level 1:colcon.colcon_core.package_identification:_identify(hundredVehs/twoWay) by extension 'ignore_ament_install'
[5.495s] Level 1:colcon.colcon_core.package_identification:_identify(hundredVehs/twoWay) by extensions ['colcon_pkg']
[5.495s] Level 1:colcon.colcon_core.package_identification:_identify(hundredVehs/twoWay) by extension 'colcon_pkg'
[5.495s] Level 1:colcon.colcon_core.package_identification:_identify(hundredVehs/twoWay) by extensions ['colcon_meta']
[5.495s] Level 1:colcon.colcon_core.package_identification:_identify(hundredVehs/twoWay) by extension 'colcon_meta'
[5.495s] Level 1:colcon.colcon_core.package_identification:_identify(hundredVehs/twoWay) by extensions ['ros']
[5.495s] Level 1:colcon.colcon_core.package_identification:_identify(hundredVehs/twoWay) by extension 'ros'
[5.496s] Level 1:colcon.colcon_core.package_identification:_identify(hundredVehs/twoWay) by extensions ['cmake', 'python']
[5.496s] Level 1:colcon.colcon_core.package_identification:_identify(hundredVehs/twoWay) by extension 'cmake'
[5.496s] Level 1:colcon.colcon_core.package_identification:_identify(hundredVehs/twoWay) by extension 'python'
[5.496s] Level 1:colcon.colcon_core.package_identification:_identify(hundredVehs/twoWay) by extensions ['python_setup_py']
[5.496s] Level 1:colcon.colcon_core.package_identification:_identify(hundredVehs/twoWay) by extension 'python_setup_py'
[5.496s] Level 1:colcon.colcon_core.package_identification:_identify(hundredVehs/twoWay/FIS) by extensions ['ignore', 'ignore_ament_install']
[5.496s] Level 1:colcon.colcon_core.package_identification:_identify(hundredVehs/twoWay/FIS) by extension 'ignore'
[5.496s] Level 1:colcon.colcon_core.package_identification:_identify(hundredVehs/twoWay/FIS) by extension 'ignore_ament_install'
[5.497s] Level 1:colcon.colcon_core.package_identification:_identify(hundredVehs/twoWay/FIS) by extensions ['colcon_pkg']
[5.497s] Level 1:colcon.colcon_core.package_identification:_identify(hundredVehs/twoWay/FIS) by extension 'colcon_pkg'
[5.497s] Level 1:colcon.colcon_core.package_identification:_identify(hundredVehs/twoWay/FIS) by extensions ['colcon_meta']
[5.497s] Level 1:colcon.colcon_core.package_identification:_identify(hundredVehs/twoWay/FIS) by extension 'colcon_meta'
[5.497s] Level 1:colcon.colcon_core.package_identification:_identify(hundredVehs/twoWay/FIS) by extensions ['ros']
[5.497s] Level 1:colcon.colcon_core.package_identification:_identify(hundredVehs/twoWay/FIS) by extension 'ros'
[5.497s] Level 1:colcon.colcon_core.package_identification:_identify(hundredVehs/twoWay/FIS) by extensions ['cmake', 'python']
[5.497s] Level 1:colcon.colcon_core.package_identification:_identify(hundredVehs/twoWay/FIS) by extension 'cmake'
[5.497s] Level 1:colcon.colcon_core.package_identification:_identify(hundredVehs/twoWay/FIS) by extension 'python'
[5.497s] Level 1:colcon.colcon_core.package_identification:_identify(hundredVehs/twoWay/FIS) by extensions ['python_setup_py']
[5.497s] Level 1:colcon.colcon_core.package_identification:_identify(hundredVehs/twoWay/FIS) by extension 'python_setup_py'
[5.498s] Level 1:colcon.colcon_core.package_identification:_identify(hundredVehs/twoWay/NorthSouth) by extensions ['ignore', 'ignore_ament_install']
[5.498s] Level 1:colcon.colcon_core.package_identification:_identify(hundredVehs/twoWay/NorthSouth) by extension 'ignore'
[5.498s] Level 1:colcon.colcon_core.package_identification:_identify(hundredVehs/twoWay/NorthSouth) by extension 'ignore_ament_install'
[5.498s] Level 1:colcon.colcon_core.package_identification:_identify(hundredVehs/twoWay/NorthSouth) by extensions ['colcon_pkg']
[5.498s] Level 1:colcon.colcon_core.package_identification:_identify(hundredVehs/twoWay/NorthSouth) by extension 'colcon_pkg'
[5.498s] Level 1:colcon.colcon_core.package_identification:_identify(hundredVehs/twoWay/NorthSouth) by extensions ['colcon_meta']
[5.498s] Level 1:colcon.colcon_core.package_identification:_identify(hundredVehs/twoWay/NorthSouth) by extension 'colcon_meta'
[5.498s] Level 1:colcon.colcon_core.package_identification:_identify(hundredVehs/twoWay/NorthSouth) by extensions ['ros']
[5.499s] Level 1:colcon.colcon_core.package_identification:_identify(hundredVehs/twoWay/NorthSouth) by extension 'ros'
[5.499s] Level 1:colcon.colcon_core.package_identification:_identify(hundredVehs/twoWay/NorthSouth) by extensions ['cmake', 'python']
[5.499s] Level 1:colcon.colcon_core.package_identification:_identify(hundredVehs/twoWay/NorthSouth) by extension 'cmake'
[5.499s] Level 1:colcon.colcon_core.package_identification:_identify(hundredVehs/twoWay/NorthSouth) by extension 'python'
[5.499s] Level 1:colcon.colcon_core.package_identification:_identify(hundredVehs/twoWay/NorthSouth) by extensions ['python_setup_py']
[5.499s] Level 1:colcon.colcon_core.package_identification:_identify(hundredVehs/twoWay/NorthSouth) by extension 'python_setup_py'
[5.499s] Level 1:colcon.colcon_core.package_identification:_identify(hundredVehs/twoWay/NorthSouth/FIS) by extensions ['ignore', 'ignore_ament_install']
[5.499s] Level 1:colcon.colcon_core.package_identification:_identify(hundredVehs/twoWay/NorthSouth/FIS) by extension 'ignore'
[5.499s] Level 1:colcon.colcon_core.package_identification:_identify(hundredVehs/twoWay/NorthSouth/FIS) by extension 'ignore_ament_install'
[5.500s] Level 1:colcon.colcon_core.package_identification:_identify(hundredVehs/twoWay/NorthSouth/FIS) by extensions ['colcon_pkg']
[5.500s] Level 1:colcon.colcon_core.package_identification:_identify(hundredVehs/twoWay/NorthSouth/FIS) by extension 'colcon_pkg'
[5.500s] Level 1:colcon.colcon_core.package_identification:_identify(hundredVehs/twoWay/NorthSouth/FIS) by extensions ['colcon_meta']
[5.500s] Level 1:colcon.colcon_core.package_identification:_identify(hundredVehs/twoWay/NorthSouth/FIS) by extension 'colcon_meta'
[5.500s] Level 1:colcon.colcon_core.package_identification:_identify(hundredVehs/twoWay/NorthSouth/FIS) by extensions ['ros']
[5.500s] Level 1:colcon.colcon_core.package_identification:_identify(hundredVehs/twoWay/NorthSouth/FIS) by extension 'ros'
[5.500s] Level 1:colcon.colcon_core.package_identification:_identify(hundredVehs/twoWay/NorthSouth/FIS) by extensions ['cmake', 'python']
[5.500s] Level 1:colcon.colcon_core.package_identification:_identify(hundredVehs/twoWay/NorthSouth/FIS) by extension 'cmake'
[5.500s] Level 1:colcon.colcon_core.package_identification:_identify(hundredVehs/twoWay/NorthSouth/FIS) by extension 'python'
[5.500s] Level 1:colcon.colcon_core.package_identification:_identify(hundredVehs/twoWay/NorthSouth/FIS) by extensions ['python_setup_py']
[5.501s] Level 1:colcon.colcon_core.package_identification:_identify(hundredVehs/twoWay/NorthSouth/FIS) by extension 'python_setup_py'
[5.501s] Level 1:colcon.colcon_core.package_identification:_identify(hundredVehs/twoWay/NorthSouth/SpdDst) by extensions ['ignore', 'ignore_ament_install']
[5.501s] Level 1:colcon.colcon_core.package_identification:_identify(hundredVehs/twoWay/NorthSouth/SpdDst) by extension 'ignore'
[5.501s] Level 1:colcon.colcon_core.package_identification:_identify(hundredVehs/twoWay/NorthSouth/SpdDst) by extension 'ignore_ament_install'
[5.501s] Level 1:colcon.colcon_core.package_identification:_identify(hundredVehs/twoWay/NorthSouth/SpdDst) by extensions ['colcon_pkg']
[5.501s] Level 1:colcon.colcon_core.package_identification:_identify(hundredVehs/twoWay/NorthSouth/SpdDst) by extension 'colcon_pkg'
[5.501s] Level 1:colcon.colcon_core.package_identification:_identify(hundredVehs/twoWay/NorthSouth/SpdDst) by extensions ['colcon_meta']
[5.501s] Level 1:colcon.colcon_core.package_identification:_identify(hundredVehs/twoWay/NorthSouth/SpdDst) by extension 'colcon_meta'
[5.501s] Level 1:colcon.colcon_core.package_identification:_identify(hundredVehs/twoWay/NorthSouth/SpdDst) by extensions ['ros']
[5.501s] Level 1:colcon.colcon_core.package_identification:_identify(hundredVehs/twoWay/NorthSouth/SpdDst) by extension 'ros'
[5.501s] Level 1:colcon.colcon_core.package_identification:_identify(hundredVehs/twoWay/NorthSouth/SpdDst) by extensions ['cmake', 'python']
[5.501s] Level 1:colcon.colcon_core.package_identification:_identify(hundredVehs/twoWay/NorthSouth/SpdDst) by extension 'cmake'
[5.502s] Level 1:colcon.colcon_core.package_identification:_identify(hundredVehs/twoWay/NorthSouth/SpdDst) by extension 'python'
[5.502s] Level 1:colcon.colcon_core.package_identification:_identify(hundredVehs/twoWay/NorthSouth/SpdDst) by extensions ['python_setup_py']
[5.502s] Level 1:colcon.colcon_core.package_identification:_identify(hundredVehs/twoWay/NorthSouth/SpdDst) by extension 'python_setup_py'
[5.502s] Level 1:colcon.colcon_core.package_identification:_identify(hundredVehs/twoWay/NorthSouth/Static) by extensions ['ignore', 'ignore_ament_install']
[5.502s] Level 1:colcon.colcon_core.package_identification:_identify(hundredVehs/twoWay/NorthSouth/Static) by extension 'ignore'
[5.502s] Level 1:colcon.colcon_core.package_identification:_identify(hundredVehs/twoWay/NorthSouth/Static) by extension 'ignore_ament_install'
[5.502s] Level 1:colcon.colcon_core.package_identification:_identify(hundredVehs/twoWay/NorthSouth/Static) by extensions ['colcon_pkg']
[5.502s] Level 1:colcon.colcon_core.package_identification:_identify(hundredVehs/twoWay/NorthSouth/Static) by extension 'colcon_pkg'
[5.503s] Level 1:colcon.colcon_core.package_identification:_identify(hundredVehs/twoWay/NorthSouth/Static) by extensions ['colcon_meta']
[5.503s] Level 1:colcon.colcon_core.package_identification:_identify(hundredVehs/twoWay/NorthSouth/Static) by extension 'colcon_meta'
[5.503s] Level 1:colcon.colcon_core.package_identification:_identify(hundredVehs/twoWay/NorthSouth/Static) by extensions ['ros']
[5.503s] Level 1:colcon.colcon_core.package_identification:_identify(hundredVehs/twoWay/NorthSouth/Static) by extension 'ros'
[5.503s] Level 1:colcon.colcon_core.package_identification:_identify(hundredVehs/twoWay/NorthSouth/Static) by extensions ['cmake', 'python']
[5.503s] Level 1:colcon.colcon_core.package_identification:_identify(hundredVehs/twoWay/NorthSouth/Static) by extension 'cmake'
[5.503s] Level 1:colcon.colcon_core.package_identification:_identify(hundredVehs/twoWay/NorthSouth/Static) by extension 'python'
[5.503s] Level 1:colcon.colcon_core.package_identification:_identify(hundredVehs/twoWay/NorthSouth/Static) by extensions ['python_setup_py']
[5.503s] Level 1:colcon.colcon_core.package_identification:_identify(hundredVehs/twoWay/NorthSouth/Static) by extension 'python_setup_py'
[5.504s] Level 1:colcon.colcon_core.package_identification:_identify(hundredVehs/twoWay/SpdDst) by extensions ['ignore', 'ignore_ament_install']
[5.504s] Level 1:colcon.colcon_core.package_identification:_identify(hundredVehs/twoWay/SpdDst) by extension 'ignore'
[5.504s] Level 1:colcon.colcon_core.package_identification:_identify(hundredVehs/twoWay/SpdDst) by extension 'ignore_ament_install'
[5.504s] Level 1:colcon.colcon_core.package_identification:_identify(hundredVehs/twoWay/SpdDst) by extensions ['colcon_pkg']
[5.504s] Level 1:colcon.colcon_core.package_identification:_identify(hundredVehs/twoWay/SpdDst) by extension 'colcon_pkg'
[5.504s] Level 1:colcon.colcon_core.package_identification:_identify(hundredVehs/twoWay/SpdDst) by extensions ['colcon_meta']
[5.504s] Level 1:colcon.colcon_core.package_identification:_identify(hundredVehs/twoWay/SpdDst) by extension 'colcon_meta'
[5.504s] Level 1:colcon.colcon_core.package_identification:_identify(hundredVehs/twoWay/SpdDst) by extensions ['ros']
[5.504s] Level 1:colcon.colcon_core.package_identification:_identify(hundredVehs/twoWay/SpdDst) by extension 'ros'
[5.505s] Level 1:colcon.colcon_core.package_identification:_identify(hundredVehs/twoWay/SpdDst) by extensions ['cmake', 'python']
[5.505s] Level 1:colcon.colcon_core.package_identification:_identify(hundredVehs/twoWay/SpdDst) by extension 'cmake'
[5.505s] Level 1:colcon.colcon_core.package_identification:_identify(hundredVehs/twoWay/SpdDst) by extension 'python'
[5.505s] Level 1:colcon.colcon_core.package_identification:_identify(hundredVehs/twoWay/SpdDst) by extensions ['python_setup_py']
[5.505s] Level 1:colcon.colcon_core.package_identification:_identify(hundredVehs/twoWay/SpdDst) by extension 'python_setup_py'
[5.505s] Level 1:colcon.colcon_core.package_identification:_identify(hundredVehs/twoWay/Static) by extensions ['ignore', 'ignore_ament_install']
[5.505s] Level 1:colcon.colcon_core.package_identification:_identify(hundredVehs/twoWay/Static) by extension 'ignore'
[5.505s] Level 1:colcon.colcon_core.package_identification:_identify(hundredVehs/twoWay/Static) by extension 'ignore_ament_install'
[5.505s] Level 1:colcon.colcon_core.package_identification:_identify(hundredVehs/twoWay/Static) by extensions ['colcon_pkg']
[5.506s] Level 1:colcon.colcon_core.package_identification:_identify(hundredVehs/twoWay/Static) by extension 'colcon_pkg'
[5.506s] Level 1:colcon.colcon_core.package_identification:_identify(hundredVehs/twoWay/Static) by extensions ['colcon_meta']
[5.506s] Level 1:colcon.colcon_core.package_identification:_identify(hundredVehs/twoWay/Static) by extension 'colcon_meta'
[5.506s] Level 1:colcon.colcon_core.package_identification:_identify(hundredVehs/twoWay/Static) by extensions ['ros']
[5.506s] Level 1:colcon.colcon_core.package_identification:_identify(hundredVehs/twoWay/Static) by extension 'ros'
[5.506s] Level 1:colcon.colcon_core.package_identification:_identify(hundredVehs/twoWay/Static) by extensions ['cmake', 'python']
[5.506s] Level 1:colcon.colcon_core.package_identification:_identify(hundredVehs/twoWay/Static) by extension 'cmake'
[5.506s] Level 1:colcon.colcon_core.package_identification:_identify(hundredVehs/twoWay/Static) by extension 'python'
[5.506s] Level 1:colcon.colcon_core.package_identification:_identify(hundredVehs/twoWay/Static) by extensions ['python_setup_py']
[5.506s] Level 1:colcon.colcon_core.package_identification:_identify(hundredVehs/twoWay/Static) by extension 'python_setup_py'
[5.506s] Level 1:colcon.colcon_core.package_identification:_identify(install) by extensions ['ignore', 'ignore_ament_install']
[5.507s] Level 1:colcon.colcon_core.package_identification:_identify(install) by extension 'ignore'
[5.507s] Level 1:colcon.colcon_core.package_identification:_identify(install) ignored
[5.507s] Level 1:colcon.colcon_core.package_identification:_identify(log) by extensions ['ignore', 'ignore_ament_install']
[5.507s] Level 1:colcon.colcon_core.package_identification:_identify(log) by extension 'ignore'
[5.507s] Level 1:colcon.colcon_core.package_identification:_identify(log) ignored
[5.508s] Level 1:colcon.colcon_core.package_identification:_identify(src) by extensions ['ignore', 'ignore_ament_install']
[5.508s] Level 1:colcon.colcon_core.package_identification:_identify(src) by extension 'ignore'
[5.508s] Level 1:colcon.colcon_core.package_identification:_identify(src) by extension 'ignore_ament_install'
[5.508s] Level 1:colcon.colcon_core.package_identification:_identify(src) by extensions ['colcon_pkg']
[5.508s] Level 1:colcon.colcon_core.package_identification:_identify(src) by extension 'colcon_pkg'
[5.508s] Level 1:colcon.colcon_core.package_identification:_identify(src) by extensions ['colcon_meta']
[5.508s] Level 1:colcon.colcon_core.package_identification:_identify(src) by extension 'colcon_meta'
[5.508s] Level 1:colcon.colcon_core.package_identification:_identify(src) by extensions ['ros']
[5.508s] Level 1:colcon.colcon_core.package_identification:_identify(src) by extension 'ros'
[5.509s] Level 1:colcon.colcon_core.package_identification:_identify(src) by extensions ['cmake', 'python']
[5.509s] Level 1:colcon.colcon_core.package_identification:_identify(src) by extension 'cmake'
[5.509s] Level 1:colcon.colcon_core.package_identification:_identify(src) by extension 'python'
[5.509s] Level 1:colcon.colcon_core.package_identification:_identify(src) by extensions ['python_setup_py']
[5.509s] Level 1:colcon.colcon_core.package_identification:_identify(src) by extension 'python_setup_py'
[5.509s] Level 1:colcon.colcon_core.package_identification:_identify(src/cim) by extensions ['ignore', 'ignore_ament_install']
[5.509s] Level 1:colcon.colcon_core.package_identification:_identify(src/cim) by extension 'ignore'
[5.509s] Level 1:colcon.colcon_core.package_identification:_identify(src/cim) by extension 'ignore_ament_install'
[5.509s] Level 1:colcon.colcon_core.package_identification:_identify(src/cim) by extensions ['colcon_pkg']
[5.509s] Level 1:colcon.colcon_core.package_identification:_identify(src/cim) by extension 'colcon_pkg'
[5.510s] Level 1:colcon.colcon_core.package_identification:_identify(src/cim) by extensions ['colcon_meta']
[5.510s] Level 1:colcon.colcon_core.package_identification:_identify(src/cim) by extension 'colcon_meta'
[5.510s] Level 1:colcon.colcon_core.package_identification:_identify(src/cim) by extensions ['ros']
[5.510s] Level 1:colcon.colcon_core.package_identification:_identify(src/cim) by extension 'ros'
[5.518s] DEBUG:colcon.colcon_core.package_identification:Package 'src/cim' with type 'ros.ament_python' and name 'cim'
[5.518s] Level 1:colcon.colcon_core.package_identification:_identify(src/dsrcmsg) by extensions ['ignore', 'ignore_ament_install']
[5.519s] Level 1:colcon.colcon_core.package_identification:_identify(src/dsrcmsg) by extension 'ignore'
[5.519s] Level 1:colcon.colcon_core.package_identification:_identify(src/dsrcmsg) by extension 'ignore_ament_install'
[5.519s] Level 1:colcon.colcon_core.package_identification:_identify(src/dsrcmsg) by extensions ['colcon_pkg']
[5.519s] Level 1:colcon.colcon_core.package_identification:_identify(src/dsrcmsg) by extension 'colcon_pkg'
[5.519s] Level 1:colcon.colcon_core.package_identification:_identify(src/dsrcmsg) by extensions ['colcon_meta']
[5.519s] Level 1:colcon.colcon_core.package_identification:_identify(src/dsrcmsg) by extension 'colcon_meta'
[5.519s] Level 1:colcon.colcon_core.package_identification:_identify(src/dsrcmsg) by extensions ['ros']
[5.519s] Level 1:colcon.colcon_core.package_identification:_identify(src/dsrcmsg) by extension 'ros'
[5.520s] DEBUG:colcon.colcon_core.package_identification:Package 'src/dsrcmsg' with type 'ros.ament_cmake' and name 'dsrcmsg'
[5.520s] Level 1:colcon.colcon_core.package_identification:_identify(src/onecim) by extensions ['ignore', 'ignore_ament_install']
[5.520s] Level 1:colcon.colcon_core.package_identification:_identify(src/onecim) by extension 'ignore'
[5.520s] Level 1:colcon.colcon_core.package_identification:_identify(src/onecim) by extension 'ignore_ament_install'
[5.520s] Level 1:colcon.colcon_core.package_identification:_identify(src/onecim) by extensions ['colcon_pkg']
[5.520s] Level 1:colcon.colcon_core.package_identification:_identify(src/onecim) by extension 'colcon_pkg'
[5.520s] Level 1:colcon.colcon_core.package_identification:_identify(src/onecim) by extensions ['colcon_meta']
[5.520s] Level 1:colcon.colcon_core.package_identification:_identify(src/onecim) by extension 'colcon_meta'
[5.521s] Level 1:colcon.colcon_core.package_identification:_identify(src/onecim) by extensions ['ros']
[5.521s] Level 1:colcon.colcon_core.package_identification:_identify(src/onecim) by extension 'ros'
[5.522s] DEBUG:colcon.colcon_core.package_identification:Package 'src/onecim' with type 'ros.ament_python' and name 'onecim'
[5.522s] Level 1:colcon.colcon_core.package_identification:_identify(src/reactivemethods) by extensions ['ignore', 'ignore_ament_install']
[5.522s] Level 1:colcon.colcon_core.package_identification:_identify(src/reactivemethods) by extension 'ignore'
[5.522s] Level 1:colcon.colcon_core.package_identification:_identify(src/reactivemethods) by extension 'ignore_ament_install'
[5.522s] Level 1:colcon.colcon_core.package_identification:_identify(src/reactivemethods) by extensions ['colcon_pkg']
[5.522s] Level 1:colcon.colcon_core.package_identification:_identify(src/reactivemethods) by extension 'colcon_pkg'
[5.522s] Level 1:colcon.colcon_core.package_identification:_identify(src/reactivemethods) by extensions ['colcon_meta']
[5.523s] Level 1:colcon.colcon_core.package_identification:_identify(src/reactivemethods) by extension 'colcon_meta'
[5.523s] Level 1:colcon.colcon_core.package_identification:_identify(src/reactivemethods) by extensions ['ros']
[5.523s] Level 1:colcon.colcon_core.package_identification:_identify(src/reactivemethods) by extension 'ros'
[5.523s] DEBUG:colcon.colcon_core.package_identification:Package 'src/reactivemethods' with type 'ros.ament_python' and name 'reactivemethods'
[5.524s] Level 1:colcon.colcon_core.package_identification:_identify(src/trafficrecord) by extensions ['ignore', 'ignore_ament_install']
[5.524s] Level 1:colcon.colcon_core.package_identification:_identify(src/trafficrecord) by extension 'ignore'
[5.524s] Level 1:colcon.colcon_core.package_identification:_identify(src/trafficrecord) by extension 'ignore_ament_install'
[5.524s] Level 1:colcon.colcon_core.package_identification:_identify(src/trafficrecord) by extensions ['colcon_pkg']
[5.524s] Level 1:colcon.colcon_core.package_identification:_identify(src/trafficrecord) by extension 'colcon_pkg'
[5.524s] Level 1:colcon.colcon_core.package_identification:_identify(src/trafficrecord) by extensions ['colcon_meta']
[5.524s] Level 1:colcon.colcon_core.package_identification:_identify(src/trafficrecord) by extension 'colcon_meta'
[5.524s] Level 1:colcon.colcon_core.package_identification:_identify(src/trafficrecord) by extensions ['ros']
[5.524s] Level 1:colcon.colcon_core.package_identification:_identify(src/trafficrecord) by extension 'ros'
[5.525s] DEBUG:colcon.colcon_core.package_identification:Package 'src/trafficrecord' with type 'ros.ament_cmake' and name 'trafficrecord'
[5.525s] Level 1:colcon.colcon_core.package_identification:_identify(twoHundred) by extensions ['ignore', 'ignore_ament_install']
[5.525s] Level 1:colcon.colcon_core.package_identification:_identify(twoHundred) by extension 'ignore'
[5.525s] Level 1:colcon.colcon_core.package_identification:_identify(twoHundred) by extension 'ignore_ament_install'
[5.525s] Level 1:colcon.colcon_core.package_identification:_identify(twoHundred) by extensions ['colcon_pkg']
[5.525s] Level 1:colcon.colcon_core.package_identification:_identify(twoHundred) by extension 'colcon_pkg'
[5.525s] Level 1:colcon.colcon_core.package_identification:_identify(twoHundred) by extensions ['colcon_meta']
[5.525s] Level 1:colcon.colcon_core.package_identification:_identify(twoHundred) by extension 'colcon_meta'
[5.525s] Level 1:colcon.colcon_core.package_identification:_identify(twoHundred) by extensions ['ros']
[5.525s] Level 1:colcon.colcon_core.package_identification:_identify(twoHundred) by extension 'ros'
[5.525s] Level 1:colcon.colcon_core.package_identification:_identify(twoHundred) by extensions ['cmake', 'python']
[5.525s] Level 1:colcon.colcon_core.package_identification:_identify(twoHundred) by extension 'cmake'
[5.525s] Level 1:colcon.colcon_core.package_identification:_identify(twoHundred) by extension 'python'
[5.526s] Level 1:colcon.colcon_core.package_identification:_identify(twoHundred) by extensions ['python_setup_py']
[5.526s] Level 1:colcon.colcon_core.package_identification:_identify(twoHundred) by extension 'python_setup_py'
[5.526s] Level 1:colcon.colcon_core.package_identification:_identify(twoHundred/fourWay) by extensions ['ignore', 'ignore_ament_install']
[5.526s] Level 1:colcon.colcon_core.package_identification:_identify(twoHundred/fourWay) by extension 'ignore'
[5.526s] Level 1:colcon.colcon_core.package_identification:_identify(twoHundred/fourWay) by extension 'ignore_ament_install'
[5.526s] Level 1:colcon.colcon_core.package_identification:_identify(twoHundred/fourWay) by extensions ['colcon_pkg']
[5.526s] Level 1:colcon.colcon_core.package_identification:_identify(twoHundred/fourWay) by extension 'colcon_pkg'
[5.526s] Level 1:colcon.colcon_core.package_identification:_identify(twoHundred/fourWay) by extensions ['colcon_meta']
[5.526s] Level 1:colcon.colcon_core.package_identification:_identify(twoHundred/fourWay) by extension 'colcon_meta'
[5.526s] Level 1:colcon.colcon_core.package_identification:_identify(twoHundred/fourWay) by extensions ['ros']
[5.526s] Level 1:colcon.colcon_core.package_identification:_identify(twoHundred/fourWay) by extension 'ros'
[5.526s] Level 1:colcon.colcon_core.package_identification:_identify(twoHundred/fourWay) by extensions ['cmake', 'python']
[5.526s] Level 1:colcon.colcon_core.package_identification:_identify(twoHundred/fourWay) by extension 'cmake'
[5.526s] Level 1:colcon.colcon_core.package_identification:_identify(twoHundred/fourWay) by extension 'python'
[5.526s] Level 1:colcon.colcon_core.package_identification:_identify(twoHundred/fourWay) by extensions ['python_setup_py']
[5.526s] Level 1:colcon.colcon_core.package_identification:_identify(twoHundred/fourWay) by extension 'python_setup_py'
[5.527s] Level 1:colcon.colcon_core.package_identification:_identify(twoHundred/fourWay/FIS) by extensions ['ignore', 'ignore_ament_install']
[5.527s] Level 1:colcon.colcon_core.package_identification:_identify(twoHundred/fourWay/FIS) by extension 'ignore'
[5.527s] Level 1:colcon.colcon_core.package_identification:_identify(twoHundred/fourWay/FIS) by extension 'ignore_ament_install'
[5.527s] Level 1:colcon.colcon_core.package_identification:_identify(twoHundred/fourWay/FIS) by extensions ['colcon_pkg']
[5.527s] Level 1:colcon.colcon_core.package_identification:_identify(twoHundred/fourWay/FIS) by extension 'colcon_pkg'
[5.527s] Level 1:colcon.colcon_core.package_identification:_identify(twoHundred/fourWay/FIS) by extensions ['colcon_meta']
[5.527s] Level 1:colcon.colcon_core.package_identification:_identify(twoHundred/fourWay/FIS) by extension 'colcon_meta'
[5.527s] Level 1:colcon.colcon_core.package_identification:_identify(twoHundred/fourWay/FIS) by extensions ['ros']
[5.527s] Level 1:colcon.colcon_core.package_identification:_identify(twoHundred/fourWay/FIS) by extension 'ros'
[5.527s] Level 1:colcon.colcon_core.package_identification:_identify(twoHundred/fourWay/FIS) by extensions ['cmake', 'python']
[5.527s] Level 1:colcon.colcon_core.package_identification:_identify(twoHundred/fourWay/FIS) by extension 'cmake'
[5.527s] Level 1:colcon.colcon_core.package_identification:_identify(twoHundred/fourWay/FIS) by extension 'python'
[5.527s] Level 1:colcon.colcon_core.package_identification:_identify(twoHundred/fourWay/FIS) by extensions ['python_setup_py']
[5.528s] Level 1:colcon.colcon_core.package_identification:_identify(twoHundred/fourWay/FIS) by extension 'python_setup_py'
[5.528s] Level 1:colcon.colcon_core.package_identification:_identify(twoHundred/fourWay/SpdDst) by extensions ['ignore', 'ignore_ament_install']
[5.528s] Level 1:colcon.colcon_core.package_identification:_identify(twoHundred/fourWay/SpdDst) by extension 'ignore'
[5.528s] Level 1:colcon.colcon_core.package_identification:_identify(twoHundred/fourWay/SpdDst) by extension 'ignore_ament_install'
[5.528s] Level 1:colcon.colcon_core.package_identification:_identify(twoHundred/fourWay/SpdDst) by extensions ['colcon_pkg']
[5.528s] Level 1:colcon.colcon_core.package_identification:_identify(twoHundred/fourWay/SpdDst) by extension 'colcon_pkg'
[5.528s] Level 1:colcon.colcon_core.package_identification:_identify(twoHundred/fourWay/SpdDst) by extensions ['colcon_meta']
[5.528s] Level 1:colcon.colcon_core.package_identification:_identify(twoHundred/fourWay/SpdDst) by extension 'colcon_meta'
[5.528s] Level 1:colcon.colcon_core.package_identification:_identify(twoHundred/fourWay/SpdDst) by extensions ['ros']
[5.528s] Level 1:colcon.colcon_core.package_identification:_identify(twoHundred/fourWay/SpdDst) by extension 'ros'
[5.528s] Level 1:colcon.colcon_core.package_identification:_identify(twoHundred/fourWay/SpdDst) by extensions ['cmake', 'python']
[5.528s] Level 1:colcon.colcon_core.package_identification:_identify(twoHundred/fourWay/SpdDst) by extension 'cmake'
[5.528s] Level 1:colcon.colcon_core.package_identification:_identify(twoHundred/fourWay/SpdDst) by extension 'python'
[5.529s] Level 1:colcon.colcon_core.package_identification:_identify(twoHundred/fourWay/SpdDst) by extensions ['python_setup_py']
[5.529s] Level 1:colcon.colcon_core.package_identification:_identify(twoHundred/fourWay/SpdDst) by extension 'python_setup_py'
[5.529s] Level 1:colcon.colcon_core.package_identification:_identify(twoHundred/fourWay/Static) by extensions ['ignore', 'ignore_ament_install']
[5.529s] Level 1:colcon.colcon_core.package_identification:_identify(twoHundred/fourWay/Static) by extension 'ignore'
[5.529s] Level 1:colcon.colcon_core.package_identification:_identify(twoHundred/fourWay/Static) by extension 'ignore_ament_install'
[5.529s] Level 1:colcon.colcon_core.package_identification:_identify(twoHundred/fourWay/Static) by extensions ['colcon_pkg']
[5.529s] Level 1:colcon.colcon_core.package_identification:_identify(twoHundred/fourWay/Static) by extension 'colcon_pkg'
[5.529s] Level 1:colcon.colcon_core.package_identification:_identify(twoHundred/fourWay/Static) by extensions ['colcon_meta']
[5.529s] Level 1:colcon.colcon_core.package_identification:_identify(twoHundred/fourWay/Static) by extension 'colcon_meta'
[5.529s] Level 1:colcon.colcon_core.package_identification:_identify(twoHundred/fourWay/Static) by extensions ['ros']
[5.530s] Level 1:colcon.colcon_core.package_identification:_identify(twoHundred/fourWay/Static) by extension 'ros'
[5.530s] Level 1:colcon.colcon_core.package_identification:_identify(twoHundred/fourWay/Static) by extensions ['cmake', 'python']
[5.530s] Level 1:colcon.colcon_core.package_identification:_identify(twoHundred/fourWay/Static) by extension 'cmake'
[5.530s] Level 1:colcon.colcon_core.package_identification:_identify(twoHundred/fourWay/Static) by extension 'python'
[5.530s] Level 1:colcon.colcon_core.package_identification:_identify(twoHundred/fourWay/Static) by extensions ['python_setup_py']
[5.530s] Level 1:colcon.colcon_core.package_identification:_identify(twoHundred/fourWay/Static) by extension 'python_setup_py'
[5.530s] Level 1:colcon.colcon_core.package_identification:_identify(twoHundred/twoWay) by extensions ['ignore', 'ignore_ament_install']
[5.530s] Level 1:colcon.colcon_core.package_identification:_identify(twoHundred/twoWay) by extension 'ignore'
[5.530s] Level 1:colcon.colcon_core.package_identification:_identify(twoHundred/twoWay) by extension 'ignore_ament_install'
[5.530s] Level 1:colcon.colcon_core.package_identification:_identify(twoHundred/twoWay) by extensions ['colcon_pkg']
[5.530s] Level 1:colcon.colcon_core.package_identification:_identify(twoHundred/twoWay) by extension 'colcon_pkg'
[5.530s] Level 1:colcon.colcon_core.package_identification:_identify(twoHundred/twoWay) by extensions ['colcon_meta']
[5.531s] Level 1:colcon.colcon_core.package_identification:_identify(twoHundred/twoWay) by extension 'colcon_meta'
[5.531s] Level 1:colcon.colcon_core.package_identification:_identify(twoHundred/twoWay) by extensions ['ros']
[5.531s] Level 1:colcon.colcon_core.package_identification:_identify(twoHundred/twoWay) by extension 'ros'
[5.531s] Level 1:colcon.colcon_core.package_identification:_identify(twoHundred/twoWay) by extensions ['cmake', 'python']
[5.531s] Level 1:colcon.colcon_core.package_identification:_identify(twoHundred/twoWay) by extension 'cmake'
[5.531s] Level 1:colcon.colcon_core.package_identification:_identify(twoHundred/twoWay) by extension 'python'
[5.531s] Level 1:colcon.colcon_core.package_identification:_identify(twoHundred/twoWay) by extensions ['python_setup_py']
[5.531s] Level 1:colcon.colcon_core.package_identification:_identify(twoHundred/twoWay) by extension 'python_setup_py'
[5.531s] Level 1:colcon.colcon_core.package_identification:_identify(twoHundred/twoWay/FIS) by extensions ['ignore', 'ignore_ament_install']
[5.531s] Level 1:colcon.colcon_core.package_identification:_identify(twoHundred/twoWay/FIS) by extension 'ignore'
[5.531s] Level 1:colcon.colcon_core.package_identification:_identify(twoHundred/twoWay/FIS) by extension 'ignore_ament_install'
[5.531s] Level 1:colcon.colcon_core.package_identification:_identify(twoHundred/twoWay/FIS) by extensions ['colcon_pkg']
[5.531s] Level 1:colcon.colcon_core.package_identification:_identify(twoHundred/twoWay/FIS) by extension 'colcon_pkg'
[5.531s] Level 1:colcon.colcon_core.package_identification:_identify(twoHundred/twoWay/FIS) by extensions ['colcon_meta']
[5.531s] Level 1:colcon.colcon_core.package_identification:_identify(twoHundred/twoWay/FIS) by extension 'colcon_meta'
[5.531s] Level 1:colcon.colcon_core.package_identification:_identify(twoHundred/twoWay/FIS) by extensions ['ros']
[5.532s] Level 1:colcon.colcon_core.package_identification:_identify(twoHundred/twoWay/FIS) by extension 'ros'
[5.532s] Level 1:colcon.colcon_core.package_identification:_identify(twoHundred/twoWay/FIS) by extensions ['cmake', 'python']
[5.532s] Level 1:colcon.colcon_core.package_identification:_identify(twoHundred/twoWay/FIS) by extension 'cmake'
[5.532s] Level 1:colcon.colcon_core.package_identification:_identify(twoHundred/twoWay/FIS) by extension 'python'
[5.532s] Level 1:colcon.colcon_core.package_identification:_identify(twoHundred/twoWay/FIS) by extensions ['python_setup_py']
[5.532s] Level 1:colcon.colcon_core.package_identification:_identify(twoHundred/twoWay/FIS) by extension 'python_setup_py'
[5.532s] Level 1:colcon.colcon_core.package_identification:_identify(twoHundred/twoWay/SouthNorth) by extensions ['ignore', 'ignore_ament_install']
[5.532s] Level 1:colcon.colcon_core.package_identification:_identify(twoHundred/twoWay/SouthNorth) by extension 'ignore'
[5.532s] Level 1:colcon.colcon_core.package_identification:_identify(twoHundred/twoWay/SouthNorth) by extension 'ignore_ament_install'
[5.532s] Level 1:colcon.colcon_core.package_identification:_identify(twoHundred/twoWay/SouthNorth) by extensions ['colcon_pkg']
[5.532s] Level 1:colcon.colcon_core.package_identification:_identify(twoHundred/twoWay/SouthNorth) by extension 'colcon_pkg'
[5.532s] Level 1:colcon.colcon_core.package_identification:_identify(twoHundred/twoWay/SouthNorth) by extensions ['colcon_meta']
[5.532s] Level 1:colcon.colcon_core.package_identification:_identify(twoHundred/twoWay/SouthNorth) by extension 'colcon_meta'
[5.532s] Level 1:colcon.colcon_core.package_identification:_identify(twoHundred/twoWay/SouthNorth) by extensions ['ros']
[5.532s] Level 1:colcon.colcon_core.package_identification:_identify(twoHundred/twoWay/SouthNorth) by extension 'ros'
[5.532s] Level 1:colcon.colcon_core.package_identification:_identify(twoHundred/twoWay/SouthNorth) by extensions ['cmake', 'python']
[5.533s] Level 1:colcon.colcon_core.package_identification:_identify(twoHundred/twoWay/SouthNorth) by extension 'cmake'
[5.533s] Level 1:colcon.colcon_core.package_identification:_identify(twoHundred/twoWay/SouthNorth) by extension 'python'
[5.533s] Level 1:colcon.colcon_core.package_identification:_identify(twoHundred/twoWay/SouthNorth) by extensions ['python_setup_py']
[5.533s] Level 1:colcon.colcon_core.package_identification:_identify(twoHundred/twoWay/SouthNorth) by extension 'python_setup_py'
[5.533s] Level 1:colcon.colcon_core.package_identification:_identify(twoHundred/twoWay/SouthNorth/FIS) by extensions ['ignore', 'ignore_ament_install']
[5.533s] Level 1:colcon.colcon_core.package_identification:_identify(twoHundred/twoWay/SouthNorth/FIS) by extension 'ignore'
[5.533s] Level 1:colcon.colcon_core.package_identification:_identify(twoHundred/twoWay/SouthNorth/FIS) by extension 'ignore_ament_install'
[5.533s] Level 1:colcon.colcon_core.package_identification:_identify(twoHundred/twoWay/SouthNorth/FIS) by extensions ['colcon_pkg']
[5.533s] Level 1:colcon.colcon_core.package_identification:_identify(twoHundred/twoWay/SouthNorth/FIS) by extension 'colcon_pkg'
[5.533s] Level 1:colcon.colcon_core.package_identification:_identify(twoHundred/twoWay/SouthNorth/FIS) by extensions ['colcon_meta']
[5.533s] Level 1:colcon.colcon_core.package_identification:_identify(twoHundred/twoWay/SouthNorth/FIS) by extension 'colcon_meta'
[5.533s] Level 1:colcon.colcon_core.package_identification:_identify(twoHundred/twoWay/SouthNorth/FIS) by extensions ['ros']
[5.533s] Level 1:colcon.colcon_core.package_identification:_identify(twoHundred/twoWay/SouthNorth/FIS) by extension 'ros'
[5.534s] Level 1:colcon.colcon_core.package_identification:_identify(twoHundred/twoWay/SouthNorth/FIS) by extensions ['cmake', 'python']
[5.534s] Level 1:colcon.colcon_core.package_identification:_identify(twoHundred/twoWay/SouthNorth/FIS) by extension 'cmake'
[5.534s] Level 1:colcon.colcon_core.package_identification:_identify(twoHundred/twoWay/SouthNorth/FIS) by extension 'python'
[5.534s] Level 1:colcon.colcon_core.package_identification:_identify(twoHundred/twoWay/SouthNorth/FIS) by extensions ['python_setup_py']
[5.534s] Level 1:colcon.colcon_core.package_identification:_identify(twoHundred/twoWay/SouthNorth/FIS) by extension 'python_setup_py'
[5.534s] Level 1:colcon.colcon_core.package_identification:_identify(twoHundred/twoWay/SouthNorth/SpdDst) by extensions ['ignore', 'ignore_ament_install']
[5.535s] Level 1:colcon.colcon_core.package_identification:_identify(twoHundred/twoWay/SouthNorth/SpdDst) by extension 'ignore'
[5.535s] Level 1:colcon.colcon_core.package_identification:_identify(twoHundred/twoWay/SouthNorth/SpdDst) by extension 'ignore_ament_install'
[5.535s] Level 1:colcon.colcon_core.package_identification:_identify(twoHundred/twoWay/SouthNorth/SpdDst) by extensions ['colcon_pkg']
[5.535s] Level 1:colcon.colcon_core.package_identification:_identify(twoHundred/twoWay/SouthNorth/SpdDst) by extension 'colcon_pkg'
[5.535s] Level 1:colcon.colcon_core.package_identification:_identify(twoHundred/twoWay/SouthNorth/SpdDst) by extensions ['colcon_meta']
[5.535s] Level 1:colcon.colcon_core.package_identification:_identify(twoHundred/twoWay/SouthNorth/SpdDst) by extension 'colcon_meta'
[5.535s] Level 1:colcon.colcon_core.package_identification:_identify(twoHundred/twoWay/SouthNorth/SpdDst) by extensions ['ros']
[5.535s] Level 1:colcon.colcon_core.package_identification:_identify(twoHundred/twoWay/SouthNorth/SpdDst) by extension 'ros'
[5.535s] Level 1:colcon.colcon_core.package_identification:_identify(twoHundred/twoWay/SouthNorth/SpdDst) by extensions ['cmake', 'python']
[5.535s] Level 1:colcon.colcon_core.package_identification:_identify(twoHundred/twoWay/SouthNorth/SpdDst) by extension 'cmake'
[5.536s] Level 1:colcon.colcon_core.package_identification:_identify(twoHundred/twoWay/SouthNorth/SpdDst) by extension 'python'
[5.536s] Level 1:colcon.colcon_core.package_identification:_identify(twoHundred/twoWay/SouthNorth/SpdDst) by extensions ['python_setup_py']
[5.536s] Level 1:colcon.colcon_core.package_identification:_identify(twoHundred/twoWay/SouthNorth/SpdDst) by extension 'python_setup_py'
[5.536s] Level 1:colcon.colcon_core.package_identification:_identify(twoHundred/twoWay/SouthNorth/Static) by extensions ['ignore', 'ignore_ament_install']
[5.536s] Level 1:colcon.colcon_core.package_identification:_identify(twoHundred/twoWay/SouthNorth/Static) by extension 'ignore'
[5.536s] Level 1:colcon.colcon_core.package_identification:_identify(twoHundred/twoWay/SouthNorth/Static) by extension 'ignore_ament_install'
[5.536s] Level 1:colcon.colcon_core.package_identification:_identify(twoHundred/twoWay/SouthNorth/Static) by extensions ['colcon_pkg']
[5.536s] Level 1:colcon.colcon_core.package_identification:_identify(twoHundred/twoWay/SouthNorth/Static) by extension 'colcon_pkg'
[5.536s] Level 1:colcon.colcon_core.package_identification:_identify(twoHundred/twoWay/SouthNorth/Static) by extensions ['colcon_meta']
[5.537s] Level 1:colcon.colcon_core.package_identification:_identify(twoHundred/twoWay/SouthNorth/Static) by extension 'colcon_meta'
[5.537s] Level 1:colcon.colcon_core.package_identification:_identify(twoHundred/twoWay/SouthNorth/Static) by extensions ['ros']
[5.537s] Level 1:colcon.colcon_core.package_identification:_identify(twoHundred/twoWay/SouthNorth/Static) by extension 'ros'
[5.537s] Level 1:colcon.colcon_core.package_identification:_identify(twoHundred/twoWay/SouthNorth/Static) by extensions ['cmake', 'python']
[5.537s] Level 1:colcon.colcon_core.package_identification:_identify(twoHundred/twoWay/SouthNorth/Static) by extension 'cmake'
[5.537s] Level 1:colcon.colcon_core.package_identification:_identify(twoHundred/twoWay/SouthNorth/Static) by extension 'python'
[5.537s] Level 1:colcon.colcon_core.package_identification:_identify(twoHundred/twoWay/SouthNorth/Static) by extensions ['python_setup_py']
[5.537s] Level 1:colcon.colcon_core.package_identification:_identify(twoHundred/twoWay/SouthNorth/Static) by extension 'python_setup_py'
[5.537s] Level 1:colcon.colcon_core.package_identification:_identify(twoHundred/twoWay/SpdDst) by extensions ['ignore', 'ignore_ament_install']
[5.537s] Level 1:colcon.colcon_core.package_identification:_identify(twoHundred/twoWay/SpdDst) by extension 'ignore'
[5.538s] Level 1:colcon.colcon_core.package_identification:_identify(twoHundred/twoWay/SpdDst) by extension 'ignore_ament_install'
[5.538s] Level 1:colcon.colcon_core.package_identification:_identify(twoHundred/twoWay/SpdDst) by extensions ['colcon_pkg']
[5.538s] Level 1:colcon.colcon_core.package_identification:_identify(twoHundred/twoWay/SpdDst) by extension 'colcon_pkg'
[5.538s] Level 1:colcon.colcon_core.package_identification:_identify(twoHundred/twoWay/SpdDst) by extensions ['colcon_meta']
[5.538s] Level 1:colcon.colcon_core.package_identification:_identify(twoHundred/twoWay/SpdDst) by extension 'colcon_meta'
[5.538s] Level 1:colcon.colcon_core.package_identification:_identify(twoHundred/twoWay/SpdDst) by extensions ['ros']
[5.538s] Level 1:colcon.colcon_core.package_identification:_identify(twoHundred/twoWay/SpdDst) by extension 'ros'
[5.538s] Level 1:colcon.colcon_core.package_identification:_identify(twoHundred/twoWay/SpdDst) by extensions ['cmake', 'python']
[5.538s] Level 1:colcon.colcon_core.package_identification:_identify(twoHundred/twoWay/SpdDst) by extension 'cmake'
[5.538s] Level 1:colcon.colcon_core.package_identification:_identify(twoHundred/twoWay/SpdDst) by extension 'python'
[5.539s] Level 1:colcon.colcon_core.package_identification:_identify(twoHundred/twoWay/SpdDst) by extensions ['python_setup_py']
[5.539s] Level 1:colcon.colcon_core.package_identification:_identify(twoHundred/twoWay/SpdDst) by extension 'python_setup_py'
[5.539s] Level 1:colcon.colcon_core.package_identification:_identify(twoHundred/twoWay/Static) by extensions ['ignore', 'ignore_ament_install']
[5.539s] Level 1:colcon.colcon_core.package_identification:_identify(twoHundred/twoWay/Static) by extension 'ignore'
[5.539s] Level 1:colcon.colcon_core.package_identification:_identify(twoHundred/twoWay/Static) by extension 'ignore_ament_install'
[5.539s] Level 1:colcon.colcon_core.package_identification:_identify(twoHundred/twoWay/Static) by extensions ['colcon_pkg']
[5.539s] Level 1:colcon.colcon_core.package_identification:_identify(twoHundred/twoWay/Static) by extension 'colcon_pkg'
[5.539s] Level 1:colcon.colcon_core.package_identification:_identify(twoHundred/twoWay/Static) by extensions ['colcon_meta']
[5.539s] Level 1:colcon.colcon_core.package_identification:_identify(twoHundred/twoWay/Static) by extension 'colcon_meta'
[5.540s] Level 1:colcon.colcon_core.package_identification:_identify(twoHundred/twoWay/Static) by extensions ['ros']
[5.540s] Level 1:colcon.colcon_core.package_identification:_identify(twoHundred/twoWay/Static) by extension 'ros'
[5.540s] Level 1:colcon.colcon_core.package_identification:_identify(twoHundred/twoWay/Static) by extensions ['cmake', 'python']
[5.540s] Level 1:colcon.colcon_core.package_identification:_identify(twoHundred/twoWay/Static) by extension 'cmake'
[5.540s] Level 1:colcon.colcon_core.package_identification:_identify(twoHundred/twoWay/Static) by extension 'python'
[5.540s] Level 1:colcon.colcon_core.package_identification:_identify(twoHundred/twoWay/Static) by extensions ['python_setup_py']
[5.540s] Level 1:colcon.colcon_core.package_identification:_identify(twoHundred/twoWay/Static) by extension 'python_setup_py'
[5.540s] Level 1:colcon.colcon_core.package_discovery:discover_packages(recursive) using defaults
[5.540s] Level 1:colcon.colcon_core.package_discovery:discover_packages(ignore) discover
[5.540s] Level 1:colcon.colcon_core.package_discovery:discover_packages(ignore) using defaults
[5.540s] Level 1:colcon.colcon_core.package_discovery:discover_packages(path) discover
[5.540s] Level 1:colcon.colcon_core.package_discovery:discover_packages(path) using defaults
[5.826s] INFO:colcon.colcon_core.package_selection:Skipping not selected package 'dsrcmsg' in 'src/dsrcmsg'
[5.826s] INFO:colcon.colcon_core.package_selection:Skipping not selected package 'trafficrecord' in 'src/trafficrecord'
[5.827s] INFO:colcon.colcon_core.package_selection:Skipping not selected package 'cim' in 'src/cim'
[5.827s] INFO:colcon.colcon_core.package_selection:Skipping not selected package 'reactivemethods' in 'src/reactivemethods'
[6.000s] Level 1:colcon.colcon_core.package_discovery:discover_packages(prefix_path) check parameters
[6.001s] Level 1:colcon.colcon_core.package_discovery:discover_packages(prefix_path) discover
[6.191s] DEBUG:colcon.colcon_installed_package_information.package_discovery:Found 5 installed packages in /home/babangida/ros_ws/install
[6.273s] DEBUG:colcon.colcon_installed_package_information.package_discovery:Found 289 installed packages in /opt/ros/foxy
[6.276s] Level 1:colcon.colcon_core.package_discovery:discover_packages(prefix_path) using defaults
[6.578s] Level 5:colcon.colcon_core.verb:set package 'onecim' build argument 'cmake_args' from command line to 'None'
[6.578s] Level 5:colcon.colcon_core.verb:set package 'onecim' build argument 'cmake_target' from command line to 'None'
[6.578s] Level 5:colcon.colcon_core.verb:set package 'onecim' build argument 'cmake_target_skip_unavailable' from command line to 'False'
[6.578s] Level 5:colcon.colcon_core.verb:set package 'onecim' build argument 'cmake_clean_cache' from command line to 'False'
[6.578s] Level 5:colcon.colcon_core.verb:set package 'onecim' build argument 'cmake_clean_first' from command line to 'False'
[6.578s] Level 5:colcon.colcon_core.verb:set package 'onecim' build argument 'cmake_force_configure' from command line to 'False'
[6.578s] Level 5:colcon.colcon_core.verb:set package 'onecim' build argument 'ament_cmake_args' from command line to 'None'
[6.578s] Level 5:colcon.colcon_core.verb:set package 'onecim' build argument 'catkin_cmake_args' from command line to 'None'
[6.578s] Level 5:colcon.colcon_core.verb:set package 'onecim' build argument 'catkin_skip_building_tests' from command line to 'False'
[6.578s] DEBUG:colcon.colcon_core.verb:Building package 'onecim' with the following arguments: {'ament_cmake_args': None, 'build_base': '/home/babangida/ros_ws/build/onecim', 'catkin_cmake_args': None, 'catkin_skip_building_tests': False, 'cmake_args': None, 'cmake_clean_cache': False, 'cmake_clean_first': False, 'cmake_force_configure': False, 'cmake_target': None, 'cmake_target_skip_unavailable': False, 'install_base': '/home/babangida/ros_ws/install/onecim', 'merge_install': False, 'path': '/home/babangida/ros_ws/src/onecim', 'symlink_install': True, 'test_result_base': None}
[6.662s] INFO:colcon.colcon_core.executor:Executing jobs using 'parallel' executor
[6.752s] DEBUG:colcon.colcon_parallel_executor.executor.parallel:run_until_complete
[6.753s] INFO:colcon.colcon_ros.task.ament_python.build:Building ROS package in '/home/babangida/ros_ws/src/onecim' with build type 'ament_python'
[6.753s] Level 1:colcon.colcon_core.shell:create_environment_hook('onecim', 'ament_prefix_path')
[6.843s] INFO:colcon.colcon_core.plugin_system:Skipping extension 'colcon_core.shell.bat': Not used on non-Windows systems
[6.843s] INFO:colcon.colcon_core.shell:Creating environment hook '/home/babangida/ros_ws/install/onecim/share/onecim/hook/ament_prefix_path.ps1'
[6.844s] INFO:colcon.colcon_core.shell:Creating environment descriptor '/home/babangida/ros_ws/install/onecim/share/onecim/hook/ament_prefix_path.dsv'
[6.845s] INFO:colcon.colcon_core.shell:Creating environment hook '/home/babangida/ros_ws/install/onecim/share/onecim/hook/ament_prefix_path.sh'
[6.967s] INFO:colcon.colcon_core.shell:Skip shell extension 'powershell' for command environment: Not usable outside of PowerShell
[6.967s] DEBUG:colcon.colcon_core.shell:Skip shell extension 'dsv' for command environment
[8.237s] INFO:colcon.colcon_core.task.python.build:Building Python package in '/home/babangida/ros_ws/src/onecim'
[8.322s] INFO:colcon.colcon_core.shell:Skip shell extension 'powershell' for command environment: Not usable outside of PowerShell
[8.322s] DEBUG:colcon.colcon_core.shell:Skip shell extension 'dsv' for command environment
[9.825s] DEBUG:colcon.colcon_core.event_handler.log_command:Invoking command in '/home/babangida/ros_ws/build/onecim': PYTHONPATH=/home/babangida/ros_ws/build/onecim/prefix_override:/home/babangida/ros_ws/install/onecim/lib/python3.8/site-packages:/home/babangida/ros_ws/install/trafficrecord/lib/python3.8/site-packages:/home/babangida/ros_ws/install/dsrcmsg/lib/python3.8/site-packages:/home/babangida/ros_ws/build/onecim:/home/babangida/ros_ws/install/onecim/lib/python3.8/site-packages:/home/babangida/ros_ws/install/cim/lib/python3.8/site-packages:/home/babangida/ros_ws/build/reactivemethods:/home/babangida/ros_ws/install/reactivemethods/lib/python3.8/site-packages:/opt/ros/foxy/lib/python3.8/site-packages /usr/bin/python3 setup.py develop --editable --build-directory /home/babangida/ros_ws/build/onecim/build --no-deps install_data
[10.806s] Level 1:colcon.colcon_core.shell:create_environment_hook('onecim', 'pythonpath_develop')
[10.807s] DEBUG:colcon.colcon_core.event_handler.log_command:Invoked command in '/home/babangida/ros_ws/build/onecim' returned '0': PYTHONPATH=/home/babangida/ros_ws/build/onecim/prefix_override:/home/babangida/ros_ws/install/onecim/lib/python3.8/site-packages:/home/babangida/ros_ws/install/trafficrecord/lib/python3.8/site-packages:/home/babangida/ros_ws/install/dsrcmsg/lib/python3.8/site-packages:/home/babangida/ros_ws/build/onecim:/home/babangida/ros_ws/install/onecim/lib/python3.8/site-packages:/home/babangida/ros_ws/install/cim/lib/python3.8/site-packages:/home/babangida/ros_ws/build/reactivemethods:/home/babangida/ros_ws/install/reactivemethods/lib/python3.8/site-packages:/opt/ros/foxy/lib/python3.8/site-packages /usr/bin/python3 setup.py develop --editable --build-directory /home/babangida/ros_ws/build/onecim/build --no-deps install_data
[10.886s] INFO:colcon.colcon_core.shell:Creating environment hook '/home/babangida/ros_ws/build/onecim/share/onecim/hook/pythonpath_develop.ps1'
[10.887s] INFO:colcon.colcon_core.shell:Creating environment descriptor '/home/babangida/ros_ws/build/onecim/share/onecim/hook/pythonpath_develop.dsv'
[10.888s] INFO:colcon.colcon_core.shell:Creating environment hook '/home/babangida/ros_ws/build/onecim/share/onecim/hook/pythonpath_develop.sh'
[10.971s] Level 1:colcon.colcon_core.environment:checking '/home/babangida/ros_ws/install/onecim' for CMake module files
[10.971s] Level 1:colcon.colcon_core.environment:checking '/home/babangida/ros_ws/install/onecim' for CMake config files
[10.973s] Level 1:colcon.colcon_core.environment:checking '/home/babangida/ros_ws/install/onecim/lib'
[10.973s] Level 1:colcon.colcon_core.environment:checking '/home/babangida/ros_ws/install/onecim/bin'
[10.973s] Level 1:colcon.colcon_core.environment:checking '/home/babangida/ros_ws/install/onecim/lib/pkgconfig/onecim.pc'
[10.974s] Level 1:colcon.colcon_core.environment:checking '/home/babangida/ros_ws/install/onecim/lib/python3.8/site-packages'
[10.974s] Level 1:colcon.colcon_core.shell:create_environment_hook('onecim', 'pythonpath')
[11.044s] INFO:colcon.colcon_core.shell:Creating environment hook '/home/babangida/ros_ws/install/onecim/share/onecim/hook/pythonpath.ps1'
[11.044s] INFO:colcon.colcon_core.shell:Creating environment descriptor '/home/babangida/ros_ws/install/onecim/share/onecim/hook/pythonpath.dsv'
[11.045s] INFO:colcon.colcon_core.shell:Creating environment hook '/home/babangida/ros_ws/install/onecim/share/onecim/hook/pythonpath.sh'
[11.046s] Level 1:colcon.colcon_core.environment:checking '/home/babangida/ros_ws/install/onecim/bin'
[11.046s] Level 1:colcon.colcon_core.environment:create_environment_scripts_only(onecim)
[11.124s] INFO:colcon.colcon_core.shell:Creating package script '/home/babangida/ros_ws/install/onecim/share/onecim/package.ps1'
[11.125s] INFO:colcon.colcon_core.shell:Creating package descriptor '/home/babangida/ros_ws/install/onecim/share/onecim/package.dsv'
[11.125s] INFO:colcon.colcon_core.shell:Creating package script '/home/babangida/ros_ws/install/onecim/share/onecim/package.sh'
[11.126s] INFO:colcon.colcon_core.shell:Creating package script '/home/babangida/ros_ws/install/onecim/share/onecim/package.bash'
[11.127s] INFO:colcon.colcon_core.shell:Creating package script '/home/babangida/ros_ws/install/onecim/share/onecim/package.zsh'
[11.128s] Level 1:colcon.colcon_core.environment:create_file_with_runtime_dependencies(/home/babangida/ros_ws/install/onecim/share/colcon-core/packages/onecim)
[11.129s] DEBUG:colcon.colcon_parallel_executor.executor.parallel:closing loop
[11.130s] DEBUG:colcon.colcon_parallel_executor.executor.parallel:loop closed
[11.130s] DEBUG:colcon.colcon_parallel_executor.executor.parallel:run_until_complete finished with '0'
[11.130s] DEBUG:colcon.colcon_core.event_reactor:joining thread
[11.311s] INFO:colcon.colcon_core.plugin_system:Skipping extension 'colcon_notification.desktop_notification.notify_send': Could not find 'notify-send'
[11.311s] INFO:colcon.colcon_core.plugin_system:Skipping extension 'colcon_notification.desktop_notification.terminal_notifier': Not used on non-Darwin systems
[11.311s] INFO:colcon.colcon_core.plugin_system:Skipping extension 'colcon_notification.desktop_notification.win32': Not used on non-Windows systems
[11.311s] INFO:colcon.colcon_notification.desktop_notification:Sending desktop notification using 'notify2'
[11.316s] DEBUG:colcon.colcon_notification.desktop_notification.notify2:Failed to initialize notify2: org.freedesktop.DBus.Error.ServiceUnknown: The name org.freedesktop.Notifications was not provided by any .service files
[11.316s] DEBUG:colcon.colcon_core.event_reactor:joined thread
[11.386s] INFO:colcon.colcon_core.shell:Creating prefix script '/home/babangida/ros_ws/install/local_setup.ps1'
[11.387s] INFO:colcon.colcon_core.shell:Creating prefix util module '/home/babangida/ros_ws/install/_local_setup_util_ps1.py'
[11.389s] INFO:colcon.colcon_core.shell:Creating prefix chain script '/home/babangida/ros_ws/install/setup.ps1'
[11.465s] INFO:colcon.colcon_core.shell:Creating prefix script '/home/babangida/ros_ws/install/local_setup.sh'
[11.466s] INFO:colcon.colcon_core.shell:Creating prefix util module '/home/babangida/ros_ws/install/_local_setup_util_sh.py'
[11.467s] INFO:colcon.colcon_core.shell:Creating prefix chain script '/home/babangida/ros_ws/install/setup.sh'
[11.543s] INFO:colcon.colcon_core.shell:Creating prefix script '/home/babangida/ros_ws/install/local_setup.bash'
[11.544s] INFO:colcon.colcon_core.shell:Creating prefix chain script '/home/babangida/ros_ws/install/setup.bash'
[11.622s] INFO:colcon.colcon_core.shell:Creating prefix script '/home/babangida/ros_ws/install/local_setup.zsh'
[11.623s] INFO:colcon.colcon_core.shell:Creating prefix chain script '/home/babangida/ros_ws/install/setup.zsh'
