[5.082s] DEBUG:colcon:Command line arguments: ['/usr/bin/colcon', 'build', '--packages-select', 'onecim', '--symlink-install']
[5.082s] DEBUG:colcon:Parsed command line arguments: Namespace(allow_overriding=[], ament_cmake_args=None, base_paths=['.'], build_base='build', catkin_cmake_args=None, catkin_skip_building_tests=False, cmake_args=None, cmake_clean_cache=False, cmake_clean_first=False, cmake_force_configure=False, cmake_target=None, cmake_target_skip_unavailable=False, continue_on_error=False, event_handlers=None, executor='parallel', ignore_user_meta=False, install_base='install', log_base=None, log_level=None, main=<bound method BuildVerb.main of <colcon_core.verb.build.BuildVerb object at 0x7f370fd98fd0>>, merge_install=False, metas=['./colcon.meta'], packages_above=None, packages_above_and_dependencies=None, packages_above_depth=None, packages_end=None, packages_ignore=None, packages_ignore_regex=None, packages_select=['onecim'], packages_select_build_failed=False, packages_select_by_dep=None, packages_select_regex=None, packages_select_test_failures=False, packages_skip=None, packages_skip_build_finished=False, packages_skip_by_dep=None, packages_skip_regex=None, packages_skip_test_passed=False, packages_skip_up_to=None, packages_start=None, packages_up_to=None, packages_up_to_regex=None, parallel_workers=8, paths=None, symlink_install=True, test_result_base=None, verb_extension=<colcon_core.verb.build.BuildVerb object at 0x7f370fd98fd0>, verb_name='build', verb_parser=<colcon_defaults.argument_parser.defaults.DefaultArgumentsDecorator object at 0x7f370fce99a0>)
[5.260s] Level 1:colcon.colcon_core.package_discovery:discover_packages(colcon_meta) check parameters
[5.261s] Level 1:colcon.colcon_core.package_discovery:discover_packages(recursive) check parameters
[5.261s] Level 1:colcon.colcon_core.package_discovery:discover_packages(ignore) check parameters
[5.261s] Level 1:colcon.colcon_core.package_discovery:discover_packages(path) check parameters
[5.261s] Level 1:colcon.colcon_core.package_discovery:discover_packages(colcon_meta) discover
[5.261s] Level 1:colcon.colcon_core.package_discovery:discover_packages(recursive) discover
[5.261s] INFO:colcon.colcon_core.package_discovery:Crawling recursively for packages in '/home/babangida/ros_ws'
[5.261s] Level 1:colcon.colcon_core.package_identification:_identify(.) by extensions ['ignore', 'ignore_ament_install']
[5.262s] Level 1:colcon.colcon_core.package_identification:_identify(.) by extension 'ignore'
[5.262s] Level 1:colcon.colcon_core.package_identification:_identify(.) by extension 'ignore_ament_install'
[5.262s] Level 1:colcon.colcon_core.package_identification:_identify(.) by extensions ['colcon_pkg']
[5.262s] Level 1:colcon.colcon_core.package_identification:_identify(.) by extension 'colcon_pkg'
[5.262s] Level 1:colcon.colcon_core.package_identification:_identify(.) by extensions ['colcon_meta']
[5.262s] Level 1:colcon.colcon_core.package_identification:_identify(.) by extension 'colcon_meta'
[5.262s] Level 1:colcon.colcon_core.package_identification:_identify(.) by extensions ['ros']
[5.262s] Level 1:colcon.colcon_core.package_identification:_identify(.) by extension 'ros'
[5.280s] Level 1:colcon.colcon_core.package_identification:_identify(.) by extensions ['cmake', 'python']
[5.280s] Level 1:colcon.colcon_core.package_identification:_identify(.) by extension 'cmake'
[5.280s] Level 1:colcon.colcon_core.package_identification:_identify(.) by extension 'python'
[5.280s] Level 1:colcon.colcon_core.package_identification:_identify(.) by extensions ['python_setup_py']
[5.280s] Level 1:colcon.colcon_core.package_identification:_identify(.) by extension 'python_setup_py'
[5.280s] Level 1:colcon.colcon_core.package_identification:_identify(AllResults) by extensions ['ignore', 'ignore_ament_install']
[5.280s] Level 1:colcon.colcon_core.package_identification:_identify(AllResults) by extension 'ignore'
[5.280s] Level 1:colcon.colcon_core.package_identification:_identify(AllResults) by extension 'ignore_ament_install'
[5.281s] Level 1:colcon.colcon_core.package_identification:_identify(AllResults) by extensions ['colcon_pkg']
[5.281s] Level 1:colcon.colcon_core.package_identification:_identify(AllResults) by extension 'colcon_pkg'
[5.281s] Level 1:colcon.colcon_core.package_identification:_identify(AllResults) by extensions ['colcon_meta']
[5.281s] Level 1:colcon.colcon_core.package_identification:_identify(AllResults) by extension 'colcon_meta'
[5.281s] Level 1:colcon.colcon_core.package_identification:_identify(AllResults) by extensions ['ros']
[5.281s] Level 1:colcon.colcon_core.package_identification:_identify(AllResults) by extension 'ros'
[5.281s] Level 1:colcon.colcon_core.package_identification:_identify(AllResults) by extensions ['cmake', 'python']
[5.281s] Level 1:colcon.colcon_core.package_identification:_identify(AllResults) by extension 'cmake'
[5.281s] Level 1:colcon.colcon_core.package_identification:_identify(AllResults) by extension 'python'
[5.281s] Level 1:colcon.colcon_core.package_identification:_identify(AllResults) by extensions ['python_setup_py']
[5.281s] Level 1:colcon.colcon_core.package_identification:_identify(AllResults) by extension 'python_setup_py'
[5.281s] Level 1:colcon.colcon_core.package_identification:_identify(AllResults/fiftyVehs) by extensions ['ignore', 'ignore_ament_install']
[5.281s] Level 1:colcon.colcon_core.package_identification:_identify(AllResults/fiftyVehs) by extension 'ignore'
[5.281s] Level 1:colcon.colcon_core.package_identification:_identify(AllResults/fiftyVehs) by extension 'ignore_ament_install'
[5.282s] Level 1:colcon.colcon_core.package_identification:_identify(AllResults/fiftyVehs) by extensions ['colcon_pkg']
[5.282s] Level 1:colcon.colcon_core.package_identification:_identify(AllResults/fiftyVehs) by extension 'colcon_pkg'
[5.282s] Level 1:colcon.colcon_core.package_identification:_identify(AllResults/fiftyVehs) by extensions ['colcon_meta']
[5.282s] Level 1:colcon.colcon_core.package_identification:_identify(AllResults/fiftyVehs) by extension 'colcon_meta'
[5.282s] Level 1:colcon.colcon_core.package_identification:_identify(AllResults/fiftyVehs) by extensions ['ros']
[5.282s] Level 1:colcon.colcon_core.package_identification:_identify(AllResults/fiftyVehs) by extension 'ros'
[5.282s] Level 1:colcon.colcon_core.package_identification:_identify(AllResults/fiftyVehs) by extensions ['cmake', 'python']
[5.282s] Level 1:colcon.colcon_core.package_identification:_identify(AllResults/fiftyVehs) by extension 'cmake'
[5.282s] Level 1:colcon.colcon_core.package_identification:_identify(AllResults/fiftyVehs) by extension 'python'
[5.282s] Level 1:colcon.colcon_core.package_identification:_identify(AllResults/fiftyVehs) by extensions ['python_setup_py']
[5.282s] Level 1:colcon.colcon_core.package_identification:_identify(AllResults/fiftyVehs) by extension 'python_setup_py'
[5.282s] Level 1:colcon.colcon_core.package_identification:_identify(AllResults/fiftyVehs/fourWay) by extensions ['ignore', 'ignore_ament_install']
[5.282s] Level 1:colcon.colcon_core.package_identification:_identify(AllResults/fiftyVehs/fourWay) by extension 'ignore'
[5.282s] Level 1:colcon.colcon_core.package_identification:_identify(AllResults/fiftyVehs/fourWay) by extension 'ignore_ament_install'
[5.283s] Level 1:colcon.colcon_core.package_identification:_identify(AllResults/fiftyVehs/fourWay) by extensions ['colcon_pkg']
[5.283s] Level 1:colcon.colcon_core.package_identification:_identify(AllResults/fiftyVehs/fourWay) by extension 'colcon_pkg'
[5.283s] Level 1:colcon.colcon_core.package_identification:_identify(AllResults/fiftyVehs/fourWay) by extensions ['colcon_meta']
[5.283s] Level 1:colcon.colcon_core.package_identification:_identify(AllResults/fiftyVehs/fourWay) by extension 'colcon_meta'
[5.283s] Level 1:colcon.colcon_core.package_identification:_identify(AllResults/fiftyVehs/fourWay) by extensions ['ros']
[5.283s] Level 1:colcon.colcon_core.package_identification:_identify(AllResults/fiftyVehs/fourWay) by extension 'ros'
[5.283s] Level 1:colcon.colcon_core.package_identification:_identify(AllResults/fiftyVehs/fourWay) by extensions ['cmake', 'python']
[5.283s] Level 1:colcon.colcon_core.package_identification:_identify(AllResults/fiftyVehs/fourWay) by extension 'cmake'
[5.283s] Level 1:colcon.colcon_core.package_identification:_identify(AllResults/fiftyVehs/fourWay) by extension 'python'
[5.283s] Level 1:colcon.colcon_core.package_identification:_identify(AllResults/fiftyVehs/fourWay) by extensions ['python_setup_py']
[5.283s] Level 1:colcon.colcon_core.package_identification:_identify(AllResults/fiftyVehs/fourWay) by extension 'python_setup_py'
[5.283s] Level 1:colcon.colcon_core.package_identification:_identify(AllResults/fiftyVehs/fourWay/FIS) by extensions ['ignore', 'ignore_ament_install']
[5.284s] Level 1:colcon.colcon_core.package_identification:_identify(AllResults/fiftyVehs/fourWay/FIS) by extension 'ignore'
[5.284s] Level 1:colcon.colcon_core.package_identification:_identify(AllResults/fiftyVehs/fourWay/FIS) by extension 'ignore_ament_install'
[5.284s] Level 1:colcon.colcon_core.package_identification:_identify(AllResults/fiftyVehs/fourWay/FIS) by extensions ['colcon_pkg']
[5.284s] Level 1:colcon.colcon_core.package_identification:_identify(AllResults/fiftyVehs/fourWay/FIS) by extension 'colcon_pkg'
[5.284s] Level 1:colcon.colcon_core.package_identification:_identify(AllResults/fiftyVehs/fourWay/FIS) by extensions ['colcon_meta']
[5.284s] Level 1:colcon.colcon_core.package_identification:_identify(AllResults/fiftyVehs/fourWay/FIS) by extension 'colcon_meta'
[5.284s] Level 1:colcon.colcon_core.package_identification:_identify(AllResults/fiftyVehs/fourWay/FIS) by extensions ['ros']
[5.284s] Level 1:colcon.colcon_core.package_identification:_identify(AllResults/fiftyVehs/fourWay/FIS) by extension 'ros'
[5.284s] Level 1:colcon.colcon_core.package_identification:_identify(AllResults/fiftyVehs/fourWay/FIS) by extensions ['cmake', 'python']
[5.284s] Level 1:colcon.colcon_core.package_identification:_identify(AllResults/fiftyVehs/fourWay/FIS) by extension 'cmake'
[5.284s] Level 1:colcon.colcon_core.package_identification:_identify(AllResults/fiftyVehs/fourWay/FIS) by extension 'python'
[5.285s] Level 1:colcon.colcon_core.package_identification:_identify(AllResults/fiftyVehs/fourWay/FIS) by extensions ['python_setup_py']
[5.285s] Level 1:colcon.colcon_core.package_identification:_identify(AllResults/fiftyVehs/fourWay/FIS) by extension 'python_setup_py'
[5.285s] Level 1:colcon.colcon_core.package_identification:_identify(AllResults/fiftyVehs/fourWay/SpdDst) by extensions ['ignore', 'ignore_ament_install']
[5.285s] Level 1:colcon.colcon_core.package_identification:_identify(AllResults/fiftyVehs/fourWay/SpdDst) by extension 'ignore'
[5.285s] Level 1:colcon.colcon_core.package_identification:_identify(AllResults/fiftyVehs/fourWay/SpdDst) by extension 'ignore_ament_install'
[5.285s] Level 1:colcon.colcon_core.package_identification:_identify(AllResults/fiftyVehs/fourWay/SpdDst) by extensions ['colcon_pkg']
[5.285s] Level 1:colcon.colcon_core.package_identification:_identify(AllResults/fiftyVehs/fourWay/SpdDst) by extension 'colcon_pkg'
[5.285s] Level 1:colcon.colcon_core.package_identification:_identify(AllResults/fiftyVehs/fourWay/SpdDst) by extensions ['colcon_meta']
[5.285s] Level 1:colcon.colcon_core.package_identification:_identify(AllResults/fiftyVehs/fourWay/SpdDst) by extension 'colcon_meta'
[5.285s] Level 1:colcon.colcon_core.package_identification:_identify(AllResults/fiftyVehs/fourWay/SpdDst) by extensions ['ros']
[5.285s] Level 1:colcon.colcon_core.package_identification:_identify(AllResults/fiftyVehs/fourWay/SpdDst) by extension 'ros'
[5.286s] Level 1:colcon.colcon_core.package_identification:_identify(AllResults/fiftyVehs/fourWay/SpdDst) by extensions ['cmake', 'python']
[5.286s] Level 1:colcon.colcon_core.package_identification:_identify(AllResults/fiftyVehs/fourWay/SpdDst) by extension 'cmake'
[5.286s] Level 1:colcon.colcon_core.package_identification:_identify(AllResults/fiftyVehs/fourWay/SpdDst) by extension 'python'
[5.286s] Level 1:colcon.colcon_core.package_identification:_identify(AllResults/fiftyVehs/fourWay/SpdDst) by extensions ['python_setup_py']
[5.286s] Level 1:colcon.colcon_core.package_identification:_identify(AllResults/fiftyVehs/fourWay/SpdDst) by extension 'python_setup_py'
[5.286s] Level 1:colcon.colcon_core.package_identification:_identify(AllResults/fiftyVehs/fourWay/static) by extensions ['ignore', 'ignore_ament_install']
[5.286s] Level 1:colcon.colcon_core.package_identification:_identify(AllResults/fiftyVehs/fourWay/static) by extension 'ignore'
[5.286s] Level 1:colcon.colcon_core.package_identification:_identify(AllResults/fiftyVehs/fourWay/static) by extension 'ignore_ament_install'
[5.286s] Level 1:colcon.colcon_core.package_identification:_identify(AllResults/fiftyVehs/fourWay/static) by extensions ['colcon_pkg']
[5.286s] Level 1:colcon.colcon_core.package_identification:_identify(AllResults/fiftyVehs/fourWay/static) by extension 'colcon_pkg'
[5.286s] Level 1:colcon.colcon_core.package_identification:_identify(AllResults/fiftyVehs/fourWay/static) by extensions ['colcon_meta']
[5.287s] Level 1:colcon.colcon_core.package_identification:_identify(AllResults/fiftyVehs/fourWay/static) by extension 'colcon_meta'
[5.287s] Level 1:colcon.colcon_core.package_identification:_identify(AllResults/fiftyVehs/fourWay/static) by extensions ['ros']
[5.287s] Level 1:colcon.colcon_core.package_identification:_identify(AllResults/fiftyVehs/fourWay/static) by extension 'ros'
[5.287s] Level 1:colcon.colcon_core.package_identification:_identify(AllResults/fiftyVehs/fourWay/static) by extensions ['cmake', 'python']
[5.287s] Level 1:colcon.colcon_core.package_identification:_identify(AllResults/fiftyVehs/fourWay/static) by extension 'cmake'
[5.287s] Level 1:colcon.colcon_core.package_identification:_identify(AllResults/fiftyVehs/fourWay/static) by extension 'python'
[5.287s] Level 1:colcon.colcon_core.package_identification:_identify(AllResults/fiftyVehs/fourWay/static) by extensions ['python_setup_py']
[5.287s] Level 1:colcon.colcon_core.package_identification:_identify(AllResults/fiftyVehs/fourWay/static) by extension 'python_setup_py'
[5.287s] Level 1:colcon.colcon_core.package_identification:_identify(AllResults/fiftyVehs/twoWay) by extensions ['ignore', 'ignore_ament_install']
[5.287s] Level 1:colcon.colcon_core.package_identification:_identify(AllResults/fiftyVehs/twoWay) by extension 'ignore'
[5.287s] Level 1:colcon.colcon_core.package_identification:_identify(AllResults/fiftyVehs/twoWay) by extension 'ignore_ament_install'
[5.288s] Level 1:colcon.colcon_core.package_identification:_identify(AllResults/fiftyVehs/twoWay) by extensions ['colcon_pkg']
[5.288s] Level 1:colcon.colcon_core.package_identification:_identify(AllResults/fiftyVehs/twoWay) by extension 'colcon_pkg'
[5.288s] Level 1:colcon.colcon_core.package_identification:_identify(AllResults/fiftyVehs/twoWay) by extensions ['colcon_meta']
[5.288s] Level 1:colcon.colcon_core.package_identification:_identify(AllResults/fiftyVehs/twoWay) by extension 'colcon_meta'
[5.288s] Level 1:colcon.colcon_core.package_identification:_identify(AllResults/fiftyVehs/twoWay) by extensions ['ros']
[5.288s] Level 1:colcon.colcon_core.package_identification:_identify(AllResults/fiftyVehs/twoWay) by extension 'ros'
[5.288s] Level 1:colcon.colcon_core.package_identification:_identify(AllResults/fiftyVehs/twoWay) by extensions ['cmake', 'python']
[5.288s] Level 1:colcon.colcon_core.package_identification:_identify(AllResults/fiftyVehs/twoWay) by extension 'cmake'
[5.288s] Level 1:colcon.colcon_core.package_identification:_identify(AllResults/fiftyVehs/twoWay) by extension 'python'
[5.288s] Level 1:colcon.colcon_core.package_identification:_identify(AllResults/fiftyVehs/twoWay) by extensions ['python_setup_py']
[5.288s] Level 1:colcon.colcon_core.package_identification:_identify(AllResults/fiftyVehs/twoWay) by extension 'python_setup_py'
[5.288s] Level 1:colcon.colcon_core.package_identification:_identify(AllResults/fiftyVehs/twoWay/FIS) by extensions ['ignore', 'ignore_ament_install']
[5.289s] Level 1:colcon.colcon_core.package_identification:_identify(AllResults/fiftyVehs/twoWay/FIS) by extension 'ignore'
[5.289s] Level 1:colcon.colcon_core.package_identification:_identify(AllResults/fiftyVehs/twoWay/FIS) by extension 'ignore_ament_install'
[5.289s] Level 1:colcon.colcon_core.package_identification:_identify(AllResults/fiftyVehs/twoWay/FIS) by extensions ['colcon_pkg']
[5.289s] Level 1:colcon.colcon_core.package_identification:_identify(AllResults/fiftyVehs/twoWay/FIS) by extension 'colcon_pkg'
[5.289s] Level 1:colcon.colcon_core.package_identification:_identify(AllResults/fiftyVehs/twoWay/FIS) by extensions ['colcon_meta']
[5.289s] Level 1:colcon.colcon_core.package_identification:_identify(AllResults/fiftyVehs/twoWay/FIS) by extension 'colcon_meta'
[5.289s] Level 1:colcon.colcon_core.package_identification:_identify(AllResults/fiftyVehs/twoWay/FIS) by extensions ['ros']
[5.289s] Level 1:colcon.colcon_core.package_identification:_identify(AllResults/fiftyVehs/twoWay/FIS) by extension 'ros'
[5.290s] Level 1:colcon.colcon_core.package_identification:_identify(AllResults/fiftyVehs/twoWay/FIS) by extensions ['cmake', 'python']
[5.290s] Level 1:colcon.colcon_core.package_identification:_identify(AllResults/fiftyVehs/twoWay/FIS) by extension 'cmake'
[5.290s] Level 1:colcon.colcon_core.package_identification:_identify(AllResults/fiftyVehs/twoWay/FIS) by extension 'python'
[5.290s] Level 1:colcon.colcon_core.package_identification:_identify(AllResults/fiftyVehs/twoWay/FIS) by extensions ['python_setup_py']
[5.290s] Level 1:colcon.colcon_core.package_identification:_identify(AllResults/fiftyVehs/twoWay/FIS) by extension 'python_setup_py'
[5.290s] Level 1:colcon.colcon_core.package_identification:_identify(AllResults/fiftyVehs/twoWay/SouthNorth) by extensions ['ignore', 'ignore_ament_install']
[5.290s] Level 1:colcon.colcon_core.package_identification:_identify(AllResults/fiftyVehs/twoWay/SouthNorth) by extension 'ignore'
[5.290s] Level 1:colcon.colcon_core.package_identification:_identify(AllResults/fiftyVehs/twoWay/SouthNorth) by extension 'ignore_ament_install'
[5.290s] Level 1:colcon.colcon_core.package_identification:_identify(AllResults/fiftyVehs/twoWay/SouthNorth) by extensions ['colcon_pkg']
[5.290s] Level 1:colcon.colcon_core.package_identification:_identify(AllResults/fiftyVehs/twoWay/SouthNorth) by extension 'colcon_pkg'
[5.290s] Level 1:colcon.colcon_core.package_identification:_identify(AllResults/fiftyVehs/twoWay/SouthNorth) by extensions ['colcon_meta']
[5.290s] Level 1:colcon.colcon_core.package_identification:_identify(AllResults/fiftyVehs/twoWay/SouthNorth) by extension 'colcon_meta'
[5.290s] Level 1:colcon.colcon_core.package_identification:_identify(AllResults/fiftyVehs/twoWay/SouthNorth) by extensions ['ros']
[5.290s] Level 1:colcon.colcon_core.package_identification:_identify(AllResults/fiftyVehs/twoWay/SouthNorth) by extension 'ros'
[5.290s] Level 1:colcon.colcon_core.package_identification:_identify(AllResults/fiftyVehs/twoWay/SouthNorth) by extensions ['cmake', 'python']
[5.290s] Level 1:colcon.colcon_core.package_identification:_identify(AllResults/fiftyVehs/twoWay/SouthNorth) by extension 'cmake'
[5.291s] Level 1:colcon.colcon_core.package_identification:_identify(AllResults/fiftyVehs/twoWay/SouthNorth) by extension 'python'
[5.291s] Level 1:colcon.colcon_core.package_identification:_identify(AllResults/fiftyVehs/twoWay/SouthNorth) by extensions ['python_setup_py']
[5.291s] Level 1:colcon.colcon_core.package_identification:_identify(AllResults/fiftyVehs/twoWay/SouthNorth) by extension 'python_setup_py'
[5.291s] Level 1:colcon.colcon_core.package_identification:_identify(AllResults/fiftyVehs/twoWay/SouthNorth/FIS) by extensions ['ignore', 'ignore_ament_install']
[5.291s] Level 1:colcon.colcon_core.package_identification:_identify(AllResults/fiftyVehs/twoWay/SouthNorth/FIS) by extension 'ignore'
[5.291s] Level 1:colcon.colcon_core.package_identification:_identify(AllResults/fiftyVehs/twoWay/SouthNorth/FIS) by extension 'ignore_ament_install'
[5.291s] Level 1:colcon.colcon_core.package_identification:_identify(AllResults/fiftyVehs/twoWay/SouthNorth/FIS) by extensions ['colcon_pkg']
[5.291s] Level 1:colcon.colcon_core.package_identification:_identify(AllResults/fiftyVehs/twoWay/SouthNorth/FIS) by extension 'colcon_pkg'
[5.291s] Level 1:colcon.colcon_core.package_identification:_identify(AllResults/fiftyVehs/twoWay/SouthNorth/FIS) by extensions ['colcon_meta']
[5.291s] Level 1:colcon.colcon_core.package_identification:_identify(AllResults/fiftyVehs/twoWay/SouthNorth/FIS) by extension 'colcon_meta'
[5.291s] Level 1:colcon.colcon_core.package_identification:_identify(AllResults/fiftyVehs/twoWay/SouthNorth/FIS) by extensions ['ros']
[5.291s] Level 1:colcon.colcon_core.package_identification:_identify(AllResults/fiftyVehs/twoWay/SouthNorth/FIS) by extension 'ros'
[5.291s] Level 1:colcon.colcon_core.package_identification:_identify(AllResults/fiftyVehs/twoWay/SouthNorth/FIS) by extensions ['cmake', 'python']
[5.292s] Level 1:colcon.colcon_core.package_identification:_identify(AllResults/fiftyVehs/twoWay/SouthNorth/FIS) by extension 'cmake'
[5.292s] Level 1:colcon.colcon_core.package_identification:_identify(AllResults/fiftyVehs/twoWay/SouthNorth/FIS) by extension 'python'
[5.292s] Level 1:colcon.colcon_core.package_identification:_identify(AllResults/fiftyVehs/twoWay/SouthNorth/FIS) by extensions ['python_setup_py']
[5.292s] Level 1:colcon.colcon_core.package_identification:_identify(AllResults/fiftyVehs/twoWay/SouthNorth/FIS) by extension 'python_setup_py'
[5.292s] Level 1:colcon.colcon_core.package_identification:_identify(AllResults/fiftyVehs/twoWay/SouthNorth/SpdDst) by extensions ['ignore', 'ignore_ament_install']
[5.292s] Level 1:colcon.colcon_core.package_identification:_identify(AllResults/fiftyVehs/twoWay/SouthNorth/SpdDst) by extension 'ignore'
[5.292s] Level 1:colcon.colcon_core.package_identification:_identify(AllResults/fiftyVehs/twoWay/SouthNorth/SpdDst) by extension 'ignore_ament_install'
[5.292s] Level 1:colcon.colcon_core.package_identification:_identify(AllResults/fiftyVehs/twoWay/SouthNorth/SpdDst) by extensions ['colcon_pkg']
[5.292s] Level 1:colcon.colcon_core.package_identification:_identify(AllResults/fiftyVehs/twoWay/SouthNorth/SpdDst) by extension 'colcon_pkg'
[5.292s] Level 1:colcon.colcon_core.package_identification:_identify(AllResults/fiftyVehs/twoWay/SouthNorth/SpdDst) by extensions ['colcon_meta']
[5.292s] Level 1:colcon.colcon_core.package_identification:_identify(AllResults/fiftyVehs/twoWay/SouthNorth/SpdDst) by extension 'colcon_meta'
[5.292s] Level 1:colcon.colcon_core.package_identification:_identify(AllResults/fiftyVehs/twoWay/SouthNorth/SpdDst) by extensions ['ros']
[5.292s] Level 1:colcon.colcon_core.package_identification:_identify(AllResults/fiftyVehs/twoWay/SouthNorth/SpdDst) by extension 'ros'
[5.292s] Level 1:colcon.colcon_core.package_identification:_identify(AllResults/fiftyVehs/twoWay/SouthNorth/SpdDst) by extensions ['cmake', 'python']
[5.293s] Level 1:colcon.colcon_core.package_identification:_identify(AllResults/fiftyVehs/twoWay/SouthNorth/SpdDst) by extension 'cmake'
[5.293s] Level 1:colcon.colcon_core.package_identification:_identify(AllResults/fiftyVehs/twoWay/SouthNorth/SpdDst) by extension 'python'
[5.293s] Level 1:colcon.colcon_core.package_identification:_identify(AllResults/fiftyVehs/twoWay/SouthNorth/SpdDst) by extensions ['python_setup_py']
[5.293s] Level 1:colcon.colcon_core.package_identification:_identify(AllResults/fiftyVehs/twoWay/SouthNorth/SpdDst) by extension 'python_setup_py'
[5.293s] Level 1:colcon.colcon_core.package_identification:_identify(AllResults/fiftyVehs/twoWay/SouthNorth/Static) by extensions ['ignore', 'ignore_ament_install']
[5.293s] Level 1:colcon.colcon_core.package_identification:_identify(AllResults/fiftyVehs/twoWay/SouthNorth/Static) by extension 'ignore'
[5.293s] Level 1:colcon.colcon_core.package_identification:_identify(AllResults/fiftyVehs/twoWay/SouthNorth/Static) by extension 'ignore_ament_install'
[5.293s] Level 1:colcon.colcon_core.package_identification:_identify(AllResults/fiftyVehs/twoWay/SouthNorth/Static) by extensions ['colcon_pkg']
[5.293s] Level 1:colcon.colcon_core.package_identification:_identify(AllResults/fiftyVehs/twoWay/SouthNorth/Static) by extension 'colcon_pkg'
[5.294s] Level 1:colcon.colcon_core.package_identification:_identify(AllResults/fiftyVehs/twoWay/SouthNorth/Static) by extensions ['colcon_meta']
[5.294s] Level 1:colcon.colcon_core.package_identification:_identify(AllResults/fiftyVehs/twoWay/SouthNorth/Static) by extension 'colcon_meta'
[5.294s] Level 1:colcon.colcon_core.package_identification:_identify(AllResults/fiftyVehs/twoWay/SouthNorth/Static) by extensions ['ros']
[5.294s] Level 1:colcon.colcon_core.package_identification:_identify(AllResults/fiftyVehs/twoWay/SouthNorth/Static) by extension 'ros'
[5.294s] Level 1:colcon.colcon_core.package_identification:_identify(AllResults/fiftyVehs/twoWay/SouthNorth/Static) by extensions ['cmake', 'python']
[5.294s] Level 1:colcon.colcon_core.package_identification:_identify(AllResults/fiftyVehs/twoWay/SouthNorth/Static) by extension 'cmake'
[5.294s] Level 1:colcon.colcon_core.package_identification:_identify(AllResults/fiftyVehs/twoWay/SouthNorth/Static) by extension 'python'
[5.294s] Level 1:colcon.colcon_core.package_identification:_identify(AllResults/fiftyVehs/twoWay/SouthNorth/Static) by extensions ['python_setup_py']
[5.294s] Level 1:colcon.colcon_core.package_identification:_identify(AllResults/fiftyVehs/twoWay/SouthNorth/Static) by extension 'python_setup_py'
[5.294s] Level 1:colcon.colcon_core.package_identification:_identify(AllResults/fiftyVehs/twoWay/SpdDst) by extensions ['ignore', 'ignore_ament_install']
[5.294s] Level 1:colcon.colcon_core.package_identification:_identify(AllResults/fiftyVehs/twoWay/SpdDst) by extension 'ignore'
[5.294s] Level 1:colcon.colcon_core.package_identification:_identify(AllResults/fiftyVehs/twoWay/SpdDst) by extension 'ignore_ament_install'
[5.294s] Level 1:colcon.colcon_core.package_identification:_identify(AllResults/fiftyVehs/twoWay/SpdDst) by extensions ['colcon_pkg']
[5.294s] Level 1:colcon.colcon_core.package_identification:_identify(AllResults/fiftyVehs/twoWay/SpdDst) by extension 'colcon_pkg'
[5.295s] Level 1:colcon.colcon_core.package_identification:_identify(AllResults/fiftyVehs/twoWay/SpdDst) by extensions ['colcon_meta']
[5.295s] Level 1:colcon.colcon_core.package_identification:_identify(AllResults/fiftyVehs/twoWay/SpdDst) by extension 'colcon_meta'
[5.295s] Level 1:colcon.colcon_core.package_identification:_identify(AllResults/fiftyVehs/twoWay/SpdDst) by extensions ['ros']
[5.295s] Level 1:colcon.colcon_core.package_identification:_identify(AllResults/fiftyVehs/twoWay/SpdDst) by extension 'ros'
[5.295s] Level 1:colcon.colcon_core.package_identification:_identify(AllResults/fiftyVehs/twoWay/SpdDst) by extensions ['cmake', 'python']
[5.295s] Level 1:colcon.colcon_core.package_identification:_identify(AllResults/fiftyVehs/twoWay/SpdDst) by extension 'cmake'
[5.295s] Level 1:colcon.colcon_core.package_identification:_identify(AllResults/fiftyVehs/twoWay/SpdDst) by extension 'python'
[5.295s] Level 1:colcon.colcon_core.package_identification:_identify(AllResults/fiftyVehs/twoWay/SpdDst) by extensions ['python_setup_py']
[5.295s] Level 1:colcon.colcon_core.package_identification:_identify(AllResults/fiftyVehs/twoWay/SpdDst) by extension 'python_setup_py'
[5.295s] Level 1:colcon.colcon_core.package_identification:_identify(AllResults/fiftyVehs/twoWay/Static) by extensions ['ignore', 'ignore_ament_install']
[5.295s] Level 1:colcon.colcon_core.package_identification:_identify(AllResults/fiftyVehs/twoWay/Static) by extension 'ignore'
[5.295s] Level 1:colcon.colcon_core.package_identification:_identify(AllResults/fiftyVehs/twoWay/Static) by extension 'ignore_ament_install'
[5.296s] Level 1:colcon.colcon_core.package_identification:_identify(AllResults/fiftyVehs/twoWay/Static) by extensions ['colcon_pkg']
[5.296s] Level 1:colcon.colcon_core.package_identification:_identify(AllResults/fiftyVehs/twoWay/Static) by extension 'colcon_pkg'
[5.296s] Level 1:colcon.colcon_core.package_identification:_identify(AllResults/fiftyVehs/twoWay/Static) by extensions ['colcon_meta']
[5.296s] Level 1:colcon.colcon_core.package_identification:_identify(AllResults/fiftyVehs/twoWay/Static) by extension 'colcon_meta'
[5.296s] Level 1:colcon.colcon_core.package_identification:_identify(AllResults/fiftyVehs/twoWay/Static) by extensions ['ros']
[5.296s] Level 1:colcon.colcon_core.package_identification:_identify(AllResults/fiftyVehs/twoWay/Static) by extension 'ros'
[5.296s] Level 1:colcon.colcon_core.package_identification:_identify(AllResults/fiftyVehs/twoWay/Static) by extensions ['cmake', 'python']
[5.296s] Level 1:colcon.colcon_core.package_identification:_identify(AllResults/fiftyVehs/twoWay/Static) by extension 'cmake'
[5.296s] Level 1:colcon.colcon_core.package_identification:_identify(AllResults/fiftyVehs/twoWay/Static) by extension 'python'
[5.297s] Level 1:colcon.colcon_core.package_identification:_identify(AllResults/fiftyVehs/twoWay/Static) by extensions ['python_setup_py']
[5.297s] Level 1:colcon.colcon_core.package_identification:_identify(AllResults/fiftyVehs/twoWay/Static) by extension 'python_setup_py'
[5.297s] Level 1:colcon.colcon_core.package_identification:_identify(AllResults/hundredVehs) by extensions ['ignore', 'ignore_ament_install']
[5.297s] Level 1:colcon.colcon_core.package_identification:_identify(AllResults/hundredVehs) by extension 'ignore'
[5.297s] Level 1:colcon.colcon_core.package_identification:_identify(AllResults/hundredVehs) by extension 'ignore_ament_install'
[5.297s] Level 1:colcon.colcon_core.package_identification:_identify(AllResults/hundredVehs) by extensions ['colcon_pkg']
[5.297s] Level 1:colcon.colcon_core.package_identification:_identify(AllResults/hundredVehs) by extension 'colcon_pkg'
[5.297s] Level 1:colcon.colcon_core.package_identification:_identify(AllResults/hundredVehs) by extensions ['colcon_meta']
[5.297s] Level 1:colcon.colcon_core.package_identification:_identify(AllResults/hundredVehs) by extension 'colcon_meta'
[5.297s] Level 1:colcon.colcon_core.package_identification:_identify(AllResults/hundredVehs) by extensions ['ros']
[5.297s] Level 1:colcon.colcon_core.package_identification:_identify(AllResults/hundredVehs) by extension 'ros'
[5.298s] Level 1:colcon.colcon_core.package_identification:_identify(AllResults/hundredVehs) by extensions ['cmake', 'python']
[5.298s] Level 1:colcon.colcon_core.package_identification:_identify(AllResults/hundredVehs) by extension 'cmake'
[5.298s] Level 1:colcon.colcon_core.package_identification:_identify(AllResults/hundredVehs) by extension 'python'
[5.298s] Level 1:colcon.colcon_core.package_identification:_identify(AllResults/hundredVehs) by extensions ['python_setup_py']
[5.298s] Level 1:colcon.colcon_core.package_identification:_identify(AllResults/hundredVehs) by extension 'python_setup_py'
[5.298s] Level 1:colcon.colcon_core.package_identification:_identify(AllResults/hundredVehs/fourWay) by extensions ['ignore', 'ignore_ament_install']
[5.298s] Level 1:colcon.colcon_core.package_identification:_identify(AllResults/hundredVehs/fourWay) by extension 'ignore'
[5.298s] Level 1:colcon.colcon_core.package_identification:_identify(AllResults/hundredVehs/fourWay) by extension 'ignore_ament_install'
[5.298s] Level 1:colcon.colcon_core.package_identification:_identify(AllResults/hundredVehs/fourWay) by extensions ['colcon_pkg']
[5.298s] Level 1:colcon.colcon_core.package_identification:_identify(AllResults/hundredVehs/fourWay) by extension 'colcon_pkg'
[5.298s] Level 1:colcon.colcon_core.package_identification:_identify(AllResults/hundredVehs/fourWay) by extensions ['colcon_meta']
[5.299s] Level 1:colcon.colcon_core.package_identification:_identify(AllResults/hundredVehs/fourWay) by extension 'colcon_meta'
[5.299s] Level 1:colcon.colcon_core.package_identification:_identify(AllResults/hundredVehs/fourWay) by extensions ['ros']
[5.299s] Level 1:colcon.colcon_core.package_identification:_identify(AllResults/hundredVehs/fourWay) by extension 'ros'
[5.299s] Level 1:colcon.colcon_core.package_identification:_identify(AllResults/hundredVehs/fourWay) by extensions ['cmake', 'python']
[5.299s] Level 1:colcon.colcon_core.package_identification:_identify(AllResults/hundredVehs/fourWay) by extension 'cmake'
[5.299s] Level 1:colcon.colcon_core.package_identification:_identify(AllResults/hundredVehs/fourWay) by extension 'python'
[5.299s] Level 1:colcon.colcon_core.package_identification:_identify(AllResults/hundredVehs/fourWay) by extensions ['python_setup_py']
[5.299s] Level 1:colcon.colcon_core.package_identification:_identify(AllResults/hundredVehs/fourWay) by extension 'python_setup_py'
[5.299s] Level 1:colcon.colcon_core.package_identification:_identify(AllResults/hundredVehs/fourWay/FIS) by extensions ['ignore', 'ignore_ament_install']
[5.300s] Level 1:colcon.colcon_core.package_identification:_identify(AllResults/hundredVehs/fourWay/FIS) by extension 'ignore'
[5.300s] Level 1:colcon.colcon_core.package_identification:_identify(AllResults/hundredVehs/fourWay/FIS) by extension 'ignore_ament_install'
[5.300s] Level 1:colcon.colcon_core.package_identification:_identify(AllResults/hundredVehs/fourWay/FIS) by extensions ['colcon_pkg']
[5.300s] Level 1:colcon.colcon_core.package_identification:_identify(AllResults/hundredVehs/fourWay/FIS) by extension 'colcon_pkg'
[5.300s] Level 1:colcon.colcon_core.package_identification:_identify(AllResults/hundredVehs/fourWay/FIS) by extensions ['colcon_meta']
[5.300s] Level 1:colcon.colcon_core.package_identification:_identify(AllResults/hundredVehs/fourWay/FIS) by extension 'colcon_meta'
[5.300s] Level 1:colcon.colcon_core.package_identification:_identify(AllResults/hundredVehs/fourWay/FIS) by extensions ['ros']
[5.300s] Level 1:colcon.colcon_core.package_identification:_identify(AllResults/hundredVehs/fourWay/FIS) by extension 'ros'
[5.300s] Level 1:colcon.colcon_core.package_identification:_identify(AllResults/hundredVehs/fourWay/FIS) by extensions ['cmake', 'python']
[5.300s] Level 1:colcon.colcon_core.package_identification:_identify(AllResults/hundredVehs/fourWay/FIS) by extension 'cmake'
[5.301s] Level 1:colcon.colcon_core.package_identification:_identify(AllResults/hundredVehs/fourWay/FIS) by extension 'python'
[5.301s] Level 1:colcon.colcon_core.package_identification:_identify(AllResults/hundredVehs/fourWay/FIS) by extensions ['python_setup_py']
[5.301s] Level 1:colcon.colcon_core.package_identification:_identify(AllResults/hundredVehs/fourWay/FIS) by extension 'python_setup_py'
[5.301s] Level 1:colcon.colcon_core.package_identification:_identify(AllResults/hundredVehs/fourWay/SpdDst) by extensions ['ignore', 'ignore_ament_install']
[5.301s] Level 1:colcon.colcon_core.package_identification:_identify(AllResults/hundredVehs/fourWay/SpdDst) by extension 'ignore'
[5.301s] Level 1:colcon.colcon_core.package_identification:_identify(AllResults/hundredVehs/fourWay/SpdDst) by extension 'ignore_ament_install'
[5.301s] Level 1:colcon.colcon_core.package_identification:_identify(AllResults/hundredVehs/fourWay/SpdDst) by extensions ['colcon_pkg']
[5.302s] Level 1:colcon.colcon_core.package_identification:_identify(AllResults/hundredVehs/fourWay/SpdDst) by extension 'colcon_pkg'
[5.302s] Level 1:colcon.colcon_core.package_identification:_identify(AllResults/hundredVehs/fourWay/SpdDst) by extensions ['colcon_meta']
[5.302s] Level 1:colcon.colcon_core.package_identification:_identify(AllResults/hundredVehs/fourWay/SpdDst) by extension 'colcon_meta'
[5.302s] Level 1:colcon.colcon_core.package_identification:_identify(AllResults/hundredVehs/fourWay/SpdDst) by extensions ['ros']
[5.302s] Level 1:colcon.colcon_core.package_identification:_identify(AllResults/hundredVehs/fourWay/SpdDst) by extension 'ros'
[5.302s] Level 1:colcon.colcon_core.package_identification:_identify(AllResults/hundredVehs/fourWay/SpdDst) by extensions ['cmake', 'python']
[5.302s] Level 1:colcon.colcon_core.package_identification:_identify(AllResults/hundredVehs/fourWay/SpdDst) by extension 'cmake'
[5.302s] Level 1:colcon.colcon_core.package_identification:_identify(AllResults/hundredVehs/fourWay/SpdDst) by extension 'python'
[5.302s] Level 1:colcon.colcon_core.package_identification:_identify(AllResults/hundredVehs/fourWay/SpdDst) by extensions ['python_setup_py']
[5.302s] Level 1:colcon.colcon_core.package_identification:_identify(AllResults/hundredVehs/fourWay/SpdDst) by extension 'python_setup_py'
[5.302s] Level 1:colcon.colcon_core.package_identification:_identify(AllResults/hundredVehs/fourWay/Static) by extensions ['ignore', 'ignore_ament_install']
[5.302s] Level 1:colcon.colcon_core.package_identification:_identify(AllResults/hundredVehs/fourWay/Static) by extension 'ignore'
[5.303s] Level 1:colcon.colcon_core.package_identification:_identify(AllResults/hundredVehs/fourWay/Static) by extension 'ignore_ament_install'
[5.303s] Level 1:colcon.colcon_core.package_identification:_identify(AllResults/hundredVehs/fourWay/Static) by extensions ['colcon_pkg']
[5.303s] Level 1:colcon.colcon_core.package_identification:_identify(AllResults/hundredVehs/fourWay/Static) by extension 'colcon_pkg'
[5.303s] Level 1:colcon.colcon_core.package_identification:_identify(AllResults/hundredVehs/fourWay/Static) by extensions ['colcon_meta']
[5.303s] Level 1:colcon.colcon_core.package_identification:_identify(AllResults/hundredVehs/fourWay/Static) by extension 'colcon_meta'
[5.303s] Level 1:colcon.colcon_core.package_identification:_identify(AllResults/hundredVehs/fourWay/Static) by extensions ['ros']
[5.303s] Level 1:colcon.colcon_core.package_identification:_identify(AllResults/hundredVehs/fourWay/Static) by extension 'ros'
[5.303s] Level 1:colcon.colcon_core.package_identification:_identify(AllResults/hundredVehs/fourWay/Static) by extensions ['cmake', 'python']
[5.303s] Level 1:colcon.colcon_core.package_identification:_identify(AllResults/hundredVehs/fourWay/Static) by extension 'cmake'
[5.303s] Level 1:colcon.colcon_core.package_identification:_identify(AllResults/hundredVehs/fourWay/Static) by extension 'python'
[5.303s] Level 1:colcon.colcon_core.package_identification:_identify(AllResults/hundredVehs/fourWay/Static) by extensions ['python_setup_py']
[5.303s] Level 1:colcon.colcon_core.package_identification:_identify(AllResults/hundredVehs/fourWay/Static) by extension 'python_setup_py'
[5.304s] Level 1:colcon.colcon_core.package_identification:_identify(AllResults/hundredVehs/twoWay) by extensions ['ignore', 'ignore_ament_install']
[5.304s] Level 1:colcon.colcon_core.package_identification:_identify(AllResults/hundredVehs/twoWay) by extension 'ignore'
[5.304s] Level 1:colcon.colcon_core.package_identification:_identify(AllResults/hundredVehs/twoWay) by extension 'ignore_ament_install'
[5.304s] Level 1:colcon.colcon_core.package_identification:_identify(AllResults/hundredVehs/twoWay) by extensions ['colcon_pkg']
[5.304s] Level 1:colcon.colcon_core.package_identification:_identify(AllResults/hundredVehs/twoWay) by extension 'colcon_pkg'
[5.305s] Level 1:colcon.colcon_core.package_identification:_identify(AllResults/hundredVehs/twoWay) by extensions ['colcon_meta']
[5.305s] Level 1:colcon.colcon_core.package_identification:_identify(AllResults/hundredVehs/twoWay) by extension 'colcon_meta'
[5.305s] Level 1:colcon.colcon_core.package_identification:_identify(AllResults/hundredVehs/twoWay) by extensions ['ros']
[5.305s] Level 1:colcon.colcon_core.package_identification:_identify(AllResults/hundredVehs/twoWay) by extension 'ros'
[5.305s] Level 1:colcon.colcon_core.package_identification:_identify(AllResults/hundredVehs/twoWay) by extensions ['cmake', 'python']
[5.305s] Level 1:colcon.colcon_core.package_identification:_identify(AllResults/hundredVehs/twoWay) by extension 'cmake'
[5.305s] Level 1:colcon.colcon_core.package_identification:_identify(AllResults/hundredVehs/twoWay) by extension 'python'
[5.305s] Level 1:colcon.colcon_core.package_identification:_identify(AllResults/hundredVehs/twoWay) by extensions ['python_setup_py']
[5.305s] Level 1:colcon.colcon_core.package_identification:_identify(AllResults/hundredVehs/twoWay) by extension 'python_setup_py'
[5.305s] Level 1:colcon.colcon_core.package_identification:_identify(AllResults/hundredVehs/twoWay/FIS) by extensions ['ignore', 'ignore_ament_install']
[5.306s] Level 1:colcon.colcon_core.package_identification:_identify(AllResults/hundredVehs/twoWay/FIS) by extension 'ignore'
[5.306s] Level 1:colcon.colcon_core.package_identification:_identify(AllResults/hundredVehs/twoWay/FIS) by extension 'ignore_ament_install'
[5.306s] Level 1:colcon.colcon_core.package_identification:_identify(AllResults/hundredVehs/twoWay/FIS) by extensions ['colcon_pkg']
[5.306s] Level 1:colcon.colcon_core.package_identification:_identify(AllResults/hundredVehs/twoWay/FIS) by extension 'colcon_pkg'
[5.306s] Level 1:colcon.colcon_core.package_identification:_identify(AllResults/hundredVehs/twoWay/FIS) by extensions ['colcon_meta']
[5.306s] Level 1:colcon.colcon_core.package_identification:_identify(AllResults/hundredVehs/twoWay/FIS) by extension 'colcon_meta'
[5.306s] Level 1:colcon.colcon_core.package_identification:_identify(AllResults/hundredVehs/twoWay/FIS) by extensions ['ros']
[5.306s] Level 1:colcon.colcon_core.package_identification:_identify(AllResults/hundredVehs/twoWay/FIS) by extension 'ros'
[5.306s] Level 1:colcon.colcon_core.package_identification:_identify(AllResults/hundredVehs/twoWay/FIS) by extensions ['cmake', 'python']
[5.306s] Level 1:colcon.colcon_core.package_identification:_identify(AllResults/hundredVehs/twoWay/FIS) by extension 'cmake'
[5.306s] Level 1:colcon.colcon_core.package_identification:_identify(AllResults/hundredVehs/twoWay/FIS) by extension 'python'
[5.307s] Level 1:colcon.colcon_core.package_identification:_identify(AllResults/hundredVehs/twoWay/FIS) by extensions ['python_setup_py']
[5.307s] Level 1:colcon.colcon_core.package_identification:_identify(AllResults/hundredVehs/twoWay/FIS) by extension 'python_setup_py'
[5.307s] Level 1:colcon.colcon_core.package_identification:_identify(AllResults/hundredVehs/twoWay/NorthSouth) by extensions ['ignore', 'ignore_ament_install']
[5.307s] Level 1:colcon.colcon_core.package_identification:_identify(AllResults/hundredVehs/twoWay/NorthSouth) by extension 'ignore'
[5.307s] Level 1:colcon.colcon_core.package_identification:_identify(AllResults/hundredVehs/twoWay/NorthSouth) by extension 'ignore_ament_install'
[5.307s] Level 1:colcon.colcon_core.package_identification:_identify(AllResults/hundredVehs/twoWay/NorthSouth) by extensions ['colcon_pkg']
[5.307s] Level 1:colcon.colcon_core.package_identification:_identify(AllResults/hundredVehs/twoWay/NorthSouth) by extension 'colcon_pkg'
[5.307s] Level 1:colcon.colcon_core.package_identification:_identify(AllResults/hundredVehs/twoWay/NorthSouth) by extensions ['colcon_meta']
[5.307s] Level 1:colcon.colcon_core.package_identification:_identify(AllResults/hundredVehs/twoWay/NorthSouth) by extension 'colcon_meta'
[5.307s] Level 1:colcon.colcon_core.package_identification:_identify(AllResults/hundredVehs/twoWay/NorthSouth) by extensions ['ros']
[5.307s] Level 1:colcon.colcon_core.package_identification:_identify(AllResults/hundredVehs/twoWay/NorthSouth) by extension 'ros'
[5.308s] Level 1:colcon.colcon_core.package_identification:_identify(AllResults/hundredVehs/twoWay/NorthSouth) by extensions ['cmake', 'python']
[5.308s] Level 1:colcon.colcon_core.package_identification:_identify(AllResults/hundredVehs/twoWay/NorthSouth) by extension 'cmake'
[5.308s] Level 1:colcon.colcon_core.package_identification:_identify(AllResults/hundredVehs/twoWay/NorthSouth) by extension 'python'
[5.308s] Level 1:colcon.colcon_core.package_identification:_identify(AllResults/hundredVehs/twoWay/NorthSouth) by extensions ['python_setup_py']
[5.308s] Level 1:colcon.colcon_core.package_identification:_identify(AllResults/hundredVehs/twoWay/NorthSouth) by extension 'python_setup_py'
[5.308s] Level 1:colcon.colcon_core.package_identification:_identify(AllResults/hundredVehs/twoWay/NorthSouth/FIS) by extensions ['ignore', 'ignore_ament_install']
[5.309s] Level 1:colcon.colcon_core.package_identification:_identify(AllResults/hundredVehs/twoWay/NorthSouth/FIS) by extension 'ignore'
[5.309s] Level 1:colcon.colcon_core.package_identification:_identify(AllResults/hundredVehs/twoWay/NorthSouth/FIS) by extension 'ignore_ament_install'
[5.309s] Level 1:colcon.colcon_core.package_identification:_identify(AllResults/hundredVehs/twoWay/NorthSouth/FIS) by extensions ['colcon_pkg']
[5.309s] Level 1:colcon.colcon_core.package_identification:_identify(AllResults/hundredVehs/twoWay/NorthSouth/FIS) by extension 'colcon_pkg'
[5.309s] Level 1:colcon.colcon_core.package_identification:_identify(AllResults/hundredVehs/twoWay/NorthSouth/FIS) by extensions ['colcon_meta']
[5.309s] Level 1:colcon.colcon_core.package_identification:_identify(AllResults/hundredVehs/twoWay/NorthSouth/FIS) by extension 'colcon_meta'
[5.309s] Level 1:colcon.colcon_core.package_identification:_identify(AllResults/hundredVehs/twoWay/NorthSouth/FIS) by extensions ['ros']
[5.309s] Level 1:colcon.colcon_core.package_identification:_identify(AllResults/hundredVehs/twoWay/NorthSouth/FIS) by extension 'ros'
[5.309s] Level 1:colcon.colcon_core.package_identification:_identify(AllResults/hundredVehs/twoWay/NorthSouth/FIS) by extensions ['cmake', 'python']
[5.309s] Level 1:colcon.colcon_core.package_identification:_identify(AllResults/hundredVehs/twoWay/NorthSouth/FIS) by extension 'cmake'
[5.309s] Level 1:colcon.colcon_core.package_identification:_identify(AllResults/hundredVehs/twoWay/NorthSouth/FIS) by extension 'python'
[5.309s] Level 1:colcon.colcon_core.package_identification:_identify(AllResults/hundredVehs/twoWay/NorthSouth/FIS) by extensions ['python_setup_py']
[5.309s] Level 1:colcon.colcon_core.package_identification:_identify(AllResults/hundredVehs/twoWay/NorthSouth/FIS) by extension 'python_setup_py'
[5.310s] Level 1:colcon.colcon_core.package_identification:_identify(AllResults/hundredVehs/twoWay/NorthSouth/SpdDst) by extensions ['ignore', 'ignore_ament_install']
[5.310s] Level 1:colcon.colcon_core.package_identification:_identify(AllResults/hundredVehs/twoWay/NorthSouth/SpdDst) by extension 'ignore'
[5.310s] Level 1:colcon.colcon_core.package_identification:_identify(AllResults/hundredVehs/twoWay/NorthSouth/SpdDst) by extension 'ignore_ament_install'
[5.310s] Level 1:colcon.colcon_core.package_identification:_identify(AllResults/hundredVehs/twoWay/NorthSouth/SpdDst) by extensions ['colcon_pkg']
[5.310s] Level 1:colcon.colcon_core.package_identification:_identify(AllResults/hundredVehs/twoWay/NorthSouth/SpdDst) by extension 'colcon_pkg'
[5.310s] Level 1:colcon.colcon_core.package_identification:_identify(AllResults/hundredVehs/twoWay/NorthSouth/SpdDst) by extensions ['colcon_meta']
[5.310s] Level 1:colcon.colcon_core.package_identification:_identify(AllResults/hundredVehs/twoWay/NorthSouth/SpdDst) by extension 'colcon_meta'
[5.310s] Level 1:colcon.colcon_core.package_identification:_identify(AllResults/hundredVehs/twoWay/NorthSouth/SpdDst) by extensions ['ros']
[5.310s] Level 1:colcon.colcon_core.package_identification:_identify(AllResults/hundredVehs/twoWay/NorthSouth/SpdDst) by extension 'ros'
[5.310s] Level 1:colcon.colcon_core.package_identification:_identify(AllResults/hundredVehs/twoWay/NorthSouth/SpdDst) by extensions ['cmake', 'python']
[5.310s] Level 1:colcon.colcon_core.package_identification:_identify(AllResults/hundredVehs/twoWay/NorthSouth/SpdDst) by extension 'cmake'
[5.310s] Level 1:colcon.colcon_core.package_identification:_identify(AllResults/hundredVehs/twoWay/NorthSouth/SpdDst) by extension 'python'
[5.310s] Level 1:colcon.colcon_core.package_identification:_identify(AllResults/hundredVehs/twoWay/NorthSouth/SpdDst) by extensions ['python_setup_py']
[5.310s] Level 1:colcon.colcon_core.package_identification:_identify(AllResults/hundredVehs/twoWay/NorthSouth/SpdDst) by extension 'python_setup_py'
[5.311s] Level 1:colcon.colcon_core.package_identification:_identify(AllResults/hundredVehs/twoWay/NorthSouth/Static) by extensions ['ignore', 'ignore_ament_install']
[5.311s] Level 1:colcon.colcon_core.package_identification:_identify(AllResults/hundredVehs/twoWay/NorthSouth/Static) by extension 'ignore'
[5.311s] Level 1:colcon.colcon_core.package_identification:_identify(AllResults/hundredVehs/twoWay/NorthSouth/Static) by extension 'ignore_ament_install'
[5.311s] Level 1:colcon.colcon_core.package_identification:_identify(AllResults/hundredVehs/twoWay/NorthSouth/Static) by extensions ['colcon_pkg']
[5.311s] Level 1:colcon.colcon_core.package_identification:_identify(AllResults/hundredVehs/twoWay/NorthSouth/Static) by extension 'colcon_pkg'
[5.311s] Level 1:colcon.colcon_core.package_identification:_identify(AllResults/hundredVehs/twoWay/NorthSouth/Static) by extensions ['colcon_meta']
[5.311s] Level 1:colcon.colcon_core.package_identification:_identify(AllResults/hundredVehs/twoWay/NorthSouth/Static) by extension 'colcon_meta'
[5.311s] Level 1:colcon.colcon_core.package_identification:_identify(AllResults/hundredVehs/twoWay/NorthSouth/Static) by extensions ['ros']
[5.311s] Level 1:colcon.colcon_core.package_identification:_identify(AllResults/hundredVehs/twoWay/NorthSouth/Static) by extension 'ros'
[5.311s] Level 1:colcon.colcon_core.package_identification:_identify(AllResults/hundredVehs/twoWay/NorthSouth/Static) by extensions ['cmake', 'python']
[5.312s] Level 1:colcon.colcon_core.package_identification:_identify(AllResults/hundredVehs/twoWay/NorthSouth/Static) by extension 'cmake'
[5.312s] Level 1:colcon.colcon_core.package_identification:_identify(AllResults/hundredVehs/twoWay/NorthSouth/Static) by extension 'python'
[5.312s] Level 1:colcon.colcon_core.package_identification:_identify(AllResults/hundredVehs/twoWay/NorthSouth/Static) by extensions ['python_setup_py']
[5.312s] Level 1:colcon.colcon_core.package_identification:_identify(AllResults/hundredVehs/twoWay/NorthSouth/Static) by extension 'python_setup_py'
[5.312s] Level 1:colcon.colcon_core.package_identification:_identify(AllResults/hundredVehs/twoWay/SpdDst) by extensions ['ignore', 'ignore_ament_install']
[5.312s] Level 1:colcon.colcon_core.package_identification:_identify(AllResults/hundredVehs/twoWay/SpdDst) by extension 'ignore'
[5.312s] Level 1:colcon.colcon_core.package_identification:_identify(AllResults/hundredVehs/twoWay/SpdDst) by extension 'ignore_ament_install'
[5.312s] Level 1:colcon.colcon_core.package_identification:_identify(AllResults/hundredVehs/twoWay/SpdDst) by extensions ['colcon_pkg']
[5.312s] Level 1:colcon.colcon_core.package_identification:_identify(AllResults/hundredVehs/twoWay/SpdDst) by extension 'colcon_pkg'
[5.312s] Level 1:colcon.colcon_core.package_identification:_identify(AllResults/hundredVehs/twoWay/SpdDst) by extensions ['colcon_meta']
[5.312s] Level 1:colcon.colcon_core.package_identification:_identify(AllResults/hundredVehs/twoWay/SpdDst) by extension 'colcon_meta'
[5.313s] Level 1:colcon.colcon_core.package_identification:_identify(AllResults/hundredVehs/twoWay/SpdDst) by extensions ['ros']
[5.313s] Level 1:colcon.colcon_core.package_identification:_identify(AllResults/hundredVehs/twoWay/SpdDst) by extension 'ros'
[5.313s] Level 1:colcon.colcon_core.package_identification:_identify(AllResults/hundredVehs/twoWay/SpdDst) by extensions ['cmake', 'python']
[5.313s] Level 1:colcon.colcon_core.package_identification:_identify(AllResults/hundredVehs/twoWay/SpdDst) by extension 'cmake'
[5.313s] Level 1:colcon.colcon_core.package_identification:_identify(AllResults/hundredVehs/twoWay/SpdDst) by extension 'python'
[5.313s] Level 1:colcon.colcon_core.package_identification:_identify(AllResults/hundredVehs/twoWay/SpdDst) by extensions ['python_setup_py']
[5.313s] Level 1:colcon.colcon_core.package_identification:_identify(AllResults/hundredVehs/twoWay/SpdDst) by extension 'python_setup_py'
[5.313s] Level 1:colcon.colcon_core.package_identification:_identify(AllResults/hundredVehs/twoWay/Static) by extensions ['ignore', 'ignore_ament_install']
[5.313s] Level 1:colcon.colcon_core.package_identification:_identify(AllResults/hundredVehs/twoWay/Static) by extension 'ignore'
[5.313s] Level 1:colcon.colcon_core.package_identification:_identify(AllResults/hundredVehs/twoWay/Static) by extension 'ignore_ament_install'
[5.313s] Level 1:colcon.colcon_core.package_identification:_identify(AllResults/hundredVehs/twoWay/Static) by extensions ['colcon_pkg']
[5.313s] Level 1:colcon.colcon_core.package_identification:_identify(AllResults/hundredVehs/twoWay/Static) by extension 'colcon_pkg'
[5.314s] Level 1:colcon.colcon_core.package_identification:_identify(AllResults/hundredVehs/twoWay/Static) by extensions ['colcon_meta']
[5.314s] Level 1:colcon.colcon_core.package_identification:_identify(AllResults/hundredVehs/twoWay/Static) by extension 'colcon_meta'
[5.314s] Level 1:colcon.colcon_core.package_identification:_identify(AllResults/hundredVehs/twoWay/Static) by extensions ['ros']
[5.314s] Level 1:colcon.colcon_core.package_identification:_identify(AllResults/hundredVehs/twoWay/Static) by extension 'ros'
[5.314s] Level 1:colcon.colcon_core.package_identification:_identify(AllResults/hundredVehs/twoWay/Static) by extensions ['cmake', 'python']
[5.314s] Level 1:colcon.colcon_core.package_identification:_identify(AllResults/hundredVehs/twoWay/Static) by extension 'cmake'
[5.314s] Level 1:colcon.colcon_core.package_identification:_identify(AllResults/hundredVehs/twoWay/Static) by extension 'python'
[5.314s] Level 1:colcon.colcon_core.package_identification:_identify(AllResults/hundredVehs/twoWay/Static) by extensions ['python_setup_py']
[5.314s] Level 1:colcon.colcon_core.package_identification:_identify(AllResults/hundredVehs/twoWay/Static) by extension 'python_setup_py'
[5.314s] Level 1:colcon.colcon_core.package_identification:_identify(AllResults/twoHundred) by extensions ['ignore', 'ignore_ament_install']
[5.314s] Level 1:colcon.colcon_core.package_identification:_identify(AllResults/twoHundred) by extension 'ignore'
[5.315s] Level 1:colcon.colcon_core.package_identification:_identify(AllResults/twoHundred) by extension 'ignore_ament_install'
[5.315s] Level 1:colcon.colcon_core.package_identification:_identify(AllResults/twoHundred) by extensions ['colcon_pkg']
[5.315s] Level 1:colcon.colcon_core.package_identification:_identify(AllResults/twoHundred) by extension 'colcon_pkg'
[5.315s] Level 1:colcon.colcon_core.package_identification:_identify(AllResults/twoHundred) by extensions ['colcon_meta']
[5.315s] Level 1:colcon.colcon_core.package_identification:_identify(AllResults/twoHundred) by extension 'colcon_meta'
[5.315s] Level 1:colcon.colcon_core.package_identification:_identify(AllResults/twoHundred) by extensions ['ros']
[5.315s] Level 1:colcon.colcon_core.package_identification:_identify(AllResults/twoHundred) by extension 'ros'
[5.315s] Level 1:colcon.colcon_core.package_identification:_identify(AllResults/twoHundred) by extensions ['cmake', 'python']
[5.315s] Level 1:colcon.colcon_core.package_identification:_identify(AllResults/twoHundred) by extension 'cmake'
[5.315s] Level 1:colcon.colcon_core.package_identification:_identify(AllResults/twoHundred) by extension 'python'
[5.315s] Level 1:colcon.colcon_core.package_identification:_identify(AllResults/twoHundred) by extensions ['python_setup_py']
[5.315s] Level 1:colcon.colcon_core.package_identification:_identify(AllResults/twoHundred) by extension 'python_setup_py'
[5.316s] Level 1:colcon.colcon_core.package_identification:_identify(AllResults/twoHundred/fourWay) by extensions ['ignore', 'ignore_ament_install']
[5.316s] Level 1:colcon.colcon_core.package_identification:_identify(AllResults/twoHundred/fourWay) by extension 'ignore'
[5.316s] Level 1:colcon.colcon_core.package_identification:_identify(AllResults/twoHundred/fourWay) by extension 'ignore_ament_install'
[5.316s] Level 1:colcon.colcon_core.package_identification:_identify(AllResults/twoHundred/fourWay) by extensions ['colcon_pkg']
[5.316s] Level 1:colcon.colcon_core.package_identification:_identify(AllResults/twoHundred/fourWay) by extension 'colcon_pkg'
[5.316s] Level 1:colcon.colcon_core.package_identification:_identify(AllResults/twoHundred/fourWay) by extensions ['colcon_meta']
[5.316s] Level 1:colcon.colcon_core.package_identification:_identify(AllResults/twoHundred/fourWay) by extension 'colcon_meta'
[5.316s] Level 1:colcon.colcon_core.package_identification:_identify(AllResults/twoHundred/fourWay) by extensions ['ros']
[5.316s] Level 1:colcon.colcon_core.package_identification:_identify(AllResults/twoHundred/fourWay) by extension 'ros'
[5.317s] Level 1:colcon.colcon_core.package_identification:_identify(AllResults/twoHundred/fourWay) by extensions ['cmake', 'python']
[5.317s] Level 1:colcon.colcon_core.package_identification:_identify(AllResults/twoHundred/fourWay) by extension 'cmake'
[5.317s] Level 1:colcon.colcon_core.package_identification:_identify(AllResults/twoHundred/fourWay) by extension 'python'
[5.317s] Level 1:colcon.colcon_core.package_identification:_identify(AllResults/twoHundred/fourWay) by extensions ['python_setup_py']
[5.317s] Level 1:colcon.colcon_core.package_identification:_identify(AllResults/twoHundred/fourWay) by extension 'python_setup_py'
[5.317s] Level 1:colcon.colcon_core.package_identification:_identify(AllResults/twoHundred/fourWay/FIS) by extensions ['ignore', 'ignore_ament_install']
[5.318s] Level 1:colcon.colcon_core.package_identification:_identify(AllResults/twoHundred/fourWay/FIS) by extension 'ignore'
[5.318s] Level 1:colcon.colcon_core.package_identification:_identify(AllResults/twoHundred/fourWay/FIS) by extension 'ignore_ament_install'
[5.318s] Level 1:colcon.colcon_core.package_identification:_identify(AllResults/twoHundred/fourWay/FIS) by extensions ['colcon_pkg']
[5.318s] Level 1:colcon.colcon_core.package_identification:_identify(AllResults/twoHundred/fourWay/FIS) by extension 'colcon_pkg'
[5.318s] Level 1:colcon.colcon_core.package_identification:_identify(AllResults/twoHundred/fourWay/FIS) by extensions ['colcon_meta']
[5.318s] Level 1:colcon.colcon_core.package_identification:_identify(AllResults/twoHundred/fourWay/FIS) by extension 'colcon_meta'
[5.318s] Level 1:colcon.colcon_core.package_identification:_identify(AllResults/twoHundred/fourWay/FIS) by extensions ['ros']
[5.318s] Level 1:colcon.colcon_core.package_identification:_identify(AllResults/twoHundred/fourWay/FIS) by extension 'ros'
[5.318s] Level 1:colcon.colcon_core.package_identification:_identify(AllResults/twoHundred/fourWay/FIS) by extensions ['cmake', 'python']
[5.318s] Level 1:colcon.colcon_core.package_identification:_identify(AllResults/twoHundred/fourWay/FIS) by extension 'cmake'
[5.318s] Level 1:colcon.colcon_core.package_identification:_identify(AllResults/twoHundred/fourWay/FIS) by extension 'python'
[5.318s] Level 1:colcon.colcon_core.package_identification:_identify(AllResults/twoHundred/fourWay/FIS) by extensions ['python_setup_py']
[5.318s] Level 1:colcon.colcon_core.package_identification:_identify(AllResults/twoHundred/fourWay/FIS) by extension 'python_setup_py'
[5.319s] Level 1:colcon.colcon_core.package_identification:_identify(AllResults/twoHundred/fourWay/SpdDst) by extensions ['ignore', 'ignore_ament_install']
[5.319s] Level 1:colcon.colcon_core.package_identification:_identify(AllResults/twoHundred/fourWay/SpdDst) by extension 'ignore'
[5.319s] Level 1:colcon.colcon_core.package_identification:_identify(AllResults/twoHundred/fourWay/SpdDst) by extension 'ignore_ament_install'
[5.319s] Level 1:colcon.colcon_core.package_identification:_identify(AllResults/twoHundred/fourWay/SpdDst) by extensions ['colcon_pkg']
[5.319s] Level 1:colcon.colcon_core.package_identification:_identify(AllResults/twoHundred/fourWay/SpdDst) by extension 'colcon_pkg'
[5.319s] Level 1:colcon.colcon_core.package_identification:_identify(AllResults/twoHundred/fourWay/SpdDst) by extensions ['colcon_meta']
[5.319s] Level 1:colcon.colcon_core.package_identification:_identify(AllResults/twoHundred/fourWay/SpdDst) by extension 'colcon_meta'
[5.320s] Level 1:colcon.colcon_core.package_identification:_identify(AllResults/twoHundred/fourWay/SpdDst) by extensions ['ros']
[5.320s] Level 1:colcon.colcon_core.package_identification:_identify(AllResults/twoHundred/fourWay/SpdDst) by extension 'ros'
[5.320s] Level 1:colcon.colcon_core.package_identification:_identify(AllResults/twoHundred/fourWay/SpdDst) by extensions ['cmake', 'python']
[5.320s] Level 1:colcon.colcon_core.package_identification:_identify(AllResults/twoHundred/fourWay/SpdDst) by extension 'cmake'
[5.320s] Level 1:colcon.colcon_core.package_identification:_identify(AllResults/twoHundred/fourWay/SpdDst) by extension 'python'
[5.320s] Level 1:colcon.colcon_core.package_identification:_identify(AllResults/twoHundred/fourWay/SpdDst) by extensions ['python_setup_py']
[5.320s] Level 1:colcon.colcon_core.package_identification:_identify(AllResults/twoHundred/fourWay/SpdDst) by extension 'python_setup_py'
[5.320s] Level 1:colcon.colcon_core.package_identification:_identify(AllResults/twoHundred/fourWay/Static) by extensions ['ignore', 'ignore_ament_install']
[5.320s] Level 1:colcon.colcon_core.package_identification:_identify(AllResults/twoHundred/fourWay/Static) by extension 'ignore'
[5.321s] Level 1:colcon.colcon_core.package_identification:_identify(AllResults/twoHundred/fourWay/Static) by extension 'ignore_ament_install'
[5.321s] Level 1:colcon.colcon_core.package_identification:_identify(AllResults/twoHundred/fourWay/Static) by extensions ['colcon_pkg']
[5.321s] Level 1:colcon.colcon_core.package_identification:_identify(AllResults/twoHundred/fourWay/Static) by extension 'colcon_pkg'
[5.321s] Level 1:colcon.colcon_core.package_identification:_identify(AllResults/twoHundred/fourWay/Static) by extensions ['colcon_meta']
[5.321s] Level 1:colcon.colcon_core.package_identification:_identify(AllResults/twoHundred/fourWay/Static) by extension 'colcon_meta'
[5.321s] Level 1:colcon.colcon_core.package_identification:_identify(AllResults/twoHundred/fourWay/Static) by extensions ['ros']
[5.321s] Level 1:colcon.colcon_core.package_identification:_identify(AllResults/twoHundred/fourWay/Static) by extension 'ros'
[5.321s] Level 1:colcon.colcon_core.package_identification:_identify(AllResults/twoHundred/fourWay/Static) by extensions ['cmake', 'python']
[5.321s] Level 1:colcon.colcon_core.package_identification:_identify(AllResults/twoHundred/fourWay/Static) by extension 'cmake'
[5.321s] Level 1:colcon.colcon_core.package_identification:_identify(AllResults/twoHundred/fourWay/Static) by extension 'python'
[5.321s] Level 1:colcon.colcon_core.package_identification:_identify(AllResults/twoHundred/fourWay/Static) by extensions ['python_setup_py']
[5.321s] Level 1:colcon.colcon_core.package_identification:_identify(AllResults/twoHundred/fourWay/Static) by extension 'python_setup_py'
[5.322s] Level 1:colcon.colcon_core.package_identification:_identify(AllResults/twoHundred/twoWay) by extensions ['ignore', 'ignore_ament_install']
[5.322s] Level 1:colcon.colcon_core.package_identification:_identify(AllResults/twoHundred/twoWay) by extension 'ignore'
[5.322s] Level 1:colcon.colcon_core.package_identification:_identify(AllResults/twoHundred/twoWay) by extension 'ignore_ament_install'
[5.322s] Level 1:colcon.colcon_core.package_identification:_identify(AllResults/twoHundred/twoWay) by extensions ['colcon_pkg']
[5.322s] Level 1:colcon.colcon_core.package_identification:_identify(AllResults/twoHundred/twoWay) by extension 'colcon_pkg'
[5.322s] Level 1:colcon.colcon_core.package_identification:_identify(AllResults/twoHundred/twoWay) by extensions ['colcon_meta']
[5.322s] Level 1:colcon.colcon_core.package_identification:_identify(AllResults/twoHundred/twoWay) by extension 'colcon_meta'
[5.322s] Level 1:colcon.colcon_core.package_identification:_identify(AllResults/twoHundred/twoWay) by extensions ['ros']
[5.322s] Level 1:colcon.colcon_core.package_identification:_identify(AllResults/twoHundred/twoWay) by extension 'ros'
[5.322s] Level 1:colcon.colcon_core.package_identification:_identify(AllResults/twoHundred/twoWay) by extensions ['cmake', 'python']
[5.322s] Level 1:colcon.colcon_core.package_identification:_identify(AllResults/twoHundred/twoWay) by extension 'cmake'
[5.322s] Level 1:colcon.colcon_core.package_identification:_identify(AllResults/twoHundred/twoWay) by extension 'python'
[5.322s] Level 1:colcon.colcon_core.package_identification:_identify(AllResults/twoHundred/twoWay) by extensions ['python_setup_py']
[5.323s] Level 1:colcon.colcon_core.package_identification:_identify(AllResults/twoHundred/twoWay) by extension 'python_setup_py'
[5.323s] Level 1:colcon.colcon_core.package_identification:_identify(AllResults/twoHundred/twoWay/FIS) by extensions ['ignore', 'ignore_ament_install']
[5.323s] Level 1:colcon.colcon_core.package_identification:_identify(AllResults/twoHundred/twoWay/FIS) by extension 'ignore'
[5.323s] Level 1:colcon.colcon_core.package_identification:_identify(AllResults/twoHundred/twoWay/FIS) by extension 'ignore_ament_install'
[5.323s] Level 1:colcon.colcon_core.package_identification:_identify(AllResults/twoHundred/twoWay/FIS) by extensions ['colcon_pkg']
[5.323s] Level 1:colcon.colcon_core.package_identification:_identify(AllResults/twoHundred/twoWay/FIS) by extension 'colcon_pkg'
[5.323s] Level 1:colcon.colcon_core.package_identification:_identify(AllResults/twoHundred/twoWay/FIS) by extensions ['colcon_meta']
[5.323s] Level 1:colcon.colcon_core.package_identification:_identify(AllResults/twoHundred/twoWay/FIS) by extension 'colcon_meta'
[5.323s] Level 1:colcon.colcon_core.package_identification:_identify(AllResults/twoHundred/twoWay/FIS) by extensions ['ros']
[5.324s] Level 1:colcon.colcon_core.package_identification:_identify(AllResults/twoHundred/twoWay/FIS) by extension 'ros'
[5.324s] Level 1:colcon.colcon_core.package_identification:_identify(AllResults/twoHundred/twoWay/FIS) by extensions ['cmake', 'python']
[5.324s] Level 1:colcon.colcon_core.package_identification:_identify(AllResults/twoHundred/twoWay/FIS) by extension 'cmake'
[5.324s] Level 1:colcon.colcon_core.package_identification:_identify(AllResults/twoHundred/twoWay/FIS) by extension 'python'
[5.324s] Level 1:colcon.colcon_core.package_identification:_identify(AllResults/twoHundred/twoWay/FIS) by extensions ['python_setup_py']
[5.324s] Level 1:colcon.colcon_core.package_identification:_identify(AllResults/twoHundred/twoWay/FIS) by extension 'python_setup_py'
[5.324s] Level 1:colcon.colcon_core.package_identification:_identify(AllResults/twoHundred/twoWay/SouthNorth) by extensions ['ignore', 'ignore_ament_install']
[5.324s] Level 1:colcon.colcon_core.package_identification:_identify(AllResults/twoHundred/twoWay/SouthNorth) by extension 'ignore'
[5.324s] Level 1:colcon.colcon_core.package_identification:_identify(AllResults/twoHundred/twoWay/SouthNorth) by extension 'ignore_ament_install'
[5.325s] Level 1:colcon.colcon_core.package_identification:_identify(AllResults/twoHundred/twoWay/SouthNorth) by extensions ['colcon_pkg']
[5.325s] Level 1:colcon.colcon_core.package_identification:_identify(AllResults/twoHundred/twoWay/SouthNorth) by extension 'colcon_pkg'
[5.325s] Level 1:colcon.colcon_core.package_identification:_identify(AllResults/twoHundred/twoWay/SouthNorth) by extensions ['colcon_meta']
[5.325s] Level 1:colcon.colcon_core.package_identification:_identify(AllResults/twoHundred/twoWay/SouthNorth) by extension 'colcon_meta'
[5.325s] Level 1:colcon.colcon_core.package_identification:_identify(AllResults/twoHundred/twoWay/SouthNorth) by extensions ['ros']
[5.325s] Level 1:colcon.colcon_core.package_identification:_identify(AllResults/twoHundred/twoWay/SouthNorth) by extension 'ros'
[5.325s] Level 1:colcon.colcon_core.package_identification:_identify(AllResults/twoHundred/twoWay/SouthNorth) by extensions ['cmake', 'python']
[5.325s] Level 1:colcon.colcon_core.package_identification:_identify(AllResults/twoHundred/twoWay/SouthNorth) by extension 'cmake'
[5.325s] Level 1:colcon.colcon_core.package_identification:_identify(AllResults/twoHundred/twoWay/SouthNorth) by extension 'python'
[5.325s] Level 1:colcon.colcon_core.package_identification:_identify(AllResults/twoHundred/twoWay/SouthNorth) by extensions ['python_setup_py']
[5.325s] Level 1:colcon.colcon_core.package_identification:_identify(AllResults/twoHundred/twoWay/SouthNorth) by extension 'python_setup_py'
[5.325s] Level 1:colcon.colcon_core.package_identification:_identify(AllResults/twoHundred/twoWay/SouthNorth/FIS) by extensions ['ignore', 'ignore_ament_install']
[5.326s] Level 1:colcon.colcon_core.package_identification:_identify(AllResults/twoHundred/twoWay/SouthNorth/FIS) by extension 'ignore'
[5.326s] Level 1:colcon.colcon_core.package_identification:_identify(AllResults/twoHundred/twoWay/SouthNorth/FIS) by extension 'ignore_ament_install'
[5.326s] Level 1:colcon.colcon_core.package_identification:_identify(AllResults/twoHundred/twoWay/SouthNorth/FIS) by extensions ['colcon_pkg']
[5.326s] Level 1:colcon.colcon_core.package_identification:_identify(AllResults/twoHundred/twoWay/SouthNorth/FIS) by extension 'colcon_pkg'
[5.326s] Level 1:colcon.colcon_core.package_identification:_identify(AllResults/twoHundred/twoWay/SouthNorth/FIS) by extensions ['colcon_meta']
[5.326s] Level 1:colcon.colcon_core.package_identification:_identify(AllResults/twoHundred/twoWay/SouthNorth/FIS) by extension 'colcon_meta'
[5.326s] Level 1:colcon.colcon_core.package_identification:_identify(AllResults/twoHundred/twoWay/SouthNorth/FIS) by extensions ['ros']
[5.326s] Level 1:colcon.colcon_core.package_identification:_identify(AllResults/twoHundred/twoWay/SouthNorth/FIS) by extension 'ros'
[5.326s] Level 1:colcon.colcon_core.package_identification:_identify(AllResults/twoHundred/twoWay/SouthNorth/FIS) by extensions ['cmake', 'python']
[5.326s] Level 1:colcon.colcon_core.package_identification:_identify(AllResults/twoHundred/twoWay/SouthNorth/FIS) by extension 'cmake'
[5.326s] Level 1:colcon.colcon_core.package_identification:_identify(AllResults/twoHundred/twoWay/SouthNorth/FIS) by extension 'python'
[5.326s] Level 1:colcon.colcon_core.package_identification:_identify(AllResults/twoHundred/twoWay/SouthNorth/FIS) by extensions ['python_setup_py']
[5.326s] Level 1:colcon.colcon_core.package_identification:_identify(AllResults/twoHundred/twoWay/SouthNorth/FIS) by extension 'python_setup_py'
[5.327s] Level 1:colcon.colcon_core.package_identification:_identify(AllResults/twoHundred/twoWay/SouthNorth/SpdDst) by extensions ['ignore', 'ignore_ament_install']
[5.327s] Level 1:colcon.colcon_core.package_identification:_identify(AllResults/twoHundred/twoWay/SouthNorth/SpdDst) by extension 'ignore'
[5.327s] Level 1:colcon.colcon_core.package_identification:_identify(AllResults/twoHundred/twoWay/SouthNorth/SpdDst) by extension 'ignore_ament_install'
[5.327s] Level 1:colcon.colcon_core.package_identification:_identify(AllResults/twoHundred/twoWay/SouthNorth/SpdDst) by extensions ['colcon_pkg']
[5.327s] Level 1:colcon.colcon_core.package_identification:_identify(AllResults/twoHundred/twoWay/SouthNorth/SpdDst) by extension 'colcon_pkg'
[5.327s] Level 1:colcon.colcon_core.package_identification:_identify(AllResults/twoHundred/twoWay/SouthNorth/SpdDst) by extensions ['colcon_meta']
[5.327s] Level 1:colcon.colcon_core.package_identification:_identify(AllResults/twoHundred/twoWay/SouthNorth/SpdDst) by extension 'colcon_meta'
[5.327s] Level 1:colcon.colcon_core.package_identification:_identify(AllResults/twoHundred/twoWay/SouthNorth/SpdDst) by extensions ['ros']
[5.327s] Level 1:colcon.colcon_core.package_identification:_identify(AllResults/twoHundred/twoWay/SouthNorth/SpdDst) by extension 'ros'
[5.327s] Level 1:colcon.colcon_core.package_identification:_identify(AllResults/twoHundred/twoWay/SouthNorth/SpdDst) by extensions ['cmake', 'python']
[5.327s] Level 1:colcon.colcon_core.package_identification:_identify(AllResults/twoHundred/twoWay/SouthNorth/SpdDst) by extension 'cmake'
[5.327s] Level 1:colcon.colcon_core.package_identification:_identify(AllResults/twoHundred/twoWay/SouthNorth/SpdDst) by extension 'python'
[5.328s] Level 1:colcon.colcon_core.package_identification:_identify(AllResults/twoHundred/twoWay/SouthNorth/SpdDst) by extensions ['python_setup_py']
[5.328s] Level 1:colcon.colcon_core.package_identification:_identify(AllResults/twoHundred/twoWay/SouthNorth/SpdDst) by extension 'python_setup_py'
[5.328s] Level 1:colcon.colcon_core.package_identification:_identify(AllResults/twoHundred/twoWay/SouthNorth/Static) by extensions ['ignore', 'ignore_ament_install']
[5.328s] Level 1:colcon.colcon_core.package_identification:_identify(AllResults/twoHundred/twoWay/SouthNorth/Static) by extension 'ignore'
[5.328s] Level 1:colcon.colcon_core.package_identification:_identify(AllResults/twoHundred/twoWay/SouthNorth/Static) by extension 'ignore_ament_install'
[5.328s] Level 1:colcon.colcon_core.package_identification:_identify(AllResults/twoHundred/twoWay/SouthNorth/Static) by extensions ['colcon_pkg']
[5.329s] Level 1:colcon.colcon_core.package_identification:_identify(AllResults/twoHundred/twoWay/SouthNorth/Static) by extension 'colcon_pkg'
[5.329s] Level 1:colcon.colcon_core.package_identification:_identify(AllResults/twoHundred/twoWay/SouthNorth/Static) by extensions ['colcon_meta']
[5.329s] Level 1:colcon.colcon_core.package_identification:_identify(AllResults/twoHundred/twoWay/SouthNorth/Static) by extension 'colcon_meta'
[5.329s] Level 1:colcon.colcon_core.package_identification:_identify(AllResults/twoHundred/twoWay/SouthNorth/Static) by extensions ['ros']
[5.329s] Level 1:colcon.colcon_core.package_identification:_identify(AllResults/twoHundred/twoWay/SouthNorth/Static) by extension 'ros'
[5.329s] Level 1:colcon.colcon_core.package_identification:_identify(AllResults/twoHundred/twoWay/SouthNorth/Static) by extensions ['cmake', 'python']
[5.329s] Level 1:colcon.colcon_core.package_identification:_identify(AllResults/twoHundred/twoWay/SouthNorth/Static) by extension 'cmake'
[5.329s] Level 1:colcon.colcon_core.package_identification:_identify(AllResults/twoHundred/twoWay/SouthNorth/Static) by extension 'python'
[5.329s] Level 1:colcon.colcon_core.package_identification:_identify(AllResults/twoHundred/twoWay/SouthNorth/Static) by extensions ['python_setup_py']
[5.330s] Level 1:colcon.colcon_core.package_identification:_identify(AllResults/twoHundred/twoWay/SouthNorth/Static) by extension 'python_setup_py'
[5.333s] Level 1:colcon.colcon_core.package_identification:_identify(AllResults/twoHundred/twoWay/SpdDst) by extensions ['ignore', 'ignore_ament_install']
[5.333s] Level 1:colcon.colcon_core.package_identification:_identify(AllResults/twoHundred/twoWay/SpdDst) by extension 'ignore'
[5.333s] Level 1:colcon.colcon_core.package_identification:_identify(AllResults/twoHundred/twoWay/SpdDst) by extension 'ignore_ament_install'
[5.333s] Level 1:colcon.colcon_core.package_identification:_identify(AllResults/twoHundred/twoWay/SpdDst) by extensions ['colcon_pkg']
[5.333s] Level 1:colcon.colcon_core.package_identification:_identify(AllResults/twoHundred/twoWay/SpdDst) by extension 'colcon_pkg'
[5.333s] Level 1:colcon.colcon_core.package_identification:_identify(AllResults/twoHundred/twoWay/SpdDst) by extensions ['colcon_meta']
[5.334s] Level 1:colcon.colcon_core.package_identification:_identify(AllResults/twoHundred/twoWay/SpdDst) by extension 'colcon_meta'
[5.334s] Level 1:colcon.colcon_core.package_identification:_identify(AllResults/twoHundred/twoWay/SpdDst) by extensions ['ros']
[5.334s] Level 1:colcon.colcon_core.package_identification:_identify(AllResults/twoHundred/twoWay/SpdDst) by extension 'ros'
[5.334s] Level 1:colcon.colcon_core.package_identification:_identify(AllResults/twoHundred/twoWay/SpdDst) by extensions ['cmake', 'python']
[5.334s] Level 1:colcon.colcon_core.package_identification:_identify(AllResults/twoHundred/twoWay/SpdDst) by extension 'cmake'
[5.334s] Level 1:colcon.colcon_core.package_identification:_identify(AllResults/twoHundred/twoWay/SpdDst) by extension 'python'
[5.334s] Level 1:colcon.colcon_core.package_identification:_identify(AllResults/twoHundred/twoWay/SpdDst) by extensions ['python_setup_py']
[5.334s] Level 1:colcon.colcon_core.package_identification:_identify(AllResults/twoHundred/twoWay/SpdDst) by extension 'python_setup_py'
[5.334s] Level 1:colcon.colcon_core.package_identification:_identify(AllResults/twoHundred/twoWay/Static) by extensions ['ignore', 'ignore_ament_install']
[5.335s] Level 1:colcon.colcon_core.package_identification:_identify(AllResults/twoHundred/twoWay/Static) by extension 'ignore'
[5.335s] Level 1:colcon.colcon_core.package_identification:_identify(AllResults/twoHundred/twoWay/Static) by extension 'ignore_ament_install'
[5.335s] Level 1:colcon.colcon_core.package_identification:_identify(AllResults/twoHundred/twoWay/Static) by extensions ['colcon_pkg']
[5.335s] Level 1:colcon.colcon_core.package_identification:_identify(AllResults/twoHundred/twoWay/Static) by extension 'colcon_pkg'
[5.335s] Level 1:colcon.colcon_core.package_identification:_identify(AllResults/twoHundred/twoWay/Static) by extensions ['colcon_meta']
[5.335s] Level 1:colcon.colcon_core.package_identification:_identify(AllResults/twoHundred/twoWay/Static) by extension 'colcon_meta'
[5.335s] Level 1:colcon.colcon_core.package_identification:_identify(AllResults/twoHundred/twoWay/Static) by extensions ['ros']
[5.335s] Level 1:colcon.colcon_core.package_identification:_identify(AllResults/twoHundred/twoWay/Static) by extension 'ros'
[5.335s] Level 1:colcon.colcon_core.package_identification:_identify(AllResults/twoHundred/twoWay/Static) by extensions ['cmake', 'python']
[5.335s] Level 1:colcon.colcon_core.package_identification:_identify(AllResults/twoHundred/twoWay/Static) by extension 'cmake'
[5.335s] Level 1:colcon.colcon_core.package_identification:_identify(AllResults/twoHundred/twoWay/Static) by extension 'python'
[5.336s] Level 1:colcon.colcon_core.package_identification:_identify(AllResults/twoHundred/twoWay/Static) by extensions ['python_setup_py']
[5.336s] Level 1:colcon.colcon_core.package_identification:_identify(AllResults/twoHundred/twoWay/Static) by extension 'python_setup_py'
[5.336s] Level 1:colcon.colcon_core.package_identification:_identify(InitialSim) by extensions ['ignore', 'ignore_ament_install']
[5.336s] Level 1:colcon.colcon_core.package_identification:_identify(InitialSim) by extension 'ignore'
[5.336s] Level 1:colcon.colcon_core.package_identification:_identify(InitialSim) by extension 'ignore_ament_install'
[5.336s] Level 1:colcon.colcon_core.package_identification:_identify(InitialSim) by extensions ['colcon_pkg']
[5.336s] Level 1:colcon.colcon_core.package_identification:_identify(InitialSim) by extension 'colcon_pkg'
[5.336s] Level 1:colcon.colcon_core.package_identification:_identify(InitialSim) by extensions ['colcon_meta']
[5.336s] Level 1:colcon.colcon_core.package_identification:_identify(InitialSim) by extension 'colcon_meta'
[5.336s] Level 1:colcon.colcon_core.package_identification:_identify(InitialSim) by extensions ['ros']
[5.337s] Level 1:colcon.colcon_core.package_identification:_identify(InitialSim) by extension 'ros'
[5.337s] Level 1:colcon.colcon_core.package_identification:_identify(InitialSim) by extensions ['cmake', 'python']
[5.337s] Level 1:colcon.colcon_core.package_identification:_identify(InitialSim) by extension 'cmake'
[5.337s] Level 1:colcon.colcon_core.package_identification:_identify(InitialSim) by extension 'python'
[5.337s] Level 1:colcon.colcon_core.package_identification:_identify(InitialSim) by extensions ['python_setup_py']
[5.337s] Level 1:colcon.colcon_core.package_identification:_identify(InitialSim) by extension 'python_setup_py'
[5.337s] Level 1:colcon.colcon_core.package_identification:_identify(InitialSim/Results) by extensions ['ignore', 'ignore_ament_install']
[5.337s] Level 1:colcon.colcon_core.package_identification:_identify(InitialSim/Results) by extension 'ignore'
[5.337s] Level 1:colcon.colcon_core.package_identification:_identify(InitialSim/Results) by extension 'ignore_ament_install'
[5.338s] Level 1:colcon.colcon_core.package_identification:_identify(InitialSim/Results) by extensions ['colcon_pkg']
[5.338s] Level 1:colcon.colcon_core.package_identification:_identify(InitialSim/Results) by extension 'colcon_pkg'
[5.338s] Level 1:colcon.colcon_core.package_identification:_identify(InitialSim/Results) by extensions ['colcon_meta']
[5.338s] Level 1:colcon.colcon_core.package_identification:_identify(InitialSim/Results) by extension 'colcon_meta'
[5.338s] Level 1:colcon.colcon_core.package_identification:_identify(InitialSim/Results) by extensions ['ros']
[5.338s] Level 1:colcon.colcon_core.package_identification:_identify(InitialSim/Results) by extension 'ros'
[5.338s] Level 1:colcon.colcon_core.package_identification:_identify(InitialSim/Results) by extensions ['cmake', 'python']
[5.338s] Level 1:colcon.colcon_core.package_identification:_identify(InitialSim/Results) by extension 'cmake'
[5.338s] Level 1:colcon.colcon_core.package_identification:_identify(InitialSim/Results) by extension 'python'
[5.338s] Level 1:colcon.colcon_core.package_identification:_identify(InitialSim/Results) by extensions ['python_setup_py']
[5.338s] Level 1:colcon.colcon_core.package_identification:_identify(InitialSim/Results) by extension 'python_setup_py'
[5.338s] Level 1:colcon.colcon_core.package_identification:_identify(InitialSim/tenVehs) by extensions ['ignore', 'ignore_ament_install']
[5.338s] Level 1:colcon.colcon_core.package_identification:_identify(InitialSim/tenVehs) by extension 'ignore'
[5.339s] Level 1:colcon.colcon_core.package_identification:_identify(InitialSim/tenVehs) by extension 'ignore_ament_install'
[5.339s] Level 1:colcon.colcon_core.package_identification:_identify(InitialSim/tenVehs) by extensions ['colcon_pkg']
[5.339s] Level 1:colcon.colcon_core.package_identification:_identify(InitialSim/tenVehs) by extension 'colcon_pkg'
[5.339s] Level 1:colcon.colcon_core.package_identification:_identify(InitialSim/tenVehs) by extensions ['colcon_meta']
[5.339s] Level 1:colcon.colcon_core.package_identification:_identify(InitialSim/tenVehs) by extension 'colcon_meta'
[5.339s] Level 1:colcon.colcon_core.package_identification:_identify(InitialSim/tenVehs) by extensions ['ros']
[5.339s] Level 1:colcon.colcon_core.package_identification:_identify(InitialSim/tenVehs) by extension 'ros'
[5.339s] Level 1:colcon.colcon_core.package_identification:_identify(InitialSim/tenVehs) by extensions ['cmake', 'python']
[5.339s] Level 1:colcon.colcon_core.package_identification:_identify(InitialSim/tenVehs) by extension 'cmake'
[5.339s] Level 1:colcon.colcon_core.package_identification:_identify(InitialSim/tenVehs) by extension 'python'
[5.339s] Level 1:colcon.colcon_core.package_identification:_identify(InitialSim/tenVehs) by extensions ['python_setup_py']
[5.339s] Level 1:colcon.colcon_core.package_identification:_identify(InitialSim/tenVehs) by extension 'python_setup_py'
[5.339s] Level 1:colcon.colcon_core.package_identification:_identify(InitialSim/thirtyVehs) by extensions ['ignore', 'ignore_ament_install']
[5.340s] Level 1:colcon.colcon_core.package_identification:_identify(InitialSim/thirtyVehs) by extension 'ignore'
[5.340s] Level 1:colcon.colcon_core.package_identification:_identify(InitialSim/thirtyVehs) by extension 'ignore_ament_install'
[5.340s] Level 1:colcon.colcon_core.package_identification:_identify(InitialSim/thirtyVehs) by extensions ['colcon_pkg']
[5.340s] Level 1:colcon.colcon_core.package_identification:_identify(InitialSim/thirtyVehs) by extension 'colcon_pkg'
[5.340s] Level 1:colcon.colcon_core.package_identification:_identify(InitialSim/thirtyVehs) by extensions ['colcon_meta']
[5.340s] Level 1:colcon.colcon_core.package_identification:_identify(InitialSim/thirtyVehs) by extension 'colcon_meta'
[5.340s] Level 1:colcon.colcon_core.package_identification:_identify(InitialSim/thirtyVehs) by extensions ['ros']
[5.340s] Level 1:colcon.colcon_core.package_identification:_identify(InitialSim/thirtyVehs) by extension 'ros'
[5.340s] Level 1:colcon.colcon_core.package_identification:_identify(InitialSim/thirtyVehs) by extensions ['cmake', 'python']
[5.340s] Level 1:colcon.colcon_core.package_identification:_identify(InitialSim/thirtyVehs) by extension 'cmake'
[5.341s] Level 1:colcon.colcon_core.package_identification:_identify(InitialSim/thirtyVehs) by extension 'python'
[5.341s] Level 1:colcon.colcon_core.package_identification:_identify(InitialSim/thirtyVehs) by extensions ['python_setup_py']
[5.341s] Level 1:colcon.colcon_core.package_identification:_identify(InitialSim/thirtyVehs) by extension 'python_setup_py'
[5.341s] Level 1:colcon.colcon_core.package_identification:_identify(InitialSim/twoVehs) by extensions ['ignore', 'ignore_ament_install']
[5.341s] Level 1:colcon.colcon_core.package_identification:_identify(InitialSim/twoVehs) by extension 'ignore'
[5.341s] Level 1:colcon.colcon_core.package_identification:_identify(InitialSim/twoVehs) by extension 'ignore_ament_install'
[5.341s] Level 1:colcon.colcon_core.package_identification:_identify(InitialSim/twoVehs) by extensions ['colcon_pkg']
[5.341s] Level 1:colcon.colcon_core.package_identification:_identify(InitialSim/twoVehs) by extension 'colcon_pkg'
[5.341s] Level 1:colcon.colcon_core.package_identification:_identify(InitialSim/twoVehs) by extensions ['colcon_meta']
[5.341s] Level 1:colcon.colcon_core.package_identification:_identify(InitialSim/twoVehs) by extension 'colcon_meta'
[5.342s] Level 1:colcon.colcon_core.package_identification:_identify(InitialSim/twoVehs) by extensions ['ros']
[5.342s] Level 1:colcon.colcon_core.package_identification:_identify(InitialSim/twoVehs) by extension 'ros'
[5.342s] Level 1:colcon.colcon_core.package_identification:_identify(InitialSim/twoVehs) by extensions ['cmake', 'python']
[5.342s] Level 1:colcon.colcon_core.package_identification:_identify(InitialSim/twoVehs) by extension 'cmake'
[5.342s] Level 1:colcon.colcon_core.package_identification:_identify(InitialSim/twoVehs) by extension 'python'
[5.342s] Level 1:colcon.colcon_core.package_identification:_identify(InitialSim/twoVehs) by extensions ['python_setup_py']
[5.342s] Level 1:colcon.colcon_core.package_identification:_identify(InitialSim/twoVehs) by extension 'python_setup_py'
[5.342s] Level 1:colcon.colcon_core.package_identification:_identify(New folder) by extensions ['ignore', 'ignore_ament_install']
[5.342s] Level 1:colcon.colcon_core.package_identification:_identify(New folder) by extension 'ignore'
[5.343s] Level 1:colcon.colcon_core.package_identification:_identify(New folder) by extension 'ignore_ament_install'
[5.343s] Level 1:colcon.colcon_core.package_identification:_identify(New folder) by extensions ['colcon_pkg']
[5.343s] Level 1:colcon.colcon_core.package_identification:_identify(New folder) by extension 'colcon_pkg'
[5.343s] Level 1:colcon.colcon_core.package_identification:_identify(New folder) by extensions ['colcon_meta']
[5.343s] Level 1:colcon.colcon_core.package_identification:_identify(New folder) by extension 'colcon_meta'
[5.343s] Level 1:colcon.colcon_core.package_identification:_identify(New folder) by extensions ['ros']
[5.343s] Level 1:colcon.colcon_core.package_identification:_identify(New folder) by extension 'ros'
[5.343s] Level 1:colcon.colcon_core.package_identification:_identify(New folder) by extensions ['cmake', 'python']
[5.343s] Level 1:colcon.colcon_core.package_identification:_identify(New folder) by extension 'cmake'
[5.343s] Level 1:colcon.colcon_core.package_identification:_identify(New folder) by extension 'python'
[5.343s] Level 1:colcon.colcon_core.package_identification:_identify(New folder) by extensions ['python_setup_py']
[5.343s] Level 1:colcon.colcon_core.package_identification:_identify(New folder) by extension 'python_setup_py'
[5.344s] Level 1:colcon.colcon_core.package_identification:_identify(Results) by extensions ['ignore', 'ignore_ament_install']
[5.344s] Level 1:colcon.colcon_core.package_identification:_identify(Results) by extension 'ignore'
[5.344s] Level 1:colcon.colcon_core.package_identification:_identify(Results) by extension 'ignore_ament_install'
[5.344s] Level 1:colcon.colcon_core.package_identification:_identify(Results) by extensions ['colcon_pkg']
[5.344s] Level 1:colcon.colcon_core.package_identification:_identify(Results) by extension 'colcon_pkg'
[5.344s] Level 1:colcon.colcon_core.package_identification:_identify(Results) by extensions ['colcon_meta']
[5.344s] Level 1:colcon.colcon_core.package_identification:_identify(Results) by extension 'colcon_meta'
[5.344s] Level 1:colcon.colcon_core.package_identification:_identify(Results) by extensions ['ros']
[5.344s] Level 1:colcon.colcon_core.package_identification:_identify(Results) by extension 'ros'
[5.345s] Level 1:colcon.colcon_core.package_identification:_identify(Results) by extensions ['cmake', 'python']
[5.345s] Level 1:colcon.colcon_core.package_identification:_identify(Results) by extension 'cmake'
[5.345s] Level 1:colcon.colcon_core.package_identification:_identify(Results) by extension 'python'
[5.345s] Level 1:colcon.colcon_core.package_identification:_identify(Results) by extensions ['python_setup_py']
[5.345s] Level 1:colcon.colcon_core.package_identification:_identify(Results) by extension 'python_setup_py'
[5.345s] Level 1:colcon.colcon_core.package_identification:_identify(build) by extensions ['ignore', 'ignore_ament_install']
[5.345s] Level 1:colcon.colcon_core.package_identification:_identify(build) by extension 'ignore'
[5.345s] Level 1:colcon.colcon_core.package_identification:_identify(build) ignored
[5.345s] Level 1:colcon.colcon_core.package_identification:_identify(fifteenVehs) by extensions ['ignore', 'ignore_ament_install']
[5.345s] Level 1:colcon.colcon_core.package_identification:_identify(fifteenVehs) by extension 'ignore'
[5.346s] Level 1:colcon.colcon_core.package_identification:_identify(fifteenVehs) by extension 'ignore_ament_install'
[5.346s] Level 1:colcon.colcon_core.package_identification:_identify(fifteenVehs) by extensions ['colcon_pkg']
[5.346s] Level 1:colcon.colcon_core.package_identification:_identify(fifteenVehs) by extension 'colcon_pkg'
[5.346s] Level 1:colcon.colcon_core.package_identification:_identify(fifteenVehs) by extensions ['colcon_meta']
[5.346s] Level 1:colcon.colcon_core.package_identification:_identify(fifteenVehs) by extension 'colcon_meta'
[5.346s] Level 1:colcon.colcon_core.package_identification:_identify(fifteenVehs) by extensions ['ros']
[5.346s] Level 1:colcon.colcon_core.package_identification:_identify(fifteenVehs) by extension 'ros'
[5.346s] Level 1:colcon.colcon_core.package_identification:_identify(fifteenVehs) by extensions ['cmake', 'python']
[5.346s] Level 1:colcon.colcon_core.package_identification:_identify(fifteenVehs) by extension 'cmake'
[5.346s] Level 1:colcon.colcon_core.package_identification:_identify(fifteenVehs) by extension 'python'
[5.346s] Level 1:colcon.colcon_core.package_identification:_identify(fifteenVehs) by extensions ['python_setup_py']
[5.346s] Level 1:colcon.colcon_core.package_identification:_identify(fifteenVehs) by extension 'python_setup_py'
[5.346s] Level 1:colcon.colcon_core.package_identification:_identify(hundredVehs) by extensions ['ignore', 'ignore_ament_install']
[5.346s] Level 1:colcon.colcon_core.package_identification:_identify(hundredVehs) by extension 'ignore'
[5.347s] Level 1:colcon.colcon_core.package_identification:_identify(hundredVehs) by extension 'ignore_ament_install'
[5.347s] Level 1:colcon.colcon_core.package_identification:_identify(hundredVehs) by extensions ['colcon_pkg']
[5.347s] Level 1:colcon.colcon_core.package_identification:_identify(hundredVehs) by extension 'colcon_pkg'
[5.347s] Level 1:colcon.colcon_core.package_identification:_identify(hundredVehs) by extensions ['colcon_meta']
[5.347s] Level 1:colcon.colcon_core.package_identification:_identify(hundredVehs) by extension 'colcon_meta'
[5.347s] Level 1:colcon.colcon_core.package_identification:_identify(hundredVehs) by extensions ['ros']
[5.347s] Level 1:colcon.colcon_core.package_identification:_identify(hundredVehs) by extension 'ros'
[5.347s] Level 1:colcon.colcon_core.package_identification:_identify(hundredVehs) by extensions ['cmake', 'python']
[5.347s] Level 1:colcon.colcon_core.package_identification:_identify(hundredVehs) by extension 'cmake'
[5.347s] Level 1:colcon.colcon_core.package_identification:_identify(hundredVehs) by extension 'python'
[5.347s] Level 1:colcon.colcon_core.package_identification:_identify(hundredVehs) by extensions ['python_setup_py']
[5.347s] Level 1:colcon.colcon_core.package_identification:_identify(hundredVehs) by extension 'python_setup_py'
[5.348s] Level 1:colcon.colcon_core.package_identification:_identify(hundredVehs/fourWay) by extensions ['ignore', 'ignore_ament_install']
[5.348s] Level 1:colcon.colcon_core.package_identification:_identify(hundredVehs/fourWay) by extension 'ignore'
[5.348s] Level 1:colcon.colcon_core.package_identification:_identify(hundredVehs/fourWay) by extension 'ignore_ament_install'
[5.348s] Level 1:colcon.colcon_core.package_identification:_identify(hundredVehs/fourWay) by extensions ['colcon_pkg']
[5.348s] Level 1:colcon.colcon_core.package_identification:_identify(hundredVehs/fourWay) by extension 'colcon_pkg'
[5.348s] Level 1:colcon.colcon_core.package_identification:_identify(hundredVehs/fourWay) by extensions ['colcon_meta']
[5.348s] Level 1:colcon.colcon_core.package_identification:_identify(hundredVehs/fourWay) by extension 'colcon_meta'
[5.348s] Level 1:colcon.colcon_core.package_identification:_identify(hundredVehs/fourWay) by extensions ['ros']
[5.348s] Level 1:colcon.colcon_core.package_identification:_identify(hundredVehs/fourWay) by extension 'ros'
[5.349s] Level 1:colcon.colcon_core.package_identification:_identify(hundredVehs/fourWay) by extensions ['cmake', 'python']
[5.349s] Level 1:colcon.colcon_core.package_identification:_identify(hundredVehs/fourWay) by extension 'cmake'
[5.349s] Level 1:colcon.colcon_core.package_identification:_identify(hundredVehs/fourWay) by extension 'python'
[5.349s] Level 1:colcon.colcon_core.package_identification:_identify(hundredVehs/fourWay) by extensions ['python_setup_py']
[5.349s] Level 1:colcon.colcon_core.package_identification:_identify(hundredVehs/fourWay) by extension 'python_setup_py'
[5.349s] Level 1:colcon.colcon_core.package_identification:_identify(hundredVehs/fourWay/FIS) by extensions ['ignore', 'ignore_ament_install']
[5.349s] Level 1:colcon.colcon_core.package_identification:_identify(hundredVehs/fourWay/FIS) by extension 'ignore'
[5.349s] Level 1:colcon.colcon_core.package_identification:_identify(hundredVehs/fourWay/FIS) by extension 'ignore_ament_install'
[5.349s] Level 1:colcon.colcon_core.package_identification:_identify(hundredVehs/fourWay/FIS) by extensions ['colcon_pkg']
[5.349s] Level 1:colcon.colcon_core.package_identification:_identify(hundredVehs/fourWay/FIS) by extension 'colcon_pkg'
[5.350s] Level 1:colcon.colcon_core.package_identification:_identify(hundredVehs/fourWay/FIS) by extensions ['colcon_meta']
[5.350s] Level 1:colcon.colcon_core.package_identification:_identify(hundredVehs/fourWay/FIS) by extension 'colcon_meta'
[5.350s] Level 1:colcon.colcon_core.package_identification:_identify(hundredVehs/fourWay/FIS) by extensions ['ros']
[5.350s] Level 1:colcon.colcon_core.package_identification:_identify(hundredVehs/fourWay/FIS) by extension 'ros'
[5.350s] Level 1:colcon.colcon_core.package_identification:_identify(hundredVehs/fourWay/FIS) by extensions ['cmake', 'python']
[5.350s] Level 1:colcon.colcon_core.package_identification:_identify(hundredVehs/fourWay/FIS) by extension 'cmake'
[5.350s] Level 1:colcon.colcon_core.package_identification:_identify(hundredVehs/fourWay/FIS) by extension 'python'
[5.350s] Level 1:colcon.colcon_core.package_identification:_identify(hundredVehs/fourWay/FIS) by extensions ['python_setup_py']
[5.350s] Level 1:colcon.colcon_core.package_identification:_identify(hundredVehs/fourWay/FIS) by extension 'python_setup_py'
[5.350s] Level 1:colcon.colcon_core.package_identification:_identify(hundredVehs/fourWay/SpdDst) by extensions ['ignore', 'ignore_ament_install']
[5.350s] Level 1:colcon.colcon_core.package_identification:_identify(hundredVehs/fourWay/SpdDst) by extension 'ignore'
[5.350s] Level 1:colcon.colcon_core.package_identification:_identify(hundredVehs/fourWay/SpdDst) by extension 'ignore_ament_install'
[5.350s] Level 1:colcon.colcon_core.package_identification:_identify(hundredVehs/fourWay/SpdDst) by extensions ['colcon_pkg']
[5.350s] Level 1:colcon.colcon_core.package_identification:_identify(hundredVehs/fourWay/SpdDst) by extension 'colcon_pkg'
[5.350s] Level 1:colcon.colcon_core.package_identification:_identify(hundredVehs/fourWay/SpdDst) by extensions ['colcon_meta']
[5.351s] Level 1:colcon.colcon_core.package_identification:_identify(hundredVehs/fourWay/SpdDst) by extension 'colcon_meta'
[5.351s] Level 1:colcon.colcon_core.package_identification:_identify(hundredVehs/fourWay/SpdDst) by extensions ['ros']
[5.351s] Level 1:colcon.colcon_core.package_identification:_identify(hundredVehs/fourWay/SpdDst) by extension 'ros'
[5.351s] Level 1:colcon.colcon_core.package_identification:_identify(hundredVehs/fourWay/SpdDst) by extensions ['cmake', 'python']
[5.351s] Level 1:colcon.colcon_core.package_identification:_identify(hundredVehs/fourWay/SpdDst) by extension 'cmake'
[5.351s] Level 1:colcon.colcon_core.package_identification:_identify(hundredVehs/fourWay/SpdDst) by extension 'python'
[5.351s] Level 1:colcon.colcon_core.package_identification:_identify(hundredVehs/fourWay/SpdDst) by extensions ['python_setup_py']
[5.351s] Level 1:colcon.colcon_core.package_identification:_identify(hundredVehs/fourWay/SpdDst) by extension 'python_setup_py'
[5.351s] Level 1:colcon.colcon_core.package_identification:_identify(hundredVehs/fourWay/Static) by extensions ['ignore', 'ignore_ament_install']
[5.352s] Level 1:colcon.colcon_core.package_identification:_identify(hundredVehs/fourWay/Static) by extension 'ignore'
[5.352s] Level 1:colcon.colcon_core.package_identification:_identify(hundredVehs/fourWay/Static) by extension 'ignore_ament_install'
[5.352s] Level 1:colcon.colcon_core.package_identification:_identify(hundredVehs/fourWay/Static) by extensions ['colcon_pkg']
[5.352s] Level 1:colcon.colcon_core.package_identification:_identify(hundredVehs/fourWay/Static) by extension 'colcon_pkg'
[5.353s] Level 1:colcon.colcon_core.package_identification:_identify(hundredVehs/fourWay/Static) by extensions ['colcon_meta']
[5.353s] Level 1:colcon.colcon_core.package_identification:_identify(hundredVehs/fourWay/Static) by extension 'colcon_meta'
[5.353s] Level 1:colcon.colcon_core.package_identification:_identify(hundredVehs/fourWay/Static) by extensions ['ros']
[5.353s] Level 1:colcon.colcon_core.package_identification:_identify(hundredVehs/fourWay/Static) by extension 'ros'
[5.353s] Level 1:colcon.colcon_core.package_identification:_identify(hundredVehs/fourWay/Static) by extensions ['cmake', 'python']
[5.353s] Level 1:colcon.colcon_core.package_identification:_identify(hundredVehs/fourWay/Static) by extension 'cmake'
[5.353s] Level 1:colcon.colcon_core.package_identification:_identify(hundredVehs/fourWay/Static) by extension 'python'
[5.353s] Level 1:colcon.colcon_core.package_identification:_identify(hundredVehs/fourWay/Static) by extensions ['python_setup_py']
[5.353s] Level 1:colcon.colcon_core.package_identification:_identify(hundredVehs/fourWay/Static) by extension 'python_setup_py'
[5.353s] Level 1:colcon.colcon_core.package_identification:_identify(hundredVehs/twoWay) by extensions ['ignore', 'ignore_ament_install']
[5.354s] Level 1:colcon.colcon_core.package_identification:_identify(hundredVehs/twoWay) by extension 'ignore'
[5.354s] Level 1:colcon.colcon_core.package_identification:_identify(hundredVehs/twoWay) by extension 'ignore_ament_install'
[5.354s] Level 1:colcon.colcon_core.package_identification:_identify(hundredVehs/twoWay) by extensions ['colcon_pkg']
[5.354s] Level 1:colcon.colcon_core.package_identification:_identify(hundredVehs/twoWay) by extension 'colcon_pkg'
[5.354s] Level 1:colcon.colcon_core.package_identification:_identify(hundredVehs/twoWay) by extensions ['colcon_meta']
[5.354s] Level 1:colcon.colcon_core.package_identification:_identify(hundredVehs/twoWay) by extension 'colcon_meta'
[5.354s] Level 1:colcon.colcon_core.package_identification:_identify(hundredVehs/twoWay) by extensions ['ros']
[5.354s] Level 1:colcon.colcon_core.package_identification:_identify(hundredVehs/twoWay) by extension 'ros'
[5.354s] Level 1:colcon.colcon_core.package_identification:_identify(hundredVehs/twoWay) by extensions ['cmake', 'python']
[5.354s] Level 1:colcon.colcon_core.package_identification:_identify(hundredVehs/twoWay) by extension 'cmake'
[5.354s] Level 1:colcon.colcon_core.package_identification:_identify(hundredVehs/twoWay) by extension 'python'
[5.354s] Level 1:colcon.colcon_core.package_identification:_identify(hundredVehs/twoWay) by extensions ['python_setup_py']
[5.354s] Level 1:colcon.colcon_core.package_identification:_identify(hundredVehs/twoWay) by extension 'python_setup_py'
[5.355s] Level 1:colcon.colcon_core.package_identification:_identify(hundredVehs/twoWay/FIS) by extensions ['ignore', 'ignore_ament_install']
[5.355s] Level 1:colcon.colcon_core.package_identification:_identify(hundredVehs/twoWay/FIS) by extension 'ignore'
[5.355s] Level 1:colcon.colcon_core.package_identification:_identify(hundredVehs/twoWay/FIS) by extension 'ignore_ament_install'
[5.355s] Level 1:colcon.colcon_core.package_identification:_identify(hundredVehs/twoWay/FIS) by extensions ['colcon_pkg']
[5.355s] Level 1:colcon.colcon_core.package_identification:_identify(hundredVehs/twoWay/FIS) by extension 'colcon_pkg'
[5.355s] Level 1:colcon.colcon_core.package_identification:_identify(hundredVehs/twoWay/FIS) by extensions ['colcon_meta']
[5.355s] Level 1:colcon.colcon_core.package_identification:_identify(hundredVehs/twoWay/FIS) by extension 'colcon_meta'
[5.355s] Level 1:colcon.colcon_core.package_identification:_identify(hundredVehs/twoWay/FIS) by extensions ['ros']
[5.355s] Level 1:colcon.colcon_core.package_identification:_identify(hundredVehs/twoWay/FIS) by extension 'ros'
[5.355s] Level 1:colcon.colcon_core.package_identification:_identify(hundredVehs/twoWay/FIS) by extensions ['cmake', 'python']
[5.356s] Level 1:colcon.colcon_core.package_identification:_identify(hundredVehs/twoWay/FIS) by extension 'cmake'
[5.356s] Level 1:colcon.colcon_core.package_identification:_identify(hundredVehs/twoWay/FIS) by extension 'python'
[5.356s] Level 1:colcon.colcon_core.package_identification:_identify(hundredVehs/twoWay/FIS) by extensions ['python_setup_py']
[5.356s] Level 1:colcon.colcon_core.package_identification:_identify(hundredVehs/twoWay/FIS) by extension 'python_setup_py'
[5.356s] Level 1:colcon.colcon_core.package_identification:_identify(hundredVehs/twoWay/NorthSouth) by extensions ['ignore', 'ignore_ament_install']
[5.356s] Level 1:colcon.colcon_core.package_identification:_identify(hundredVehs/twoWay/NorthSouth) by extension 'ignore'
[5.356s] Level 1:colcon.colcon_core.package_identification:_identify(hundredVehs/twoWay/NorthSouth) by extension 'ignore_ament_install'
[5.356s] Level 1:colcon.colcon_core.package_identification:_identify(hundredVehs/twoWay/NorthSouth) by extensions ['colcon_pkg']
[5.356s] Level 1:colcon.colcon_core.package_identification:_identify(hundredVehs/twoWay/NorthSouth) by extension 'colcon_pkg'
[5.356s] Level 1:colcon.colcon_core.package_identification:_identify(hundredVehs/twoWay/NorthSouth) by extensions ['colcon_meta']
[5.356s] Level 1:colcon.colcon_core.package_identification:_identify(hundredVehs/twoWay/NorthSouth) by extension 'colcon_meta'
[5.357s] Level 1:colcon.colcon_core.package_identification:_identify(hundredVehs/twoWay/NorthSouth) by extensions ['ros']
[5.357s] Level 1:colcon.colcon_core.package_identification:_identify(hundredVehs/twoWay/NorthSouth) by extension 'ros'
[5.357s] Level 1:colcon.colcon_core.package_identification:_identify(hundredVehs/twoWay/NorthSouth) by extensions ['cmake', 'python']
[5.357s] Level 1:colcon.colcon_core.package_identification:_identify(hundredVehs/twoWay/NorthSouth) by extension 'cmake'
[5.357s] Level 1:colcon.colcon_core.package_identification:_identify(hundredVehs/twoWay/NorthSouth) by extension 'python'
[5.357s] Level 1:colcon.colcon_core.package_identification:_identify(hundredVehs/twoWay/NorthSouth) by extensions ['python_setup_py']
[5.357s] Level 1:colcon.colcon_core.package_identification:_identify(hundredVehs/twoWay/NorthSouth) by extension 'python_setup_py'
[5.357s] Level 1:colcon.colcon_core.package_identification:_identify(hundredVehs/twoWay/NorthSouth/FIS) by extensions ['ignore', 'ignore_ament_install']
[5.357s] Level 1:colcon.colcon_core.package_identification:_identify(hundredVehs/twoWay/NorthSouth/FIS) by extension 'ignore'
[5.357s] Level 1:colcon.colcon_core.package_identification:_identify(hundredVehs/twoWay/NorthSouth/FIS) by extension 'ignore_ament_install'
[5.357s] Level 1:colcon.colcon_core.package_identification:_identify(hundredVehs/twoWay/NorthSouth/FIS) by extensions ['colcon_pkg']
[5.357s] Level 1:colcon.colcon_core.package_identification:_identify(hundredVehs/twoWay/NorthSouth/FIS) by extension 'colcon_pkg'
[5.357s] Level 1:colcon.colcon_core.package_identification:_identify(hundredVehs/twoWay/NorthSouth/FIS) by extensions ['colcon_meta']
[5.358s] Level 1:colcon.colcon_core.package_identification:_identify(hundredVehs/twoWay/NorthSouth/FIS) by extension 'colcon_meta'
[5.358s] Level 1:colcon.colcon_core.package_identification:_identify(hundredVehs/twoWay/NorthSouth/FIS) by extensions ['ros']
[5.358s] Level 1:colcon.colcon_core.package_identification:_identify(hundredVehs/twoWay/NorthSouth/FIS) by extension 'ros'
[5.358s] Level 1:colcon.colcon_core.package_identification:_identify(hundredVehs/twoWay/NorthSouth/FIS) by extensions ['cmake', 'python']
[5.358s] Level 1:colcon.colcon_core.package_identification:_identify(hundredVehs/twoWay/NorthSouth/FIS) by extension 'cmake'
[5.358s] Level 1:colcon.colcon_core.package_identification:_identify(hundredVehs/twoWay/NorthSouth/FIS) by extension 'python'
[5.358s] Level 1:colcon.colcon_core.package_identification:_identify(hundredVehs/twoWay/NorthSouth/FIS) by extensions ['python_setup_py']
[5.358s] Level 1:colcon.colcon_core.package_identification:_identify(hundredVehs/twoWay/NorthSouth/FIS) by extension 'python_setup_py'
[5.358s] Level 1:colcon.colcon_core.package_identification:_identify(hundredVehs/twoWay/NorthSouth/SpdDst) by extensions ['ignore', 'ignore_ament_install']
[5.359s] Level 1:colcon.colcon_core.package_identification:_identify(hundredVehs/twoWay/NorthSouth/SpdDst) by extension 'ignore'
[5.359s] Level 1:colcon.colcon_core.package_identification:_identify(hundredVehs/twoWay/NorthSouth/SpdDst) by extension 'ignore_ament_install'
[5.359s] Level 1:colcon.colcon_core.package_identification:_identify(hundredVehs/twoWay/NorthSouth/SpdDst) by extensions ['colcon_pkg']
[5.359s] Level 1:colcon.colcon_core.package_identification:_identify(hundredVehs/twoWay/NorthSouth/SpdDst) by extension 'colcon_pkg'
[5.359s] Level 1:colcon.colcon_core.package_identification:_identify(hundredVehs/twoWay/NorthSouth/SpdDst) by extensions ['colcon_meta']
[5.359s] Level 1:colcon.colcon_core.package_identification:_identify(hundredVehs/twoWay/NorthSouth/SpdDst) by extension 'colcon_meta'
[5.359s] Level 1:colcon.colcon_core.package_identification:_identify(hundredVehs/twoWay/NorthSouth/SpdDst) by extensions ['ros']
[5.359s] Level 1:colcon.colcon_core.package_identification:_identify(hundredVehs/twoWay/NorthSouth/SpdDst) by extension 'ros'
[5.359s] Level 1:colcon.colcon_core.package_identification:_identify(hundredVehs/twoWay/NorthSouth/SpdDst) by extensions ['cmake', 'python']
[5.359s] Level 1:colcon.colcon_core.package_identification:_identify(hundredVehs/twoWay/NorthSouth/SpdDst) by extension 'cmake'
[5.359s] Level 1:colcon.colcon_core.package_identification:_identify(hundredVehs/twoWay/NorthSouth/SpdDst) by extension 'python'
[5.360s] Level 1:colcon.colcon_core.package_identification:_identify(hundredVehs/twoWay/NorthSouth/SpdDst) by extensions ['python_setup_py']
[5.360s] Level 1:colcon.colcon_core.package_identification:_identify(hundredVehs/twoWay/NorthSouth/SpdDst) by extension 'python_setup_py'
[5.360s] Level 1:colcon.colcon_core.package_identification:_identify(hundredVehs/twoWay/NorthSouth/Static) by extensions ['ignore', 'ignore_ament_install']
[5.360s] Level 1:colcon.colcon_core.package_identification:_identify(hundredVehs/twoWay/NorthSouth/Static) by extension 'ignore'
[5.360s] Level 1:colcon.colcon_core.package_identification:_identify(hundredVehs/twoWay/NorthSouth/Static) by extension 'ignore_ament_install'
[5.360s] Level 1:colcon.colcon_core.package_identification:_identify(hundredVehs/twoWay/NorthSouth/Static) by extensions ['colcon_pkg']
[5.360s] Level 1:colcon.colcon_core.package_identification:_identify(hundredVehs/twoWay/NorthSouth/Static) by extension 'colcon_pkg'
[5.360s] Level 1:colcon.colcon_core.package_identification:_identify(hundredVehs/twoWay/NorthSouth/Static) by extensions ['colcon_meta']
[5.360s] Level 1:colcon.colcon_core.package_identification:_identify(hundredVehs/twoWay/NorthSouth/Static) by extension 'colcon_meta'
[5.361s] Level 1:colcon.colcon_core.package_identification:_identify(hundredVehs/twoWay/NorthSouth/Static) by extensions ['ros']
[5.361s] Level 1:colcon.colcon_core.package_identification:_identify(hundredVehs/twoWay/NorthSouth/Static) by extension 'ros'
[5.361s] Level 1:colcon.colcon_core.package_identification:_identify(hundredVehs/twoWay/NorthSouth/Static) by extensions ['cmake', 'python']
[5.361s] Level 1:colcon.colcon_core.package_identification:_identify(hundredVehs/twoWay/NorthSouth/Static) by extension 'cmake'
[5.361s] Level 1:colcon.colcon_core.package_identification:_identify(hundredVehs/twoWay/NorthSouth/Static) by extension 'python'
[5.361s] Level 1:colcon.colcon_core.package_identification:_identify(hundredVehs/twoWay/NorthSouth/Static) by extensions ['python_setup_py']
[5.361s] Level 1:colcon.colcon_core.package_identification:_identify(hundredVehs/twoWay/NorthSouth/Static) by extension 'python_setup_py'
[5.361s] Level 1:colcon.colcon_core.package_identification:_identify(hundredVehs/twoWay/SpdDst) by extensions ['ignore', 'ignore_ament_install']
[5.361s] Level 1:colcon.colcon_core.package_identification:_identify(hundredVehs/twoWay/SpdDst) by extension 'ignore'
[5.361s] Level 1:colcon.colcon_core.package_identification:_identify(hundredVehs/twoWay/SpdDst) by extension 'ignore_ament_install'
[5.361s] Level 1:colcon.colcon_core.package_identification:_identify(hundredVehs/twoWay/SpdDst) by extensions ['colcon_pkg']
[5.361s] Level 1:colcon.colcon_core.package_identification:_identify(hundredVehs/twoWay/SpdDst) by extension 'colcon_pkg'
[5.361s] Level 1:colcon.colcon_core.package_identification:_identify(hundredVehs/twoWay/SpdDst) by extensions ['colcon_meta']
[5.362s] Level 1:colcon.colcon_core.package_identification:_identify(hundredVehs/twoWay/SpdDst) by extension 'colcon_meta'
[5.362s] Level 1:colcon.colcon_core.package_identification:_identify(hundredVehs/twoWay/SpdDst) by extensions ['ros']
[5.362s] Level 1:colcon.colcon_core.package_identification:_identify(hundredVehs/twoWay/SpdDst) by extension 'ros'
[5.362s] Level 1:colcon.colcon_core.package_identification:_identify(hundredVehs/twoWay/SpdDst) by extensions ['cmake', 'python']
[5.362s] Level 1:colcon.colcon_core.package_identification:_identify(hundredVehs/twoWay/SpdDst) by extension 'cmake'
[5.362s] Level 1:colcon.colcon_core.package_identification:_identify(hundredVehs/twoWay/SpdDst) by extension 'python'
[5.362s] Level 1:colcon.colcon_core.package_identification:_identify(hundredVehs/twoWay/SpdDst) by extensions ['python_setup_py']
[5.362s] Level 1:colcon.colcon_core.package_identification:_identify(hundredVehs/twoWay/SpdDst) by extension 'python_setup_py'
[5.362s] Level 1:colcon.colcon_core.package_identification:_identify(hundredVehs/twoWay/Static) by extensions ['ignore', 'ignore_ament_install']
[5.362s] Level 1:colcon.colcon_core.package_identification:_identify(hundredVehs/twoWay/Static) by extension 'ignore'
[5.362s] Level 1:colcon.colcon_core.package_identification:_identify(hundredVehs/twoWay/Static) by extension 'ignore_ament_install'
[5.362s] Level 1:colcon.colcon_core.package_identification:_identify(hundredVehs/twoWay/Static) by extensions ['colcon_pkg']
[5.362s] Level 1:colcon.colcon_core.package_identification:_identify(hundredVehs/twoWay/Static) by extension 'colcon_pkg'
[5.362s] Level 1:colcon.colcon_core.package_identification:_identify(hundredVehs/twoWay/Static) by extensions ['colcon_meta']
[5.362s] Level 1:colcon.colcon_core.package_identification:_identify(hundredVehs/twoWay/Static) by extension 'colcon_meta'
[5.362s] Level 1:colcon.colcon_core.package_identification:_identify(hundredVehs/twoWay/Static) by extensions ['ros']
[5.362s] Level 1:colcon.colcon_core.package_identification:_identify(hundredVehs/twoWay/Static) by extension 'ros'
[5.363s] Level 1:colcon.colcon_core.package_identification:_identify(hundredVehs/twoWay/Static) by extensions ['cmake', 'python']
[5.363s] Level 1:colcon.colcon_core.package_identification:_identify(hundredVehs/twoWay/Static) by extension 'cmake'
[5.363s] Level 1:colcon.colcon_core.package_identification:_identify(hundredVehs/twoWay/Static) by extension 'python'
[5.363s] Level 1:colcon.colcon_core.package_identification:_identify(hundredVehs/twoWay/Static) by extensions ['python_setup_py']
[5.363s] Level 1:colcon.colcon_core.package_identification:_identify(hundredVehs/twoWay/Static) by extension 'python_setup_py'
[5.363s] Level 1:colcon.colcon_core.package_identification:_identify(install) by extensions ['ignore', 'ignore_ament_install']
[5.363s] Level 1:colcon.colcon_core.package_identification:_identify(install) by extension 'ignore'
[5.363s] Level 1:colcon.colcon_core.package_identification:_identify(install) ignored
[5.364s] Level 1:colcon.colcon_core.package_identification:_identify(log) by extensions ['ignore', 'ignore_ament_install']
[5.364s] Level 1:colcon.colcon_core.package_identification:_identify(log) by extension 'ignore'
[5.364s] Level 1:colcon.colcon_core.package_identification:_identify(log) ignored
[5.364s] Level 1:colcon.colcon_core.package_identification:_identify(src) by extensions ['ignore', 'ignore_ament_install']
[5.364s] Level 1:colcon.colcon_core.package_identification:_identify(src) by extension 'ignore'
[5.364s] Level 1:colcon.colcon_core.package_identification:_identify(src) by extension 'ignore_ament_install'
[5.365s] Level 1:colcon.colcon_core.package_identification:_identify(src) by extensions ['colcon_pkg']
[5.365s] Level 1:colcon.colcon_core.package_identification:_identify(src) by extension 'colcon_pkg'
[5.365s] Level 1:colcon.colcon_core.package_identification:_identify(src) by extensions ['colcon_meta']
[5.365s] Level 1:colcon.colcon_core.package_identification:_identify(src) by extension 'colcon_meta'
[5.365s] Level 1:colcon.colcon_core.package_identification:_identify(src) by extensions ['ros']
[5.365s] Level 1:colcon.colcon_core.package_identification:_identify(src) by extension 'ros'
[5.365s] Level 1:colcon.colcon_core.package_identification:_identify(src) by extensions ['cmake', 'python']
[5.365s] Level 1:colcon.colcon_core.package_identification:_identify(src) by extension 'cmake'
[5.365s] Level 1:colcon.colcon_core.package_identification:_identify(src) by extension 'python'
[5.365s] Level 1:colcon.colcon_core.package_identification:_identify(src) by extensions ['python_setup_py']
[5.365s] Level 1:colcon.colcon_core.package_identification:_identify(src) by extension 'python_setup_py'
[5.366s] Level 1:colcon.colcon_core.package_identification:_identify(src/cim) by extensions ['ignore', 'ignore_ament_install']
[5.366s] Level 1:colcon.colcon_core.package_identification:_identify(src/cim) by extension 'ignore'
[5.366s] Level 1:colcon.colcon_core.package_identification:_identify(src/cim) by extension 'ignore_ament_install'
[5.366s] Level 1:colcon.colcon_core.package_identification:_identify(src/cim) by extensions ['colcon_pkg']
[5.366s] Level 1:colcon.colcon_core.package_identification:_identify(src/cim) by extension 'colcon_pkg'
[5.366s] Level 1:colcon.colcon_core.package_identification:_identify(src/cim) by extensions ['colcon_meta']
[5.366s] Level 1:colcon.colcon_core.package_identification:_identify(src/cim) by extension 'colcon_meta'
[5.366s] Level 1:colcon.colcon_core.package_identification:_identify(src/cim) by extensions ['ros']
[5.366s] Level 1:colcon.colcon_core.package_identification:_identify(src/cim) by extension 'ros'
[5.372s] DEBUG:colcon.colcon_core.package_identification:Package 'src/cim' with type 'ros.ament_python' and name 'cim'
[5.372s] Level 1:colcon.colcon_core.package_identification:_identify(src/dsrcmsg) by extensions ['ignore', 'ignore_ament_install']
[5.372s] Level 1:colcon.colcon_core.package_identification:_identify(src/dsrcmsg) by extension 'ignore'
[5.372s] Level 1:colcon.colcon_core.package_identification:_identify(src/dsrcmsg) by extension 'ignore_ament_install'
[5.372s] Level 1:colcon.colcon_core.package_identification:_identify(src/dsrcmsg) by extensions ['colcon_pkg']
[5.372s] Level 1:colcon.colcon_core.package_identification:_identify(src/dsrcmsg) by extension 'colcon_pkg'
[5.372s] Level 1:colcon.colcon_core.package_identification:_identify(src/dsrcmsg) by extensions ['colcon_meta']
[5.373s] Level 1:colcon.colcon_core.package_identification:_identify(src/dsrcmsg) by extension 'colcon_meta'
[5.373s] Level 1:colcon.colcon_core.package_identification:_identify(src/dsrcmsg) by extensions ['ros']
[5.373s] Level 1:colcon.colcon_core.package_identification:_identify(src/dsrcmsg) by extension 'ros'
[5.374s] DEBUG:colcon.colcon_core.package_identification:Package 'src/dsrcmsg' with type 'ros.ament_cmake' and name 'dsrcmsg'
[5.374s] Level 1:colcon.colcon_core.package_identification:_identify(src/onecim) by extensions ['ignore', 'ignore_ament_install']
[5.374s] Level 1:colcon.colcon_core.package_identification:_identify(src/onecim) by extension 'ignore'
[5.374s] Level 1:colcon.colcon_core.package_identification:_identify(src/onecim) by extension 'ignore_ament_install'
[5.374s] Level 1:colcon.colcon_core.package_identification:_identify(src/onecim) by extensions ['colcon_pkg']
[5.374s] Level 1:colcon.colcon_core.package_identification:_identify(src/onecim) by extension 'colcon_pkg'
[5.375s] Level 1:colcon.colcon_core.package_identification:_identify(src/onecim) by extensions ['colcon_meta']
[5.375s] Level 1:colcon.colcon_core.package_identification:_identify(src/onecim) by extension 'colcon_meta'
[5.375s] Level 1:colcon.colcon_core.package_identification:_identify(src/onecim) by extensions ['ros']
[5.375s] Level 1:colcon.colcon_core.package_identification:_identify(src/onecim) by extension 'ros'
[5.376s] DEBUG:colcon.colcon_core.package_identification:Package 'src/onecim' with type 'ros.ament_python' and name 'onecim'
[5.376s] Level 1:colcon.colcon_core.package_identification:_identify(src/reactivemethods) by extensions ['ignore', 'ignore_ament_install']
[5.377s] Level 1:colcon.colcon_core.package_identification:_identify(src/reactivemethods) by extension 'ignore'
[5.377s] Level 1:colcon.colcon_core.package_identification:_identify(src/reactivemethods) by extension 'ignore_ament_install'
[5.377s] Level 1:colcon.colcon_core.package_identification:_identify(src/reactivemethods) by extensions ['colcon_pkg']
[5.377s] Level 1:colcon.colcon_core.package_identification:_identify(src/reactivemethods) by extension 'colcon_pkg'
[5.377s] Level 1:colcon.colcon_core.package_identification:_identify(src/reactivemethods) by extensions ['colcon_meta']
[5.377s] Level 1:colcon.colcon_core.package_identification:_identify(src/reactivemethods) by extension 'colcon_meta'
[5.377s] Level 1:colcon.colcon_core.package_identification:_identify(src/reactivemethods) by extensions ['ros']
[5.377s] Level 1:colcon.colcon_core.package_identification:_identify(src/reactivemethods) by extension 'ros'
[5.378s] DEBUG:colcon.colcon_core.package_identification:Package 'src/reactivemethods' with type 'ros.ament_python' and name 'reactivemethods'
[5.378s] Level 1:colcon.colcon_core.package_identification:_identify(src/trafficrecord) by extensions ['ignore', 'ignore_ament_install']
[5.378s] Level 1:colcon.colcon_core.package_identification:_identify(src/trafficrecord) by extension 'ignore'
[5.378s] Level 1:colcon.colcon_core.package_identification:_identify(src/trafficrecord) by extension 'ignore_ament_install'
[5.378s] Level 1:colcon.colcon_core.package_identification:_identify(src/trafficrecord) by extensions ['colcon_pkg']
[5.378s] Level 1:colcon.colcon_core.package_identification:_identify(src/trafficrecord) by extension 'colcon_pkg'
[5.378s] Level 1:colcon.colcon_core.package_identification:_identify(src/trafficrecord) by extensions ['colcon_meta']
[5.378s] Level 1:colcon.colcon_core.package_identification:_identify(src/trafficrecord) by extension 'colcon_meta'
[5.378s] Level 1:colcon.colcon_core.package_identification:_identify(src/trafficrecord) by extensions ['ros']
[5.378s] Level 1:colcon.colcon_core.package_identification:_identify(src/trafficrecord) by extension 'ros'
[5.379s] DEBUG:colcon.colcon_core.package_identification:Package 'src/trafficrecord' with type 'ros.ament_cmake' and name 'trafficrecord'
[5.379s] Level 1:colcon.colcon_core.package_identification:_identify(twoHundred) by extensions ['ignore', 'ignore_ament_install']
[5.380s] Level 1:colcon.colcon_core.package_identification:_identify(twoHundred) by extension 'ignore'
[5.380s] Level 1:colcon.colcon_core.package_identification:_identify(twoHundred) by extension 'ignore_ament_install'
[5.380s] Level 1:colcon.colcon_core.package_identification:_identify(twoHundred) by extensions ['colcon_pkg']
[5.380s] Level 1:colcon.colcon_core.package_identification:_identify(twoHundred) by extension 'colcon_pkg'
[5.380s] Level 1:colcon.colcon_core.package_identification:_identify(twoHundred) by extensions ['colcon_meta']
[5.380s] Level 1:colcon.colcon_core.package_identification:_identify(twoHundred) by extension 'colcon_meta'
[5.380s] Level 1:colcon.colcon_core.package_identification:_identify(twoHundred) by extensions ['ros']
[5.380s] Level 1:colcon.colcon_core.package_identification:_identify(twoHundred) by extension 'ros'
[5.380s] Level 1:colcon.colcon_core.package_identification:_identify(twoHundred) by extensions ['cmake', 'python']
[5.381s] Level 1:colcon.colcon_core.package_identification:_identify(twoHundred) by extension 'cmake'
[5.381s] Level 1:colcon.colcon_core.package_identification:_identify(twoHundred) by extension 'python'
[5.381s] Level 1:colcon.colcon_core.package_identification:_identify(twoHundred) by extensions ['python_setup_py']
[5.381s] Level 1:colcon.colcon_core.package_identification:_identify(twoHundred) by extension 'python_setup_py'
[5.381s] Level 1:colcon.colcon_core.package_identification:_identify(twoHundred/fourWay) by extensions ['ignore', 'ignore_ament_install']
[5.381s] Level 1:colcon.colcon_core.package_identification:_identify(twoHundred/fourWay) by extension 'ignore'
[5.381s] Level 1:colcon.colcon_core.package_identification:_identify(twoHundred/fourWay) by extension 'ignore_ament_install'
[5.381s] Level 1:colcon.colcon_core.package_identification:_identify(twoHundred/fourWay) by extensions ['colcon_pkg']
[5.381s] Level 1:colcon.colcon_core.package_identification:_identify(twoHundred/fourWay) by extension 'colcon_pkg'
[5.381s] Level 1:colcon.colcon_core.package_identification:_identify(twoHundred/fourWay) by extensions ['colcon_meta']
[5.381s] Level 1:colcon.colcon_core.package_identification:_identify(twoHundred/fourWay) by extension 'colcon_meta'
[5.381s] Level 1:colcon.colcon_core.package_identification:_identify(twoHundred/fourWay) by extensions ['ros']
[5.381s] Level 1:colcon.colcon_core.package_identification:_identify(twoHundred/fourWay) by extension 'ros'
[5.382s] Level 1:colcon.colcon_core.package_identification:_identify(twoHundred/fourWay) by extensions ['cmake', 'python']
[5.382s] Level 1:colcon.colcon_core.package_identification:_identify(twoHundred/fourWay) by extension 'cmake'
[5.382s] Level 1:colcon.colcon_core.package_identification:_identify(twoHundred/fourWay) by extension 'python'
[5.382s] Level 1:colcon.colcon_core.package_identification:_identify(twoHundred/fourWay) by extensions ['python_setup_py']
[5.382s] Level 1:colcon.colcon_core.package_identification:_identify(twoHundred/fourWay) by extension 'python_setup_py'
[5.382s] Level 1:colcon.colcon_core.package_identification:_identify(twoHundred/fourWay/FIS) by extensions ['ignore', 'ignore_ament_install']
[5.382s] Level 1:colcon.colcon_core.package_identification:_identify(twoHundred/fourWay/FIS) by extension 'ignore'
[5.382s] Level 1:colcon.colcon_core.package_identification:_identify(twoHundred/fourWay/FIS) by extension 'ignore_ament_install'
[5.382s] Level 1:colcon.colcon_core.package_identification:_identify(twoHundred/fourWay/FIS) by extensions ['colcon_pkg']
[5.382s] Level 1:colcon.colcon_core.package_identification:_identify(twoHundred/fourWay/FIS) by extension 'colcon_pkg'
[5.382s] Level 1:colcon.colcon_core.package_identification:_identify(twoHundred/fourWay/FIS) by extensions ['colcon_meta']
[5.382s] Level 1:colcon.colcon_core.package_identification:_identify(twoHundred/fourWay/FIS) by extension 'colcon_meta'
[5.382s] Level 1:colcon.colcon_core.package_identification:_identify(twoHundred/fourWay/FIS) by extensions ['ros']
[5.382s] Level 1:colcon.colcon_core.package_identification:_identify(twoHundred/fourWay/FIS) by extension 'ros'
[5.383s] Level 1:colcon.colcon_core.package_identification:_identify(twoHundred/fourWay/FIS) by extensions ['cmake', 'python']
[5.383s] Level 1:colcon.colcon_core.package_identification:_identify(twoHundred/fourWay/FIS) by extension 'cmake'
[5.383s] Level 1:colcon.colcon_core.package_identification:_identify(twoHundred/fourWay/FIS) by extension 'python'
[5.383s] Level 1:colcon.colcon_core.package_identification:_identify(twoHundred/fourWay/FIS) by extensions ['python_setup_py']
[5.383s] Level 1:colcon.colcon_core.package_identification:_identify(twoHundred/fourWay/FIS) by extension 'python_setup_py'
[5.383s] Level 1:colcon.colcon_core.package_identification:_identify(twoHundred/fourWay/SpdDst) by extensions ['ignore', 'ignore_ament_install']
[5.383s] Level 1:colcon.colcon_core.package_identification:_identify(twoHundred/fourWay/SpdDst) by extension 'ignore'
[5.383s] Level 1:colcon.colcon_core.package_identification:_identify(twoHundred/fourWay/SpdDst) by extension 'ignore_ament_install'
[5.383s] Level 1:colcon.colcon_core.package_identification:_identify(twoHundred/fourWay/SpdDst) by extensions ['colcon_pkg']
[5.383s] Level 1:colcon.colcon_core.package_identification:_identify(twoHundred/fourWay/SpdDst) by extension 'colcon_pkg'
[5.383s] Level 1:colcon.colcon_core.package_identification:_identify(twoHundred/fourWay/SpdDst) by extensions ['colcon_meta']
[5.383s] Level 1:colcon.colcon_core.package_identification:_identify(twoHundred/fourWay/SpdDst) by extension 'colcon_meta'
[5.383s] Level 1:colcon.colcon_core.package_identification:_identify(twoHundred/fourWay/SpdDst) by extensions ['ros']
[5.383s] Level 1:colcon.colcon_core.package_identification:_identify(twoHundred/fourWay/SpdDst) by extension 'ros'
[5.383s] Level 1:colcon.colcon_core.package_identification:_identify(twoHundred/fourWay/SpdDst) by extensions ['cmake', 'python']
[5.384s] Level 1:colcon.colcon_core.package_identification:_identify(twoHundred/fourWay/SpdDst) by extension 'cmake'
[5.384s] Level 1:colcon.colcon_core.package_identification:_identify(twoHundred/fourWay/SpdDst) by extension 'python'
[5.384s] Level 1:colcon.colcon_core.package_identification:_identify(twoHundred/fourWay/SpdDst) by extensions ['python_setup_py']
[5.384s] Level 1:colcon.colcon_core.package_identification:_identify(twoHundred/fourWay/SpdDst) by extension 'python_setup_py'
[5.384s] Level 1:colcon.colcon_core.package_identification:_identify(twoHundred/fourWay/Static) by extensions ['ignore', 'ignore_ament_install']
[5.384s] Level 1:colcon.colcon_core.package_identification:_identify(twoHundred/fourWay/Static) by extension 'ignore'
[5.384s] Level 1:colcon.colcon_core.package_identification:_identify(twoHundred/fourWay/Static) by extension 'ignore_ament_install'
[5.384s] Level 1:colcon.colcon_core.package_identification:_identify(twoHundred/fourWay/Static) by extensions ['colcon_pkg']
[5.384s] Level 1:colcon.colcon_core.package_identification:_identify(twoHundred/fourWay/Static) by extension 'colcon_pkg'
[5.384s] Level 1:colcon.colcon_core.package_identification:_identify(twoHundred/fourWay/Static) by extensions ['colcon_meta']
[5.384s] Level 1:colcon.colcon_core.package_identification:_identify(twoHundred/fourWay/Static) by extension 'colcon_meta'
[5.385s] Level 1:colcon.colcon_core.package_identification:_identify(twoHundred/fourWay/Static) by extensions ['ros']
[5.385s] Level 1:colcon.colcon_core.package_identification:_identify(twoHundred/fourWay/Static) by extension 'ros'
[5.385s] Level 1:colcon.colcon_core.package_identification:_identify(twoHundred/fourWay/Static) by extensions ['cmake', 'python']
[5.385s] Level 1:colcon.colcon_core.package_identification:_identify(twoHundred/fourWay/Static) by extension 'cmake'
[5.385s] Level 1:colcon.colcon_core.package_identification:_identify(twoHundred/fourWay/Static) by extension 'python'
[5.385s] Level 1:colcon.colcon_core.package_identification:_identify(twoHundred/fourWay/Static) by extensions ['python_setup_py']
[5.385s] Level 1:colcon.colcon_core.package_identification:_identify(twoHundred/fourWay/Static) by extension 'python_setup_py'
[5.385s] Level 1:colcon.colcon_core.package_identification:_identify(twoHundred/twoWay) by extensions ['ignore', 'ignore_ament_install']
[5.385s] Level 1:colcon.colcon_core.package_identification:_identify(twoHundred/twoWay) by extension 'ignore'
[5.385s] Level 1:colcon.colcon_core.package_identification:_identify(twoHundred/twoWay) by extension 'ignore_ament_install'
[5.385s] Level 1:colcon.colcon_core.package_identification:_identify(twoHundred/twoWay) by extensions ['colcon_pkg']
[5.386s] Level 1:colcon.colcon_core.package_identification:_identify(twoHundred/twoWay) by extension 'colcon_pkg'
[5.386s] Level 1:colcon.colcon_core.package_identification:_identify(twoHundred/twoWay) by extensions ['colcon_meta']
[5.386s] Level 1:colcon.colcon_core.package_identification:_identify(twoHundred/twoWay) by extension 'colcon_meta'
[5.386s] Level 1:colcon.colcon_core.package_identification:_identify(twoHundred/twoWay) by extensions ['ros']
[5.386s] Level 1:colcon.colcon_core.package_identification:_identify(twoHundred/twoWay) by extension 'ros'
[5.386s] Level 1:colcon.colcon_core.package_identification:_identify(twoHundred/twoWay) by extensions ['cmake', 'python']
[5.386s] Level 1:colcon.colcon_core.package_identification:_identify(twoHundred/twoWay) by extension 'cmake'
[5.386s] Level 1:colcon.colcon_core.package_identification:_identify(twoHundred/twoWay) by extension 'python'
[5.386s] Level 1:colcon.colcon_core.package_identification:_identify(twoHundred/twoWay) by extensions ['python_setup_py']
[5.386s] Level 1:colcon.colcon_core.package_identification:_identify(twoHundred/twoWay) by extension 'python_setup_py'
[5.386s] Level 1:colcon.colcon_core.package_identification:_identify(twoHundred/twoWay/FIS) by extensions ['ignore', 'ignore_ament_install']
[5.386s] Level 1:colcon.colcon_core.package_identification:_identify(twoHundred/twoWay/FIS) by extension 'ignore'
[5.386s] Level 1:colcon.colcon_core.package_identification:_identify(twoHundred/twoWay/FIS) by extension 'ignore_ament_install'
[5.386s] Level 1:colcon.colcon_core.package_identification:_identify(twoHundred/twoWay/FIS) by extensions ['colcon_pkg']
[5.387s] Level 1:colcon.colcon_core.package_identification:_identify(twoHundred/twoWay/FIS) by extension 'colcon_pkg'
[5.387s] Level 1:colcon.colcon_core.package_identification:_identify(twoHundred/twoWay/FIS) by extensions ['colcon_meta']
[5.387s] Level 1:colcon.colcon_core.package_identification:_identify(twoHundred/twoWay/FIS) by extension 'colcon_meta'
[5.387s] Level 1:colcon.colcon_core.package_identification:_identify(twoHundred/twoWay/FIS) by extensions ['ros']
[5.387s] Level 1:colcon.colcon_core.package_identification:_identify(twoHundred/twoWay/FIS) by extension 'ros'
[5.387s] Level 1:colcon.colcon_core.package_identification:_identify(twoHundred/twoWay/FIS) by extensions ['cmake', 'python']
[5.387s] Level 1:colcon.colcon_core.package_identification:_identify(twoHundred/twoWay/FIS) by extension 'cmake'
[5.387s] Level 1:colcon.colcon_core.package_identification:_identify(twoHundred/twoWay/FIS) by extension 'python'
[5.387s] Level 1:colcon.colcon_core.package_identification:_identify(twoHundred/twoWay/FIS) by extensions ['python_setup_py']
[5.387s] Level 1:colcon.colcon_core.package_identification:_identify(twoHundred/twoWay/FIS) by extension 'python_setup_py'
[5.387s] Level 1:colcon.colcon_core.package_identification:_identify(twoHundred/twoWay/SouthNorth) by extensions ['ignore', 'ignore_ament_install']
[5.387s] Level 1:colcon.colcon_core.package_identification:_identify(twoHundred/twoWay/SouthNorth) by extension 'ignore'
[5.388s] Level 1:colcon.colcon_core.package_identification:_identify(twoHundred/twoWay/SouthNorth) by extension 'ignore_ament_install'
[5.388s] Level 1:colcon.colcon_core.package_identification:_identify(twoHundred/twoWay/SouthNorth) by extensions ['colcon_pkg']
[5.388s] Level 1:colcon.colcon_core.package_identification:_identify(twoHundred/twoWay/SouthNorth) by extension 'colcon_pkg'
[5.388s] Level 1:colcon.colcon_core.package_identification:_identify(twoHundred/twoWay/SouthNorth) by extensions ['colcon_meta']
[5.388s] Level 1:colcon.colcon_core.package_identification:_identify(twoHundred/twoWay/SouthNorth) by extension 'colcon_meta'
[5.388s] Level 1:colcon.colcon_core.package_identification:_identify(twoHundred/twoWay/SouthNorth) by extensions ['ros']
[5.388s] Level 1:colcon.colcon_core.package_identification:_identify(twoHundred/twoWay/SouthNorth) by extension 'ros'
[5.388s] Level 1:colcon.colcon_core.package_identification:_identify(twoHundred/twoWay/SouthNorth) by extensions ['cmake', 'python']
[5.388s] Level 1:colcon.colcon_core.package_identification:_identify(twoHundred/twoWay/SouthNorth) by extension 'cmake'
[5.388s] Level 1:colcon.colcon_core.package_identification:_identify(twoHundred/twoWay/SouthNorth) by extension 'python'
[5.388s] Level 1:colcon.colcon_core.package_identification:_identify(twoHundred/twoWay/SouthNorth) by extensions ['python_setup_py']
[5.388s] Level 1:colcon.colcon_core.package_identification:_identify(twoHundred/twoWay/SouthNorth) by extension 'python_setup_py'
[5.389s] Level 1:colcon.colcon_core.package_identification:_identify(twoHundred/twoWay/SouthNorth/FIS) by extensions ['ignore', 'ignore_ament_install']
[5.389s] Level 1:colcon.colcon_core.package_identification:_identify(twoHundred/twoWay/SouthNorth/FIS) by extension 'ignore'
[5.389s] Level 1:colcon.colcon_core.package_identification:_identify(twoHundred/twoWay/SouthNorth/FIS) by extension 'ignore_ament_install'
[5.389s] Level 1:colcon.colcon_core.package_identification:_identify(twoHundred/twoWay/SouthNorth/FIS) by extensions ['colcon_pkg']
[5.389s] Level 1:colcon.colcon_core.package_identification:_identify(twoHundred/twoWay/SouthNorth/FIS) by extension 'colcon_pkg'
[5.389s] Level 1:colcon.colcon_core.package_identification:_identify(twoHundred/twoWay/SouthNorth/FIS) by extensions ['colcon_meta']
[5.389s] Level 1:colcon.colcon_core.package_identification:_identify(twoHundred/twoWay/SouthNorth/FIS) by extension 'colcon_meta'
[5.389s] Level 1:colcon.colcon_core.package_identification:_identify(twoHundred/twoWay/SouthNorth/FIS) by extensions ['ros']
[5.389s] Level 1:colcon.colcon_core.package_identification:_identify(twoHundred/twoWay/SouthNorth/FIS) by extension 'ros'
[5.389s] Level 1:colcon.colcon_core.package_identification:_identify(twoHundred/twoWay/SouthNorth/FIS) by extensions ['cmake', 'python']
[5.389s] Level 1:colcon.colcon_core.package_identification:_identify(twoHundred/twoWay/SouthNorth/FIS) by extension 'cmake'
[5.389s] Level 1:colcon.colcon_core.package_identification:_identify(twoHundred/twoWay/SouthNorth/FIS) by extension 'python'
[5.389s] Level 1:colcon.colcon_core.package_identification:_identify(twoHundred/twoWay/SouthNorth/FIS) by extensions ['python_setup_py']
[5.389s] Level 1:colcon.colcon_core.package_identification:_identify(twoHundred/twoWay/SouthNorth/FIS) by extension 'python_setup_py'
[5.390s] Level 1:colcon.colcon_core.package_identification:_identify(twoHundred/twoWay/SouthNorth/SpdDst) by extensions ['ignore', 'ignore_ament_install']
[5.390s] Level 1:colcon.colcon_core.package_identification:_identify(twoHundred/twoWay/SouthNorth/SpdDst) by extension 'ignore'
[5.390s] Level 1:colcon.colcon_core.package_identification:_identify(twoHundred/twoWay/SouthNorth/SpdDst) by extension 'ignore_ament_install'
[5.390s] Level 1:colcon.colcon_core.package_identification:_identify(twoHundred/twoWay/SouthNorth/SpdDst) by extensions ['colcon_pkg']
[5.390s] Level 1:colcon.colcon_core.package_identification:_identify(twoHundred/twoWay/SouthNorth/SpdDst) by extension 'colcon_pkg'
[5.390s] Level 1:colcon.colcon_core.package_identification:_identify(twoHundred/twoWay/SouthNorth/SpdDst) by extensions ['colcon_meta']
[5.390s] Level 1:colcon.colcon_core.package_identification:_identify(twoHundred/twoWay/SouthNorth/SpdDst) by extension 'colcon_meta'
[5.390s] Level 1:colcon.colcon_core.package_identification:_identify(twoHundred/twoWay/SouthNorth/SpdDst) by extensions ['ros']
[5.390s] Level 1:colcon.colcon_core.package_identification:_identify(twoHundred/twoWay/SouthNorth/SpdDst) by extension 'ros'
[5.390s] Level 1:colcon.colcon_core.package_identification:_identify(twoHundred/twoWay/SouthNorth/SpdDst) by extensions ['cmake', 'python']
[5.390s] Level 1:colcon.colcon_core.package_identification:_identify(twoHundred/twoWay/SouthNorth/SpdDst) by extension 'cmake'
[5.390s] Level 1:colcon.colcon_core.package_identification:_identify(twoHundred/twoWay/SouthNorth/SpdDst) by extension 'python'
[5.390s] Level 1:colcon.colcon_core.package_identification:_identify(twoHundred/twoWay/SouthNorth/SpdDst) by extensions ['python_setup_py']
[5.390s] Level 1:colcon.colcon_core.package_identification:_identify(twoHundred/twoWay/SouthNorth/SpdDst) by extension 'python_setup_py'
[5.391s] Level 1:colcon.colcon_core.package_identification:_identify(twoHundred/twoWay/SouthNorth/Static) by extensions ['ignore', 'ignore_ament_install']
[5.391s] Level 1:colcon.colcon_core.package_identification:_identify(twoHundred/twoWay/SouthNorth/Static) by extension 'ignore'
[5.391s] Level 1:colcon.colcon_core.package_identification:_identify(twoHundred/twoWay/SouthNorth/Static) by extension 'ignore_ament_install'
[5.391s] Level 1:colcon.colcon_core.package_identification:_identify(twoHundred/twoWay/SouthNorth/Static) by extensions ['colcon_pkg']
[5.391s] Level 1:colcon.colcon_core.package_identification:_identify(twoHundred/twoWay/SouthNorth/Static) by extension 'colcon_pkg'
[5.391s] Level 1:colcon.colcon_core.package_identification:_identify(twoHundred/twoWay/SouthNorth/Static) by extensions ['colcon_meta']
[5.391s] Level 1:colcon.colcon_core.package_identification:_identify(twoHundred/twoWay/SouthNorth/Static) by extension 'colcon_meta'
[5.391s] Level 1:colcon.colcon_core.package_identification:_identify(twoHundred/twoWay/SouthNorth/Static) by extensions ['ros']
[5.391s] Level 1:colcon.colcon_core.package_identification:_identify(twoHundred/twoWay/SouthNorth/Static) by extension 'ros'
[5.391s] Level 1:colcon.colcon_core.package_identification:_identify(twoHundred/twoWay/SouthNorth/Static) by extensions ['cmake', 'python']
[5.391s] Level 1:colcon.colcon_core.package_identification:_identify(twoHundred/twoWay/SouthNorth/Static) by extension 'cmake'
[5.391s] Level 1:colcon.colcon_core.package_identification:_identify(twoHundred/twoWay/SouthNorth/Static) by extension 'python'
[5.392s] Level 1:colcon.colcon_core.package_identification:_identify(twoHundred/twoWay/SouthNorth/Static) by extensions ['python_setup_py']
[5.392s] Level 1:colcon.colcon_core.package_identification:_identify(twoHundred/twoWay/SouthNorth/Static) by extension 'python_setup_py'
[5.392s] Level 1:colcon.colcon_core.package_identification:_identify(twoHundred/twoWay/SpdDst) by extensions ['ignore', 'ignore_ament_install']
[5.392s] Level 1:colcon.colcon_core.package_identification:_identify(twoHundred/twoWay/SpdDst) by extension 'ignore'
[5.392s] Level 1:colcon.colcon_core.package_identification:_identify(twoHundred/twoWay/SpdDst) by extension 'ignore_ament_install'
[5.392s] Level 1:colcon.colcon_core.package_identification:_identify(twoHundred/twoWay/SpdDst) by extensions ['colcon_pkg']
[5.392s] Level 1:colcon.colcon_core.package_identification:_identify(twoHundred/twoWay/SpdDst) by extension 'colcon_pkg'
[5.392s] Level 1:colcon.colcon_core.package_identification:_identify(twoHundred/twoWay/SpdDst) by extensions ['colcon_meta']
[5.392s] Level 1:colcon.colcon_core.package_identification:_identify(twoHundred/twoWay/SpdDst) by extension 'colcon_meta'
[5.393s] Level 1:colcon.colcon_core.package_identification:_identify(twoHundred/twoWay/SpdDst) by extensions ['ros']
[5.393s] Level 1:colcon.colcon_core.package_identification:_identify(twoHundred/twoWay/SpdDst) by extension 'ros'
[5.393s] Level 1:colcon.colcon_core.package_identification:_identify(twoHundred/twoWay/SpdDst) by extensions ['cmake', 'python']
[5.393s] Level 1:colcon.colcon_core.package_identification:_identify(twoHundred/twoWay/SpdDst) by extension 'cmake'
[5.393s] Level 1:colcon.colcon_core.package_identification:_identify(twoHundred/twoWay/SpdDst) by extension 'python'
[5.393s] Level 1:colcon.colcon_core.package_identification:_identify(twoHundred/twoWay/SpdDst) by extensions ['python_setup_py']
[5.393s] Level 1:colcon.colcon_core.package_identification:_identify(twoHundred/twoWay/SpdDst) by extension 'python_setup_py'
[5.393s] Level 1:colcon.colcon_core.package_identification:_identify(twoHundred/twoWay/Static) by extensions ['ignore', 'ignore_ament_install']
[5.393s] Level 1:colcon.colcon_core.package_identification:_identify(twoHundred/twoWay/Static) by extension 'ignore'
[5.394s] Level 1:colcon.colcon_core.package_identification:_identify(twoHundred/twoWay/Static) by extension 'ignore_ament_install'
[5.394s] Level 1:colcon.colcon_core.package_identification:_identify(twoHundred/twoWay/Static) by extensions ['colcon_pkg']
[5.394s] Level 1:colcon.colcon_core.package_identification:_identify(twoHundred/twoWay/Static) by extension 'colcon_pkg'
[5.394s] Level 1:colcon.colcon_core.package_identification:_identify(twoHundred/twoWay/Static) by extensions ['colcon_meta']
[5.394s] Level 1:colcon.colcon_core.package_identification:_identify(twoHundred/twoWay/Static) by extension 'colcon_meta'
[5.394s] Level 1:colcon.colcon_core.package_identification:_identify(twoHundred/twoWay/Static) by extensions ['ros']
[5.394s] Level 1:colcon.colcon_core.package_identification:_identify(twoHundred/twoWay/Static) by extension 'ros'
[5.394s] Level 1:colcon.colcon_core.package_identification:_identify(twoHundred/twoWay/Static) by extensions ['cmake', 'python']
[5.394s] Level 1:colcon.colcon_core.package_identification:_identify(twoHundred/twoWay/Static) by extension 'cmake'
[5.394s] Level 1:colcon.colcon_core.package_identification:_identify(twoHundred/twoWay/Static) by extension 'python'
[5.394s] Level 1:colcon.colcon_core.package_identification:_identify(twoHundred/twoWay/Static) by extensions ['python_setup_py']
[5.394s] Level 1:colcon.colcon_core.package_identification:_identify(twoHundred/twoWay/Static) by extension 'python_setup_py'
[5.395s] Level 1:colcon.colcon_core.package_discovery:discover_packages(recursive) using defaults
[5.395s] Level 1:colcon.colcon_core.package_discovery:discover_packages(ignore) discover
[5.395s] Level 1:colcon.colcon_core.package_discovery:discover_packages(ignore) using defaults
[5.395s] Level 1:colcon.colcon_core.package_discovery:discover_packages(path) discover
[5.395s] Level 1:colcon.colcon_core.package_discovery:discover_packages(path) using defaults
[5.635s] INFO:colcon.colcon_core.package_selection:Skipping not selected package 'dsrcmsg' in 'src/dsrcmsg'
[5.635s] INFO:colcon.colcon_core.package_selection:Skipping not selected package 'trafficrecord' in 'src/trafficrecord'
[5.635s] INFO:colcon.colcon_core.package_selection:Skipping not selected package 'cim' in 'src/cim'
[5.636s] INFO:colcon.colcon_core.package_selection:Skipping not selected package 'reactivemethods' in 'src/reactivemethods'
[5.768s] Level 1:colcon.colcon_core.package_discovery:discover_packages(prefix_path) check parameters
[5.768s] Level 1:colcon.colcon_core.package_discovery:discover_packages(prefix_path) discover
[5.927s] DEBUG:colcon.colcon_installed_package_information.package_discovery:Found 5 installed packages in /home/babangida/ros_ws/install
[5.997s] DEBUG:colcon.colcon_installed_package_information.package_discovery:Found 289 installed packages in /opt/ros/foxy
[5.999s] Level 1:colcon.colcon_core.package_discovery:discover_packages(prefix_path) using defaults
[6.287s] Level 5:colcon.colcon_core.verb:set package 'onecim' build argument 'cmake_args' from command line to 'None'
[6.287s] Level 5:colcon.colcon_core.verb:set package 'onecim' build argument 'cmake_target' from command line to 'None'
[6.287s] Level 5:colcon.colcon_core.verb:set package 'onecim' build argument 'cmake_target_skip_unavailable' from command line to 'False'
[6.287s] Level 5:colcon.colcon_core.verb:set package 'onecim' build argument 'cmake_clean_cache' from command line to 'False'
[6.287s] Level 5:colcon.colcon_core.verb:set package 'onecim' build argument 'cmake_clean_first' from command line to 'False'
[6.287s] Level 5:colcon.colcon_core.verb:set package 'onecim' build argument 'cmake_force_configure' from command line to 'False'
[6.287s] Level 5:colcon.colcon_core.verb:set package 'onecim' build argument 'ament_cmake_args' from command line to 'None'
[6.287s] Level 5:colcon.colcon_core.verb:set package 'onecim' build argument 'catkin_cmake_args' from command line to 'None'
[6.287s] Level 5:colcon.colcon_core.verb:set package 'onecim' build argument 'catkin_skip_building_tests' from command line to 'False'
[6.287s] DEBUG:colcon.colcon_core.verb:Building package 'onecim' with the following arguments: {'ament_cmake_args': None, 'build_base': '/home/babangida/ros_ws/build/onecim', 'catkin_cmake_args': None, 'catkin_skip_building_tests': False, 'cmake_args': None, 'cmake_clean_cache': False, 'cmake_clean_first': False, 'cmake_force_configure': False, 'cmake_target': None, 'cmake_target_skip_unavailable': False, 'install_base': '/home/babangida/ros_ws/install/onecim', 'merge_install': False, 'path': '/home/babangida/ros_ws/src/onecim', 'symlink_install': True, 'test_result_base': None}
[6.354s] INFO:colcon.colcon_core.executor:Executing jobs using 'parallel' executor
[6.425s] DEBUG:colcon.colcon_parallel_executor.executor.parallel:run_until_complete
[6.425s] INFO:colcon.colcon_ros.task.ament_python.build:Building ROS package in '/home/babangida/ros_ws/src/onecim' with build type 'ament_python'
[6.426s] Level 1:colcon.colcon_core.shell:create_environment_hook('onecim', 'ament_prefix_path')
[6.501s] INFO:colcon.colcon_core.plugin_system:Skipping extension 'colcon_core.shell.bat': Not used on non-Windows systems
[6.501s] INFO:colcon.colcon_core.shell:Creating environment hook '/home/babangida/ros_ws/install/onecim/share/onecim/hook/ament_prefix_path.ps1'
[6.502s] INFO:colcon.colcon_core.shell:Creating environment descriptor '/home/babangida/ros_ws/install/onecim/share/onecim/hook/ament_prefix_path.dsv'
[6.503s] INFO:colcon.colcon_core.shell:Creating environment hook '/home/babangida/ros_ws/install/onecim/share/onecim/hook/ament_prefix_path.sh'
[6.585s] INFO:colcon.colcon_core.shell:Skip shell extension 'powershell' for command environment: Not usable outside of PowerShell
[6.585s] DEBUG:colcon.colcon_core.shell:Skip shell extension 'dsv' for command environment
[7.746s] INFO:colcon.colcon_core.task.python.build:Building Python package in '/home/babangida/ros_ws/src/onecim'
[7.814s] INFO:colcon.colcon_core.shell:Skip shell extension 'powershell' for command environment: Not usable outside of PowerShell
[7.814s] DEBUG:colcon.colcon_core.shell:Skip shell extension 'dsv' for command environment
[9.209s] DEBUG:colcon.colcon_core.event_handler.log_command:Invoking command in '/home/babangida/ros_ws/build/onecim': PYTHONPATH=/home/babangida/ros_ws/build/onecim/prefix_override:/home/babangida/ros_ws/install/onecim/lib/python3.8/site-packages:/home/babangida/ros_ws/install/trafficrecord/lib/python3.8/site-packages:/home/babangida/ros_ws/install/dsrcmsg/lib/python3.8/site-packages:/home/babangida/ros_ws/build/onecim:/home/babangida/ros_ws/install/onecim/lib/python3.8/site-packages:/home/babangida/ros_ws/install/cim/lib/python3.8/site-packages:/home/babangida/ros_ws/build/reactivemethods:/home/babangida/ros_ws/install/reactivemethods/lib/python3.8/site-packages:/opt/ros/foxy/lib/python3.8/site-packages /usr/bin/python3 setup.py develop --editable --build-directory /home/babangida/ros_ws/build/onecim/build --no-deps install_data
[9.921s] Level 1:colcon.colcon_core.shell:create_environment_hook('onecim', 'pythonpath_develop')
[9.921s] DEBUG:colcon.colcon_core.event_handler.log_command:Invoked command in '/home/babangida/ros_ws/build/onecim' returned '0': PYTHONPATH=/home/babangida/ros_ws/build/onecim/prefix_override:/home/babangida/ros_ws/install/onecim/lib/python3.8/site-packages:/home/babangida/ros_ws/install/trafficrecord/lib/python3.8/site-packages:/home/babangida/ros_ws/install/dsrcmsg/lib/python3.8/site-packages:/home/babangida/ros_ws/build/onecim:/home/babangida/ros_ws/install/onecim/lib/python3.8/site-packages:/home/babangida/ros_ws/install/cim/lib/python3.8/site-packages:/home/babangida/ros_ws/build/reactivemethods:/home/babangida/ros_ws/install/reactivemethods/lib/python3.8/site-packages:/opt/ros/foxy/lib/python3.8/site-packages /usr/bin/python3 setup.py develop --editable --build-directory /home/babangida/ros_ws/build/onecim/build --no-deps install_data
[9.972s] INFO:colcon.colcon_core.shell:Creating environment hook '/home/babangida/ros_ws/build/onecim/share/onecim/hook/pythonpath_develop.ps1'
[9.973s] INFO:colcon.colcon_core.shell:Creating environment descriptor '/home/babangida/ros_ws/build/onecim/share/onecim/hook/pythonpath_develop.dsv'
[9.973s] INFO:colcon.colcon_core.shell:Creating environment hook '/home/babangida/ros_ws/build/onecim/share/onecim/hook/pythonpath_develop.sh'
[10.026s] Level 1:colcon.colcon_core.environment:checking '/home/babangida/ros_ws/install/onecim' for CMake module files
[10.027s] Level 1:colcon.colcon_core.environment:checking '/home/babangida/ros_ws/install/onecim' for CMake config files
[10.028s] Level 1:colcon.colcon_core.environment:checking '/home/babangida/ros_ws/install/onecim/lib'
[10.028s] Level 1:colcon.colcon_core.environment:checking '/home/babangida/ros_ws/install/onecim/bin'
[10.028s] Level 1:colcon.colcon_core.environment:checking '/home/babangida/ros_ws/install/onecim/lib/pkgconfig/onecim.pc'
[10.029s] Level 1:colcon.colcon_core.environment:checking '/home/babangida/ros_ws/install/onecim/lib/python3.8/site-packages'
[10.029s] Level 1:colcon.colcon_core.shell:create_environment_hook('onecim', 'pythonpath')
[10.082s] INFO:colcon.colcon_core.shell:Creating environment hook '/home/babangida/ros_ws/install/onecim/share/onecim/hook/pythonpath.ps1'
[10.082s] INFO:colcon.colcon_core.shell:Creating environment descriptor '/home/babangida/ros_ws/install/onecim/share/onecim/hook/pythonpath.dsv'
[10.083s] INFO:colcon.colcon_core.shell:Creating environment hook '/home/babangida/ros_ws/install/onecim/share/onecim/hook/pythonpath.sh'
[10.083s] Level 1:colcon.colcon_core.environment:checking '/home/babangida/ros_ws/install/onecim/bin'
[10.083s] Level 1:colcon.colcon_core.environment:create_environment_scripts_only(onecim)
[10.131s] INFO:colcon.colcon_core.shell:Creating package script '/home/babangida/ros_ws/install/onecim/share/onecim/package.ps1'
[10.132s] INFO:colcon.colcon_core.shell:Creating package descriptor '/home/babangida/ros_ws/install/onecim/share/onecim/package.dsv'
[10.133s] INFO:colcon.colcon_core.shell:Creating package script '/home/babangida/ros_ws/install/onecim/share/onecim/package.sh'
[10.134s] INFO:colcon.colcon_core.shell:Creating package script '/home/babangida/ros_ws/install/onecim/share/onecim/package.bash'
[10.134s] INFO:colcon.colcon_core.shell:Creating package script '/home/babangida/ros_ws/install/onecim/share/onecim/package.zsh'
[10.135s] Level 1:colcon.colcon_core.environment:create_file_with_runtime_dependencies(/home/babangida/ros_ws/install/onecim/share/colcon-core/packages/onecim)
[10.136s] DEBUG:colcon.colcon_parallel_executor.executor.parallel:closing loop
[10.136s] DEBUG:colcon.colcon_parallel_executor.executor.parallel:loop closed
[10.137s] DEBUG:colcon.colcon_parallel_executor.executor.parallel:run_until_complete finished with '0'
[10.137s] DEBUG:colcon.colcon_core.event_reactor:joining thread
[10.264s] INFO:colcon.colcon_core.plugin_system:Skipping extension 'colcon_notification.desktop_notification.notify_send': Could not find 'notify-send'
[10.264s] INFO:colcon.colcon_core.plugin_system:Skipping extension 'colcon_notification.desktop_notification.terminal_notifier': Not used on non-Darwin systems
[10.264s] INFO:colcon.colcon_core.plugin_system:Skipping extension 'colcon_notification.desktop_notification.win32': Not used on non-Windows systems
[10.264s] INFO:colcon.colcon_notification.desktop_notification:Sending desktop notification using 'notify2'
[10.265s] DEBUG:colcon.colcon_notification.desktop_notification.notify2:Failed to initialize notify2: org.freedesktop.DBus.Error.FileNotFound: Failed to connect to socket /run/user/1000/bus: No such file or directory
[10.265s] DEBUG:colcon.colcon_core.event_reactor:joined thread
[10.310s] INFO:colcon.colcon_core.shell:Creating prefix script '/home/babangida/ros_ws/install/local_setup.ps1'
[10.311s] INFO:colcon.colcon_core.shell:Creating prefix util module '/home/babangida/ros_ws/install/_local_setup_util_ps1.py'
[10.313s] INFO:colcon.colcon_core.shell:Creating prefix chain script '/home/babangida/ros_ws/install/setup.ps1'
[10.357s] INFO:colcon.colcon_core.shell:Creating prefix script '/home/babangida/ros_ws/install/local_setup.sh'
[10.358s] INFO:colcon.colcon_core.shell:Creating prefix util module '/home/babangida/ros_ws/install/_local_setup_util_sh.py'
[10.358s] INFO:colcon.colcon_core.shell:Creating prefix chain script '/home/babangida/ros_ws/install/setup.sh'
[10.402s] INFO:colcon.colcon_core.shell:Creating prefix script '/home/babangida/ros_ws/install/local_setup.bash'
[10.403s] INFO:colcon.colcon_core.shell:Creating prefix chain script '/home/babangida/ros_ws/install/setup.bash'
[10.448s] INFO:colcon.colcon_core.shell:Creating prefix script '/home/babangida/ros_ws/install/local_setup.zsh'
[10.449s] INFO:colcon.colcon_core.shell:Creating prefix chain script '/home/babangida/ros_ws/install/setup.zsh'
