x,y
-18.54138,-0.808594
-18.54138,-0.808594
-18.54138,-0.808594
-18.54138,-0.808594
-18.54138,-0.808594
-18.54138,-0.808594
-18.54138,-0.808594
-18.54138,-0.808594
-18.54138,-0.808594
-18.54138,-0.808594
-18.54138,-0.808594
-18.54138,-0.808594
-18.54138,-0.808594
-18.54138,-0.808594
-18.54138,-0.808594
-18.54138,-0.808594
-18.54138,-0.808594
-18.54138,-0.808594
-18.54138,-0.808594
-18.54138,-0.808594
-18.54138,-0.808594
-18.54138,-0.808594
-18.54138,-0.808594
-18.54138,-0.808594
-18.54138,-0.808594
-18.54138,-0.808594
-18.54138,-0.808594
-18.54138,-0.808594
-18.54138,-0.808594
-18.54138,-0.808594
-18.54138,-0.808594
-18.54138,-0.808594
-18.54138,-0.808594
-18.54138,-0.808594
-18.54138,-0.808594
-18.54138,-0.808594
-18.54138,-0.808594
-18.54138,-0.808594
-18.54138,-0.808594
-18.54138,-0.808594
-18.54138,-0.808594
-18.54138,-0.808594
-18.54138,-0.808594
-18.54138,-0.808594
-18.54138,-0.808594
-18.54138,-0.808594
-18.54138,-0.808594
-18.54138,-0.808594
-18.54138,-0.808594
-18.54138,-0.808594
-18.54138,-0.808594
-18.54138,-0.808594
-18.54138,-0.808594
-18.54138,-0.808594
-18.54138,-0.808594
-18.54138,-0.808594
-18.54138,-0.808594
-18.54138,-0.808594
-18.54138,-0.808594
-18.54138,-0.808594
-18.54138,-0.808594
-18.54138,-0.808594
-18.54138,-0.808594
-18.54138,-0.808594
-18.54138,-0.808594
-18.54138,-0.808594
-18.54138,-0.808594
-18.54138,-0.808594
-18.54138,-0.808594
-18.54138,-0.808594
-18.54138,-0.808594
-18.54138,-0.808594
-18.54138,-0.808594
-18.54138,-0.808594
-18.54138,-0.808594
-18.54138,-0.808594
-18.54138,-0.808594
-18.54138,-0.808594
-18.54138,-0.808594
-18.54138,-0.808594
-18.54138,-0.808594
-18.54138,-0.808594
-18.54138,-0.808594
-18.54138,-0.808594
-18.54138,-0.808594
-18.54138,-0.808594
-18.54138,-0.808594
-18.54138,-0.808594
-18.54138,-0.808594
-18.54138,-0.808594
-18.54138,-0.808594
-18.54138,-0.808594
-18.54138,-0.808594
-18.54138,-0.808594
-18.54138,-0.808594
-18.54138,-0.808594
-18.54138,-0.808594
-18.54138,-0.808594
-18.54138,-0.808594
-18.54138,-0.808594
-18.54138,-0.808594
-18.54138,-0.808594
-18.54138,-0.808594
-18.54138,-0.808594
-18.54138,-0.808594
-18.54138,-0.808594
-18.54138,-0.808594
-18.54138,-0.808594
-18.54138,-0.808594
-18.54138,-0.808594
-18.54138,-0.808594
-18.54138,-0.808594
-18.54138,-0.808594
-18.54138,-0.808594
-18.54138,-0.808594
-18.54138,-0.808594
-18.54138,-0.808594
-18.54138,-0.808594
-18.54138,-0.808594
-18.54138,-0.808594
-18.54138,-0.808594
-18.54138,-0.808594
-18.54138,-0.808594
-18.54138,-0.808594
-18.54138,-0.808594
-18.54138,-0.808594
-18.54138,-0.808594
-18.54138,-0.808594
-18.54138,-0.808594
-18.54138,-0.808594
-18.54138,-0.808594
-18.54138,-0.808594
-18.54138,-0.808594
-18.54138,-0.808594
-18.54138,-0.808594
-18.54138,-0.808594
-18.54138,-0.808594
-18.54138,-0.808594
-18.54138,-0.808594
-18.54138,-0.808594
-18.54138,-0.808594
-18.54138,-0.808594
-18.54138,-0.808594
-18.54138,-0.808594
-18.54138,-0.808594
-18.54138,-0.808594
-18.54138,-0.808594
-18.54138,-0.808594
-18.54138,-0.808594
-18.54138,-0.808594
-18.54138,-0.808594
-18.54138,-0.808594
-18.54138,-0.808594
-18.54138,-0.808594
-18.54138,-0.808594
-18.54138,-0.808594
-18.54138,-0.808594
-18.54138,-0.808594
-18.54138,-0.808594
-18.54138,-0.808594
-18.54138,-0.808594
-18.54138,-0.808594
-18.54138,-0.808594
-18.54138,-0.808594
-18.54138,-0.808594
-18.54138,-0.808594
-18.54138,-0.808594
-18.54138,-0.808594
-18.54138,-0.808594
-18.54138,-0.808594
-18.54138,-0.808594
-18.54138,-0.808594
-18.54138,-0.808594
-18.54138,-0.808594
-18.54138,-0.808594
-18.54138,-0.808594
-18.54138,-0.808594
-18.54138,-0.808594
-18.54138,-0.808594
-18.54138,-0.808594
-18.54138,-0.808594
-18.54138,-0.808594
-18.54138,-0.808594
-18.54138,-0.808594
-18.54138,-0.808594
-18.54138,-0.808594
-18.54138,-0.808594
-18.54138,-0.808594
-18.54138,-0.808594
-18.54138,-0.808594
-18.54138,-0.808594
-18.54138,-0.808594
-18.54138,-0.808594
-18.54138,-0.808594
-18.54138,-0.808594
-18.54138,-0.808594
-18.54138,-0.808594
-18.54138,-0.808594
-18.54138,-0.808594
-18.54138,-0.808594
-18.54138,-0.808594
-18.54138,-0.808594
-18.54138,-0.808594
-18.54138,-0.808594
-18.54138,-0.808594
-18.54138,-0.808594
-18.54138,-0.808594
-18.54138,-0.808594
-18.54138,-0.808594
-18.54138,-0.808594
-18.54138,-0.808594
-18.54138,-0.808594
-18.54138,-0.808594
-18.54138,-0.808594
-18.54138,-0.808594
-18.54138,-0.808594
-18.54138,-0.808594
-18.54138,-0.808594
-18.54138,-0.808594
-18.54138,-0.808594
-18.54138,-0.808594
-18.54138,-0.808594
-18.54138,-0.808594
-18.54138,-0.808594
-18.54138,-0.808594
-18.54138,-0.808594
-18.54138,-0.808594
-18.54138,-0.808594
-18.54138,-0.808594
-18.54138,-0.808594
-18.54138,-0.808594
-18.54138,-0.808594
-18.54138,-0.808594
-18.54138,-0.808594
-18.54138,-0.808594
-18.54138,-0.808594
-18.54138,-0.808594
-18.54138,-0.808594
-18.54138,-0.808594
-18.54138,-0.808594
-18.54138,-0.808594
-18.54138,-0.808594
-18.54138,-0.808594
-18.54138,-0.808594
-18.54138,-0.808594
-18.54138,-0.808594
-18.54138,-0.808594
-18.54138,-0.808594
-18.54138,-0.808594
-18.54138,-0.808594
-18.54138,-0.808594
-18.54138,-0.808594
-18.54138,-0.808594
-18.54138,-0.808594
-18.54138,-0.808594
-18.54138,-0.808594
-18.54138,-0.808594
-18.54138,-0.808594
-18.54138,-0.808594
-18.54138,-0.808594
-18.54138,-0.808594
-18.54138,-0.808594
-18.54138,-0.808594
-18.54138,-0.808594
-18.54138,-0.808594
-18.54138,-0.808594
-18.54138,-0.808594
-18.54138,-0.808594
-18.54138,-0.808594
-18.54138,-0.808594
-18.54138,-0.808594
-18.54138,-0.808594
-18.54138,-0.808594
-18.54138,-0.808594
-18.54138,-0.808594
-18.54138,-0.808594
-18.54138,-0.808594
-18.54138,-0.808594
-18.54138,-0.808594
-18.54138,-0.808594
-18.54138,-0.808594
-18.54138,-0.808594
-18.54138,-0.808594
-18.54138,-0.808594
-18.54138,-0.808594
-18.54138,-0.808594
-18.54138,-0.808594
-18.54138,-0.808594
-18.54138,-0.808594
-18.54138,-0.808594
-18.54138,-0.808594
-18.54138,-0.808594
-18.54138,-0.808594
-18.54138,-0.808594
-18.54138,-0.808594
-18.54138,-0.808594
-18.54138,-0.808594
-18.54138,-0.808594
-18.54138,-0.808594
-18.54138,-0.808594
-18.54138,-0.808594
-18.54138,-0.808594
-18.54138,-0.808594
-18.54138,-0.808594
-18.54138,-0.808594
-18.54138,-0.808594
-18.54138,-0.808594
-18.54138,-0.808594
-18.54138,-0.808594
-18.54138,-0.808594
-18.54138,-0.808594
-18.54138,-0.808594
-18.54138,-0.808594
-18.54138,-0.808594
-18.54138,-0.808594
-18.54138,-0.808594
-18.54138,-0.808594
-18.54138,-0.808594
-18.54138,-0.808594
-18.54138,-0.808594
-18.54138,-0.808594
-18.54138,-0.808594
-18.54138,-0.808594
-18.54138,-0.808594
-18.54138,-0.808594
-18.54138,-0.808594
-18.54138,-0.808594
-18.54138,-0.808594
-18.54138,-0.808594
-18.54138,-0.808594
-18.54138,-0.808594
-18.54138,-0.808594
-18.54138,-0.808594
-18.54138,-0.808594
-18.54138,-0.808594
-18.54138,-0.808594
-18.54138,-0.808594
-18.54138,-0.808594
-18.54138,-0.808594
-18.54138,-0.808594
-18.54138,-0.808594
-18.54138,-0.808594
-18.54138,-0.808594
-18.54138,-0.808594
-18.54138,-0.808594
-18.54138,-0.808594
-18.54138,-0.808594
-18.54138,-0.808594
-18.54138,-0.808594
-18.54138,-0.808594
-18.54138,-0.808594
-18.54138,-0.808594
-18.54138,-0.808594
-18.54138,-0.808594
-18.54138,-0.808594
-18.54138,-0.808594
-18.54138,-0.808594
-18.54138,-0.808594
-18.54138,-0.808594
-18.54138,-0.808594
-18.54138,-0.808594
-18.54138,-0.808594
-18.54138,-0.808594
-18.54138,-0.808594
-18.54138,-0.808594
-18.54138,-0.808594
-18.54138,-0.808594
-18.54138,-0.808594
-18.54138,-0.808594
-18.54138,-0.808594
-18.54138,-0.808594
-18.54138,-0.808594
-18.54138,-0.808594
-18.54138,-0.808594
-18.54138,-0.808594
-18.54138,-0.808594
-18.54138,-0.808594
-18.54138,-0.808594
-18.54138,-0.808594
-18.54138,-0.808594
-18.54138,-0.808594
-18.54138,-0.808594
-18.54138,-0.808594
-18.54138,-0.808594
-18.54138,-0.808594
-18.54138,-0.808594
-18.54138,-0.808594
-18.54138,-0.808594
-18.54138,-0.808594
-18.54138,-0.808594
-18.54138,-0.808594
-18.54138,-0.808594
-18.54138,-0.808594
-18.54138,-0.808594
-18.54138,-0.808594
-18.54138,-0.808594
-18.54138,-0.808594
-18.54138,-0.808594
-18.54138,-0.808594
-18.54138,-0.808594
-18.54138,-0.808594
-18.54138,-0.808594
-18.54138,-0.808594
-18.54138,-0.808594
-18.54138,-0.808594
-18.54138,-0.808594
-18.54138,-0.808594
-18.54138,-0.808594
-18.54138,-0.808594
-18.54138,-0.808594
-18.54138,-0.808594
-18.54138,-0.808594
-18.54138,-0.808594
-18.54138,-0.808594
-18.54138,-0.808594
-18.54138,-0.808594
-18.54138,-0.808594
-18.54138,-0.808594
-18.54138,-0.808594
-18.54138,-0.808594
-18.54138,-0.808594
-18.54138,-0.808594
-18.54138,-0.808594
-18.54138,-0.808594
-18.54138,-0.808594
-18.54138,-0.808594
-18.54138,-0.808594
-18.54138,-0.808594
-18.54138,-0.808594
-18.54138,-0.808594
-18.54138,-0.808594
-18.54138,-0.808594
-18.54138,-0.808594
-18.54138,-0.808594
-18.54138,-0.808594
-18.54138,-0.808594
-18.54138,-0.808594
-18.54138,-0.808594
-18.54138,-0.808594
-18.54138,-0.808594
-18.54138,-0.808594
-18.54138,-0.808594
-18.54138,-0.808594
-18.54138,-0.808594
-18.54138,-0.808594
-18.54138,-0.808594
-18.54138,-0.808594
-18.54138,-0.808594
-18.54138,-0.808594
-18.54138,-0.808594
-18.54138,-0.808594
-18.54138,-0.808594
-18.54138,-0.808594
-18.54138,-0.808594
-18.54138,-0.808594
-18.54138,-0.808594
-18.54138,-0.808594
-18.54138,-0.808594
-18.54138,-0.808594
-18.54138,-0.808594
-18.54138,-0.808594
-18.54138,-0.808594
-18.54138,-0.808594
-18.54138,-0.808594
-18.54138,-0.808594
-18.54138,-0.808594
-18.54138,-0.808594
-18.54138,-0.808594
-18.54138,-0.808594
-18.54138,-0.808594
-18.54138,-0.808594
-18.54138,-0.808594
-18.54138,-0.808594
-18.54138,-0.808594
-18.54138,-0.808594
-18.54138,-0.808594
-18.54138,-0.808594
-18.54138,-0.808594
-18.54138,-0.808594
-18.54138,-0.808594
-18.54138,-0.808594
-18.54138,-0.808594
-18.54138,-0.808594
-18.54138,-0.808594
-18.54138,-0.808594
-18.54138,-0.808594
-18.54138,-0.808594
-18.54138,-0.808594
-18.54138,-0.808594
-18.54138,-0.808594
-18.54138,-0.808594
-18.54138,-0.808594
-18.54138,-0.808594
-18.54138,-0.808594
-18.54138,-0.808594
-18.54138,-0.808594
-18.54138,-0.808594
-18.54138,-0.808594
-18.54138,-0.808594
-18.54138,-0.808594
-18.54138,-0.808594
-18.54138,-0.808594
-18.54138,-0.808594
-18.54138,-0.808594
-18.54138,-0.808594
-18.54138,-0.808594
-18.54138,-0.808594
-18.54138,-0.808594
-18.54138,-0.808594
-18.54138,-0.808594
-18.54138,-0.808594
-18.54138,-0.808594
-18.54138,-0.808594
-18.54138,-0.808594
-18.54138,-0.808594
-18.54138,-0.808594
-18.54138,-0.808594
-18.54138,-0.808594
-18.54138,-0.808594
-18.54138,-0.808594
-18.54138,-0.808594
-18.54138,-0.808594
-18.54138,-0.808594
-18.54138,-0.808594
-18.54138,-0.808594
-18.54138,-0.808594
-18.54138,-0.808594
-18.54138,-0.808594
-18.54138,-0.808594
-18.54138,-0.808594
-18.54138,-0.808594
-18.54138,-0.808594
-18.54138,-0.808594
-18.54138,-0.808594
-18.54138,-0.808594
-18.54138,-0.808594
-18.54138,-0.808594
-18.54138,-0.808594
-18.54138,-0.808594
-18.54138,-0.808594
-18.54138,-0.808594
-18.54138,-0.808594
-18.54138,-0.808594
-18.54138,-0.808594
-18.54138,-0.808594
-18.54138,-0.808594
-18.54138,-0.808594
-18.54138,-0.808594
-18.54138,-0.808594
-18.54138,-0.808594
-18.54138,-0.808594
-18.54138,-0.808594
-18.54138,-0.808594
-18.54138,-0.808594
-18.54138,-0.808594
-18.54138,-0.808594
-18.54138,-0.808594
-18.54138,-0.808594
-18.54138,-0.808594
-18.54138,-0.808594
-18.54138,-0.808594
-18.54138,-0.808594
-18.54138,-0.808594
-18.54138,-0.808594
-18.54138,-0.808594
-18.54138,-0.808594
-18.54138,-0.808594
-18.54138,-0.808594
-18.54138,-0.808594
-18.54138,-0.808594
-18.54138,-0.808594
-18.54138,-0.808594
-18.54138,-0.808594
-18.54138,-0.808594
-18.54138,-0.808594
-18.54138,-0.808594
-18.54138,-0.808594
-18.54138,-0.808594
-18.54138,-0.808594
-18.54138,-0.808594
-18.54138,-0.808594
-18.54138,-0.808594
-18.54138,-0.808594
-18.54138,-0.808594
-18.54138,-0.808594
-18.54138,-0.808594
-18.54138,-0.808594
-18.54138,-0.808594
-18.54138,-0.808594
-18.54138,-0.808594
-18.54138,-0.808594
-18.54138,-0.808594
-18.54138,-0.808594
-18.54138,-0.808594
-18.54138,-0.808594
-18.54138,-0.808594
-18.54138,-0.808594
-18.54138,-0.808594
-18.54138,-0.808594
-18.54138,-0.808594
-18.54138,-0.808594
-18.54138,-0.808594
-18.54138,-0.808594
-18.54138,-0.808594
-18.54138,-0.808594
-18.54138,-0.808594
-18.54138,-0.808594
-18.54138,-0.808594
-18.54138,-0.808594
-18.54138,-0.808594
-18.54138,-0.808594
-18.54138,-0.808594
-18.54138,-0.808594
-18.54138,-0.808594
-18.54138,-0.808594
-18.54138,-0.808594
-18.54138,-0.808594
-18.54138,-0.808594
-18.54138,-0.808594
-18.54138,-0.808594
-18.54138,-0.808594
-18.54138,-0.808594
-18.54138,-0.808594
-18.54138,-0.808594
-18.54138,-0.808594
-18.54138,-0.808594
-18.54138,-0.808594
-18.54138,-0.808594
-18.54138,-0.808594
-18.54138,-0.808594
-18.54138,-0.808594
-18.54138,-0.808594
-18.54138,-0.808594
-18.54138,-0.808594
-18.54138,-0.808594
-18.54138,-0.808594
-18.54138,-0.808594
-18.54138,-0.808594
-18.54138,-0.808594
-18.54138,-0.808594
-18.54138,-0.808594
-18.54138,-0.808594
-18.54138,-0.808594
-18.54138,-0.808594
-18.54138,-0.808594
-18.54138,-0.808594
-18.54138,-0.808594
-18.54138,-0.808594
-18.54138,-0.808594
-18.54138,-0.808594
-18.54138,-0.808594
-18.54138,-0.808594
-18.54138,-0.808594
-18.54138,-0.808594
-18.54138,-0.808594
-18.54138,-0.808594
-18.54138,-0.808594
-18.54138,-0.808594
-18.54138,-0.808594
-18.54138,-0.808594
-18.54138,-0.808594
-18.54138,-0.808594
-18.54138,-0.808594
-18.54138,-0.808594
-18.54138,-0.808594
-18.54138,-0.808594
-18.54138,-0.808594
-18.54138,-0.808594
-18.54138,-0.808594
-18.54138,-0.808594
-18.54138,-0.808594
-18.54138,-0.808594
-18.54138,-0.808594
-18.54138,-0.808594
-18.54138,-0.808594
-18.54138,-0.808594
-18.54138,-0.808594
-18.54138,-0.808594
-18.54138,-0.808594
-18.54138,-0.808594
-18.54138,-0.808594
-18.54138,-0.808594
-18.54138,-0.808594
-18.54138,-0.808594
-18.54138,-0.808594
-18.54138,-0.808594
-18.54138,-0.808594
-18.54138,-0.808594
-18.54138,-0.808594
-18.54138,-0.808594
-18.54138,-0.808594
-18.54138,-0.808594
-18.54138,-0.808594
-18.54138,-0.808594
-18.54138,-0.808594
-18.54138,-0.808594
-18.54138,-0.808594
-18.54138,-0.808594
-18.54138,-0.808594
-18.54138,-0.808594
-18.54138,-0.808594
-18.54138,-0.808594
-18.54138,-0.808594
-18.54138,-0.808594
-18.54138,-0.808594
-18.54138,-0.808594
-18.541356225,-0.808594
-18.541356225,-0.808594
-18.541356225,-0.808594
-18.54119093050125,-0.808594
-18.54119093050125,-0.808594
-18.54079574575592,-0.808594
-18.54079574575592,-0.808594
-18.540181602045223,-0.808594
-18.540181602045223,-0.808594
-18.540181602045223,-0.808594
-18.53935891086797,-0.808594
-18.53935891086797,-0.808594
-18.53935891086797,-0.808594
-18.538337588656198,-0.808594
-18.538337588656198,-0.808594
-18.537127080315596,-0.808594
-18.537127080315596,-0.808594
-18.537127080315596,-0.808594
-18.53573638164659,-0.808594
-18.53573638164659,-0.808594
-18.534174060699293,-0.808594
-18.534174060699293,-0.808594
-18.534174060699293,-0.808594
-18.53244827811304,-0.808594
-18.53244827811304,-0.808594
-18.530566806488764,-0.808594
-18.530566806488764,-0.808594
-18.530566806488764,-0.808594
-18.528537048840224,-0.808594
-18.528537048840224,-0.808594
-18.52636605616787,-0.808594
-18.52636605616787,-0.808594
-18.52636605616787,-0.808594
-18.524060544197088,-0.808594
-18.524060544197088,-0.808594
-18.521626909320517,-0.808594
-18.521626909320517,-0.808594
-18.521626909320517,-0.808594
-18.519071243782328,-0.808594
-18.519071243782328,-0.808594
-18.516399350140478,-0.808594
-18.516399350140478,-0.808594
-18.516399350140478,-0.808594
-18.513616755041298,-0.808594
-18.513616755041298,-0.808594
-18.510728722339085,-0.808594
-18.510728722339085,-0.808594
-18.510728722339085,-0.808594
-18.50774026559186,-0.808594
-18.50774026559186,-0.808594
-18.504656159962966,-0.808594
-18.504656159962966,-0.808594
-18.504656159962966,-0.808594
-18.501480953556726,-0.808594
-18.501480953556726,-0.808594
-18.498218978215103,-0.808594
-18.498218978215103,-0.808594
-18.494874359800974,-0.808594
-18.494874359800974,-0.808594
-18.494874359800974,-0.808594
-18.491451027992436,-0.808594
-18.491451027992436,-0.808594
-18.491451027992436,-0.808594
-18.487952725611397,-0.808594
-18.487952725611397,-0.808594
-18.484383017508573,-0.808594
-18.484383017508573,-0.808594
-18.484383017508573,-0.808594
-18.48074529902604,-0.808594
-18.48074529902604,-0.808594
-18.47704280405735,-0.808594
-18.47704280405735,-0.808594
-18.47704280405735,-0.808594
-18.473278612724425,-0.808594
-18.473278612724425,-0.808594
-18.469455658689377,-0.808594
-18.469455658689377,-0.808594
-18.465576736118695,-0.808594
-18.465576736118695,-0.808594
-18.46164450631625,-0.808594
-18.46164450631625,-0.808594
-18.457661504040914,-0.808594
-18.457661504040914,-0.808594
-18.453630143523768,-0.808594
-18.453630143523768,-0.808594
-18.453630143523768,-0.808594
-18.44955272419921,-0.808594
-18.44955272419921,-0.808594
-18.44543143616354,-0.808594
-18.44543143616354,-0.808594
-18.44543143616354,-0.808594
-18.44126836537396,-0.808594
-18.44126836537396,-0.808594
-18.43706549860043,-0.808594
-18.43706549860043,-0.808594
-18.43706549860043,-0.808594
-18.432824728141977,-0.808594
-18.428547856318826,-0.808594
-18.428547856318826,-0.808594
-18.428547856318826,-0.808594
-18.424236599750866,-0.808594
-18.424236599750866,-0.808594
-18.419892593432714,-0.808594
-18.419892593432714,-0.808594
-18.419892593432714,-0.808594
-18.415517394614987,-0.808594
-18.415517394614987,-0.808594
-18.411112486501043,-0.808594
-18.411112486501043,-0.808594
-18.411112486501043,-0.808594
-18.406679281767918,-0.808594
-18.406679281767918,-0.808594
-18.406679281767918,-0.808594
-18.402219125919853,-0.808594
-18.402219125919853,-0.808594
-18.397733300482365,-0.808594
-18.397733300482365,-0.808594
-18.397733300482365,-0.808594
-18.393223026044428,-0.808594
-18.393223026044428,-0.808594
-18.388689465156016,-0.808594
-18.388689465156016,-0.808594
-18.384133725087846,-0.808594
-18.384133725087846,-0.808594
-18.379556860459918,-0.808594
-18.379556860459918,-0.808594
-18.379556860459918,-0.808594
-18.37495987574505,-0.808594
-18.37034372765337,-0.808594
-18.37034372765337,-0.808594
-18.37034372765337,-0.808594
-18.36570932740345,-0.808594
-18.36570932740345,-0.808594
-18.36570932740345,-0.808594
-18.361057542885415,-0.808594
-18.361057542885415,-0.808594
-18.356389200721214,-0.808594
-18.356389200721214,-0.808594
-18.356389200721214,-0.808594
-18.351705088226918,-0.808594
-18.351705088226918,-0.808594
-18.347005955281727,-0.808594
-18.347005955281727,-0.808594
-18.34229251610808,-0.808594
-18.34229251610808,-0.808594
-18.33756545096714,-0.808594
-18.33756545096714,-0.808594
-18.33282540777365,-0.808594
-18.33282540777365,-0.808594
-18.328073003634014,-0.808594
-18.328073003634014,-0.808594
-18.328073003634014,-0.808594
-18.323308826311216,-0.808594
-18.323308826311216,-0.808594
-18.318533435620118,-0.808594
-18.318533435620118,-0.808594
-18.318533435620118,-0.808594
-18.31374736475638,-0.808594
-18.308951121562213,-0.808594
-18.308951121562213,-0.808594
-18.308951121562213,-0.808594
-18.30414518973193,-0.808594
-18.30414518973193,-0.808594
-18.299330029960174,-0.808594
-18.299330029960174,-0.808594
-18.294506081035568,-0.808594
-18.294506081035568,-0.808594
-18.289673760882327,-0.808594
-18.289673760882327,-0.808594
-18.28483346755237,-0.808594
-18.28483346755237,-0.808594
-18.279985580170255,-0.808594
-18.279985580170255,-0.808594
-18.279985580170255,-0.808594
-18.275130459833157,-0.808594
-18.275130459833157,-0.808594
-18.27026845046809,-0.808594
-18.27026845046809,-0.808594
-18.27026845046809,-0.808594
-18.26539987964833,-0.808594
-18.26539987964833,-0.808594
-18.26052505937105,-0.808594
-18.26052505937105,-0.808594
-18.26052505937105,-0.808594
-18.255644286797956,-0.808594
-18.255644286797956,-0.808594
-18.250757844960713,-0.808594
-18.250757844960713,-0.808594
-18.250757844960713,-0.808594
-18.24586600343283,-0.808594
-18.24586600343283,-0.808594
-18.240969018969597,-0.808594
-18.240969018969597,-0.808594
-18.240969018969597,-0.808594
-18.23606713611759,-0.808594
-18.23606713611759,-0.808594
-18.2311605877952,-0.808594
-18.2311605877952,-0.808594
-18.2311605877952,-0.808594
-18.226249595845534,-0.808594
-18.226249595845534,-0.808594
-18.221334371563078,-0.808594
-18.221334371563078,-0.808594
-18.221334371563078,-0.808594
-18.216415116195254,-0.808594
-18.216415116195254,-0.808594
-18.21149202142017,-0.808594
-18.21149202142017,-0.808594
-18.21149202142017,-0.808594
-18.20656526980164,-0.808594
-18.20656526980164,-0.808594
-18.201635035222573,-0.808594
-18.201635035222573,-0.808594
-18.201635035222573,-0.808594
-18.196701483297737,-0.808594
-18.196701483297737,-0.808594
-18.19176477176693,-0.808594
-18.19176477176693,-0.808594
-18.19176477176693,-0.808594
-18.186825050869412,-0.808594
-18.186825050869412,-0.808594
-18.18188246370057,-0.808594
-18.18188246370057,-0.808594
-18.18188246370057,-0.808594
-18.17693714655161,-0.808594
-18.17693714655161,-0.808594
-18.17198922923308,-0.808594
-18.17198922923308,-0.808594
-18.17198922923308,-0.808594
-18.167038835383046,-0.808594
-18.167038835383046,-0.808594
-18.16208608276058,-0.808594
-18.16208608276058,-0.808594
-18.16208608276058,-0.808594
-18.157131083525314,-0.808594
-18.157131083525314,-0.808594
-18.152173944503684,-0.808594
-18.152173944503684,-0.808594
-18.152173944503684,-0.808594
-18.147214767442534,-0.808594
-18.147214767442534,-0.808594
-18.14225364925064,-0.808594
-18.14225364925064,-0.808594
-18.14225364925064,-0.808594
-18.137290682228773,-0.808594
-18.137290682228773,-0.808594
-18.132325954288795,-0.808594
-18.132325954288795,-0.808594
-18.132325954288795,-0.808594
-18.127359549162364,-0.808594
-18.127359549162364,-0.808594
-18.122391546599694,-0.808594
-18.122391546599694,-0.808594
-18.122391546599694,-0.808594
-18.117422022558877,-0.808594
-18.117422022558877,-0.808594
-18.112451049386202,-0.808594
-18.112451049386202,-0.808594
-18.112451049386202,-0.808594
-18.107478695987886,-0.808594
-18.107478695987886,-0.808594
-18.10250502799366,-0.808594
-18.10250502799366,-0.808594
-18.10250502799366,-0.808594
-18.09753010791256,-0.808594
-18.09753010791256,-0.808594
-18.092553995281317,-0.808594
-18.092553995281317,-0.808594
-18.092553995281317,-0.808594
-18.08757674680569,-0.808594
-18.08757674680569,-0.808594
-18.08259841649508,-0.808594
-18.08259841649508,-0.808594
-18.077619055790738,-0.808594
-18.077619055790738,-0.808594
-18.077619055790738,-0.808594
-18.072638713687887,-0.808594
-18.072638713687887,-0.808594
-18.072638713687887,-0.808594
-18.067657436852027,-0.808594
-18.067657436852027,-0.808594
-18.062675269729713,-0.808594
-18.062675269729713,-0.808594
-18.062675269729713,-0.808594
-18.057692254654064,-0.808594
-18.057692254654064,-0.808594
-18.052708431945263,-0.808594
-18.052708431945263,-0.808594
-18.052708431945263,-0.808594
-18.047723840006263,-0.808594
-18.047723840006263,-0.808594
-18.042738515413966,-0.808594
-18.042738515413966,-0.808594
-18.042738515413966,-0.808594
-18.037752493006032,-0.808594
-18.037752493006032,-0.808594
-18.032765805963596,-0.808594
-18.032765805963596,-0.808594
-18.032765805963596,-0.808594
-18.027778485890025,-0.808594
-18.027778485890025,-0.808594
-18.02279056288595,-0.808594
-18.02279056288595,-0.808594
-18.02279056288595,-0.808594
-18.017802065620725,-0.808594
-18.017802065620725,-0.808594
-18.012813021400458,-0.808594
-18.012813021400458,-0.808594
-18.012813021400458,-0.808594
-18.007823456232867,-0.808594
-18.007823456232867,-0.808594
-18.00283339488899,-0.808594
-18.00283339488899,-0.808594
-17.99784286096202,-0.808594
-17.99784286096202,-0.808594
-17.992851876923275,-0.808594
-17.992851876923275,-0.808594
-17.992851876923275,-0.808594
-17.987860464175572,-0.808594
-17.987860464175572,-0.808594
-17.982868643104023,-0.808594
-17.982868643104023,-0.808594
-17.982868643104023,-0.808594
-17.977876433124425,-0.808594
-17.977876433124425,-0.808594
-17.972883852729357,-0.808594
-17.972883852729357,-0.808594
-17.972883852729357,-0.808594
-17.967890919532074,-0.808594
-17.967890919532074,-0.808594
-17.962897650308324,-0.808594
-17.962897650308324,-0.808594
-17.962897650308324,-0.808594
-17.957904061036164,-0.808594
-17.957904061036164,-0.808594
-17.952910166933894,-0.808594
-17.952910166933894,-0.808594
-17.952910166933894,-0.808594
-17.947915982496188,-0.808594
-17.947915982496188,-0.808594
-17.942921521528493,-0.808594
-17.942921521528493,-0.808594
-17.942921521528493,-0.808594
-17.937926797179813,-0.808594
-17.937926797179813,-0.808594
-17.932931821973913,-0.808594
-17.932931821973913,-0.808594
-17.932931821973913,-0.808594
-17.92793660783905,-0.808594
-17.92793660783905,-0.808594
-17.922941166136305,-0.808594
-17.922941166136305,-0.808594
-17.922941166136305,-0.808594
-17.91794550768652,-0.808594
-17.91794550768652,-0.808594
-17.912949642796026,-0.808594
-17.912949642796026,-0.808594
-17.912949642796026,-0.808594
-17.907953581281074,-0.808594
-17.907953581281074,-0.808594
-17.90295733249116,-0.808594
-17.90295733249116,-0.808594
-17.897960905331203,-0.808594
-17.897960905331203,-0.808594
-17.892964308282703,-0.808594
-17.892964308282703,-0.808594
-17.892964308282703,-0.808594
-17.88796754942386,-0.808594
-17.88796754942386,-0.808594
-17.882970636448754,-0.808594
-17.882970636448754,-0.808594
-17.882970636448754,-0.808594
-17.877973576685616,-0.808594
-17.877973576685616,-0.808594
-17.872976377114213,-0.808594
-17.872976377114213,-0.808594
-17.872976377114213,-0.808594
-17.86797904438243,-0.808594
-17.86797904438243,-0.808594
-17.862981584822045,-0.808594
-17.862981584822045,-0.808594
-17.862981584822045,-0.808594
-17.857984004463756,-0.808594
-17.857984004463756,-0.808594
-17.852986309051502,-0.808594
-17.852986309051502,-0.808594
-17.852986309051502,-0.808594
-17.8479885040561,-0.808594
-17.8479885040561,-0.808594
-17.84299059468823,-0.808594
-17.84299059468823,-0.808594
-17.84299059468823,-0.808594
-17.837992585910804,-0.808594
-17.837992585910804,-0.808594
-17.832994482450744,-0.808594
-17.832994482450744,-0.808594
-17.832994482450744,-0.808594
-17.82799628881021,-0.808594
-17.82799628881021,-0.808594
-17.82299800927728,-0.808594
-17.82299800927728,-0.808594
-17.82299800927728,-0.808594
-17.817999647936144,-0.808594
-17.817999647936144,-0.808594
-17.81300120867678,-0.808594
-17.81300120867678,-0.808594
-17.81300120867678,-0.808594
-17.8080026952042,-0.808594
-17.8080026952042,-0.808594
-17.803004111047237,-0.808594
-17.803004111047237,-0.808594
-17.803004111047237,-0.808594
-17.79800545956694,-0.808594
-17.79800545956694,-0.808594
-17.793006743964533,-0.808594
-17.78800796728902,-0.808594
-17.783009132444427,-0.808594
-17.783009132444427,-0.808594
-17.778010242196693,-0.808594
-17.778010242196693,-0.808594
-17.77301129918024,-0.808594
-17.77301129918024,-0.808594
-17.77301129918024,-0.808594
-17.768012305904218,-0.808594
-17.768012305904218,-0.808594
-17.76301326475847,-0.808594
-17.76301326475847,-0.808594
-17.76301326475847,-0.808594
-17.758014178019202,-0.808594
-17.758014178019202,-0.808594
-17.753015047854387,-0.808594
-17.753015047854387,-0.808594
-17.753015047854387,-0.808594
-17.74801587632891,-0.808594
-17.74801587632891,-0.808594
-17.74301666540947,-0.808594
-17.74301666540947,-0.808594
-17.74301666540947,-0.808594
-17.73801741696925,-0.808594
-17.73801741696925,-0.808594
-17.73301813279236,-0.808594
-17.73301813279236,-0.808594
-17.73301813279236,-0.808594
-17.728018814578082,-0.808594
-17.728018814578082,-0.808594
-17.723019463944894,-0.808594
-17.723019463944894,-0.808594
-17.723019463944894,-0.808594
-17.718020082434315,-0.808594
-17.718020082434315,-0.808594
-17.713020671514563,-0.808594
-17.713020671514563,-0.808594
-17.713020671514563,-0.808594
-17.708021232584045,-0.808594
-17.708021232584045,-0.808594
-17.703021766974672,-0.808594
-17.703021766974672,-0.808594
-17.698022275955026,-0.808594
-17.698022275955026,-0.808594
-17.693022760733363,-0.808594
-17.693022760733363,-0.808594
-17.693022760733363,-0.808594
-17.68802322246049,-0.808594
-17.68802322246049,-0.808594
-17.683023662232493,-0.808594
-17.683023662232493,-0.808594
-17.683023662232493,-0.808594
-17.678024081093337,-0.808594
-17.678024081093337,-0.808594
-17.67302448003735,-0.808594
-17.67302448003735,-0.808594
-17.67302448003735,-0.808594
-17.66802486001157,-0.808594
-17.66802486001157,-0.808594
-17.66302522191802,-0.808594
-17.66302522191802,-0.808594
-17.66302522191802,-0.808594
-17.658025566615816,-0.808594
-17.658025566615816,-0.808594
-17.653025894923232,-0.808594
-17.64802620761963,-0.808594
-17.643026505447317,-0.808594
-17.643026505447317,-0.808594
-17.643026505447317,-0.808594
-17.638026789113297,-0.808594
-17.638026789113297,-0.808594
-17.63302705929096,-0.808594
-17.63302705929096,-0.808594
-17.63302705929096,-0.808594
-17.628027316621672,-0.808594
-17.628027316621672,-0.808594
-17.62302756171631,-0.808594
-17.62302756171631,-0.808594
-17.62302756171631,-0.808594
-17.6180277951567,-0.808594
-17.6180277951567,-0.808594
-17.613028017496998,-0.808594
-17.613028017496998,-0.808594
-17.613028017496998,-0.808594
-17.608028229265013,-0.808594
-17.608028229265013,-0.808594
-17.603028430963462,-0.808594
-17.603028430963462,-0.808594
-17.603028430963462,-0.808594
-17.598028623071148,-0.808594
-17.598028623071148,-0.808594
-17.593028806044114,-0.808594
-17.593028806044114,-0.808594
-17.593028806044114,-0.808594
-17.588028980316714,-0.808594
-17.588028980316714,-0.808594
-17.583029146302653,-0.808594
-17.583029146302653,-0.808594
-17.583029146302653,-0.808594
-17.57802930439596,-0.808594
-17.57802930439596,-0.808594
-17.573029454971934,-0.808594
-17.573029454971934,-0.808594
-17.573029454971934,-0.808594
-17.568029598388016,-0.808594
-17.568029598388016,-0.808594
-17.563029734984664,-0.808594
-17.563029734984664,-0.808594
-17.563029734984664,-0.808594
-17.55802986508614,-0.808594
-17.553029989001292,-0.808594
-17.548030107024278,-0.808594
-17.543030219435273,-0.808594
-17.543030219435273,-0.808594
-17.538030326501126,-0.808594
-17.538030326501126,-0.808594
-17.533030428475996,-0.808594
-17.533030428475996,-0.808594
-17.533030428475996,-0.808594
-17.528030525601963,-0.808594
-17.528030525601963,-0.808594
-17.523030618109587,-0.808594
-17.518030706218475,-0.808594
-17.513030790137787,-0.808594
-17.513030790137787,-0.808594
-17.508030870066733,-0.808594
-17.508030870066733,-0.808594
-17.503030946195057,-0.808594
-17.503030946195057,-0.808594
-17.503030946195057,-0.808594
-17.498031018703482,-0.808594
-17.498031018703482,-0.808594
-17.49303108776413,-0.808594
-17.49303108776413,-0.808594
-17.49303108776413,-0.808594
-17.488031153540945,-0.808594
-17.488031153540945,-0.808594
-17.48303121619007,-0.808594
-17.48303121619007,-0.808594
-17.48303121619007,-0.808594
-17.478031275860232,-0.808594
-17.478031275860232,-0.808594
-17.473031332693076,-0.808594
-17.473031332693076,-0.808594
-17.473031332693076,-0.808594
-17.46803138682352,-0.808594
-17.46803138682352,-0.808594
-17.46303143838006,-0.808594
-17.46303143838006,-0.808594
-17.46303143838006,-0.808594
-17.458031487485087,-0.808594
-17.458031487485087,-0.808594
-17.45303153425517,-0.808594
-17.45303153425517,-0.808594
-17.45303153425517,-0.808594
-17.448031578801338,-0.808594
-17.448031578801338,-0.808594
-17.443031621229334,-0.808594
-17.443031621229334,-0.808594
-17.443031621229334,-0.808594
-17.43803166163988,-0.808594
-17.43803166163988,-0.808594
-17.4330317001289,-0.808594
-17.4330317001289,-0.808594
-17.4330317001289,-0.808594
-17.42803173678777,-0.808594
-17.42803173678777,-0.808594
-17.42303177170351,-0.808594
-17.42303177170351,-0.808594
-17.418031804959007,-0.808594
-17.413031836633206,-0.808594
-17.408031866801295,-0.808594
-17.40303189553489,-0.808594
-17.40303189553489,-0.808594
-17.40303189553489,-0.808594
-17.398031922902206,-0.808594
-17.398031922902206,-0.808594
-17.393020061468206,-0.808594
-17.393020061468206,-0.808594
-17.393020061468206,-0.808594
-17.387984989045393,-0.808594
-17.387984989045393,-0.808594
-17.382927809316282,-0.808594
-17.382927809316282,-0.808594
-17.382927809316282,-0.808594
-17.377849573483292,-0.808594
-17.37275128276416,-0.808594
-17.37275128276416,-0.808594
-17.367633890768722,-0.808594
-17.367633890768722,-0.808594
-17.362498305762667,-0.808594
-17.362498305762667,-0.808594
-17.35734539282365,-0.808594
-17.35734539282365,-0.808594
-17.352175975894884,-0.808594
-17.352175975894884,-0.808594
-17.352175975894884,-0.808594
-17.346990839741082,-0.808594
-17.346990839741082,-0.808594
-17.341790731811393,-0.808594
-17.33657636401376,-0.808594
-17.33657636401376,-0.808594
-17.331348414404903,-0.808594
-17.331348414404903,-0.808594
-17.331348414404903,-0.808594
-17.326107528799948,-0.808594
-17.326107528799948,-0.808594
-17.32085432230551,-0.808594
-17.32085432230551,-0.808594
-17.32085432230551,-0.808594
-17.315589380779883,-0.808594
-17.315589380779883,-0.808594
-17.310313262223797,-0.808594
-17.310313262223797,-0.808594
-17.310313262223797,-0.808594
-17.305026498105054,-0.808594
-17.305026498105054,-0.808594
-17.299729594620157,-0.808594
-17.299729594620157,-0.808594
-17.299729594620157,-0.808594
-17.294423033895967,-0.808594
-17.294423033895967,-0.808594
-17.289107275134214,-0.808594
-17.289107275134214,-0.808594
-17.289107275134214,-0.808594
-17.28378275570158,-0.808594
-17.28378275570158,-0.808594
-17.27844989216797,-0.808594
-17.27844989216797,-0.808594
-17.27844989216797,-0.808594
-17.27310908129538,-0.808594
-17.27310908129538,-0.808594
-17.267760700979785,-0.808594
-17.267760700979785,-0.808594
-17.267760700979785,-0.808594
-17.262405111148194,-0.808594
-17.262405111148194,-0.808594
-17.257042654613095,-0.808594
-17.257042654613095,-0.808594
-17.257042654613095,-0.808594
-17.25167365788624,-0.808594
-17.25167365788624,-0.808594
-17.246298431953747,-0.808594
-17.246298431953747,-0.808594
-17.246298431953747,-0.808594
-17.240917273014343,-0.808594
-17.240917273014343,-0.808594
-17.23553046318251,-0.808594
-17.23553046318251,-0.808594
-17.23553046318251,-0.808594
-17.23013827115818,-0.808594
-17.23013827115818,-0.808594
-17.224740952864607,-0.808594
-17.219338752055894,-0.808594
-17.219338752055894,-0.808594
-17.213931900895634,-0.808594
-17.213931900895634,-0.808594
-17.208520620508047,-0.808594
-17.208520620508047,-0.808594
-17.203105121502887,-0.808594
-17.203105121502887,-0.808594
-17.203105121502887,-0.808594
-17.197685604475424,-0.808594
-17.197685604475424,-0.808594
-17.192262260482618,-0.808594
-17.18683527149667,-0.808594
-17.181404810837,-0.808594
-17.181404810837,-0.808594
-17.1759710435817,-0.808594
-17.1759710435817,-0.808594
-17.17053412695939,-0.808594
-17.17053412695939,-0.808594
-17.17053412695939,-0.808594
-17.16509421072247,-0.808594
-17.16509421072247,-0.808594
-17.159651437502614,-0.808594
-17.159651437502614,-0.808594
-17.154205943149364,-0.808594
-17.148757857052612,-0.808594
-17.148757857052612,-0.808594
-17.14330730244976,-0.808594
-17.14330730244976,-0.808594
-17.13785439671827,-0.808594
-17.13785439671827,-0.808594
-17.13785439671827,-0.808594
-17.132399251654316,-0.808594
-17.132399251654316,-0.808594
-17.126941973738152,-0.808594
-17.126941973738152,-0.808594
-17.126941973738152,-0.808594
-17.121482664386903,-0.808594
-17.121482664386903,-0.808594
-17.116021420195306,-0.808594
-17.116021420195306,-0.808594
-17.116021420195306,-0.808594
-17.110558333165017,-0.808594
-17.110558333165017,-0.808594
-17.105093490923018,-0.808594
-17.105093490923018,-0.808594
-17.099626976929628,-0.808594
-17.099626976929628,-0.808594
-17.099626976929628,-0.808594
-17.094145794426623,-0.808594
-17.094145794426623,-0.808594
-17.088637564651638,-0.808594
-17.088637564651638,-0.808594
-17.083103573702452,-0.808594
-17.083103573702452,-0.808594
-17.083103573702452,-0.808594
-17.0775450465229,-0.808594
-17.0775450465229,-0.808594
-17.071963149810735,-0.808594
-17.071963149810735,-0.808594
-17.071963149810735,-0.808594
-17.066358994787233,-0.808594
-17.0607336398351,-0.808594
-17.0607336398351,-0.808594
-17.0607336398351,-0.808594
-17.05508809301094,-0.808594
-17.05508809301094,-0.808594
-17.04942331443827,-0.808594
-17.04942331443827,-0.808594
-17.04942331443827,-0.808594
-17.043740218586727,-0.808594
-17.043740218586727,-0.808594
-17.038039676442928,-0.808594
-17.038039676442928,-0.808594
-17.038039676442928,-0.808594
-17.032322517578066,-0.808594
-17.032322517578066,-0.808594
-17.026589532117228,-0.808594
-17.026589532117228,-0.808594
-17.026589532117228,-0.808594
-17.020841472615054,-0.808594
-17.020841472615054,-0.808594
-17.015079055842207,-0.808594
-17.015079055842207,-0.808594
-17.015079055842207,-0.808594
-17.00930296448691,-0.808594
-17.00930296448691,-0.808594
-17.003513848775555,-0.808594
-17.003513848775555,-0.808594
-17.003513848775555,-0.808594
-16.997712328016277,-0.808594
-16.997712328016277,-0.808594
-16.991898992069103,-0.808594
-16.991898992069103,-0.808594
-16.991898992069103,-0.808594
-16.986074402746215,-0.808594
-16.986074402746215,-0.808594
-16.98023909514563,-0.808594
-16.98023909514563,-0.808594
-16.98023909514563,-0.808594
-16.974393578921454,-0.808594
-16.974393578921454,-0.808594
-16.968538339493737,-0.808594
-16.968538339493737,-0.808594
-16.968538339493737,-0.808594
-16.962673839200807,-0.808594
-16.962673839200807,-0.808594
-16.956800518396808,-0.808594
-16.956800518396808,-0.808594
-16.956800518396808,-0.808594
-16.95091879649704,-0.808594
-16.95091879649704,-0.808594
-16.945029072973604,-0.808594
-16.945029072973604,-0.808594
-16.945029072973604,-0.808594
-16.939131728303707,-0.808594
-16.939131728303707,-0.808594
-16.933227124872865,-0.808594
-16.933227124872865,-0.808594
-16.933227124872865,-0.808594
-16.92731560783516,-0.808594
-16.92731560783516,-0.808594
-16.921397505932596,-0.808594
-16.921397505932596,-0.808594
-16.921397505932596,-0.808594
-16.9154731322755,-0.808594
-16.9154731322755,-0.808594
-16.9095427850858,-0.808594
-16.9095427850858,-0.808594
-16.9095427850858,-0.808594
-16.90360674840497,-0.808594
-16.90360674840497,-0.808594
-16.897665292768313,-0.808594
-16.89171867584718,-0.808594
-16.885767143060647,-0.808594
-16.885767143060647,-0.808594
-16.885767143060647,-0.808594
-16.87981092815811,-0.808594
-16.87981092815811,-0.808594
-16.873850253774194,-0.808594
-16.873850253774194,-0.808594
-16.873850253774194,-0.808594
-16.86788533195723,-0.808594
-16.86788533195723,-0.808594
-16.861916364672663,-0.808594
-16.855943544282475,-0.808594
-16.84996705400184,-0.808594
-16.84996705400184,-0.808594
-16.84996705400184,-0.808594
-16.84398706833405,-0.808594
-16.84398706833405,-0.808594
-16.838003753484767,-0.808594
-16.838003753484767,-0.808594
-16.838003753484767,-0.808594
-16.832017267756566,-0.808594
-16.832017267756566,-0.808594
-16.826027761924742,-0.808594
-16.826027761924742,-0.808594
-16.826027761924742,-0.808594
-16.820035379595218,-0.808594
-16.820035379595218,-0.808594
-16.814040257545464,-0.808594
-16.814040257545464,-0.808594
-16.814040257545464,-0.808594
-16.808042526049178,-0.808594
-16.808042526049178,-0.808594
-16.802042309185538,-0.808594
-16.802042309185538,-0.808594
-16.802042309185538,-0.808594
-16.796039725133763,-0.808594
-16.796039725133763,-0.808594
-16.79003488645365,-0.808594
-16.79003488645365,-0.808594
-16.78402790035278,-0.808594
-16.78402790035278,-0.808594
-16.778018868941004,-0.808594
-16.778018868941004,-0.808594
-16.778018868941004,-0.808594
-16.772007889472857,-0.808594
-16.772007889472857,-0.808594
-16.765995054578422,-0.808594
-16.765995054578422,-0.808594
-16.765995054578422,-0.808594
-16.759980452483216,-0.808594
-16.759980452483216,-0.808594
-16.75396416721764,-0.808594
-16.75396416721764,-0.808594
-16.75396416721764,-0.808594
-16.74794627881644,-0.808594
-16.74794627881644,-0.808594
-16.741926863508716,-0.808594
-16.741926863508716,-0.808594
-16.741926863508716,-0.808594
-16.735905993898875,-0.808594
-16.735905993898875,-0.808594
-16.729883739138984,-0.808594
-16.723860165092923,-0.808594
-16.717835334492754,-0.808594
-16.711809307087623,-0.808594
-16.711809307087623,-0.808594
-16.705782139785605,-0.808594
-16.705782139785605,-0.808594
-16.705782139785605,-0.808594
-16.6997538867888,-0.808594
-16.6997538867888,-0.808594
-16.69372459972199,-0.808594
-16.69372459972199,-0.808594
-16.69372459972199,-0.808594
-16.687694327755207,-0.808594
-16.687694327755207,-0.808594
-16.681663117720447,-0.808594
-16.681663117720447,-0.808594
-16.681663117720447,-0.808594
-16.675631014222837,-0.808594
-16.675631014222837,-0.808594
-16.66959805974654,-0.808594
-16.66959805974654,-0.808594
-16.66356429475559,-0.808594
-16.66356429475559,-0.808594
-16.66356429475559,-0.808594
-16.657529757789963,-0.808594
-16.657529757789963,-0.808594
-16.657529757789963,-0.808594
-16.65149448555705,-0.808594
-16.65149448555705,-0.808594
-16.64545851301881,-0.808594
-16.64545851301881,-0.808594
-16.64545851301881,-0.808594
-16.639421873474763,-0.808594
-16.639421873474763,-0.808594
-16.633384598641037,-0.808594
-16.633384598641037,-0.808594
-16.627346718725654,-0.808594
-16.627346718725654,-0.808594
-16.627346718725654,-0.808594
-16.62130826250025,-0.808594
-16.62130826250025,-0.808594
-16.62130826250025,-0.808594
-16.61526925736836,-0.808594
-16.61526925736836,-0.808594
-16.609229729430496,-0.808594
-16.609229729430496,-0.808594
-16.609229729430496,-0.808594
-16.603189703546075,-0.808594
-16.603189703546075,-0.808594
-16.59714920339246,-0.808594
-16.59714920339246,-0.808594
-16.59714920339246,-0.808594
-16.591108251521145,-0.808594
-16.591108251521145,-0.808594
-16.585066869411314,-0.808594
-16.585066869411314,-0.808594
-16.585066869411314,-0.808594
-16.579025077520804,-0.808594
-16.57298289533469,-0.808594
-16.57298289533469,-0.808594
-16.566940341411524,-0.808594
-16.566940341411524,-0.808594
-16.560897433427403,-0.808594
-16.560897433427403,-0.808594
-16.554854188217927,-0.808594
-16.554854188217927,-0.808594
-16.548810621818163,-0.808594
-16.548810621818163,-0.808594
-16.542766749500707,-0.808594
-16.542766749500707,-0.808594
-16.536722585811948,-0.808594
-16.536722585811948,-0.808594
-16.536722585811948,-0.808594
-16.53067814460659,-0.808594
-16.524633439080546,-0.808594
-16.524633439080546,-0.808594
-16.518588481802265,-0.808594
-16.518588481802265,-0.808594
-16.512543284742566,-0.808594
-16.512543284742566,-0.808594
-16.512543284742566,-0.808594
-16.506497859303057,-0.808594
-16.506497859303057,-0.808594
-16.500452216343195,-0.808594
-16.500452216343195,-0.808594
-16.500452216343195,-0.808594
-16.494406366206075,-0.808594
-16.488360318742973,-0.808594
-16.488360318742973,-0.808594
-16.488360318742973,-0.808594
-16.482314083336743,-0.808594
-16.482314083336743,-0.808594
-16.47626766892408,-0.808594
-16.47626766892408,-0.808594
-16.47626766892408,-0.808594
-16.47022108401674,-0.808594
-16.47022108401674,-0.808594
-16.46417433672174,-0.808594
-16.46417433672174,-0.808594
-16.46417433672174,-0.808594
-16.45812743476062,-0.808594
-16.45812743476062,-0.808594
-16.45208038548775,-0.808594
-16.45208038548775,-0.808594
-16.45208038548775,-0.808594
-16.446033195907805,-0.808594
-16.446033195907805,-0.808594
-16.43998587269239,-0.808594
-16.43998587269239,-0.808594
-16.43998587269239,-0.808594
-16.433938422195865,-0.808594
-16.433938422195865,-0.808594
-16.42789085047045,-0.808594
-16.42789085047045,-0.808594
-16.42789085047045,-0.808594
-16.42184316328058,-0.808594
-16.42184316328058,-0.808594
-16.415795366116587,-0.808594
-16.415795366116587,-0.808594
-16.415795366116587,-0.808594
-16.409747464207744,-0.808594
-16.409747464207744,-0.808594
-16.403699462534664,-0.808594
-16.403699462534664,-0.808594
-16.403699462534664,-0.808594
-16.39765136584114,-0.808594
-16.39765136584114,-0.808594
-16.39160317864539,-0.808594
-16.39160317864539,-0.808594
-16.39160317864539,-0.808594
-16.3855549052508,-0.808594
-16.3855549052508,-0.808594
-16.379506549756123,-0.808594
-16.379506549756123,-0.808594
-16.37345811606522,-0.808594
-16.367409607896317,-0.808594
-16.361361028790846,-0.808594
-16.361361028790846,-0.808594
-16.35531238212184,-0.808594
-16.35531238212184,-0.808594
-16.35531238212184,-0.808594
-16.349263671101948,-0.808594
-16.349263671101948,-0.808594
-16.34321489879105,-0.808594
-16.34321489879105,-0.808594
-16.34321489879105,-0.808594
-16.337166068103535,-0.808594
-16.337166068103535,-0.808594
-16.331117181815213,-0.808594
-16.331117181815213,-0.808594
-16.331117181815213,-0.808594
-16.3250682425699,-0.808594
-16.3250682425699,-0.808594
-16.3190192528857,-0.808594
-16.3190192528857,-0.808594
-16.3190192528857,-0.808594
-16.312970215160984,-0.808594
-16.312970215160984,-0.808594
-16.306921131680078,-0.808594
-16.306921131680078,-0.808594
-16.306921131680078,-0.808594
-16.30087200461869,-0.808594
-16.30087200461869,-0.808594
-16.294822836049068,-0.808594
-16.294822836049068,-0.808594
-16.294822836049068,-0.808594
-16.288773627944934,-0.808594
-16.288773627944934,-0.808594
-16.282724382186153,-0.808594
-16.282724382186153,-0.808594
-16.282724382186153,-0.808594
-16.2766751005632,-0.808594
-16.2766751005632,-0.808594
-16.27062578478142,-0.808594
-16.27062578478142,-0.808594
-16.27062578478142,-0.808594
-16.264576436465063,-0.808594
-16.264576436465063,-0.808594
-16.25852705716115,-0.808594
-16.25852705716115,-0.808594
-16.25852705716115,-0.808594
-16.252477648343135,-0.808594
-16.252477648343135,-0.808594
-16.24642821141442,-0.808594
-16.24642821141442,-0.808594
-16.240378747711663,-0.808594
-16.240378747711663,-0.808594
-16.234329258507973,-0.808594
-16.234329258507973,-0.808594
-16.234329258507973,-0.808594
-16.228279745015918,-0.808594
-16.228279745015918,-0.808594
-16.22223020839041,-0.808594
-16.22223020839041,-0.808594
-16.22223020839041,-0.808594
-16.216180649731445,-0.808594
-16.216180649731445,-0.808594
-16.210131070086714,-0.808594
-16.210131070086714,-0.808594
-16.210131070086714,-0.808594
-16.20408147045409,-0.808594
-16.20408147045409,-0.808594
-16.198031851783995,-0.808594
-16.198031851783995,-0.808594
-16.198031851783995,-0.808594
-16.191982214981664,-0.808594
-16.191982214981664,-0.808594
-16.185932560909286,-0.808594
-16.185932560909286,-0.808594
-16.185932560909286,-0.808594
-16.17988289038805,-0.808594
-16.17988289038805,-0.808594
-16.173833204200097,-0.808594
-16.173833204200097,-0.808594
-16.173833204200097,-0.808594
-16.16778350309038,-0.808594
-16.16778350309038,-0.808594
-16.16173378776843,-0.808594
-16.16173378776843,-0.808594
-16.16173378776843,-0.808594
-16.15568405891004,-0.808594
-16.15568405891004,-0.808594
-16.149634317158867,-0.808594
-16.149634317158867,-0.808594
-16.149634317158867,-0.808594
-16.143584563127963,-0.808594
-16.143584563127963,-0.808594
-16.137534797401226,-0.808594
-16.137534797401226,-0.808594
-16.137534797401226,-0.808594
-16.131485020534797,-0.808594
-16.131485020534797,-0.808594
-16.125435233058365,-0.808594
-16.125435233058365,-0.808594
-16.125435233058365,-0.808594
-16.11938543547644,-0.808594
-16.11938543547644,-0.808594
-16.11333562826953,-0.808594
-16.11333562826953,-0.808594
-16.11333562826953,-0.808594
-16.107285811895313,-0.808594
-16.107285811895313,-0.808594
-16.10123598678969,-0.808594
-16.10123598678969,-0.808594
-16.10123598678969,-0.808594
-16.095186153367838,-0.808594
-16.095186153367838,-0.808594
-16.089136312025197,-0.808594
-16.089136312025197,-0.808594
-16.089136312025197,-0.808594
-16.083086463138397,-0.808594
-16.083086463138397,-0.808594
-16.077036607066166,-0.808594
-16.077036607066166,-0.808594
-16.077036607066166,-0.808594
-16.07098674415017,-0.808594
-16.07098674415017,-0.808594
-16.064936874715826,-0.808594
-16.064936874715826,-0.808594
-16.064936874715826,-0.808594
-16.05888699907309,-0.808594
-16.05888699907309,-0.808594
-16.05283711751716,-0.808594
-16.05283711751716,-0.808594
-16.05283711751716,-0.808594
-16.04678723032922,-0.808594
-16.04678723032922,-0.808594
-16.040737337777063,-0.808594
-16.040737337777063,-0.808594
-16.040737337777063,-0.808594
-16.034687440115764,-0.808594
-16.034687440115764,-0.808594
-16.02863753758826,-0.808594
-16.02863753758826,-0.808594
-16.02863753758826,-0.808594
-16.02258763042594,-0.808594
-16.02258763042594,-0.808594
-16.016537718849186,-0.808594
-16.016537718849186,-0.808594
-16.016537718849186,-0.808594
-16.010487803067907,-0.808594
-16.010487803067907,-0.808594
-16.004437883282026,-0.808594
-16.004437883282026,-0.808594
-16.004437883282026,-0.808594
-15.998387959681965,-0.808594
-15.992338032449087,-0.808594
-15.992338032449087,-0.808594
-15.992338032449087,-0.808594
-15.986288101756132,-0.808594
-15.986288101756132,-0.808594
-15.980238167767627,-0.808594
-15.980238167767627,-0.808594
-15.980238167767627,-0.808594
-15.974188230640276,-0.808594
-15.974188230640276,-0.808594
-15.968138290523331,-0.808594
-15.968138290523331,-0.808594
-15.968138290523331,-0.808594
-15.962088347558947,-0.808594
-15.962088347558947,-0.808594
-15.956038401882518,-0.808594
-15.956038401882518,-0.808594
-15.956038401882518,-0.808594
-15.949988453623003,-0.808594
-15.949988453623003,-0.808594
-15.94393850290323,-0.808594
-15.94393850290323,-0.808594
-15.94393850290323,-0.808594
-15.93788854984018,-0.808594
-15.931838594545278,-0.808594
-15.931838594545278,-0.808594
-15.931838594545278,-0.808594
-15.925788637124649,-0.808594
-15.925788637124649,-0.808594
-15.919738677679371,-0.808594
-15.919738677679371,-0.808594
-15.919738677679371,-0.808594
-15.913688716305716,-0.808594
-15.913688716305716,-0.808594
-15.907638753095378,-0.808594
-15.907638753095378,-0.808594
-15.907638753095378,-0.808594
-15.901588788135692,-0.808594
-15.901588788135692,-0.808594
-15.89553882150984,-0.808594
-15.89553882150984,-0.808594
-15.889488853297046,-0.808594
-15.88343888357277,-0.808594
-15.877388912408884,-0.808594
-15.877388912408884,-0.808594
-15.87133893987384,-0.808594
-15.87133893987384,-0.808594
-15.87133893987384,-0.808594
-15.86528896603284,-0.808594
-15.86528896603284,-0.808594
-15.859238990947977,-0.808594
-15.859238990947977,-0.808594
-15.859238990947977,-0.808594
-15.853189014678401,-0.808594
-15.853189014678401,-0.808594
-15.847139037280442,-0.808594
-15.847139037280442,-0.808594
-15.847139037280442,-0.808594
-15.841089058807757,-0.808594
-15.841089058807757,-0.808594
-15.835039079311448,-0.808594
-15.835039079311448,-0.808594
-15.828989098840188,-0.808594
-15.828989098840188,-0.808594
-15.822939117440336,-0.808594
-15.822939117440336,-0.808594
-15.822939117440336,-0.808594
-15.816889135156048,-0.808594
-15.816889135156048,-0.808594
-15.810839152029377,-0.808594
-15.810839152029377,-0.808594
-15.810839152029377,-0.808594
-15.80478916810038,-0.808594
-15.798739183407205,-0.808594
-15.798739183407205,-0.808594
-15.792689197986192,-0.808594
-15.786639211871949,-0.808594
-15.786639211871949,-0.808594
-15.780589225097437,-0.808594
-15.780589225097437,-0.808594
-15.774539237694054,-0.808594
-15.774539237694054,-0.808594
-15.774539237694054,-0.808594
-15.7684892496917,-0.808594
-15.7684892496917,-0.808594
-15.76243926111886,-0.808594
-15.76243926111886,-0.808594
-15.756389272002657,-0.808594
-15.756389272002657,-0.808594
-15.756389272002657,-0.808594
-15.75033928236893,-0.808594
-15.75033928236893,-0.808594
-15.75033928236893,-0.808594
-15.744289292242287,-0.808594
-15.744289292242287,-0.808594
-15.738239301646166,-0.808594
-15.738239301646166,-0.808594
-15.738239301646166,-0.808594
-15.732189310602891,-0.808594
-15.732189310602891,-0.808594
-15.726139319133724,-0.808594
-15.726139319133724,-0.808594
-15.726139319133724,-0.808594
-15.720089327258915,-0.808594
-15.720089327258915,-0.808594
-15.714039334997754,-0.808594
-15.714039334997754,-0.808594
-15.714039334997754,-0.808594
-15.70798934236861,-0.808594
-15.70798934236861,-0.808594
-15.701939349388981,-0.808594
-15.701939349388981,-0.808594
-15.695889356075535,-0.808594
-15.695889356075535,-0.808594
-15.689839362444143,-0.808594
-15.689839362444143,-0.808594
-15.689839362444143,-0.808594
-15.683789368509924,-0.808594
-15.683789368509924,-0.808594
-15.677739374287276,-0.808594
-15.677739374287276,-0.808594
-15.671689379789916,-0.808594
-15.671689379789916,-0.808594
-15.665639385030905,-0.808594
-15.665639385030905,-0.808594
-15.659589390022685,-0.808594
-15.659589390022685,-0.808594
-15.653539394777106,-0.808594
-15.653539394777106,-0.808594
-15.653539394777106,-0.808594
-15.647489399305453,-0.808594
-15.647489399305453,-0.808594
-15.641439403618477,-0.808594
-15.635389407726418,-0.808594
-15.629339411639027,-0.808594
-15.629339411639027,-0.808594
-15.62328941536559,-0.808594
-15.62328941536559,-0.808594
-15.617239418914956,-0.808594
-15.617239418914956,-0.808594
-15.617239418914956,-0.808594
-15.61118942229555,-0.808594
-15.61118942229555,-0.808594
-15.605139425515395,-0.808594
-15.605139425515395,-0.808594
-15.605139425515395,-0.808594
-15.599089428582138,-0.808594
-15.599089428582138,-0.808594
-15.593039431503056,-0.808594
-15.593039431503056,-0.808594
-15.593039431503056,-0.808594
-15.586989434285085,-0.808594
-15.586989434285085,-0.808594
-15.580939436934829,-0.808594
-15.580939436934829,-0.808594
-15.580939436934829,-0.808594
-15.574889439458577,-0.808594
-15.568839441862321,-0.808594
-15.562789444151768,-0.808594
-15.562789444151768,-0.808594
-15.556739446332351,-0.808594
-15.556739446332351,-0.808594
-15.556739446332351,-0.808594
-15.550689448409248,-0.808594
-15.550689448409248,-0.808594
-15.544639450387388,-0.808594
-15.544639450387388,-0.808594
-15.538589452271466,-0.808594
-15.538589452271466,-0.808594
-15.532539454065958,-0.808594
-15.532539454065958,-0.808594
-15.532539454065958,-0.808594
-15.52648945577512,-0.808594
-15.52648945577512,-0.808594
-15.520439457403013,-0.808594
-15.520439457403013,-0.808594
-15.520439457403013,-0.808594
-15.5143750750785,-0.808594
-15.5143750750785,-0.808594
-15.508282608883516,-0.808594
-15.508282608883516,-0.808594
-15.508282608883516,-0.808594
-15.502163394206104,-0.808594
-15.502163394206104,-0.808594
-15.496018702936603,-0.808594
-15.496018702936603,-0.808594
-15.496018702936603,-0.808594
-15.489849746486966,-0.808594
-15.489849746486966,-0.808594
-15.48365767866651,-0.808594
-15.48365767866651,-0.808594
-15.48365767866651,-0.808594
-15.477443598420917,-0.808594
-15.477443598420917,-0.808594
-15.471208552441002,-0.808594
-15.471208552441002,-0.808594
-15.471208552441002,-0.808594
-15.464953537647432,-0.808594
-15.464953537647432,-0.808594
-15.458679503557295,-0.808594
-15.458679503557295,-0.808594
-15.458679503557295,-0.808594
-15.452387354538146,-0.808594
-15.452387354538146,-0.808594
-15.446077951954857,-0.808594
-15.446077951954857,-0.808594
-15.446077951954857,-0.808594
-15.439752116214404,-0.808594
-15.439752116214404,-0.808594
-15.433410628713409,-0.808594
-15.433410628713409,-0.808594
-15.433410628713409,-0.808594
-15.427054233693086,-0.808594
-15.427054233693086,-0.808594
-15.42068364000598,-0.808594
-15.42068364000598,-0.808594
-15.42068364000598,-0.808594
-15.414299522798695,-0.808594
-15.414299522798695,-0.808594
-15.407902525114617,-0.808594
-15.407902525114617,-0.808594
-15.407902525114617,-0.808594
-15.401493259420416,-0.808594
-15.401493259420416,-0.808594
-15.395072309059975,-0.808594
-15.395072309059975,-0.808594
-15.395072309059975,-0.808594
-15.388640229639172,-0.808594
-15.382197550344829,-0.808594
-15.375744775200932,-0.808594
-15.375744775200932,-0.808594
-15.369282384265126,-0.808594
-15.369282384265126,-0.808594
-15.36281083476832,-0.808594
-15.356330562200085,-0.808594
-15.356330562200085,-0.808594
-15.356330562200085,-0.808594
-15.34984198134247,-0.808594
-15.34984198134247,-0.808594
-15.343345487254634,-0.808594
-15.343345487254634,-0.808594
-15.343345487254634,-0.808594
-15.336841456210676,-0.808594
-15.336841456210676,-0.808594
-15.330330246592858,-0.808594
-15.330330246592858,-0.808594
-15.330330246592858,-0.808594
-15.323812199742367,-0.808594
-15.323812199742367,-0.808594
-15.317287640769617,-0.808594
-15.317287640769617,-0.808594
-15.317287640769617,-0.808594
-15.310756879326021,-0.808594
-15.310756879326021,-0.808594
-15.304220210339068,-0.808594
-15.304220210339068,-0.808594
-15.304220210339068,-0.808594
-15.297677914712445,-0.808594
-15.297677914712445,-0.808594
-15.291130259992867,-0.808594
-15.291130259992867,-0.808594
-15.291130259992867,-0.808594
-15.284577501005206,-0.808594
-15.284577501005206,-0.808594
-15.278019880457407,-0.808594
-15.278019880457407,-0.808594
-15.271457629516657,-0.808594
-15.271457629516657,-0.808594
-15.26489096835814,-0.808594
-15.26489096835814,-0.808594
-15.258320106687709,-0.808594
-15.258320106687709,-0.808594
-15.258320106687709,-0.808594
-15.251745244239707,-0.808594
-15.251745244239707,-0.808594
-15.251745244239707,-0.808594
-15.245166571251108,-0.808594
-15.238584268913117,-0.808594
-15.238584268913117,-0.808594
-15.231998509801297,-0.808594
-15.231998509801297,-0.808594
-15.225409458285245,-0.808594
-15.225409458285245,-0.808594
-15.225409458285245,-0.808594
-15.21881727091878,-0.808594
-15.21881727091878,-0.808594
-15.212222096811592,-0.808594
-15.212222096811592,-0.808594
-15.212222096811592,-0.808594
-15.2056240779832,-0.808594
-15.2056240779832,-0.808594
-15.1990075274376,-0.808594
-15.1990075274376,-0.808594
-15.1990075274376,-0.808594
-15.19235750409544,-0.808594
-15.19235750409544,-0.808594
-15.185675599588201,-0.808594
-15.185675599588201,-0.808594
-15.185675599588201,-0.808594
-15.178963329865281,-0.808594
-15.178963329865281,-0.808594
-15.172222138792687,-0.808594
-15.172222138792687,-0.808594
-15.172222138792687,-0.808594
-15.165453401580594,-0.808594
-15.165453401580594,-0.808594
-15.158658428047936,-0.808594
-15.158658428047936,-0.808594
-15.151838465731755,-0.808594
-15.151838465731755,-0.808594
-15.151838465731755,-0.808594
-15.14499470284871,-0.808594
-15.14499470284871,-0.808594
-15.14499470284871,-0.808594
-15.138128271115752,-0.808594
-15.138128271115752,-0.808594
-15.131240248436697,-0.808594
-15.131240248436697,-0.808594
-15.131240248436697,-0.808594
-15.124331661461031,-0.808594
-15.124331661461031,-0.808594
-15.11740348802106,-0.808594
-15.11740348802106,-0.808594
-15.11740348802106,-0.808594
-15.110456659453158,-0.808594
-15.110456659453158,-0.808594
-15.103492062808659,-0.808594
-15.103492062808659,-0.808594
-15.103492062808659,-0.808594
-15.096510542959606,-0.808594
-15.096510542959606,-0.808594
-15.089512904604376,-0.808594
-15.089512904604376,-0.808594
-15.089512904604376,-0.808594
-15.082499914177937,-0.808594
-15.082499914177937,-0.808594
-15.075472301671276,-0.808594
-15.075472301671276,-0.808594
-15.075472301671276,-0.808594
-15.068430762364306,-0.808594
-15.068430762364306,-0.808594
-15.061375958476383,-0.808594
-15.061375958476383,-0.808594
-15.061375958476383,-0.808594
-15.05430852073833,-0.808594
-15.05430852073833,-0.808594
-15.04722904988972,-0.808594
-15.04722904988972,-0.808594
-15.040138118104963,-0.808594
-15.040138118104963,-0.808594
-15.040138118104963,-0.808594
-15.033036270351571,-0.808594
-15.033036270351571,-0.808594
-15.033036270351571,-0.808594
-15.025924025683853,-0.808594
-15.025924025683853,-0.808594
-15.018801878475085,-0.808594
-15.018801878475085,-0.808594
-15.011670299591094,-0.808594
-15.011670299591094,-0.808594
-15.004529737508037,-0.808594
-15.004529737508037,-0.808594
-15.004529737508037,-0.808594
-14.99738061937703,-0.808594
-14.99738061937703,-0.808594
-14.99022335203815,-0.808594
-14.99022335203815,-0.808594
-14.99022335203815,-0.808594
-14.983058322986235,-0.808594
-14.975885901290738,-0.808594
-14.968706438471862,-0.808594
-14.961520269335024,-0.808594
-14.961520269335024,-0.808594
-14.954327712765643,-0.808594
-14.954327712765643,-0.808594
-14.947129072486137,-0.808594
-14.947129072486137,-0.808594
-14.93992463777692,-0.808594
-14.93992463777692,-0.808594
-14.932714684163127,-0.808594
-14.932714684163127,-0.808594
-14.925499474068669,-0.808594
-14.925499474068669,-0.808594
-14.918279257439202,-0.808594
-14.918279257439202,-0.808594
-14.918279257439202,-0.808594
-14.911054272335468,-0.808594
-14.911054272335468,-0.808594
-14.903824745498415,-0.808594
-14.903824745498415,-0.808594
-14.903824745498415,-0.808594
-14.896590892887465,-0.808594
-14.896590892887465,-0.808594
-14.889352920193165,-0.808594
-14.889352920193165,-0.808594
-14.889352920193165,-0.808594
-14.882111023325479,-0.808594
-14.882111023325479,-0.808594
-14.87486538887885,-0.808594
-14.87486538887885,-0.808594
-14.87486538887885,-0.808594
-14.867616194575161,-0.808594
-14.867616194575161,-0.808594
-14.860363609685612,-0.808594
-14.860363609685612,-0.808594
-14.860363609685612,-0.808594
-14.85310779543256,-0.808594
-14.85310779543256,-0.808594
-14.845848905372241,-0.808594
-14.845848905372241,-0.808594
-14.845848905372241,-0.808594
-14.83858708575929,-0.808594
-14.83858708575929,-0.808594
-14.831322475893934,-0.808594
-14.831322475893934,-0.808594
-14.831322475893934,-0.808594
-14.824055208452677,-0.808594
-14.824055208452677,-0.808594
-14.816785409803252,-0.808594
-14.816785409803252,-0.808594
-14.816785409803252,-0.808594
-14.809513200304607,-0.808594
-14.809513200304607,-0.808594
-14.802238694592623,-0.808594
-14.802238694592623,-0.808594
-14.802238694592623,-0.808594
-14.794962001852243,-0.808594
-14.794962001852243,-0.808594
-14.787683226076668,-0.808594
-14.787683226076668,-0.808594
-14.787683226076668,-0.808594
-14.780402466314221,-0.808594
-14.780402466314221,-0.808594
-14.77311981690348,-0.808594
-14.77311981690348,-0.808594
-14.77311981690348,-0.808594
-14.765817963208468,-0.808594
-14.765817963208468,-0.808594
-14.758480413904154,-0.808594
-14.758480413904154,-0.808594
-14.758480413904154,-0.808594
-14.75110886631676,-0.808594
-14.75110886631676,-0.808594
-14.743704937064647,-0.808594
-14.743704937064647,-0.808594
-14.743704937064647,-0.808594
-14.736270165895972,-0.808594
-14.736270165895972,-0.808594
-14.728806019343867,-0.808594
-14.728806019343867,-0.808594
-14.728806019343867,-0.808594
-14.721313894207816,-0.808594
-14.721313894207816,-0.808594
-14.713795120869483,-0.808594
-14.713795120869483,-0.808594
-14.713795120869483,-0.808594
-14.706250966450888,-0.808594
-14.706250966450888,-0.808594
-14.698682637822397,-0.808594
-14.698682637822397,-0.808594
-14.691091284467692,-0.808594
-14.691091284467692,-0.808594
-14.683478001212503,-0.808594
-14.683478001212503,-0.808594
-14.683478001212503,-0.808594
-14.675843830823597,-0.808594
-14.675843830823597,-0.808594
-14.668189766484184,-0.808594
-14.668189766484184,-0.808594
-14.668189766484184,-0.808594
-14.66051675415161,-0.808594
-14.66051675415161,-0.808594
-14.65282569480295,-0.808594
-14.65282569480295,-0.808594
-14.65282569480295,-0.808594
-14.645117446573819,-0.808594
-14.645117446573819,-0.808594
-14.637392826795482,-0.808594
-14.637392826795482,-0.808594
-14.637392826795482,-0.808594
-14.629652613935106,-0.808594
-14.629652613935106,-0.808594
-14.62189754944374,-0.808594
-14.62189754944374,-0.808594
-14.62189754944374,-0.808594
-14.61412833951644,-0.808594
-14.61412833951644,-0.808594
-14.606345656768683,-0.808594
-14.606345656768683,-0.808594
-14.598550141833082,-0.808594
-14.590742404880167,-0.808594
-14.590742404880167,-0.808594
-14.582923027066865,-0.808594
-14.582923027066865,-0.808594
-14.575092561916085,-0.808594
-14.575092561916085,-0.808594
-14.575092561916085,-0.808594
-14.567251536630724,-0.808594
-14.567251536630724,-0.808594
-14.559400453345182,-0.808594
-14.559400453345182,-0.808594
-14.559400453345182,-0.808594
-14.551539790317367,-0.808594
-14.551539790317367,-0.808594
-14.5436508581264,-0.808594
-14.5436508581264,-0.808594
-14.535715856033363,-0.808594
-14.535715856033363,-0.808594
-14.527736974662101,-0.808594
-14.527736974662101,-0.808594
-14.527736974662101,-0.808594
-14.519716300472293,-0.808594
-14.519716300472293,-0.808594
-14.511655820712459,-0.808594
-14.511655820712459,-0.808594
-14.511655820712459,-0.808594
-14.503557428137455,-0.808594
-14.503557428137455,-0.808594
-14.495422925501643,-0.808594
-14.495422925501643,-0.808594
-14.495422925501643,-0.808594
-14.487254029838414,-0.808594
-14.487254029838414,-0.808594
-14.479052376536222,-0.808594
-14.479052376536222,-0.808594
-14.479052376536222,-0.808594
-14.470819523220799,-0.808594
-14.470819523220799,-0.808594
-14.462556953452774,-0.808594
-14.462556953452774,-0.808594
-14.462556953452774,-0.808594
-14.454266080249468,-0.808594
-14.454266080249468,-0.808594
-14.44594824943923,-0.808594
-14.44594824943923,-0.808594
-14.44594824943923,-0.808594
-14.43760474285627,-0.808594
-14.43760474285627,-0.808594
-14.429236781383578,-0.808594
-14.429236781383578,-0.808594
-14.429236781383578,-0.808594
-14.420845527851164,-0.808594
-14.420845527851164,-0.808594
-14.412432089796464,-0.808594
-14.412432089796464,-0.808594
-14.403997522093517,-0.808594
-14.403997522093517,-0.808594
-14.395542829457094,-0.808594
-14.395542829457094,-0.808594
-14.395542829457094,-0.808594
-14.387068968827784,-0.808594
-14.387068968827784,-0.808594
-14.378576851643647,-0.808594
-14.378576851643647,-0.808594
-14.378576851643647,-0.808594
-14.370067346003866,-0.808594
-14.370067346003866,-0.808594
-14.361541278729506,-0.808594
-14.361541278729506,-0.808594
-14.361541278729506,-0.808594
-14.352999437326293,-0.808594
-14.352999437326293,-0.808594
-14.344442571854051,-0.808594
-14.344442571854051,-0.808594
-14.344442571854051,-0.808594
-14.335850337275877,-0.808594
-14.335850337275877,-0.808594
-14.327203355961371,-0.808594
-14.327203355961371,-0.808594
-14.327203355961371,-0.808594
-14.318504231117846,-0.808594
-14.318504231117846,-0.808594
-14.309755442170104,-0.808594
-14.309755442170104,-0.808594
-14.309755442170104,-0.808594
-14.300959350646302,-0.808594
-14.300959350646302,-0.808594
-14.292118205783932,-0.808594
-14.292118205783932,-0.808594
-14.292118205783932,-0.808594
-14.283234149869243,-0.808594
-14.283234149869243,-0.808594
-14.274309223322772,-0.808594
-14.274309223322772,-0.808594
-14.265345369543061,-0.808594
-14.265345369543061,-0.808594
-14.256344439520051,-0.808594
-14.256344439520051,-0.808594
-14.24730819622911,-0.808594
-14.24730819622911,-0.808594
-14.238238318816128,-0.808594
-14.238238318816128,-0.808594
-14.229136406583608,-0.808594
-14.229136406583608,-0.808594
-14.220003982787219,-0.808594
-14.220003982787219,-0.808594
-14.210842498251823,-0.808594
-14.20165333481556,-0.808594
-14.20165333481556,-0.808594
-14.20165333481556,-0.808594
-14.192437808610167,-0.808594
-14.192437808610167,-0.808594
-14.183197173185315,-0.808594
-14.183197173185315,-0.808594
-14.183197173185315,-0.808594
-14.17393262248439,-0.808594
-14.17393262248439,-0.808594
-14.164645293678769,-0.808594
-14.164645293678769,-0.808594
-14.155313104492803,-0.808594
-14.145915022663054,-0.808594
-14.145915022663054,-0.808594
-14.145915022663054,-0.808594
-14.136454181384732,-0.808594
-14.136454181384732,-0.808594
-14.126933564869615,-0.808594
-14.126933564869615,-0.808594
-14.117356015430216,-0.808594
-14.117356015430216,-0.808594
-14.107724240227082,-0.808594
-14.107724240227082,-0.808594
-14.107724240227082,-0.808594
-14.09804081769528,-0.808594
-14.088308203665287,-0.808594
-14.088308203665287,-0.808594
-14.088308203665287,-0.808594
-14.078528737192842,-0.808594
-14.078528737192842,-0.808594
-14.068704646111586,-0.808594
-14.068704646111586,-0.808594
-14.068704646111586,-0.808594
-14.058838052321665,-0.808594
-14.058838052321665,-0.808594
-14.048930976826878,-0.808594
-14.048930976826878,-0.808594
-14.048930976826878,-0.808594
-14.03898534453229,-0.808594
-14.03898534453229,-0.808594
-14.029002988813732,-0.808594
-14.029002988813732,-0.808594
-14.029002988813732,-0.808594
-14.018985655870013,-0.808594
-14.018985655870013,-0.808594
-14.008935008868193,-0.808594
-14.008935008868193,-0.808594
-14.008935008868193,-0.808594
-13.99885263189173,-0.808594
-13.99885263189173,-0.808594
-13.988740033700921,-0.808594
-13.988740033700921,-0.808594
-13.988740033700921,-0.808594
-13.978598651314508,-0.808594
-13.978598651314508,-0.808594
-13.968429853420991,-0.808594
-13.968429853420991,-0.808594
-13.968429853420991,-0.808594
-13.958234943627733,-0.808594
-13.948015163555567,-0.808594
-13.937771695786255,-0.808594
-13.937771695786255,-0.808594
-13.937771695786255,-0.808594
-13.927480184757817,-0.808594
-13.927480184757817,-0.808594
-13.917117433015246,-0.808594
-13.917117433015246,-0.808594
-13.917117433015246,-0.808594
-13.9066868280545,-0.808594
-13.9066868280545,-0.808594
-13.896191596296102,-0.808594
-13.896191596296102,-0.808594
-13.88563481074428,-0.808594
-13.875019398281912,-0.808594
-13.864348146618594,-0.808594
-13.864348146618594,-0.808594
-13.853623710908332,-0.808594
-13.853623710908332,-0.808594
-13.842848620052557,-0.808594
-13.83202528270344,-0.808594
-13.83202528270344,-0.808594
-13.83202528270344,-0.808594
-13.821155992981737,-0.808594
-13.821155992981737,-0.808594
-13.810242935922766,-0.808594
-13.810242935922766,-0.808594
-13.799288192663415,-0.808594
-13.78829374538251,-0.808594
-13.78829374538251,-0.808594
-13.78829374538251,-0.808594
-13.777261482006278,-0.808594
-13.777261482006278,-0.808594
-13.766193200690049,-0.808594
-13.766193200690049,-0.808594
-13.766193200690049,-0.808594
-13.755090614086871,-0.808594
-13.755090614086871,-0.808594
-13.74395535341314,-0.808594
-13.74395535341314,-0.808594
-13.74395535341314,-0.808594
-13.73278897232091,-0.808594
-13.73278897232091,-0.808594
-13.721592950586079,-0.808594
-13.721592950586079,-0.808594
-13.721592950586079,-0.808594
-13.710368697621204,-0.808594
-13.710368697621204,-0.808594
-13.699117555821275,-0.808594
-13.699117555821275,-0.808594
-13.699117555821275,-0.808594
-13.687840803750396,-0.808594
-13.687840803750396,-0.808594
-13.676511629073776,-0.808594
-13.676511629073776,-0.808594
-13.66510449438314,-0.808594
-13.66510449438314,-0.808594
-13.66510449438314,-0.808594
-13.653623106677156,-0.808594
-13.653623106677156,-0.808594
-13.653623106677156,-0.808594
-13.642070996686702,-0.808594
-13.642070996686702,-0.808594
-13.630451527256405,-0.808594
-13.630451527256405,-0.808594
-13.630451527256405,-0.808594
-13.61876790132763,-0.808594
-13.61876790132763,-0.808594
-13.607023169541879,-0.808594
-13.607023169541879,-0.808594
-13.607023169541879,-0.808594
-13.595220237482652,-0.808594
-13.583361872572953,-0.808594
-13.583361872572953,-0.808594
-13.583361872572953,-0.808594
-13.571450710644822,-0.808594
-13.571450710644822,-0.808594
-13.559489262196484,-0.808594
-13.559489262196484,-0.808594
-13.559489262196484,-0.808594
-13.547479918351977,-0.808594
-13.547479918351977,-0.808594
-13.535424956537387,-0.808594
-13.535424956537387,-0.808594
-13.535424956537387,-0.808594
-13.523326545887192,-0.808594
-13.523326545887192,-0.808594
-13.511186752393526,-0.808594
-13.511186752393526,-0.808594
-13.511186752393526,-0.808594
-13.499007543810594,-0.808594
-13.499007543810594,-0.808594
-13.486790794325891,-0.808594
-13.486790794325891,-0.808594
-13.486790794325891,-0.808594
-13.474538289009297,-0.808594
-13.474538289009297,-0.808594
-13.462251728050619,-0.808594
-13.462251728050619,-0.808594
-13.462251728050619,-0.808594
-13.449932730795636,-0.808594
-13.43758283959024,-0.808594
-13.43758283959024,-0.808594
-13.43758283959024,-0.808594
-13.425203523441771,-0.808594
-13.425203523441771,-0.808594
-13.412796181506273,-0.808594
-13.412796181506273,-0.808594
-13.40036214640992,-0.808594
-13.40036214640992,-0.808594
-13.38790268741251,-0.808594
-13.38790268741251,-0.808594
-13.38790268741251,-0.808594
-13.375419013420537,-0.808594
-13.375419013420537,-0.808594
-13.362912275856994,-0.808594
-13.350383571394708,-0.808594
-13.350383571394708,-0.808594
-13.337833944559716,-0.808594
-13.337833944559716,-0.808594
-13.337833944559716,-0.808594
-13.325264390210839,-0.808594
-13.325264390210839,-0.808594
-13.312675855901361,-0.808594
-13.312675855901361,-0.808594
-13.312675855901361,-0.808594
-13.30006924412841,-0.808594
-13.30006924412841,-0.808594
-13.287445414475375,-0.808594
-13.287445414475375,-0.808594
-13.287445414475375,-0.808594
-13.274805185652452,-0.808594
-13.274805185652452,-0.808594
-13.26214933744017,-0.808594
-13.26214933744017,-0.808594
-13.26214933744017,-0.808594
-13.249478612540495,-0.808594
-13.249478612540495,-0.808594
-13.236793718339909,-0.808594
-13.236793718339909,-0.808594
-13.224095328588673,-0.808594
-13.224095328588673,-0.808594
-13.211384085000219,-0.808594
-13.211384085000219,-0.808594
-13.211384085000219,-0.808594
-13.198660598774508,-0.808594
-13.198660598774508,-0.808594
-13.18592545204894,-0.808594
-13.18592545204894,-0.808594
-13.18592545204894,-0.808594
-13.173179199280284,-0.808594
-13.160422368560889,-0.808594
-13.147655462872313,-0.808594
-13.13487896127934,-0.808594
-13.13487896127934,-0.808594
-13.13487896127934,-0.808594
-13.122093320067224,-0.808594
-13.122093320067224,-0.808594
-13.109298973824854,-0.808594
-13.109298973824854,-0.808594
-13.109298973824854,-0.808594
-13.096496336476422,-0.808594
-13.096496336476422,-0.808594
-13.083685802264018,-0.808594
-13.083685802264018,-0.808594
-13.070867746683525,-0.808594
-13.070867746683525,-0.808594
-13.058042527375996,-0.808594
-13.058042527375996,-0.808594
-13.058042527375996,-0.808594
-13.045210484976652,-0.808594
-13.045210484976652,-0.808594
-13.032371943923508,-0.808594
-13.032371943923508,-0.808594
-13.032371943923508,-0.808594
-13.019527213227551,-0.808594
-13.019527213227551,-0.808594
-13.006676587206298,-0.808594
-13.006676587206298,-0.808594
-13.006676587206298,-0.808594
-12.993820346182467,-0.808594
-12.993820346182467,-0.808594
-12.98095875714943,-0.808594
-12.98095875714943,-0.808594
-12.98095875714943,-0.808594
-12.968092074405027,-0.808594
-12.968092074405027,-0.808594
-12.95522054015523,-0.808594
-12.95522054015523,-0.808594
-12.95522054015523,-0.808594
-12.942344385089122,-0.808594
-12.942344385089122,-0.808594
-12.929463828926519,-0.808594
-12.929463828926519,-0.808594
-12.929463828926519,-0.808594
-12.91657908093956,-0.808594
-12.91657908093956,-0.808594
-12.90369034044949,-0.808594
-12.90369034044949,-0.808594
-12.90369034044949,-0.808594
-12.890797797299836,-0.808594
-12.890797797299836,-0.808594
-12.877901632307058,-0.808594
-12.877901632307058,-0.808594
-12.877901632307058,-0.808594
-12.865002017689799,-0.808594
-12.865002017689799,-0.808594
-12.852099117477701,-0.808594
-12.852099117477701,-0.808594
-12.852099117477701,-0.808594
-12.8391930879008,-0.808594
-12.8391930879008,-0.808594
-12.826284077760391,-0.808594
-12.826284077760391,-0.808594
-12.81337222878227,-0.808594
-12.81337222878227,-0.808594
-12.80045767595317,-0.808594
-12.80045767595317,-0.808594
-12.80045767595317,-0.808594
-12.787540547841205,-0.808594
-12.787540547841205,-0.808594
-12.774620966901075,-0.808594
-12.774620966901075,-0.808594
-12.774620966901075,-0.808594
-12.76169904976476,-0.808594
-12.76169904976476,-0.808594
-12.748774907518387,-0.808594
-12.748774907518387,-0.808594
-12.748774907518387,-0.808594
-12.735848645965941,-0.808594
-12.735848645965941,-0.808594
-12.722920365880425,-0.808594
-12.722920365880425,-0.808594
-12.722920365880425,-0.808594
-12.709990163243086,-0.808594
-12.709990163243086,-0.808594
-12.697058129471264,-0.808594
-12.697058129471264,-0.808594
-12.697058129471264,-0.808594
-12.684124351635404,-0.808594
-12.684124351635404,-0.808594
-12.67118891266575,-0.808594
-12.67118891266575,-0.808594
-12.67118891266575,-0.808594
-12.658251891549215,-0.808594
-12.658251891549215,-0.808594
-12.645313363516882,-0.808594
-12.645313363516882,-0.808594
-12.645313363516882,-0.808594
-12.632373400222598,-0.808594
-12.632373400222598,-0.808594
-12.619432069913067,-0.808594
-12.619432069913067,-0.808594
-12.619432069913067,-0.808594
-12.606489437589866,-0.808594
-12.606489437589866,-0.808594
-12.593545565163746,-0.808594
-12.593545565163746,-0.808594
-12.580600511601597,-0.808594
-12.567654333066441,-0.808594
-12.567654333066441,-0.808594
-12.554707083050742,-0.808594
-12.554707083050742,-0.808594
-12.541758812503401,-0.808594
-12.541758812503401,-0.808594
-12.541758812503401,-0.808594
-12.528809569950697,-0.808594
-12.528809569950697,-0.808594
-12.515859401611486,-0.808594
-12.515859401611486,-0.808594
-12.515859401611486,-0.808594
-12.502908351506916,-0.808594
-12.502908351506916,-0.808594
-12.489956461564928,-0.808594
-12.489956461564928,-0.808594
-12.489956461564928,-0.808594
-12.477003771719794,-0.808594
-12.477003771719794,-0.808594
-12.464050320006907,-0.808594
-12.464050320006907,-0.808594
-12.451096142653078,-0.808594
-12.438141274162536,-0.808594
-12.438141274162536,-0.808594
-12.42518574739883,-0.808594
-12.42518574739883,-0.808594
-12.412229593662849,-0.808594
-12.412229593662849,-0.808594
-12.412229593662849,-0.808594
-12.399272842767125,-0.808594
-12.399272842767125,-0.808594
-12.386315523106605,-0.808594
-12.386315523106605,-0.808594
-12.373357661726054,-0.808594
-12.373357661726054,-0.808594
-12.36039928438426,-0.808594
-12.36039928438426,-0.808594
-12.36039928438426,-0.808594
-12.347440415615178,-0.808594
-12.347440415615178,-0.808594
-12.334481078786178,-0.808594
-12.334481078786178,-0.808594
-12.334481078786178,-0.808594
-12.321521296153508,-0.808594
-12.321521296153508,-0.808594
-12.308561088915132,-0.808594
-12.308561088915132,-0.808594
-12.308561088915132,-0.808594
-12.295600477261052,-0.808594
-12.295600477261052,-0.808594
-12.282639480421235,-0.808594
-12.282639480421235,-0.808594
-12.269678116711262,-0.808594
-12.269678116711262,-0.808594
-12.25671640357581,-0.808594
-12.25671640357581,-0.808594
-12.25671640357581,-0.808594
-12.24375435763006,-0.808594
-12.24375435763006,-0.808594
-12.23079199469914,-0.808594
-12.23079199469914,-0.808594
-12.23079199469914,-0.808594
-12.217829329855698,-0.808594
-12.217829329855698,-0.808594
-12.204866377455673,-0.808594
-12.204866377455673,-0.808594
-12.204866377455673,-0.808594
-12.19190315117238,-0.808594
-12.19190315117238,-0.808594
-12.178939664028968,-0.808594
-12.178939664028968,-0.808594
-12.178939664028968,-0.808594
-12.165975928429338,-0.808594
-12.165975928429338,-0.808594
-12.153011956187582,-0.808594
-12.153011956187582,-0.808594
-12.153011956187582,-0.808594
-12.140047758556031,-0.808594
-12.140047758556031,-0.808594
-12.127083346251974,-0.808594
-12.114118729483085,-0.808594
-12.101153917971667,-0.808594
-12.088188920977728,-0.808594
-12.075223747320964,-0.808594
-12.075223747320964,-0.808594
-12.075223747320964,-0.808594
-12.062258405401689,-0.808594
-12.062258405401689,-0.808594
-12.049292903220786,-0.808594
-12.049292903220786,-0.808594
-12.049292903220786,-0.808594
-12.036327248398697,-0.808594
-12.036327248398697,-0.808594
-12.02336144819351,-0.808594
-12.01039550951819,-0.808594
-12.01039550951819,-0.808594
-11.997429438956994,-0.808594
-11.997429438956994,-0.808594
-11.997429438956994,-0.808594
-11.984463242781093,-0.808594
-11.984463242781093,-0.808594
-11.971496926963468,-0.808594
-11.971496926963468,-0.808594
-11.971496926963468,-0.808594
-11.958530497193081,-0.808594
-11.958530497193081,-0.808594
-11.945563958888387,-0.808594
-11.945563958888387,-0.808594
-11.945563958888387,-0.808594
-11.932597317210194,-0.808594
-11.932597317210194,-0.808594
-11.919630577073908,-0.808594
-11.919630577073908,-0.808594
-11.919630577073908,-0.808594
-11.906663743161216,-0.808594
-11.906663743161216,-0.808594
-11.893696819931183,-0.808594
-11.880729811630848,-0.808594
-11.880729811630848,-0.808594
-11.867762722305306,-0.808594
-11.867762722305306,-0.808594
-11.867762722305306,-0.808594
-11.854795555807305,-0.808594
-11.854795555807305,-0.808594
-11.841828315806396,-0.808594
-11.841828315806396,-0.808594
-11.841828315806396,-0.808594
-11.828861005797641,-0.808594
-11.828861005797641,-0.808594
-11.815893629109913,-0.808594
-11.815893629109913,-0.808594
-11.802926188913798,-0.808594
-11.802926188913798,-0.808594
-11.789958688229119,-0.808594
-11.789958688229119,-0.808594
-11.789958688229119,-0.808594
-11.776991129932108,-0.808594
-11.776991129932108,-0.808594
-11.764023516762231,-0.808594
-11.764023516762231,-0.808594
-11.764023516762231,-0.808594
-11.751055851328694,-0.808594
-11.751055851328694,-0.808594
-11.738088136116632,-0.808594
-11.738088136116632,-0.808594
-11.738088136116632,-0.808594
-11.725120373493015,-0.808594
-11.725120373493015,-0.808594
-11.712152565712262,-0.808594
-11.712152565712262,-0.808594
-11.712152565712262,-0.808594
-11.699184714921596,-0.808594
-11.699184714921596,-0.808594
-11.686216823166136,-0.808594
-11.686216823166136,-0.808594
-11.686216823166136,-0.808594
-11.67324889239376,-0.808594
-11.67324889239376,-0.808594
-11.660280924459721,-0.808594
-11.660280924459721,-0.808594
-11.660280924459721,-0.808594
-11.647312921131057,-0.808594
-11.647312921131057,-0.808594
-11.634344884090783,-0.808594
-11.634344884090783,-0.808594
-11.634344884090783,-0.808594
-11.621376814941884,-0.808594
-11.621376814941884,-0.808594
-11.608408715211127,-0.808594
-11.608408715211127,-0.808594
-11.608408715211127,-0.808594
-11.595440586352678,-0.808594
-11.58247242975156,-0.808594
-11.569504246726936,-0.808594
-11.556536038535244,-0.808594
-11.54356780637318,-0.808594
-11.54356780637318,-0.808594
-11.530599551380531,-0.808594
-11.530599551380531,-0.808594
-11.517631274642895,-0.808594
-11.517631274642895,-0.808594
-11.504662977194245,-0.808594
-11.504662977194245,-0.808594
-11.49169466001939,-0.808594
-11.478726324056309,-0.808594
-11.478726324056309,-0.808594
-11.465757970198384,-0.808594
-11.465757970198384,-0.808594
-11.452789599296516,-0.808594
-11.452789599296516,-0.808594
-11.439821212161142,-0.808594
-11.439821212161142,-0.808594
-11.426852809564167,-0.808594
-11.426852809564167,-0.808594
-11.426852809564167,-0.808594
-11.413884392240789,-0.808594
-11.413884392240789,-0.808594
-11.400915960891249,-0.808594
-11.400915960891249,-0.808594
-11.400915960891249,-0.808594
-11.387947516182491,-0.808594
-11.387947516182491,-0.808594
-11.374979058749746,-0.808594
-11.374979058749746,-0.808594
-11.36201058919804,-0.808594
-11.36201058919804,-0.808594
-11.349042108103626,-0.808594
-11.349042108103626,-0.808594
-11.336073616015364,-0.808594
-11.32310511345601,-0.808594
-11.310136600923466,-0.808594
-11.297168078891954,-0.808594
-11.297168078891954,-0.808594
-11.284199547813152,-0.808594
-11.284199547813152,-0.808594
-11.271231008117258,-0.808594
-11.271231008117258,-0.808594
-11.271231008117258,-0.808594
-11.258262460214015,-0.808594
-11.258262460214015,-0.808594
-11.245293904493682,-0.808594
-11.245293904493682,-0.808594
-11.245293904493682,-0.808594
-11.232325341327963,-0.808594
-11.232325341327963,-0.808594
-11.219356771070885,-0.808594
-11.219356771070885,-0.808594
-11.206388194059642,-0.808594
-11.206388194059642,-0.808594
-11.206388194059642,-0.808594
-11.193419610615395,-0.808594
-11.193419610615395,-0.808594
-11.193419610615395,-0.808594
-11.180451021044034,-0.808594
-11.180451021044034,-0.808594
-11.167482425636901,-0.808594
-11.167482425636901,-0.808594
-11.167482425636901,-0.808594
-11.15451382467149,-0.808594
-11.15451382467149,-0.808594
-11.141545218412094,-0.808594
-11.141545218412094,-0.808594
-11.141545218412094,-0.808594
-11.128576607110444,-0.808594
-11.128576607110444,-0.808594
-11.1156079910063,-0.808594
-11.1156079910063,-0.808594
-11.102639370328017,-0.808594
-11.089670745293098,-0.808594
-11.076702116108702,-0.808594
-11.063733482972134,-0.808594
-11.063733482972134,-0.808594
-11.063733482972134,-0.808594
-11.050764846071322,-0.808594
-11.050764846071322,-0.808594
-11.037796205585254,-0.808594
-11.037796205585254,-0.808594
-11.02482756168441,-0.808594
-11.02482756168441,-0.808594
-11.011858914531162,-0.808594
-11.011858914531162,-0.808594
-11.011858914531162,-0.808594
-10.998890264280163,-0.808594
-10.998890264280163,-0.808594
-10.98592161107871,-0.808594
-10.98592161107871,-0.808594
-10.98592161107871,-0.808594
-10.972952955067099,-0.808594
-10.972952955067099,-0.808594
-10.959984296378948,-0.808594
-10.959984296378948,-0.808594
-10.959984296378948,-0.808594
-10.94701563514153,-0.808594
-10.94701563514153,-0.808594
-10.934046971476064,-0.808594
-10.934046971476064,-0.808594
-10.934046971476064,-0.808594
-10.921078305498002,-0.808594
-10.921078305498002,-0.808594
-10.908109637317308,-0.808594
-10.908109637317308,-0.808594
-10.908109637317308,-0.808594
-10.895140967038717,-0.808594
-10.895140967038717,-0.808594
-10.882172294761984,-0.808594
-10.882172294761984,-0.808594
-10.882172294761984,-0.808594
-10.869203620582121,-0.808594
-10.869203620582121,-0.808594
-10.856234944589623,-0.808594
-10.856234944589623,-0.808594
-10.856234944589623,-0.808594
-10.843266266870678,-0.808594
-10.843266266870678,-0.808594
-10.830297587507381,-0.808594
-10.830297587507381,-0.808594
-10.830297587507381,-0.808594
-10.81732890657792,-0.808594
-10.81732890657792,-0.808594
-10.804360224156765,-0.808594
-10.804360224156765,-0.808594
-10.791391540314848,-0.808594
-10.791391540314848,-0.808594
-10.791391540314848,-0.808594
-10.778422855119725,-0.808594
-10.778422855119725,-0.808594
-10.778422855119725,-0.808594
-10.765454168635742,-0.808594
-10.765454168635742,-0.808594
-10.752485480924182,-0.808594
-10.752485480924182,-0.808594
-10.752485480924182,-0.808594
-10.73951679204342,-0.808594
-10.73951679204342,-0.808594
-10.726548102049048,-0.808594
-10.726548102049048,-0.808594
-10.726548102049048,-0.808594
-10.71357941099402,-0.808594
-10.71357941099402,-0.808594
-10.70061071892877,-0.808594
-10.70061071892877,-0.808594
-10.70061071892877,-0.808594
-10.687642025901333,-0.808594
-10.687642025901333,-0.808594
-10.674673331957463,-0.808594
-10.674673331957463,-0.808594
-10.674673331957463,-0.808594
-10.661704637140735,-0.808594
-10.661704637140735,-0.808594
-10.648735941492653,-0.808594
-10.648735941492653,-0.808594
-10.648735941492653,-0.808594
-10.63576724505275,-0.808594
-10.63576724505275,-0.808594
-10.622798547858674,-0.808594
-10.622798547858674,-0.808594
-10.622798547858674,-0.808594
-10.609829849946287,-0.808594
-10.609829849946287,-0.808594
-10.596861151349746,-0.808594
-10.596861151349746,-0.808594
-10.596861151349746,-0.808594
-10.583892452101582,-0.808594
-10.583892452101582,-0.808594
-10.57092375223278,-0.808594
-10.57092375223278,-0.808594
-10.57092375223278,-0.808594
-10.55795505177285,-0.808594
-10.55795505177285,-0.808594
-10.544986350749902,-0.808594
-10.544986350749902,-0.808594
-10.544986350749902,-0.808594
-10.532017649190704,-0.808594
-10.532017649190704,-0.808594
-10.519048947120758,-0.808594
-10.519048947120758,-0.808594
-10.519048947120758,-0.808594
-10.50608024456435,-0.808594
-10.50608024456435,-0.808594
-10.49311154154461,-0.808594
-10.49311154154461,-0.808594
-10.49311154154461,-0.808594
-10.480142838083571,-0.808594
-10.480142838083571,-0.808594
-10.467174134202216,-0.808594
-10.467174134202216,-0.808594
-10.467174134202216,-0.808594
-10.45420542992053,-0.808594
-10.45420542992053,-0.808594
-10.441236725257548,-0.808594
-10.441236725257548,-0.808594
-10.441236725257548,-0.808594
-10.428268020231403,-0.808594
-10.415299314859363,-0.808594
-10.415299314859363,-0.808594
-10.415299314859363,-0.808594
-10.402330609157874,-0.808594
-10.402330609157874,-0.808594
-10.389361903142602,-0.808594
-10.389361903142602,-0.808594
-10.389361903142602,-0.808594
-10.376393196828467,-0.808594
-10.376393196828467,-0.808594
-10.363424490229681,-0.808594
-10.363424490229681,-0.808594
-10.363424490229681,-0.808594
-10.350455783359779,-0.808594
-10.350455783359779,-0.808594
-10.337487076231652,-0.808594
-10.337487076231652,-0.808594
-10.337487076231652,-0.808594
-10.324518368857577,-0.808594
-10.324518368857577,-0.808594
-10.311549661249252,-0.808594
-10.311549661249252,-0.808594
-10.311549661249252,-0.808594
-10.298580953417813,-0.808594
-10.298580953417813,-0.808594
-10.285612245373871,-0.808594
-10.285612245373871,-0.808594
-10.285612245373871,-0.808594
-10.272643537127529,-0.808594
-10.272643537127529,-0.808594
-10.259674828688413,-0.808594
-10.259674828688413,-0.808594
-10.246706120065687,-0.808594
-10.246706120065687,-0.808594
-10.233737411268082,-0.808594
-10.233737411268082,-0.808594
-10.233737411268082,-0.808594
-10.220768702303916,-0.808594
-10.220768702303916,-0.808594
-10.207799993181107,-0.808594
-10.207799993181107,-0.808594
-10.207799993181107,-0.808594
-10.194831283907199,-0.808594
-10.194831283907199,-0.808594
-10.181862574489376,-0.808594
-10.181862574489376,-0.808594
-10.181862574489376,-0.808594
-10.168893864934482,-0.808594
-10.168893864934482,-0.808594
-10.155925155249035,-0.808594
-10.155925155249035,-0.808594
-10.155925155249035,-0.808594
-10.142956445439241,-0.808594
-10.142956445439241,-0.808594
-10.129987735511014,-0.808594
-10.129987735511014,-0.808594
-10.129987735511014,-0.808594
-10.117019025469986,-0.808594
-10.117019025469986,-0.808594
-10.10405031532152,-0.808594
-10.10405031532152,-0.808594
-10.10405031532152,-0.808594
-10.091081605070725,-0.808594
-10.091081605070725,-0.808594
-10.078112894722466,-0.808594
-10.078112894722466,-0.808594
-10.078112894722466,-0.808594
-10.065144184281378,-0.808594
-10.065144184281378,-0.808594
-10.052175473751875,-0.808594
-10.052175473751875,-0.808594
-10.052175473751875,-0.808594
-10.03920676313816,-0.808594
-10.03920676313816,-0.808594
-10.02623805244424,-0.808594
-10.02623805244424,-0.808594
-10.02623805244424,-0.808594
-10.013269341673928,-0.808594
-10.013269341673928,-0.808594
-10.000300630830854,-0.808594
-10.000300630830854,-0.808594
-10.000300630830854,-0.808594
-9.987331919918478,-0.808594
-9.987331919918478,-0.808594
-9.9743632089401,-0.808594
-9.9743632089401,-0.808594
-9.961394497898853,-0.808594
-9.961394497898853,-0.808594
-9.961394497898853,-0.808594
-9.94842578679773,-0.808594
-9.94842578679773,-0.808594
-9.94842578679773,-0.808594
-9.935457075639576,-0.808594
-9.935457075639576,-0.808594
-9.922488364427103,-0.808594
-9.922488364427103,-0.808594
-9.922488364427103,-0.808594
-9.909519653162894,-0.808594
-9.909519653162894,-0.808594
-9.89655094184941,-0.808594
-9.89655094184941,-0.808594
-9.89655094184941,-0.808594
-9.883582230488994,-0.808594
-9.883582230488994,-0.808594
-9.870613519083877,-0.808594
-9.870613519083877,-0.808594
-9.870613519083877,-0.808594
-9.857644807636184,-0.808594
-9.857644807636184,-0.808594
-9.844676096147941,-0.808594
-9.844676096147941,-0.808594
-9.844676096147941,-0.808594
-9.831707384621074,-0.808594
-9.831707384621074,-0.808594
-9.818738673057421,-0.808594
-9.818738673057421,-0.808594
-9.818738673057421,-0.808594
-9.805769961458731,-0.808594
-9.805769961458731,-0.808594
-9.79280124982667,-0.808594
-9.79280124982667,-0.808594
-9.79280124982667,-0.808594
-9.779832538162825,-0.808594
-9.779832538162825,-0.808594
-9.766863826468708,-0.808594
-9.766863826468708,-0.808594
-9.766863826468708,-0.808594
-9.753895114745756,-0.808594
-9.753895114745756,-0.808594
-9.740926402995342,-0.808594
-9.740926402995342,-0.808594
-9.740926402995342,-0.808594
-9.727957691218771,-0.808594
-9.727957691218771,-0.808594
-9.714988979417287,-0.808594
-9.714988979417287,-0.808594
-9.714988979417287,-0.808594
-9.702020267592076,-0.808594
-9.702020267592076,-0.808594
-9.689051555744264,-0.808594
-9.689051555744264,-0.808594
-9.689051555744264,-0.808594
-9.676082843874926,-0.808594
-9.676082843874926,-0.808594
-9.663114131985088,-0.808594
-9.663114131985088,-0.808594
-9.663114131985088,-0.808594
-9.650145420075722,-0.808594
-9.650145420075722,-0.808594
-9.637176708147758,-0.808594
-9.637176708147758,-0.808594
-9.637176708147758,-0.808594
-9.62420799620208,-0.808594
-9.62420799620208,-0.808594
-9.61123928423953,-0.808594
-9.61123928423953,-0.808594
-9.61123928423953,-0.808594
-9.59827057226091,-0.808594
-9.59827057226091,-0.808594
-9.585301860266984,-0.808594
-9.585301860266984,-0.808594
-9.585301860266984,-0.808594
-9.572333148258481,-0.808594
-9.572333148258481,-0.808594
-9.559364436236095,-0.808594
-9.559364436236095,-0.808594
-9.559364436236095,-0.808594
-9.546395724200483,-0.808594
-9.546395724200483,-0.808594
-9.533427012152275,-0.808594
-9.533427012152275,-0.808594
-9.533427012152275,-0.808594
-9.520458300092072,-0.808594
-9.520458300092072,-0.808594
-9.507489588020443,-0.808594
-9.507489588020443,-0.808594
-9.507489588020443,-0.808594
-9.49452087593793,-0.808594
-9.49452087593793,-0.808594
-9.481552163845052,-0.808594
-9.481552163845052,-0.808594
-9.481552163845052,-0.808594
-9.468583451742301,-0.808594
-9.468583451742301,-0.808594
-9.455614739630148,-0.808594
-9.455614739630148,-0.808594
-9.455614739630148,-0.808594
-9.442646027509038,-0.808594
-9.442646027509038,-0.808594
-9.429677315379399,-0.808594
-9.429677315379399,-0.808594
-9.429677315379399,-0.808594
-9.416708603241636,-0.808594
-9.416708603241636,-0.808594
-9.403739891096134,-0.808594
-9.403739891096134,-0.808594
-9.403739891096134,-0.808594
-9.390771178943261,-0.808594
-9.390771178943261,-0.808594
-9.37780246678337,-0.808594
-9.37780246678337,-0.808594
-9.37780246678337,-0.808594
-9.364833754616793,-0.808594
-9.364833754616793,-0.808594
-9.351865042443848,-0.808594
-9.351865042443848,-0.808594
-9.338896330264838,-0.808594
-9.338896330264838,-0.808594
-9.338896330264838,-0.808594
-9.32592761808005,-0.808594
-9.32592761808005,-0.808594
-9.32592761808005,-0.808594
-9.31295890588976,-0.808594
-9.31295890588976,-0.808594
-9.29999019369423,-0.808594
-9.29999019369423,-0.808594
-9.29999019369423,-0.808594
-9.287021481493708,-0.808594
-9.287021481493708,-0.808594
-9.274052769288433,-0.808594
-9.274052769288433,-0.808594
-9.274052769288433,-0.808594
-9.26108405707863,-0.808594
-9.26108405707863,-0.808594
-9.248115344864514,-0.808594
-9.248115344864514,-0.808594
-9.248115344864514,-0.808594
-9.235146632646291,-0.808594
-9.235146632646291,-0.808594
-9.222177920424155,-0.808594
-9.222177920424155,-0.808594
-9.222177920424155,-0.808594
-9.209209208198294,-0.808594
-9.209209208198294,-0.808594
-9.196240495968883,-0.808594
-9.196240495968883,-0.808594
-9.196240495968883,-0.808594
-9.183271783736092,-0.808594
-9.183271783736092,-0.808594
-9.170303071500081,-0.808594
-9.170303071500081,-0.808594
-9.170303071500081,-0.808594
-9.157334359261004,-0.808594
-9.157334359261004,-0.808594
-9.144365647019006,-0.808594
-9.144365647019006,-0.808594
-9.144365647019006,-0.808594
-9.131396934774227,-0.808594
-9.131396934774227,-0.808594
-9.118428222526797,-0.808594
-9.118428222526797,-0.808594
-9.118428222526797,-0.808594
-9.105459510276845,-0.808594
-9.105459510276845,-0.808594
-9.092490798024489,-0.808594
-9.092490798024489,-0.808594
-9.079522085769844,-0.808594
-9.079522085769844,-0.808594
-9.066553373513017,-0.808594
-9.066553373513017,-0.808594
-9.066553373513017,-0.808594
-9.053584661254114,-0.808594
-9.053584661254114,-0.808594
-9.040615948993233,-0.808594
-9.040615948993233,-0.808594
-9.040615948993233,-0.808594
-9.027647236730468,-0.808594
-9.027647236730468,-0.808594
-9.014678524465909,-0.808594
-9.014678524465909,-0.808594
-9.014678524465909,-0.808594
-9.00170981219964,-0.808594
-9.00170981219964,-0.808594
-8.988741099931746,-0.808594
-8.988741099931746,-0.808594
-8.988741099931746,-0.808594
-8.9757723876623,-0.808594
-8.9757723876623,-0.808594
-8.962803675391378,-0.808594
-8.962803675391378,-0.808594
-8.962803675391378,-0.808594
-8.949834963119049,-0.808594
-8.949834963119049,-0.808594
-8.93686625084538,-0.808594
-8.93686625084538,-0.808594
-8.93686625084538,-0.808594
-8.923897538570436,-0.808594
-8.923897538570436,-0.808594
-8.910928826294278,-0.808594
-8.910928826294278,-0.808594
-8.910928826294278,-0.808594
-8.89796011401696,-0.808594
-8.89796011401696,-0.808594
-8.884991401738542,-0.808594
-8.884991401738542,-0.808594
-8.884991401738542,-0.808594
-8.872022689459072,-0.808594
-8.872022689459072,-0.808594
-8.859053977178602,-0.808594
-8.859053977178602,-0.808594
-8.859053977178602,-0.808594
-8.84608526489718,-0.808594
-8.84608526489718,-0.808594
-8.833116552614852,-0.808594
-8.833116552614852,-0.808594
-8.833116552614852,-0.808594
-8.820147840331659,-0.808594
-8.820147840331659,-0.808594
-8.807179128047643,-0.808594
-8.807179128047643,-0.808594
-8.807179128047643,-0.808594
-8.794210415762844,-0.808594
-8.794210415762844,-0.808594
-8.781241703477297,-0.808594
-8.781241703477297,-0.808594
-8.781241703477297,-0.808594
-8.76827299119104,-0.808594
-8.76827299119104,-0.808594
-8.755304278904106,-0.808594
-8.755304278904106,-0.808594
-8.755304278904106,-0.808594
-8.742335566616527,-0.808594
-8.742335566616527,-0.808594
-8.729366854328333,-0.808594
-8.729366854328333,-0.808594
-8.729366854328333,-0.808594
-8.716398142039553,-0.808594
-8.716398142039553,-0.808594
-8.703429429750217,-0.808594
-8.703429429750217,-0.808594
-8.703429429750217,-0.808594
-8.69046071746035,-0.808594
-8.69046071746035,-0.808594
-8.677492005169977,-0.808594
-8.677492005169977,-0.808594
-8.677492005169977,-0.808594
-8.664523292879123,-0.808594
-8.664523292879123,-0.808594
-8.65155458058781,-0.808594
-8.65155458058781,-0.808594
-8.65155458058781,-0.808594
-8.63858586829606,-0.808594
-8.63858586829606,-0.808594
-8.625617156003894,-0.808594
-8.625617156003894,-0.808594
-8.625617156003894,-0.808594
-8.612648443711333,-0.808594
-8.612648443711333,-0.808594
-8.599679731418393,-0.808594
-8.599679731418393,-0.808594
-8.599679731418393,-0.808594
-8.586711019125094,-0.808594
-8.586711019125094,-0.808594
-8.573742306831452,-0.808594
-8.573742306831452,-0.808594
-8.573742306831452,-0.808594
-8.560773594537485,-0.808594
-8.560773594537485,-0.808594
-8.547804882243208,-0.808594
-8.547804882243208,-0.808594
-8.547804882243208,-0.808594
-8.534836169948633,-0.808594
-8.534836169948633,-0.808594
-8.521867457653777,-0.808594
-8.521867457653777,-0.808594
-8.521867457653777,-0.808594
-8.508898745358652,-0.808594
-8.508898745358652,-0.808594
-8.49593003306327,-0.808594
-8.49593003306327,-0.808594
-8.49593003306327,-0.808594
-8.482961320767647,-0.808594
-8.482961320767647,-0.808594
-8.469992608471792,-0.808594
-8.469992608471792,-0.808594
-8.469992608471792,-0.808594
-8.457023896175716,-0.808594
-8.457023896175716,-0.808594
-8.44405518387943,-0.808594
-8.44405518387943,-0.808594
-8.44405518387943,-0.808594
-8.431086471582942,-0.808594
-8.431086471582942,-0.808594
-8.418117759286265,-0.808594
-8.418117759286265,-0.808594
-8.418117759286265,-0.808594
-8.405149046989406,-0.808594
-8.405149046989406,-0.808594
-8.392180334692373,-0.808594
-8.392180334692373,-0.808594
-8.392180334692373,-0.808594
-8.379211622395175,-0.808594
-8.379211622395175,-0.808594
-8.36624291009782,-0.808594
-8.36624291009782,-0.808594
-8.36624291009782,-0.808594
-8.353274197800317,-0.808594
-8.353274197800317,-0.808594
-8.340305485502672,-0.808594
-8.340305485502672,-0.808594
-8.340305485502672,-0.808594
-8.32733677320489,-0.808594
-8.32733677320489,-0.808594
-8.314368060906977,-0.808594
-8.314368060906977,-0.808594
-8.301399348608943,-0.808594
-8.301399348608943,-0.808594
-8.301399348608943,-0.808594
-8.28843063631079,-0.808594
-8.28843063631079,-0.808594
-8.28843063631079,-0.808594
-8.275461924012527,-0.808594
-8.275461924012527,-0.808594
-8.262493211714157,-0.808594
-8.262493211714157,-0.808594
-8.262493211714157,-0.808594
-8.249524499415685,-0.808594
-8.249524499415685,-0.808594
-8.236555787117117,-0.808594
-8.236555787117117,-0.808594
-8.236555787117117,-0.808594
-8.223587074818457,-0.808594
-8.21061836251971,-0.808594
-8.21061836251971,-0.808594
-8.21061836251971,-0.808594
-8.19764965022088,-0.808594
-8.19764965022088,-0.808594
-8.18468093792197,-0.808594
-8.18468093792197,-0.808594
-8.18468093792197,-0.808594
-8.171712225622985,-0.808594
-8.171712225622985,-0.808594
-8.158743513323927,-0.808594
-8.158743513323927,-0.808594
-8.158743513323927,-0.808594
-8.145774801024801,-0.808594
-8.145774801024801,-0.808594
-8.13280608872561,-0.808594
-8.13280608872561,-0.808594
-8.13280608872561,-0.808594
-8.119837376426357,-0.808594
-8.119837376426357,-0.808594
-8.106868664127044,-0.808594
-8.106868664127044,-0.808594
-8.106868664127044,-0.808594
-8.093899951827675,-0.808594
-8.093899951827675,-0.808594
-8.080931239528251,-0.808594
-8.080931239528251,-0.808594
-8.080931239528251,-0.808594
-8.067962527228778,-0.808594
-8.067962527228778,-0.808594
-8.054993814929254,-0.808594
-8.054993814929254,-0.808594
-8.054993814929254,-0.808594
-8.042025102629685,-0.808594
-8.042025102629685,-0.808594
-8.029056390330071,-0.808594
-8.029056390330071,-0.808594
-8.029056390330071,-0.808594
-8.016087678030415,-0.808594
-8.016087678030415,-0.808594
-8.00311896573072,-0.808594
-8.00311896573072,-0.808594
-8.00311896573072,-0.808594
-7.9901502534309845,-0.808594
-7.9901502534309845,-0.808594
-7.9771815411312135,-0.808594
-7.9771815411312135,-0.808594
-7.9771815411312135,-0.808594
-7.964212828831408,-0.808594
-7.964212828831408,-0.808594
-7.951244116531569,-0.808594
-7.951244116531569,-0.808594
-7.951244116531569,-0.808594
-7.9382754042317,-0.808594
-7.9382754042317,-0.808594
-7.9253066919318,-0.808594
-7.9253066919318,-0.808594
-7.9253066919318,-0.808594
-7.912337979631872,-0.808594
-7.912337979631872,-0.808594
-7.899369267331916,-0.808594
-7.899369267331916,-0.808594
-7.886400555031934,-0.808594
-7.886400555031934,-0.808594
-7.886400555031934,-0.808594
-7.873431842731928,-0.808594
-7.873431842731928,-0.808594
-7.873431842731928,-0.808594
-7.860463130431898,-0.808594
-7.860463130431898,-0.808594
-7.847494418131847,-0.808594
-7.847494418131847,-0.808594
-7.847494418131847,-0.808594
-7.834525705831774,-0.808594
-7.834525705831774,-0.808594
-7.82155699353168,-0.808594
-7.82155699353168,-0.808594
-7.82155699353168,-0.808594
-7.808588281231567,-0.808594
-7.808588281231567,-0.808594
-7.795619568931436,-0.808594
-7.795619568931436,-0.808594
-7.795619568931436,-0.808594
-7.782650856631287,-0.808594
-7.782650856631287,-0.808594
-7.769682144331122,-0.808594
-7.769682144331122,-0.808594
-7.769682144331122,-0.808594
-7.75671343203094,-0.808594
-7.75671343203094,-0.808594
-7.743744719730744,-0.808594
-7.743744719730744,-0.808594
-7.743744719730744,-0.808594
-7.730776007430533,-0.808594
-7.730776007430533,-0.808594
-7.717807295130308,-0.808594
-7.717807295130308,-0.808594
-7.717807295130308,-0.808594
-7.70483858283007,-0.808594
-7.70483858283007,-0.808594
-7.691869870529819,-0.808594
-7.691869870529819,-0.808594
-7.691869870529819,-0.808594
-7.678901158229557,-0.808594
-7.678901158229557,-0.808594
-7.6659324459292835,-0.808594
-7.6659324459292835,-0.808594
-7.6659324459292835,-0.808594
-7.652963733628999,-0.808594
-7.652963733628999,-0.808594
-7.639995021328705,-0.808594
-7.639995021328705,-0.808594
-7.639995021328705,-0.808594
-7.627026309028401,-0.808594
-7.627026309028401,-0.808594
-7.614057596728087,-0.808594
-7.614057596728087,-0.808594
-7.614057596728087,-0.808594
-7.601088884427765,-0.808594
-7.601088884427765,-0.808594
-7.588120172127434,-0.808594
-7.588120172127434,-0.808594
-7.588120172127434,-0.808594
-7.5751514598270955,-0.808594
-7.5751514598270955,-0.808594
-7.562182747526749,-0.808594
-7.562182747526749,-0.808594
-7.562182747526749,-0.808594
-7.549214035226395,-0.808594
-7.549214035226395,-0.808594
-7.536245322926034,-0.808594
-7.536245322926034,-0.808594
-7.536245322926034,-0.808594
-7.523276610625667,-0.808594
-7.523276610625667,-0.808594
-7.510307898325293,-0.808594
-7.510307898325293,-0.808594
-7.510307898325293,-0.808594
-7.497339186024914,-0.808594
-7.497339186024914,-0.808594
-7.484370473724528,-0.808594
-7.484370473724528,-0.808594
-7.471401761424137,-0.808594
-7.471401761424137,-0.808594
-7.471401761424137,-0.808594
-7.458433049123741,-0.808594
-7.458433049123741,-0.808594
-7.458433049123741,-0.808594
-7.44546433682334,-0.808594
-7.44546433682334,-0.808594
-7.432495624522934,-0.808594
-7.432495624522934,-0.808594
-7.432495624522934,-0.808594
-7.419526912222524,-0.808594
-7.419526912222524,-0.808594
-7.4065581999221095,-0.808594
-7.4065581999221095,-0.808594
-7.4065581999221095,-0.808594
-7.393589487621691,-0.808594
-7.393589487621691,-0.808594
-7.380620775321269,-0.808594
-7.380620775321269,-0.808594
-7.380620775321269,-0.808594
-7.367652063020842,-0.808594
-7.367652063020842,-0.808594
-7.354683350720412,-0.808594
-7.354683350720412,-0.808594
-7.354683350720412,-0.808594
-7.34171463841998,-0.808594
-7.34171463841998,-0.808594
-7.328745926119543,-0.808594
-7.328745926119543,-0.808594
-7.328745926119543,-0.808594
-7.315777213819104,-0.808594
-7.315777213819104,-0.808594
-7.302808501518662,-0.808594
-7.302808501518662,-0.808594
-7.302808501518662,-0.808594
-7.289839789218217,-0.808594
-7.289839789218217,-0.808594
-7.276871076917769,-0.808594
-7.276871076917769,-0.808594
-7.276871076917769,-0.808594
-7.263902364617319,-0.808594
-7.263902364617319,-0.808594
-7.250933652316867,-0.808594
-7.250933652316867,-0.808594
-7.250933652316867,-0.808594
-7.237964940016412,-0.808594
-7.237964940016412,-0.808594
-7.224996227715955,-0.808594
-7.224996227715955,-0.808594
-7.224996227715955,-0.808594
-7.212027515415497,-0.808594
-7.212027515415497,-0.808594
-7.199058803115036,-0.808594
-7.199058803115036,-0.808594
-7.199058803115036,-0.808594
-7.186090090814573,-0.808594
-7.186090090814573,-0.808594
-7.173121378514108,-0.808594
-7.173121378514108,-0.808594
-7.173121378514108,-0.808594
-7.160152666213642,-0.808594
-7.160152666213642,-0.808594
-7.147183953913174,-0.808594
-7.147183953913174,-0.808594
-7.147183953913174,-0.808594
-7.134215241612705,-0.808594
-7.134215241612705,-0.808594
-7.121246529312234,-0.808594
-7.121246529312234,-0.808594
-7.121246529312234,-0.808594
-7.108277817011762,-0.808594
-7.108277817011762,-0.808594
-7.095309104711289,-0.808594
-7.095309104711289,-0.808594
-7.095309104711289,-0.808594
-7.082340392410814,-0.808594
-7.082340392410814,-0.808594
-7.069371680110338,-0.808594
-7.069371680110338,-0.808594
-7.069371680110338,-0.808594
-7.056402967809861,-0.808594
-7.056402967809861,-0.808594
-7.043434255509383,-0.808594
-7.043434255509383,-0.808594
-7.043434255509383,-0.808594
-7.030465543208904,-0.808594
-7.030465543208904,-0.808594
-7.017496830908424,-0.808594
-7.017496830908424,-0.808594
-7.017496830908424,-0.808594
-7.0045281186079436,-0.808594
-7.0045281186079436,-0.808594
-6.991559406307461,-0.808594
-6.991559406307461,-0.808594
-6.991559406307461,-0.808594
-6.978590694006979,-0.808594
-6.978590694006979,-0.808594
-6.965621981706495,-0.808594
-6.965621981706495,-0.808594
-6.965621981706495,-0.808594
-6.952653269406011,-0.808594
-6.952653269406011,-0.808594
-6.939684557105526,-0.808594
-6.939684557105526,-0.808594
-6.939684557105526,-0.808594
-6.92671584480504,-0.808594
-6.92671584480504,-0.808594
-6.913747132504553,-0.808594
-6.913747132504553,-0.808594
-6.913747132504553,-0.808594
-6.900778420204066,-0.808594
-6.900778420204066,-0.808594
-6.887809707903578,-0.808594
-6.887809707903578,-0.808594
-6.887809707903578,-0.808594
-6.87484099560309,-0.808594
-6.87484099560309,-0.808594
-6.861872283302601,-0.808594
-6.861872283302601,-0.808594
-6.861872283302601,-0.808594
-6.848903571002111,-0.808594
-6.848903571002111,-0.808594
-6.835934858701622,-0.808594
-6.835934858701622,-0.808594
-6.835934858701622,-0.808594
-6.822966146401131,-0.808594
-6.822966146401131,-0.808594
-6.80999743410064,-0.808594
-6.80999743410064,-0.808594
-6.80999743410064,-0.808594
-6.797028721800149,-0.808594
-6.797028721800149,-0.808594
-6.784060009499657,-0.808594
-6.784060009499657,-0.808594
-6.784060009499657,-0.808594
-6.771091297199165,-0.808594
-6.771091297199165,-0.808594
-6.758122584898673,-0.808594
-6.758122584898673,-0.808594
-6.758122584898673,-0.808594
-6.74515387259818,-0.808594
-6.74515387259818,-0.808594
-6.7321851602976865,-0.808594
-6.7321851602976865,-0.808594
-6.7321851602976865,-0.808594
-6.719216447997193,-0.808594
-6.719216447997193,-0.808594
-6.706247735696699,-0.808594
-6.706247735696699,-0.808594
-6.706247735696699,-0.808594
-6.693279023396205,-0.808594
-6.693279023396205,-0.808594
-6.680310311095711,-0.808594
-6.680310311095711,-0.808594
-6.680310311095711,-0.808594
-6.6673415987952165,-0.808594
-6.6673415987952165,-0.808594
-6.654372886494722,-0.808594
-6.654372886494722,-0.808594
-6.654372886494722,-0.808594
-6.641404174194227,-0.808594
-6.641404174194227,-0.808594
-6.628435461893731,-0.808594
-6.628435461893731,-0.808594
-6.628435461893731,-0.808594
-6.615466749593235,-0.808594
-6.615466749593235,-0.808594
-6.602498037292739,-0.808594
-6.602498037292739,-0.808594
-6.602498037292739,-0.808594
-6.5895293249922435,-0.808594
-6.5895293249922435,-0.808594
-6.576560612691748,-0.808594
-6.576560612691748,-0.808594
-6.576560612691748,-0.808594
-6.563591900391251,-0.808594
-6.563591900391251,-0.808594
-6.550623188090754,-0.808594
-6.550623188090754,-0.808594
-6.550623188090754,-0.808594
-6.537654475790258,-0.808594
-6.537654475790258,-0.808594
-6.524685763489761,-0.808594
-6.524685763489761,-0.808594
-6.524685763489761,-0.808594
-6.511717051189264,-0.808594
-6.511717051189264,-0.808594
-6.498748338888767,-0.808594
-6.498748338888767,-0.808594
-6.498748338888767,-0.808594
-6.485779626588269,-0.808594
-6.485779626588269,-0.808594
-6.472810914287772,-0.808594
-6.472810914287772,-0.808594
-6.472810914287772,-0.808594
-6.459842201987274,-0.808594
-6.459842201987274,-0.808594
-6.4468734896867765,-0.808594
-6.4468734896867765,-0.808594
-6.4468734896867765,-0.808594
-6.433904777386279,-0.808594
-6.433904777386279,-0.808594
-6.420936065085781,-0.808594
-6.420936065085781,-0.808594
-6.420936065085781,-0.808594
-6.407967352785284,-0.808594
-6.407967352785284,-0.808594
-6.394998640484785,-0.808594
-6.394998640484785,-0.808594
-6.394998640484785,-0.808594
-6.382029928184287,-0.808594
-6.382029928184287,-0.808594
-6.3690612158837885,-0.808594
-6.3690612158837885,-0.808594
-6.3690612158837885,-0.808594
-6.35609250358329,-0.808594
-6.35609250358329,-0.808594
-6.343123791282792,-0.808594
-6.343123791282792,-0.808594
-6.343123791282792,-0.808594
-6.330155078982293,-0.808594
-6.330155078982293,-0.808594
-6.317186366681795,-0.808594
-6.317186366681795,-0.808594
-6.317186366681795,-0.808594
-6.304217654381296,-0.808594
-6.304217654381296,-0.808594
-6.291248942080798,-0.808594
-6.291248942080798,-0.808594
-6.291248942080798,-0.808594
-6.278280229780299,-0.808594
-6.278280229780299,-0.808594
-6.265311517479801,-0.808594
-6.265311517479801,-0.808594
-6.265311517479801,-0.808594
-6.252342805179302,-0.808594
-6.252342805179302,-0.808594
-6.239374092878803,-0.808594
-6.239374092878803,-0.808594
-6.239374092878803,-0.808594
-6.226405380578304,-0.808594
-6.226405380578304,-0.808594
-6.213436668277804,-0.808594
-6.213436668277804,-0.808594
-6.213436668277804,-0.808594
-6.200467955977305,-0.808594
-6.200467955977305,-0.808594
-6.187499243676806,-0.808594
-6.187499243676806,-0.808594
-6.174530531376306,-0.808594
-6.174530531376306,-0.808594
-6.161561819075807,-0.808594
-6.161561819075807,-0.808594
-6.161561819075807,-0.808594
-6.148593106775308,-0.808594
-6.148593106775308,-0.808594
-6.135624394474808,-0.808594
-6.135624394474808,-0.808594
-6.135624394474808,-0.808594
-6.122655682174309,-0.808594
-6.122655682174309,-0.808594
-6.10968696987381,-0.808594
-6.10968696987381,-0.808594
-6.10968696987381,-0.808594
-6.09671825757331,-0.808594
-6.09671825757331,-0.808594
-6.083749545272811,-0.808594
-6.083749545272811,-0.808594
-6.083749545272811,-0.808594
-6.070780832972312,-0.808594
-6.070780832972312,-0.808594
-6.057812120671812,-0.808594
-6.057812120671812,-0.808594
-6.057812120671812,-0.808594
-6.044843408371313,-0.808594
-6.044843408371313,-0.808594
-6.031874696070814,-0.808594
-6.031874696070814,-0.808594
-6.031874696070814,-0.808594
-6.018905983770314,-0.808594
-6.018905983770314,-0.808594
-6.005937271469815,-0.808594
-6.005937271469815,-0.808594
-6.005937271469815,-0.808594
-5.992968559169316,-0.808594
-5.992968559169316,-0.808594
-5.979999846868816,-0.808594
-5.979999846868816,-0.808594
-5.979999846868816,-0.808594
-5.967031134568317,-0.808594
-5.967031134568317,-0.808594
-5.954062422267818,-0.808594
-5.954062422267818,-0.808594
-5.954062422267818,-0.808594
-5.941093709967318,-0.808594
-5.941093709967318,-0.808594
-5.928124997666819,-0.808594
-5.928124997666819,-0.808594
-5.928124997666819,-0.808594
-5.9151562853663195,-0.808594
-5.9151562853663195,-0.808594
-5.90218757306582,-0.808594
-5.90218757306582,-0.808594
-5.90218757306582,-0.808594
-5.889218860765321,-0.808594
-5.889218860765321,-0.808594
-5.8762501484648215,-0.808594
-5.8762501484648215,-0.808594
-5.8762501484648215,-0.808594
-5.863281436164322,-0.808594
-5.863281436164322,-0.808594
-5.850312723863823,-0.808594
-5.850312723863823,-0.808594
-5.850312723863823,-0.808594
-5.8373440115633235,-0.808594
-5.8373440115633235,-0.808594
-5.824375299262824,-0.808594
-5.824375299262824,-0.808594
-5.811406586962324,-0.808594
-5.811406586962324,-0.808594
-5.811406586962324,-0.808594
-5.798437874661824,-0.808594
-5.798437874661824,-0.808594
-5.798437874661824,-0.808594
-5.7854691623613235,-0.808594
-5.7854691623613235,-0.808594
-5.772500450060823,-0.808594
-5.772500450060823,-0.808594
-5.772500450060823,-0.808594
-5.759531737760323,-0.808594
-5.759531737760323,-0.808594
-5.746563025459823,-0.808594
-5.746563025459823,-0.808594
-5.746563025459823,-0.808594
-5.7335943131593226,-0.808594
-5.7335943131593226,-0.808594
-5.720625600858822,-0.808594
-5.720625600858822,-0.808594
-5.720625600858822,-0.808594
-5.707656888558322,-0.808594
-5.707656888558322,-0.808594
-5.694688176257822,-0.808594
-5.694688176257822,-0.808594
-5.694688176257822,-0.808594
-5.681719463957322,-0.808594
-5.681719463957322,-0.808594
-5.668750751656821,-0.808594
-5.668750751656821,-0.808594
-5.668750751656821,-0.808594
-5.655782039356321,-0.808594
-5.655782039356321,-0.808594
-5.642813327055821,-0.808594
-5.642813327055821,-0.808594
-5.642813327055821,-0.808594
-5.629844614755321,-0.808594
-5.629844614755321,-0.808594
-5.6168759024548205,-0.808594
-5.6168759024548205,-0.808594
-5.6168759024548205,-0.808594
-5.60390719015432,-0.808594
-5.60390719015432,-0.808594
-5.59093847785382,-0.808594
-5.59093847785382,-0.808594
-5.59093847785382,-0.808594
-5.57796976555332,-0.808594
-5.57796976555332,-0.808594
-5.56500105325282,-0.808594
-5.56500105325282,-0.808594
-5.56500105325282,-0.808594
-5.552032340952319,-0.808594
-5.552032340952319,-0.808594
-5.539063628651819,-0.808594
-5.539063628651819,-0.808594
-5.539063628651819,-0.808594
-5.526094916351319,-0.808594
-5.526094916351319,-0.808594
-5.513126204050819,-0.808594
-5.513126204050819,-0.808594
-5.500157491750318,-0.808594
-5.500157491750318,-0.808594
-5.500157491750318,-0.808594
-5.487188779449818,-0.808594
-5.487188779449818,-0.808594
-5.474220067149318,-0.808594
-5.474220067149318,-0.808594
-5.474220067149318,-0.808594
-5.461251354848818,-0.808594
-5.461251354848818,-0.808594
-5.4482826425483175,-0.808594
-5.4482826425483175,-0.808594
-5.4482826425483175,-0.808594
-5.435313930247817,-0.808594
-5.435313930247817,-0.808594
-5.422345217947317,-0.808594
-5.422345217947317,-0.808594
-5.422345217947317,-0.808594
-5.409376505646817,-0.808594
-5.409376505646817,-0.808594
-5.396407793346317,-0.808594
-5.396407793346317,-0.808594
-5.396407793346317,-0.808594
-5.383439081045816,-0.808594
-5.383439081045816,-0.808594
-5.370470368745316,-0.808594
-5.357501656444816,-0.808594
-5.344532944144316,-0.808594
-5.344532944144316,-0.808594
-5.3315642318438154,-0.808594
-5.3315642318438154,-0.808594
-5.318595519543315,-0.808594
-5.318595519543315,-0.808594
-5.305626807242815,-0.808594
-5.305626807242815,-0.808594
-5.292658094942315,-0.808594
-5.292658094942315,-0.808594
-5.292658094942315,-0.808594
-5.2796893826418145,-0.808594
-5.2796893826418145,-0.808594
-5.266720670341314,-0.808594
-5.266720670341314,-0.808594
-5.266720670341314,-0.808594
-5.253751958040814,-0.808594
-5.253751958040814,-0.808594
-5.240783245740314,-0.808594
-5.240783245740314,-0.808594
-5.240783245740314,-0.808594
-5.227814533439814,-0.808594
-5.227814533439814,-0.808594
-5.214845821139313,-0.808594
-5.214845821139313,-0.808594
-5.214845821139313,-0.808594
-5.201877108838813,-0.808594
-5.201877108838813,-0.808594
-5.188908396538313,-0.808594
-5.188908396538313,-0.808594
-5.188908396538313,-0.808594
-5.175939684237813,-0.808594
-5.175939684237813,-0.808594
-5.1629709719373125,-0.808594
-5.1629709719373125,-0.808594
-5.150002259636812,-0.808594
-5.150002259636812,-0.808594
-5.137033547336312,-0.808594
-5.137033547336312,-0.808594
-5.137033547336312,-0.808594
-5.124064835035812,-0.808594
-5.124064835035812,-0.808594
-5.1110961227353116,-0.808594
-5.1110961227353116,-0.808594
-5.1110961227353116,-0.808594
-5.098127410434811,-0.808594
-5.098127410434811,-0.808594
-5.085158698134311,-0.808594
-5.085158698134311,-0.808594
-5.085158698134311,-0.808594
-5.072189985833811,-0.808594
-5.072189985833811,-0.808594
-5.059221273533311,-0.808594
-5.059221273533311,-0.808594
-5.059221273533311,-0.808594
-5.04625256123281,-0.808594
-5.04625256123281,-0.808594
-5.03328384893231,-0.808594
-5.03328384893231,-0.808594
-5.03328384893231,-0.808594
-5.02031513663181,-0.808594
-5.02031513663181,-0.808594
-5.00734642433131,-0.808594
-5.00734642433131,-0.808594
-5.00734642433131,-0.808594
-4.9943777120308095,-0.808594
-4.9943777120308095,-0.808594
-4.981408999730309,-0.808594
-4.981408999730309,-0.808594
-4.981408999730309,-0.808594
-4.968440287429809,-0.808594
-4.968440287429809,-0.808594
-4.955471575129309,-0.808594
-4.955471575129309,-0.808594
-4.955471575129309,-0.808594
-4.942502862828809,-0.808594
-4.942502862828809,-0.808594
-4.929534150528308,-0.808594
-4.929534150528308,-0.808594
-4.929534150528308,-0.808594
-4.916565438227808,-0.808594
-4.916565438227808,-0.808594
-4.903596725927308,-0.808594
-4.903596725927308,-0.808594
-4.903596725927308,-0.808594
-4.890628013626808,-0.808594
-4.890628013626808,-0.808594
-4.877659301326307,-0.808594
-4.877659301326307,-0.808594
-4.877659301326307,-0.808594
-4.864690589025807,-0.808594
-4.864690589025807,-0.808594
-4.851721876725307,-0.808594
-4.851721876725307,-0.808594
-4.851721876725307,-0.808594
-4.838753164424807,-0.808594
-4.838753164424807,-0.808594
-4.8257844521243065,-0.808594
-4.8257844521243065,-0.808594
-4.8257844521243065,-0.808594
-4.812815739823806,-0.808594
-4.812815739823806,-0.808594
-4.799847027523306,-0.808594
-4.799847027523306,-0.808594
-4.786878315222806,-0.808594
-4.786878315222806,-0.808594
-4.786878315222806,-0.808594
-4.773909602922306,-0.808594
-4.773909602922306,-0.808594
-4.773909602922306,-0.808594
-4.760940890621805,-0.808594
-4.760940890621805,-0.808594
-4.747972178321305,-0.808594
-4.747972178321305,-0.808594
-4.747972178321305,-0.808594
-4.735003466020805,-0.808594
-4.735003466020805,-0.808594
-4.722034753720305,-0.808594
-4.722034753720305,-0.808594
-4.722034753720305,-0.808594
-4.7090660414198044,-0.808594
-4.7090660414198044,-0.808594
-4.696097329119304,-0.808594
-4.696097329119304,-0.808594
-4.696097329119304,-0.808594
-4.683128616818804,-0.808594
-4.683128616818804,-0.808594
-4.670159904518304,-0.808594
-4.670159904518304,-0.808594
-4.670159904518304,-0.808594
-4.6571911922178035,-0.808594
-4.6571911922178035,-0.808594
-4.644222479917303,-0.808594
-4.644222479917303,-0.808594
-4.644222479917303,-0.808594
-4.631253767616803,-0.808594
-4.631253767616803,-0.808594
-4.618285055316303,-0.808594
-4.618285055316303,-0.808594
-4.618285055316303,-0.808594
-4.605316343015803,-0.808594
-4.605316343015803,-0.808594
-4.592347630715302,-0.808594
-4.592347630715302,-0.808594
-4.592347630715302,-0.808594
-4.579378918414802,-0.808594
-4.579378918414802,-0.808594
-4.566410206114302,-0.808594
-4.566410206114302,-0.808594
-4.566410206114302,-0.808594
-4.553441493813802,-0.808594
-4.553441493813802,-0.808594
-4.5404727815133015,-0.808594
-4.5404727815133015,-0.808594
-4.5404727815133015,-0.808594
-4.527504069212801,-0.808594
-4.527504069212801,-0.808594
-4.514535356912301,-0.808594
-4.514535356912301,-0.808594
-4.514535356912301,-0.808594
-4.501566644611801,-0.808594
-4.501566644611801,-0.808594
-4.4885979323113006,-0.808594
-4.4885979323113006,-0.808594
-4.4885979323113006,-0.808594
-4.4756292200108,-0.808594
-4.4756292200108,-0.808594
-4.4626605077103,-0.808594
-4.4626605077103,-0.808594
-4.4626605077103,-0.808594
-4.4496917954098,-0.808594
-4.4496917954098,-0.808594
-4.4367230831093,-0.808594
-4.4367230831093,-0.808594
-4.4367230831093,-0.808594
-4.423754370808799,-0.808594
-4.423754370808799,-0.808594
-4.410785658508299,-0.808594
-4.410785658508299,-0.808594
-4.410785658508299,-0.808594
-4.397816946207799,-0.808594
-4.397816946207799,-0.808594
-4.384848233907299,-0.808594
-4.384848233907299,-0.808594
-4.384848233907299,-0.808594
-4.3718795216067985,-0.808594
-4.3718795216067985,-0.808594
-4.358910809306298,-0.808594
-4.358910809306298,-0.808594
-4.358910809306298,-0.808594
-4.345942097005798,-0.808594
-4.345942097005798,-0.808594
-4.332973384705298,-0.808594
-4.332973384705298,-0.808594
-4.332973384705298,-0.808594
-4.320004672404798,-0.808594
-4.320004672404798,-0.808594
-4.307035960104297,-0.808594
-4.307035960104297,-0.808594
-4.307035960104297,-0.808594
-4.294067247803797,-0.808594
-4.294067247803797,-0.808594
-4.281098535503297,-0.808594
-4.281098535503297,-0.808594
-4.281098535503297,-0.808594
-4.268129823202797,-0.808594
-4.268129823202797,-0.808594
-4.255161110902296,-0.808594
-4.255161110902296,-0.808594
-4.255161110902296,-0.808594
-4.242192398601796,-0.808594
-4.242192398601796,-0.808594
-4.229223686301296,-0.808594
-4.229223686301296,-0.808594
-4.229223686301296,-0.808594
-4.216254974000796,-0.808594
-4.216254974000796,-0.808594
-4.2032862617002955,-0.808594
-4.2032862617002955,-0.808594
-4.2032862617002955,-0.808594
-4.190317549399795,-0.808594
-4.190317549399795,-0.808594
-4.177348837099295,-0.808594
-4.177348837099295,-0.808594
-4.177348837099295,-0.808594
-4.164380124798795,-0.808594
-4.164380124798795,-0.808594
-4.151411412498295,-0.808594
-4.151411412498295,-0.808594
-4.151411412498295,-0.808594
-4.138442700197794,-0.808594
-4.138442700197794,-0.808594
-4.125473987897294,-0.808594
-4.125473987897294,-0.808594
-4.125473987897294,-0.808594
-4.112505275596794,-0.808594
-4.112505275596794,-0.808594
-4.099536563296294,-0.808594
-4.099536563296294,-0.808594
-4.099536563296294,-0.808594
-4.0865678509957934,-0.808594
-4.0865678509957934,-0.808594
-4.073599138695293,-0.808594
-4.073599138695293,-0.808594
-4.073599138695293,-0.808594
-4.060630426394793,-0.808594
-4.060630426394793,-0.808594
-4.047661714094293,-0.808594
-4.047661714094293,-0.808594
-4.047661714094293,-0.808594
-4.0346930017937925,-0.808594
-4.0346930017937925,-0.808594
-4.021724289493292,-0.808594
-4.021724289493292,-0.808594
-4.021724289493292,-0.808594
-4.008755577192792,-0.808594
-4.008755577192792,-0.808594
-3.9957868648922923,-0.808594
-3.9957868648922923,-0.808594
-3.9957868648922923,-0.808594
-3.9828181525917925,-0.808594
-3.9828181525917925,-0.808594
-3.9698494402912927,-0.808594
-3.9698494402912927,-0.808594
-3.9698494402912927,-0.808594
-3.956880727990793,-0.808594
-3.956880727990793,-0.808594
-3.943912015690293,-0.808594
-3.943912015690293,-0.808594
-3.943912015690293,-0.808594
-3.9309433033897934,-0.808594
-3.9309433033897934,-0.808594
-3.9179745910892936,-0.808594
-3.9179745910892936,-0.808594
-3.9179745910892936,-0.808594
-3.905005878788794,-0.808594
-3.905005878788794,-0.808594
-3.892037166488294,-0.808594
-3.892037166488294,-0.808594
-3.892037166488294,-0.808594
-3.8790684541877942,-0.808594
-3.8790684541877942,-0.808594
-3.8660997418872944,-0.808594
-3.8660997418872944,-0.808594
-3.8660997418872944,-0.808594
-3.8531310295867947,-0.808594
-3.8531310295867947,-0.808594
-3.840162317286295,-0.808594
-3.840162317286295,-0.808594
-3.827193604985795,-0.808594
-3.827193604985795,-0.808594
-3.827193604985795,-0.808594
-3.8142248926852953,-0.808594
-3.8142248926852953,-0.808594
-3.8142248926852953,-0.808594
-3.8012561803847955,-0.808594
-3.8012561803847955,-0.808594
-3.7882874680842957,-0.808594
-3.7882874680842957,-0.808594
-3.7882874680842957,-0.808594
-3.775318755783796,-0.808594
-3.775318755783796,-0.808594
-3.762350043483296,-0.808594
-3.762350043483296,-0.808594
-3.762350043483296,-0.808594
-3.7493813311827964,-0.808594
-3.7493813311827964,-0.808594
-3.7364126188822966,-0.808594
-3.7364126188822966,-0.808594
-3.7364126188822966,-0.808594
-3.723443906581797,-0.808594
-3.723443906581797,-0.808594
-3.710475194281297,-0.808594
-3.710475194281297,-0.808594
-3.710475194281297,-0.808594
-3.6975064819807972,-0.808594
-3.6975064819807972,-0.808594
-3.6845377696802974,-0.808594
-3.6845377696802974,-0.808594
-3.6845377696802974,-0.808594
-3.6715690573797977,-0.808594
-3.6715690573797977,-0.808594
-3.658600345079298,-0.808594
-3.658600345079298,-0.808594
-3.658600345079298,-0.808594
-3.645631632778798,-0.808594
-3.645631632778798,-0.808594
-3.6326629204782983,-0.808594
-3.6326629204782983,-0.808594
-3.6326629204782983,-0.808594
-3.6196942081777985,-0.808594
-3.6196942081777985,-0.808594
-3.6067254958772987,-0.808594
-3.6067254958772987,-0.808594
-3.6067254958772987,-0.808594
-3.593756783576799,-0.808594
-3.593756783576799,-0.808594
-3.580788071276299,-0.808594
-3.580788071276299,-0.808594
-3.580788071276299,-0.808594
-3.5678193589757994,-0.808594
-3.5678193589757994,-0.808594
-3.5548506466752996,-0.808594
-3.5548506466752996,-0.808594
-3.5548506466752996,-0.808594
-3.5418819343748,-0.808594
-3.5418819343748,-0.808594
-3.5289132220743,-0.808594
-3.5289132220743,-0.808594
-3.5289132220743,-0.808594
-3.5159445097738002,-0.808594
-3.5159445097738002,-0.808594
-3.5029757974733005,-0.808594
-3.5029757974733005,-0.808594
-3.5029757974733005,-0.808594
-3.4900070851728007,-0.808594
-3.4900070851728007,-0.808594
-3.477038372872301,-0.808594
-3.477038372872301,-0.808594
-3.477038372872301,-0.808594
-3.464069660571801,-0.808594
-3.464069660571801,-0.808594
-3.4511009482713013,-0.808594
-3.4511009482713013,-0.808594
-3.4511009482713013,-0.808594
-3.4381322359708015,-0.808594
-3.4381322359708015,-0.808594
-3.4251635236703017,-0.808594
-3.4251635236703017,-0.808594
-3.4251635236703017,-0.808594
-3.412194811369802,-0.808594
-3.412194811369802,-0.808594
-3.399226099069302,-0.808594
-3.399226099069302,-0.808594
-3.399226099069302,-0.808594
-3.3862573867688024,-0.808594
-3.3862573867688024,-0.808594
-3.3732886744683026,-0.808594
-3.3732886744683026,-0.808594
-3.3732886744683026,-0.808594
-3.360319962167803,-0.808594
-3.360319962167803,-0.808594
-3.347351249867303,-0.808594
-3.347351249867303,-0.808594
-3.347351249867303,-0.808594
-3.3343825375668033,-0.808594
-3.3343825375668033,-0.808594
-3.3214138252663035,-0.808594
-3.3214138252663035,-0.808594
-3.3214138252663035,-0.808594
-3.3084451129658037,-0.808594
-3.3084451129658037,-0.808594
-3.295476400665304,-0.808594
-3.295476400665304,-0.808594
-3.295476400665304,-0.808594
-3.282507688364804,-0.808594
-3.282507688364804,-0.808594
-3.2695389760643043,-0.808594
-3.2695389760643043,-0.808594
-3.2695389760643043,-0.808594
-3.2565702637638045,-0.808594
-3.2565702637638045,-0.808594
-3.2436015514633048,-0.808594
-3.2436015514633048,-0.808594
-3.2436015514633048,-0.808594
-3.230632839162805,-0.808594
-3.230632839162805,-0.808594
-3.217664126862305,-0.808594
-3.217664126862305,-0.808594
-3.217664126862305,-0.808594
-3.2046954145618054,-0.808594
-3.2046954145618054,-0.808594
-3.1917267022613056,-0.808594
-3.1917267022613056,-0.808594
-3.1917267022613056,-0.808594
-3.178757989960806,-0.808594
-3.178757989960806,-0.808594
-3.165789277660306,-0.808594
-3.165789277660306,-0.808594
-3.165789277660306,-0.808594
-3.1528205653598063,-0.808594
-3.1528205653598063,-0.808594
-3.1398518530593065,-0.808594
-3.1398518530593065,-0.808594
-3.1268831407588067,-0.808594
-3.1268831407588067,-0.808594
-3.1268831407588067,-0.808594
-3.113914428458307,-0.808594
-3.113914428458307,-0.808594
-3.113914428458307,-0.808594
-3.100945716157807,-0.808594
-3.100945716157807,-0.808594
-3.0879770038573073,-0.808594
-3.0879770038573073,-0.808594
-3.0879770038573073,-0.808594
-3.0750082915568075,-0.808594
-3.0750082915568075,-0.808594
-3.0620395792563078,-0.808594
-3.0620395792563078,-0.808594
-3.0620395792563078,-0.808594
-3.049070866955808,-0.808594
-3.049070866955808,-0.808594
-3.036102154655308,-0.808594
-3.036102154655308,-0.808594
-3.036102154655308,-0.808594
-3.0231334423548084,-0.808594
-3.0231334423548084,-0.808594
-3.0101647300543086,-0.808594
-3.0101647300543086,-0.808594
-3.0101647300543086,-0.808594
-2.997196017753809,-0.808594
-2.997196017753809,-0.808594
-2.984227305453309,-0.808594
-2.984227305453309,-0.808594
-2.984227305453309,-0.808594
-2.9712585931528093,-0.808594
-2.9712585931528093,-0.808594
-2.9582898808523095,-0.808594
-2.9582898808523095,-0.808594
-2.9582898808523095,-0.808594
-2.9453211685518097,-0.808594
-2.9453211685518097,-0.808594
-2.93235245625131,-0.808594
-2.93235245625131,-0.808594
-2.93235245625131,-0.808594
-2.91938374395081,-0.808594
-2.91938374395081,-0.808594
-2.9064150316503103,-0.808594
-2.9064150316503103,-0.808594
-2.9064150316503103,-0.808594
-2.8934463193498106,-0.808594
-2.8934463193498106,-0.808594
-2.8804776070493108,-0.808594
-2.8804776070493108,-0.808594
-2.8804776070493108,-0.808594
-2.867508894748811,-0.808594
-2.867508894748811,-0.808594
-2.854540182448311,-0.808594
-2.854540182448311,-0.808594
-2.854540182448311,-0.808594
-2.8415714701478114,-0.808594
-2.8415714701478114,-0.808594
-2.8286027578473116,-0.808594
-2.8286027578473116,-0.808594
-2.8286027578473116,-0.808594
-2.815634045546812,-0.808594
-2.815634045546812,-0.808594
-2.802665333246312,-0.808594
-2.802665333246312,-0.808594
-2.802665333246312,-0.808594
-2.7896966209458123,-0.808594
-2.7896966209458123,-0.808594
-2.7767279086453125,-0.808594
-2.7767279086453125,-0.808594
-2.7767279086453125,-0.808594
-2.7637591963448127,-0.808594
-2.7637591963448127,-0.808594
-2.750790484044313,-0.808594
-2.750790484044313,-0.808594
-2.750790484044313,-0.808594
-2.737821771743813,-0.808594
-2.737821771743813,-0.808594
-2.7248530594433134,-0.808594
-2.7248530594433134,-0.808594
-2.7118843471428136,-0.808594
-2.7118843471428136,-0.808594
-2.698915634842314,-0.808594
-2.698915634842314,-0.808594
-2.698915634842314,-0.808594
-2.685946922541814,-0.808594
-2.685946922541814,-0.808594
-2.672978210241314,-0.808594
-2.672978210241314,-0.808594
-2.672978210241314,-0.808594
-2.6600094979408144,-0.808594
-2.6600094979408144,-0.808594
-2.6470407856403146,-0.808594
-2.6470407856403146,-0.808594
-2.6470407856403146,-0.808594
-2.634072073339815,-0.808594
-2.634072073339815,-0.808594
-2.621103361039315,-0.808594
-2.621103361039315,-0.808594
-2.621103361039315,-0.808594
-2.6081346487388153,-0.808594
-2.6081346487388153,-0.808594
-2.5951659364383155,-0.808594
-2.5951659364383155,-0.808594
-2.5951659364383155,-0.808594
-2.5821972241378157,-0.808594
-2.5821972241378157,-0.808594
-2.569228511837316,-0.808594
-2.569228511837316,-0.808594
-2.569228511837316,-0.808594
-2.556259799536816,-0.808594
-2.556259799536816,-0.808594
-2.5432910872363164,-0.808594
-2.5432910872363164,-0.808594
-2.5432910872363164,-0.808594
-2.5303223749358166,-0.808594
-2.5303223749358166,-0.808594
-2.517353662635317,-0.808594
-2.517353662635317,-0.808594
-2.517353662635317,-0.808594
-2.504384950334817,-0.808594
-2.504384950334817,-0.808594
-2.491416238034317,-0.808594
-2.491416238034317,-0.808594
-2.491416238034317,-0.808594
-2.4784475257338174,-0.808594
-2.4784475257338174,-0.808594
-2.4654788134333177,-0.808594
-2.4654788134333177,-0.808594
-2.4654788134333177,-0.808594
-2.452510101132818,-0.808594
-2.452510101132818,-0.808594
-2.439541388832318,-0.808594
-2.439541388832318,-0.808594
-2.439541388832318,-0.808594
-2.4265726765318183,-0.808594
-2.4265726765318183,-0.808594
-2.4136039642313185,-0.808594
-2.4136039642313185,-0.808594
-2.4136039642313185,-0.808594
-2.4006352519308187,-0.808594
-2.4006352519308187,-0.808594
-2.387666539630319,-0.808594
-2.387666539630319,-0.808594
-2.387666539630319,-0.808594
-2.374697827329819,-0.808594
-2.374697827329819,-0.808594
-2.3617291150293194,-0.808594
-2.3617291150293194,-0.808594
-2.3617291150293194,-0.808594
-2.3487295696153248,-0.808594
-2.3487295696153248,-0.808594
-2.335669824088888,-0.808594
-2.335669824088888,-0.808594
-2.335669824088888,-0.808594
-2.3225527409653557,-0.808594
-2.3225527409653557,-0.808594
-2.3093810466474696,-0.808594
-2.3093810466474696,-0.808594
-2.3093810466474696,-0.808594
-2.2961573378975215,-0.808594
-2.2961573378975215,-0.808594
-2.282884088001756,-0.808594
-2.282884088001756,-0.808594
-2.282884088001756,-0.808594
-2.269563652641656,-0.808594
-2.269563652641656,-0.808594
-2.2561982754860512,-0.808594
-2.2561982754860512,-0.808594
-2.2561982754860512,-0.808594
-2.2427900935173177,-0.808594
-2.2427900935173177,-0.808594
-2.22934114210432,-0.808594
-2.22934114210432,-0.808594
-2.22934114210432,-0.808594
-2.215853359834133,-0.808594
-2.215853359834133,-0.808594
-2.2023285931140153,-0.808594
-2.2023285931140153,-0.808594
-2.2023285931140153,-0.808594
-2.1887686005545617,-0.808594
-2.1887686005545617,-0.808594
-2.1751750571444326,-0.808594
-2.1751750571444326,-0.808594
-2.1751750571444326,-0.808594
-2.1615495582265773,-0.808594
-2.1615495582265773,-0.808594
-2.1478936232853885,-0.808594
-2.1478936232853885,-0.808594
-2.1478936232853885,-0.808594
-2.1342086995537755,-0.808594
-2.1342086995537755,-0.808594
-2.120496165448723,-0.808594
-2.120496165448723,-0.808594
-2.120496165448723,-0.808594
-2.106757333843488,-0.808594
-2.106757333843488,-0.808594
-2.0929934551842044,-0.808594
-2.0929934551842044,-0.808594
-2.079205720458292,-0.808594
-2.079205720458292,-0.808594
-2.079205720458292,-0.808594
-2.0653952640217192,-0.808594
-2.0653952640217192,-0.808594
-2.0653952640217192,-0.808594
-2.0515631662918277,-0.808594
-2.0515631662918277,-0.808594
-2.037710456312115,-0.808594
-2.037710456312115,-0.808594
-2.037710456312115,-0.808594
-2.0238381141950597,-0.808594
-2.0238381141950597,-0.808594
-2.0099470734487928,-0.808594
-2.0099470734487928,-0.808594
-2.0099470734487928,-0.808594
-1.9960382231931333,-0.808594
-1.9960382231931333,-0.808594
-1.9821124102702528,-0.808594
-1.9821124102702528,-0.808594
-1.9821124102702528,-0.808594
-1.9681704412549776,-0.808594
-1.9681704412549776,-0.808594
-1.9542130843695011,-0.808594
-1.9542130843695011,-0.808594
-1.9542130843695011,-0.808594
-1.9402410713070515,-0.808594
-1.9402410713070515,-0.808594
-1.9262550989688436,-0.808594
-1.9262550989688436,-0.808594
-1.9262550989688436,-0.808594
-1.9122558311184399,-0.808594
-1.9122558311184399,-0.808594
-1.8982438999574451,-0.808594
-1.8982438999574451,-0.808594
-1.8982438999574451,-0.808594
-1.884219907626278,-0.808594
-1.884219907626278,-0.808594
-1.8701844276335802,-0.808594
-1.8701844276335802,-0.808594
-1.8701844276335802,-0.808594
-1.8561380062176576,-0.808594
-1.8561380062176576,-0.808594
-1.8420811636431844,-0.808594
-1.8420811636431844,-0.808594
-1.8420811636431844,-0.808594
-1.8280143954362498,-0.808594
-1.8280143954362498,-0.808594
-1.8139381735606772,-0.808594
-1.8139381735606772,-0.808594
-1.8139381735606772,-0.808594
-1.7998529475384106,-0.808594
-1.7998529475384106,-0.808594
-1.785759145516625,-0.808594
-1.785759145516625,-0.808594
-1.785759145516625,-0.808594
-1.7716571752840977,-0.808594
-1.7716571752840977,-0.808594
-1.7575474252392493,-0.808594
-1.7575474252392493,-0.808594
-1.7575474252392493,-0.808594
-1.7434302653121558,-0.808594
-1.7434302653121558,-0.808594
-1.729306047842718,-0.808594
-1.729306047842718,-0.808594
-1.729306047842718,-0.808594
-1.7151751084170743,-0.808594
-1.7151751084170743,-0.808594
-1.7010377666642424,-0.808594
-1.7010377666642424,-0.808594
-1.7010377666642424,-0.808594
-1.68689432701488,-0.808594
-1.68689432701488,-0.808594
-1.672745079423967,-0.808594
-1.672745079423967,-0.808594
-1.672745079423967,-0.808594
-1.6585903000591244,-0.808594
-1.6585903000591244,-0.808594
-1.6444302519562024,-0.808594
-1.6444302519562024,-0.808594
-1.6444302519562024,-0.808594
-1.6302651856436967,-0.808594
-1.6302651856436967,-0.808594
-1.6160953397374729,-0.808594
-1.6160953397374729,-0.808594
-1.6160953397374729,-0.808594
-1.6019209415072124,-0.808594
-1.6019209415072124,-0.808594
-1.587742207415923,-0.808594
-1.587742207415923,-0.808594
-1.587742207415923,-0.808594
-1.573559343633797,-0.808594
-1.573559343633797,-0.808594
-1.5593725465276334,-0.808594
-1.5593725465276334,-0.808594
-1.5593725465276334,-0.808594
-1.54518200312699,-0.808594
-1.54518200312699,-0.808594
-1.5309878915681698,-0.808594
-1.5309878915681698,-0.808594
-1.5309878915681698,-0.808594
-1.5167903815170938,-0.808594
-1.5167903815170938,-0.808594
-1.5025896345720688,-0.808594
-1.5025896345720688,-0.808594
-1.5025896345720688,-0.808594
-1.488385804647402,-0.808594
-1.488385804647402,-0.808594
-1.4741790383387756,-0.808594
-1.4741790383387756,-0.808594
-1.4741790383387756,-0.808594
-1.4599694752712467,-0.808594
-1.4599694752712467,-0.808594
-1.445757248430701,-0.808594
-1.445757248430701,-0.808594
-1.445757248430701,-0.808594
-1.4315424844795457,-0.808594
-1.4315424844795457,-0.808594
-1.41732530405739,-0.808594
-1.41732530405739,-0.808594
-1.4031058220674304,-0.808594
-1.4031058220674304,-0.808594
-1.4031058220674304,-0.808594
-1.3888841479492156,-0.808594
-1.3888841479492156,-0.808594
-1.3888841479492156,-0.808594
-1.3746603859384443,-0.808594
-1.3746603859384443,-0.808594
-1.3604346353144074,-0.808594
-1.3604346353144074,-0.808594
-1.3604346353144074,-0.808594
-1.346206990635666,-0.808594
-1.346206990635666,-0.808594
-1.331977541964521,-0.808594
-1.331977541964521,-0.808594
-1.331977541964521,-0.808594
-1.3177463750808114,-0.808594
-1.3177463750808114,-0.808594
-1.3035135716855444,-0.808594
-1.3035135716855444,-0.808594
-1.3035135716855444,-0.808594
-1.2892792095948447,-0.808594
-1.2892792095948447,-0.808594
-1.2750433629246802,-0.808594
-1.2750433629246802,-0.808594
-1.2750433629246802,-0.808594
-1.2608061022668045,-0.808594
-1.2608061022668045,-0.808594
-1.246567494856333,-0.808594
-1.246567494856333,-0.808594
-1.246567494856333,-0.808594
-1.2323276047313518,-0.808594
-1.2323276047313518,-0.808594
-1.2180864928849358,-0.808594
-1.2180864928849358,-0.808594
-1.2180864928849358,-0.808594
-1.203844217409939,-0.808594
-1.203844217409939,-0.808594
-1.1896008336369008,-0.808594
-1.1896008336369008,-0.808594
-1.175356394265393,-0.808594
-1.175356394265393,-0.808594
-1.175356394265393,-0.808594
-1.1611109494891227,-0.808594
-1.1611109494891227,-0.808594
-1.1611109494891227,-0.808594
-1.1468645471150865,-0.808594
-1.1468645471150865,-0.808594
-1.1326172326770578,-0.808594
-1.1326172326770578,-0.808594
-1.1326172326770578,-0.808594
-1.11836904954368,-0.808594
-1.11836904954368,-0.808594
-1.1041200390214165,-0.808594
-1.1041200390214165,-0.808594
-1.1041200390214165,-0.808594
-1.089870240452609,-0.808594
-1.089870240452609,-0.808594
-1.0756196913088707,-0.808594
-1.0756196913088707,-0.808594
-1.0756196913088707,-0.808594
-1.0613684272800394,-0.808594
-1.0613684272800394,-0.808594
-1.0471164823589014,-0.808594
-1.0471164823589014,-0.808594
-1.0471164823589014,-0.808594
-1.032863888921886,-0.808594
-1.032863888921886,-0.808594
-1.018610677805923,-0.808594
-1.018610677805923,-0.808594
-1.018610677805923,-0.808594
-1.0043568783816463,-0.808594
-1.0043568783816463,-0.808594
-0.9901025186231164,-0.808594
-0.9901025186231164,-0.808594
-0.9901025186231164,-0.808594
-0.9758476251742269,-0.808594
-0.9758476251742269,-0.808594
-0.9615922234119544,-0.808594
-0.9615922234119544,-0.808594
-0.9473363375066003,-0.808594
-0.9473363375066003,-0.808594
-0.9330799904791681,-0.808594
-0.9330799904791681,-0.808594
-0.9330799904791681,-0.808594
-0.9188232042560127,-0.808594
-0.9188232042560127,-0.808594
-0.9045659997208907,-0.808594
-0.9045659997208907,-0.808594
-0.9045659997208907,-0.808594
-0.8903083967645361,-0.808594
-0.8903083967645361,-0.808594
-0.8760504143318785,-0.808594
-0.8760504143318785,-0.808594
-0.8760504143318785,-0.808594
-0.8617920704670161,-0.808594
-0.8617920704670161,-0.808594
-0.8475333823560502,-0.808594
-0.8475333823560502,-0.808594
-0.8475333823560502,-0.808594
-0.8332743663678832,-0.808594
-0.8332743663678832,-0.808594
-0.8190150380930759,-0.808594
-0.8190150380930759,-0.808594
-0.8190150380930759,-0.808594
-0.8047554123808579,-0.808594
-0.8047554123808579,-0.808594
-0.7904955033743782,-0.808594
-0.7904955033743782,-0.808594
-0.7904955033743782,-0.808594
-0.776235324544279,-0.808594
-0.776235324544279,-0.808594
-0.7619748887206734,-0.808594
-0.7619748887206734,-0.808594
-0.7619748887206734,-0.808594
-0.7477142081236026,-0.808594
-0.7477142081236026,-0.808594
-0.7334532943920448,-0.808594
-0.7334532943920448,-0.808594
-0.7334532943920448,-0.808594
-0.719192158611545,-0.808594
-0.719192158611545,-0.808594
-0.7049308113405303,-0.808594
-0.7049308113405303,-0.808594
-0.7049308113405303,-0.808594
-0.6906692626353746,-0.808594
-0.6906692626353746,-0.808594
-0.6764075220742715,-0.808594
-0.6764075220742715,-0.808594
-0.6764075220742715,-0.808594
-0.6621455987799711,-0.808594
-0.6621455987799711,-0.808594
-0.6478835014414371,-0.808594
-0.6478835014414371,-0.808594
-0.6478835014414371,-0.808594
-0.6336212383344728,-0.808594
-0.6336212383344728,-0.808594
-0.619358817341367,-0.808594
-0.619358817341367,-0.808594
-0.619358817341367,-0.808594
-0.6050962459696057,-0.808594
-0.6050962459696057,-0.808594
-0.590833531369694,-0.808594
-0.590833531369694,-0.808594
-0.590833531369694,-0.808594
-0.5765706803521303,-0.808594
-0.5765706803521303,-0.808594
-0.5623076994035743,-0.808594
-0.5623076994035743,-0.808594
-0.5623076994035743,-0.808594
-0.5480445947022444,-0.808594
-0.5480445947022444,-0.808594
-0.5337813721325851,-0.808594
-0.5337813721325851,-0.808594
-0.5195180372992355,-0.808594
-0.5195180372992355,-0.808594
-0.5052545955403339,-0.808594
-0.5052545955403339,-0.808594
-0.5052545955403339,-0.808594
-0.4909910519401905,-0.808594
-0.4909910519401905,-0.808594
-0.4767274113413562,-0.808594
-0.4767274113413562,-0.808594
-0.4767274113413562,-0.808594
-0.46246367835611885,-0.808594
-0.46246367835611885,-0.808594
-0.4481998573774519,-0.808594
-0.4481998573774519,-0.808594
-0.4339359525894429,-0.808594
-0.4339359525894429,-0.808594
-0.41967196797722606,-0.808594
-0.41967196797722606,-0.808594
-0.41967196797722606,-0.808594
-0.4054079073364425,-0.808594
-0.4054079073364425,-0.808594
-0.39114377428225056,-0.808594
-0.39114377428225056,-0.808594
-0.39114377428225056,-0.808594
-0.37687957225790775,-0.808594
-0.37687957225790775,-0.808594
-0.3626153045429448,-0.808594
-0.3626153045429448,-0.808594
-0.3626153045429448,-0.808594
-0.34835097426095074,-0.808594
-0.34835097426095074,-0.808594
-0.3340865843869878,-0.808594
-0.3340865843869878,-0.808594
-0.3340865843869878,-0.808594
-0.3198221377546541,-0.808594
-0.3198221377546541,-0.808594
-0.3055576370628103,-0.808594
-0.3055576370628103,-0.808594
-0.3055576370628103,-0.808594
-0.29129308488198596,-0.808594
-0.29129308488198596,-0.808594
-0.27702848366048216,-0.808594
-0.27702848366048216,-0.808594
-0.26276383573018325,-0.808594
-0.26276383573018325,-0.808594
-0.24849914331209239,-0.808594
-0.24849914331209239,-0.808594
-0.24849914331209239,-0.808594
-0.2342344085216041,-0.808594
-0.2342344085216041,-0.808594
-0.21996963337352587,-0.808594
-0.21996963337352587,-0.808594
-0.20570481978686112,-0.808594
-0.20570481978686112,-0.808594
-0.1914399695893646,-0.808594
-0.1914399695893646,-0.808594
-0.1914399695893646,-0.808594
-0.1771750845218814,-0.808594
-0.1771750845218814,-0.808594
-0.1629101662424794,-0.808594
-0.1629101662424794,-0.808594
-0.1629101662424794,-0.808594
-0.14864521633038527,-0.808594
-0.14864521633038527,-0.808594
-0.13438023628973358,-0.808594
-0.13438023628973358,-0.808594
-0.13438023628973358,-0.808594
-0.12011522755313722,-0.808594
-0.12011522755313722,-0.808594
-0.10585019148508837,-0.808594
-0.10585019148508837,-0.808594
-0.10585019148508837,-0.808594
-0.09158512938519758,-0.808594
-0.09158512938519758,-0.808594
-0.07732004249127895,-0.808594
-0.07732004249127895,-0.808594
-0.06305493198228851,-0.808594
-0.06305493198228851,-0.808594
-0.0487897989811229,-0.808594
-0.0487897989811229,-0.808594
-0.034524644557285065,-0.808594
-0.034524644557285065,-0.808594
-0.034524644557285065,-0.808594
-0.020259469729423066,-0.808594
-0.020259469729423066,-0.808594
-0.020259469729423066,-0.808594
-0.005994275467748248,-0.808594
-0.005994275467748248,-0.808594
0.008270937303661586,-0.808594
0.008270937303661586,-0.808594
0.008270937303661586,-0.808594
0.022536167704668535,-0.808594
0.022536167704668535,-0.808594
0.036801414896985254,-0.808594
0.036801414896985254,-0.808594
0.036801414896985254,-0.808594
0.05106667808218497,-0.808594
0.05106667808218497,-0.808594
0.0653319564998061,-0.808594
0.0653319564998061,-0.808594
0.0653319564998061,-0.808594
0.07959724942554698,-0.808594
0.07959724942554698,-0.808594
0.09386255616954654,-0.808594
0.09386255616954654,-0.808594
0.09386255616954654,-0.808594
0.10812787607474658,-0.808594
0.10812787607474658,-0.808594
0.122393208515332,-0.808594
0.122393208515332,-0.808594
0.122393208515332,-0.808594
0.13665855289524526,-0.808594
0.15092390864677127,-0.808594
0.16518927522918989,-0.808594
0.17945465212749215,-0.808594
0.17945465212749215,-0.808594
0.17945465212749215,-0.808594
0.19375395527600167,-0.808594
0.19375395527600167,-0.808594
0.20811948790636497,-0.808594
0.20811948790636497,-0.808594
0.22254810080671994,-0.808594
0.22254810080671994,-0.808594
0.23703679451022844,-0.808594
0.23703679451022844,-0.808594
0.23703679451022844,-0.808594
0.2515827121747005,-0.808594
0.2515827121747005,-0.808594
0.26618313280079237,-0.808594
0.26618313280079237,-0.808594
0.26618313280079237,-0.808594
0.28083546477267896,-0.808594
0.29553723970586776,-0.808594
0.29553723970586776,-0.808594
0.29553723970586776,-0.808594
0.31028610658754885,-0.808594
0.31028610658754885,-0.808594
0.32507982619557146,-0.808594
0.32507982619557146,-0.808594
0.339916265782798,-0.808594
0.339916265782798,-0.808594
0.35479339401421733,-0.808594
0.35479339401421733,-0.808594
0.3697092761447981,-0.808594
0.3697092761447981,-0.808594
0.38466206942663517,-0.808594
0.38466206942663517,-0.808594
0.3996500187344863,-0.808594
0.3996500187344863,-0.808594
0.3996500187344863,-0.808594
0.4146714523993145,-0.808594
0.4146714523993145,-0.808594
0.4297247782399456,-0.808594
0.4297247782399456,-0.808594
0.4297247782399456,-0.808594
0.4448084797834201,-0.808594
0.4448084797834201,-0.808594
0.4448084797834201,-0.808594
0.45992111266506774,-0.808594
0.45992111266506774,-0.808594
0.4750613011997585,-0.808594
0.4750613011997585,-0.808594
0.4750613011997585,-0.808594
0.4902277351161901,-0.808594
0.4902277351161901,-0.808594
0.5054191664464608,-0.808594
0.5054191664464608,-0.808594
0.5054191664464608,-0.808594
0.5206344065635425,-0.808594
0.5206344065635425,-0.808594
0.5358723233596225,-0.808594
0.5358723233596225,-0.808594
0.5358723233596225,-0.808594
0.5511318385586143,-0.808594
0.5511318385586143,-0.808594
0.5664119251564593,-0.808594
0.5664119251564593,-0.808594
0.5664119251564593,-0.808594
0.5817116049831423,-0.808594
0.5817116049831423,-0.808594
0.597029946380632,-0.808594
0.597029946380632,-0.808594
0.6123660619912364,-0.808594
0.6123660619912364,-0.808594
0.6277564147184503,-0.808594
0.6277564147184503,-0.808594
0.6432357336547072,-0.808594
0.6432357336547072,-0.808594
0.658799788456767,-0.808594
0.658799788456767,-0.808594
0.6744445499342108,-0.808594
0.6744445499342108,-0.808594
0.6901661804846241,-0.808594
0.6901661804846241,-0.808594
0.6901661804846241,-0.808594
0.7059610249835871,-0.808594
0.7059610249835871,-0.808594
0.7218256021078465,-0.808594
0.7218256021078465,-0.808594
0.7218256021078465,-0.808594
0.7377565960710694,-0.808594
0.7377565960710694,-0.808594
0.7537508487525628,-0.808594
0.7537508487525628,-0.808594
0.7537508487525628,-0.808594
0.7698053522002732,-0.808594
0.7698053522002732,-0.808594
0.785917241490267,-0.808594
0.785917241490267,-0.808594
0.785917241490267,-0.808594
0.8020837879257435,-0.808594
0.8020837879257435,-0.808594
0.8183023925594352,-0.808594
0.8183023925594352,-0.808594
0.8183023925594352,-0.808594
0.8345705800240166,-0.808594
0.8345705800240166,-0.808594
0.8508859926558793,-0.808594
0.8508859926558793,-0.808594
0.8508859926558793,-0.808594
0.8672463848983188,-0.808594
0.8672463848983188,-0.808594
0.8836496179708523,-0.808594
0.8836496179708523,-0.808594
0.8836496179708523,-0.808594
0.9000936547920088,-0.808594
0.9000936547920088,-0.808594
0.9165765551435412,-0.808594
0.9165765551435412,-0.808594
0.9165765551435412,-0.808594
0.9330964710645803,-0.808594
0.9330964710645803,-0.808594
0.9496516424647958,-0.808594
0.9496516424647958,-0.808594
0.9496516424647958,-0.808594
0.9662403929461532,-0.808594
0.9662403929461532,-0.808594
0.9828611258233438,-0.808594
0.9828611258233438,-0.808594
0.9828611258233438,-0.808594
0.9995123203334461,-0.808594
0.9995123203334461,-0.808594
1.0161925280258148,-0.808594
1.0161925280258148,-0.808594
1.0161925280258148,-0.808594
1.0329003693236336,-0.808594
1.0329003693236336,-0.808594
1.049634530248963,-0.808594
1.049634530248963,-0.808594
1.049634530248963,-0.808594
1.0663937593035149,-0.808594
1.0663937593035149,-0.808594
1.0831768644977449,-0.808594
1.0831768644977449,-0.808594
1.0831768644977449,-0.808594
1.1000237493952723,-0.808594
1.1000237493952723,-0.808594
1.1169724201452664,-0.808594
1.1169724201452664,-0.808594
1.1169724201452664,-0.808594
1.1340180368304424,-0.808594
1.1340180368304424,-0.808594
1.1511559896715826,-0.808594
1.1511559896715826,-0.808594
1.1511559896715826,-0.808594
1.1683818880844705,-0.808594
1.1683818880844705,-0.808594
1.1856915502571699,-0.808594
1.1856915502571699,-0.808594
1.2030809932229016,-0.808594
1.2030809932229016,-0.808594
1.220546423404957,-0.808594
1.220546423404957,-0.808594
1.220546423404957,-0.808594
1.2380842276111996,-0.808594
1.2556909644567797,-0.808594
1.2556909644567797,-0.808594
1.2556909644567797,-0.808594
1.2733633561946966,-0.808594
1.2733633561946966,-0.808594
1.2910982809348197,-0.808594
1.2910982809348197,-0.808594
1.2910982809348197,-0.808594
1.308892765232894,-0.808594
1.3267439770319391,-0.808594
1.3267439770319391,-0.808594
1.3267439770319391,-0.808594
1.3446492189392838,-0.808594
1.3446492189392838,-0.808594
1.3626059218232784,-0.808594
1.3626059218232784,-0.808594
1.3806116387144831,-0.808594
1.3806116387144831,-0.808594
1.3806116387144831,-0.808594
1.3986640389968552,-0.808594
1.3986640389968552,-0.808594
1.3986640389968552,-0.808594
1.4167609028751447,-0.808594
1.4349001161053656,-0.808594
1.4349001161053656,-0.808594
1.4349001161053656,-0.808594
1.4530796649758337,-0.808594
1.4530796649758337,-0.808594
1.4712976315268553,-0.808594
1.4712976315268553,-0.808594
1.48955218899772,-0.808594
1.48955218899772,-0.808594
1.507841597490189,-0.808594
1.507841597490189,-0.808594
1.507841597490189,-0.808594
1.5261641998381854,-0.808594
1.5261641998381854,-0.808594
1.5445184176738787,-0.808594
1.5445184176738787,-0.808594
1.562902747680829,-0.808594
1.562902747680829,-0.808594
1.581315758025293,-0.808594
1.581315758025293,-0.808594
1.581315758025293,-0.808594
1.5997560849572219,-0.808594
1.5997560849572219,-0.808594
1.6182224295728818,-0.808594
1.6182224295728818,-0.808594
1.6182224295728818,-0.808594
1.6367135547314111,-0.808594
1.6367135547314111,-0.808594
1.6552282821179964,-0.808594
1.6552282821179964,-0.808594
1.6552282821179964,-0.808594
1.6737654894466938,-0.808594
1.6737654894466938,-0.808594
1.6923241077962559,-0.808594
1.6923241077962559,-0.808594
1.6923241077962559,-0.808594
1.7109031190726403,-0.808594
1.7109031190726403,-0.808594
1.729501553592177,-0.808594
1.729501553592177,-0.808594
1.729501553592177,-0.808594
1.7481184877796536,-0.808594
1.7481184877796536,-0.808594
1.76675304197586,-0.808594
1.76675304197586,-0.808594
1.76675304197586,-0.808594
1.785404378349381,-0.808594
1.785404378349381,-0.808594
1.804071698907685,-0.808594
1.804071698907685,-0.808594
1.804071698907685,-0.808594
1.822754243602786,-0.808594
1.822754243602786,-0.808594
1.841451288526979,-0.808594
1.841451288526979,-0.808594
1.841451288526979,-0.808594
1.8601621441943708,-0.808594
1.8601621441943708,-0.808594
1.8788861539041224,-0.808594
1.8788861539041224,-0.808594
1.8788861539041224,-0.808594
1.8976226921815194,-0.808594
1.9163711632931704,-0.808594
1.9163711632931704,-0.808594
1.9163711632931704,-0.808594
1.9351309998328063,-0.808594
1.9351309998328063,-0.808594
1.953901661374327,-0.808594
1.953901661374327,-0.808594
1.953901661374327,-0.808594
1.9726826331888925,-0.808594
1.9726826331888925,-0.808594
1.9914734250230195,-0.808594
1.9914734250230195,-0.808594
1.9914734250230195,-0.808594
2.010273569934778,-0.808594
2.010273569934778,-0.808594
2.0290826231853263,-0.808594
2.0290826231853263,-0.808594
2.0290826231853263,-0.808594
2.047900161183155,-0.808594
2.047900161183155,-0.808594
2.0667257804785315,-0.808594
2.0667257804785315,-0.808594
2.085559096805757,-0.808594
2.085559096805757,-0.808594
2.104399744170967,-0.808594
2.104399744170967,-0.808594
2.104399744170967,-0.808594
2.1232473739833053,-0.808594
2.1232473739833053,-0.808594
2.142101654227411,-0.808594
2.142101654227411,-0.808594
2.142101654227411,-0.808594
2.160962268675254,-0.808594
2.160962268675254,-0.808594
2.1798289161354463,-0.808594
2.1798289161354463,-0.808594
2.1798289161354463,-0.808594
2.1987013097382504,-0.808594
2.2175791762545853,-0.808594
2.2175791762545853,-0.808594
2.2175791762545853,-0.808594
2.2364622554474125,-0.808594
2.2364622554474125,-0.808594
2.255350299453965,-0.808594
2.255350299453965,-0.808594
2.255350299453965,-0.808594
2.27424307219735,-0.808594
2.27424307219735,-0.808594
2.2931403488261313,-0.808594
2.2931403488261313,-0.808594
2.2931403488261313,-0.808594
2.3120419151805582,-0.808594
2.3120419151805582,-0.808594
2.330947567284176,-0.808594
2.3498571108596114,-0.808594
2.3498571108596114,-0.808594
2.3498571108596114,-0.808594
2.3687703608673787,-0.808594
2.3687703608673787,-0.808594
2.3876871410666207,-0.808594
2.3876871410666207,-0.808594
2.406607283596733,-0.808594
2.406607283596733,-0.808594
2.406607283596733,-0.808594
2.4255306285788825,-0.808594
2.4255306285788825,-0.808594
2.4444570237364753,-0.808594
2.4444570237364753,-0.808594
2.4633863240336686,-0.808594
2.4633863240336686,-0.808594
2.4823183913310745,-0.808594
2.4823183913310745,-0.808594
2.4823183913310745,-0.808594
2.501253094057833,-0.808594
2.501253094057833,-0.808594
2.520190306899278,-0.808594
2.520190306899278,-0.808594
2.520190306899278,-0.808594
2.5391299104994567,-0.808594
2.5391299104994567,-0.808594
2.558071791177791,-0.808594
2.558071791177791,-0.808594
2.5770158406592145,-0.808594
2.5770158406592145,-0.808594
2.5959619558171405,-0.808594
2.5959619558171405,-0.808594
2.5959619558171405,-0.808594
2.6149100384286514,-0.808594
2.6149100384286514,-0.808594
2.633859994941329,-0.808594
2.633859994941329,-0.808594
2.652811736251173,-0.808594
2.652811736251173,-0.808594
2.6717651774910784,-0.808594
2.6717651774910784,-0.808594
2.69072023782937,-0.808594
2.7096768402779206,-0.808594
2.7096768402779206,-0.808594
2.7096768402779206,-0.808594
2.728634911509386,-0.808594
2.728634911509386,-0.808594
2.74759438168314,-0.808594
2.74759438168314,-0.808594
2.74759438168314,-0.808594
2.766555184279476,-0.808594
2.766555184279476,-0.808594
2.7855172559417003,-0.808594
2.7855172559417003,-0.808594
2.7855172559417003,-0.808594
2.80448053632573,-0.808594
2.80448053632573,-0.808594
2.823444967956843,-0.808594
2.823444967956843,-0.808594
2.842410496093241,-0.808594
2.842410496093241,-0.808594
2.8613770685960973,-0.808594
2.8613770685960973,-0.808594
2.880344635805787,-0.808594
2.880344635805787,-0.808594
2.899313150424,-0.808594
2.899313150424,-0.808594
2.899313150424,-0.808594
2.9182825674014614,-0.808594
2.9372528438309886,-0.808594
2.9372528438309886,-0.808594
2.9372528438309886,-0.808594
2.956223938845636,-0.808594
2.956223938845636,-0.808594
2.975195813521681,-0.808594
2.975195813521681,-0.808594
2.994168430786224,-0.808594
2.994168430786224,-0.808594
2.994168430786224,-0.808594
3.0131417553291824,-0.808594
3.0131417553291824,-0.808594
3.0131417553291824,-0.808594
3.032115753519467,-0.808594
3.032115753519467,-0.808594
3.051090393325148,-0.808594
3.051090393325148,-0.808594
3.070065644237413,-0.808594
3.070065644237413,-0.808594
3.0890414771981436,-0.808594
3.0890414771981436,-0.808594
3.0890414771981436,-0.808594
3.108017864530936,-0.808594
3.1269947798753983,-0.808594
3.1269947798753983,-0.808594
3.1269947798753983,-0.808594
3.1459721981245754,-0.808594
3.1459721981245754,-0.808594
3.164950095365348,-0.808594
3.164950095365348,-0.808594
3.1839284488216664,-0.808594
3.1839284488216664,-0.808594
3.2029072368004807,-0.808594
3.2029072368004807,-0.808594
3.2029072368004807,-0.808594
3.221886438640247,-0.808594
3.221886438640247,-0.808594
3.240866034661876,-0.808594
3.240866034661876,-0.808594
3.240866034661876,-0.808594
3.259846006122021,-0.808594
3.259846006122021,-0.808594
3.2788263351685805,-0.808594
3.2788263351685805,-0.808594
3.29780700479832,-0.808594
3.29780700479832,-0.808594
3.3167879988165097,-0.808594
3.3167879988165097,-0.808594
3.3167879988165097,-0.808594
3.3357693017984786,-0.808594
3.3357693017984786,-0.808594
3.354750899052999,-0.808594
3.354750899052999,-0.808594
3.3737327765874108,-0.808594
3.3737327765874108,-0.808594
3.392714921074406,-0.808594
3.392714921074406,-0.808594
3.392714921074406,-0.808594
3.411697319820388,-0.808594
3.4306799607353433,-0.808594
3.4306799607353433,-0.808594
3.4306799607353433,-0.808594
3.4496628323041367,-0.808594
3.4496628323041367,-0.808594
3.468691066320645,-0.808594
3.468691066320645,-0.808594
3.4878076485619474,-0.808594
3.4878076485619474,-0.808594
3.507008378069954,-0.808594
3.507008378069954,-0.808594
3.507008378069954,-0.808594
3.5262892536421333,-0.808594
3.5262892536421333,-0.808594
3.5456464643331342,-0.808594
3.5456464643331342,-0.808594
3.5456464643331342,-0.808594
3.5650763804080565,-0.808594
3.584575544725895,-0.808594
3.584575544725895,-0.808594
3.6041406645326988,-0.808594
3.6041406645326988,-0.808594
3.6237686036449674,-0.808594
3.6237686036449674,-0.808594
3.6237686036449674,-0.808594
3.6434563750047264,-0.808594
3.6434563750047264,-0.808594
3.6632011335886077,-0.808594
3.6632011335886077,-0.808594
3.6632011335886077,-0.808594
3.683000169654104,-0.808594
3.683000169654104,-0.808594
3.7028509023069645,-0.808594
3.7028509023069645,-0.808594
3.7028509023069645,-0.808594
3.72275087337446,-0.808594
3.7426977415699745,-0.808594
3.7426977415699745,-0.808594
3.7426977415699745,-0.808594
3.762689276935071,-0.808594
3.762689276935071,-0.808594
3.7827233555458357,-0.808594
3.7827233555458357,-0.808594
3.7827233555458357,-0.808594
3.802797954470937,-0.808594
3.802797954470937,-0.808594
3.822911146969428,-0.808594
3.822911146969428,-0.808594
3.822911146969428,-0.808594
3.8430610979168947,-0.808594
3.8430610979168947,-0.808594
3.863246059449088,-0.808594
3.863246059449088,-0.808594
3.863246059449088,-0.808594
3.8834643668127042,-0.808594
3.8834643668127042,-0.808594
3.903714434413459,-0.808594
3.903714434413459,-0.808594
3.92404440908969,-0.808594
3.92404440908969,-0.808594
3.944500148297573,-0.808594
3.944500148297573,-0.808594
3.944500148297573,-0.808594
3.9650756719336275,-0.808594
3.9650756719336275,-0.808594
3.985765284248294,-0.808594
3.985765284248294,-0.808594
3.985765284248294,-0.808594
4.006563560324905,-0.808594
4.006563560324905,-0.808594
4.027465333201579,-0.808594
4.027465333201579,-0.808594
4.027465333201579,-0.808594
4.048465681605474,-0.808594
4.048465681605474,-0.808594
4.0695599182702695,-0.808594
4.0695599182702695,-0.808594
4.0695599182702695,-0.808594
4.090743578809161,-0.808594
4.090743578809161,-0.808594
4.112012411116935,-0.808594
4.112012411116935,-0.808594
4.112012411116935,-0.808594
4.13336236527598,-0.808594
4.13336236527598,-0.808594
4.154789583942269,-0.808594
4.154789583942269,-0.808594
4.154789583942269,-0.808594
4.1762903931884825,-0.808594
4.1762903931884825,-0.808594
4.197861293782545,-0.808594
4.197861293782545,-0.808594
4.197861293782545,-0.808594
4.2194989528808655,-0.808594
4.2194989528808655,-0.808594
4.241200196116568,-0.808594
4.241200196116568,-0.808594
4.2629620000639195,-0.808594
4.2629620000639195,-0.808594
4.284781485061081,-0.808594
4.284781485061081,-0.808594
4.284781485061081,-0.808594
4.306655908374133,-0.808594
4.306655908374133,-0.808594
4.328637280427532,-0.808594
4.328637280427532,-0.808594
4.328637280427532,-0.808594
4.350775138550049,-0.808594
4.350775138550049,-0.808594
4.3730620418290975,-0.808594
4.3730620418290975,-0.808594
4.3730620418290975,-0.808594
4.395490903167484,-0.808594
4.395490903167484,-0.808594
4.418054972459487,-0.808594
4.418054972459487,-0.808594
4.418054972459487,-0.808594
4.440747820566912,-0.808594
4.440747820566912,-0.808594
4.463563324057087,-0.808594
4.463563324057087,-0.808594
4.463563324057087,-0.808594
4.48649565066656,-0.808594
4.48649565066656,-0.808594
4.50953924545601,-0.808594
4.50953924545601,-0.808594
4.50953924545601,-0.808594
4.532688817623479,-0.808594
4.532688817623479,-0.808594
4.5559393279446425,-0.808594
4.5559393279446425,-0.808594
4.5559393279446425,-0.808594
4.579285976810291,-0.808594
4.579285976810291,-0.808594
4.6027241928326355,-0.808594
4.6027241928326355,-0.808594
4.626249621993375,-0.808594
4.626249621993375,-0.808594
4.649858117307778,-0.808594
4.649858117307778,-0.808594
4.649858117307778,-0.808594
4.673545728980238,-0.808594
4.673545728980238,-0.808594
4.697308695027929,-0.808594
4.697308695027929,-0.808594
4.72114343235031,-0.808594
4.72114343235031,-0.808594
4.745046528223269,-0.808594
4.745046528223269,-0.808594
4.745046528223269,-0.808594
4.769014732197726,-0.808594
4.7930449483834545,-0.808594
4.7930449483834545,-0.808594
4.7930449483834545,-0.808594
4.817134228099809,-0.808594
4.817134228099809,-0.808594
4.8412797628759074,-0.808594
4.8412797628759074,-0.808594
4.8412797628759074,-0.808594
4.8654788777836595,-0.808594
4.8654788777836595,-0.808594
4.889729025087805,-0.808594
4.889729025087805,-0.808594
4.889729025087805,-0.808594
4.914027778197895,-0.808594
4.914027778197895,-0.808594
4.938372825907858,-0.808594
4.938372825907858,-0.808594
4.962761966909469,-0.808594
4.962761966909469,-0.808594
4.987193104566711,-0.808594
4.987193104566711,-0.808594
5.011664241938608,-0.808594
5.011664241938608,-0.808594
5.036173477038728,-0.808594
5.036173477038728,-0.808594
5.036173477038728,-0.808594
5.060718998320095,-0.808594
5.060718998320095,-0.808594
5.0852990803747895,-0.808594
5.0852990803747895,-0.808594
5.109912079838041,-0.808594
5.109912079838041,-0.808594
5.134556431487071,-0.808594
5.134556431487071,-0.808594
5.134556431487071,-0.808594
5.159230644525447,-0.808594
5.159230644525447,-0.808594
5.183933299044106,-0.808594
5.183933299044106,-0.808594
5.183933299044106,-0.808594
5.208663042650659,-0.808594
5.208663042650659,-0.808594
5.233418587258977,-0.808594
5.233418587258977,-0.808594
5.233418587258977,-0.808594
5.258198706031427,-0.808594
5.258198706031427,-0.808594
5.283002230466504,-0.808594
5.283002230466504,-0.808594
5.283002230466504,-0.808594
5.307828047624951,-0.808594
5.307828047624951,-0.808594
5.33267509748777,-0.808594
5.33267509748777,-0.808594
5.33267509748777,-0.808594
5.3575423704398695,-0.808594
5.3575423704398695,-0.808594
5.382428904873354,-0.808594
5.382428904873354,-0.808594
5.407333784904783,-0.808594
5.407333784904783,-0.808594
5.432256138200975,-0.808594
5.432256138200975,-0.808594
5.432256138200975,-0.808594
5.45719513390819,-0.808594
5.45719513390819,-0.808594
5.482149980679783,-0.808594
5.482149980679783,-0.808594
5.507119924797645,-0.808594
5.507119924797645,-0.808594
5.532104248382959,-0.808594
5.532104248382959,-0.808594
5.532104248382959,-0.808594
5.5571022676920485,-0.808594
5.5571022676920485,-0.808594
5.5821133314932485,-0.808594
5.5821133314932485,-0.808594
5.5821133314932485,-0.808594
5.607136819520958,-0.808594
5.607136819520958,-0.808594
5.632172141003207,-0.808594
5.632172141003207,-0.808594
5.632172141003207,-0.808594
5.657218733259232,-0.808594
5.657218733259232,-0.808594
5.6822760603637406,-0.808594
5.6822760603637406,-0.808594
5.6822760603637406,-0.808594
5.707343611874687,-0.808594
5.707343611874687,-0.808594
5.732420901621544,-0.808594
5.732420901621544,-0.808594
5.732420901621544,-0.808594
5.757507466551195,-0.808594
5.757507466551195,-0.808594
5.782602865628699,-0.808594
5.782602865628699,-0.808594
5.807706678790325,-0.808594
5.807706678790325,-0.808594
5.832818505946372,-0.808594
5.832818505946372,-0.808594
5.832818505946372,-0.808594
5.857937966031407,-0.808594
5.857937966031407,-0.808594
5.883064696099654,-0.808594
5.883064696099654,-0.808594
5.908198350463414,-0.808594
5.908198350463414,-0.808594
5.933338599872434,-0.808594
5.933338599872434,-0.808594
5.933338599872434,-0.808594
5.958485130732313,-0.808594
5.958485130732313,-0.808594
5.983637644360061,-0.808594
5.983637644360061,-0.808594
5.983637644360061,-0.808594
6.008795856275067,-0.808594
6.008795856275067,-0.808594
6.033959495523772,-0.808594
6.033959495523772,-0.808594
6.033959495523772,-0.808594
6.059128304036458,-0.808594
6.059128304036458,-0.808594
6.0843020360146225,-0.808594
6.0843020360146225,-0.808594
6.0843020360146225,-0.808594
6.109480457347482,-0.808594
6.109480457347482,-0.808594
6.134663345056222,-0.808594
6.134663345056222,-0.808594
6.134663345056222,-0.808594
6.159850486764667,-0.808594
6.159850486764667,-0.808594
6.185041680195134,-0.808594
6.185041680195134,-0.808594
6.210236732688239,-0.808594
6.210236732688239,-0.808594
6.210236732688239,-0.808594
6.2354354607455535,-0.808594
6.2354354607455535,-0.808594
6.2354354607455535,-0.808594
6.260637689594,-0.808594
6.260637689594,-0.808594
6.28584325277096,-0.808594
6.28584325277096,-0.808594
6.311051991729112,-0.808594
6.311051991729112,-0.808594
6.336263755460061,-0.808594
6.336263755460061,-0.808594
6.336263755460061,-0.808594
6.361478400135861,-0.808594
6.361478400135861,-0.808594
6.386695788767584,-0.808594
6.386695788767584,-0.808594
6.386695788767584,-0.808594
6.411915790880125,-0.808594
6.411915790880125,-0.808594
6.437138282202472,-0.808594
6.437138282202472,-0.808594
6.437138282202472,-0.808594
6.4623631443726985,-0.808594
6.4623631443726985,-0.808594
6.487590264656988,-0.808594
6.487590264656988,-0.808594
6.487590264656988,-0.808594
6.512819535682016,-0.808594
6.512819535682016,-0.808594
6.538050855180062,-0.808594
6.538050855180062,-0.808594
6.538050855180062,-0.808594
6.563284125746232,-0.808594
6.563284125746232,-0.808594
6.588519254607238,-0.808594
6.588519254607238,-0.808594
6.588519254607238,-0.808594
6.613756153401161,-0.808594
6.613756153401161,-0.808594
6.638994737967689,-0.808594
6.638994737967689,-0.808594
6.638994737967689,-0.808594
6.664234928148336,-0.808594
6.689476647596151,-0.808594
6.689476647596151,-0.808594
6.689476647596151,-0.808594
6.7147198235944785,-0.808594
6.739964386884343,-0.808594
6.739964386884343,-0.808594
6.739964386884343,-0.808594
6.765210271500031,-0.808594
6.765210271500031,-0.808594
6.790457414612501,-0.808594
6.790457414612501,-0.808594
6.790457414612501,-0.808594
6.815705756380229,-0.808594
6.815705756380229,-0.808594
6.840955239807159,-0.808594
6.840955239807159,-0.808594
6.840955239807159,-0.808594
6.866205810607396,-0.808594
6.866205810607396,-0.808594
6.891457417076339,-0.808594
6.891457417076339,-0.808594
6.891457417076339,-0.808594
6.91671000996794,-0.808594
6.91671000996794,-0.808594
6.941963542377803,-0.808594
6.941963542377803,-0.808594
6.941963542377803,-0.808594
6.967217969631834,-0.808594
6.967217969631834,-0.808594
6.992473249180193,-0.808594
6.992473249180193,-0.808594
7.017729340496285,-0.808594
7.017729340496285,-0.808594
7.017729340496285,-0.808594
7.042986204980553,-0.808594
7.042986204980553,-0.808594
7.042986204980553,-0.808594
7.0682438058688515,-0.808594
7.0682438058688515,-0.808594
7.093502108145168,-0.808594
7.093502108145168,-0.808594
7.093502108145168,-0.808594
7.118761078458504,-0.808594
7.118761078458504,-0.808594
7.144020685043697,-0.808594
7.144020685043697,-0.808594
7.144020685043697,-0.808594
7.169280897646021,-0.808594
7.169280897646021,-0.808594
7.194541687449362,-0.808594
7.194541687449362,-0.808594
7.194541687449362,-0.808594
7.219803027007812,-0.808594
7.219803027007812,-0.808594
7.2450648901805135,-0.808594
7.2450648901805135,-0.808594
7.2450648901805135,-0.808594
7.2703272520696105,-0.808594
7.2703272520696105,-0.808594
7.295590088961138,-0.808594
7.295590088961138,-0.808594
7.295590088961138,-0.808594
7.320853378268731,-0.808594
7.346117098480004,-0.808594
7.346117098480004,-0.808594
7.346117098480004,-0.808594
7.371381229105489,-0.808594
7.371381229105489,-0.808594
7.396645750629989,-0.808594
7.396645750629989,-0.808594
7.396645750629989,-0.808594
7.421910644466256,-0.808594
7.421910644466256,-0.808594
7.447175892910866,-0.808594
7.447175892910866,-0.808594
7.447175892910866,-0.808594
7.472441479102192,-0.808594
7.472441479102192,-0.808594
7.497707386980377,-0.808594
7.497707386980377,-0.808594
7.497707386980377,-0.808594
7.522973601249211,-0.808594
7.522973601249211,-0.808594
7.548240107339819,-0.808594
7.548240107339819,-0.808594
7.548240107339819,-0.808594
7.573506891376075,-0.808594
7.573506891376075,-0.808594
7.598773940141665,-0.808594
7.598773940141665,-0.808594
7.598773940141665,-0.808594
7.624041241048709,-0.808594
7.624041241048709,-0.808594
7.649308782107879,-0.808594
7.649308782107879,-0.808594
7.674576551899944,-0.808594
7.674576551899944,-0.808594
7.699844539548652,-0.808594
7.699844539548652,-0.808594
7.699844539548652,-0.808594
7.725112734694921,-0.808594
7.725112734694921,-0.808594
7.7503811274722425,-0.808594
7.7503811274722425,-0.808594
7.7503811274722425,-0.808594
7.775649708483259,-0.808594
7.775649708483259,-0.808594
7.800918468777459,-0.808594
7.800918468777459,-0.808594
7.8261873998299265,-0.808594
7.8261873998299265,-0.808594
7.8261873998299265,-0.808594
7.851456493521106,-0.808594
7.851456493521106,-0.808594
7.851456493521106,-0.808594
7.876725742117528,-0.808594
7.876725742117528,-0.808594
7.901995138253446,-0.808594
7.901995138253446,-0.808594
7.901995138253446,-0.808594
7.927264674913359,-0.808594
7.927264674913359,-0.808594
7.9525343454153505,-0.808594
7.9525343454153505,-0.808594
7.9525343454153505,-0.808594
7.977804143395229,-0.808594
7.977804143395229,-0.808594
8.003074062791422,-0.808594
8.003074062791422,-0.808594
8.003074062791422,-0.808594
8.028344097830582,-0.808594
8.028344097830582,-0.808594
8.053614243013888,-0.808594
8.053614243013888,-0.808594
8.078884493103985,-0.808594
8.078884493103985,-0.808594
8.104154843112553,-0.808594
8.104154843112553,-0.808594
8.129425288288472,-0.808594
8.129425288288472,-0.808594
8.154695824106533,-0.808594
8.154695824106533,-0.808594
8.154695824106533,-0.808594
8.179966446256701,-0.808594
8.179966446256701,-0.808594
8.205237150633888,-0.808594
8.205237150633888,-0.808594
8.230507933328196,-0.808594
8.230507933328196,-0.808594
8.255778790615647,-0.808594
8.255778790615647,-0.808594
8.255778790615647,-0.808594
8.281049718949337,-0.808594
8.281049718949337,-0.808594
8.306320714951017,-0.808594
8.306320714951017,-0.808594
8.306320714951017,-0.808594
8.331591775403073,-0.808594
8.331591775403073,-0.808594
8.356862897240891,-0.808594
8.356862897240891,-0.808594
8.356862897240891,-0.808594
8.382134077545578,-0.808594
8.382134077545578,-0.808594
8.407405313537033,-0.808594
8.407405313537033,-0.808594
8.407405313537033,-0.808594
8.432676602567353,-0.808594
8.432676602567353,-0.808594
8.457947942114538,-0.808594
8.457947942114538,-0.808594
8.457947942114538,-0.808594
8.483219329776512,-0.808594
8.483219329776512,-0.808594
8.508490763265415,-0.808594
8.508490763265415,-0.808594
8.508490763265415,-0.808594
8.53376224040218,-0.808594
8.53376224040218,-0.808594
8.559033759111347,-0.808594
8.559033759111347,-0.808594
8.559033759111347,-0.808594
8.58430531741615,-0.808594
8.58430531741615,-0.808594
8.609576913433818,-0.808594
8.609576913433818,-0.808594
8.609576913433818,-0.808594
8.634848545371103,-0.808594
8.634848545371103,-0.808594
8.660120211520026,-0.808594
8.660120211520026,-0.808594
8.660120211520026,-0.808594
8.685391910253825,-0.808594
8.685391910253825,-0.808594
8.710663640023089,-0.808594
8.710663640023089,-0.808594
8.735935399352082,-0.808594
8.735935399352082,-0.808594
8.761207186835238,-0.808594
8.761207186835238,-0.808594
8.761207186835238,-0.808594
8.786479001133827,-0.808594
8.786479001133827,-0.808594
8.811750840972776,-0.808594
8.811750840972776,-0.808594
8.811750840972776,-0.808594
8.83702270513764,-0.808594
8.83702270513764,-0.808594
8.862294592471722,-0.808594
8.862294592471722,-0.808594
8.862294592471722,-0.808594
8.887566501873325,-0.808594
8.887566501873325,-0.808594
8.912838432293139,-0.808594
8.912838432293139,-0.808594
8.912838432293139,-0.808594
8.938110382731747,-0.808594
8.938110382731747,-0.808594
8.963382352237257,-0.808594
8.963382352237257,-0.808594
8.963382352237257,-0.808594
8.988654339903038,-0.808594
8.988654339903038,-0.808594
9.013926344865567,-0.808594
9.013926344865567,-0.808594
9.039198366302385,-0.808594
9.039198366302385,-0.808594
9.039198366302385,-0.808594
9.064470403430139,-0.808594
9.064470403430139,-0.808594
9.064470403430139,-0.808594
9.089742455502726,-0.808594
9.089742455502726,-0.808594
9.115014521809519,-0.808594
9.115014521809519,-0.808594
9.115014521809519,-0.808594
9.14028660167368,-0.808594
9.14028660167368,-0.808594
9.165558694450556,-0.808594
9.165558694450556,-0.808594
9.165558694450556,-0.808594
9.19083079952615,-0.808594
9.19083079952615,-0.808594
9.216102916315657,-0.808594
9.216102916315657,-0.808594
9.216102916315657,-0.808594
9.24137504426208,-0.808594
9.24137504426208,-0.808594
9.266647182834907,-0.808594
9.266647182834907,-0.808594
9.266647182834907,-0.808594
9.291919331528854,-0.808594
9.291919331528854,-0.808594
9.31719148986266,-0.808594
9.31719148986266,-0.808594
9.31719148986266,-0.808594
9.342463657377952,-0.808594
9.367735833638148,-0.808594
9.367735833638148,-0.808594
9.393008018227428,-0.808594
9.418280210749746,-0.808594
9.418280210749746,-0.808594
9.418280210749746,-0.808594
9.443552410827884,-0.808594
9.468824618102564,-0.808594
9.468824618102564,-0.808594
9.468824618102564,-0.808594
9.494096832231591,-0.808594
9.494096832231591,-0.808594
9.519369052889038,-0.808594
9.519369052889038,-0.808594
9.519369052889038,-0.808594
9.544641279764482,-0.808594
9.544641279764482,-0.808594
9.569913512562255,-0.808594
9.569913512562255,-0.808594
9.569913512562255,-0.808594
9.595185751000752,-0.808594
9.595185751000752,-0.808594
9.620457994811755,-0.808594
9.620457994811755,-0.808594
9.620457994811755,-0.808594
9.645730243739802,-0.808594
9.645730243739802,-0.808594
9.671002497541577,-0.808594
9.671002497541577,-0.808594
9.671002497541577,-0.808594
9.696274755985336,-0.808594
9.696274755985336,-0.808594
9.72154701885035,-0.808594
9.72154701885035,-0.808594
9.72154701885035,-0.808594
9.746819285926389,-0.808594
9.746819285926389,-0.808594
9.77209155701322,-0.808594
9.77209155701322,-0.808594
9.77209155701322,-0.808594
9.797363831920128,-0.808594
9.797363831920128,-0.808594
9.82263611046547,-0.808594
9.84790839247624,-0.808594
9.873180677787655,-0.808594
9.873180677787655,-0.808594
9.898452966242768,-0.808594
9.898452966242768,-0.808594
9.923725257692098,-0.808594
9.923725257692098,-0.808594
9.923725257692098,-0.808594
9.94899755199327,-0.808594
9.94899755199327,-0.808594
9.974269849010676,-0.808594
9.974269849010676,-0.808594
9.974269849010676,-0.808594
9.999542148615163,-0.808594
9.999542148615163,-0.808594
10.024814450683714,-0.808594
10.024814450683714,-0.808594
10.024814450683714,-0.808594
10.050086755099162,-0.808594
10.050086755099162,-0.808594
10.075359061749912,-0.808594
10.075359061749912,-0.808594
10.075359061749912,-0.808594
10.100631370529676,-0.808594
10.100631370529676,-0.808594
10.12590368133722,-0.808594
10.12590368133722,-0.808594
10.12590368133722,-0.808594
10.151175994076123,-0.808594
10.151175994076123,-0.808594
10.176448308654548,-0.808594
10.176448308654548,-0.808594
10.176448308654548,-0.808594
10.201720624985025,-0.808594
10.226992942984246,-0.808594
10.226992942984246,-0.808594
10.25226526257286,-0.808594
10.277537583675294,-0.808594
10.302809906219563,-0.808594
10.302809906219563,-0.808594
10.32808223013711,-0.808594
10.32808223013711,-0.808594
10.32808223013711,-0.808594
10.353354555362634,-0.808594
10.353354555362634,-0.808594
10.378626881833942,-0.808594
10.378626881833942,-0.808594
10.378626881833942,-0.808594
10.403899209491795,-0.808594
10.403899209491795,-0.808594
10.429171538279775,-0.808594
10.429171538279775,-0.808594
10.429171538279775,-0.808594
10.454443868144143,-0.808594
10.454443868144143,-0.808594
10.479716199033717,-0.808594
10.479716199033717,-0.808594
10.479716199033717,-0.808594
10.50498853089975,-0.808594
10.50498853089975,-0.808594
10.53026086369581,-0.808594
10.53026086369581,-0.808594
10.53026086369581,-0.808594
10.555533197377674,-0.808594
10.555533197377674,-0.808594
10.580805531903223,-0.808594
10.580805531903223,-0.808594
10.580805531903223,-0.808594
10.60607786723234,-0.808594
10.60607786723234,-0.808594
10.631350203326814,-0.808594
10.631350203326814,-0.808594
10.656622540150252,-0.808594
10.656622540150252,-0.808594
10.681894877667993,-0.808594
10.681894877667993,-0.808594
10.707167215847022,-0.808594
10.707167215847022,-0.808594
10.732439554655896,-0.808594
10.732439554655896,-0.808594
10.732439554655896,-0.808594
10.757711894064665,-0.808594
10.757711894064665,-0.808594
10.782984234044804,-0.808594
10.782984234044804,-0.808594
10.782984234044804,-0.808594
10.808256574569144,-0.808594
10.808256574569144,-0.808594
10.83352891561181,-0.808594
10.83352891561181,-0.808594
10.83352891561181,-0.808594
10.858801257148153,-0.808594
10.858801257148153,-0.808594
10.8840735991547,-0.808594
10.8840735991547,-0.808594
10.8840735991547,-0.808594
10.909345941609093,-0.808594
10.909345941609093,-0.808594
10.934618284490037,-0.808594
10.934618284490037,-0.808594
10.934618284490037,-0.808594
10.959890627777249,-0.808594
10.959890627777249,-0.808594
10.98516297145141,-0.808594
10.98516297145141,-0.808594
10.98516297145141,-0.808594
11.010435315494124,-0.808594
11.010435315494124,-0.808594
11.035707659887864,-0.808594
11.035707659887864,-0.808594
11.035707659887864,-0.808594
11.060980004615937,-0.808594
11.060980004615937,-0.808594
11.086252349662448,-0.808594
11.111524695012255,-0.808594
11.136797040650935,-0.808594
11.136797040650935,-0.808594
11.162069386564752,-0.808594
11.162069386564752,-0.808594
11.187341732740625,-0.808594
11.187341732740625,-0.808594
11.187341732740625,-0.808594
11.212614079166093,-0.808594
11.212614079166093,-0.808594
11.237886425829286,-0.808594
11.237886425829286,-0.808594
11.237886425829286,-0.808594
11.263158772718901,-0.808594
11.263158772718901,-0.808594
11.288431119824173,-0.808594
11.288431119824173,-0.808594
11.288431119824173,-0.808594
11.313703467134847,-0.808594
11.313703467134847,-0.808594
11.338975814641154,-0.808594
11.338975814641154,-0.808594
11.338975814641154,-0.808594
11.364248162333794,-0.808594
11.364248162333794,-0.808594
11.389520510203907,-0.808594
11.389520510203907,-0.808594
11.389520510203907,-0.808594
11.414792858243052,-0.808594
11.414792858243052,-0.808594
11.440065206443192,-0.808594
11.440065206443192,-0.808594
11.465337554796672,-0.808594
11.465337554796672,-0.808594
11.490609903296203,-0.808594
11.490609903296203,-0.808594
11.490609903296203,-0.808594
11.515882251934837,-0.808594
11.515882251934837,-0.808594
11.541154600705962,-0.808594
11.541154600705962,-0.808594
11.541154600705962,-0.808594
11.566426949603276,-0.808594
11.566426949603276,-0.808594
11.59169929862078,-0.808594
11.59169929862078,-0.808594
11.59169929862078,-0.808594
11.61697164775276,-0.808594
11.64224399699377,-0.808594
11.64224399699377,-0.808594
11.667516346338628,-0.808594
11.667516346338628,-0.808594
11.692788695782395,-0.808594
11.692788695782395,-0.808594
11.692788695782395,-0.808594
11.718061045320368,-0.808594
11.718061045320368,-0.808594
11.743333394948067,-0.808594
11.743333394948067,-0.808594
11.743333394948067,-0.808594
11.768605744661226,-0.808594
11.768605744661226,-0.808594
11.793878094455781,-0.808594
11.793878094455781,-0.808594
11.793878094455781,-0.808594
11.819150444327862,-0.808594
11.819150444327862,-0.808594
11.844422794273783,-0.808594
11.844422794273783,-0.808594
11.869695144290032,-0.808594
11.869695144290032,-0.808594
11.869695144290032,-0.808594
11.894967494373267,-0.808594
11.894967494373267,-0.808594
11.894967494373267,-0.808594
11.9202398445203,-0.808594
11.9202398445203,-0.808594
11.945512194728098,-0.808594
11.945512194728098,-0.808594
11.945512194728098,-0.808594
11.970784544993773,-0.808594
11.970784544993773,-0.808594
11.996056895314572,-0.808594
11.996056895314572,-0.808594
12.021329245687875,-0.808594
12.046601596111184,-0.808594
12.046601596111184,-0.808594
12.046601596111184,-0.808594
12.071873946582121,-0.808594
12.071873946582121,-0.808594
12.097146297098423,-0.808594
12.097146297098423,-0.808594
12.12241864765793,-0.808594
12.12241864765793,-0.808594
12.147690998258591,-0.808594
12.147690998258591,-0.808594
12.147690998258591,-0.808594
12.172963348898447,-0.808594
12.172963348898447,-0.808594
12.198235699575635,-0.808594
12.198235699575635,-0.808594
12.22350805028838,-0.808594
12.22350805028838,-0.808594
12.248780401034992,-0.808594
12.248780401034992,-0.808594
12.248780401034992,-0.808594
12.274052751813858,-0.808594
12.274052751813858,-0.808594
12.299325102623447,-0.808594
12.299325102623447,-0.808594
12.299325102623447,-0.808594
12.324597453462298,-0.808594
12.324597453462298,-0.808594
12.349869804329018,-0.808594
12.349869804329018,-0.808594
12.349869804329018,-0.808594
12.375142155222282,-0.808594
12.375142155222282,-0.808594
12.400414506140828,-0.808594
12.400414506140828,-0.808594
12.400414506140828,-0.808594
12.425686857083456,-0.808594
12.450959208049017,-0.808594
12.476231559036425,-0.808594
12.476231559036425,-0.808594
12.501503910044637,-0.808594
12.501503910044637,-0.808594
12.501503910044637,-0.808594
12.526776261072666,-0.808594
12.526776261072666,-0.808594
12.552048612119568,-0.808594
12.552048612119568,-0.808594
12.552048612119568,-0.808594
12.577320963184448,-0.808594
12.577320963184448,-0.808594
12.60259331426645,-0.808594
12.60259331426645,-0.808594
12.60259331426645,-0.808594
12.62786566536476,-0.808594
12.62786566536476,-0.808594
12.653138016478604,-0.808594
12.653138016478604,-0.808594
12.67841036760724,-0.808594
12.67841036760724,-0.808594
12.703682718749967,-0.808594
12.703682718749967,-0.808594
12.703682718749967,-0.808594
12.728955069906114,-0.808594
12.728955069906114,-0.808594
12.754227421075043,-0.808594
12.754227421075043,-0.808594
12.754227421075043,-0.808594
12.779499772256148,-0.808594
12.779499772256148,-0.808594
12.804772123448847,-0.808594
12.804772123448847,-0.808594
12.804772123448847,-0.808594
12.830044474652592,-0.808594
12.830044474652592,-0.808594
12.855316825866854,-0.808594
12.855316825866854,-0.808594
12.855316825866854,-0.808594
12.880589177091135,-0.808594
12.880589177091135,-0.808594
12.905861528324959,-0.808594
12.905861528324959,-0.808594
12.905861528324959,-0.808594
12.931133879567872,-0.808594
12.931133879567872,-0.808594
12.956406230819441,-0.808594
12.956406230819441,-0.808594
12.956406230819441,-0.808594
12.981678582079256,-0.808594
12.981678582079256,-0.808594
13.006950933346923,-0.808594
13.006950933346923,-0.808594
13.006950933346923,-0.808594
13.03222328462207,-0.808594
13.03222328462207,-0.808594
13.05749563590434,-0.808594
13.05749563590434,-0.808594
13.082767987193396,-0.808594
13.082767987193396,-0.808594
13.108040338488914,-0.808594
13.108040338488914,-0.808594
13.108040338488914,-0.808594
13.133312689790587,-0.808594
13.133312689790587,-0.808594
13.158585041098123,-0.808594
13.158585041098123,-0.808594
13.158585041098123,-0.808594
13.183857392411243,-0.808594
13.183857392411243,-0.808594
13.209129743729681,-0.808594
13.209129743729681,-0.808594
13.209129743729681,-0.808594
13.234402095053184,-0.808594
13.234402095053184,-0.808594
13.259674446381512,-0.808594
13.284946797714435,-0.808594
13.310219149051735,-0.808594
13.310219149051735,-0.808594
13.310219149051735,-0.808594
13.335491500393202,-0.808594
13.335491500393202,-0.808594
13.36076385173864,-0.808594
13.36076385173864,-0.808594
13.36076385173864,-0.808594
13.386036203087858,-0.808594
13.386036203087858,-0.808594
13.41130855444068,-0.808594
13.41130855444068,-0.808594
13.436580905796932,-0.808594
13.436580905796932,-0.808594
13.46185325715645,-0.808594
13.46185325715645,-0.808594
13.46185325715645,-0.808594
13.487125608519081,-0.808594
13.487125608519081,-0.808594
13.512397959884677,-0.808594
13.512397959884677,-0.808594
13.512397959884677,-0.808594
13.537670311253095,-0.808594
13.537670311253095,-0.808594
13.562942662624202,-0.808594
13.562942662624202,-0.808594
13.562942662624202,-0.808594
13.58821501399787,-0.808594
13.58821501399787,-0.808594
13.613487365373976,-0.808594
13.613487365373976,-0.808594
13.613487365373976,-0.808594
13.638759716752405,-0.808594
13.638759716752405,-0.808594
13.664032068133048,-0.808594
13.664032068133048,-0.808594
13.664032068133048,-0.808594
13.689304419515798,-0.808594
13.689304419515798,-0.808594
13.714576770900555,-0.808594
13.714576770900555,-0.808594
13.714576770900555,-0.808594
13.739849122287225,-0.808594
13.739849122287225,-0.808594
13.765121473675716,-0.808594
13.765121473675716,-0.808594
13.79039382506594,-0.808594
13.79039382506594,-0.808594
13.815666176457817,-0.808594
13.815666176457817,-0.808594
13.840938527851268,-0.808594
13.840938527851268,-0.808594
13.866210879246216,-0.808594
13.866210879246216,-0.808594
13.866210879246216,-0.808594
13.891483230642592,-0.808594
13.891483230642592,-0.808594
13.916755582040327,-0.808594
13.916755582040327,-0.808594
13.916755582040327,-0.808594
13.942027933439357,-0.808594
13.942027933439357,-0.808594
13.96730028483962,-0.808594
13.96730028483962,-0.808594
13.96730028483962,-0.808594
13.992572636241057,-0.808594
13.992572636241057,-0.808594
14.017844987643613,-0.808594
14.017844987643613,-0.808594
14.017844987643613,-0.808594
14.043117339047235,-0.808594
14.043117339047235,-0.808594
14.068389690451871,-0.808594
14.068389690451871,-0.808594
14.068389690451871,-0.808594
14.093662041857474,-0.808594
14.093662041857474,-0.808594
14.118934393263999,-0.808594
14.118934393263999,-0.808594
14.118934393263999,-0.808594
14.144206744671399,-0.808594
14.144206744671399,-0.808594
14.169479096079634,-0.808594
14.169479096079634,-0.808594
14.169479096079634,-0.808594
14.194751447488665,-0.808594
14.194751447488665,-0.808594
14.220023798898454,-0.808594
14.220023798898454,-0.808594
14.220023798898454,-0.808594
14.245296150308965,-0.808594
14.245296150308965,-0.808594
14.270568501720163,-0.808594
14.270568501720163,-0.808594
14.295840853132015,-0.808594
14.295840853132015,-0.808594
14.295840853132015,-0.808594
14.32111320454449,-0.808594
14.32111320454449,-0.808594
14.32111320454449,-0.808594
14.34638555595756,-0.808594
14.34638555595756,-0.808594
14.371657907371196,-0.808594
14.371657907371196,-0.808594
14.371657907371196,-0.808594
14.39693025878537,-0.808594
14.39693025878537,-0.808594
14.422202610200056,-0.808594
14.422202610200056,-0.808594
14.422202610200056,-0.808594
14.447474961615232,-0.808594
14.447474961615232,-0.808594
14.472747313030872,-0.808594
14.472747313030872,-0.808594
14.472747313030872,-0.808594
14.498019664446957,-0.808594
14.498019664446957,-0.808594
14.523292015863465,-0.808594
14.523292015863465,-0.808594
14.523292015863465,-0.808594
14.548564367280374,-0.808594
14.548564367280374,-0.808594
14.573836718697667,-0.808594
14.573836718697667,-0.808594
14.573836718697667,-0.808594
14.599109070115324,-0.808594
14.599109070115324,-0.808594
14.624381421533329,-0.808594
14.624381421533329,-0.808594
14.624381421533329,-0.808594
14.649653772951664,-0.808594
14.649653772951664,-0.808594
14.674926124370314,-0.808594
14.674926124370314,-0.808594
14.674926124370314,-0.808594
14.700198475789264,-0.808594
14.700198475789264,-0.808594
14.7254708272085,-0.808594
14.7254708272085,-0.808594
14.7254708272085,-0.808594
14.75074317862801,-0.808594
14.75074317862801,-0.808594
14.77601553004778,-0.808594
14.77601553004778,-0.808594
14.77601553004778,-0.808594
14.801287881467795,-0.808594
14.801287881467795,-0.808594
14.826560232888045,-0.808594
14.826560232888045,-0.808594
14.826560232888045,-0.808594
14.851832584308521,-0.808594
14.851832584308521,-0.808594
14.87710493572921,-0.808594
14.87710493572921,-0.808594
14.87710493572921,-0.808594
14.902377287150102,-0.808594
14.902377287150102,-0.808594
14.927649638571188,-0.808594
14.927649638571188,-0.808594
14.927649638571188,-0.808594
14.952921989992458,-0.808594
14.952921989992458,-0.808594
14.978194341413904,-0.808594
14.978194341413904,-0.808594
14.978194341413904,-0.808594
15.003466692835516,-0.808594
15.003466692835516,-0.808594
15.02873904425729,-0.808594
15.02873904425729,-0.808594
15.02873904425729,-0.808594
15.054011395679213,-0.808594
15.054011395679213,-0.808594
15.079283747101282,-0.808594
15.079283747101282,-0.808594
15.079283747101282,-0.808594
15.104556098523489,-0.808594
15.104556098523489,-0.808594
15.129828449945826,-0.808594
15.129828449945826,-0.808594
15.129828449945826,-0.808594
15.155100801368288,-0.808594
15.155100801368288,-0.808594
15.18037315279087,-0.808594
15.18037315279087,-0.808594
15.18037315279087,-0.808594
15.205645504213564,-0.808594
15.205645504213564,-0.808594
15.230917855636367,-0.808594
15.230917855636367,-0.808594
15.230917855636367,-0.808594
15.256190207059273,-0.808594
15.256190207059273,-0.808594
15.281462558482277,-0.808594
15.281462558482277,-0.808594
15.281462558482277,-0.808594
15.306734909905373,-0.808594
15.306734909905373,-0.808594
15.332007261328558,-0.808594
15.332007261328558,-0.808594
15.332007261328558,-0.808594
15.357279612751828,-0.808594
15.357279612751828,-0.808594
15.382551964175178,-0.808594
15.382551964175178,-0.808594
15.382551964175178,-0.808594
15.407824315598607,-0.808594
15.407824315598607,-0.808594
15.433096667022108,-0.808594
15.433096667022108,-0.808594
15.433096667022108,-0.808594
15.458369018445678,-0.808594
15.458369018445678,-0.808594
15.483641369869314,-0.808594
15.483641369869314,-0.808594
15.483641369869314,-0.808594
15.508913721293014,-0.808594
15.508913721293014,-0.808594
15.534186072716775,-0.808594
15.534186072716775,-0.808594
15.534186072716775,-0.808594
15.559458424140592,-0.808594
15.559458424140592,-0.808594
15.584730775564465,-0.808594
15.584730775564465,-0.808594
15.584730775564465,-0.808594
15.610003126988389,-0.808594
15.610003126988389,-0.808594
15.635275478412362,-0.808594
15.635275478412362,-0.808594
15.635275478412362,-0.808594
15.660547829836382,-0.808594
15.660547829836382,-0.808594
15.685820181260448,-0.808594
15.685820181260448,-0.808594
15.685820181260448,-0.808594
15.711092532684557,-0.808594
15.711092532684557,-0.808594
15.736364884108706,-0.808594
15.736364884108706,-0.808594
15.736364884108706,-0.808594
15.761637235532893,-0.808594
15.761637235532893,-0.808594
15.786909586957117,-0.808594
15.786909586957117,-0.808594
15.786909586957117,-0.808594
15.812181938381377,-0.808594
15.812181938381377,-0.808594
15.83745428980567,-0.808594
15.83745428980567,-0.808594
15.83745428980567,-0.808594
15.862726641229996,-0.808594
15.862726641229996,-0.808594
15.887998992654351,-0.808594
15.887998992654351,-0.808594
15.887998992654351,-0.808594
15.913271344078735,-0.808594
15.913271344078735,-0.808594
15.938543695503148,-0.808594
15.938543695503148,-0.808594
15.938543695503148,-0.808594
15.963816046927587,-0.808594
15.963816046927587,-0.808594
15.98908839835205,-0.808594
15.98908839835205,-0.808594
16.01436074977654,-0.808594
16.01436074977654,-0.808594
16.039633101201048,-0.808594
16.039633101201048,-0.808594
16.039633101201048,-0.808594
16.06490545262558,-0.808594
16.06490545262558,-0.808594
16.090177804050132,-0.808594
16.090177804050132,-0.808594
16.090177804050132,-0.808594
16.115450155474704,-0.808594
16.115450155474704,-0.808594
16.140722506899294,-0.808594
16.140722506899294,-0.808594
16.165994858323902,-0.808594
16.165994858323902,-0.808594
16.191267209748528,-0.808594
16.191267209748528,-0.808594
16.191267209748528,-0.808594
16.216539561173168,-0.808594
16.241811912597825,-0.808594
16.241811912597825,-0.808594
16.241811912597825,-0.808594
16.267084264022497,-0.808594
16.267084264022497,-0.808594
16.292356615447183,-0.808594
16.292356615447183,-0.808594
16.317628966871883,-0.808594
16.317628966871883,-0.808594
16.342901318296594,-0.808594
16.342901318296594,-0.808594
16.342901318296594,-0.808594
16.36817366972132,-0.808594
16.36817366972132,-0.808594
16.393446021146055,-0.808594
16.393446021146055,-0.808594
16.393446021146055,-0.808594
16.4187183725708,-0.808594
16.4187183725708,-0.808594
16.443990723995558,-0.808594
16.443990723995558,-0.808594
16.443990723995558,-0.808594
16.469263075420326,-0.808594
16.469263075420326,-0.808594
16.4945354268451,-0.808594
16.4945354268451,-0.808594
16.4945354268451,-0.808594
16.519807778269886,-0.808594
16.519807778269886,-0.808594
16.54508012969468,-0.808594
16.54508012969468,-0.808594
16.54508012969468,-0.808594
16.57035248111948,-0.808594
16.57035248111948,-0.808594
16.59562483254429,-0.808594
16.59562483254429,-0.808594
16.59562483254429,-0.808594
16.620897183969106,-0.808594
16.620897183969106,-0.808594
16.64616953539393,-0.808594
16.64616953539393,-0.808594
16.64616953539393,-0.808594
16.671441886818762,-0.808594
16.671441886818762,-0.808594
16.696714238243597,-0.808594
16.696714238243597,-0.808594
16.696714238243597,-0.808594
16.72198658966844,-0.808594
16.72198658966844,-0.808594
16.74725894109329,-0.808594
16.74725894109329,-0.808594
16.74725894109329,-0.808594
16.772531292518142,-0.808594
16.772531292518142,-0.808594
16.797803643943002,-0.808594
16.797803643943002,-0.808594
16.797803643943002,-0.808594
16.823075995367866,-0.808594
16.823075995367866,-0.808594
16.848348346792736,-0.808594
16.848348346792736,-0.808594
16.848348346792736,-0.808594
16.87362069821761,-0.808594
16.87362069821761,-0.808594
16.89889304964249,-0.808594
16.89889304964249,-0.808594
16.89889304964249,-0.808594
16.92416540106737,-0.808594
16.92416540106737,-0.808594
16.949437752492255,-0.808594
16.949437752492255,-0.808594
16.949437752492255,-0.808594
16.974710103917143,-0.808594
16.974710103917143,-0.808594
16.999982455342035,-0.808594
16.999982455342035,-0.808594
16.999982455342035,-0.808594
17.02525480676693,-0.808594
17.02525480676693,-0.808594
17.05052715819183,-0.808594
17.05052715819183,-0.808594
17.05052715819183,-0.808594
17.075799509616733,-0.808594
17.075799509616733,-0.808594
17.10107186104164,-0.808594
17.10107186104164,-0.808594
17.10107186104164,-0.808594
17.12634421246655,-0.808594
17.12634421246655,-0.808594
17.15161656389146,-0.808594
17.15161656389146,-0.808594
17.15161656389146,-0.808594
17.176888915316372,-0.808594
17.176888915316372,-0.808594
17.20216126674129,-0.808594
17.20216126674129,-0.808594
17.20216126674129,-0.808594
17.227433618166206,-0.808594
17.227433618166206,-0.808594
17.252705969591126,-0.808594
17.252705969591126,-0.808594
17.252705969591126,-0.808594
17.27797832101605,-0.808594
17.27797832101605,-0.808594
17.303250672440974,-0.808594
17.303250672440974,-0.808594
17.303250672440974,-0.808594
17.328523023865902,-0.808594
17.328523023865902,-0.808594
17.35379537529083,-0.808594
17.35379537529083,-0.808594
17.35379537529083,-0.808594
17.37906772671576,-0.808594
17.37906772671576,-0.808594
17.40434007814069,-0.808594
17.40434007814069,-0.808594
17.40434007814069,-0.808594
17.429612429565626,-0.808594
17.429612429565626,-0.808594
17.45488478099056,-0.808594
17.45488478099056,-0.808594
17.45488478099056,-0.808594
17.480157132415496,-0.808594
17.480157132415496,-0.808594
17.505429483840434,-0.808594
17.505429483840434,-0.808594
17.530701835265372,-0.808594
17.530701835265372,-0.808594
17.530701835265372,-0.808594
17.555974186690314,-0.808594
17.555974186690314,-0.808594
17.555974186690314,-0.808594
17.581246538115256,-0.808594
17.581246538115256,-0.808594
17.606518889540197,-0.808594
17.606518889540197,-0.808594
17.606518889540197,-0.808594
17.631791240965143,-0.808594
17.631791240965143,-0.808594
17.657063592390088,-0.808594
17.657063592390088,-0.808594
17.657063592390088,-0.808594
17.682335943815033,-0.808594
17.682335943815033,-0.808594
17.70760829523998,-0.808594
17.70760829523998,-0.808594
17.70760829523998,-0.808594
17.732880646664928,-0.808594
17.732880646664928,-0.808594
17.758152998089876,-0.808594
17.758152998089876,-0.808594
17.758152998089876,-0.808594
17.783425349514825,-0.808594
17.783425349514825,-0.808594
17.808697700939774,-0.808594
17.808697700939774,-0.808594
17.808697700939774,-0.808594
17.833970052364723,-0.808594
17.833970052364723,-0.808594
17.859242403789676,-0.808594
17.859242403789676,-0.808594
17.859242403789676,-0.808594
17.884514755214628,-0.808594
17.884514755214628,-0.808594
17.90978710663958,-0.808594
17.90978710663958,-0.808594
17.90978710663958,-0.808594
17.935059458064533,-0.808594
17.935059458064533,-0.808594
17.960331809489485,-0.808594
17.960331809489485,-0.808594
17.960331809489485,-0.808594
17.985604160914438,-0.808594
17.985604160914438,-0.808594
18.010876512339394,-0.808594
18.010876512339394,-0.808594
18.010876512339394,-0.808594
18.03614886376435,-0.808594
18.03614886376435,-0.808594
18.061421215189306,-0.808594
18.061421215189306,-0.808594
18.08669356661426,-0.808594
18.08669356661426,-0.808594
18.111965918039218,-0.808594
18.137238269464174,-0.808594
18.16251062088913,-0.808594
18.16251062088913,-0.808594
18.16251062088913,-0.808594
18.187782972314086,-0.808594
18.187782972314086,-0.808594
18.213055323739045,-0.808594
18.213055323739045,-0.808594
18.213055323739045,-0.808594
18.238327675164005,-0.808594
18.238327675164005,-0.808594
18.263600026588964,-0.808594
18.263600026588964,-0.808594
18.263600026588964,-0.808594
18.288872378013924,-0.808594
18.288872378013924,-0.808594
18.314144729438883,-0.808594
18.314144729438883,-0.808594
18.314144729438883,-0.808594
18.339417080863843,-0.808594
18.339417080863843,-0.808594
18.364689432288802,-0.808594
18.364689432288802,-0.808594
18.364689432288802,-0.808594
18.389961783713762,-0.808594
18.389961783713762,-0.808594
18.41523413513872,-0.808594
18.41523413513872,-0.808594
18.44050648656368,-0.808594
18.44050648656368,-0.808594
18.46577883798864,-0.808594
18.46577883798864,-0.808594
18.46577883798864,-0.808594
18.4910511894136,-0.808594
18.4910511894136,-0.808594
18.51632354083856,-0.808594
18.51632354083856,-0.808594
18.51632354083856,-0.808594
18.54159589226352,-0.808594
18.54159589226352,-0.808594
18.56686824368848,-0.808594
18.56686824368848,-0.808594
18.56686824368848,-0.808594
18.59214059511344,-0.808594
18.59214059511344,-0.808594
18.617412946538405,-0.808594
18.617412946538405,-0.808594
18.617412946538405,-0.808594
18.642685297963368,-0.808594
18.642685297963368,-0.808594
18.66795764938833,-0.808594
18.66795764938833,-0.808594
18.66795764938833,-0.808594
18.693230000813294,-0.808594
18.693230000813294,-0.808594
18.718502352238257,-0.808594
18.718502352238257,-0.808594
18.718502352238257,-0.808594
18.74377470366322,-0.808594
18.74377470366322,-0.808594
18.769047055088183,-0.808594
18.769047055088183,-0.808594
18.769047055088183,-0.808594
18.794319406513146,-0.808594
18.794319406513146,-0.808594
18.81959175793811,-0.808594
18.81959175793811,-0.808594
18.844864109363073,-0.808594
18.844864109363073,-0.808594
18.870136460788036,-0.808594
18.870136460788036,-0.808594
18.870136460788036,-0.808594
18.895408812213,-0.808594
18.895408812213,-0.808594
18.920681163637962,-0.808594
18.920681163637962,-0.808594
18.920681163637962,-0.808594
18.945953515062925,-0.808594
18.945953515062925,-0.808594
18.971225866487888,-0.808594
18.971225866487888,-0.808594
18.971225866487888,-0.808594
18.99649821791285,-0.808594
18.99649821791285,-0.808594
19.021770569337814,-0.808594
19.021770569337814,-0.808594
19.021770569337814,-0.808594
19.047042920762777,-0.808594
19.047042920762777,-0.808594
19.07231527218774,-0.808594
19.07231527218774,-0.808594
19.07231527218774,-0.808594
19.097587623612704,-0.808594
19.097587623612704,-0.808594
19.122859975037667,-0.808594
19.122859975037667,-0.808594
19.122859975037667,-0.808594
19.14813232646263,-0.808594
19.14813232646263,-0.808594
19.173404677887593,-0.808594
19.173404677887593,-0.808594
19.173404677887593,-0.808594
19.198677029312556,-0.808594
19.198677029312556,-0.808594
19.22394938073752,-0.808594
19.22394938073752,-0.808594
19.22394938073752,-0.808594
19.249221732162482,-0.808594
19.249221732162482,-0.808594
19.274494083587445,-0.808594
19.274494083587445,-0.808594
19.274494083587445,-0.808594
19.29976643501241,-0.808594
19.29976643501241,-0.808594
19.32503878643737,-0.808594
19.32503878643737,-0.808594
19.32503878643737,-0.808594
19.350311137862334,-0.808594
19.350311137862334,-0.808594
19.375583489287298,-0.808594
19.375583489287298,-0.808594
19.375583489287298,-0.808594
19.40085584071226,-0.808594
19.40085584071226,-0.808594
19.426128192137224,-0.808594
19.426128192137224,-0.808594
19.426128192137224,-0.808594
19.451400543562187,-0.808594
19.451400543562187,-0.808594
19.47667289498715,-0.808594
19.47667289498715,-0.808594
19.47667289498715,-0.808594
19.501945246412113,-0.808594
19.501945246412113,-0.808594
19.527217597837076,-0.808594
19.527217597837076,-0.808594
19.55248994926204,-0.808594
19.55248994926204,-0.808594
19.55248994926204,-0.808594
19.577762300687002,-0.808594
19.577762300687002,-0.808594
19.577762300687002,-0.808594
19.603034652111965,-0.808594
19.603034652111965,-0.808594
19.62830700353693,-0.808594
19.62830700353693,-0.808594
19.65357935496189,-0.808594
19.65357935496189,-0.808594
19.678851706386855,-0.808594
19.678851706386855,-0.808594
19.678851706386855,-0.808594
19.704124057811818,-0.808594
19.704124057811818,-0.808594
19.72939640923678,-0.808594
19.72939640923678,-0.808594
19.72939640923678,-0.808594
19.754668760661744,-0.808594
19.754668760661744,-0.808594
19.779941112086707,-0.808594
19.779941112086707,-0.808594
19.779941112086707,-0.808594
19.80521346351167,-0.808594
19.80521346351167,-0.808594
19.830485814936633,-0.808594
19.830485814936633,-0.808594
19.830485814936633,-0.808594
19.855758166361596,-0.808594
19.855758166361596,-0.808594
19.88103051778656,-0.808594
19.88103051778656,-0.808594
19.88103051778656,-0.808594
19.906302869211522,-0.808594
19.906302869211522,-0.808594
19.931575220636486,-0.808594
19.931575220636486,-0.808594
19.95684757206145,-0.808594
19.95684757206145,-0.808594
19.95684757206145,-0.808594
19.98211992348641,-0.808594
19.98211992348641,-0.808594
19.98211992348641,-0.808594
20.007392274911375,-0.808594
20.007392274911375,-0.808594
20.032664626336338,-0.808594
20.032664626336338,-0.808594
20.032664626336338,-0.808594
20.0579369777613,-0.808594
20.0579369777613,-0.808594
20.083209329186264,-0.808594
20.083209329186264,-0.808594
20.083209329186264,-0.808594
20.108481680611227,-0.808594
20.108481680611227,-0.808594
20.13375403203619,-0.808594
20.13375403203619,-0.808594
20.13375403203619,-0.808594
20.159026383461153,-0.808594
20.159026383461153,-0.808594
20.184298734886116,-0.808594
20.184298734886116,-0.808594
20.184298734886116,-0.808594
20.20957108631108,-0.808594
20.20957108631108,-0.808594
20.234843437736043,-0.808594
20.234843437736043,-0.808594
20.234843437736043,-0.808594
20.260115789161006,-0.808594
20.260115789161006,-0.808594
20.28538814058597,-0.808594
20.28538814058597,-0.808594
20.28538814058597,-0.808594
20.310660492010932,-0.808594
20.310660492010932,-0.808594
20.335932843435895,-0.808594
20.335932843435895,-0.808594
20.335932843435895,-0.808594
20.361205194860858,-0.808594
20.361205194860858,-0.808594
20.38647754628582,-0.808594
20.38647754628582,-0.808594
20.38647754628582,-0.808594
20.411749897710784,-0.808594
20.411749897710784,-0.808594
20.437022249135747,-0.808594
20.437022249135747,-0.808594
20.437022249135747,-0.808594
20.46229460056071,-0.808594
20.46229460056071,-0.808594
20.487566951985674,-0.808594
20.487566951985674,-0.808594
20.487566951985674,-0.808594
20.512839303410637,-0.808594
20.512839303410637,-0.808594
20.5381116548356,-0.808594
20.5381116548356,-0.808594
20.5381116548356,-0.808594
20.563384006260563,-0.808594
20.563384006260563,-0.808594
20.588656357685526,-0.808594
20.588656357685526,-0.808594
20.588656357685526,-0.808594
20.61392870911049,-0.808594
20.61392870911049,-0.808594
20.639201060535452,-0.808594
20.639201060535452,-0.808594
20.639201060535452,-0.808594
20.664473411960415,-0.808594
20.664473411960415,-0.808594
20.68974576338538,-0.808594
20.68974576338538,-0.808594
20.68974576338538,-0.808594
20.71501811481034,-0.808594
20.71501811481034,-0.808594
20.740290466235304,-0.808594
20.740290466235304,-0.808594
20.740290466235304,-0.808594
20.765562817660268,-0.808594
20.765562817660268,-0.808594
20.79083516908523,-0.808594
20.79083516908523,-0.808594
20.79083516908523,-0.808594
20.816107520510194,-0.808594
20.816107520510194,-0.808594
20.841379871935157,-0.808594
20.841379871935157,-0.808594
20.841379871935157,-0.808594
20.86665222336012,-0.808594
20.86665222336012,-0.808594
20.891924574785083,-0.808594
20.891924574785083,-0.808594
20.891924574785083,-0.808594
20.917196926210046,-0.808594
20.917196926210046,-0.808594
20.94246927763501,-0.808594
20.94246927763501,-0.808594
20.94246927763501,-0.808594
20.967741629059972,-0.808594
20.967741629059972,-0.808594
20.993013980484935,-0.808594
20.993013980484935,-0.808594
20.993013980484935,-0.808594
21.0182863319099,-0.808594
21.0182863319099,-0.808594
21.04355868333486,-0.808594
21.04355868333486,-0.808594
21.04355868333486,-0.808594
21.068831034759825,-0.808594
21.068831034759825,-0.808594
21.094103386184788,-0.808594
21.094103386184788,-0.808594
21.094103386184788,-0.808594
21.11937573760975,-0.808594
21.11937573760975,-0.808594
21.144648089034714,-0.808594
21.144648089034714,-0.808594
21.144648089034714,-0.808594
21.169920440459677,-0.808594
21.169920440459677,-0.808594
21.19519279188464,-0.808594
21.19519279188464,-0.808594
21.19519279188464,-0.808594
21.220465143309603,-0.808594
21.220465143309603,-0.808594
21.245737494734566,-0.808594
21.245737494734566,-0.808594
21.245737494734566,-0.808594
21.27100984615953,-0.808594
21.27100984615953,-0.808594
21.296282197584492,-0.808594
21.296282197584492,-0.808594
21.296282197584492,-0.808594
21.321554549009456,-0.808594
21.321554549009456,-0.808594
21.34682690043442,-0.808594
21.34682690043442,-0.808594
21.34682690043442,-0.808594
21.37209925185938,-0.808594
21.37209925185938,-0.808594
21.397371603284345,-0.808594
21.397371603284345,-0.808594
21.397371603284345,-0.808594
21.422643954709308,-0.808594
21.422643954709308,-0.808594
21.44791630613427,-0.808594
21.44791630613427,-0.808594
21.44791630613427,-0.808594
21.473188657559234,-0.808594
21.473188657559234,-0.808594
21.498461008984197,-0.808594
21.498461008984197,-0.808594
21.498461008984197,-0.808594
21.52373336040916,-0.808594
21.52373336040916,-0.808594
21.549005711834123,-0.808594
21.549005711834123,-0.808594
21.574278063259086,-0.808594
21.574278063259086,-0.808594
21.574278063259086,-0.808594
21.59955041468405,-0.808594
21.59955041468405,-0.808594
21.59955041468405,-0.808594
21.624822766109013,-0.808594
21.624822766109013,-0.808594
21.650095117533976,-0.808594
21.650095117533976,-0.808594
21.650095117533976,-0.808594
21.67536746895894,-0.808594
21.67536746895894,-0.808594
21.700639820383902,-0.808594
21.700639820383902,-0.808594
21.700639820383902,-0.808594
21.725912171808865,-0.808594
21.725912171808865,-0.808594
21.751184523233828,-0.808594
21.751184523233828,-0.808594
21.751184523233828,-0.808594
21.77645687465879,-0.808594
21.77645687465879,-0.808594
21.801729226083754,-0.808594
21.801729226083754,-0.808594
21.801729226083754,-0.808594
21.827001577508717,-0.808594
21.827001577508717,-0.808594
21.85227392893368,-0.808594
21.85227392893368,-0.808594
21.85227392893368,-0.808594
21.877546280358644,-0.808594
21.877546280358644,-0.808594
21.902818631783607,-0.808594
21.902818631783607,-0.808594
21.902818631783607,-0.808594
21.92809098320857,-0.808594
21.92809098320857,-0.808594
21.953363334633533,-0.808594
21.953363334633533,-0.808594
21.953363334633533,-0.808594
21.978635686058496,-0.808594
21.978635686058496,-0.808594
22.00390803748346,-0.808594
22.00390803748346,-0.808594
22.00390803748346,-0.808594
22.029180388908422,-0.808594
22.029180388908422,-0.808594
22.054452740333385,-0.808594
22.054452740333385,-0.808594
22.054452740333385,-0.808594
22.07972509175835,-0.808594
22.07972509175835,-0.808594
22.10499744318331,-0.808594
22.10499744318331,-0.808594
22.10499744318331,-0.808594
22.130269794608274,-0.808594
22.130269794608274,-0.808594
22.155542146033238,-0.808594
22.155542146033238,-0.808594
22.155542146033238,-0.808594
22.1808144974582,-0.808594
22.1808144974582,-0.808594
22.206086848883164,-0.808594
22.206086848883164,-0.808594
22.206086848883164,-0.808594
22.231359200308127,-0.808594
22.231359200308127,-0.808594
22.25663155173309,-0.808594
22.25663155173309,-0.808594
22.25663155173309,-0.808594
22.281903903158053,-0.808594
22.281903903158053,-0.808594
22.307176254583016,-0.808594
22.307176254583016,-0.808594
22.307176254583016,-0.808594
22.33244860600798,-0.808594
22.33244860600798,-0.808594
22.357720957432942,-0.808594
22.357720957432942,-0.808594
22.357720957432942,-0.808594
22.382993308857905,-0.808594
22.382993308857905,-0.808594
22.40826566028287,-0.808594
22.40826566028287,-0.808594
22.40826566028287,-0.808594
22.43353801170783,-0.808594
22.43353801170783,-0.808594
22.458810363132795,-0.808594
22.458810363132795,-0.808594
22.458810363132795,-0.808594
22.484082714557758,-0.808594
22.484082714557758,-0.808594
22.50935506598272,-0.808594
22.50935506598272,-0.808594
22.50935506598272,-0.808594
22.534627417407684,-0.808594
22.534627417407684,-0.808594
22.559899768832647,-0.808594
22.559899768832647,-0.808594
22.559899768832647,-0.808594
22.58517212025761,-0.808594
22.58517212025761,-0.808594
22.610444471682573,-0.808594
22.610444471682573,-0.808594
22.610444471682573,-0.808594
22.635716823107536,-0.808594
22.635716823107536,-0.808594
22.6609891745325,-0.808594
22.6609891745325,-0.808594
22.6609891745325,-0.808594
22.686261525957462,-0.808594
22.686261525957462,-0.808594
22.711533877382426,-0.808594
22.711533877382426,-0.808594
22.711533877382426,-0.808594
22.73680622880739,-0.808594
22.73680622880739,-0.808594
22.76207858023235,-0.808594
22.76207858023235,-0.808594
22.76207858023235,-0.808594
22.787350931657315,-0.808594
22.787350931657315,-0.808594
22.812623283082278,-0.808594
22.812623283082278,-0.808594
22.812623283082278,-0.808594
22.83789563450724,-0.808594
22.83789563450724,-0.808594
22.863167985932204,-0.808594
22.863167985932204,-0.808594
22.863167985932204,-0.808594
22.888440337357167,-0.808594
22.888440337357167,-0.808594
22.91371268878213,-0.808594
22.91371268878213,-0.808594
22.91371268878213,-0.808594
22.938985040207093,-0.808594
22.938985040207093,-0.808594
22.964257391632056,-0.808594
22.964257391632056,-0.808594
22.964257391632056,-0.808594
22.98952974305702,-0.808594
22.98952974305702,-0.808594
23.014802094481983,-0.808594
23.014802094481983,-0.808594
23.014802094481983,-0.808594
23.040074445906946,-0.808594
23.040074445906946,-0.808594
23.06534679733191,-0.808594
23.06534679733191,-0.808594
23.06534679733191,-0.808594
23.090619148756872,-0.808594
23.090619148756872,-0.808594
23.115891500181835,-0.808594
23.115891500181835,-0.808594
23.115891500181835,-0.808594
23.141163851606798,-0.808594
23.141163851606798,-0.808594
23.16643620303176,-0.808594
23.16643620303176,-0.808594
23.16643620303176,-0.808594
23.191708554456724,-0.808594
23.191708554456724,-0.808594
23.216980905881687,-0.808594
23.216980905881687,-0.808594
23.216980905881687,-0.808594
23.24225325730665,-0.808594
23.267525608731614,-0.808594
23.292797960156577,-0.808594
23.31807031158154,-0.808594
23.31807031158154,-0.808594
23.31807031158154,-0.808594
23.343342663006503,-0.808594
23.343342663006503,-0.808594
23.368615014431466,-0.808594
23.368615014431466,-0.808594
23.368615014431466,-0.808594
23.39388736585643,-0.808594
23.39388736585643,-0.808594
23.419159717281392,-0.808594
23.419159717281392,-0.808594
23.419159717281392,-0.808594
23.444432068706355,-0.808594
23.444432068706355,-0.808594
23.46970442013132,-0.808594
23.46970442013132,-0.808594
23.46970442013132,-0.808594
23.49497677155628,-0.808594
23.49497677155628,-0.808594
23.520249122981244,-0.808594
23.520249122981244,-0.808594
23.520249122981244,-0.808594
23.545521474406208,-0.808594
23.545521474406208,-0.808594
23.57079382583117,-0.808594
23.57079382583117,-0.808594
23.596066177256134,-0.808594
23.596066177256134,-0.808594
23.596066177256134,-0.808594
23.621338528681097,-0.808594
23.621338528681097,-0.808594
23.621338528681097,-0.808594
23.64661088010606,-0.808594
23.64661088010606,-0.808594
23.671883231531023,-0.808594
23.671883231531023,-0.808594
23.671883231531023,-0.808594
23.697155582955986,-0.808594
23.697155582955986,-0.808594
23.72242793438095,-0.808594
23.72242793438095,-0.808594
23.72242793438095,-0.808594
23.747700285805912,-0.808594
23.747700285805912,-0.808594
23.772972637230875,-0.808594
23.772972637230875,-0.808594
23.772972637230875,-0.808594
23.79824498865584,-0.808594
23.79824498865584,-0.808594
23.8235173400808,-0.808594
23.8235173400808,-0.808594
23.8235173400808,-0.808594
23.848789691505765,-0.808594
23.848789691505765,-0.808594
23.874062042930728,-0.808594
23.874062042930728,-0.808594
23.874062042930728,-0.808594
23.89933439435569,-0.808594
23.89933439435569,-0.808594
23.924606745780654,-0.808594
23.924606745780654,-0.808594
23.924606745780654,-0.808594
23.949879097205617,-0.808594
23.949879097205617,-0.808594
23.97515144863058,-0.808594
23.97515144863058,-0.808594
23.97515144863058,-0.808594
24.000423800055543,-0.808594
24.000423800055543,-0.808594
24.025696151480506,-0.808594
24.025696151480506,-0.808594
24.025696151480506,-0.808594
24.05096850290547,-0.808594
24.05096850290547,-0.808594
24.076240854330432,-0.808594
24.076240854330432,-0.808594
24.076240854330432,-0.808594
24.101513205755396,-0.808594
24.101513205755396,-0.808594
24.12678555718036,-0.808594
24.12678555718036,-0.808594
24.12678555718036,-0.808594
24.15205790860532,-0.808594
24.15205790860532,-0.808594
24.177330260030285,-0.808594
24.177330260030285,-0.808594
24.177330260030285,-0.808594
24.202602611455248,-0.808594
24.202602611455248,-0.808594
24.22787496288021,-0.808594
24.22787496288021,-0.808594
24.22787496288021,-0.808594
24.253147314305174,-0.808594
24.253147314305174,-0.808594
24.278419665730137,-0.808594
24.278419665730137,-0.808594
24.278419665730137,-0.808594
24.3036920171551,-0.808594
24.3036920171551,-0.808594
24.328964368580063,-0.808594
24.328964368580063,-0.808594
24.328964368580063,-0.808594
24.35376122000503,-0.808594
24.35376122000503,-0.808594
24.377607071429996,-0.808594
24.377607071429996,-0.808594
24.40050192285496,-0.808594
24.40050192285496,-0.808594
24.422445774279925,-0.808594
24.422445774279925,-0.808594
24.422445774279925,-0.808594
24.44343862570489,-0.808594
24.44343862570489,-0.808594
24.463480477129853,-0.808594
24.463480477129853,-0.808594
24.463480477129853,-0.808594
24.48257132855482,-0.808594
24.48257132855482,-0.808594
24.500711179979785,-0.808594
24.500711179979785,-0.808594
24.500711179979785,-0.808594
24.51790003140475,-0.808594
24.51790003140475,-0.808594
24.534137882829715,-0.808594
24.534137882829715,-0.808594
24.534137882829715,-0.808594
24.54942473425468,-0.808594
24.54942473425468,-0.808594
24.563760585679642,-0.808594
24.563760585679642,-0.808594
24.563760585679642,-0.808594
24.57714543710461,-0.808594
24.57714543710461,-0.808594
24.589579288529574,-0.808594
24.589579288529574,-0.808594
24.589579288529574,-0.808594
24.60106213995454,-0.808594
24.60106213995454,-0.808594
24.611593991379504,-0.808594
24.611593991379504,-0.808594
24.611593991379504,-0.808594
24.621174842804468,-0.808594
24.621174842804468,-0.808594
24.62980469422943,-0.808594
24.62980469422943,-0.808594
24.62980469422943,-0.808594
24.637483545654398,-0.808594
24.637483545654398,-0.808594
24.644211397079363,-0.808594
24.644211397079363,-0.808594
24.644211397079363,-0.808594
24.64998824850433,-0.808594
24.64998824850433,-0.808594
24.654814099929293,-0.808594
24.654814099929293,-0.808594
24.654814099929293,-0.808594
24.658750732933743,-0.808594
24.658750732933743,-0.808594
24.66193861834075,-0.808594
24.66193861834075,-0.808594
24.66193861834075,-0.808594
24.66452016794334,-0.808594
24.66452016794334,-0.808594
24.666610706811518,-0.808594
24.666610706811518,-0.808594
24.666610706811518,-0.808594
24.66830362518697,-0.808594
24.66830362518697,-0.808594
24.66967455048741,-0.808594
24.66967455048741,-0.808594
24.66967455048741,-0.808594
24.67078472579571,-0.808594
24.67078472579571,-0.808594
24.67168374576037,-0.808594
24.67168374576037,-0.808594
24.67168374576037,-0.808594
24.67241177212775,-0.808594
24.67241177212775,-0.808594
24.673001327880055,-0.808594
24.673001327880055,-0.808594
24.673001327880055,-0.808594
24.67347875012827,-0.808594
24.67347875012827,-0.808594
24.673865366664877,-0.808594
24.673865366664877,-0.808594
24.673865366664877,-0.808594
24.67417844873622,-0.808594
24.67417844873622,-0.808594
24.674431982597596,-0.808594
24.674431982597596,-0.808594
24.674431982597596,-0.808594
24.674637294318536,-0.808594
24.674637294318536,-0.808594
24.674803555750152,-0.808594
24.674803555750152,-0.808594
24.674803555750152,-0.808594
24.674938194257475,-0.808594
24.674938194257475,-0.808594
24.675047224520707,-0.808594
24.675047224520707,-0.808594
24.675047224520707,-0.808594
24.675135517227872,-0.808594
24.675135517227872,-0.808594
24.675207016662135,-0.808594
24.675207016662135,-0.808594
24.675207016662135,-0.808594
24.675264916904002,-0.808594
24.675264916904002,-0.808594
24.675311804519865,-0.808594
24.675311804519865,-0.808594
24.675311804519865,-0.808594
24.67534977411119,-0.808594
24.67534977411119,-0.808594
24.675380521886247,-0.808594
24.675380521886247,-0.808594
24.675380521886247,-0.808594
24.675405421434487,-0.808594
24.675405421434487,-0.808594
24.67542558508865,-0.808594
24.67542558508865,-0.808594
24.67542558508865,-0.808594
24.675441913615792,-0.808594
24.675441913615792,-0.808594
24.67545513645707,-0.808594
24.67545513645707,-0.808594
24.67545513645707,-0.808594
24.67546584431394,-0.808594
24.67546584431394,-0.808594
24.675474515536433,-0.808594
24.675474515536433,-0.808594
24.675474515536433,-0.808594
24.675481537492406,-0.808594
24.675481537492406,-0.808594
24.675487223872352,-0.808594
24.675487223872352,-0.808594
24.675487223872352,-0.808594
24.675491828702835,-0.808594
24.675491828702835,-0.808594
24.67549555769456,-0.808594
24.67549555769456,-0.808594
24.67549555769456,-0.808594
24.67549857743206,-0.808594
24.67549857743206,-0.808594
24.675501022815485,-0.808594
24.675501022815485,-0.808594
24.675501022815485,-0.808594
24.675503003086984,-0.808594
24.675503003086984,-0.808594
24.67550460671084,-0.808594
24.67550460671084,-0.808594
24.675505905325444,-0.808594
24.675505905325444,-0.808594
24.675506956943547,-0.808594
24.675506956943547,-0.808594
24.675506956943547,-0.808594
24.675507808543887,-0.808594
24.675507808543887,-0.808594
24.675508498169844,-0.808594
24.675508498169844,-0.808594
24.675508498169844,-0.808594
24.675509056628943,-0.808594
24.675509056628943,-0.808594
24.675509508869123,-0.808594
24.675509508869123,-0.808594
24.67550987509322,-0.808594
24.67550987509322,-0.808594
24.675510171661493,-0.808594
24.675510171661493,-0.808594
24.675510171661493,-0.808594
24.67551041182248,-0.808594
24.67551041182248,-0.808594
24.675510606304847,-0.808594
24.675510606304847,-0.808594
24.675510606304847,-0.808594
24.67551076379667,-0.808594
24.67551076379667,-0.808594
24.67551089133355,-0.808594
24.67551089133355,-0.808594
24.67551089133355,-0.808594
24.67551099461291,-0.808594
24.67551099461291,-0.808594
24.675511078248537,-0.808594
24.675511078248537,-0.808594
24.675511078248537,-0.808594
24.675511145976667,-0.808594
24.675511145976667,-0.808594
24.675511200822907,-0.808594
24.675511200822907,-0.808594
24.675511200822907,-0.808594
24.67551124523739,-0.808594
24.67551124523739,-0.808594
24.67551128120424,-0.808594
24.67551128120424,-0.808594
24.67551128120424,-0.808594
24.675511310330197,-0.808594
24.675511310330197,-0.808594
24.675511333916397,-0.808594
24.675511333916397,-0.808594
24.675511333916397,-0.808594
24.6755113530165,-0.808594
24.6755113530165,-0.808594
24.675511368483765,-0.808594
24.675511368483765,-0.808594
24.675511381009155,-0.808594
24.675511381009155,-0.808594
24.675511381009155,-0.808594
24.675511391152217,-0.808594
24.675511391152217,-0.808594
24.675511391152217,-0.808594
24.67551139936607,-0.808594
24.67551139936607,-0.808594
24.675511406017645,-0.808594
24.675511406017645,-0.808594
24.675511406017645,-0.808594
24.67551141140409,-0.808594
24.67551141140409,-0.808594
24.675511415766035,-0.808594
24.675511415766035,-0.808594
24.675511415766035,-0.808594
24.67551141929834,-0.808594
24.67551141929834,-0.808594
24.6755114221588,-0.808594
24.6755114221588,-0.808594
24.6755114221588,-0.808594
24.675511424475197,-0.808594
24.675511424475197,-0.808594
24.675511426351015,-0.808594
24.675511426351015,-0.808594
24.675511426351015,-0.808594
24.675511427870056,-0.808594
24.675511427870056,-0.808594
24.675511429100172,-0.808594
24.675511429100172,-0.808594
24.675511429100172,-0.808594
24.67551143009632,-0.808594
24.67551143009632,-0.808594
24.675511430903004,-0.808594
24.675511430903004,-0.808594
24.675511430903004,-0.808594
24.675511431556256,-0.808594
24.675511431556256,-0.808594
24.67551143208526,-0.808594
24.67551143208526,-0.808594
24.67551143208526,-0.808594
24.675511432513645,-0.808594
24.675511432513645,-0.808594
24.675511432860553,-0.808594
24.675511432860553,-0.808594
24.675511432860553,-0.808594
24.67551143314148,-0.808594
24.67551143314148,-0.808594
24.675511433368975,-0.808594
24.675511433368975,-0.808594
24.675511433368975,-0.808594
24.6755114335532,-0.808594
24.6755114335532,-0.808594
24.675511433702386,-0.808594
24.675511433702386,-0.808594
24.675511433702386,-0.808594
24.675511433823196,-0.808594
24.675511433823196,-0.808594
24.675511433921027,-0.808594
24.675511433921027,-0.808594
24.675511433921027,-0.808594
24.675511434000253,-0.808594
24.675511434000253,-0.808594
24.675511434064408,-0.808594
24.675511434064408,-0.808594
24.675511434064408,-0.808594
24.675511434116363,-0.808594
24.675511434116363,-0.808594
24.675511434158434,-0.808594
24.675511434158434,-0.808594
24.675511434158434,-0.808594
24.675511434192504,-0.808594
24.675511434192504,-0.808594
24.675511434220095,-0.808594
24.675511434220095,-0.808594
24.675511434220095,-0.808594
24.675511434242438,-0.808594
24.675511434242438,-0.808594
24.67551143426053,-0.808594
24.67551143426053,-0.808594
24.67551143426053,-0.808594
24.675511434275183,-0.808594
24.675511434275183,-0.808594
24.67551143428705,-0.808594
24.67551143428705,-0.808594
24.675511434296656,-0.808594
24.675511434304436,-0.808594
24.675511434304436,-0.808594
24.675511434310735,-0.808594
24.675511434315837,-0.808594
24.67551143431997,-0.808594
24.67551143431997,-0.808594
24.67551143431997,-0.808594
24.675511434323315,-0.808594
24.675511434323315,-0.808594
24.675511434323315,-0.808594
24.675511434326026,-0.808594
24.675511434326026,-0.808594
24.67551143432822,-0.808594
24.67551143432822,-0.808594
24.67551143432822,-0.808594
24.675511434329998,-0.808594
24.675511434329998,-0.808594
24.675511434331437,-0.808594
24.675511434331437,-0.808594
24.675511434331437,-0.808594
24.675511434332602,-0.808594
24.675511434332602,-0.808594
24.675511434333547,-0.808594
24.675511434333547,-0.808594
24.675511434333547,-0.808594
24.67551143433431,-0.808594
24.67551143433431,-0.808594
24.67551143433493,-0.808594
24.67551143433493,-0.808594
24.67551143433493,-0.808594
24.67551143433543,-0.808594
24.67551143433543,-0.808594
24.675511434335835,-0.808594
24.675511434335835,-0.808594
24.675511434335835,-0.808594
24.675511434336162,-0.808594
24.675511434336162,-0.808594
24.67551143433643,-0.808594
24.67551143433643,-0.808594
24.675511434336645,-0.808594
24.675511434336645,-0.808594
24.67551143433682,-0.808594
24.67551143433682,-0.808594
24.67551143433682,-0.808594
24.67551143433696,-0.808594
24.67551143433696,-0.808594
24.675511434337075,-0.808594
24.675511434337075,-0.808594
24.675511434337075,-0.808594
24.675511434337167,-0.808594
24.675511434337167,-0.808594
24.675511434337242,-0.808594
24.675511434337242,-0.808594
24.675511434337242,-0.808594
24.675511434337302,-0.808594
24.675511434337302,-0.808594
24.675511434337352,-0.808594
24.675511434337352,-0.808594
24.675511434337352,-0.808594
24.67551143433739,-0.808594
24.67551143433739,-0.808594
24.675511434337423,-0.808594
24.675511434337423,-0.808594
24.675511434337423,-0.808594
24.675511434337448,-0.808594
24.675511434337448,-0.808594
24.67551143433747,-0.808594
24.67551143433747,-0.808594
24.675511434337487,-0.808594
24.675511434337487,-0.808594
24.675511434337487,-0.808594
24.6755114343375,-0.808594
24.6755114343375,-0.808594
24.6755114343375,-0.808594
24.675511434337512,-0.808594
24.675511434337512,-0.808594
24.675511434337523,-0.808594
24.675511434337523,-0.808594
24.675511434337523,-0.808594
24.67551143433753,-0.808594
24.67551143433753,-0.808594
24.675511434337537,-0.808594
24.675511434337537,-0.808594
24.675511434337537,-0.808594
24.67551143433754,-0.808594
24.67551143433754,-0.808594
24.675511434337544,-0.808594
24.675511434337544,-0.808594
24.675511434337544,-0.808594
24.675511434337547,-0.808594
24.675511434337547,-0.808594
24.67551143433755,-0.808594
24.67551143433755,-0.808594
24.67551143433755,-0.808594
24.675511434337555,-0.808594
24.675511434337555,-0.808594
24.675511434337555,-0.808594
24.675511434337555,-0.808594
24.675511434337555,-0.808594
24.675511434337555,-0.808594
24.675511434337555,-0.808594
24.675511434337555,-0.808594
24.675511434337555,-0.808594
24.675511434337555,-0.808594
24.675511434337555,-0.808594
24.675511434337555,-0.808594
24.675511434337555,-0.808594
24.675511434337555,-0.808594
24.675511434337555,-0.808594
24.675511434337555,-0.808594
24.675511434337555,-0.808594
24.675511434337555,-0.808594
24.675511434337555,-0.808594
24.675511434337555,-0.808594
24.675511434337555,-0.808594
24.675511434337555,-0.808594
24.675511434337555,-0.808594
24.675511434337555,-0.808594
24.675511434337555,-0.808594
24.675511434337555,-0.808594
24.675511434337555,-0.808594
24.675511434337555,-0.808594
24.675511434337555,-0.808594
24.675511434337555,-0.808594
24.675511434337555,-0.808594
24.675511434337555,-0.808594
24.675511434337555,-0.808594
24.675511434337555,-0.808594
24.675511434337555,-0.808594
24.675511434337555,-0.808594
24.675511434337555,-0.808594
24.675511434337555,-0.808594
24.675511434337555,-0.808594
24.675511434337555,-0.808594
24.675511434337555,-0.808594
24.675511434337555,-0.808594
24.675511434337555,-0.808594
24.675511434337555,-0.808594
24.675511434337555,-0.808594
24.675511434337555,-0.808594
24.675511434337555,-0.808594
24.675511434337555,-0.808594
24.675511434337555,-0.808594
24.675511434337555,-0.808594
24.675511434337555,-0.808594
24.675511434337555,-0.808594
24.675511434337555,-0.808594
24.675511434337555,-0.808594
24.675511434337555,-0.808594
24.675511434337555,-0.808594
24.675511434337555,-0.808594
24.675511434337555,-0.808594
24.675511434337555,-0.808594
24.675511434337555,-0.808594
24.675511434337555,-0.808594
24.675511434337555,-0.808594
24.675511434337555,-0.808594
24.675511434337555,-0.808594
24.675511434337555,-0.808594
24.675511434337555,-0.808594
24.675511434337555,-0.808594
24.675511434337555,-0.808594
24.675511434337555,-0.808594
24.675511434337555,-0.808594
24.675511434337555,-0.808594
24.675511434337555,-0.808594
24.675511434337555,-0.808594
24.675511434337555,-0.808594
24.675511434337555,-0.808594
24.675511434337555,-0.808594
24.675511434337555,-0.808594
24.675511434337555,-0.808594
24.675511434337555,-0.808594
24.675511434337555,-0.808594
24.675511434337555,-0.808594
24.675511434337555,-0.808594
24.675511434337555,-0.808594
24.675511434337555,-0.808594
24.675511434337555,-0.808594
24.675511434337555,-0.808594
24.675511434337555,-0.808594
24.675511434337555,-0.808594
24.675511434337555,-0.808594
24.675511434337555,-0.808594
24.675511434337555,-0.808594
24.675511434337555,-0.808594
24.675511434337555,-0.808594
24.675511434337555,-0.808594
24.675511434337555,-0.808594
24.675511434337555,-0.808594
24.675511434337555,-0.808594
24.675511434337555,-0.808594
24.675511434337555,-0.808594
24.675511434337555,-0.808594
24.675511434337555,-0.808594
24.675511434337555,-0.808594
24.675511434337555,-0.808594
24.675511434337555,-0.808594
24.675511434337555,-0.808594
24.675511434337555,-0.808594
24.675511434337555,-0.808594
24.675511434337555,-0.808594
24.675511434337555,-0.808594
24.675511434337555,-0.808594
24.675511434337555,-0.808594
24.675511434337555,-0.808594
24.675511434337555,-0.808594
24.675511434337555,-0.808594
24.675511434337555,-0.808594
24.675511434337555,-0.808594
24.675511434337555,-0.808594
24.675511434337555,-0.808594
24.675511434337555,-0.808594
24.675511434337555,-0.808594
24.675511434337555,-0.808594
24.675511434337555,-0.808594
24.675511434337555,-0.808594
24.675511434337555,-0.808594
24.675511434337555,-0.808594
24.675511434337555,-0.808594
24.675511434337555,-0.808594
24.675511434337555,-0.808594
24.675511434337555,-0.808594
24.675511434337555,-0.808594
24.675511434337555,-0.808594
24.675511434337555,-0.808594
24.675511434337555,-0.808594
24.675511434337555,-0.808594
24.675511434337555,-0.808594
24.675511434337555,-0.808594
24.675511434337555,-0.808594
24.675511434337555,-0.808594
24.675511434337555,-0.808594
24.675511434337555,-0.808594
24.675511434337555,-0.808594
24.675511434337555,-0.808594
24.675511434337555,-0.808594
24.675511434337555,-0.808594
24.675511434337555,-0.808594
24.675511434337555,-0.808594
24.675511434337555,-0.808594
24.675511434337555,-0.808594
24.675511434337555,-0.808594
24.675511434337555,-0.808594
24.675511434337555,-0.808594
24.675511434337555,-0.808594
24.675511434337555,-0.808594
24.675511434337555,-0.808594
24.675511434337555,-0.808594
24.675511434337555,-0.808594
24.675511434337555,-0.808594
24.675511434337555,-0.808594
24.675511434337555,-0.808594
24.675511434337555,-0.808594
24.675511434337555,-0.808594
24.675511434337555,-0.808594
24.675511434337555,-0.808594
24.675511434337555,-0.808594
24.675511434337555,-0.808594
24.675511434337555,-0.808594
24.675511434337555,-0.808594
24.675511434337555,-0.808594
24.675511434337555,-0.808594
24.675511434337555,-0.808594
24.675511434337555,-0.808594
24.675511434337555,-0.808594
24.675511434337555,-0.808594
24.675511434337555,-0.808594
24.675511434337555,-0.808594
24.675511434337555,-0.808594
24.675511434337555,-0.808594
24.675511434337555,-0.808594
24.675511434337555,-0.808594
24.675511434337555,-0.808594
24.675511434337555,-0.808594
24.675511434337555,-0.808594
24.675511434337555,-0.808594
24.675511434337555,-0.808594
24.675511434337555,-0.808594
24.675511434337555,-0.808594
24.675511434337555,-0.808594
24.675511434337555,-0.808594
24.675511434337555,-0.808594
24.675511434337555,-0.808594
24.675511434337555,-0.808594
24.675511434337555,-0.808594
24.675511434337555,-0.808594
24.675511434337555,-0.808594
24.675511434337555,-0.808594
24.675511434337555,-0.808594
24.675511434337555,-0.808594
24.675511434337555,-0.808594
24.675511434337555,-0.808594
24.675511434337555,-0.808594
24.675511434337555,-0.808594
24.675511434337555,-0.808594
24.675511434337555,-0.808594
24.675511434337555,-0.808594
24.675511434337555,-0.808594
24.675511434337555,-0.808594
24.675511434337555,-0.808594
24.675511434337555,-0.808594
24.675511434337555,-0.808594
24.675511434337555,-0.808594
24.675511434337555,-0.808594
24.675511434337555,-0.808594
24.675511434337555,-0.808594
24.675511434337555,-0.808594
24.675511434337555,-0.808594
24.675511434337555,-0.808594
24.675511434337555,-0.808594
24.675511434337555,-0.808594
24.675511434337555,-0.808594
24.675511434337555,-0.808594
24.675511434337555,-0.808594
24.675511434337555,-0.808594
24.675511434337555,-0.808594
24.675511434337555,-0.808594
24.675511434337555,-0.808594
24.675986934337555,-0.808594
24.675986934337555,-0.808594
24.677413434337556,-0.808594
24.677413434337556,-0.808594
24.677413434337556,-0.808594
24.679790934337557,-0.808594
24.679790934337557,-0.808594
24.683119434337556,-0.808594
24.683119434337556,-0.808594
24.683119434337556,-0.808594
24.687398934337555,-0.808594
24.687398934337555,-0.808594
24.692629434337555,-0.808594
24.692629434337555,-0.808594
24.692629434337555,-0.808594
24.698810934337555,-0.808594
24.698810934337555,-0.808594
24.705943434337556,-0.808594
24.705943434337556,-0.808594
24.705943434337556,-0.808594
24.714026934337557,-0.808594
24.714026934337557,-0.808594
24.723061434337556,-0.808594
24.723061434337556,-0.808594
24.723061434337556,-0.808594
24.733046934337555,-0.808594
24.733046934337555,-0.808594
24.743983434337554,-0.808594
24.743983434337554,-0.808594
24.743983434337554,-0.808594
24.75585114272526,-0.808594
24.75585114272526,-0.808594
24.76860859895454,-0.808594
24.76860859895454,-0.808594
24.76860859895454,-0.808594
24.78221349551553,-0.808594
24.78221349551553,-0.808594
24.796625536620457,-0.808594
24.796625536620457,-0.808594
24.796625536620457,-0.808594
24.811806342546255,-0.808594
24.811806342546255,-0.808594
24.82771935852569,-0.808594
24.82771935852569,-0.808594
24.82771935852569,-0.808594
24.844329767970716,-0.808594
24.844329767970716,-0.808594
24.861604409822043,-0.808594
24.861604409822043,-0.808594
24.861604409822043,-0.808594
24.87951169982875,-0.808594
24.87951169982875,-0.808594
24.89802155557105,-0.808594
24.89802155557105,-0.808594
24.89802155557105,-0.808594
24.91710532504821,-0.808594
24.91710532504821,-0.808594
24.936735718662145,-0.808594
24.936735718662145,-0.808594
24.936735718662145,-0.808594
24.95688674443515,-0.808594
24.95688674443515,-0.808594
24.977533646308057,-0.808594
24.977533646308057,-0.808594
24.977533646308057,-0.808594
24.99865284537232,-0.808594
24.99865284537232,-0.808594
25.020221883896486,-0.808594
25.020221883896486,-0.808594
25.020221883896486,-0.808594
25.04221937201424,-0.808594
25.04221937201424,-0.808594
25.064624936947407,-0.808594
25.064624936947407,-0.808594
25.064624936947407,-0.808594
25.08741917464341,-0.808594
25.08741917464341,-0.808594
25.11058360371238,-0.808594
25.11058360371238,-0.808594
25.134100621554534,-0.808594
25.134100621554534,-0.808594
25.157953462573705,-0.808594
25.157953462573705,-0.808594
25.157953462573705,-0.808594
25.182126158377823,-0.808594
25.182126158377823,-0.808594
25.206603499871868,-0.808594
25.206603499871868,-0.808594
25.206603499871868,-0.808594
25.23137100115328,-0.808594
25.23137100115328,-0.808594
25.256414865124174,-0.808594
25.256414865124174,-0.808594
25.256414865124174,-0.808594
25.281721950738664,-0.808594
25.281721950738664,-0.808594
25.307279741807594,-0.808594
25.307279741807594,-0.808594
25.307279741807594,-0.808594
25.333076317286608,-0.808594
25.333076317286608,-0.808594
25.359100322977007,-0.808594
25.359100322977007,-0.808594
25.359100322977007,-0.808594
25.38534094457224,-0.808594
25.38534094457224,-0.808594
25.411787881986026,-0.808594
25.411787881986026,-0.808594
25.411787881986026,-0.808594
25.4384313249012,-0.808594
25.4384313249012,-0.808594
25.465261929481166,-0.808594
25.465261929481166,-0.808594
25.465261929481166,-0.808594
25.49227079618877,-0.808594
25.49227079618877,-0.808594
25.519449448659838,-0.808594
25.519449448659838,-0.808594
25.519449448659838,-0.808594
25.546789813581317,-0.808594
25.546789813581317,-0.808594
25.57428420152619,-0.808594
25.57428420152619,-0.808594
25.57428420152619,-0.808594
25.601925288699697,-0.808594
25.601925288699697,-0.808594
25.629706099553513,-0.808594
25.629706099553513,-0.808594
25.629706099553513,-0.808594
25.657619990226642,-0.808594
25.657619990226642,-0.808594
25.685660632773676,-0.808594
25.685660632773676,-0.808594
25.685660632773676,-0.808594
25.713822000143008,-0.808594
25.713822000143008,-0.808594
25.742098351869338,-0.808594
25.742098351869338,-0.808594
25.742098351869338,-0.808594
25.770484220446495,-0.808594
25.770484220446495,-0.808594
25.798974398348218,-0.808594
25.798974398348218,-0.808594
25.798974398348218,-0.808594
25.827563925666123,-0.808594
25.827563925666123,-0.808594
25.856248078335476,-0.808594
25.856248078335476,-0.808594
25.88502235692081,-0.808594
25.88502235692081,-0.808594
25.913882475934823,-0.808594
25.913882475934823,-0.808594
25.913882475934823,-0.808594
25.94282435366513,-0.808594
25.94282435366513,-0.808594
25.971844102484773,-0.808594
25.971844102484773,-0.808594
26.000938019623455,-0.808594
26.000938019623455,-0.808594
26.0301025783776,-0.808594
26.0301025783776,-0.808594
26.0301025783776,-0.808594
26.0593344197384,-0.808594
26.0886303444179,-0.808594
26.0886303444179,-0.808594
26.0886303444179,-0.808594
26.117987305254303,-0.808594
26.117987305254303,-0.808594
26.147402399978347,-0.808594
26.147402399978347,-0.808594
26.147402399978347,-0.808594
26.176872864323673,-0.808594
26.176872864323673,-0.808594
26.20639606546479,-0.808594
26.20639606546479,-0.808594
26.20639606546479,-0.808594
26.23596949576706,-0.808594
26.23596949576706,-0.808594
26.265590766833864,-0.808594
26.265590766833864,-0.808594
26.265590766833864,-0.808594
26.295257603836856,-0.808594
26.295257603836856,-0.808594
26.324967840115765,-0.808594
26.324967840115765,-0.808594
26.354719412035024,-0.808594
26.354719412035024,-0.808594
26.384510354084934,-0.808594
26.384510354084934,-0.808594
26.384510354084934,-0.808594
26.41433879421578,-0.808594
26.41433879421578,-0.808594
26.444202949393816,-0.808594
26.444202949393816,-0.808594
26.444202949393816,-0.808594
26.474101121368548,-0.808594
26.474101121368548,-0.808594
26.50403169264129,-0.808594
26.50403169264129,-0.808594
26.50403169264129,-0.808594
26.53399312262543,-0.808594
26.53399312262543,-0.808594
26.563983943989232,-0.808594
26.563983943989232,-0.808594
26.563983943989232,-0.808594
26.594002759172596,-0.808594
26.594002759172596,-0.808594
26.624048237069402,-0.808594
26.624048237069402,-0.808594
26.654119109867626,-0.808594
26.654119109867626,-0.808594
26.684214170039706,-0.808594
26.684214170039706,-0.808594
26.684214170039706,-0.808594
26.714332267476014,-0.808594
26.714332267476014,-0.808594
26.744472306754638,-0.808594
26.744472306754638,-0.808594
26.744472306754638,-0.808594
26.774633244540972,-0.808594
26.774633244540972,-0.808594
26.804814087110977,-0.808594
26.804814087110977,-0.808594
26.804814087110977,-0.808594
26.83501388799219,-0.808594
26.83501388799219,-0.808594
26.865231745716912,-0.808594
26.865231745716912,-0.808594
26.865231745716912,-0.808594
26.895466801682236,-0.808594
26.895466801682236,-0.808594
26.92571823811182,-0.808594
26.92571823811182,-0.808594
26.92571823811182,-0.808594
26.95598527611459,-0.808594
26.95598527611459,-0.808594
26.986267173835735,-0.808594
26.986267173835735,-0.808594
26.986267173835735,-0.808594
27.016563224695652,-0.808594
27.016563224695652,-0.808594
27.04687275571259,-0.808594
27.04687275571259,-0.808594
27.04687275571259,-0.808594
27.077195125905085,-0.808594
27.077195125905085,-0.808594
27.107529724770338,-0.808594
27.107529724770338,-0.808594
27.107529724770338,-0.808594
27.13787597083496,-0.808594
27.13787597083496,-0.808594
27.16823331027462,-0.808594
27.16823331027462,-0.808594
27.16823331027462,-0.808594
27.198601215599336,-0.808594
27.198601215599336,-0.808594
27.228979184401272,-0.808594
27.228979184401272,-0.808594
27.228979184401272,-0.808594
27.259366738162086,-0.808594
27.259366738162086,-0.808594
27.289763421116984,-0.808594
27.289763421116984,-0.808594
27.289763421116984,-0.808594
27.320168799172787,-0.808594
27.320168799172787,-0.808594
27.35058245887745,-0.808594
27.35058245887745,-0.808594
27.35058245887745,-0.808594
27.381004006438566,-0.808594
27.381004006438566,-0.808594
27.41143306678856,-0.808594
27.41143306678856,-0.808594
27.41143306678856,-0.808594
27.441869282694327,-0.808594
27.441869282694327,-0.808594
27.472312313909185,-0.808594
27.472312313909185,-0.808594
27.472312313909185,-0.808594
27.50276183636519,-0.808594
27.50276183636519,-0.808594
27.53321754140382,-0.808594
27.53321754140382,-0.808594
27.53321754140382,-0.808594
27.563679135043273,-0.808594
27.563679135043273,-0.808594
27.59414633728058,-0.808594
27.59414633728058,-0.808594
27.59414633728058,-0.808594
27.624618881426915,-0.808594
27.624618881426915,-0.808594
27.655096513474504,-0.808594
27.655096513474504,-0.808594
27.655096513474504,-0.808594
27.685578991493642,-0.808594
27.685578991493642,-0.808594
27.71606608505838,-0.808594
27.71606608505838,-0.808594
27.71606608505838,-0.808594
27.746557574699526,-0.808594
27.746557574699526,-0.808594
27.77705325138365,-0.808594
27.77705325138365,-0.808594
27.77705325138365,-0.808594
27.80755291601685,-0.808594
27.80755291601685,-0.808594
27.838056378972155,-0.808594
27.838056378972155,-0.808594
27.838056378972155,-0.808594
27.868563459639347,-0.808594
27.868563459639347,-0.808594
27.899073985996225,-0.808594
27.899073985996225,-0.808594
27.899073985996225,-0.808594
27.92958779420024,-0.808594
27.92958779420024,-0.808594
27.960104728199568,-0.808594
27.960104728199568,-0.808594
27.960104728199568,-0.808594
27.99062463936264,-0.808594
27.99062463936264,-0.808594
28.021147386125318,-0.808594
28.021147386125318,-0.808594
28.021147386125318,-0.808594
28.05167283365484,-0.808594
28.05167283365484,-0.808594
28.08220085352975,-0.808594
28.08220085352975,-0.808594
28.08220085352975,-0.808594
28.112731323435014,-0.808594
28.112731323435014,-0.808594
28.143264126871696,-0.808594
28.143264126871696,-0.808594
28.143264126871696,-0.808594
28.173799152880374,-0.808594
28.173799152880374,-0.808594
28.20433629577775,-0.808594
28.20433629577775,-0.808594
28.20433629577775,-0.808594
28.23487545490577,-0.808594
28.23487545490577,-0.808594
28.26541653439266,-0.808594
28.26541653439266,-0.808594
28.26541653439266,-0.808594
28.295959442925362,-0.808594
28.295959442925362,-0.808594
28.326504093532744,-0.808594
28.326504093532744,-0.808594
28.326504093532744,-0.808594
28.357050403379155,-0.808594
28.357050403379155,-0.808594
28.38759829356778,-0.808594
28.38759829356778,-0.808594
28.38759829356778,-0.808594
28.418147688953347,-0.808594
28.418147688953347,-0.808594
28.44869851796374,-0.808594
28.44869851796374,-0.808594
28.44869851796374,-0.808594
28.479250712430105,-0.808594
28.479250712430105,-0.808594
28.509804207425002,-0.808594
28.509804207425002,-0.808594
28.509804207425002,-0.808594
28.540358941108302,-0.808594
28.540358941108302,-0.808594
28.570914854580373,-0.808594
28.570914854580373,-0.808594
28.570914854580373,-0.808594
28.601471891742257,-0.808594
28.601471891742257,-0.808594
28.632029999162505,-0.808594
28.632029999162505,-0.808594
28.632029999162505,-0.808594
28.662589125950333,-0.808594
28.662589125950333,-0.808594
28.69314922363481,-0.808594
28.69314922363481,-0.808594
28.69314922363481,-0.808594
28.723710246049798,-0.808594
28.723710246049798,-0.808594
28.754272149224366,-0.808594
28.754272149224366,-0.808594
28.784834891278397,-0.808594
28.784834891278397,-0.808594
28.784834891278397,-0.808594
28.814922542557113,-0.808594
28.814922542557113,-0.808594
28.814922542557113,-0.808594
28.84405919383583,-0.808594
28.84405919383583,-0.808594
28.872244845114547,-0.808594
28.872244845114547,-0.808594
28.872244845114547,-0.808594
28.899479496393266,-0.808594
28.899479496393266,-0.808594
28.925763147671983,-0.808594
28.925763147671983,-0.808594
28.925763147671983,-0.808594
28.9510957989507,-0.808594
28.9510957989507,-0.808594
28.975477450229416,-0.808594
28.975477450229416,-0.808594
28.975477450229416,-0.808594
28.998908101508132,-0.808594
28.998908101508132,-0.808594
29.02138775278685,-0.808594
29.02138775278685,-0.808594
29.02138775278685,-0.808594
29.04291640406557,-0.808594
29.04291640406557,-0.808594
29.063494055344286,-0.808594
29.063494055344286,-0.808594
29.063494055344286,-0.808594
29.083120706623003,-0.808594
29.083120706623003,-0.808594
29.10179635790172,-0.808594
29.10179635790172,-0.808594
29.10179635790172,-0.808594
29.119521009180435,-0.808594
29.119521009180435,-0.808594
29.136294660459154,-0.808594
29.136294660459154,-0.808594
29.15211731173787,-0.808594
29.15211731173787,-0.808594
29.15211731173787,-0.808594
29.16698896301659,-0.808594
29.16698896301659,-0.808594
29.16698896301659,-0.808594
29.180909614295306,-0.808594
29.180909614295306,-0.808594
29.193879265574022,-0.808594
29.193879265574022,-0.808594
29.193879265574022,-0.808594
29.205897916852738,-0.808594
29.205897916852738,-0.808594
29.216965568131457,-0.808594
29.216965568131457,-0.808594
29.216965568131457,-0.808594
29.227082219410175,-0.808594
29.227082219410175,-0.808594
29.236247870688892,-0.808594
29.236247870688892,-0.808594
29.236247870688892,-0.808594
29.24446252196761,-0.808594
29.24446252196761,-0.808594
29.251726173246325,-0.808594
29.251726173246325,-0.808594
29.251726173246325,-0.808594
29.25803882452504,-0.808594
29.25803882452504,-0.808594
29.26340047580376,-0.808594
29.26340047580376,-0.808594
29.26340047580376,-0.808594
29.267821954095872,-0.808594
29.267821954095872,-0.808594
29.271402467216824,-0.808594
29.271402467216824,-0.808594
29.271402467216824,-0.808594
29.274301966742172,-0.808594
29.274301966742172,-0.808594
29.276649981457798,-0.808594
29.276649981457798,-0.808594
29.27855140377451,-0.808594
29.27855140377451,-0.808594
29.27855140377451,-0.808594
29.280091175566586,-0.808594
29.280091175566586,-0.808594
29.280091175566586,-0.808594
29.281338082763806,-0.808594
29.281338082763806,-0.808594
29.282347828212117,-0.808594
29.282347828212117,-0.808594
29.282347828212117,-0.808594
29.28316552007616,-0.808594
29.28316552007616,-0.808594
29.28382768694766,-0.808594
29.28382768694766,-0.808594
29.28382768694766,-0.808594
29.284363909680202,-0.808594
29.284363909680202,-0.808594
29.284798142849013,-0.808594
29.284798142849013,-0.808594
29.284798142849013,-0.808594
29.285149784869116,-0.808594
29.285149784869116,-0.808594
29.285434544576997,-0.808594
29.285434544576997,-0.808594
29.285434544576997,-0.808594
29.28566514298844,-0.808594
29.28566514298844,-0.808594
29.285851881582023,-0.808594
29.285851881582023,-0.808594
29.285851881582023,-0.808594
29.28600310249511,-0.808594
29.28600310249511,-0.808594
29.286125561190524,-0.808594
29.286125561190524,-0.808594
29.286125561190524,-0.808594
29.286224728242072,-0.808594
29.286224728242072,-0.808594
29.286305033720417,-0.808594
29.286305033720417,-0.808594
29.286305033720417,-0.808594
29.28637006509678,-0.808594
29.28637006509678,-0.808594
29.286422727505357,-0.808594
29.286422727505357,-0.808594
29.286422727505357,-0.808594
29.286465373523825,-0.808594
29.286465373523825,-0.808594
29.28649990826958,-0.808594
29.28649990826958,-0.808594
29.28649990826958,-0.808594
29.286527874506692,-0.808594
29.286527874506692,-0.808594
29.286550521565506,-0.808594
29.286550521565506,-0.808594
29.286550521565506,-0.808594
29.286568861153732,-0.808594
29.286568861153732,-0.808594
29.28658371255228,-0.808594
29.28658371255228,-0.808594
29.28658371255228,-0.808594
29.28659573921482,-0.808594
29.28659573921482,-0.808594
29.28660547840615,-0.808594
29.28660547840615,-0.808594
29.28660547840615,-0.808594
29.286613365203284,-0.808594
29.286613365203284,-0.808594
29.286619751931603,-0.808594
29.286619751931603,-0.808594
29.286619751931603,-0.808594
29.2866249239042,-0.808594
29.2866249239042,-0.808594
29.286629112167606,-0.808594
29.286629112167606,-0.808594
29.286629112167606,-0.808594
29.286632503823313,-0.808594
29.286632503823313,-0.808594
29.286635250386105,-0.808594
29.286635250386105,-0.808594
29.286635250386105,-0.808594
29.286637474552652,-0.808594
29.286637474552652,-0.808594
29.286639275682724,-0.808594
29.286639275682724,-0.808594
29.286639275682724,-0.808594
29.286640734237857,-0.808594
29.286640734237857,-0.808594
29.286641915375803,-0.808594
29.286641915375803,-0.808594
29.286641915375803,-0.808594
29.28664287186131,-0.808594
29.28664287186131,-0.808594
29.286643646423276,-0.808594
29.286643646423276,-0.808594
29.286643646423276,-0.808594
29.286644273663555,-0.808594
29.286644273663555,-0.808594
29.28664478160273,-0.808594
29.28664478160273,-0.808594
29.28664478160273,-0.808594
29.28664519293188,-0.808594
29.28664519293188,-0.808594
29.28664552602622,-0.808594
29.28664552602622,-0.808594
29.28664552602622,-0.808594
29.28664579576602,-0.808594
29.28664579576602,-0.808594
29.28664601420131,-0.808594
29.28664601420131,-0.808594
29.28664601420131,-0.808594
29.286646191090206,-0.808594
29.286646191090206,-0.808594
29.286646334334836,-0.808594
29.286646334334836,-0.808594
29.286646334334836,-0.808594
29.286646450334338,-0.808594
29.286646450334338,-0.808594
29.286646544270734,-0.808594
29.286646544270734,-0.808594
29.286646620340427,-0.808594
29.286646620340427,-0.808594
29.286646620340427,-0.808594
29.286646681941665,-0.808594
29.286646681941665,-0.808594
29.286646681941665,-0.808594
29.286646731826348,-0.808594
29.286646731826348,-0.808594
29.286646772222962,-0.808594
29.286646772222962,-0.808594
29.286646772222962,-0.808594
29.28664680493614,-0.808594
29.28664680493614,-0.808594
29.286646831427273,-0.808594
29.286646831427273,-0.808594
29.286646831427273,-0.808594
29.28664685287979,-0.808594
29.28664685287979,-0.808594
29.286646870252042,-0.808594
29.286646870252042,-0.808594
29.286646870252042,-0.808594
29.28664688432009,-0.808594
29.28664688432009,-0.808594
29.286646895712394,-0.808594
29.286646895712394,-0.808594
29.286646904937882,-0.808594
29.286646904937882,-0.808594
29.28664691240868,-0.808594
29.28664691240868,-0.808594
29.28664691240868,-0.808594
29.286646918458537,-0.808594
29.286646918458537,-0.808594
29.286646923357708,-0.808594
29.286646923357708,-0.808594
29.28664692732506,-0.808594
29.28664692732506,-0.808594
29.286646930537817,-0.808594
29.286646930537817,-0.808594
29.286646933139508,-0.808594
29.286646933139508,-0.808594
29.28664693524636,-0.808594
29.28664693524636,-0.808594
29.28664693524636,-0.808594
29.286646936952486,-0.808594
29.286646936952486,-0.808594
29.28664693833411,-0.808594
29.28664693833411,-0.808594
29.286646939452947,-0.808594
29.286646939452947,-0.808594
29.28664694035898,-0.808594
29.28664694035898,-0.808594
29.28664694035898,-0.808594
29.286646941092688,-0.808594
29.286646941686843,-0.808594
29.286646941686843,-0.808594
29.286646941686843,-0.808594
29.28664694216799,-0.808594
29.28664694216799,-0.808594
29.286646942557624,-0.808594
29.286646942557624,-0.808594
29.286646942557624,-0.808594
29.286646942873148,-0.808594
29.286646942873148,-0.808594
29.28664694312866,-0.808594
29.28664694312866,-0.808594
29.28664694312866,-0.808594
29.286646943335573,-0.808594
29.286646943335573,-0.808594
29.286646943503133,-0.808594
29.286646943503133,-0.808594
29.286646943503133,-0.808594
29.28664694363882,-0.808594
29.28664694363882,-0.808594
29.286646943748703,-0.808594
29.286646943748703,-0.808594
29.286646943748703,-0.808594
29.286646943837685,-0.808594
29.286646943837685,-0.808594
29.28664694390974,-0.808594
29.28664694390974,-0.808594
29.28664694390974,-0.808594
29.286646943968094,-0.808594
29.286646943968094,-0.808594
29.28664694401535,-0.808594
29.28664694401535,-0.808594
29.28664694401535,-0.808594
29.286646944053615,-0.808594
29.286646944053615,-0.808594
29.286646944084602,-0.808594
29.286646944084602,-0.808594
29.286646944084602,-0.808594
29.286646944109695,-0.808594
29.286646944109695,-0.808594
29.286646944130016,-0.808594
29.286646944130016,-0.808594
29.286646944130016,-0.808594
29.286646944146472,-0.808594
29.286646944146472,-0.808594
29.2866469441598,-0.808594
29.2866469441598,-0.808594
29.2866469441598,-0.808594
29.28664694417059,-0.808594
29.28664694417059,-0.808594
29.28664694417933,-0.808594
29.28664694417933,-0.808594
29.28664694417933,-0.808594
29.28664694418641,-0.808594
29.28664694418641,-0.808594
29.28664694419214,-0.808594
29.28664694419214,-0.808594
29.28664694419214,-0.808594
29.28664694419678,-0.808594
29.28664694419678,-0.808594
29.286646944200537,-0.808594
29.286646944200537,-0.808594
29.286646944200537,-0.808594
29.286646944203582,-0.808594
29.286646944203582,-0.808594
29.286646944206048,-0.808594
29.286646944206048,-0.808594
29.286646944206048,-0.808594
29.286646944208044,-0.808594
29.286646944208044,-0.808594
29.28664694420966,-0.808594
29.28664694420966,-0.808594
29.28664694420966,-0.808594
29.28664694421097,-0.808594
29.28664694421097,-0.808594
29.286646944212027,-0.808594
29.286646944212027,-0.808594
29.286646944212027,-0.808594
29.286646944212887,-0.808594
29.286646944212887,-0.808594
29.286646944213583,-0.808594
29.286646944213583,-0.808594
29.286646944213583,-0.808594
29.286646944214144,-0.808594
29.286646944214144,-0.808594
29.2866469442146,-0.808594
29.2866469442146,-0.808594
29.2866469442146,-0.808594
29.28664694421497,-0.808594
29.28664694421497,-0.808594
29.286646944215267,-0.808594
29.286646944215267,-0.808594
29.286646944215267,-0.808594
29.28664694421551,-0.808594
29.28664694421551,-0.808594
29.286646944215704,-0.808594
29.286646944215704,-0.808594
29.286646944215704,-0.808594
29.286646944215864,-0.808594
29.286646944215864,-0.808594
29.286646944215992,-0.808594
29.286646944215992,-0.808594
29.286646944215992,-0.808594
29.286646944216095,-0.808594
29.286646944216095,-0.808594
29.28664694421618,-0.808594
29.28664694421618,-0.808594
29.28664694421618,-0.808594
29.286646944216248,-0.808594
29.286646944216248,-0.808594
29.286646944216304,-0.808594
29.286646944216304,-0.808594
29.286646944216304,-0.808594
29.28664694421635,-0.808594
29.28664694421635,-0.808594
29.286646944216386,-0.808594
29.286646944216386,-0.808594
29.286646944216386,-0.808594
29.286646944216415,-0.808594
29.286646944216415,-0.808594
29.28664694421644,-0.808594
29.28664694421644,-0.808594
29.28664694421644,-0.808594
29.286646944216457,-0.808594
29.286646944216457,-0.808594
29.28664694421647,-0.808594
29.28664694421647,-0.808594
29.28664694421647,-0.808594
29.286646944216486,-0.808594
29.286646944216486,-0.808594
29.286646944216496,-0.808594
29.286646944216496,-0.808594
29.286646944216496,-0.808594
29.286646944216503,-0.808594
29.286646944216503,-0.808594
29.28664694421651,-0.808594
29.28664694421651,-0.808594
29.28664694421651,-0.808594
29.286646944216518,-0.808594
29.286646944216518,-0.808594
29.28664694421652,-0.808594
29.28664694421652,-0.808594
29.28664694421652,-0.808594
29.286646944216525,-0.808594
29.286646944216525,-0.808594
29.28664694421653,-0.808594
29.28664694421653,-0.808594
29.28664694421653,-0.808594
29.286646944216532,-0.808594
29.286646944216532,-0.808594
29.286646944216535,-0.808594
29.286646944216535,-0.808594
29.286646944216535,-0.808594
29.286646944216535,-0.808594
29.286646944216535,-0.808594
29.286646944216535,-0.808594
29.286646944216535,-0.808594
29.286646944216535,-0.808594
29.286646944216535,-0.808594
29.286646944216535,-0.808594
29.286646944216535,-0.808594
29.286646944216535,-0.808594
29.286646944216535,-0.808594
29.286646944216535,-0.808594
29.286646944216535,-0.808594
29.286646944216535,-0.808594
29.286646944216535,-0.808594
29.286646944216535,-0.808594
29.286646944216535,-0.808594
29.286646944216535,-0.808594
29.286646944216535,-0.808594
29.286646944216535,-0.808594
29.286646944216535,-0.808594
29.286646944216535,-0.808594
29.286646944216535,-0.808594
29.286646944216535,-0.808594
29.286646944216535,-0.808594
29.286646944216535,-0.808594
29.286646944216535,-0.808594
29.286646944216535,-0.808594
29.286646944216535,-0.808594
29.286646944216535,-0.808594
29.286646944216535,-0.808594
29.286646944216535,-0.808594
29.286646944216535,-0.808594
29.286646944216535,-0.808594
29.286646944216535,-0.808594
29.286646944216535,-0.808594
29.286646944216535,-0.808594
29.286646944216535,-0.808594
29.286646944216535,-0.808594
29.286646944216535,-0.808594
29.286646944216535,-0.808594
29.286646944216535,-0.808594
29.286646944216535,-0.808594
29.286646944216535,-0.808594
29.286646944216535,-0.808594
29.286646944216535,-0.808594
29.286646944216535,-0.808594
29.286646944216535,-0.808594
29.286646944216535,-0.808594
29.286646944216535,-0.808594
29.286646944216535,-0.808594
29.286646944216535,-0.808594
29.286646944216535,-0.808594
29.286646944216535,-0.808594
29.286646944216535,-0.808594
29.286646944216535,-0.808594
29.286646944216535,-0.808594
29.286646944216535,-0.808594
29.286646944216535,-0.808594
29.286646944216535,-0.808594
29.286646944216535,-0.808594
29.286646944216535,-0.808594
29.286646944216535,-0.808594
29.286646944216535,-0.808594
29.286646944216535,-0.808594
29.286646944216535,-0.808594
29.286646944216535,-0.808594
29.286646944216535,-0.808594
29.286646944216535,-0.808594
29.286646944216535,-0.808594
29.286646944216535,-0.808594
29.286646944216535,-0.808594
29.286646944216535,-0.808594
29.286646944216535,-0.808594
29.286646944216535,-0.808594
29.286646944216535,-0.808594
29.286646944216535,-0.808594
29.286646944216535,-0.808594
29.286646944216535,-0.808594
29.286646944216535,-0.808594
29.286646944216535,-0.808594
29.286646944216535,-0.808594
29.286646944216535,-0.808594
29.286646944216535,-0.808594
29.286646944216535,-0.808594
29.286646944216535,-0.808594
29.286646944216535,-0.808594
29.286646944216535,-0.808594
29.286646944216535,-0.808594
29.286646944216535,-0.808594
29.286646944216535,-0.808594
29.286646944216535,-0.808594
29.286646944216535,-0.808594
29.286646944216535,-0.808594
29.286646944216535,-0.808594
29.286646944216535,-0.808594
29.286646944216535,-0.808594
29.286646944216535,-0.808594
29.286646944216535,-0.808594
29.286646944216535,-0.808594
29.286646944216535,-0.808594
29.286646944216535,-0.808594
29.286646944216535,-0.808594
29.286646944216535,-0.808594
29.286646944216535,-0.808594
29.286646944216535,-0.808594
29.286646944216535,-0.808594
29.286646944216535,-0.808594
29.286646944216535,-0.808594
29.286646944216535,-0.808594
29.286646944216535,-0.808594
29.286646944216535,-0.808594
29.286646944216535,-0.808594
29.286646944216535,-0.808594
29.286646944216535,-0.808594
29.286646944216535,-0.808594
29.286646944216535,-0.808594
29.286646944216535,-0.808594
29.286646944216535,-0.808594
29.286646944216535,-0.808594
29.286646944216535,-0.808594
29.286646944216535,-0.808594
29.286646944216535,-0.808594
29.286646944216535,-0.808594
29.286646944216535,-0.808594
29.286646944216535,-0.808594
29.286646944216535,-0.808594
29.286646944216535,-0.808594
29.286646944216535,-0.808594
29.286646944216535,-0.808594
29.286646944216535,-0.808594
29.286646944216535,-0.808594
29.286646944216535,-0.808594
29.286646944216535,-0.808594
29.286646944216535,-0.808594
29.286646944216535,-0.808594
29.286646944216535,-0.808594
29.286646944216535,-0.808594
29.286646944216535,-0.808594
29.286646944216535,-0.808594
29.286646944216535,-0.808594
29.286646944216535,-0.808594
29.286646944216535,-0.808594
29.286646944216535,-0.808594
29.286646944216535,-0.808594
29.286646944216535,-0.808594
29.286646944216535,-0.808594
29.286646944216535,-0.808594
29.286646944216535,-0.808594
29.286646944216535,-0.808594
29.286646944216535,-0.808594
29.286646944216535,-0.808594
29.286646944216535,-0.808594
29.286646944216535,-0.808594
29.286646944216535,-0.808594
29.286646944216535,-0.808594
29.286646944216535,-0.808594
29.286646944216535,-0.808594
29.286646944216535,-0.808594
29.286646944216535,-0.808594
29.286646944216535,-0.808594
29.286646944216535,-0.808594
29.286646944216535,-0.808594
29.286646944216535,-0.808594
29.286646944216535,-0.808594
29.286646944216535,-0.808594
29.286646944216535,-0.808594
29.286646944216535,-0.808594
29.286646944216535,-0.808594
29.286646944216535,-0.808594
29.286646944216535,-0.808594
29.286646944216535,-0.808594
29.286646944216535,-0.808594
29.286646944216535,-0.808594
29.286646944216535,-0.808594
29.286646944216535,-0.808594
29.286646944216535,-0.808594
29.286646944216535,-0.808594
29.286646944216535,-0.808594
29.286646944216535,-0.808594
29.286646944216535,-0.808594
29.286646944216535,-0.808594
29.286646944216535,-0.808594
29.286646944216535,-0.808594
29.286646944216535,-0.808594
29.286646944216535,-0.808594
29.286646944216535,-0.808594
29.286646944216535,-0.808594
29.286646944216535,-0.808594
29.286646944216535,-0.808594
29.286646944216535,-0.808594
29.286646944216535,-0.808594
29.286646944216535,-0.808594
29.286646944216535,-0.808594
29.286646944216535,-0.808594
29.286646944216535,-0.808594
29.286646944216535,-0.808594
29.286646944216535,-0.808594
29.286646944216535,-0.808594
29.286646944216535,-0.808594
29.286646944216535,-0.808594
29.286646944216535,-0.808594
29.286646944216535,-0.808594
29.286646944216535,-0.808594
29.286646944216535,-0.808594
29.286646944216535,-0.808594
29.286646944216535,-0.808594
29.286646944216535,-0.808594
29.286646944216535,-0.808594
29.286646944216535,-0.808594
29.286646944216535,-0.808594
29.286646944216535,-0.808594
29.286646944216535,-0.808594
29.286646944216535,-0.808594
29.286646944216535,-0.808594
29.286646944216535,-0.808594
29.286646944216535,-0.808594
29.286646944216535,-0.808594
29.286646944216535,-0.808594
29.286646944216535,-0.808594
29.286646944216535,-0.808594
29.286646944216535,-0.808594
29.286646944216535,-0.808594
29.286646944216535,-0.808594
29.286646944216535,-0.808594
29.286646944216535,-0.808594
29.286646944216535,-0.808594
29.286646944216535,-0.808594
29.286646944216535,-0.808594
29.286646944216535,-0.808594
29.286646944216535,-0.808594
29.286646944216535,-0.808594
29.286646944216535,-0.808594
29.286646944216535,-0.808594
29.286646944216535,-0.808594
29.286646944216535,-0.808594
29.286646944216535,-0.808594
29.286646944216535,-0.808594
29.286646944216535,-0.808594
29.286646944216535,-0.808594
29.286646944216535,-0.808594
29.286646944216535,-0.808594
29.286646944216535,-0.808594
29.286646944216535,-0.808594
29.286646944216535,-0.808594
29.286646944216535,-0.808594
29.286646944216535,-0.808594
29.286646944216535,-0.808594
29.286646944216535,-0.808594
29.286646944216535,-0.808594
29.286646944216535,-0.808594
29.286646944216535,-0.808594
29.286646944216535,-0.808594
29.286646944216535,-0.808594
29.286646944216535,-0.808594
29.286646944216535,-0.808594
29.286646944216535,-0.808594
29.286646944216535,-0.808594
29.286646944216535,-0.808594
29.286646944216535,-0.808594
29.286646944216535,-0.808594
29.286646944216535,-0.808594
29.286646944216535,-0.808594
29.286646944216535,-0.808594
29.286646944216535,-0.808594
29.286646944216535,-0.808594
29.286646944216535,-0.808594
29.286646944216535,-0.808594
29.286646944216535,-0.808594
29.286646944216535,-0.808594
29.286646944216535,-0.808594
29.286646944216535,-0.808594
29.286646944216535,-0.808594
29.286646944216535,-0.808594
29.286646944216535,-0.808594
29.286646944216535,-0.808594
29.286646944216535,-0.808594
29.286646944216535,-0.808594
29.286646944216535,-0.808594
29.286646944216535,-0.808594
29.286646944216535,-0.808594
29.286646944216535,-0.808594
29.286646944216535,-0.808594
29.286646944216535,-0.808594
29.286646944216535,-0.808594
29.286646944216535,-0.808594
29.286646944216535,-0.808594
29.286646944216535,-0.808594
29.286646944216535,-0.808594
29.286646944216535,-0.808594
29.286646944216535,-0.808594
29.286646944216535,-0.808594
29.286646944216535,-0.808594
29.286646944216535,-0.808594
29.286646944216535,-0.808594
29.286646944216535,-0.808594
29.286646944216535,-0.808594
29.286646944216535,-0.808594
29.286646944216535,-0.808594
29.286646944216535,-0.808594
29.286646944216535,-0.808594
29.286646944216535,-0.808594
29.286646944216535,-0.808594
29.286646944216535,-0.808594
29.286646944216535,-0.808594
29.286646944216535,-0.808594
29.286646944216535,-0.808594
29.286646944216535,-0.808594
29.286646944216535,-0.808594
29.286646944216535,-0.808594
29.286646944216535,-0.808594
29.286646944216535,-0.808594
29.286646944216535,-0.808594
29.286646944216535,-0.808594
29.286646944216535,-0.808594
29.286646944216535,-0.808594
29.286646944216535,-0.808594
29.286646944216535,-0.808594
29.286646944216535,-0.808594
29.286646944216535,-0.808594
29.286646944216535,-0.808594
29.286646944216535,-0.808594
29.286646944216535,-0.808594
29.286646944216535,-0.808594
29.286646944216535,-0.808594
29.286646944216535,-0.808594
29.286646944216535,-0.808594
29.286646944216535,-0.808594
29.286646944216535,-0.808594
29.286646944216535,-0.808594
29.286646944216535,-0.808594
29.286646944216535,-0.808594
29.286646944216535,-0.808594
29.286646944216535,-0.808594
29.286646944216535,-0.808594
29.286646944216535,-0.808594
29.286646944216535,-0.808594
29.286646944216535,-0.808594
29.286646944216535,-0.808594
29.286646944216535,-0.808594
29.286646944216535,-0.808594
29.286646944216535,-0.808594
29.286646944216535,-0.808594
29.286646944216535,-0.808594
29.286646944216535,-0.808594
29.286646944216535,-0.808594
29.286646944216535,-0.808594
29.286646944216535,-0.808594
29.286646944216535,-0.808594
29.286646944216535,-0.808594
29.286646944216535,-0.808594
29.286646944216535,-0.808594
29.286646944216535,-0.808594
29.286646944216535,-0.808594
29.286646944216535,-0.808594
29.286646944216535,-0.808594
29.286646944216535,-0.808594
29.286646944216535,-0.808594
29.286646944216535,-0.808594
29.286646944216535,-0.808594
29.286646944216535,-0.808594
29.286646944216535,-0.808594
29.286646944216535,-0.808594
29.286646944216535,-0.808594
29.286646944216535,-0.808594
29.286646944216535,-0.808594
29.286646944216535,-0.808594
29.286646944216535,-0.808594
29.286646944216535,-0.808594
29.286646944216535,-0.808594
29.286646944216535,-0.808594
29.286646944216535,-0.808594
29.286646944216535,-0.808594
29.286646944216535,-0.808594
29.286646944216535,-0.808594
29.286646944216535,-0.808594
29.286646944216535,-0.808594
29.286646944216535,-0.808594
29.286646944216535,-0.808594
29.286646944216535,-0.808594
29.286646944216535,-0.808594
29.286646944216535,-0.808594
29.286646944216535,-0.808594
29.286646944216535,-0.808594
29.286646944216535,-0.808594
29.286646944216535,-0.808594
29.286646944216535,-0.808594
29.286646944216535,-0.808594
29.286646944216535,-0.808594
29.286646944216535,-0.808594
29.286646944216535,-0.808594
29.286646944216535,-0.808594
29.286646944216535,-0.808594
29.286646944216535,-0.808594
29.286646944216535,-0.808594
29.286646944216535,-0.808594
29.286646944216535,-0.808594
29.286646944216535,-0.808594
29.286646944216535,-0.808594
29.286646944216535,-0.808594
29.286646944216535,-0.808594
29.286646944216535,-0.808594
29.286646944216535,-0.808594
29.286646944216535,-0.808594
29.286646944216535,-0.808594
29.286646944216535,-0.808594
29.286646944216535,-0.808594
29.286646944216535,-0.808594
29.286646944216535,-0.808594
29.286646944216535,-0.808594
29.286646944216535,-0.808594
29.286646944216535,-0.808594
29.286646944216535,-0.808594
29.286646944216535,-0.808594
29.286646944216535,-0.808594
29.286646944216535,-0.808594
29.286646944216535,-0.808594
29.286646944216535,-0.808594
29.286646944216535,-0.808594
29.286646944216535,-0.808594
29.286646944216535,-0.808594
29.286646944216535,-0.808594
29.286646944216535,-0.808594
29.286646944216535,-0.808594
29.286646944216535,-0.808594
29.286646944216535,-0.808594
29.286646944216535,-0.808594
29.286646944216535,-0.808594
29.286646944216535,-0.808594
29.286646944216535,-0.808594
29.286646944216535,-0.808594
29.286646944216535,-0.808594
29.286646944216535,-0.808594
29.286646944216535,-0.808594
29.286646944216535,-0.808594
29.286646944216535,-0.808594
29.286646944216535,-0.808594
29.286646944216535,-0.808594
29.286646944216535,-0.808594
29.286646944216535,-0.808594
29.286646944216535,-0.808594
29.286646944216535,-0.808594
29.286646944216535,-0.808594
29.286646944216535,-0.808594
29.286646944216535,-0.808594
29.286646944216535,-0.808594
29.286646944216535,-0.808594
29.286646944216535,-0.808594
29.286646944216535,-0.808594
29.286646944216535,-0.808594
29.286646944216535,-0.808594
29.286646944216535,-0.808594
29.286646944216535,-0.808594
29.286646944216535,-0.808594
29.286646944216535,-0.808594
29.286646944216535,-0.808594
29.286646944216535,-0.808594
29.286646944216535,-0.808594
29.286646944216535,-0.808594
29.286646944216535,-0.808594
29.286646944216535,-0.808594
29.286646944216535,-0.808594
29.286646944216535,-0.808594
29.286646944216535,-0.808594
29.286646944216535,-0.808594
29.286646944216535,-0.808594
29.286646944216535,-0.808594
29.286646944216535,-0.808594
29.286646944216535,-0.808594
29.286646944216535,-0.808594
29.286646944216535,-0.808594
29.286646944216535,-0.808594
29.286646944216535,-0.808594
29.286646944216535,-0.808594
29.286646944216535,-0.808594
29.286646944216535,-0.808594
29.286646944216535,-0.808594
29.286646944216535,-0.808594
29.286646944216535,-0.808594
29.286646944216535,-0.808594
29.286646944216535,-0.808594
29.286646944216535,-0.808594
29.286646944216535,-0.808594
29.286646944216535,-0.808594
29.286646944216535,-0.808594
29.286646944216535,-0.808594
29.286646944216535,-0.808594
29.286646944216535,-0.808594
29.286646944216535,-0.808594
29.286646944216535,-0.808594
29.286646944216535,-0.808594
29.286646944216535,-0.808594
29.286646944216535,-0.808594
29.286646944216535,-0.808594
29.286646944216535,-0.808594
29.286646944216535,-0.808594
29.286646944216535,-0.808594
29.286646944216535,-0.808594
29.286646944216535,-0.808594
29.286646944216535,-0.808594
29.286646944216535,-0.808594
29.286646944216535,-0.808594
29.286646944216535,-0.808594
29.286646944216535,-0.808594
29.286646944216535,-0.808594
29.286646944216535,-0.808594
29.286646944216535,-0.808594
29.286646944216535,-0.808594
29.286646944216535,-0.808594
29.286646944216535,-0.808594
29.286646944216535,-0.808594
29.286646944216535,-0.808594
29.286646944216535,-0.808594
29.286646944216535,-0.808594
29.286646944216535,-0.808594
29.286646944216535,-0.808594
29.286646944216535,-0.808594
29.286646944216535,-0.808594
29.286646944216535,-0.808594
29.286646944216535,-0.808594
29.286646944216535,-0.808594
29.286646944216535,-0.808594
29.286646944216535,-0.808594
29.286646944216535,-0.808594
29.286646944216535,-0.808594
29.286646944216535,-0.808594
29.286646944216535,-0.808594
29.286646944216535,-0.808594
29.286646944216535,-0.808594
29.286646944216535,-0.808594
29.286646944216535,-0.808594
29.286646944216535,-0.808594
29.286646944216535,-0.808594
29.286646944216535,-0.808594
29.286646944216535,-0.808594
29.286646944216535,-0.808594
29.286646944216535,-0.808594
29.286646944216535,-0.808594
29.286646944216535,-0.808594
29.286646944216535,-0.808594
29.286646944216535,-0.808594
29.286646944216535,-0.808594
29.286646944216535,-0.808594
29.286646944216535,-0.808594
29.286646944216535,-0.808594
29.286646944216535,-0.808594
29.286646944216535,-0.808594
29.286646944216535,-0.808594
29.286646944216535,-0.808594
29.286646944216535,-0.808594
29.286646944216535,-0.808594
29.286646944216535,-0.808594
29.286646944216535,-0.808594
29.286646944216535,-0.808594
29.286646944216535,-0.808594
29.286646944216535,-0.808594
29.286646944216535,-0.808594
29.286646944216535,-0.808594
29.286646944216535,-0.808594
29.286646944216535,-0.808594
29.286646944216535,-0.808594
29.286646944216535,-0.808594
29.286646944216535,-0.808594
29.286646944216535,-0.808594
29.286646944216535,-0.808594
29.286646944216535,-0.808594
29.286646944216535,-0.808594
29.286646944216535,-0.808594
29.286646944216535,-0.808594
29.286646944216535,-0.808594
29.286646944216535,-0.808594
29.286646944216535,-0.808594
29.286646944216535,-0.808594
29.286646944216535,-0.808594
29.286646944216535,-0.808594
29.286646944216535,-0.808594
29.286646944216535,-0.808594
29.286646944216535,-0.808594
29.286646944216535,-0.808594
29.286646944216535,-0.808594
29.286646944216535,-0.808594
29.286646944216535,-0.808594
29.286646944216535,-0.808594
29.286646944216535,-0.808594
29.286646944216535,-0.808594
29.286646944216535,-0.808594
29.286646944216535,-0.808594
29.286646944216535,-0.808594
29.286646944216535,-0.808594
29.286646944216535,-0.808594
29.286646944216535,-0.808594
29.286646944216535,-0.808594
29.286646944216535,-0.808594
29.286646944216535,-0.808594
29.286646944216535,-0.808594
29.286646944216535,-0.808594
29.286646944216535,-0.808594
29.286646944216535,-0.808594
29.286646944216535,-0.808594
29.286646944216535,-0.808594
29.286646944216535,-0.808594
29.286646944216535,-0.808594
29.286646944216535,-0.808594
29.286646944216535,-0.808594
29.286646944216535,-0.808594
29.286646944216535,-0.808594
29.286646944216535,-0.808594
29.286646944216535,-0.808594
29.286646944216535,-0.808594
29.286646944216535,-0.808594
29.286646944216535,-0.808594
29.286646944216535,-0.808594
29.286646944216535,-0.808594
29.286646944216535,-0.808594
29.286646944216535,-0.808594
29.286646944216535,-0.808594
29.286646944216535,-0.808594
29.286646944216535,-0.808594
29.286646944216535,-0.808594
29.286646944216535,-0.808594
29.286646944216535,-0.808594
29.286646944216535,-0.808594
29.286646944216535,-0.808594
29.286646944216535,-0.808594
29.286646944216535,-0.808594
29.286646944216535,-0.808594
29.286646944216535,-0.808594
29.286646944216535,-0.808594
29.286646944216535,-0.808594
29.286646944216535,-0.808594
29.286646944216535,-0.808594
29.286646944216535,-0.808594
29.286646944216535,-0.808594
29.286646944216535,-0.808594
29.286646944216535,-0.808594
29.286646944216535,-0.808594
29.286646944216535,-0.808594
29.286646944216535,-0.808594
29.286646944216535,-0.808594
29.286646944216535,-0.808594
29.286646944216535,-0.808594
29.286646944216535,-0.808594
29.286646944216535,-0.808594
29.286646944216535,-0.808594
29.286646944216535,-0.808594
29.286646944216535,-0.808594
29.286646944216535,-0.808594
29.286646944216535,-0.808594
29.286646944216535,-0.808594
29.286646944216535,-0.808594
29.286646944216535,-0.808594
29.286646944216535,-0.808594
29.286646944216535,-0.808594
29.286646944216535,-0.808594
29.286646944216535,-0.808594
29.286646944216535,-0.808594
29.286646944216535,-0.808594
29.286646944216535,-0.808594
29.286646944216535,-0.808594
29.286646944216535,-0.808594
29.286646944216535,-0.808594
29.286646944216535,-0.808594
29.286646944216535,-0.808594
29.286646944216535,-0.808594
29.286646944216535,-0.808594
29.286646944216535,-0.808594
29.286646944216535,-0.808594
29.286646944216535,-0.808594
29.286646944216535,-0.808594
29.286646944216535,-0.808594
29.286646944216535,-0.808594
29.286646944216535,-0.808594
29.286646944216535,-0.808594
29.286646944216535,-0.808594
29.286646944216535,-0.808594
29.286646944216535,-0.808594
29.286646944216535,-0.808594
29.286646944216535,-0.808594
29.286646944216535,-0.808594
29.286646944216535,-0.808594
29.286646944216535,-0.808594
29.286646944216535,-0.808594
29.286646944216535,-0.808594
29.286646944216535,-0.808594
29.286646944216535,-0.808594
29.286646944216535,-0.808594
29.286646944216535,-0.808594
29.286646944216535,-0.808594
29.286646944216535,-0.808594
29.286646944216535,-0.808594
29.286646944216535,-0.808594
29.286646944216535,-0.808594
29.286646944216535,-0.808594
29.286646944216535,-0.808594
29.286646944216535,-0.808594
29.286646944216535,-0.808594
29.286646944216535,-0.808594
29.286646944216535,-0.808594
29.286646944216535,-0.808594
29.286646944216535,-0.808594
29.286646944216535,-0.808594
29.286646944216535,-0.808594
29.286646944216535,-0.808594
29.286646944216535,-0.808594
29.286646944216535,-0.808594
29.286646944216535,-0.808594
29.286646944216535,-0.808594
29.286646944216535,-0.808594
29.286646944216535,-0.808594
29.286646944216535,-0.808594
29.286646944216535,-0.808594
29.286646944216535,-0.808594
29.286646944216535,-0.808594
29.286646944216535,-0.808594
29.286646944216535,-0.808594
29.286646944216535,-0.808594
29.286646944216535,-0.808594
29.286646944216535,-0.808594
29.286646944216535,-0.808594
29.286646944216535,-0.808594
29.286646944216535,-0.808594
29.286646944216535,-0.808594
29.286646944216535,-0.808594
29.286646944216535,-0.808594
29.286646944216535,-0.808594
29.286646944216535,-0.808594
29.286646944216535,-0.808594
29.286646944216535,-0.808594
29.286646944216535,-0.808594
29.286646944216535,-0.808594
29.286646944216535,-0.808594
29.286646944216535,-0.808594
29.286646944216535,-0.808594
29.286646944216535,-0.808594
29.286646944216535,-0.808594
29.286646944216535,-0.808594
29.286646944216535,-0.808594
29.286646944216535,-0.808594
29.286646944216535,-0.808594
29.286646944216535,-0.808594
29.286646944216535,-0.808594
29.286646944216535,-0.808594
29.286646944216535,-0.808594
29.286646944216535,-0.808594
29.286646944216535,-0.808594
29.286646944216535,-0.808594
29.286646944216535,-0.808594
29.286646944216535,-0.808594
29.286646944216535,-0.808594
29.286646944216535,-0.808594
29.286646944216535,-0.808594
29.286646944216535,-0.808594
29.286646944216535,-0.808594
29.286646944216535,-0.808594
29.286646944216535,-0.808594
29.286646944216535,-0.808594
29.286646944216535,-0.808594
29.286646944216535,-0.808594
29.286646944216535,-0.808594
29.286646944216535,-0.808594
29.286646944216535,-0.808594
29.286646944216535,-0.808594
29.286646944216535,-0.808594
29.286646944216535,-0.808594
29.286646944216535,-0.808594
29.286646944216535,-0.808594
29.286646944216535,-0.808594
29.286646944216535,-0.808594
29.286646944216535,-0.808594
29.286646944216535,-0.808594
29.286646944216535,-0.808594
29.286646944216535,-0.808594
29.286646944216535,-0.808594
29.286646944216535,-0.808594
29.286646944216535,-0.808594
29.286646944216535,-0.808594
29.286646944216535,-0.808594
29.286646944216535,-0.808594
29.286646944216535,-0.808594
29.286646944216535,-0.808594
29.286646944216535,-0.808594
29.286646944216535,-0.808594
29.286646944216535,-0.808594
29.286646944216535,-0.808594
29.286646944216535,-0.808594
29.286646944216535,-0.808594
29.286646944216535,-0.808594
29.286646944216535,-0.808594
29.286646944216535,-0.808594
29.286646944216535,-0.808594
29.286646944216535,-0.808594
29.286646944216535,-0.808594
29.286646944216535,-0.808594
29.286646944216535,-0.808594
29.286646944216535,-0.808594
29.286646944216535,-0.808594
29.286646944216535,-0.808594
29.286646944216535,-0.808594
29.286646944216535,-0.808594
29.286646944216535,-0.808594
29.286646944216535,-0.808594
29.286646944216535,-0.808594
29.286646944216535,-0.808594
29.286646944216535,-0.808594
29.286646944216535,-0.808594
29.286646944216535,-0.808594
29.286646944216535,-0.808594
29.286646944216535,-0.808594
29.286646944216535,-0.808594
29.286646944216535,-0.808594
29.286646944216535,-0.808594
29.286646944216535,-0.808594
29.286646944216535,-0.808594
29.286646944216535,-0.808594
29.286646944216535,-0.808594
29.286646944216535,-0.808594
29.286646944216535,-0.808594
29.286646944216535,-0.808594
29.286646944216535,-0.808594
29.286646944216535,-0.808594
29.286646944216535,-0.808594
29.286646944216535,-0.808594
29.286646944216535,-0.808594
29.286646944216535,-0.808594
29.286646944216535,-0.808594
29.286646944216535,-0.808594
29.286646944216535,-0.808594
29.286646944216535,-0.808594
29.286646944216535,-0.808594
29.286646944216535,-0.808594
29.286646944216535,-0.808594
29.286646944216535,-0.808594
29.286646944216535,-0.808594
29.286646944216535,-0.808594
29.286646944216535,-0.808594
29.286646944216535,-0.808594
29.286646944216535,-0.808594
29.286646944216535,-0.808594
29.286646944216535,-0.808594
29.286646944216535,-0.808594
29.286646944216535,-0.808594
29.286646944216535,-0.808594
29.286646944216535,-0.808594
29.286646944216535,-0.808594
29.286646944216535,-0.808594
29.286646944216535,-0.808594
29.286646944216535,-0.808594
29.286646944216535,-0.808594
29.286646944216535,-0.808594
29.286646944216535,-0.808594
29.286646944216535,-0.808594
29.286646944216535,-0.808594
29.286646944216535,-0.808594
29.286646944216535,-0.808594
29.286646944216535,-0.808594
29.286646944216535,-0.808594
29.286646944216535,-0.808594
29.286646944216535,-0.808594
29.286646944216535,-0.808594
29.286646944216535,-0.808594
29.286646944216535,-0.808594
29.286646944216535,-0.808594
29.286646944216535,-0.808594
29.286646944216535,-0.808594
29.286646944216535,-0.808594
29.286646944216535,-0.808594
29.286646944216535,-0.808594
29.286646944216535,-0.808594
29.286646944216535,-0.808594
29.286646944216535,-0.808594
29.286646944216535,-0.808594
29.286646944216535,-0.808594
29.286646944216535,-0.808594
29.286646944216535,-0.808594
29.286646944216535,-0.808594
29.286646944216535,-0.808594
29.286646944216535,-0.808594
29.286646944216535,-0.808594
29.286646944216535,-0.808594
29.286646944216535,-0.808594
29.286646944216535,-0.808594
29.286646944216535,-0.808594
29.286646944216535,-0.808594
29.286646944216535,-0.808594
29.286646944216535,-0.808594
29.286646944216535,-0.808594
29.286646944216535,-0.808594
29.286646944216535,-0.808594
29.286646944216535,-0.808594
29.286646944216535,-0.808594
29.286646944216535,-0.808594
29.286646944216535,-0.808594
29.286646944216535,-0.808594
29.286646944216535,-0.808594
29.286646944216535,-0.808594
29.286646944216535,-0.808594
29.286646944216535,-0.808594
29.286646944216535,-0.808594
29.286646944216535,-0.808594
29.286646944216535,-0.808594
29.286646944216535,-0.808594
29.286646944216535,-0.808594
29.286646944216535,-0.808594
29.286646944216535,-0.808594
29.286646944216535,-0.808594
29.286646944216535,-0.808594
29.286646944216535,-0.808594
29.286646944216535,-0.808594
29.286646944216535,-0.808594
29.286646944216535,-0.808594
29.286646944216535,-0.808594
29.286646944216535,-0.808594
29.286646944216535,-0.808594
29.286646944216535,-0.808594
29.286646944216535,-0.808594
29.286646944216535,-0.808594
29.286646944216535,-0.808594
29.286646944216535,-0.808594
29.286646944216535,-0.808594
29.286646944216535,-0.808594
29.286646944216535,-0.808594
29.286646944216535,-0.808594
29.286646944216535,-0.808594
29.286646944216535,-0.808594
29.286646944216535,-0.808594
29.286646944216535,-0.808594
29.286646944216535,-0.808594
29.286646944216535,-0.808594
29.286646944216535,-0.808594
29.286646944216535,-0.808594
29.286646944216535,-0.808594
29.286646944216535,-0.808594
29.286646944216535,-0.808594
29.286646944216535,-0.808594
29.286646944216535,-0.808594
29.286646944216535,-0.808594
29.286646944216535,-0.808594
29.286646944216535,-0.808594
29.286646944216535,-0.808594
29.286646944216535,-0.808594
29.286646944216535,-0.808594
29.286646944216535,-0.808594
29.286646944216535,-0.808594
29.286646944216535,-0.808594
29.286646944216535,-0.808594
29.286646944216535,-0.808594
29.286646944216535,-0.808594
29.286646944216535,-0.808594
29.286646944216535,-0.808594
29.286646944216535,-0.808594
29.286646944216535,-0.808594
29.286646944216535,-0.808594
29.286646944216535,-0.808594
29.286646944216535,-0.808594
29.286646944216535,-0.808594
29.286646944216535,-0.808594
29.286646944216535,-0.808594
29.286646944216535,-0.808594
29.286646944216535,-0.808594
29.286646944216535,-0.808594
29.286646944216535,-0.808594
29.286646944216535,-0.808594
29.286646944216535,-0.808594
29.286646944216535,-0.808594
29.286646944216535,-0.808594
29.286646944216535,-0.808594
29.286646944216535,-0.808594
29.286646944216535,-0.808594
29.286646944216535,-0.808594
29.286646944216535,-0.808594
29.286646944216535,-0.808594
29.286646944216535,-0.808594
29.286646944216535,-0.808594
29.286646944216535,-0.808594
29.286646944216535,-0.808594
29.286646944216535,-0.808594
29.286646944216535,-0.808594
29.286646944216535,-0.808594
29.286646944216535,-0.808594
29.286646944216535,-0.808594
29.286646944216535,-0.808594
29.286646944216535,-0.808594
29.286646944216535,-0.808594
29.286646944216535,-0.808594
29.286646944216535,-0.808594
29.286646944216535,-0.808594
29.286646944216535,-0.808594
29.286646944216535,-0.808594
29.286646944216535,-0.808594
29.286646944216535,-0.808594
29.286646944216535,-0.808594
29.286646944216535,-0.808594
29.286646944216535,-0.808594
29.286646944216535,-0.808594
29.286646944216535,-0.808594
29.286646944216535,-0.808594
29.286646944216535,-0.808594
29.286646944216535,-0.808594
29.286646944216535,-0.808594
29.286646944216535,-0.808594
29.286646944216535,-0.808594
29.286646944216535,-0.808594
29.286646944216535,-0.808594
29.286646944216535,-0.808594
29.286646944216535,-0.808594
29.286646944216535,-0.808594
29.286646944216535,-0.808594
29.286646944216535,-0.808594
29.286646944216535,-0.808594
29.286646944216535,-0.808594
29.286646944216535,-0.808594
29.286646944216535,-0.808594
29.286646944216535,-0.808594
29.286646944216535,-0.808594
29.286646944216535,-0.808594
29.286646944216535,-0.808594
29.286646944216535,-0.808594
29.286646944216535,-0.808594
29.286646944216535,-0.808594
29.286646944216535,-0.808594
29.286646944216535,-0.808594
29.286646944216535,-0.808594
29.286646944216535,-0.808594
29.286646944216535,-0.808594
29.286646944216535,-0.808594
29.286646944216535,-0.808594
29.286646944216535,-0.808594
29.286646944216535,-0.808594
29.286646944216535,-0.808594
29.286646944216535,-0.808594
29.286646944216535,-0.808594
29.286646944216535,-0.808594
29.286646944216535,-0.808594
29.286646944216535,-0.808594
29.286646944216535,-0.808594
29.286646944216535,-0.808594
29.286646944216535,-0.808594
29.286646944216535,-0.808594
29.286646944216535,-0.808594
29.286646944216535,-0.808594
29.286646944216535,-0.808594
29.286646944216535,-0.808594
29.286646944216535,-0.808594
29.286646944216535,-0.808594
29.286646944216535,-0.808594
29.286646944216535,-0.808594
29.286646944216535,-0.808594
29.286646944216535,-0.808594
29.286646944216535,-0.808594
29.286646944216535,-0.808594
29.286646944216535,-0.808594
29.286646944216535,-0.808594
29.286646944216535,-0.808594
29.286646944216535,-0.808594
29.286646944216535,-0.808594
29.286646944216535,-0.808594
29.286646944216535,-0.808594
29.286646944216535,-0.808594
29.286646944216535,-0.808594
29.286646944216535,-0.808594
29.286646944216535,-0.808594
29.286646944216535,-0.808594
29.286646944216535,-0.808594
29.286646944216535,-0.808594
29.286646944216535,-0.808594
29.286646944216535,-0.808594
29.286646944216535,-0.808594
29.286646944216535,-0.808594
29.286646944216535,-0.808594
29.286646944216535,-0.808594
29.286646944216535,-0.808594
29.286646944216535,-0.808594
29.286646944216535,-0.808594
29.286646944216535,-0.808594
29.286646944216535,-0.808594
29.286646944216535,-0.808594
29.286646944216535,-0.808594
29.286646944216535,-0.808594
29.286646944216535,-0.808594
29.286646944216535,-0.808594
29.286646944216535,-0.808594
29.286646944216535,-0.808594
29.286646944216535,-0.808594
29.286646944216535,-0.808594
29.286646944216535,-0.808594
29.286646944216535,-0.808594
29.286646944216535,-0.808594
29.286646944216535,-0.808594
29.286646944216535,-0.808594
29.286646944216535,-0.808594
29.286646944216535,-0.808594
29.286646944216535,-0.808594
29.286646944216535,-0.808594
29.286646944216535,-0.808594
29.286646944216535,-0.808594
29.286646944216535,-0.808594
29.286646944216535,-0.808594
29.286646944216535,-0.808594
29.286646944216535,-0.808594
29.286646944216535,-0.808594
29.286646944216535,-0.808594
29.286646944216535,-0.808594
29.286646944216535,-0.808594
29.286646944216535,-0.808594
29.286646944216535,-0.808594
29.286646944216535,-0.808594
29.286646944216535,-0.808594
29.286646944216535,-0.808594
29.286646944216535,-0.808594
29.286646944216535,-0.808594
29.286646944216535,-0.808594
29.286646944216535,-0.808594
29.286646944216535,-0.808594
29.286646944216535,-0.808594
29.286646944216535,-0.808594
29.286646944216535,-0.808594
29.286646944216535,-0.808594
29.286646944216535,-0.808594
29.286646944216535,-0.808594
29.286646944216535,-0.808594
29.286646944216535,-0.808594
29.286646944216535,-0.808594
29.286646944216535,-0.808594
29.286646944216535,-0.808594
29.286646944216535,-0.808594
29.286646944216535,-0.808594
29.286646944216535,-0.808594
29.286646944216535,-0.808594
29.286646944216535,-0.808594
29.286646944216535,-0.808594
29.286646944216535,-0.808594
29.286646944216535,-0.808594
29.286646944216535,-0.808594
29.286646944216535,-0.808594
29.286646944216535,-0.808594
29.286646944216535,-0.808594
29.286646944216535,-0.808594
29.286646944216535,-0.808594
29.286646944216535,-0.808594
29.286646944216535,-0.808594
29.286646944216535,-0.808594
29.286646944216535,-0.808594
29.286646944216535,-0.808594
29.286646944216535,-0.808594
29.286646944216535,-0.808594
29.286646944216535,-0.808594
29.286646944216535,-0.808594
29.286646944216535,-0.808594
29.286646944216535,-0.808594
29.286646944216535,-0.808594
29.286646944216535,-0.808594
29.286646944216535,-0.808594
29.286646944216535,-0.808594
29.286646944216535,-0.808594
29.286646944216535,-0.808594
29.286646944216535,-0.808594
29.286646944216535,-0.808594
29.286646944216535,-0.808594
29.286646944216535,-0.808594
29.286646944216535,-0.808594
29.286646944216535,-0.808594
29.286646944216535,-0.808594
29.286646944216535,-0.808594
29.286646944216535,-0.808594
29.286646944216535,-0.808594
29.286646944216535,-0.808594
29.286646944216535,-0.808594
29.286646944216535,-0.808594
29.286646944216535,-0.808594
29.286646944216535,-0.808594
29.286646944216535,-0.808594
29.286646944216535,-0.808594
29.286646944216535,-0.808594
29.286646944216535,-0.808594
29.286646944216535,-0.808594
29.286646944216535,-0.808594
29.286646944216535,-0.808594
29.286646944216535,-0.808594
29.286646944216535,-0.808594
29.286646944216535,-0.808594
29.286646944216535,-0.808594
29.286646944216535,-0.808594
29.286646944216535,-0.808594
29.286646944216535,-0.808594
29.286646944216535,-0.808594
29.286646944216535,-0.808594
29.286646944216535,-0.808594
29.286646944216535,-0.808594
29.286646944216535,-0.808594
29.286646944216535,-0.808594
29.286646944216535,-0.808594
29.286646944216535,-0.808594
29.286646944216535,-0.808594
29.286646944216535,-0.808594
29.286646944216535,-0.808594
29.286646944216535,-0.808594
29.286646944216535,-0.808594
29.286646944216535,-0.808594
29.286646944216535,-0.808594
29.286646944216535,-0.808594
29.286646944216535,-0.808594
29.286646944216535,-0.808594
29.286646944216535,-0.808594
29.286646944216535,-0.808594
29.286646944216535,-0.808594
29.286646944216535,-0.808594
29.286646944216535,-0.808594
29.286646944216535,-0.808594
29.286646944216535,-0.808594
29.286646944216535,-0.808594
29.286646944216535,-0.808594
29.286646944216535,-0.808594
29.286646944216535,-0.808594
29.286646944216535,-0.808594
29.286646944216535,-0.808594
29.286646944216535,-0.808594
29.286646944216535,-0.808594
29.286646944216535,-0.808594
29.286646944216535,-0.808594
29.286646944216535,-0.808594
29.286646944216535,-0.808594
29.286646944216535,-0.808594
29.286646944216535,-0.808594
29.286646944216535,-0.808594
29.286646944216535,-0.808594
29.286646944216535,-0.808594
29.286646944216535,-0.808594
29.286646944216535,-0.808594
29.286646944216535,-0.808594
29.286646944216535,-0.808594
29.286646944216535,-0.808594
29.286646944216535,-0.808594
29.286646944216535,-0.808594
29.286646944216535,-0.808594
29.286646944216535,-0.808594
29.286646944216535,-0.808594
29.286646944216535,-0.808594
29.286646944216535,-0.808594
29.286646944216535,-0.808594
29.286646944216535,-0.808594
29.286646944216535,-0.808594
29.286646944216535,-0.808594
29.286646944216535,-0.808594
29.286646944216535,-0.808594
29.286646944216535,-0.808594
29.286646944216535,-0.808594
29.286646944216535,-0.808594
29.286646944216535,-0.808594
29.286646944216535,-0.808594
29.286646944216535,-0.808594
29.286646944216535,-0.808594
29.286646944216535,-0.808594
29.286646944216535,-0.808594
29.286646944216535,-0.808594
29.286646944216535,-0.808594
29.286646944216535,-0.808594
29.286646944216535,-0.808594
29.286646944216535,-0.808594
29.286646944216535,-0.808594
29.286646944216535,-0.808594
29.286646944216535,-0.808594
29.286646944216535,-0.808594
29.286646944216535,-0.808594
29.286646944216535,-0.808594
29.286646944216535,-0.808594
29.286646944216535,-0.808594
29.286646944216535,-0.808594
29.286646944216535,-0.808594
29.286646944216535,-0.808594
29.286646944216535,-0.808594
29.286646944216535,-0.808594
29.286646944216535,-0.808594
29.286646944216535,-0.808594
29.286646944216535,-0.808594
29.286646944216535,-0.808594
29.286646944216535,-0.808594
29.286646944216535,-0.808594
29.286646944216535,-0.808594
29.286646944216535,-0.808594
29.286646944216535,-0.808594
29.286646944216535,-0.808594
29.286646944216535,-0.808594
29.286646944216535,-0.808594
29.286646944216535,-0.808594
29.286646944216535,-0.808594
29.286646944216535,-0.808594
29.286646944216535,-0.808594
29.286646944216535,-0.808594
29.286646944216535,-0.808594
29.286646944216535,-0.808594
29.286646944216535,-0.808594
29.286646944216535,-0.808594
29.286646944216535,-0.808594
29.286646944216535,-0.808594
29.286646944216535,-0.808594
29.286646944216535,-0.808594
29.286646944216535,-0.808594
29.286646944216535,-0.808594
29.286646944216535,-0.808594
29.286646944216535,-0.808594
29.286646944216535,-0.808594
29.286646944216535,-0.808594
29.286646944216535,-0.808594
29.286646944216535,-0.808594
29.286646944216535,-0.808594
29.286646944216535,-0.808594
29.286646944216535,-0.808594
29.286646944216535,-0.808594
29.286646944216535,-0.808594
29.286646944216535,-0.808594
29.286646944216535,-0.808594
29.286646944216535,-0.808594
29.286646944216535,-0.808594
29.286646944216535,-0.808594
29.286646944216535,-0.808594
29.286646944216535,-0.808594
29.286646944216535,-0.808594
29.286646944216535,-0.808594
29.286646944216535,-0.808594
29.286646944216535,-0.808594
29.286646944216535,-0.808594
29.286646944216535,-0.808594
29.286646944216535,-0.808594
29.286646944216535,-0.808594
29.286646944216535,-0.808594
29.286646944216535,-0.808594
29.286646944216535,-0.808594
29.286646944216535,-0.808594
29.286646944216535,-0.808594
29.286646944216535,-0.808594
29.286646944216535,-0.808594
29.286646944216535,-0.808594
29.286646944216535,-0.808594
29.286646944216535,-0.808594
29.286646944216535,-0.808594
29.286646944216535,-0.808594
29.286646944216535,-0.808594
29.286646944216535,-0.808594
29.286646944216535,-0.808594
29.286646944216535,-0.808594
29.286646944216535,-0.808594
29.286646944216535,-0.808594
29.286646944216535,-0.808594
29.286646944216535,-0.808594
29.286646944216535,-0.808594
29.286646944216535,-0.808594
29.286646944216535,-0.808594
29.286646944216535,-0.808594
29.286646944216535,-0.808594
29.286646944216535,-0.808594
29.286646944216535,-0.808594
29.286646944216535,-0.808594
29.286646944216535,-0.808594
29.286646944216535,-0.808594
29.286646944216535,-0.808594
29.286646944216535,-0.808594
29.286646944216535,-0.808594
29.286646944216535,-0.808594
29.286646944216535,-0.808594
29.286646944216535,-0.808594
29.286646944216535,-0.808594
29.286646944216535,-0.808594
29.286646944216535,-0.808594
29.286646944216535,-0.808594
29.286646944216535,-0.808594
29.286646944216535,-0.808594
29.286646944216535,-0.808594
29.286646944216535,-0.808594
29.286646944216535,-0.808594
29.286646944216535,-0.808594
29.286646944216535,-0.808594
29.286646944216535,-0.808594
29.286646944216535,-0.808594
29.286646944216535,-0.808594
29.286646944216535,-0.808594
29.286646944216535,-0.808594
29.286646944216535,-0.808594
29.286646944216535,-0.808594
29.286646944216535,-0.808594
29.286646944216535,-0.808594
29.286646944216535,-0.808594
29.286646944216535,-0.808594
29.286646944216535,-0.808594
29.286646944216535,-0.808594
29.286646944216535,-0.808594
29.286646944216535,-0.808594
29.286646944216535,-0.808594
29.286646944216535,-0.808594
29.286646944216535,-0.808594
29.286646944216535,-0.808594
29.286646944216535,-0.808594
29.286646944216535,-0.808594
29.286646944216535,-0.808594
29.286646944216535,-0.808594
29.286646944216535,-0.808594
29.286646944216535,-0.808594
29.286646944216535,-0.808594
29.286646944216535,-0.808594
29.286646944216535,-0.808594
29.286646944216535,-0.808594
29.286646944216535,-0.808594
29.286646944216535,-0.808594
29.286646944216535,-0.808594
29.286646944216535,-0.808594
29.286646944216535,-0.808594
29.286646944216535,-0.808594
29.286646944216535,-0.808594
29.286646944216535,-0.808594
29.286646944216535,-0.808594
29.286646944216535,-0.808594
29.286646944216535,-0.808594
29.286646944216535,-0.808594
29.286646944216535,-0.808594
29.286646944216535,-0.808594
29.286646944216535,-0.808594
29.286646944216535,-0.808594
29.286646944216535,-0.808594
29.286646944216535,-0.808594
29.286646944216535,-0.808594
29.286646944216535,-0.808594
29.286646944216535,-0.808594
29.286646944216535,-0.808594
29.286646944216535,-0.808594
29.286646944216535,-0.808594
29.286646944216535,-0.808594
29.286646944216535,-0.808594
29.286646944216535,-0.808594
29.286646944216535,-0.808594
29.286646944216535,-0.808594
29.286646944216535,-0.808594
29.286646944216535,-0.808594
29.286646944216535,-0.808594
29.286646944216535,-0.808594
29.286646944216535,-0.808594
29.286646944216535,-0.808594
29.286646944216535,-0.808594
29.286646944216535,-0.808594
29.286646944216535,-0.808594
29.286646944216535,-0.808594
29.286646944216535,-0.808594
29.286646944216535,-0.808594
29.286646944216535,-0.808594
29.286646944216535,-0.808594
29.286646944216535,-0.808594
29.286646944216535,-0.808594
29.286646944216535,-0.808594
29.286646944216535,-0.808594
29.286646944216535,-0.808594
29.286646944216535,-0.808594
29.286646944216535,-0.808594
29.286646944216535,-0.808594
29.286646944216535,-0.808594
29.286646944216535,-0.808594
29.286646944216535,-0.808594
29.286646944216535,-0.808594
29.286646944216535,-0.808594
29.286646944216535,-0.808594
29.286646944216535,-0.808594
29.286646944216535,-0.808594
29.286646944216535,-0.808594
29.286646944216535,-0.808594
29.286646944216535,-0.808594
29.286646944216535,-0.808594
29.286646944216535,-0.808594
29.286646944216535,-0.808594
29.286646944216535,-0.808594
29.286646944216535,-0.808594
29.286646944216535,-0.808594
29.286646944216535,-0.808594
29.286646944216535,-0.808594
29.286646944216535,-0.808594
29.286646944216535,-0.808594
29.286646944216535,-0.808594
29.286646944216535,-0.808594
29.286646944216535,-0.808594
29.286646944216535,-0.808594
29.286646944216535,-0.808594
29.286646944216535,-0.808594
29.286646944216535,-0.808594
29.286646944216535,-0.808594
29.286646944216535,-0.808594
29.286646944216535,-0.808594
29.286646944216535,-0.808594
29.286646944216535,-0.808594
29.286646944216535,-0.808594
29.286646944216535,-0.808594
29.286646944216535,-0.808594
29.286646944216535,-0.808594
29.286646944216535,-0.808594
29.286646944216535,-0.808594
29.286646944216535,-0.808594
29.286646944216535,-0.808594
29.286646944216535,-0.808594
29.286646944216535,-0.808594
29.286646944216535,-0.808594
29.286646944216535,-0.808594
29.286646944216535,-0.808594
29.286646944216535,-0.808594
29.286646944216535,-0.808594
29.286646944216535,-0.808594
29.286646944216535,-0.808594
29.286646944216535,-0.808594
29.286646944216535,-0.808594
29.286646944216535,-0.808594
29.286646944216535,-0.808594
29.286646944216535,-0.808594
29.286646944216535,-0.808594
29.286646944216535,-0.808594
29.286646944216535,-0.808594
29.286646944216535,-0.808594
29.286646944216535,-0.808594
29.286646944216535,-0.808594
29.286646944216535,-0.808594
29.286646944216535,-0.808594
29.286646944216535,-0.808594
29.286646944216535,-0.808594
29.286646944216535,-0.808594
29.286646944216535,-0.808594
29.286646944216535,-0.808594
29.286646944216535,-0.808594
29.286646944216535,-0.808594
29.286646944216535,-0.808594
29.286646944216535,-0.808594
29.286646944216535,-0.808594
29.286646944216535,-0.808594
29.286646944216535,-0.808594
29.286646944216535,-0.808594
29.286646944216535,-0.808594
29.286646944216535,-0.808594
29.286646944216535,-0.808594
29.286646944216535,-0.808594
29.286646944216535,-0.808594
29.286646944216535,-0.808594
29.286646944216535,-0.808594
29.286646944216535,-0.808594
29.286646944216535,-0.808594
29.286646944216535,-0.808594
29.286646944216535,-0.808594
29.286646944216535,-0.808594
29.286646944216535,-0.808594
29.286646944216535,-0.808594
29.286646944216535,-0.808594
29.286646944216535,-0.808594
29.286646944216535,-0.808594
29.286646944216535,-0.808594
29.286646944216535,-0.808594
29.286646944216535,-0.808594
29.286646944216535,-0.808594
29.286646944216535,-0.808594
29.286646944216535,-0.808594
29.286646944216535,-0.808594
29.286646944216535,-0.808594
29.286646944216535,-0.808594
29.286646944216535,-0.808594
29.286646944216535,-0.808594
29.286646944216535,-0.808594
29.286646944216535,-0.808594
29.286646944216535,-0.808594
29.286646944216535,-0.808594
29.286646944216535,-0.808594
29.286646944216535,-0.808594
29.286646944216535,-0.808594
29.286646944216535,-0.808594
29.286646944216535,-0.808594
29.286646944216535,-0.808594
29.286646944216535,-0.808594
29.286646944216535,-0.808594
29.286646944216535,-0.808594
29.286646944216535,-0.808594
29.286646944216535,-0.808594
29.286646944216535,-0.808594
29.286646944216535,-0.808594
29.286646944216535,-0.808594
29.286646944216535,-0.808594
29.286646944216535,-0.808594
29.286646944216535,-0.808594
29.286646944216535,-0.808594
29.286646944216535,-0.808594
29.286646944216535,-0.808594
29.286646944216535,-0.808594
29.286646944216535,-0.808594
29.286646944216535,-0.808594
29.286646944216535,-0.808594
29.286646944216535,-0.808594
29.286646944216535,-0.808594
29.286646944216535,-0.808594
29.286646944216535,-0.808594
29.286646944216535,-0.808594
29.286646944216535,-0.808594
29.286646944216535,-0.808594
29.286646944216535,-0.808594
29.286646944216535,-0.808594
29.286646944216535,-0.808594
29.286646944216535,-0.808594
29.286646944216535,-0.808594
29.286646944216535,-0.808594
29.286646944216535,-0.808594
29.286646944216535,-0.808594
29.286646944216535,-0.808594
29.286646944216535,-0.808594
29.286646944216535,-0.808594
29.286646944216535,-0.808594
29.286646944216535,-0.808594
29.286646944216535,-0.808594
29.286646944216535,-0.808594
29.286646944216535,-0.808594
29.286646944216535,-0.808594
29.286646944216535,-0.808594
29.286646944216535,-0.808594
29.286646944216535,-0.808594
29.286646944216535,-0.808594
29.286646944216535,-0.808594
29.286646944216535,-0.808594
29.286646944216535,-0.808594
29.286646944216535,-0.808594
29.286646944216535,-0.808594
29.286646944216535,-0.808594
29.286646944216535,-0.808594
29.286646944216535,-0.808594
29.286646944216535,-0.808594
29.286646944216535,-0.808594
29.286646944216535,-0.808594
29.286646944216535,-0.808594
29.286646944216535,-0.808594
29.286646944216535,-0.808594
29.286646944216535,-0.808594
29.286646944216535,-0.808594
29.286646944216535,-0.808594
29.286646944216535,-0.808594
29.286646944216535,-0.808594
29.286646944216535,-0.808594
29.286646944216535,-0.808594
29.286646944216535,-0.808594
29.286646944216535,-0.808594
29.286646944216535,-0.808594
29.286646944216535,-0.808594
29.286646944216535,-0.808594
29.286646944216535,-0.808594
29.286646944216535,-0.808594
29.286646944216535,-0.808594
29.286646944216535,-0.808594
29.286646944216535,-0.808594
29.286646944216535,-0.808594
29.286646944216535,-0.808594
29.286646944216535,-0.808594
29.286646944216535,-0.808594
29.286646944216535,-0.808594
29.286646944216535,-0.808594
29.286646944216535,-0.808594
29.286646944216535,-0.808594
29.286646944216535,-0.808594
29.286646944216535,-0.808594
29.286646944216535,-0.808594
29.286646944216535,-0.808594
29.286646944216535,-0.808594
29.286646944216535,-0.808594
29.286646944216535,-0.808594
29.286646944216535,-0.808594
29.286646944216535,-0.808594
29.286646944216535,-0.808594
29.286646944216535,-0.808594
29.286646944216535,-0.808594
29.286646944216535,-0.808594
29.286646944216535,-0.808594
29.286646944216535,-0.808594
29.286646944216535,-0.808594
29.286646944216535,-0.808594
29.286646944216535,-0.808594
29.286646944216535,-0.808594
29.286646944216535,-0.808594
29.286646944216535,-0.808594
29.286646944216535,-0.808594
29.286646944216535,-0.808594
29.286646944216535,-0.808594
29.286646944216535,-0.808594
29.286646944216535,-0.808594
29.286646944216535,-0.808594
29.286646944216535,-0.808594
29.286646944216535,-0.808594
29.286646944216535,-0.808594
29.286646944216535,-0.808594
29.286646944216535,-0.808594
29.286646944216535,-0.808594
29.286646944216535,-0.808594
29.286646944216535,-0.808594
29.286646944216535,-0.808594
29.286646944216535,-0.808594
29.286646944216535,-0.808594
29.286646944216535,-0.808594
29.286646944216535,-0.808594
29.286646944216535,-0.808594
29.286646944216535,-0.808594
29.286646944216535,-0.808594
29.286646944216535,-0.808594
29.286646944216535,-0.808594
29.286646944216535,-0.808594
29.286646944216535,-0.808594
29.286646944216535,-0.808594
29.286646944216535,-0.808594
29.286646944216535,-0.808594
29.286646944216535,-0.808594
29.286646944216535,-0.808594
29.286646944216535,-0.808594
29.286646944216535,-0.808594
29.286646944216535,-0.808594
29.286646944216535,-0.808594
29.286646944216535,-0.808594
29.286646944216535,-0.808594
29.286646944216535,-0.808594
29.286646944216535,-0.808594
29.286646944216535,-0.808594
29.286646944216535,-0.808594
29.286646944216535,-0.808594
29.286646944216535,-0.808594
29.286646944216535,-0.808594
29.286646944216535,-0.808594
29.286646944216535,-0.808594
29.286646944216535,-0.808594
29.286646944216535,-0.808594
29.286646944216535,-0.808594
29.286646944216535,-0.808594
29.286646944216535,-0.808594
29.286646944216535,-0.808594
29.286646944216535,-0.808594
29.286646944216535,-0.808594
29.286646944216535,-0.808594
29.286646944216535,-0.808594
29.286646944216535,-0.808594
29.286646944216535,-0.808594
29.286646944216535,-0.808594
29.286646944216535,-0.808594
29.286646944216535,-0.808594
29.286646944216535,-0.808594
29.286646944216535,-0.808594
29.286646944216535,-0.808594
29.286646944216535,-0.808594
29.286646944216535,-0.808594
29.286646944216535,-0.808594
29.286646944216535,-0.808594
29.286646944216535,-0.808594
29.286646944216535,-0.808594
29.286646944216535,-0.808594
29.286646944216535,-0.808594
29.286646944216535,-0.808594
29.286646944216535,-0.808594
29.286646944216535,-0.808594
29.286646944216535,-0.808594
29.286646944216535,-0.808594
29.286646944216535,-0.808594
29.286646944216535,-0.808594
29.286646944216535,-0.808594
29.286646944216535,-0.808594
29.286646944216535,-0.808594
29.286646944216535,-0.808594
29.286646944216535,-0.808594
29.286646944216535,-0.808594
29.286646944216535,-0.808594
29.286646944216535,-0.808594
29.286646944216535,-0.808594
29.286646944216535,-0.808594
29.286646944216535,-0.808594
29.286646944216535,-0.808594
29.286646944216535,-0.808594
29.286646944216535,-0.808594
29.286646944216535,-0.808594
29.286646944216535,-0.808594
29.286646944216535,-0.808594
29.286646944216535,-0.808594
29.286646944216535,-0.808594
29.286646944216535,-0.808594
29.286646944216535,-0.808594
29.286646944216535,-0.808594
29.286646944216535,-0.808594
29.286646944216535,-0.808594
29.286646944216535,-0.808594
29.286646944216535,-0.808594
29.286646944216535,-0.808594
29.286646944216535,-0.808594
29.286646944216535,-0.808594
29.286646944216535,-0.808594
29.286646944216535,-0.808594
29.286646944216535,-0.808594
29.286646944216535,-0.808594
29.286646944216535,-0.808594
29.286646944216535,-0.808594
29.286646944216535,-0.808594
29.286646944216535,-0.808594
29.286646944216535,-0.808594
29.286646944216535,-0.808594
29.286646944216535,-0.808594
29.286646944216535,-0.808594
29.286646944216535,-0.808594
29.286646944216535,-0.808594
29.286646944216535,-0.808594
29.286646944216535,-0.808594
29.286646944216535,-0.808594
29.286646944216535,-0.808594
29.286646944216535,-0.808594
29.286646944216535,-0.808594
29.286646944216535,-0.808594
29.286646944216535,-0.808594
29.286646944216535,-0.808594
29.286646944216535,-0.808594
29.286646944216535,-0.808594
29.286646944216535,-0.808594
29.286646944216535,-0.808594
29.286646944216535,-0.808594
29.286646944216535,-0.808594
29.286646944216535,-0.808594
29.286646944216535,-0.808594
29.286646944216535,-0.808594
29.286646944216535,-0.808594
29.286646944216535,-0.808594
29.286646944216535,-0.808594
29.286646944216535,-0.808594
29.286646944216535,-0.808594
29.286646944216535,-0.808594
29.286646944216535,-0.808594
29.286646944216535,-0.808594
29.286646944216535,-0.808594
29.286646944216535,-0.808594
29.286646944216535,-0.808594
29.286646944216535,-0.808594
29.286646944216535,-0.808594
29.286646944216535,-0.808594
29.286646944216535,-0.808594
29.286646944216535,-0.808594
29.286646944216535,-0.808594
29.286646944216535,-0.808594
29.286646944216535,-0.808594
29.286646944216535,-0.808594
29.286646944216535,-0.808594
29.286646944216535,-0.808594
29.286646944216535,-0.808594
29.286646944216535,-0.808594
29.286646944216535,-0.808594
29.286646944216535,-0.808594
29.286646944216535,-0.808594
29.286646944216535,-0.808594
29.286646944216535,-0.808594
29.286646944216535,-0.808594
29.286646944216535,-0.808594
29.286646944216535,-0.808594
29.286646944216535,-0.808594
29.286646944216535,-0.808594
29.286646944216535,-0.808594
29.286646944216535,-0.808594
29.286646944216535,-0.808594
29.286646944216535,-0.808594
29.286646944216535,-0.808594
29.286646944216535,-0.808594
29.286646944216535,-0.808594
29.286646944216535,-0.808594
29.286646944216535,-0.808594
29.286646944216535,-0.808594
29.286646944216535,-0.808594
29.286646944216535,-0.808594
29.286646944216535,-0.808594
29.286646944216535,-0.808594
29.286646944216535,-0.808594
29.286646944216535,-0.808594
29.286646944216535,-0.808594
29.286646944216535,-0.808594
29.286646944216535,-0.808594
29.286646944216535,-0.808594
29.286646944216535,-0.808594
29.286646944216535,-0.808594
29.286646944216535,-0.808594
29.286646944216535,-0.808594
29.286646944216535,-0.808594
29.286646944216535,-0.808594
29.286646944216535,-0.808594
29.286646944216535,-0.808594
29.286646944216535,-0.808594
29.286646944216535,-0.808594
29.286646944216535,-0.808594
29.286646944216535,-0.808594
29.286646944216535,-0.808594
29.286646944216535,-0.808594
29.286646944216535,-0.808594
29.286646944216535,-0.808594
29.286646944216535,-0.808594
29.286646944216535,-0.808594
29.286646944216535,-0.808594
29.286646944216535,-0.808594
29.286646944216535,-0.808594
29.286646944216535,-0.808594
29.286646944216535,-0.808594
29.286646944216535,-0.808594
29.286646944216535,-0.808594
29.286646944216535,-0.808594
29.286646944216535,-0.808594
29.286646944216535,-0.808594
29.286646944216535,-0.808594
29.286646944216535,-0.808594
29.286646944216535,-0.808594
29.286646944216535,-0.808594
29.286646944216535,-0.808594
29.286646944216535,-0.808594
29.286646944216535,-0.808594
29.286646944216535,-0.808594
29.286646944216535,-0.808594
29.286646944216535,-0.808594
29.286646944216535,-0.808594
29.286646944216535,-0.808594
29.286646944216535,-0.808594
29.286646944216535,-0.808594
29.286646944216535,-0.808594
29.286646944216535,-0.808594
29.286646944216535,-0.808594
29.286646944216535,-0.808594
29.286646944216535,-0.808594
29.286646944216535,-0.808594
29.286646944216535,-0.808594
29.286646944216535,-0.808594
29.286646944216535,-0.808594
29.286646944216535,-0.808594
29.286646944216535,-0.808594
29.286646944216535,-0.808594
29.286646944216535,-0.808594
29.286646944216535,-0.808594
29.286646944216535,-0.808594
29.286646944216535,-0.808594
29.286646944216535,-0.808594
29.286646944216535,-0.808594
29.286646944216535,-0.808594
29.286646944216535,-0.808594
29.286646944216535,-0.808594
29.286646944216535,-0.808594
29.286646944216535,-0.808594
29.286646944216535,-0.808594
29.286646944216535,-0.808594
29.286646944216535,-0.808594
29.286646944216535,-0.808594
29.286646944216535,-0.808594
29.286646944216535,-0.808594
29.286646944216535,-0.808594
29.286646944216535,-0.808594
29.286646944216535,-0.808594
29.286646944216535,-0.808594
29.286646944216535,-0.808594
29.286646944216535,-0.808594
29.286646944216535,-0.808594
29.286646944216535,-0.808594
29.286646944216535,-0.808594
29.286646944216535,-0.808594
29.286646944216535,-0.808594
29.286646944216535,-0.808594
29.286646944216535,-0.808594
29.286646944216535,-0.808594
29.286646944216535,-0.808594
29.286646944216535,-0.808594
29.286646944216535,-0.808594
29.286646944216535,-0.808594
29.286646944216535,-0.808594
29.286646944216535,-0.808594
29.286646944216535,-0.808594
29.286646944216535,-0.808594
29.286646944216535,-0.808594
29.286646944216535,-0.808594
29.286646944216535,-0.808594
29.286646944216535,-0.808594
29.286646944216535,-0.808594
29.286646944216535,-0.808594
29.286646944216535,-0.808594
29.286646944216535,-0.808594
29.286646944216535,-0.808594
29.286646944216535,-0.808594
29.286646944216535,-0.808594
29.286646944216535,-0.808594
29.286646944216535,-0.808594
29.286646944216535,-0.808594
29.286646944216535,-0.808594
29.286646944216535,-0.808594
29.286646944216535,-0.808594
29.286646944216535,-0.808594
29.286646944216535,-0.808594
29.286646944216535,-0.808594
29.286646944216535,-0.808594
29.286646944216535,-0.808594
29.286646944216535,-0.808594
29.286646944216535,-0.808594
29.286646944216535,-0.808594
29.286646944216535,-0.808594
29.286646944216535,-0.808594
29.286646944216535,-0.808594
29.286646944216535,-0.808594
29.286646944216535,-0.808594
29.286646944216535,-0.808594
29.286646944216535,-0.808594
29.286646944216535,-0.808594
29.286646944216535,-0.808594
29.286646944216535,-0.808594
29.286646944216535,-0.808594
29.286646944216535,-0.808594
29.286646944216535,-0.808594
29.286646944216535,-0.808594
29.286646944216535,-0.808594
29.286646944216535,-0.808594
29.286646944216535,-0.808594
29.286646944216535,-0.808594
29.286646944216535,-0.808594
29.286646944216535,-0.808594
29.286646944216535,-0.808594
29.286646944216535,-0.808594
29.286646944216535,-0.808594
29.286646944216535,-0.808594
29.286646944216535,-0.808594
29.286646944216535,-0.808594
29.286646944216535,-0.808594
29.286646944216535,-0.808594
29.286646944216535,-0.808594
29.286646944216535,-0.808594
29.286646944216535,-0.808594
29.286646944216535,-0.808594
29.286646944216535,-0.808594
29.286646944216535,-0.808594
29.286646944216535,-0.808594
29.286646944216535,-0.808594
29.286646944216535,-0.808594
29.286646944216535,-0.808594
29.286646944216535,-0.808594
29.286646944216535,-0.808594
29.286646944216535,-0.808594
29.286646944216535,-0.808594
29.286646944216535,-0.808594
29.286646944216535,-0.808594
29.286646944216535,-0.808594
29.286646944216535,-0.808594
29.286646944216535,-0.808594
29.286646944216535,-0.808594
29.286646944216535,-0.808594
29.286646944216535,-0.808594
29.286646944216535,-0.808594
29.286646944216535,-0.808594
29.286646944216535,-0.808594
29.286646944216535,-0.808594
29.286646944216535,-0.808594
29.286646944216535,-0.808594
29.286646944216535,-0.808594
29.286646944216535,-0.808594
29.286646944216535,-0.808594
29.286646944216535,-0.808594
29.286646944216535,-0.808594
29.286646944216535,-0.808594
29.286646944216535,-0.808594
29.286646944216535,-0.808594
29.286646944216535,-0.808594
29.286646944216535,-0.808594
29.286646944216535,-0.808594
29.286646944216535,-0.808594
29.286646944216535,-0.808594
29.286646944216535,-0.808594
29.286646944216535,-0.808594
29.286646944216535,-0.808594
29.286646944216535,-0.808594
29.286646944216535,-0.808594
29.286646944216535,-0.808594
29.286646944216535,-0.808594
29.286646944216535,-0.808594
29.286646944216535,-0.808594
29.286646944216535,-0.808594
29.286646944216535,-0.808594
29.286646944216535,-0.808594
29.286646944216535,-0.808594
29.286646944216535,-0.808594
29.286646944216535,-0.808594
29.286646944216535,-0.808594
29.286646944216535,-0.808594
29.286646944216535,-0.808594
29.286646944216535,-0.808594
29.286646944216535,-0.808594
29.286646944216535,-0.808594
29.286646944216535,-0.808594
29.286646944216535,-0.808594
29.286646944216535,-0.808594
29.286646944216535,-0.808594
29.286646944216535,-0.808594
29.286646944216535,-0.808594
29.286646944216535,-0.808594
29.286646944216535,-0.808594
29.286646944216535,-0.808594
29.286646944216535,-0.808594
29.286646944216535,-0.808594
29.286646944216535,-0.808594
29.286646944216535,-0.808594
29.286646944216535,-0.808594
29.286646944216535,-0.808594
29.286646944216535,-0.808594
29.286646944216535,-0.808594
29.286646944216535,-0.808594
29.286646944216535,-0.808594
29.286646944216535,-0.808594
29.286646944216535,-0.808594
29.286646944216535,-0.808594
29.286646944216535,-0.808594
29.286646944216535,-0.808594
29.286646944216535,-0.808594
29.286646944216535,-0.808594
29.286646944216535,-0.808594
29.286646944216535,-0.808594
29.286646944216535,-0.808594
29.286646944216535,-0.808594
29.286646944216535,-0.808594
29.286646944216535,-0.808594
29.286646944216535,-0.808594
29.286646944216535,-0.808594
29.286646944216535,-0.808594
29.286646944216535,-0.808594
29.286646944216535,-0.808594
29.286646944216535,-0.808594
29.286646944216535,-0.808594
29.286646944216535,-0.808594
29.286646944216535,-0.808594
29.286646944216535,-0.808594
29.286646944216535,-0.808594
29.286646944216535,-0.808594
29.286646944216535,-0.808594
29.286646944216535,-0.808594
29.286646944216535,-0.808594
29.286646944216535,-0.808594
29.286646944216535,-0.808594
29.286646944216535,-0.808594
29.286646944216535,-0.808594
29.286646944216535,-0.808594
29.286646944216535,-0.808594
29.286646944216535,-0.808594
29.286646944216535,-0.808594
29.286646944216535,-0.808594
29.286646944216535,-0.808594
29.286646944216535,-0.808594
29.286646944216535,-0.808594
29.286646944216535,-0.808594
29.286646944216535,-0.808594
29.286646944216535,-0.808594
29.286646944216535,-0.808594
29.286646944216535,-0.808594
29.286646944216535,-0.808594
29.286646944216535,-0.808594
29.286646944216535,-0.808594
29.286646944216535,-0.808594
29.286646944216535,-0.808594
29.286646944216535,-0.808594
29.286646944216535,-0.808594
29.286646944216535,-0.808594
29.286646944216535,-0.808594
29.286646944216535,-0.808594
29.286646944216535,-0.808594
29.286646944216535,-0.808594
29.286646944216535,-0.808594
29.286646944216535,-0.808594
29.286646944216535,-0.808594
29.286646944216535,-0.808594
29.286646944216535,-0.808594
29.286646944216535,-0.808594
29.286646944216535,-0.808594
29.286646944216535,-0.808594
29.286646944216535,-0.808594
29.286646944216535,-0.808594
29.286646944216535,-0.808594
29.286646944216535,-0.808594
29.286646944216535,-0.808594
29.286646944216535,-0.808594
29.286646944216535,-0.808594
29.286646944216535,-0.808594
29.286646944216535,-0.808594
29.286646944216535,-0.808594
29.286646944216535,-0.808594
29.286646944216535,-0.808594
29.286646944216535,-0.808594
29.286646944216535,-0.808594
29.286646944216535,-0.808594
29.286646944216535,-0.808594
29.286646944216535,-0.808594
29.286646944216535,-0.808594
29.286646944216535,-0.808594
29.286646944216535,-0.808594
29.286646944216535,-0.808594
29.286646944216535,-0.808594
29.286646944216535,-0.808594
29.286646944216535,-0.808594
29.286646944216535,-0.808594
29.286646944216535,-0.808594
29.286646944216535,-0.808594
29.286646944216535,-0.808594
29.286646944216535,-0.808594
29.286646944216535,-0.808594
29.286646944216535,-0.808594
29.286646944216535,-0.808594
29.286646944216535,-0.808594
29.286646944216535,-0.808594
29.286646944216535,-0.808594
29.286646944216535,-0.808594
29.286646944216535,-0.808594
29.286646944216535,-0.808594
29.286646944216535,-0.808594
29.286646944216535,-0.808594
29.286646944216535,-0.808594
29.286646944216535,-0.808594
29.286646944216535,-0.808594
29.286646944216535,-0.808594
29.286646944216535,-0.808594
29.286646944216535,-0.808594
29.286646944216535,-0.808594
29.286646944216535,-0.808594
29.286646944216535,-0.808594
29.286646944216535,-0.808594
29.286646944216535,-0.808594
29.286646944216535,-0.808594
29.286646944216535,-0.808594
29.286646944216535,-0.808594
29.286646944216535,-0.808594
29.286646944216535,-0.808594
29.286646944216535,-0.808594
29.286646944216535,-0.808594
29.286646944216535,-0.808594
29.286646944216535,-0.808594
29.286646944216535,-0.808594
29.286646944216535,-0.808594
29.286646944216535,-0.808594
29.286646944216535,-0.808594
29.286646944216535,-0.808594
29.286646944216535,-0.808594
29.286646944216535,-0.808594
29.286646944216535,-0.808594
29.286646944216535,-0.808594
29.286646944216535,-0.808594
29.286646944216535,-0.808594
29.286646944216535,-0.808594
29.286646944216535,-0.808594
29.286646944216535,-0.808594
29.286646944216535,-0.808594
29.286646944216535,-0.808594
29.286646944216535,-0.808594
29.286646944216535,-0.808594
29.286646944216535,-0.808594
29.286646944216535,-0.808594
29.286646944216535,-0.808594
29.286646944216535,-0.808594
29.286646944216535,-0.808594
29.286646944216535,-0.808594
29.286646944216535,-0.808594
29.286646944216535,-0.808594
29.286646944216535,-0.808594
29.286646944216535,-0.808594
29.286646944216535,-0.808594
29.286646944216535,-0.808594
29.286646944216535,-0.808594
29.286646944216535,-0.808594
29.286646944216535,-0.808594
29.286646944216535,-0.808594
29.286646944216535,-0.808594
29.286646944216535,-0.808594
29.286646944216535,-0.808594
29.286646944216535,-0.808594
29.286646944216535,-0.808594
29.286646944216535,-0.808594
29.286646944216535,-0.808594
29.286646944216535,-0.808594
29.286646944216535,-0.808594
29.286646944216535,-0.808594
29.286646944216535,-0.808594
29.286646944216535,-0.808594
29.286646944216535,-0.808594
29.286646944216535,-0.808594
29.286646944216535,-0.808594
29.286646944216535,-0.808594
29.286646944216535,-0.808594
29.286646944216535,-0.808594
29.286646944216535,-0.808594
29.286646944216535,-0.808594
29.286646944216535,-0.808594
29.286646944216535,-0.808594
29.286646944216535,-0.808594
29.286646944216535,-0.808594
29.286646944216535,-0.808594
29.286646944216535,-0.808594
29.286646944216535,-0.808594
29.286646944216535,-0.808594
29.286646944216535,-0.808594
29.286646944216535,-0.808594
29.286646944216535,-0.808594
29.286646944216535,-0.808594
29.286646944216535,-0.808594
29.286646944216535,-0.808594
29.286646944216535,-0.808594
29.286646944216535,-0.808594
29.286646944216535,-0.808594
29.286646944216535,-0.808594
29.286646944216535,-0.808594
29.286646944216535,-0.808594
29.286646944216535,-0.808594
29.286646944216535,-0.808594
29.286646944216535,-0.808594
29.286646944216535,-0.808594
29.286646944216535,-0.808594
29.286646944216535,-0.808594
29.286646944216535,-0.808594
29.286646944216535,-0.808594
29.286646944216535,-0.808594
29.286646944216535,-0.808594
29.286646944216535,-0.808594
29.286646944216535,-0.808594
29.286646944216535,-0.808594
29.286646944216535,-0.808594
29.286646944216535,-0.808594
29.286646944216535,-0.808594
29.286646944216535,-0.808594
29.286646944216535,-0.808594
29.286646944216535,-0.808594
29.286646944216535,-0.808594
29.286646944216535,-0.808594
29.286646944216535,-0.808594
29.286646944216535,-0.808594
29.286646944216535,-0.808594
29.286646944216535,-0.808594
29.286646944216535,-0.808594
29.286646944216535,-0.808594
29.286646944216535,-0.808594
29.286646944216535,-0.808594
29.286646944216535,-0.808594
29.286646944216535,-0.808594
29.286646944216535,-0.808594
29.286646944216535,-0.808594
29.286646944216535,-0.808594
29.286646944216535,-0.808594
29.286646944216535,-0.808594
29.286646944216535,-0.808594
29.286646944216535,-0.808594
29.286646944216535,-0.808594
29.286646944216535,-0.808594
29.286646944216535,-0.808594
29.286646944216535,-0.808594
29.286646944216535,-0.808594
29.286646944216535,-0.808594
29.286646944216535,-0.808594
29.286646944216535,-0.808594
29.286646944216535,-0.808594
29.286646944216535,-0.808594
29.286646944216535,-0.808594
29.286646944216535,-0.808594
29.286646944216535,-0.808594
29.286646944216535,-0.808594
29.286646944216535,-0.808594
29.286646944216535,-0.808594
29.286646944216535,-0.808594
29.286646944216535,-0.808594
29.286646944216535,-0.808594
29.286646944216535,-0.808594
29.286646944216535,-0.808594
29.286646944216535,-0.808594
29.286646944216535,-0.808594
29.286646944216535,-0.808594
29.286646944216535,-0.808594
29.286646944216535,-0.808594
29.286646944216535,-0.808594
29.286646944216535,-0.808594
29.286646944216535,-0.808594
29.286646944216535,-0.808594
29.286646944216535,-0.808594
29.286646944216535,-0.808594
29.286646944216535,-0.808594
29.286646944216535,-0.808594
29.286646944216535,-0.808594
29.286646944216535,-0.808594
29.286646944216535,-0.808594
29.286646944216535,-0.808594
29.286646944216535,-0.808594
29.286646944216535,-0.808594
29.286646944216535,-0.808594
29.286646944216535,-0.808594
29.286646944216535,-0.808594
29.286646944216535,-0.808594
29.286646944216535,-0.808594
29.286646944216535,-0.808594
29.286646944216535,-0.808594
29.286646944216535,-0.808594
29.286646944216535,-0.808594
29.286646944216535,-0.808594
29.286646944216535,-0.808594
29.286646944216535,-0.808594
29.286646944216535,-0.808594
29.286646944216535,-0.808594
29.286646944216535,-0.808594
29.286646944216535,-0.808594
29.286646944216535,-0.808594
29.286646944216535,-0.808594
29.286646944216535,-0.808594
29.286646944216535,-0.808594
29.286646944216535,-0.808594
29.286646944216535,-0.808594
29.286646944216535,-0.808594
29.286646944216535,-0.808594
29.286646944216535,-0.808594
29.286646944216535,-0.808594
29.286646944216535,-0.808594
29.286646944216535,-0.808594
29.286646944216535,-0.808594
29.286646944216535,-0.808594
29.286646944216535,-0.808594
29.286646944216535,-0.808594
29.286646944216535,-0.808594
29.286646944216535,-0.808594
29.286646944216535,-0.808594
29.286646944216535,-0.808594
29.286646944216535,-0.808594
29.286646944216535,-0.808594
29.286646944216535,-0.808594
29.286646944216535,-0.808594
29.286646944216535,-0.808594
29.286646944216535,-0.808594
29.286646944216535,-0.808594
29.286646944216535,-0.808594
29.286646944216535,-0.808594
29.286646944216535,-0.808594
29.286646944216535,-0.808594
29.286646944216535,-0.808594
29.286646944216535,-0.808594
29.286646944216535,-0.808594
29.286646944216535,-0.808594
29.286646944216535,-0.808594
29.286646944216535,-0.808594
29.286646944216535,-0.808594
29.286646944216535,-0.808594
29.286646944216535,-0.808594
29.286646944216535,-0.808594
29.286646944216535,-0.808594
29.286646944216535,-0.808594
29.286646944216535,-0.808594
29.286646944216535,-0.808594
29.286646944216535,-0.808594
29.286646944216535,-0.808594
29.286646944216535,-0.808594
29.286646944216535,-0.808594
29.286646944216535,-0.808594
29.286646944216535,-0.808594
29.286646944216535,-0.808594
29.286646944216535,-0.808594
29.286646944216535,-0.808594
29.286646944216535,-0.808594
29.286646944216535,-0.808594
29.286646944216535,-0.808594
29.286646944216535,-0.808594
29.286646944216535,-0.808594
29.286646944216535,-0.808594
29.286646944216535,-0.808594
29.286646944216535,-0.808594
29.286646944216535,-0.808594
29.286646944216535,-0.808594
29.286646944216535,-0.808594
29.286646944216535,-0.808594
29.286646944216535,-0.808594
29.286646944216535,-0.808594
29.286646944216535,-0.808594
29.286646944216535,-0.808594
29.286646944216535,-0.808594
29.286646944216535,-0.808594
29.286646944216535,-0.808594
29.286646944216535,-0.808594
29.286646944216535,-0.808594
29.286646944216535,-0.808594
29.286646944216535,-0.808594
29.286646944216535,-0.808594
29.286646944216535,-0.808594
29.286646944216535,-0.808594
29.286646944216535,-0.808594
29.286646944216535,-0.808594
29.286646944216535,-0.808594
29.286646944216535,-0.808594
29.286646944216535,-0.808594
29.286646944216535,-0.808594
29.286646944216535,-0.808594
29.286646944216535,-0.808594
29.286646944216535,-0.808594
29.286646944216535,-0.808594
29.286646944216535,-0.808594
29.286646944216535,-0.808594
29.286646944216535,-0.808594
29.286646944216535,-0.808594
29.286646944216535,-0.808594
29.286646944216535,-0.808594
29.286646944216535,-0.808594
29.286646944216535,-0.808594
