[2.223s] DEBUG:colcon:Command line arguments: ['/usr/bin/colcon', 'build', '--packages-select', 'onecim', '--symlink-install']
[2.223s] DEBUG:colcon:Parsed command line arguments: Namespace(allow_overriding=[], ament_cmake_args=None, base_paths=['.'], build_base='build', catkin_cmake_args=None, catkin_skip_building_tests=False, cmake_args=None, cmake_clean_cache=False, cmake_clean_first=False, cmake_force_configure=False, cmake_target=None, cmake_target_skip_unavailable=False, continue_on_error=False, event_handlers=None, executor='parallel', ignore_user_meta=False, install_base='install', log_base=None, log_level=None, main=<bound method BuildVerb.main of <colcon_core.verb.build.BuildVerb object at 0x7fcef0f4c940>>, merge_install=False, metas=['./colcon.meta'], packages_above=None, packages_above_and_dependencies=None, packages_above_depth=None, packages_end=None, packages_ignore=None, packages_ignore_regex=None, packages_select=['onecim'], packages_select_build_failed=False, packages_select_by_dep=None, packages_select_regex=None, packages_select_test_failures=False, packages_skip=None, packages_skip_build_finished=False, packages_skip_by_dep=None, packages_skip_regex=None, packages_skip_test_passed=False, packages_skip_up_to=None, packages_start=None, packages_up_to=None, packages_up_to_regex=None, parallel_workers=8, paths=None, symlink_install=True, test_result_base=None, verb_extension=<colcon_core.verb.build.BuildVerb object at 0x7fcef0f4c940>, verb_name='build', verb_parser=<colcon_defaults.argument_parser.defaults.DefaultArgumentsDecorator object at 0x7fcef0e9ab80>)
[2.309s] Level 1:colcon.colcon_core.package_discovery:discover_packages(colcon_meta) check parameters
[2.309s] Level 1:colcon.colcon_core.package_discovery:discover_packages(recursive) check parameters
[2.309s] Level 1:colcon.colcon_core.package_discovery:discover_packages(ignore) check parameters
[2.310s] Level 1:colcon.colcon_core.package_discovery:discover_packages(path) check parameters
[2.310s] Level 1:colcon.colcon_core.package_discovery:discover_packages(colcon_meta) discover
[2.310s] Level 1:colcon.colcon_core.package_discovery:discover_packages(recursive) discover
[2.310s] INFO:colcon.colcon_core.package_discovery:Crawling recursively for packages in '/home/babangida/ros_ws'
[2.310s] Level 1:colcon.colcon_core.package_identification:_identify(.) by extensions ['ignore', 'ignore_ament_install']
[2.310s] Level 1:colcon.colcon_core.package_identification:_identify(.) by extension 'ignore'
[2.310s] Level 1:colcon.colcon_core.package_identification:_identify(.) by extension 'ignore_ament_install'
[2.310s] Level 1:colcon.colcon_core.package_identification:_identify(.) by extensions ['colcon_pkg']
[2.310s] Level 1:colcon.colcon_core.package_identification:_identify(.) by extension 'colcon_pkg'
[2.310s] Level 1:colcon.colcon_core.package_identification:_identify(.) by extensions ['colcon_meta']
[2.310s] Level 1:colcon.colcon_core.package_identification:_identify(.) by extension 'colcon_meta'
[2.310s] Level 1:colcon.colcon_core.package_identification:_identify(.) by extensions ['ros']
[2.310s] Level 1:colcon.colcon_core.package_identification:_identify(.) by extension 'ros'
[2.318s] Level 1:colcon.colcon_core.package_identification:_identify(.) by extensions ['cmake', 'python']
[2.318s] Level 1:colcon.colcon_core.package_identification:_identify(.) by extension 'cmake'
[2.318s] Level 1:colcon.colcon_core.package_identification:_identify(.) by extension 'python'
[2.318s] Level 1:colcon.colcon_core.package_identification:_identify(.) by extensions ['python_setup_py']
[2.318s] Level 1:colcon.colcon_core.package_identification:_identify(.) by extension 'python_setup_py'
[2.318s] Level 1:colcon.colcon_core.package_identification:_identify(AllResults) by extensions ['ignore', 'ignore_ament_install']
[2.318s] Level 1:colcon.colcon_core.package_identification:_identify(AllResults) by extension 'ignore'
[2.318s] Level 1:colcon.colcon_core.package_identification:_identify(AllResults) by extension 'ignore_ament_install'
[2.318s] Level 1:colcon.colcon_core.package_identification:_identify(AllResults) by extensions ['colcon_pkg']
[2.318s] Level 1:colcon.colcon_core.package_identification:_identify(AllResults) by extension 'colcon_pkg'
[2.318s] Level 1:colcon.colcon_core.package_identification:_identify(AllResults) by extensions ['colcon_meta']
[2.318s] Level 1:colcon.colcon_core.package_identification:_identify(AllResults) by extension 'colcon_meta'
[2.318s] Level 1:colcon.colcon_core.package_identification:_identify(AllResults) by extensions ['ros']
[2.319s] Level 1:colcon.colcon_core.package_identification:_identify(AllResults) by extension 'ros'
[2.319s] Level 1:colcon.colcon_core.package_identification:_identify(AllResults) by extensions ['cmake', 'python']
[2.319s] Level 1:colcon.colcon_core.package_identification:_identify(AllResults) by extension 'cmake'
[2.319s] Level 1:colcon.colcon_core.package_identification:_identify(AllResults) by extension 'python'
[2.319s] Level 1:colcon.colcon_core.package_identification:_identify(AllResults) by extensions ['python_setup_py']
[2.319s] Level 1:colcon.colcon_core.package_identification:_identify(AllResults) by extension 'python_setup_py'
[2.319s] Level 1:colcon.colcon_core.package_identification:_identify(AllResults/fiftyVehs) by extensions ['ignore', 'ignore_ament_install']
[2.319s] Level 1:colcon.colcon_core.package_identification:_identify(AllResults/fiftyVehs) by extension 'ignore'
[2.319s] Level 1:colcon.colcon_core.package_identification:_identify(AllResults/fiftyVehs) by extension 'ignore_ament_install'
[2.319s] Level 1:colcon.colcon_core.package_identification:_identify(AllResults/fiftyVehs) by extensions ['colcon_pkg']
[2.319s] Level 1:colcon.colcon_core.package_identification:_identify(AllResults/fiftyVehs) by extension 'colcon_pkg'
[2.319s] Level 1:colcon.colcon_core.package_identification:_identify(AllResults/fiftyVehs) by extensions ['colcon_meta']
[2.319s] Level 1:colcon.colcon_core.package_identification:_identify(AllResults/fiftyVehs) by extension 'colcon_meta'
[2.319s] Level 1:colcon.colcon_core.package_identification:_identify(AllResults/fiftyVehs) by extensions ['ros']
[2.319s] Level 1:colcon.colcon_core.package_identification:_identify(AllResults/fiftyVehs) by extension 'ros'
[2.319s] Level 1:colcon.colcon_core.package_identification:_identify(AllResults/fiftyVehs) by extensions ['cmake', 'python']
[2.319s] Level 1:colcon.colcon_core.package_identification:_identify(AllResults/fiftyVehs) by extension 'cmake'
[2.319s] Level 1:colcon.colcon_core.package_identification:_identify(AllResults/fiftyVehs) by extension 'python'
[2.319s] Level 1:colcon.colcon_core.package_identification:_identify(AllResults/fiftyVehs) by extensions ['python_setup_py']
[2.319s] Level 1:colcon.colcon_core.package_identification:_identify(AllResults/fiftyVehs) by extension 'python_setup_py'
[2.319s] Level 1:colcon.colcon_core.package_identification:_identify(AllResults/fiftyVehs/fourWay) by extensions ['ignore', 'ignore_ament_install']
[2.319s] Level 1:colcon.colcon_core.package_identification:_identify(AllResults/fiftyVehs/fourWay) by extension 'ignore'
[2.319s] Level 1:colcon.colcon_core.package_identification:_identify(AllResults/fiftyVehs/fourWay) by extension 'ignore_ament_install'
[2.320s] Level 1:colcon.colcon_core.package_identification:_identify(AllResults/fiftyVehs/fourWay) by extensions ['colcon_pkg']
[2.320s] Level 1:colcon.colcon_core.package_identification:_identify(AllResults/fiftyVehs/fourWay) by extension 'colcon_pkg'
[2.320s] Level 1:colcon.colcon_core.package_identification:_identify(AllResults/fiftyVehs/fourWay) by extensions ['colcon_meta']
[2.320s] Level 1:colcon.colcon_core.package_identification:_identify(AllResults/fiftyVehs/fourWay) by extension 'colcon_meta'
[2.320s] Level 1:colcon.colcon_core.package_identification:_identify(AllResults/fiftyVehs/fourWay) by extensions ['ros']
[2.320s] Level 1:colcon.colcon_core.package_identification:_identify(AllResults/fiftyVehs/fourWay) by extension 'ros'
[2.320s] Level 1:colcon.colcon_core.package_identification:_identify(AllResults/fiftyVehs/fourWay) by extensions ['cmake', 'python']
[2.320s] Level 1:colcon.colcon_core.package_identification:_identify(AllResults/fiftyVehs/fourWay) by extension 'cmake'
[2.320s] Level 1:colcon.colcon_core.package_identification:_identify(AllResults/fiftyVehs/fourWay) by extension 'python'
[2.320s] Level 1:colcon.colcon_core.package_identification:_identify(AllResults/fiftyVehs/fourWay) by extensions ['python_setup_py']
[2.320s] Level 1:colcon.colcon_core.package_identification:_identify(AllResults/fiftyVehs/fourWay) by extension 'python_setup_py'
[2.320s] Level 1:colcon.colcon_core.package_identification:_identify(AllResults/fiftyVehs/fourWay/FIS) by extensions ['ignore', 'ignore_ament_install']
[2.320s] Level 1:colcon.colcon_core.package_identification:_identify(AllResults/fiftyVehs/fourWay/FIS) by extension 'ignore'
[2.320s] Level 1:colcon.colcon_core.package_identification:_identify(AllResults/fiftyVehs/fourWay/FIS) by extension 'ignore_ament_install'
[2.320s] Level 1:colcon.colcon_core.package_identification:_identify(AllResults/fiftyVehs/fourWay/FIS) by extensions ['colcon_pkg']
[2.320s] Level 1:colcon.colcon_core.package_identification:_identify(AllResults/fiftyVehs/fourWay/FIS) by extension 'colcon_pkg'
[2.320s] Level 1:colcon.colcon_core.package_identification:_identify(AllResults/fiftyVehs/fourWay/FIS) by extensions ['colcon_meta']
[2.320s] Level 1:colcon.colcon_core.package_identification:_identify(AllResults/fiftyVehs/fourWay/FIS) by extension 'colcon_meta'
[2.320s] Level 1:colcon.colcon_core.package_identification:_identify(AllResults/fiftyVehs/fourWay/FIS) by extensions ['ros']
[2.320s] Level 1:colcon.colcon_core.package_identification:_identify(AllResults/fiftyVehs/fourWay/FIS) by extension 'ros'
[2.320s] Level 1:colcon.colcon_core.package_identification:_identify(AllResults/fiftyVehs/fourWay/FIS) by extensions ['cmake', 'python']
[2.320s] Level 1:colcon.colcon_core.package_identification:_identify(AllResults/fiftyVehs/fourWay/FIS) by extension 'cmake'
[2.320s] Level 1:colcon.colcon_core.package_identification:_identify(AllResults/fiftyVehs/fourWay/FIS) by extension 'python'
[2.320s] Level 1:colcon.colcon_core.package_identification:_identify(AllResults/fiftyVehs/fourWay/FIS) by extensions ['python_setup_py']
[2.320s] Level 1:colcon.colcon_core.package_identification:_identify(AllResults/fiftyVehs/fourWay/FIS) by extension 'python_setup_py'
[2.321s] Level 1:colcon.colcon_core.package_identification:_identify(AllResults/fiftyVehs/fourWay/SpdDst) by extensions ['ignore', 'ignore_ament_install']
[2.321s] Level 1:colcon.colcon_core.package_identification:_identify(AllResults/fiftyVehs/fourWay/SpdDst) by extension 'ignore'
[2.321s] Level 1:colcon.colcon_core.package_identification:_identify(AllResults/fiftyVehs/fourWay/SpdDst) by extension 'ignore_ament_install'
[2.321s] Level 1:colcon.colcon_core.package_identification:_identify(AllResults/fiftyVehs/fourWay/SpdDst) by extensions ['colcon_pkg']
[2.321s] Level 1:colcon.colcon_core.package_identification:_identify(AllResults/fiftyVehs/fourWay/SpdDst) by extension 'colcon_pkg'
[2.321s] Level 1:colcon.colcon_core.package_identification:_identify(AllResults/fiftyVehs/fourWay/SpdDst) by extensions ['colcon_meta']
[2.321s] Level 1:colcon.colcon_core.package_identification:_identify(AllResults/fiftyVehs/fourWay/SpdDst) by extension 'colcon_meta'
[2.321s] Level 1:colcon.colcon_core.package_identification:_identify(AllResults/fiftyVehs/fourWay/SpdDst) by extensions ['ros']
[2.321s] Level 1:colcon.colcon_core.package_identification:_identify(AllResults/fiftyVehs/fourWay/SpdDst) by extension 'ros'
[2.321s] Level 1:colcon.colcon_core.package_identification:_identify(AllResults/fiftyVehs/fourWay/SpdDst) by extensions ['cmake', 'python']
[2.321s] Level 1:colcon.colcon_core.package_identification:_identify(AllResults/fiftyVehs/fourWay/SpdDst) by extension 'cmake'
[2.321s] Level 1:colcon.colcon_core.package_identification:_identify(AllResults/fiftyVehs/fourWay/SpdDst) by extension 'python'
[2.321s] Level 1:colcon.colcon_core.package_identification:_identify(AllResults/fiftyVehs/fourWay/SpdDst) by extensions ['python_setup_py']
[2.321s] Level 1:colcon.colcon_core.package_identification:_identify(AllResults/fiftyVehs/fourWay/SpdDst) by extension 'python_setup_py'
[2.321s] Level 1:colcon.colcon_core.package_identification:_identify(AllResults/fiftyVehs/fourWay/static) by extensions ['ignore', 'ignore_ament_install']
[2.321s] Level 1:colcon.colcon_core.package_identification:_identify(AllResults/fiftyVehs/fourWay/static) by extension 'ignore'
[2.321s] Level 1:colcon.colcon_core.package_identification:_identify(AllResults/fiftyVehs/fourWay/static) by extension 'ignore_ament_install'
[2.321s] Level 1:colcon.colcon_core.package_identification:_identify(AllResults/fiftyVehs/fourWay/static) by extensions ['colcon_pkg']
[2.321s] Level 1:colcon.colcon_core.package_identification:_identify(AllResults/fiftyVehs/fourWay/static) by extension 'colcon_pkg'
[2.321s] Level 1:colcon.colcon_core.package_identification:_identify(AllResults/fiftyVehs/fourWay/static) by extensions ['colcon_meta']
[2.321s] Level 1:colcon.colcon_core.package_identification:_identify(AllResults/fiftyVehs/fourWay/static) by extension 'colcon_meta'
[2.321s] Level 1:colcon.colcon_core.package_identification:_identify(AllResults/fiftyVehs/fourWay/static) by extensions ['ros']
[2.321s] Level 1:colcon.colcon_core.package_identification:_identify(AllResults/fiftyVehs/fourWay/static) by extension 'ros'
[2.321s] Level 1:colcon.colcon_core.package_identification:_identify(AllResults/fiftyVehs/fourWay/static) by extensions ['cmake', 'python']
[2.322s] Level 1:colcon.colcon_core.package_identification:_identify(AllResults/fiftyVehs/fourWay/static) by extension 'cmake'
[2.322s] Level 1:colcon.colcon_core.package_identification:_identify(AllResults/fiftyVehs/fourWay/static) by extension 'python'
[2.322s] Level 1:colcon.colcon_core.package_identification:_identify(AllResults/fiftyVehs/fourWay/static) by extensions ['python_setup_py']
[2.322s] Level 1:colcon.colcon_core.package_identification:_identify(AllResults/fiftyVehs/fourWay/static) by extension 'python_setup_py'
[2.322s] Level 1:colcon.colcon_core.package_identification:_identify(AllResults/fiftyVehs/twoWay) by extensions ['ignore', 'ignore_ament_install']
[2.322s] Level 1:colcon.colcon_core.package_identification:_identify(AllResults/fiftyVehs/twoWay) by extension 'ignore'
[2.322s] Level 1:colcon.colcon_core.package_identification:_identify(AllResults/fiftyVehs/twoWay) by extension 'ignore_ament_install'
[2.322s] Level 1:colcon.colcon_core.package_identification:_identify(AllResults/fiftyVehs/twoWay) by extensions ['colcon_pkg']
[2.322s] Level 1:colcon.colcon_core.package_identification:_identify(AllResults/fiftyVehs/twoWay) by extension 'colcon_pkg'
[2.322s] Level 1:colcon.colcon_core.package_identification:_identify(AllResults/fiftyVehs/twoWay) by extensions ['colcon_meta']
[2.322s] Level 1:colcon.colcon_core.package_identification:_identify(AllResults/fiftyVehs/twoWay) by extension 'colcon_meta'
[2.322s] Level 1:colcon.colcon_core.package_identification:_identify(AllResults/fiftyVehs/twoWay) by extensions ['ros']
[2.322s] Level 1:colcon.colcon_core.package_identification:_identify(AllResults/fiftyVehs/twoWay) by extension 'ros'
[2.322s] Level 1:colcon.colcon_core.package_identification:_identify(AllResults/fiftyVehs/twoWay) by extensions ['cmake', 'python']
[2.322s] Level 1:colcon.colcon_core.package_identification:_identify(AllResults/fiftyVehs/twoWay) by extension 'cmake'
[2.322s] Level 1:colcon.colcon_core.package_identification:_identify(AllResults/fiftyVehs/twoWay) by extension 'python'
[2.322s] Level 1:colcon.colcon_core.package_identification:_identify(AllResults/fiftyVehs/twoWay) by extensions ['python_setup_py']
[2.322s] Level 1:colcon.colcon_core.package_identification:_identify(AllResults/fiftyVehs/twoWay) by extension 'python_setup_py'
[2.322s] Level 1:colcon.colcon_core.package_identification:_identify(AllResults/fiftyVehs/twoWay/FIS) by extensions ['ignore', 'ignore_ament_install']
[2.322s] Level 1:colcon.colcon_core.package_identification:_identify(AllResults/fiftyVehs/twoWay/FIS) by extension 'ignore'
[2.322s] Level 1:colcon.colcon_core.package_identification:_identify(AllResults/fiftyVehs/twoWay/FIS) by extension 'ignore_ament_install'
[2.322s] Level 1:colcon.colcon_core.package_identification:_identify(AllResults/fiftyVehs/twoWay/FIS) by extensions ['colcon_pkg']
[2.322s] Level 1:colcon.colcon_core.package_identification:_identify(AllResults/fiftyVehs/twoWay/FIS) by extension 'colcon_pkg'
[2.322s] Level 1:colcon.colcon_core.package_identification:_identify(AllResults/fiftyVehs/twoWay/FIS) by extensions ['colcon_meta']
[2.322s] Level 1:colcon.colcon_core.package_identification:_identify(AllResults/fiftyVehs/twoWay/FIS) by extension 'colcon_meta'
[2.322s] Level 1:colcon.colcon_core.package_identification:_identify(AllResults/fiftyVehs/twoWay/FIS) by extensions ['ros']
[2.323s] Level 1:colcon.colcon_core.package_identification:_identify(AllResults/fiftyVehs/twoWay/FIS) by extension 'ros'
[2.323s] Level 1:colcon.colcon_core.package_identification:_identify(AllResults/fiftyVehs/twoWay/FIS) by extensions ['cmake', 'python']
[2.323s] Level 1:colcon.colcon_core.package_identification:_identify(AllResults/fiftyVehs/twoWay/FIS) by extension 'cmake'
[2.323s] Level 1:colcon.colcon_core.package_identification:_identify(AllResults/fiftyVehs/twoWay/FIS) by extension 'python'
[2.323s] Level 1:colcon.colcon_core.package_identification:_identify(AllResults/fiftyVehs/twoWay/FIS) by extensions ['python_setup_py']
[2.323s] Level 1:colcon.colcon_core.package_identification:_identify(AllResults/fiftyVehs/twoWay/FIS) by extension 'python_setup_py'
[2.323s] Level 1:colcon.colcon_core.package_identification:_identify(AllResults/fiftyVehs/twoWay/SouthNorth) by extensions ['ignore', 'ignore_ament_install']
[2.323s] Level 1:colcon.colcon_core.package_identification:_identify(AllResults/fiftyVehs/twoWay/SouthNorth) by extension 'ignore'
[2.323s] Level 1:colcon.colcon_core.package_identification:_identify(AllResults/fiftyVehs/twoWay/SouthNorth) by extension 'ignore_ament_install'
[2.323s] Level 1:colcon.colcon_core.package_identification:_identify(AllResults/fiftyVehs/twoWay/SouthNorth) by extensions ['colcon_pkg']
[2.323s] Level 1:colcon.colcon_core.package_identification:_identify(AllResults/fiftyVehs/twoWay/SouthNorth) by extension 'colcon_pkg'
[2.323s] Level 1:colcon.colcon_core.package_identification:_identify(AllResults/fiftyVehs/twoWay/SouthNorth) by extensions ['colcon_meta']
[2.323s] Level 1:colcon.colcon_core.package_identification:_identify(AllResults/fiftyVehs/twoWay/SouthNorth) by extension 'colcon_meta'
[2.323s] Level 1:colcon.colcon_core.package_identification:_identify(AllResults/fiftyVehs/twoWay/SouthNorth) by extensions ['ros']
[2.323s] Level 1:colcon.colcon_core.package_identification:_identify(AllResults/fiftyVehs/twoWay/SouthNorth) by extension 'ros'
[2.323s] Level 1:colcon.colcon_core.package_identification:_identify(AllResults/fiftyVehs/twoWay/SouthNorth) by extensions ['cmake', 'python']
[2.323s] Level 1:colcon.colcon_core.package_identification:_identify(AllResults/fiftyVehs/twoWay/SouthNorth) by extension 'cmake'
[2.323s] Level 1:colcon.colcon_core.package_identification:_identify(AllResults/fiftyVehs/twoWay/SouthNorth) by extension 'python'
[2.323s] Level 1:colcon.colcon_core.package_identification:_identify(AllResults/fiftyVehs/twoWay/SouthNorth) by extensions ['python_setup_py']
[2.323s] Level 1:colcon.colcon_core.package_identification:_identify(AllResults/fiftyVehs/twoWay/SouthNorth) by extension 'python_setup_py'
[2.323s] Level 1:colcon.colcon_core.package_identification:_identify(AllResults/fiftyVehs/twoWay/SouthNorth/FIS) by extensions ['ignore', 'ignore_ament_install']
[2.323s] Level 1:colcon.colcon_core.package_identification:_identify(AllResults/fiftyVehs/twoWay/SouthNorth/FIS) by extension 'ignore'
[2.323s] Level 1:colcon.colcon_core.package_identification:_identify(AllResults/fiftyVehs/twoWay/SouthNorth/FIS) by extension 'ignore_ament_install'
[2.324s] Level 1:colcon.colcon_core.package_identification:_identify(AllResults/fiftyVehs/twoWay/SouthNorth/FIS) by extensions ['colcon_pkg']
[2.324s] Level 1:colcon.colcon_core.package_identification:_identify(AllResults/fiftyVehs/twoWay/SouthNorth/FIS) by extension 'colcon_pkg'
[2.324s] Level 1:colcon.colcon_core.package_identification:_identify(AllResults/fiftyVehs/twoWay/SouthNorth/FIS) by extensions ['colcon_meta']
[2.324s] Level 1:colcon.colcon_core.package_identification:_identify(AllResults/fiftyVehs/twoWay/SouthNorth/FIS) by extension 'colcon_meta'
[2.324s] Level 1:colcon.colcon_core.package_identification:_identify(AllResults/fiftyVehs/twoWay/SouthNorth/FIS) by extensions ['ros']
[2.324s] Level 1:colcon.colcon_core.package_identification:_identify(AllResults/fiftyVehs/twoWay/SouthNorth/FIS) by extension 'ros'
[2.324s] Level 1:colcon.colcon_core.package_identification:_identify(AllResults/fiftyVehs/twoWay/SouthNorth/FIS) by extensions ['cmake', 'python']
[2.324s] Level 1:colcon.colcon_core.package_identification:_identify(AllResults/fiftyVehs/twoWay/SouthNorth/FIS) by extension 'cmake'
[2.324s] Level 1:colcon.colcon_core.package_identification:_identify(AllResults/fiftyVehs/twoWay/SouthNorth/FIS) by extension 'python'
[2.324s] Level 1:colcon.colcon_core.package_identification:_identify(AllResults/fiftyVehs/twoWay/SouthNorth/FIS) by extensions ['python_setup_py']
[2.324s] Level 1:colcon.colcon_core.package_identification:_identify(AllResults/fiftyVehs/twoWay/SouthNorth/FIS) by extension 'python_setup_py'
[2.324s] Level 1:colcon.colcon_core.package_identification:_identify(AllResults/fiftyVehs/twoWay/SouthNorth/SpdDst) by extensions ['ignore', 'ignore_ament_install']
[2.324s] Level 1:colcon.colcon_core.package_identification:_identify(AllResults/fiftyVehs/twoWay/SouthNorth/SpdDst) by extension 'ignore'
[2.325s] Level 1:colcon.colcon_core.package_identification:_identify(AllResults/fiftyVehs/twoWay/SouthNorth/SpdDst) by extension 'ignore_ament_install'
[2.325s] Level 1:colcon.colcon_core.package_identification:_identify(AllResults/fiftyVehs/twoWay/SouthNorth/SpdDst) by extensions ['colcon_pkg']
[2.325s] Level 1:colcon.colcon_core.package_identification:_identify(AllResults/fiftyVehs/twoWay/SouthNorth/SpdDst) by extension 'colcon_pkg'
[2.325s] Level 1:colcon.colcon_core.package_identification:_identify(AllResults/fiftyVehs/twoWay/SouthNorth/SpdDst) by extensions ['colcon_meta']
[2.325s] Level 1:colcon.colcon_core.package_identification:_identify(AllResults/fiftyVehs/twoWay/SouthNorth/SpdDst) by extension 'colcon_meta'
[2.325s] Level 1:colcon.colcon_core.package_identification:_identify(AllResults/fiftyVehs/twoWay/SouthNorth/SpdDst) by extensions ['ros']
[2.325s] Level 1:colcon.colcon_core.package_identification:_identify(AllResults/fiftyVehs/twoWay/SouthNorth/SpdDst) by extension 'ros'
[2.325s] Level 1:colcon.colcon_core.package_identification:_identify(AllResults/fiftyVehs/twoWay/SouthNorth/SpdDst) by extensions ['cmake', 'python']
[2.325s] Level 1:colcon.colcon_core.package_identification:_identify(AllResults/fiftyVehs/twoWay/SouthNorth/SpdDst) by extension 'cmake'
[2.325s] Level 1:colcon.colcon_core.package_identification:_identify(AllResults/fiftyVehs/twoWay/SouthNorth/SpdDst) by extension 'python'
[2.325s] Level 1:colcon.colcon_core.package_identification:_identify(AllResults/fiftyVehs/twoWay/SouthNorth/SpdDst) by extensions ['python_setup_py']
[2.325s] Level 1:colcon.colcon_core.package_identification:_identify(AllResults/fiftyVehs/twoWay/SouthNorth/SpdDst) by extension 'python_setup_py'
[2.325s] Level 1:colcon.colcon_core.package_identification:_identify(AllResults/fiftyVehs/twoWay/SouthNorth/Static) by extensions ['ignore', 'ignore_ament_install']
[2.326s] Level 1:colcon.colcon_core.package_identification:_identify(AllResults/fiftyVehs/twoWay/SouthNorth/Static) by extension 'ignore'
[2.326s] Level 1:colcon.colcon_core.package_identification:_identify(AllResults/fiftyVehs/twoWay/SouthNorth/Static) by extension 'ignore_ament_install'
[2.326s] Level 1:colcon.colcon_core.package_identification:_identify(AllResults/fiftyVehs/twoWay/SouthNorth/Static) by extensions ['colcon_pkg']
[2.326s] Level 1:colcon.colcon_core.package_identification:_identify(AllResults/fiftyVehs/twoWay/SouthNorth/Static) by extension 'colcon_pkg'
[2.326s] Level 1:colcon.colcon_core.package_identification:_identify(AllResults/fiftyVehs/twoWay/SouthNorth/Static) by extensions ['colcon_meta']
[2.326s] Level 1:colcon.colcon_core.package_identification:_identify(AllResults/fiftyVehs/twoWay/SouthNorth/Static) by extension 'colcon_meta'
[2.326s] Level 1:colcon.colcon_core.package_identification:_identify(AllResults/fiftyVehs/twoWay/SouthNorth/Static) by extensions ['ros']
[2.326s] Level 1:colcon.colcon_core.package_identification:_identify(AllResults/fiftyVehs/twoWay/SouthNorth/Static) by extension 'ros'
[2.326s] Level 1:colcon.colcon_core.package_identification:_identify(AllResults/fiftyVehs/twoWay/SouthNorth/Static) by extensions ['cmake', 'python']
[2.326s] Level 1:colcon.colcon_core.package_identification:_identify(AllResults/fiftyVehs/twoWay/SouthNorth/Static) by extension 'cmake'
[2.326s] Level 1:colcon.colcon_core.package_identification:_identify(AllResults/fiftyVehs/twoWay/SouthNorth/Static) by extension 'python'
[2.326s] Level 1:colcon.colcon_core.package_identification:_identify(AllResults/fiftyVehs/twoWay/SouthNorth/Static) by extensions ['python_setup_py']
[2.326s] Level 1:colcon.colcon_core.package_identification:_identify(AllResults/fiftyVehs/twoWay/SouthNorth/Static) by extension 'python_setup_py'
[2.326s] Level 1:colcon.colcon_core.package_identification:_identify(AllResults/fiftyVehs/twoWay/SpdDst) by extensions ['ignore', 'ignore_ament_install']
[2.327s] Level 1:colcon.colcon_core.package_identification:_identify(AllResults/fiftyVehs/twoWay/SpdDst) by extension 'ignore'
[2.327s] Level 1:colcon.colcon_core.package_identification:_identify(AllResults/fiftyVehs/twoWay/SpdDst) by extension 'ignore_ament_install'
[2.327s] Level 1:colcon.colcon_core.package_identification:_identify(AllResults/fiftyVehs/twoWay/SpdDst) by extensions ['colcon_pkg']
[2.327s] Level 1:colcon.colcon_core.package_identification:_identify(AllResults/fiftyVehs/twoWay/SpdDst) by extension 'colcon_pkg'
[2.327s] Level 1:colcon.colcon_core.package_identification:_identify(AllResults/fiftyVehs/twoWay/SpdDst) by extensions ['colcon_meta']
[2.327s] Level 1:colcon.colcon_core.package_identification:_identify(AllResults/fiftyVehs/twoWay/SpdDst) by extension 'colcon_meta'
[2.327s] Level 1:colcon.colcon_core.package_identification:_identify(AllResults/fiftyVehs/twoWay/SpdDst) by extensions ['ros']
[2.327s] Level 1:colcon.colcon_core.package_identification:_identify(AllResults/fiftyVehs/twoWay/SpdDst) by extension 'ros'
[2.327s] Level 1:colcon.colcon_core.package_identification:_identify(AllResults/fiftyVehs/twoWay/SpdDst) by extensions ['cmake', 'python']
[2.327s] Level 1:colcon.colcon_core.package_identification:_identify(AllResults/fiftyVehs/twoWay/SpdDst) by extension 'cmake'
[2.327s] Level 1:colcon.colcon_core.package_identification:_identify(AllResults/fiftyVehs/twoWay/SpdDst) by extension 'python'
[2.327s] Level 1:colcon.colcon_core.package_identification:_identify(AllResults/fiftyVehs/twoWay/SpdDst) by extensions ['python_setup_py']
[2.327s] Level 1:colcon.colcon_core.package_identification:_identify(AllResults/fiftyVehs/twoWay/SpdDst) by extension 'python_setup_py'
[2.327s] Level 1:colcon.colcon_core.package_identification:_identify(AllResults/fiftyVehs/twoWay/Static) by extensions ['ignore', 'ignore_ament_install']
[2.327s] Level 1:colcon.colcon_core.package_identification:_identify(AllResults/fiftyVehs/twoWay/Static) by extension 'ignore'
[2.327s] Level 1:colcon.colcon_core.package_identification:_identify(AllResults/fiftyVehs/twoWay/Static) by extension 'ignore_ament_install'
[2.327s] Level 1:colcon.colcon_core.package_identification:_identify(AllResults/fiftyVehs/twoWay/Static) by extensions ['colcon_pkg']
[2.327s] Level 1:colcon.colcon_core.package_identification:_identify(AllResults/fiftyVehs/twoWay/Static) by extension 'colcon_pkg'
[2.327s] Level 1:colcon.colcon_core.package_identification:_identify(AllResults/fiftyVehs/twoWay/Static) by extensions ['colcon_meta']
[2.327s] Level 1:colcon.colcon_core.package_identification:_identify(AllResults/fiftyVehs/twoWay/Static) by extension 'colcon_meta'
[2.327s] Level 1:colcon.colcon_core.package_identification:_identify(AllResults/fiftyVehs/twoWay/Static) by extensions ['ros']
[2.327s] Level 1:colcon.colcon_core.package_identification:_identify(AllResults/fiftyVehs/twoWay/Static) by extension 'ros'
[2.327s] Level 1:colcon.colcon_core.package_identification:_identify(AllResults/fiftyVehs/twoWay/Static) by extensions ['cmake', 'python']
[2.327s] Level 1:colcon.colcon_core.package_identification:_identify(AllResults/fiftyVehs/twoWay/Static) by extension 'cmake'
[2.327s] Level 1:colcon.colcon_core.package_identification:_identify(AllResults/fiftyVehs/twoWay/Static) by extension 'python'
[2.327s] Level 1:colcon.colcon_core.package_identification:_identify(AllResults/fiftyVehs/twoWay/Static) by extensions ['python_setup_py']
[2.328s] Level 1:colcon.colcon_core.package_identification:_identify(AllResults/fiftyVehs/twoWay/Static) by extension 'python_setup_py'
[2.328s] Level 1:colcon.colcon_core.package_identification:_identify(AllResults/hundredVehs) by extensions ['ignore', 'ignore_ament_install']
[2.328s] Level 1:colcon.colcon_core.package_identification:_identify(AllResults/hundredVehs) by extension 'ignore'
[2.328s] Level 1:colcon.colcon_core.package_identification:_identify(AllResults/hundredVehs) by extension 'ignore_ament_install'
[2.328s] Level 1:colcon.colcon_core.package_identification:_identify(AllResults/hundredVehs) by extensions ['colcon_pkg']
[2.328s] Level 1:colcon.colcon_core.package_identification:_identify(AllResults/hundredVehs) by extension 'colcon_pkg'
[2.328s] Level 1:colcon.colcon_core.package_identification:_identify(AllResults/hundredVehs) by extensions ['colcon_meta']
[2.328s] Level 1:colcon.colcon_core.package_identification:_identify(AllResults/hundredVehs) by extension 'colcon_meta'
[2.328s] Level 1:colcon.colcon_core.package_identification:_identify(AllResults/hundredVehs) by extensions ['ros']
[2.328s] Level 1:colcon.colcon_core.package_identification:_identify(AllResults/hundredVehs) by extension 'ros'
[2.328s] Level 1:colcon.colcon_core.package_identification:_identify(AllResults/hundredVehs) by extensions ['cmake', 'python']
[2.328s] Level 1:colcon.colcon_core.package_identification:_identify(AllResults/hundredVehs) by extension 'cmake'
[2.328s] Level 1:colcon.colcon_core.package_identification:_identify(AllResults/hundredVehs) by extension 'python'
[2.328s] Level 1:colcon.colcon_core.package_identification:_identify(AllResults/hundredVehs) by extensions ['python_setup_py']
[2.328s] Level 1:colcon.colcon_core.package_identification:_identify(AllResults/hundredVehs) by extension 'python_setup_py'
[2.328s] Level 1:colcon.colcon_core.package_identification:_identify(AllResults/hundredVehs/fourWay) by extensions ['ignore', 'ignore_ament_install']
[2.328s] Level 1:colcon.colcon_core.package_identification:_identify(AllResults/hundredVehs/fourWay) by extension 'ignore'
[2.328s] Level 1:colcon.colcon_core.package_identification:_identify(AllResults/hundredVehs/fourWay) by extension 'ignore_ament_install'
[2.328s] Level 1:colcon.colcon_core.package_identification:_identify(AllResults/hundredVehs/fourWay) by extensions ['colcon_pkg']
[2.328s] Level 1:colcon.colcon_core.package_identification:_identify(AllResults/hundredVehs/fourWay) by extension 'colcon_pkg'
[2.328s] Level 1:colcon.colcon_core.package_identification:_identify(AllResults/hundredVehs/fourWay) by extensions ['colcon_meta']
[2.328s] Level 1:colcon.colcon_core.package_identification:_identify(AllResults/hundredVehs/fourWay) by extension 'colcon_meta'
[2.328s] Level 1:colcon.colcon_core.package_identification:_identify(AllResults/hundredVehs/fourWay) by extensions ['ros']
[2.328s] Level 1:colcon.colcon_core.package_identification:_identify(AllResults/hundredVehs/fourWay) by extension 'ros'
[2.328s] Level 1:colcon.colcon_core.package_identification:_identify(AllResults/hundredVehs/fourWay) by extensions ['cmake', 'python']
[2.329s] Level 1:colcon.colcon_core.package_identification:_identify(AllResults/hundredVehs/fourWay) by extension 'cmake'
[2.329s] Level 1:colcon.colcon_core.package_identification:_identify(AllResults/hundredVehs/fourWay) by extension 'python'
[2.329s] Level 1:colcon.colcon_core.package_identification:_identify(AllResults/hundredVehs/fourWay) by extensions ['python_setup_py']
[2.329s] Level 1:colcon.colcon_core.package_identification:_identify(AllResults/hundredVehs/fourWay) by extension 'python_setup_py'
[2.329s] Level 1:colcon.colcon_core.package_identification:_identify(AllResults/hundredVehs/fourWay/FIS) by extensions ['ignore', 'ignore_ament_install']
[2.329s] Level 1:colcon.colcon_core.package_identification:_identify(AllResults/hundredVehs/fourWay/FIS) by extension 'ignore'
[2.329s] Level 1:colcon.colcon_core.package_identification:_identify(AllResults/hundredVehs/fourWay/FIS) by extension 'ignore_ament_install'
[2.329s] Level 1:colcon.colcon_core.package_identification:_identify(AllResults/hundredVehs/fourWay/FIS) by extensions ['colcon_pkg']
[2.329s] Level 1:colcon.colcon_core.package_identification:_identify(AllResults/hundredVehs/fourWay/FIS) by extension 'colcon_pkg'
[2.329s] Level 1:colcon.colcon_core.package_identification:_identify(AllResults/hundredVehs/fourWay/FIS) by extensions ['colcon_meta']
[2.329s] Level 1:colcon.colcon_core.package_identification:_identify(AllResults/hundredVehs/fourWay/FIS) by extension 'colcon_meta'
[2.329s] Level 1:colcon.colcon_core.package_identification:_identify(AllResults/hundredVehs/fourWay/FIS) by extensions ['ros']
[2.329s] Level 1:colcon.colcon_core.package_identification:_identify(AllResults/hundredVehs/fourWay/FIS) by extension 'ros'
[2.329s] Level 1:colcon.colcon_core.package_identification:_identify(AllResults/hundredVehs/fourWay/FIS) by extensions ['cmake', 'python']
[2.329s] Level 1:colcon.colcon_core.package_identification:_identify(AllResults/hundredVehs/fourWay/FIS) by extension 'cmake'
[2.329s] Level 1:colcon.colcon_core.package_identification:_identify(AllResults/hundredVehs/fourWay/FIS) by extension 'python'
[2.329s] Level 1:colcon.colcon_core.package_identification:_identify(AllResults/hundredVehs/fourWay/FIS) by extensions ['python_setup_py']
[2.329s] Level 1:colcon.colcon_core.package_identification:_identify(AllResults/hundredVehs/fourWay/FIS) by extension 'python_setup_py'
[2.329s] Level 1:colcon.colcon_core.package_identification:_identify(AllResults/hundredVehs/fourWay/SpdDst) by extensions ['ignore', 'ignore_ament_install']
[2.329s] Level 1:colcon.colcon_core.package_identification:_identify(AllResults/hundredVehs/fourWay/SpdDst) by extension 'ignore'
[2.329s] Level 1:colcon.colcon_core.package_identification:_identify(AllResults/hundredVehs/fourWay/SpdDst) by extension 'ignore_ament_install'
[2.329s] Level 1:colcon.colcon_core.package_identification:_identify(AllResults/hundredVehs/fourWay/SpdDst) by extensions ['colcon_pkg']
[2.329s] Level 1:colcon.colcon_core.package_identification:_identify(AllResults/hundredVehs/fourWay/SpdDst) by extension 'colcon_pkg'
[2.329s] Level 1:colcon.colcon_core.package_identification:_identify(AllResults/hundredVehs/fourWay/SpdDst) by extensions ['colcon_meta']
[2.329s] Level 1:colcon.colcon_core.package_identification:_identify(AllResults/hundredVehs/fourWay/SpdDst) by extension 'colcon_meta'
[2.329s] Level 1:colcon.colcon_core.package_identification:_identify(AllResults/hundredVehs/fourWay/SpdDst) by extensions ['ros']
[2.330s] Level 1:colcon.colcon_core.package_identification:_identify(AllResults/hundredVehs/fourWay/SpdDst) by extension 'ros'
[2.330s] Level 1:colcon.colcon_core.package_identification:_identify(AllResults/hundredVehs/fourWay/SpdDst) by extensions ['cmake', 'python']
[2.330s] Level 1:colcon.colcon_core.package_identification:_identify(AllResults/hundredVehs/fourWay/SpdDst) by extension 'cmake'
[2.330s] Level 1:colcon.colcon_core.package_identification:_identify(AllResults/hundredVehs/fourWay/SpdDst) by extension 'python'
[2.330s] Level 1:colcon.colcon_core.package_identification:_identify(AllResults/hundredVehs/fourWay/SpdDst) by extensions ['python_setup_py']
[2.330s] Level 1:colcon.colcon_core.package_identification:_identify(AllResults/hundredVehs/fourWay/SpdDst) by extension 'python_setup_py'
[2.330s] Level 1:colcon.colcon_core.package_identification:_identify(AllResults/hundredVehs/fourWay/Static) by extensions ['ignore', 'ignore_ament_install']
[2.330s] Level 1:colcon.colcon_core.package_identification:_identify(AllResults/hundredVehs/fourWay/Static) by extension 'ignore'
[2.330s] Level 1:colcon.colcon_core.package_identification:_identify(AllResults/hundredVehs/fourWay/Static) by extension 'ignore_ament_install'
[2.330s] Level 1:colcon.colcon_core.package_identification:_identify(AllResults/hundredVehs/fourWay/Static) by extensions ['colcon_pkg']
[2.330s] Level 1:colcon.colcon_core.package_identification:_identify(AllResults/hundredVehs/fourWay/Static) by extension 'colcon_pkg'
[2.330s] Level 1:colcon.colcon_core.package_identification:_identify(AllResults/hundredVehs/fourWay/Static) by extensions ['colcon_meta']
[2.330s] Level 1:colcon.colcon_core.package_identification:_identify(AllResults/hundredVehs/fourWay/Static) by extension 'colcon_meta'
[2.330s] Level 1:colcon.colcon_core.package_identification:_identify(AllResults/hundredVehs/fourWay/Static) by extensions ['ros']
[2.330s] Level 1:colcon.colcon_core.package_identification:_identify(AllResults/hundredVehs/fourWay/Static) by extension 'ros'
[2.330s] Level 1:colcon.colcon_core.package_identification:_identify(AllResults/hundredVehs/fourWay/Static) by extensions ['cmake', 'python']
[2.330s] Level 1:colcon.colcon_core.package_identification:_identify(AllResults/hundredVehs/fourWay/Static) by extension 'cmake'
[2.330s] Level 1:colcon.colcon_core.package_identification:_identify(AllResults/hundredVehs/fourWay/Static) by extension 'python'
[2.330s] Level 1:colcon.colcon_core.package_identification:_identify(AllResults/hundredVehs/fourWay/Static) by extensions ['python_setup_py']
[2.330s] Level 1:colcon.colcon_core.package_identification:_identify(AllResults/hundredVehs/fourWay/Static) by extension 'python_setup_py'
[2.330s] Level 1:colcon.colcon_core.package_identification:_identify(AllResults/hundredVehs/twoWay) by extensions ['ignore', 'ignore_ament_install']
[2.330s] Level 1:colcon.colcon_core.package_identification:_identify(AllResults/hundredVehs/twoWay) by extension 'ignore'
[2.330s] Level 1:colcon.colcon_core.package_identification:_identify(AllResults/hundredVehs/twoWay) by extension 'ignore_ament_install'
[2.330s] Level 1:colcon.colcon_core.package_identification:_identify(AllResults/hundredVehs/twoWay) by extensions ['colcon_pkg']
[2.330s] Level 1:colcon.colcon_core.package_identification:_identify(AllResults/hundredVehs/twoWay) by extension 'colcon_pkg'
[2.331s] Level 1:colcon.colcon_core.package_identification:_identify(AllResults/hundredVehs/twoWay) by extensions ['colcon_meta']
[2.331s] Level 1:colcon.colcon_core.package_identification:_identify(AllResults/hundredVehs/twoWay) by extension 'colcon_meta'
[2.331s] Level 1:colcon.colcon_core.package_identification:_identify(AllResults/hundredVehs/twoWay) by extensions ['ros']
[2.331s] Level 1:colcon.colcon_core.package_identification:_identify(AllResults/hundredVehs/twoWay) by extension 'ros'
[2.331s] Level 1:colcon.colcon_core.package_identification:_identify(AllResults/hundredVehs/twoWay) by extensions ['cmake', 'python']
[2.331s] Level 1:colcon.colcon_core.package_identification:_identify(AllResults/hundredVehs/twoWay) by extension 'cmake'
[2.331s] Level 1:colcon.colcon_core.package_identification:_identify(AllResults/hundredVehs/twoWay) by extension 'python'
[2.331s] Level 1:colcon.colcon_core.package_identification:_identify(AllResults/hundredVehs/twoWay) by extensions ['python_setup_py']
[2.331s] Level 1:colcon.colcon_core.package_identification:_identify(AllResults/hundredVehs/twoWay) by extension 'python_setup_py'
[2.331s] Level 1:colcon.colcon_core.package_identification:_identify(AllResults/hundredVehs/twoWay/FIS) by extensions ['ignore', 'ignore_ament_install']
[2.331s] Level 1:colcon.colcon_core.package_identification:_identify(AllResults/hundredVehs/twoWay/FIS) by extension 'ignore'
[2.331s] Level 1:colcon.colcon_core.package_identification:_identify(AllResults/hundredVehs/twoWay/FIS) by extension 'ignore_ament_install'
[2.331s] Level 1:colcon.colcon_core.package_identification:_identify(AllResults/hundredVehs/twoWay/FIS) by extensions ['colcon_pkg']
[2.331s] Level 1:colcon.colcon_core.package_identification:_identify(AllResults/hundredVehs/twoWay/FIS) by extension 'colcon_pkg'
[2.331s] Level 1:colcon.colcon_core.package_identification:_identify(AllResults/hundredVehs/twoWay/FIS) by extensions ['colcon_meta']
[2.331s] Level 1:colcon.colcon_core.package_identification:_identify(AllResults/hundredVehs/twoWay/FIS) by extension 'colcon_meta'
[2.331s] Level 1:colcon.colcon_core.package_identification:_identify(AllResults/hundredVehs/twoWay/FIS) by extensions ['ros']
[2.331s] Level 1:colcon.colcon_core.package_identification:_identify(AllResults/hundredVehs/twoWay/FIS) by extension 'ros'
[2.331s] Level 1:colcon.colcon_core.package_identification:_identify(AllResults/hundredVehs/twoWay/FIS) by extensions ['cmake', 'python']
[2.331s] Level 1:colcon.colcon_core.package_identification:_identify(AllResults/hundredVehs/twoWay/FIS) by extension 'cmake'
[2.331s] Level 1:colcon.colcon_core.package_identification:_identify(AllResults/hundredVehs/twoWay/FIS) by extension 'python'
[2.331s] Level 1:colcon.colcon_core.package_identification:_identify(AllResults/hundredVehs/twoWay/FIS) by extensions ['python_setup_py']
[2.331s] Level 1:colcon.colcon_core.package_identification:_identify(AllResults/hundredVehs/twoWay/FIS) by extension 'python_setup_py'
[2.331s] Level 1:colcon.colcon_core.package_identification:_identify(AllResults/hundredVehs/twoWay/NorthSouth) by extensions ['ignore', 'ignore_ament_install']
[2.331s] Level 1:colcon.colcon_core.package_identification:_identify(AllResults/hundredVehs/twoWay/NorthSouth) by extension 'ignore'
[2.331s] Level 1:colcon.colcon_core.package_identification:_identify(AllResults/hundredVehs/twoWay/NorthSouth) by extension 'ignore_ament_install'
[2.332s] Level 1:colcon.colcon_core.package_identification:_identify(AllResults/hundredVehs/twoWay/NorthSouth) by extensions ['colcon_pkg']
[2.332s] Level 1:colcon.colcon_core.package_identification:_identify(AllResults/hundredVehs/twoWay/NorthSouth) by extension 'colcon_pkg'
[2.332s] Level 1:colcon.colcon_core.package_identification:_identify(AllResults/hundredVehs/twoWay/NorthSouth) by extensions ['colcon_meta']
[2.332s] Level 1:colcon.colcon_core.package_identification:_identify(AllResults/hundredVehs/twoWay/NorthSouth) by extension 'colcon_meta'
[2.332s] Level 1:colcon.colcon_core.package_identification:_identify(AllResults/hundredVehs/twoWay/NorthSouth) by extensions ['ros']
[2.332s] Level 1:colcon.colcon_core.package_identification:_identify(AllResults/hundredVehs/twoWay/NorthSouth) by extension 'ros'
[2.332s] Level 1:colcon.colcon_core.package_identification:_identify(AllResults/hundredVehs/twoWay/NorthSouth) by extensions ['cmake', 'python']
[2.332s] Level 1:colcon.colcon_core.package_identification:_identify(AllResults/hundredVehs/twoWay/NorthSouth) by extension 'cmake'
[2.332s] Level 1:colcon.colcon_core.package_identification:_identify(AllResults/hundredVehs/twoWay/NorthSouth) by extension 'python'
[2.332s] Level 1:colcon.colcon_core.package_identification:_identify(AllResults/hundredVehs/twoWay/NorthSouth) by extensions ['python_setup_py']
[2.332s] Level 1:colcon.colcon_core.package_identification:_identify(AllResults/hundredVehs/twoWay/NorthSouth) by extension 'python_setup_py'
[2.332s] Level 1:colcon.colcon_core.package_identification:_identify(AllResults/hundredVehs/twoWay/NorthSouth/FIS) by extensions ['ignore', 'ignore_ament_install']
[2.332s] Level 1:colcon.colcon_core.package_identification:_identify(AllResults/hundredVehs/twoWay/NorthSouth/FIS) by extension 'ignore'
[2.332s] Level 1:colcon.colcon_core.package_identification:_identify(AllResults/hundredVehs/twoWay/NorthSouth/FIS) by extension 'ignore_ament_install'
[2.332s] Level 1:colcon.colcon_core.package_identification:_identify(AllResults/hundredVehs/twoWay/NorthSouth/FIS) by extensions ['colcon_pkg']
[2.332s] Level 1:colcon.colcon_core.package_identification:_identify(AllResults/hundredVehs/twoWay/NorthSouth/FIS) by extension 'colcon_pkg'
[2.332s] Level 1:colcon.colcon_core.package_identification:_identify(AllResults/hundredVehs/twoWay/NorthSouth/FIS) by extensions ['colcon_meta']
[2.332s] Level 1:colcon.colcon_core.package_identification:_identify(AllResults/hundredVehs/twoWay/NorthSouth/FIS) by extension 'colcon_meta'
[2.332s] Level 1:colcon.colcon_core.package_identification:_identify(AllResults/hundredVehs/twoWay/NorthSouth/FIS) by extensions ['ros']
[2.332s] Level 1:colcon.colcon_core.package_identification:_identify(AllResults/hundredVehs/twoWay/NorthSouth/FIS) by extension 'ros'
[2.332s] Level 1:colcon.colcon_core.package_identification:_identify(AllResults/hundredVehs/twoWay/NorthSouth/FIS) by extensions ['cmake', 'python']
[2.332s] Level 1:colcon.colcon_core.package_identification:_identify(AllResults/hundredVehs/twoWay/NorthSouth/FIS) by extension 'cmake'
[2.332s] Level 1:colcon.colcon_core.package_identification:_identify(AllResults/hundredVehs/twoWay/NorthSouth/FIS) by extension 'python'
[2.332s] Level 1:colcon.colcon_core.package_identification:_identify(AllResults/hundredVehs/twoWay/NorthSouth/FIS) by extensions ['python_setup_py']
[2.332s] Level 1:colcon.colcon_core.package_identification:_identify(AllResults/hundredVehs/twoWay/NorthSouth/FIS) by extension 'python_setup_py'
[2.332s] Level 1:colcon.colcon_core.package_identification:_identify(AllResults/hundredVehs/twoWay/NorthSouth/SpdDst) by extensions ['ignore', 'ignore_ament_install']
[2.333s] Level 1:colcon.colcon_core.package_identification:_identify(AllResults/hundredVehs/twoWay/NorthSouth/SpdDst) by extension 'ignore'
[2.333s] Level 1:colcon.colcon_core.package_identification:_identify(AllResults/hundredVehs/twoWay/NorthSouth/SpdDst) by extension 'ignore_ament_install'
[2.333s] Level 1:colcon.colcon_core.package_identification:_identify(AllResults/hundredVehs/twoWay/NorthSouth/SpdDst) by extensions ['colcon_pkg']
[2.333s] Level 1:colcon.colcon_core.package_identification:_identify(AllResults/hundredVehs/twoWay/NorthSouth/SpdDst) by extension 'colcon_pkg'
[2.333s] Level 1:colcon.colcon_core.package_identification:_identify(AllResults/hundredVehs/twoWay/NorthSouth/SpdDst) by extensions ['colcon_meta']
[2.333s] Level 1:colcon.colcon_core.package_identification:_identify(AllResults/hundredVehs/twoWay/NorthSouth/SpdDst) by extension 'colcon_meta'
[2.333s] Level 1:colcon.colcon_core.package_identification:_identify(AllResults/hundredVehs/twoWay/NorthSouth/SpdDst) by extensions ['ros']
[2.333s] Level 1:colcon.colcon_core.package_identification:_identify(AllResults/hundredVehs/twoWay/NorthSouth/SpdDst) by extension 'ros'
[2.333s] Level 1:colcon.colcon_core.package_identification:_identify(AllResults/hundredVehs/twoWay/NorthSouth/SpdDst) by extensions ['cmake', 'python']
[2.333s] Level 1:colcon.colcon_core.package_identification:_identify(AllResults/hundredVehs/twoWay/NorthSouth/SpdDst) by extension 'cmake'
[2.333s] Level 1:colcon.colcon_core.package_identification:_identify(AllResults/hundredVehs/twoWay/NorthSouth/SpdDst) by extension 'python'
[2.333s] Level 1:colcon.colcon_core.package_identification:_identify(AllResults/hundredVehs/twoWay/NorthSouth/SpdDst) by extensions ['python_setup_py']
[2.333s] Level 1:colcon.colcon_core.package_identification:_identify(AllResults/hundredVehs/twoWay/NorthSouth/SpdDst) by extension 'python_setup_py'
[2.333s] Level 1:colcon.colcon_core.package_identification:_identify(AllResults/hundredVehs/twoWay/NorthSouth/Static) by extensions ['ignore', 'ignore_ament_install']
[2.333s] Level 1:colcon.colcon_core.package_identification:_identify(AllResults/hundredVehs/twoWay/NorthSouth/Static) by extension 'ignore'
[2.333s] Level 1:colcon.colcon_core.package_identification:_identify(AllResults/hundredVehs/twoWay/NorthSouth/Static) by extension 'ignore_ament_install'
[2.333s] Level 1:colcon.colcon_core.package_identification:_identify(AllResults/hundredVehs/twoWay/NorthSouth/Static) by extensions ['colcon_pkg']
[2.333s] Level 1:colcon.colcon_core.package_identification:_identify(AllResults/hundredVehs/twoWay/NorthSouth/Static) by extension 'colcon_pkg'
[2.333s] Level 1:colcon.colcon_core.package_identification:_identify(AllResults/hundredVehs/twoWay/NorthSouth/Static) by extensions ['colcon_meta']
[2.333s] Level 1:colcon.colcon_core.package_identification:_identify(AllResults/hundredVehs/twoWay/NorthSouth/Static) by extension 'colcon_meta'
[2.333s] Level 1:colcon.colcon_core.package_identification:_identify(AllResults/hundredVehs/twoWay/NorthSouth/Static) by extensions ['ros']
[2.333s] Level 1:colcon.colcon_core.package_identification:_identify(AllResults/hundredVehs/twoWay/NorthSouth/Static) by extension 'ros'
[2.333s] Level 1:colcon.colcon_core.package_identification:_identify(AllResults/hundredVehs/twoWay/NorthSouth/Static) by extensions ['cmake', 'python']
[2.333s] Level 1:colcon.colcon_core.package_identification:_identify(AllResults/hundredVehs/twoWay/NorthSouth/Static) by extension 'cmake'
[2.333s] Level 1:colcon.colcon_core.package_identification:_identify(AllResults/hundredVehs/twoWay/NorthSouth/Static) by extension 'python'
[2.333s] Level 1:colcon.colcon_core.package_identification:_identify(AllResults/hundredVehs/twoWay/NorthSouth/Static) by extensions ['python_setup_py']
[2.333s] Level 1:colcon.colcon_core.package_identification:_identify(AllResults/hundredVehs/twoWay/NorthSouth/Static) by extension 'python_setup_py'
[2.334s] Level 1:colcon.colcon_core.package_identification:_identify(AllResults/hundredVehs/twoWay/SpdDst) by extensions ['ignore', 'ignore_ament_install']
[2.334s] Level 1:colcon.colcon_core.package_identification:_identify(AllResults/hundredVehs/twoWay/SpdDst) by extension 'ignore'
[2.334s] Level 1:colcon.colcon_core.package_identification:_identify(AllResults/hundredVehs/twoWay/SpdDst) by extension 'ignore_ament_install'
[2.334s] Level 1:colcon.colcon_core.package_identification:_identify(AllResults/hundredVehs/twoWay/SpdDst) by extensions ['colcon_pkg']
[2.334s] Level 1:colcon.colcon_core.package_identification:_identify(AllResults/hundredVehs/twoWay/SpdDst) by extension 'colcon_pkg'
[2.334s] Level 1:colcon.colcon_core.package_identification:_identify(AllResults/hundredVehs/twoWay/SpdDst) by extensions ['colcon_meta']
[2.334s] Level 1:colcon.colcon_core.package_identification:_identify(AllResults/hundredVehs/twoWay/SpdDst) by extension 'colcon_meta'
[2.334s] Level 1:colcon.colcon_core.package_identification:_identify(AllResults/hundredVehs/twoWay/SpdDst) by extensions ['ros']
[2.334s] Level 1:colcon.colcon_core.package_identification:_identify(AllResults/hundredVehs/twoWay/SpdDst) by extension 'ros'
[2.334s] Level 1:colcon.colcon_core.package_identification:_identify(AllResults/hundredVehs/twoWay/SpdDst) by extensions ['cmake', 'python']
[2.334s] Level 1:colcon.colcon_core.package_identification:_identify(AllResults/hundredVehs/twoWay/SpdDst) by extension 'cmake'
[2.334s] Level 1:colcon.colcon_core.package_identification:_identify(AllResults/hundredVehs/twoWay/SpdDst) by extension 'python'
[2.334s] Level 1:colcon.colcon_core.package_identification:_identify(AllResults/hundredVehs/twoWay/SpdDst) by extensions ['python_setup_py']
[2.334s] Level 1:colcon.colcon_core.package_identification:_identify(AllResults/hundredVehs/twoWay/SpdDst) by extension 'python_setup_py'
[2.334s] Level 1:colcon.colcon_core.package_identification:_identify(AllResults/hundredVehs/twoWay/Static) by extensions ['ignore', 'ignore_ament_install']
[2.334s] Level 1:colcon.colcon_core.package_identification:_identify(AllResults/hundredVehs/twoWay/Static) by extension 'ignore'
[2.334s] Level 1:colcon.colcon_core.package_identification:_identify(AllResults/hundredVehs/twoWay/Static) by extension 'ignore_ament_install'
[2.334s] Level 1:colcon.colcon_core.package_identification:_identify(AllResults/hundredVehs/twoWay/Static) by extensions ['colcon_pkg']
[2.334s] Level 1:colcon.colcon_core.package_identification:_identify(AllResults/hundredVehs/twoWay/Static) by extension 'colcon_pkg'
[2.334s] Level 1:colcon.colcon_core.package_identification:_identify(AllResults/hundredVehs/twoWay/Static) by extensions ['colcon_meta']
[2.334s] Level 1:colcon.colcon_core.package_identification:_identify(AllResults/hundredVehs/twoWay/Static) by extension 'colcon_meta'
[2.334s] Level 1:colcon.colcon_core.package_identification:_identify(AllResults/hundredVehs/twoWay/Static) by extensions ['ros']
[2.334s] Level 1:colcon.colcon_core.package_identification:_identify(AllResults/hundredVehs/twoWay/Static) by extension 'ros'
[2.334s] Level 1:colcon.colcon_core.package_identification:_identify(AllResults/hundredVehs/twoWay/Static) by extensions ['cmake', 'python']
[2.334s] Level 1:colcon.colcon_core.package_identification:_identify(AllResults/hundredVehs/twoWay/Static) by extension 'cmake'
[2.335s] Level 1:colcon.colcon_core.package_identification:_identify(AllResults/hundredVehs/twoWay/Static) by extension 'python'
[2.335s] Level 1:colcon.colcon_core.package_identification:_identify(AllResults/hundredVehs/twoWay/Static) by extensions ['python_setup_py']
[2.335s] Level 1:colcon.colcon_core.package_identification:_identify(AllResults/hundredVehs/twoWay/Static) by extension 'python_setup_py'
[2.335s] Level 1:colcon.colcon_core.package_identification:_identify(AllResults/twoHundred) by extensions ['ignore', 'ignore_ament_install']
[2.335s] Level 1:colcon.colcon_core.package_identification:_identify(AllResults/twoHundred) by extension 'ignore'
[2.335s] Level 1:colcon.colcon_core.package_identification:_identify(AllResults/twoHundred) by extension 'ignore_ament_install'
[2.335s] Level 1:colcon.colcon_core.package_identification:_identify(AllResults/twoHundred) by extensions ['colcon_pkg']
[2.335s] Level 1:colcon.colcon_core.package_identification:_identify(AllResults/twoHundred) by extension 'colcon_pkg'
[2.335s] Level 1:colcon.colcon_core.package_identification:_identify(AllResults/twoHundred) by extensions ['colcon_meta']
[2.335s] Level 1:colcon.colcon_core.package_identification:_identify(AllResults/twoHundred) by extension 'colcon_meta'
[2.335s] Level 1:colcon.colcon_core.package_identification:_identify(AllResults/twoHundred) by extensions ['ros']
[2.335s] Level 1:colcon.colcon_core.package_identification:_identify(AllResults/twoHundred) by extension 'ros'
[2.335s] Level 1:colcon.colcon_core.package_identification:_identify(AllResults/twoHundred) by extensions ['cmake', 'python']
[2.335s] Level 1:colcon.colcon_core.package_identification:_identify(AllResults/twoHundred) by extension 'cmake'
[2.335s] Level 1:colcon.colcon_core.package_identification:_identify(AllResults/twoHundred) by extension 'python'
[2.335s] Level 1:colcon.colcon_core.package_identification:_identify(AllResults/twoHundred) by extensions ['python_setup_py']
[2.335s] Level 1:colcon.colcon_core.package_identification:_identify(AllResults/twoHundred) by extension 'python_setup_py'
[2.335s] Level 1:colcon.colcon_core.package_identification:_identify(AllResults/twoHundred/fourWay) by extensions ['ignore', 'ignore_ament_install']
[2.335s] Level 1:colcon.colcon_core.package_identification:_identify(AllResults/twoHundred/fourWay) by extension 'ignore'
[2.335s] Level 1:colcon.colcon_core.package_identification:_identify(AllResults/twoHundred/fourWay) by extension 'ignore_ament_install'
[2.335s] Level 1:colcon.colcon_core.package_identification:_identify(AllResults/twoHundred/fourWay) by extensions ['colcon_pkg']
[2.335s] Level 1:colcon.colcon_core.package_identification:_identify(AllResults/twoHundred/fourWay) by extension 'colcon_pkg'
[2.335s] Level 1:colcon.colcon_core.package_identification:_identify(AllResults/twoHundred/fourWay) by extensions ['colcon_meta']
[2.335s] Level 1:colcon.colcon_core.package_identification:_identify(AllResults/twoHundred/fourWay) by extension 'colcon_meta'
[2.335s] Level 1:colcon.colcon_core.package_identification:_identify(AllResults/twoHundred/fourWay) by extensions ['ros']
[2.335s] Level 1:colcon.colcon_core.package_identification:_identify(AllResults/twoHundred/fourWay) by extension 'ros'
[2.336s] Level 1:colcon.colcon_core.package_identification:_identify(AllResults/twoHundred/fourWay) by extensions ['cmake', 'python']
[2.336s] Level 1:colcon.colcon_core.package_identification:_identify(AllResults/twoHundred/fourWay) by extension 'cmake'
[2.336s] Level 1:colcon.colcon_core.package_identification:_identify(AllResults/twoHundred/fourWay) by extension 'python'
[2.336s] Level 1:colcon.colcon_core.package_identification:_identify(AllResults/twoHundred/fourWay) by extensions ['python_setup_py']
[2.336s] Level 1:colcon.colcon_core.package_identification:_identify(AllResults/twoHundred/fourWay) by extension 'python_setup_py'
[2.336s] Level 1:colcon.colcon_core.package_identification:_identify(AllResults/twoHundred/fourWay/FIS) by extensions ['ignore', 'ignore_ament_install']
[2.336s] Level 1:colcon.colcon_core.package_identification:_identify(AllResults/twoHundred/fourWay/FIS) by extension 'ignore'
[2.336s] Level 1:colcon.colcon_core.package_identification:_identify(AllResults/twoHundred/fourWay/FIS) by extension 'ignore_ament_install'
[2.336s] Level 1:colcon.colcon_core.package_identification:_identify(AllResults/twoHundred/fourWay/FIS) by extensions ['colcon_pkg']
[2.336s] Level 1:colcon.colcon_core.package_identification:_identify(AllResults/twoHundred/fourWay/FIS) by extension 'colcon_pkg'
[2.336s] Level 1:colcon.colcon_core.package_identification:_identify(AllResults/twoHundred/fourWay/FIS) by extensions ['colcon_meta']
[2.336s] Level 1:colcon.colcon_core.package_identification:_identify(AllResults/twoHundred/fourWay/FIS) by extension 'colcon_meta'
[2.336s] Level 1:colcon.colcon_core.package_identification:_identify(AllResults/twoHundred/fourWay/FIS) by extensions ['ros']
[2.336s] Level 1:colcon.colcon_core.package_identification:_identify(AllResults/twoHundred/fourWay/FIS) by extension 'ros'
[2.336s] Level 1:colcon.colcon_core.package_identification:_identify(AllResults/twoHundred/fourWay/FIS) by extensions ['cmake', 'python']
[2.336s] Level 1:colcon.colcon_core.package_identification:_identify(AllResults/twoHundred/fourWay/FIS) by extension 'cmake'
[2.336s] Level 1:colcon.colcon_core.package_identification:_identify(AllResults/twoHundred/fourWay/FIS) by extension 'python'
[2.336s] Level 1:colcon.colcon_core.package_identification:_identify(AllResults/twoHundred/fourWay/FIS) by extensions ['python_setup_py']
[2.336s] Level 1:colcon.colcon_core.package_identification:_identify(AllResults/twoHundred/fourWay/FIS) by extension 'python_setup_py'
[2.336s] Level 1:colcon.colcon_core.package_identification:_identify(AllResults/twoHundred/fourWay/SpdDst) by extensions ['ignore', 'ignore_ament_install']
[2.336s] Level 1:colcon.colcon_core.package_identification:_identify(AllResults/twoHundred/fourWay/SpdDst) by extension 'ignore'
[2.337s] Level 1:colcon.colcon_core.package_identification:_identify(AllResults/twoHundred/fourWay/SpdDst) by extension 'ignore_ament_install'
[2.337s] Level 1:colcon.colcon_core.package_identification:_identify(AllResults/twoHundred/fourWay/SpdDst) by extensions ['colcon_pkg']
[2.337s] Level 1:colcon.colcon_core.package_identification:_identify(AllResults/twoHundred/fourWay/SpdDst) by extension 'colcon_pkg'
[2.337s] Level 1:colcon.colcon_core.package_identification:_identify(AllResults/twoHundred/fourWay/SpdDst) by extensions ['colcon_meta']
[2.337s] Level 1:colcon.colcon_core.package_identification:_identify(AllResults/twoHundred/fourWay/SpdDst) by extension 'colcon_meta'
[2.337s] Level 1:colcon.colcon_core.package_identification:_identify(AllResults/twoHundred/fourWay/SpdDst) by extensions ['ros']
[2.337s] Level 1:colcon.colcon_core.package_identification:_identify(AllResults/twoHundred/fourWay/SpdDst) by extension 'ros'
[2.337s] Level 1:colcon.colcon_core.package_identification:_identify(AllResults/twoHundred/fourWay/SpdDst) by extensions ['cmake', 'python']
[2.337s] Level 1:colcon.colcon_core.package_identification:_identify(AllResults/twoHundred/fourWay/SpdDst) by extension 'cmake'
[2.337s] Level 1:colcon.colcon_core.package_identification:_identify(AllResults/twoHundred/fourWay/SpdDst) by extension 'python'
[2.337s] Level 1:colcon.colcon_core.package_identification:_identify(AllResults/twoHundred/fourWay/SpdDst) by extensions ['python_setup_py']
[2.337s] Level 1:colcon.colcon_core.package_identification:_identify(AllResults/twoHundred/fourWay/SpdDst) by extension 'python_setup_py'
[2.337s] Level 1:colcon.colcon_core.package_identification:_identify(AllResults/twoHundred/fourWay/Static) by extensions ['ignore', 'ignore_ament_install']
[2.337s] Level 1:colcon.colcon_core.package_identification:_identify(AllResults/twoHundred/fourWay/Static) by extension 'ignore'
[2.337s] Level 1:colcon.colcon_core.package_identification:_identify(AllResults/twoHundred/fourWay/Static) by extension 'ignore_ament_install'
[2.337s] Level 1:colcon.colcon_core.package_identification:_identify(AllResults/twoHundred/fourWay/Static) by extensions ['colcon_pkg']
[2.337s] Level 1:colcon.colcon_core.package_identification:_identify(AllResults/twoHundred/fourWay/Static) by extension 'colcon_pkg'
[2.337s] Level 1:colcon.colcon_core.package_identification:_identify(AllResults/twoHundred/fourWay/Static) by extensions ['colcon_meta']
[2.337s] Level 1:colcon.colcon_core.package_identification:_identify(AllResults/twoHundred/fourWay/Static) by extension 'colcon_meta'
[2.337s] Level 1:colcon.colcon_core.package_identification:_identify(AllResults/twoHundred/fourWay/Static) by extensions ['ros']
[2.337s] Level 1:colcon.colcon_core.package_identification:_identify(AllResults/twoHundred/fourWay/Static) by extension 'ros'
[2.337s] Level 1:colcon.colcon_core.package_identification:_identify(AllResults/twoHundred/fourWay/Static) by extensions ['cmake', 'python']
[2.337s] Level 1:colcon.colcon_core.package_identification:_identify(AllResults/twoHundred/fourWay/Static) by extension 'cmake'
[2.337s] Level 1:colcon.colcon_core.package_identification:_identify(AllResults/twoHundred/fourWay/Static) by extension 'python'
[2.337s] Level 1:colcon.colcon_core.package_identification:_identify(AllResults/twoHundred/fourWay/Static) by extensions ['python_setup_py']
[2.337s] Level 1:colcon.colcon_core.package_identification:_identify(AllResults/twoHundred/fourWay/Static) by extension 'python_setup_py'
[2.337s] Level 1:colcon.colcon_core.package_identification:_identify(AllResults/twoHundred/twoWay) by extensions ['ignore', 'ignore_ament_install']
[2.338s] Level 1:colcon.colcon_core.package_identification:_identify(AllResults/twoHundred/twoWay) by extension 'ignore'
[2.338s] Level 1:colcon.colcon_core.package_identification:_identify(AllResults/twoHundred/twoWay) by extension 'ignore_ament_install'
[2.338s] Level 1:colcon.colcon_core.package_identification:_identify(AllResults/twoHundred/twoWay) by extensions ['colcon_pkg']
[2.338s] Level 1:colcon.colcon_core.package_identification:_identify(AllResults/twoHundred/twoWay) by extension 'colcon_pkg'
[2.338s] Level 1:colcon.colcon_core.package_identification:_identify(AllResults/twoHundred/twoWay) by extensions ['colcon_meta']
[2.338s] Level 1:colcon.colcon_core.package_identification:_identify(AllResults/twoHundred/twoWay) by extension 'colcon_meta'
[2.338s] Level 1:colcon.colcon_core.package_identification:_identify(AllResults/twoHundred/twoWay) by extensions ['ros']
[2.338s] Level 1:colcon.colcon_core.package_identification:_identify(AllResults/twoHundred/twoWay) by extension 'ros'
[2.338s] Level 1:colcon.colcon_core.package_identification:_identify(AllResults/twoHundred/twoWay) by extensions ['cmake', 'python']
[2.338s] Level 1:colcon.colcon_core.package_identification:_identify(AllResults/twoHundred/twoWay) by extension 'cmake'
[2.338s] Level 1:colcon.colcon_core.package_identification:_identify(AllResults/twoHundred/twoWay) by extension 'python'
[2.338s] Level 1:colcon.colcon_core.package_identification:_identify(AllResults/twoHundred/twoWay) by extensions ['python_setup_py']
[2.338s] Level 1:colcon.colcon_core.package_identification:_identify(AllResults/twoHundred/twoWay) by extension 'python_setup_py'
[2.338s] Level 1:colcon.colcon_core.package_identification:_identify(AllResults/twoHundred/twoWay/FIS) by extensions ['ignore', 'ignore_ament_install']
[2.338s] Level 1:colcon.colcon_core.package_identification:_identify(AllResults/twoHundred/twoWay/FIS) by extension 'ignore'
[2.338s] Level 1:colcon.colcon_core.package_identification:_identify(AllResults/twoHundred/twoWay/FIS) by extension 'ignore_ament_install'
[2.338s] Level 1:colcon.colcon_core.package_identification:_identify(AllResults/twoHundred/twoWay/FIS) by extensions ['colcon_pkg']
[2.338s] Level 1:colcon.colcon_core.package_identification:_identify(AllResults/twoHundred/twoWay/FIS) by extension 'colcon_pkg'
[2.338s] Level 1:colcon.colcon_core.package_identification:_identify(AllResults/twoHundred/twoWay/FIS) by extensions ['colcon_meta']
[2.338s] Level 1:colcon.colcon_core.package_identification:_identify(AllResults/twoHundred/twoWay/FIS) by extension 'colcon_meta'
[2.338s] Level 1:colcon.colcon_core.package_identification:_identify(AllResults/twoHundred/twoWay/FIS) by extensions ['ros']
[2.338s] Level 1:colcon.colcon_core.package_identification:_identify(AllResults/twoHundred/twoWay/FIS) by extension 'ros'
[2.338s] Level 1:colcon.colcon_core.package_identification:_identify(AllResults/twoHundred/twoWay/FIS) by extensions ['cmake', 'python']
[2.338s] Level 1:colcon.colcon_core.package_identification:_identify(AllResults/twoHundred/twoWay/FIS) by extension 'cmake'
[2.338s] Level 1:colcon.colcon_core.package_identification:_identify(AllResults/twoHundred/twoWay/FIS) by extension 'python'
[2.338s] Level 1:colcon.colcon_core.package_identification:_identify(AllResults/twoHundred/twoWay/FIS) by extensions ['python_setup_py']
[2.338s] Level 1:colcon.colcon_core.package_identification:_identify(AllResults/twoHundred/twoWay/FIS) by extension 'python_setup_py'
[2.339s] Level 1:colcon.colcon_core.package_identification:_identify(AllResults/twoHundred/twoWay/SouthNorth) by extensions ['ignore', 'ignore_ament_install']
[2.339s] Level 1:colcon.colcon_core.package_identification:_identify(AllResults/twoHundred/twoWay/SouthNorth) by extension 'ignore'
[2.339s] Level 1:colcon.colcon_core.package_identification:_identify(AllResults/twoHundred/twoWay/SouthNorth) by extension 'ignore_ament_install'
[2.339s] Level 1:colcon.colcon_core.package_identification:_identify(AllResults/twoHundred/twoWay/SouthNorth) by extensions ['colcon_pkg']
[2.339s] Level 1:colcon.colcon_core.package_identification:_identify(AllResults/twoHundred/twoWay/SouthNorth) by extension 'colcon_pkg'
[2.339s] Level 1:colcon.colcon_core.package_identification:_identify(AllResults/twoHundred/twoWay/SouthNorth) by extensions ['colcon_meta']
[2.339s] Level 1:colcon.colcon_core.package_identification:_identify(AllResults/twoHundred/twoWay/SouthNorth) by extension 'colcon_meta'
[2.339s] Level 1:colcon.colcon_core.package_identification:_identify(AllResults/twoHundred/twoWay/SouthNorth) by extensions ['ros']
[2.339s] Level 1:colcon.colcon_core.package_identification:_identify(AllResults/twoHundred/twoWay/SouthNorth) by extension 'ros'
[2.339s] Level 1:colcon.colcon_core.package_identification:_identify(AllResults/twoHundred/twoWay/SouthNorth) by extensions ['cmake', 'python']
[2.339s] Level 1:colcon.colcon_core.package_identification:_identify(AllResults/twoHundred/twoWay/SouthNorth) by extension 'cmake'
[2.339s] Level 1:colcon.colcon_core.package_identification:_identify(AllResults/twoHundred/twoWay/SouthNorth) by extension 'python'
[2.339s] Level 1:colcon.colcon_core.package_identification:_identify(AllResults/twoHundred/twoWay/SouthNorth) by extensions ['python_setup_py']
[2.339s] Level 1:colcon.colcon_core.package_identification:_identify(AllResults/twoHundred/twoWay/SouthNorth) by extension 'python_setup_py'
[2.339s] Level 1:colcon.colcon_core.package_identification:_identify(AllResults/twoHundred/twoWay/SouthNorth/FIS) by extensions ['ignore', 'ignore_ament_install']
[2.339s] Level 1:colcon.colcon_core.package_identification:_identify(AllResults/twoHundred/twoWay/SouthNorth/FIS) by extension 'ignore'
[2.339s] Level 1:colcon.colcon_core.package_identification:_identify(AllResults/twoHundred/twoWay/SouthNorth/FIS) by extension 'ignore_ament_install'
[2.339s] Level 1:colcon.colcon_core.package_identification:_identify(AllResults/twoHundred/twoWay/SouthNorth/FIS) by extensions ['colcon_pkg']
[2.339s] Level 1:colcon.colcon_core.package_identification:_identify(AllResults/twoHundred/twoWay/SouthNorth/FIS) by extension 'colcon_pkg'
[2.339s] Level 1:colcon.colcon_core.package_identification:_identify(AllResults/twoHundred/twoWay/SouthNorth/FIS) by extensions ['colcon_meta']
[2.339s] Level 1:colcon.colcon_core.package_identification:_identify(AllResults/twoHundred/twoWay/SouthNorth/FIS) by extension 'colcon_meta'
[2.339s] Level 1:colcon.colcon_core.package_identification:_identify(AllResults/twoHundred/twoWay/SouthNorth/FIS) by extensions ['ros']
[2.339s] Level 1:colcon.colcon_core.package_identification:_identify(AllResults/twoHundred/twoWay/SouthNorth/FIS) by extension 'ros'
[2.339s] Level 1:colcon.colcon_core.package_identification:_identify(AllResults/twoHundred/twoWay/SouthNorth/FIS) by extensions ['cmake', 'python']
[2.339s] Level 1:colcon.colcon_core.package_identification:_identify(AllResults/twoHundred/twoWay/SouthNorth/FIS) by extension 'cmake'
[2.339s] Level 1:colcon.colcon_core.package_identification:_identify(AllResults/twoHundred/twoWay/SouthNorth/FIS) by extension 'python'
[2.340s] Level 1:colcon.colcon_core.package_identification:_identify(AllResults/twoHundred/twoWay/SouthNorth/FIS) by extensions ['python_setup_py']
[2.340s] Level 1:colcon.colcon_core.package_identification:_identify(AllResults/twoHundred/twoWay/SouthNorth/FIS) by extension 'python_setup_py'
[2.340s] Level 1:colcon.colcon_core.package_identification:_identify(AllResults/twoHundred/twoWay/SouthNorth/SpdDst) by extensions ['ignore', 'ignore_ament_install']
[2.340s] Level 1:colcon.colcon_core.package_identification:_identify(AllResults/twoHundred/twoWay/SouthNorth/SpdDst) by extension 'ignore'
[2.340s] Level 1:colcon.colcon_core.package_identification:_identify(AllResults/twoHundred/twoWay/SouthNorth/SpdDst) by extension 'ignore_ament_install'
[2.340s] Level 1:colcon.colcon_core.package_identification:_identify(AllResults/twoHundred/twoWay/SouthNorth/SpdDst) by extensions ['colcon_pkg']
[2.340s] Level 1:colcon.colcon_core.package_identification:_identify(AllResults/twoHundred/twoWay/SouthNorth/SpdDst) by extension 'colcon_pkg'
[2.340s] Level 1:colcon.colcon_core.package_identification:_identify(AllResults/twoHundred/twoWay/SouthNorth/SpdDst) by extensions ['colcon_meta']
[2.340s] Level 1:colcon.colcon_core.package_identification:_identify(AllResults/twoHundred/twoWay/SouthNorth/SpdDst) by extension 'colcon_meta'
[2.340s] Level 1:colcon.colcon_core.package_identification:_identify(AllResults/twoHundred/twoWay/SouthNorth/SpdDst) by extensions ['ros']
[2.340s] Level 1:colcon.colcon_core.package_identification:_identify(AllResults/twoHundred/twoWay/SouthNorth/SpdDst) by extension 'ros'
[2.340s] Level 1:colcon.colcon_core.package_identification:_identify(AllResults/twoHundred/twoWay/SouthNorth/SpdDst) by extensions ['cmake', 'python']
[2.340s] Level 1:colcon.colcon_core.package_identification:_identify(AllResults/twoHundred/twoWay/SouthNorth/SpdDst) by extension 'cmake'
[2.340s] Level 1:colcon.colcon_core.package_identification:_identify(AllResults/twoHundred/twoWay/SouthNorth/SpdDst) by extension 'python'
[2.340s] Level 1:colcon.colcon_core.package_identification:_identify(AllResults/twoHundred/twoWay/SouthNorth/SpdDst) by extensions ['python_setup_py']
[2.340s] Level 1:colcon.colcon_core.package_identification:_identify(AllResults/twoHundred/twoWay/SouthNorth/SpdDst) by extension 'python_setup_py'
[2.340s] Level 1:colcon.colcon_core.package_identification:_identify(AllResults/twoHundred/twoWay/SouthNorth/Static) by extensions ['ignore', 'ignore_ament_install']
[2.340s] Level 1:colcon.colcon_core.package_identification:_identify(AllResults/twoHundred/twoWay/SouthNorth/Static) by extension 'ignore'
[2.340s] Level 1:colcon.colcon_core.package_identification:_identify(AllResults/twoHundred/twoWay/SouthNorth/Static) by extension 'ignore_ament_install'
[2.340s] Level 1:colcon.colcon_core.package_identification:_identify(AllResults/twoHundred/twoWay/SouthNorth/Static) by extensions ['colcon_pkg']
[2.340s] Level 1:colcon.colcon_core.package_identification:_identify(AllResults/twoHundred/twoWay/SouthNorth/Static) by extension 'colcon_pkg'
[2.340s] Level 1:colcon.colcon_core.package_identification:_identify(AllResults/twoHundred/twoWay/SouthNorth/Static) by extensions ['colcon_meta']
[2.340s] Level 1:colcon.colcon_core.package_identification:_identify(AllResults/twoHundred/twoWay/SouthNorth/Static) by extension 'colcon_meta'
[2.341s] Level 1:colcon.colcon_core.package_identification:_identify(AllResults/twoHundred/twoWay/SouthNorth/Static) by extensions ['ros']
[2.341s] Level 1:colcon.colcon_core.package_identification:_identify(AllResults/twoHundred/twoWay/SouthNorth/Static) by extension 'ros'
[2.341s] Level 1:colcon.colcon_core.package_identification:_identify(AllResults/twoHundred/twoWay/SouthNorth/Static) by extensions ['cmake', 'python']
[2.341s] Level 1:colcon.colcon_core.package_identification:_identify(AllResults/twoHundred/twoWay/SouthNorth/Static) by extension 'cmake'
[2.341s] Level 1:colcon.colcon_core.package_identification:_identify(AllResults/twoHundred/twoWay/SouthNorth/Static) by extension 'python'
[2.341s] Level 1:colcon.colcon_core.package_identification:_identify(AllResults/twoHundred/twoWay/SouthNorth/Static) by extensions ['python_setup_py']
[2.341s] Level 1:colcon.colcon_core.package_identification:_identify(AllResults/twoHundred/twoWay/SouthNorth/Static) by extension 'python_setup_py'
[2.341s] Level 1:colcon.colcon_core.package_identification:_identify(AllResults/twoHundred/twoWay/SpdDst) by extensions ['ignore', 'ignore_ament_install']
[2.341s] Level 1:colcon.colcon_core.package_identification:_identify(AllResults/twoHundred/twoWay/SpdDst) by extension 'ignore'
[2.341s] Level 1:colcon.colcon_core.package_identification:_identify(AllResults/twoHundred/twoWay/SpdDst) by extension 'ignore_ament_install'
[2.341s] Level 1:colcon.colcon_core.package_identification:_identify(AllResults/twoHundred/twoWay/SpdDst) by extensions ['colcon_pkg']
[2.341s] Level 1:colcon.colcon_core.package_identification:_identify(AllResults/twoHundred/twoWay/SpdDst) by extension 'colcon_pkg'
[2.341s] Level 1:colcon.colcon_core.package_identification:_identify(AllResults/twoHundred/twoWay/SpdDst) by extensions ['colcon_meta']
[2.341s] Level 1:colcon.colcon_core.package_identification:_identify(AllResults/twoHundred/twoWay/SpdDst) by extension 'colcon_meta'
[2.341s] Level 1:colcon.colcon_core.package_identification:_identify(AllResults/twoHundred/twoWay/SpdDst) by extensions ['ros']
[2.341s] Level 1:colcon.colcon_core.package_identification:_identify(AllResults/twoHundred/twoWay/SpdDst) by extension 'ros'
[2.341s] Level 1:colcon.colcon_core.package_identification:_identify(AllResults/twoHundred/twoWay/SpdDst) by extensions ['cmake', 'python']
[2.341s] Level 1:colcon.colcon_core.package_identification:_identify(AllResults/twoHundred/twoWay/SpdDst) by extension 'cmake'
[2.341s] Level 1:colcon.colcon_core.package_identification:_identify(AllResults/twoHundred/twoWay/SpdDst) by extension 'python'
[2.341s] Level 1:colcon.colcon_core.package_identification:_identify(AllResults/twoHundred/twoWay/SpdDst) by extensions ['python_setup_py']
[2.341s] Level 1:colcon.colcon_core.package_identification:_identify(AllResults/twoHundred/twoWay/SpdDst) by extension 'python_setup_py'
[2.341s] Level 1:colcon.colcon_core.package_identification:_identify(AllResults/twoHundred/twoWay/Static) by extensions ['ignore', 'ignore_ament_install']
[2.342s] Level 1:colcon.colcon_core.package_identification:_identify(AllResults/twoHundred/twoWay/Static) by extension 'ignore'
[2.342s] Level 1:colcon.colcon_core.package_identification:_identify(AllResults/twoHundred/twoWay/Static) by extension 'ignore_ament_install'
[2.342s] Level 1:colcon.colcon_core.package_identification:_identify(AllResults/twoHundred/twoWay/Static) by extensions ['colcon_pkg']
[2.342s] Level 1:colcon.colcon_core.package_identification:_identify(AllResults/twoHundred/twoWay/Static) by extension 'colcon_pkg'
[2.342s] Level 1:colcon.colcon_core.package_identification:_identify(AllResults/twoHundred/twoWay/Static) by extensions ['colcon_meta']
[2.342s] Level 1:colcon.colcon_core.package_identification:_identify(AllResults/twoHundred/twoWay/Static) by extension 'colcon_meta'
[2.342s] Level 1:colcon.colcon_core.package_identification:_identify(AllResults/twoHundred/twoWay/Static) by extensions ['ros']
[2.342s] Level 1:colcon.colcon_core.package_identification:_identify(AllResults/twoHundred/twoWay/Static) by extension 'ros'
[2.342s] Level 1:colcon.colcon_core.package_identification:_identify(AllResults/twoHundred/twoWay/Static) by extensions ['cmake', 'python']
[2.342s] Level 1:colcon.colcon_core.package_identification:_identify(AllResults/twoHundred/twoWay/Static) by extension 'cmake'
[2.342s] Level 1:colcon.colcon_core.package_identification:_identify(AllResults/twoHundred/twoWay/Static) by extension 'python'
[2.342s] Level 1:colcon.colcon_core.package_identification:_identify(AllResults/twoHundred/twoWay/Static) by extensions ['python_setup_py']
[2.342s] Level 1:colcon.colcon_core.package_identification:_identify(AllResults/twoHundred/twoWay/Static) by extension 'python_setup_py'
[2.342s] Level 1:colcon.colcon_core.package_identification:_identify(InitialSim) by extensions ['ignore', 'ignore_ament_install']
[2.342s] Level 1:colcon.colcon_core.package_identification:_identify(InitialSim) by extension 'ignore'
[2.342s] Level 1:colcon.colcon_core.package_identification:_identify(InitialSim) by extension 'ignore_ament_install'
[2.342s] Level 1:colcon.colcon_core.package_identification:_identify(InitialSim) by extensions ['colcon_pkg']
[2.342s] Level 1:colcon.colcon_core.package_identification:_identify(InitialSim) by extension 'colcon_pkg'
[2.342s] Level 1:colcon.colcon_core.package_identification:_identify(InitialSim) by extensions ['colcon_meta']
[2.342s] Level 1:colcon.colcon_core.package_identification:_identify(InitialSim) by extension 'colcon_meta'
[2.342s] Level 1:colcon.colcon_core.package_identification:_identify(InitialSim) by extensions ['ros']
[2.342s] Level 1:colcon.colcon_core.package_identification:_identify(InitialSim) by extension 'ros'
[2.342s] Level 1:colcon.colcon_core.package_identification:_identify(InitialSim) by extensions ['cmake', 'python']
[2.342s] Level 1:colcon.colcon_core.package_identification:_identify(InitialSim) by extension 'cmake'
[2.342s] Level 1:colcon.colcon_core.package_identification:_identify(InitialSim) by extension 'python'
[2.342s] Level 1:colcon.colcon_core.package_identification:_identify(InitialSim) by extensions ['python_setup_py']
[2.342s] Level 1:colcon.colcon_core.package_identification:_identify(InitialSim) by extension 'python_setup_py'
[2.343s] Level 1:colcon.colcon_core.package_identification:_identify(InitialSim/Results) by extensions ['ignore', 'ignore_ament_install']
[2.343s] Level 1:colcon.colcon_core.package_identification:_identify(InitialSim/Results) by extension 'ignore'
[2.343s] Level 1:colcon.colcon_core.package_identification:_identify(InitialSim/Results) by extension 'ignore_ament_install'
[2.343s] Level 1:colcon.colcon_core.package_identification:_identify(InitialSim/Results) by extensions ['colcon_pkg']
[2.343s] Level 1:colcon.colcon_core.package_identification:_identify(InitialSim/Results) by extension 'colcon_pkg'
[2.343s] Level 1:colcon.colcon_core.package_identification:_identify(InitialSim/Results) by extensions ['colcon_meta']
[2.343s] Level 1:colcon.colcon_core.package_identification:_identify(InitialSim/Results) by extension 'colcon_meta'
[2.343s] Level 1:colcon.colcon_core.package_identification:_identify(InitialSim/Results) by extensions ['ros']
[2.343s] Level 1:colcon.colcon_core.package_identification:_identify(InitialSim/Results) by extension 'ros'
[2.343s] Level 1:colcon.colcon_core.package_identification:_identify(InitialSim/Results) by extensions ['cmake', 'python']
[2.343s] Level 1:colcon.colcon_core.package_identification:_identify(InitialSim/Results) by extension 'cmake'
[2.343s] Level 1:colcon.colcon_core.package_identification:_identify(InitialSim/Results) by extension 'python'
[2.343s] Level 1:colcon.colcon_core.package_identification:_identify(InitialSim/Results) by extensions ['python_setup_py']
[2.343s] Level 1:colcon.colcon_core.package_identification:_identify(InitialSim/Results) by extension 'python_setup_py'
[2.343s] Level 1:colcon.colcon_core.package_identification:_identify(InitialSim/tenVehs) by extensions ['ignore', 'ignore_ament_install']
[2.343s] Level 1:colcon.colcon_core.package_identification:_identify(InitialSim/tenVehs) by extension 'ignore'
[2.343s] Level 1:colcon.colcon_core.package_identification:_identify(InitialSim/tenVehs) by extension 'ignore_ament_install'
[2.343s] Level 1:colcon.colcon_core.package_identification:_identify(InitialSim/tenVehs) by extensions ['colcon_pkg']
[2.343s] Level 1:colcon.colcon_core.package_identification:_identify(InitialSim/tenVehs) by extension 'colcon_pkg'
[2.343s] Level 1:colcon.colcon_core.package_identification:_identify(InitialSim/tenVehs) by extensions ['colcon_meta']
[2.343s] Level 1:colcon.colcon_core.package_identification:_identify(InitialSim/tenVehs) by extension 'colcon_meta'
[2.343s] Level 1:colcon.colcon_core.package_identification:_identify(InitialSim/tenVehs) by extensions ['ros']
[2.343s] Level 1:colcon.colcon_core.package_identification:_identify(InitialSim/tenVehs) by extension 'ros'
[2.343s] Level 1:colcon.colcon_core.package_identification:_identify(InitialSim/tenVehs) by extensions ['cmake', 'python']
[2.343s] Level 1:colcon.colcon_core.package_identification:_identify(InitialSim/tenVehs) by extension 'cmake'
[2.343s] Level 1:colcon.colcon_core.package_identification:_identify(InitialSim/tenVehs) by extension 'python'
[2.343s] Level 1:colcon.colcon_core.package_identification:_identify(InitialSim/tenVehs) by extensions ['python_setup_py']
[2.344s] Level 1:colcon.colcon_core.package_identification:_identify(InitialSim/tenVehs) by extension 'python_setup_py'
[2.344s] Level 1:colcon.colcon_core.package_identification:_identify(InitialSim/thirtyVehs) by extensions ['ignore', 'ignore_ament_install']
[2.344s] Level 1:colcon.colcon_core.package_identification:_identify(InitialSim/thirtyVehs) by extension 'ignore'
[2.344s] Level 1:colcon.colcon_core.package_identification:_identify(InitialSim/thirtyVehs) by extension 'ignore_ament_install'
[2.344s] Level 1:colcon.colcon_core.package_identification:_identify(InitialSim/thirtyVehs) by extensions ['colcon_pkg']
[2.344s] Level 1:colcon.colcon_core.package_identification:_identify(InitialSim/thirtyVehs) by extension 'colcon_pkg'
[2.344s] Level 1:colcon.colcon_core.package_identification:_identify(InitialSim/thirtyVehs) by extensions ['colcon_meta']
[2.344s] Level 1:colcon.colcon_core.package_identification:_identify(InitialSim/thirtyVehs) by extension 'colcon_meta'
[2.344s] Level 1:colcon.colcon_core.package_identification:_identify(InitialSim/thirtyVehs) by extensions ['ros']
[2.344s] Level 1:colcon.colcon_core.package_identification:_identify(InitialSim/thirtyVehs) by extension 'ros'
[2.344s] Level 1:colcon.colcon_core.package_identification:_identify(InitialSim/thirtyVehs) by extensions ['cmake', 'python']
[2.344s] Level 1:colcon.colcon_core.package_identification:_identify(InitialSim/thirtyVehs) by extension 'cmake'
[2.344s] Level 1:colcon.colcon_core.package_identification:_identify(InitialSim/thirtyVehs) by extension 'python'
[2.344s] Level 1:colcon.colcon_core.package_identification:_identify(InitialSim/thirtyVehs) by extensions ['python_setup_py']
[2.344s] Level 1:colcon.colcon_core.package_identification:_identify(InitialSim/thirtyVehs) by extension 'python_setup_py'
[2.344s] Level 1:colcon.colcon_core.package_identification:_identify(InitialSim/twoVehs) by extensions ['ignore', 'ignore_ament_install']
[2.344s] Level 1:colcon.colcon_core.package_identification:_identify(InitialSim/twoVehs) by extension 'ignore'
[2.344s] Level 1:colcon.colcon_core.package_identification:_identify(InitialSim/twoVehs) by extension 'ignore_ament_install'
[2.344s] Level 1:colcon.colcon_core.package_identification:_identify(InitialSim/twoVehs) by extensions ['colcon_pkg']
[2.344s] Level 1:colcon.colcon_core.package_identification:_identify(InitialSim/twoVehs) by extension 'colcon_pkg'
[2.344s] Level 1:colcon.colcon_core.package_identification:_identify(InitialSim/twoVehs) by extensions ['colcon_meta']
[2.344s] Level 1:colcon.colcon_core.package_identification:_identify(InitialSim/twoVehs) by extension 'colcon_meta'
[2.344s] Level 1:colcon.colcon_core.package_identification:_identify(InitialSim/twoVehs) by extensions ['ros']
[2.344s] Level 1:colcon.colcon_core.package_identification:_identify(InitialSim/twoVehs) by extension 'ros'
[2.344s] Level 1:colcon.colcon_core.package_identification:_identify(InitialSim/twoVehs) by extensions ['cmake', 'python']
[2.345s] Level 1:colcon.colcon_core.package_identification:_identify(InitialSim/twoVehs) by extension 'cmake'
[2.345s] Level 1:colcon.colcon_core.package_identification:_identify(InitialSim/twoVehs) by extension 'python'
[2.345s] Level 1:colcon.colcon_core.package_identification:_identify(InitialSim/twoVehs) by extensions ['python_setup_py']
[2.345s] Level 1:colcon.colcon_core.package_identification:_identify(InitialSim/twoVehs) by extension 'python_setup_py'
[2.345s] Level 1:colcon.colcon_core.package_identification:_identify(New folder) by extensions ['ignore', 'ignore_ament_install']
[2.345s] Level 1:colcon.colcon_core.package_identification:_identify(New folder) by extension 'ignore'
[2.345s] Level 1:colcon.colcon_core.package_identification:_identify(New folder) by extension 'ignore_ament_install'
[2.345s] Level 1:colcon.colcon_core.package_identification:_identify(New folder) by extensions ['colcon_pkg']
[2.345s] Level 1:colcon.colcon_core.package_identification:_identify(New folder) by extension 'colcon_pkg'
[2.345s] Level 1:colcon.colcon_core.package_identification:_identify(New folder) by extensions ['colcon_meta']
[2.345s] Level 1:colcon.colcon_core.package_identification:_identify(New folder) by extension 'colcon_meta'
[2.345s] Level 1:colcon.colcon_core.package_identification:_identify(New folder) by extensions ['ros']
[2.345s] Level 1:colcon.colcon_core.package_identification:_identify(New folder) by extension 'ros'
[2.345s] Level 1:colcon.colcon_core.package_identification:_identify(New folder) by extensions ['cmake', 'python']
[2.345s] Level 1:colcon.colcon_core.package_identification:_identify(New folder) by extension 'cmake'
[2.345s] Level 1:colcon.colcon_core.package_identification:_identify(New folder) by extension 'python'
[2.345s] Level 1:colcon.colcon_core.package_identification:_identify(New folder) by extensions ['python_setup_py']
[2.345s] Level 1:colcon.colcon_core.package_identification:_identify(New folder) by extension 'python_setup_py'
[2.345s] Level 1:colcon.colcon_core.package_identification:_identify(Results) by extensions ['ignore', 'ignore_ament_install']
[2.345s] Level 1:colcon.colcon_core.package_identification:_identify(Results) by extension 'ignore'
[2.345s] Level 1:colcon.colcon_core.package_identification:_identify(Results) by extension 'ignore_ament_install'
[2.345s] Level 1:colcon.colcon_core.package_identification:_identify(Results) by extensions ['colcon_pkg']
[2.345s] Level 1:colcon.colcon_core.package_identification:_identify(Results) by extension 'colcon_pkg'
[2.345s] Level 1:colcon.colcon_core.package_identification:_identify(Results) by extensions ['colcon_meta']
[2.345s] Level 1:colcon.colcon_core.package_identification:_identify(Results) by extension 'colcon_meta'
[2.345s] Level 1:colcon.colcon_core.package_identification:_identify(Results) by extensions ['ros']
[2.345s] Level 1:colcon.colcon_core.package_identification:_identify(Results) by extension 'ros'
[2.346s] Level 1:colcon.colcon_core.package_identification:_identify(Results) by extensions ['cmake', 'python']
[2.346s] Level 1:colcon.colcon_core.package_identification:_identify(Results) by extension 'cmake'
[2.346s] Level 1:colcon.colcon_core.package_identification:_identify(Results) by extension 'python'
[2.346s] Level 1:colcon.colcon_core.package_identification:_identify(Results) by extensions ['python_setup_py']
[2.346s] Level 1:colcon.colcon_core.package_identification:_identify(Results) by extension 'python_setup_py'
[2.346s] Level 1:colcon.colcon_core.package_identification:_identify(build) by extensions ['ignore', 'ignore_ament_install']
[2.346s] Level 1:colcon.colcon_core.package_identification:_identify(build) by extension 'ignore'
[2.346s] Level 1:colcon.colcon_core.package_identification:_identify(build) ignored
[2.346s] Level 1:colcon.colcon_core.package_identification:_identify(fifteenVehs) by extensions ['ignore', 'ignore_ament_install']
[2.346s] Level 1:colcon.colcon_core.package_identification:_identify(fifteenVehs) by extension 'ignore'
[2.346s] Level 1:colcon.colcon_core.package_identification:_identify(fifteenVehs) by extension 'ignore_ament_install'
[2.346s] Level 1:colcon.colcon_core.package_identification:_identify(fifteenVehs) by extensions ['colcon_pkg']
[2.346s] Level 1:colcon.colcon_core.package_identification:_identify(fifteenVehs) by extension 'colcon_pkg'
[2.346s] Level 1:colcon.colcon_core.package_identification:_identify(fifteenVehs) by extensions ['colcon_meta']
[2.346s] Level 1:colcon.colcon_core.package_identification:_identify(fifteenVehs) by extension 'colcon_meta'
[2.346s] Level 1:colcon.colcon_core.package_identification:_identify(fifteenVehs) by extensions ['ros']
[2.346s] Level 1:colcon.colcon_core.package_identification:_identify(fifteenVehs) by extension 'ros'
[2.346s] Level 1:colcon.colcon_core.package_identification:_identify(fifteenVehs) by extensions ['cmake', 'python']
[2.346s] Level 1:colcon.colcon_core.package_identification:_identify(fifteenVehs) by extension 'cmake'
[2.346s] Level 1:colcon.colcon_core.package_identification:_identify(fifteenVehs) by extension 'python'
[2.346s] Level 1:colcon.colcon_core.package_identification:_identify(fifteenVehs) by extensions ['python_setup_py']
[2.346s] Level 1:colcon.colcon_core.package_identification:_identify(fifteenVehs) by extension 'python_setup_py'
[2.346s] Level 1:colcon.colcon_core.package_identification:_identify(hundredVehs) by extensions ['ignore', 'ignore_ament_install']
[2.346s] Level 1:colcon.colcon_core.package_identification:_identify(hundredVehs) by extension 'ignore'
[2.347s] Level 1:colcon.colcon_core.package_identification:_identify(hundredVehs) by extension 'ignore_ament_install'
[2.347s] Level 1:colcon.colcon_core.package_identification:_identify(hundredVehs) by extensions ['colcon_pkg']
[2.347s] Level 1:colcon.colcon_core.package_identification:_identify(hundredVehs) by extension 'colcon_pkg'
[2.347s] Level 1:colcon.colcon_core.package_identification:_identify(hundredVehs) by extensions ['colcon_meta']
[2.347s] Level 1:colcon.colcon_core.package_identification:_identify(hundredVehs) by extension 'colcon_meta'
[2.347s] Level 1:colcon.colcon_core.package_identification:_identify(hundredVehs) by extensions ['ros']
[2.347s] Level 1:colcon.colcon_core.package_identification:_identify(hundredVehs) by extension 'ros'
[2.347s] Level 1:colcon.colcon_core.package_identification:_identify(hundredVehs) by extensions ['cmake', 'python']
[2.347s] Level 1:colcon.colcon_core.package_identification:_identify(hundredVehs) by extension 'cmake'
[2.347s] Level 1:colcon.colcon_core.package_identification:_identify(hundredVehs) by extension 'python'
[2.347s] Level 1:colcon.colcon_core.package_identification:_identify(hundredVehs) by extensions ['python_setup_py']
[2.347s] Level 1:colcon.colcon_core.package_identification:_identify(hundredVehs) by extension 'python_setup_py'
[2.347s] Level 1:colcon.colcon_core.package_identification:_identify(hundredVehs/fourWay) by extensions ['ignore', 'ignore_ament_install']
[2.347s] Level 1:colcon.colcon_core.package_identification:_identify(hundredVehs/fourWay) by extension 'ignore'
[2.347s] Level 1:colcon.colcon_core.package_identification:_identify(hundredVehs/fourWay) by extension 'ignore_ament_install'
[2.347s] Level 1:colcon.colcon_core.package_identification:_identify(hundredVehs/fourWay) by extensions ['colcon_pkg']
[2.347s] Level 1:colcon.colcon_core.package_identification:_identify(hundredVehs/fourWay) by extension 'colcon_pkg'
[2.347s] Level 1:colcon.colcon_core.package_identification:_identify(hundredVehs/fourWay) by extensions ['colcon_meta']
[2.347s] Level 1:colcon.colcon_core.package_identification:_identify(hundredVehs/fourWay) by extension 'colcon_meta'
[2.347s] Level 1:colcon.colcon_core.package_identification:_identify(hundredVehs/fourWay) by extensions ['ros']
[2.347s] Level 1:colcon.colcon_core.package_identification:_identify(hundredVehs/fourWay) by extension 'ros'
[2.347s] Level 1:colcon.colcon_core.package_identification:_identify(hundredVehs/fourWay) by extensions ['cmake', 'python']
[2.347s] Level 1:colcon.colcon_core.package_identification:_identify(hundredVehs/fourWay) by extension 'cmake'
[2.347s] Level 1:colcon.colcon_core.package_identification:_identify(hundredVehs/fourWay) by extension 'python'
[2.347s] Level 1:colcon.colcon_core.package_identification:_identify(hundredVehs/fourWay) by extensions ['python_setup_py']
[2.347s] Level 1:colcon.colcon_core.package_identification:_identify(hundredVehs/fourWay) by extension 'python_setup_py'
[2.347s] Level 1:colcon.colcon_core.package_identification:_identify(hundredVehs/fourWay/FIS) by extensions ['ignore', 'ignore_ament_install']
[2.348s] Level 1:colcon.colcon_core.package_identification:_identify(hundredVehs/fourWay/FIS) by extension 'ignore'
[2.348s] Level 1:colcon.colcon_core.package_identification:_identify(hundredVehs/fourWay/FIS) by extension 'ignore_ament_install'
[2.348s] Level 1:colcon.colcon_core.package_identification:_identify(hundredVehs/fourWay/FIS) by extensions ['colcon_pkg']
[2.348s] Level 1:colcon.colcon_core.package_identification:_identify(hundredVehs/fourWay/FIS) by extension 'colcon_pkg'
[2.348s] Level 1:colcon.colcon_core.package_identification:_identify(hundredVehs/fourWay/FIS) by extensions ['colcon_meta']
[2.348s] Level 1:colcon.colcon_core.package_identification:_identify(hundredVehs/fourWay/FIS) by extension 'colcon_meta'
[2.348s] Level 1:colcon.colcon_core.package_identification:_identify(hundredVehs/fourWay/FIS) by extensions ['ros']
[2.348s] Level 1:colcon.colcon_core.package_identification:_identify(hundredVehs/fourWay/FIS) by extension 'ros'
[2.348s] Level 1:colcon.colcon_core.package_identification:_identify(hundredVehs/fourWay/FIS) by extensions ['cmake', 'python']
[2.348s] Level 1:colcon.colcon_core.package_identification:_identify(hundredVehs/fourWay/FIS) by extension 'cmake'
[2.348s] Level 1:colcon.colcon_core.package_identification:_identify(hundredVehs/fourWay/FIS) by extension 'python'
[2.348s] Level 1:colcon.colcon_core.package_identification:_identify(hundredVehs/fourWay/FIS) by extensions ['python_setup_py']
[2.348s] Level 1:colcon.colcon_core.package_identification:_identify(hundredVehs/fourWay/FIS) by extension 'python_setup_py'
[2.348s] Level 1:colcon.colcon_core.package_identification:_identify(hundredVehs/fourWay/SpdDst) by extensions ['ignore', 'ignore_ament_install']
[2.348s] Level 1:colcon.colcon_core.package_identification:_identify(hundredVehs/fourWay/SpdDst) by extension 'ignore'
[2.348s] Level 1:colcon.colcon_core.package_identification:_identify(hundredVehs/fourWay/SpdDst) by extension 'ignore_ament_install'
[2.348s] Level 1:colcon.colcon_core.package_identification:_identify(hundredVehs/fourWay/SpdDst) by extensions ['colcon_pkg']
[2.348s] Level 1:colcon.colcon_core.package_identification:_identify(hundredVehs/fourWay/SpdDst) by extension 'colcon_pkg'
[2.348s] Level 1:colcon.colcon_core.package_identification:_identify(hundredVehs/fourWay/SpdDst) by extensions ['colcon_meta']
[2.348s] Level 1:colcon.colcon_core.package_identification:_identify(hundredVehs/fourWay/SpdDst) by extension 'colcon_meta'
[2.348s] Level 1:colcon.colcon_core.package_identification:_identify(hundredVehs/fourWay/SpdDst) by extensions ['ros']
[2.348s] Level 1:colcon.colcon_core.package_identification:_identify(hundredVehs/fourWay/SpdDst) by extension 'ros'
[2.348s] Level 1:colcon.colcon_core.package_identification:_identify(hundredVehs/fourWay/SpdDst) by extensions ['cmake', 'python']
[2.348s] Level 1:colcon.colcon_core.package_identification:_identify(hundredVehs/fourWay/SpdDst) by extension 'cmake'
[2.348s] Level 1:colcon.colcon_core.package_identification:_identify(hundredVehs/fourWay/SpdDst) by extension 'python'
[2.348s] Level 1:colcon.colcon_core.package_identification:_identify(hundredVehs/fourWay/SpdDst) by extensions ['python_setup_py']
[2.348s] Level 1:colcon.colcon_core.package_identification:_identify(hundredVehs/fourWay/SpdDst) by extension 'python_setup_py'
[2.349s] Level 1:colcon.colcon_core.package_identification:_identify(hundredVehs/fourWay/Static) by extensions ['ignore', 'ignore_ament_install']
[2.349s] Level 1:colcon.colcon_core.package_identification:_identify(hundredVehs/fourWay/Static) by extension 'ignore'
[2.349s] Level 1:colcon.colcon_core.package_identification:_identify(hundredVehs/fourWay/Static) by extension 'ignore_ament_install'
[2.349s] Level 1:colcon.colcon_core.package_identification:_identify(hundredVehs/fourWay/Static) by extensions ['colcon_pkg']
[2.349s] Level 1:colcon.colcon_core.package_identification:_identify(hundredVehs/fourWay/Static) by extension 'colcon_pkg'
[2.349s] Level 1:colcon.colcon_core.package_identification:_identify(hundredVehs/fourWay/Static) by extensions ['colcon_meta']
[2.349s] Level 1:colcon.colcon_core.package_identification:_identify(hundredVehs/fourWay/Static) by extension 'colcon_meta'
[2.349s] Level 1:colcon.colcon_core.package_identification:_identify(hundredVehs/fourWay/Static) by extensions ['ros']
[2.349s] Level 1:colcon.colcon_core.package_identification:_identify(hundredVehs/fourWay/Static) by extension 'ros'
[2.349s] Level 1:colcon.colcon_core.package_identification:_identify(hundredVehs/fourWay/Static) by extensions ['cmake', 'python']
[2.349s] Level 1:colcon.colcon_core.package_identification:_identify(hundredVehs/fourWay/Static) by extension 'cmake'
[2.349s] Level 1:colcon.colcon_core.package_identification:_identify(hundredVehs/fourWay/Static) by extension 'python'
[2.349s] Level 1:colcon.colcon_core.package_identification:_identify(hundredVehs/fourWay/Static) by extensions ['python_setup_py']
[2.349s] Level 1:colcon.colcon_core.package_identification:_identify(hundredVehs/fourWay/Static) by extension 'python_setup_py'
[2.349s] Level 1:colcon.colcon_core.package_identification:_identify(hundredVehs/twoWay) by extensions ['ignore', 'ignore_ament_install']
[2.349s] Level 1:colcon.colcon_core.package_identification:_identify(hundredVehs/twoWay) by extension 'ignore'
[2.349s] Level 1:colcon.colcon_core.package_identification:_identify(hundredVehs/twoWay) by extension 'ignore_ament_install'
[2.350s] Level 1:colcon.colcon_core.package_identification:_identify(hundredVehs/twoWay) by extensions ['colcon_pkg']
[2.350s] Level 1:colcon.colcon_core.package_identification:_identify(hundredVehs/twoWay) by extension 'colcon_pkg'
[2.350s] Level 1:colcon.colcon_core.package_identification:_identify(hundredVehs/twoWay) by extensions ['colcon_meta']
[2.350s] Level 1:colcon.colcon_core.package_identification:_identify(hundredVehs/twoWay) by extension 'colcon_meta'
[2.350s] Level 1:colcon.colcon_core.package_identification:_identify(hundredVehs/twoWay) by extensions ['ros']
[2.350s] Level 1:colcon.colcon_core.package_identification:_identify(hundredVehs/twoWay) by extension 'ros'
[2.350s] Level 1:colcon.colcon_core.package_identification:_identify(hundredVehs/twoWay) by extensions ['cmake', 'python']
[2.350s] Level 1:colcon.colcon_core.package_identification:_identify(hundredVehs/twoWay) by extension 'cmake'
[2.350s] Level 1:colcon.colcon_core.package_identification:_identify(hundredVehs/twoWay) by extension 'python'
[2.350s] Level 1:colcon.colcon_core.package_identification:_identify(hundredVehs/twoWay) by extensions ['python_setup_py']
[2.350s] Level 1:colcon.colcon_core.package_identification:_identify(hundredVehs/twoWay) by extension 'python_setup_py'
[2.350s] Level 1:colcon.colcon_core.package_identification:_identify(hundredVehs/twoWay/FIS) by extensions ['ignore', 'ignore_ament_install']
[2.350s] Level 1:colcon.colcon_core.package_identification:_identify(hundredVehs/twoWay/FIS) by extension 'ignore'
[2.350s] Level 1:colcon.colcon_core.package_identification:_identify(hundredVehs/twoWay/FIS) by extension 'ignore_ament_install'
[2.350s] Level 1:colcon.colcon_core.package_identification:_identify(hundredVehs/twoWay/FIS) by extensions ['colcon_pkg']
[2.350s] Level 1:colcon.colcon_core.package_identification:_identify(hundredVehs/twoWay/FIS) by extension 'colcon_pkg'
[2.350s] Level 1:colcon.colcon_core.package_identification:_identify(hundredVehs/twoWay/FIS) by extensions ['colcon_meta']
[2.350s] Level 1:colcon.colcon_core.package_identification:_identify(hundredVehs/twoWay/FIS) by extension 'colcon_meta'
[2.351s] Level 1:colcon.colcon_core.package_identification:_identify(hundredVehs/twoWay/FIS) by extensions ['ros']
[2.351s] Level 1:colcon.colcon_core.package_identification:_identify(hundredVehs/twoWay/FIS) by extension 'ros'
[2.351s] Level 1:colcon.colcon_core.package_identification:_identify(hundredVehs/twoWay/FIS) by extensions ['cmake', 'python']
[2.351s] Level 1:colcon.colcon_core.package_identification:_identify(hundredVehs/twoWay/FIS) by extension 'cmake'
[2.351s] Level 1:colcon.colcon_core.package_identification:_identify(hundredVehs/twoWay/FIS) by extension 'python'
[2.351s] Level 1:colcon.colcon_core.package_identification:_identify(hundredVehs/twoWay/FIS) by extensions ['python_setup_py']
[2.351s] Level 1:colcon.colcon_core.package_identification:_identify(hundredVehs/twoWay/FIS) by extension 'python_setup_py'
[2.351s] Level 1:colcon.colcon_core.package_identification:_identify(hundredVehs/twoWay/NorthSouth) by extensions ['ignore', 'ignore_ament_install']
[2.351s] Level 1:colcon.colcon_core.package_identification:_identify(hundredVehs/twoWay/NorthSouth) by extension 'ignore'
[2.351s] Level 1:colcon.colcon_core.package_identification:_identify(hundredVehs/twoWay/NorthSouth) by extension 'ignore_ament_install'
[2.351s] Level 1:colcon.colcon_core.package_identification:_identify(hundredVehs/twoWay/NorthSouth) by extensions ['colcon_pkg']
[2.351s] Level 1:colcon.colcon_core.package_identification:_identify(hundredVehs/twoWay/NorthSouth) by extension 'colcon_pkg'
[2.351s] Level 1:colcon.colcon_core.package_identification:_identify(hundredVehs/twoWay/NorthSouth) by extensions ['colcon_meta']
[2.351s] Level 1:colcon.colcon_core.package_identification:_identify(hundredVehs/twoWay/NorthSouth) by extension 'colcon_meta'
[2.351s] Level 1:colcon.colcon_core.package_identification:_identify(hundredVehs/twoWay/NorthSouth) by extensions ['ros']
[2.351s] Level 1:colcon.colcon_core.package_identification:_identify(hundredVehs/twoWay/NorthSouth) by extension 'ros'
[2.351s] Level 1:colcon.colcon_core.package_identification:_identify(hundredVehs/twoWay/NorthSouth) by extensions ['cmake', 'python']
[2.351s] Level 1:colcon.colcon_core.package_identification:_identify(hundredVehs/twoWay/NorthSouth) by extension 'cmake'
[2.351s] Level 1:colcon.colcon_core.package_identification:_identify(hundredVehs/twoWay/NorthSouth) by extension 'python'
[2.351s] Level 1:colcon.colcon_core.package_identification:_identify(hundredVehs/twoWay/NorthSouth) by extensions ['python_setup_py']
[2.351s] Level 1:colcon.colcon_core.package_identification:_identify(hundredVehs/twoWay/NorthSouth) by extension 'python_setup_py'
[2.351s] Level 1:colcon.colcon_core.package_identification:_identify(hundredVehs/twoWay/NorthSouth/FIS) by extensions ['ignore', 'ignore_ament_install']
[2.352s] Level 1:colcon.colcon_core.package_identification:_identify(hundredVehs/twoWay/NorthSouth/FIS) by extension 'ignore'
[2.352s] Level 1:colcon.colcon_core.package_identification:_identify(hundredVehs/twoWay/NorthSouth/FIS) by extension 'ignore_ament_install'
[2.352s] Level 1:colcon.colcon_core.package_identification:_identify(hundredVehs/twoWay/NorthSouth/FIS) by extensions ['colcon_pkg']
[2.352s] Level 1:colcon.colcon_core.package_identification:_identify(hundredVehs/twoWay/NorthSouth/FIS) by extension 'colcon_pkg'
[2.352s] Level 1:colcon.colcon_core.package_identification:_identify(hundredVehs/twoWay/NorthSouth/FIS) by extensions ['colcon_meta']
[2.352s] Level 1:colcon.colcon_core.package_identification:_identify(hundredVehs/twoWay/NorthSouth/FIS) by extension 'colcon_meta'
[2.352s] Level 1:colcon.colcon_core.package_identification:_identify(hundredVehs/twoWay/NorthSouth/FIS) by extensions ['ros']
[2.352s] Level 1:colcon.colcon_core.package_identification:_identify(hundredVehs/twoWay/NorthSouth/FIS) by extension 'ros'
[2.352s] Level 1:colcon.colcon_core.package_identification:_identify(hundredVehs/twoWay/NorthSouth/FIS) by extensions ['cmake', 'python']
[2.352s] Level 1:colcon.colcon_core.package_identification:_identify(hundredVehs/twoWay/NorthSouth/FIS) by extension 'cmake'
[2.352s] Level 1:colcon.colcon_core.package_identification:_identify(hundredVehs/twoWay/NorthSouth/FIS) by extension 'python'
[2.352s] Level 1:colcon.colcon_core.package_identification:_identify(hundredVehs/twoWay/NorthSouth/FIS) by extensions ['python_setup_py']
[2.352s] Level 1:colcon.colcon_core.package_identification:_identify(hundredVehs/twoWay/NorthSouth/FIS) by extension 'python_setup_py'
[2.352s] Level 1:colcon.colcon_core.package_identification:_identify(hundredVehs/twoWay/NorthSouth/SpdDst) by extensions ['ignore', 'ignore_ament_install']
[2.352s] Level 1:colcon.colcon_core.package_identification:_identify(hundredVehs/twoWay/NorthSouth/SpdDst) by extension 'ignore'
[2.352s] Level 1:colcon.colcon_core.package_identification:_identify(hundredVehs/twoWay/NorthSouth/SpdDst) by extension 'ignore_ament_install'
[2.352s] Level 1:colcon.colcon_core.package_identification:_identify(hundredVehs/twoWay/NorthSouth/SpdDst) by extensions ['colcon_pkg']
[2.352s] Level 1:colcon.colcon_core.package_identification:_identify(hundredVehs/twoWay/NorthSouth/SpdDst) by extension 'colcon_pkg'
[2.352s] Level 1:colcon.colcon_core.package_identification:_identify(hundredVehs/twoWay/NorthSouth/SpdDst) by extensions ['colcon_meta']
[2.352s] Level 1:colcon.colcon_core.package_identification:_identify(hundredVehs/twoWay/NorthSouth/SpdDst) by extension 'colcon_meta'
[2.352s] Level 1:colcon.colcon_core.package_identification:_identify(hundredVehs/twoWay/NorthSouth/SpdDst) by extensions ['ros']
[2.352s] Level 1:colcon.colcon_core.package_identification:_identify(hundredVehs/twoWay/NorthSouth/SpdDst) by extension 'ros'
[2.352s] Level 1:colcon.colcon_core.package_identification:_identify(hundredVehs/twoWay/NorthSouth/SpdDst) by extensions ['cmake', 'python']
[2.352s] Level 1:colcon.colcon_core.package_identification:_identify(hundredVehs/twoWay/NorthSouth/SpdDst) by extension 'cmake'
[2.353s] Level 1:colcon.colcon_core.package_identification:_identify(hundredVehs/twoWay/NorthSouth/SpdDst) by extension 'python'
[2.353s] Level 1:colcon.colcon_core.package_identification:_identify(hundredVehs/twoWay/NorthSouth/SpdDst) by extensions ['python_setup_py']
[2.353s] Level 1:colcon.colcon_core.package_identification:_identify(hundredVehs/twoWay/NorthSouth/SpdDst) by extension 'python_setup_py'
[2.353s] Level 1:colcon.colcon_core.package_identification:_identify(hundredVehs/twoWay/NorthSouth/Static) by extensions ['ignore', 'ignore_ament_install']
[2.353s] Level 1:colcon.colcon_core.package_identification:_identify(hundredVehs/twoWay/NorthSouth/Static) by extension 'ignore'
[2.353s] Level 1:colcon.colcon_core.package_identification:_identify(hundredVehs/twoWay/NorthSouth/Static) by extension 'ignore_ament_install'
[2.353s] Level 1:colcon.colcon_core.package_identification:_identify(hundredVehs/twoWay/NorthSouth/Static) by extensions ['colcon_pkg']
[2.353s] Level 1:colcon.colcon_core.package_identification:_identify(hundredVehs/twoWay/NorthSouth/Static) by extension 'colcon_pkg'
[2.353s] Level 1:colcon.colcon_core.package_identification:_identify(hundredVehs/twoWay/NorthSouth/Static) by extensions ['colcon_meta']
[2.353s] Level 1:colcon.colcon_core.package_identification:_identify(hundredVehs/twoWay/NorthSouth/Static) by extension 'colcon_meta'
[2.353s] Level 1:colcon.colcon_core.package_identification:_identify(hundredVehs/twoWay/NorthSouth/Static) by extensions ['ros']
[2.353s] Level 1:colcon.colcon_core.package_identification:_identify(hundredVehs/twoWay/NorthSouth/Static) by extension 'ros'
[2.353s] Level 1:colcon.colcon_core.package_identification:_identify(hundredVehs/twoWay/NorthSouth/Static) by extensions ['cmake', 'python']
[2.353s] Level 1:colcon.colcon_core.package_identification:_identify(hundredVehs/twoWay/NorthSouth/Static) by extension 'cmake'
[2.353s] Level 1:colcon.colcon_core.package_identification:_identify(hundredVehs/twoWay/NorthSouth/Static) by extension 'python'
[2.353s] Level 1:colcon.colcon_core.package_identification:_identify(hundredVehs/twoWay/NorthSouth/Static) by extensions ['python_setup_py']
[2.353s] Level 1:colcon.colcon_core.package_identification:_identify(hundredVehs/twoWay/NorthSouth/Static) by extension 'python_setup_py'
[2.353s] Level 1:colcon.colcon_core.package_identification:_identify(hundredVehs/twoWay/SpdDst) by extensions ['ignore', 'ignore_ament_install']
[2.353s] Level 1:colcon.colcon_core.package_identification:_identify(hundredVehs/twoWay/SpdDst) by extension 'ignore'
[2.353s] Level 1:colcon.colcon_core.package_identification:_identify(hundredVehs/twoWay/SpdDst) by extension 'ignore_ament_install'
[2.353s] Level 1:colcon.colcon_core.package_identification:_identify(hundredVehs/twoWay/SpdDst) by extensions ['colcon_pkg']
[2.353s] Level 1:colcon.colcon_core.package_identification:_identify(hundredVehs/twoWay/SpdDst) by extension 'colcon_pkg'
[2.353s] Level 1:colcon.colcon_core.package_identification:_identify(hundredVehs/twoWay/SpdDst) by extensions ['colcon_meta']
[2.353s] Level 1:colcon.colcon_core.package_identification:_identify(hundredVehs/twoWay/SpdDst) by extension 'colcon_meta'
[2.353s] Level 1:colcon.colcon_core.package_identification:_identify(hundredVehs/twoWay/SpdDst) by extensions ['ros']
[2.354s] Level 1:colcon.colcon_core.package_identification:_identify(hundredVehs/twoWay/SpdDst) by extension 'ros'
[2.354s] Level 1:colcon.colcon_core.package_identification:_identify(hundredVehs/twoWay/SpdDst) by extensions ['cmake', 'python']
[2.354s] Level 1:colcon.colcon_core.package_identification:_identify(hundredVehs/twoWay/SpdDst) by extension 'cmake'
[2.354s] Level 1:colcon.colcon_core.package_identification:_identify(hundredVehs/twoWay/SpdDst) by extension 'python'
[2.354s] Level 1:colcon.colcon_core.package_identification:_identify(hundredVehs/twoWay/SpdDst) by extensions ['python_setup_py']
[2.354s] Level 1:colcon.colcon_core.package_identification:_identify(hundredVehs/twoWay/SpdDst) by extension 'python_setup_py'
[2.354s] Level 1:colcon.colcon_core.package_identification:_identify(hundredVehs/twoWay/Static) by extensions ['ignore', 'ignore_ament_install']
[2.354s] Level 1:colcon.colcon_core.package_identification:_identify(hundredVehs/twoWay/Static) by extension 'ignore'
[2.354s] Level 1:colcon.colcon_core.package_identification:_identify(hundredVehs/twoWay/Static) by extension 'ignore_ament_install'
[2.354s] Level 1:colcon.colcon_core.package_identification:_identify(hundredVehs/twoWay/Static) by extensions ['colcon_pkg']
[2.354s] Level 1:colcon.colcon_core.package_identification:_identify(hundredVehs/twoWay/Static) by extension 'colcon_pkg'
[2.354s] Level 1:colcon.colcon_core.package_identification:_identify(hundredVehs/twoWay/Static) by extensions ['colcon_meta']
[2.354s] Level 1:colcon.colcon_core.package_identification:_identify(hundredVehs/twoWay/Static) by extension 'colcon_meta'
[2.354s] Level 1:colcon.colcon_core.package_identification:_identify(hundredVehs/twoWay/Static) by extensions ['ros']
[2.354s] Level 1:colcon.colcon_core.package_identification:_identify(hundredVehs/twoWay/Static) by extension 'ros'
[2.354s] Level 1:colcon.colcon_core.package_identification:_identify(hundredVehs/twoWay/Static) by extensions ['cmake', 'python']
[2.354s] Level 1:colcon.colcon_core.package_identification:_identify(hundredVehs/twoWay/Static) by extension 'cmake'
[2.354s] Level 1:colcon.colcon_core.package_identification:_identify(hundredVehs/twoWay/Static) by extension 'python'
[2.354s] Level 1:colcon.colcon_core.package_identification:_identify(hundredVehs/twoWay/Static) by extensions ['python_setup_py']
[2.354s] Level 1:colcon.colcon_core.package_identification:_identify(hundredVehs/twoWay/Static) by extension 'python_setup_py'
[2.354s] Level 1:colcon.colcon_core.package_identification:_identify(install) by extensions ['ignore', 'ignore_ament_install']
[2.354s] Level 1:colcon.colcon_core.package_identification:_identify(install) by extension 'ignore'
[2.354s] Level 1:colcon.colcon_core.package_identification:_identify(install) ignored
[2.355s] Level 1:colcon.colcon_core.package_identification:_identify(log) by extensions ['ignore', 'ignore_ament_install']
[2.355s] Level 1:colcon.colcon_core.package_identification:_identify(log) by extension 'ignore'
[2.355s] Level 1:colcon.colcon_core.package_identification:_identify(log) ignored
[2.355s] Level 1:colcon.colcon_core.package_identification:_identify(src) by extensions ['ignore', 'ignore_ament_install']
[2.355s] Level 1:colcon.colcon_core.package_identification:_identify(src) by extension 'ignore'
[2.355s] Level 1:colcon.colcon_core.package_identification:_identify(src) by extension 'ignore_ament_install'
[2.355s] Level 1:colcon.colcon_core.package_identification:_identify(src) by extensions ['colcon_pkg']
[2.355s] Level 1:colcon.colcon_core.package_identification:_identify(src) by extension 'colcon_pkg'
[2.355s] Level 1:colcon.colcon_core.package_identification:_identify(src) by extensions ['colcon_meta']
[2.355s] Level 1:colcon.colcon_core.package_identification:_identify(src) by extension 'colcon_meta'
[2.355s] Level 1:colcon.colcon_core.package_identification:_identify(src) by extensions ['ros']
[2.355s] Level 1:colcon.colcon_core.package_identification:_identify(src) by extension 'ros'
[2.355s] Level 1:colcon.colcon_core.package_identification:_identify(src) by extensions ['cmake', 'python']
[2.355s] Level 1:colcon.colcon_core.package_identification:_identify(src) by extension 'cmake'
[2.355s] Level 1:colcon.colcon_core.package_identification:_identify(src) by extension 'python'
[2.355s] Level 1:colcon.colcon_core.package_identification:_identify(src) by extensions ['python_setup_py']
[2.355s] Level 1:colcon.colcon_core.package_identification:_identify(src) by extension 'python_setup_py'
[2.355s] Level 1:colcon.colcon_core.package_identification:_identify(src/cim) by extensions ['ignore', 'ignore_ament_install']
[2.355s] Level 1:colcon.colcon_core.package_identification:_identify(src/cim) by extension 'ignore'
[2.355s] Level 1:colcon.colcon_core.package_identification:_identify(src/cim) by extension 'ignore_ament_install'
[2.355s] Level 1:colcon.colcon_core.package_identification:_identify(src/cim) by extensions ['colcon_pkg']
[2.355s] Level 1:colcon.colcon_core.package_identification:_identify(src/cim) by extension 'colcon_pkg'
[2.356s] Level 1:colcon.colcon_core.package_identification:_identify(src/cim) by extensions ['colcon_meta']
[2.356s] Level 1:colcon.colcon_core.package_identification:_identify(src/cim) by extension 'colcon_meta'
[2.356s] Level 1:colcon.colcon_core.package_identification:_identify(src/cim) by extensions ['ros']
[2.356s] Level 1:colcon.colcon_core.package_identification:_identify(src/cim) by extension 'ros'
[2.358s] DEBUG:colcon.colcon_core.package_identification:Package 'src/cim' with type 'ros.ament_python' and name 'cim'
[2.358s] Level 1:colcon.colcon_core.package_identification:_identify(src/dsrcmsg) by extensions ['ignore', 'ignore_ament_install']
[2.358s] Level 1:colcon.colcon_core.package_identification:_identify(src/dsrcmsg) by extension 'ignore'
[2.359s] Level 1:colcon.colcon_core.package_identification:_identify(src/dsrcmsg) by extension 'ignore_ament_install'
[2.359s] Level 1:colcon.colcon_core.package_identification:_identify(src/dsrcmsg) by extensions ['colcon_pkg']
[2.359s] Level 1:colcon.colcon_core.package_identification:_identify(src/dsrcmsg) by extension 'colcon_pkg'
[2.359s] Level 1:colcon.colcon_core.package_identification:_identify(src/dsrcmsg) by extensions ['colcon_meta']
[2.359s] Level 1:colcon.colcon_core.package_identification:_identify(src/dsrcmsg) by extension 'colcon_meta'
[2.359s] Level 1:colcon.colcon_core.package_identification:_identify(src/dsrcmsg) by extensions ['ros']
[2.359s] Level 1:colcon.colcon_core.package_identification:_identify(src/dsrcmsg) by extension 'ros'
[2.359s] DEBUG:colcon.colcon_core.package_identification:Package 'src/dsrcmsg' with type 'ros.ament_cmake' and name 'dsrcmsg'
[2.359s] Level 1:colcon.colcon_core.package_identification:_identify(src/onecim) by extensions ['ignore', 'ignore_ament_install']
[2.359s] Level 1:colcon.colcon_core.package_identification:_identify(src/onecim) by extension 'ignore'
[2.359s] Level 1:colcon.colcon_core.package_identification:_identify(src/onecim) by extension 'ignore_ament_install'
[2.359s] Level 1:colcon.colcon_core.package_identification:_identify(src/onecim) by extensions ['colcon_pkg']
[2.359s] Level 1:colcon.colcon_core.package_identification:_identify(src/onecim) by extension 'colcon_pkg'
[2.360s] Level 1:colcon.colcon_core.package_identification:_identify(src/onecim) by extensions ['colcon_meta']
[2.360s] Level 1:colcon.colcon_core.package_identification:_identify(src/onecim) by extension 'colcon_meta'
[2.360s] Level 1:colcon.colcon_core.package_identification:_identify(src/onecim) by extensions ['ros']
[2.360s] Level 1:colcon.colcon_core.package_identification:_identify(src/onecim) by extension 'ros'
[2.360s] DEBUG:colcon.colcon_core.package_identification:Package 'src/onecim' with type 'ros.ament_python' and name 'onecim'
[2.360s] Level 1:colcon.colcon_core.package_identification:_identify(src/reactivemethods) by extensions ['ignore', 'ignore_ament_install']
[2.360s] Level 1:colcon.colcon_core.package_identification:_identify(src/reactivemethods) by extension 'ignore'
[2.360s] Level 1:colcon.colcon_core.package_identification:_identify(src/reactivemethods) by extension 'ignore_ament_install'
[2.360s] Level 1:colcon.colcon_core.package_identification:_identify(src/reactivemethods) by extensions ['colcon_pkg']
[2.360s] Level 1:colcon.colcon_core.package_identification:_identify(src/reactivemethods) by extension 'colcon_pkg'
[2.360s] Level 1:colcon.colcon_core.package_identification:_identify(src/reactivemethods) by extensions ['colcon_meta']
[2.361s] Level 1:colcon.colcon_core.package_identification:_identify(src/reactivemethods) by extension 'colcon_meta'
[2.361s] Level 1:colcon.colcon_core.package_identification:_identify(src/reactivemethods) by extensions ['ros']
[2.361s] Level 1:colcon.colcon_core.package_identification:_identify(src/reactivemethods) by extension 'ros'
[2.361s] DEBUG:colcon.colcon_core.package_identification:Package 'src/reactivemethods' with type 'ros.ament_python' and name 'reactivemethods'
[2.361s] Level 1:colcon.colcon_core.package_identification:_identify(src/trafficrecord) by extensions ['ignore', 'ignore_ament_install']
[2.361s] Level 1:colcon.colcon_core.package_identification:_identify(src/trafficrecord) by extension 'ignore'
[2.361s] Level 1:colcon.colcon_core.package_identification:_identify(src/trafficrecord) by extension 'ignore_ament_install'
[2.361s] Level 1:colcon.colcon_core.package_identification:_identify(src/trafficrecord) by extensions ['colcon_pkg']
[2.361s] Level 1:colcon.colcon_core.package_identification:_identify(src/trafficrecord) by extension 'colcon_pkg'
[2.361s] Level 1:colcon.colcon_core.package_identification:_identify(src/trafficrecord) by extensions ['colcon_meta']
[2.361s] Level 1:colcon.colcon_core.package_identification:_identify(src/trafficrecord) by extension 'colcon_meta'
[2.361s] Level 1:colcon.colcon_core.package_identification:_identify(src/trafficrecord) by extensions ['ros']
[2.361s] Level 1:colcon.colcon_core.package_identification:_identify(src/trafficrecord) by extension 'ros'
[2.362s] DEBUG:colcon.colcon_core.package_identification:Package 'src/trafficrecord' with type 'ros.ament_cmake' and name 'trafficrecord'
[2.362s] Level 1:colcon.colcon_core.package_identification:_identify(twoHundred) by extensions ['ignore', 'ignore_ament_install']
[2.362s] Level 1:colcon.colcon_core.package_identification:_identify(twoHundred) by extension 'ignore'
[2.362s] Level 1:colcon.colcon_core.package_identification:_identify(twoHundred) by extension 'ignore_ament_install'
[2.362s] Level 1:colcon.colcon_core.package_identification:_identify(twoHundred) by extensions ['colcon_pkg']
[2.362s] Level 1:colcon.colcon_core.package_identification:_identify(twoHundred) by extension 'colcon_pkg'
[2.362s] Level 1:colcon.colcon_core.package_identification:_identify(twoHundred) by extensions ['colcon_meta']
[2.362s] Level 1:colcon.colcon_core.package_identification:_identify(twoHundred) by extension 'colcon_meta'
[2.362s] Level 1:colcon.colcon_core.package_identification:_identify(twoHundred) by extensions ['ros']
[2.362s] Level 1:colcon.colcon_core.package_identification:_identify(twoHundred) by extension 'ros'
[2.362s] Level 1:colcon.colcon_core.package_identification:_identify(twoHundred) by extensions ['cmake', 'python']
[2.362s] Level 1:colcon.colcon_core.package_identification:_identify(twoHundred) by extension 'cmake'
[2.362s] Level 1:colcon.colcon_core.package_identification:_identify(twoHundred) by extension 'python'
[2.362s] Level 1:colcon.colcon_core.package_identification:_identify(twoHundred) by extensions ['python_setup_py']
[2.362s] Level 1:colcon.colcon_core.package_identification:_identify(twoHundred) by extension 'python_setup_py'
[2.363s] Level 1:colcon.colcon_core.package_identification:_identify(twoHundred/fourWay) by extensions ['ignore', 'ignore_ament_install']
[2.363s] Level 1:colcon.colcon_core.package_identification:_identify(twoHundred/fourWay) by extension 'ignore'
[2.363s] Level 1:colcon.colcon_core.package_identification:_identify(twoHundred/fourWay) by extension 'ignore_ament_install'
[2.363s] Level 1:colcon.colcon_core.package_identification:_identify(twoHundred/fourWay) by extensions ['colcon_pkg']
[2.363s] Level 1:colcon.colcon_core.package_identification:_identify(twoHundred/fourWay) by extension 'colcon_pkg'
[2.363s] Level 1:colcon.colcon_core.package_identification:_identify(twoHundred/fourWay) by extensions ['colcon_meta']
[2.363s] Level 1:colcon.colcon_core.package_identification:_identify(twoHundred/fourWay) by extension 'colcon_meta'
[2.363s] Level 1:colcon.colcon_core.package_identification:_identify(twoHundred/fourWay) by extensions ['ros']
[2.363s] Level 1:colcon.colcon_core.package_identification:_identify(twoHundred/fourWay) by extension 'ros'
[2.363s] Level 1:colcon.colcon_core.package_identification:_identify(twoHundred/fourWay) by extensions ['cmake', 'python']
[2.363s] Level 1:colcon.colcon_core.package_identification:_identify(twoHundred/fourWay) by extension 'cmake'
[2.363s] Level 1:colcon.colcon_core.package_identification:_identify(twoHundred/fourWay) by extension 'python'
[2.363s] Level 1:colcon.colcon_core.package_identification:_identify(twoHundred/fourWay) by extensions ['python_setup_py']
[2.363s] Level 1:colcon.colcon_core.package_identification:_identify(twoHundred/fourWay) by extension 'python_setup_py'
[2.363s] Level 1:colcon.colcon_core.package_identification:_identify(twoHundred/fourWay/FIS) by extensions ['ignore', 'ignore_ament_install']
[2.363s] Level 1:colcon.colcon_core.package_identification:_identify(twoHundred/fourWay/FIS) by extension 'ignore'
[2.363s] Level 1:colcon.colcon_core.package_identification:_identify(twoHundred/fourWay/FIS) by extension 'ignore_ament_install'
[2.363s] Level 1:colcon.colcon_core.package_identification:_identify(twoHundred/fourWay/FIS) by extensions ['colcon_pkg']
[2.363s] Level 1:colcon.colcon_core.package_identification:_identify(twoHundred/fourWay/FIS) by extension 'colcon_pkg'
[2.363s] Level 1:colcon.colcon_core.package_identification:_identify(twoHundred/fourWay/FIS) by extensions ['colcon_meta']
[2.363s] Level 1:colcon.colcon_core.package_identification:_identify(twoHundred/fourWay/FIS) by extension 'colcon_meta'
[2.363s] Level 1:colcon.colcon_core.package_identification:_identify(twoHundred/fourWay/FIS) by extensions ['ros']
[2.363s] Level 1:colcon.colcon_core.package_identification:_identify(twoHundred/fourWay/FIS) by extension 'ros'
[2.363s] Level 1:colcon.colcon_core.package_identification:_identify(twoHundred/fourWay/FIS) by extensions ['cmake', 'python']
[2.363s] Level 1:colcon.colcon_core.package_identification:_identify(twoHundred/fourWay/FIS) by extension 'cmake'
[2.363s] Level 1:colcon.colcon_core.package_identification:_identify(twoHundred/fourWay/FIS) by extension 'python'
[2.363s] Level 1:colcon.colcon_core.package_identification:_identify(twoHundred/fourWay/FIS) by extensions ['python_setup_py']
[2.364s] Level 1:colcon.colcon_core.package_identification:_identify(twoHundred/fourWay/FIS) by extension 'python_setup_py'
[2.364s] Level 1:colcon.colcon_core.package_identification:_identify(twoHundred/fourWay/SpdDst) by extensions ['ignore', 'ignore_ament_install']
[2.364s] Level 1:colcon.colcon_core.package_identification:_identify(twoHundred/fourWay/SpdDst) by extension 'ignore'
[2.364s] Level 1:colcon.colcon_core.package_identification:_identify(twoHundred/fourWay/SpdDst) by extension 'ignore_ament_install'
[2.364s] Level 1:colcon.colcon_core.package_identification:_identify(twoHundred/fourWay/SpdDst) by extensions ['colcon_pkg']
[2.364s] Level 1:colcon.colcon_core.package_identification:_identify(twoHundred/fourWay/SpdDst) by extension 'colcon_pkg'
[2.364s] Level 1:colcon.colcon_core.package_identification:_identify(twoHundred/fourWay/SpdDst) by extensions ['colcon_meta']
[2.364s] Level 1:colcon.colcon_core.package_identification:_identify(twoHundred/fourWay/SpdDst) by extension 'colcon_meta'
[2.364s] Level 1:colcon.colcon_core.package_identification:_identify(twoHundred/fourWay/SpdDst) by extensions ['ros']
[2.364s] Level 1:colcon.colcon_core.package_identification:_identify(twoHundred/fourWay/SpdDst) by extension 'ros'
[2.364s] Level 1:colcon.colcon_core.package_identification:_identify(twoHundred/fourWay/SpdDst) by extensions ['cmake', 'python']
[2.364s] Level 1:colcon.colcon_core.package_identification:_identify(twoHundred/fourWay/SpdDst) by extension 'cmake'
[2.364s] Level 1:colcon.colcon_core.package_identification:_identify(twoHundred/fourWay/SpdDst) by extension 'python'
[2.364s] Level 1:colcon.colcon_core.package_identification:_identify(twoHundred/fourWay/SpdDst) by extensions ['python_setup_py']
[2.364s] Level 1:colcon.colcon_core.package_identification:_identify(twoHundred/fourWay/SpdDst) by extension 'python_setup_py'
[2.364s] Level 1:colcon.colcon_core.package_identification:_identify(twoHundred/fourWay/Static) by extensions ['ignore', 'ignore_ament_install']
[2.364s] Level 1:colcon.colcon_core.package_identification:_identify(twoHundred/fourWay/Static) by extension 'ignore'
[2.364s] Level 1:colcon.colcon_core.package_identification:_identify(twoHundred/fourWay/Static) by extension 'ignore_ament_install'
[2.364s] Level 1:colcon.colcon_core.package_identification:_identify(twoHundred/fourWay/Static) by extensions ['colcon_pkg']
[2.364s] Level 1:colcon.colcon_core.package_identification:_identify(twoHundred/fourWay/Static) by extension 'colcon_pkg'
[2.364s] Level 1:colcon.colcon_core.package_identification:_identify(twoHundred/fourWay/Static) by extensions ['colcon_meta']
[2.364s] Level 1:colcon.colcon_core.package_identification:_identify(twoHundred/fourWay/Static) by extension 'colcon_meta'
[2.364s] Level 1:colcon.colcon_core.package_identification:_identify(twoHundred/fourWay/Static) by extensions ['ros']
[2.364s] Level 1:colcon.colcon_core.package_identification:_identify(twoHundred/fourWay/Static) by extension 'ros'
[2.364s] Level 1:colcon.colcon_core.package_identification:_identify(twoHundred/fourWay/Static) by extensions ['cmake', 'python']
[2.364s] Level 1:colcon.colcon_core.package_identification:_identify(twoHundred/fourWay/Static) by extension 'cmake'
[2.365s] Level 1:colcon.colcon_core.package_identification:_identify(twoHundred/fourWay/Static) by extension 'python'
[2.365s] Level 1:colcon.colcon_core.package_identification:_identify(twoHundred/fourWay/Static) by extensions ['python_setup_py']
[2.365s] Level 1:colcon.colcon_core.package_identification:_identify(twoHundred/fourWay/Static) by extension 'python_setup_py'
[2.365s] Level 1:colcon.colcon_core.package_identification:_identify(twoHundred/twoWay) by extensions ['ignore', 'ignore_ament_install']
[2.365s] Level 1:colcon.colcon_core.package_identification:_identify(twoHundred/twoWay) by extension 'ignore'
[2.365s] Level 1:colcon.colcon_core.package_identification:_identify(twoHundred/twoWay) by extension 'ignore_ament_install'
[2.365s] Level 1:colcon.colcon_core.package_identification:_identify(twoHundred/twoWay) by extensions ['colcon_pkg']
[2.365s] Level 1:colcon.colcon_core.package_identification:_identify(twoHundred/twoWay) by extension 'colcon_pkg'
[2.365s] Level 1:colcon.colcon_core.package_identification:_identify(twoHundred/twoWay) by extensions ['colcon_meta']
[2.365s] Level 1:colcon.colcon_core.package_identification:_identify(twoHundred/twoWay) by extension 'colcon_meta'
[2.365s] Level 1:colcon.colcon_core.package_identification:_identify(twoHundred/twoWay) by extensions ['ros']
[2.365s] Level 1:colcon.colcon_core.package_identification:_identify(twoHundred/twoWay) by extension 'ros'
[2.365s] Level 1:colcon.colcon_core.package_identification:_identify(twoHundred/twoWay) by extensions ['cmake', 'python']
[2.365s] Level 1:colcon.colcon_core.package_identification:_identify(twoHundred/twoWay) by extension 'cmake'
[2.365s] Level 1:colcon.colcon_core.package_identification:_identify(twoHundred/twoWay) by extension 'python'
[2.365s] Level 1:colcon.colcon_core.package_identification:_identify(twoHundred/twoWay) by extensions ['python_setup_py']
[2.365s] Level 1:colcon.colcon_core.package_identification:_identify(twoHundred/twoWay) by extension 'python_setup_py'
[2.365s] Level 1:colcon.colcon_core.package_identification:_identify(twoHundred/twoWay/FIS) by extensions ['ignore', 'ignore_ament_install']
[2.365s] Level 1:colcon.colcon_core.package_identification:_identify(twoHundred/twoWay/FIS) by extension 'ignore'
[2.365s] Level 1:colcon.colcon_core.package_identification:_identify(twoHundred/twoWay/FIS) by extension 'ignore_ament_install'
[2.365s] Level 1:colcon.colcon_core.package_identification:_identify(twoHundred/twoWay/FIS) by extensions ['colcon_pkg']
[2.365s] Level 1:colcon.colcon_core.package_identification:_identify(twoHundred/twoWay/FIS) by extension 'colcon_pkg'
[2.365s] Level 1:colcon.colcon_core.package_identification:_identify(twoHundred/twoWay/FIS) by extensions ['colcon_meta']
[2.365s] Level 1:colcon.colcon_core.package_identification:_identify(twoHundred/twoWay/FIS) by extension 'colcon_meta'
[2.365s] Level 1:colcon.colcon_core.package_identification:_identify(twoHundred/twoWay/FIS) by extensions ['ros']
[2.365s] Level 1:colcon.colcon_core.package_identification:_identify(twoHundred/twoWay/FIS) by extension 'ros'
[2.366s] Level 1:colcon.colcon_core.package_identification:_identify(twoHundred/twoWay/FIS) by extensions ['cmake', 'python']
[2.366s] Level 1:colcon.colcon_core.package_identification:_identify(twoHundred/twoWay/FIS) by extension 'cmake'
[2.366s] Level 1:colcon.colcon_core.package_identification:_identify(twoHundred/twoWay/FIS) by extension 'python'
[2.366s] Level 1:colcon.colcon_core.package_identification:_identify(twoHundred/twoWay/FIS) by extensions ['python_setup_py']
[2.366s] Level 1:colcon.colcon_core.package_identification:_identify(twoHundred/twoWay/FIS) by extension 'python_setup_py'
[2.366s] Level 1:colcon.colcon_core.package_identification:_identify(twoHundred/twoWay/SouthNorth) by extensions ['ignore', 'ignore_ament_install']
[2.366s] Level 1:colcon.colcon_core.package_identification:_identify(twoHundred/twoWay/SouthNorth) by extension 'ignore'
[2.366s] Level 1:colcon.colcon_core.package_identification:_identify(twoHundred/twoWay/SouthNorth) by extension 'ignore_ament_install'
[2.366s] Level 1:colcon.colcon_core.package_identification:_identify(twoHundred/twoWay/SouthNorth) by extensions ['colcon_pkg']
[2.366s] Level 1:colcon.colcon_core.package_identification:_identify(twoHundred/twoWay/SouthNorth) by extension 'colcon_pkg'
[2.366s] Level 1:colcon.colcon_core.package_identification:_identify(twoHundred/twoWay/SouthNorth) by extensions ['colcon_meta']
[2.366s] Level 1:colcon.colcon_core.package_identification:_identify(twoHundred/twoWay/SouthNorth) by extension 'colcon_meta'
[2.366s] Level 1:colcon.colcon_core.package_identification:_identify(twoHundred/twoWay/SouthNorth) by extensions ['ros']
[2.366s] Level 1:colcon.colcon_core.package_identification:_identify(twoHundred/twoWay/SouthNorth) by extension 'ros'
[2.366s] Level 1:colcon.colcon_core.package_identification:_identify(twoHundred/twoWay/SouthNorth) by extensions ['cmake', 'python']
[2.366s] Level 1:colcon.colcon_core.package_identification:_identify(twoHundred/twoWay/SouthNorth) by extension 'cmake'
[2.366s] Level 1:colcon.colcon_core.package_identification:_identify(twoHundred/twoWay/SouthNorth) by extension 'python'
[2.366s] Level 1:colcon.colcon_core.package_identification:_identify(twoHundred/twoWay/SouthNorth) by extensions ['python_setup_py']
[2.366s] Level 1:colcon.colcon_core.package_identification:_identify(twoHundred/twoWay/SouthNorth) by extension 'python_setup_py'
[2.366s] Level 1:colcon.colcon_core.package_identification:_identify(twoHundred/twoWay/SouthNorth/FIS) by extensions ['ignore', 'ignore_ament_install']
[2.366s] Level 1:colcon.colcon_core.package_identification:_identify(twoHundred/twoWay/SouthNorth/FIS) by extension 'ignore'
[2.366s] Level 1:colcon.colcon_core.package_identification:_identify(twoHundred/twoWay/SouthNorth/FIS) by extension 'ignore_ament_install'
[2.366s] Level 1:colcon.colcon_core.package_identification:_identify(twoHundred/twoWay/SouthNorth/FIS) by extensions ['colcon_pkg']
[2.366s] Level 1:colcon.colcon_core.package_identification:_identify(twoHundred/twoWay/SouthNorth/FIS) by extension 'colcon_pkg'
[2.366s] Level 1:colcon.colcon_core.package_identification:_identify(twoHundred/twoWay/SouthNorth/FIS) by extensions ['colcon_meta']
[2.366s] Level 1:colcon.colcon_core.package_identification:_identify(twoHundred/twoWay/SouthNorth/FIS) by extension 'colcon_meta'
[2.366s] Level 1:colcon.colcon_core.package_identification:_identify(twoHundred/twoWay/SouthNorth/FIS) by extensions ['ros']
[2.367s] Level 1:colcon.colcon_core.package_identification:_identify(twoHundred/twoWay/SouthNorth/FIS) by extension 'ros'
[2.367s] Level 1:colcon.colcon_core.package_identification:_identify(twoHundred/twoWay/SouthNorth/FIS) by extensions ['cmake', 'python']
[2.367s] Level 1:colcon.colcon_core.package_identification:_identify(twoHundred/twoWay/SouthNorth/FIS) by extension 'cmake'
[2.367s] Level 1:colcon.colcon_core.package_identification:_identify(twoHundred/twoWay/SouthNorth/FIS) by extension 'python'
[2.367s] Level 1:colcon.colcon_core.package_identification:_identify(twoHundred/twoWay/SouthNorth/FIS) by extensions ['python_setup_py']
[2.367s] Level 1:colcon.colcon_core.package_identification:_identify(twoHundred/twoWay/SouthNorth/FIS) by extension 'python_setup_py'
[2.367s] Level 1:colcon.colcon_core.package_identification:_identify(twoHundred/twoWay/SouthNorth/SpdDst) by extensions ['ignore', 'ignore_ament_install']
[2.367s] Level 1:colcon.colcon_core.package_identification:_identify(twoHundred/twoWay/SouthNorth/SpdDst) by extension 'ignore'
[2.367s] Level 1:colcon.colcon_core.package_identification:_identify(twoHundred/twoWay/SouthNorth/SpdDst) by extension 'ignore_ament_install'
[2.367s] Level 1:colcon.colcon_core.package_identification:_identify(twoHundred/twoWay/SouthNorth/SpdDst) by extensions ['colcon_pkg']
[2.367s] Level 1:colcon.colcon_core.package_identification:_identify(twoHundred/twoWay/SouthNorth/SpdDst) by extension 'colcon_pkg'
[2.367s] Level 1:colcon.colcon_core.package_identification:_identify(twoHundred/twoWay/SouthNorth/SpdDst) by extensions ['colcon_meta']
[2.367s] Level 1:colcon.colcon_core.package_identification:_identify(twoHundred/twoWay/SouthNorth/SpdDst) by extension 'colcon_meta'
[2.367s] Level 1:colcon.colcon_core.package_identification:_identify(twoHundred/twoWay/SouthNorth/SpdDst) by extensions ['ros']
[2.367s] Level 1:colcon.colcon_core.package_identification:_identify(twoHundred/twoWay/SouthNorth/SpdDst) by extension 'ros'
[2.367s] Level 1:colcon.colcon_core.package_identification:_identify(twoHundred/twoWay/SouthNorth/SpdDst) by extensions ['cmake', 'python']
[2.367s] Level 1:colcon.colcon_core.package_identification:_identify(twoHundred/twoWay/SouthNorth/SpdDst) by extension 'cmake'
[2.367s] Level 1:colcon.colcon_core.package_identification:_identify(twoHundred/twoWay/SouthNorth/SpdDst) by extension 'python'
[2.367s] Level 1:colcon.colcon_core.package_identification:_identify(twoHundred/twoWay/SouthNorth/SpdDst) by extensions ['python_setup_py']
[2.367s] Level 1:colcon.colcon_core.package_identification:_identify(twoHundred/twoWay/SouthNorth/SpdDst) by extension 'python_setup_py'
[2.367s] Level 1:colcon.colcon_core.package_identification:_identify(twoHundred/twoWay/SouthNorth/Static) by extensions ['ignore', 'ignore_ament_install']
[2.367s] Level 1:colcon.colcon_core.package_identification:_identify(twoHundred/twoWay/SouthNorth/Static) by extension 'ignore'
[2.367s] Level 1:colcon.colcon_core.package_identification:_identify(twoHundred/twoWay/SouthNorth/Static) by extension 'ignore_ament_install'
[2.367s] Level 1:colcon.colcon_core.package_identification:_identify(twoHundred/twoWay/SouthNorth/Static) by extensions ['colcon_pkg']
[2.367s] Level 1:colcon.colcon_core.package_identification:_identify(twoHundred/twoWay/SouthNorth/Static) by extension 'colcon_pkg'
[2.368s] Level 1:colcon.colcon_core.package_identification:_identify(twoHundred/twoWay/SouthNorth/Static) by extensions ['colcon_meta']
[2.368s] Level 1:colcon.colcon_core.package_identification:_identify(twoHundred/twoWay/SouthNorth/Static) by extension 'colcon_meta'
[2.368s] Level 1:colcon.colcon_core.package_identification:_identify(twoHundred/twoWay/SouthNorth/Static) by extensions ['ros']
[2.368s] Level 1:colcon.colcon_core.package_identification:_identify(twoHundred/twoWay/SouthNorth/Static) by extension 'ros'
[2.368s] Level 1:colcon.colcon_core.package_identification:_identify(twoHundred/twoWay/SouthNorth/Static) by extensions ['cmake', 'python']
[2.368s] Level 1:colcon.colcon_core.package_identification:_identify(twoHundred/twoWay/SouthNorth/Static) by extension 'cmake'
[2.368s] Level 1:colcon.colcon_core.package_identification:_identify(twoHundred/twoWay/SouthNorth/Static) by extension 'python'
[2.368s] Level 1:colcon.colcon_core.package_identification:_identify(twoHundred/twoWay/SouthNorth/Static) by extensions ['python_setup_py']
[2.368s] Level 1:colcon.colcon_core.package_identification:_identify(twoHundred/twoWay/SouthNorth/Static) by extension 'python_setup_py'
[2.368s] Level 1:colcon.colcon_core.package_identification:_identify(twoHundred/twoWay/SpdDst) by extensions ['ignore', 'ignore_ament_install']
[2.368s] Level 1:colcon.colcon_core.package_identification:_identify(twoHundred/twoWay/SpdDst) by extension 'ignore'
[2.368s] Level 1:colcon.colcon_core.package_identification:_identify(twoHundred/twoWay/SpdDst) by extension 'ignore_ament_install'
[2.368s] Level 1:colcon.colcon_core.package_identification:_identify(twoHundred/twoWay/SpdDst) by extensions ['colcon_pkg']
[2.368s] Level 1:colcon.colcon_core.package_identification:_identify(twoHundred/twoWay/SpdDst) by extension 'colcon_pkg'
[2.368s] Level 1:colcon.colcon_core.package_identification:_identify(twoHundred/twoWay/SpdDst) by extensions ['colcon_meta']
[2.368s] Level 1:colcon.colcon_core.package_identification:_identify(twoHundred/twoWay/SpdDst) by extension 'colcon_meta'
[2.368s] Level 1:colcon.colcon_core.package_identification:_identify(twoHundred/twoWay/SpdDst) by extensions ['ros']
[2.368s] Level 1:colcon.colcon_core.package_identification:_identify(twoHundred/twoWay/SpdDst) by extension 'ros'
[2.368s] Level 1:colcon.colcon_core.package_identification:_identify(twoHundred/twoWay/SpdDst) by extensions ['cmake', 'python']
[2.368s] Level 1:colcon.colcon_core.package_identification:_identify(twoHundred/twoWay/SpdDst) by extension 'cmake'
[2.368s] Level 1:colcon.colcon_core.package_identification:_identify(twoHundred/twoWay/SpdDst) by extension 'python'
[2.368s] Level 1:colcon.colcon_core.package_identification:_identify(twoHundred/twoWay/SpdDst) by extensions ['python_setup_py']
[2.368s] Level 1:colcon.colcon_core.package_identification:_identify(twoHundred/twoWay/SpdDst) by extension 'python_setup_py'
[2.368s] Level 1:colcon.colcon_core.package_identification:_identify(twoHundred/twoWay/Static) by extensions ['ignore', 'ignore_ament_install']
[2.368s] Level 1:colcon.colcon_core.package_identification:_identify(twoHundred/twoWay/Static) by extension 'ignore'
[2.368s] Level 1:colcon.colcon_core.package_identification:_identify(twoHundred/twoWay/Static) by extension 'ignore_ament_install'
[2.369s] Level 1:colcon.colcon_core.package_identification:_identify(twoHundred/twoWay/Static) by extensions ['colcon_pkg']
[2.369s] Level 1:colcon.colcon_core.package_identification:_identify(twoHundred/twoWay/Static) by extension 'colcon_pkg'
[2.369s] Level 1:colcon.colcon_core.package_identification:_identify(twoHundred/twoWay/Static) by extensions ['colcon_meta']
[2.369s] Level 1:colcon.colcon_core.package_identification:_identify(twoHundred/twoWay/Static) by extension 'colcon_meta'
[2.369s] Level 1:colcon.colcon_core.package_identification:_identify(twoHundred/twoWay/Static) by extensions ['ros']
[2.369s] Level 1:colcon.colcon_core.package_identification:_identify(twoHundred/twoWay/Static) by extension 'ros'
[2.369s] Level 1:colcon.colcon_core.package_identification:_identify(twoHundred/twoWay/Static) by extensions ['cmake', 'python']
[2.369s] Level 1:colcon.colcon_core.package_identification:_identify(twoHundred/twoWay/Static) by extension 'cmake'
[2.369s] Level 1:colcon.colcon_core.package_identification:_identify(twoHundred/twoWay/Static) by extension 'python'
[2.369s] Level 1:colcon.colcon_core.package_identification:_identify(twoHundred/twoWay/Static) by extensions ['python_setup_py']
[2.369s] Level 1:colcon.colcon_core.package_identification:_identify(twoHundred/twoWay/Static) by extension 'python_setup_py'
[2.369s] Level 1:colcon.colcon_core.package_discovery:discover_packages(recursive) using defaults
[2.369s] Level 1:colcon.colcon_core.package_discovery:discover_packages(ignore) discover
[2.369s] Level 1:colcon.colcon_core.package_discovery:discover_packages(ignore) using defaults
[2.369s] Level 1:colcon.colcon_core.package_discovery:discover_packages(path) discover
[2.369s] Level 1:colcon.colcon_core.package_discovery:discover_packages(path) using defaults
[2.491s] INFO:colcon.colcon_core.package_selection:Skipping not selected package 'dsrcmsg' in 'src/dsrcmsg'
[2.491s] INFO:colcon.colcon_core.package_selection:Skipping not selected package 'trafficrecord' in 'src/trafficrecord'
[2.491s] INFO:colcon.colcon_core.package_selection:Skipping not selected package 'cim' in 'src/cim'
[2.491s] INFO:colcon.colcon_core.package_selection:Skipping not selected package 'reactivemethods' in 'src/reactivemethods'
[2.565s] Level 1:colcon.colcon_core.package_discovery:discover_packages(prefix_path) check parameters
[2.565s] Level 1:colcon.colcon_core.package_discovery:discover_packages(prefix_path) discover
[2.647s] DEBUG:colcon.colcon_installed_package_information.package_discovery:Found 5 installed packages in /home/babangida/ros_ws/install
[2.683s] DEBUG:colcon.colcon_installed_package_information.package_discovery:Found 289 installed packages in /opt/ros/foxy
[2.684s] Level 1:colcon.colcon_core.package_discovery:discover_packages(prefix_path) using defaults
[2.822s] Level 5:colcon.colcon_core.verb:set package 'onecim' build argument 'cmake_args' from command line to 'None'
[2.822s] Level 5:colcon.colcon_core.verb:set package 'onecim' build argument 'cmake_target' from command line to 'None'
[2.822s] Level 5:colcon.colcon_core.verb:set package 'onecim' build argument 'cmake_target_skip_unavailable' from command line to 'False'
[2.822s] Level 5:colcon.colcon_core.verb:set package 'onecim' build argument 'cmake_clean_cache' from command line to 'False'
[2.822s] Level 5:colcon.colcon_core.verb:set package 'onecim' build argument 'cmake_clean_first' from command line to 'False'
[2.822s] Level 5:colcon.colcon_core.verb:set package 'onecim' build argument 'cmake_force_configure' from command line to 'False'
[2.822s] Level 5:colcon.colcon_core.verb:set package 'onecim' build argument 'ament_cmake_args' from command line to 'None'
[2.822s] Level 5:colcon.colcon_core.verb:set package 'onecim' build argument 'catkin_cmake_args' from command line to 'None'
[2.822s] Level 5:colcon.colcon_core.verb:set package 'onecim' build argument 'catkin_skip_building_tests' from command line to 'False'
[2.822s] DEBUG:colcon.colcon_core.verb:Building package 'onecim' with the following arguments: {'ament_cmake_args': None, 'build_base': '/home/babangida/ros_ws/build/onecim', 'catkin_cmake_args': None, 'catkin_skip_building_tests': False, 'cmake_args': None, 'cmake_clean_cache': False, 'cmake_clean_first': False, 'cmake_force_configure': False, 'cmake_target': None, 'cmake_target_skip_unavailable': False, 'install_base': '/home/babangida/ros_ws/install/onecim', 'merge_install': False, 'path': '/home/babangida/ros_ws/src/onecim', 'symlink_install': True, 'test_result_base': None}
[2.859s] INFO:colcon.colcon_core.executor:Executing jobs using 'parallel' executor
[2.893s] DEBUG:colcon.colcon_parallel_executor.executor.parallel:run_until_complete
[2.894s] INFO:colcon.colcon_ros.task.ament_python.build:Building ROS package in '/home/babangida/ros_ws/src/onecim' with build type 'ament_python'
[2.894s] Level 1:colcon.colcon_core.shell:create_environment_hook('onecim', 'ament_prefix_path')
[2.933s] INFO:colcon.colcon_core.plugin_system:Skipping extension 'colcon_core.shell.bat': Not used on non-Windows systems
[2.933s] INFO:colcon.colcon_core.shell:Creating environment hook '/home/babangida/ros_ws/install/onecim/share/onecim/hook/ament_prefix_path.ps1'
[2.933s] INFO:colcon.colcon_core.shell:Creating environment descriptor '/home/babangida/ros_ws/install/onecim/share/onecim/hook/ament_prefix_path.dsv'
[2.934s] INFO:colcon.colcon_core.shell:Creating environment hook '/home/babangida/ros_ws/install/onecim/share/onecim/hook/ament_prefix_path.sh'
[2.981s] INFO:colcon.colcon_core.shell:Skip shell extension 'powershell' for command environment: Not usable outside of PowerShell
[2.981s] DEBUG:colcon.colcon_core.shell:Skip shell extension 'dsv' for command environment
[3.561s] INFO:colcon.colcon_core.task.python.build:Building Python package in '/home/babangida/ros_ws/src/onecim'
[3.604s] INFO:colcon.colcon_core.shell:Skip shell extension 'powershell' for command environment: Not usable outside of PowerShell
[3.604s] DEBUG:colcon.colcon_core.shell:Skip shell extension 'dsv' for command environment
[4.449s] DEBUG:colcon.colcon_core.event_handler.log_command:Invoking command in '/home/babangida/ros_ws/build/onecim': PYTHONPATH=/home/babangida/ros_ws/build/onecim/prefix_override:/home/babangida/ros_ws/install/onecim/lib/python3.8/site-packages:/home/babangida/ros_ws/install/trafficrecord/lib/python3.8/site-packages:/home/babangida/ros_ws/install/dsrcmsg/lib/python3.8/site-packages:/home/babangida/ros_ws/build/onecim:/home/babangida/ros_ws/install/onecim/lib/python3.8/site-packages:/home/babangida/ros_ws/install/cim/lib/python3.8/site-packages:/home/babangida/ros_ws/build/reactivemethods:/home/babangida/ros_ws/install/reactivemethods/lib/python3.8/site-packages:/opt/ros/foxy/lib/python3.8/site-packages /usr/bin/python3 setup.py develop --editable --build-directory /home/babangida/ros_ws/build/onecim/build --no-deps install_data
[4.847s] Level 1:colcon.colcon_core.shell:create_environment_hook('onecim', 'pythonpath_develop')
[4.848s] DEBUG:colcon.colcon_core.event_handler.log_command:Invoked command in '/home/babangida/ros_ws/build/onecim' returned '0': PYTHONPATH=/home/babangida/ros_ws/build/onecim/prefix_override:/home/babangida/ros_ws/install/onecim/lib/python3.8/site-packages:/home/babangida/ros_ws/install/trafficrecord/lib/python3.8/site-packages:/home/babangida/ros_ws/install/dsrcmsg/lib/python3.8/site-packages:/home/babangida/ros_ws/build/onecim:/home/babangida/ros_ws/install/onecim/lib/python3.8/site-packages:/home/babangida/ros_ws/install/cim/lib/python3.8/site-packages:/home/babangida/ros_ws/build/reactivemethods:/home/babangida/ros_ws/install/reactivemethods/lib/python3.8/site-packages:/opt/ros/foxy/lib/python3.8/site-packages /usr/bin/python3 setup.py develop --editable --build-directory /home/babangida/ros_ws/build/onecim/build --no-deps install_data
[4.891s] INFO:colcon.colcon_core.shell:Creating environment hook '/home/babangida/ros_ws/build/onecim/share/onecim/hook/pythonpath_develop.ps1'
[4.892s] INFO:colcon.colcon_core.shell:Creating environment descriptor '/home/babangida/ros_ws/build/onecim/share/onecim/hook/pythonpath_develop.dsv'
[4.892s] INFO:colcon.colcon_core.shell:Creating environment hook '/home/babangida/ros_ws/build/onecim/share/onecim/hook/pythonpath_develop.sh'
[4.932s] Level 1:colcon.colcon_core.environment:checking '/home/babangida/ros_ws/install/onecim' for CMake module files
[4.933s] Level 1:colcon.colcon_core.environment:checking '/home/babangida/ros_ws/install/onecim' for CMake config files
[4.933s] Level 1:colcon.colcon_core.environment:checking '/home/babangida/ros_ws/install/onecim/lib'
[4.933s] Level 1:colcon.colcon_core.environment:checking '/home/babangida/ros_ws/install/onecim/bin'
[4.933s] Level 1:colcon.colcon_core.environment:checking '/home/babangida/ros_ws/install/onecim/lib/pkgconfig/onecim.pc'
[4.934s] Level 1:colcon.colcon_core.environment:checking '/home/babangida/ros_ws/install/onecim/lib/python3.8/site-packages'
[4.934s] Level 1:colcon.colcon_core.shell:create_environment_hook('onecim', 'pythonpath')
[4.972s] INFO:colcon.colcon_core.shell:Creating environment hook '/home/babangida/ros_ws/install/onecim/share/onecim/hook/pythonpath.ps1'
[4.972s] INFO:colcon.colcon_core.shell:Creating environment descriptor '/home/babangida/ros_ws/install/onecim/share/onecim/hook/pythonpath.dsv'
[4.973s] INFO:colcon.colcon_core.shell:Creating environment hook '/home/babangida/ros_ws/install/onecim/share/onecim/hook/pythonpath.sh'
[4.973s] Level 1:colcon.colcon_core.environment:checking '/home/babangida/ros_ws/install/onecim/bin'
[4.973s] Level 1:colcon.colcon_core.environment:create_environment_scripts_only(onecim)
[5.009s] INFO:colcon.colcon_core.shell:Creating package script '/home/babangida/ros_ws/install/onecim/share/onecim/package.ps1'
[5.009s] INFO:colcon.colcon_core.shell:Creating package descriptor '/home/babangida/ros_ws/install/onecim/share/onecim/package.dsv'
[5.010s] INFO:colcon.colcon_core.shell:Creating package script '/home/babangida/ros_ws/install/onecim/share/onecim/package.sh'
[5.010s] INFO:colcon.colcon_core.shell:Creating package script '/home/babangida/ros_ws/install/onecim/share/onecim/package.bash'
[5.011s] INFO:colcon.colcon_core.shell:Creating package script '/home/babangida/ros_ws/install/onecim/share/onecim/package.zsh'
[5.011s] Level 1:colcon.colcon_core.environment:create_file_with_runtime_dependencies(/home/babangida/ros_ws/install/onecim/share/colcon-core/packages/onecim)
[5.012s] DEBUG:colcon.colcon_parallel_executor.executor.parallel:closing loop
[5.012s] DEBUG:colcon.colcon_parallel_executor.executor.parallel:loop closed
[5.012s] DEBUG:colcon.colcon_parallel_executor.executor.parallel:run_until_complete finished with '0'
[5.012s] DEBUG:colcon.colcon_core.event_reactor:joining thread
[5.109s] INFO:colcon.colcon_core.plugin_system:Skipping extension 'colcon_notification.desktop_notification.notify_send': Could not find 'notify-send'
[5.109s] INFO:colcon.colcon_core.plugin_system:Skipping extension 'colcon_notification.desktop_notification.terminal_notifier': Not used on non-Darwin systems
[5.109s] INFO:colcon.colcon_core.plugin_system:Skipping extension 'colcon_notification.desktop_notification.win32': Not used on non-Windows systems
[5.109s] INFO:colcon.colcon_notification.desktop_notification:Sending desktop notification using 'notify2'
[5.109s] DEBUG:colcon.colcon_notification.desktop_notification.notify2:Failed to initialize notify2: org.freedesktop.DBus.Error.FileNotFound: Failed to connect to socket /run/user/1000/bus: No such file or directory
[5.109s] DEBUG:colcon.colcon_core.event_reactor:joined thread
[5.147s] INFO:colcon.colcon_core.shell:Creating prefix script '/home/babangida/ros_ws/install/local_setup.ps1'
[5.147s] INFO:colcon.colcon_core.shell:Creating prefix util module '/home/babangida/ros_ws/install/_local_setup_util_ps1.py'
[5.148s] INFO:colcon.colcon_core.shell:Creating prefix chain script '/home/babangida/ros_ws/install/setup.ps1'
[5.185s] INFO:colcon.colcon_core.shell:Creating prefix script '/home/babangida/ros_ws/install/local_setup.sh'
[5.185s] INFO:colcon.colcon_core.shell:Creating prefix util module '/home/babangida/ros_ws/install/_local_setup_util_sh.py'
[5.186s] INFO:colcon.colcon_core.shell:Creating prefix chain script '/home/babangida/ros_ws/install/setup.sh'
[5.223s] INFO:colcon.colcon_core.shell:Creating prefix script '/home/babangida/ros_ws/install/local_setup.bash'
[5.223s] INFO:colcon.colcon_core.shell:Creating prefix chain script '/home/babangida/ros_ws/install/setup.bash'
[5.262s] INFO:colcon.colcon_core.shell:Creating prefix script '/home/babangida/ros_ws/install/local_setup.zsh'
[5.262s] INFO:colcon.colcon_core.shell:Creating prefix chain script '/home/babangida/ros_ws/install/setup.zsh'
