,starttime,endtime
0,1709197671.1606987,1709197671.1607263
1,1709197671.162393,1709197671.162403
2,1709197671.222669,1709197671.2226853
3,1709197671.3279042,1709197671.327921
4,1709197671.4254558,1709197671.4255154
5,1709197671.5218594,1709197671.5218768
6,1709197671.6218338,1709197671.6218464
7,1709197671.7244906,1709197671.7245054
8,1709197671.8305721,1709197671.8305876
9,1709197671.9224565,1709197671.9224718
10,1709197672.0220752,1709197672.0221632
11,1709197672.126261,1709197672.1262765
12,1709197672.2224953,1709197672.2225091
13,1709197672.33607,1709197672.3360865
14,1709197672.423651,1709197672.4236672
15,1709197672.53167,1709197672.531687
16,1709197672.6221714,1709197672.622189
17,1709197672.7311985,1709197672.7312167
18,1709197672.8265717,1709197672.8265886
19,1709197672.9222064,1709197672.9222252
20,1709197673.037071,1709197673.0370884
21,1709197673.1247141,1709197673.1247292
22,1709197673.228251,1709197673.2282667
23,1709197673.3282635,1709197673.32828
24,1709197673.4223804,1709197673.4223928
25,1709197673.522743,1709197673.5227568
26,1709197673.6299646,1709197673.6299796
27,1709197673.7280955,1709197673.7281094
28,1709197673.8286035,1709197673.82862
29,1709197673.9256895,1709197673.9257054
30,1709197674.0217133,1709197674.0217257
31,1709197674.1285152,1709197674.1285276
32,1709197674.2312615,1709197674.2312784
33,1709197674.3304088,1709197674.3304265
34,1709197674.4235616,1709197674.423578
35,1709197674.5339386,1709197674.5339546
36,1709197674.6285813,1709197674.6286118
37,1709197674.7311106,1709197674.7311246
38,1709197674.8251863,1709197674.82524
39,1709197674.9299831,1709197674.9299984
40,1709197675.0280757,1709197675.0281801
41,1709197675.1308482,1709197675.1308653
42,1709197675.2214644,1709197675.2214801
43,1709197675.3262339,1709197675.32625
44,1709197675.4279103,1709197675.4279273
45,1709197675.5266285,1709197675.5266478
46,1709197675.6241643,1709197675.6241772
47,1709197675.730838,1709197675.734151
48,1709197675.8443274,1709197675.8505514
49,1709197675.9367957,1709197675.9405797
50,1709197676.0268843,1709197676.030321
51,1709197676.12332,1709197676.126598
52,1709197676.2331426,1709197676.2364078
53,1709197676.3332646,1709197676.336753
54,1709197676.4264543,1709197676.431584
55,1709197676.535228,1709197676.538899
56,1709197676.6233826,1709197676.6281183
57,1709197676.727432,1709197676.732426
58,1709197676.8261416,1709197676.828569
59,1709197676.9257317,1709197676.9291928
60,1709197677.029084,1709197677.0336185
61,1709197677.1257539,1709197677.1310246
62,1709197677.2335315,1709197677.23874
63,1709197677.551987,1709197677.557085
64,1709197677.5656033,1709197677.5686128
65,1709197677.6273708,1709197677.630694
66,1709197677.7327697,1709197677.7359736
67,1709197677.8232977,1709197677.826474
68,1709197678.348329,1709197678.3516552
69,1709197678.361136,1709197678.370709
70,1709197678.438096,1709197678.441064
71,1709197678.5334628,1709197678.5367353
72,1709197678.628864,1709197678.634036
73,1709197678.7339027,1709197678.7373567
74,1709197678.840767,1709197678.8445532
75,1709197678.9324477,1709197678.9364357
76,1709197679.0247183,1709197679.027827
77,1709197679.1332693,1709197679.1369627
78,1709197679.2222695,1709197679.2251246
79,1709197679.326013,1709197679.3290863
80,1709197679.4266756,1709197679.4307818
81,1709197679.5289502,1709197679.5324855
82,1709197679.6271963,1709197679.6305149
83,1709197679.7272854,1709197679.7342618
84,1709197679.8277304,1709197679.8309684
85,1709197679.93477,1709197679.9390738
86,1709197680.0250978,1709197680.0273566
87,1709197680.1364617,1709197680.141431
88,1709197680.2233582,1709197680.226329
89,1709197680.3244956,1709197680.327569
90,1709197680.4408803,1709197680.443983
91,1709197680.5237398,1709197680.5303204
92,1709197680.6274173,1709197680.630141
93,1709197680.7341783,1709197680.737481
94,1709197680.8322322,1709197680.8359468
95,1709197680.9311242,1709197680.9344573
96,1709197681.0326707,1709197681.0351503
97,1709197681.122081,1709197681.1259217
98,1709197681.2315013,1709197681.2352104
99,1709197681.3224664,1709197681.3270187
100,1709197681.4320436,1709197681.4374838
101,1709197681.5273745,1709197681.5307052
102,1709197681.6302502,1709197681.6339679
103,1709197681.7284918,1709197681.7318866
104,1709197681.8233202,1709197681.826331
105,1709197681.9244194,1709197681.9275517
106,1709197682.0290048,1709197682.0323682
107,1709197682.1343775,1709197682.1384037
108,1709197682.2295618,1709197682.2341504
109,1709197682.3250015,1709197682.3296742
110,1709197682.424387,1709197682.4279833
111,1709197682.527618,1709197682.5308347
112,1709197682.629048,1709197682.6320271
113,1709197682.7244148,1709197682.7284634
114,1709197682.8238227,1709197682.8277762
115,1709197682.9240868,1709197682.927912
116,1709197683.0253747,1709197683.0300431
117,1709197683.1262374,1709197683.132593
118,1709197683.2304962,1709197683.2335508
119,1709197683.3249671,1709197683.3300173
120,1709197683.4295487,1709197683.4340782
121,1709197683.5271358,1709197683.531058
122,1709197683.6248734,1709197683.6282213
123,1709197683.728275,1709197683.7322512
124,1709197683.823331,1709197683.8256671
125,1709197683.9263594,1709197683.9287038
126,1709197684.033007,1709197684.035447
127,1709197684.1323962,1709197684.1356063
128,1709197684.2251313,1709197684.2298532
129,1709197684.3251486,1709197684.3285682
130,1709197684.4481266,1709197684.4517891
131,1709197684.5256062,1709197684.528648
132,1709197684.6309917,1709197684.6343408
133,1709197684.7298038,1709197684.732576
134,1709197684.8326342,1709197684.8352702
135,1709197684.929379,1709197684.9319706
136,1709197685.0298748,1709197685.033838
137,1709197685.1294022,1709197685.1322794
138,1709197685.240484,1709197685.2435071
139,1709197685.326792,1709197685.3306496
140,1709197685.42577,1709197685.4287858
141,1709197685.5225086,1709197685.5265484
142,1709197685.6230547,1709197685.6260505
143,1709197685.7235928,1709197685.7281566
144,1709197685.8336356,1709197685.8369668
145,1709197685.925065,1709197685.9297166
146,1709197686.0246167,1709197686.0284634
147,1709197686.1272357,1709197686.130588
148,1709197686.2315927,1709197686.2357206
149,1709197686.329071,1709197686.332575
150,1709197686.4276597,1709197686.4352298
151,1709197686.5322819,1709197686.5370107
152,1709197686.6263714,1709197686.629869
153,1709197686.7269902,1709197686.7300127
154,1709197686.8300831,1709197686.8339472
155,1709197686.928515,1709197686.9323883
156,1709197687.0250528,1709197687.0280402
157,1709197687.126457,1709197687.1294732
158,1709197687.22374,1709197687.2264783
159,1709197687.3227873,1709197687.3262517
160,1709197687.4264042,1709197687.4298825
161,1709197687.532151,1709197687.5354552
162,1709197687.6243927,1709197687.6275604
163,1709197687.723947,1709197687.7277408
164,1709197687.8253717,1709197687.82963
165,1709197687.929911,1709197687.9333017
166,1709197688.032207,1709197688.0349333
167,1709197688.1321688,1709197688.1356208
168,1709197688.2240572,1709197688.2265103
169,1709197688.328774,1709197688.3329298
170,1709197688.4279065,1709197688.4305968
171,1709197688.52385,1709197688.5268435
172,1709197688.6245427,1709197688.627366
173,1709197688.7245264,1709197688.7275274
174,1709197688.823284,1709197688.8260806
175,1709197688.9249978,1709197688.9287984
176,1709197689.0237238,1709197689.0260692
177,1709197689.1289525,1709197689.131313
178,1709197689.2251403,1709197689.2277038
179,1709197689.338257,1709197689.3414092
180,1709197689.4235964,1709197689.426119
181,1709197689.524038,1709197689.5268378
182,1709197689.622595,1709197689.6259394
183,1709197689.7270036,1709197689.7304683
184,1709197689.8238628,1709197689.8263102
185,1709197689.928524,1709197689.931425
186,1709197690.0284321,1709197690.0307784
187,1709197690.1330092,1709197690.1352098
188,1709197690.2266898,1709197690.2312176
189,1709197690.3220413,1709197690.3245144
190,1709197690.4220839,1709197690.425544
191,1709197690.524541,1709197690.5268037
192,1709197690.6274817,1709197690.629879
193,1709197690.7248785,1709197690.7274737
194,1709197690.833369,1709197690.8361294
195,1709197690.925138,1709197690.9279644
196,1709197691.0247674,1709197691.0273528
197,1709197691.1221433,1709197691.12422
198,1709197691.2265494,1709197691.2288427
199,1709197691.3256156,1709197691.3280451
200,1709197691.425856,1709197691.4275634
201,1709197691.5225968,1709197691.5246475
202,1709197691.6227095,1709197691.6245337
203,1709197691.725961,1709197691.728675
204,1709197691.8245442,1709197691.8272004
205,1709197691.9250617,1709197691.9271808
206,1709197692.021269,1709197692.0230575
207,1709197692.1244428,1709197692.128262
208,1709197692.227173,1709197692.2303736
209,1709197692.3232741,1709197692.3255966
210,1709197692.5100574,1709197692.5124502
211,1709197692.5232549,1709197692.5267358
212,1709197692.627792,1709197692.6300862
213,1709197692.7240446,1709197692.7259681
214,1709197692.8261428,1709197692.8285728
215,1709197692.930319,1709197692.9327543
216,1709197693.0256557,1709197693.0280564
217,1709197693.1291673,1709197693.1314535
218,1709197693.2330608,1709197693.2351756
219,1709197693.3230631,1709197693.3246326
220,1709197693.4229088,1709197693.42455
221,1709197693.5239856,1709197693.5263724
222,1709197693.6250925,1709197693.6281211
223,1709197693.724521,1709197693.727241
224,1709197693.8252409,1709197693.829182
225,1709197693.9217844,1709197693.9242613
226,1709197694.0249507,1709197694.0273583
227,1709197694.1234741,1709197694.1258364
228,1709197694.2219977,1709197694.2245545
229,1709197694.32211,1709197694.3241124
230,1709197694.4275603,1709197694.4322548
231,1709197694.523008,1709197694.5267177
232,1709197694.626525,1709197694.6284611
233,1709197694.7228842,1709197694.7256196
234,1709197694.8237474,1709197694.8265524
235,1709197694.926124,1709197694.9284856
236,1709197695.0215926,1709197695.0239215
237,1709197695.1249385,1709197695.1271923
238,1709197695.2272432,1709197695.2295084
239,1709197695.321921,1709197695.3248873
240,1709197695.4237814,1709197695.4259665
241,1709197695.522478,1709197695.5251322
242,1709197695.639043,1709197695.6425788
243,1709197695.7260888,1709197695.7287495
244,1709197695.8243864,1709197695.827255
245,1709197695.9268327,1709197695.9289749
246,1709197696.024921,1709197696.0273407
247,1709197696.1269524,1709197696.1300309
248,1709197696.2241971,1709197696.2258174
249,1709197696.3242528,1709197696.3267505
250,1709197696.4309714,1709197696.4337983
251,1709197696.5421615,1709197696.5442
252,1709197696.6330898,1709197696.6359282
253,1709197696.7273936,1709197696.730216
254,1709197696.8339267,1709197696.8364685
255,1709197696.923291,1709197696.9254217
256,1709197697.025779,1709197697.0282886
257,1709197697.1211574,1709197697.1236064
258,1709197697.2277682,1709197697.2304502
259,1709197697.3331196,1709197697.334897
260,1709197697.4294631,1709197697.4315083
261,1709197697.5330896,1709197697.5363963
262,1709197697.6256037,1709197697.6280763
263,1709197697.725582,1709197697.7283258
264,1709197697.8260806,1709197697.828514
265,1709197697.9240835,1709197697.926503
266,1709197698.0235405,1709197698.0258954
267,1709197698.122008,1709197698.1243064
268,1709197698.226699,1709197698.2290485
269,1709197698.323196,1709197698.3257961
270,1709197698.4337585,1709197698.4371881
271,1709197698.5264893,1709197698.5264971
272,1709197698.6261,1709197698.6261063
273,1709197698.7258012,1709197698.7258115
274,1709197698.8291273,1709197698.829135
275,1709197698.922939,1709197698.9229457
276,1709197699.0249074,1709197699.024914
277,1709197699.1250677,1709197699.1250744
278,1709197699.2239473,1709197699.2239537
279,1709197699.3254573,1709197699.3254647
280,1709197699.4237413,1709197699.4237485
281,1709197699.523554,1709197699.5235608
282,1709197699.6239216,1709197699.6239285
283,1709197699.729447,1709197699.7294538
284,1709197699.8263423,1709197699.8263488
285,1709197699.9235568,1709197699.9235637
286,1709197700.035842,1709197700.0358484
287,1709197700.1253881,1709197700.125394
288,1709197700.2216752,1709197700.221682
289,1709197700.3235738,1709197700.3235815
290,1709197700.4253376,1709197700.4253442
291,1709197700.5256898,1709197700.5256956
292,1709197700.625333,1709197700.6253426
293,1709197700.730166,1709197700.7301714
294,1709197700.8241496,1709197700.8241565
295,1709197700.933397,1709197700.9334037
296,1709197701.024512,1709197701.0245183
297,1709197701.1259906,1709197701.1259985
298,1709197701.2252655,1709197701.225271
299,1709197701.323926,1709197701.3239346
300,1709197701.4246843,1709197701.4246902
301,1709197701.5238488,1709197701.5238557
302,1709197701.6216116,1709197701.621618
303,1709197701.7238228,1709197701.723828
304,1709197701.8223042,1709197701.822311
305,1709197701.9234896,1709197701.9234962
306,1709197702.0254917,1709197702.0254982
307,1709197702.1269035,1709197702.1269104
308,1709197702.2236512,1709197702.2236578
309,1709197702.3256369,1709197702.325644
310,1709197702.4232292,1709197702.4232366
311,1709197702.5254197,1709197702.5254266
312,1709197702.6243346,1709197702.6243415
313,1709197702.727861,1709197702.7278683
314,1709197702.8267646,1709197702.8267708
315,1709197702.9284673,1709197702.9284747
316,1709197703.0254238,1709197703.0254314
317,1709197703.1293452,1709197703.12936
318,1709197703.222432,1709197703.222439
319,1709197703.3246722,1709197703.3246794
320,1709197703.4219766,1709197703.4219868
321,1709197703.5259469,1709197703.525955
322,1709197703.655286,1709197703.655294
323,1709197703.7325265,1709197703.7325346
324,1709197703.825743,1709197703.8257499
325,1709197703.930999,1709197703.9310057
326,1709197704.0261352,1709197704.0261433
327,1709197704.1235056,1709197704.1235135
328,1709197704.2281935,1709197704.2282004
329,1709197704.3250237,1709197704.3250303
330,1709197704.4283822,1709197704.4283895
331,1709197704.5244842,1709197704.5244994
332,1709197704.6274276,1709197704.6274357
333,1709197704.7309675,1709197704.7309754
334,1709197704.8275337,1709197704.8275409
335,1709197704.9216745,1709197704.9216816
336,1709197705.0243948,1709197705.0244029
337,1709197705.1240182,1709197705.1240256
338,1709197705.2244408,1709197705.2244482
339,1709197705.32768,1709197705.3276863
340,1709197705.429915,1709197705.429923
341,1709197705.5235174,1709197705.523526
342,1709197705.6268103,1709197705.626817
343,1709197705.7241545,1709197705.7241623
344,1709197705.820888,1709197705.8208935
345,1709197705.9259822,1709197705.9259932
346,1709197706.027901,1709197706.027908
347,1709197706.1231298,1709197706.1231365
348,1709197706.22202,1709197706.2220263
349,1709197706.321513,1709197706.3215199
350,1709197706.4264812,1709197706.4264884
351,1709197706.5241506,1709197706.5241575
352,1709197706.6231918,1709197706.6231985
353,1709197706.7219253,1709197706.7219317
354,1709197706.82762,1709197706.8276267
355,1709197706.9289155,1709197706.9289227
356,1709197707.0253422,1709197707.0253463
357,1709197707.131325,1709197707.131332
358,1709197707.2241838,1709197707.2241914
359,1709197707.3253808,1709197707.3253875
360,1709197707.423958,1709197707.4239655
361,1709197707.527461,1709197707.5274699
362,1709197707.626932,1709197707.6269367
363,1709197707.7258453,1709197707.7258523
364,1709197707.8299718,1709197707.8299787
365,1709197707.9239028,1709197707.9239075
366,1709197708.028834,1709197708.0288677
367,1709197708.123013,1709197708.1230192
368,1709197708.2309012,1709197708.2309086
369,1709197708.323135,1709197708.323144
370,1709197708.4259536,1709197708.4259605
371,1709197708.531124,1709197708.531131
372,1709197708.6377003,1709197708.6377075
373,1709197708.725686,1709197708.7256908
374,1709197708.8272104,1709197708.827217
375,1709197708.9211218,1709197708.9211287
376,1709197709.0306566,1709197709.0306656
377,1709197709.1239085,1709197709.1239176
378,1709197709.225099,1709197709.2251055
379,1709197709.3271797,1709197709.3271873
380,1709197709.4313178,1709197709.4313254
381,1709197709.5230756,1709197709.5230825
382,1709197709.6226857,1709197709.6226916
383,1709197709.734013,1709197709.7340195
384,1709197709.841664,1709197709.8416722
385,1709197709.9319086,1709197709.9319153
386,1709197710.0350697,1709197710.0350769
387,1709197710.1352088,1709197710.135215
388,1709197710.2440434,1709197710.24405
389,1709197710.3272028,1709197710.3272097
390,1709197710.426252,1709197710.4262614
391,1709197710.5270755,1709197710.527082
392,1709197710.635294,1709197710.6353014
393,1709197710.7249331,1709197710.72494
394,1709197710.8256602,1709197710.8256674
395,1709197710.926476,1709197710.926482
396,1709197711.03729,1709197711.0372965
397,1709197711.1270144,1709197711.1270213
398,1709197711.2358873,1709197711.2358942
399,1709197711.3354607,1709197711.3354688
400,1709197711.4416368,1709197711.4416435
401,1709197711.5354574,1709197711.5354655
402,1709197711.6285884,1709197711.628595
403,1709197711.7414558,1709197711.7414632
404,1709197711.8336358,1709197711.8336446
405,1709197711.9310675,1709197711.9310741
406,1709197712.0326288,1709197712.0326357
407,1709197712.1347518,1709197712.1347594
408,1709197712.2217517,1709197712.221758
409,1709197712.3375118,1709197712.3375185
410,1709197712.4315531,1709197712.4315624
411,1709197712.5324934,1709197712.5325015
412,1709197712.628656,1709197712.6286643
413,1709197712.741913,1709197712.7419207
414,1709197712.8461726,1709197712.8461802
415,1709197712.9451692,1709197712.9460826
416,1709197713.0257616,1709197713.0257692
417,1709197713.136003,1709197713.1360106
418,1709197713.2296476,1709197713.2296543
419,1709197713.3289635,1709197713.3289812
420,1709197713.4245932,1709197713.4246008
421,1709197713.5323431,1709197713.532353
422,1709197713.6309133,1709197713.6309195
423,1709197713.7269118,1709197713.7269185
424,1709197713.8314857,1709197713.8314931
425,1709197713.9281335,1709197713.9281418
426,1709197714.027195,1709197714.027201
427,1709197714.1449947,1709197714.1450014
428,1709197714.2348557,1709197714.2348619
429,1709197714.3242366,1709197714.3242435
430,1709197714.4260654,1709197714.4260721
431,1709197714.528623,1709197714.5286305
432,1709197714.6302962,1709197714.6303039
433,1709197714.726595,1709197714.7266011
434,1709197714.8310323,1709197714.8310385
435,1709197714.925608,1709197714.925615
436,1709197715.0322707,1709197715.0322776
437,1709197715.134906,1709197715.1349127
438,1709197715.2253225,1709197715.225329
439,1709197715.3351436,1709197715.3351514
440,1709197715.4273043,1709197715.427311
441,1709197715.5242116,1709197715.5242183
442,1709197715.627971,1709197715.6279786
443,1709197715.762724,1709197715.7627335
444,1709197715.8308444,1709197715.8308513
445,1709197715.92476,1709197715.9247675
446,1709197716.0314167,1709197716.0314257
447,1709197716.1286712,1709197716.128678
448,1709197716.234735,1709197716.2347422
449,1709197716.3313797,1709197716.3313868
450,1709197716.426633,1709197716.426641
451,1709197716.5291476,1709197716.5291562
452,1709197716.6325054,1709197716.6325123
453,1709197716.730908,1709197716.7309146
454,1709197716.8222988,1709197716.8223047
455,1709197716.936592,1709197716.9365997
456,1709197717.0332825,1709197717.0332918
457,1709197717.131661,1709197717.1316686
458,1709197717.2318501,1709197717.2318563
459,1709197717.324032,1709197717.324039
460,1709197717.4369333,1709197717.4369404
461,1709197717.53207,1709197717.5320776
462,1709197717.6250267,1709197717.625034
463,1709197717.730739,1709197717.7336736
464,1709197717.8337348,1709197717.8369815
465,1709197717.921779,1709197717.9238393
466,1709197718.0342526,1709197718.0370986
467,1709197718.127947,1709197718.13028
468,1709197718.226224,1709197718.228607
469,1709197718.324016,1709197718.3264596
470,1709197718.4219995,1709197718.4239998
471,1709197718.5256977,1709197718.5302236
472,1709197718.626064,1709197718.6284685
473,1709197718.737594,1709197718.7400625
474,1709197718.8315213,1709197718.8339562
475,1709197718.933525,1709197718.9363084
476,1709197719.037503,1709197719.0402436
477,1709197719.1369946,1709197719.1395752
478,1709197719.2340915,1709197719.2362885
479,1709197719.3260262,1709197719.3282843
480,1709197719.425146,1709197719.4276671
481,1709197719.5367844,1709197719.5394294
482,1709197719.6316848,1709197719.6356618
483,1709197719.7261915,1709197719.729429
484,1709197719.828665,1709197719.8313959
485,1709197719.9363973,1709197719.9389467
486,1709197720.0373025,1709197720.040019
487,1709197720.1297696,1709197720.1351066
488,1709197720.2338037,1709197720.2357347
489,1709197720.3327858,1709197720.3352962
490,1709197720.428777,1709197720.4317389
491,1709197720.5277205,1709197720.5301998
492,1709197720.628531,1709197720.63107
493,1709197720.725434,1709197720.7280176
494,1709197720.8249178,1709197720.827584
495,1709197720.9252105,1709197720.9274063
496,1709197721.0240564,1709197721.0266025
497,1709197721.1311035,1709197721.13365
498,1709197721.2319176,1709197721.2343447
499,1709197721.3355098,1709197721.3386273
500,1709197721.4356754,1709197721.43826
501,1709197721.525551,1709197721.52801
502,1709197721.624322,1709197721.626624
503,1709197721.7360444,1709197721.7381556
504,1709197721.8345058,1709197721.8370028
505,1709197721.9281175,1709197721.9304364
506,1709197722.032431,1709197722.0351956
507,1709197722.130823,1709197722.1330569
508,1709197722.2322106,1709197722.2346294
509,1709197722.3308787,1709197722.3335793
510,1709197722.4345293,1709197722.437089
511,1709197722.533618,1709197722.5396242
512,1709197722.6327455,1709197722.6356921
513,1709197722.7245674,1709197722.7269607
514,1709197722.8462465,1709197722.8485599
515,1709197722.926127,1709197722.9285228
516,1709197723.0309901,1709197723.0336053
517,1709197723.1294155,1709197723.1365483
518,1709197723.2378554,1709197723.2426174
519,1709197723.3260229,1709197723.3313224
520,1709197723.421337,1709197723.4239109
521,1709197723.5401034,1709197723.5451431
522,1709197723.6363688,1709197723.6392002
523,1709197723.7364006,1709197723.7391346
524,1709197723.8298728,1709197723.8326015
525,1709197723.9303741,1709197723.9337757
526,1709197724.0371168,1709197724.0397813
527,1709197724.1306317,1709197724.1328764
528,1709197724.2339485,1709197724.2372417
529,1709197724.3275318,1709197724.330163
530,1709197724.443239,1709197724.4456503
531,1709197724.5339134,1709197724.537574
532,1709197724.6321821,1709197724.6346288
533,1709197724.727662,1709197724.7313652
534,1709197724.825933,1709197724.8289597
535,1709197724.9366367,1709197724.9426448
536,1709197725.038507,1709197725.0409899
537,1709197725.1341531,1709197725.1367095
538,1709197725.2305198,1709197725.2329934
539,1709197725.3259993,1709197725.328562
540,1709197725.4238038,1709197725.4265292
541,1709197725.5234046,1709197725.5255718
542,1709197725.621494,1709197725.6238818
543,1709197725.7286723,1709197725.7310855
544,1709197725.8250015,1709197725.8272479
545,1709197725.9287171,1709197725.931582
546,1709197726.026717,1709197726.0291784
547,1709197726.130185,1709197726.1327667
548,1709197726.2257774,1709197726.228058
549,1709197726.3232152,1709197726.3258073
550,1709197726.428634,1709197726.431673
551,1709197726.5238261,1709197726.5277634
552,1709197726.625021,1709197726.6286187
553,1709197726.7245786,1709197726.728538
554,1709197726.83674,1709197726.8391962
555,1709197726.9279652,1709197726.9317303
556,1709197727.0227091,1709197727.0253534
557,1709197727.1400476,1709197727.1435094
558,1709197727.2261543,1709197727.2292128
559,1709197727.3308022,1709197727.3343353
560,1709197727.425913,1709197727.4286075
561,1709197727.5300632,1709197727.5327592
562,1709197727.6302104,1709197727.632996
563,1709197727.7370741,1709197727.7396486
564,1709197727.8253934,1709197727.8279846
565,1709197727.9248424,1709197727.9274254
566,1709197728.0266442,1709197728.0290787
567,1709197728.1357481,1709197728.1385672
568,1709197728.2267878,1709197728.2300954
569,1709197728.335902,1709197728.3383963
570,1709197728.4323602,1709197728.4344873
571,1709197728.5327032,1709197728.5352263
572,1709197728.6268332,1709197728.6292284
573,1709197728.7371254,1709197728.7395241
574,1709197728.830047,1709197728.832301
575,1709197728.9290895,1709197728.9317818
576,1709197729.0276442,1709197729.0301166
577,1709197729.1239483,1709197729.1266816
578,1709197729.229065,1709197729.2315464
579,1709197729.3325448,1709197729.3346891
580,1709197729.4307663,1709197729.4330006
581,1709197729.5304313,1709197729.5328302
582,1709197729.6241343,1709197729.627788
583,1709197729.7268767,1709197729.7293513
584,1709197729.8522418,1709197729.8546326
585,1709197730.3131118,1709197730.313123
586,1709197730.3223138,1709197730.3223193
587,1709197730.3323941,1709197730.3324
588,1709197730.4353106,1709197730.4353178
589,1709197730.5361984,1709197730.536205
590,1709197730.630766,1709197730.6307733
591,1709197730.728794,1709197730.7288013
592,1709197730.824041,1709197730.8240497
593,1709197730.9285102,1709197730.9285192
594,1709197731.0249293,1709197731.0249386
595,1709197731.1272798,1709197731.1272879
596,1709197731.2260153,1709197731.226022
597,1709197731.3293037,1709197731.3293126
598,1709197731.4233336,1709197731.423342
599,1709197731.5249152,1709197731.5249221
600,1709197731.625101,1709197731.6251092
601,1709197731.725934,1709197731.7259421
602,1709197731.8224578,1709197731.8224645
603,1709197731.9325256,1709197731.9325314
604,1709197732.0219724,1709197732.021978
605,1709197732.126462,1709197732.1264691
606,1709197732.226194,1709197732.2262006
607,1709197732.32506,1709197732.3250713
608,1709197732.4270945,1709197732.4271014
609,1709197732.5301538,1709197732.5301602
610,1709197732.6308014,1709197732.630808
611,1709197732.7261317,1709197732.726139
612,1709197732.831171,1709197732.831177
613,1709197732.9274719,1709197732.9274776
614,1709197733.0237956,1709197733.0238035
615,1709197733.1305325,1709197733.1305382
616,1709197733.2319043,1709197733.231911
617,1709197733.3306558,1709197733.3306634
618,1709197733.427637,1709197733.427644
619,1709197733.5320528,1709197733.5320604
620,1709197733.62616,1709197733.6261663
621,1709197733.7241502,1709197733.7241592
622,1709197733.8260827,1709197733.8260908
623,1709197733.932318,1709197733.9323242
624,1709197734.0261724,1709197734.026179
625,1709197734.127504,1709197734.1275113
626,1709197734.2291265,1709197734.229133
627,1709197734.3303154,1709197734.330322
628,1709197734.4375157,1709197734.4375246
629,1709197734.5277054,1709197734.5277133
630,1709197734.6365523,1709197734.63656
631,1709197734.7289028,1709197734.7289104
632,1709197734.8342502,1709197734.8342562
633,1709197734.9277353,1709197734.9277442
634,1709197735.0352275,1709197735.0352342
635,1709197735.1250136,1709197735.125021
636,1709197735.228604,1709197735.2286105
637,1709197735.322872,1709197735.322879
638,1709197735.4340644,1709197735.4340708
639,1709197735.5229657,1709197735.5229728
640,1709197735.638741,1709197735.6387472
641,1709197735.7285128,1709197735.72852
642,1709197735.8287382,1709197735.8287444
643,1709197735.9332464,1709197735.9332535
644,1709197736.0223744,1709197736.022381
645,1709197736.1351006,1709197736.1351078
646,1709197736.2277498,1709197736.2277565
647,1709197736.3233485,1709197736.323355
648,1709197736.4231684,1709197736.4231744
649,1709197736.5266724,1709197736.526678
650,1709197736.623399,1709197736.6234052
651,1709197736.7262416,1709197736.726248
652,1709197736.8302214,1709197736.8302274
653,1709197736.929531,1709197736.9295382
654,1709197737.0488682,1709197737.0488753
655,1709197737.132331,1709197737.1323378
656,1709197737.2259521,1709197737.225959
657,1709197737.3298876,1709197737.329896
658,1709197737.4351225,1709197737.4351294
659,1709197737.5269156,1709197737.5269225
660,1709197737.6257606,1709197737.6257675
661,1709197737.723756,1709197737.7237635
662,1709197737.8291557,1709197737.829163
663,1709197737.9253128,1709197737.9253197
664,1709197738.0233035,1709197738.0233107
665,1709197738.1253848,1709197738.1253917
666,1709197738.2248597,1709197738.224869
667,1709197738.330344,1709197738.3303525
668,1709197738.438294,1709197738.438302
669,1709197738.5366378,1709197738.536645
670,1709197738.6252446,1709197738.625313
671,1709197738.7344222,1709197738.7344296
672,1709197738.832267,1709197738.8322742
673,1709197738.9254136,1709197738.9254198
674,1709197739.0281746,1709197739.0281816
675,1709197739.1328914,1709197739.1328993
676,1709197739.226144,1709197739.226151
677,1709197739.3226497,1709197739.3226564
678,1709197739.425493,1709197739.4255002
679,1709197739.5255897,1709197739.5255964
680,1709197739.6265378,1709197739.6265445
681,1709197739.7308526,1709197739.7308588
682,1709197739.8339186,1709197739.8339274
683,1709197739.9284186,1709197739.9284234
684,1709197740.0400848,1709197740.0400918
685,1709197740.1228354,1709197740.1228418
686,1709197740.2283244,1709197740.2283318
687,1709197740.3266346,1709197740.3266408
688,1709197740.4319754,1709197740.431981
689,1709197740.5329432,1709197740.5329497
690,1709197740.627338,1709197740.627345
691,1709197740.7333505,1709197740.733357
692,1709197740.832714,1709197740.83272
693,1709197740.9374843,1709197740.9374912
694,1709197741.0369904,1709197741.0369954
695,1709197741.1224587,1709197741.1224658
696,1709197741.2365127,1709197741.2365584
697,1709197741.3296747,1709197741.3296816
698,1709197741.4333158,1709197741.4333227
699,1709197741.524074,1709197741.52408
700,1709197741.6316884,1709197741.631697
701,1709197741.724679,1709197741.7246864
702,1709197741.824398,1709197741.824406
703,1709197741.923031,1709197741.9230397
704,1709197742.0223715,1709197742.02238
705,1709197742.1322742,1709197742.1322815
706,1709197742.236817,1709197742.236826
707,1709197742.3320773,1709197742.3320847
708,1709197742.4273477,1709197742.4273558
709,1709197742.5293581,1709197742.529365
710,1709197742.6273534,1709197742.6273608
711,1709197742.7255902,1709197742.7255979
712,1709197742.8292773,1709197742.8292842
713,1709197742.9358265,1709197742.9358337
714,1709197743.026582,1709197743.026588
715,1709197743.13675,1709197743.1367576
716,1709197743.2323864,1709197743.2323928
717,1709197743.3304486,1709197743.3304555
718,1709197743.4309018,1709197743.4309092
719,1709197743.5270698,1709197743.5270772
720,1709197743.6415052,1709197743.641512
721,1709197743.734453,1709197743.7344592
722,1709197743.8250759,1709197743.8250818
723,1709197743.922289,1709197743.922295
724,1709197744.0260587,1709197744.0260649
725,1709197744.1511152,1709197744.151121
726,1709197744.2241104,1709197744.224117
727,1709197744.333511,1709197744.3335183
728,1709197744.4255097,1709197744.4255168
729,1709197744.5346365,1709197744.5346441
730,1709197744.626834,1709197744.6268406
731,1709197744.7252977,1709197744.7253044
732,1709197744.825026,1709197744.8250322
733,1709197744.9273388,1709197744.9273455
734,1709197745.0235648,1709197745.023571
735,1709197745.1258783,1709197745.1258855
736,1709197745.227921,1709197745.227928
737,1709197745.3317647,1709197745.3317716
738,1709197745.4261007,1709197745.4261072
739,1709197745.5311997,1709197745.5312064
740,1709197745.6308217,1709197745.6308296
741,1709197745.728729,1709197745.7287376
742,1709197745.8234563,1709197745.8234637
743,1709197745.9233813,1709197745.9233892
744,1709197746.0316372,1709197746.0316443
745,1709197746.1281786,1709197746.1281857
746,1709197746.2255065,1709197746.2255135
747,1709197746.327466,1709197746.3274736
748,1709197746.4222324,1709197746.4222398
749,1709197746.5228007,1709197746.522808
750,1709197746.6379235,1709197746.6379309
751,1709197746.7337377,1709197746.7337446
752,1709197746.8332417,1709197746.8332481
753,1709197746.92739,1709197746.9273977
754,1709197747.0280724,1709197747.0280786
755,1709197747.1253831,1709197747.1253908
756,1709197747.2245176,1709197747.224525
757,1709197747.3250334,1709197747.3250394
758,1709197747.4276934,1709197747.427699
759,1709197747.5252795,1709197747.5252864
760,1709197747.6242483,1709197747.624255
761,1709197747.7267387,1709197747.726745
762,1709197747.8255873,1709197747.8255932
763,1709197747.9256952,1709197747.9257197
764,1709197748.0220346,1709197748.0220408
765,1709197748.1246808,1709197748.124687
766,1709197748.2293901,1709197748.2293966
767,1709197748.3231027,1709197748.3231099
768,1709197748.4243836,1709197748.4243906
769,1709197748.5235972,1709197748.523606
770,1709197748.6277637,1709197748.6277711
771,1709197748.7237694,1709197748.723777
772,1709197748.8259501,1709197748.8259566
773,1709197748.9268863,1709197748.9268942
774,1709197749.0243447,1709197749.0243511
775,1709197749.1243384,1709197749.1243458
776,1709197749.2240047,1709197749.2240124
777,1709197749.3276746,1709197749.3276827
778,1709197749.422779,1709197749.422788
779,1709197749.5281415,1709197749.5281496
780,1709197749.6295233,1709197749.6295304
781,1709197749.7243414,1709197749.724348
782,1709197749.829366,1709197749.8293746
783,1709197749.9287744,1709197749.9288318
784,1709197750.0317118,1709197750.0317538
785,1709197750.13646,1709197750.1365297
786,1709197750.2274723,1709197750.2275236
787,1709197750.3257005,1709197750.3257446
788,1709197750.423084,1709197750.4231398
789,1709197750.5243037,1709197750.5243564
790,1709197750.6288588,1709197750.6289372
791,1709197750.7290657,1709197750.7291605
792,1709197750.8292246,1709197750.829304
793,1709197750.927388,1709197750.9274752
794,1709197751.02854,1709197751.02863
795,1709197751.1274598,1709197751.1275525
796,1709197751.2316585,1709197751.2317317
797,1709197751.3269956,1709197751.3270714
798,1709197751.4236605,1709197751.4237375
799,1709197751.5255754,1709197751.5256438
800,1709197751.625149,1709197751.6252267
801,1709197751.7339878,1709197751.7340653
802,1709197751.8363898,1709197751.8364677
803,1709197751.9329267,1709197751.9330084
804,1709197752.0350463,1709197752.0351248
805,1709197752.1222506,1709197752.1223361
806,1709197752.2364538,1709197752.2365363
807,1709197752.326737,1709197752.326887
808,1709197752.4299517,1709197752.4300292
809,1709197752.5232155,1709197752.5236635
810,1709197752.6264226,1709197752.6265028
811,1709197752.7300165,1709197752.7300966
812,1709197752.824482,1709197752.8245676
813,1709197752.9232438,1709197752.923459
814,1709197753.0284522,1709197753.0285356
815,1709197753.127569,1709197753.1276522
816,1709197753.2251673,1709197753.22525
817,1709197753.3263817,1709197753.3264797
818,1709197753.4218493,1709197753.4219322
819,1709197753.5279768,1709197753.528043
820,1709197753.6364906,1709197753.636846
821,1709197753.741861,1709197753.7419488
822,1709197753.8310876,1709197753.831248
823,1709197753.9405746,1709197753.94063
824,1709197754.0221868,1709197754.0222328
825,1709197754.1341622,1709197754.134248
826,1709197754.2350388,1709197754.2350857
827,1709197754.326178,1709197754.32623
828,1709197754.4335513,1709197754.4335918
829,1709197754.5385528,1709197754.538631
830,1709197754.6269033,1709197754.62697
831,1709197754.7309928,1709197754.7310488
832,1709197754.8343759,1709197754.8344748
833,1709197754.9222653,1709197754.9223137
834,1709197755.0299883,1709197755.0300362
835,1709197755.1296241,1709197755.1296666
836,1709197755.2228622,1709197755.2229488
837,1709197755.3327386,1709197755.3327851
838,1709197755.424957,1709197755.4250267
839,1709197755.531561,1709197755.5316086
840,1709197755.6344798,1709197755.6345172
841,1709197755.7308853,1709197755.7309325
842,1709197755.833336,1709197755.8334205
843,1709197755.9258175,1709197755.9258866
844,1709197756.0301936,1709197756.0302694
845,1709197756.1261315,1709197756.1262062
846,1709197756.2558684,1709197756.255958
847,1709197756.3223577,1709197756.322427
848,1709197756.4277122,1709197756.427798
849,1709197756.5278022,1709197756.5280004
850,1709197756.6283033,1709197756.6284342
851,1709197756.7351992,1709197756.7352781
852,1709197756.825925,1709197756.8259902
853,1709197756.9255457,1709197756.925632
854,1709197757.0256088,1709197757.0257692
855,1709197757.1278512,1709197757.127941
856,1709197757.2374334,1709197757.237518
857,1709197757.3212693,1709197757.3213346
858,1709197757.4308047,1709197757.4308944
859,1709197757.5306182,1709197757.530705
860,1709197757.6290214,1709197757.6290941
861,1709197757.7318485,1709197757.731934
862,1709197757.8260174,1709197757.8261433
863,1709197757.9242475,1709197757.9243295
864,1709197758.0329034,1709197758.0329826
865,1709197758.132553,1709197758.132639
866,1709197758.2392435,1709197758.2392514
867,1709197758.3371043,1709197758.3371103
868,1709197758.4266949,1709197758.4266999
869,1709197758.5263202,1709197758.526326
870,1709197758.6309505,1709197758.6309571
871,1709197758.728357,1709197758.7283633
872,1709197758.823917,1709197758.823923
873,1709197758.925378,1709197758.925384
874,1709197759.0253189,1709197759.025325
875,1709197759.1262164,1709197759.1262224
876,1709197759.2291129,1709197759.229119
877,1709197759.3273628,1709197759.3273711
878,1709197759.4273305,1709197759.4273365
879,1709197759.524807,1709197759.5248134
880,1709197759.6243527,1709197759.6243591
881,1709197759.724376,1709197759.7243829
882,1709197759.824469,1709197759.8244743
883,1709197759.9262815,1709197759.9262877
884,1709197760.025692,1709197760.025696
885,1709197760.1237779,1709197760.1237838
886,1709197760.2288752,1709197760.231044
887,1709197760.3311799,1709197760.3339493
888,1709197760.4242458,1709197760.4265854
889,1709197760.5267422,1709197760.5287793
890,1709197760.6346347,1709197760.6370463
891,1709197760.730603,1709197760.7327518
892,1709197760.8334646,1709197760.8358226
893,1709197760.9339159,1709197760.9367216
894,1709197761.022702,1709197761.0253212
895,1709197761.125906,1709197761.128372
896,1709197761.227651,1709197761.230519
897,1709197761.3247578,1709197761.3271978
898,1709197761.4257836,1709197761.4289968
899,1709197761.5240402,1709197761.526572
900,1709197761.6244717,1709197761.6261554
901,1709197761.7226677,1709197761.7249136
902,1709197761.8273787,1709197761.8303037
903,1709197761.9267764,1709197761.9293015
904,1709197762.023228,1709197762.0254583
905,1709197762.1238377,1709197762.1280797
906,1709197762.2235093,1709197762.2259834
907,1709197762.322017,1709197762.3243387
908,1709197762.4237688,1709197762.4266608
909,1709197762.526997,1709197762.529542
910,1709197762.625652,1709197762.6283274
911,1709197762.7265975,1709197762.7318902
912,1709197762.8228185,1709197762.8249607
913,1709197762.9237814,1709197762.9262133
914,1709197763.0263748,1709197763.0323958
915,1709197763.1214223,1709197763.1231785
916,1709197763.2221606,1709197763.2244623
917,1709197763.344586,1709197763.3470855
918,1709197763.423858,1709197763.4261951
919,1709197763.5235994,1709197763.5261033
920,1709197763.6226606,1709197763.6256502
921,1709197763.7260041,1709197763.7281156
922,1709197763.8240123,1709197763.826425
923,1709197763.9249263,1709197763.9272969
924,1709197764.0258849,1709197764.0287871
925,1709197764.1287804,1709197764.1317074
926,1709197764.2270133,1709197764.229459
927,1709197764.3290691,1709197764.3321915
928,1709197764.4253669,1709197764.427813
929,1709197764.5270007,1709197764.529843
930,1709197764.6221309,1709197764.6250644
931,1709197764.7242079,1709197764.7267919
932,1709197764.8237057,1709197764.8251686
933,1709197764.9239278,1709197764.9261377
934,1709197765.0241022,1709197765.0259001
935,1709197765.125171,1709197765.1276257
936,1709197765.2255468,1709197765.2282295
937,1709197765.3276775,1709197765.3301368
938,1709197765.421453,1709197765.4243996
939,1709197765.5231178,1709197765.5255349
940,1709197765.6324158,1709197765.6348045
941,1709197765.7236662,1709197765.7261548
942,1709197765.823257,1709197765.826337
943,1709197765.921666,1709197765.923946
944,1709197766.0258012,1709197766.0282269
945,1709197766.1238434,1709197766.1264539
946,1709197766.2234173,1709197766.2252645
947,1709197766.326759,1709197766.3292499
948,1709197766.4236739,1709197766.4261146
949,1709197766.5264657,1709197766.528935
950,1709197766.6283152,1709197766.631976
951,1709197766.7228096,1709197766.7250662
952,1709197766.8256133,1709197766.8284147
953,1709197766.922002,1709197766.926989
954,1709197767.0259094,1709197767.0282226
955,1709197767.126161,1709197767.129014
956,1709197767.2258594,1709197767.2284951
957,1709197767.325118,1709197767.327675
958,1709197767.4259214,1709197767.4284775
959,1709197767.522374,1709197767.5246122
960,1709197767.623911,1709197767.626208
961,1709197767.7241108,1709197767.7265482
962,1709197767.8246236,1709197767.8269525
963,1709197767.9325855,1709197767.934857
964,1709197768.0268984,1709197768.0295281
965,1709197768.1314297,1709197768.1339421
966,1709197768.2251167,1709197768.229774
967,1709197768.3254528,1709197768.3278415
968,1709197768.4253159,1709197768.4270592
969,1709197768.5320182,1709197768.5346823
970,1709197768.6237614,1709197768.6263022
971,1709197768.7294083,1709197768.7319348
972,1709197768.8291059,1709197768.832122
973,1709197768.9255795,1709197768.9278507
974,1709197769.0253632,1709197769.028467
975,1709197769.1280293,1709197769.1304817
976,1709197769.2252464,1709197769.2276695
977,1709197769.3251805,1709197769.3279474
978,1709197769.4246602,1709197769.4270697
979,1709197769.5251868,1709197769.527771
980,1709197769.630134,1709197769.632551
981,1709197769.7256,1709197769.728297
982,1709197769.8276393,1709197769.8300803
983,1709197769.9238381,1709197769.9267426
984,1709197770.025041,1709197770.0265927
985,1709197770.1234965,1709197770.1255622
986,1709197770.2298799,1709197770.2329469
987,1709197770.3237002,1709197770.3259687
988,1709197770.4262557,1709197770.4283597
989,1709197770.5280523,1709197770.5302637
990,1709197770.6234746,1709197770.6259751
991,1709197770.7241921,1709197770.7267585
992,1709197770.8263004,1709197770.830601
993,1709197770.9329364,1709197770.9353254
994,1709197771.0236735,1709197771.0286014
995,1709197771.127527,1709197771.1300535
996,1709197771.2274506,1709197771.2305005
997,1709197771.3229854,1709197771.325489
998,1709197771.4250069,1709197771.4279618
999,1709197771.5234935,1709197771.5260487
1000,1709197771.6318057,1709197771.6343298
1001,1709197771.723935,1709197771.7263618
1002,1709197771.8247697,1709197771.8273194
1003,1709197771.9226937,1709197771.9243722
1004,1709197772.022849,1709197772.0253959
1005,1709197772.1293273,1709197772.131764
1006,1709197772.2234626,1709197772.2257671
1007,1709197772.326732,1709197772.329665
1008,1709197772.4233694,1709197772.4258296
1009,1709197772.5284514,1709197772.5313852
1010,1709197772.6307418,1709197772.633785
1011,1709197772.7244844,1709197772.7270963
1012,1709197772.8257043,1709197772.8285036
1013,1709197772.9226577,1709197772.9262018
1014,1709197773.02669,1709197773.03031
1015,1709197773.1290722,1709197773.131566
1016,1709197773.2245238,1709197773.2272828
1017,1709197773.3259172,1709197773.328357
1018,1709197773.4254265,1709197773.430972
1019,1709197773.529143,1709197773.5316334
1020,1709197773.626335,1709197773.6287472
1021,1709197773.7396417,1709197773.7428315
1022,1709197773.8246787,1709197773.8273103
1023,1709197773.926784,1709197773.9293792
1024,1709197774.0258436,1709197774.0282729
1025,1709197774.1257284,1709197774.1280286
1026,1709197774.2255151,1709197774.2282968
1027,1709197774.3255353,1709197774.3313167
1028,1709197774.42598,1709197774.4282017
1029,1709197774.5243852,1709197774.5278914
1030,1709197774.6282916,1709197774.6322978
1031,1709197774.7226605,1709197774.7286773
1032,1709197774.824646,1709197774.8274267
1033,1709197774.925627,1709197774.9279816
1034,1709197775.0274074,1709197775.0301473
1035,1709197775.1300397,1709197775.1328218
1036,1709197775.2315931,1709197775.2338858
1037,1709197775.3274765,1709197775.3317046
1038,1709197775.4431396,1709197775.4453802
1039,1709197775.5266201,1709197775.5297081
1040,1709197775.630786,1709197775.6401362
1041,1709197775.733784,1709197775.7422848
1042,1709197775.8349807,1709197775.8377721
1043,1709197775.9258301,1709197775.9297535
1044,1709197776.0253143,1709197776.0279121
1045,1709197776.1241248,1709197776.130145
1046,1709197776.234338,1709197776.2367513
1047,1709197776.3314762,1709197776.3337207
1048,1709197776.4223402,1709197776.4248617
1049,1709197776.522651,1709197776.5258274
1050,1709197776.624049,1709197776.6260517
1051,1709197776.7240787,1709197776.7265275
1052,1709197776.8333797,1709197776.835964
1053,1709197776.9243543,1709197776.9291303
1054,1709197777.0229805,1709197777.025932
1055,1709197777.1226885,1709197777.125175
1056,1709197777.2223516,1709197777.2247798
1057,1709197777.3349812,1709197777.334988
1058,1709197777.424714,1709197777.424721
1059,1709197777.5331407,1709197777.5331473
1060,1709197777.6314998,1709197777.6315057
1061,1709197777.7263236,1709197777.726332
1062,1709197777.8242903,1709197777.8242965
1063,1709197777.9265952,1709197777.926602
1064,1709197778.0300758,1709197778.0300825
1065,1709197778.1263855,1709197778.126394
1066,1709197778.2265458,1709197778.2265518
1067,1709197778.3254697,1709197778.3254766
1068,1709197778.423556,1709197778.423563
1069,1709197778.5227556,1709197778.5227616
1070,1709197778.6286902,1709197778.628696
1071,1709197778.7238917,1709197778.7238994
1072,1709197778.8260083,1709197778.8260152
1073,1709197778.9231324,1709197778.923139
1074,1709197779.0306044,1709197779.030612
1075,1709197779.125692,1709197779.1256988
1076,1709197779.2264538,1709197779.2264612
1077,1709197779.333924,1709197779.3339303
1078,1709197779.43017,1709197779.4301765
1079,1709197779.5291126,1709197779.5291188
1080,1709197779.6231205,1709197779.6231287
1081,1709197779.7252314,1709197779.7252393
1082,1709197779.8303301,1709197779.8303387
1083,1709197779.9301171,1709197779.9301217
1084,1709197780.0231333,1709197780.02314
1085,1709197780.1263127,1709197780.1263192
1086,1709197780.2270124,1709197780.2270172
1087,1709197780.3276815,1709197780.327689
1088,1709197780.428747,1709197780.4287968
1089,1709197780.5248706,1709197780.5248775
1090,1709197780.6270928,1709197780.6270978
1091,1709197780.726794,1709197780.7268004
1092,1709197780.8235023,1709197780.823509
1093,1709197780.9324303,1709197780.9324358
1094,1709197781.0218964,1709197781.0219026
1095,1709197781.1279843,1709197781.1281545
1096,1709197781.2248082,1709197781.224813
1097,1709197781.3273387,1709197781.3273447
1098,1709197781.4328034,1709197781.4328094
1099,1709197781.5269232,1709197781.526931
1100,1709197781.6235447,1709197781.6235518
1101,1709197781.7234006,1709197781.7234068
1102,1709197781.8262804,1709197781.8262873
1103,1709197781.932397,1709197781.932403
1104,1709197782.023733,1709197782.0237396
1105,1709197782.1285255,1709197782.1285324
1106,1709197782.2252438,1709197782.225251
1107,1709197782.3309076,1709197782.330914
1108,1709197782.4444852,1709197782.4444919
1109,1709197782.5257688,1709197782.5257752
1110,1709197782.6227658,1709197782.6227727
1111,1709197782.7289357,1709197782.7289424
1112,1709197782.8275466,1709197782.8275537
1113,1709197782.9223852,1709197782.9223914
1114,1709197783.0264473,1709197783.0264544
1115,1709197783.1249208,1709197783.1249254
1116,1709197783.230484,1709197783.2304914
1117,1709197783.3223016,1709197783.322308
1118,1709197783.4260375,1709197783.4260447
1119,1709197783.5334842,1709197783.5334907
1120,1709197783.6281476,1709197783.6281538
1121,1709197783.7309163,1709197783.730924
1122,1709197783.8270493,1709197783.8270535
1123,1709197783.9327028,1709197783.9327097
1124,1709197784.0317497,1709197784.0317578
1125,1709197784.1263728,1709197784.126379
1126,1709197784.2241035,1709197784.224108
1127,1709197784.3235202,1709197784.3235285
1128,1709197784.432185,1709197784.4321914
1129,1709197784.5268846,1709197784.5268922
1130,1709197784.62562,1709197784.625626
1131,1709197784.7364757,1709197784.7364829
1132,1709197784.8220797,1709197784.8220844
1133,1709197784.9301004,1709197784.9301076
1134,1709197785.0307198,1709197785.0307262
1135,1709197785.1269944,1709197785.127001
1136,1709197785.22667,1709197785.2266765
1137,1709197785.323951,1709197785.3239586
1138,1709197785.424274,1709197785.4242814
1139,1709197785.5288718,1709197785.5288773
1140,1709197785.6252306,1709197785.6252356
1141,1709197785.7266681,1709197785.7266738
1142,1709197785.826143,1709197785.82615
1143,1709197785.9257114,1709197785.9257193
1144,1709197786.025363,1709197786.0253701
1145,1709197786.1250143,1709197786.1250193
1146,1709197786.2309337,1709197786.2309406
1147,1709197786.3232677,1709197786.3232741
1148,1709197786.4260461,1709197786.4260545
1149,1709197786.5294006,1709197786.529408
1150,1709197786.6239886,1709197786.6239972
1151,1709197786.7321565,1709197786.732164
1152,1709197786.825354,1709197786.8253586
1153,1709197786.9228954,1709197786.9229
1154,1709197787.0302682,1709197787.0302749
1155,1709197787.12285,1709197787.1228566
1156,1709197787.2253978,1709197787.2254038
1157,1709197787.324225,1709197787.3242323
1158,1709197787.4308076,1709197787.4308145
1159,1709197787.5296474,1709197787.5296526
1160,1709197787.6257548,1709197787.6257613
1161,1709197787.7217236,1709197787.7217305
1162,1709197787.8245928,1709197787.8245988
1163,1709197787.9258232,1709197787.9258294
1164,1709197788.0289302,1709197788.0289364
1165,1709197788.1317923,1709197788.131802
1166,1709197788.2235181,1709197788.2235231
1167,1709197788.3355935,1709197788.3356004
1168,1709197788.4259229,1709197788.4259303
1169,1709197788.527492,1709197788.527498
1170,1709197788.625665,1709197788.6256714
1171,1709197788.7260966,1709197788.7261019
1172,1709197788.824472,1709197788.8244786
1173,1709197788.9247487,1709197788.9247558
1174,1709197789.0234141,1709197789.0234213
1175,1709197789.132101,1709197789.132108
1176,1709197789.2274883,1709197789.2275012
1177,1709197789.326575,1709197789.3265836
1178,1709197789.4255204,1709197789.4255266
1179,1709197789.5529554,1709197789.5529623
1180,1709197789.6314292,1709197789.631436
1181,1709197789.724074,1709197789.7240806
1182,1709197789.8257143,1709197789.8257222
1183,1709197789.925675,1709197789.9256814
1184,1709197790.0262506,1709197790.026258
1185,1709197790.1223829,1709197790.1223893
1186,1709197790.2279067,1709197790.227913
1187,1709197790.328644,1709197790.3286507
1188,1709197790.4275334,1709197790.4275427
1189,1709197790.525903,1709197790.5259087
1190,1709197790.6220021,1709197790.6220088
1191,1709197790.726097,1709197790.7261045
1192,1709197790.8242016,1709197790.824206
1193,1709197790.9298937,1709197790.9298995
1194,1709197791.0663803,1709197791.066387
1195,1709197791.1280272,1709197791.1280856
1196,1709197791.2261343,1709197791.2261407
1197,1709197791.3244135,1709197791.3244205
1198,1709197791.4254618,1709197791.4254687
1199,1709197791.5359457,1709197791.5359523
1200,1709197791.6288054,1709197791.6288126
1201,1709197791.7276628,1709197791.727669
1202,1709197791.8221192,1709197791.8221252
1203,1709197791.925468,1709197791.9254746
1204,1709197792.0257583,1709197792.025765
1205,1709197792.1325135,1709197792.132519
1206,1709197792.2269216,1709197792.2269282
1207,1709197792.3231788,1709197792.3231852
1208,1709197792.4217753,1709197792.4217815
1209,1709197792.52768,1709197792.5276868
1210,1709197792.6265874,1709197792.6265957
1211,1709197792.7232523,1709197792.7232602
1212,1709197792.8277614,1709197792.8277678
1213,1709197792.927882,1709197792.927889
1214,1709197793.0228074,1709197793.022812
1215,1709197793.1246994,1709197793.1247063
1216,1709197793.2316713,1709197793.2316785
1217,1709197793.3232315,1709197793.3232381
1218,1709197793.4234648,1709197793.4234707
1219,1709197793.5266635,1709197793.5266697
1220,1709197793.630736,1709197793.6307416
1221,1709197793.7291522,1709197793.7291603
1222,1709197793.8255293,1709197793.825535
1223,1709197793.930353,1709197793.93036
1224,1709197794.0249145,1709197794.0249214
1225,1709197794.12215,1709197794.1221564
1226,1709197794.2257688,1709197794.2257748
1227,1709197794.3254101,1709197794.3254168
1228,1709197794.4270515,1709197794.4270585
1229,1709197794.524277,1709197794.524283
1230,1709197794.623774,1709197794.6237803
1231,1709197794.7230458,1709197794.7230532
1232,1709197794.8366292,1709197794.8366375
1233,1709197794.9235275,1709197794.9235337
1234,1709197795.0264494,1709197795.0264566
1235,1709197795.1237526,1709197795.1237583
1236,1709197795.2268903,1709197795.2268965
1237,1709197795.328703,1709197795.3287096
1238,1709197795.42381,1709197795.4238179
1239,1709197795.5231526,1709197795.5231597
1240,1709197795.6216667,1709197795.6216729
1241,1709197795.7282066,1709197795.7282138
1242,1709197795.833518,1709197795.8335228
1243,1709197795.9249458,1709197795.924951
1244,1709197796.024234,1709197796.0242405
1245,1709197796.1270556,1709197796.1270604
1246,1709197796.2283123,1709197796.228319
1247,1709197796.3260815,1709197796.3260882
1248,1709197796.4263084,1709197796.4263153
1249,1709197796.5315948,1709197796.5316021
1250,1709197796.6261497,1709197796.6261585
1251,1709197796.725911,1709197796.7259188
1252,1709197796.8249886,1709197796.8249938
1253,1709197796.9252877,1709197796.9252949
1254,1709197797.0233006,1709197797.023306
1255,1709197797.1239204,1709197797.123927
1256,1709197797.2292979,1709197797.2293048
1257,1709197797.3224497,1709197797.3224545
1258,1709197797.4247246,1709197797.4247308
1259,1709197797.5253768,1709197797.5253897
1260,1709197797.6339583,1709197797.6339664
1261,1709197797.730084,1709197797.730091
1262,1709197797.8332145,1709197797.83322
1263,1709197797.925919,1709197797.9259255
1264,1709197798.0234544,1709197798.0234613
1265,1709197798.124222,1709197798.124228
1266,1709197798.2251234,1709197798.2251298
1267,1709197798.3232372,1709197798.3232448
1268,1709197798.4224765,1709197798.4224842
1269,1709197798.527209,1709197798.5272148
1270,1709197798.6291072,1709197798.6291132
1271,1709197798.72208,1709197798.7220874
1272,1709197798.8268452,1709197798.8268523
1273,1709197798.9240527,1709197798.9240592
1274,1709197799.0256274,1709197799.0256343
1275,1709197799.1234283,1709197799.1234348
1276,1709197799.2242725,1709197799.2242796
1277,1709197799.3238764,1709197799.3238845
1278,1709197799.4268317,1709197799.4268382
1279,1709197799.5251987,1709197799.525203
1280,1709197799.6268938,1709197799.6269236
1281,1709197799.72107,1709197799.7210763
1282,1709197799.822859,1709197799.8228652
1283,1709197799.9253163,1709197799.9253235
1284,1709197800.0242243,1709197800.0242312
1285,1709197800.1284523,1709197800.1284592
1286,1709197800.2221532,1709197800.2221596
1287,1709197800.3237622,1709197800.3237684
1288,1709197800.4289937,1709197800.4289997
1289,1709197800.5268748,1709197800.5268812
1290,1709197800.6325328,1709197800.6325448
1291,1709197800.7261863,1709197800.7261932
1292,1709197800.8239655,1709197800.823971
1293,1709197800.9232166,1709197800.9232233
1294,1709197801.0264027,1709197801.0264094
1295,1709197801.126236,1709197801.1262424
1296,1709197801.2287269,1709197801.2287333
1297,1709197801.323327,1709197801.3233318
1298,1709197801.42499,1709197801.4249973
1299,1709197801.5256035,1709197801.5256126
1300,1709197801.6409845,1709197801.6409907
1301,1709197801.7257497,1709197801.7257566
1302,1709197801.8328335,1709197801.8328395
1303,1709197801.9236488,1709197801.9236557
1304,1709197802.0219536,1709197802.0219605
1305,1709197802.1296284,1709197802.129635
1306,1709197802.224645,1709197802.2246509
1307,1709197802.3261774,1709197802.326184
1308,1709197802.423908,1709197802.4239144
1309,1709197802.5285368,1709197802.5285428
1310,1709197802.6244006,1709197802.6244066
1311,1709197802.7316961,1709197802.7317042
1312,1709197802.8313909,1709197802.8313975
1313,1709197802.9309957,1709197802.9310026
1314,1709197803.0256202,1709197803.025628
1315,1709197803.1305742,1709197803.1305804
1316,1709197803.2265708,1709197803.2265768
1317,1709197803.3237913,1709197803.3237984
1318,1709197803.4248447,1709197803.4248517
1319,1709197803.5264208,1709197803.5264266
1320,1709197803.6243942,1709197803.6244013
1321,1709197803.7212534,1709197803.7212596
1322,1709197803.8218954,1709197803.821901
1323,1709197803.9266448,1709197803.9266508
1324,1709197804.0398564,1709197804.0398648
1325,1709197804.1229358,1709197804.122942
1326,1709197804.2226365,1709197804.222641
1327,1709197804.3324451,1709197804.3324502
1328,1709197804.4274235,1709197804.4274282
1329,1709197804.528541,1709197804.5285478
1330,1709197804.626592,1709197804.6265986
1331,1709197804.7315826,1709197804.7316103
1332,1709197804.8268888,1709197804.8268967
1333,1709197804.9258578,1709197804.9258647
1334,1709197805.0209513,1709197805.0209565
1335,1709197805.1254668,1709197805.1254728
1336,1709197805.2253013,1709197805.2253077
1337,1709197805.3248305,1709197805.3248415
1338,1709197805.4266944,1709197805.426701
1339,1709197805.5252042,1709197805.5252094
1340,1709197805.6288261,1709197805.6288342
1341,1709197805.7238462,1709197805.7238529
1342,1709197805.8262374,1709197805.8262439
1343,1709197805.9279797,1709197805.9279864
1344,1709197806.025172,1709197806.0251791
1345,1709197806.1303391,1709197806.130344
1346,1709197806.227838,1709197806.2278428
1347,1709197806.327041,1709197806.3270476
1348,1709197806.4352844,1709197806.435292
1349,1709197806.5256712,1709197806.5256782
1350,1709197806.6255827,1709197806.6255891
1351,1709197806.734626,1709197806.7346318
1352,1709197806.8291056,1709197806.8291109
1353,1709197806.9286728,1709197806.9286804
1354,1709197807.0254982,1709197807.0255034
1355,1709197807.123862,1709197807.1238673
1356,1709197807.221999,1709197807.222006
1357,1709197807.3224208,1709197807.322427
1358,1709197807.427605,1709197807.4276109
1359,1709197807.5250032,1709197807.5250118
1360,1709197807.6258025,1709197807.6258092
1361,1709197807.7237294,1709197807.7237365
1362,1709197807.830953,1709197807.83096
1363,1709197807.925487,1709197807.9254935
1364,1709197808.0237653,1709197808.0237725
1365,1709197808.1260948,1709197808.1261008
1366,1709197808.2292688,1709197808.229276
1367,1709197808.3254552,1709197808.3254626
1368,1709197808.426626,1709197808.426631
1369,1709197808.5250955,1709197808.5251024
1370,1709197808.6528459,1709197808.6528523
1371,1709197808.7306592,1709197808.7306657
1372,1709197808.8338575,1709197808.8338637
1373,1709197808.92436,1709197808.9243677
1374,1709197809.034107,1709197809.0341127
1375,1709197809.124439,1709197809.1244476
1376,1709197809.2228117,1709197809.222819
1377,1709197809.3321865,1709197809.3322294
1378,1709197809.4292986,1709197809.4293063
1379,1709197809.525518,1709197809.5255253
1380,1709197809.6294472,1709197809.6294553
1381,1709197809.7270746,1709197809.7270813
1382,1709197809.8257585,1709197809.8257651
1383,1709197809.9285867,1709197809.9285944
1384,1709197810.0288234,1709197810.0288281
1385,1709197810.1242907,1709197810.1242974
1386,1709197810.2242763,1709197810.2242832
1387,1709197810.6296465,1709197810.6296573
1388,1709197810.6389427,1709197810.6389518
1389,1709197810.732873,1709197810.7328792
1390,1709197810.8298957,1709197810.8299026
1391,1709197810.9302304,1709197810.9302375
1392,1709197811.0234447,1709197811.0234497
1393,1709197811.1258647,1709197811.1258714
1394,1709197811.2272139,1709197811.227221
1395,1709197811.3243551,1709197811.3243632
1396,1709197811.4255905,1709197811.4255974
1397,1709197811.5253513,1709197811.5253575
1398,1709197811.6350977,1709197811.6351054
1399,1709197811.7288518,1709197811.728856
1400,1709197811.8290422,1709197811.8290484
1401,1709197811.9378169,1709197811.9378245
1402,1709197812.0296366,1709197812.0296428
1403,1709197812.1258223,1709197812.1258278
1404,1709197812.2274299,1709197812.2274377
1405,1709197812.328104,1709197812.3281114
1406,1709197812.427119,1709197812.427126
1407,1709197812.5257583,1709197812.5257657
1408,1709197812.626076,1709197812.6260824
1409,1709197812.7219398,1709197812.7219446
1410,1709197812.8239698,1709197812.823975
1411,1709197812.9288828,1709197812.9288895
1412,1709197813.030068,1709197813.030075
1413,1709197813.1462235,1709197813.1462302
1414,1709197813.22633,1709197813.2263374
1415,1709197813.3332295,1709197813.333237
1416,1709197813.4244525,1709197813.4244587
1417,1709197813.5295224,1709197813.5295293
1418,1709197813.6259544,1709197813.625961
1419,1709197813.727079,1709197813.7270856
1420,1709197813.826216,1709197813.8262227
1421,1709197813.923827,1709197813.9238334
1422,1709197814.0223892,1709197814.0223966
1423,1709197814.1336756,1709197814.133684
1424,1709197814.2318392,1709197814.2318466
1425,1709197814.3272552,1709197814.3272617
1426,1709197814.4250422,1709197814.4250865
1427,1709197814.5247805,1709197814.5247884
1428,1709197814.6258953,1709197814.6259024
1429,1709197814.7277274,1709197814.727736
1430,1709197814.8264818,1709197814.8264885
1431,1709197814.9255924,1709197814.9255996
1432,1709197815.024468,1709197815.0244746
1433,1709197815.1236548,1709197815.123661
1434,1709197815.227116,1709197815.2271228
1435,1709197815.3256152,1709197815.3256216
1436,1709197815.433912,1709197815.4339194
1437,1709197815.5251667,1709197815.525174
1438,1709197815.6250808,1709197815.6250873
1439,1709197815.7263408,1709197815.7263477
1440,1709197815.8524618,1709197815.8524702
1441,1709197815.9263444,1709197815.926351
1442,1709197816.0280063,1709197816.0280132
1443,1709197816.12992,1709197816.1299264
1444,1709197816.2236154,1709197816.2236226
1445,1709197816.3245428,1709197816.3245502
1446,1709197816.4378242,1709197816.4378371
1447,1709197816.530526,1709197816.5305326
1448,1709197816.6292584,1709197816.6292665
1449,1709197816.7285998,1709197816.7286062
1450,1709197816.8291497,1709197816.829156
1451,1709197816.9214716,1709197816.9214768
1452,1709197817.024593,1709197817.0246005
1453,1709197817.1251059,1709197817.1251142
1454,1709197817.229998,1709197817.2300034
1455,1709197817.3306005,1709197817.3306081
1456,1709197817.421097,1709197817.4211035
1457,1709197817.5325966,1709197817.532605
1458,1709197817.6301503,1709197817.630157
1459,1709197817.7342036,1709197817.734211
1460,1709197817.8300052,1709197817.8300116
1461,1709197817.925388,1709197817.9253945
1462,1709197818.030677,1709197818.0306842
1463,1709197818.1269064,1709197818.1269138
1464,1709197818.2337456,1709197818.2337508
1465,1709197818.322832,1709197818.322839
1466,1709197818.425958,1709197818.425965
1467,1709197818.5274756,1709197818.5274847
1468,1709197818.6291237,1709197818.6291306
1469,1709197818.7307618,1709197818.7307673
1470,1709197818.8328483,1709197818.8328555
1471,1709197818.9312975,1709197818.9313035
1472,1709197819.0361874,1709197819.0361943
1473,1709197819.1270187,1709197819.1270251
1474,1709197819.234041,1709197819.2340486
1475,1709197819.3351023,1709197819.3351092
1476,1709197819.4291885,1709197819.4291945
1477,1709197819.5265198,1709197819.526527
1478,1709197819.623329,1709197819.6233356
1479,1709197819.7256281,1709197819.7256336
1480,1709197819.8251483,1709197819.8251548
1481,1709197819.9294262,1709197819.9294326
1482,1709197820.0252452,1709197820.0252512
1483,1709197820.1271625,1709197820.1271687
1484,1709197820.227266,1709197820.227271
1485,1709197820.3293602,1709197820.329368
1486,1709197820.4298446,1709197820.4298508
1487,1709197820.5255685,1709197820.525576
1488,1709197820.6324368,1709197820.6324437
1489,1709197820.7304919,1709197820.7304976
1490,1709197820.838688,1709197820.8386946
1491,1709197820.9326859,1709197820.9326923
1492,1709197821.0307422,1709197821.030749
1493,1709197821.1227727,1709197821.1227818
1494,1709197821.2234352,1709197821.223443
1495,1709197821.3280225,1709197821.3280299
1496,1709197821.4238143,1709197821.423822
1497,1709197821.5231435,1709197821.5231497
1498,1709197821.6234975,1709197821.6235025
1499,1709197821.725586,1709197821.7255929
1500,1709197821.823202,1709197821.823209
1501,1709197821.9369686,1709197821.9369767
1502,1709197822.024483,1709197822.0244915
1503,1709197822.1316686,1709197822.1316748
1504,1709197822.2250357,1709197822.2250433
1505,1709197822.331768,1709197822.3317757
1506,1709197822.429381,1709197822.429389
1507,1709197822.5276423,1709197822.5276487
1508,1709197822.6380033,1709197822.6380112
1509,1709197822.735653,1709197822.7356606
1510,1709197822.8292918,1709197822.8292983
1511,1709197822.9499478,1709197822.9499543
1512,1709197823.032285,1709197823.0322917
1513,1709197823.1313512,1709197823.1313586
1514,1709197823.2412713,1709197823.24128
1515,1709197823.335023,1709197823.3350308
1516,1709197823.4269583,1709197823.4269652
1517,1709197823.5343578,1709197823.534365
1518,1709197823.6340811,1709197823.634087
1519,1709197823.7359722,1709197823.735979
1520,1709197823.8264709,1709197823.8264768
1521,1709197823.9254556,1709197823.9254646
1522,1709197824.0274937,1709197824.0275006
1523,1709197824.1478121,1709197824.1478198
1524,1709197824.2401397,1709197824.2401466
1525,1709197824.3351092,1709197824.3351157
1526,1709197824.4302435,1709197824.4302497
1527,1709197824.5256078,1709197824.5256145
1528,1709197824.6395464,1709197824.639553
1529,1709197824.7276216,1709197824.727629
1530,1709197824.8351583,1709197824.835167
1531,1709197824.9331467,1709197824.9331548
1532,1709197825.0223336,1709197825.0223403
1533,1709197825.135937,1709197825.1359453
1534,1709197825.2299411,1709197825.229949
1535,1709197825.3249102,1709197825.3249156
1536,1709197825.4256573,1709197825.4256628
1537,1709197825.535571,1709197825.5355792
1538,1709197825.6332555,1709197825.633263
1539,1709197825.7303514,1709197825.7303572
1540,1709197825.8372512,1709197825.8372586
1541,1709197825.9367251,1709197825.9367335
1542,1709197826.027355,1709197826.0273983
1543,1709197826.1298757,1709197826.1298826
1544,1709197826.2355502,1709197826.235557
1545,1709197826.3362322,1709197826.3362396
1546,1709197826.4323637,1709197826.432371
1547,1709197826.526929,1709197826.5269356
1548,1709197826.6344943,1709197826.6345005
1549,1709197826.7249165,1709197826.7249246
1550,1709197826.8290114,1709197826.8290184
1551,1709197826.923249,1709197826.923256
1552,1709197827.0405834,1709197827.0405898
1553,1709197827.1333764,1709197827.1333828
1554,1709197827.2438278,1709197827.2438457
1555,1709197827.3229268,1709197827.3229337
1556,1709197827.4276261,1709197827.427634
1557,1709197827.5360599,1709197827.536066
1558,1709197827.630849,1709197827.6308553
1559,1709197827.733307,1709197827.7333136
1560,1709197827.8225994,1709197827.8226078
1561,1709197827.9382365,1709197827.9382453
1562,1709197828.032885,1709197828.032893
1563,1709197828.1295898,1709197828.1295986
1564,1709197828.235253,1709197828.2352657
1565,1709197828.3247666,1709197828.324775
1566,1709197828.4264934,1709197828.4265003
1567,1709197828.5289226,1709197828.5289302
1568,1709197828.628395,1709197828.6284015
1569,1709197828.7303784,1709197828.7303872
1570,1709197828.8318968,1709197828.8319035
1571,1709197828.9316745,1709197828.9316833
1572,1709197829.0244122,1709197829.0244195
1573,1709197829.134194,1709197829.134203
1574,1709197829.232508,1709197829.2325144
1575,1709197829.3283184,1709197829.3283253
1576,1709197829.4382129,1709197829.4382198
1577,1709197829.5261886,1709197829.5261953
1578,1709197829.629571,1709197829.6295784
1579,1709197829.7234342,1709197829.7234414
1580,1709197829.8262842,1709197829.826292
1581,1709197829.9242823,1709197829.9242883
1582,1709197830.0237665,1709197830.0237732
1583,1709197830.131178,1709197830.131184
1584,1709197830.2260268,1709197830.2260346
1585,1709197830.3311703,1709197830.3311772
1586,1709197830.4256983,1709197830.4257054
1587,1709197830.5219235,1709197830.521931
1588,1709197830.6261249,1709197830.6261325
1589,1709197830.724519,1709197830.724526
1590,1709197830.8258603,1709197830.825868
1591,1709197830.9234433,1709197830.9234493
1592,1709197831.0346422,1709197831.0346491
1593,1709197831.1288562,1709197831.1288636
1594,1709197831.227369,1709197831.2273765
1595,1709197831.330284,1709197831.330293
1596,1709197831.436244,1709197831.4362514
1597,1709197831.5272965,1709197831.5273054
1598,1709197831.62544,1709197831.6254487
1599,1709197831.7302687,1709197831.7302785
1600,1709197831.8391943,1709197831.8392017
1601,1709197831.9349825,1709197831.9349904
1602,1709197832.031599,1709197832.0316062
1603,1709197832.135588,1709197832.1355956
1604,1709197832.2267258,1709197832.226734
1605,1709197832.3270361,1709197832.3270435
1606,1709197832.4293892,1709197832.4293962
1607,1709197832.5302036,1709197832.5302107
1608,1709197832.6283393,1709197832.6283467
1609,1709197832.7267456,1709197832.7267518
1610,1709197832.8293145,1709197832.8293223
1611,1709197832.9388106,1709197832.9388173
1612,1709197833.034891,1709197833.0348985
1613,1709197833.125633,1709197833.12564
1614,1709197833.232391,1709197833.2323978
1615,1709197833.325407,1709197833.325414
1616,1709197833.4263554,1709197833.4263666
1617,1709197833.5259082,1709197833.5259142
1618,1709197833.6236336,1709197833.6236403
1619,1709197833.7256367,1709197833.7256424
1620,1709197833.824829,1709197833.8248355
1621,1709197833.9254866,1709197833.9254932
1622,1709197834.0281298,1709197834.0281367
1623,1709197834.1355178,1709197834.1355243
1624,1709197834.2383804,1709197834.238385
1625,1709197834.3341303,1709197834.3341374
1626,1709197834.4213126,1709197834.4213195
1627,1709197834.5266938,1709197834.5267084
1628,1709197834.6275973,1709197834.6276472
1629,1709197834.7381797,1709197834.738224
1630,1709197834.8345587,1709197834.8346074
1631,1709197834.9288988,1709197834.928992
1632,1709197835.0501018,1709197835.050187
1633,1709197835.1315746,1709197835.1318142
1634,1709197835.2246919,1709197835.2247484
1635,1709197835.3321447,1709197835.3322291
1636,1709197835.4379804,1709197835.4380658
1637,1709197835.5310283,1709197835.5311067
1638,1709197835.6351974,1709197835.6352835
1639,1709197835.731581,1709197835.7316334
1640,1709197835.8308935,1709197835.8309722
1641,1709197835.9295151,1709197835.9295933
1642,1709197836.024868,1709197836.0249305
1643,1709197836.1318488,1709197836.1318932
1644,1709197836.238534,1709197836.2385745
1645,1709197836.332098,1709197836.332151
1646,1709197836.4345644,1709197836.4346018
1647,1709197836.5343127,1709197836.534369
1648,1709197836.631507,1709197836.6315594
1649,1709197836.7377324,1709197836.7377825
1650,1709197836.8332474,1709197836.8333066
1651,1709197836.9335957,1709197836.9336708
1652,1709197837.0373597,1709197837.0374186
1653,1709197837.1224504,1709197837.1225133
1654,1709197837.222044,1709197837.222088
1655,1709197837.3279803,1709197837.32804
1656,1709197837.4226797,1709197837.422727
1657,1709197837.5241508,1709197837.524196
1658,1709197837.6351125,1709197837.6351886
1659,1709197837.7253902,1709197837.7254343
1660,1709197837.8281422,1709197837.8281863
1661,1709197837.9273326,1709197837.9274032
1662,1709197838.0253193,1709197838.0253947
1663,1709197838.1253736,1709197838.1254213
1664,1709197838.2310286,1709197838.2310755
1665,1709197838.3349557,1709197838.3350265
1666,1709197838.4351058,1709197838.4351542
1667,1709197838.526892,1709197838.5269625
1668,1709197838.6308825,1709197838.6309574
1669,1709197838.7242277,1709197838.7242754
1670,1709197838.8382535,1709197838.8383217
1671,1709197838.9472778,1709197838.9473662
1672,1709197839.034626,1709197839.0346737
1673,1709197839.1339264,1709197839.1340008
1674,1709197839.2324815,1709197839.2325227
1675,1709197839.3318312,1709197839.3318748
1676,1709197839.4341125,1709197839.4341888
1677,1709197839.5391815,1709197839.53926
1678,1709197839.6216207,1709197839.621702
1679,1709197839.7404215,1709197839.7405012
1680,1709197839.8307304,1709197839.8308768
1681,1709197839.93772,1709197839.9378018
1682,1709197840.040407,1709197840.0404923
1683,1709197840.1304219,1709197840.1305068
1684,1709197840.2323496,1709197840.232497
1685,1709197840.329571,1709197840.329652
1686,1709197840.43322,1709197840.4332974
1687,1709197840.5325563,1709197840.532637
1688,1709197840.6335976,1709197840.6337912
1689,1709197840.7239099,1709197840.7240405
1690,1709197840.8384528,1709197840.8385453
1691,1709197840.9321275,1709197840.932239
1692,1709197841.029608,1709197841.0296774
1693,1709197841.1243908,1709197841.1244802
1694,1709197841.230498,1709197841.2306118
1695,1709197841.3306444,1709197841.3307796
1696,1709197841.4252017,1709197841.4253175
1697,1709197841.5274353,1709197841.5275884
1698,1709197841.625331,1709197841.625417
1699,1709197841.7239301,1709197841.724007
1700,1709197841.8240979,1709197841.8241863
1701,1709197841.925839,1709197841.9259236
1702,1709197842.0293179,1709197842.029398
1703,1709197842.1262233,1709197842.126315
1704,1709197842.224784,1709197842.2249331
1705,1709197842.3253734,1709197842.3254936
1706,1709197842.430921,1709197842.4310029
1707,1709197842.5328102,1709197842.5328944
1708,1709197842.6329954,1709197842.6330893
1709,1709197842.728357,1709197842.7284439
1710,1709197842.8331141,1709197842.8332052
1711,1709197842.9311757,1709197842.9331217
1712,1709197843.045294,1709197843.0453777
1713,1709197843.1297748,1709197843.129862
1714,1709197843.2219772,1709197843.2221112
1715,1709197843.341765,1709197843.3418539
1716,1709197843.428311,1709197843.4283674
1717,1709197843.5242133,1709197843.5242648
1718,1709197843.623671,1709197843.6237087
1719,1709197843.7254612,1709197843.7255068
1720,1709197843.8323052,1709197843.832345
1721,1709197843.9409444,1709197843.940993
1722,1709197844.0231733,1709197844.0232246
1723,1709197844.1349666,1709197844.135185
1724,1709197844.2330678,1709197844.233186
1725,1709197844.3301833,1709197844.3302596
1726,1709197844.4440944,1709197844.4441934
1727,1709197844.537221,1709197844.5373461
1728,1709197844.634182,1709197844.6342537
1729,1709197844.7239022,1709197844.7239828
1730,1709197844.8321726,1709197844.8322468
1731,1709197844.937136,1709197844.9372835
1732,1709197845.0338879,1709197845.033977
1733,1709197845.1341689,1709197845.1346204
1734,1709197845.2424023,1709197845.242487
1735,1709197845.328149,1709197845.3282816
1736,1709197845.425673,1709197845.425743
1737,1709197845.5278053,1709197845.5278873
1738,1709197845.6379044,1709197845.6379807
1739,1709197845.7341552,1709197845.734221
1740,1709197845.8395739,1709197845.839647
1741,1709197845.9302747,1709197845.9303577
1742,1709197846.0625072,1709197846.062569
1743,1709197846.1374469,1709197846.137568
1744,1709197846.246626,1709197846.2468724
1745,1709197846.3273377,1709197846.327425
1746,1709197846.4390006,1709197846.4390821
1747,1709197846.5310197,1709197846.531105
1748,1709197846.6366699,1709197846.6367495
1749,1709197846.7371259,1709197846.737205
1750,1709197846.8425193,1709197846.842652
1751,1709197846.9356287,1709197846.9357114
1752,1709197847.022682,1709197847.0227609
1753,1709197847.1365492,1709197847.1366334
1754,1709197847.2340884,1709197847.234179
1755,1709197847.3278682,1709197847.3279586
1756,1709197847.427413,1709197847.427549
1757,1709197847.53096,1709197847.5310054
1758,1709197847.6330073,1709197847.633057
1759,1709197847.7287788,1709197847.7288158
1760,1709197847.8285763,1709197847.8286674
1761,1709197847.938563,1709197847.9386134
1762,1709197848.028833,1709197848.0288403
1763,1709197848.1297486,1709197848.1297545
1764,1709197848.2346199,1709197848.2346253
1765,1709197848.330501,1709197848.3305063
1766,1709197848.43664,1709197848.436645
1767,1709197848.5266407,1709197848.5266457
1768,1709197848.6254673,1709197848.625472
1769,1709197848.7253456,1709197848.7253513
1770,1709197848.8304913,1709197848.8304977
1771,1709197848.9305592,1709197848.930565
1772,1709197849.027459,1709197849.0274644
1773,1709197849.1245203,1709197849.1245265
1774,1709197849.2260945,1709197849.2261004
1775,1709197849.3264832,1709197849.3264894
1776,1709197849.4264548,1709197849.4264617
1777,1709197849.5303924,1709197849.5303984
1778,1709197849.6274962,1709197849.6275017
1779,1709197849.7370574,1709197849.7370627
1780,1709197849.8372395,1709197849.8372452
1781,1709197849.944151,1709197849.9441576
1782,1709197850.033173,1709197850.0373397
1783,1709197850.1364694,1709197850.1418045
1784,1709197850.235101,1709197850.2408345
1785,1709197850.3412359,1709197850.3443267
1786,1709197850.4329178,1709197850.4362636
1787,1709197850.5274475,1709197850.5309718
1788,1709197850.6304433,1709197850.6338596
1789,1709197850.7330766,1709197850.736566
1790,1709197850.8267643,1709197850.83257
1791,1709197850.9226418,1709197850.9259686
1792,1709197851.023684,1709197851.0270534
1793,1709197851.1243744,1709197851.1293623
1794,1709197851.2302866,1709197851.23436
1795,1709197851.3220391,1709197851.3255816
1796,1709197851.4248657,1709197851.4281013
1797,1709197851.5270655,1709197851.5305839
1798,1709197851.6354809,1709197851.638675
1799,1709197851.7260473,1709197851.7296717
1800,1709197851.828985,1709197851.8337805
1801,1709197851.928164,1709197851.9310224
1802,1709197852.0237792,1709197852.0282626
1803,1709197852.12687,1709197852.1297443
1804,1709197852.2218206,1709197852.2275078
1805,1709197852.3272798,1709197852.3333347
1806,1709197852.43347,1709197852.4367187
1807,1709197852.5245287,1709197852.5275295
1808,1709197852.624139,1709197852.6270666
1809,1709197852.7235494,1709197852.7266681
1810,1709197852.8215642,1709197852.824878
1811,1709197852.927002,1709197852.9299536
1812,1709197853.025197,1709197853.0286896
1813,1709197853.1512463,1709197853.1562252
1814,1709197853.2340598,1709197853.2367232
1815,1709197853.3248107,1709197853.3287592
1816,1709197853.4219875,1709197853.425152
1817,1709197853.5282054,1709197853.5391266
1818,1709197853.6261604,1709197853.62967
1819,1709197853.7314637,1709197853.7356348
1820,1709197853.8239117,1709197853.8276274
1821,1709197853.9278004,1709197853.931395
1822,1709197854.023915,1709197854.0283291
1823,1709197854.1268957,1709197854.1302462
1824,1709197854.2308583,1709197854.234185
1825,1709197854.3275564,1709197854.3311293
1826,1709197854.426242,1709197854.429155
1827,1709197854.5343595,1709197854.5377092
1828,1709197854.6257677,1709197854.629146
1829,1709197854.7289872,1709197854.7327607
1830,1709197854.8233893,1709197854.8292
1831,1709197854.9260006,1709197854.9312363
1832,1709197855.0322964,1709197855.0353606
1833,1709197855.1272202,1709197855.1314068
1834,1709197855.2264829,1709197855.2296197
1835,1709197855.3287032,1709197855.3322368
1836,1709197855.4247065,1709197855.429341
1837,1709197855.5250716,1709197855.5271783
1838,1709197855.6335897,1709197855.6366615
1839,1709197855.7235036,1709197855.7270458
1840,1709197855.8243775,1709197855.8292072
1841,1709197855.9294822,1709197855.9322326
1842,1709197856.0261352,1709197856.0295296
1843,1709197856.1300719,1709197856.1334853
1844,1709197856.227087,1709197856.2301824
1845,1709197856.3219426,1709197856.3244622
1846,1709197856.4257677,1709197856.42937
1847,1709197856.5277064,1709197856.530843
1848,1709197856.6219778,1709197856.6241717
1849,1709197856.7251565,1709197856.7287233
1850,1709197856.8246667,1709197856.8276587
1851,1709197856.9271665,1709197856.9304652
1852,1709197857.0276017,1709197857.0320535
1853,1709197857.1308029,1709197857.1350358
1854,1709197857.2261515,1709197857.2299187
1855,1709197857.326867,1709197857.3301716
1856,1709197857.432443,1709197857.43624
1857,1709197857.528915,1709197857.5327523
1858,1709197857.6360602,1709197857.6437032
1859,1709197857.7245994,1709197857.7278917
1860,1709197857.8296192,1709197857.8333662
1861,1709197857.9271955,1709197857.9305758
1862,1709197858.0288754,1709197858.0326111
1863,1709197858.1224735,1709197858.1258059
1864,1709197858.2279994,1709197858.2312717
1865,1709197858.3269236,1709197858.3342855
1866,1709197858.4301386,1709197858.4330485
1867,1709197858.5338535,1709197858.537044
1868,1709197858.6330655,1709197858.6362338
1869,1709197858.742183,1709197858.745515
1870,1709197858.8374555,1709197858.8406022
1871,1709197858.9421482,1709197858.9470606
1872,1709197859.0247731,1709197859.0279288
1873,1709197859.1259165,1709197859.1289945
1874,1709197859.232318,1709197859.2360556
1875,1709197859.3230898,1709197859.325922
1876,1709197859.4288225,1709197859.431543
1877,1709197859.533005,1709197859.53637
1878,1709197859.6259875,1709197859.6296172
1879,1709197859.7266963,1709197859.7293856
1880,1709197859.831913,1709197859.8352885
1881,1709197859.9335947,1709197859.9362447
1882,1709197860.025092,1709197860.0280616
1883,1709197860.1308653,1709197860.1354446
1884,1709197860.2292945,1709197860.2324455
1885,1709197860.323681,1709197860.3268428
1886,1709197860.4233627,1709197860.4281604
1887,1709197860.5216134,1709197860.5250225
1888,1709197860.6352901,1709197860.6397755
1889,1709197860.7221322,1709197860.7270916
1890,1709197860.8267741,1709197860.830126
1891,1709197860.9323967,1709197860.9353588
1892,1709197861.0260487,1709197861.030399
1893,1709197861.1405241,1709197861.144763
1894,1709197861.2383513,1709197861.246401
1895,1709197861.3279505,1709197861.3314073
1896,1709197861.4325867,1709197861.436112
1897,1709197861.5333855,1709197861.5367665
1898,1709197861.6314564,1709197861.6351655
1899,1709197861.7410882,1709197861.743921
1900,1709197861.8283238,1709197861.8313613
1901,1709197861.9354174,1709197861.9392292
1902,1709197862.0265381,1709197862.0301237
1903,1709197862.1308935,1709197862.1347587
1904,1709197862.2314622,1709197862.2343435
1905,1709197862.3292267,1709197862.3323662
1906,1709197862.4241328,1709197862.428966
1907,1709197862.5304365,1709197862.5337894
1908,1709197862.6289124,1709197862.6326914
1909,1709197862.7297862,1709197862.7336314
1910,1709197862.8263514,1709197862.82957
1911,1709197862.9265337,1709197862.9295297
1912,1709197863.0294898,1709197863.0324466
1913,1709197863.131266,1709197863.1343899
1914,1709197863.233732,1709197863.2370474
1915,1709197863.3320222,1709197863.3338466
1916,1709197863.4277256,1709197863.4335184
1917,1709197863.5245988,1709197863.5279114
1918,1709197863.633531,1709197863.6370113
1919,1709197863.736984,1709197863.7403095
1920,1709197863.8271072,1709197863.8299778
1921,1709197863.9329646,1709197863.9357607
1922,1709197864.0299318,1709197864.0329802
1923,1709197864.14018,1709197864.1431928
1924,1709197864.2264864,1709197864.23003
1925,1709197864.3369684,1709197864.3401437
1926,1709197864.426688,1709197864.4302845
1927,1709197864.5276933,1709197864.5310137
1928,1709197864.6228683,1709197864.6260464
1929,1709197864.725,1709197864.728233
1930,1709197864.837065,1709197864.8404527
1931,1709197864.926859,1709197864.930708
1932,1709197865.036185,1709197865.0391943
1933,1709197865.1570024,1709197865.160601
1934,1709197865.2289038,1709197865.2321014
1935,1709197865.329754,1709197865.3326757
1936,1709197865.4307876,1709197865.4340723
1937,1709197865.534873,1709197865.537908
1938,1709197865.6247675,1709197865.6275415
1939,1709197865.7275693,1709197865.7309566
1940,1709197865.8251643,1709197865.8284788
1941,1709197865.9271486,1709197865.9300914
1942,1709197866.023974,1709197866.0274608
1943,1709197866.1301641,1709197866.1334026
1944,1709197866.221976,1709197866.2254195
1945,1709197866.327973,1709197866.3313553
1946,1709197866.4308386,1709197866.4340715
1947,1709197866.5266068,1709197866.5299032
1948,1709197866.6256294,1709197866.6287026
1949,1709197866.7269335,1709197866.7301345
1950,1709197866.8306305,1709197866.8333642
1951,1709197866.9348297,1709197866.9379895
1952,1709197867.0287173,1709197867.0318406
1953,1709197867.1356504,1709197867.1356566
1954,1709197867.2296517,1709197867.2296586
1955,1709197867.32644,1709197867.3264482
1956,1709197867.4272141,1709197867.4272208
1957,1709197867.5319176,1709197867.5319254
1958,1709197867.6261861,1709197867.6261914
1959,1709197867.7252328,1709197867.7252395
1960,1709197867.826285,1709197867.826292
1961,1709197867.9262695,1709197867.9262786
1962,1709197868.0243948,1709197868.0244007
1963,1709197868.1304522,1709197868.1304607
1964,1709197868.2255745,1709197868.2255886
1965,1709197868.3288307,1709197868.3288379
1966,1709197868.4235497,1709197868.4235568
1967,1709197868.5271902,1709197868.5271974
1968,1709197868.628072,1709197868.6280797
1969,1709197868.728243,1709197868.7282536
1970,1709197868.823549,1709197868.8235555
1971,1709197868.932051,1709197868.9320567
1972,1709197869.02423,1709197869.0242383
1973,1709197869.1227102,1709197869.1227167
1974,1709197869.228494,1709197869.2285025
1975,1709197869.3260396,1709197869.3260489
1976,1709197869.4295714,1709197869.4295776
1977,1709197869.530554,1709197869.5305607
1978,1709197869.6306164,1709197869.6306224
1979,1709197869.7282765,1709197869.728284
1980,1709197869.827721,1709197869.8277297
1981,1709197869.9255354,1709197869.925541
1982,1709197870.0245564,1709197870.0245636
1983,1709197870.1252196,1709197870.1252267
1984,1709197870.2324924,1709197870.2325008
1985,1709197870.3296168,1709197870.3296242
1986,1709197870.431183,1709197870.4311895
1987,1709197870.533355,1709197870.5333614
1988,1709197870.6295547,1709197870.6295605
1989,1709197870.7293358,1709197870.7293434
1990,1709197870.829862,1709197870.829869
1991,1709197870.9316127,1709197870.9316206
1992,1709197871.03314,1709197871.033148
1993,1709197871.130101,1709197871.1301079
1994,1709197871.2339594,1709197871.2339675
1995,1709197871.3246474,1709197871.3246543
1996,1709197871.432271,1709197871.4322774
1997,1709197871.5334883,1709197871.533494
1998,1709197871.6299393,1709197871.629945
1999,1709197871.7229478,1709197871.7229517
2000,1709197871.82912,1709197871.829128
2001,1709197871.9281423,1709197871.9281492
2002,1709197872.0250216,1709197872.025029
2003,1709197872.1234443,1709197872.1234517
2004,1709197872.2492654,1709197872.2492735
2005,1709197872.3280785,1709197872.3280847
2006,1709197872.425698,1709197872.425704
2007,1709197872.5327284,1709197872.532734
2008,1709197872.6273823,1709197872.6273887
2009,1709197872.7287416,1709197872.728749
2010,1709197872.8278124,1709197872.8280613
2011,1709197872.924684,1709197872.92469
2012,1709197873.0303035,1709197873.03031
2013,1709197873.1262918,1709197873.1262999
2014,1709197873.2250462,1709197873.225055
2015,1709197873.326682,1709197873.3266885
2016,1709197873.4259264,1709197873.4259326
2017,1709197873.534043,1709197873.5340502
2018,1709197873.6336665,1709197873.6336732
2019,1709197873.7274122,1709197873.7274203
2020,1709197873.8252301,1709197873.825235
2021,1709197873.9244487,1709197873.9244561
2022,1709197874.0241783,1709197874.0241864
2023,1709197874.1312187,1709197874.1312294
2024,1709197874.2262383,1709197874.2262437
2025,1709197874.3300362,1709197874.3300438
2026,1709197874.425932,1709197874.425937
2027,1709197874.529626,1709197874.5296333
2028,1709197874.6274483,1709197874.627456
2029,1709197874.7237911,1709197874.723798
2030,1709197874.8253837,1709197874.8253908
2031,1709197874.9311042,1709197874.931111
2032,1709197875.0275514,1709197875.0275586
2033,1709197875.1239834,1709197875.1239898
2034,1709197875.2293146,1709197875.2293222
2035,1709197875.32646,1709197875.3264673
2036,1709197875.4334335,1709197875.4334402
2037,1709197875.5334215,1709197875.5334299
2038,1709197875.6296477,1709197875.6296558
2039,1709197875.7255485,1709197875.725555
2040,1709197875.8294766,1709197875.8294854
2041,1709197875.9233139,1709197875.9233212
2042,1709197876.0252202,1709197876.0252273
2043,1709197876.1227205,1709197876.122727
2044,1709197876.2255805,1709197876.225588
2045,1709197876.3346436,1709197876.3346503
2046,1709197876.4242175,1709197876.424225
2047,1709197876.523554,1709197876.5235593
2048,1709197876.622784,1709197876.622789
2049,1709197876.729045,1709197876.7290518
2050,1709197876.8260965,1709197876.8261032
2051,1709197876.9323595,1709197876.9323678
2052,1709197877.0230956,1709197877.0231009
2053,1709197877.128464,1709197877.128472
2054,1709197877.2259877,1709197877.2259936
2055,1709197877.3365977,1709197877.3366039
2056,1709197877.4276476,1709197877.4276547
2057,1709197877.52698,1709197877.526985
2058,1709197877.6242244,1709197877.6242316
2059,1709197877.7240314,1709197877.7240403
2060,1709197877.832173,1709197877.83218
2061,1709197877.9220593,1709197877.9220657
2062,1709197878.025032,1709197878.025041
2063,1709197878.133118,1709197878.133124
2064,1709197878.2300854,1709197878.2300923
2065,1709197878.3301256,1709197878.330132
2066,1709197878.4236412,1709197878.4236486
2067,1709197878.5260117,1709197878.5260186
2068,1709197878.6272402,1709197878.627248
2069,1709197878.7236023,1709197878.723609
2070,1709197878.8262846,1709197878.826295
2071,1709197878.9230793,1709197878.9230855
2072,1709197879.022046,1709197879.0220542
2073,1709197879.1221886,1709197879.1221962
2074,1709197879.2483816,1709197879.2483885
2075,1709197879.3257234,1709197879.3257308
2076,1709197879.4287815,1709197879.4287896
2077,1709197879.5223866,1709197879.5224323
2078,1709197879.6261172,1709197879.6261241
2079,1709197879.728954,1709197879.7289617
2080,1709197879.8264248,1709197879.8264327
2081,1709197879.930649,1709197879.9306586
2082,1709197880.026874,1709197880.0268812
2083,1709197880.1283636,1709197880.1283703
2084,1709197880.2254312,1709197880.2254398
2085,1709197880.324742,1709197880.3247526
2086,1709197880.4235814,1709197880.4235878
2087,1709197880.5291293,1709197880.5291388
2088,1709197880.6239963,1709197880.624003
2089,1709197880.734538,1709197880.7345452
2090,1709197880.837651,1709197880.8376577
2091,1709197880.9297628,1709197880.92977
2092,1709197881.0295877,1709197881.0295951
2093,1709197881.1258674,1709197881.125877
2094,1709197881.2279046,1709197881.2279136
2095,1709197881.3280377,1709197881.328044
2096,1709197881.4287214,1709197881.428728
2097,1709197881.5241275,1709197881.524133
2098,1709197881.6255918,1709197881.6255987
2099,1709197881.7271757,1709197881.727182
2100,1709197881.8258855,1709197881.825896
2101,1709197881.9259868,1709197881.9259937
2102,1709197882.0302033,1709197882.0302086
2103,1709197882.1218348,1709197882.1218414
2104,1709197882.2307992,1709197882.2308075
2105,1709197882.3290663,1709197882.3290749
2106,1709197882.4253435,1709197882.425352
2107,1709197882.5306232,1709197882.5306299
2108,1709197882.6326222,1709197882.63263
2109,1709197882.7289543,1709197882.728961
2110,1709197882.8345184,1709197882.834525
2111,1709197882.9376473,1709197882.9376543
2112,1709197883.0359805,1709197883.0359874
2113,1709197883.12622,1709197883.1262274
2114,1709197883.2344851,1709197883.2344918
2115,1709197883.3302133,1709197883.3302207
2116,1709197883.4335818,1709197883.4335911
2117,1709197883.523809,1709197883.523816
2118,1709197883.6252925,1709197883.6253014
2119,1709197883.745229,1709197883.7452362
2120,1709197883.8225048,1709197883.8225117
2121,1709197883.9269462,1709197883.926953
2122,1709197884.026717,1709197884.0267222
2123,1709197884.1251292,1709197884.1251364
2124,1709197884.2369425,1709197884.2369509
2125,1709197884.3244507,1709197884.3244586
2126,1709197884.434489,1709197884.4344969
2127,1709197884.531368,1709197884.5313756
2128,1709197884.6253314,1709197884.6253366
2129,1709197884.7240472,1709197884.7240548
2130,1709197884.8249118,1709197884.8249211
2131,1709197884.9290476,1709197884.9290543
2132,1709197885.024942,1709197885.0249474
2133,1709197885.133643,1709197885.1336513
2134,1709197885.2220347,1709197885.222042
2135,1709197885.3252482,1709197885.325256
2136,1709197885.4311688,1709197885.431176
2137,1709197885.5316691,1709197885.5316756
2138,1709197885.629251,1709197885.6292608
2139,1709197885.7227368,1709197885.7227442
2140,1709197885.8334842,1709197885.8334918
2141,1709197885.931893,1709197885.9318995
2142,1709197886.0242147,1709197886.0242214
2143,1709197886.1274998,1709197886.1275074
2144,1709197886.2343843,1709197886.2343943
2145,1709197886.3370829,1709197886.3370907
2146,1709197886.4281943,1709197886.4282005
2147,1709197886.5264695,1709197886.5264769
2148,1709197886.6299524,1709197886.6299627
2149,1709197886.7300634,1709197886.7300706
2150,1709197886.826411,1709197886.8264189
2151,1709197886.9288847,1709197886.928893
2152,1709197887.0311363,1709197887.0311434
2153,1709197887.1320634,1709197887.1320703
2154,1709197887.228863,1709197887.2288713
2155,1709197887.3259242,1709197887.3259313
2156,1709197887.4274313,1709197887.4274385
2157,1709197887.5328631,1709197887.5328717
2158,1709197887.6303618,1709197887.6303685
2159,1709197887.7314534,1709197887.7314599
2160,1709197887.8261075,1709197887.8261127
2161,1709197887.9265525,1709197887.926559
2162,1709197888.0232189,1709197888.0232258
2163,1709197888.1249063,1709197888.124911
2164,1709197888.2278643,1709197888.2278712
2165,1709197888.3302526,1709197888.3302577
2166,1709197888.4291277,1709197888.4291363
2167,1709197888.5274658,1709197888.5274725
2168,1709197888.629893,1709197888.6298993
2169,1709197888.7254622,1709197888.725469
2170,1709197888.824896,1709197888.8249023
2171,1709197888.9340343,1709197888.9340413
2172,1709197889.0366697,1709197889.036678
2173,1709197889.129919,1709197889.129926
2174,1709197889.233088,1709197889.2330954
2175,1709197889.324001,1709197889.3240082
2176,1709197889.4247303,1709197889.4247375
2177,1709197889.5260556,1709197889.526063
2178,1709197889.6262429,1709197889.6262484
2179,1709197889.7214644,1709197889.721471
2180,1709197889.8295293,1709197889.8295362
2181,1709197889.92492,1709197889.9249275
2182,1709197890.0244813,1709197890.0244882
2183,1709197890.1275787,1709197890.1275852
2184,1709197890.2253468,1709197890.225354
2185,1709197890.330054,1709197890.330061
2186,1709197890.431711,1709197890.4317172
2187,1709197890.5280614,1709197890.5280676
2188,1709197890.63036,1709197890.6303663
2189,1709197890.730098,1709197890.7301035
2190,1709197890.821974,1709197890.8219802
2191,1709197890.9277067,1709197890.9277153
2192,1709197891.0327625,1709197891.0327704
2193,1709197891.1318521,1709197891.1318583
2194,1709197891.2280183,1709197891.2280252
2195,1709197891.3288739,1709197891.3288815
2196,1709197891.434121,1709197891.4341316
2197,1709197891.5314643,1709197891.531472
2198,1709197891.6256788,1709197891.6256855
2199,1709197891.726605,1709197891.7266123
2200,1709197891.836353,1709197891.8363607
2201,1709197891.923456,1709197891.9234629
2202,1709197892.0415716,1709197892.041578
2203,1709197892.1327899,1709197892.132797
2204,1709197892.2285616,1709197892.2285683
2205,1709197892.3330514,1709197892.3330579
2206,1709197892.4288177,1709197892.4288273
2207,1709197892.5272942,1709197892.5273018
2208,1709197892.628993,1709197892.6290002
2209,1709197892.7245357,1709197892.724543
2210,1709197892.8310218,1709197892.8310297
2211,1709197892.9305024,1709197892.9305093
2212,1709197893.0307934,1709197893.0307999
2213,1709197893.1271648,1709197893.127174
2214,1709197893.233565,1709197893.2335718
2215,1709197893.327468,1709197893.3274746
2216,1709197893.4273252,1709197893.4273295
2217,1709197893.5286818,1709197893.5286899
2218,1709197893.6289344,1709197893.6289399
2219,1709197893.725439,1709197893.7254448
2220,1709197893.8290157,1709197893.8290226
2221,1709197893.9313939,1709197893.9314003
2222,1709197894.0269349,1709197894.0269406
2223,1709197894.1253016,1709197894.1253107
2224,1709197894.4800973,1709197894.480108
2225,1709197894.488737,1709197894.4887416
2226,1709197894.5246449,1709197894.524652
2227,1709197894.628887,1709197894.6288939
2228,1709197894.7280252,1709197894.728031
2229,1709197894.8233309,1709197894.8233385
2230,1709197894.9248505,1709197894.9248557
2231,1709197895.0273318,1709197895.0273385
2232,1709197895.1303513,1709197895.1303577
2233,1709197895.2267566,1709197895.2267642
2234,1709197895.3238106,1709197895.323817
2235,1709197895.4226851,1709197895.4226925
2236,1709197895.5266871,1709197895.5266936
2237,1709197895.6266572,1709197895.6266642
2238,1709197895.726063,1709197895.7260692
2239,1709197895.8214338,1709197895.8214405
2240,1709197895.9232745,1709197895.9232812
2241,1709197896.0253923,1709197896.0254016
2242,1709197896.1334233,1709197896.1334305
2243,1709197896.2244287,1709197896.2244377
2244,1709197896.3247607,1709197896.3247674
2245,1709197896.4274082,1709197896.4274142
2246,1709197896.5273166,1709197896.527324
2247,1709197896.6251988,1709197896.625207
2248,1709197896.7275248,1709197896.7275312
2249,1709197896.8225243,1709197896.8225324
2250,1709197896.9256053,1709197896.9256115
2251,1709197897.027182,1709197897.0271888
2252,1709197897.1217816,1709197897.1217887
2253,1709197897.2233744,1709197897.2233787
2254,1709197897.3244894,1709197897.3244958
2255,1709197897.4343197,1709197897.4343245
2256,1709197897.5310879,1709197897.5310948
2257,1709197897.6260726,1709197897.6260796
2258,1709197897.72397,1709197897.7239773
2259,1709197897.8282537,1709197897.8282607
2260,1709197897.9251328,1709197897.9251385
2261,1709197898.0260074,1709197898.026013
2262,1709197898.128444,1709197898.128453
2263,1709197898.2286952,1709197898.228704
2264,1709197898.3318186,1709197898.3318248
2265,1709197898.4273057,1709197898.4273129
2266,1709197898.5256176,1709197898.5256243
2267,1709197898.6249475,1709197898.6249561
2268,1709197898.728155,1709197898.7281616
2269,1709197898.8244011,1709197898.8244152
2270,1709197898.9250588,1709197898.9250662
2271,1709197899.0254772,1709197899.025484
2272,1709197899.124798,1709197899.124804
2273,1709197899.232957,1709197899.2329643
2274,1709197899.3288639,1709197899.3288708
2275,1709197899.4238646,1709197899.4238715
2276,1709197899.5227177,1709197899.5227242
2277,1709197899.6261785,1709197899.6261842
2278,1709197899.7261107,1709197899.7261174
2279,1709197899.8247128,1709197899.8247173
2280,1709197899.9273195,1709197899.9273255
2281,1709197900.0313182,1709197900.0313268
2282,1709197900.1269004,1709197900.1269047
2283,1709197900.2273276,1709197900.2273347
2284,1709197900.3292222,1709197900.3292286
2285,1709197900.432737,1709197900.4327445
2286,1709197900.524922,1709197900.5249302
2287,1709197900.6492121,1709197900.6492188
2288,1709197900.733441,1709197900.7334487
2289,1709197900.837418,1709197900.837426
2290,1709197900.9237776,1709197900.9237845
2291,1709197901.0271294,1709197901.0271354
2292,1709197901.1229322,1709197901.1229398
2293,1709197901.2262986,1709197901.2263052
2294,1709197901.3243713,1709197901.3243783
2295,1709197901.4260557,1709197901.4260614
2296,1709197901.5272803,1709197901.5272875
2297,1709197901.6267397,1709197901.6267462
2298,1709197901.7262292,1709197901.7262363
2299,1709197901.8274324,1709197901.827439
2300,1709197901.9306602,1709197901.9306684
2301,1709197902.0225823,1709197902.0225904
2302,1709197902.1347935,1709197902.1348007
2303,1709197902.2259426,1709197902.2259502
2304,1709197902.3477015,1709197902.3477094
2305,1709197902.4243119,1709197902.4243193
2306,1709197902.5356297,1709197902.5356402
2307,1709197902.6300092,1709197902.6300154
2308,1709197902.7267025,1709197902.72671
2309,1709197902.8388052,1709197902.8388116
2310,1709197902.9259868,1709197902.9259932
2311,1709197903.0258343,1709197903.0258393
2312,1709197903.126193,1709197903.1262026
2313,1709197903.2256694,1709197903.225676
2314,1709197903.3294232,1709197903.3294291
2315,1709197903.4372513,1709197903.4372637
2316,1709197903.5309727,1709197903.5309799
2317,1709197903.626304,1709197903.6263137
2318,1709197903.7304206,1709197903.730428
2319,1709197903.8301883,1709197903.8301964
2320,1709197903.9240606,1709197903.9240675
2321,1709197904.0237632,1709197904.0237677
2322,1709197904.215164,1709197904.2151725
2323,1709197904.228887,1709197904.2288947
2324,1709197904.3225243,1709197904.3225305
2325,1709197904.430717,1709197904.4307215
2326,1709197904.5327404,1709197904.5327466
2327,1709197904.6333315,1709197904.6333368
2328,1709197904.7326546,1709197904.732662
2329,1709197904.8308518,1709197904.8308585
2330,1709197904.9331174,1709197904.9331236
2331,1709197905.0264463,1709197905.0264525
2332,1709197905.129454,1709197905.1294615
2333,1709197905.2265935,1709197905.2266006
2334,1709197905.325206,1709197905.3252244
2335,1709197905.4235125,1709197905.4235203
2336,1709197905.5268064,1709197905.5268133
2337,1709197905.6220758,1709197905.6220806
2338,1709197905.726914,1709197905.7269216
2339,1709197905.829751,1709197905.8297575
2340,1709197905.9227436,1709197905.92275
2341,1709197906.0256274,1709197906.0256343
2342,1709197906.1234753,1709197906.1234815
2343,1709197906.2328994,1709197906.232906
2344,1709197906.3262572,1709197906.3262637
2345,1709197906.4236372,1709197906.4236443
2346,1709197906.5246353,1709197906.5246432
2347,1709197906.6248276,1709197906.6248348
2348,1709197906.7255864,1709197906.7255929
2349,1709197906.8260262,1709197906.8260329
2350,1709197906.9330227,1709197906.9330292
2351,1709197907.0219617,1709197907.0219674
2352,1709197907.135645,1709197907.135653
2353,1709197907.2305796,1709197907.2305868
2354,1709197907.3252788,1709197907.325284
2355,1709197907.42629,1709197907.426296
2356,1709197907.5254881,1709197907.5254953
2357,1709197907.6241817,1709197907.6241877
2358,1709197907.7323701,1709197907.7323751
2359,1709197907.828897,1709197907.8289042
2360,1709197907.928439,1709197907.9284434
2361,1709197908.0262542,1709197908.0262618
2362,1709197908.124039,1709197908.1240454
2363,1709197908.2230766,1709197908.2230828
2364,1709197908.3247356,1709197908.3247418
2365,1709197908.4254708,1709197908.4254773
2366,1709197908.524451,1709197908.5244582
2367,1709197908.6268528,1709197908.6268597
2368,1709197908.725808,1709197908.725813
2369,1709197908.8238297,1709197908.823836
2370,1709197908.926963,1709197908.926971
2371,1709197909.0272357,1709197909.0272436
2372,1709197909.1337447,1709197909.1337502
2373,1709197909.2346482,1709197909.2346573
2374,1709197909.3348725,1709197909.3348804
2375,1709197909.4293334,1709197909.4293408
2376,1709197909.5542328,1709197909.5542388
2377,1709197909.6235929,1709197909.623602
2378,1709197909.726075,1709197909.7260807
2379,1709197909.8246577,1709197909.824662
2380,1709197909.9249136,1709197909.9249203
2381,1709197910.0259004,1709197910.025909
2382,1709197910.1297889,1709197910.1298118
2383,1709197910.2321236,1709197910.2321298
2384,1709197910.3262067,1709197910.3262134
2385,1709197910.424001,1709197910.4240067
2386,1709197910.527939,1709197910.5279474
2387,1709197910.6337152,1709197910.6337235
2388,1709197910.735405,1709197910.735412
2389,1709197910.8345225,1709197910.8345284
2390,1709197910.9330058,1709197910.9330122
2391,1709197911.0287526,1709197911.0287592
2392,1709197911.1299624,1709197911.1299694
2393,1709197911.225229,1709197911.2252367
2394,1709197911.3229392,1709197911.322945
2395,1709197911.4291997,1709197911.429207
2396,1709197911.5327363,1709197911.532743
2397,1709197911.6352973,1709197911.6353047
2398,1709197911.7326446,1709197911.732651
2399,1709197911.8347003,1709197911.834707
2400,1709197911.930201,1709197911.930207
2401,1709197912.032908,1709197912.0329142
2402,1709197912.1270056,1709197912.1270134
2403,1709197912.2264462,1709197912.2264516
2404,1709197912.3263304,1709197912.3263373
2405,1709197912.424778,1709197912.424785
2406,1709197912.5363584,1709197912.536365
2407,1709197912.6365702,1709197912.636579
2408,1709197912.727774,1709197912.7277806
2409,1709197912.8256164,1709197912.8256233
2410,1709197912.925471,1709197912.9254785
2411,1709197913.0309765,1709197913.0309842
2412,1709197913.1271908,1709197913.1271973
2413,1709197913.2283883,1709197913.228395
2414,1709197913.3292508,1709197913.3292575
2415,1709197913.430415,1709197913.4304214
2416,1709197913.5322447,1709197913.532252
2417,1709197913.6249933,1709197913.6249995
2418,1709197913.7257936,1709197913.7258015
2419,1709197913.8251667,1709197913.8251727
2420,1709197913.9276004,1709197913.927605
2421,1709197914.0251505,1709197914.025158
2422,1709197914.126754,1709197914.126761
2423,1709197914.2302794,1709197914.2302873
2424,1709197914.3220403,1709197914.3220468
2425,1709197914.4271488,1709197914.4271557
2426,1709197914.5323334,1709197914.532339
2427,1709197914.6308608,1709197914.6308687
2428,1709197914.7248807,1709197914.7248883
2429,1709197914.8297367,1709197914.829743
2430,1709197914.9256272,1709197914.9256341
2431,1709197915.023621,1709197915.0236278
2432,1709197915.1284099,1709197915.1284165
2433,1709197915.235415,1709197915.2354217
2434,1709197915.3311908,1709197915.3312132
2435,1709197915.4266264,1709197915.4266334
2436,1709197915.5270717,1709197915.5270793
2437,1709197915.635339,1709197915.6353464
2438,1709197915.7281246,1709197915.7281313
2439,1709197915.8291278,1709197915.8291352
2440,1709197915.922208,1709197915.9222126
2441,1709197916.0320768,1709197916.0320833
2442,1709197916.1229289,1709197916.1229358
2443,1709197916.2228274,1709197916.2228343
2444,1709197916.3252716,1709197916.325278
2445,1709197916.4242125,1709197916.4242892
2446,1709197916.5255158,1709197916.5255234
2447,1709197916.6241212,1709197916.624128
2448,1709197916.7290118,1709197916.7290194
2449,1709197916.8268504,1709197916.826858
2450,1709197916.9237795,1709197916.9237864
2451,1709197917.0328882,1709197917.0328937
2452,1709197917.123558,1709197917.1235652
2453,1709197917.2262487,1709197917.2262554
2454,1709197917.3251274,1709197917.3251343
2455,1709197917.42295,1709197917.4229567
2456,1709197917.5267916,1709197917.5267963
2457,1709197917.6229482,1709197917.6229546
2458,1709197917.7279074,1709197917.7279146
2459,1709197917.8312855,1709197917.8312933
2460,1709197917.9263122,1709197917.9263196
2461,1709197918.0315552,1709197918.0316126
2462,1709197918.1276329,1709197918.1276734
2463,1709197918.2274058,1709197918.2274442
2464,1709197918.332497,1709197918.332572
2465,1709197918.4342885,1709197918.434346
2466,1709197918.528176,1709197918.5282137
2467,1709197918.6256409,1709197918.6256773
2468,1709197918.726266,1709197918.7263126
2469,1709197918.8331144,1709197918.8331587
2470,1709197918.92582,1709197918.925906
2471,1709197919.023063,1709197919.0231142
2472,1709197919.1225345,1709197919.1225996
2473,1709197919.2306924,1709197919.2307365
2474,1709197919.322215,1709197919.322298
2475,1709197919.4236743,1709197919.4237196
2476,1709197919.5287519,1709197919.528799
2477,1709197919.6295016,1709197919.6295445
2478,1709197919.722941,1709197919.7230284
2479,1709197919.8280816,1709197919.8281512
2480,1709197919.9249244,1709197919.9249837
2481,1709197920.0241392,1709197920.0241888
2482,1709197920.1217291,1709197920.1217763
2483,1709197920.2273464,1709197920.227384
2484,1709197920.3247528,1709197920.324806
2485,1709197920.4276772,1709197920.4277594
2486,1709197920.5233648,1709197920.5234277
2487,1709197920.625822,1709197920.625886
2488,1709197920.7302587,1709197920.7303112
2489,1709197920.8252542,1709197920.8253014
2490,1709197920.9245677,1709197920.9246411
2491,1709197921.0235376,1709197921.0236135
2492,1709197921.1236558,1709197921.123723
2493,1709197921.222862,1709197921.2229257
2494,1709197921.327245,1709197921.32732
2495,1709197921.4238503,1709197921.4239159
2496,1709197921.5537095,1709197921.5537674
2497,1709197921.62529,1709197921.6253438
2498,1709197921.7279475,1709197921.7279787
2499,1709197921.827871,1709197921.827925
2500,1709197921.925485,1709197921.9255238
2501,1709197922.0272217,1709197922.0273032
2502,1709197922.1263862,1709197922.126436
2503,1709197922.2226667,1709197922.222707
2504,1709197922.3234706,1709197922.3235652
2505,1709197922.4275808,1709197922.4276602
2506,1709197922.528588,1709197922.5286827
2507,1709197922.6238246,1709197922.6238656
2508,1709197922.7230437,1709197922.72309
2509,1709197922.8222528,1709197922.8222928
2510,1709197922.9244273,1709197922.9244857
2511,1709197923.0224597,1709197923.0225084
2512,1709197923.1242883,1709197923.124345
2513,1709197923.2255132,1709197923.2255719
2514,1709197923.3320374,1709197923.332092
2515,1709197923.4252672,1709197923.425316
2516,1709197923.522651,1709197923.5227263
2517,1709197923.626099,1709197923.626178
2518,1709197923.7218046,1709197923.7219007
2519,1709197923.8288503,1709197923.8289022
2520,1709197923.9260077,1709197923.9260566
2521,1709197924.0246801,1709197924.0247278
2522,1709197924.1228018,1709197924.1229844
2523,1709197924.2260237,1709197924.226062
2524,1709197924.3218935,1709197924.3219936
2525,1709197924.4264445,1709197924.426797
2526,1709197924.524478,1709197924.5246203
2527,1709197924.625094,1709197924.6251795
2528,1709197924.7245946,1709197924.724671
2529,1709197924.8256917,1709197924.8257742
2530,1709197924.9290006,1709197924.9290822
2531,1709197925.0254204,1709197925.0255013
2532,1709197925.131381,1709197925.1314754
2533,1709197925.2220004,1709197925.2220788
2534,1709197925.3252778,1709197925.3253374
2535,1709197925.4230084,1709197925.4230535
2536,1709197925.5254543,1709197925.5255787
2537,1709197925.624363,1709197925.6245148
2538,1709197925.72529,1709197925.7253401
2539,1709197925.8235114,1709197925.823555
2540,1709197925.9292498,1709197925.9292865
2541,1709197926.0273511,1709197926.0274346
2542,1709197926.1302423,1709197926.1302893
2543,1709197926.2244601,1709197926.2245066
2544,1709197926.3252468,1709197926.3253133
2545,1709197926.4247787,1709197926.4248343
2546,1709197926.522869,1709197926.522913
2547,1709197926.6251557,1709197926.6252322
2548,1709197926.7261827,1709197926.72627
2549,1709197926.8239079,1709197926.8239706
2550,1709197926.9270923,1709197926.9271593
2551,1709197927.0264757,1709197927.0265236
2552,1709197927.1279254,1709197927.1279972
2553,1709197927.2266414,1709197927.226681
2554,1709197927.3287675,1709197927.3288043
2555,1709197927.4292085,1709197927.42927
2556,1709197927.523299,1709197927.5233452
2557,1709197927.626889,1709197927.6269383
2558,1709197927.7239068,1709197927.7239592
2559,1709197927.8218744,1709197927.8219197
2560,1709197927.9218833,1709197927.92195
2561,1709197928.0247622,1709197928.0248077
2562,1709197928.1222477,1709197928.1222992
2563,1709197928.2285936,1709197928.2286453
2564,1709197928.3298352,1709197928.329886
2565,1709197928.424675,1709197928.4247737
2566,1709197928.527789,1709197928.5278304
2567,1709197928.6346786,1709197928.6347244
2568,1709197928.7496397,1709197928.749699
2569,1709197928.8303382,1709197928.83038
2570,1709197928.9221294,1709197928.922211
2571,1709197929.021593,1709197929.0216699
2572,1709197929.1256578,1709197929.1257339
2573,1709197929.2277792,1709197929.2278495
2574,1709197929.328596,1709197929.328655
2575,1709197929.4224498,1709197929.4225194
2576,1709197929.5263667,1709197929.5264995
2577,1709197929.6241615,1709197929.6242
2578,1709197929.7236445,1709197929.723743
2579,1709197929.8232186,1709197929.8233068
2580,1709197929.9280946,1709197929.9281914
2581,1709197930.0305665,1709197930.030645
2582,1709197930.1229968,1709197930.123074
2583,1709197930.2259417,1709197930.2260363
2584,1709197930.3220758,1709197930.3221598
2585,1709197930.4225514,1709197930.4226334
2586,1709197930.5264397,1709197930.5264838
2587,1709197930.6247878,1709197930.6248872
2588,1709197930.7249384,1709197930.7249923
2589,1709197930.8263967,1709197930.8264387
2590,1709197930.9325697,1709197930.9326305
2591,1709197931.0253036,1709197931.0253785
2592,1709197931.1272376,1709197931.1272852
2593,1709197931.2324948,1709197931.2325532
2594,1709197931.326512,1709197931.3265576
2595,1709197931.4271517,1709197931.427226
2596,1709197931.5313585,1709197931.5314388
2597,1709197931.6272883,1709197931.627372
2598,1709197931.727564,1709197931.7276146
2599,1709197931.8232446,1709197931.8232806
2600,1709197931.9223456,1709197931.9224005
2601,1709197932.0226204,1709197932.0226982
2602,1709197932.127174,1709197932.1272385
2603,1709197932.229843,1709197932.229886
2604,1709197932.3248966,1709197932.3249414
2605,1709197932.4258583,1709197932.425907
2606,1709197932.5259202,1709197932.525991
2607,1709197932.6336415,1709197932.6336915
2608,1709197932.7268674,1709197932.72695
2609,1709197932.8217614,1709197932.8218381
2610,1709197932.9256153,1709197932.9256904
2611,1709197933.023616,1709197933.023704
2612,1709197933.1235497,1709197933.1236322
2613,1709197933.2263916,1709197933.2264364
2614,1709197933.3260198,1709197933.3260882
2615,1709197933.4246366,1709197933.4247408
2616,1709197933.521596,1709197933.521678
2617,1709197933.6293015,1709197933.6293821
2618,1709197933.7235682,1709197933.723607
2619,1709197933.8247833,1709197933.8248339
2620,1709197933.9242678,1709197933.9243135
2621,1709197934.0258527,1709197934.025905
2622,1709197934.1260464,1709197934.1260939
2623,1709197934.2224326,1709197934.2224813
2624,1709197934.3258584,1709197934.3259315
2625,1709197934.4238253,1709197934.4238749
2626,1709197934.5228348,1709197934.5229042
2627,1709197934.6254005,1709197934.6254866
2628,1709197934.7293186,1709197934.7294002
2629,1709197934.8278973,1709197934.8279514
2630,1709197934.9270551,1709197934.9271026
2631,1709197935.03257,1709197935.0326219
2632,1709197935.123656,1709197935.1237297
2633,1709197935.2273414,1709197935.2273848
2634,1709197935.3259375,1709197935.3260272
2635,1709197935.424939,1709197935.425063
2636,1709197935.5237749,1709197935.5238316
2637,1709197935.6255784,1709197935.625622
2638,1709197935.7342994,1709197935.734346
2639,1709197935.8298664,1709197935.829911
2640,1709197935.926356,1709197935.9264166
2641,1709197936.0278685,1709197936.027937
2642,1709197936.124978,1709197936.1250508
2643,1709197936.2275596,1709197936.2276163
2644,1709197936.3242264,1709197936.3242729
2645,1709197936.4222202,1709197936.4222739
2646,1709197936.5265646,1709197936.5266147
2647,1709197936.6266177,1709197936.6268027
2648,1709197936.7247033,1709197936.7249055
2649,1709197936.8277915,1709197936.8278704
2650,1709197936.9233384,1709197936.9234002
2651,1709197937.0227625,1709197937.0228405
2652,1709197937.1280122,1709197937.128101
2653,1709197937.225055,1709197937.2251673
2654,1709197937.3273149,1709197937.3274744
2655,1709197937.4306996,1709197937.430779
2656,1709197937.5269997,1709197937.527098
2657,1709197937.6256943,1709197937.6257923
2658,1709197937.72306,1709197937.723142
2659,1709197937.824283,1709197937.824415
2660,1709197937.9216707,1709197937.921709
2661,1709197938.0273595,1709197938.027436
2662,1709197938.1218557,1709197938.1219134
2663,1709197938.226679,1709197938.2267585
2664,1709197938.3253493,1709197938.3254132
2665,1709197938.4276547,1709197938.4276972
2666,1709197938.528685,1709197938.5287337
2667,1709197938.6273687,1709197938.6274214
2668,1709197938.7262418,1709197938.726286
2669,1709197938.822406,1709197938.8224564
2670,1709197938.9297473,1709197938.9298098
2671,1709197939.0331924,1709197939.0332932
2672,1709197939.124857,1709197939.1249087
2673,1709197939.231707,1709197939.234492
2674,1709197939.321916,1709197939.3219945
2675,1709197939.4267642,1709197939.4268508
2676,1709197939.5270398,1709197939.5271204
2677,1709197939.6290195,1709197939.6290982
2678,1709197939.726464,1709197939.7265446
2679,1709197939.826098,1709197939.8262444
2680,1709197939.9277227,1709197939.9279356
2681,1709197940.0244308,1709197940.0245175
2682,1709197940.1281972,1709197940.1282907
2683,1709197940.2232616,1709197940.2233124
2684,1709197940.3262281,1709197940.326317
2685,1709197940.4288406,1709197940.4289644
2686,1709197940.5293078,1709197940.5294707
2687,1709197940.629715,1709197940.6300945
2688,1709197940.7263649,1709197940.726456
2689,1709197940.8469226,1709197940.8470056
2690,1709197940.9279377,1709197940.9280183
2691,1709197941.0255637,1709197941.0256405
2692,1709197941.1231515,1709197941.1231964
2693,1709197941.2239492,1709197941.2239914
2694,1709197941.3236783,1709197941.3237212
2695,1709197941.4252613,1709197941.4253163
2696,1709197941.521802,1709197941.5218823
2697,1709197941.6293833,1709197941.6295233
2698,1709197941.723131,1709197941.7232072
2699,1709197941.825934,1709197941.825997
2700,1709197941.9236848,1709197941.923764
2701,1709197942.0275447,1709197942.027593
2702,1709197942.1233928,1709197942.1234596
2703,1709197942.2230182,1709197942.22311
2704,1709197942.3225577,1709197942.322645
2705,1709197942.423468,1709197942.4235382
2706,1709197942.5282989,1709197942.5283363
2707,1709197942.623545,1709197942.6236074
2708,1709197942.7243247,1709197942.724374
2709,1709197942.8339765,1709197942.8339837
2710,1709197942.922968,1709197942.9229736
2711,1709197943.0275652,1709197943.027571
2712,1709197943.1236157,1709197943.1236215
2713,1709197943.2307906,1709197943.2307975
2714,1709197943.324804,1709197943.32481
2715,1709197943.4283812,1709197943.4283886
2716,1709197943.5219307,1709197943.5219364
2717,1709197943.6255279,1709197943.625534
2718,1709197943.723897,1709197943.7239027
2719,1709197943.8269224,1709197943.826929
2720,1709197943.9308355,1709197943.9308434
2721,1709197944.031884,1709197944.0318902
2722,1709197944.1292055,1709197944.1292126
2723,1709197944.2275312,1709197944.227538
2724,1709197944.3246312,1709197944.3246374
2725,1709197944.4270074,1709197944.4270127
2726,1709197944.523645,1709197944.5236511
2727,1709197944.628623,1709197944.628629
2728,1709197944.7258174,1709197944.7258222
2729,1709197944.8244553,1709197944.8244636
2730,1709197944.924711,1709197944.9281118
2731,1709197945.0285764,1709197945.0314467
2732,1709197945.123557,1709197945.1267066
2733,1709197945.2227437,1709197945.2268012
2734,1709197945.326762,1709197945.329792
2735,1709197945.4263139,1709197945.429094
2736,1709197945.5248659,1709197945.528254
2737,1709197945.6295838,1709197945.6342375
2738,1709197945.721598,1709197945.7241566
2739,1709197945.8216903,1709197945.824317
2740,1709197945.9299712,1709197945.933459
2741,1709197946.0226247,1709197946.0251386
2742,1709197946.1284702,1709197946.1312068
2743,1709197946.2253733,1709197946.2286382
2744,1709197946.326259,1709197946.329434
2745,1709197946.4232562,1709197946.4298222
2746,1709197946.5273755,1709197946.5301273
2747,1709197946.6221843,1709197946.6266172
2748,1709197946.7330654,1709197946.7360387
2749,1709197946.8299148,1709197946.8327694
2750,1709197946.927485,1709197946.9327
2751,1709197947.0240822,1709197947.0272686
2752,1709197947.1274495,1709197947.1311054
2753,1709197947.2255013,1709197947.2284667
2754,1709197947.3360178,1709197947.3388033
2755,1709197947.425086,1709197947.4299438
2756,1709197947.5338235,1709197947.5374691
2757,1709197947.6258771,1709197947.6291277
2758,1709197947.7258248,1709197947.7288382
2759,1709197947.826101,1709197947.832196
2760,1709197947.9251227,1709197947.9286547
2761,1709197948.0283134,1709197948.0311985
2762,1709197948.12481,1709197948.1274593
2763,1709197948.2260766,1709197948.2294044
2764,1709197948.3244858,1709197948.326834
2765,1709197948.428092,1709197948.4315574
2766,1709197948.524307,1709197948.5271225
2767,1709197948.6300778,1709197948.6345367
2768,1709197948.7310958,1709197948.73463
2769,1709197948.8249404,1709197948.8279657
2770,1709197948.9273148,1709197948.931484
2771,1709197949.026317,1709197949.0293775
2772,1709197949.134468,1709197949.1374176
2773,1709197949.2407374,1709197949.2436945
2774,1709197949.3239913,1709197949.326924
2775,1709197949.4351938,1709197949.4381664
2776,1709197949.5331268,1709197949.5356834
2777,1709197949.626625,1709197949.629157
2778,1709197949.7381067,1709197949.7421725
2779,1709197949.8351018,1709197949.8380883
2780,1709197949.9258146,1709197949.9285524
2781,1709197950.0265756,1709197950.0299146
2782,1709197950.130568,1709197950.1336038
2783,1709197950.234509,1709197950.2373283
2784,1709197950.3291113,1709197950.3338885
2785,1709197950.4250734,1709197950.4329038
2786,1709197950.5295653,1709197950.5327334
2787,1709197950.6311197,1709197950.6338995
2788,1709197950.7275188,1709197950.7304025
2789,1709197950.8402638,1709197950.8433383
2790,1709197950.9361095,1709197950.939292
2791,1709197951.024682,1709197951.0275114
2792,1709197951.1240244,1709197951.1283138
2793,1709197951.2277102,1709197951.2306712
2794,1709197951.330629,1709197951.3342617
2795,1709197951.431421,1709197951.4375486
2796,1709197951.5294223,1709197951.5328574
2797,1709197951.6258633,1709197951.628582
2798,1709197951.7308683,1709197951.7337291
2799,1709197951.8350875,1709197951.8376973
2800,1709197951.9285007,1709197951.931509
2801,1709197952.0389566,1709197952.0419948
2802,1709197952.1270592,1709197952.1298985
2803,1709197952.2260835,1709197952.2300746
2804,1709197952.3253033,1709197952.3281672
2805,1709197952.4299994,1709197952.432472
2806,1709197952.5322404,1709197952.5380292
2807,1709197952.6294692,1709197952.6326766
2808,1709197952.7405803,1709197952.7434013
2809,1709197952.829874,1709197952.8369596
2810,1709197952.9308217,1709197952.933536
2811,1709197953.0310504,1709197953.03353
2812,1709197953.1267016,1709197953.1296873
2813,1709197953.2312837,1709197953.2344968
2814,1709197953.336547,1709197953.339329
2815,1709197953.4266078,1709197953.429485
2816,1709197953.524773,1709197953.5286853
2817,1709197953.6279995,1709197953.6312056
2818,1709197953.7245753,1709197953.7305708
2819,1709197953.8258061,1709197953.8287885
2820,1709197953.9253764,1709197953.9295754
2821,1709197954.0313928,1709197954.0344872
2822,1709197954.1262238,1709197954.129331
2823,1709197954.233317,1709197954.235889
2824,1709197954.3289907,1709197954.333757
2825,1709197954.435853,1709197954.4397774
2826,1709197954.534016,1709197954.5381987
2827,1709197954.632835,1709197954.6354706
2828,1709197954.731502,1709197954.7344353
2829,1709197954.8389206,1709197954.8434153
2830,1709197954.9399896,1709197954.9399989
2831,1709197955.023014,1709197955.0230212
2832,1709197955.1315458,1709197955.131554
2833,1709197955.2349544,1709197955.2349606
2834,1709197955.327658,1709197955.3276637
2835,1709197955.426071,1709197955.4260771
2836,1709197955.5334134,1709197955.5334196
2837,1709197955.6258981,1709197955.6259048
2838,1709197955.7352235,1709197955.73523
2839,1709197955.8362153,1709197955.8362217
2840,1709197955.9262972,1709197955.9263058
2841,1709197956.0331116,1709197956.033118
2842,1709197956.1262903,1709197956.126298
2843,1709197956.2372835,1709197956.2372904
2844,1709197956.3315725,1709197956.331579
2845,1709197956.4245255,1709197956.4245322
2846,1709197956.526666,1709197956.5266721
2847,1709197956.624759,1709197956.6247687
2848,1709197956.7340527,1709197956.7340593
2849,1709197956.8257077,1709197956.8257132
2850,1709197956.9234433,1709197956.9234498
2851,1709197957.0243273,1709197957.0243332
2852,1709197957.1311061,1709197957.1311111
2853,1709197957.2333293,1709197957.2333353
2854,1709197957.3315024,1709197957.3315089
2855,1709197957.4297588,1709197957.4297652
2856,1709197957.533572,1709197957.5335786
2857,1709197957.6271877,1709197957.627194
2858,1709197957.7336423,1709197957.7336485
2859,1709197957.836639,1709197957.8366451
2860,1709197957.937587,1709197957.9375935
2861,1709197958.0263155,1709197958.026322
2862,1709197958.1259308,1709197958.1259387
2863,1709197958.2439265,1709197958.2439342
2864,1709197958.3272223,1709197958.3272302
2865,1709197958.4235206,1709197958.4235277
2866,1709197958.52661,1709197958.526623
2867,1709197958.6312904,1709197958.631298
2868,1709197958.7289326,1709197958.7289398
2869,1709197958.823177,1709197958.8231845
2870,1709197958.924294,1709197958.9243019
2871,1709197959.0274904,1709197959.0274978
2872,1709197959.1247427,1709197959.1247473
2873,1709197959.2267766,1709197959.226783
2874,1709197959.3258877,1709197959.3258948
2875,1709197959.4252007,1709197959.4252074
2876,1709197959.5392551,1709197959.539261
2877,1709197959.6263273,1709197959.6263344
2878,1709197959.733636,1709197959.7336416
2879,1709197959.8234189,1709197959.8234255
2880,1709197959.9303367,1709197959.9303432
2881,1709197960.0342395,1709197960.0342467
2882,1709197960.1271281,1709197960.127136
2883,1709197960.227456,1709197960.227462
2884,1709197960.3310318,1709197960.3310382
2885,1709197960.4274757,1709197960.4274824
2886,1709197960.5393538,1709197960.5393631
2887,1709197960.6311233,1709197960.6311297
2888,1709197960.7291408,1709197960.7291465
2889,1709197960.8280578,1709197960.828064
2890,1709197960.9243066,1709197960.9243126
2891,1709197961.034257,1709197961.0342638
2892,1709197961.1275885,1709197961.1275957
2893,1709197961.229068,1709197961.2290752
2894,1709197961.3341496,1709197961.3341577
2895,1709197961.4301267,1709197961.4301338
2896,1709197961.5324893,1709197961.5324955
2897,1709197961.624892,1709197961.6248987
2898,1709197961.7301247,1709197961.7301314
2899,1709197961.8369584,1709197961.8369632
2900,1709197961.9341042,1709197961.934116
2901,1709197962.0296288,1709197962.0296354
2902,1709197962.1369548,1709197962.136962
2903,1709197962.2293804,1709197962.2293885
2904,1709197962.334797,1709197962.3348048
2905,1709197962.4296372,1709197962.4296453
2906,1709197962.5277262,1709197962.5277352
2907,1709197962.6261597,1709197962.6261668
2908,1709197962.7272017,1709197962.7272096
2909,1709197962.8351834,1709197962.8351905
2910,1709197962.9274063,1709197962.927414
2911,1709197963.0246744,1709197963.0246809
2912,1709197963.123915,1709197963.123922
2913,1709197963.2358878,1709197963.235896
2914,1709197963.3304784,1709197963.3304858
2915,1709197963.4321227,1709197963.4321303
2916,1709197963.5283604,1709197963.5283692
2917,1709197963.6259973,1709197963.6260035
2918,1709197963.7318769,1709197963.7318842
2919,1709197963.8290586,1709197963.8290694
2920,1709197963.928179,1709197963.928185
2921,1709197964.0249386,1709197964.024946
2922,1709197964.126584,1709197964.126591
2923,1709197964.2273853,1709197964.2273922
2924,1709197964.323852,1709197964.3238583
2925,1709197964.4237638,1709197964.4237707
2926,1709197964.5310824,1709197964.5310879
2927,1709197964.6212087,1709197964.621216
2928,1709197964.7251978,1709197964.7252047
2929,1709197964.8227656,1709197964.822772
2930,1709197964.926807,1709197964.9268167
2931,1709197965.035754,1709197965.0357609
2932,1709197965.1349025,1709197965.1349092
2933,1709197965.2261026,1709197965.2261088
2934,1709197965.3281078,1709197965.328114
2935,1709197965.4315565,1709197965.4315627
2936,1709197965.527395,1709197965.5274026
2937,1709197965.6348283,1709197965.634833
2938,1709197965.7395947,1709197965.7396016
2939,1709197965.8240876,1709197965.8240945
2940,1709197965.9250443,1709197965.9250531
2941,1709197966.0351312,1709197966.0351431
2942,1709197966.1332245,1709197966.1332312
2943,1709197966.2350276,1709197966.2350352
2944,1709197966.3353176,1709197966.3353245
2945,1709197966.4319491,1709197966.4319553
2946,1709197966.523961,1709197966.5239677
2947,1709197966.6268346,1709197966.6268423
2948,1709197966.7250683,1709197966.7250752
2949,1709197966.8314304,1709197966.831438
2950,1709197966.932897,1709197966.9329045
2951,1709197967.0256374,1709197967.0256443
2952,1709197967.1472704,1709197967.1472764
2953,1709197967.2235801,1709197967.2235878
2954,1709197967.3246348,1709197967.3246424
2955,1709197967.4308627,1709197967.4308684
2956,1709197967.52785,1709197967.5278559
2957,1709197967.6266966,1709197967.6267035
2958,1709197967.7250903,1709197967.7250974
2959,1709197967.831704,1709197967.83171
2960,1709197967.9246643,1709197967.9246702
2961,1709197968.026186,1709197968.0261924
2962,1709197968.1237106,1709197968.1237173
2963,1709197968.2325704,1709197968.2325766
2964,1709197968.329752,1709197968.3297584
2965,1709197968.4242404,1709197968.4242477
2966,1709197968.5309796,1709197968.5309868
2967,1709197968.6349897,1709197968.6349945
2968,1709197968.7307603,1709197968.730766
2969,1709197968.8302736,1709197968.8302798
2970,1709197968.9346364,1709197968.9346423
2971,1709197969.0232322,1709197969.0232382
2972,1709197969.1244252,1709197969.124433
2973,1709197969.2287066,1709197969.228714
2974,1709197969.3392718,1709197969.339278
2975,1709197969.424719,1709197969.4247258
2976,1709197969.5262022,1709197969.5262113
2977,1709197969.6219423,1709197969.6219497
2978,1709197969.7261517,1709197969.7261596
2979,1709197969.8281946,1709197969.8282018
2980,1709197969.9324508,1709197969.932458
2981,1709197970.0238388,1709197970.0238452
2982,1709197970.123521,1709197970.1235285
2983,1709197970.2271113,1709197970.2271178
2984,1709197970.332971,1709197970.332977
2985,1709197970.4274502,1709197970.4274554
2986,1709197970.526524,1709197970.5265317
2987,1709197970.622882,1709197970.622888
2988,1709197970.726551,1709197970.7265577
2989,1709197970.8342254,1709197970.8342364
2990,1709197970.9289527,1709197970.9289594
2991,1709197971.0236158,1709197971.0236213
2992,1709197971.1246474,1709197971.1246548
2993,1709197971.231667,1709197971.2316737
2994,1709197971.3291261,1709197971.3291323
2995,1709197971.4324424,1709197971.4324493
2996,1709197971.5238152,1709197971.523822
2997,1709197971.6222663,1709197971.6222723
2998,1709197971.7266862,1709197971.7266924
2999,1709197971.8314734,1709197971.8314805
3000,1709197971.927584,1709197971.9275901
3001,1709197972.0298269,1709197972.0298338
3002,1709197972.1274252,1709197972.1274323
3003,1709197972.2283576,1709197972.2283642
3004,1709197972.3352256,1709197972.335233
3005,1709197972.4296234,1709197972.4296334
3006,1709197972.531998,1709197972.5320046
3007,1709197972.6277387,1709197972.6277456
3008,1709197972.724666,1709197972.7246726
3009,1709197972.823242,1709197972.823249
3010,1709197972.9297366,1709197972.929745
3011,1709197973.021787,1709197973.021795
3012,1709197973.127497,1709197973.127507
3013,1709197973.2257438,1709197973.2257519
3014,1709197973.3245187,1709197973.3245258
3015,1709197973.4355407,1709197973.4355507
3016,1709197973.5265326,1709197973.52654
3017,1709197973.6291175,1709197973.629126
3018,1709197973.732669,1709197973.7326782
3019,1709197973.8337348,1709197973.83374
3020,1709197973.9292376,1709197973.9292455
3021,1709197974.0334556,1709197974.033461
3022,1709197974.1527736,1709197974.152781
3023,1709197974.2230067,1709197974.223013
3024,1709197974.3246708,1709197974.3246775
3025,1709197974.4305983,1709197974.4306052
3026,1709197974.5276709,1709197974.5276768
3027,1709197974.6302214,1709197974.6302288
3028,1709197974.7278683,1709197974.7278745
3029,1709197974.8312986,1709197974.8313057
3030,1709197974.9250014,1709197974.9250066
3031,1709197975.0228925,1709197975.022899
3032,1709197975.1307752,1709197975.1307805
3033,1709197975.2290783,1709197975.2290845
3034,1709197975.3264372,1709197975.3264432
3035,1709197975.423466,1709197975.4234724
3036,1709197975.5277364,1709197975.5277421
3037,1709197975.6314974,1709197975.6315038
3038,1709197975.7258434,1709197975.7258494
3039,1709197975.8234506,1709197975.8234572
3040,1709197975.9256,1709197975.9256077
3041,1709197976.0332494,1709197976.0332563
3042,1709197976.1240993,1709197976.1241062
3043,1709197976.226719,1709197976.2267256
3044,1709197976.3345902,1709197976.3345976
3045,1709197976.4288454,1709197976.4288516
3046,1709197976.5287344,1709197976.5287418
3047,1709197976.6375382,1709197976.6375442
3048,1709197976.7378125,1709197976.7378185
3049,1709197976.8260338,1709197976.826042
3050,1709197976.936069,1709197976.9360764
3051,1709197977.0469635,1709197977.0469713
3052,1709197977.1334121,1709197977.13342
3053,1709197977.2312567,1709197977.2312648
3054,1709197977.3252504,1709197977.3252575
3055,1709197977.4377327,1709197977.4377398
3056,1709197977.524614,1709197977.5246215
3057,1709197977.6385458,1709197977.6385524
3058,1709197977.7315946,1709197977.731602
3059,1709197977.826509,1709197977.826516
3060,1709197977.9273655,1709197977.9273725
3061,1709197978.031204,1709197978.0312138
3062,1709197978.1282518,1709197978.1282585
3063,1709197978.2220461,1709197978.222054
3064,1709197978.3213909,1709197978.3213975
3065,1709197978.4276245,1709197978.4276316
3066,1709197978.5268033,1709197978.5268106
3067,1709197978.6247962,1709197978.624804
3068,1709197978.7290652,1709197978.729072
3069,1709197978.8246267,1709197978.8246315
3070,1709197978.9238858,1709197978.9238915
3071,1709197979.0267446,1709197979.0267522
3072,1709197979.1271946,1709197979.1272004
3073,1709197979.2275453,1709197979.2275536
3074,1709197979.3245385,1709197979.3245444
3075,1709197979.4315093,1709197979.4315174
3076,1709197979.5268137,1709197979.5268219
3077,1709197979.6274717,1709197979.6274784
3078,1709197979.72585,1709197979.7258565
3079,1709197979.8265302,1709197979.826536
3080,1709197979.9263813,1709197979.9263883
3081,1709197980.0273921,1709197980.0273998
3082,1709197980.1274612,1709197980.1274683
3083,1709197980.2289536,1709197980.228959
3084,1709197980.331164,1709197980.331171
3085,1709197980.429358,1709197980.4293659
3086,1709197980.524917,1709197980.5249243
3087,1709197980.625009,1709197980.6250162
3088,1709197980.725664,1709197980.72567
3089,1709197980.8234105,1709197980.8234148
3090,1709197980.9246159,1709197980.924625
3091,1709197981.0277636,1709197981.027772
3092,1709197981.1323142,1709197981.132322
3093,1709197981.2286153,1709197981.2286224
3094,1709197981.327079,1709197981.3270857
3095,1709197981.4269018,1709197981.4269092
3096,1709197981.524918,1709197981.5249233
3097,1709197981.624444,1709197981.6244502
3098,1709197981.725357,1709197981.7253616
3099,1709197981.826023,1709197981.8260295
3100,1709197981.923104,1709197981.9231117
3101,1709197982.025324,1709197982.0253313
3102,1709197982.1312397,1709197982.1312482
3103,1709197982.2330005,1709197982.233008
3104,1709197982.3221142,1709197982.3221195
3105,1709197982.4270003,1709197982.4270065
3106,1709197982.528062,1709197982.52807
3107,1709197982.6216593,1709197982.6216667
3108,1709197982.7293613,1709197982.7293687
3109,1709197982.8223295,1709197982.822336
3110,1709197982.9236019,1709197982.9236076
3111,1709197983.0242686,1709197983.0242746
3112,1709197983.129586,1709197983.1295917
3113,1709197983.2285206,1709197983.2285268
3114,1709197983.3287716,1709197983.3287787
3115,1709197983.4234858,1709197983.4234924
3116,1709197983.5271337,1709197983.52714
3117,1709197983.6263688,1709197983.626375
3118,1709197983.7238743,1709197983.723881
3119,1709197983.833546,1709197983.833552
3120,1709197983.9222307,1709197983.9222357
3121,1709197984.0261412,1709197984.0261483
3122,1709197984.1267927,1709197984.1267996
3123,1709197984.2246487,1709197984.2246556
3124,1709197984.325764,1709197984.3257709
3125,1709197984.4237282,1709197984.4237347
3126,1709197984.5322347,1709197984.5322418
3127,1709197984.6354506,1709197984.6354568
3128,1709197984.7243292,1709197984.7243373
3129,1709197984.827868,1709197984.8278766
3130,1709197984.9247153,1709197984.9247227
3131,1709197985.0283537,1709197985.0283606
3132,1709197985.1266184,1709197985.1266253
3133,1709197985.2319176,1709197985.231924
3134,1709197985.3259354,1709197985.325944
3135,1709197985.42586,1709197985.425867
3136,1709197985.5236707,1709197985.5236769
3137,1709197985.6274078,1709197985.6274157
3138,1709197985.7320287,1709197985.7320337
3139,1709197985.8269036,1709197985.8269103
3140,1709197985.9223871,1709197985.9223936
3141,1709197986.0275912,1709197986.0275981
3142,1709197986.1285965,1709197986.1286042
3143,1709197986.223246,1709197986.2232528
3144,1709197986.342578,1709197986.3425841
3145,1709197986.4252088,1709197986.4252145
3146,1709197986.5307145,1709197986.5307214
3147,1709197986.6286504,1709197986.628659
3148,1709197986.727943,1709197986.7279494
3149,1709197986.8255658,1709197986.8255725
3150,1709197986.9250658,1709197986.9250724
3151,1709197987.0264335,1709197987.0264409
3152,1709197987.1305625,1709197987.1305692
3153,1709197987.2229269,1709197987.222933
3154,1709197987.3262022,1709197987.3262105
3155,1709197987.4290125,1709197987.4290192
3156,1709197987.5239778,1709197987.5239844
3157,1709197987.625751,1709197987.6257827
3158,1709197987.7338445,1709197987.7338507
3159,1709197987.8235474,1709197987.823555
3160,1709197987.9372175,1709197987.937225
3161,1709197988.026807,1709197988.026813
3162,1709197988.1255312,1709197988.1255386
3163,1709197988.2255504,1709197988.2255564
3164,1709197988.3250673,1709197988.3250744
3165,1709197988.4295855,1709197988.4296486
3166,1709197988.5369291,1709197988.536936
3167,1709197988.6314068,1709197988.6314135
3168,1709197988.725536,1709197988.7255425
3169,1709197988.8254302,1709197988.825437
3170,1709197988.928405,1709197988.9284096
3171,1709197989.0279458,1709197989.0279536
3172,1709197989.1360564,1709197989.1360629
3173,1709197989.2364476,1709197989.2364542
3174,1709197989.3247964,1709197989.3248045
3175,1709197989.4241598,1709197989.4241648
3176,1709197989.528821,1709197989.5288305
3177,1709197989.6262617,1709197989.6262689
3178,1709197990.0455081,1709197990.0455194
3179,1709197990.0604303,1709197990.0604367
3180,1709197990.1329541,1709197990.1329615
3181,1709197990.226942,1709197990.226948
3182,1709197990.326088,1709197990.3260944
3183,1709197990.4242663,1709197990.4242744
3184,1709197990.5294592,1709197990.5294678
3185,1709197990.623893,1709197990.6238992
3186,1709197990.7252676,1709197990.7252758
3187,1709197990.8244133,1709197990.8244197
3188,1709197990.928098,1709197990.9281054
3189,1709197991.032598,1709197991.0326042
3190,1709197991.129057,1709197991.1290648
3191,1709197991.2271228,1709197991.2271276
3192,1709197991.3288417,1709197991.3288467
3193,1709197991.4298158,1709197991.4298227
3194,1709197991.5260372,1709197991.526044
3195,1709197991.624674,1709197991.6246808
3196,1709197991.7330918,1709197991.7330983
3197,1709197991.825306,1709197991.8253117
3198,1709197991.9266708,1709197991.9266765
3199,1709197992.0285163,1709197992.0285227
3200,1709197992.1306653,1709197992.1306715
3201,1709197992.2307117,1709197992.230721
3202,1709197992.3357642,1709197992.3357723
3203,1709197992.428992,1709197992.4289985
3204,1709197992.5300255,1709197992.5300326
3205,1709197992.6250882,1709197992.625095
3206,1709197992.7222526,1709197992.7222574
3207,1709197992.8337796,1709197992.833786
3208,1709197992.9227602,1709197992.9227679
3209,1709197993.0251758,1709197993.0251834
3210,1709197993.1266026,1709197993.1266105
3211,1709197993.2265644,1709197993.226571
3212,1709197993.355602,1709197993.3556101
3213,1709197993.4232874,1709197993.4232957
3214,1709197993.532851,1709197993.532857
3215,1709197993.6323617,1709197993.632371
3216,1709197993.725989,1709197993.7259967
3217,1709197993.8278832,1709197993.8278892
3218,1709197993.9285815,1709197993.928589
3219,1709197994.0333042,1709197994.0333123
3220,1709197994.123528,1709197994.1235323
3221,1709197994.2236888,1709197994.2236965
3222,1709197994.331586,1709197994.331592
3223,1709197994.4233863,1709197994.4233937
3224,1709197994.532704,1709197994.5327106
3225,1709197994.622022,1709197994.6220262
3226,1709197994.727019,1709197994.7270265
3227,1709197994.824923,1709197994.824931
3228,1709197994.9309723,1709197994.9309802
3229,1709197995.0244985,1709197995.024503
3230,1709197995.133011,1709197995.1330173
3231,1709197995.226938,1709197995.2269447
3232,1709197995.3218496,1709197995.3218563
3233,1709197995.4311879,1709197995.4311955
3234,1709197995.5259738,1709197995.5259812
3235,1709197995.6320767,1709197995.6320837
3236,1709197995.7321682,1709197995.7321744
3237,1709197995.8289962,1709197995.8290033
3238,1709197995.926682,1709197995.926689
3239,1709197996.0312102,1709197996.0312166
3240,1709197996.132496,1709197996.1325061
3241,1709197996.2325895,1709197996.2325943
3242,1709197996.3323703,1709197996.33238
3243,1709197996.42831,1709197996.4283152
3244,1709197996.5235927,1709197996.5236
3245,1709197996.6351964,1709197996.6352034
3246,1709197996.7336473,1709197996.7336533
3247,1709197996.8318574,1709197996.8318646
3248,1709197996.9250062,1709197996.925011
3249,1709197997.0256686,1709197997.025678
3250,1709197997.126102,1709197997.1261084
3251,1709197997.2272103,1709197997.227217
3252,1709197997.328619,1709197997.3286266
3253,1709197997.4305465,1709197997.4305534
3254,1709197997.5246243,1709197997.5246308
3255,1709197997.6238942,1709197997.6239004
3256,1709197997.7348819,1709197997.7348886
3257,1709197997.8240652,1709197997.824071
3258,1709197997.9298494,1709197997.929857
3259,1709197998.0336494,1709197998.0336602
3260,1709197998.129663,1709197998.12967
3261,1709197998.2249508,1709197998.2249577
3262,1709197998.3261914,1709197998.3261986
3263,1709197998.4301198,1709197998.4301267
3264,1709197998.536497,1709197998.5365033
3265,1709197998.6274753,1709197998.627484
3266,1709197998.727345,1709197998.7273517
3267,1709197998.829676,1709197998.8296826
3268,1709197998.9246857,1709197998.924692
3269,1709197999.0324917,1709197999.0324972
3270,1709197999.1296098,1709197999.129618
3271,1709197999.225957,1709197999.2259624
3272,1709197999.3251135,1709197999.3251212
3273,1709197999.4233937,1709197999.4234014
3274,1709197999.5289361,1709197999.528941
3275,1709197999.6253598,1709197999.6253667
3276,1709197999.7272484,1709197999.7272553
3277,1709197999.8236873,1709197999.8236942
3278,1709197999.924279,1709197999.9242847
3279,1709198000.0271056,1709198000.0271103
3280,1709198000.127719,1709198000.127726
3281,1709198000.2223163,1709198000.222322
3282,1709198000.3275745,1709198000.3275828
3283,1709198000.4244282,1709198000.4244356
3284,1709198000.5566194,1709198000.556628
3285,1709198000.6345415,1709198000.6345491
3286,1709198000.7330742,1709198000.7330809
3287,1709198000.8297243,1709198000.8297298
3288,1709198000.9292176,1709198000.9292274
3289,1709198001.0247562,1709198001.0247617
3290,1709198001.130442,1709198001.1304483
3291,1709198001.224709,1709198001.2247202
3292,1709198001.3227706,1709198001.3227773
3293,1709198001.4243402,1709198001.4243484
3294,1709198001.5234444,1709198001.5234494
3295,1709198001.6303055,1709198001.6303132
3296,1709198001.7268443,1709198001.726851
3297,1709198001.834496,1709198001.8345032
3298,1709198001.9222531,1709198001.9222603
3299,1709198002.0236988,1709198002.0237052
3300,1709198002.1259346,1709198002.1259418
3301,1709198002.2294917,1709198002.2294989
3302,1709198002.3273168,1709198002.3273234
3303,1709198002.4296913,1709198002.4296966
3304,1709198002.5331397,1709198002.533145
3305,1709198002.6246223,1709198002.6246274
3306,1709198002.731762,1709198002.7317686
3307,1709198002.827998,1709198002.8280075
3308,1709198002.9266324,1709198002.9266398
3309,1709198003.0303996,1709198003.030406
3310,1709198003.1278503,1709198003.1278803
3311,1709198003.226698,1709198003.226704
3312,1709198003.3252146,1709198003.3252237
3313,1709198003.426264,1709198003.4262707
3314,1709198003.5280285,1709198003.5280344
3315,1709198003.626657,1709198003.626664
3316,1709198003.7272387,1709198003.7272458
3317,1709198003.8270473,1709198003.827054
3318,1709198003.9351125,1709198003.935119
3319,1709198004.0273724,1709198004.0273778
3320,1709198004.1269002,1709198004.1269073
3321,1709198004.2310336,1709198004.2310402
3322,1709198004.32499,1709198004.3249972
3323,1709198004.42249,1709198004.4224958
3324,1709198004.5321314,1709198004.5321374
3325,1709198004.6283593,1709198004.6283658
3326,1709198004.7273839,1709198004.7273908
3327,1709198004.8258188,1709198004.8258257
3328,1709198004.9280248,1709198004.9280334
3329,1709198005.0359051,1709198005.0359125
3330,1709198005.1265771,1709198005.126584
3331,1709198005.2213101,1709198005.2213168
3332,1709198005.3269784,1709198005.326986
3333,1709198005.4302056,1709198005.4302137
3334,1709198005.521537,1709198005.5215442
3335,1709198005.6287556,1709198005.6287625
3336,1709198005.7252536,1709198005.7252605
3337,1709198005.8332932,1709198005.8333
3338,1709198005.9284694,1709198005.928476
3339,1709198006.0242233,1709198006.024229
3340,1709198006.1288242,1709198006.1288314
3341,1709198006.2275698,1709198006.2275777
3342,1709198006.3258162,1709198006.3258224
3343,1709198006.4235015,1709198006.4235094
3344,1709198006.5268989,1709198006.5269055
3345,1709198006.6339755,1709198006.633982
3346,1709198006.73384,1709198006.733847
3347,1709198006.8295174,1709198006.829524
3348,1709198006.9260023,1709198006.9260092
3349,1709198007.033027,1709198007.0330331
3350,1709198007.1282392,1709198007.1282446
3351,1709198007.2260888,1709198007.2260962
3352,1709198007.3233194,1709198007.3233256
3353,1709198007.4231243,1709198007.4231317
3354,1709198007.5215297,1709198007.5215356
3355,1709198007.6515262,1709198007.6515343
3356,1709198007.7276568,1709198007.7276642
3357,1709198007.8270628,1709198007.8270695
3358,1709198007.923927,1709198007.9239335
3359,1709198008.0252478,1709198008.0252576
3360,1709198008.1230998,1709198008.1231098
3361,1709198008.2269611,1709198008.2269683
3362,1709198008.3242877,1709198008.3242948
3363,1709198008.4260304,1709198008.426038
3364,1709198008.5282009,1709198008.528209
3365,1709198008.627551,1709198008.6275575
3366,1709198008.7265036,1709198008.7265105
3367,1709198008.8246508,1709198008.8246582
3368,1709198008.92917,1709198008.9291768
3369,1709198009.025942,1709198009.0259466
3370,1709198009.125739,1709198009.1258755
3371,1709198009.2233856,1709198009.223468
3372,1709198009.3269837,1709198009.3270326
3373,1709198009.4276626,1709198009.4277058
3374,1709198009.525856,1709198009.5259097
3375,1709198009.6249795,1709198009.6250181
3376,1709198009.7267547,1709198009.7268085
3377,1709198009.8268032,1709198009.8268442
3378,1709198009.928563,1709198009.9286113
3379,1709198010.0275688,1709198010.0276172
3380,1709198010.1307614,1709198010.1308403
3381,1709198010.225056,1709198010.2251294
3382,1709198010.3260427,1709198010.3260932
3383,1709198010.4227164,1709198010.4227798
3384,1709198010.524426,1709198010.5244918
3385,1709198010.628261,1709198010.6283412
3386,1709198010.7225757,1709198010.722645
3387,1709198010.8228202,1709198010.8228612
3388,1709198010.9226942,1709198010.9227712
3389,1709198011.0214837,1709198011.0215278
3390,1709198011.1222215,1709198011.1223004
3391,1709198011.2266903,1709198011.2267706
3392,1709198011.3256564,1709198011.3257227
3393,1709198011.4263606,1709198011.4264362
3394,1709198011.52413,1709198011.5242133
3395,1709198011.632425,1709198011.6325138
3396,1709198011.7287288,1709198011.7287672
3397,1709198011.8257196,1709198011.825797
3398,1709198011.9260058,1709198011.926057
3399,1709198012.021977,1709198012.0220132
3400,1709198012.1269479,1709198012.1270182
3401,1709198012.222991,1709198012.2230349
3402,1709198012.3235931,1709198012.323671
3403,1709198012.429886,1709198012.4299319
3404,1709198012.523406,1709198012.5234787
3405,1709198012.6234443,1709198012.6235352
3406,1709198012.7238681,1709198012.7239137
3407,1709198012.8251736,1709198012.8252244
3408,1709198012.9274678,1709198012.927513
3409,1709198013.022502,1709198013.0225513
3410,1709198013.1228049,1709198013.1228557
3411,1709198013.2290332,1709198013.2291057
3412,1709198013.3287184,1709198013.328794
3413,1709198013.4339,1709198013.433989
3414,1709198013.5279565,1709198013.528033
3415,1709198013.6248307,1709198013.6249475
3416,1709198013.7293828,1709198013.7296336
3417,1709198013.8242803,1709198013.824426
3418,1709198013.9220867,1709198013.922133
3419,1709198014.0232415,1709198014.0232885
3420,1709198014.126972,1709198014.1270165
3421,1709198014.2247837,1709198014.224836
3422,1709198014.328583,1709198014.3290434
3423,1709198014.4216194,1709198014.4216733
3424,1709198014.523876,1709198014.5239232
3425,1709198014.6324584,1709198014.6325133
3426,1709198014.7251692,1709198014.7252388
3427,1709198014.8266711,1709198014.8267126
3428,1709198014.9323504,1709198014.9324093
3429,1709198015.023621,1709198015.0236804
3430,1709198015.125484,1709198015.1255307
3431,1709198015.2262185,1709198015.2262793
3432,1709198015.3261862,1709198015.3262317
3433,1709198015.425603,1709198015.4256494
3434,1709198015.5302305,1709198015.5302758
3435,1709198015.6247182,1709198015.6247663
3436,1709198015.7290509,1709198015.7291136
3437,1709198015.823528,1709198015.8236306
3438,1709198015.9287484,1709198015.9287965
3439,1709198016.0296264,1709198016.029683
3440,1709198016.1291788,1709198016.1292503
3441,1709198016.2232752,1709198016.2233267
3442,1709198016.3281229,1709198016.328178
3443,1709198016.4261742,1709198016.4262245
3444,1709198016.5241437,1709198016.524191
3445,1709198016.6275995,1709198016.6276734
3446,1709198016.7269344,1709198016.727009
3447,1709198016.823525,1709198016.823565
3448,1709198016.9262464,1709198016.926285
3449,1709198017.0283337,1709198017.0283828
3450,1709198017.1342454,1709198017.1342883
3451,1709198017.228741,1709198017.2287972
3452,1709198017.328586,1709198017.328631
3453,1709198017.4274662,1709198017.427536
3454,1709198017.5259612,1709198017.526043
3455,1709198017.632527,1709198017.6326132
3456,1709198017.7298594,1709198017.7299426
3457,1709198017.8302448,1709198017.8303301
3458,1709198017.9218957,1709198017.9219775
3459,1709198018.0262039,1709198018.0262835
3460,1709198018.127046,1709198018.127117
3461,1709198018.2254915,1709198018.22557
3462,1709198018.3277488,1709198018.327831
3463,1709198018.4224694,1709198018.4225347
3464,1709198018.5256793,1709198018.525759
3465,1709198018.6249804,1709198018.6250618
3466,1709198018.7299054,1709198018.729991
3467,1709198018.8282108,1709198018.828289
3468,1709198018.9272926,1709198018.9273748
3469,1709198019.0285013,1709198019.028579
3470,1709198019.1271274,1709198019.1272159
3471,1709198019.2234278,1709198019.2235098
3472,1709198019.323907,1709198019.3239858
3473,1709198019.4234927,1709198019.423554
3474,1709198019.528817,1709198019.5288994
3475,1709198019.6250927,1709198019.6251404
3476,1709198019.7496057,1709198019.7496533
3477,1709198019.829247,1709198019.8293226
3478,1709198019.9262142,1709198019.9262547
3479,1709198020.0285397,1709198020.028576
3480,1709198020.127227,1709198020.1273031
3481,1709198020.2263367,1709198020.2263906
3482,1709198020.3280892,1709198020.328136
3483,1709198020.4308925,1709198020.4309866
3484,1709198020.5299916,1709198020.530104
3485,1709198020.6227362,1709198020.6228135
3486,1709198020.7286665,1709198020.7287624
3487,1709198020.8240304,1709198020.8240821
3488,1709198020.9294913,1709198020.9295375
3489,1709198021.0229654,1709198021.0230174
3490,1709198021.126767,1709198021.12682
3491,1709198021.2222118,1709198021.2222607
3492,1709198021.3265326,1709198021.32658
3493,1709198021.4219952,1709198021.422073
3494,1709198021.5252898,1709198021.525337
3495,1709198021.6233838,1709198021.6234555
3496,1709198021.7293727,1709198021.7293775
3497,1709198021.8275476,1709198021.8275533
3498,1709198021.9245224,1709198021.924528
3499,1709198022.0230093,1709198022.023015
3500,1709198022.1276512,1709198022.127657
3501,1709198022.2279685,1709198022.2279744
3502,1709198022.3249254,1709198022.3249316
3503,1709198022.4231274,1709198022.4231327
3504,1709198022.5323474,1709198022.5323539
3505,1709198022.6292381,1709198022.629244
3506,1709198022.7232456,1709198022.7232506
3507,1709198022.8274117,1709198022.8274179
3508,1709198022.927493,1709198022.9274988
3509,1709198023.0241842,1709198023.0241904
3510,1709198023.1243165,1709198023.1243227
3511,1709198023.2254045,1709198023.2254097
3512,1709198023.3261437,1709198023.3261492
3513,1709198023.4264169,1709198023.426423
3514,1709198023.522722,1709198023.5227275
3515,1709198023.6252465,1709198023.6252534
3516,1709198023.7303562,1709198023.7335
3517,1709198023.8285599,1709198023.8315337
3518,1709198023.9293983,1709198023.9324217
3519,1709198024.0343783,1709198024.0394669
3520,1709198024.1328683,1709198024.135939
3521,1709198024.2303567,1709198024.234069
3522,1709198024.3243916,1709198024.3263023
3523,1709198024.428396,1709198024.430649
3524,1709198024.5226798,1709198024.5258522
3525,1709198024.6243715,1709198024.6271484
3526,1709198024.7251377,1709198024.7299912
3527,1709198024.8269935,1709198024.830718
3528,1709198024.9231148,1709198024.9263363
3529,1709198025.0255406,1709198025.0294056
3530,1709198025.126881,1709198025.1296759
3531,1709198025.2267597,1709198025.2312374
3532,1709198025.3277726,1709198025.3306732
3533,1709198025.426348,1709198025.4297879
3534,1709198025.5267491,1709198025.5299716
3535,1709198025.6264784,1709198025.629754
3536,1709198025.7232409,1709198025.7265508
3537,1709198025.8331459,1709198025.836185
3538,1709198025.9288874,1709198025.9316494
3539,1709198026.027751,1709198026.0307882
3540,1709198026.1229923,1709198026.1257315
3541,1709198026.2249904,1709198026.2283998
3542,1709198026.3287373,1709198026.331757
3543,1709198026.422489,1709198026.425191
3544,1709198026.5277085,1709198026.530092
3545,1709198026.626255,1709198026.6288865
3546,1709198026.7285671,1709198026.7316704
3547,1709198026.8513274,1709198026.8545737
3548,1709198026.9295986,1709198026.9323769
3549,1709198027.026028,1709198027.0286582
3550,1709198027.1282787,1709198027.1316879
3551,1709198027.2279525,1709198027.2319567
3552,1709198027.3257055,1709198027.3285778
3553,1709198027.4295926,1709198027.4319005
3554,1709198027.5305336,1709198027.5338085
3555,1709198027.6253448,1709198027.6278877
3556,1709198027.7239463,1709198027.7259135
3557,1709198027.82434,1709198027.826992
3558,1709198027.9270246,1709198027.9302382
3559,1709198028.0273457,1709198028.0307896
3560,1709198028.1251168,1709198028.128782
3561,1709198028.230301,1709198028.2330937
3562,1709198028.3295326,1709198028.3422067
3563,1709198028.4260416,1709198028.4290733
3564,1709198028.5264874,1709198028.529291
3565,1709198028.6230962,1709198028.626138
3566,1709198028.7282028,1709198028.7312582
3567,1709198028.8269868,1709198028.8321168
3568,1709198028.927919,1709198028.9304616
3569,1709198029.0255573,1709198029.028278
3570,1709198029.122462,1709198029.126599
3571,1709198029.2215433,1709198029.2259912
3572,1709198029.325724,1709198029.3289979
3573,1709198029.426794,1709198029.430096
3574,1709198029.5256884,1709198029.528376
3575,1709198029.6278849,1709198029.6308649
3576,1709198029.7235286,1709198029.7266448
3577,1709198029.8256257,1709198029.8284454
3578,1709198029.924895,1709198029.9281092
3579,1709198030.022225,1709198030.0251045
3580,1709198030.1307468,1709198030.13394
3581,1709198030.2237914,1709198030.2267828
3582,1709198030.3277707,1709198030.33339
3583,1709198030.4282765,1709198030.4316182
3584,1709198030.524687,1709198030.5268977
3585,1709198030.6237745,1709198030.6271021
3586,1709198030.7280824,1709198030.731111
3587,1709198030.8248584,1709198030.8276458
3588,1709198030.9256365,1709198030.9285972
3589,1709198031.0257003,1709198031.0285478
3590,1709198031.128689,1709198031.1318266
3591,1709198031.2231271,1709198031.226616
3592,1709198031.324882,1709198031.3278217
3593,1709198031.4269085,1709198031.430457
3594,1709198031.5254407,1709198031.5282166
3595,1709198031.6248713,1709198031.6268885
3596,1709198031.7227767,1709198031.7250113
3597,1709198031.8252966,1709198031.8282077
3598,1709198031.9301722,1709198031.9333315
3599,1709198032.0255694,1709198032.0286784
3600,1709198032.1225715,1709198032.1245682
3601,1709198032.2329032,1709198032.2364345
3602,1709198032.3270907,1709198032.3303246
3603,1709198032.4227881,1709198032.425743
3604,1709198032.5231671,1709198032.5261064
3605,1709198032.6226327,1709198032.6255498
3606,1709198032.7242224,1709198032.72703
3607,1709198032.8228393,1709198032.8252544
3608,1709198032.928703,1709198032.9319358
3609,1709198033.0224462,1709198033.0252302
3610,1709198033.124316,1709198033.126311
3611,1709198033.2276323,1709198033.2307127
3612,1709198033.3260329,1709198033.3287542
3613,1709198033.4224238,1709198033.4255657
3614,1709198033.5265214,1709198033.529846
3615,1709198033.6331987,1709198033.6362898
3616,1709198033.7238908,1709198033.7281327
3617,1709198033.8270192,1709198033.8300407
3618,1709198033.9453807,1709198033.9481337
3619,1709198034.026809,1709198034.02967
3620,1709198034.1221728,1709198034.125023
3621,1709198034.2249086,1709198034.2268786
3622,1709198034.3257558,1709198034.3283646
3623,1709198034.4294157,1709198034.4325814
3624,1709198034.5372999,1709198034.5408492
3625,1709198034.6278358,1709198034.6314907
3626,1709198034.7259526,1709198034.7297316
3627,1709198034.8293362,1709198034.832814
3628,1709198034.92483,1709198034.928409
3629,1709198035.0225868,1709198035.0255272
3630,1709198035.1242077,1709198035.1268516
3631,1709198035.2238686,1709198035.2267692
3632,1709198035.3226166,1709198035.32514
3633,1709198035.4255924,1709198035.4289188
3634,1709198035.5221949,1709198035.5249126
3635,1709198035.622367,1709198035.6267607
3636,1709198035.7266061,1709198035.7304769
3637,1709198035.8272192,1709198035.8306417
3638,1709198035.9291022,1709198035.9291096
3639,1709198036.025297,1709198036.025304
3640,1709198036.1282568,1709198036.128264
3641,1709198036.2242737,1709198036.2242796
3642,1709198036.3279164,1709198036.3279226
3643,1709198036.42233,1709198036.4223378
3644,1709198036.5248766,1709198036.524883
3645,1709198036.6288285,1709198036.628835
3646,1709198036.7238128,1709198036.7238195
3647,1709198036.8236363,1709198036.8236442
3648,1709198036.9290676,1709198036.9290745
3649,1709198037.0242147,1709198037.0242217
3650,1709198037.1284547,1709198037.1284611
3651,1709198037.222824,1709198037.22283
3652,1709198037.322022,1709198037.322028
3653,1709198037.4221215,1709198037.4221282
3654,1709198037.5251155,1709198037.5251222
3655,1709198037.622266,1709198037.622275
3656,1709198037.727607,1709198037.7276146
3657,1709198037.8247926,1709198037.8247993
3658,1709198037.9322453,1709198037.9322517
3659,1709198038.023422,1709198038.0234299
3660,1709198038.1226263,1709198038.1226332
3661,1709198038.223424,1709198038.2234318
3662,1709198038.3253322,1709198038.3253384
3663,1709198038.4282835,1709198038.42829
3664,1709198038.5257313,1709198038.5257385
3665,1709198038.6267805,1709198038.6267865
3666,1709198038.7255342,1709198038.7255409
3667,1709198038.821332,1709198038.8213391
3668,1709198038.9220028,1709198038.922009
3669,1709198039.0286968,1709198039.0287042
3670,1709198039.123024,1709198039.123031
3671,1709198039.2282312,1709198039.2282379
3672,1709198039.3264034,1709198039.3264115
3673,1709198039.4275002,1709198039.4275076
3674,1709198039.5236993,1709198039.5237055
3675,1709198039.6221986,1709198039.6222057
3676,1709198039.7234924,1709198039.7234986
3677,1709198039.8224638,1709198039.8224683
3678,1709198039.9219396,1709198039.9219475
3679,1709198040.0271227,1709198040.0271301
3680,1709198040.1261303,1709198040.1261353
3681,1709198040.2312672,1709198040.2312748
3682,1709198040.3257449,1709198040.3257518
3683,1709198040.4257336,1709198040.4257417
3684,1709198040.5241752,1709198040.5241823
3685,1709198040.626323,1709198040.6263292
3686,1709198040.721429,1709198040.7214348
3687,1709198040.8237588,1709198040.8237655
3688,1709198040.925603,1709198040.925609
3689,1709198041.022966,1709198041.0229726
3690,1709198041.1323016,1709198041.1323078
3691,1709198041.224197,1709198041.224204
3692,1709198041.325559,1709198041.325565
3693,1709198041.4249513,1709198041.4249587
3694,1709198041.5278275,1709198041.5278337
3695,1709198041.6290016,1709198041.6290066
3696,1709198041.7234063,1709198041.7234128
3697,1709198041.8213773,1709198041.8213844
3698,1709198041.9271226,1709198041.9271295
3699,1709198042.024955,1709198042.0249617
3700,1709198042.132232,1709198042.132241
3701,1709198042.2227993,1709198042.2228048
3702,1709198042.3250844,1709198042.3250911
3703,1709198042.436543,1709198042.436549
3704,1709198042.5302124,1709198042.5302188
3705,1709198042.6220012,1709198042.622009
3706,1709198042.7318773,1709198042.7318835
3707,1709198042.8236644,1709198042.8236709
3708,1709198042.92423,1709198042.924237
3709,1709198043.0299737,1709198043.0299804
3710,1709198043.1308508,1709198043.130857
3711,1709198043.2275062,1709198043.227513
3712,1709198043.3252108,1709198043.3252182
3713,1709198043.4229112,1709198043.4229157
3714,1709198043.524475,1709198043.524481
3715,1709198043.6271234,1709198043.6271303
3716,1709198043.7311707,1709198043.7311776
3717,1709198043.8306847,1709198043.8306894
3718,1709198043.9317842,1709198043.931793
3719,1709198044.0323997,1709198044.0324047
3720,1709198044.1330314,1709198044.1330385
3721,1709198044.2301896,1709198044.2301989
3722,1709198044.3341286,1709198044.3341362
3723,1709198044.425951,1709198044.425958
3724,1709198044.5275073,1709198044.5275145
3725,1709198044.6238143,1709198044.6238215
3726,1709198044.734686,1709198044.7346928
3727,1709198044.837884,1709198044.8378909
3728,1709198044.9729164,1709198044.972923
3729,1709198045.0321543,1709198045.0321617
3730,1709198045.1214151,1709198045.1214223
3731,1709198045.2304258,1709198045.2304323
3732,1709198045.3226576,1709198045.3226645
3733,1709198045.4250972,1709198045.425105
3734,1709198045.524048,1709198045.5240543
3735,1709198045.626666,1709198045.626671
3736,1709198045.7266026,1709198045.7266095
3737,1709198045.8235316,1709198045.823537
3738,1709198045.9213514,1709198045.9213574
3739,1709198046.0618694,1709198046.0618763
3740,1709198046.1272993,1709198046.1273065
3741,1709198046.2294216,1709198046.229428
3742,1709198046.3348656,1709198046.3348713
3743,1709198046.4293432,1709198046.4293494
3744,1709198046.5360146,1709198046.536021
3745,1709198046.6257045,1709198046.6257114
3746,1709198046.7328784,1709198046.7328858
3747,1709198046.8418891,1709198046.8418958
3748,1709198046.9356647,1709198046.935672
3749,1709198047.0238762,1709198047.0238843
3750,1709198047.1336408,1709198047.1336474
3751,1709198047.2270188,1709198047.2270246
3752,1709198047.3250897,1709198047.3250973
3753,1709198047.4314384,1709198047.4314454
3754,1709198047.5271714,1709198047.5271783
3755,1709198047.6261232,1709198047.62613
3756,1709198047.7276225,1709198047.7276294
3757,1709198047.8291142,1709198047.8291194
3758,1709198047.927172,1709198047.9271793
3759,1709198048.0284152,1709198048.0284224
3760,1709198048.130499,1709198048.1305053
3761,1709198048.2254155,1709198048.2254229
3762,1709198048.3365374,1709198048.336544
3763,1709198048.4341128,1709198048.434118
3764,1709198048.5306542,1709198048.5306616
3765,1709198048.6242046,1709198048.624212
3766,1709198048.7281392,1709198048.7281482
3767,1709198048.8307018,1709198048.830708
3768,1709198048.9307206,1709198048.9307284
3769,1709198049.0307755,1709198049.0307825
3770,1709198049.1356227,1709198049.1356287
3771,1709198049.2305832,1709198049.2305884
3772,1709198049.3294797,1709198049.329488
3773,1709198049.4318197,1709198049.4318264
3774,1709198049.5311062,1709198049.5311153
3775,1709198049.626817,1709198049.6268232
3776,1709198049.7261395,1709198049.726146
3777,1709198049.8261156,1709198049.8261225
3778,1709198049.924183,1709198049.924189
3779,1709198050.0259533,1709198050.0259604
3780,1709198050.132601,1709198050.1326075
3781,1709198050.2242193,1709198050.2242265
3782,1709198050.323177,1709198050.3231845
3783,1709198050.427147,1709198050.4271538
3784,1709198050.5257494,1709198050.5257556
3785,1709198050.6359394,1709198050.6359475
3786,1709198050.727822,1709198050.7278297
3787,1709198050.824935,1709198050.824942
3788,1709198050.9348876,1709198050.934897
3789,1709198051.0325325,1709198051.0325384
3790,1709198051.1323533,1709198051.1323605
3791,1709198051.2312725,1709198051.2312791
3792,1709198051.327116,1709198051.3271234
3793,1709198051.423959,1709198051.4239647
3794,1709198051.52553,1709198051.525537
3795,1709198051.6235428,1709198051.62355
3796,1709198051.7275257,1709198051.7275324
3797,1709198051.8294027,1709198051.8294134
3798,1709198051.9225342,1709198051.9225419
3799,1709198052.0236735,1709198052.0237043
3800,1709198052.1241894,1709198052.124196
3801,1709198052.224452,1709198052.224459
3802,1709198052.3323042,1709198052.3323116
3803,1709198052.427301,1709198052.427308
3804,1709198052.5275037,1709198052.527509
3805,1709198052.6338854,1709198052.6338918
3806,1709198052.733748,1709198052.7337568
3807,1709198052.8224673,1709198052.8224733
3808,1709198052.9272923,1709198052.9272985
3809,1709198053.0370195,1709198053.0370257
3810,1709198053.1414943,1709198053.1415002
3811,1709198053.225663,1709198053.22567
3812,1709198053.3376484,1709198053.3376548
3813,1709198053.4266975,1709198053.4267035
3814,1709198053.526636,1709198053.526642
3815,1709198053.626849,1709198053.6268566
3816,1709198053.729179,1709198053.7291849
3817,1709198053.8261826,1709198053.8261893
3818,1709198053.928955,1709198053.9289637
3819,1709198054.0383825,1709198054.03839
3820,1709198054.1281705,1709198054.1281784
3821,1709198054.236471,1709198054.23648
3822,1709198054.3380153,1709198054.3380241
3823,1709198054.4253087,1709198054.4253156
3824,1709198054.5362341,1709198054.5362418
3825,1709198054.628506,1709198054.6285129
3826,1709198054.7217433,1709198054.721751
3827,1709198054.83447,1709198054.8344765
3828,1709198054.9311411,1709198054.9311485
3829,1709198055.0242386,1709198055.024246
3830,1709198055.132913,1709198055.1329203
3831,1709198055.2247508,1709198055.2247596
3832,1709198055.323409,1709198055.3234174
3833,1709198055.433153,1709198055.433161
3834,1709198055.5276659,1709198055.5276744
3835,1709198055.6239204,1709198055.6239305
3836,1709198055.7400806,1709198055.7400875
3837,1709198055.837795,1709198055.837805
3838,1709198055.9336755,1709198055.9336827
3839,1709198056.031981,1709198056.0319898
3840,1709198056.1242194,1709198056.1242268
3841,1709198056.2301185,1709198056.230125
3842,1709198056.3233876,1709198056.3233943
3843,1709198056.437373,1709198056.4373791
3844,1709198056.523318,1709198056.5233243
3845,1709198056.6329284,1709198056.6329343
3846,1709198056.7342503,1709198056.734256
3847,1709198056.8295712,1709198056.829577
3848,1709198056.9261804,1709198056.9261875
3849,1709198057.036775,1709198057.0367825
3850,1709198057.1283553,1709198057.128361
3851,1709198057.2284286,1709198057.2284353
3852,1709198057.326283,1709198057.3262892
3853,1709198057.424726,1709198057.424735
3854,1709198057.5259151,1709198057.5259223
3855,1709198057.6332932,1709198057.6333003
3856,1709198057.7284696,1709198057.7284768
3857,1709198057.8301506,1709198057.8301609
3858,1709198057.9316263,1709198057.931635
3859,1709198058.0399468,1709198058.0399554
3860,1709198058.1349642,1709198058.1349719
3861,1709198058.2248373,1709198058.2248445
3862,1709198058.325289,1709198058.3252952
3863,1709198058.4290748,1709198058.429083
3864,1709198058.531179,1709198058.5311863
3865,1709198058.6271977,1709198058.6272037
3866,1709198058.7355497,1709198058.7355561
3867,1709198058.8353145,1709198058.8353224
3868,1709198058.9299302,1709198058.9299366
3869,1709198059.0321393,1709198059.0321462
3870,1709198059.1322002,1709198059.132208
3871,1709198059.226766,1709198059.2267737
3872,1709198059.3274047,1709198059.3274124
3873,1709198059.4330277,1709198059.4330354
3874,1709198059.531139,1709198059.5311453
3875,1709198059.6244218,1709198059.6244285
3876,1709198059.7250507,1709198059.7250578
3877,1709198059.8263023,1709198059.8263092
3878,1709198059.9344454,1709198059.9344525
3879,1709198060.0338938,1709198060.0338998
3880,1709198060.1278093,1709198060.1278164
3881,1709198060.7021108,1709198060.7021234
3882,1709198060.7101908,1709198060.7101967
3883,1709198060.7394645,1709198060.739471
3884,1709198060.8438768,1709198060.8438847
3885,1709198060.9349308,1709198060.934937
3886,1709198061.035365,1709198061.0353777
3887,1709198061.1385548,1709198061.138562
3888,1709198061.2394276,1709198061.2394342
3889,1709198061.3420708,1709198061.3420773
3890,1709198061.4379253,1709198061.4379315
3891,1709198061.533372,1709198061.5333793
3892,1709198061.6235971,1709198061.6236076
3893,1709198061.7384837,1709198061.7384927
3894,1709198061.841038,1709198061.8410463
3895,1709198061.9264286,1709198061.9264367
3896,1709198062.0266109,1709198062.0266178
3897,1709198062.129312,1709198062.1293197
3898,1709198062.2452219,1709198062.245228
3899,1709198062.3252287,1709198062.3252356
3900,1709198062.43698,1709198062.4369864
3901,1709198062.5270085,1709198062.5270154
3902,1709198062.6282847,1709198062.6282914
3903,1709198062.7357683,1709198062.7357755
3904,1709198062.831413,1709198062.8314195
3905,1709198062.935598,1709198062.935608
3906,1709198063.0325596,1709198063.0325649
3907,1709198063.1341336,1709198063.1341403
3908,1709198063.224584,1709198063.224591
3909,1709198063.3278797,1709198063.327886
3910,1709198063.4350295,1709198063.4350593
3911,1709198063.5307243,1709198063.5307305
3912,1709198063.6305587,1709198063.630566
3913,1709198063.7324717,1709198063.732477
3914,1709198063.827606,1709198063.827614
3915,1709198063.9256408,1709198063.9256968
3916,1709198064.0257125,1709198064.025719
3917,1709198064.129549,1709198064.1295557
3918,1709198064.23244,1709198064.2324464
3919,1709198064.3367488,1709198064.3367567
3920,1709198064.4275265,1709198064.4275331
3921,1709198064.5339427,1709198064.5339494
3922,1709198064.6263387,1709198064.6263442
3923,1709198064.7249374,1709198064.72498
3924,1709198064.824039,1709198064.824048
3925,1709198064.9330518,1709198064.9330597
3926,1709198065.0344372,1709198065.0344517
3927,1709198065.1350913,1709198065.1350975
3928,1709198065.2329938,1709198065.2330022
3929,1709198065.3364973,1709198065.336504
3930,1709198065.4274693,1709198065.427476
3931,1709198065.5233207,1709198065.5233293
3932,1709198065.6327698,1709198065.6327777
3933,1709198065.7271705,1709198065.7271762
3934,1709198065.8302274,1709198065.830236
3935,1709198065.9342647,1709198065.934272
3936,1709198066.0327582,1709198066.032764
3937,1709198066.130279,1709198066.130286
3938,1709198066.2291346,1709198066.2291417
3939,1709198066.3241868,1709198066.3241935
3940,1709198066.4276292,1709198066.427637
3941,1709198066.5396218,1709198066.539628
3942,1709198066.6271603,1709198066.6271667
3943,1709198066.7338107,1709198066.7338173
3944,1709198066.824114,1709198066.8241227
3945,1709198066.9337015,1709198066.933708
3946,1709198067.033561,1709198067.0335689
3947,1709198067.1231472,1709198067.123154
3948,1709198067.2272875,1709198067.2272942
3949,1709198067.334374,1709198067.3343801
3950,1709198067.4265044,1709198067.4265118
3951,1709198067.5244498,1709198067.524455
3952,1709198067.6306646,1709198067.6306713
3953,1709198067.730454,1709198067.7304623
3954,1709198067.821702,1709198067.8217106
3955,1709198067.9243815,1709198067.9243867
3956,1709198068.0319557,1709198068.0319624
3957,1709198068.1289356,1709198068.1289423
3958,1709198068.2240732,1709198068.2240806
3959,1709198068.3357627,1709198068.335769
3960,1709198068.4260674,1709198068.4260776
3961,1709198068.5299914,1709198068.5300028
3962,1709198068.6255548,1709198068.6255617
3963,1709198068.7395835,1709198068.7395928
3964,1709198068.836624,1709198068.8366325
3965,1709198068.9273412,1709198068.9273505
3966,1709198069.0300987,1709198069.0301054
3967,1709198069.1376262,1709198069.1376343
3968,1709198069.233975,1709198069.2339835
3969,1709198069.3445756,1709198069.3445835
3970,1709198069.4251022,1709198069.4251099
3971,1709198069.5300224,1709198069.530031
3972,1709198069.629126,1709198069.6291323
3973,1709198069.726358,1709198069.7263641
3974,1709198069.8340385,1709198069.834046
3975,1709198069.9389513,1709198069.93896
3976,1709198070.0280926,1709198070.028099
3977,1709198070.1337738,1709198070.1337807
3978,1709198070.2383535,1709198070.2383602
3979,1709198070.3266168,1709198070.3266237
3980,1709198070.4298189,1709198070.429825
3981,1709198070.5254498,1709198070.5254564
3982,1709198070.6244943,1709198070.6245003
3983,1709198070.7300673,1709198070.7300754
3984,1709198070.8284342,1709198070.82844
3985,1709198070.931178,1709198070.931185
3986,1709198071.0270379,1709198071.0270934
3987,1709198071.132806,1709198071.132812
3988,1709198071.229415,1709198071.2294211
3989,1709198071.3266304,1709198071.3266373
3990,1709198071.4295964,1709198071.429635
3991,1709198071.5251226,1709198071.5251286
3992,1709198071.6320953,1709198071.6321023
3993,1709198071.7240696,1709198071.7240758
3994,1709198071.8314967,1709198071.8315032
3995,1709198071.9353049,1709198071.9353118
3996,1709198072.0372787,1709198072.0372863
3997,1709198072.1233656,1709198072.123373
3998,1709198072.2283962,1709198072.2284026
3999,1709198072.3488693,1709198072.3488767
4000,1709198072.428827,1709198072.4288337
4001,1709198072.5294883,1709198072.5294948
4002,1709198072.6335564,1709198072.633564
4003,1709198072.7258878,1709198072.7258992
4004,1709198072.8362114,1709198072.8362186
4005,1709198072.9318883,1709198072.9318962
4006,1709198073.0260873,1709198073.0260954
4007,1709198073.131685,1709198073.1316926
4008,1709198073.2246132,1709198073.2246208
4009,1709198073.3336596,1709198073.333667
4010,1709198073.4276853,1709198073.427692
4011,1709198073.5249915,1709198073.524998
4012,1709198073.6331966,1709198073.6332037
4013,1709198073.7300606,1709198073.73007
4014,1709198073.8333652,1709198073.833372
4015,1709198073.926341,1709198073.9263477
4016,1709198074.0295753,1709198074.0295815
4017,1709198074.129362,1709198074.1293702
4018,1709198074.2275202,1709198074.2275274
4019,1709198074.3334591,1709198074.333466
4020,1709198074.4363494,1709198074.4363554
4021,1709198074.5364122,1709198074.536419
4022,1709198074.635214,1709198074.6352212
4023,1709198074.7254176,1709198074.7254236
4024,1709198074.841004,1709198074.84101
4025,1709198074.9267612,1709198074.926768
4026,1709198075.025964,1709198075.0259693
4027,1709198075.1277814,1709198075.127788
4028,1709198075.2466033,1709198075.2466078
4029,1709198075.3351989,1709198075.3352077
4030,1709198075.4323528,1709198075.43236
4031,1709198075.522149,1709198075.5221548
4032,1709198075.6237752,1709198075.6237817
4033,1709198075.7252696,1709198075.7252781
4034,1709198075.8275685,1709198075.8275821
4035,1709198075.9266207,1709198075.9266324
4036,1709198076.0271864,1709198076.0271928
4037,1709198076.1267755,1709198076.126783
4038,1709198076.247015,1709198076.2470224
4039,1709198076.3293464,1709198076.3293533
4040,1709198076.4568343,1709198076.4568424
4041,1709198076.543333,1709198076.5433412
4042,1709198076.6375198,1709198076.6375275
4043,1709198076.7358665,1709198076.7358732
4044,1709198076.8370726,1709198076.8370793
4045,1709198076.9328887,1709198076.9328947
4046,1709198077.0291758,1709198077.0291834
4047,1709198077.133179,1709198077.133186
4048,1709198077.2346067,1709198077.2346134
4049,1709198077.331778,1709198077.3317854
4050,1709198077.4328513,1709198077.4328582
4051,1709198077.5261781,1709198077.5261846
4052,1709198077.6309123,1709198077.63092
4053,1709198077.7253716,1709198077.7253788
4054,1709198077.8271756,1709198077.8271825
4055,1709198077.9257038,1709198077.9257112
4056,1709198078.0294573,1709198078.0294642
4057,1709198078.1259906,1709198078.1259966
4058,1709198078.2225778,1709198078.2225845
4059,1709198078.3245437,1709198078.3245494
4060,1709198078.4291983,1709198078.4292052
4061,1709198078.5307264,1709198078.5307326
4062,1709198078.6219637,1709198078.6219697
4063,1709198078.722706,1709198078.722712
4064,1709198078.8257122,1709198078.8257189
4065,1709198078.9275353,1709198078.9275439
4066,1709198079.0278456,1709198079.0278525
4067,1709198079.131632,1709198079.1316392
4068,1709198079.2216756,1709198079.2216828
4069,1709198079.3485913,1709198079.3485982
4070,1709198079.4281816,1709198079.428188
4071,1709198079.5309083,1709198079.530914
4072,1709198079.6281698,1709198079.6281781
4073,1709198079.728728,1709198079.7287347
4074,1709198079.8350227,1709198079.8350294
4075,1709198079.9250338,1709198079.9250398
4076,1709198080.030143,1709198080.0301504
4077,1709198080.1339247,1709198080.1340318
4078,1709198080.2289562,1709198080.2289636
4079,1709198080.3294077,1709198080.3294146
4080,1709198080.4306886,1709198080.4306955
4081,1709198080.5317247,1709198080.531732
4082,1709198080.6232932,1709198080.6233017
4083,1709198080.7296329,1709198080.7296405
4084,1709198080.8266332,1709198080.8266397
4085,1709198080.9295487,1709198080.929556
4086,1709198081.0411668,1709198081.041175
4087,1709198081.1302152,1709198081.1302223
4088,1709198081.2237926,1709198081.2237976
4089,1709198081.3303874,1709198081.330395
4090,1709198081.4235845,1709198081.4235911
4091,1709198081.5290468,1709198081.529053
4092,1709198081.6271741,1709198081.6271822
4093,1709198081.7357032,1709198081.73571
4094,1709198081.8282013,1709198081.8282073
4095,1709198081.9239259,1709198081.923932
4096,1709198082.0381365,1709198082.0381465
4097,1709198082.12651,1709198082.1265166
4098,1709198082.2319574,1709198082.2319634
4099,1709198082.3238168,1709198082.3238232
4100,1709198082.4304867,1709198082.4304953
4101,1709198082.5253637,1709198082.5253708
4102,1709198082.6287634,1709198082.628769
4103,1709198082.7353334,1709198082.7353399
4104,1709198082.8274317,1709198082.827439
4105,1709198082.9304485,1709198082.9304566
4106,1709198083.0341737,1709198083.0341835
4107,1709198083.1294825,1709198083.1294906
4108,1709198083.2306595,1709198083.2306705
4109,1709198083.3253531,1709198083.3253605
4110,1709198083.4312453,1709198083.4312525
4111,1709198083.5317726,1709198083.5317798
4112,1709198083.6271434,1709198083.627151
4113,1709198083.7236042,1709198083.7236116
4114,1709198083.83105,1709198083.831057
4115,1709198083.9322128,1709198083.9322202
4116,1709198084.0242474,1709198084.0242548
4117,1709198084.1249738,1709198084.124981
4118,1709198084.223798,1709198084.2238066
4119,1709198084.3268518,1709198084.3268602
4120,1709198084.445123,1709198084.4452934
4121,1709198084.536285,1709198084.5362914
4122,1709198084.6323998,1709198084.632407
4123,1709198084.7245746,1709198084.7245822
4124,1709198084.8267756,1709198084.8267837
4125,1709198084.9260576,1709198084.9260645
4126,1709198085.0316615,1709198085.0316687
4127,1709198085.135325,1709198085.1353307
4128,1709198085.2246444,1709198085.2246513
4129,1709198085.3311994,1709198085.3312063
4130,1709198085.4301112,1709198085.4301183
4131,1709198085.5336099,1709198085.5336185
4132,1709198085.6279159,1709198085.6279237
4133,1709198085.7300484,1709198085.7300572
4134,1709198085.8231852,1709198085.8231928
4135,1709198085.9262917,1709198085.9262972
4136,1709198086.031423,1709198086.0314302
4137,1709198086.1243446,1709198086.1243517
4138,1709198086.2249706,1709198086.2249768
4139,1709198086.329878,1709198086.3298848
4140,1709198086.4480064,1709198086.448052
4141,1709198086.5253878,1709198086.525453
4142,1709198086.6363983,1709198086.6364617
4143,1709198086.7315698,1709198086.7316306
4144,1709198086.8331428,1709198086.8331902
4145,1709198086.9332662,1709198086.9333055
4146,1709198087.0271714,1709198087.0272312
4147,1709198087.1233377,1709198087.1233866
4148,1709198087.239584,1709198087.24005
4149,1709198087.336698,1709198087.3367531
4150,1709198087.4429169,1709198087.442963
4151,1709198087.5369487,1709198087.537005
4152,1709198087.63966,1709198087.639784
4153,1709198087.7315364,1709198087.731628
4154,1709198087.8230867,1709198087.8231351
4155,1709198087.9230871,1709198087.9231431
4156,1709198088.0288372,1709198088.0289023
4157,1709198088.128795,1709198088.1288984
4158,1709198088.2318563,1709198088.2319052
4159,1709198088.3312576,1709198088.33136
4160,1709198088.4281635,1709198088.4282153
4161,1709198088.5349627,1709198088.5350375
4162,1709198088.6328208,1709198088.6328945
4163,1709198088.734734,1709198088.734779
4164,1709198088.824296,1709198088.824373
4165,1709198088.927762,1709198088.9278252
4166,1709198089.0247884,1709198089.0248644
4167,1709198089.1290877,1709198089.1291704
4168,1709198089.2377152,1709198089.2377937
4169,1709198089.3274906,1709198089.3275425
4170,1709198089.4225047,1709198089.422567
4171,1709198089.5237117,1709198089.5237598
4172,1709198089.6318293,1709198089.631916
4173,1709198089.7245936,1709198089.7246983
4174,1709198089.8266172,1709198089.8267152
4175,1709198089.9251683,1709198089.9252472
4176,1709198090.0328343,1709198090.0329158
4177,1709198090.1306825,1709198090.1307418
4178,1709198090.2296271,1709198090.2297053
4179,1709198090.3224576,1709198090.3226514
4180,1709198090.4230726,1709198090.4231179
4181,1709198090.532479,1709198090.5325446
4182,1709198090.6232486,1709198090.6232986
4183,1709198090.7257507,1709198090.725835
4184,1709198090.8255186,1709198090.8255703
4185,1709198090.9298651,1709198090.9299326
4186,1709198091.028102,1709198091.0281503
4187,1709198091.1250412,1709198091.1250927
4188,1709198091.234088,1709198091.2341378
4189,1709198091.3338752,1709198091.3339233
4190,1709198091.430764,1709198091.4308193
4191,1709198091.5241451,1709198091.5241904
4192,1709198091.6256425,1709198091.6257026
4193,1709198091.7295723,1709198091.72962
4194,1709198091.8255289,1709198091.8255773
4195,1709198091.9233253,1709198091.923371
4196,1709198092.028352,1709198092.0284011
4197,1709198092.134954,1709198092.1349993
4198,1709198092.234028,1709198092.2340713
4199,1709198092.3257396,1709198092.3257926
4200,1709198092.4259698,1709198092.4260426
4201,1709198092.5287142,1709198092.5287771
4202,1709198092.625154,1709198092.6251903
4203,1709198092.7294781,1709198092.7295244
4204,1709198092.8333497,1709198092.8333995
4205,1709198092.9324481,1709198092.932489
4206,1709198093.0288594,1709198093.0289392
4207,1709198093.1243334,1709198093.124368
4208,1709198093.2295063,1709198093.2295518
4209,1709198093.335573,1709198093.3356173
4210,1709198093.4520566,1709198093.4521194
4211,1709198093.539659,1709198093.539703
4212,1709198093.6357014,1709198093.6357493
4213,1709198093.7404494,1709198093.7406669
4214,1709198093.8240583,1709198093.824137
4215,1709198093.9276054,1709198093.9278896
4216,1709198094.0257256,1709198094.025906
4217,1709198094.130081,1709198094.130162
4218,1709198094.2304676,1709198094.2305443
4219,1709198094.324658,1709198094.3247218
4220,1709198094.4269116,1709198094.4270065
4221,1709198094.5270534,1709198094.5271332
4222,1709198094.627683,1709198094.6277673
4223,1709198094.7270126,1709198094.727088
4224,1709198094.8288445,1709198094.8289077
4225,1709198094.9303255,1709198094.93042
4226,1709198095.0270913,1709198095.027173
4227,1709198095.1247675,1709198095.124854
4228,1709198095.230842,1709198095.2309337
4229,1709198095.3300562,1709198095.3301451
4230,1709198095.4234972,1709198095.4235034
4231,1709198095.5237412,1709198095.523748
4232,1709198095.6251538,1709198095.6251607
4233,1709198095.7342618,1709198095.7342675
4234,1709198095.828484,1709198095.82849
4235,1709198095.9260619,1709198095.9260724
4236,1709198096.0277946,1709198096.0277994
4237,1709198096.1317022,1709198096.1317086
4238,1709198096.2336292,1709198096.2336357
4239,1709198096.3281503,1709198096.3281565
4240,1709198096.4261177,1709198096.426124
4241,1709198096.5304134,1709198096.5304198
4242,1709198096.6287723,1709198096.6287782
4243,1709198096.7258582,1709198096.7258651
4244,1709198096.8288555,1709198096.8288617
4245,1709198096.926187,1709198096.9261944
4246,1709198097.0276842,1709198097.0276914
4247,1709198097.1238937,1709198097.1238978
4248,1709198097.2224326,1709198097.2224386
4249,1709198097.3267734,1709198097.3267803
4250,1709198097.425341,1709198097.4290059
4251,1709198097.5308714,1709198097.5344486
4252,1709198097.6317916,1709198097.63532
4253,1709198097.7366765,1709198097.7390609
4254,1709198097.829239,1709198097.8330657
4255,1709198097.9260342,1709198097.9296446
4256,1709198098.0285113,1709198098.031561
4257,1709198098.1297894,1709198098.1333313
4258,1709198098.2353487,1709198098.238986
4259,1709198098.3275082,1709198098.3337016
4260,1709198098.435981,1709198098.4391158
4261,1709198098.5322697,1709198098.535118
4262,1709198098.6324146,1709198098.6354299
4263,1709198098.7233791,1709198098.7272282
4264,1709198098.830693,1709198098.8358004
4265,1709198098.922041,1709198098.9254293
4266,1709198099.0315707,1709198099.0351677
4267,1709198099.1270466,1709198099.1322577
4268,1709198099.2252474,1709198099.228673
4269,1709198099.3235703,1709198099.327652
4270,1709198099.4230692,1709198099.42637
4271,1709198099.5231342,1709198099.5265641
4272,1709198099.622796,1709198099.6275945
4273,1709198099.7269413,1709198099.7304263
4274,1709198099.8245912,1709198099.8283656
4275,1709198099.9239116,1709198099.9271226
4276,1709198100.0274615,1709198100.030491
4277,1709198100.1305804,1709198100.134188
4278,1709198100.2288625,1709198100.2330387
4279,1709198100.323853,1709198100.326016
4280,1709198100.451505,1709198100.455561
4281,1709198100.525049,1709198100.5279977
4282,1709198100.6257162,1709198100.6290405
4283,1709198100.7211094,1709198100.7234843
4284,1709198100.8283653,1709198100.8312354
4285,1709198100.9234452,1709198100.9269407
4286,1709198101.0221224,1709198101.0280898
4287,1709198101.1236794,1709198101.125852
4288,1709198101.2284663,1709198101.2314544
4289,1709198101.323685,1709198101.3278716
4290,1709198101.430733,1709198101.4330935
4291,1709198101.5298975,1709198101.534132
4292,1709198101.6270125,1709198101.6342611
4293,1709198101.7311769,1709198101.733699
4294,1709198101.8272505,1709198101.8309548
4295,1709198101.930278,1709198101.9339783
4296,1709198102.0229373,1709198102.0266101
4297,1709198102.1281168,1709198102.1320806
4298,1709198102.2312539,1709198102.2351909
4299,1709198102.3260334,1709198102.3295004
4300,1709198102.4330287,1709198102.4359696
4301,1709198102.5231361,1709198102.5267708
4302,1709198102.625449,1709198102.6302147
4303,1709198102.7213883,1709198102.7251534
4304,1709198102.8233962,1709198102.828749
4305,1709198102.9232776,1709198102.9269953
4306,1709198103.0282896,1709198103.0321035
4307,1709198103.1277056,1709198103.1319299
4308,1709198103.2240245,1709198103.2278447
4309,1709198103.3219917,1709198103.325805
4310,1709198103.4246855,1709198103.427982
4311,1709198103.524909,1709198103.529425
4312,1709198103.623036,1709198103.6258895
4313,1709198103.7259,1709198103.7293954
4314,1709198103.8291883,1709198103.8330922
4315,1709198103.9244602,1709198103.9283457
4316,1709198104.022777,1709198104.026324
4317,1709198104.134113,1709198104.1381
4318,1709198104.2268069,1709198104.2306018
4319,1709198104.3245423,1709198104.3281863
4320,1709198104.4366379,1709198104.4403777
4321,1709198104.5229282,1709198104.5263762
4322,1709198104.6282396,1709198104.632085
4323,1709198104.7238946,1709198104.7271042
4324,1709198104.8250532,1709198104.8286922
4325,1709198104.9296193,1709198104.9328465
4326,1709198105.0285718,1709198105.0313687
4327,1709198105.1255252,1709198105.1294498
4328,1709198105.2277596,1709198105.2305422
4329,1709198105.3402095,1709198105.3440492
4330,1709198105.4357371,1709198105.4399145
4331,1709198105.5254803,1709198105.529322
4332,1709198105.6305888,1709198105.6353774
4333,1709198105.7279286,1709198105.7319064
4334,1709198105.82733,1709198105.8310766
4335,1709198105.9348416,1709198105.9384928
4336,1709198106.0255764,1709198106.0290565
4337,1709198106.1270237,1709198106.1304972
4338,1709198106.2325249,1709198106.2361531
4339,1709198106.3259559,1709198106.329228
4340,1709198106.4330711,1709198106.4365377
4341,1709198106.5337276,1709198106.5373104
4342,1709198106.624602,1709198106.6306355
4343,1709198106.7248964,1709198106.7287953
4344,1709198106.8275335,1709198106.8316224
4345,1709198106.9219937,1709198106.9255526
4346,1709198107.0231924,1709198107.0282817
4347,1709198107.1293776,1709198107.1334128
4348,1709198107.232542,1709198107.2364745
4349,1709198107.3317232,1709198107.3355196
4350,1709198107.4241545,1709198107.4278748
4351,1709198107.5334456,1709198107.5372317
4352,1709198107.626568,1709198107.6310306
4353,1709198107.724354,1709198107.7279713
4354,1709198107.8226817,1709198107.8268142
4355,1709198107.936528,1709198107.940248
4356,1709198108.0338173,1709198108.0372598
4357,1709198108.1275034,1709198108.1303713
4358,1709198108.223938,1709198108.2278414
4359,1709198108.328587,1709198108.3318255
4360,1709198108.4315174,1709198108.4346619
4361,1709198108.5294585,1709198108.5335944
4362,1709198108.6234822,1709198108.626247
4363,1709198108.7239892,1709198108.7275422
4364,1709198108.8221803,1709198108.8257225
4365,1709198108.9262686,1709198108.9294796
4366,1709198109.0263734,1709198109.0289245
4367,1709198109.1321554,1709198109.1360123
4368,1709198109.2309935,1709198109.2348237
4369,1709198109.324089,1709198109.3310237
4370,1709198109.4226506,1709198109.4262998
4371,1709198109.5338173,1709198109.5338228
4372,1709198109.6223168,1709198109.622324
4373,1709198109.7309208,1709198109.7309268
4374,1709198109.825628,1709198109.8256333
4375,1709198109.9348783,1709198109.934887
4376,1709198110.0349562,1709198110.0349612
4377,1709198110.1313975,1709198110.1314037
4378,1709198110.2368,1709198110.2368069
4379,1709198110.3257713,1709198110.3257792
4380,1709198110.4262948,1709198110.4263027
4381,1709198110.5213678,1709198110.5213745
4382,1709198110.6242187,1709198110.6242259
4383,1709198110.7316575,1709198110.7316644
4384,1709198110.8275232,1709198110.8275332
4385,1709198110.9243207,1709198110.9243274
4386,1709198111.0371222,1709198111.0371287
4387,1709198111.124547,1709198111.1245542
4388,1709198111.2253609,1709198111.2253687
4389,1709198111.327509,1709198111.3275163
4390,1709198111.42738,1709198111.4273865
4391,1709198111.5285826,1709198111.528594
4392,1709198111.6348948,1709198111.6348999
4393,1709198111.7302094,1709198111.7302175
4394,1709198111.8321192,1709198111.832127
4395,1709198111.9291034,1709198111.9291081
4396,1709198112.0295074,1709198112.0295148
4397,1709198112.1230443,1709198112.1230514
4398,1709198112.2228692,1709198112.222876
4399,1709198112.3230898,1709198112.3230982
4400,1709198112.4246316,1709198112.4246385
4401,1709198112.5338826,1709198112.533889
4402,1709198112.6267016,1709198112.6267097
4403,1709198112.7267096,1709198112.7267148
4404,1709198112.8279448,1709198112.8279526
4405,1709198112.9286492,1709198112.928656
4406,1709198113.0282884,1709198113.0282958
4407,1709198113.1289763,1709198113.1289847
4408,1709198113.224618,1709198113.224625
4409,1709198113.3226573,1709198113.3226628
4410,1709198113.4269724,1709198113.4269776
4411,1709198113.5238006,1709198113.5238092
4412,1709198113.6296873,1709198113.6296952
4413,1709198113.7279537,1709198113.7279608
4414,1709198113.8269384,1709198113.826943
4415,1709198113.9273088,1709198113.9273157
4416,1709198114.0233743,1709198114.0233805
4417,1709198114.1325488,1709198114.132556
4418,1709198114.227642,1709198114.2276518
4419,1709198114.334402,1709198114.3344088
4420,1709198114.4269478,1709198114.4269552
4421,1709198114.5299594,1709198114.529969
4422,1709198114.6224205,1709198114.6224277
4423,1709198114.723077,1709198114.7230844
4424,1709198114.8295739,1709198114.8295798
4425,1709198114.9252925,1709198114.9252996
4426,1709198115.0280273,1709198115.0280344
4427,1709198115.1271007,1709198115.1271093
4428,1709198115.2282948,1709198115.228302
4429,1709198115.3254104,1709198115.3254182
4430,1709198115.425725,1709198115.4257321
4431,1709198115.527193,1709198115.527202
4432,1709198115.622916,1709198115.6229236
4433,1709198115.728359,1709198115.728368
4434,1709198115.8234274,1709198115.8234346
4435,1709198115.9255593,1709198115.9255672
4436,1709198116.0234528,1709198116.023459
4437,1709198116.1353726,1709198116.1353803
4438,1709198116.2256017,1709198116.2256095
4439,1709198116.3318772,1709198116.331885
4440,1709198116.4234877,1709198116.4234948
4441,1709198116.5241902,1709198116.5241973
4442,1709198116.6253715,1709198116.6253798
4443,1709198116.7225533,1709198116.7225597
4444,1709198116.8211071,1709198116.8211148
4445,1709198116.929946,1709198116.9299543
4446,1709198117.0213213,1709198117.0213284
4447,1709198117.1251514,1709198117.125159
4448,1709198117.2242727,1709198117.2242796
4449,1709198117.3320863,1709198117.3320913
4450,1709198117.4219096,1709198117.4219165
4451,1709198117.5282621,1709198117.528269
4452,1709198117.6271236,1709198117.627131
4453,1709198117.7227347,1709198117.7227416
4454,1709198117.822876,1709198117.8228831
4455,1709198117.9335425,1709198117.9335496
4456,1709198118.0237818,1709198118.0237873
4457,1709198118.135224,1709198118.1352303
4458,1709198118.2273605,1709198118.2273684
4459,1709198118.3274257,1709198118.3274338
4460,1709198118.4234862,1709198118.4234943
4461,1709198118.526058,1709198118.526065
4462,1709198118.629119,1709198118.6291242
4463,1709198118.7243934,1709198118.7244003
4464,1709198118.825087,1709198118.825114
4465,1709198118.9259744,1709198118.92598
4466,1709198119.0304086,1709198119.0304158
4467,1709198119.1229174,1709198119.1229243
4468,1709198119.2264118,1709198119.2264187
4469,1709198119.3246338,1709198119.3246405
4470,1709198119.426576,1709198119.4265838
4471,1709198119.5262988,1709198119.5263064
4472,1709198119.645958,1709198119.6459644
4473,1709198119.7291005,1709198119.7291088
4474,1709198119.8253696,1709198119.825377
4475,1709198119.9274862,1709198119.9274929
4476,1709198120.025582,1709198120.025589
4477,1709198120.1235754,1709198120.1235836
4478,1709198120.2255871,1709198120.2255936
4479,1709198120.3294206,1709198120.3294284
4480,1709198120.4289207,1709198120.4289277
4481,1709198120.5304132,1709198120.5304205
4482,1709198120.624715,1709198120.62472
4483,1709198120.7255785,1709198120.7255855
4484,1709198120.8215818,1709198120.8215888
4485,1709198120.9243815,1709198120.9243894
4486,1709198121.0238042,1709198121.0238116
4487,1709198121.1333811,1709198121.1333892
4488,1709198121.22236,1709198121.2223675
4489,1709198121.3344264,1709198121.334432
4490,1709198121.4280636,1709198121.4280717
4491,1709198121.5250542,1709198121.5250602
4492,1709198121.6277723,1709198121.6277788
4493,1709198121.7297652,1709198121.7297726
4494,1709198121.8219965,1709198121.8220034
4495,1709198121.9217322,1709198121.9217367
4496,1709198122.0225165,1709198122.0225236
4497,1709198122.128958,1709198122.128964
4498,1709198122.2279062,1709198122.227912
4499,1709198122.3231683,1709198122.323173
4500,1709198122.4245374,1709198122.424544
4501,1709198122.528682,1709198122.5286891
4502,1709198122.633063,1709198122.6330702
4503,1709198122.7345848,1709198122.7345905
4504,1709198122.8289344,1709198122.8289425
4505,1709198122.9279935,1709198122.9280002
4506,1709198123.0320098,1709198123.0320163
4507,1709198123.122043,1709198123.1220498
4508,1709198123.2284918,1709198123.2285025
4509,1709198123.325737,1709198123.325743
4510,1709198123.4316363,1709198123.4316432
4511,1709198123.5220637,1709198123.52207
4512,1709198123.628477,1709198123.628484
4513,1709198123.725442,1709198123.7254505
4514,1709198123.824336,1709198123.8243418
4515,1709198123.9309714,1709198123.9309783
4516,1709198124.0250015,1709198124.025009
4517,1709198124.1320105,1709198124.1320205
4518,1709198124.2349849,1709198124.234991
4519,1709198124.3270762,1709198124.3270836
4520,1709198124.4381552,1709198124.4381652
4521,1709198124.5317392,1709198124.531747
4522,1709198124.6219168,1709198124.6219242
4523,1709198124.7307136,1709198124.73072
4524,1709198124.825508,1709198124.8255167
4525,1709198124.9327636,1709198124.9327705
4526,1709198125.0333688,1709198125.0333772
4527,1709198125.1292439,1709198125.1292512
4528,1709198125.228428,1709198125.2284353
4529,1709198125.3313386,1709198125.3313456
4530,1709198125.4301553,1709198125.4301646
4531,1709198125.534167,1709198125.5341752
4532,1709198125.6219122,1709198125.621919
4533,1709198125.7331753,1709198125.7331817
4534,1709198125.8266544,1709198125.826661
4535,1709198125.9331877,1709198125.9331956
4536,1709198126.0364199,1709198126.0364268
4537,1709198126.1304948,1709198126.130502
4538,1709198126.2308085,1709198126.2308247
4539,1709198126.329066,1709198126.3290727
4540,1709198126.4248698,1709198126.4248762
4541,1709198126.5335147,1709198126.5335214
4542,1709198126.624693,1709198126.624701
4543,1709198126.7310812,1709198126.7310867
4544,1709198126.8308656,1709198126.8308723
4545,1709198126.921655,1709198126.921662
4546,1709198127.0233173,1709198127.0233235
4547,1709198127.123417,1709198127.1234238
4548,1709198127.2221856,1709198127.2221913
4549,1709198127.325827,1709198127.3258338
4550,1709198127.4317186,1709198127.4317255
4551,1709198127.5334837,1709198127.5334904
4552,1709198127.6219945,1709198127.6220012
4553,1709198127.7302969,1709198127.7303038
4554,1709198127.8257675,1709198127.825777
4555,1709198127.9342217,1709198127.934228
4556,1709198128.0310123,1709198128.0310214
4557,1709198128.1310854,1709198128.131092
4558,1709198128.2254152,1709198128.2254226
4559,1709198128.326041,1709198128.3260489
4560,1709198128.4256194,1709198128.4256265
4561,1709198128.5261805,1709198128.526189
4562,1709198128.6332555,1709198128.6332622
4563,1709198128.7299838,1709198128.7299905
4564,1709198128.8281782,1709198128.8281837
4565,1709198128.9221356,1709198128.9221418
4566,1709198129.0302932,1709198129.0303013
4567,1709198129.1363437,1709198129.13635
4568,1709198129.2287138,1709198129.2287235
4569,1709198129.3231986,1709198129.3232052
4570,1709198129.4355597,1709198129.4355662
4571,1709198129.5367758,1709198129.5367832
4572,1709198129.628463,1709198129.6284704
4573,1709198129.722178,1709198129.7221844
4574,1709198129.8266618,1709198129.8266695
4575,1709198129.926538,1709198129.9265442
4576,1709198130.036671,1709198130.0366786
4577,1709198130.129434,1709198130.129442
4578,1709198130.2354388,1709198130.2354453
4579,1709198130.3256812,1709198130.3256876
4580,1709198130.4396596,1709198130.4396708
4581,1709198130.5326974,1709198130.5327048
4582,1709198130.629995,1709198130.630001
4583,1709198130.732714,1709198130.7327201
4584,1709198130.8331704,1709198130.8331766
4585,1709198130.931304,1709198130.931311
4586,1709198131.0290775,1709198131.0290868
4587,1709198131.1239169,1709198131.123926
4588,1709198131.2333674,1709198131.2333753
4589,1709198131.3255649,1709198131.325573
4590,1709198131.421887,1709198131.4218924
4591,1709198131.5282702,1709198131.5282779
4592,1709198131.6245995,1709198131.6246061
4593,1709198131.7449749,1709198131.7449822
4594,1709198131.8343372,1709198131.834345
4595,1709198131.9277248,1709198131.9277313
4596,1709198132.0292628,1709198132.0292683
4597,1709198132.1311774,1709198132.1311836
4598,1709198132.2365868,1709198132.2365987
4599,1709198132.3269112,1709198132.326919
4600,1709198132.4218621,1709198132.4218676
4601,1709198132.529118,1709198132.5291262
4602,1709198132.634485,1709198132.6344922
4603,1709198132.7282884,1709198132.7282953
4604,1709198132.8254383,1709198132.8254454
4605,1709198132.9302554,1709198132.9302642
4606,1709198133.0242429,1709198133.0242493
4607,1709198133.136337,1709198133.1363435
4608,1709198133.2278001,1709198133.2278092
4609,1709198133.3260922,1709198133.3260992
4610,1709198133.4355257,1709198133.4355328
4611,1709198133.5353172,1709198133.5353248
4612,1709198133.6312416,1709198133.6312478
4613,1709198133.7255826,1709198133.7255895
4614,1709198133.8244405,1709198133.8244462
4615,1709198133.92568,1709198133.9256866
4616,1709198134.0301726,1709198134.0301824
4617,1709198134.13049,1709198134.1304975
4618,1709198134.2326958,1709198134.232707
4619,1709198134.323962,1709198134.3239713
4620,1709198134.4235468,1709198134.423553
4621,1709198134.5263586,1709198134.526365
4622,1709198134.6220567,1709198134.622064
4623,1709198134.7306728,1709198134.7306814
4624,1709198134.8302617,1709198134.8302698
4625,1709198134.924997,1709198134.9250023
4626,1709198135.0258102,1709198135.0258174
4627,1709198135.1268268,1709198135.126833
4628,1709198135.2310536,1709198135.23106
4629,1709198135.3313727,1709198135.331382
4630,1709198135.4358892,1709198135.4358966
4631,1709198135.5209703,1709198135.520975
4632,1709198135.6340992,1709198135.634106
4633,1709198135.724056,1709198135.7240632
4634,1709198135.8228827,1709198135.8228893
4635,1709198135.9358943,1709198135.935901
4636,1709198136.028557,1709198136.0285647
4637,1709198136.130619,1709198136.1306257
4638,1709198136.2308464,1709198136.2308536
4639,1709198136.33067,1709198136.3306813
4640,1709198136.4275482,1709198136.4275548
4641,1709198136.5268915,1709198136.5268993
4642,1709198136.625497,1709198136.6255033
4643,1709198136.7336926,1709198136.7337005
4644,1709198136.8364296,1709198136.8364365
4645,1709198136.9311528,1709198136.9311595
4646,1709198137.0278435,1709198137.0278516
4647,1709198137.127474,1709198137.1275122
4648,1709198137.2322102,1709198137.2322178
4649,1709198137.3267643,1709198137.3267694
4650,1709198137.4214535,1709198137.4214597
4651,1709198137.532207,1709198137.5322168
4652,1709198137.62825,1709198137.628256
4653,1709198137.7266753,1709198137.7266824
4654,1709198137.831529,1709198137.8315365
4655,1709198137.9223993,1709198137.9224074
4656,1709198138.0246692,1709198138.0246775
4657,1709198138.1232412,1709198138.1232486
4658,1709198138.2301264,1709198138.2301338
4659,1709198138.328104,1709198138.328111
4660,1709198138.4260595,1709198138.4260666
4661,1709198138.5302956,1709198138.5303028
4662,1709198138.6233342,1709198138.6233408
4663,1709198138.725633,1709198138.7256403
4664,1709198138.8448367,1709198138.844845
4665,1709198138.93091,1709198138.9309182
4666,1709198139.0315747,1709198139.0315824
4667,1709198139.132595,1709198139.1325996
4668,1709198139.2273421,1709198139.2273498
4669,1709198139.323799,1709198139.3238049
4670,1709198139.4259577,1709198139.4259644
4671,1709198139.5321765,1709198139.5321827
4672,1709198139.6305413,1709198139.6305475
4673,1709198139.7231603,1709198139.723167
4674,1709198139.829343,1709198139.82935
4675,1709198139.9244912,1709198139.9244962
4676,1709198140.0275319,1709198140.0275376
4677,1709198140.1308527,1709198140.130859
4678,1709198140.2323709,1709198140.2323794
4679,1709198140.330989,1709198140.3309958
4680,1709198140.4269123,1709198140.426918
4681,1709198140.523214,1709198140.5232224
4682,1709198140.629384,1709198140.6293917
4683,1709198140.731524,1709198140.7315314
4684,1709198140.8240187,1709198140.8240252
4685,1709198140.9273942,1709198140.9273994
4686,1709198141.024592,1709198141.0245996
4687,1709198141.1264987,1709198141.1265054
4688,1709198141.2260745,1709198141.2260823
4689,1709198141.3261137,1709198141.3261206
4690,1709198141.4369729,1709198141.4369774
4691,1709198141.524759,1709198141.5247662
4692,1709198141.6312559,1709198141.6312623
4693,1709198141.7277575,1709198141.727765
4694,1709198141.8239484,1709198141.8239553
4695,1709198141.9308534,1709198141.9308615
4696,1709198142.0291045,1709198142.029113
4697,1709198142.138256,1709198142.138263
4698,1709198142.2305458,1709198142.2305527
4699,1709198142.3323264,1709198142.3323348
4700,1709198142.425266,1709198142.425271
4701,1709198142.530228,1709198142.5302339
4702,1709198142.6265914,1709198142.6265981
4703,1709198142.7336519,1709198142.7336566
4704,1709198142.83135,1709198142.8313572
4705,1709198142.9226208,1709198142.9226272
4706,1709198143.0253205,1709198143.0253277
4707,1709198143.1282682,1709198143.1282752
4708,1709198143.2268589,1709198143.2268665
4709,1709198143.3273554,1709198143.327363
4710,1709198143.4324133,1709198143.4324203
4711,1709198143.529467,1709198143.5294733
4712,1709198143.6314988,1709198143.6315033
4713,1709198143.7347353,1709198143.7347426
4714,1709198143.8365223,1709198143.8365288
4715,1709198143.924322,1709198143.924329
4716,1709198144.029756,1709198144.0297647
4717,1709198144.1383336,1709198144.1383414
4718,1709198144.2268836,1709198144.2268894
4719,1709198144.3267012,1709198144.3267088
4720,1709198144.4278367,1709198144.4278414
4721,1709198144.5285044,1709198144.528511
4722,1709198144.6243656,1709198144.624371
4723,1709198144.726841,1709198144.7268486
4724,1709198144.8297236,1709198144.8297317
4725,1709198144.9339015,1709198144.9339087
4726,1709198145.0285563,1709198145.0285702
4727,1709198145.135402,1709198145.1354113
4728,1709198145.2288008,1709198145.2288077
4729,1709198145.3408403,1709198145.340847
4730,1709198145.4370735,1709198145.4370813
4731,1709198145.5245826,1709198145.5245898
4732,1709198145.6350174,1709198145.635024
4733,1709198145.7342093,1709198145.7342172
4734,1709198145.854191,1709198145.854198
4735,1709198145.9324098,1709198145.9324195
4736,1709198146.0318303,1709198146.0318377
4737,1709198146.1270337,1709198146.127041
4738,1709198146.2323596,1709198146.2323701
4739,1709198146.325369,1709198146.3253763
4740,1709198146.4348423,1709198146.4348512
4741,1709198146.5278885,1709198146.5278974
4742,1709198146.624458,1709198146.6244648
4743,1709198146.7245278,1709198146.7245347
4744,1709198146.8288155,1709198146.8288238
4745,1709198146.9277298,1709198146.9277368
4746,1709198147.0348716,1709198147.034876
4747,1709198147.1347172,1709198147.1347268
4748,1709198147.2320533,1709198147.23206
4749,1709198147.3220181,1709198147.3220248
4750,1709198147.4228964,1709198147.4229038
4751,1709198147.525676,1709198147.5256822
4752,1709198147.6312284,1709198147.6312335
4753,1709198147.7251267,1709198147.7251337
4754,1709198147.8313277,1709198147.8313348
4755,1709198147.9331076,1709198147.9331148
4756,1709198148.038928,1709198148.0389369
4757,1709198148.1314027,1709198148.1314116
4758,1709198148.2283106,1709198148.2283177
4759,1709198148.3336656,1709198148.3336716
4760,1709198148.4314036,1709198148.431413
4761,1709198148.5339644,1709198148.5339713
4762,1709198148.6270502,1709198148.6270597
4763,1709198148.9785457,1709198148.9785554
4764,1709198148.9869409,1709198148.9869478
4765,1709198149.036707,1709198149.0367155
4766,1709198149.1375918,1709198149.1375988
4767,1709198149.2254553,1709198149.2254624
4768,1709198149.3301327,1709198149.3301394
4769,1709198149.4274986,1709198149.427506
4770,1709198149.5292144,1709198149.5292234
4771,1709198149.6299524,1709198149.6299598
4772,1709198149.7287776,1709198149.7287846
4773,1709198149.828485,1709198149.8284943
4774,1709198149.9308913,1709198149.930898
4775,1709198150.0254433,1709198150.0254505
4776,1709198150.13219,1709198150.1321979
4777,1709198150.2285686,1709198150.2285762
4778,1709198150.326904,1709198150.3269117
4779,1709198150.4300737,1709198150.4300804
4780,1709198150.527326,1709198150.5273352
4781,1709198150.6298578,1709198150.6298656
4782,1709198150.7335403,1709198150.7335477
4783,1709198150.8258061,1709198150.8258138
4784,1709198150.9223654,1709198150.9223726
4785,1709198151.0276003,1709198151.0276082
4786,1709198151.1309927,1709198151.131
4787,1709198151.2519872,1709198151.2519941
4788,1709198151.3258853,1709198151.3258915
4789,1709198151.4227679,1709198151.4227748
4790,1709198151.5297866,1709198151.529806
4791,1709198151.6251354,1709198151.625141
4792,1709198151.733558,1709198151.7335682
4793,1709198151.8240123,1709198151.8240192
4794,1709198151.932239,1709198151.9322467
4795,1709198152.024281,1709198152.0242887
4796,1709198152.133448,1709198152.133455
4797,1709198152.2324393,1709198152.232446
4798,1709198152.3355634,1709198152.335571
4799,1709198152.436448,1709198152.436457
4800,1709198152.5285363,1709198152.5285437
4801,1709198152.6272316,1709198152.6272373
4802,1709198152.7342901,1709198152.7342963
4803,1709198152.8240364,1709198152.8240447
4804,1709198152.941783,1709198152.9417908
4805,1709198153.0313528,1709198153.0313601
4806,1709198153.130577,1709198153.130584
4807,1709198153.2405558,1709198153.240563
4808,1709198153.3342106,1709198153.334217
4809,1709198153.428952,1709198153.4289615
4810,1709198153.5365496,1709198153.5365562
4811,1709198153.6267998,1709198153.6268067
4812,1709198153.7274745,1709198153.7274811
4813,1709198153.8320682,1709198153.8320742
4814,1709198153.9232697,1709198153.9232779
4815,1709198154.0230348,1709198154.0230412
4816,1709198154.1330369,1709198154.1330442
4817,1709198154.2422173,1709198154.2422245
4818,1709198154.332244,1709198154.3322508
4819,1709198154.4282675,1709198154.4282763
4820,1709198154.5284152,1709198154.5284224
4821,1709198154.6239345,1709198154.6239412
4822,1709198154.7327092,1709198154.7327163
4823,1709198154.8348494,1709198154.8348575
4824,1709198154.9342704,1709198154.9342778
4825,1709198155.0225377,1709198155.0225444
4826,1709198155.1266387,1709198155.1266463
4827,1709198155.2284913,1709198155.228499
4828,1709198155.3358548,1709198155.3358617
4829,1709198155.4302418,1709198155.43025
4830,1709198155.5361047,1709198155.5361106
4831,1709198155.626894,1709198155.6269011
4832,1709198155.733292,1709198155.7332988
4833,1709198155.829094,1709198155.829101
4834,1709198155.929285,1709198155.9292924
4835,1709198156.0255518,1709198156.025558
4836,1709198156.140707,1709198156.140714
4837,1709198156.2325265,1709198156.2325346
4838,1709198156.3325448,1709198156.332552
4839,1709198156.4318311,1709198156.4318388
4840,1709198156.5270648,1709198156.5270715
4841,1709198156.6259005,1709198156.6259081
4842,1709198156.737571,1709198156.7375793
4843,1709198156.8298225,1709198156.82983
4844,1709198156.9326334,1709198156.9326398
4845,1709198157.0431077,1709198157.0431154
4846,1709198157.1264167,1709198157.1264238
4847,1709198157.2333162,1709198157.233324
4848,1709198157.3277097,1709198157.327761
4849,1709198157.4341514,1709198157.434158
4850,1709198157.5332105,1709198157.533219
4851,1709198157.6275556,1709198157.6275628
4852,1709198157.730326,1709198157.7303355
4853,1709198157.824485,1709198157.8244922
4854,1709198157.9302878,1709198157.9302957
4855,1709198158.0283732,1709198158.0283802
4856,1709198158.1328475,1709198158.1328542
4857,1709198158.2365453,1709198158.2365522
4858,1709198158.3270125,1709198158.3270206
4859,1709198158.4239094,1709198158.4239156
4860,1709198158.5285196,1709198158.5285275
4861,1709198158.6312249,1709198158.631232
4862,1709198158.743869,1709198158.7438793
4863,1709198158.827592,1709198158.8276002
4864,1709198158.9270859,1709198158.9270942
4865,1709198159.0309854,1709198159.030992
4866,1709198159.1256597,1709198159.1256661
4867,1709198159.2223291,1709198159.2223358
4868,1709198159.3295217,1709198159.3295274
4869,1709198159.4304771,1709198159.4304824
4870,1709198159.5355744,1709198159.5355816
4871,1709198159.6473632,1709198159.6473749
4872,1709198159.7318187,1709198159.7318258
4873,1709198159.82327,1709198159.8232772
4874,1709198159.9233863,1709198159.9233944
4875,1709198160.0313735,1709198160.0313826
4876,1709198160.1311667,1709198160.1311736
4877,1709198160.2345858,1709198160.2345943
4878,1709198160.3325195,1709198160.332526
4879,1709198160.4258726,1709198160.42588
4880,1709198160.5253384,1709198160.5253453
4881,1709198160.634717,1709198160.6347244
4882,1709198160.7271614,1709198160.7271671
4883,1709198160.8325136,1709198160.8325207
4884,1709198160.9357145,1709198160.9357216
4885,1709198161.030738,1709198161.0307438
4886,1709198161.1355407,1709198161.1355479
4887,1709198161.233508,1709198161.2335153
4888,1709198161.3316329,1709198161.3316407
4889,1709198161.429295,1709198161.4293013
4890,1709198161.531061,1709198161.5310693
4891,1709198161.6235406,1709198161.6235466
4892,1709198161.7273147,1709198161.7273226
4893,1709198161.8315415,1709198161.8315501
4894,1709198161.9364219,1709198161.9364297
4895,1709198162.0375335,1709198162.0375404
4896,1709198162.1245217,1709198162.1245286
4897,1709198162.2232609,1709198162.2232685
4898,1709198162.3264601,1709198162.3264678
4899,1709198162.431999,1709198162.4320087
4900,1709198162.5293653,1709198162.5293732
4901,1709198162.6273224,1709198162.6273293
4902,1709198162.7350106,1709198162.7350183
4903,1709198162.829855,1709198162.8298612
4904,1709198162.9285629,1709198162.9285717
4905,1709198163.0336127,1709198163.033619
4906,1709198163.1302495,1709198163.130259
4907,1709198163.2349415,1709198163.234948
4908,1709198163.3313713,1709198163.3313777
4909,1709198163.4333906,1709198163.4333966
4910,1709198163.5368726,1709198163.5368793
4911,1709198163.6271412,1709198163.6271474
4912,1709198163.7268093,1709198163.7268167
4913,1709198163.8265867,1709198163.826594
4914,1709198163.9272091,1709198163.9272163
4915,1709198164.0275285,1709198164.0275357
4916,1709198164.128536,1709198164.1285439
4917,1709198164.2363744,1709198164.2363822
4918,1709198164.3270476,1709198164.3270528
4919,1709198164.4294963,1709198164.4295049
4920,1709198164.5295556,1709198164.5295644
4921,1709198164.6266522,1709198164.6266596
4922,1709198164.7283661,1709198164.7283726
4923,1709198164.8291597,1709198164.829168
4924,1709198164.9386497,1709198164.9386563
4925,1709198165.055376,1709198165.055383
4926,1709198165.12953,1709198165.129538
4927,1709198165.2368507,1709198165.2368572
4928,1709198165.3296232,1709198165.3296306
4929,1709198165.43974,1709198165.4397473
4930,1709198165.5361183,1709198165.5361264
4931,1709198165.6276286,1709198165.627635
4932,1709198165.7470477,1709198165.7470546
4933,1709198165.833904,1709198165.833912
4934,1709198165.9336493,1709198165.9336572
4935,1709198166.034639,1709198166.0346475
4936,1709198166.1311324,1709198166.13114
4937,1709198166.238958,1709198166.238975
4938,1709198166.3312316,1709198166.331238
4939,1709198166.4320402,1709198166.4320471
4940,1709198166.5332344,1709198166.5332468
4941,1709198166.63545,1709198166.6354604
4942,1709198166.741009,1709198166.7410154
4943,1709198166.830236,1709198166.8302433
4944,1709198166.9298267,1709198166.9298346
4945,1709198167.0344913,1709198167.0413911
4946,1709198167.1316633,1709198167.136896
4947,1709198167.2404838,1709198167.2446022
4948,1709198167.3305671,1709198167.3414578
4949,1709198167.4369292,1709198167.4410522
4950,1709198167.5425134,1709198167.5521636
4951,1709198167.6348503,1709198167.639015
4952,1709198167.7289922,1709198167.7326603
4953,1709198167.8293195,1709198167.8328826
4954,1709198167.9326406,1709198167.9423144
4955,1709198168.03255,1709198168.037303
4956,1709198168.127642,1709198168.1316102
4957,1709198168.23252,1709198168.2366946
4958,1709198168.3420935,1709198168.346779
4959,1709198168.4299672,1709198168.433669
4960,1709198168.531094,1709198168.5356712
4961,1709198168.6290286,1709198168.6326933
4962,1709198168.7329237,1709198168.7378056
4963,1709198168.8315399,1709198168.8372598
4964,1709198168.9282565,1709198168.9324703
4965,1709198169.0272698,1709198169.032201
4966,1709198169.1259515,1709198169.1308022
4967,1709198169.2278085,1709198169.2326882
4968,1709198169.3334622,1709198169.3387077
4969,1709198169.4276252,1709198169.4327362
4970,1709198169.5310764,1709198169.5344594
4971,1709198169.6302922,1709198169.6350906
4972,1709198169.7321792,1709198169.7368202
4973,1709198169.8223834,1709198169.8280938
4974,1709198169.928481,1709198169.9394896
4975,1709198170.03359,1709198170.0402734
4976,1709198170.1320586,1709198170.1367197
4977,1709198170.2266939,1709198170.2313552
4978,1709198170.3254652,1709198170.3304892
4979,1709198170.4312575,1709198170.4356823
4980,1709198170.524148,1709198170.52914
4981,1709198170.627659,1709198170.6321003
4982,1709198170.7316391,1709198170.7360866
4983,1709198170.835926,1709198170.8407338
4984,1709198170.929663,1709198170.9356349
4985,1709198171.0249982,1709198171.0327508
4986,1709198171.1225696,1709198171.1271436
4987,1709198171.228316,1709198171.2327044
4988,1709198171.3290832,1709198171.3334367
4989,1709198171.4283955,1709198171.4323816
4990,1709198171.53241,1709198171.5364847
4991,1709198171.6362793,1709198171.6395323
4992,1709198171.7282348,1709198171.7322075
4993,1709198171.827832,1709198171.8315914
4994,1709198171.926081,1709198171.9295938
4995,1709198172.0461233,1709198172.0492537
4996,1709198172.1285913,1709198172.1328247
4997,1709198172.2244227,1709198172.2310848
4998,1709198172.3254533,1709198172.328311
4999,1709198172.4355633,1709198172.4407518
5000,1709198172.5370996,1709198172.5405009
5001,1709198172.6326115,1709198172.6370292
5002,1709198172.7402256,1709198172.747788
5003,1709198172.8409202,1709198172.8450763
5004,1709198172.9293885,1709198172.9337397
5005,1709198173.030106,1709198173.0354383
5006,1709198173.133115,1709198173.1369562
5007,1709198173.2339034,1709198173.2393587
5008,1709198173.3266695,1709198173.330745
5009,1709198173.4257474,1709198173.430423
5010,1709198173.534859,1709198173.5398993
5011,1709198173.6314816,1709198173.6382263
5012,1709198173.7305412,1709198173.7352083
5013,1709198173.825199,1709198173.829631
5014,1709198173.928619,1709198173.9336138
5015,1709198174.0237176,1709198174.027722
5016,1709198174.129482,1709198174.1347933
5017,1709198174.229375,1709198174.234232
5018,1709198174.3342156,1709198174.339508
5019,1709198174.427759,1709198174.4322758
5020,1709198174.5315156,1709198174.5358438
5021,1709198174.6317034,1709198174.635186
5022,1709198174.7267497,1709198174.7319283
5023,1709198174.8253417,1709198174.833371
5024,1709198174.9223368,1709198174.928001
5025,1709198175.0293114,1709198175.034275
5026,1709198175.1303494,1709198175.1344995
5027,1709198175.231884,1709198175.2383642
5028,1709198175.327008,1709198175.3311543
5029,1709198175.4294443,1709198175.4328225
5030,1709198175.531648,1709198175.5365582
5031,1709198175.6321456,1709198175.636223
5032,1709198175.725512,1709198175.728603
5033,1709198175.8215518,1709198175.8260803
5034,1709198175.9312878,1709198175.935537
5035,1709198176.0319357,1709198176.0358524
5036,1709198176.1259797,1709198176.1322012
5037,1709198176.2235026,1709198176.2281573
5038,1709198176.3248096,1709198176.330182
5039,1709198176.4285588,1709198176.4330537
5040,1709198176.5244231,1709198176.5293467
5041,1709198176.6276114,1709198176.6319752
5042,1709198176.7279818,1709198176.731761
5043,1709198176.824888,1709198176.8301141
5044,1709198176.9358919,1709198176.9413226
5045,1709198177.0221865,1709198177.0275059
5046,1709198177.1217854,1709198177.1292784
5047,1709198177.222498,1709198177.2268488
5048,1709198177.3330255,1709198177.3421402
5049,1709198177.4419367,1709198177.4526138
5050,1709198177.5301652,1709198177.53469
5051,1709198177.6435947,1709198177.651392
5052,1709198177.7292144,1709198177.7340853
5053,1709198177.8330755,1709198177.8433073
5054,1709198177.9244225,1709198177.9297895
5055,1709198178.031994,1709198178.037045
5056,1709198178.1358953,1709198178.1413655
5057,1709198178.2308078,1709198178.2349336
5058,1709198178.3376198,1709198178.341751
5059,1709198178.4351308,1709198178.440475
5060,1709198178.5350316,1709198178.5395086
5061,1709198178.6345544,1709198178.6414678
5062,1709198178.7246666,1709198178.7296143
5063,1709198178.8269067,1709198178.8312166
5064,1709198178.928691,1709198178.932776
5065,1709198179.0274937,1709198179.0322485
5066,1709198179.129064,1709198179.1341612
5067,1709198179.223193,1709198179.2275722
5068,1709198179.3228357,1709198179.3267207
5069,1709198179.434406,1709198179.4375174
5070,1709198179.5275974,1709198179.5326598
5071,1709198179.6278753,1709198179.631537
5072,1709198179.7308598,1709198179.734558
5073,1709198179.8316898,1709198179.8380692
5074,1709198179.9331431,1709198179.9454675
5075,1709198180.0306008,1709198180.0347705
5076,1709198180.1253288,1709198180.1292133
5077,1709198180.2350497,1709198180.241015
5078,1709198180.3307793,1709198180.3347726
5079,1709198180.430423,1709198180.434658
5080,1709198180.5306387,1709198180.5347662
5081,1709198180.6219113,1709198180.625604
5082,1709198180.7266982,1709198180.7305372
5083,1709198180.8254437,1709198180.829277
5084,1709198180.938158,1709198180.9432244
5085,1709198181.0439758,1709198181.049024
5086,1709198181.1261399,1709198181.1307015
5087,1709198181.2284245,1709198181.2349222
5088,1709198181.328653,1709198181.3323743
5089,1709198181.4286468,1709198181.434533
5090,1709198181.5385392,1709198181.541859
5091,1709198181.6320212,1709198181.640582
5092,1709198181.727986,1709198181.7347014
5093,1709198181.8282683,1709198181.8325043
5094,1709198181.9289632,1709198181.9332724
5095,1709198182.0321524,1709198182.0360694
5096,1709198182.1280973,1709198182.1347601
5097,1709198182.2359216,1709198182.2441525
5098,1709198182.3329642,1709198182.336825
5099,1709198182.4230492,1709198182.4266055
5100,1709198182.5355728,1709198182.5396686
5101,1709198182.6301835,1709198182.6347332
5102,1709198182.7347898,1709198182.7392397
5103,1709198182.8256946,1709198182.8293717
5104,1709198182.925928,1709198182.9346712
5105,1709198183.029259,1709198183.033181
5106,1709198183.1237833,1709198183.12978
5107,1709198183.2269738,1709198183.23215
5108,1709198183.3280017,1709198183.3327768
5109,1709198183.4396505,1709198183.4441988
5110,1709198183.5233426,1709198183.5286324
5111,1709198183.6224036,1709198183.6274323
5112,1709198183.7307444,1709198183.7348864
5113,1709198183.8409753,1709198183.8460755
5114,1709198183.9272833,1709198183.9314957
5115,1709198184.02205,1709198184.02579
5116,1709198184.1248858,1709198184.1284323
5117,1709198184.23834,1709198184.2383468
5118,1709198184.3277233,1709198184.3277328
5119,1709198184.427368,1709198184.427377
5120,1709198184.5254223,1709198184.5254288
5121,1709198184.6346493,1709198184.6346579
5122,1709198184.7300897,1709198184.7300987
5123,1709198184.835519,1709198184.8355267
5124,1709198184.9389572,1709198184.9390528
5125,1709198185.02703,1709198185.0270374
5126,1709198185.1343122,1709198185.134322
5127,1709198185.2305167,1709198185.2305238
5128,1709198185.325404,1709198185.3254085
5129,1709198185.4284585,1709198185.4284651
5130,1709198185.5321631,1709198185.5321708
5131,1709198185.6297674,1709198185.6297743
5132,1709198185.7327,1709198185.7327077
5133,1709198185.8254008,1709198185.825407
5134,1709198185.9383364,1709198185.9383457
5135,1709198186.0299199,1709198186.0299265
5136,1709198186.1250935,1709198186.1251035
5137,1709198186.236175,1709198186.2361827
5138,1709198186.3227134,1709198186.3227203
5139,1709198186.4242253,1709198186.4242325
5140,1709198186.5297062,1709198186.5297127
5141,1709198186.6273623,1709198186.6273665
5142,1709198186.7320437,1709198186.7320533
5143,1709198186.8311183,1709198186.8311276
5144,1709198186.9299495,1709198186.9299562
5145,1709198187.0282066,1709198187.028214
5146,1709198187.140103,1709198187.1401103
5147,1709198187.2303777,1709198187.2303843
5148,1709198187.331338,1709198187.331344
5149,1709198187.4377563,1709198187.4377627
5150,1709198187.5371885,1709198187.5371957
5151,1709198187.6306396,1709198187.6306465
5152,1709198187.7373772,1709198187.7373857
5153,1709198187.8238628,1709198187.8238688
5154,1709198187.9333186,1709198187.9333265
5155,1709198188.0223026,1709198188.0223083
5156,1709198188.124137,1709198188.1241438
5157,1709198188.2257643,1709198188.2257724
5158,1709198188.3275986,1709198188.3276057
5159,1709198188.4362803,1709198188.4362876
5160,1709198188.5295675,1709198188.5295737
5161,1709198188.6342015,1709198188.6342094
5162,1709198188.7366571,1709198188.7366638
5163,1709198188.8230386,1709198188.8231158
5164,1709198188.9373012,1709198188.9373083
5165,1709198189.0355053,1709198189.035512
5166,1709198189.1271172,1709198189.1271248
5167,1709198189.2252188,1709198189.2252254
5168,1709198189.3251014,1709198189.3251064
5169,1709198189.4395938,1709198189.439602
5170,1709198189.5278778,1709198189.527889
5171,1709198189.626922,1709198189.6269298
5172,1709198189.7381477,1709198189.738158
5173,1709198189.8332217,1709198189.8332286
5174,1709198189.9352148,1709198189.9352214
5175,1709198190.0258029,1709198190.0258098
5176,1709198190.1289866,1709198190.1289935
5177,1709198190.2289968,1709198190.229005
5178,1709198190.332575,1709198190.3325925
5179,1709198190.4262886,1709198190.4262955
5180,1709198190.533691,1709198190.5336971
5181,1709198190.640756,1709198190.6407642
5182,1709198190.731522,1709198190.73153
5183,1709198190.826974,1709198190.8269806
5184,1709198190.927869,1709198190.927876
5185,1709198191.0247674,1709198191.0247738
5186,1709198191.1319847,1709198191.1319926
5187,1709198191.231567,1709198191.2315733
5188,1709198191.3312774,1709198191.3312845
5189,1709198191.4313953,1709198191.4314027
5190,1709198191.5351396,1709198191.535146
5191,1709198191.6296306,1709198191.6296368
5192,1709198191.7231686,1709198191.723176
5193,1709198191.8326385,1709198191.8326454
5194,1709198191.923185,1709198191.9231915
5195,1709198192.0316458,1709198192.0316548
5196,1709198192.134013,1709198192.1340256
5197,1709198192.2352164,1709198192.2352238
5198,1709198192.3257232,1709198192.325735
5199,1709198192.443642,1709198192.4436498
5200,1709198192.5244465,1709198192.5244536
5201,1709198192.623656,1709198192.6236644
5202,1709198192.7385607,1709198192.7385683
5203,1709198192.8260524,1709198192.826059
5204,1709198192.9221802,1709198192.922188
5205,1709198193.0243726,1709198193.0244787
5206,1709198193.1265013,1709198193.12651
5207,1709198193.2264183,1709198193.2264247
5208,1709198193.3289247,1709198193.3289316
5209,1709198193.4321692,1709198193.4321756
5210,1709198193.527288,1709198193.5272954
5211,1709198193.625142,1709198193.6251493
5212,1709198193.7390425,1709198193.7390501
5213,1709198193.8314,1709198193.8314068
5214,1709198193.93378,1709198193.933788
5215,1709198194.0306828,1709198194.030691
5216,1709198194.135005,1709198194.1350124
5217,1709198194.2242038,1709198194.2242115
5218,1709198194.3435094,1709198194.343517
5219,1709198194.4270315,1709198194.4270387
5220,1709198194.524422,1709198194.524427
5221,1709198194.6331096,1709198194.6331167
5222,1709198194.7350333,1709198194.7350407
5223,1709198194.8252008,1709198194.825209
5224,1709198194.9265497,1709198194.9265568
5225,1709198195.0321956,1709198195.032202
5226,1709198195.1246994,1709198195.1247063
5227,1709198195.23404,1709198195.2340472
5228,1709198195.325037,1709198195.3250434
5229,1709198195.434365,1709198195.4343722
5230,1709198195.5404801,1709198195.5404866
5231,1709198195.6278083,1709198195.6278162
5232,1709198195.7394753,1709198195.7394817
5233,1709198195.8320441,1709198195.832052
5234,1709198195.9285977,1709198195.9286067
5235,1709198196.036995,1709198196.037002
5236,1709198196.127149,1709198196.1271558
5237,1709198196.232839,1709198196.232846
5238,1709198196.325638,1709198196.3256466
5239,1709198196.4291446,1709198196.429152
5240,1709198196.5346718,1709198196.5346823
5241,1709198196.6333363,1709198196.633343
5242,1709198196.7245097,1709198196.7245183
5243,1709198196.830355,1709198196.8303623
5244,1709198196.9246237,1709198196.9246306
5245,1709198197.0270424,1709198197.0270503
5246,1709198197.142013,1709198197.1420195
5247,1709198197.2285671,1709198197.2285743
5248,1709198197.3265102,1709198197.3265183
5249,1709198197.433334,1709198197.4333408
5250,1709198197.5254004,1709198197.525406
5251,1709198197.626508,1709198197.6265166
5252,1709198197.7302797,1709198197.7302861
5253,1709198197.829292,1709198197.8292968
5254,1709198197.9248507,1709198197.924857
5255,1709198198.0333703,1709198198.0333781
5256,1709198198.1240356,1709198198.1240854
5257,1709198198.2292485,1709198198.229255
5258,1709198198.330143,1709198198.3301513
5259,1709198198.432993,1709198198.4329991
5260,1709198198.528186,1709198198.5281935
5261,1709198198.6256793,1709198198.6256866
5262,1709198198.7267902,1709198198.726797
5263,1709198198.8289084,1709198198.8289156
5264,1709198198.9321365,1709198198.9321456
5265,1709198199.027653,1709198199.0276592
5266,1709198199.1275177,1709198199.127525
5267,1709198199.2258909,1709198199.2258976
5268,1709198199.3276045,1709198199.32761
5269,1709198199.430039,1709198199.430047
5270,1709198199.5252535,1709198199.5252588
5271,1709198199.6272783,1709198199.6272871
5272,1709198199.7339418,1709198199.7339506
5273,1709198199.8298762,1709198199.829886
5274,1709198199.9284065,1709198199.9284146
5275,1709198200.027186,1709198200.0271933
5276,1709198200.1247191,1709198200.124724
5277,1709198200.2362528,1709198200.236259
5278,1709198200.3309433,1709198200.3309505
5279,1709198200.4325845,1709198200.4325912
5280,1709198200.5300395,1709198200.5300465
5281,1709198200.6345923,1709198200.6345987
5282,1709198200.7280202,1709198200.7280283
5283,1709198200.8333962,1709198200.8334062
5284,1709198200.9263449,1709198200.9263525
5285,1709198201.0281115,1709198201.0281193
5286,1709198201.1222215,1709198201.1222296
5287,1709198201.2250125,1709198201.225019
5288,1709198201.3251452,1709198201.3251529
5289,1709198201.441522,1709198201.4415274
5290,1709198201.5286613,1709198201.5286677
5291,1709198201.625851,1709198201.6258583
5292,1709198201.7295332,1709198201.7295408
5293,1709198201.8313508,1709198201.8313575
5294,1709198201.926353,1709198201.9263601
5295,1709198202.0254133,1709198202.0254216
5296,1709198202.1250598,1709198202.1250668
5297,1709198202.2317255,1709198202.2317338
5298,1709198202.3234794,1709198202.323485
5299,1709198202.4318779,1709198202.4318845
5300,1709198202.5342746,1709198202.5342824
5301,1709198202.6317158,1709198202.6317239
5302,1709198202.737998,1709198202.7380044
5303,1709198202.8238873,1709198202.8238945
5304,1709198202.9378352,1709198202.9378445
5305,1709198203.0215905,1709198203.0215971
5306,1709198203.1232977,1709198203.123306
5307,1709198203.2317798,1709198203.231787
5308,1709198203.3318653,1709198203.3318722
5309,1709198203.4239519,1709198203.423959
5310,1709198203.5328217,1709198203.532834
5311,1709198203.7018428,1709198203.7018507
5312,1709198203.72944,1709198203.7294471
5313,1709198203.826242,1709198203.8262494
5314,1709198203.9321358,1709198203.932146
5315,1709198204.027839,1709198204.027846
5316,1709198204.1295536,1709198204.129561
5317,1709198204.240111,1709198204.2401206
5318,1709198204.330682,1709198204.3306892
5319,1709198204.4254942,1709198204.4255028
5320,1709198204.527085,1709198204.527091
5321,1709198204.6250238,1709198204.625029
5322,1709198204.7266197,1709198204.7266273
5323,1709198204.8290045,1709198204.829012
5324,1709198204.9224195,1709198204.922425
5325,1709198205.023555,1709198205.0235627
5326,1709198205.1234753,1709198205.1234832
5327,1709198205.2272944,1709198205.2273033
5328,1709198205.3267107,1709198205.3267186
5329,1709198205.4222298,1709198205.4222379
5330,1709198205.5300512,1709198205.5300581
5331,1709198205.6239502,1709198205.623958
5332,1709198205.7284203,1709198205.7284284
5333,1709198205.83093,1709198205.830936
5334,1709198205.9242446,1709198205.9242496
5335,1709198206.0323899,1709198206.0324006
5336,1709198206.134061,1709198206.1340697
5337,1709198206.2290757,1709198206.2290828
5338,1709198206.3239174,1709198206.3239243
5339,1709198206.4231088,1709198206.4231155
5340,1709198206.522358,1709198206.5223644
5341,1709198206.6318462,1709198206.6318548
5342,1709198206.7270498,1709198206.727058
5343,1709198206.8247695,1709198206.8247774
5344,1709198206.9344606,1709198206.934467
5345,1709198207.0285177,1709198207.0285254
5346,1709198207.1320863,1709198207.1320922
5347,1709198207.231195,1709198207.231201
5348,1709198207.3276935,1709198207.3277001
5349,1709198207.423163,1709198207.4231687
5350,1709198207.5247648,1709198207.5247717
5351,1709198207.6340902,1709198207.6340973
5352,1709198207.7329097,1709198207.7329154
5353,1709198207.8339546,1709198207.8339617
5354,1709198207.9276843,1709198207.9276912
5355,1709198208.0321698,1709198208.0321796
5356,1709198208.132075,1709198208.1320815
5357,1709198208.2366579,1709198208.2366643
5358,1709198208.3235562,1709198208.323563
5359,1709198208.4480453,1709198208.4480522
5360,1709198208.5265722,1709198208.5265806
5361,1709198208.6304083,1709198208.6304195
5362,1709198208.727807,1709198208.727816
5363,1709198208.8339262,1709198208.8339343
5364,1709198208.9330256,1709198208.9330318
5365,1709198209.030049,1709198209.0300558
5366,1709198209.1358411,1709198209.1358485
5367,1709198209.2216485,1709198209.2216537
5368,1709198209.3345382,1709198209.3345447
5369,1709198209.4294045,1709198209.4294136
5370,1709198209.5264916,1709198209.5264971
5371,1709198209.6239412,1709198209.6239488
5372,1709198209.7285016,1709198209.7285085
5373,1709198209.8290722,1709198209.82908
5374,1709198209.9220448,1709198209.9220514
5375,1709198210.028485,1709198210.0284946
5376,1709198210.1273916,1709198210.1273994
5377,1709198210.2261047,1709198210.2261152
5378,1709198210.3254344,1709198210.3254435
5379,1709198210.4370599,1709198210.437067
5380,1709198210.5254853,1709198210.5254915
5381,1709198210.621601,1709198210.621609
5382,1709198210.7274384,1709198210.7274456
5383,1709198210.8238573,1709198210.8238654
5384,1709198210.9220314,1709198210.9220393
5385,1709198211.033371,1709198211.0333796
5386,1709198211.1325521,1709198211.1325593
5387,1709198211.2373064,1709198211.2373128
5388,1709198211.3427768,1709198211.342783
5389,1709198211.427322,1709198211.4273286
5390,1709198211.5401857,1709198211.5401926
5391,1709198211.6295457,1709198211.6295528
5392,1709198211.7401109,1709198211.7401185
5393,1709198211.835887,1709198211.8358955
5394,1709198211.9391875,1709198211.9392104
5395,1709198212.026972,1709198212.026979
5396,1709198212.129291,1709198212.1292958
5397,1709198212.235052,1709198212.2350588
5398,1709198212.3274534,1709198212.3274615
5399,1709198212.4267118,1709198212.4267197
5400,1709198212.5260973,1709198212.5261047
5401,1709198212.6288683,1709198212.628875
5402,1709198212.7252734,1709198212.7252812
5403,1709198212.8255239,1709198212.8255312
5404,1709198212.9318447,1709198212.9318523
5405,1709198213.0271447,1709198213.0271523
5406,1709198213.125579,1709198213.125588
5407,1709198213.2348561,1709198213.2348616
5408,1709198213.3338547,1709198213.3338637
5409,1709198213.4249763,1709198213.424983
5410,1709198213.5261784,1709198213.526184
5411,1709198213.6271615,1709198213.6271696
5412,1709198213.734438,1709198213.7344444
5413,1709198213.8374553,1709198213.8374634
5414,1709198213.92798,1709198213.9279854
5415,1709198214.026481,1709198214.0264876
5416,1709198214.126758,1709198214.1267653
5417,1709198214.2352412,1709198214.235248
5418,1709198214.326016,1709198214.3260233
5419,1709198214.4249694,1709198214.424976
5420,1709198214.534637,1709198214.5346448
5421,1709198214.6269958,1709198214.627001
5422,1709198214.7317162,1709198214.7317247
5423,1709198214.8269322,1709198214.8269427
5424,1709198214.9378998,1709198214.937906
5425,1709198215.0300708,1709198215.0300791
5426,1709198215.1271558,1709198215.1271627
5427,1709198215.2281542,1709198215.2281597
5428,1709198215.334204,1709198215.3342104
5429,1709198215.4300127,1709198215.4300208
5430,1709198215.9157727,1709198215.9157813
5431,1709198215.925242,1709198215.92525
5432,1709198215.9328647,1709198215.9328716
5433,1709198216.0309532,1709198216.0309615
5434,1709198216.1324117,1709198216.1324186
5435,1709198216.2350624,1709198216.2350693
5436,1709198216.327052,1709198216.3270593
5437,1709198216.425631,1709198216.4256377
5438,1709198216.5254602,1709198216.5254667
5439,1709198216.6310263,1709198216.6310344
5440,1709198216.7337093,1709198216.7337162
5441,1709198216.8275707,1709198216.827578
5442,1709198216.9273047,1709198216.9273121
5443,1709198217.0371165,1709198217.0371263
5444,1709198217.1311836,1709198217.1311915
5445,1709198217.2273576,1709198217.227365
5446,1709198217.3338933,1709198217.3339005
5447,1709198217.4321108,1709198217.4321184
5448,1709198217.5338078,1709198217.5338142
5449,1709198217.6347558,1709198217.634762
5450,1709198217.721768,1709198217.7217762
5451,1709198217.8350906,1709198217.8350978
5452,1709198217.9283214,1709198217.9283288
5453,1709198218.0350215,1709198218.0350277
5454,1709198218.134819,1709198218.1348255
5455,1709198218.2284877,1709198218.2284968
5456,1709198218.328126,1709198218.3281329
5457,1709198218.4277208,1709198218.4277284
5458,1709198218.527652,1709198218.527658
5459,1709198218.6316497,1709198218.6316564
5460,1709198218.731526,1709198218.731533
5461,1709198218.8365035,1709198218.8365111
5462,1709198218.9245787,1709198218.924585
5463,1709198219.021797,1709198219.0218024
5464,1709198219.12817,1709198219.1281784
5465,1709198219.2320266,1709198219.2320323
5466,1709198219.32808,1709198219.328087
5467,1709198219.4225721,1709198219.4225783
5468,1709198219.529523,1709198219.52953
5469,1709198219.6232424,1709198219.62325
5470,1709198219.729772,1709198219.7297792
5471,1709198219.8356903,1709198219.8356972
5472,1709198219.9273257,1709198219.9273334
5473,1709198220.0362926,1709198220.0363011
5474,1709198220.1266062,1709198220.1266162
5475,1709198220.2232583,1709198220.2232647
5476,1709198220.3301342,1709198220.3301425
5477,1709198220.4308462,1709198220.4308534
5478,1709198220.5239499,1709198220.5239546
5479,1709198220.637958,1709198220.637965
5480,1709198220.726089,1709198220.7260964
5481,1709198220.82568,1709198220.8256862
5482,1709198220.925626,1709198220.9256353
5483,1709198221.0342574,1709198221.034265
5484,1709198221.1256735,1709198221.1256804
5485,1709198221.2300336,1709198221.2300408
5486,1709198221.331586,1709198221.3315907
5487,1709198221.432199,1709198221.4322057
5488,1709198221.5340686,1709198221.534075
5489,1709198221.6289363,1709198221.628944
5490,1709198221.734772,1709198221.734778
5491,1709198221.8403852,1709198221.8403926
5492,1709198221.9322357,1709198221.9322429
5493,1709198222.0284917,1709198222.0284996
5494,1709198222.1323094,1709198222.1323183
5495,1709198222.2237072,1709198222.223715
5496,1709198222.3319335,1709198222.3319438
5497,1709198222.4356863,1709198222.435693
5498,1709198222.5266361,1709198222.5266418
5499,1709198222.624677,1709198222.624685
5500,1709198222.7256932,1709198222.7257028
5501,1709198222.8264432,1709198222.8264499
5502,1709198222.9355876,1709198222.9355948
5503,1709198223.034315,1709198223.0343227
5504,1709198223.1328268,1709198223.132833
5505,1709198223.2338593,1709198223.2338703
5506,1709198223.3367724,1709198223.3367786
5507,1709198223.4285753,1709198223.4285822
5508,1709198223.5242326,1709198223.5242398
5509,1709198223.6304255,1709198223.630432
5510,1709198223.724362,1709198223.724369
5511,1709198223.8257225,1709198223.8257284
5512,1709198223.9276774,1709198223.9276829
5513,1709198224.0338922,1709198224.0338984
5514,1709198224.1265535,1709198224.1265607
5515,1709198224.2262194,1709198224.2262273
5516,1709198224.3228288,1709198224.3228347
5517,1709198224.4352953,1709198224.4353037
5518,1709198224.553579,1709198224.5535853
5519,1709198224.6283765,1709198224.6283848
5520,1709198224.7240424,1709198224.7240498
5521,1709198224.8236063,1709198224.823614
5522,1709198224.9300978,1709198224.930105
5523,1709198225.0309799,1709198225.0309868
5524,1709198225.1309898,1709198225.130997
5525,1709198225.2216837,1709198225.2216907
5526,1709198225.3287559,1709198225.328764
5527,1709198225.4308183,1709198225.4308321
5528,1709198225.528862,1709198225.5288687
5529,1709198225.6251292,1709198225.6251376
5530,1709198225.7331696,1709198225.7331758
5531,1709198225.8347325,1709198225.834739
5532,1709198225.928676,1709198225.9286842
5533,1709198226.0233784,1709198226.0233839
5534,1709198226.1290984,1709198226.1291065
5535,1709198226.2313356,1709198226.2313428
5536,1709198226.325679,1709198226.325684
5537,1709198226.4260845,1709198226.4260898
5538,1709198226.5263238,1709198226.5263324
5539,1709198226.6311944,1709198226.6311991
5540,1709198226.732221,1709198226.7322297
5541,1709198226.8257697,1709198226.8257756
5542,1709198226.9279819,1709198226.927994
5543,1709198227.0302377,1709198227.0302422
5544,1709198227.1284206,1709198227.1284273
5545,1709198227.2357688,1709198227.235775
5546,1709198227.3240793,1709198227.3240864
5547,1709198227.4219143,1709198227.421921
5548,1709198227.522377,1709198227.5223837
5549,1709198227.6558177,1709198227.655825
5550,1709198227.7270923,1709198227.7271008
5551,1709198227.8307903,1709198227.830798
5552,1709198227.9308815,1709198227.9308894
5553,1709198228.0284076,1709198228.0284135
5554,1709198228.1281095,1709198228.128116
5555,1709198228.2335582,1709198228.2335665
5556,1709198228.336818,1709198228.336825
5557,1709198228.423903,1709198228.4239128
5558,1709198228.526395,1709198228.5264053
5559,1709198228.6292868,1709198228.629292
5560,1709198228.7239504,1709198228.723957
5561,1709198228.8247247,1709198228.8247297
5562,1709198228.9400597,1709198228.9400675
5563,1709198229.0237522,1709198229.023759
5564,1709198229.125139,1709198229.125147
5565,1709198229.233158,1709198229.233166
5566,1709198229.3265705,1709198229.326577
5567,1709198229.4374192,1709198229.4374273
5568,1709198229.5305266,1709198229.5305336
5569,1709198229.6267545,1709198229.6267598
5570,1709198229.7280767,1709198229.7280834
5571,1709198229.8343937,1709198229.8344028
5572,1709198229.9228983,1709198229.9229052
5573,1709198230.0237873,1709198230.0237935
5574,1709198230.128712,1709198230.1287174
5575,1709198230.226731,1709198230.2267382
5576,1709198230.3309474,1709198230.3309543
5577,1709198230.4294984,1709198230.429505
5578,1709198230.5232954,1709198230.5233026
5579,1709198230.6345782,1709198230.6345885
5580,1709198230.723486,1709198230.7234924
5581,1709198230.823439,1709198230.8234463
5582,1709198230.9248147,1709198230.924821
5583,1709198231.023116,1709198231.0231218
5584,1709198231.1446698,1709198231.1446776
5585,1709198231.2345195,1709198231.2345269
5586,1709198231.3318348,1709198231.3318431
5587,1709198231.4292588,1709198231.4292662
5588,1709198231.529492,1709198231.5295
5589,1709198231.6332538,1709198231.6332629
5590,1709198231.7293108,1709198231.7293172
5591,1709198231.8257685,1709198231.8257747
5592,1709198231.9288535,1709198231.9288604
5593,1709198232.023774,1709198232.0237815
5594,1709198232.1277096,1709198232.127717
5595,1709198232.23479,1709198232.234797
5596,1709198232.3245027,1709198232.3245096
5597,1709198232.4241638,1709198232.4241724
5598,1709198232.5237498,1709198232.5237565
5599,1709198232.621962,1709198232.6219697
5600,1709198232.7258646,1709198232.7258701
5601,1709198232.8258793,1709198232.8258865
5602,1709198232.9217181,1709198232.9217267
5603,1709198233.023932,1709198233.0239367
5604,1709198233.12252,1709198233.1225266
5605,1709198233.2210708,1709198233.2210786
5606,1709198233.3227117,1709198233.3227186
5607,1709198233.4293723,1709198233.4293787
5608,1709198233.5288885,1709198233.5288954
5609,1709198233.623919,1709198233.623925
5610,1709198233.725615,1709198233.7256222
5611,1709198233.8304749,1709198233.8304832
5612,1709198233.9273317,1709198233.9273393
5613,1709198234.026181,1709198234.0261886
5614,1709198234.1263607,1709198234.1263657
5615,1709198234.22926,1709198234.2292671
5616,1709198234.3268542,1709198234.326861
5617,1709198234.4271483,1709198234.4271555
5618,1709198234.5498405,1709198234.5498483
5619,1709198234.6275415,1709198234.6275487
5620,1709198234.7261534,1709198234.726161
5621,1709198234.8231108,1709198234.823119
5622,1709198234.9240599,1709198234.9240668
5623,1709198235.024623,1709198235.0246305
5624,1709198235.13049,1709198235.130497
5625,1709198235.2285078,1709198235.2285128
5626,1709198235.327891,1709198235.3278975
5627,1709198235.4293778,1709198235.4293857
5628,1709198235.5271816,1709198235.5271878
5629,1709198235.6294553,1709198235.6294618
5630,1709198235.730519,1709198235.7305262
5631,1709198235.8241813,1709198235.8241894
5632,1709198235.9234002,1709198235.9234078
5633,1709198236.032194,1709198236.0322
5634,1709198236.1362429,1709198236.1362507
5635,1709198236.2370481,1709198236.2370555
5636,1709198236.325813,1709198236.3258197
5637,1709198236.423326,1709198236.423334
5638,1709198236.5261347,1709198236.5261433
5639,1709198236.6281831,1709198236.6281903
5640,1709198236.7241452,1709198236.724154
5641,1709198236.8232217,1709198236.8232267
5642,1709198236.9270449,1709198236.9270546
5643,1709198237.0283878,1709198237.0283937
5644,1709198237.1232858,1709198237.123292
5645,1709198237.2314215,1709198237.231431
5646,1709198237.3254263,1709198237.325434
5647,1709198237.4368408,1709198237.4368474
5648,1709198237.5233555,1709198237.5233626
5649,1709198237.6278675,1709198237.6278725
5650,1709198237.7236152,1709198237.7236223
5651,1709198237.8216481,1709198237.821655
5652,1709198237.928162,1709198237.9281683
5653,1709198238.0353398,1709198238.0353487
5654,1709198238.1242762,1709198238.1242845
5655,1709198238.2240107,1709198238.22402
5656,1709198238.3276374,1709198238.3276455
5657,1709198238.4282,1709198238.4282067
5658,1709198238.534861,1709198238.5348682
5659,1709198238.6247482,1709198238.6247537
5660,1709198238.7295032,1709198238.7295082
5661,1709198238.8367932,1709198238.8368008
5662,1709198238.9313643,1709198238.9313712
5663,1709198239.030282,1709198239.03029
5664,1709198239.1265013,1709198239.1265075
5665,1709198239.2239988,1709198239.2240057
5666,1709198239.3318825,1709198239.3318913
5667,1709198239.433582,1709198239.4335885
5668,1709198239.5271883,1709198239.5271952
5669,1709198239.6288834,1709198239.628891
5670,1709198239.724637,1709198239.7246435
5671,1709198239.8289535,1709198239.8289616
5672,1709198239.9255762,1709198239.925584
5673,1709198240.038725,1709198240.0387309
5674,1709198240.134506,1709198240.1345463
5675,1709198240.2331429,1709198240.2331843
5676,1709198240.3396523,1709198240.339712
5677,1709198240.4354978,1709198240.4355638
5678,1709198240.5350857,1709198240.535127
5679,1709198240.641079,1709198240.641127
5680,1709198240.7297022,1709198240.7297535
5681,1709198240.8268237,1709198240.82687
5682,1709198240.9359128,1709198240.9359932
5683,1709198241.0252762,1709198241.0253205
5684,1709198241.1259928,1709198241.1260421
5685,1709198241.239294,1709198241.2393403
5686,1709198241.3361468,1709198241.3362155
5687,1709198241.4328144,1709198241.4328656
5688,1709198241.531879,1709198241.5319278
5689,1709198241.6345608,1709198241.6346104
5690,1709198241.759201,1709198241.7592525
5691,1709198241.831223,1709198241.831267
5692,1709198241.9352612,1709198241.9353075
5693,1709198242.031465,1709198242.0315104
5694,1709198242.1313193,1709198242.1313622
5695,1709198242.2299294,1709198242.2299786
5696,1709198242.3231192,1709198242.3231833
5697,1709198242.4286084,1709198242.4286532
5698,1709198242.5257812,1709198242.5258646
5699,1709198242.6237278,1709198242.6237774
5700,1709198242.7343009,1709198242.7343395
5701,1709198242.823386,1709198242.8234348
5702,1709198242.932709,1709198242.9327583
5703,1709198243.0257638,1709198243.0258114
5704,1709198243.1305652,1709198243.1306088
5705,1709198243.2276378,1709198243.227682
5706,1709198243.325923,1709198243.3259692
5707,1709198243.4247086,1709198243.4247527
5708,1709198243.52629,1709198243.5263355
5709,1709198243.632223,1709198243.6322742
5710,1709198243.7281497,1709198243.728189
5711,1709198243.8376834,1709198243.8377442
5712,1709198243.929977,1709198243.9300406
5713,1709198244.0279472,1709198244.027994
5714,1709198244.1257863,1709198244.1258342
5715,1709198244.226836,1709198244.2268806
5716,1709198244.3274288,1709198244.3274753
5717,1709198244.4271245,1709198244.4271705
5718,1709198244.5213547,1709198244.5214205
5719,1709198244.621865,1709198244.6219356
5720,1709198244.7346961,1709198244.7347426
5721,1709198244.8283587,1709198244.8284025
5722,1709198244.9286733,1709198244.9287694
5723,1709198245.024114,1709198245.0241632
5724,1709198245.135784,1709198245.135856
5725,1709198245.2316637,1709198245.2317073
5726,1709198245.3357437,1709198245.3357878
5727,1709198245.429161,1709198245.4292119
5728,1709198245.5341477,1709198245.5341945
5729,1709198245.6242046,1709198245.624247
5730,1709198245.7310376,1709198245.7311358
5731,1709198245.8222528,1709198245.822304
5732,1709198245.9344842,1709198245.93455
5733,1709198246.0320024,1709198246.0320613
5734,1709198246.1270154,1709198246.1270669
5735,1709198246.2260888,1709198246.2261505
5736,1709198246.3252032,1709198246.32524
5737,1709198246.4304955,1709198246.430574
5738,1709198246.5317125,1709198246.5317588
5739,1709198246.6355386,1709198246.635609
5740,1709198246.7335284,1709198246.733597
5741,1709198246.8253767,1709198246.825436
5742,1709198246.9280357,1709198246.92809
5743,1709198247.0308464,1709198247.0308833
5744,1709198247.1269844,1709198247.1270306
5745,1709198247.2333453,1709198247.2334306
5746,1709198247.3279943,1709198247.3280926
5747,1709198247.4321802,1709198247.432277
5748,1709198247.528634,1709198247.5287063
5749,1709198247.6345954,1709198247.6346812
5750,1709198247.7321947,1709198247.732334
5751,1709198247.840639,1709198247.8407273
5752,1709198247.9352973,1709198247.9353845
5753,1709198248.0266964,1709198248.0267773
5754,1709198248.1346028,1709198248.1346827
5755,1709198248.233206,1709198248.2333379
5756,1709198248.326048,1709198248.3261263
5757,1709198248.4218755,1709198248.4219625
5758,1709198248.5338752,1709198248.5339656
5759,1709198248.6225505,1709198248.6226394
5760,1709198248.7562308,1709198248.7563121
5761,1709198248.827183,1709198248.8272705
5762,1709198248.940589,1709198248.9406722
5763,1709198249.045798,1709198249.0458515
5764,1709198249.1386602,1709198249.138741
5765,1709198249.2409682,1709198249.2410142
5766,1709198249.3317847,1709198249.3318367
5767,1709198249.4297082,1709198249.4298153
5768,1709198249.532785,1709198249.5328643
5769,1709198249.6323776,1709198249.632464
5770,1709198249.7325785,1709198249.7326682
5771,1709198249.822019,1709198249.822099
5772,1709198249.9289246,1709198249.9290144
5773,1709198250.0272274,1709198250.027314
5774,1709198250.1227658,1709198250.1228487
5775,1709198250.2274804,1709198250.2275846
5776,1709198250.3296013,1709198250.3296971
5777,1709198250.4301984,1709198250.43027
5778,1709198250.5233848,1709198250.523515
5779,1709198250.6276412,1709198250.6277575
5780,1709198250.7425027,1709198250.742599
5781,1709198250.82939,1709198250.8295133
5782,1709198250.923111,1709198250.9232373
5783,1709198251.0285654,1709198251.0286767
5784,1709198251.1370163,1709198251.1370845
5785,1709198251.2276318,1709198251.2276886
5786,1709198251.3269987,1709198251.327043
5787,1709198251.4268227,1709198251.4268951
5788,1709198251.5306718,1709198251.5307584
5789,1709198251.632117,1709198251.6321657
5790,1709198251.7303214,1709198251.730364
5791,1709198251.8302195,1709198251.830278
5792,1709198251.9296274,1709198251.9296725
5793,1709198252.03581,1709198252.035859
5794,1709198252.1304028,1709198252.1304865
5795,1709198252.2427413,1709198252.2427893
5796,1709198252.3282218,1709198252.3283162
5797,1709198252.427345,1709198252.4274127
5798,1709198252.5301795,1709198252.5304494
5799,1709198252.6333635,1709198252.6334047
5800,1709198252.7349305,1709198252.7350068
5801,1709198252.8254595,1709198252.825689
5802,1709198252.9352694,1709198252.9353569
5803,1709198253.0263052,1709198253.0263574
5804,1709198253.124743,1709198253.1247933
5805,1709198253.2381127,1709198253.2381608
5806,1709198253.3234115,1709198253.3234642
5807,1709198253.4262228,1709198253.4263024
5808,1709198253.5332828,1709198253.5333817
5809,1709198253.6300542,1709198253.6301324
5810,1709198253.7370238,1709198253.7371042
5811,1709198253.8273447,1709198253.8274415
5812,1709198253.9274707,1709198253.9276052
5813,1709198254.0318406,1709198254.032
5814,1709198254.1316292,1709198254.1317143
5815,1709198254.2239065,1709198254.223981
5816,1709198254.3321335,1709198254.3322031
5817,1709198254.4278219,1709198254.4278858
5818,1709198254.5321074,1709198254.5321853
5819,1709198254.629525,1709198254.6296132
5820,1709198254.7425668,1709198254.7427564
5821,1709198254.8252223,1709198254.825304
5822,1709198254.9250898,1709198254.9251728
5823,1709198255.0274599,1709198255.0276191
5824,1709198255.133408,1709198255.1334991
5825,1709198255.2292526,1709198255.2293236
5826,1709198255.331908,1709198255.3320005
5827,1709198255.4309492,1709198255.4310396
5828,1709198255.5257456,1709198255.5258205
5829,1709198255.6299868,1709198255.6300728
5830,1709198255.7275107,1709198255.7276134
5831,1709198255.829344,1709198255.8294344
5832,1709198255.9285727,1709198255.9286532
5833,1709198256.0248935,1709198256.0250745
5834,1709198256.132168,1709198256.1322708
5835,1709198256.2265227,1709198256.2266068
5836,1709198256.3343704,1709198256.334464
5837,1709198256.4319448,1709198256.43203
5838,1709198256.5259385,1709198256.5260134
5839,1709198256.6392107,1709198256.6392899
5840,1709198256.73167,1709198256.7319233
5841,1709198256.8232133,1709198256.8233047
5842,1709198256.9335518,1709198256.933627
5843,1709198257.0285015,1709198257.0285842
5844,1709198257.1326966,1709198257.1328185
5845,1709198257.231773,1709198257.2318566
5846,1709198257.326543,1709198257.3267055
5847,1709198257.4299266,1709198257.4300067
5848,1709198257.5337381,1709198257.5338538
5849,1709198257.626645,1709198257.6267579
5850,1709198257.7356606,1709198257.7357364
5851,1709198257.8220427,1709198257.8221273
5852,1709198257.923161,1709198257.9232597
5853,1709198258.0335538,1709198258.0336294
5854,1709198258.1286726,1709198258.128766
5855,1709198258.231489,1709198258.2315736
5856,1709198258.3287675,1709198258.3288434
5857,1709198258.4266124,1709198258.4266975
5858,1709198258.5334437,1709198258.5335217
5859,1709198258.635935,1709198258.6360323
5860,1709198258.7368085,1709198258.736953
5861,1709198258.8327968,1709198258.832874
5862,1709198258.93109,1709198258.931232
5863,1709198259.0273318,1709198259.0274193
5864,1709198259.1268556,1709198259.126944
5865,1709198259.2369783,1709198259.2370598
5866,1709198259.3367205,1709198259.336809
5867,1709198259.4313552,1709198259.431546
5868,1709198259.5317183,1709198259.5318592
5869,1709198259.6255853,1709198259.6256678
5870,1709198259.7274363,1709198259.7275214
5871,1709198259.82563,1709198259.8257248
5872,1709198259.9296181,1709198259.9297469
5873,1709198260.0334265,1709198260.0335133
5874,1709198260.135323,1709198260.1354067
5875,1709198260.2320592,1709198260.2321332
5876,1709198260.326825,1709198260.3269506
5877,1709198260.434591,1709198260.434716
5878,1709198260.5241368,1709198260.5242207
5879,1709198260.6341736,1709198260.634254
5880,1709198260.761463,1709198260.7615614
5881,1709198260.8308969,1709198260.831003
5882,1709198260.9361715,1709198260.9362686
5883,1709198261.0302825,1709198261.0303962
5884,1709198261.1348016,1709198261.1349125
5885,1709198261.2284126,1709198261.2284946
5886,1709198261.3345547,1709198261.3346512
5887,1709198261.42666,1709198261.4267457
5888,1709198261.5272372,1709198261.5273204
5889,1709198261.6375458,1709198261.6376257
5890,1709198261.7323427,1709198261.7324328
5891,1709198261.8305852,1709198261.8306808
5892,1709198261.931498,1709198261.9315834
5893,1709198262.034546,1709198262.034631
5894,1709198262.1266358,1709198262.1267195
5895,1709198262.238403,1709198262.2385015
5896,1709198262.329602,1709198262.329719
5897,1709198262.42536,1709198262.4254901
5898,1709198262.5256846,1709198262.5257666
5899,1709198262.62771,1709198262.627788
5900,1709198262.7354622,1709198262.7354696
5901,1709198262.8280313,1709198262.8280368
5902,1709198262.9326859,1709198262.932694
5903,1709198263.037847,1709198263.0378544
5904,1709198263.1397717,1709198263.1397772
5905,1709198263.230637,1709198263.230644
5906,1709198263.324585,1709198263.3245916
5907,1709198263.4314337,1709198263.431439
5908,1709198263.5376518,1709198263.5376594
5909,1709198263.6241152,1709198263.624121
5910,1709198263.7313132,1709198263.731319
5911,1709198263.8267736,1709198263.8267803
5912,1709198263.935607,1709198263.9356139
5913,1709198264.029961,1709198264.0299659
5914,1709198264.1544,1709198264.154407
5915,1709198264.2353477,1709198264.2353532
5916,1709198264.3354166,1709198264.335423
5917,1709198264.431713,1709198264.4317188
5918,1709198264.532551,1709198264.5325568
5919,1709198264.6332097,1709198264.6332157
5920,1709198264.7308593,1709198264.7362914
5921,1709198264.8307998,1709198264.8346791
5922,1709198264.9269464,1709198264.931377
5923,1709198265.0265183,1709198265.0307908
5924,1709198265.1324434,1709198265.1395783
5925,1709198265.2297595,1709198265.2350037
5926,1709198265.327703,1709198265.333253
5927,1709198265.4311907,1709198265.4351263
5928,1709198265.528207,1709198265.5322115
5929,1709198265.6261148,1709198265.6302664
5930,1709198265.7269025,1709198265.7312427
5931,1709198265.8253374,1709198265.8292737
5932,1709198265.9272363,1709198265.9301593
5933,1709198266.0374827,1709198266.0418031
5934,1709198266.1277356,1709198266.1317835
5935,1709198266.23051,1709198266.2348316
5936,1709198266.3329473,1709198266.3368628
5937,1709198266.4247313,1709198266.4308407
5938,1709198266.5253825,1709198266.5300558
5939,1709198266.631181,1709198266.6349828
5940,1709198266.7237258,1709198266.7269802
5941,1709198266.8232322,1709198266.827769
5942,1709198266.9321682,1709198266.9362276
5943,1709198267.029359,1709198267.033335
5944,1709198267.1245606,1709198267.1346116
5945,1709198267.223438,1709198267.229742
5946,1709198267.3327177,1709198267.3393114
5947,1709198267.4225137,1709198267.4265327
5948,1709198267.5244794,1709198267.5300996
5949,1709198267.626012,1709198267.6305842
5950,1709198267.7260268,1709198267.731982
5951,1709198267.821809,1709198267.8256998
5952,1709198267.9260774,1709198267.9307415
5953,1709198268.026102,1709198268.0297637
5954,1709198268.1297667,1709198268.133446
5955,1709198268.229217,1709198268.234147
5956,1709198268.3280256,1709198268.3325238
5957,1709198268.4283895,1709198268.4330757
5958,1709198268.5218744,1709198268.5257542
5959,1709198268.6271589,1709198268.6322067
5960,1709198268.7269685,1709198268.731101
5961,1709198268.833616,1709198268.8392658
5962,1709198268.922956,1709198268.9272854
5963,1709198269.027333,1709198269.0316453
5964,1709198269.129296,1709198269.1343956
5965,1709198269.2303696,1709198269.2382948
5966,1709198269.3284652,1709198269.3335915
5967,1709198269.4225185,1709198269.426715
5968,1709198269.5254467,1709198269.529432
5969,1709198269.6238155,1709198269.6275876
5970,1709198269.723752,1709198269.7311573
5971,1709198269.823608,1709198269.8278787
5972,1709198269.9274015,1709198269.931775
5973,1709198270.026356,1709198270.0301373
5974,1709198270.1232293,1709198270.1265137
5975,1709198270.2241852,1709198270.228462
5976,1709198270.3219109,1709198270.3255646
5977,1709198270.4256752,1709198270.43053
5978,1709198270.523887,1709198270.5282588
5979,1709198270.6268928,1709198270.629446
5980,1709198270.728308,1709198270.7344964
5981,1709198270.8500354,1709198270.8549304
5982,1709198270.926649,1709198270.9312963
5983,1709198271.027553,1709198271.0309947
5984,1709198271.1239004,1709198271.1273353
5985,1709198271.2272513,1709198271.2311783
5986,1709198271.329329,1709198271.3328998
5987,1709198271.4226084,1709198271.4261935
5988,1709198271.5254304,1709198271.5310683
5989,1709198271.6270916,1709198271.6325336
5990,1709198271.7317781,1709198271.7356002
5991,1709198271.8266265,1709198271.8340173
5992,1709198271.9297864,1709198271.9347978
5993,1709198272.03125,1709198272.0389535
5994,1709198272.1273336,1709198272.1337779
5995,1709198272.2263105,1709198272.2305527
5996,1709198272.3241122,1709198272.3282773
5997,1709198272.423704,1709198272.4294474
5998,1709198272.530585,1709198272.5346396
5999,1709198272.6340477,1709198272.6394877
6000,1709198272.730509,1709198272.736082
6001,1709198272.8370543,1709198272.8465576
6002,1709198272.9422152,1709198272.948042
6003,1709198273.0378296,1709198273.04218
6004,1709198273.1444702,1709198273.1511836
6005,1709198273.2337463,1709198273.2373624
6006,1709198273.3405256,1709198273.345079
6007,1709198273.4253929,1709198273.4348726
6008,1709198273.5328982,1709198273.5366423
6009,1709198273.6231444,1709198273.6268053
6010,1709198273.7285266,1709198273.7345874
6011,1709198273.8254137,1709198273.8299725
6012,1709198273.9258096,1709198273.9291854
6013,1709198274.0457528,1709198274.0499556
6014,1709198274.132249,1709198274.1369977
6015,1709198274.246317,1709198274.2499897
6016,1709198274.3385904,1709198274.342607
6017,1709198274.440719,1709198274.4454005
6018,1709198274.5305314,1709198274.5355077
6019,1709198274.6265457,1709198274.6301727
6020,1709198274.7312691,1709198274.73559
6021,1709198274.8284173,1709198274.8321931
6022,1709198274.925176,1709198274.929196
6023,1709198275.0472198,1709198275.0512981
6024,1709198275.1369627,1709198275.1442702
6025,1709198275.2355933,1709198275.2398913
6026,1709198275.3345132,1709198275.3388023
6027,1709198275.4297633,1709198275.4341204
6028,1709198275.5247102,1709198275.5287368
6029,1709198275.6293309,1709198275.6330209
6030,1709198275.7310944,1709198275.7352693
6031,1709198275.8326066,1709198275.836366
6032,1709198275.9311357,1709198275.9349384
6033,1709198276.0342746,1709198276.0390477
6034,1709198276.1303117,1709198276.134332
6035,1709198276.2315047,1709198276.2350814
6036,1709198276.3228571,1709198276.327117
6037,1709198276.4283602,1709198276.4321573
6038,1709198276.5313451,1709198276.5360556
6039,1709198276.6329975,1709198276.6372397
6040,1709198276.7269187,1709198276.7316098
6041,1709198276.8264947,1709198276.8329449
6042,1709198276.9283545,1709198276.934247
6043,1709198277.0288882,1709198277.0331924
6044,1709198277.1298735,1709198277.1344697
6045,1709198277.2320552,1709198277.2381487
6046,1709198277.3286257,1709198277.333122
6047,1709198277.4224048,1709198277.42643
6048,1709198277.5244668,1709198277.529018
6049,1709198277.630641,1709198277.6357348
6050,1709198277.7237573,1709198277.7280889
6051,1709198277.8377166,1709198277.8510058
6052,1709198277.930084,1709198277.9340014
6053,1709198278.031335,1709198278.0366
6054,1709198278.1255956,1709198278.1298635
6055,1709198278.2251256,1709198278.2316139
6056,1709198278.3346379,1709198278.338254
6057,1709198278.4249818,1709198278.4284484
6058,1709198278.5299618,1709198278.534882
6059,1709198278.6300068,1709198278.6336498
6060,1709198278.7301629,1709198278.7338302
6061,1709198278.830348,1709198278.8342023
6062,1709198278.9309022,1709198278.9353278
6063,1709198279.0352197,1709198279.040586
6064,1709198279.1339426,1709198279.1378834
6065,1709198279.232606,1709198279.2393193
6066,1709198279.3303976,1709198279.3350372
6067,1709198279.422497,1709198279.4263234
6068,1709198279.529444,1709198279.5333602
6069,1709198279.6316633,1709198279.6382997
6070,1709198279.7346818,1709198279.741338
6071,1709198279.834541,1709198279.840064
6072,1709198279.9381366,1709198279.9413056
6073,1709198280.0273697,1709198280.0335085
6074,1709198280.1374514,1709198280.1430538
6075,1709198280.2328572,1709198280.2385042
6076,1709198280.3241951,1709198280.3292205
6077,1709198280.426365,1709198280.4309726
6078,1709198280.5282702,1709198280.5327058
6079,1709198280.626851,1709198280.6315114
6080,1709198280.7232938,1709198280.727733
6081,1709198280.8305392,1709198280.83456
6082,1709198280.931674,1709198280.935817
6083,1709198281.0285723,1709198281.0331924
6084,1709198281.135224,1709198281.1392255
6085,1709198281.2270627,1709198281.2313745
6086,1709198281.322796,1709198281.3268857
6087,1709198281.4262943,1709198281.4305866
6088,1709198281.5256143,1709198281.5296285
6089,1709198281.6315682,1709198281.6361291
6090,1709198281.727619,1709198281.731856
6091,1709198281.8235993,1709198281.8274138
6092,1709198281.9538605,1709198281.95942
6093,1709198282.0341291,1709198282.0380523
6094,1709198282.1313093,1709198282.1347237
6095,1709198282.2320342,1709198282.236458
6096,1709198282.3263233,1709198282.331283
6097,1709198282.4265544,1709198282.4311266
6098,1709198282.5237424,1709198282.5275757
6099,1709198282.6267548,1709198282.6304655
6100,1709198282.7340486,1709198282.737883
6101,1709198282.8337584,1709198282.8375661
6102,1709198282.943678,1709198282.9478352
6103,1709198283.0301397,1709198283.0344007
6104,1709198283.1327596,1709198283.13655
6105,1709198283.2291145,1709198283.2334464
6106,1709198283.3277574,1709198283.3318844
6107,1709198283.426527,1709198283.4319816
6108,1709198283.5226724,1709198283.5265324
6109,1709198283.6260152,1709198283.6302385
6110,1709198283.7321746,1709198283.7363067
6111,1709198283.8344128,1709198283.839312
6112,1709198283.9303935,1709198283.9304018
6113,1709198284.0291116,1709198284.02912
6114,1709198284.1306486,1709198284.1306562
6115,1709198284.230893,1709198284.2308981
6116,1709198284.3215754,1709198284.3215842
6117,1709198284.4242165,1709198284.424225
6118,1709198284.5231872,1709198284.5231948
6119,1709198284.6288102,1709198284.6288183
6120,1709198284.731631,1709198284.7316382
6121,1709198284.823967,1709198284.8239741
6122,1709198284.939948,1709198284.939955
6123,1709198285.0304167,1709198285.0304246
6124,1709198285.1224174,1709198285.1224248
6125,1709198285.2326887,1709198285.232696
6126,1709198285.327155,1709198285.3271635
6127,1709198285.425744,1709198285.4257522
6128,1709198285.530113,1709198285.53012
6129,1709198285.6249514,1709198285.624959
6130,1709198285.7253566,1709198285.7253644
6131,1709198285.8283072,1709198285.828314
6132,1709198285.9318516,1709198285.9318588
6133,1709198286.0269141,1709198286.0269196
6134,1709198286.1374745,1709198286.137482
6135,1709198286.2288873,1709198286.2288942
6136,1709198286.3236918,1709198286.3236973
6137,1709198286.4217765,1709198286.4217846
6138,1709198286.5227215,1709198286.522728
6139,1709198286.6303852,1709198286.6303926
6140,1709198286.724926,1709198286.7249331
6141,1709198286.824866,1709198286.8248725
6142,1709198286.9292853,1709198286.9292924
6143,1709198287.0312974,1709198287.0313044
6144,1709198287.1226866,1709198287.1226945
6145,1709198287.2268078,1709198287.226814
6146,1709198287.3259535,1709198287.3259609
6147,1709198287.4244606,1709198287.4244683
6148,1709198287.5271382,1709198287.5271451
6149,1709198287.6345003,1709198287.6345103
6150,1709198287.7282329,1709198287.7282424
6151,1709198287.8261445,1709198287.8261518
6152,1709198287.927326,1709198287.9273336
6153,1709198288.0255575,1709198288.0255651
6154,1709198288.1212347,1709198288.1212416
6155,1709198288.2285671,1709198288.2285728
6156,1709198288.3322382,1709198288.3322453
6157,1709198288.4391038,1709198288.439113
6158,1709198288.5264602,1709198288.526468
6159,1709198288.623318,1709198288.6233253
6160,1709198288.7342706,1709198288.734279
6161,1709198288.8218706,1709198288.8218772
6162,1709198288.9247642,1709198288.924772
6163,1709198289.0440567,1709198289.0440776
6164,1709198289.1241355,1709198289.1241422
6165,1709198289.2242398,1709198289.2243211
6166,1709198289.3253965,1709198289.3254037
6167,1709198289.4217136,1709198289.4217205
6168,1709198289.5282717,1709198289.5282788
6169,1709198289.6343334,1709198289.6343396
6170,1709198289.727394,1709198289.7274003
6171,1709198289.8229587,1709198289.8229656
6172,1709198289.9294946,1709198289.9295042
6173,1709198290.0296667,1709198290.0296755
6174,1709198290.1251178,1709198290.125129
6175,1709198290.2253811,1709198290.2253933
6176,1709198290.32737,1709198290.3273773
6177,1709198290.4239404,1709198290.423948
6178,1709198290.5277262,1709198290.527734
6179,1709198290.630133,1709198290.63014
6180,1709198290.7297153,1709198290.729724
6181,1709198290.8311112,1709198290.831118
6182,1709198290.9223046,1709198290.9223104
6183,1709198291.0241368,1709198291.0241451
6184,1709198291.1281195,1709198291.1281283
6185,1709198291.2369459,1709198291.2369525
6186,1709198291.322902,1709198291.3229108
6187,1709198291.423559,1709198291.4235668
6188,1709198291.5250442,1709198291.5250509
6189,1709198291.6231272,1709198291.6231356
6190,1709198291.7297208,1709198291.729738
6191,1709198291.8286984,1709198291.8287065
6192,1709198291.9276357,1709198291.927643
6193,1709198292.0441835,1709198292.0441933
6194,1709198292.1413314,1709198292.1413403
6195,1709198292.2311804,1709198292.2311912
6196,1709198292.3255792,1709198292.3255877
6197,1709198292.4260492,1709198292.4260569
6198,1709198292.5325918,1709198292.5326
6199,1709198292.6304605,1709198292.6304674
6200,1709198292.7283072,1709198292.7283142
6201,1709198292.8351142,1709198292.8351197
6202,1709198292.9299834,1709198292.9299912
6203,1709198293.0236783,1709198293.0236845
6204,1709198293.1342137,1709198293.134222
6205,1709198293.2256796,1709198293.2256873
6206,1709198293.3267717,1709198293.3267796
6207,1709198293.427544,1709198293.4275498
6208,1709198293.5223036,1709198293.5223098
6209,1709198293.6348026,1709198293.63481
6210,1709198293.739209,1709198293.7392159
6211,1709198293.8255808,1709198293.825587
6212,1709198293.9321814,1709198293.932189
6213,1709198294.0312846,1709198294.0312912
6214,1709198294.1297235,1709198294.1297407
6215,1709198294.2278836,1709198294.2278934
6216,1709198294.3355942,1709198294.3356025
6217,1709198294.4378917,1709198294.4378986
6218,1709198294.5345552,1709198294.5345619
6219,1709198294.6275654,1709198294.6275713
6220,1709198294.7249691,1709198294.7249768
6221,1709198294.833218,1709198294.8332262
6222,1709198294.9295897,1709198294.9295976
6223,1709198295.0245948,1709198295.024602
6224,1709198295.130721,1709198295.1307294
6225,1709198295.2236218,1709198295.2236297
6226,1709198295.329281,1709198295.3292892
6227,1709198295.4327826,1709198295.4327917
6228,1709198295.5269482,1709198295.5269556
6229,1709198295.6364758,1709198295.636483
6230,1709198295.7378776,1709198295.737884
6231,1709198295.830526,1709198295.8305333
6232,1709198295.9245663,1709198295.924572
6233,1709198296.022247,1709198296.022255
6234,1709198296.148278,1709198296.1482873
6235,1709198296.230165,1709198296.2301743
6236,1709198296.3260362,1709198296.3260446
6237,1709198296.4238791,1709198296.423885
6238,1709198296.5271938,1709198296.5272017
6239,1709198296.6321533,1709198296.6321616
6240,1709198296.7406776,1709198296.740685
6241,1709198296.8302932,1709198296.8302994
6242,1709198296.9413352,1709198296.9413419
6243,1709198297.0296423,1709198297.0296502
6244,1709198297.126721,1709198297.1267283
6245,1709198297.2236602,1709198297.223667
6246,1709198297.3379583,1709198297.3379667
6247,1709198297.425343,1709198297.4253502
6248,1709198297.5251086,1709198297.5251162
6249,1709198297.6380136,1709198297.638022
6250,1709198297.7320492,1709198297.7320564
6251,1709198297.829899,1709198297.8299046
6252,1709198297.9286828,1709198297.92869
6253,1709198298.0341399,1709198298.0341465
6254,1709198298.1319697,1709198298.1319778
6255,1709198298.2244093,1709198298.2244165
6256,1709198298.3226275,1709198298.3226347
6257,1709198298.4333339,1709198298.4333408
6258,1709198298.5272381,1709198298.5272462
6259,1709198298.6389918,1709198298.638999
6260,1709198298.7337782,1709198298.7337863
6261,1709198298.8355412,1709198298.8355486
6262,1709198298.9273915,1709198298.9273994
6263,1709198299.0337112,1709198299.033718
6264,1709198299.1274617,1709198299.1274688
6265,1709198299.2256036,1709198299.2256117
6266,1709198299.3252993,1709198299.3253064
6267,1709198299.4296744,1709198299.4296832
6268,1709198299.5295444,1709198299.5295515
6269,1709198299.6271951,1709198299.6272042
6270,1709198299.7257428,1709198299.7257483
6271,1709198299.8256104,1709198299.8256156
6272,1709198299.9340844,1709198299.934093
6273,1709198300.026158,1709198300.0261693
6274,1709198300.126031,1709198300.126038
6275,1709198300.237421,1709198300.2374282
6276,1709198300.330473,1709198300.330482
6277,1709198300.4254901,1709198300.4254978
6278,1709198300.5263424,1709198300.5263476
6279,1709198300.6285317,1709198300.628538
6280,1709198300.7276747,1709198300.72768
6281,1709198300.8364112,1709198300.8364177
6282,1709198300.9314272,1709198300.9314353
6283,1709198301.028324,1709198301.0283334
6284,1709198301.1262789,1709198301.1262856
6285,1709198301.2272727,1709198301.2272806
6286,1709198301.3218107,1709198301.3218186
6287,1709198301.4260309,1709198301.426039
6288,1709198301.532654,1709198301.5326626
6289,1709198301.6309524,1709198301.6309602
6290,1709198301.7271247,1709198301.727132
6291,1709198301.8304777,1709198301.8304875
6292,1709198301.93799,1709198301.9379976
6293,1709198302.0380127,1709198302.03802
6294,1709198302.1306105,1709198302.1306171
6295,1709198302.238326,1709198302.2383351
6296,1709198302.3262553,1709198302.326263
6297,1709198302.433911,1709198302.4339209
6298,1709198302.5250466,1709198302.5250545
6299,1709198302.631665,1709198302.6316738
6300,1709198302.7396505,1709198302.7396593
6301,1709198302.8222048,1709198302.8222134
6302,1709198302.9278402,1709198302.9278483
6303,1709198303.0378933,1709198303.0379028
6304,1709198303.1482186,1709198303.1482265
6305,1709198303.2294502,1709198303.229458
6306,1709198303.3215537,1709198303.321559
6307,1709198303.4348867,1709198303.4348931
6308,1709198303.5295994,1709198303.5296066
6309,1709198303.6291716,1709198303.6291785
6310,1709198303.7288482,1709198303.7288563
6311,1709198303.8382163,1709198303.8382244
6312,1709198303.9308014,1709198303.9308066
6313,1709198304.0222414,1709198304.0222485
6314,1709198304.1358507,1709198304.1358602
6315,1709198304.2288158,1709198304.228824
6316,1709198304.3290598,1709198304.3290653
6317,1709198304.4229395,1709198304.4229465
6318,1709198304.5316005,1709198304.5316062
6319,1709198304.6275373,1709198304.6275432
6320,1709198304.7361307,1709198304.736137
6321,1709198304.8273575,1709198304.827365
6322,1709198304.9346747,1709198304.934685
6323,1709198305.0232944,1709198305.0233018
6324,1709198305.1270778,1709198305.1270845
6325,1709198305.2346232,1709198305.23463
6326,1709198305.3281872,1709198305.3281944
6327,1709198305.427581,1709198305.4275885
6328,1709198305.5350068,1709198305.5350137
6329,1709198305.6328988,1709198305.632906
6330,1709198305.7294943,1709198305.729516
6331,1709198305.8227315,1709198305.82274
6332,1709198305.9318638,1709198305.9318724
6333,1709198306.0254543,1709198306.0254629
6334,1709198306.1261415,1709198306.1261516
6335,1709198306.2235663,1709198306.2235725
6336,1709198306.327088,1709198306.3271015
6337,1709198306.4281414,1709198306.4281487
6338,1709198306.5307984,1709198306.530806
6339,1709198306.6323564,1709198306.632366
6340,1709198306.7416651,1709198306.7416716
6341,1709198306.8233776,1709198306.8233845
6342,1709198306.9358513,1709198306.935859
6343,1709198307.0288174,1709198307.0288248
6344,1709198307.1279979,1709198307.128006
6345,1709198307.2341235,1709198307.234131
6346,1709198307.3280845,1709198307.3280919
6347,1709198307.4298813,1709198307.429891
6348,1709198307.5219593,1709198307.5219662
6349,1709198307.6241636,1709198307.6241708
6350,1709198307.7233922,1709198307.7233984
6351,1709198307.8340428,1709198307.8340516
6352,1709198307.9216967,1709198307.9217036
6353,1709198308.0307894,1709198308.0307958
6354,1709198308.13137,1709198308.1313775
6355,1709198308.2288594,1709198308.2288668
6356,1709198308.3299375,1709198308.3299465
6357,1709198308.429681,1709198308.4296875
6358,1709198308.5246599,1709198308.524667
6359,1709198308.627619,1709198308.6276276
6360,1709198308.7319984,1709198308.732005
6361,1709198308.8257272,1709198308.8257341
6362,1709198308.931153,1709198308.9311616
6363,1709198309.0413198,1709198309.0413287
6364,1709198309.1246808,1709198309.1246884
6365,1709198309.2291634,1709198309.2291708
6366,1709198309.33138,1709198309.331387
6367,1709198309.4287274,1709198309.4287336
6368,1709198309.5288231,1709198309.5288293
6369,1709198309.6296182,1709198309.6296258
6370,1709198309.7366343,1709198309.736642
6371,1709198309.8336642,1709198309.8336713
6372,1709198309.9222457,1709198309.9222536
6373,1709198310.039005,1709198310.0390155
6374,1709198310.1563046,1709198310.1563132
6375,1709198310.230134,1709198310.2301428
6376,1709198310.3376274,1709198310.3376353
6377,1709198310.4288986,1709198310.4289043
6378,1709198310.5300014,1709198310.5300083
6379,1709198310.6270247,1709198310.627034
6380,1709198310.731963,1709198310.731971
6381,1709198310.8229597,1709198310.8229675
6382,1709198310.9284203,1709198310.928426
6383,1709198311.0232441,1709198311.0232513
6384,1709198311.1285841,1709198311.12859
6385,1709198311.2338057,1709198311.2338128
6386,1709198311.3303223,1709198311.3303285
6387,1709198311.4264786,1709198311.4264853
6388,1709198311.5231938,1709198311.5232012
6389,1709198311.6254895,1709198311.6254964
6390,1709198311.7228897,1709198311.7228978
6391,1709198311.8306644,1709198311.830672
6392,1709198311.9222953,1709198311.9223032
6393,1709198312.0287623,1709198312.0287716
6394,1709198312.1301317,1709198312.130138
6395,1709198312.2258139,1709198312.2258198
6396,1709198312.3234138,1709198312.3234208
6397,1709198312.4230838,1709198312.4230917
6398,1709198312.523484,1709198312.5234923
6399,1709198312.6228387,1709198312.622852
6400,1709198312.7338274,1709198312.733834
6401,1709198312.8366866,1709198312.8366942
6402,1709198312.9299295,1709198312.929937
6403,1709198313.025333,1709198313.0253422
6404,1709198313.1278148,1709198313.1278226
6405,1709198313.2228758,1709198313.2228827
6406,1709198313.3267083,1709198313.3267157
6407,1709198313.433365,1709198313.4333727
6408,1709198313.5246594,1709198313.5246682
6409,1709198313.6316404,1709198313.6316476
6410,1709198313.7232893,1709198313.723297
6411,1709198313.8225305,1709198313.8225374
6412,1709198313.9268374,1709198313.9268444
6413,1709198314.03777,1709198314.0377758
6414,1709198314.141021,1709198314.1410277
6415,1709198314.2320652,1709198314.2320716
6416,1709198314.3285716,1709198314.3285806
6417,1709198314.4291208,1709198314.429129
6418,1709198314.5245056,1709198314.524515
6419,1709198314.622604,1709198314.6226115
6420,1709198314.7253857,1709198314.7253926
6421,1709198314.8301167,1709198314.8301253
6422,1709198314.9309385,1709198314.9309456
6423,1709198315.0252898,1709198315.0252972
6424,1709198315.1266925,1709198315.1266992
6425,1709198315.2267764,1709198315.2267838
6426,1709198315.3308318,1709198315.3308418
6427,1709198315.425298,1709198315.4253058
6428,1709198315.5306506,1709198315.5306578
6429,1709198315.6292715,1709198315.6292777
6430,1709198315.7262414,1709198315.7262487
6431,1709198315.8342748,1709198315.8342857
6432,1709198315.9252913,1709198315.9252982
6433,1709198316.026477,1709198316.0264845
6434,1709198316.1253815,1709198316.1253898
6435,1709198316.2240443,1709198316.2240515
6436,1709198316.3255904,1709198316.325596
6437,1709198316.4337971,1709198316.4338026
6438,1709198316.5337565,1709198316.533763
6439,1709198316.6286898,1709198316.6286976
6440,1709198316.7375278,1709198316.7375355
6441,1709198316.8304577,1709198316.8304648
6442,1709198316.928792,1709198316.9288018
6443,1709198317.035548,1709198317.0355554
6444,1709198317.1270306,1709198317.1270378
6445,1709198317.2286756,1709198317.228682
6446,1709198317.3215911,1709198317.3215973
6447,1709198317.4329875,1709198317.432998
6448,1709198317.530686,1709198317.530693
6449,1709198317.6352358,1709198317.6352434
6450,1709198318.1160274,1709198318.1160402
6451,1709198318.1250036,1709198318.12501
6452,1709198318.1306202,1709198318.1306243
6453,1709198318.2387767,1709198318.2387836
6454,1709198318.3371615,1709198318.3371687
6455,1709198318.434738,1709198318.4347456
6456,1709198318.543538,1709198318.5435479
6457,1709198318.6288035,1709198318.6288102
6458,1709198318.726684,1709198318.7266924
6459,1709198318.831668,1709198318.8316743
6460,1709198318.936487,1709198318.9364939
6461,1709198319.0252602,1709198319.025271
6462,1709198319.123778,1709198319.1237853
6463,1709198319.237573,1709198319.237581
6464,1709198319.3348205,1709198319.3348296
6465,1709198319.4316485,1709198319.4316566
6466,1709198319.53727,1709198319.5372777
6467,1709198319.6348794,1709198319.6348882
6468,1709198319.7265978,1709198319.7266042
6469,1709198319.8266265,1709198319.826633
6470,1709198319.925525,1709198319.9255347
6471,1709198320.0301404,1709198320.0301492
6472,1709198320.1415167,1709198320.1415248
6473,1709198320.2346292,1709198320.2346358
6474,1709198320.3385334,1709198320.3385408
6475,1709198320.4292693,1709198320.429274
6476,1709198320.5322886,1709198320.532296
6477,1709198320.6310513,1709198320.6310587
6478,1709198320.7391121,1709198320.739121
6479,1709198320.8332126,1709198320.8332195
6480,1709198320.9351206,1709198320.93513
6481,1709198321.0266986,1709198321.0267076
6482,1709198321.1374257,1709198321.1374326
6483,1709198321.232306,1709198321.232314
6484,1709198321.332631,1709198321.3326392
6485,1709198321.4354794,1709198321.43549
6486,1709198321.533516,1709198321.5335238
6487,1709198321.6354597,1709198321.6354678
6488,1709198321.7273693,1709198321.7273784
6489,1709198321.8396864,1709198321.839694
6490,1709198321.9317067,1709198321.9317143
6491,1709198322.0310683,1709198322.0310745
6492,1709198322.1324441,1709198322.1324506
6493,1709198322.2326212,1709198322.2326267
6494,1709198322.3364916,1709198322.336498
6495,1709198322.4317627,1709198322.4317691
6496,1709198322.5342739,1709198322.5342805
6497,1709198322.6283367,1709198322.6283448
6498,1709198322.7339838,1709198322.7339914
6499,1709198322.8347886,1709198322.8347948
6500,1709198322.9333277,1709198322.933334
6501,1709198323.0295599,1709198323.0295675
6502,1709198323.1377268,1709198323.137732
6503,1709198323.2322836,1709198323.232291
6504,1709198323.334142,1709198323.3341496
6505,1709198323.4243877,1709198323.4243946
6506,1709198323.5299728,1709198323.5299804
6507,1709198323.6231692,1709198323.6231763
6508,1709198323.732916,1709198323.732923
6509,1709198323.8409786,1709198323.8409874
6510,1709198323.940712,1709198323.94072
6511,1709198324.0396676,1709198324.0396738
6512,1709198324.131071,1709198324.1310759
6513,1709198324.253254,1709198324.2532609
6514,1709198324.3239746,1709198324.3239813
6515,1709198324.4334168,1709198324.4334247
6516,1709198324.5299346,1709198324.5299435
6517,1709198324.6225417,1709198324.6225486
6518,1709198324.7234988,1709198324.7235072
6519,1709198324.8288336,1709198324.8288414
6520,1709198324.9308534,1709198324.930861
6521,1709198325.0269103,1709198325.026915
6522,1709198325.1371567,1709198325.1371639
6523,1709198325.238197,1709198325.238205
6524,1709198325.3349957,1709198325.3350067
6525,1709198325.4323423,1709198325.4323492
6526,1709198325.543371,1709198325.5433767
6527,1709198325.6242902,1709198325.624297
6528,1709198325.732679,1709198325.7326877
6529,1709198325.8359191,1709198325.8359287
6530,1709198325.9363458,1709198325.9363532
6531,1709198326.0308874,1709198326.0308957
6532,1709198326.1271205,1709198326.127128
6533,1709198326.238176,1709198326.2381833
6534,1709198326.3343434,1709198326.33435
6535,1709198326.4295835,1709198326.42959
6536,1709198326.5330217,1709198326.5330293
6537,1709198326.6292722,1709198326.6292808
6538,1709198326.735028,1709198326.7350352
6539,1709198326.8318636,1709198326.8318708
6540,1709198326.9302845,1709198326.9302912
6541,1709198327.0342321,1709198327.034238
6542,1709198327.1336668,1709198327.133674
6543,1709198327.2284603,1709198327.2284665
6544,1709198327.3372755,1709198327.3372834
6545,1709198327.4385145,1709198327.4385214
6546,1709198327.5387287,1709198327.5387356
6547,1709198327.6334515,1709198327.633458
6548,1709198327.7305725,1709198327.7305799
6549,1709198327.8359601,1709198327.8359654
6550,1709198327.9341612,1709198327.9342031
6551,1709198328.0310738,1709198328.0310802
6552,1709198328.1352568,1709198328.1352668
6553,1709198328.2332127,1709198328.233221
6554,1709198328.3335664,1709198328.3335736
6555,1709198328.4291067,1709198328.4291136
6556,1709198328.5254416,1709198328.52545
6557,1709198328.627965,1709198328.6279716
6558,1709198328.734763,1709198328.7347696
6559,1709198328.8257084,1709198328.8257146
6560,1709198328.9425452,1709198328.9425523
6561,1709198329.0356786,1709198329.0356877
6562,1709198329.135022,1709198329.1350281
6563,1709198329.2386587,1709198329.2386665
6564,1709198329.3275974,1709198329.3276043
6565,1709198329.4409227,1709198329.4409297
6566,1709198329.535095,1709198329.535102
6567,1709198329.6284661,1709198329.6284733
6568,1709198329.7373614,1709198329.7373707
6569,1709198329.8320696,1709198329.8320768
6570,1709198329.9234092,1709198329.9234145
6571,1709198330.022139,1709198330.0221481
6572,1709198330.1323493,1709198330.132357
6573,1709198330.2288852,1709198330.228892
6574,1709198330.3261547,1709198330.3261623
6575,1709198330.4362903,1709198330.436296
6576,1709198330.5307505,1709198330.5307584
6577,1709198330.6249092,1709198330.6249151
6578,1709198330.7317092,1709198330.7317178
6579,1709198330.8269835,1709198330.8269908
6580,1709198330.928928,1709198330.9289358
6581,1709198331.0290346,1709198331.029041
6582,1709198331.130971,1709198331.1309798
6583,1709198331.255876,1709198331.2558825
6584,1709198331.3267117,1709198331.3267188
6585,1709198331.4276364,1709198331.427644
6586,1709198331.5231235,1709198331.5231307
6587,1709198331.6298645,1709198331.6298726
6588,1709198331.7272825,1709198331.7272894
6589,1709198331.8337088,1709198331.8337166
6590,1709198331.932534,1709198331.932541
6591,1709198332.0265825,1709198332.02659
6592,1709198332.126888,1709198332.1268942
6593,1709198332.2295432,1709198332.2295506
6594,1709198332.3330104,1709198332.3330176
6595,1709198332.4278893,1709198332.427898
6596,1709198332.5291102,1709198332.5291166
6597,1709198332.6250305,1709198332.6250396
6598,1709198332.7255957,1709198332.7256026
6599,1709198332.8300762,1709198332.8300831
6600,1709198332.9244938,1709198332.9245012
6601,1709198333.033829,1709198333.033843
6602,1709198333.1393182,1709198333.1393251
6603,1709198333.2336116,1709198333.23362
6604,1709198333.3388307,1709198333.3428578
6605,1709198333.4294612,1709198333.4371045
6606,1709198333.525704,1709198333.5298495
6607,1709198333.626243,1709198333.629831
6608,1709198333.7271025,1709198333.7308645
6609,1709198333.8231723,1709198333.827472
6610,1709198333.9276383,1709198333.9316442
6611,1709198334.0342338,1709198334.0386066
6612,1709198334.1277566,1709198334.1337247
6613,1709198334.2378874,1709198334.2415822
6614,1709198334.3293815,1709198334.3366013
6615,1709198334.429235,1709198334.4334083
6616,1709198334.529662,1709198334.5333812
6617,1709198334.6246116,1709198334.6281528
6618,1709198334.729879,1709198334.733567
6619,1709198334.8333256,1709198334.8371835
6620,1709198334.9372077,1709198334.9417975
6621,1709198335.0286393,1709198335.0330229
6622,1709198335.1358142,1709198335.1392164
6623,1709198335.2290897,1709198335.233992
6624,1709198335.328491,1709198335.3325016
6625,1709198335.4245632,1709198335.4285793
6626,1709198335.5268564,1709198335.5320036
6627,1709198335.626872,1709198335.6311636
6628,1709198335.7245746,1709198335.7286825
6629,1709198335.828201,1709198335.832736
6630,1709198335.9371626,1709198335.9422808
6631,1709198336.0276935,1709198336.0321193
6632,1709198336.1382627,1709198336.142208
6633,1709198336.2352853,1709198336.240845
6634,1709198336.3376074,1709198336.340787
6635,1709198336.4341445,1709198336.438164
6636,1709198336.5229714,1709198336.5272071
6637,1709198336.6316252,1709198336.6358533
6638,1709198336.734282,1709198336.7397392
6639,1709198336.8271015,1709198336.8329477
6640,1709198336.9216785,1709198336.9263103
6641,1709198337.0373538,1709198337.042205
6642,1709198337.1350439,1709198337.1410506
6643,1709198337.2357223,1709198337.2400486
6644,1709198337.335512,1709198337.3423967
6645,1709198337.4278214,1709198337.432904
6646,1709198337.5318866,1709198337.53693
6647,1709198337.6247013,1709198337.6296606
6648,1709198337.7236588,1709198337.7278693
6649,1709198337.8312683,1709198337.8357804
6650,1709198337.9255378,1709198337.9306443
6651,1709198338.0318027,1709198338.036932
6652,1709198338.128254,1709198338.132866
6653,1709198338.2321472,1709198338.2368195
6654,1709198338.3321083,1709198338.3373284
6655,1709198338.4477825,1709198338.4524803
6656,1709198338.5300524,1709198338.5337443
6657,1709198338.6253228,1709198338.6296253
6658,1709198338.7224214,1709198338.7273996
6659,1709198338.826536,1709198338.8306298
6660,1709198338.9331996,1709198338.9379904
6661,1709198339.0249922,1709198339.0287366
6662,1709198339.1352117,1709198339.138938
6663,1709198339.2214894,1709198339.225285
6664,1709198339.326594,1709198339.3302612
6665,1709198339.4269493,1709198339.4314969
6666,1709198339.5282555,1709198339.5324945
6667,1709198339.627063,1709198339.6323004
6668,1709198339.7270474,1709198339.7309532
6669,1709198339.8359106,1709198339.8401847
6670,1709198339.9247682,1709198339.9289415
6671,1709198340.0267549,1709198340.0300202
6672,1709198340.1396797,1709198340.1429396
6673,1709198340.2230256,1709198340.2271678
6674,1709198340.3317273,1709198340.33637
6675,1709198340.4262433,1709198340.4309616
6676,1709198340.5235794,1709198340.528271
6677,1709198340.6267693,1709198340.6309705
6678,1709198340.7276692,1709198340.7347367
6679,1709198340.8324175,1709198340.8380978
6680,1709198340.9237013,1709198340.9275913
6681,1709198341.0365498,1709198341.0412714
6682,1709198341.126913,1709198341.1311805
6683,1709198341.226093,1709198341.2305715
6684,1709198341.3213449,1709198341.325804
6685,1709198341.429116,1709198341.4330165
6686,1709198341.5253103,1709198341.529125
6687,1709198341.6274016,1709198341.631353
6688,1709198341.7254715,1709198341.7293277
6689,1709198341.8284552,1709198341.832401
6690,1709198341.9263842,1709198341.9287448
6691,1709198342.0264003,1709198342.0301213
6692,1709198342.125609,1709198342.130099
6693,1709198342.2261627,1709198342.2300599
6694,1709198342.3221128,1709198342.324823
6695,1709198342.4221013,1709198342.43212
6696,1709198342.5229383,1709198342.5266154
6697,1709198342.6224186,1709198342.6261325
6698,1709198342.7303038,1709198342.7344935
6699,1709198342.8304331,1709198342.8354845
6700,1709198342.928658,1709198342.9329016
6701,1709198343.0270665,1709198343.0313911
6702,1709198343.1300576,1709198343.1344464
6703,1709198343.2265508,1709198343.2306187
6704,1709198343.3262446,1709198343.3303103
6705,1709198343.426469,1709198343.4304574
6706,1709198343.5260184,1709198343.529742
6707,1709198343.6254652,1709198343.629259
6708,1709198343.7222548,1709198343.7264457
6709,1709198343.8326774,1709198343.8362007
6710,1709198343.9235828,1709198343.9284987
6711,1709198344.0293875,1709198344.0335
6712,1709198344.1295617,1709198344.1323707
6713,1709198344.2275386,1709198344.2322252
6714,1709198344.3210154,1709198344.324844
6715,1709198344.4290888,1709198344.4332166
6716,1709198344.5222945,1709198344.525728
6717,1709198344.6227944,1709198344.6255813
6718,1709198344.7224674,1709198344.7264512
6719,1709198344.8279355,1709198344.8336775
6720,1709198344.923448,1709198344.9283574
6721,1709198345.0271358,1709198345.0311558
6722,1709198345.1305785,1709198345.13404
6723,1709198345.237027,1709198345.2405856
6724,1709198345.3239257,1709198345.32773
6725,1709198345.4494781,1709198345.4543455
6726,1709198345.5322447,1709198345.5381103
6727,1709198345.622888,1709198345.6268873
6728,1709198345.7311518,1709198345.7352486
6729,1709198345.8277178,1709198345.8304796
6730,1709198345.926996,1709198345.9344525
6731,1709198346.0291975,1709198346.0330815
6732,1709198346.1288648,1709198346.134412
6733,1709198346.2313547,1709198346.2365003
6734,1709198346.3280435,1709198346.3322287
6735,1709198346.428402,1709198346.4329815
6736,1709198346.5326128,1709198346.5371072
6737,1709198346.6228113,1709198346.6277494
6738,1709198346.7295392,1709198346.7334495
6739,1709198346.82441,1709198346.827973
6740,1709198346.925521,1709198346.929742
6741,1709198347.026023,1709198347.0297563
6742,1709198347.1235642,1709198347.1280115
6743,1709198347.2275202,1709198347.232027
6744,1709198347.3251867,1709198347.3287327
6745,1709198347.421635,1709198347.424289
6746,1709198347.528107,1709198347.528114
6747,1709198347.6282816,1709198347.6282887
6748,1709198347.725149,1709198347.7251554
6749,1709198347.8230388,1709198347.8230448
6750,1709198347.9260576,1709198347.9260628
6751,1709198348.0300174,1709198348.0300245
6752,1709198348.1224036,1709198348.1224098
6753,1709198348.2313113,1709198348.2313185
6754,1709198348.3293881,1709198348.3293962
6755,1709198348.4348824,1709198348.4348896
6756,1709198348.529202,1709198348.529209
6757,1709198348.6253262,1709198348.6253338
6758,1709198348.7332447,1709198348.7332547
6759,1709198348.8366723,1709198348.8366795
6760,1709198348.9297495,1709198348.929757
6761,1709198349.0323992,1709198349.0324068
6762,1709198349.1229486,1709198349.1229548
6763,1709198349.2234616,1709198349.2234688
6764,1709198349.3214219,1709198349.321429
6765,1709198349.423126,1709198349.4231336
6766,1709198349.5247066,1709198349.524714
6767,1709198349.6258337,1709198349.6258414
6768,1709198349.721646,1709198349.7216527
6769,1709198349.8294797,1709198349.8294888
6770,1709198349.9251857,1709198349.9251935
6771,1709198350.0355735,1709198350.0355804
6772,1709198350.1228993,1709198350.122907
6773,1709198350.2263634,1709198350.2263718
6774,1709198350.3244853,1709198350.3244936
6775,1709198350.4226017,1709198350.4226096
6776,1709198350.5252032,1709198350.5252104
6777,1709198350.628398,1709198350.628405
6778,1709198350.7246385,1709198350.724646
6779,1709198350.8247561,1709198350.824765
6780,1709198350.9330475,1709198350.9330547
6781,1709198351.0290322,1709198351.0290406
6782,1709198351.128663,1709198351.1286712
6783,1709198351.2291381,1709198351.229168
6784,1709198351.3363802,1709198351.3363864
6785,1709198351.4319646,1709198351.4319713
6786,1709198351.5282385,1709198351.528245
6787,1709198351.6351552,1709198351.635164
6788,1709198351.723156,1709198351.723163
6789,1709198351.8290122,1709198351.8290203
6790,1709198351.9213445,1709198351.9213505
6791,1709198352.028652,1709198352.028659
6792,1709198352.1303782,1709198352.1303859
6793,1709198352.2277281,1709198352.227736
6794,1709198352.330259,1709198352.3302658
6795,1709198352.4364212,1709198352.4364285
6796,1709198352.5269675,1709198352.526976
6797,1709198352.6540747,1709198352.6540809
6798,1709198352.7219265,1709198352.721936
6799,1709198352.828271,1709198352.8282776
6800,1709198352.927053,1709198352.9270597
6801,1709198353.030487,1709198353.0304935
6802,1709198353.1333265,1709198353.133335
6803,1709198353.2299507,1709198353.22996
6804,1709198353.32641,1709198353.3264184
6805,1709198353.427333,1709198353.4273415
6806,1709198353.5251656,1709198353.5251756
6807,1709198353.6220567,1709198353.6220644
6808,1709198353.7352831,1709198353.7352889
6809,1709198353.8237858,1709198353.8237913
6810,1709198353.9283524,1709198353.9283595
6811,1709198354.0258777,1709198354.0258849
6812,1709198354.1241457,1709198354.124153
6813,1709198354.2322745,1709198354.2322817
6814,1709198354.3304658,1709198354.3304725
6815,1709198354.4249084,1709198354.4249156
6816,1709198354.5299897,1709198354.5299978
6817,1709198354.6298833,1709198354.6298912
6818,1709198354.7303936,1709198354.7304015
6819,1709198354.833303,1709198354.8333094
6820,1709198354.922245,1709198354.9222507
6821,1709198355.0259297,1709198355.0259383
6822,1709198355.1291437,1709198355.1291504
6823,1709198355.2288089,1709198355.228816
6824,1709198355.3320014,1709198355.3320093
6825,1709198355.43281,1709198355.4328167
6826,1709198355.5255258,1709198355.5255322
6827,1709198355.6270223,1709198355.6270297
6828,1709198355.7267153,1709198355.726723
6829,1709198355.8289812,1709198355.828988
6830,1709198355.9290538,1709198355.9290588
6831,1709198356.0297163,1709198356.029724
6832,1709198356.127572,1709198356.1275795
6833,1709198356.2281175,1709198356.228122
6834,1709198356.3330379,1709198356.3330455
6835,1709198356.4325514,1709198356.4325593
6836,1709198356.5256739,1709198356.5256813
6837,1709198356.6310863,1709198356.631094
6838,1709198356.7319908,1709198356.731997
6839,1709198356.8253062,1709198356.8253138
6840,1709198356.9256957,1709198356.9257045
6841,1709198357.0294921,1709198357.0294995
6842,1709198357.1314871,1709198357.1314955
6843,1709198357.2299945,1709198357.2300005
6844,1709198357.3338435,1709198357.3338504
6845,1709198357.4231172,1709198357.423124
6846,1709198357.5341177,1709198357.534125
6847,1709198357.6307812,1709198357.6307878
6848,1709198357.7231297,1709198357.7231383
6849,1709198357.831845,1709198357.831853
6850,1709198357.922579,1709198357.9225862
6851,1709198358.0315225,1709198358.031528
6852,1709198358.1313183,1709198358.131324
6853,1709198358.2248204,1709198358.2248273
6854,1709198358.3292048,1709198358.329213
6855,1709198358.4297202,1709198358.4297264
6856,1709198358.5280411,1709198358.5280488
6857,1709198358.6256487,1709198358.625654
6858,1709198358.7221873,1709198358.7221973
6859,1709198358.8272352,1709198358.827241
6860,1709198358.9351056,1709198358.9351127
6861,1709198359.028467,1709198359.0284739
6862,1709198359.1224155,1709198359.122421
6863,1709198359.2278707,1709198359.2278786
6864,1709198359.33065,1709198359.3306558
6865,1709198359.4257495,1709198359.4257574
6866,1709198359.5278034,1709198359.5278115
6867,1709198359.6255424,1709198359.625553
6868,1709198359.7460432,1709198359.7460496
6869,1709198359.8331246,1709198359.833132
6870,1709198359.934495,1709198359.9345021
6871,1709198360.0278544,1709198360.02786
6872,1709198360.1326978,1709198360.1327064
6873,1709198360.2244172,1709198360.224425
6874,1709198360.327221,1709198360.3272262
6875,1709198360.428712,1709198360.4287188
6876,1709198360.5338328,1709198360.5338416
6877,1709198360.6274376,1709198360.6274457
6878,1709198360.7248652,1709198360.7248714
6879,1709198360.824994,1709198360.825
6880,1709198360.9241276,1709198360.9241352
6881,1709198361.0267336,1709198361.0267408
6882,1709198361.1222718,1709198361.1222785
6883,1709198361.2298381,1709198361.2298458
6884,1709198361.3251011,1709198361.3251083
6885,1709198361.4333472,1709198361.4333591
6886,1709198361.5286007,1709198361.5286076
6887,1709198361.632866,1709198361.6328738
6888,1709198361.7300358,1709198361.7300606
6889,1709198361.8283226,1709198361.8283293
6890,1709198361.9236372,1709198361.923645
6891,1709198362.031694,1709198362.0317018
6892,1709198362.1267326,1709198362.1267385
6893,1709198362.2323303,1709198362.2323387
6894,1709198362.3376744,1709198362.3376818
6895,1709198362.4263508,1709198362.4263573
6896,1709198362.5304089,1709198362.5304174
6897,1709198362.6279166,1709198362.6279235
6898,1709198362.7251315,1709198362.7251384
6899,1709198362.8238668,1709198362.823874
6900,1709198362.9281254,1709198362.9281335
6901,1709198363.0271776,1709198363.0271852
6902,1709198363.1219218,1709198363.1219275
6903,1709198363.2237566,1709198363.2237635
6904,1709198363.326579,1709198363.3265867
6905,1709198363.4215453,1709198363.4215522
6906,1709198363.5298207,1709198363.5298283
6907,1709198363.6255112,1709198363.6255183
6908,1709198363.727773,1709198363.7277806
6909,1709198363.829087,1709198363.8290946
6910,1709198363.9280994,1709198363.928105
6911,1709198364.0272067,1709198364.027214
6912,1709198364.129425,1709198364.129434
6913,1709198364.2313592,1709198364.2313669
6914,1709198364.3239837,1709198364.323989
6915,1709198364.4309742,1709198364.430981
6916,1709198364.5292902,1709198364.529297
6917,1709198364.6271083,1709198364.6271155
6918,1709198364.731854,1709198364.7318609
6919,1709198364.8296177,1709198364.8296256
6920,1709198364.9249487,1709198364.924956
6921,1709198365.0257576,1709198365.025763
6922,1709198365.1274028,1709198365.127408
6923,1709198365.223272,1709198365.2232797
6924,1709198365.33067,1709198365.3306787
6925,1709198365.4347703,1709198365.4347785
6926,1709198365.5331476,1709198365.5331554
6927,1709198365.6308572,1709198365.6308646
6928,1709198365.7285507,1709198365.728556
6929,1709198365.8239534,1709198365.823959
6930,1709198365.9260888,1709198365.9260986
6931,1709198366.0282035,1709198366.0282094
6932,1709198366.1327608,1709198366.1327686
6933,1709198366.224874,1709198366.2248812
6934,1709198366.330165,1709198366.3301744
6935,1709198366.4337769,1709198366.4337833
6936,1709198366.5319622,1709198366.5319703
6937,1709198366.6334083,1709198366.633415
6938,1709198366.7318943,1709198366.731902
6939,1709198366.822325,1709198366.8223305
6940,1709198366.9229932,1709198366.9230008
6941,1709198367.0258882,1709198367.0258944
6942,1709198367.1358426,1709198367.1358492
6943,1709198367.2340963,1709198367.2341032
6944,1709198367.335606,1709198367.3356135
6945,1709198367.427839,1709198367.427848
6946,1709198367.5313115,1709198367.5313191
6947,1709198367.6276076,1709198367.6276152
6948,1709198367.7360952,1709198367.7361023
6949,1709198367.8329937,1709198367.833002
6950,1709198367.9294677,1709198367.9294775
6951,1709198368.0332222,1709198368.0332305
6952,1709198368.1230428,1709198368.1230497
6953,1709198368.2330155,1709198368.2330222
6954,1709198368.3270473,1709198368.3270545
6955,1709198368.4289577,1709198368.4289627
6956,1709198368.5273013,1709198368.527308
6957,1709198368.628844,1709198368.6288524
6958,1709198368.735824,1709198368.7358313
6959,1709198368.8335817,1709198368.8335907
6960,1709198368.930685,1709198368.930691
6961,1709198369.0297863,1709198369.0298097
6962,1709198369.1323056,1709198369.1323135
6963,1709198369.232517,1709198369.2325237
6964,1709198369.3351467,1709198369.335153
6965,1709198369.4293807,1709198369.4293873
6966,1709198369.534112,1709198369.534122
6967,1709198369.6338468,1709198369.633854
6968,1709198369.7220798,1709198369.7220871
6969,1709198369.8256025,1709198369.8256094
6970,1709198369.9279318,1709198369.9279747
6971,1709198370.0296636,1709198370.0296712
6972,1709198370.1242452,1709198370.124252
6973,1709198370.2248933,1709198370.2249012
6974,1709198370.3313472,1709198370.3313549
6975,1709198370.4290361,1709198370.4290414
6976,1709198370.5334127,1709198370.5334208
6977,1709198370.6270978,1709198370.627106
6978,1709198370.7310238,1709198370.7310328
6979,1709198370.8275023,1709198370.827509
6980,1709198370.9261932,1709198370.9262
6981,1709198371.033291,1709198371.0332959
6982,1709198371.138174,1709198371.1381814
6983,1709198371.2286873,1709198371.2286942
6984,1709198371.3237562,1709198371.3237631
6985,1709198371.428415,1709198371.4284234
6986,1709198371.5268455,1709198371.5268521
6987,1709198371.6295416,1709198371.6295495
6988,1709198371.7425313,1709198371.7425382
6989,1709198371.8302367,1709198371.8302467
6990,1709198371.9308693,1709198371.9308782
6991,1709198372.027573,1709198372.0275805
6992,1709198372.132129,1709198372.1321363
6993,1709198372.2239516,1709198372.2239568
6994,1709198372.3356476,1709198372.3356547
6995,1709198372.4306736,1709198372.43068
6996,1709198372.524514,1709198372.524522
6997,1709198372.6250842,1709198372.6250918
6998,1709198372.7312741,1709198372.7312808
6999,1709198372.825997,1709198372.8260043
7000,1709198372.9287102,1709198372.9287167
7001,1709198373.0242987,1709198373.0243058
7002,1709198373.129675,1709198373.1296825
7003,1709198373.2324903,1709198373.2324977
7004,1709198373.3300555,1709198373.3300622
7005,1709198373.433663,1709198373.4336715
7006,1709198373.524001,1709198373.524007
7007,1709198373.628574,1709198373.6285799
7008,1709198373.7305098,1709198373.7305186
7009,1709198373.826001,1709198373.8260074
7010,1709198373.9230573,1709198373.9230652
7011,1709198374.033523,1709198374.0335298
7012,1709198374.1285863,1709198374.1285925
7013,1709198374.2263143,1709198374.2263231
7014,1709198374.3328416,1709198374.3328547
7015,1709198374.4225287,1709198374.4225361
7016,1709198374.5302467,1709198374.5302536
7017,1709198374.6366587,1709198374.6366665
7018,1709198374.7331965,1709198374.7332036
7019,1709198374.8339095,1709198374.8339174
7020,1709198374.9360144,1709198374.936021
7021,1709198375.027221,1709198375.0272284
7022,1709198375.129146,1709198375.1291516
7023,1709198375.2292926,1709198375.2293005
7024,1709198375.3250535,1709198375.3250618
7025,1709198375.4263294,1709198375.4263377
7026,1709198375.5327325,1709198375.5327408
7027,1709198375.6281142,1709198375.628124
7028,1709198375.727358,1709198375.727365
7029,1709198375.831519,1709198375.8315268
7030,1709198375.9379604,1709198375.937967
7031,1709198376.0317695,1709198376.0317755
7032,1709198376.1318212,1709198376.1318293
7033,1709198376.2296467,1709198376.2296534
7034,1709198376.3264043,1709198376.326412
7035,1709198376.4266503,1709198376.4266608
7036,1709198376.5258965,1709198376.5259023
7037,1709198376.6280978,1709198376.6281083
7038,1709198376.729068,1709198376.7290757
7039,1709198376.8239636,1709198376.8239706
7040,1709198376.9239435,1709198376.9239516
7041,1709198377.030305,1709198377.0303137
7042,1709198377.125352,1709198377.1253598
7043,1709198377.2333903,1709198377.2333982
7044,1709198377.3250656,1709198377.3250735
7045,1709198377.4281564,1709198377.4281623
7046,1709198377.5360632,1709198377.5360794
7047,1709198377.631741,1709198377.6317477
7048,1709198377.7317064,1709198377.7317133
7049,1709198377.8348908,1709198377.8349006
7050,1709198377.9432247,1709198377.9432313
7051,1709198378.044031,1709198378.0440402
7052,1709198378.1315625,1709198378.1315699
7053,1709198378.2336884,1709198378.2336955
7054,1709198378.3276598,1709198378.327667
7055,1709198378.4376774,1709198378.4376845
7056,1709198378.5385575,1709198378.538565
7057,1709198378.6262596,1709198378.6262672
7058,1709198378.7321134,1709198378.732121
7059,1709198378.837609,1709198378.8376167
7060,1709198378.930509,1709198378.9305165
7061,1709198379.0231516,1709198379.0231588
7062,1709198379.131185,1709198379.1311922
7063,1709198379.2223103,1709198379.222317
7064,1709198379.3358135,1709198379.335821
7065,1709198379.4270062,1709198379.4270132
7066,1709198379.5303276,1709198379.5303369
7067,1709198379.6391263,1709198379.639133
7068,1709198379.7243648,1709198379.7243717
7069,1709198379.831229,1709198379.8312366
7070,1709198379.9271274,1709198379.9271348
7071,1709198380.0237458,1709198380.0237522
7072,1709198380.1342626,1709198380.134272
7073,1709198380.2269478,1709198380.2269547
7074,1709198380.3325236,1709198380.3325317
7075,1709198380.431398,1709198380.4314046
7076,1709198380.5378897,1709198380.537897
7077,1709198380.636675,1709198380.6367176
7078,1709198380.738072,1709198380.7380803
7079,1709198380.8407855,1709198380.8407931
7080,1709198380.930234,1709198380.9302464
7081,1709198381.0280545,1709198381.0280612
7082,1709198381.1276197,1709198381.1276274
7083,1709198381.2431173,1709198381.2431254
7084,1709198381.3298447,1709198381.3298533
7085,1709198381.4241407,1709198381.424149
7086,1709198381.5355294,1709198381.5355375
7087,1709198381.635747,1709198381.6357536
7088,1709198381.7360048,1709198381.7360127
7089,1709198381.8368006,1709198381.8368087
7090,1709198381.9326093,1709198381.9326146
7091,1709198382.032507,1709198382.032516
7092,1709198382.136388,1709198382.136395
7093,1709198382.2329602,1709198382.232966
7094,1709198382.324296,1709198382.3243034
7095,1709198382.4267755,1709198382.4267836
7096,1709198382.523853,1709198382.5238602
7097,1709198382.6271114,1709198382.6271193
7098,1709198382.7250772,1709198382.725083
7099,1709198382.82436,1709198382.8243666
7100,1709198382.931307,1709198382.9313145
7101,1709198383.0337293,1709198383.033737
7102,1709198383.1293025,1709198383.12931
7103,1709198383.2360544,1709198383.236062
7104,1709198383.3333063,1709198383.3333135
7105,1709198383.4286368,1709198383.4286435
7106,1709198383.5304286,1709198383.5304356
7107,1709198383.634828,1709198383.6348355
7108,1709198383.768666,1709198383.768673
7109,1709198383.824846,1709198383.824853
7110,1709198383.9363613,1709198383.9363708
7111,1709198384.0348513,1709198384.0348592
7112,1709198384.1412373,1709198384.141245
7113,1709198384.2468314,1709198384.2468462
7114,1709198384.3423553,1709198384.342364
7115,1709198384.4257908,1709198384.425799
7116,1709198384.5267143,1709198384.5267217
7117,1709198384.6295862,1709198384.6295936
7118,1709198384.729644,1709198384.7296526
7119,1709198384.8299766,1709198384.8299835
7120,1709198384.9229934,1709198384.9229999
7121,1709198385.0424967,1709198385.0425055
7122,1709198385.1357439,1709198385.1357512
7123,1709198385.2399566,1709198385.2399633
7124,1709198385.331559,1709198385.3315704
7125,1709198385.4340184,1709198385.4340265
7126,1709198385.5369215,1709198385.5369298
7127,1709198385.6333234,1709198385.6333292
7128,1709198385.7292764,1709198385.7292874
7129,1709198385.8336935,1709198385.8337004
7130,1709198385.9296727,1709198385.92968
7131,1709198386.0345309,1709198386.0345385
7132,1709198386.1363816,1709198386.1363904
7133,1709198386.2408028,1709198386.240813
7134,1709198386.3243,1709198386.3243067
7135,1709198386.435718,1709198386.4357252
7136,1709198386.5309894,1709198386.5310016
7137,1709198386.6272118,1709198386.6272187
7138,1709198386.734261,1709198386.734269
7139,1709198386.8350976,1709198386.835107
7140,1709198386.9377394,1709198386.9377465
7141,1709198387.0428925,1709198387.042901
7142,1709198387.1319382,1709198387.1319444
7143,1709198387.2314022,1709198387.2314112
7144,1709198387.3343065,1709198387.3343165
7145,1709198387.4261594,1709198387.4261658
7146,1709198387.525714,1709198387.5257223
7147,1709198387.6372242,1709198387.6372302
7148,1709198387.7364483,1709198387.736455
7149,1709198387.8282645,1709198387.8282728
7150,1709198387.9391828,1709198387.9391928
7151,1709198388.0336595,1709198388.0336692
7152,1709198388.1369143,1709198388.136922
7153,1709198388.227464,1709198388.2274725
7154,1709198388.327469,1709198388.3274775
7155,1709198388.4315395,1709198388.431547
7156,1709198388.5272095,1709198388.527218
7157,1709198388.6263168,1709198388.6263237
7158,1709198388.7381637,1709198388.7381718
7159,1709198388.8351212,1709198388.8351297
7160,1709198388.92239,1709198388.9223979
7161,1709198389.0290318,1709198389.0290391
7162,1709198389.127331,1709198389.1273396
7163,1709198389.231836,1709198389.2318435
7164,1709198389.327161,1709198389.3271673
7165,1709198389.436183,1709198389.4361916
7166,1709198389.5263298,1709198389.5263376
7167,1709198389.6292338,1709198389.6292446
7168,1709198389.7398758,1709198389.739885
7169,1709198389.8221781,1709198389.8221858
7170,1709198389.93216,1709198389.9321864
7171,1709198390.0264618,1709198390.026468
7172,1709198390.1360257,1709198390.1360333
7173,1709198390.232947,1709198390.2329557
7174,1709198390.3326502,1709198390.3326573
7175,1709198390.4221716,1709198390.4221807
7176,1709198390.5219438,1709198390.5219507
7177,1709198390.634215,1709198390.6342232
7178,1709198390.7332666,1709198390.733275
7179,1709198390.827102,1709198390.8271086
7180,1709198390.9423273,1709198390.9423356
7181,1709198391.0385776,1709198391.0385857
7182,1709198391.1275873,1709198391.1275957
7183,1709198391.2357965,1709198391.2358036
7184,1709198391.3261654,1709198391.326172
7185,1709198391.4273677,1709198391.4273748
7186,1709198391.528048,1709198391.5280561
7187,1709198391.632323,1709198391.6323328
7188,1709198391.7346742,1709198391.734684
7189,1709198391.8368397,1709198391.836848
7190,1709198391.9284914,1709198391.9284992
7191,1709198392.0409138,1709198392.0409458
7192,1709198392.1340249,1709198392.134032
7193,1709198392.2359083,1709198392.2359166
7194,1709198392.3244667,1709198392.3244734
7195,1709198392.4354124,1709198392.435421
7196,1709198392.5294075,1709198392.5294168
7197,1709198392.6345482,1709198392.6345577
7198,1709198392.7309902,1709198392.730997
7199,1709198392.838191,1709198392.838198
7200,1709198392.9389474,1709198392.938955
7201,1709198393.0262222,1709198393.0262303
7202,1709198393.1360605,1709198393.136067
7203,1709198393.2324154,1709198393.2324293
7204,1709198393.326752,1709198393.3267589
7205,1709198393.4353826,1709198393.4353895
7206,1709198393.5315077,1709198393.531515
7207,1709198393.630735,1709198393.6307423
7208,1709198393.732455,1709198393.732462
7209,1709198393.9819784,1709198393.9819849
7210,1709198394.0302277,1709198394.0302346
7211,1709198394.12788,1709198394.1278872
7212,1709198394.2317824,1709198394.2317903
7213,1709198394.3287742,1709198394.3287845
7214,1709198394.4293406,1709198394.4293492
7215,1709198394.5394278,1709198394.539435
7216,1709198394.6300263,1709198394.6300325
7217,1709198394.7367272,1709198394.7367344
7218,1709198394.8367047,1709198394.8367178
7219,1709198394.9343638,1709198394.9343705
7220,1709198395.0402691,1709198395.040277
7221,1709198395.1361632,1709198395.1361713
7222,1709198395.2358708,1709198395.2358787
7223,1709198395.3368382,1709198395.3368464
7224,1709198395.4318464,1709198395.4318566
7225,1709198395.530986,1709198395.530994
7226,1709198395.6328812,1709198395.632888
7227,1709198395.732744,1709198395.7327523
7228,1709198395.8347156,1709198395.8347232
7229,1709198395.9267213,1709198395.926731
7230,1709198396.0444624,1709198396.0444698
7231,1709198396.1312745,1709198396.131281
7232,1709198396.234948,1709198396.2349553
7233,1709198396.336034,1709198396.3360422
7234,1709198396.4324193,1709198396.4324272
7235,1709198396.5327952,1709198396.5328026
7236,1709198396.6272767,1709198396.6272838
7237,1709198396.7224245,1709198396.7224312
7238,1709198396.837647,1709198396.8376563
7239,1709198396.926007,1709198396.926016
7240,1709198397.0213215,1709198397.021329
7241,1709198397.1421435,1709198397.1421504
7242,1709198397.226809,1709198397.2268174
7243,1709198397.3333132,1709198397.333319
7244,1709198397.4312654,1709198397.4312735
7245,1709198397.5264452,1709198397.5264509
7246,1709198397.6274705,1709198397.6274776
7247,1709198397.7403922,1709198397.7403996
7248,1709198397.8376513,1709198397.8376577
7249,1709198397.9280553,1709198397.928065
7250,1709198398.0503857,1709198398.0503926
7251,1709198398.1366858,1709198398.136698
7252,1709198398.2425587,1709198398.2425654
7253,1709198398.3416576,1709198398.3416665
7254,1709198398.4387462,1709198398.4387527
7255,1709198398.5340703,1709198398.534079
7256,1709198398.627813,1709198398.6278205
7257,1709198398.730652,1709198398.7306592
7258,1709198398.8319242,1709198398.8319316
7259,1709198398.9393785,1709198398.93939
7260,1709198399.0325422,1709198399.0325575
7261,1709198399.1303995,1709198399.1304061
7262,1709198399.226012,1709198399.2260208
7263,1709198399.3441727,1709198399.3441997
7264,1709198399.4306421,1709198399.4306521
7265,1709198399.533047,1709198399.5330544
7266,1709198399.6291425,1709198399.6291509
7267,1709198399.7288325,1709198399.7288415
7268,1709198399.8257785,1709198399.8257866
7269,1709198399.9275966,1709198399.927604
7270,1709198400.03449,1709198400.0344973
7271,1709198400.1366217,1709198400.136629
7272,1709198400.23305,1709198400.2330582
7273,1709198400.327955,1709198400.3279612
7274,1709198400.4234364,1709198400.4234433
7275,1709198400.534183,1709198400.5341916
7276,1709198400.6338003,1709198400.633808
7277,1709198400.7403677,1709198400.740377
7278,1709198400.8411243,1709198400.8411305
7279,1709198400.9308558,1709198400.9308639
7280,1709198401.028131,1709198401.0281377
7281,1709198401.1366127,1709198401.1366248
7282,1709198401.235918,1709198401.2359247
7283,1709198401.3332844,1709198401.3332913
7284,1709198401.438005,1709198401.4380114
7285,1709198401.5373497,1709198401.5373576
7286,1709198401.6385484,1709198401.6385558
7287,1709198401.738265,1709198401.738272
7288,1709198401.8274486,1709198401.8274548
7289,1709198401.9341254,1709198401.934159
7290,1709198402.0391245,1709198402.039132
7291,1709198402.1381493,1709198402.1381547
7292,1709198402.229256,1709198402.2292624
7293,1709198402.3340716,1709198402.3340793
7294,1709198402.433892,1709198402.433897
7295,1709198402.5283172,1709198402.5283256
7296,1709198402.6257815,1709198402.625792
7297,1709198402.7294636,1709198402.7294724
7298,1709198402.8276932,1709198402.8277023
7299,1709198402.9264605,1709198402.926469
7300,1709198403.033629,1709198403.033636
7301,1709198403.1276665,1709198403.1276736
7302,1709198403.2265525,1709198403.2265606
7303,1709198403.3333313,1709198403.3333395
7304,1709198403.4336095,1709198403.4336164
7305,1709198403.524994,1709198403.5250034
7306,1709198403.6264055,1709198403.626412
7307,1709198403.7294576,1709198403.7294662
7308,1709198403.829039,1709198403.8290448
7309,1709198403.9328825,1709198403.9328897
7310,1709198404.033467,1709198404.033474
7311,1709198404.1251922,1709198404.1251988
7312,1709198404.231161,1709198404.2311695
7313,1709198404.3365884,1709198404.3365982
7314,1709198404.4351962,1709198404.4352033
7315,1709198404.5298178,1709198404.5298238
7316,1709198404.6253905,1709198404.6253974
7317,1709198404.7428062,1709198404.7428126
7318,1709198404.831993,1709198404.832001
7319,1709198404.9370165,1709198404.937023
7320,1709198405.0293918,1709198405.0293987
7321,1709198405.1617253,1709198405.161732
7322,1709198405.223739,1709198405.2237453
7323,1709198405.3345616,1709198405.3345687
7324,1709198405.4268577,1709198405.4268682
7325,1709198405.5294445,1709198405.5294526
7326,1709198405.6257565,1709198405.625764
7327,1709198405.7368243,1709198405.7368302
7328,1709198405.833217,1709198405.8332233
7329,1709198405.9379156,1709198405.937923
7330,1709198406.0371032,1709198406.0371106
7331,1709198406.144728,1709198406.1447349
7332,1709198406.804924,1709198406.8049347
7333,1709198406.8136818,1709198406.8136883
7334,1709198406.8378818,1709198406.8378892
7335,1709198406.930761,1709198406.9307694
7336,1709198407.0383463,1709198407.038353
7337,1709198407.135359,1709198407.1353662
7338,1709198407.2353199,1709198407.235328
7339,1709198407.3249347,1709198407.3249457
7340,1709198407.4305687,1709198407.4305801
7341,1709198407.5227804,1709198407.5227873
7342,1709198407.6353316,1709198407.6353378
7343,1709198407.723266,1709198407.723273
7344,1709198407.8314214,1709198407.8314316
7345,1709198407.9261727,1709198407.9261804
7346,1709198408.0262375,1709198408.0262442
7347,1709198408.127191,1709198408.1271992
7348,1709198408.2278244,1709198408.2295468
7349,1709198408.330461,1709198408.3304684
7350,1709198408.4370596,1709198408.4370675
7351,1709198408.5245743,1709198408.5245812
7352,1709198408.6222014,1709198408.6222117
7353,1709198408.731532,1709198408.731538
7354,1709198408.8279908,1709198408.8279986
7355,1709198408.9262164,1709198408.9262223
7356,1709198409.0339992,1709198409.0340054
7357,1709198409.1251671,1709198409.1251743
7358,1709198409.2301452,1709198409.2301526
7359,1709198409.3294737,1709198409.3294835
7360,1709198409.427345,1709198409.4273531
7361,1709198409.5322912,1709198409.5322998
7362,1709198409.6361008,1709198409.6361094
7363,1709198409.727925,1709198409.727933
7364,1709198409.830203,1709198409.8302104
7365,1709198409.9242337,1709198409.9242423
7366,1709198410.0221648,1709198410.0221722
7367,1709198410.1225235,1709198410.1225333
7368,1709198410.2291896,1709198410.2291975
7369,1709198410.3278804,1709198410.3278894
7370,1709198410.4220922,1709198410.4220994
7371,1709198410.5249789,1709198410.5249858
7372,1709198410.6258397,1709198410.6258469
7373,1709198410.740863,1709198410.7408724
7374,1709198410.8304684,1709198410.830477
7375,1709198410.9290538,1709198410.9290605
7376,1709198411.0243413,1709198411.0243483
7377,1709198411.1242683,1709198411.124275
7378,1709198411.2323966,1709198411.232405
7379,1709198411.32356,1709198411.323569
7380,1709198411.4270418,1709198411.4270492
7381,1709198411.5228572,1709198411.522865
7382,1709198411.6234384,1709198411.6234457
7383,1709198411.736595,1709198411.7366018
7384,1709198411.8305607,1709198411.8305814
7385,1709198411.9229827,1709198411.9229898
7386,1709198412.0265105,1709198412.026519
7387,1709198412.153594,1709198412.1536007
7388,1709198412.2219236,1709198412.22193
7389,1709198412.3401108,1709198412.3401577
7390,1709198412.4279997,1709198412.4280066
7391,1709198412.5447888,1709198412.5447962
7392,1709198412.6228535,1709198412.6228614
7393,1709198412.7311149,1709198412.731121
7394,1709198412.833701,1709198412.8337078
7395,1709198412.935433,1709198412.9354405
7396,1709198413.0223994,1709198413.0224078
7397,1709198413.134035,1709198413.134041
7398,1709198413.2344704,1709198413.2344778
7399,1709198413.3305826,1709198413.3305888
7400,1709198413.4341533,1709198413.4341598
7401,1709198413.5360842,1709198413.5360916
7402,1709198413.625906,1709198413.6259136
7403,1709198413.7340627,1709198413.7340717
7404,1709198413.828371,1709198413.8283794
7405,1709198413.9264238,1709198413.9264324
7406,1709198414.0320678,1709198414.0320785
7407,1709198414.139772,1709198414.1397789
7408,1709198414.2268045,1709198414.2268138
7409,1709198414.3250551,1709198414.325064
7410,1709198414.4260976,1709198414.426105
7411,1709198414.529766,1709198414.5297747
7412,1709198414.63212,1709198414.6321266
7413,1709198414.732606,1709198414.7326157
7414,1709198414.8379502,1709198414.8379574
7415,1709198414.9308004,1709198414.9308074
7416,1709198415.0372894,1709198415.0372965
7417,1709198415.1233206,1709198415.1233277
7418,1709198415.2251182,1709198415.225125
7419,1709198415.3277566,1709198415.3277645
7420,1709198415.4222288,1709198415.4222362
7421,1709198415.542125,1709198415.5421333
7422,1709198415.6271708,1709198415.6271763
7423,1709198415.7270637,1709198415.727074
7424,1709198415.8288856,1709198415.8288906
7425,1709198415.924295,1709198415.924305
7426,1709198416.0231483,1709198416.0231555
7427,1709198416.1233513,1709198416.1233575
7428,1709198416.2312162,1709198416.231223
7429,1709198416.3283381,1709198416.328346
7430,1709198416.4310718,1709198416.4310815
7431,1709198416.5303383,1709198416.5303452
7432,1709198416.6362321,1709198416.6362395
7433,1709198416.7370949,1709198416.7371173
7434,1709198416.8270557,1709198416.8270621
7435,1709198416.9254491,1709198416.9254553
7436,1709198417.030794,1709198417.030801
7437,1709198417.1257827,1709198417.1257894
7438,1709198417.2271054,1709198417.227113
7439,1709198417.3235323,1709198417.3235404
7440,1709198417.4241192,1709198417.4241276
7441,1709198417.5307376,1709198417.5307467
7442,1709198417.643224,1709198417.6432323
7443,1709198417.7427657,1709198417.7427745
7444,1709198417.8322499,1709198417.8322582
7445,1709198417.9337385,1709198417.933746
7446,1709198418.0303822,1709198418.0303905
7447,1709198418.134991,1709198418.1349976
7448,1709198418.227993,1709198418.2280016
7449,1709198418.3287122,1709198418.3287191
7450,1709198418.4215267,1709198418.4215326
7451,1709198418.5295143,1709198418.529522
7452,1709198418.625334,1709198418.6253421
7453,1709198418.7369626,1709198418.736971
7454,1709198418.8270698,1709198418.8270776
7455,1709198418.924637,1709198418.9246454
7456,1709198419.029502,1709198419.0295079
7457,1709198419.1282585,1709198419.1282668
7458,1709198419.2483363,1709198419.248343
7459,1709198419.3307433,1709198419.3307502
7460,1709198419.4248264,1709198419.4248343
7461,1709198419.5285552,1709198419.5285614
7462,1709198419.633681,1709198419.6336882
7463,1709198419.722564,1709198419.7225728
7464,1709198419.8271017,1709198419.8271077
7465,1709198419.9267232,1709198419.92673
7466,1709198420.0227726,1709198420.02278
7467,1709198420.128112,1709198420.12812
7468,1709198420.2338743,1709198420.233881
7469,1709198420.332966,1709198420.3329751
7470,1709198420.425527,1709198420.425535
7471,1709198420.5364516,1709198420.5364585
7472,1709198420.6321373,1709198420.6321454
7473,1709198420.7253737,1709198420.7253811
7474,1709198420.8286397,1709198420.8286512
7475,1709198420.9260228,1709198420.9260304
7476,1709198421.031839,1709198421.0318608
7477,1709198421.1346197,1709198421.1346276
7478,1709198421.228307,1709198421.2283118
7479,1709198421.3259864,1709198421.3259935
7480,1709198421.4243946,1709198421.424409
7481,1709198421.5295575,1709198421.5295694
7482,1709198421.6276069,1709198421.6276114
7483,1709198421.7332551,1709198421.7332625
7484,1709198421.8264818,1709198421.8264885
7485,1709198421.924275,1709198421.9242837
7486,1709198422.0278256,1709198422.027833
7487,1709198422.1340532,1709198422.1340623
7488,1709198422.228172,1709198422.2281802
7489,1709198422.3253617,1709198422.3253675
7490,1709198422.423447,1709198422.423453
7491,1709198422.5354795,1709198422.5354893
7492,1709198422.6302788,1709198422.6302867
7493,1709198422.736778,1709198422.7367845
7494,1709198422.835327,1709198422.8353372
7495,1709198422.936113,1709198422.93612
7496,1709198423.035866,1709198423.0358737
7497,1709198423.132204,1709198423.1322098
7498,1709198423.231572,1709198423.231578
7499,1709198423.324157,1709198423.324163
7500,1709198423.4228907,1709198423.4228983
7501,1709198423.5341973,1709198423.534205
7502,1709198423.632444,1709198423.6324518
7503,1709198423.7310236,1709198423.7310297
7504,1709198423.8354952,1709198423.8355024
7505,1709198423.9316041,1709198423.9316103
7506,1709198424.0258799,1709198424.0258875
7507,1709198424.1295774,1709198424.129584
7508,1709198424.2263768,1709198424.2263827
7509,1709198424.3296578,1709198424.3296635
7510,1709198424.4266326,1709198424.4266393
7511,1709198424.5257218,1709198424.5257294
7512,1709198424.623161,1709198424.6231666
7513,1709198424.7353718,1709198424.7353797
7514,1709198424.829834,1709198424.829843
7515,1709198424.9295728,1709198424.9295807
7516,1709198425.0317779,1709198425.031785
7517,1709198425.1238143,1709198425.123823
7518,1709198425.228439,1709198425.2284467
7519,1709198425.3340974,1709198425.3341076
7520,1709198425.4238436,1709198425.4238498
7521,1709198425.5328894,1709198425.5328982
7522,1709198425.6309052,1709198425.6309133
7523,1709198425.7273242,1709198425.7273328
7524,1709198425.826059,1709198425.8260667
7525,1709198425.9241567,1709198425.9241638
7526,1709198426.0220923,1709198426.022101
7527,1709198426.1308074,1709198426.1308138
7528,1709198426.2281518,1709198426.2281594
7529,1709198426.3246293,1709198426.3246372
7530,1709198426.4266968,1709198426.4267082
7531,1709198426.5282376,1709198426.5282443
7532,1709198426.6234846,1709198426.623492
7533,1709198426.722682,1709198426.7226875
7534,1709198426.8299332,1709198426.8299413
7535,1709198426.9225943,1709198426.9226012
7536,1709198427.0337775,1709198427.0337858
7537,1709198427.1320183,1709198427.132024
7538,1709198427.2257469,1709198427.2257552
7539,1709198427.3255382,1709198427.325546
7540,1709198427.424159,1709198427.4241676
7541,1709198427.5316575,1709198427.531665
7542,1709198427.6367595,1709198427.6367667
7543,1709198427.727858,1709198427.7278662
7544,1709198427.8365564,1709198427.8365648
7545,1709198427.9230466,1709198427.923053
7546,1709198428.022451,1709198428.022459
7547,1709198428.1277823,1709198428.1277897
7548,1709198428.2286541,1709198428.2286618
7549,1709198428.3273737,1709198428.3273835
7550,1709198428.4263978,1709198428.4264052
7551,1709198428.5362675,1709198428.5362759
7552,1709198428.6281693,1709198428.628177
7553,1709198428.736971,1709198428.7369797
7554,1709198428.8348014,1709198428.834808
7555,1709198428.9226525,1709198428.92266
7556,1709198429.0296843,1709198429.029692
7557,1709198429.1299129,1709198429.1299198
7558,1709198429.2354746,1709198429.235483
7559,1709198429.3287675,1709198429.3287754
7560,1709198429.4352372,1709198429.4352446
7561,1709198429.5249722,1709198429.5249798
7562,1709198429.6293614,1709198429.629369
7563,1709198429.725223,1709198429.7252297
7564,1709198429.8231845,1709198429.8231916
7565,1709198429.931477,1709198429.931487
7566,1709198430.0277112,1709198430.0277205
7567,1709198430.1300418,1709198430.1300495
7568,1709198430.230656,1709198430.2306626
7569,1709198430.325533,1709198430.3255377
7570,1709198430.4280176,1709198430.428026
7571,1709198430.5301452,1709198430.5301547
7572,1709198430.6265507,1709198430.6265585
7573,1709198430.7348819,1709198430.7349427
7574,1709198430.8252838,1709198430.8253205
7575,1709198430.9253926,1709198430.925435
7576,1709198431.0283442,1709198431.028391
7577,1709198431.124095,1709198431.1241715
7578,1709198431.2242658,1709198431.2243423
7579,1709198431.335832,1709198431.3358903
7580,1709198431.4244804,1709198431.4245377
7581,1709198431.5318244,1709198431.5318735
7582,1709198431.6268077,1709198431.6268625
7583,1709198431.7292473,1709198431.7292957
7584,1709198431.824228,1709198431.8242717
7585,1709198431.9264157,1709198431.926465
7586,1709198432.031356,1709198432.0314043
7587,1709198432.1236746,1709198432.1237328
7588,1709198432.228954,1709198432.2290082
7589,1709198432.3247564,1709198432.3248148
7590,1709198432.4239962,1709198432.4240751
7591,1709198432.5284948,1709198432.5285435
7592,1709198432.6239483,1709198432.6240034
7593,1709198432.7301466,1709198432.730191
7594,1709198432.8303156,1709198432.8303573
7595,1709198432.9233384,1709198432.9233859
7596,1709198433.02987,1709198433.029945
7597,1709198433.1278217,1709198433.127888
7598,1709198433.231045,1709198433.2310925
7599,1709198433.3276134,1709198433.3276637
7600,1709198433.4323192,1709198433.4323761
7601,1709198433.527481,1709198433.527532
7602,1709198433.6214921,1709198433.6215475
7603,1709198433.7245612,1709198433.7246072
7604,1709198433.8226848,1709198433.8227332
7605,1709198433.9283607,1709198433.92845
7606,1709198434.0231783,1709198434.0232606
7607,1709198434.1300492,1709198434.1301317
7608,1709198434.2249906,1709198434.2250798
7609,1709198434.3300416,1709198434.3301187
7610,1709198434.425458,1709198434.4255316
7611,1709198434.5245373,1709198434.5246136
7612,1709198434.630268,1709198434.6303465
7613,1709198434.724583,1709198434.724672
7614,1709198434.823605,1709198434.8237388
7615,1709198434.9243417,1709198434.92442
7616,1709198435.0282502,1709198435.0283813
7617,1709198435.1302912,1709198435.1303728
7618,1709198435.2286677,1709198435.2287512
7619,1709198435.3297615,1709198435.3298476
7620,1709198435.4246066,1709198435.4246852
7621,1709198435.5258174,1709198435.5258982
7622,1709198435.6276052,1709198435.62769
7623,1709198435.726291,1709198435.7263813
7624,1709198435.8287683,1709198435.8288488
7625,1709198435.9264777,1709198435.9265969
7626,1709198436.0287306,1709198436.0287764
7627,1709198436.1299317,1709198436.1299767
7628,1709198436.2284758,1709198436.228524
7629,1709198436.3260248,1709198436.3260746
7630,1709198436.4328382,1709198436.4330025
7631,1709198436.5325468,1709198436.532707
7632,1709198436.6323335,1709198436.6324117
7633,1709198436.7220514,1709198436.7221029
7634,1709198436.8290815,1709198436.8291361
7635,1709198436.9237928,1709198436.92384
7636,1709198437.0242093,1709198437.0242536
7637,1709198437.131666,1709198437.1317124
7638,1709198437.225188,1709198437.2252483
7639,1709198437.323367,1709198437.3234265
7640,1709198437.4250443,1709198437.4251013
7641,1709198437.52249,1709198437.522572
7642,1709198437.6271262,1709198437.6271737
7643,1709198437.728845,1709198437.7289279
7644,1709198437.82244,1709198437.8224862
7645,1709198437.923708,1709198437.923799
7646,1709198438.0244384,1709198438.0245113
7647,1709198438.1219974,1709198438.1220443
7648,1709198438.2280607,1709198438.2281106
7649,1709198438.3522072,1709198438.3522542
7650,1709198438.4264429,1709198438.4264915
7651,1709198438.531773,1709198438.531818
7652,1709198438.627422,1709198438.627508
7653,1709198438.7220507,1709198438.7221222
7654,1709198438.8287847,1709198438.8288605
7655,1709198438.926956,1709198438.9270113
7656,1709198439.0215364,1709198439.0215793
7657,1709198439.1245494,1709198439.1246557
7658,1709198439.2292988,1709198439.2293453
7659,1709198439.3208313,1709198439.320873
7660,1709198439.4273758,1709198439.4274259
7661,1709198439.5266688,1709198439.5267186
7662,1709198439.629144,1709198439.6291907
7663,1709198439.725442,1709198439.7255085
7664,1709198439.8249545,1709198439.8249996
7665,1709198439.9240878,1709198439.9241383
7666,1709198440.0274785,1709198440.0275362
7667,1709198440.1285665,1709198440.1286154
7668,1709198440.2426717,1709198440.2427285
7669,1709198440.3259916,1709198440.3259978
7670,1709198440.4294615,1709198440.4294658
7671,1709198440.5251822,1709198440.5251882
7672,1709198440.624051,1709198440.6240573
7673,1709198440.72475,1709198440.724754
7674,1709198440.8254273,1709198440.825434
7675,1709198440.924875,1709198440.9248815
7676,1709198441.0295446,1709198441.0295508
7677,1709198441.1231725,1709198441.1231794
7678,1709198441.2269046,1709198441.2269113
7679,1709198441.3217008,1709198441.3217096
7680,1709198441.4246113,1709198441.4246178
7681,1709198441.5231538,1709198441.5231614
7682,1709198441.6268654,1709198441.6268723
7683,1709198441.7236242,1709198441.7236328
7684,1709198441.8262405,1709198441.8262463
7685,1709198441.9270644,1709198441.9270701
7686,1709198442.02611,1709198442.0261161
7687,1709198442.127576,1709198442.127583
7688,1709198442.224347,1709198442.224353
7689,1709198442.3229566,1709198442.3229625
7690,1709198442.4255185,1709198442.4296181
7691,1709198442.5225697,1709198442.5261486
7692,1709198442.6275527,1709198442.6315682
7693,1709198442.7223847,1709198442.725958
7694,1709198442.8260703,1709198442.8286815
7695,1709198442.926356,1709198442.9302216
7696,1709198443.022095,1709198443.0274546
7697,1709198443.1286294,1709198443.1322484
7698,1709198443.2248583,1709198443.2285461
7699,1709198443.3280382,1709198443.3316205
7700,1709198443.4292703,1709198443.4329078
7701,1709198443.5289807,1709198443.5322826
7702,1709198443.6247635,1709198443.6302297
7703,1709198443.7228463,1709198443.72656
7704,1709198443.8227684,1709198443.8263147
7705,1709198443.929422,1709198443.9331007
7706,1709198444.0292215,1709198444.0326047
7707,1709198444.1301901,1709198444.134081
7708,1709198444.2265782,1709198444.2306793
7709,1709198444.3320777,1709198444.3362892
7710,1709198444.423581,1709198444.4274626
7711,1709198444.5315452,1709198444.5363338
7712,1709198444.6288714,1709198444.632646
7713,1709198444.7269294,1709198444.7320297
7714,1709198444.8228533,1709198444.8263285
7715,1709198444.9218693,1709198444.9257536
7716,1709198445.0280871,1709198445.0316026
7717,1709198445.1304617,1709198445.1342864
7718,1709198445.2238045,1709198445.2274323
7719,1709198445.3253736,1709198445.3290682
7720,1709198445.451913,1709198445.4551857
7721,1709198445.5225089,1709198445.525936
7722,1709198445.630644,1709198445.6338222
7723,1709198445.7275503,1709198445.7311647
7724,1709198445.8331578,1709198445.8369825
7725,1709198445.9219732,1709198445.9279757
7726,1709198446.023374,1709198446.0283499
7727,1709198446.1268466,1709198446.1314478
7728,1709198446.2285154,1709198446.2322712
7729,1709198446.3265648,1709198446.3308468
7730,1709198446.4234438,1709198446.4275496
7731,1709198446.524707,1709198446.5304346
7732,1709198446.625278,1709198446.630739
7733,1709198446.7272773,1709198446.7329037
7734,1709198446.8305333,1709198446.8343995
7735,1709198446.926961,1709198446.9325333
7736,1709198447.0237954,1709198447.0312235
7737,1709198447.1283941,1709198447.1382265
7738,1709198447.227734,1709198447.2383323
7739,1709198447.331013,1709198447.3365386
7740,1709198447.4303455,1709198447.4352694
7741,1709198447.5219805,1709198447.5290234
7742,1709198447.631568,1709198447.6350152
7743,1709198447.7264116,1709198447.730808
7744,1709198447.8347383,1709198447.8409965
7745,1709198447.9363906,1709198447.9404206
7746,1709198448.028321,1709198448.0334425
7747,1709198448.1271734,1709198448.1305504
7748,1709198448.2232373,1709198448.2266886
7749,1709198448.3330834,1709198448.3370066
7750,1709198448.4236588,1709198448.4274268
7751,1709198448.5294042,1709198448.534097
7752,1709198448.6282861,1709198448.633452
7753,1709198448.7284527,1709198448.732621
7754,1709198448.823486,1709198448.8263664
7755,1709198448.9230635,1709198448.93001
7756,1709198449.0243173,1709198449.028119
7757,1709198449.1243737,1709198449.1283274
7758,1709198449.2275379,1709198449.231457
7759,1709198449.3345504,1709198449.3384163
7760,1709198449.4278877,1709198449.4316716
7761,1709198449.5294874,1709198449.5337055
7762,1709198449.6272507,1709198449.6307065
7763,1709198449.7264435,1709198449.730895
7764,1709198449.822937,1709198449.8266227
7765,1709198449.9257092,1709198449.9299145
7766,1709198450.030462,1709198450.033112
7767,1709198450.1250324,1709198450.1289892
7768,1709198450.231723,1709198450.2353425
7769,1709198450.3296285,1709198450.3320212
7770,1709198450.4304318,1709198450.4338975
7771,1709198450.5295339,1709198450.5324347
7772,1709198450.6211426,1709198450.624014
7773,1709198450.723898,1709198450.7278159
7774,1709198450.824296,1709198450.8282938
7775,1709198450.9254167,1709198450.9287765
7776,1709198451.031114,1709198451.0347333
7777,1709198451.1262326,1709198451.1297076
7778,1709198451.2322538,1709198451.235074
7779,1709198451.3279288,1709198451.3316848
7780,1709198451.4308517,1709198451.434188
7781,1709198451.5238798,1709198451.529448
7782,1709198451.6289158,1709198451.632507
7783,1709198451.725552,1709198451.7291887
7784,1709198451.8238454,1709198451.8295517
7785,1709198451.9307945,1709198451.9351323
7786,1709198452.0305157,1709198452.0327435
7787,1709198452.1295183,1709198452.1326098
7788,1709198452.22498,1709198452.2285488
7789,1709198452.3266964,1709198452.3320553
7790,1709198452.4322376,1709198452.4366865
7791,1709198452.5247538,1709198452.52743
7792,1709198452.623522,1709198452.6272218
7793,1709198452.727036,1709198452.7308261
7794,1709198452.8248756,1709198452.8283947
7795,1709198452.9328177,1709198452.9371278
7796,1709198453.0242343,1709198453.0276778
7797,1709198453.1297271,1709198453.1333652
7798,1709198453.2252102,1709198453.2291024
7799,1709198453.3256314,1709198453.3283815
7800,1709198453.4294481,1709198453.4330332
7801,1709198453.532266,1709198453.5360599
7802,1709198453.6276393,1709198453.630138
7803,1709198453.729054,1709198453.7329605
7804,1709198453.8308907,1709198453.8342102
7805,1709198453.9277675,1709198453.9331
7806,1709198454.0299864,1709198454.033448
7807,1709198454.1295645,1709198454.1334527
7808,1709198454.2336812,1709198454.2407694
7809,1709198454.3242428,1709198454.3286445
7810,1709198454.432898,1709198454.4329057
7811,1709198454.5279858,1709198454.5279942
7812,1709198454.624304,1709198454.6243105
7813,1709198454.7279496,1709198454.7279565
7814,1709198454.8287246,1709198454.828734
7815,1709198454.9279797,1709198454.9279873
7816,1709198455.0270998,1709198455.0271072
7817,1709198455.1265464,1709198455.1265552
7818,1709198455.231972,1709198455.2319787
7819,1709198455.3291197,1709198455.3291266
7820,1709198455.424844,1709198455.4248543
7821,1709198455.5255206,1709198455.5255268
7822,1709198455.6402647,1709198455.6402714
7823,1709198455.7299507,1709198455.7299583
7824,1709198455.8231888,1709198455.8231964
7825,1709198455.9244156,1709198455.924422
7826,1709198456.0230105,1709198456.0230203
7827,1709198456.1276286,1709198456.1276362
7828,1709198456.2284973,1709198456.2285025
7829,1709198456.3319001,1709198456.3319075
7830,1709198456.4294026,1709198456.4294095
7831,1709198456.521993,1709198456.5220015
7832,1709198456.626744,1709198456.62675
7833,1709198456.7264452,1709198456.726453
7834,1709198456.827823,1709198456.8278315
7835,1709198456.9226081,1709198456.922615
7836,1709198457.022772,1709198457.0227776
7837,1709198457.12347,1709198457.1234775
7838,1709198457.224466,1709198457.2244737
7839,1709198457.322356,1709198457.3223631
7840,1709198457.4301162,1709198457.4301238
7841,1709198457.521896,1709198457.5219047
7842,1709198457.624604,1709198457.6246102
7843,1709198457.7305589,1709198457.7305667
7844,1709198457.8262732,1709198457.8262815
7845,1709198457.9245918,1709198457.9245996
7846,1709198458.0302784,1709198458.0302868
7847,1709198458.1277468,1709198458.1277525
7848,1709198458.2289026,1709198458.2289095
7849,1709198458.3233664,1709198458.323374
7850,1709198458.4278238,1709198458.427831
7851,1709198458.528362,1709198458.528369
7852,1709198458.632267,1709198458.6322737
7853,1709198458.7292378,1709198458.7292447
7854,1709198458.8246253,1709198458.8246331
7855,1709198458.9249413,1709198458.9249473
7856,1709198459.0294745,1709198459.0294838
7857,1709198459.1279037,1709198459.1279106
7858,1709198459.228598,1709198459.228605
7859,1709198459.3279757,1709198459.3279846
7860,1709198459.4311426,1709198459.4311507
7861,1709198459.5426514,1709198459.5426598
7862,1709198459.6250453,1709198459.6250508
7863,1709198459.7243314,1709198459.724336
7864,1709198459.8330197,1709198459.8330274
7865,1709198459.9292114,1709198459.9292188
7866,1709198460.0288434,1709198460.028851
7867,1709198460.1225817,1709198460.1225882
7868,1709198460.224738,1709198460.2247458
7869,1709198460.3279476,1709198460.327956
7870,1709198460.4216619,1709198460.4216695
7871,1709198460.5319326,1709198460.5319407
7872,1709198460.6353552,1709198460.635362
7873,1709198460.727514,1709198460.7275202
7874,1709198460.834643,1709198460.8346496
7875,1709198460.937207,1709198460.9372144
7876,1709198461.0248287,1709198461.0248358
7877,1709198461.128937,1709198461.1289458
7878,1709198461.2229848,1709198461.222991
7879,1709198461.326299,1709198461.326306
7880,1709198461.4254417,1709198461.4254508
7881,1709198461.5248802,1709198461.5248892
7882,1709198461.6263373,1709198461.626345
7883,1709198461.7255688,1709198461.725575
7884,1709198461.8308022,1709198461.8308103
7885,1709198461.9346726,1709198461.9346805
7886,1709198462.0305562,1709198462.0305636
7887,1709198462.1337974,1709198462.133808
7888,1709198462.2256215,1709198462.2256281
7889,1709198462.3235433,1709198462.3235486
7890,1709198462.423732,1709198462.4237394
7891,1709198462.5280373,1709198462.528043
7892,1709198462.6264493,1709198462.6264565
7893,1709198462.7238967,1709198462.723906
7894,1709198462.8342981,1709198462.8343053
7895,1709198462.9355235,1709198462.9355326
7896,1709198463.033589,1709198463.0335953
7897,1709198463.1263056,1709198463.126312
7898,1709198463.2308478,1709198463.2308571
7899,1709198463.3364139,1709198463.336421
7900,1709198463.4322095,1709198463.4322186
7901,1709198463.5340812,1709198463.5340893
7902,1709198463.6261158,1709198463.6261508
7903,1709198463.7341902,1709198463.7342083
7904,1709198463.8340178,1709198463.834029
7905,1709198463.9276555,1709198463.9276636
7906,1709198464.0259058,1709198464.025913
7907,1709198464.1317718,1709198464.1317778
7908,1709198464.2298675,1709198464.2298746
7909,1709198464.3336055,1709198464.3336143
7910,1709198464.4268663,1709198464.4268754
7911,1709198464.52569,1709198464.525701
7912,1709198464.6392446,1709198464.6392515
7913,1709198464.7292109,1709198464.729223
7914,1709198464.834195,1709198464.834202
7915,1709198464.923667,1709198464.9236736
7916,1709198465.0319314,1709198465.0319388
7917,1709198465.1302812,1709198465.1302884
7918,1709198465.2322667,1709198465.232278
7919,1709198465.330672,1709198465.3306797
7920,1709198465.4273052,1709198465.4273126
7921,1709198465.5295951,1709198465.529604
7922,1709198465.6328666,1709198465.6328752
7923,1709198465.7351806,1709198465.7351887
7924,1709198465.8328211,1709198465.8328276
7925,1709198465.9353867,1709198465.9353948
7926,1709198466.0296478,1709198466.0296574
7927,1709198466.133368,1709198466.1333754
7928,1709198466.2331164,1709198466.2331233
7929,1709198466.3219023,1709198466.32191
7930,1709198466.4375172,1709198466.4375236
7931,1709198466.543693,1709198466.5437005
7932,1709198466.629172,1709198466.6291797
7933,1709198466.731221,1709198466.731229
7934,1709198466.8250268,1709198466.8250341
7935,1709198466.9290624,1709198466.9290729
7936,1709198467.0376942,1709198467.0376992
7937,1709198467.1259983,1709198467.1260066
7938,1709198467.2253883,1709198467.2253962
7939,1709198467.3249128,1709198467.3249197
7940,1709198467.4251626,1709198467.4251702
7941,1709198467.5258367,1709198467.5258439
7942,1709198467.6273053,1709198467.6273124
7943,1709198467.7221084,1709198467.7221146
7944,1709198467.8253233,1709198467.8253286
7945,1709198467.9223876,1709198467.9223938
7946,1709198468.0309558,1709198468.030997
7947,1709198468.1426806,1709198468.142686
7948,1709198468.2236123,1709198468.22362
7949,1709198468.329888,1709198468.3298943
7950,1709198468.4308255,1709198468.4308362
7951,1709198468.5287273,1709198468.528735
7952,1709198468.6252723,1709198468.6252809
7953,1709198468.7312286,1709198468.7312376
7954,1709198468.831854,1709198468.831861
7955,1709198468.9255009,1709198468.9255075
7956,1709198469.0248046,1709198469.0248113
7957,1709198469.1268957,1709198469.1269033
7958,1709198469.2357974,1709198469.235805
7959,1709198469.3258464,1709198469.3258536
7960,1709198469.4250221,1709198469.425029
7961,1709198469.5250323,1709198469.5250392
7962,1709198469.633878,1709198469.6338882
7963,1709198469.732462,1709198469.7324688
7964,1709198469.8284554,1709198469.8284643
7965,1709198469.9268239,1709198469.9268312
7966,1709198470.0293214,1709198470.0293298
7967,1709198470.124342,1709198470.12435
7968,1709198470.2311902,1709198470.231199
7969,1709198470.332634,1709198470.332642
7970,1709198470.4295096,1709198470.4295163
7971,1709198470.5372717,1709198470.5372808
7972,1709198470.6316092,1709198470.6316192
7973,1709198470.7230942,1709198470.7231026
7974,1709198470.832917,1709198470.8329227
7975,1709198470.9289463,1709198470.9289513
7976,1709198471.0258517,1709198471.0258565
7977,1709198471.1247082,1709198471.124716
7978,1709198471.2340271,1709198471.234036
7979,1709198471.3360236,1709198471.336032
7980,1709198471.432932,1709198471.4329417
7981,1709198471.5327086,1709198471.5327163
7982,1709198471.6242573,1709198471.6242652
7983,1709198471.7288694,1709198471.728877
7984,1709198471.8351018,1709198471.8351095
7985,1709198471.9297745,1709198471.929782
7986,1709198472.0319147,1709198472.0319214
7987,1709198472.1314375,1709198472.1314476
7988,1709198472.2303433,1709198472.23035
7989,1709198472.3297753,1709198472.329784
7990,1709198472.4259832,1709198472.4259906
7991,1709198472.5315077,1709198472.5315144
7992,1709198472.6278236,1709198472.6278334
7993,1709198472.7292173,1709198472.7292244
7994,1709198472.8268352,1709198472.826843
7995,1709198472.9293897,1709198472.9293985
7996,1709198473.0324705,1709198473.0324764
7997,1709198473.1218767,1709198473.121884
7998,1709198473.229311,1709198473.2293177
7999,1709198473.3307207,1709198473.330728
8000,1709198473.433574,1709198473.433579
8001,1709198473.529703,1709198473.5297096
8002,1709198473.630838,1709198473.6308458
8003,1709198473.7314935,1709198473.7315016
8004,1709198473.827933,1709198473.8279417
8005,1709198473.930198,1709198473.9302423
8006,1709198474.027356,1709198474.027365
8007,1709198474.132511,1709198474.1325188
8008,1709198474.2247648,1709198474.2247715
8009,1709198474.330837,1709198474.3308432
8010,1709198474.4334064,1709198474.4334154
8011,1709198474.5302227,1709198474.5302289
8012,1709198474.622171,1709198474.622179
8013,1709198474.7255,1709198474.7255056
8014,1709198474.828314,1709198474.8283193
8015,1709198474.926275,1709198474.9262834
8016,1709198475.0275526,1709198475.02756
8017,1709198475.1275454,1709198475.1275547
8018,1709198475.2238078,1709198475.2238154
8019,1709198475.3285124,1709198475.3285193
8020,1709198475.4321878,1709198475.432194
8021,1709198475.535504,1709198475.535511
8022,1709198475.6324944,1709198475.6325018
8023,1709198475.727573,1709198475.7275813
8024,1709198475.8294804,1709198475.8294883
8025,1709198475.9308581,1709198475.9308639
8026,1709198476.0320022,1709198476.0320098
8027,1709198476.1350381,1709198476.135049
8028,1709198476.2363052,1709198476.2363145
8029,1709198476.3391156,1709198476.3391225
8030,1709198476.4266028,1709198476.426608
8031,1709198476.5377045,1709198476.5377123
8032,1709198476.628376,1709198476.6283941
8033,1709198476.7289083,1709198476.728915
8034,1709198476.8266885,1709198476.8266978
8035,1709198476.931373,1709198476.9313798
8036,1709198477.0291603,1709198477.029168
8037,1709198477.1360114,1709198477.1360176
8038,1709198477.2242239,1709198477.224232
8039,1709198477.3362534,1709198477.336261
8040,1709198477.4360824,1709198477.436093
8041,1709198477.526442,1709198477.5264494
8042,1709198477.6244574,1709198477.6244628
8043,1709198477.7322447,1709198477.7322505
8044,1709198477.8256571,1709198477.825662
8045,1709198477.9236476,1709198477.9236548
8046,1709198478.0320952,1709198478.0321038
8047,1709198478.1366835,1709198478.1366904
8048,1709198478.2357404,1709198478.235748
8049,1709198478.3224585,1709198478.3224633
8050,1709198478.4313087,1709198478.4313197
8051,1709198478.555646,1709198478.5556526
8052,1709198478.6255553,1709198478.6255677
8053,1709198478.73222,1709198478.7322283
8054,1709198478.826433,1709198478.8264408
8055,1709198478.9418406,1709198478.9418478
8056,1709198479.026492,1709198479.0264995
8057,1709198479.12956,1709198479.129569
8058,1709198479.2354877,1709198479.2354956
8059,1709198479.3323224,1709198479.3323317
8060,1709198479.4303935,1709198479.4304042
8061,1709198479.524634,1709198479.524639
8062,1709198479.6301255,1709198479.6301305
8063,1709198479.7364984,1709198479.7365062
8064,1709198479.8259723,1709198479.8259766
8065,1709198479.9274642,1709198479.9274712
8066,1709198480.0267262,1709198480.0267327
8067,1709198480.1317754,1709198480.1317818
8068,1709198480.2335913,1709198480.2336001
8069,1709198480.3352056,1709198480.3352125
8070,1709198480.4337683,1709198480.4337769
8071,1709198480.522348,1709198480.5223556
8072,1709198480.6310995,1709198480.631107
8073,1709198480.7336342,1709198480.73368
8074,1709198480.8279185,1709198480.8279274
8075,1709198480.9362714,1709198480.9362793
8076,1709198481.0344515,1709198481.0344584
8077,1709198481.1321845,1709198481.1321917
8078,1709198481.2314906,1709198481.2314968
8079,1709198481.343799,1709198481.3438058
8080,1709198481.4273229,1709198481.4273307
8081,1709198481.521525,1709198481.521532
8082,1709198481.6229777,1709198481.6229842
8083,1709198481.7328584,1709198481.7328656
8084,1709198481.8365903,1709198481.8365972
8085,1709198481.935978,1709198481.9359844
8086,1709198482.0353053,1709198482.0353165
8087,1709198482.126165,1709198482.1261723
8088,1709198482.2250004,1709198482.225007
8089,1709198482.3247137,1709198482.3247209
8090,1709198482.4267352,1709198482.426743
8091,1709198482.5249023,1709198482.5249119
8092,1709198482.6302056,1709198482.630214
8093,1709198482.7255738,1709198482.7255814
8094,1709198482.835859,1709198482.8358655
8095,1709198482.9306128,1709198482.9306202
8096,1709198483.0385773,1709198483.0385888
8097,1709198483.12268,1709198483.1226878
8098,1709198483.6056955,1709198483.6057072
8099,1709198483.613464,1709198483.6134698
8100,1709198483.6268804,1709198483.6268864
8101,1709198483.733674,1709198483.7336812
8102,1709198483.8240848,1709198483.8240914
8103,1709198483.9280765,1709198483.928084
8104,1709198484.0257413,1709198484.0257494
8105,1709198484.132721,1709198484.1327298
8106,1709198484.2267716,1709198484.2267792
8107,1709198484.3261251,1709198484.3261323
8108,1709198484.4334579,1709198484.4334655
8109,1709198484.5402918,1709198484.5402992
8110,1709198484.6275258,1709198484.6275353
8111,1709198484.7269688,1709198484.7269764
8112,1709198484.8283472,1709198484.8283544
8113,1709198484.9245927,1709198484.9246001
8114,1709198485.0290534,1709198485.0290608
8115,1709198485.1312253,1709198485.1312327
8116,1709198485.2307768,1709198485.2307851
8117,1709198485.3252378,1709198485.3252468
8118,1709198485.4318614,1709198485.431896
8119,1709198485.53221,1709198485.5322216
8120,1709198485.625659,1709198485.6256666
8121,1709198485.755785,1709198485.7557924
8122,1709198485.8230703,1709198485.8230772
8123,1709198485.9283915,1709198485.9283996
8124,1709198486.0326045,1709198486.0326107
8125,1709198486.1239593,1709198486.1239662
8126,1709198486.2265291,1709198486.2265365
8127,1709198486.336906,1709198486.336915
8128,1709198486.4281237,1709198486.4281318
8129,1709198486.5356503,1709198486.5356588
8130,1709198486.6290548,1709198486.6290622
8131,1709198486.7289476,1709198486.7289562
8132,1709198486.8324118,1709198486.832418
8133,1709198486.936582,1709198486.9365911
8134,1709198487.036667,1709198487.0366747
8135,1709198487.1346138,1709198487.1346192
8136,1709198487.230228,1709198487.2302358
8137,1709198487.3313653,1709198487.3313756
8138,1709198487.4324107,1709198487.4324176
8139,1709198487.5260496,1709198487.5260599
8140,1709198487.6311226,1709198487.6311355
8141,1709198487.7263978,1709198487.7264051
8142,1709198487.8340254,1709198487.8340347
8143,1709198487.9319947,1709198487.9320033
8144,1709198488.0434883,1709198488.0434952
8145,1709198488.132857,1709198488.132864
8146,1709198488.2251086,1709198488.2251189
8147,1709198488.3386378,1709198488.3386471
8148,1709198488.436179,1709198488.4361844
8149,1709198488.5277057,1709198488.5277133
8150,1709198488.6301546,1709198488.6301625
8151,1709198488.7376544,1709198488.7376626
8152,1709198488.832055,1709198488.832064
8153,1709198488.9330962,1709198488.933103
8154,1709198489.03998,1709198489.039989
8155,1709198489.134331,1709198489.1343393
8156,1709198489.224047,1709198489.2240543
8157,1709198489.3258705,1709198489.325879
8158,1709198489.4381788,1709198489.438186
8159,1709198489.531981,1709198489.531988
8160,1709198489.6404183,1709198489.640425
8161,1709198489.723999,1709198489.7240057
8162,1709198489.837252,1709198489.8372576
8163,1709198489.9367511,1709198489.9367583
8164,1709198490.0338082,1709198490.033817
8165,1709198490.1298687,1709198490.1298757
8166,1709198490.2273457,1709198490.2273521
8167,1709198490.3288171,1709198490.3288252
8168,1709198490.4329495,1709198490.4329567
8169,1709198490.5307777,1709198490.530784
8170,1709198490.630766,1709198490.6307766
8171,1709198490.728027,1709198490.728034
8172,1709198490.825883,1709198490.8258913
8173,1709198490.9328282,1709198490.9328344
8174,1709198491.0261168,1709198491.0261242
8175,1709198491.1347985,1709198491.1348052
8176,1709198491.2333205,1709198491.233332
8177,1709198491.3219078,1709198491.3219166
8178,1709198491.4233325,1709198491.423339
8179,1709198491.5220747,1709198491.5220833
8180,1709198491.6265168,1709198491.6265237
8181,1709198491.7297485,1709198491.7297559
8182,1709198491.8283727,1709198491.8283815
8183,1709198491.931901,1709198491.93191
8184,1709198492.0346148,1709198492.0346205
8185,1709198492.1401246,1709198492.1401327
8186,1709198492.2278397,1709198492.2278473
8187,1709198492.3313754,1709198492.3313835
8188,1709198492.4272726,1709198492.4272795
8189,1709198492.5274744,1709198492.5274832
8190,1709198492.6331623,1709198492.6331708
8191,1709198492.7495935,1709198492.749602
8192,1709198492.827065,1709198492.8270729
8193,1709198492.9332092,1709198492.933216
8194,1709198493.02626,1709198493.0262678
8195,1709198493.1263163,1709198493.1263244
8196,1709198493.2277322,1709198493.2277386
8197,1709198493.3254464,1709198493.3254538
8198,1709198493.4266357,1709198493.4266434
8199,1709198493.5257163,1709198493.5257218
8200,1709198493.6343608,1709198493.6343677
8201,1709198493.7271593,1709198493.727166
8202,1709198493.826275,1709198493.826283
8203,1709198493.9278831,1709198493.9278913
8204,1709198494.0334046,1709198494.0334136
8205,1709198494.1368644,1709198494.1368716
8206,1709198494.2332697,1709198494.2332797
8207,1709198494.3242686,1709198494.3242753
8208,1709198494.4299712,1709198494.4299796
8209,1709198494.5383663,1709198494.5383728
8210,1709198494.6276934,1709198494.6276999
8211,1709198494.729716,1709198494.7297256
8212,1709198494.8390203,1709198494.839033
8213,1709198494.9357674,1709198494.9357758
8214,1709198495.036792,1709198495.0368001
8215,1709198495.1445398,1709198495.1445467
8216,1709198495.2306724,1709198495.2306793
8217,1709198495.342142,1709198495.342149
8218,1709198495.4342077,1709198495.4342144
8219,1709198495.5417926,1709198495.5417998
8220,1709198495.6266928,1709198495.6267014
8221,1709198495.7324133,1709198495.732422
8222,1709198495.8332114,1709198495.8332193
8223,1709198495.9237945,1709198495.923802
8224,1709198496.0285985,1709198496.0286086
8225,1709198496.1224782,1709198496.1224854
8226,1709198496.2294366,1709198496.2294464
8227,1709198496.3365548,1709198496.3365605
8228,1709198496.4258962,1709198496.4259026
8229,1709198496.5255396,1709198496.5255487
8230,1709198496.6378796,1709198496.6378875
8231,1709198496.742232,1709198496.7422385
8232,1709198496.8405437,1709198496.84055
8233,1709198496.9390647,1709198496.939072
8234,1709198497.0293834,1709198497.0293896
8235,1709198497.1246955,1709198497.1247032
8236,1709198497.2342405,1709198497.2342455
8237,1709198497.323609,1709198497.323617
8238,1709198497.4329512,1709198497.4329612
8239,1709198497.5334342,1709198497.5334413
8240,1709198497.628939,1709198497.6289465
8241,1709198497.7265384,1709198497.7265453
8242,1709198497.8314128,1709198497.831419
8243,1709198497.9403548,1709198497.9403608
8244,1709198498.0340679,1709198498.0340748
8245,1709198498.1313977,1709198498.1314044
8246,1709198498.234826,1709198498.234834
8247,1709198498.3359146,1709198498.335921
8248,1709198498.4223406,1709198498.4223485
8249,1709198498.542436,1709198498.5424411
8250,1709198498.6308107,1709198498.6308181
8251,1709198498.7286556,1709198498.7286634
8252,1709198498.8334315,1709198498.8334534
8253,1709198498.926666,1709198498.926673
8254,1709198499.0253701,1709198499.025381
8255,1709198499.1309254,1709198499.130934
8256,1709198499.2330506,1709198499.2330596
8257,1709198499.3233545,1709198499.3233654
8258,1709198499.4362361,1709198499.4362442
8259,1709198499.5374963,1709198499.5375054
8260,1709198499.6428373,1709198499.642845
8261,1709198499.7269998,1709198499.7270072
8262,1709198499.8498135,1709198499.8498213
8263,1709198499.9473014,1709198499.9473093
8264,1709198500.025884,1709198500.025891
8265,1709198500.1380978,1709198500.1381083
8266,1709198500.2339482,1709198500.2339554
8267,1709198500.3407216,1709198500.3407283
8268,1709198500.4271734,1709198500.427179
8269,1709198500.5382867,1709198500.5382948
8270,1709198500.6280632,1709198500.6280732
8271,1709198500.7427642,1709198500.742771
8272,1709198500.837027,1709198500.837034
8273,1709198500.9311635,1709198500.9311712
8274,1709198501.02746,1709198501.0274668
8275,1709198501.1238673,1709198501.1238735
8276,1709198501.226149,1709198501.226157
8277,1709198501.333407,1709198501.3334153
8278,1709198501.436412,1709198501.436419
8279,1709198501.5350204,1709198501.5350258
8280,1709198501.6346333,1709198501.6346407
8281,1709198501.7314134,1709198501.7314205
8282,1709198501.8372202,1709198501.8372283
8283,1709198501.939257,1709198501.9392734
8284,1709198502.0255191,1709198502.0255277
8285,1709198502.134797,1709198502.1348042
8286,1709198502.2352803,1709198502.2352889
8287,1709198502.324778,1709198502.324783
8288,1709198502.4362333,1709198502.436243
8289,1709198502.5305798,1709198502.5305867
8290,1709198502.6303039,1709198502.6303122
8291,1709198502.7413502,1709198502.7413568
8292,1709198502.8410165,1709198502.8410256
8293,1709198502.9398956,1709198502.939905
8294,1709198503.0335913,1709198503.0335984
8295,1709198503.1267376,1709198503.1267474
8296,1709198503.2294223,1709198503.229428
8297,1709198503.3289373,1709198503.3289475
8298,1709198503.4351532,1709198503.4351606
8299,1709198503.5303354,1709198503.530342
8300,1709198503.6428022,1709198503.6428092
8301,1709198503.7234209,1709198503.7234278
8302,1709198503.8313851,1709198503.8313923
8303,1709198503.942327,1709198503.9423368
8304,1709198504.0368693,1709198504.036877
8305,1709198504.1224186,1709198504.1224253
8306,1709198504.2263923,1709198504.2264
8307,1709198504.3242521,1709198504.3242595
8308,1709198504.4251485,1709198504.4251554
8309,1709198504.5320842,1709198504.5320914
8310,1709198504.621711,1709198504.6217165
8311,1709198504.7304528,1709198504.7304628
8312,1709198504.824262,1709198504.824269
8313,1709198504.9277751,1709198504.9277818
8314,1709198505.029568,1709198505.029574
8315,1709198505.128391,1709198505.1284022
8316,1709198505.2343903,1709198505.2343976
8317,1709198505.3334818,1709198505.3334918
8318,1709198505.4337933,1709198505.433801
8319,1709198505.538405,1709198505.5384133
8320,1709198505.63451,1709198505.6345177
8321,1709198505.7326186,1709198505.7326272
8322,1709198505.8290381,1709198505.8290455
8323,1709198505.9282985,1709198505.928304
8324,1709198506.0239608,1709198506.0239675
8325,1709198506.1454515,1709198506.145459
8326,1709198506.2407186,1709198506.2407289
8327,1709198506.3392804,1709198506.3392885
8328,1709198506.43736,1709198506.4373672
8329,1709198506.5368612,1709198506.53687
8330,1709198506.639688,1709198506.6396992
8331,1709198506.737443,1709198506.7374525
8332,1709198506.869687,1709198506.8696947
8333,1709198506.9398246,1709198506.9398327
8334,1709198507.0339122,1709198507.0339198
8335,1709198507.1424904,1709198507.1424975
8336,1709198507.2360609,1709198507.2360687
8337,1709198507.344217,1709198507.344224
8338,1709198507.4342697,1709198507.4342752
8339,1709198507.5336444,1709198507.5336528
8340,1709198507.634275,1709198507.6342838
8341,1709198507.7334688,1709198507.7334785
8342,1709198507.834708,1709198507.8347147
8343,1709198507.9383707,1709198507.9384139
8344,1709198508.0342631,1709198508.0343409
8345,1709198508.1453874,1709198508.14547
8346,1709198508.238113,1709198508.2381928
8347,1709198508.3237815,1709198508.323859
8348,1709198508.4350207,1709198508.435098
8349,1709198508.529007,1709198508.5291538
8350,1709198508.6278894,1709198508.628007
8351,1709198508.7316108,1709198508.7316928
8352,1709198508.8303757,1709198508.830452
8353,1709198508.9356651,1709198508.9357634
8354,1709198509.04064,1709198509.0407186
8355,1709198509.1362069,1709198509.1362743
8356,1709198509.229727,1709198509.22993
8357,1709198509.3259485,1709198509.326026
8358,1709198509.438161,1709198509.4382553
8359,1709198509.5287738,1709198509.528829
8360,1709198509.6400445,1709198509.6401148
8361,1709198509.740399,1709198509.740511
8362,1709198509.826327,1709198509.826366
8363,1709198509.9330373,1709198509.9330783
8364,1709198510.0338216,1709198510.0338595
8365,1709198510.138989,1709198510.1390438
8366,1709198510.2379127,1709198510.237996
8367,1709198510.3345907,1709198510.3346424
8368,1709198510.4388852,1709198510.438939
8369,1709198510.5440476,1709198510.5441425
8370,1709198510.6519032,1709198510.6519723
8371,1709198510.741327,1709198510.7418444
8372,1709198510.8404918,1709198510.8405674
8373,1709198510.9295077,1709198510.9295864
8374,1709198511.0335045,1709198511.0335605
8375,1709198511.126646,1709198511.1267004
8376,1709198511.2359638,1709198511.2360156
8377,1709198511.326579,1709198511.3266268
8378,1709198511.4272456,1709198511.4272985
8379,1709198511.5286868,1709198511.5287468
8380,1709198511.643138,1709198511.64333
8381,1709198511.7390838,1709198511.7391324
8382,1709198511.838932,1709198511.8389826
8383,1709198511.9376779,1709198511.9377213
8384,1709198512.04075,1709198512.0407896
8385,1709198512.1304464,1709198512.1304975
8386,1709198512.2362235,1709198512.2362618
8387,1709198512.3292348,1709198512.3292794
8388,1709198512.434625,1709198512.4346707
8389,1709198512.5352428,1709198512.5353003
8390,1709198512.636849,1709198512.636895
8391,1709198512.7413855,1709198512.741429
8392,1709198512.8350623,1709198512.835115
8393,1709198512.9434302,1709198512.943511
8394,1709198513.0303805,1709198513.0304267
8395,1709198513.1336741,1709198513.1337228
8396,1709198513.2289343,1709198513.228989
8397,1709198513.3356907,1709198513.3357656
8398,1709198513.4436743,1709198513.4437156
8399,1709198513.5444162,1709198513.5448973
8400,1709198513.636604,1709198513.6366937
8401,1709198513.739893,1709198513.7399457
8402,1709198513.8488903,1709198513.8489559
8403,1709198513.9466295,1709198513.9467182
8404,1709198514.0438528,1709198514.043908
8405,1709198514.1352484,1709198514.1353738
8406,1709198514.2346547,1709198514.2347083
8407,1709198514.3330772,1709198514.333126
8408,1709198514.4290347,1709198514.4290805
8409,1709198514.5446138,1709198514.5446534
8410,1709198514.6348019,1709198514.6349258
8411,1709198514.736643,1709198514.7366838
8412,1709198514.8306985,1709198514.8307514
8413,1709198514.9352458,1709198514.9352968
8414,1709198515.0268064,1709198515.0268574
8415,1709198515.1425335,1709198515.1425865
8416,1709198515.2331364,1709198515.23324
8417,1709198515.3345666,1709198515.3346243
8418,1709198515.433794,1709198515.433917
8419,1709198515.5366697,1709198515.5367222
8420,1709198515.63516,1709198515.6352
8421,1709198515.733488,1709198515.7335336
8422,1709198515.842699,1709198515.842748
8423,1709198515.9324143,1709198515.9324539
8424,1709198516.0344305,1709198516.034473
8425,1709198516.138385,1709198516.1384337
8426,1709198516.2467346,1709198516.2486076
8427,1709198516.3246434,1709198516.3246934
8428,1709198516.4278333,1709198516.4278796
8429,1709198516.5289187,1709198516.528981
8430,1709198516.6255782,1709198516.6256292
8431,1709198516.744473,1709198516.7445192
8432,1709198516.8296115,1709198516.8296566
8433,1709198516.930917,1709198516.930962
8434,1709198517.0234683,1709198517.0235167
8435,1709198517.145562,1709198517.1456118
8436,1709198517.2396476,1709198517.2396855
8437,1709198517.3349364,1709198517.3350172
8438,1709198517.4396126,1709198517.439756
8439,1709198517.5486736,1709198517.548745
8440,1709198517.6407278,1709198517.6407917
8441,1709198517.7372704,1709198517.7373233
8442,1709198517.8429556,1709198517.843024
8443,1709198517.9361844,1709198517.936233
8444,1709198518.0349865,1709198518.0350285
8445,1709198518.137841,1709198518.1379178
8446,1709198518.2377703,1709198518.2378676
8447,1709198518.33729,1709198518.3373914
8448,1709198518.4276435,1709198518.4277244
8449,1709198518.523613,1709198518.5236642
8450,1709198518.6410549,1709198518.6411028
8451,1709198518.7287066,1709198518.7287521
8452,1709198518.8345428,1709198518.8345802
8453,1709198518.9592426,1709198518.9593096
8454,1709198519.0338793,1709198519.0339384
8455,1709198519.1372902,1709198519.137473
8456,1709198519.233299,1709198519.2333403
8457,1709198519.336117,1709198519.336162
8458,1709198519.4339252,1709198519.4340124
8459,1709198519.5372424,1709198519.5372958
8460,1709198519.6345592,1709198519.6346035
8461,1709198519.735514,1709198519.735556
8462,1709198519.830715,1709198519.8307672
8463,1709198519.9376369,1709198519.9377062
8464,1709198520.0300806,1709198520.0301242
8465,1709198520.1328912,1709198520.1329505
8466,1709198520.2287998,1709198520.2288795
8467,1709198520.3300433,1709198520.3301196
8468,1709198520.4274533,1709198520.4275305
8469,1709198520.5326967,1709198520.5327678
8470,1709198520.6288378,1709198520.6288924
8471,1709198520.7385821,1709198520.738654
8472,1709198520.821447,1709198520.821492
8473,1709198520.9309576,1709198520.9309635
8474,1709198521.0268614,1709198521.0268662
8475,1709198521.1429267,1709198521.1429348
8476,1709198521.2367082,1709198521.2367153
8477,1709198521.327758,1709198521.327767
8478,1709198521.4381897,1709198521.4381957
8479,1709198521.5333817,1709198521.5333884
8480,1709198521.6291072,1709198521.6291134
8481,1709198521.7365239,1709198521.7365305
8482,1709198521.8253415,1709198521.8253481
8483,1709198521.926413,1709198521.9264205
8484,1709198522.0308585,1709198522.030865
8485,1709198522.1336348,1709198522.133644
8486,1709198522.224326,1709198522.224332
8487,1709198522.3385565,1709198522.3385644
8488,1709198522.4259746,1709198522.4259803
8489,1709198522.530682,1709198522.5306897
8490,1709198522.626402,1709198522.6264095
8491,1709198522.7441485,1709198522.7441578
8492,1709198522.8380554,1709198522.8380625
8493,1709198522.9292247,1709198522.9336917
8494,1709198523.0348234,1709198523.0391197
8495,1709198523.1410036,1709198523.144893
8496,1709198523.231528,1709198523.2346566
8497,1709198523.3330946,1709198523.336425
8498,1709198523.436161,1709198523.4403374
8499,1709198523.5337229,1709198523.5369859
8500,1709198523.6215193,1709198523.6256125
8501,1709198523.7283018,1709198523.7330036
8502,1709198523.8234508,1709198523.8274357
8503,1709198523.9220498,1709198523.9270651
8504,1709198524.0218704,1709198524.0257668
8505,1709198524.122982,1709198524.1270325
8506,1709198524.22787,1709198524.2317314
8507,1709198524.334088,1709198524.340215
8508,1709198524.4284246,1709198524.4320197
8509,1709198524.5235915,1709198524.5275364
8510,1709198524.6280606,1709198524.6338878
8511,1709198524.730292,1709198524.7345467
8512,1709198524.8325293,1709198524.8413224
8513,1709198524.9301345,1709198524.9350169
8514,1709198525.029341,1709198525.0334933
8515,1709198525.125985,1709198525.1297169
8516,1709198525.2230873,1709198525.2308385
8517,1709198525.3274174,1709198525.335811
8518,1709198525.4368055,1709198525.4431489
8519,1709198525.5357995,1709198525.541137
8520,1709198525.6265762,1709198525.6312888
8521,1709198525.727199,1709198525.7317626
8522,1709198525.8234456,1709198525.8273706
8523,1709198525.9212177,1709198525.9247959
8524,1709198526.0526383,1709198526.0569267
8525,1709198526.1331992,1709198526.137279
8526,1709198526.2255964,1709198526.2317095
8527,1709198526.3288517,1709198526.3328862
8528,1709198526.4277108,1709198526.4329162
8529,1709198526.5296288,1709198526.5335338
8530,1709198526.6381803,1709198526.6427462
8531,1709198526.7278032,1709198526.7330906
8532,1709198526.823952,1709198526.8278239
8533,1709198526.9309776,1709198526.9349399
8534,1709198527.0248833,1709198527.0296483
8535,1709198527.1297314,1709198527.1332123
8536,1709198527.2346358,1709198527.23749
8537,1709198527.3225963,1709198527.32655
8538,1709198527.429703,1709198527.4326868
8539,1709198527.5329664,1709198527.5361779
8540,1709198527.6271086,1709198527.6303422
8541,1709198527.7222292,1709198527.7260873
8542,1709198527.8238587,1709198527.8278832
8543,1709198527.9275017,1709198527.9315727
8544,1709198528.0296345,1709198528.0342534
8545,1709198528.1249127,1709198528.128838
8546,1709198528.2209737,1709198528.224895
8547,1709198528.3309557,1709198528.3344214
8548,1709198528.4292288,1709198528.4351003
8549,1709198528.5250783,1709198528.5290627
8550,1709198528.631303,1709198528.6354296
8551,1709198528.726489,1709198528.73199
8552,1709198528.8227775,1709198528.8270056
8553,1709198528.9251108,1709198528.9295506
8554,1709198529.0302236,1709198529.0345597
8555,1709198529.1275709,1709198529.130603
8556,1709198529.2248516,1709198529.2287226
8557,1709198529.3218203,1709198529.3253806
8558,1709198529.4279008,1709198529.4319212
8559,1709198529.5262449,1709198529.5300035
8560,1709198529.6330621,1709198529.6367245
8561,1709198529.72238,1709198529.7291493
8562,1709198529.8241866,1709198529.8289351
8563,1709198529.931634,1709198529.9360602
8564,1709198530.024391,1709198530.029067
8565,1709198530.131636,1709198530.13616
8566,1709198530.2288058,1709198530.2333732
8567,1709198530.3291898,1709198530.3333867
8568,1709198530.436029,1709198530.440378
8569,1709198530.5387034,1709198530.5427363
8570,1709198530.6256416,1709198530.6289928
8571,1709198530.7329783,1709198530.73542
8572,1709198530.8287847,1709198530.8321662
8573,1709198530.9349523,1709198530.9376552
8574,1709198531.0280707,1709198531.0320525
8575,1709198531.129081,1709198531.1341686
8576,1709198531.2268457,1709198531.2304363
8577,1709198531.34165,1709198531.3470294
8578,1709198531.4386876,1709198531.4419405
8579,1709198531.5268614,1709198531.5310075
8580,1709198531.6368988,1709198531.6403077
8581,1709198531.7252133,1709198531.7283328
8582,1709198531.8236768,1709198531.8273113
8583,1709198531.9234097,1709198531.9266331
8584,1709198532.0269444,1709198532.030994
8585,1709198532.127924,1709198532.1324534
8586,1709198532.2241495,1709198532.228928
8587,1709198532.3231223,1709198532.326752
8588,1709198532.4288397,1709198532.4323225
8589,1709198532.5329006,1709198532.537503
8590,1709198532.6321785,1709198532.6362891
8591,1709198532.72794,1709198532.7322836
8592,1709198532.8364465,1709198532.8403168
8593,1709198532.9293697,1709198532.9347184
8594,1709198533.0463781,1709198533.050891
8595,1709198533.1288521,1709198533.134365
8596,1709198533.235884,1709198533.2398796
8597,1709198533.3280563,1709198533.3317015
8598,1709198533.4286578,1709198533.4348373
8599,1709198533.5378907,1709198533.5420172
8600,1709198533.6265798,1709198533.6314826
8601,1709198533.7324557,1709198533.735817
8602,1709198533.8302872,1709198533.833916
8603,1709198533.9314682,1709198533.9354005
8604,1709198534.0301695,1709198534.0349581
8605,1709198534.1217415,1709198534.1261373
8606,1709198534.2321515,1709198534.2359686
8607,1709198534.3241482,1709198534.328478
8608,1709198534.4262285,1709198534.4299507
8609,1709198534.5280132,1709198534.532041
8610,1709198534.6354682,1709198534.6390545
8611,1709198534.732587,1709198534.7366357
8612,1709198534.8267107,1709198534.8312545
8613,1709198534.937926,1709198534.9407763
8614,1709198535.0244896,1709198535.0285304
8615,1709198535.1387615,1709198535.1387687
8616,1709198535.233118,1709198535.2331252
8617,1709198535.3271031,1709198535.327111
8618,1709198535.4296105,1709198535.4296174
8619,1709198535.530061,1709198535.5300686
8620,1709198535.6269517,1709198535.6269565
8621,1709198535.7229145,1709198535.7229214
8622,1709198535.8254988,1709198535.8255074
8623,1709198535.9249682,1709198535.9249756
8624,1709198536.029929,1709198536.0299366
8625,1709198536.1284797,1709198536.1284857
8626,1709198536.2244468,1709198536.224454
8627,1709198536.3282847,1709198536.3282902
8628,1709198536.4341133,1709198536.4341204
8629,1709198536.5311897,1709198536.531199
8630,1709198536.627885,1709198536.6278934
8631,1709198536.7341132,1709198536.7341204
8632,1709198536.8383372,1709198536.8383482
8633,1709198536.9236188,1709198536.923624
8634,1709198537.0251913,1709198537.0251992
8635,1709198537.13886,1709198537.138867
8636,1709198537.2246423,1709198537.2246494
8637,1709198537.3261075,1709198537.326115
8638,1709198537.4326103,1709198537.4326172
8639,1709198537.5273275,1709198537.5273364
8640,1709198537.6326911,1709198537.6326964
8641,1709198537.733502,1709198537.7335095
8642,1709198537.8348136,1709198537.8348205
8643,1709198537.9250178,1709198537.9250243
8644,1709198538.0374095,1709198538.0374162
8645,1709198538.1253858,1709198538.125392
8646,1709198538.2400584,1709198538.2400682
8647,1709198538.322319,1709198538.322325
8648,1709198538.4347053,1709198538.4347134
8649,1709198538.524617,1709198538.5246234
8650,1709198538.6286092,1709198538.628621
8651,1709198538.725178,1709198538.7251859
8652,1709198538.8274643,1709198538.827471
8653,1709198538.938007,1709198538.9380145
8654,1709198539.0342724,1709198539.0342815
8655,1709198539.1288807,1709198539.1288896
8656,1709198539.2251282,1709198539.2251344
8657,1709198539.329767,1709198539.329775
8658,1709198539.428512,1709198539.4285202
8659,1709198539.524748,1709198539.524755
8660,1709198539.6274161,1709198539.627424
8661,1709198539.7262866,1709198539.7262938
8662,1709198539.8271925,1709198539.8272014
8663,1709198539.9356523,1709198539.9356606
8664,1709198540.0274935,1709198540.0275006
8665,1709198540.122689,1709198540.1226969
8666,1709198540.2288265,1709198540.2288349
8667,1709198540.3317611,1709198540.3317685
8668,1709198540.421082,1709198540.4210877
8669,1709198540.522946,1709198540.5229518
8670,1709198540.6316767,1709198540.631708
8671,1709198540.726923,1709198540.72693
8672,1709198540.832803,1709198540.83281
8673,1709198540.9347267,1709198540.9347336
8674,1709198541.0335655,1709198541.0335734
8675,1709198541.1289384,1709198541.1289454
8676,1709198541.2356129,1709198541.2356231
8677,1709198541.3300097,1709198541.3300176
8678,1709198541.4327688,1709198541.4327765
8679,1709198541.5280917,1709198541.5280979
8680,1709198541.63072,1709198541.6307268
8681,1709198541.7265444,1709198541.7265518
8682,1709198541.827325,1709198541.8273323
8683,1709198541.9271114,1709198541.9271178
8684,1709198542.0227454,1709198542.0227542
8685,1709198542.1326737,1709198542.1326785
8686,1709198542.2269723,1709198542.226979
8687,1709198542.3266482,1709198542.326655
8688,1709198542.4242735,1709198542.424281
8689,1709198542.5419796,1709198542.541989
8690,1709198542.6326625,1709198542.6326697
8691,1709198542.7262938,1709198542.7263007
8692,1709198542.8242555,1709198542.8242607
8693,1709198542.9225051,1709198542.9225109
8694,1709198543.0272,1709198543.027208
8695,1709198543.1269991,1709198543.1270063
8696,1709198543.229678,1709198543.2296832
8697,1709198543.3287616,1709198543.3287687
8698,1709198543.4223516,1709198543.4223592
8699,1709198543.5298986,1709198543.5299063
8700,1709198543.6298134,1709198543.6298258
8701,1709198543.7261753,1709198543.7261827
8702,1709198543.8299608,1709198543.8299673
8703,1709198543.9287412,1709198543.9287496
8704,1709198544.0303555,1709198544.0303645
8705,1709198544.1350102,1709198544.1350179
8706,1709198544.2227678,1709198544.2227767
8707,1709198544.331858,1709198544.3318646
8708,1709198544.4378312,1709198544.4378402
8709,1709198544.5294952,1709198544.5295026
8710,1709198544.631677,1709198544.6316848
8711,1709198544.7303116,1709198544.730319
8712,1709198544.8274968,1709198544.8275032
8713,1709198544.9274697,1709198544.927475
8714,1709198545.026598,1709198545.0266056
8715,1709198545.1271455,1709198545.1271517
8716,1709198545.2364502,1709198545.2364578
8717,1709198545.3269007,1709198545.3269062
8718,1709198545.4269516,1709198545.4269571
8719,1709198545.5276537,1709198545.527662
8720,1709198545.624716,1709198545.6247225
8721,1709198545.735921,1709198545.7359288
8722,1709198545.8247857,1709198545.8247921
8723,1709198545.9321208,1709198545.9321277
8724,1709198546.0219512,1709198546.0219576
8725,1709198546.1300883,1709198546.1300938
8726,1709198546.2320344,1709198546.2320414
8727,1709198546.3278925,1709198546.3278997
8728,1709198546.430224,1709198546.430229
8729,1709198546.5236564,1709198546.5236628
8730,1709198546.628211,1709198546.6282182
8731,1709198546.7327783,1709198546.732784
8732,1709198546.8298986,1709198546.829905
8733,1709198546.9223385,1709198546.922344
8734,1709198547.0355427,1709198547.035552
8735,1709198547.130416,1709198547.130422
8736,1709198547.2346091,1709198547.234619
8737,1709198547.327211,1709198547.3272176
8738,1709198547.4293525,1709198547.429361
8739,1709198547.5278807,1709198547.5278847
8740,1709198547.6228077,1709198547.6228144
8741,1709198547.726566,1709198547.7265737
8742,1709198547.8221083,1709198547.8221147
8743,1709198547.9367616,1709198547.9367683
8744,1709198548.0251892,1709198548.025196
8745,1709198548.1243563,1709198548.1243653
8746,1709198548.2263155,1709198548.2263243
8747,1709198548.3311837,1709198548.3311908
8748,1709198548.4253826,1709198548.4253874
8749,1709198548.5339704,1709198548.5339794
8750,1709198548.627103,1709198548.6271126
8751,1709198548.7321157,1709198548.732124
8752,1709198548.824209,1709198548.8242157
8753,1709198548.9265509,1709198548.9265556
8754,1709198549.0268047,1709198549.0268114
8755,1709198549.1214855,1709198549.1214921
8756,1709198549.221917,1709198549.2219238
8757,1709198549.3327115,1709198549.332717
8758,1709198549.4351075,1709198549.4351153
8759,1709198549.5356486,1709198549.5356572
8760,1709198549.6344702,1709198549.6344788
8761,1709198549.733716,1709198549.7337236
8762,1709198549.8280308,1709198549.8280368
8763,1709198549.9299462,1709198549.9299512
8764,1709198550.0330634,1709198550.033069
8765,1709198550.1333425,1709198550.1333492
8766,1709198550.2243154,1709198550.2243245
8767,1709198550.3255925,1709198550.3256001
8768,1709198550.4349384,1709198550.4349473
8769,1709198550.5288634,1709198550.5288703
8770,1709198550.6311164,1709198550.6311245
8771,1709198550.7287111,1709198550.7287157
8772,1709198550.8252027,1709198550.825212
8773,1709198550.921977,1709198550.9219835
8774,1709198551.0372367,1709198551.0372462
8775,1709198551.1223161,1709198551.1223228
8776,1709198551.2297802,1709198551.2297866
8777,1709198551.3259866,1709198551.325994
8778,1709198551.4274511,1709198551.4274595
8779,1709198551.529511,1709198551.5295181
8780,1709198551.627316,1709198551.6273236
8781,1709198551.734182,1709198551.7341902
8782,1709198551.835887,1709198551.8358943
8783,1709198551.9275424,1709198551.9275494
8784,1709198552.034663,1709198552.0346718
8785,1709198552.1323268,1709198552.132334
8786,1709198552.2295554,1709198552.2295618
8787,1709198552.335948,1709198552.3359547
8788,1709198552.4247584,1709198552.424765
8789,1709198552.5346928,1709198552.5347006
8790,1709198552.6235476,1709198552.6235583
8791,1709198552.7273624,1709198552.72737
8792,1709198552.825544,1709198552.825549
8793,1709198552.9332867,1709198552.9332964
8794,1709198553.0393713,1709198553.039379
8795,1709198553.1254818,1709198553.1254888
8796,1709198553.233041,1709198553.2330484
8797,1709198553.330776,1709198553.3307822
8798,1709198553.4409256,1709198553.4409316
8799,1709198553.5250611,1709198553.525068
8800,1709198553.630475,1709198553.6304817
8801,1709198553.7282226,1709198553.72823
8802,1709198553.8343287,1709198553.8343353
8803,1709198553.935053,1709198553.9350607
8804,1709198554.0259895,1709198554.0259972
8805,1709198554.1291924,1709198554.129203
8806,1709198554.2230692,1709198554.2230759
8807,1709198554.3291428,1709198554.32915
8808,1709198554.4443111,1709198554.4443173
8809,1709198554.532077,1709198554.5320845
8810,1709198554.630607,1709198554.6306129
8811,1709198554.734818,1709198554.7348251
8812,1709198554.8288565,1709198554.828863
8813,1709198554.9323714,1709198554.9323783
8814,1709198555.02664,1709198555.0266473
8815,1709198555.123116,1709198555.1231241
8816,1709198555.2324185,1709198555.2324274
8817,1709198555.3288403,1709198555.3288488
8818,1709198555.4333377,1709198555.4333453
8819,1709198555.5322447,1709198555.5322535
8820,1709198555.6292214,1709198555.6292286
8821,1709198555.7223773,1709198555.7223833
8822,1709198555.8384886,1709198555.8384948
8823,1709198555.9255743,1709198555.9255805
8824,1709198556.0273888,1709198556.0273983
8825,1709198556.1295218,1709198556.1295302
8826,1709198556.2238436,1709198556.2238505
8827,1709198556.325087,1709198556.3250923
8828,1709198556.4395814,1709198556.4395938
8829,1709198556.5310633,1709198556.53107
8830,1709198556.6230745,1709198556.6230826
8831,1709198556.7311502,1709198556.7311568
8832,1709198556.8290148,1709198556.829024
8833,1709198556.937175,1709198556.937183
8834,1709198557.0256217,1709198557.0256312
8835,1709198557.1417394,1709198557.141749
8836,1709198557.2325163,1709198557.2325249
8837,1709198557.3308208,1709198557.3308282
8838,1709198557.4337583,1709198557.4337654
8839,1709198557.5355678,1709198557.5355775
8840,1709198557.6281414,1709198557.6281462
8841,1709198557.7258644,1709198557.725871
8842,1709198557.828886,1709198557.828894
8843,1709198557.9305828,1709198557.9305906
8844,1709198558.0323436,1709198558.0323515
8845,1709198558.1343715,1709198558.1343777
8846,1709198558.2300563,1709198558.2300608
8847,1709198558.332996,1709198558.3330045
8848,1709198558.424155,1709198558.4241626
8849,1709198558.537517,1709198558.5375233
8850,1709198558.6313612,1709198558.6313674
8851,1709198558.724447,1709198558.7244542
8852,1709198558.8258195,1709198558.825827
8853,1709198558.9346125,1709198558.9346197
8854,1709198559.035119,1709198559.0351264
8855,1709198559.1227493,1709198559.1227586
8856,1709198559.2243721,1709198559.2243767
8857,1709198559.3369238,1709198559.3369315
8858,1709198559.4322095,1709198559.4322157
8859,1709198559.5278957,1709198559.5279007
8860,1709198559.631023,1709198559.6310291
8861,1709198559.7235222,1709198559.7235289
8862,1709198559.8323855,1709198559.8323925
8863,1709198559.928701,1709198559.9287078
8864,1709198560.0284526,1709198560.02846
8865,1709198560.1324568,1709198560.1324644
8866,1709198560.232029,1709198560.2320428
8867,1709198560.3348444,1709198560.3348534
8868,1709198560.436604,1709198560.4366107
8869,1709198560.523353,1709198560.523361
8870,1709198560.6346688,1709198560.6346786
8871,1709198560.7330308,1709198560.7330375
8872,1709198560.8229477,1709198560.822955
8873,1709198560.9327524,1709198560.9327602
8874,1709198561.032123,1709198561.03213
8875,1709198561.1304233,1709198561.13043
8876,1709198561.2405467,1709198561.2405522
8877,1709198561.3256557,1709198561.3256638
8878,1709198561.430225,1709198561.4302325
8879,1709198561.5506341,1709198561.5506423
8880,1709198561.6214523,1709198561.6214602
8881,1709198561.729708,1709198561.7297177
8882,1709198561.833103,1709198561.8331122
8883,1709198561.9248865,1709198561.9248931
8884,1709198562.0261595,1709198562.0261657
8885,1709198562.128076,1709198562.1280828
8886,1709198562.2254822,1709198562.2254906
8887,1709198562.3325243,1709198562.3325343
8888,1709198562.43145,1709198562.4314573
8889,1709198562.5265563,1709198562.5265641
8890,1709198562.6305358,1709198562.6305435
8891,1709198562.7309964,1709198562.731006
8892,1709198562.8252802,1709198562.8252878
8893,1709198562.924775,1709198562.9247813
8894,1709198563.0307183,1709198563.0307243
8895,1709198563.1313736,1709198563.1313794
8896,1709198563.2236292,1709198563.2236366
8897,1709198563.3328416,1709198563.3328466
8898,1709198563.433989,1709198563.4339962
8899,1709198563.533775,1709198563.5337813
8900,1709198563.6319213,1709198563.6319263
8901,1709198563.7220328,1709198563.7220402
8902,1709198563.8282402,1709198563.828247
8903,1709198563.9246917,1709198563.9246986
8904,1709198564.0303178,1709198564.030324
8905,1709198564.1285453,1709198564.1285534
8906,1709198564.226847,1709198564.2268524
8907,1709198564.3253448,1709198564.3253517
8908,1709198564.445712,1709198564.44572
8909,1709198564.531775,1709198564.5317845
8910,1709198564.6354733,1709198564.635481
8911,1709198564.7377348,1709198564.7377439
8912,1709198564.8396244,1709198564.8396308
8913,1709198564.9258552,1709198564.9258597
8914,1709198565.0367353,1709198565.0367427
8915,1709198565.1345947,1709198565.1346025
8916,1709198565.2351258,1709198565.2351332
8917,1709198565.3318322,1709198565.3318393
8918,1709198565.4392467,1709198565.4392514
8919,1709198565.5364745,1709198565.5364804
8920,1709198565.6360638,1709198565.6360722
8921,1709198565.727328,1709198565.7273347
8922,1709198565.8235674,1709198565.8235762
8923,1709198565.933886,1709198565.9338934
8924,1709198566.0341566,1709198566.0341635
8925,1709198566.1303375,1709198566.1303434
8926,1709198566.2301254,1709198566.2301338
8927,1709198566.3310487,1709198566.331055
8928,1709198566.4227946,1709198566.4228008
8929,1709198566.5380995,1709198566.5381043
8930,1709198566.6253588,1709198566.6253653
8931,1709198566.7267153,1709198566.7267222
8932,1709198566.821912,1709198566.8219202
8933,1709198567.3636186,1709198567.3672612
8934,1709198567.3754475,1709198567.3793826
8935,1709198567.4371347,1709198567.4418647
8936,1709198567.5379155,1709198567.541587
8937,1709198567.6357734,1709198567.639463
8938,1709198567.737976,1709198567.7410483
8939,1709198567.8296323,1709198567.8337123
8940,1709198567.9289374,1709198567.9322827
8941,1709198568.0292978,1709198568.0335214
8942,1709198568.1299706,1709198568.133529
8943,1709198568.2358875,1709198568.239705
8944,1709198568.3259995,1709198568.3297584
8945,1709198568.4283502,1709198568.435105
8946,1709198568.5298269,1709198568.533356
8947,1709198568.6410687,1709198568.6462877
8948,1709198568.723572,1709198568.727311
8949,1709198568.82887,1709198568.8328044
8950,1709198568.9351382,1709198568.9390597
8951,1709198569.0216315,1709198569.0256817
8952,1709198569.1285632,1709198569.13264
8953,1709198569.7440085,1709198569.7480643
8954,1709198569.8241248,1709198569.8278766
8955,1709198569.9263947,1709198569.9298165
8956,1709198570.0266726,1709198570.0310507
8957,1709198570.1338964,1709198570.1368847
8958,1709198570.6903627,1709198570.6948287
8959,1709198570.7239218,1709198570.728101
8960,1709198570.8407109,1709198570.84462
