,starttime,endtime
0,1709194957.328633,1709194957.3286636
1,1709194957.4064453,1709194957.406464
2,1709194957.503669,1709194957.5036862
3,1709194957.6041765,1709194957.6041925
4,1709194957.7031868,1709194957.703201
5,1709194957.8007348,1709194957.800752
6,1709194957.9046824,1709194957.9047012
7,1709194958.0044475,1709194958.004467
8,1709194958.1029134,1709194958.1029325
9,1709194958.202699,1709194958.2027175
10,1709194958.2982821,1709194958.2982974
11,1709194958.39883,1709194958.3988829
12,1709194958.4984913,1709194958.4985168
13,1709194958.6036015,1709194958.6036189
14,1709194958.703817,1709194958.7038424
15,1709194958.7975948,1709194958.7976122
16,1709194958.9030924,1709194958.9031107
17,1709194958.999873,1709194958.9998903
18,1709194959.1000617,1709194959.1000772
19,1709194959.1981602,1709194959.1981788
20,1709194959.2996078,1709194959.2996266
21,1709194959.4005976,1709194959.4006157
22,1709194959.504323,1709194959.5043385
23,1709194959.6020603,1709194959.6020775
24,1709194959.7037985,1709194959.7038314
25,1709194959.801288,1709194959.8013043
26,1709194959.8979447,1709194959.8979635
27,1709194959.9984288,1709194959.9984477
28,1709194960.1010327,1709194960.1010768
29,1709194960.19854,1709194960.1985586
30,1709194960.307236,1709194960.307254
31,1709194960.3978477,1709194960.397866
32,1709194960.5044308,1709194960.5044506
33,1709194960.6038618,1709194960.6038811
34,1709194960.6974287,1709194960.697443
35,1709194960.7997584,1709194960.7997837
36,1709194960.903788,1709194960.9038074
37,1709194961.0033455,1709194961.0033636
38,1709194961.1035743,1709194961.103598
39,1709194961.203121,1709194961.2031395
40,1709194961.3041933,1709194961.304209
41,1709194961.4098413,1709194961.4098716
42,1709194961.5048823,1709194961.5049024
43,1709194961.6029418,1709194961.6029625
44,1709194961.7002635,1709194961.700283
45,1709194961.8011034,1709194961.8011222
46,1709194961.8982818,1709194961.898306
47,1709194962.008899,1709194962.0089178
48,1709194962.0984154,1709194962.0984359
49,1709194962.1974807,1709194962.1974974
50,1709194962.3013325,1709194962.3013499
51,1709194962.406733,1709194962.4067514
52,1709194962.5043063,1709194962.5043268
53,1709194962.5973532,1709194962.5973692
54,1709194962.7045164,1709194962.7045343
55,1709194962.8053768,1709194962.8053951
56,1709194962.9013875,1709194962.9014058
57,1709194963.0088255,1709194963.0088437
58,1709194963.1010115,1709194963.101056
59,1709194963.2034373,1709194963.2034557
60,1709194963.3012042,1709194963.3012211
61,1709194963.3969438,1709194963.3969584
62,1709194963.4986727,1709194963.498689
63,1709194963.6034532,1709194963.6034703
64,1709194963.7030077,1709194963.703027
65,1709194963.8001406,1709194963.8001547
66,1709194964.2909899,1709194964.291013
67,1709194964.2962637,1709194964.2962916
68,1709194964.3101888,1709194964.313115
69,1709194964.4092953,1709194964.411475
70,1709194964.4980938,1709194964.5015755
71,1709194964.6009781,1709194964.6047025
72,1709194964.702005,1709194964.7064548
73,1709194964.8158536,1709194964.8210135
74,1709194964.904595,1709194964.917123
75,1709194964.9992871,1709194965.0038316
76,1709194965.1121428,1709194965.112148
77,1709194965.211808,1709194965.2118144
78,1709194965.3133686,1709194965.3133745
79,1709194965.411542,1709194965.4115474
80,1709194965.5009718,1709194965.5009775
81,1709194965.6007655,1709194965.6007705
82,1709194965.7076814,1709194965.7076888
83,1709194965.8022878,1709194965.8022933
84,1709194965.906506,1709194965.9065135
85,1709194966.0132737,1709194966.013279
86,1709194966.1043792,1709194966.1043847
87,1709194966.2023108,1709194966.2023163
88,1709194966.3011653,1709194966.3011706
89,1709194966.4041095,1709194966.4041154
90,1709194966.4987435,1709194966.4987488
91,1709194966.5979943,1709194966.5979998
92,1709194966.7028563,1709194966.702861
93,1709194966.8049402,1709194966.8049457
94,1709194966.8994658,1709194966.8994703
95,1709194967.0041716,1709194967.004177
96,1709194967.1041799,1709194967.1041868
97,1709194967.2092853,1709194967.2092912
98,1709194967.3005018,1709194967.300507
99,1709194967.4150097,1709194967.4150155
100,1709194967.5093338,1709194967.509339
101,1709194967.6075103,1709194967.607517
102,1709194967.7059684,1709194967.7059746
103,1709194967.8029056,1709194967.8029113
104,1709194967.9011414,1709194967.9011474
105,1709194968.0084188,1709194968.0084255
106,1709194968.116603,1709194968.1166098
107,1709194968.2111838,1709194968.2111893
108,1709194968.319457,1709194968.3194642
109,1709194968.406533,1709194968.406539
110,1709194968.5028143,1709194968.5028205
111,1709194968.6132824,1709194968.6132886
112,1709194968.7053194,1709194968.7053246
113,1709194968.7998986,1709194968.7999053
114,1709194968.8971872,1709194968.897193
115,1709194969.0042381,1709194969.0042436
116,1709194969.106584,1709194969.1065903
117,1709194969.2114847,1709194969.211491
118,1709194969.3073735,1709194969.307379
119,1709194969.4079406,1709194969.4079473
120,1709194969.5080366,1709194969.508043
121,1709194969.6322181,1709194969.6322243
122,1709194969.7118766,1709194969.7118824
123,1709194969.798252,1709194969.798258
124,1709194969.9012127,1709194969.9012177
125,1709194970.024443,1709194970.0244498
126,1709194970.1010222,1709194970.1010273
127,1709194970.2125914,1709194970.215744
128,1709194970.31601,1709194970.3246808
129,1709194970.416699,1709194970.4209814
130,1709194970.49935,1709194970.5032
131,1709194970.6101956,1709194970.613242
132,1709194970.700708,1709194970.7037501
133,1709194970.81021,1709194970.8146102
134,1709194970.8990467,1709194970.9014826
135,1709194971.014337,1709194971.0195873
136,1709194971.1162896,1709194971.12107
137,1709194971.2112288,1709194971.2144294
138,1709194971.30839,1709194971.3118746
139,1709194971.4143262,1709194971.4179852
140,1709194971.509689,1709194971.5142722
141,1709194971.6183758,1709194971.623891
142,1709194971.7045338,1709194971.7083297
143,1709194971.799609,1709194971.8028326
144,1709194971.9008684,1709194971.9041681
145,1709194972.0014296,1709194972.0078502
146,1709194972.1015115,1709194972.105979
147,1709194972.198464,1709194972.2049239
148,1709194972.305082,1709194972.3139412
149,1709194972.408168,1709194972.4119484
150,1709194972.5018783,1709194972.5052407
151,1709194972.614066,1709194972.6183093
152,1709194972.7079744,1709194972.7139494
153,1709194972.80316,1709194972.8065596
154,1709194972.907903,1709194972.9112177
155,1709194973.0091362,1709194973.0144758
156,1709194973.114771,1709194973.1196303
157,1709194973.2057598,1709194973.2174795
158,1709194973.2985144,1709194973.3024268
159,1709194973.4112866,1709194973.4146152
160,1709194973.51283,1709194973.5175495
161,1709194973.6002278,1709194973.6031947
162,1709194973.7061486,1709194973.7093103
163,1709194973.8012667,1709194973.8044283
164,1709194973.9001708,1709194973.9029565
165,1709194974.0003486,1709194974.0073147
166,1709194974.1019175,1709194974.104618
167,1709194974.2058303,1709194974.2092884
168,1709194974.3005505,1709194974.3041246
169,1709194974.4084518,1709194974.4126174
170,1709194974.5044658,1709194974.5093467
171,1709194974.6192992,1709194974.6252463
172,1709194974.7059684,1709194974.7089043
173,1709194974.8068957,1709194974.8122356
174,1709194974.9001312,1709194974.9028687
175,1709194975.0055392,1709194975.010749
176,1709194975.1094527,1709194975.1121778
177,1709194975.2103195,1709194975.213918
178,1709194975.29803,1709194975.3012016
179,1709194975.4079454,1709194975.410914
180,1709194975.5030274,1709194975.5123742
181,1709194975.631388,1709194975.634838
182,1709194975.7190533,1709194975.7221584
183,1709194975.8006113,1709194975.8046944
184,1709194975.9001172,1709194975.902942
185,1709194976.0054314,1709194976.0080404
186,1709194976.1017532,1709194976.104363
187,1709194976.2011216,1709194976.2048526
188,1709194976.310614,1709194976.313484
189,1709194976.4101155,1709194976.4127526
190,1709194976.5161242,1709194976.5192034
191,1709194976.6066573,1709194976.6129951
192,1709194976.7005389,1709194976.703441
193,1709194976.7995088,1709194976.8031445
194,1709194976.9001255,1709194976.9037786
195,1709194977.001343,1709194977.0038702
196,1709194977.0977986,1709194977.1007533
197,1709194977.1991613,1709194977.203124
198,1709194977.3006296,1709194977.3031955
199,1709194977.4011328,1709194977.4038062
200,1709194977.50121,1709194977.5035884
201,1709194977.607847,1709194977.6103137
202,1709194977.7106974,1709194977.71304
203,1709194977.7999218,1709194977.802086
204,1709194977.9056442,1709194977.9088395
205,1709194978.000801,1709194978.0031698
206,1709194978.1065536,1709194978.109592
207,1709194978.1989458,1709194978.2027445
208,1709194978.300697,1709194978.3022466
209,1709194978.401901,1709194978.4043531
210,1709194978.4992416,1709194978.502086
211,1709194978.602339,1709194978.6046643
212,1709194978.7044852,1709194978.7065332
213,1709194978.8000827,1709194978.802529
214,1709194978.9006605,1709194978.903134
215,1709194979.0015683,1709194979.00398
216,1709194979.1021476,1709194979.105269
217,1709194979.2012887,1709194979.203691
218,1709194979.3002954,1709194979.3034098
219,1709194979.4078915,1709194979.4105437
220,1709194979.5018322,1709194979.5048738
221,1709194979.5985935,1709194979.6013286
222,1709194979.701366,1709194979.7038138
223,1709194979.8055482,1709194979.8085535
224,1709194979.8982878,1709194979.9012635
225,1709194980.0011146,1709194980.0057375
226,1709194980.1072273,1709194980.109889
227,1709194980.202029,1709194980.2046838
228,1709194980.3002844,1709194980.3042202
229,1709194980.4000127,1709194980.4023936
230,1709194980.497292,1709194980.500778
231,1709194980.6011915,1709194980.6050467
232,1709194980.7010355,1709194980.704149
233,1709194980.8055425,1709194980.8084252
234,1709194980.900875,1709194980.9035478
235,1709194981.0041976,1709194981.012905
236,1709194981.1027374,1709194981.1053834
237,1709194981.2007856,1709194981.2093394
238,1709194981.3050928,1709194981.311316
239,1709194981.3990088,1709194981.4019244
240,1709194981.5037143,1709194981.508657
241,1709194981.600168,1709194981.6023514
242,1709194981.7043073,1709194981.7073321
243,1709194981.7990973,1709194981.8019114
244,1709194981.903473,1709194981.9058871
245,1709194982.0001705,1709194982.007212
246,1709194982.100995,1709194982.1033843
247,1709194982.2030907,1709194982.2056973
248,1709194982.310493,1709194982.3142092
249,1709194982.401746,1709194982.4042208
250,1709194982.4971316,1709194982.5031114
251,1709194982.6016412,1709194982.6041267
252,1709194982.7019053,1709194982.7044487
253,1709194982.8001401,1709194982.8025165
254,1709194982.9016807,1709194982.9047358
255,1709194982.9983377,1709194983.0041947
256,1709194983.1052244,1709194983.1082165
257,1709194983.2072031,1709194983.210415
258,1709194983.3038204,1709194983.307675
259,1709194983.4001539,1709194983.403081
260,1709194983.5001237,1709194983.5035768
261,1709194983.6067772,1709194983.610239
262,1709194983.6995583,1709194983.7022657
263,1709194983.7982988,1709194983.801074
264,1709194983.907142,1709194983.9107988
265,1709194984.0168693,1709194984.0194447
266,1709194984.0981898,1709194984.1008503
267,1709194984.201614,1709194984.2040288
268,1709194984.29871,1709194984.301744
269,1709194984.4060571,1709194984.409824
270,1709194984.4995432,1709194984.5021863
271,1709194984.6045456,1709194984.6067104
272,1709194984.705143,1709194984.7073913
273,1709194984.8010418,1709194984.8038332
274,1709194984.899141,1709194984.9038856
275,1709194985.0014691,1709194985.0068135
276,1709194985.1079383,1709194985.1107605
277,1709194985.204836,1709194985.2080858
278,1709194985.303882,1709194985.307954
279,1709194985.4028032,1709194985.4052496
280,1709194985.502184,1709194985.5047715
281,1709194985.6006336,1709194985.604205
282,1709194985.702879,1709194985.7054765
283,1709194985.7995298,1709194985.8032975
284,1709194985.897509,1709194985.9001982
285,1709194986.0089483,1709194986.0137753
286,1709194986.0990095,1709194986.1088552
287,1709194986.1989143,1709194986.2013803
288,1709194986.3005652,1709194986.3034515
289,1709194986.3981822,1709194986.40206
290,1709194986.5001533,1709194986.5056782
291,1709194986.6029716,1709194986.6063135
292,1709194986.7061677,1709194986.709215
293,1709194986.8013012,1709194986.8042648
294,1709194986.9092767,1709194986.918857
295,1709194987.015686,1709194987.018827
296,1709194987.1117766,1709194987.1144924
297,1709194987.2133408,1709194987.216188
298,1709194987.3052058,1709194987.3088148
299,1709194987.4070969,1709194987.4095147
300,1709194987.498297,1709194987.5018563
301,1709194987.6038795,1709194987.6064582
302,1709194987.697599,1709194987.7062626
303,1709194987.80602,1709194987.8090408
304,1709194987.898449,1709194987.9010367
305,1709194988.0012045,1709194988.0036857
306,1709194988.103965,1709194988.1064706
307,1709194988.2185347,1709194988.2209852
308,1709194988.3007107,1709194988.3045518
309,1709194988.4054856,1709194988.4079075
310,1709194988.49925,1709194988.5024812
311,1709194988.5977817,1709194988.6012824
312,1709194988.7029355,1709194988.7050707
313,1709194988.8041494,1709194988.8064487
314,1709194988.9024248,1709194988.905138
315,1709194989.0045936,1709194989.0077026
316,1709194989.1018763,1709194989.1042352
317,1709194989.1976373,1709194989.2016015
318,1709194989.3149102,1709194989.3192704
319,1709194989.4081388,1709194989.4106777
320,1709194989.4989328,1709194989.5021527
321,1709194989.605529,1709194989.6079242
322,1709194989.6980474,1709194989.699966
323,1709194989.8014,1709194989.805143
324,1709194989.902516,1709194989.9064422
325,1709194990.0032554,1709194990.0055344
326,1709194990.1063766,1709194990.1089518
327,1709194990.2018824,1709194990.2043755
328,1709194990.2993035,1709194990.30604
329,1709194990.4070506,1709194990.4103198
330,1709194990.5048544,1709194990.5075636
331,1709194990.601983,1709194990.6096523
332,1709194990.6976073,1709194990.7061982
333,1709194990.798141,1709194990.8006387
334,1709194990.903459,1709194990.9059732
335,1709194990.9969683,1709194990.9996293
336,1709194991.1032038,1709194991.1057715
337,1709194991.2060537,1709194991.2082467
338,1709194991.3087747,1709194991.3159544
339,1709194991.3984873,1709194991.4007354
340,1709194991.5112212,1709194991.5146236
341,1709194991.6011727,1709194991.6035442
342,1709194991.70059,1709194991.7029002
343,1709194991.7998848,1709194991.8027265
344,1709194991.8981135,1709194991.9005418
345,1709194992.0023468,1709194992.0054274
346,1709194992.1061344,1709194992.1087513
347,1709194992.2010705,1709194992.2049482
348,1709194992.2994823,1709194992.3025398
349,1709194992.402741,1709194992.4047935
350,1709194992.5031278,1709194992.5060298
351,1709194992.5991387,1709194992.6026344
352,1709194992.7017698,1709194992.7042449
353,1709194992.8026307,1709194992.8049273
354,1709194992.9036288,1709194992.9060843
355,1709194993.0056734,1709194993.0081184
356,1709194993.1028008,1709194993.10519
357,1709194993.200606,1709194993.2032878
358,1709194993.3031642,1709194993.3057399
359,1709194993.3984864,1709194993.4005811
360,1709194993.5034943,1709194993.5063808
361,1709194993.603813,1709194993.6063402
362,1709194993.7098854,1709194993.7120478
363,1709194993.80046,1709194993.802889
364,1709194993.904214,1709194993.9077423
365,1709194994.0064423,1709194994.0094452
366,1709194994.100658,1709194994.1040328
367,1709194994.2036204,1709194994.206268
368,1709194994.2995334,1709194994.303338
369,1709194994.398662,1709194994.4014082
370,1709194994.5012527,1709194994.504308
371,1709194994.5990472,1709194994.6023777
372,1709194994.7066014,1709194994.7089224
373,1709194994.8025935,1709194994.8057928
374,1709194994.9016464,1709194994.9032505
375,1709194994.9997733,1709194995.004202
376,1709194995.0983937,1709194995.1012866
377,1709194995.1974766,1709194995.1998746
378,1709194995.3052716,1709194995.307511
379,1709194995.396881,1709194995.3988695
380,1709194995.5009575,1709194995.5044093
381,1709194995.5997043,1709194995.6044211
382,1709194995.700373,1709194995.704015
383,1709194995.8048704,1709194995.807295
384,1709194995.8971798,1709194995.9009545
385,1709194996.0008628,1709194996.0031025
386,1709194996.0984612,1709194996.1005826
387,1709194996.1997209,1709194996.2022593
388,1709194996.2998524,1709194996.3026366
389,1709194996.3978198,1709194996.4004953
390,1709194996.5040264,1709194996.5063815
391,1709194996.6026583,1709194996.6047904
392,1709194996.7054625,1709194996.7076237
393,1709194996.8022852,1709194996.8065224
394,1709194996.9003174,1709194996.9029691
395,1709194997.001295,1709194997.004138
396,1709194997.1064742,1709194997.1095774
397,1709194997.209932,1709194997.2125232
398,1709194997.3004775,1709194997.3027527
399,1709194997.3972418,1709194997.400306
400,1709194997.5009892,1709194997.5034232
401,1709194997.6004152,1709194997.6026437
402,1709194997.7145493,1709194997.7171307
403,1709194997.8083594,1709194997.8110487
404,1709194997.8984,1709194997.9013436
405,1709194997.998741,1709194998.0013165
406,1709194998.1062663,1709194998.108909
407,1709194998.1978092,1709194998.200906
408,1709194998.3012762,1709194998.304424
409,1709194998.4044135,1709194998.4102783
410,1709194998.5020242,1709194998.5048819
411,1709194998.6021066,1709194998.6046572
412,1709194998.701869,1709194998.7042277
413,1709194998.8002875,1709194998.803067
414,1709194998.9001544,1709194998.9039617
415,1709194999.0094228,1709194999.0136344
416,1709194999.1052892,1709194999.1085467
417,1709194999.210032,1709194999.2126606
418,1709194999.3003838,1709194999.302806
419,1709194999.4116929,1709194999.4140995
420,1709194999.499616,1709194999.5021212
421,1709194999.6005704,1709194999.6030188
422,1709194999.7077422,1709194999.7101216
423,1709194999.806232,1709194999.8089488
424,1709194999.900505,1709194999.902911
425,1709195000.0040886,1709195000.0073745
426,1709195000.098279,1709195000.1011071
427,1709195000.1997514,1709195000.2022874
428,1709195000.3048506,1709195000.3077419
429,1709195000.4087398,1709195000.4087467
430,1709195000.5106184,1709195000.5106237
431,1709195000.5999796,1709195000.599985
432,1709195000.7029617,1709195000.7029676
433,1709195000.8116705,1709195000.8116753
434,1709195000.902693,1709195000.902698
435,1709195001.0100558,1709195001.0100613
436,1709195001.0981336,1709195001.0981393
437,1709195001.2006454,1709195001.20065
438,1709195001.2993357,1709195001.2993515
439,1709195001.4082558,1709195001.4082603
440,1709195001.5129805,1709195001.5129871
441,1709195001.6074293,1709195001.6074355
442,1709195001.6990156,1709195001.699021
443,1709195001.8037524,1709195001.8037577
444,1709195001.9052804,1709195001.9052856
445,1709195002.0048835,1709195002.0048885
446,1709195002.1033075,1709195002.1033127
447,1709195002.201319,1709195002.2013237
448,1709195002.3058136,1709195002.305819
449,1709195002.4045148,1709195002.4045203
450,1709195002.5025852,1709195002.5025885
451,1709195002.6136172,1709195002.613622
452,1709195002.7059479,1709195002.7059524
453,1709195002.7997017,1709195002.7997072
454,1709195002.9021604,1709195002.9021647
455,1709195003.0030026,1709195003.0030077
456,1709195003.1001267,1709195003.1001346
457,1709195003.2021942,1709195003.2022004
458,1709195003.3012245,1709195003.3012297
459,1709195003.3996897,1709195003.3997033
460,1709195003.5036175,1709195003.5036218
461,1709195003.6017725,1709195003.6017792
462,1709195003.7103612,1709195003.7103653
463,1709195003.804406,1709195003.8044105
464,1709195003.9067123,1709195003.9067175
465,1709195004.0012796,1709195004.0012846
466,1709195004.1076822,1709195004.1076884
467,1709195004.2004714,1709195004.2004764
468,1709195004.3013096,1709195004.301315
469,1709195004.3973954,1709195004.3974006
470,1709195004.50489,1709195004.5048957
471,1709195004.607494,1709195004.6075
472,1709195004.7021685,1709195004.7021735
473,1709195004.8002105,1709195004.8002155
474,1709195004.9046261,1709195004.9046292
475,1709195005.0073278,1709195005.0073376
476,1709195005.1083074,1709195005.1083133
477,1709195005.2042317,1709195005.2042363
478,1709195005.3080053,1709195005.3080127
479,1709195005.4027483,1709195005.4027524
480,1709195005.5026934,1709195005.5026987
481,1709195005.60256,1709195005.6025655
482,1709195005.7000425,1709195005.700048
483,1709195005.8016827,1709195005.8016872
484,1709195005.905697,1709195005.905702
485,1709195006.0056872,1709195006.0056927
486,1709195006.112227,1709195006.112233
487,1709195006.2063723,1709195006.206378
488,1709195006.306016,1709195006.3060222
489,1709195006.4064019,1709195006.4064066
490,1709195006.503239,1709195006.5032437
491,1709195006.602173,1709195006.6021783
492,1709195006.7066512,1709195006.706658
493,1709195006.7991142,1709195006.79912
494,1709195006.9067864,1709195006.9067926
495,1709195007.0139885,1709195007.0139947
496,1709195007.1099112,1709195007.1099176
497,1709195007.2050998,1709195007.2051046
498,1709195007.302549,1709195007.3025544
499,1709195007.411021,1709195007.4110265
500,1709195007.5129802,1709195007.5129857
501,1709195007.619475,1709195007.6194847
502,1709195007.6996708,1709195007.6996765
503,1709195007.8058348,1709195007.8058393
504,1709195007.9035897,1709195007.9035947
505,1709195008.005551,1709195008.0055594
506,1709195008.1042342,1709195008.10424
507,1709195008.20656,1709195008.206567
508,1709195008.298015,1709195008.29802
509,1709195008.3991807,1709195008.3991857
510,1709195008.5214882,1709195008.521494
511,1709195008.6096876,1709195008.6096928
512,1709195008.7122867,1709195008.7122922
513,1709195008.8150158,1709195008.815023
514,1709195008.9359796,1709195008.9359865
515,1709195009.022474,1709195009.0224793
516,1709195009.1158576,1709195009.1158636
517,1709195009.2022877,1709195009.202293
518,1709195009.3032572,1709195009.3032603
519,1709195009.4075172,1709195009.4075227
520,1709195009.509358,1709195009.5093632
521,1709195009.600278,1709195009.6002839
522,1709195009.7048097,1709195009.704815
523,1709195009.8088484,1709195009.8088553
524,1709195009.9072926,1709195009.907298
525,1709195010.006173,1709195010.0061781
526,1709195010.1063142,1709195010.1063194
527,1709195010.2039742,1709195010.2039788
528,1709195010.3059597,1709195010.305965
529,1709195010.40939,1709195010.4093957
530,1709195010.502201,1709195010.5022063
531,1709195010.6064487,1709195010.6064544
532,1709195010.7002566,1709195010.7002616
533,1709195010.8104372,1709195010.8104415
534,1709195010.9053388,1709195010.9053435
535,1709195011.0064101,1709195011.0064144
536,1709195011.1017249,1709195011.10173
537,1709195011.2073636,1709195011.2073693
538,1709195011.2971313,1709195011.297136
539,1709195011.4082034,1709195011.4082084
540,1709195011.5130215,1709195011.5130277
541,1709195011.598104,1709195011.598109
542,1709195011.701952,1709195011.7019577
543,1709195011.8027768,1709195011.802782
544,1709195011.9079487,1709195011.9079535
545,1709195012.003882,1709195012.0038872
546,1709195012.110368,1709195012.1103742
547,1709195012.203531,1709195012.2035358
548,1709195012.3016949,1709195012.301699
549,1709195012.406731,1709195012.406735
550,1709195012.5006776,1709195012.5006826
551,1709195012.6044285,1709195012.604434
552,1709195012.7081704,1709195012.7081757
553,1709195012.8006556,1709195012.8006637
554,1709195012.9019554,1709195012.9019601
555,1709195012.9990115,1709195012.9990184
556,1709195013.1002867,1709195013.1002915
557,1709195013.2108786,1709195013.2108831
558,1709195013.3051443,1709195013.3051498
559,1709195013.3973002,1709195013.3973055
560,1709195013.50134,1709195013.5013454
561,1709195013.6106021,1709195013.6106071
562,1709195013.7029266,1709195013.7029312
563,1709195013.8012779,1709195013.8012834
564,1709195013.8984869,1709195013.898492
565,1709195014.007388,1709195014.0073934
566,1709195014.10356,1709195014.1035655
567,1709195014.205663,1709195014.2056682
568,1709195014.3055136,1709195014.3055193
569,1709195014.4014995,1709195014.4015045
570,1709195014.5048952,1709195014.5049
571,1709195014.6018753,1709195014.6018832
572,1709195014.7048833,1709195014.7048893
573,1709195014.802102,1709195014.8021066
574,1709195014.9035742,1709195014.903581
575,1709195015.0029716,1709195015.002978
576,1709195015.104264,1709195015.1042697
577,1709195015.1999376,1709195015.1999447
578,1709195015.3014898,1709195015.3014934
579,1709195015.4137545,1709195015.41376
580,1709195015.506283,1709195015.506287
581,1709195015.6113436,1709195015.6113493
582,1709195015.6995037,1709195015.6995091
583,1709195015.8026884,1709195015.8026934
584,1709195015.9004486,1709195015.9004538
585,1709195016.0004466,1709195016.0004518
586,1709195016.1070113,1709195016.107016
587,1709195016.2061663,1709195016.2061713
588,1709195016.303658,1709195016.303664
589,1709195016.4042907,1709195016.4042978
590,1709195016.5025518,1709195016.5025563
591,1709195016.6067655,1709195016.6067705
592,1709195016.7018273,1709195016.7018309
593,1709195016.7981682,1709195016.7981756
594,1709195016.8999827,1709195016.8999875
595,1709195017.00576,1709195017.0057647
596,1709195017.106932,1709195017.1069374
597,1709195017.2070465,1709195017.2070534
598,1709195017.3015583,1709195017.301563
599,1709195017.4039352,1709195017.403941
600,1709195017.4997718,1709195017.4997756
601,1709195017.6062808,1709195017.6062856
602,1709195017.7050347,1709195017.7050395
603,1709195017.797757,1709195017.797761
604,1709195017.9065728,1709195017.9065788
605,1709195018.0033245,1709195018.00333
606,1709195018.1063416,1709195018.1063447
607,1709195018.2021296,1709195018.2021346
608,1709195018.2976656,1709195018.2976706
609,1709195018.4022055,1709195018.4022117
610,1709195018.5034869,1709195018.5034916
611,1709195018.6116052,1709195018.6116114
612,1709195018.7047493,1709195018.7047544
613,1709195018.8021271,1709195018.8021317
614,1709195018.9072793,1709195018.9072845
615,1709195019.0080316,1709195019.008039
616,1709195019.1039944,1709195019.1039994
617,1709195019.19736,1709195019.197365
618,1709195019.310967,1709195019.3109705
619,1709195019.4013686,1709195019.401374
620,1709195019.5011692,1709195019.5011768
621,1709195019.602085,1709195019.60209
622,1709195019.705003,1709195019.7050076
623,1709195019.8078563,1709195019.8078628
624,1709195019.9073505,1709195019.9073558
625,1709195020.0081093,1709195020.0081146
626,1709195020.4928944,1709195020.4929042
627,1709195020.5021718,1709195020.5021768
628,1709195020.510561,1709195020.5105665
629,1709195020.6078055,1709195020.6078103
630,1709195020.7016082,1709195020.701614
631,1709195020.8011053,1709195020.8011124
632,1709195020.9041176,1709195020.904122
633,1709195021.0059953,1709195021.0060008
634,1709195021.0998063,1709195021.099812
635,1709195021.198495,1709195021.1985009
636,1709195021.3018932,1709195021.3018992
637,1709195021.4000232,1709195021.400029
638,1709195021.4984887,1709195021.4984937
639,1709195021.6011791,1709195021.601185
640,1709195021.7004356,1709195021.7004426
641,1709195021.7981782,1709195021.7981834
642,1709195021.9016285,1709195021.9016328
643,1709195022.0057836,1709195022.0057883
644,1709195022.0980883,1709195022.0980937
645,1709195022.200175,1709195022.20018
646,1709195022.3021233,1709195022.3021283
647,1709195022.4034564,1709195022.40351
648,1709195022.5022016,1709195022.5022058
649,1709195022.6021307,1709195022.6021364
650,1709195022.699372,1709195022.699378
651,1709195022.7981791,1709195022.7981846
652,1709195022.9007857,1709195022.9007916
653,1709195023.0016499,1709195023.0016558
654,1709195023.101844,1709195023.1018488
655,1709195023.2028272,1709195023.2028322
656,1709195023.2977154,1709195023.2977204
657,1709195023.401712,1709195023.4017177
658,1709195023.511223,1709195023.511228
659,1709195023.5993488,1709195023.5993536
660,1709195023.700226,1709195023.700232
661,1709195023.799702,1709195023.799708
662,1709195023.9017577,1709195023.901763
663,1709195024.0009594,1709195024.0009646
664,1709195024.1052153,1709195024.1052208
665,1709195024.2042575,1709195024.2042637
666,1709195024.301512,1709195024.3015163
667,1709195024.3987544,1709195024.3987594
668,1709195024.4972763,1709195024.497282
669,1709195024.5980186,1709195024.5980237
670,1709195024.7033763,1709195024.7033815
671,1709195024.8021278,1709195024.8021338
672,1709195024.900594,1709195024.900599
673,1709195024.9996471,1709195024.9996529
674,1709195025.1004798,1709195025.1004846
675,1709195025.202729,1709195025.2027342
676,1709195025.299287,1709195025.299293
677,1709195025.4039876,1709195025.403993
678,1709195025.5064888,1709195025.506494
679,1709195025.6015277,1709195025.6015332
680,1709195025.7026367,1709195025.7026427
681,1709195025.8078823,1709195025.8078878
682,1709195025.903528,1709195025.9035325
683,1709195026.001179,1709195026.0011833
684,1709195026.0974746,1709195026.0974789
685,1709195026.1996522,1709195026.1996558
686,1709195026.3003242,1709195026.3003287
687,1709195026.4136941,1709195026.4136996
688,1709195026.500584,1709195026.500589
689,1709195026.6003053,1709195026.600311
690,1709195026.7030146,1709195026.70302
691,1709195026.8037941,1709195026.8037987
692,1709195026.9069242,1709195026.9069285
693,1709195026.9986403,1709195026.9986448
694,1709195027.105217,1709195027.1052222
695,1709195027.198209,1709195027.1982138
696,1709195027.3085687,1709195027.3085742
697,1709195027.4028425,1709195027.4028494
698,1709195027.4985237,1709195027.49853
699,1709195027.5989492,1709195027.598953
700,1709195027.7022212,1709195027.7022247
701,1709195027.799839,1709195027.7998443
702,1709195027.900921,1709195027.900927
703,1709195028.0060143,1709195028.0060189
704,1709195028.10188,1709195028.1018856
705,1709195028.2012439,1709195028.2012503
706,1709195028.3002095,1709195028.300214
707,1709195028.401116,1709195028.4011204
708,1709195028.5017297,1709195028.5017345
709,1709195028.6011636,1709195028.601169
710,1709195028.6993814,1709195028.6993866
711,1709195028.800417,1709195028.8004224
712,1709195028.9018617,1709195028.9018662
713,1709195029.0036387,1709195029.003647
714,1709195029.100046,1709195029.1000504
715,1709195029.204805,1709195029.2048104
716,1709195029.3062868,1709195029.3062923
717,1709195029.4002607,1709195029.4002662
718,1709195029.502808,1709195029.502813
719,1709195029.6026459,1709195029.6026533
720,1709195029.7018154,1709195029.7018204
721,1709195029.809573,1709195029.8095775
722,1709195029.8994007,1709195029.8994045
723,1709195030.0006332,1709195030.0006368
724,1709195030.1127355,1709195030.1127408
725,1709195030.2073228,1709195030.2073321
726,1709195030.3038106,1709195030.3038158
727,1709195030.403599,1709195030.4036024
728,1709195030.502528,1709195030.5026271
729,1709195030.6083152,1709195030.608322
730,1709195030.7056866,1709195030.7056897
731,1709195030.80329,1709195030.8032959
732,1709195030.904099,1709195030.9041045
733,1709195030.998345,1709195030.99835
734,1709195031.1032305,1709195031.1032357
735,1709195031.2033954,1709195031.2034004
736,1709195031.3049667,1709195031.3049712
737,1709195031.4040203,1709195031.4040256
738,1709195031.5002158,1709195031.5002217
739,1709195031.5982502,1709195031.5982552
740,1709195031.7073362,1709195031.7073417
741,1709195031.808054,1709195031.808059
742,1709195031.8986938,1709195031.898699
743,1709195032.0078983,1709195032.0079036
744,1709195032.1053023,1709195032.105308
745,1709195032.1971087,1709195032.1971145
746,1709195032.3118737,1709195032.3118792
747,1709195032.4075584,1709195032.4075637
748,1709195032.5060232,1709195032.506029
749,1709195032.613273,1709195032.6132777
750,1709195032.7079062,1709195032.7079124
751,1709195032.802579,1709195032.8025835
752,1709195032.9116066,1709195032.911613
753,1709195033.0027862,1709195033.0027907
754,1709195033.0977747,1709195033.0977802
755,1709195033.2083986,1709195033.2084038
756,1709195033.2999616,1709195033.2999675
757,1709195033.3999865,1709195033.3999925
758,1709195033.4991126,1709195033.4991162
759,1709195033.5990644,1709195033.5990694
760,1709195033.704812,1709195033.7048168
761,1709195033.7983406,1709195033.7983756
762,1709195033.8992288,1709195033.899235
763,1709195033.9991148,1709195033.999121
764,1709195034.0994058,1709195034.0994124
765,1709195034.2023356,1709195034.2023416
766,1709195034.3028781,1709195034.302884
767,1709195034.4005392,1709195034.4005456
768,1709195034.4995978,1709195034.499603
769,1709195034.6116831,1709195034.6116893
770,1709195034.7061915,1709195034.7061963
771,1709195034.802992,1709195034.803002
772,1709195034.899505,1709195034.8995085
773,1709195035.0147214,1709195035.0147269
774,1709195035.1051776,1709195035.1051826
775,1709195035.2020698,1709195035.2020743
776,1709195035.3075573,1709195035.307563
777,1709195035.3977895,1709195035.397798
778,1709195035.5121486,1709195035.5121567
779,1709195035.5996335,1709195035.5996385
780,1709195035.7034419,1709195035.7034473
781,1709195035.799518,1709195035.799523
782,1709195035.9106336,1709195035.9106388
783,1709195036.000661,1709195036.000667
784,1709195036.1025789,1709195036.1025841
785,1709195036.2078004,1709195036.2078054
786,1709195036.3063276,1709195036.3063338
787,1709195036.4016275,1709195036.4016323
788,1709195036.499418,1709195036.4994214
789,1709195036.6040714,1709195036.6040764
790,1709195036.7061188,1709195036.7061245
791,1709195036.7987776,1709195036.798782
792,1709195036.9027739,1709195036.9027789
793,1709195036.9989266,1709195036.9989314
794,1709195037.0995066,1709195037.0995133
795,1709195037.2092783,1709195037.2092843
796,1709195037.3093576,1709195037.3093626
797,1709195037.4132123,1709195037.413218
798,1709195037.5122368,1709195037.5122414
799,1709195037.6051044,1709195037.6051095
800,1709195037.7060263,1709195037.7060316
801,1709195037.7986822,1709195037.7986872
802,1709195037.8997674,1709195037.8997734
803,1709195038.003355,1709195038.0033607
804,1709195038.100338,1709195038.1003437
805,1709195038.1968448,1709195038.1968508
806,1709195038.3006916,1709195038.3006976
807,1709195038.4055915,1709195038.4055967
808,1709195038.5032377,1709195038.5032437
809,1709195038.6017532,1709195038.6017597
810,1709195038.698348,1709195038.698353
811,1709195038.7989197,1709195038.7989256
812,1709195038.8991098,1709195038.8991156
813,1709195038.9970582,1709195038.9970636
814,1709195039.1007082,1709195039.1007144
815,1709195039.201609,1709195039.2017593
816,1709195039.3018215,1709195039.3018277
817,1709195039.397065,1709195039.3970704
818,1709195039.4985006,1709195039.4985046
819,1709195039.6008344,1709195039.60084
820,1709195039.7023265,1709195039.7023323
821,1709195039.7988436,1709195039.7989016
822,1709195039.9143689,1709195039.9144156
823,1709195040.0048473,1709195040.0048923
824,1709195040.1115594,1709195040.1116133
825,1709195040.2031813,1709195040.203232
826,1709195040.303213,1709195040.3032715
827,1709195040.402689,1709195040.4027262
828,1709195040.5002253,1709195040.5002902
829,1709195040.6028197,1709195040.6028588
830,1709195040.701315,1709195040.7013924
831,1709195040.803333,1709195040.8033738
832,1709195040.9054444,1709195040.90549
833,1709195041.0142064,1709195041.0142515
834,1709195041.1123474,1709195041.112395
835,1709195041.2025802,1709195041.202649
836,1709195041.3018806,1709195041.301936
837,1709195041.4004483,1709195041.400501
838,1709195041.4998472,1709195041.4998987
839,1709195041.6003199,1709195041.6003637
840,1709195041.7113006,1709195041.7113464
841,1709195041.8032823,1709195041.8033245
842,1709195041.899115,1709195041.8991582
843,1709195042.0065029,1709195042.006559
844,1709195042.1036103,1709195042.1036656
845,1709195042.2040133,1709195042.2040539
846,1709195042.3063793,1709195042.306437
847,1709195042.3976977,1709195042.397773
848,1709195042.501664,1709195042.5017693
849,1709195042.6010048,1709195042.6010861
850,1709195042.7054064,1709195042.7054584
851,1709195042.8103101,1709195042.8104315
852,1709195042.9090116,1709195042.9090533
853,1709195043.004264,1709195043.0043032
854,1709195043.0992923,1709195043.099329
855,1709195043.1987834,1709195043.1988442
856,1709195043.2979817,1709195043.2980294
857,1709195043.4091158,1709195043.4091516
858,1709195043.5033715,1709195043.5034032
859,1709195043.6012137,1709195043.601243
860,1709195043.7093012,1709195043.7093441
861,1709195043.798026,1709195043.7980788
862,1709195043.9038815,1709195043.9039218
863,1709195044.0091555,1709195044.0091996
864,1709195044.1043637,1709195044.1044858
865,1709195044.2095103,1709195044.209553
866,1709195044.3113232,1709195044.3113675
867,1709195044.4010103,1709195044.4010386
868,1709195044.5089037,1709195044.508978
869,1709195044.6000392,1709195044.6000996
870,1709195044.6971908,1709195044.6972723
871,1709195044.8010714,1709195044.8011165
872,1709195044.903195,1709195044.9032974
873,1709195044.9983754,1709195044.9984195
874,1709195045.1032853,1709195045.10332
875,1709195045.2021334,1709195045.202169
876,1709195045.3009474,1709195045.300992
877,1709195045.401031,1709195045.4011126
878,1709195045.5044358,1709195045.5045006
879,1709195045.6065004,1709195045.6065433
880,1709195045.706405,1709195045.7064493
881,1709195045.805101,1709195045.8051324
882,1709195045.8999755,1709195045.9000168
883,1709195046.006221,1709195046.0062685
884,1709195046.0990644,1709195046.0990956
885,1709195046.2027175,1709195046.2027721
886,1709195046.3079875,1709195046.3080375
887,1709195046.400523,1709195046.400565
888,1709195046.511401,1709195046.5114427
889,1709195046.6023028,1709195046.602338
890,1709195046.7018352,1709195046.7018816
891,1709195046.8053024,1709195046.8053486
892,1709195046.9065773,1709195046.9066358
893,1709195047.0091603,1709195047.0092194
894,1709195047.1058056,1709195047.1058419
895,1709195047.1994693,1709195047.1995354
896,1709195047.302936,1709195047.3029804
897,1709195047.4008024,1709195047.4008548
898,1709195047.4987757,1709195047.498854
899,1709195047.601864,1709195047.6019077
900,1709195047.7050273,1709195047.705065
901,1709195047.800007,1709195047.8000457
902,1709195047.9019196,1709195047.9019651
903,1709195048.0018091,1709195048.0018585
904,1709195048.1074076,1709195048.1074555
905,1709195048.1985214,1709195048.1985726
906,1709195048.301057,1709195048.3011277
907,1709195048.400556,1709195048.4005978
908,1709195048.5139341,1709195048.5140018
909,1709195048.601941,1709195048.6020198
910,1709195048.7060087,1709195048.706078
911,1709195048.802952,1709195048.8030515
912,1709195048.9047816,1709195048.9048545
913,1709195049.0000587,1709195049.0001385
914,1709195049.100104,1709195049.1001441
915,1709195049.1999,1709195049.1999454
916,1709195049.3007848,1709195049.3008475
917,1709195049.401583,1709195049.401664
918,1709195049.4986882,1709195049.4987779
919,1709195049.5993485,1709195049.5993907
920,1709195049.7041883,1709195049.7042506
921,1709195049.8007917,1709195049.8008382
922,1709195049.8988461,1709195049.8988986
923,1709195050.0070662,1709195050.0071077
924,1709195050.0996332,1709195050.0996766
925,1709195050.2002451,1709195050.2002852
926,1709195050.2995799,1709195050.299617
927,1709195050.409103,1709195050.4091642
928,1709195050.5036771,1709195050.5037317
929,1709195050.6102352,1709195050.6102757
930,1709195050.7074988,1709195050.7075505
931,1709195050.801655,1709195050.8017807
932,1709195050.9079604,1709195050.9080124
933,1709195051.0025144,1709195051.002604
934,1709195051.099069,1709195051.0991197
935,1709195051.203982,1709195051.204061
936,1709195051.3002207,1709195051.300289
937,1709195051.4062963,1709195051.4064198
938,1709195051.5039186,1709195051.503968
939,1709195051.6004546,1709195051.6005077
940,1709195051.7050867,1709195051.7051609
941,1709195051.80507,1709195051.8051093
942,1709195051.9049296,1709195051.9050286
943,1709195052.0059893,1709195052.0060298
944,1709195052.1108472,1709195052.1109037
945,1709195052.2042072,1709195052.2042472
946,1709195052.3044493,1709195052.3044941
947,1709195052.4010024,1709195052.4010541
948,1709195052.503618,1709195052.5036514
949,1709195052.6060266,1709195052.6060925
950,1709195052.7014964,1709195052.7015433
951,1709195052.811717,1709195052.81181
952,1709195052.9024167,1709195052.9024901
953,1709195053.0025578,1709195053.0026326
954,1709195053.104735,1709195053.1048553
955,1709195053.20182,1709195053.2018955
956,1709195053.3070939,1709195053.30718
957,1709195053.4051535,1709195053.4052203
958,1709195053.502895,1709195053.5029376
959,1709195053.613018,1709195053.6131814
960,1709195053.7014914,1709195053.7015371
961,1709195053.8036659,1709195053.8036935
962,1709195053.8993723,1709195053.8994453
963,1709195053.9992352,1709195053.9992967
964,1709195054.1006846,1709195054.1007512
965,1709195054.199343,1709195054.1993744
966,1709195054.310087,1709195054.3101394
967,1709195054.4043338,1709195054.4043787
968,1709195054.501759,1709195054.5018013
969,1709195054.6043282,1709195054.6043801
970,1709195054.7052252,1709195054.7052982
971,1709195054.8017454,1709195054.8017862
972,1709195054.9077682,1709195054.907811
973,1709195055.0099988,1709195055.01007
974,1709195055.1025205,1709195055.1025794
975,1709195055.2022815,1709195055.2023304
976,1709195055.3107886,1709195055.3108394
977,1709195055.4096003,1709195055.4096577
978,1709195055.5053277,1709195055.5053735
979,1709195055.614296,1709195055.6144001
980,1709195055.6987994,1709195055.698845
981,1709195055.8018339,1709195055.8018975
982,1709195055.9110985,1709195055.911165
983,1709195056.0043685,1709195056.0044248
984,1709195056.0998185,1709195056.099888
985,1709195056.1981125,1709195056.1981895
986,1709195056.3009195,1709195056.3009713
987,1709195056.4102514,1709195056.410285
988,1709195056.5023918,1709195056.5024488
989,1709195056.6027746,1709195056.602822
990,1709195056.7079396,1709195056.7079878
991,1709195056.8107657,1709195056.8108609
992,1709195056.9036632,1709195056.9036992
993,1709195057.004785,1709195057.004829
994,1709195057.0995383,1709195057.0995808
995,1709195057.20401,1709195057.204054
996,1709195057.3000576,1709195057.3001025
997,1709195057.401145,1709195057.4011917
998,1709195057.5016935,1709195057.5017402
999,1709195057.6028125,1709195057.6028616
1000,1709195057.6996706,1709195057.6997147
1001,1709195057.8013146,1709195057.8013434
1002,1709195057.9010339,1709195057.9010801
1003,1709195057.998917,1709195057.9989593
1004,1709195058.1041546,1709195058.104204
1005,1709195058.202615,1709195058.2026489
1006,1709195058.3050919,1709195058.3051698
1007,1709195058.3984053,1709195058.398488
1008,1709195058.5167801,1709195058.5168538
1009,1709195058.6005898,1709195058.6006744
1010,1709195058.7207954,1709195058.7208412
1011,1709195058.813028,1709195058.8131151
1012,1709195058.910188,1709195058.9103117
1013,1709195059.00545,1709195059.005519
1014,1709195059.1105015,1709195059.110861
1015,1709195059.2095437,1709195059.2096114
1016,1709195059.30449,1709195059.304557
1017,1709195059.4075696,1709195059.4076364
1018,1709195059.5091019,1709195059.5091894
1019,1709195059.6048265,1709195059.6050117
1020,1709195059.7127523,1709195059.712836
1021,1709195059.8030407,1709195059.8031285
1022,1709195059.9075334,1709195059.9077487
1023,1709195059.9983506,1709195059.9984367
1024,1709195060.1023574,1709195060.1024313
1025,1709195060.2025828,1709195060.2026913
1026,1709195060.300728,1709195060.3008363
1027,1709195060.4012704,1709195060.401347
1028,1709195060.5058727,1709195060.505957
1029,1709195060.6001108,1709195060.6001935
1030,1709195060.7039027,1709195060.703995
1031,1709195060.8046415,1709195060.8047235
1032,1709195060.902038,1709195060.9021215
1033,1709195061.0026004,1709195061.0026777
1034,1709195061.0995753,1709195061.0996373
1035,1709195061.2047265,1709195061.2048252
1036,1709195061.3030107,1709195061.3030946
1037,1709195061.4027202,1709195061.402781
1038,1709195061.5002909,1709195061.5003512
1039,1709195061.6132164,1709195061.6132848
1040,1709195061.701113,1709195061.7012212
1041,1709195061.8022342,1709195061.8023107
1042,1709195061.9051404,1709195061.9053977
1043,1709195061.9991915,1709195061.999266
1044,1709195062.102381,1709195062.1025274
1045,1709195062.2029364,1709195062.2030194
1046,1709195062.300655,1709195062.3007398
1047,1709195062.4035733,1709195062.4036481
1048,1709195062.50274,1709195062.5028465
1049,1709195062.6047075,1709195062.6047885
1050,1709195062.70004,1709195062.7001183
1051,1709195062.8095632,1709195062.8096426
1052,1709195062.8980947,1709195062.8981686
1053,1709195063.004897,1709195063.0049746
1054,1709195063.103723,1709195063.1037917
1055,1709195063.2085912,1709195063.2086697
1056,1709195063.3057582,1709195063.3058336
1057,1709195063.401349,1709195063.4014184
1058,1709195063.5001256,1709195063.5001965
1059,1709195063.600971,1709195063.6010344
1060,1709195063.706439,1709195063.7065876
1061,1709195063.817551,1709195063.8176095
1062,1709195063.9041233,1709195063.9042063
1063,1709195063.9993162,1709195063.9994466
1064,1709195064.1096008,1709195064.109667
1065,1709195064.1988385,1709195064.198916
1066,1709195064.3063035,1709195064.3063843
1067,1709195064.4027026,1709195064.4027822
1068,1709195064.5003035,1709195064.500379
1069,1709195064.5986989,1709195064.5987618
1070,1709195064.6979415,1709195064.698056
1071,1709195064.800896,1709195064.8010151
1072,1709195064.8991616,1709195064.8992405
1073,1709195065.000027,1709195065.0000916
1074,1709195065.0973372,1709195065.0973842
1075,1709195065.1999907,1709195065.2000263
1076,1709195065.3017921,1709195065.3018348
1077,1709195065.4033992,1709195065.4034345
1078,1709195065.5039783,1709195065.5040238
1079,1709195065.5984251,1709195065.5984669
1080,1709195065.7073889,1709195065.707424
1081,1709195065.815108,1709195065.815114
1082,1709195065.9099653,1709195065.9099703
1083,1709195066.0044777,1709195066.0044823
1084,1709195066.1046317,1709195066.1046374
1085,1709195066.2029436,1709195066.2029493
1086,1709195066.3006263,1709195066.3006315
1087,1709195066.4076922,1709195066.4076974
1088,1709195066.5033197,1709195066.5033233
1089,1709195066.6052532,1709195066.6052587
1090,1709195066.7016363,1709195066.7016418
1091,1709195066.8005817,1709195066.800586
1092,1709195066.8985975,1709195066.8986032
1093,1709195067.0029187,1709195067.0029233
1094,1709195067.10546,1709195067.1054673
1095,1709195067.2038558,1709195067.2038612
1096,1709195067.3014393,1709195067.301443
1097,1709195067.402371,1709195067.4023757
1098,1709195067.506034,1709195067.5060394
1099,1709195067.6085026,1709195067.6085093
1100,1709195067.7088318,1709195067.7088354
1101,1709195067.8031702,1709195067.805383
1102,1709195067.9030435,1709195067.9056206
1103,1709195068.0031056,1709195068.0054502
1104,1709195068.1004236,1709195068.101966
1105,1709195068.198869,1709195068.206884
1106,1709195068.2985263,1709195068.301372
1107,1709195068.4047797,1709195068.4070487
1108,1709195068.5001535,1709195068.502394
1109,1709195068.605341,1709195068.6082327
1110,1709195068.713155,1709195068.7152889
1111,1709195068.801428,1709195068.8054392
1112,1709195068.898724,1709195068.9012463
1113,1709195069.0012991,1709195069.0038435
1114,1709195069.1050289,1709195069.1073017
1115,1709195069.1997447,1709195069.201926
1116,1709195069.2988517,1709195069.3013158
1117,1709195069.401267,1709195069.4036827
1118,1709195069.4994268,1709195069.5021703
1119,1709195069.5977798,1709195069.6005414
1120,1709195069.7024932,1709195069.7049417
1121,1709195069.7985587,1709195069.8010187
1122,1709195069.9000404,1709195069.9026723
1123,1709195069.9967785,1709195069.9996114
1124,1709195070.1075296,1709195070.1099112
1125,1709195070.201972,1709195070.2043614
1126,1709195070.2975905,1709195070.299924
1127,1709195070.3993456,1709195070.402802
1128,1709195070.5017989,1709195070.5054183
1129,1709195070.6009798,1709195070.603388
1130,1709195070.6983345,1709195070.7009525
1131,1709195070.7979803,1709195070.8056064
1132,1709195070.9036665,1709195070.9059021
1133,1709195070.9990973,1709195071.0013978
1134,1709195071.0985963,1709195071.1012695
1135,1709195071.202611,1709195071.2051332
1136,1709195071.3027906,1709195071.3052428
1137,1709195071.4030585,1709195071.4060328
1138,1709195071.5008965,1709195071.5045848
1139,1709195071.5980408,1709195071.6004992
1140,1709195071.7004266,1709195071.7029598
1141,1709195071.8016307,1709195071.8047702
1142,1709195071.9012513,1709195071.9037511
1143,1709195072.0014887,1709195072.0056725
1144,1709195072.1008897,1709195072.1030192
1145,1709195072.2014673,1709195072.2045124
1146,1709195072.3004675,1709195072.302235
1147,1709195072.400331,1709195072.402954
1148,1709195072.4984443,1709195072.501264
1149,1709195072.6001127,1709195072.602387
1150,1709195072.6982017,1709195072.700522
1151,1709195072.8030436,1709195072.8061004
1152,1709195072.8974066,1709195072.899578
1153,1709195073.0026834,1709195073.004831
1154,1709195073.0976386,1709195073.0996203
1155,1709195073.1974216,1709195073.1989238
1156,1709195073.3003805,1709195073.3028693
1157,1709195073.4013858,1709195073.403979
1158,1709195073.502439,1709195073.5051754
1159,1709195073.6130607,1709195073.6153927
1160,1709195073.7012432,1709195073.7031806
1161,1709195073.7972379,1709195073.7998884
1162,1709195073.9000409,1709195073.9029162
1163,1709195074.0008595,1709195074.0031068
1164,1709195074.106837,1709195074.1088233
1165,1709195074.198587,1709195074.2024298
1166,1709195074.2981162,1709195074.3007493
1167,1709195074.4036288,1709195074.4061813
1168,1709195074.4976213,1709195074.5001326
1169,1709195074.5977929,1709195074.6003194
1170,1709195074.701612,1709195074.7041051
1171,1709195074.8009887,1709195074.8026605
1172,1709195074.8982105,1709195074.9073555
1173,1709195075.003992,1709195075.0080056
1174,1709195075.0991938,1709195075.1018033
1175,1709195075.2000918,1709195075.2026904
1176,1709195075.298817,1709195075.3015063
1177,1709195075.3994265,1709195075.4025369
1178,1709195075.4971023,1709195075.49921
1179,1709195075.6001067,1709195075.6026564
1180,1709195075.7002888,1709195075.7031078
1181,1709195075.8007998,1709195075.8034322
1182,1709195075.905237,1709195075.9071782
1183,1709195075.9990284,1709195076.001503
1184,1709195076.1018956,1709195076.104545
1185,1709195076.1995504,1709195076.2020397
1186,1709195076.2992735,1709195076.3023522
1187,1709195076.4045131,1709195076.4068537
1188,1709195076.4995046,1709195076.5020258
1189,1709195076.6022124,1709195076.6047866
1190,1709195076.704579,1709195076.7077265
1191,1709195076.7998857,1709195076.8023567
1192,1709195076.900241,1709195076.9030879
1193,1709195076.9995668,1709195077.003956
1194,1709195077.106011,1709195077.1094666
1195,1709195077.204018,1709195077.2064438
1196,1709195077.2976422,1709195077.300077
1197,1709195077.4011953,1709195077.4038548
1198,1709195077.5031972,1709195077.5053422
1199,1709195077.6019802,1709195077.604211
1200,1709195077.7020361,1709195077.70394
1201,1709195077.7995746,1709195077.80229
1202,1709195077.8981156,1709195077.9005785
1203,1709195077.9985187,1709195078.0012665
1204,1709195078.1168303,1709195078.1190271
1205,1709195078.2115195,1709195078.2137792
1206,1709195078.3028708,1709195078.307104
1207,1709195078.4052377,1709195078.4079576
1208,1709195078.504004,1709195078.5063727
1209,1709195078.6023743,1709195078.6051128
1210,1709195078.701167,1709195078.7038069
1211,1709195078.802105,1709195078.8045483
1212,1709195078.9007106,1709195078.9030082
1213,1709195078.998442,1709195079.0010216
1214,1709195079.100543,1709195079.1045146
1215,1709195079.203466,1709195079.2060573
1216,1709195079.3092895,1709195079.3118584
1217,1709195079.3997896,1709195079.4035053
1218,1709195079.504424,1709195079.5089812
1219,1709195079.601805,1709195079.6048262
1220,1709195079.6992087,1709195079.7025108
1221,1709195079.7982101,1709195079.8013182
1222,1709195079.8997746,1709195079.9023354
1223,1709195080.0034423,1709195080.0058763
1224,1709195080.09902,1709195080.101796
1225,1709195080.212589,1709195080.2149894
1226,1709195080.3031476,1709195080.3057866
1227,1709195080.4092436,1709195080.411846
1228,1709195080.5077174,1709195080.5108874
1229,1709195080.6021898,1709195080.6057425
1230,1709195080.7031312,1709195080.707232
1231,1709195080.7978318,1709195080.8012
1232,1709195080.9015603,1709195080.9045846
1233,1709195081.004945,1709195081.007459
1234,1709195081.097986,1709195081.1004686
1235,1709195081.2128665,1709195081.215227
1236,1709195081.299049,1709195081.302919
1237,1709195081.3994029,1709195081.402386
1238,1709195081.5053766,1709195081.5073392
1239,1709195081.5975704,1709195081.6007733
1240,1709195081.698925,1709195081.7016127
1241,1709195081.8075714,1709195081.8098965
1242,1709195081.9057858,1709195081.9089825
1243,1709195082.0021465,1709195082.007227
1244,1709195082.1013098,1709195082.1039755
1245,1709195082.2059798,1709195082.208288
1246,1709195082.300902,1709195082.3033817
1247,1709195082.4011464,1709195082.4054728
1248,1709195082.4998882,1709195082.502453
1249,1709195082.6045976,1709195082.6070557
1250,1709195082.7066653,1709195082.7092447
1251,1709195082.802369,1709195082.8047225
1252,1709195082.9135149,1709195082.9158537
1253,1709195083.0048497,1709195083.0080788
1254,1709195083.1025057,1709195083.106811
1255,1709195083.1996782,1709195083.2027986
1256,1709195083.29979,1709195083.3025568
1257,1709195083.3995528,1709195083.402485
1258,1709195083.5028384,1709195083.5067976
1259,1709195083.6079443,1709195083.6123931
1260,1709195083.701949,1709195083.705321
1261,1709195083.8025532,1709195083.8057761
1262,1709195083.9055781,1709195083.9079328
1263,1709195084.004418,1709195084.0068357
1264,1709195084.1003528,1709195084.1031084
1265,1709195084.2040675,1709195084.2074816
1266,1709195084.3107893,1709195084.3132453
1267,1709195084.4051108,1709195084.4077702
1268,1709195084.498969,1709195084.5013704
1269,1709195084.6009026,1709195084.6034744
1270,1709195084.7091117,1709195084.711885
1271,1709195084.7980688,1709195084.801411
1272,1709195084.8982058,1709195084.9007087
1273,1709195085.0001075,1709195085.0023413
1274,1709195085.0996075,1709195085.1019735
1275,1709195085.2042174,1709195085.2063766
1276,1709195085.2985141,1709195085.3016884
1277,1709195085.4015875,1709195085.4039965
1278,1709195085.4993713,1709195085.5016978
1279,1709195085.6007276,1709195085.602952
1280,1709195085.701913,1709195085.7041295
1281,1709195085.8111672,1709195085.813896
1282,1709195085.9034321,1709195085.9068618
1283,1709195086.0024254,1709195086.0132234
1284,1709195086.1022105,1709195086.1044617
1285,1709195086.2126877,1709195086.2181306
1286,1709195086.2982626,1709195086.3009067
1287,1709195086.4001431,1709195086.402626
1288,1709195086.499596,1709195086.5021408
1289,1709195086.6013455,1709195086.6041026
1290,1709195086.6990252,1709195086.702918
1291,1709195086.8016245,1709195086.803939
1292,1709195086.8989816,1709195086.9061775
1293,1709195087.0086377,1709195087.0116324
1294,1709195087.0980155,1709195087.1017354
1295,1709195087.200283,1709195087.204882
1296,1709195087.3053906,1709195087.308304
1297,1709195087.4028323,1709195087.4077604
1298,1709195087.5012178,1709195087.5043108
1299,1709195087.6043153,1709195087.6088653
1300,1709195087.7017102,1709195087.70423
1301,1709195087.8127608,1709195087.8157334
1302,1709195087.9040604,1709195087.9066749
1303,1709195088.0088034,1709195088.0113728
1304,1709195088.1064942,1709195088.109754
1305,1709195088.205153,1709195088.207714
1306,1709195088.3043776,1709195088.306807
1307,1709195088.401872,1709195088.4040668
1308,1709195088.5034564,1709195088.5062153
1309,1709195088.6050074,1709195088.6074486
1310,1709195088.7012317,1709195088.703702
1311,1709195088.8000033,1709195088.8024042
1312,1709195088.9147198,1709195088.9168844
1313,1709195089.010797,1709195089.013532
1314,1709195089.0977027,1709195089.1009567
1315,1709195089.2052014,1709195089.2078161
1316,1709195089.3043876,1709195089.3068733
1317,1709195089.4095213,1709195089.4120212
1318,1709195089.5088394,1709195089.5114954
1319,1709195089.6109726,1709195089.613748
1320,1709195089.699915,1709195089.7023504
1321,1709195089.8056636,1709195089.8078942
1322,1709195089.9062817,1709195089.9098501
1323,1709195090.0096233,1709195090.0122762
1324,1709195090.1062376,1709195090.1101663
1325,1709195090.2139606,1709195090.2168403
1326,1709195090.3018646,1709195090.3058665
1327,1709195090.403155,1709195090.4054756
1328,1709195090.5028973,1709195090.5061002
1329,1709195090.6041675,1709195090.6104357
1330,1709195090.7077796,1709195090.7129533
1331,1709195090.803791,1709195090.8071103
1332,1709195090.900082,1709195090.9029636
1333,1709195091.001975,1709195091.0045075
1334,1709195091.1083884,1709195091.1114752
1335,1709195091.2018046,1709195091.204178
1336,1709195091.3090937,1709195091.3143165
1337,1709195091.4107492,1709195091.4137034
1338,1709195091.505651,1709195091.5108793
1339,1709195091.5988228,1709195091.6016033
1340,1709195091.71405,1709195091.7165616
1341,1709195091.7989416,1709195091.8013775
1342,1709195091.9008985,1709195091.9031773
1343,1709195092.001953,1709195092.0045524
1344,1709195092.1122246,1709195092.1147733
1345,1709195092.2043874,1709195092.207042
1346,1709195092.3014724,1709195092.3037875
1347,1709195092.4031088,1709195092.405715
1348,1709195092.4994302,1709195092.502068
1349,1709195092.615691,1709195092.621281
1350,1709195092.7085032,1709195092.7108605
1351,1709195092.8057203,1709195092.8101478
1352,1709195092.8991308,1709195092.9016247
1353,1709195093.000129,1709195093.0026789
1354,1709195093.1121871,1709195093.1159325
1355,1709195093.2015262,1709195093.20434
1356,1709195093.3033001,1709195093.3058443
1357,1709195093.4049826,1709195093.4081535
1358,1709195093.5081887,1709195093.5114965
1359,1709195093.606191,1709195093.6110897
1360,1709195093.7061968,1709195093.7101552
1361,1709195093.8017275,1709195093.8045206
1362,1709195093.899681,1709195093.9036005
1363,1709195094.0157025,1709195094.0183444
1364,1709195094.1001484,1709195094.102802
1365,1709195094.2072887,1709195094.2103128
1366,1709195094.3057883,1709195094.3085053
1367,1709195094.3996549,1709195094.4023902
1368,1709195094.502129,1709195094.50575
1369,1709195094.6025498,1709195094.604999
1370,1709195094.7036798,1709195094.706122
1371,1709195094.802405,1709195094.805758
1372,1709195094.9089983,1709195094.9115217
1373,1709195095.0023112,1709195095.0046198
1374,1709195095.1023614,1709195095.1042674
1375,1709195095.213161,1709195095.2155235
1376,1709195095.3022666,1709195095.3049154
1377,1709195095.412784,1709195095.4152753
1378,1709195095.5111597,1709195095.513538
1379,1709195095.6125414,1709195095.6149893
1380,1709195095.7170706,1709195095.7194448
1381,1709195095.808688,1709195095.8120248
1382,1709195095.907797,1709195095.910653
1383,1709195096.0015965,1709195096.004076
1384,1709195096.1080267,1709195096.110398
1385,1709195096.2041223,1709195096.2064543
1386,1709195096.29985,1709195096.3022466
1387,1709195096.404708,1709195096.4115458
1388,1709195096.5065088,1709195096.508533
1389,1709195096.6034403,1709195096.6087132
1390,1709195096.705706,1709195096.7082865
1391,1709195096.8028033,1709195096.8054888
1392,1709195096.9036863,1709195096.9060667
1393,1709195097.0091746,1709195097.0135312
1394,1709195097.1083968,1709195097.1108909
1395,1709195097.1997197,1709195097.2023516
1396,1709195097.3000875,1709195097.3024387
1397,1709195097.4007006,1709195097.4033465
1398,1709195097.502038,1709195097.5042782
1399,1709195097.6051338,1709195097.6076074
1400,1709195097.6978476,1709195097.7007341
1401,1709195097.81079,1709195097.81306
1402,1709195097.9019058,1709195097.9070961
1403,1709195098.004476,1709195098.0076706
1404,1709195098.1027203,1709195098.1083124
1405,1709195098.203702,1709195098.206455
1406,1709195098.3056302,1709195098.308726
1407,1709195098.4029086,1709195098.4053752
1408,1709195098.5055523,1709195098.5081735
1409,1709195098.6063654,1709195098.6102486
1410,1709195098.7070763,1709195098.70992
1411,1709195098.807581,1709195098.8101764
1412,1709195098.9087677,1709195098.9147115
1413,1709195099.0732765,1709195099.0755312
1414,1709195099.1095948,1709195099.1122227
1415,1709195099.2089465,1709195099.2122624
1416,1709195099.302306,1709195099.3046794
1417,1709195099.4030018,1709195099.4054832
1418,1709195099.503228,1709195099.5055704
1419,1709195099.6104784,1709195099.612949
1420,1709195099.712629,1709195099.7148657
1421,1709195099.8145778,1709195099.8168457
1422,1709195099.9001122,1709195099.9022849
1423,1709195100.001422,1709195100.0039027
1424,1709195100.1135068,1709195100.116094
1425,1709195100.2082803,1709195100.2146535
1426,1709195100.3117542,1709195100.3151152
1427,1709195100.4048114,1709195100.4093819
1428,1709195100.500195,1709195100.505463
1429,1709195100.603303,1709195100.6057148
1430,1709195100.705916,1709195100.7083988
1431,1709195100.8028295,1709195100.8102567
1432,1709195100.9042945,1709195100.9081645
1433,1709195101.004483,1709195101.0044892
1434,1709195101.1146376,1709195101.1146429
1435,1709195101.198213,1709195101.1982179
1436,1709195101.3058612,1709195101.3058662
1437,1709195101.4052045,1709195101.4052095
1438,1709195101.502607,1709195101.502613
1439,1709195101.606695,1709195101.6067
1440,1709195101.710482,1709195101.7104883
1441,1709195101.8207583,1709195101.8207638
1442,1709195101.9008474,1709195101.9008546
1443,1709195102.004912,1709195102.004917
1444,1709195102.1017094,1709195102.1017158
1445,1709195102.2010016,1709195102.2010071
1446,1709195102.304217,1709195102.3042233
1447,1709195102.4202034,1709195102.4202087
1448,1709195102.5067656,1709195102.5067708
1449,1709195102.5969148,1709195102.5969195
1450,1709195102.7045374,1709195102.7045429
1451,1709195102.8021166,1709195102.8021247
1452,1709195102.8991687,1709195102.8991737
1453,1709195103.0013041,1709195103.0013092
1454,1709195103.1012447,1709195103.1012511
1455,1709195103.2181408,1709195103.218146
1456,1709195103.3036354,1709195103.3036408
1457,1709195103.4045103,1709195103.404515
1458,1709195103.4981647,1709195103.4981692
1459,1709195103.6015666,1709195103.6015718
1460,1709195103.7085047,1709195103.7085094
1461,1709195103.803067,1709195103.8030717
1462,1709195103.9082305,1709195103.9082363
1463,1709195104.0008483,1709195104.000853
1464,1709195104.1073577,1709195104.107362
1465,1709195104.2053335,1709195104.2053387
1466,1709195104.3044407,1709195104.3044467
1467,1709195104.4040725,1709195104.4040778
1468,1709195104.5056715,1709195104.5056763
1469,1709195104.6041293,1709195104.6041348
1470,1709195104.7096136,1709195104.7096207
1471,1709195104.815597,1709195104.815603
1472,1709195104.9037044,1709195104.9037085
1473,1709195105.0039065,1709195105.0039146
1474,1709195105.1102834,1709195105.1102884
1475,1709195105.2071402,1709195105.2071447
1476,1709195105.3089485,1709195105.3089552
1477,1709195105.4040225,1709195105.4040751
1478,1709195105.519162,1709195105.519168
1479,1709195105.614723,1709195105.6147285
1480,1709195105.6983135,1709195105.6983182
1481,1709195105.8066444,1709195105.8066504
1482,1709195105.9117768,1709195105.911783
1483,1709195106.0070634,1709195106.0070689
1484,1709195106.1038835,1709195106.1038897
1485,1709195106.2009346,1709195106.2009401
1486,1709195106.3054588,1709195106.3054664
1487,1709195106.8583217,1709195106.8583326
1488,1709195106.8675034,1709195106.8675082
1489,1709195106.9075618,1709195106.907567
1490,1709195107.0087652,1709195107.00877
1491,1709195107.1107614,1709195107.1107662
1492,1709195107.201467,1709195107.201475
1493,1709195107.3006012,1709195107.3006058
1494,1709195107.4123304,1709195107.4123347
1495,1709195107.5035903,1709195107.5035956
1496,1709195107.5986848,1709195107.5986893
1497,1709195107.70719,1709195107.7071953
1498,1709195107.8047657,1709195107.8047707
1499,1709195107.9037364,1709195107.9037418
1500,1709195108.0034406,1709195108.0034466
1501,1709195108.1109328,1709195108.1109383
1502,1709195108.2062266,1709195108.2062318
1503,1709195108.3096197,1709195108.309625
1504,1709195108.4160194,1709195108.4160247
1505,1709195108.5070274,1709195108.5070329
1506,1709195108.6114588,1709195108.611463
1507,1709195108.7156458,1709195108.7156508
1508,1709195108.8203042,1709195108.8203125
1509,1709195108.9027536,1709195108.9027593
1510,1709195109.0129986,1709195109.013007
1511,1709195109.1015751,1709195109.1015804
1512,1709195109.2075598,1709195109.207566
1513,1709195109.305292,1709195109.3052971
1514,1709195109.40358,1709195109.4035842
1515,1709195109.5045419,1709195109.5045476
1516,1709195109.6048186,1709195109.604824
1517,1709195109.697118,1709195109.6971233
1518,1709195109.803525,1709195109.8035302
1519,1709195109.9038105,1709195109.9038153
1520,1709195110.0051115,1709195110.0051172
1521,1709195110.1064951,1709195110.1065
1522,1709195110.1986303,1709195110.1986356
1523,1709195110.3078506,1709195110.3078558
1524,1709195110.3970597,1709195110.3970647
1525,1709195110.5076735,1709195110.5076802
1526,1709195110.600772,1709195110.6007774
1527,1709195110.7033854,1709195110.7033901
1528,1709195110.7982268,1709195110.7982323
1529,1709195110.9046807,1709195110.9047248
1530,1709195111.0042472,1709195111.0042536
1531,1709195111.1054723,1709195111.105477
1532,1709195111.2018566,1709195111.2018614
1533,1709195111.303121,1709195111.3031251
1534,1709195111.403511,1709195111.4035156
1535,1709195111.506649,1709195111.506654
1536,1709195111.6093256,1709195111.6093304
1537,1709195111.7079883,1709195111.7079947
1538,1709195111.803542,1709195111.803548
1539,1709195111.9020996,1709195111.9021046
1540,1709195112.009611,1709195112.0096169
1541,1709195112.1115339,1709195112.1115386
1542,1709195112.205874,1709195112.2058787
1543,1709195112.3046513,1709195112.3046541
1544,1709195112.4108038,1709195112.4108088
1545,1709195112.5084138,1709195112.5084188
1546,1709195112.615763,1709195112.6157694
1547,1709195112.7088234,1709195112.7088287
1548,1709195112.8053713,1709195112.8053765
1549,1709195112.918475,1709195112.9184804
1550,1709195113.0062556,1709195113.006261
1551,1709195113.112605,1709195113.11261
1552,1709195113.2089999,1709195113.2090056
1553,1709195113.3113973,1709195113.3114035
1554,1709195113.4069548,1709195113.406959
1555,1709195113.50279,1709195113.5027943
1556,1709195113.6088839,1709195113.6088896
1557,1709195113.719396,1709195113.7194006
1558,1709195113.8180616,1709195113.8180668
1559,1709195113.9118848,1709195113.9118896
1560,1709195114.0205038,1709195114.0205107
1561,1709195114.1129966,1709195114.113002
1562,1709195114.2023213,1709195114.2023268
1563,1709195114.3013752,1709195114.3013802
1564,1709195114.4081907,1709195114.4081967
1565,1709195114.4999235,1709195114.4999292
1566,1709195114.6022565,1709195114.602263
1567,1709195114.710395,1709195114.7104003
1568,1709195114.8090727,1709195114.8090777
1569,1709195114.9094398,1709195114.9094446
1570,1709195115.0111303,1709195115.0111358
1571,1709195115.1021678,1709195115.1021738
1572,1709195115.208609,1709195115.2086146
1573,1709195115.303162,1709195115.3031676
1574,1709195115.4128,1709195115.4128058
1575,1709195115.4983134,1709195115.4983194
1576,1709195115.6071668,1709195115.6071725
1577,1709195115.7215514,1709195115.7215567
1578,1709195115.8052342,1709195115.8052404
1579,1709195115.9089644,1709195115.9089713
1580,1709195116.00985,1709195116.0098565
1581,1709195116.108487,1709195116.1084905
1582,1709195116.207566,1709195116.2075717
1583,1709195116.3102348,1709195116.3102403
1584,1709195116.4060545,1709195116.4060597
1585,1709195116.5026746,1709195116.5026805
1586,1709195116.601215,1709195116.6012208
1587,1709195116.7010188,1709195116.701024
1588,1709195116.8075647,1709195116.80757
1589,1709195116.8976486,1709195116.8976538
1590,1709195117.0043511,1709195117.0043561
1591,1709195117.1048496,1709195117.1048548
1592,1709195117.1982412,1709195117.198248
1593,1709195117.3033044,1709195117.303309
1594,1709195117.4013252,1709195117.4013305
1595,1709195117.507091,1709195117.507096
1596,1709195117.6043978,1709195117.6044037
1597,1709195117.7119167,1709195117.7119215
1598,1709195117.805242,1709195117.805247
1599,1709195117.9012377,1709195117.901249
1600,1709195118.0006592,1709195118.0006642
1601,1709195118.1015337,1709195118.1015375
1602,1709195118.203622,1709195118.203628
1603,1709195118.3136375,1709195118.313643
1604,1709195118.3997598,1709195118.3997643
1605,1709195118.5047417,1709195118.5047462
1606,1709195118.603813,1709195118.603818
1607,1709195118.714768,1709195118.7147732
1608,1709195118.804633,1709195118.804638
1609,1709195118.899569,1709195118.899601
1610,1709195119.0028954,1709195119.0029
1611,1709195119.106961,1709195119.1069667
1612,1709195119.2055447,1709195119.2055497
1613,1709195119.308479,1709195119.3084848
1614,1709195119.4042187,1709195119.4042234
1615,1709195119.4982119,1709195119.4982166
1616,1709195119.603169,1709195119.6031742
1617,1709195119.699906,1709195119.6999114
1618,1709195119.804838,1709195119.8048444
1619,1709195119.9138875,1709195119.9138935
1620,1709195120.0057738,1709195120.0057795
1621,1709195120.1074991,1709195120.1075063
1622,1709195120.2024574,1709195120.2024622
1623,1709195120.3050842,1709195120.3050892
1624,1709195120.4067812,1709195120.406786
1625,1709195120.502392,1709195120.5023968
1626,1709195120.6125853,1709195120.61259
1627,1709195120.7048318,1709195120.7048364
1628,1709195120.8043952,1709195120.8043985
1629,1709195120.8984535,1709195120.8984587
1630,1709195121.012685,1709195121.012691
1631,1709195121.0988836,1709195121.0988884
1632,1709195121.199066,1709195121.1990712
1633,1709195121.301078,1709195121.3010826
1634,1709195121.4057891,1709195121.4057944
1635,1709195121.4997852,1709195121.4997911
1636,1709195121.6024137,1709195121.6024191
1637,1709195121.700637,1709195121.700642
1638,1709195121.8000479,1709195121.8000522
1639,1709195121.9016235,1709195121.90163
1640,1709195122.0067482,1709195122.0067534
1641,1709195122.1115184,1709195122.1115236
1642,1709195122.1978102,1709195122.197816
1643,1709195122.299847,1709195122.2998526
1644,1709195122.4015985,1709195122.4016044
1645,1709195122.5039692,1709195122.503974
1646,1709195122.6021807,1709195122.6021855
1647,1709195122.7067602,1709195122.7067657
1648,1709195122.8045676,1709195122.8045735
1649,1709195122.912516,1709195122.912522
1650,1709195123.0053196,1709195123.0053244
1651,1709195123.1014128,1709195123.1014175
1652,1709195123.2094235,1709195123.209429
1653,1709195123.3056514,1709195123.3056555
1654,1709195123.3984087,1709195123.3984125
1655,1709195123.5044005,1709195123.5044076
1656,1709195123.6050594,1709195123.6050658
1657,1709195123.7000575,1709195123.7000647
1658,1709195123.7990198,1709195123.799025
1659,1709195123.9068878,1709195123.9068928
1660,1709195124.006568,1709195124.0065742
1661,1709195124.1147096,1709195124.1147158
1662,1709195124.2098331,1709195124.2098384
1663,1709195124.308216,1709195124.308221
1664,1709195124.4066925,1709195124.406698
1665,1709195124.5160768,1709195124.5160823
1666,1709195124.609104,1709195124.6091092
1667,1709195124.7113974,1709195124.711402
1668,1709195124.8080919,1709195124.808096
1669,1709195124.9104822,1709195124.9104877
1670,1709195125.0046759,1709195125.00468
1671,1709195125.106143,1709195125.1061518
1672,1709195125.2009165,1709195125.2009218
1673,1709195125.3077962,1709195125.3078012
1674,1709195125.4041326,1709195125.404138
1675,1709195125.5030847,1709195125.5030904
1676,1709195125.6061275,1709195125.6061325
1677,1709195125.7076497,1709195125.7076554
1678,1709195125.8053555,1709195125.805367
1679,1709195125.9008238,1709195125.900827
1680,1709195125.999636,1709195125.999641
1681,1709195126.1014876,1709195126.101491
1682,1709195126.2093632,1709195126.2093685
1683,1709195126.3015661,1709195126.301571
1684,1709195126.4039474,1709195126.4039526
1685,1709195126.5017335,1709195126.5017395
1686,1709195126.596986,1709195126.5969903
1687,1709195126.7049706,1709195126.7049754
1688,1709195126.8045778,1709195126.804583
1689,1709195126.8994286,1709195126.899432
1690,1709195126.9991114,1709195126.999117
1691,1709195127.0991135,1709195127.0991187
1692,1709195127.2009661,1709195127.20097
1693,1709195127.2999785,1709195127.299984
1694,1709195127.404642,1709195127.4046466
1695,1709195127.5024042,1709195127.5024095
1696,1709195127.5999446,1709195127.5999498
1697,1709195127.7000978,1709195127.7001038
1698,1709195127.8007495,1709195127.8007548
1699,1709195127.9017546,1709195127.9017594
1700,1709195127.9975674,1709195127.9975731
1701,1709195128.1074831,1709195128.1075108
1702,1709195128.1982148,1709195128.198222
1703,1709195128.3006766,1709195128.3006823
1704,1709195128.4046726,1709195128.4046776
1705,1709195128.5011003,1709195128.501105
1706,1709195128.6003869,1709195128.6003947
1707,1709195128.696784,1709195128.6967876
1708,1709195128.7983627,1709195128.7983675
1709,1709195128.899873,1709195128.899878
1710,1709195129.0012102,1709195129.0012155
1711,1709195129.1030622,1709195129.1030667
1712,1709195129.2025626,1709195129.2025692
1713,1709195129.298591,1709195129.298596
1714,1709195129.4050844,1709195129.4050887
1715,1709195129.5018525,1709195129.5018587
1716,1709195129.5999842,1709195129.5999906
1717,1709195129.704598,1709195129.704604
1718,1709195129.8120637,1709195129.8120692
1719,1709195129.902809,1709195129.9028141
1720,1709195130.0009618,1709195130.0009675
1721,1709195130.1012871,1709195130.1012921
1722,1709195130.2054565,1709195130.2054636
1723,1709195130.3014941,1709195130.3014991
1724,1709195130.3986647,1709195130.3986697
1725,1709195130.5009925,1709195130.500996
1726,1709195130.6025639,1709195130.60257
1727,1709195130.7113554,1709195130.7113593
1728,1709195130.8092062,1709195130.8092093
1729,1709195130.900304,1709195130.9003098
1730,1709195131.0016627,1709195131.0016696
1731,1709195131.1012862,1709195131.101292
1732,1709195131.203324,1709195131.2033315
1733,1709195131.3014631,1709195131.3014684
1734,1709195131.4014676,1709195131.401478
1735,1709195131.5067632,1709195131.5067668
1736,1709195131.6085427,1709195131.6085484
1737,1709195131.7011921,1709195131.701198
1738,1709195131.8068578,1709195131.806863
1739,1709195131.906015,1709195131.9060202
1740,1709195132.0009696,1709195132.000975
1741,1709195132.1049583,1709195132.1049638
1742,1709195132.2027683,1709195132.2027733
1743,1709195132.2984087,1709195132.2984133
1744,1709195132.4047678,1709195132.4047737
1745,1709195132.5033472,1709195132.5033529
1746,1709195132.6079984,1709195132.608002
1747,1709195132.6986036,1709195132.6986089
1748,1709195132.8033,1709195132.8033385
1749,1709195132.898116,1709195132.8981621
1750,1709195133.0024297,1709195133.0024693
1751,1709195133.0976775,1709195133.097719
1752,1709195133.201841,1709195133.2018752
1753,1709195133.3063862,1709195133.3064244
1754,1709195133.4014614,1709195133.401522
1755,1709195133.5040727,1709195133.5041227
1756,1709195133.6015391,1709195133.6015804
1757,1709195133.6993952,1709195133.6994383
1758,1709195133.8007104,1709195133.800754
1759,1709195133.9008684,1709195133.9009135
1760,1709195133.998303,1709195133.998355
1761,1709195134.0994997,1709195134.099532
1762,1709195134.2104678,1709195134.2105057
1763,1709195134.3004196,1709195134.3004518
1764,1709195134.404445,1709195134.4045053
1765,1709195134.5026765,1709195134.5027397
1766,1709195134.6017585,1709195134.6018057
1767,1709195134.7029216,1709195134.7029727
1768,1709195134.8054197,1709195134.8054638
1769,1709195134.8997488,1709195134.8998134
1770,1709195134.9999058,1709195134.9999564
1771,1709195135.0985742,1709195135.0986354
1772,1709195135.2005928,1709195135.2006402
1773,1709195135.3037302,1709195135.3037977
1774,1709195135.399477,1709195135.3995187
1775,1709195135.5002873,1709195135.5003333
1776,1709195135.5976098,1709195135.5976489
1777,1709195135.7003167,1709195135.700357
1778,1709195135.7996552,1709195135.7996926
1779,1709195135.8996527,1709195135.8997564
1780,1709195136.001441,1709195136.001542
1781,1709195136.102042,1709195136.1020854
1782,1709195136.2056313,1709195136.2056727
1783,1709195136.299599,1709195136.2996383
1784,1709195136.3999379,1709195136.4000068
1785,1709195136.5010042,1709195136.501053
1786,1709195136.601138,1709195136.6012185
1787,1709195136.698702,1709195136.6987581
1788,1709195136.8032138,1709195136.8032632
1789,1709195136.907973,1709195136.9080255
1790,1709195137.0044208,1709195137.0044584
1791,1709195137.105723,1709195137.1057572
1792,1709195137.1995854,1709195137.1996686
1793,1709195137.302929,1709195137.3030148
1794,1709195137.404635,1709195137.404692
1795,1709195137.5012367,1709195137.5012872
1796,1709195137.5998194,1709195137.5998714
1797,1709195137.7009547,1709195137.7010164
1798,1709195137.801602,1709195137.8016486
1799,1709195137.9034276,1709195137.903472
1800,1709195138.000487,1709195138.0005374
1801,1709195138.0976715,1709195138.0977209
1802,1709195138.2027428,1709195138.2027853
1803,1709195138.3008633,1709195138.3009064
1804,1709195138.402137,1709195138.4021935
1805,1709195138.4996412,1709195138.499698
1806,1709195138.6015701,1709195138.6016643
1807,1709195138.7022038,1709195138.702282
1808,1709195138.8046856,1709195138.8047683
1809,1709195138.9037266,1709195138.903803
1810,1709195138.9983263,1709195138.9983652
1811,1709195139.1014836,1709195139.1015286
1812,1709195139.1988804,1709195139.1989284
1813,1709195139.309923,1709195139.3099663
1814,1709195139.4013207,1709195139.4013464
1815,1709195139.5063412,1709195139.5063875
1816,1709195139.6006625,1709195139.6007042
1817,1709195139.7009652,1709195139.7010036
1818,1709195139.801213,1709195139.801258
1819,1709195139.898175,1709195139.898216
1820,1709195139.99884,1709195139.998923
1821,1709195140.0971882,1709195140.0972242
1822,1709195140.2026908,1709195140.2027378
1823,1709195140.304588,1709195140.3046844
1824,1709195140.39956,1709195140.3996308
1825,1709195140.50112,1709195140.501159
1826,1709195140.6038043,1709195140.603848
1827,1709195140.699581,1709195140.6996222
1828,1709195140.803232,1709195140.8032794
1829,1709195140.897917,1709195140.8979506
1830,1709195141.0001807,1709195141.0002196
1831,1709195141.1004682,1709195141.1005423
1832,1709195141.2035868,1709195141.2036414
1833,1709195141.29745,1709195141.2975183
1834,1709195141.4015644,1709195141.4016545
1835,1709195141.4984345,1709195141.4984822
1836,1709195141.599456,1709195141.599502
1837,1709195141.6988404,1709195141.6988802
1838,1709195141.799555,1709195141.7995975
1839,1709195141.9010735,1709195141.901132
1840,1709195142.0055494,1709195142.005633
1841,1709195142.0987022,1709195142.098798
1842,1709195142.2018688,1709195142.2019305
1843,1709195142.298714,1709195142.29876
1844,1709195142.4050527,1709195142.4050927
1845,1709195142.5015132,1709195142.501582
1846,1709195142.6025898,1709195142.602634
1847,1709195142.7002456,1709195142.7002888
1848,1709195142.7986696,1709195142.7987094
1849,1709195142.903473,1709195142.90352
1850,1709195142.9999905,1709195143.0000439
1851,1709195143.1045306,1709195143.1045866
1852,1709195143.2012212,1709195143.201286
1853,1709195143.301798,1709195143.3018498
1854,1709195143.40199,1709195143.4020338
1855,1709195143.5026894,1709195143.5027528
1856,1709195143.5983872,1709195143.5984435
1857,1709195143.6998408,1709195143.699929
1858,1709195143.8045526,1709195143.804609
1859,1709195143.8986993,1709195143.898737
1860,1709195143.9973152,1709195143.997355
1861,1709195144.0993185,1709195144.0993607
1862,1709195144.2002866,1709195144.200331
1863,1709195144.3023403,1709195144.302408
1864,1709195144.4014626,1709195144.401537
1865,1709195144.5016422,1709195144.5016847
1866,1709195144.6025476,1709195144.6025918
1867,1709195144.7029347,1709195144.703073
1868,1709195144.8013704,1709195144.8014123
1869,1709195144.9047098,1709195144.9047594
1870,1709195145.0035748,1709195145.0036085
1871,1709195145.1082013,1709195145.1082447
1872,1709195145.1991508,1709195145.1991978
1873,1709195145.3025231,1709195145.3025675
1874,1709195145.3985367,1709195145.3986166
1875,1709195145.5027134,1709195145.5027645
1876,1709195145.6020257,1709195145.6020675
1877,1709195145.7032573,1709195145.7033057
1878,1709195145.797543,1709195145.7975795
1879,1709195145.9019608,1709195145.9020042
1880,1709195146.004205,1709195146.0042539
1881,1709195146.1016197,1709195146.1016672
1882,1709195146.201241,1709195146.2012863
1883,1709195146.298273,1709195146.2983456
1884,1709195146.4025822,1709195146.4026394
1885,1709195146.4982271,1709195146.498325
1886,1709195146.5977397,1709195146.5978093
1887,1709195146.6997676,1709195146.6998284
1888,1709195146.8052075,1709195146.8052497
1889,1709195146.9007597,1709195146.900838
1890,1709195147.0006585,1709195147.0007007
1891,1709195147.0985699,1709195147.098616
1892,1709195147.2036262,1709195147.2036579
1893,1709195147.3075993,1709195147.307636
1894,1709195147.3998935,1709195147.3999388
1895,1709195147.4983468,1709195147.498394
1896,1709195147.598914,1709195147.5989604
1897,1709195147.702102,1709195147.7021368
1898,1709195147.801704,1709195147.8017468
1899,1709195147.9015822,1709195147.9016254
1900,1709195148.0022492,1709195148.0022972
1901,1709195148.100575,1709195148.100613
1902,1709195148.2002778,1709195148.2003112
1903,1709195148.298449,1709195148.2984931
1904,1709195148.399712,1709195148.3997686
1905,1709195148.500999,1709195148.501046
1906,1709195148.6129355,1709195148.6129928
1907,1709195148.6985278,1709195148.698569
1908,1709195148.8022316,1709195148.8022802
1909,1709195148.9010599,1709195148.9011145
1910,1709195149.0037916,1709195149.003829
1911,1709195149.0994148,1709195149.0995095
1912,1709195149.1981368,1709195149.1982253
1913,1709195149.3008957,1709195149.300948
1914,1709195149.3980622,1709195149.398116
1915,1709195149.497495,1709195149.497567
1916,1709195149.5969603,1709195149.5969944
1917,1709195149.6982205,1709195149.6982982
1918,1709195149.8015785,1709195149.8016572
1919,1709195149.9011495,1709195149.901266
1920,1709195149.9986982,1709195149.9987507
1921,1709195150.1018043,1709195150.10187
1922,1709195150.1988451,1709195150.1988955
1923,1709195150.3002508,1709195150.3003368
1924,1709195150.4021037,1709195150.4021847
1925,1709195150.500525,1709195150.5006082
1926,1709195150.6011312,1709195150.6011746
1927,1709195150.7080238,1709195150.7080674
1928,1709195150.802401,1709195150.8024738
1929,1709195150.8997426,1709195150.8998685
1930,1709195151.0022676,1709195151.0023289
1931,1709195151.109665,1709195151.1097038
1932,1709195151.205736,1709195151.2057765
1933,1709195151.2977214,1709195151.2977548
1934,1709195151.3999295,1709195151.399971
1935,1709195151.4980628,1709195151.4981067
1936,1709195151.605297,1709195151.6053565
1937,1709195151.7059426,1709195151.7059822
1938,1709195151.8012743,1709195151.8013172
1939,1709195151.9120133,1709195151.9120622
1940,1709195152.000477,1709195152.0005186
1941,1709195152.099231,1709195152.0993004
1942,1709195152.1994007,1709195152.199443
1943,1709195152.3034732,1709195152.3035505
1944,1709195152.4032586,1709195152.4033203
1945,1709195152.5024939,1709195152.5025332
1946,1709195152.6013954,1709195152.6014447
1947,1709195152.7039557,1709195152.7040045
1948,1709195152.8003356,1709195152.8003821
1949,1709195152.9042087,1709195152.904241
1950,1709195153.0024774,1709195153.0025218
1951,1709195153.0994442,1709195153.0994828
1952,1709195153.2013724,1709195153.2014182
1953,1709195153.2978792,1709195153.2979486
1954,1709195153.397426,1709195153.3974745
1955,1709195153.49736,1709195153.497408
1956,1709195153.6043873,1709195153.6044261
1957,1709195153.6975527,1709195153.6976182
1958,1709195153.8017795,1709195153.8018901
1959,1709195153.8996043,1709195153.8996792
1960,1709195154.0048292,1709195154.0049028
1961,1709195154.0990698,1709195154.0991259
1962,1709195154.2012088,1709195154.201262
1963,1709195154.3055124,1709195154.3055701
1964,1709195154.4030097,1709195154.4030476
1965,1709195154.5022748,1709195154.5023198
1966,1709195154.6020184,1709195154.602063
1967,1709195154.7040129,1709195154.70406
1968,1709195154.8038695,1709195154.8039498
1969,1709195154.9029853,1709195154.903052
1970,1709195155.0117457,1709195155.0117977
1971,1709195155.0992734,1709195155.0993536
1972,1709195155.1981373,1709195155.1981857
1973,1709195155.298666,1709195155.2987158
1974,1709195155.3989007,1709195155.3989353
1975,1709195155.5024366,1709195155.502486
1976,1709195155.5995193,1709195155.5995646
1977,1709195155.6988096,1709195155.698854
1978,1709195155.802609,1709195155.8026593
1979,1709195155.9001913,1709195155.9002256
1980,1709195156.0067687,1709195156.0068114
1981,1709195156.09981,1709195156.0998764
1982,1709195156.198734,1709195156.1988182
1983,1709195156.299725,1709195156.2998047
1984,1709195156.3973706,1709195156.3974195
1985,1709195156.5005734,1709195156.5006146
1986,1709195156.6046944,1709195156.6047482
1987,1709195156.7004812,1709195156.7005706
1988,1709195156.8013403,1709195156.801412
1989,1709195156.903587,1709195156.903663
1990,1709195157.0023038,1709195157.0023816
1991,1709195157.0986774,1709195157.098894
1992,1709195157.2020936,1709195157.2021413
1993,1709195157.3042474,1709195157.3043072
1994,1709195157.4007537,1709195157.4008484
1995,1709195157.5020397,1709195157.5020878
1996,1709195157.6009743,1709195157.6010468
1997,1709195157.7026145,1709195157.7026627
1998,1709195157.8032758,1709195157.8033307
1999,1709195157.8987217,1709195157.8987553
2000,1709195158.0034668,1709195158.0035048
2001,1709195158.1048212,1709195158.1048975
2002,1709195158.2064052,1709195158.206675
2003,1709195158.300779,1709195158.3008542
2004,1709195158.402151,1709195158.4021926
2005,1709195158.503319,1709195158.5034359
2006,1709195158.5992055,1709195158.5992503
2007,1709195158.7031329,1709195158.7032661
2008,1709195158.8018818,1709195158.8019438
2009,1709195158.9022217,1709195158.9022796
2010,1709195159.0051844,1709195159.0052419
2011,1709195159.0981727,1709195159.0982454
2012,1709195159.1995845,1709195159.1996336
2013,1709195159.3104346,1709195159.3104694
2014,1709195159.399926,1709195159.4004428
2015,1709195159.5041792,1709195159.5042238
2016,1709195159.6020224,1709195159.6020668
2017,1709195159.7024198,1709195159.7024753
2018,1709195159.804841,1709195159.8049068
2019,1709195159.9044008,1709195159.9044576
2020,1709195160.002692,1709195160.002735
2021,1709195160.0968332,1709195160.0968769
2022,1709195160.2016149,1709195160.2016602
2023,1709195160.3032916,1709195160.3033276
2024,1709195160.399336,1709195160.3994074
2025,1709195160.4975793,1709195160.4976218
2026,1709195160.59937,1709195160.599461
2027,1709195160.7003467,1709195160.7004247
2028,1709195160.8024073,1709195160.8025057
2029,1709195160.9000678,1709195160.9001117
2030,1709195160.999997,1709195161.0000374
2031,1709195161.097283,1709195161.0973155
2032,1709195161.2037985,1709195161.2038727
2033,1709195161.3012273,1709195161.3012972
2034,1709195161.4037724,1709195161.403823
2035,1709195161.4999864,1709195161.5000303
2036,1709195161.6035962,1709195161.6036413
2037,1709195161.699918,1709195161.69996
2038,1709195161.801928,1709195161.8019927
2039,1709195161.9010038,1709195161.9010468
2040,1709195162.0008633,1709195162.0009193
2041,1709195162.1069264,1709195162.1069844
2042,1709195162.2014925,1709195162.2015352
2043,1709195162.3075745,1709195162.3076446
2044,1709195162.3971093,1709195162.3971486
2045,1709195162.5019894,1709195162.5020816
2046,1709195162.6013076,1709195162.6013536
2047,1709195162.7009604,1709195162.70101
2048,1709195162.800868,1709195162.8009138
2049,1709195162.9010994,1709195162.90119
2050,1709195162.9980273,1709195162.9980807
2051,1709195163.098846,1709195163.0988908
2052,1709195163.205679,1709195163.2057145
2053,1709195163.3059266,1709195163.3059738
2054,1709195163.399548,1709195163.3995948
2055,1709195163.4984024,1709195163.4984415
2056,1709195163.602413,1709195163.6024501
2057,1709195163.702831,1709195163.7028863
2058,1709195163.799926,1709195163.7999804
2059,1709195163.9000733,1709195163.900122
2060,1709195164.0007997,1709195164.0008416
2061,1709195164.1019518,1709195164.1019979
2062,1709195164.2041695,1709195164.2042243
2063,1709195164.3057144,1709195164.3057523
2064,1709195164.3981879,1709195164.3982322
2065,1709195164.500333,1709195164.5004036
2066,1709195164.6078515,1709195164.607917
2067,1709195164.6996334,1709195164.6997085
2068,1709195164.8025231,1709195164.8025782
2069,1709195164.899573,1709195164.8996172
2070,1709195164.999145,1709195164.9992385
2071,1709195165.1007786,1709195165.1008542
2072,1709195165.1985383,1709195165.1986437
2073,1709195165.2983172,1709195165.298362
2074,1709195165.3986452,1709195165.3986819
2075,1709195165.501459,1709195165.5015123
2076,1709195165.599922,1709195165.5999548
2077,1709195165.70007,1709195165.7001371
2078,1709195165.7972777,1709195165.7973354
2079,1709195165.8974936,1709195165.8975344
2080,1709195166.0019524,1709195166.001993
2081,1709195166.102437,1709195166.1025255
2082,1709195166.204793,1709195166.2048771
2083,1709195166.3016899,1709195166.3017344
2084,1709195166.3987832,1709195166.3988278
2085,1709195166.4983196,1709195166.4983654
2086,1709195166.601835,1709195166.6018794
2087,1709195166.7025476,1709195166.7026157
2088,1709195166.80402,1709195166.8040762
2089,1709195166.8981328,1709195166.89821
2090,1709195167.0049114,1709195167.0049603
2091,1709195167.102335,1709195167.1024039
2092,1709195167.2033467,1709195167.203392
2093,1709195167.2999253,1709195167.2999794
2094,1709195167.4005477,1709195167.4005935
2095,1709195167.501052,1709195167.501092
2096,1709195167.6028616,1709195167.602898
2097,1709195167.6977866,1709195167.6978316
2098,1709195167.8021665,1709195167.802204
2099,1709195167.9016573,1709195167.9017437
2100,1709195168.0090816,1709195168.0091238
2101,1709195168.1038442,1709195168.1038744
2102,1709195168.2010493,1709195168.201122
2103,1709195168.2995737,1709195168.2996254
2104,1709195168.397582,1709195168.3976538
2105,1709195168.5016966,1709195168.5017767
2106,1709195168.6003084,1709195168.6003525
2107,1709195168.70019,1709195168.7002342
2108,1709195168.8014336,1709195168.8014717
2109,1709195168.9022486,1709195168.9022841
2110,1709195169.00458,1709195169.0046713
2111,1709195169.1044881,1709195169.104558
2112,1709195169.1990695,1709195169.1991081
2113,1709195169.2995312,1709195169.2995808
2114,1709195169.4074993,1709195169.40756
2115,1709195169.4989142,1709195169.498992
2116,1709195169.5992482,1709195169.5993211
2117,1709195169.702257,1709195169.702323
2118,1709195169.80229,1709195169.8023372
2119,1709195169.9054337,1709195169.905472
2120,1709195170.001827,1709195170.0018806
2121,1709195170.1033974,1709195170.1034784
2122,1709195170.198252,1709195170.1983297
2123,1709195170.2989123,1709195170.298996
2124,1709195170.4063854,1709195170.4064553
2125,1709195170.4995866,1709195170.4997187
2126,1709195170.6004167,1709195170.600464
2127,1709195170.7032561,1709195170.7034204
2128,1709195170.799704,1709195170.8001091
2129,1709195170.9030485,1709195170.90313
2130,1709195171.0061831,1709195171.0062563
2131,1709195171.1028466,1709195171.102937
2132,1709195171.2022514,1709195171.2023845
2133,1709195171.3036144,1709195171.3036933
2134,1709195171.4019244,1709195171.4019945
2135,1709195171.4986372,1709195171.4986804
2136,1709195171.6012974,1709195171.6014218
2137,1709195171.6985862,1709195171.6986623
2138,1709195171.8049226,1709195171.8049958
2139,1709195171.898338,1709195171.8985722
2140,1709195172.0016801,1709195172.0017173
2141,1709195172.1070142,1709195172.1070623
2142,1709195172.1996944,1709195172.199753
2143,1709195172.301933,1709195172.3019733
2144,1709195172.4001555,1709195172.40023
2145,1709195172.501427,1709195172.5014715
2146,1709195172.6077936,1709195172.6078372
2147,1709195172.7008915,1709195172.7009444
2148,1709195172.7977664,1709195172.797832
2149,1709195172.902247,1709195172.902389
2150,1709195172.9994621,1709195172.9995449
2151,1709195173.1051154,1709195173.105274
2152,1709195173.2040977,1709195173.2041414
2153,1709195173.3000956,1709195173.3001459
2154,1709195173.3997831,1709195173.3998845
2155,1709195173.5049667,1709195173.5050375
2156,1709195173.5975795,1709195173.597627
2157,1709195173.6974375,1709195173.6974704
2158,1709195173.8024094,1709195173.8024828
2159,1709195173.900838,1709195173.9008825
2160,1709195174.0005178,1709195174.00055
2161,1709195174.1027737,1709195174.1028178
2162,1709195174.1999779,1709195174.200018
2163,1709195174.3015254,1709195174.3016055
2164,1709195174.4106784,1709195174.4107363
2165,1709195174.4981382,1709195174.4981818
2166,1709195174.5999606,1709195174.599995
2167,1709195174.7034698,1709195174.703513
2168,1709195174.801701,1709195174.8017445
2169,1709195174.9017277,1709195174.9017766
2170,1709195174.999693,1709195174.9997354
2171,1709195175.101222,1709195175.101284
2172,1709195175.2029955,1709195175.2030869
2173,1709195175.302395,1709195175.3024323
2174,1709195175.4015095,1709195175.401552
2175,1709195175.5017474,1709195175.5018687
2176,1709195175.6028357,1709195175.6028814
2177,1709195175.7021074,1709195175.7021642
2178,1709195175.8044093,1709195175.8044534
2179,1709195175.9014018,1709195175.9014442
2180,1709195176.003396,1709195176.0034285
2181,1709195176.10253,1709195176.1028745
2182,1709195176.2040107,1709195176.2041228
2183,1709195176.2998366,1709195176.2998993
2184,1709195176.404672,1709195176.404762
2185,1709195176.5010226,1709195176.5010707
2186,1709195176.6013956,1709195176.601438
2187,1709195176.7027926,1709195176.7028644
2188,1709195176.803444,1709195176.803515
2189,1709195176.897687,1709195176.8977647
2190,1709195177.0024142,1709195177.0024884
2191,1709195177.1009896,1709195177.10104
2192,1709195177.2040176,1709195177.2040906
2193,1709195177.2994926,1709195177.2995245
2194,1709195177.4043694,1709195177.40444
2195,1709195177.5072668,1709195177.5073361
2196,1709195177.600699,1709195177.6007497
2197,1709195177.7022836,1709195177.7023327
2198,1709195177.800183,1709195177.8002543
2199,1709195177.9036975,1709195177.903746
2200,1709195178.003664,1709195178.0037043
2201,1709195178.0996387,1709195178.0996816
2202,1709195178.2010562,1709195178.2011015
2203,1709195178.3055985,1709195178.3056426
2204,1709195178.3992796,1709195178.3993838
2205,1709195178.5006018,1709195178.500666
2206,1709195178.605907,1709195178.6059523
2207,1709195178.700493,1709195178.7005656
2208,1709195178.8070366,1709195178.8072891
2209,1709195178.9057834,1709195178.905835
2210,1709195179.005347,1709195179.0054066
2211,1709195179.0975373,1709195179.0975819
2212,1709195179.1994517,1709195179.1994998
2213,1709195179.3061802,1709195179.3062246
2214,1709195179.4049768,1709195179.40502
2215,1709195179.5057702,1709195179.5058491
2216,1709195179.600871,1709195179.600906
2217,1709195179.6999273,1709195179.699993
2218,1709195179.8012424,1709195179.8016922
2219,1709195179.903946,1709195179.904
2220,1709195179.9993517,1709195179.9994068
2221,1709195180.0990033,1709195180.0990462
2222,1709195180.2052033,1709195180.2052717
2223,1709195180.304281,1709195180.304345
2224,1709195180.4018815,1709195180.4019477
2225,1709195180.499265,1709195180.4993122
2226,1709195180.5989358,1709195180.5990164
2227,1709195180.702401,1709195180.7024605
2228,1709195180.8024385,1709195180.802497
2229,1709195180.90638,1709195180.9064322
2230,1709195181.0047605,1709195181.0048213
2231,1709195181.0983355,1709195181.0984027
2232,1709195181.2020817,1709195181.2021425
2233,1709195181.3004096,1709195181.30046
2234,1709195181.3984675,1709195181.3985143
2235,1709195181.5033169,1709195181.503395
2236,1709195181.601402,1709195181.6014555
2237,1709195181.7035134,1709195181.7035534
2238,1709195181.8033516,1709195181.8033946
2239,1709195181.9041831,1709195181.9042413
2240,1709195182.0019486,1709195182.002005
2241,1709195182.0990188,1709195182.0990982
2242,1709195182.1993978,1709195182.1994565
2243,1709195182.30061,1709195182.3006682
2244,1709195182.397431,1709195182.3975246
2245,1709195182.5000083,1709195182.5000942
2246,1709195182.6006453,1709195182.6006923
2247,1709195182.7020082,1709195182.7020636
2248,1709195182.8021133,1709195182.8021622
2249,1709195182.9055843,1709195182.9056532
2250,1709195182.9999073,1709195182.9999504
2251,1709195183.0993743,1709195183.0994194
2252,1709195183.2004752,1709195183.20052
2253,1709195183.2981732,1709195183.2982204
2254,1709195183.4026146,1709195183.4026864
2255,1709195183.5017068,1709195183.5017614
2256,1709195183.6035671,1709195183.6095123
2257,1709195183.7008405,1709195183.7008917
2258,1709195183.7992132,1709195183.7993124
2259,1709195183.902494,1709195183.902596
2260,1709195184.0024636,1709195184.0025442
2261,1709195184.1004727,1709195184.100511
2262,1709195184.1977189,1709195184.1978002
2263,1709195184.3013864,1709195184.3014543
2264,1709195184.4026442,1709195184.4027991
2265,1709195184.497351,1709195184.4974124
2266,1709195184.6102793,1709195184.6103277
2267,1709195184.7048738,1709195184.7049584
2268,1709195184.8080928,1709195184.8081715
2269,1709195184.9063816,1709195184.9064248
2270,1709195185.0011306,1709195185.0012047
2271,1709195185.1110005,1709195185.1110764
2272,1709195185.209494,1709195185.2095613
2273,1709195185.2980695,1709195185.298115
2274,1709195185.3987706,1709195185.398837
2275,1709195185.5029345,1709195185.503118
2276,1709195185.60138,1709195185.6014497
2277,1709195185.7065501,1709195185.7066183
2278,1709195185.7992816,1709195185.7993236
2279,1709195185.8987076,1709195185.8987622
2280,1709195185.999517,1709195185.9995615
2281,1709195186.1056201,1709195186.1056643
2282,1709195186.201296,1709195186.2014098
2283,1709195186.3016174,1709195186.301656
2284,1709195186.402745,1709195186.4028227
2285,1709195186.5098805,1709195186.5099192
2286,1709195186.6020272,1709195186.6020663
2287,1709195186.7029703,1709195186.703055
2288,1709195186.798338,1709195186.7983882
2289,1709195186.9003875,1709195186.9004486
2290,1709195187.0034277,1709195187.003472
2291,1709195187.1050982,1709195187.1051662
2292,1709195187.2018075,1709195187.2018669
2293,1709195187.304401,1709195187.3044422
2294,1709195187.4059174,1709195187.4060068
2295,1709195187.5010736,1709195187.5011601
2296,1709195187.6059349,1709195187.6059837
2297,1709195187.7004473,1709195187.70049
2298,1709195187.8012133,1709195187.8012567
2299,1709195187.900621,1709195187.900667
2300,1709195188.0018687,1709195188.0019267
2301,1709195188.0986984,1709195188.0987828
2302,1709195188.2066908,1709195188.2067263
2303,1709195188.29913,1709195188.299205
2304,1709195188.3997087,1709195188.3998303
2305,1709195188.5031364,1709195188.5032113
2306,1709195188.6042643,1709195188.6043103
2307,1709195188.7033484,1709195188.7033846
2308,1709195188.8031766,1709195188.8032172
2309,1709195188.897852,1709195188.897896
2310,1709195189.004916,1709195189.0049589
2311,1709195189.1063442,1709195189.1063948
2312,1709195189.2003558,1709195189.20041
2313,1709195189.3063028,1709195189.3063889
2314,1709195189.4003692,1709195189.4004803
2315,1709195189.500819,1709195189.500861
2316,1709195189.6122527,1709195189.612298
2317,1709195189.6994464,1709195189.6995065
2318,1709195189.8063788,1709195189.8064232
2319,1709195189.9068577,1709195189.9068995
2320,1709195190.0043106,1709195190.0051317
2321,1709195190.1026478,1709195190.1027188
2322,1709195190.197328,1709195190.1973722
2323,1709195190.3102,1709195190.310242
2324,1709195190.40441,1709195190.4044523
2325,1709195190.5033574,1709195190.5034578
2326,1709195190.6068714,1709195190.6069167
2327,1709195190.701125,1709195190.7011845
2328,1709195190.8058484,1709195190.805926
2329,1709195190.901033,1709195190.9010718
2330,1709195191.0001934,1709195191.000266
2331,1709195191.101047,1709195191.1010907
2332,1709195191.1979673,1709195191.1980379
2333,1709195191.3022144,1709195191.3022835
2334,1709195191.402969,1709195191.4030125
2335,1709195191.5058491,1709195191.5058942
2336,1709195191.6017168,1709195191.601785
2337,1709195191.7074456,1709195191.7075298
2338,1709195191.8045712,1709195191.8046165
2339,1709195191.900697,1709195191.9007359
2340,1709195192.001325,1709195192.0013897
2341,1709195192.0975025,1709195192.0975811
2342,1709195192.2022588,1709195192.2023435
2343,1709195192.300978,1709195192.3010607
2344,1709195192.4018238,1709195192.4018989
2345,1709195192.501462,1709195192.5015488
2346,1709195192.607792,1709195192.6078315
2347,1709195192.7132912,1709195192.7133174
2348,1709195192.8032062,1709195192.803248
2349,1709195192.8989627,1709195192.8990066
2350,1709195193.0001714,1709195193.000228
2351,1709195193.1064267,1709195193.1064966
2352,1709195193.2059932,1709195193.206039
2353,1709195193.307243,1709195193.3073292
2354,1709195193.4020693,1709195193.4021168
2355,1709195193.4978912,1709195193.4979334
2356,1709195193.6030242,1709195193.6031
2357,1709195193.6984227,1709195193.6984687
2358,1709195193.801645,1709195193.801718
2359,1709195193.9040833,1709195193.9041305
2360,1709195194.0018497,1709195194.001891
2361,1709195194.102845,1709195194.1028879
2362,1709195194.2054932,1709195194.205566
2363,1709195194.3001223,1709195194.3001738
2364,1709195194.403793,1709195194.4038455
2365,1709195194.503287,1709195194.5036154
2366,1709195194.608384,1709195194.608425
2367,1709195194.6996639,1709195194.6997113
2368,1709195194.7999148,1709195194.8000329
2369,1709195194.8979506,1709195194.8979974
2370,1709195195.0049646,1709195195.00501
2371,1709195195.1030507,1709195195.103115
2372,1709195195.1989775,1709195195.1990223
2373,1709195195.2992907,1709195195.2993453
2374,1709195195.4056935,1709195195.4057505
2375,1709195195.5058174,1709195195.5058565
2376,1709195195.606101,1709195195.6061475
2377,1709195195.70504,1709195195.7050836
2378,1709195195.8043108,1709195195.80435
2379,1709195195.9024477,1709195195.9024909
2380,1709195196.0081499,1709195196.0082097
2381,1709195196.1027093,1709195196.1027544
2382,1709195196.1989303,1709195196.198978
2383,1709195196.3015826,1709195196.3016143
2384,1709195196.400585,1709195196.40065
2385,1709195196.4982977,1709195196.498343
2386,1709195196.603289,1709195196.603334
2387,1709195196.7043896,1709195196.704458
2388,1709195196.8035328,1709195196.8036346
2389,1709195196.9056106,1709195196.9056423
2390,1709195196.9993465,1709195196.999381
2391,1709195197.1045005,1709195197.1045427
2392,1709195197.197821,1709195197.1978965
2393,1709195197.300436,1709195197.3005123
2394,1709195197.403974,1709195197.4040422
2395,1709195197.5012472,1709195197.5012958
2396,1709195197.5994036,1709195197.5994463
2397,1709195197.701931,1709195197.7020004
2398,1709195197.7985792,1709195197.7986243
2399,1709195197.8985388,1709195197.8985846
2400,1709195198.0009532,1709195198.0010095
2401,1709195198.1032832,1709195198.1033518
2402,1709195198.2047205,1709195198.2047677
2403,1709195198.2990959,1709195198.299146
2404,1709195198.4070032,1709195198.4070735
2405,1709195198.5035236,1709195198.503617
2406,1709195198.6007292,1709195198.6007738
2407,1709195198.7056246,1709195198.7056644
2408,1709195198.802608,1709195198.802681
2409,1709195198.9015086,1709195198.9015765
2410,1709195199.0005643,1709195199.0006554
2411,1709195199.1023173,1709195199.1023972
2412,1709195199.2001545,1709195199.2001925
2413,1709195199.3010712,1709195199.3011196
2414,1709195199.4004414,1709195199.400484
2415,1709195199.5012543,1709195199.5013473
2416,1709195199.604303,1709195199.6043453
2417,1709195199.7049353,1709195199.704975
2418,1709195199.806248,1709195199.806289
2419,1709195199.902553,1709195199.9025946
2420,1709195200.0112185,1709195200.0112612
2421,1709195200.1026335,1709195200.102679
2422,1709195200.2024891,1709195200.2025232
2423,1709195200.3103912,1709195200.3106813
2424,1709195200.3975146,1709195200.397582
2425,1709195200.5033534,1709195200.503381
2426,1709195200.6069503,1709195200.606989
2427,1709195200.7011194,1709195200.701172
2428,1709195200.8127303,1709195200.8128371
2429,1709195200.9133506,1709195200.9133925
2430,1709195200.9985754,1709195200.9986315
2431,1709195201.1013553,1709195201.1014366
2432,1709195201.202129,1709195201.202184
2433,1709195201.3038294,1709195201.3041596
2434,1709195201.4111738,1709195201.4112656
2435,1709195201.5082705,1709195201.5083175
2436,1709195201.598225,1709195201.5982773
2437,1709195201.7130852,1709195201.7131495
2438,1709195201.807205,1709195201.8072126
2439,1709195201.9014459,1709195201.9014528
2440,1709195202.0042171,1709195202.0042238
2441,1709195202.1049747,1709195202.1049817
2442,1709195202.204319,1709195202.2043252
2443,1709195202.303342,1709195202.303348
2444,1709195202.406956,1709195202.406962
2445,1709195202.5035386,1709195202.5035436
2446,1709195202.5992205,1709195202.5992267
2447,1709195202.699524,1709195202.699532
2448,1709195202.8000004,1709195202.8000062
2449,1709195202.899713,1709195202.899719
2450,1709195203.0073056,1709195203.007311
2451,1709195203.102416,1709195203.1024215
2452,1709195203.1975946,1709195203.1976
2453,1709195203.3055165,1709195203.305523
2454,1709195203.408062,1709195203.4080696
2455,1709195203.5103583,1709195203.5103638
2456,1709195203.5993915,1709195203.599398
2457,1709195203.701032,1709195203.701038
2458,1709195203.8019233,1709195203.801928
2459,1709195203.8993602,1709195203.9022164
2460,1709195204.00108,1709195204.00395
2461,1709195204.1009762,1709195204.107028
2462,1709195204.2056808,1709195204.2087486
2463,1709195204.3020725,1709195204.3054047
2464,1709195204.397587,1709195204.4007902
2465,1709195204.499393,1709195204.503013
2466,1709195204.6030288,1709195204.605839
2467,1709195204.7095373,1709195204.7127056
2468,1709195204.8185074,1709195204.822018
2469,1709195204.9089317,1709195204.9121444
2470,1709195205.0052428,1709195205.0113091
2471,1709195205.1005187,1709195205.1029499
2472,1709195205.2020788,1709195205.2057977
2473,1709195205.3022838,1709195205.308006
2474,1709195205.4003973,1709195205.4036827
2475,1709195205.5040998,1709195205.5096276
2476,1709195205.6007504,1709195205.6045213
2477,1709195205.699346,1709195205.7027838
2478,1709195205.8065,1709195205.8100834
2479,1709195205.9015703,1709195205.9077518
2480,1709195206.0087645,1709195206.0136085
2481,1709195206.1022103,1709195206.1051946
2482,1709195206.1979117,1709195206.2009888
2483,1709195206.3030038,1709195206.3058872
2484,1709195206.401341,1709195206.4042
2485,1709195206.505903,1709195206.5107954
2486,1709195206.606536,1709195206.6113982
2487,1709195206.7002273,1709195206.7036061
2488,1709195206.803182,1709195206.8079658
2489,1709195206.9008603,1709195206.904077
2490,1709195207.002659,1709195207.0075576
2491,1709195207.106449,1709195207.1096144
2492,1709195207.1995354,1709195207.202888
2493,1709195207.29927,1709195207.3025253
2494,1709195207.3997846,1709195207.403017
2495,1709195207.5022814,1709195207.506024
2496,1709195207.602261,1709195207.60663
2497,1709195207.7057567,1709195207.709055
2498,1709195207.8060942,1709195207.8092568
2499,1709195207.9003105,1709195207.9025555
2500,1709195208.004456,1709195208.0080822
2501,1709195208.0976086,1709195208.100685
2502,1709195208.2078936,1709195208.2115276
2503,1709195208.305263,1709195208.3085086
2504,1709195208.4048464,1709195208.407888
2505,1709195208.5054095,1709195208.5109053
2506,1709195208.5978763,1709195208.6008055
2507,1709195208.703516,1709195208.709007
2508,1709195208.8011935,1709195208.8043747
2509,1709195208.9066799,1709195208.9096398
2510,1709195209.0058367,1709195209.0090377
2511,1709195209.1054358,1709195209.1100445
2512,1709195209.202085,1709195209.2065344
2513,1709195209.3042135,1709195209.3078287
2514,1709195209.4031098,1709195209.4064598
2515,1709195209.5001216,1709195209.5054471
2516,1709195209.6053278,1709195209.6085446
2517,1709195209.7022102,1709195209.7054765
2518,1709195209.8030488,1709195209.8067691
2519,1709195209.904757,1709195209.9079297
2520,1709195209.9999752,1709195210.0032356
2521,1709195210.1014285,1709195210.1056569
2522,1709195210.2004702,1709195210.2062645
2523,1709195210.3002396,1709195210.3035843
2524,1709195210.4020677,1709195210.4061265
2525,1709195210.4982617,1709195210.5028908
2526,1709195210.604731,1709195210.6123312
2527,1709195210.7084496,1709195210.7114558
2528,1709195210.802135,1709195210.805813
2529,1709195210.898635,1709195210.9018695
2530,1709195211.0042033,1709195211.0074704
2531,1709195211.1021035,1709195211.1050804
2532,1709195211.2028582,1709195211.2057695
2533,1709195211.3023586,1709195211.3053477
2534,1709195211.3969612,1709195211.4011846
2535,1709195211.4974523,1709195211.5006
2536,1709195211.5983882,1709195211.6021624
2537,1709195211.7016575,1709195211.7064805
2538,1709195211.8050008,1709195211.8083034
2539,1709195211.904455,1709195211.9073703
2540,1709195212.0019698,1709195212.0048409
2541,1709195212.1039133,1709195212.1074867
2542,1709195212.2030063,1709195212.2058194
2543,1709195212.2975807,1709195212.3016562
2544,1709195212.4085228,1709195212.414644
2545,1709195212.5102513,1709195212.5133865
2546,1709195212.612503,1709195212.6161218
2547,1709195212.7114058,1709195212.7145984
2548,1709195212.7990859,1709195212.8040497
2549,1709195212.9069662,1709195212.9105985
2550,1709195213.0104191,1709195213.0179722
2551,1709195213.1046054,1709195213.1079438
2552,1709195213.2015784,1709195213.2050402
2553,1709195213.3067563,1709195213.3108215
2554,1709195213.4133923,1709195213.4169247
2555,1709195213.512326,1709195213.5161774
2556,1709195213.6150527,1709195213.617849
2557,1709195213.7115278,1709195213.7146204
2558,1709195213.8051696,1709195213.8084636
2559,1709195213.9057307,1709195213.909377
2560,1709195214.0048604,1709195214.0077722
2561,1709195214.1023583,1709195214.105537
2562,1709195214.2023141,1709195214.2054656
2563,1709195214.3068268,1709195214.3106456
2564,1709195214.405088,1709195214.4083598
2565,1709195214.4972427,1709195214.5013218
2566,1709195214.5987155,1709195214.6036737
2567,1709195214.7035089,1709195214.7073033
2568,1709195214.804114,1709195214.8071477
2569,1709195214.9039457,1709195214.906868
2570,1709195214.9990206,1709195215.0025887
2571,1709195215.0971007,1709195215.0999646
2572,1709195215.2054293,1709195215.2087038
2573,1709195215.3026214,1709195215.3057783
2574,1709195215.4083307,1709195215.4114146
2575,1709195215.5049062,1709195215.5080583
2576,1709195215.6098306,1709195215.614412
2577,1709195215.7056167,1709195215.7084944
2578,1709195215.8123114,1709195215.8155074
2579,1709195215.9023206,1709195215.905983
2580,1709195216.0045233,1709195216.00762
2581,1709195216.1029375,1709195216.107604
2582,1709195216.2030408,1709195216.2061627
2583,1709195216.301889,1709195216.304881
2584,1709195216.402297,1709195216.4063637
2585,1709195216.5206592,1709195216.5244055
2586,1709195216.6056504,1709195216.6096592
2587,1709195216.7069218,1709195216.7128065
2588,1709195216.8123796,1709195216.815823
2589,1709195216.9034863,1709195216.9069016
2590,1709195216.9986093,1709195217.0018337
2591,1709195217.1005816,1709195217.1040778
2592,1709195217.2033253,1709195217.2065642
2593,1709195217.297982,1709195217.3019755
2594,1709195217.4155302,1709195217.4220462
2595,1709195217.5006642,1709195217.5086594
2596,1709195217.603989,1709195217.607127
2597,1709195217.7004898,1709195217.7054138
2598,1709195217.802549,1709195217.8071065
2599,1709195217.9084537,1709195217.9117572
2600,1709195218.006462,1709195218.0111318
2601,1709195218.1062572,1709195218.109749
2602,1709195218.2042096,1709195218.2073543
2603,1709195218.3086896,1709195218.3126435
2604,1709195218.4122598,1709195218.415261
2605,1709195218.4993324,1709195218.502158
2606,1709195218.6069696,1709195218.6098182
2607,1709195218.7082045,1709195218.7141175
2608,1709195218.8041396,1709195218.8070157
2609,1709195218.9038084,1709195218.9077702
2610,1709195219.0037007,1709195219.0066936
2611,1709195219.1053221,1709195219.109359
2612,1709195219.206229,1709195219.2094183
2613,1709195219.3045943,1709195219.3089237
2614,1709195219.4035876,1709195219.406427
2615,1709195219.5042305,1709195219.507437
2616,1709195219.6071422,1709195219.6121051
2617,1709195219.7037866,1709195219.7067583
2618,1709195219.7996657,1709195219.803633
2619,1709195219.899641,1709195219.9036565
2620,1709195220.0028229,1709195220.005673
2621,1709195220.1000874,1709195220.1042402
2622,1709195220.1987517,1709195220.2030818
2623,1709195220.3019097,1709195220.3056865
2624,1709195220.4070275,1709195220.4109516
2625,1709195220.5032718,1709195220.506783
2626,1709195220.6053154,1709195220.6087928
2627,1709195220.7036486,1709195220.7071931
2628,1709195220.8010151,1709195220.8061488
2629,1709195220.9058418,1709195220.9095113
2630,1709195220.9968534,1709195221.0020022
2631,1709195221.1012046,1709195221.1050923
2632,1709195221.2059913,1709195221.208279
2633,1709195221.305239,1709195221.3086607
2634,1709195221.4011264,1709195221.404538
2635,1709195221.5042078,1709195221.5079148
2636,1709195221.598074,1709195221.6011562
2637,1709195221.7026641,1709195221.7064369
2638,1709195221.8046196,1709195221.8087556
2639,1709195221.9031224,1709195221.907905
2640,1709195222.0066624,1709195222.0099277
2641,1709195222.101067,1709195222.1040304
2642,1709195222.1991112,1709195222.202364
2643,1709195222.3035724,1709195222.3062077
2644,1709195222.4028368,1709195222.407285
2645,1709195222.5023654,1709195222.5053031
2646,1709195222.606982,1709195222.6098905
2647,1709195222.7015119,1709195222.7045221
2648,1709195222.799702,1709195222.802926
2649,1709195222.8994813,1709195222.902991
2650,1709195223.0010002,1709195223.0042794
2651,1709195223.0996375,1709195223.1032438
2652,1709195223.2030592,1709195223.2053835
2653,1709195223.311749,1709195223.3150342
2654,1709195223.3983479,1709195223.4017015
2655,1709195223.5014427,1709195223.5049264
2656,1709195223.6053567,1709195223.6135244
2657,1709195223.7026496,1709195223.7064133
2658,1709195223.80163,1709195223.8052235
2659,1709195223.9017308,1709195223.9058332
2660,1709195223.9981697,1709195224.00179
2661,1709195224.106439,1709195224.1095505
2662,1709195224.2033958,1709195224.2076824
2663,1709195224.3026652,1709195224.3060012
2664,1709195224.41077,1709195224.4140031
2665,1709195224.4988854,1709195224.5025868
2666,1709195224.6034696,1709195224.6069455
2667,1709195224.698814,1709195224.704651
2668,1709195224.8079636,1709195224.8115532
2669,1709195225.010952,1709195225.017756
2670,1709195225.025396,1709195225.0284572
2671,1709195225.09876,1709195225.101968
2672,1709195225.20255,1709195225.2057877
2673,1709195225.3014228,1709195225.3048694
2674,1709195225.4054055,1709195225.407792
2675,1709195225.506882,1709195225.510192
2676,1709195225.6015608,1709195225.604331
2677,1709195225.6997478,1709195225.70316
2678,1709195225.8117807,1709195225.8154244
2679,1709195225.9065697,1709195225.910503
2680,1709195226.0001247,1709195226.0033495
2681,1709195226.100434,1709195226.104324
2682,1709195226.199359,1709195226.202328
2683,1709195226.308526,1709195226.3143682
2684,1709195226.4059815,1709195226.4091399
2685,1709195226.499132,1709195226.5024252
2686,1709195226.5994854,1709195226.6030118
2687,1709195226.697589,1709195226.7026296
2688,1709195226.8036091,1709195226.8099666
2689,1709195226.912094,1709195226.9120994
2690,1709195227.0037847,1709195227.0037901
2691,1709195227.1111095,1709195227.1111147
2692,1709195227.206691,1709195227.2066967
2693,1709195227.299925,1709195227.2999296
2694,1709195227.4046457,1709195227.4046507
2695,1709195227.5052304,1709195227.5052373
2696,1709195227.6052032,1709195227.6052122
2697,1709195227.7030566,1709195227.7030623
2698,1709195227.7999992,1709195227.8000054
2699,1709195227.9022644,1709195227.9022703
2700,1709195228.002303,1709195228.0023081
2701,1709195228.102371,1709195228.1023767
2702,1709195228.2022598,1709195228.202265
2703,1709195228.3053598,1709195228.3053648
2704,1709195228.4015844,1709195228.4015903
2705,1709195228.5027552,1709195228.5027611
2706,1709195228.5985217,1709195228.5985267
2707,1709195228.716297,1709195228.7163029
2708,1709195228.80869,1709195228.8086936
2709,1709195228.9110029,1709195228.911012
2710,1709195228.9992316,1709195228.9992366
2711,1709195229.102848,1709195229.1028538
2712,1709195229.199635,1709195229.1996412
2713,1709195229.299643,1709195229.299648
2714,1709195229.401694,1709195229.4016988
2715,1709195229.49926,1709195229.4992661
2716,1709195229.600482,1709195229.6004865
2717,1709195229.7090852,1709195229.7090917
2718,1709195229.8003836,1709195229.800387
2719,1709195229.9040174,1709195229.9040222
2720,1709195230.0039992,1709195230.0040038
2721,1709195230.1033695,1709195230.1033752
2722,1709195230.2007635,1709195230.2007682
2723,1709195230.3022063,1709195230.3022096
2724,1709195230.403091,1709195230.4030967
2725,1709195230.5019114,1709195230.5019162
2726,1709195230.598745,1709195230.5987499
2727,1709195230.7008061,1709195230.7008107
2728,1709195230.8024735,1709195230.8024788
2729,1709195230.9044847,1709195230.9044905
2730,1709195231.0033534,1709195231.003359
2731,1709195231.1035879,1709195231.1035936
2732,1709195231.1987467,1709195231.198752
2733,1709195231.307593,1709195231.3075964
2734,1709195231.402872,1709195231.4028754
2735,1709195231.5050218,1709195231.5050263
2736,1709195231.6000426,1709195231.600046
2737,1709195231.7063947,1709195231.7064004
2738,1709195231.8036792,1709195231.8036838
2739,1709195231.9052727,1709195231.9052773
2740,1709195232.0094435,1709195232.009455
2741,1709195232.106751,1709195232.1067564
2742,1709195232.205317,1709195232.2053227
2743,1709195232.3067,1709195232.3067079
2744,1709195232.4142382,1709195232.4142427
2745,1709195232.4990625,1709195232.4990675
2746,1709195232.6043766,1709195232.6043813
2747,1709195232.7034895,1709195232.7034953
2748,1709195232.801491,1709195232.8015018
2749,1709195232.9084783,1709195232.9084837
2750,1709195233.004061,1709195233.004066
2751,1709195233.1069412,1709195233.1069462
2752,1709195233.2006347,1709195233.2006397
2753,1709195233.3060586,1709195233.3060646
2754,1709195233.405606,1709195233.4056158
2755,1709195233.5018485,1709195233.5018566
2756,1709195233.6087782,1709195233.6087813
2757,1709195233.7035248,1709195233.7035306
2758,1709195233.8044124,1709195233.8044174
2759,1709195233.9021378,1709195233.9021428
2760,1709195234.006405,1709195234.006411
2761,1709195234.1017635,1709195234.1017702
2762,1709195234.19953,1709195234.1995347
2763,1709195234.3061845,1709195234.3061883
2764,1709195234.407563,1709195234.4075696
2765,1709195234.5126615,1709195234.5126674
2766,1709195234.6066115,1709195234.6066167
2767,1709195234.710854,1709195234.710864
2768,1709195234.8114748,1709195234.8114784
2769,1709195234.9098756,1709195234.9098809
2770,1709195235.0035503,1709195235.003556
2771,1709195235.1017628,1709195235.10177
2772,1709195235.2125888,1709195235.212594
2773,1709195235.299447,1709195235.2994533
2774,1709195235.4032648,1709195235.40327
2775,1709195235.5049963,1709195235.5050004
2776,1709195235.607318,1709195235.6073234
2777,1709195235.7021294,1709195235.7021346
2778,1709195235.8036397,1709195235.8036444
2779,1709195235.9052594,1709195235.9052656
2780,1709195236.00342,1709195236.0034254
2781,1709195236.1034772,1709195236.10348
2782,1709195236.205868,1709195236.2058735
2783,1709195236.300162,1709195236.3001654
2784,1709195236.3978348,1709195236.3978393
2785,1709195236.5039876,1709195236.503992
2786,1709195236.5996208,1709195236.5996265
2787,1709195236.7056239,1709195236.7056296
2788,1709195236.8004727,1709195236.8004773
2789,1709195236.9044638,1709195236.9044693
2790,1709195237.0024917,1709195237.0024965
2791,1709195237.1053214,1709195237.1053267
2792,1709195237.1981688,1709195237.1981738
2793,1709195237.309532,1709195237.309537
2794,1709195237.4004602,1709195237.4004653
2795,1709195237.5001357,1709195237.500142
2796,1709195237.602742,1709195237.6027474
2797,1709195237.7051234,1709195237.705128
2798,1709195237.8002033,1709195237.800208
2799,1709195237.9020593,1709195237.902064
2800,1709195238.0013921,1709195238.0013976
2801,1709195238.110142,1709195238.1101482
2802,1709195238.2058945,1709195238.205902
2803,1709195238.3018582,1709195238.3018634
2804,1709195238.4103243,1709195238.4103293
2805,1709195238.5014098,1709195238.5014143
2806,1709195238.6123645,1709195238.6123698
2807,1709195238.7028704,1709195238.7028747
2808,1709195238.8069856,1709195238.8069906
2809,1709195238.9023592,1709195238.9023635
2810,1709195239.0113595,1709195239.0113661
2811,1709195239.10451,1709195239.104515
2812,1709195239.2067282,1709195239.2067332
2813,1709195239.3066084,1709195239.3066137
2814,1709195239.4041064,1709195239.4041116
2815,1709195239.5042315,1709195239.5042367
2816,1709195239.60653,1709195239.606535
2817,1709195239.7023125,1709195239.7023175
2818,1709195239.8055294,1709195239.8055341
2819,1709195239.9064958,1709195239.9065013
2820,1709195239.9972167,1709195239.9972205
2821,1709195240.1054447,1709195240.105451
2822,1709195240.1998477,1709195240.1998525
2823,1709195240.3081727,1709195240.3081763
2824,1709195240.4094455,1709195240.4094503
2825,1709195240.4972653,1709195240.4972713
2826,1709195240.5992167,1709195240.599222
2827,1709195240.7007785,1709195240.7007854
2828,1709195240.805681,1709195240.805686
2829,1709195240.9090922,1709195240.909096
2830,1709195241.0089529,1709195241.008959
2831,1709195241.102305,1709195241.102311
2832,1709195241.2005413,1709195241.2005453
2833,1709195241.3025143,1709195241.3025196
2834,1709195241.4033337,1709195241.4033382
2835,1709195241.50776,1709195241.5077646
2836,1709195241.6004896,1709195241.6004956
2837,1709195241.7017014,1709195241.7017066
2838,1709195241.807905,1709195241.8079176
2839,1709195241.9069245,1709195241.90693
2840,1709195242.003126,1709195242.0031312
2841,1709195242.0980422,1709195242.0980477
2842,1709195242.204603,1709195242.2046096
2843,1709195242.309084,1709195242.30909
2844,1709195242.4072366,1709195242.407241
2845,1709195242.505102,1709195242.5051095
2846,1709195242.6061718,1709195242.6061773
2847,1709195242.7076373,1709195242.707642
2848,1709195242.801715,1709195242.8017185
2849,1709195242.9037025,1709195242.9037077
2850,1709195243.0027094,1709195243.0027142
2851,1709195243.1003845,1709195243.1003904
2852,1709195243.2058969,1709195243.2059016
2853,1709195243.3112257,1709195243.3112304
2854,1709195243.4057908,1709195243.4058
2855,1709195243.5093138,1709195243.509319
2856,1709195243.6040149,1709195243.6040213
2857,1709195243.705046,1709195243.7050517
2858,1709195243.801864,1709195243.8018696
2859,1709195243.9061573,1709195243.9061625
2860,1709195244.0014606,1709195244.0014658
2861,1709195244.1128154,1709195244.1128228
2862,1709195244.2111852,1709195244.2111936
2863,1709195244.3050675,1709195244.3050742
2864,1709195244.4056938,1709195244.4057236
2865,1709195244.5009894,1709195244.5009944
2866,1709195244.60489,1709195244.604895
2867,1709195244.7028303,1709195244.7028365
2868,1709195244.8029487,1709195244.8029542
2869,1709195244.9041173,1709195244.9041228
2870,1709195244.9976392,1709195244.9976437
2871,1709195245.102669,1709195245.102675
2872,1709195245.2020874,1709195245.2020931
2873,1709195245.3020704,1709195245.302074
2874,1709195245.4085975,1709195245.408601
2875,1709195245.5069542,1709195245.5069592
2876,1709195245.6049469,1709195245.6049528
2877,1709195245.7022479,1709195245.702253
2878,1709195245.7987916,1709195245.7987967
2879,1709195245.910136,1709195245.9101417
2880,1709195245.999769,1709195246.0000937
2881,1709195246.1031775,1709195246.1031826
2882,1709195246.2085962,1709195246.2086008
2883,1709195246.310498,1709195246.3105042
2884,1709195246.4022195,1709195246.4022248
2885,1709195246.5064876,1709195246.506494
2886,1709195246.6145194,1709195246.6145234
2887,1709195246.7115436,1709195246.7115521
2888,1709195246.8051405,1709195246.8051453
2889,1709195246.903115,1709195246.9031196
2890,1709195247.0068524,1709195247.0068574
2891,1709195247.1013465,1709195247.1013527
2892,1709195247.200315,1709195247.2003202
2893,1709195247.300433,1709195247.3004377
2894,1709195247.4012964,1709195247.401302
2895,1709195247.5181875,1709195247.5181973
2896,1709195247.5995994,1709195247.5996041
2897,1709195247.708129,1709195247.708134
2898,1709195247.8019369,1709195247.8019426
2899,1709195247.9055436,1709195247.9055464
2900,1709195247.998924,1709195247.9989288
2901,1709195248.1061547,1709195248.1061609
2902,1709195248.2069106,1709195248.2069159
2903,1709195248.3001728,1709195248.3001785
2904,1709195248.405887,1709195248.4058912
2905,1709195248.5026648,1709195248.502672
2906,1709195248.5998874,1709195248.5998945
2907,1709195248.7041893,1709195248.7041938
2908,1709195248.798555,1709195248.7985592
2909,1709195248.9031577,1709195248.903164
2910,1709195249.0042005,1709195249.0042067
2911,1709195249.1026442,1709195249.1026502
2912,1709195249.20215,1709195249.2021556
2913,1709195249.3076787,1709195249.3076825
2914,1709195249.4039876,1709195249.4039943
2915,1709195249.502635,1709195249.5026393
2916,1709195249.5996494,1709195249.5996544
2917,1709195249.7037776,1709195249.7037828
2918,1709195249.8086486,1709195249.8086529
2919,1709195249.9020553,1709195249.9020636
2920,1709195250.0049272,1709195250.0049326
2921,1709195250.1093671,1709195250.1093729
2922,1709195250.200034,1709195250.2000396
2923,1709195250.2985108,1709195250.2985146
2924,1709195250.4103904,1709195250.4103956
2925,1709195250.50718,1709195250.507186
2926,1709195250.6110177,1709195250.6110244
2927,1709195250.7055373,1709195250.7055416
2928,1709195250.8129818,1709195250.8129878
2929,1709195250.8993545,1709195250.8993616
2930,1709195251.010494,1709195251.0105002
2931,1709195251.1030555,1709195251.1030612
2932,1709195251.2017543,1709195251.2017581
2933,1709195251.3016603,1709195251.3016653
2934,1709195251.3988676,1709195251.3988724
2935,1709195251.5056553,1709195251.5056605
2936,1709195251.6033313,1709195251.6033363
2937,1709195251.7053196,1709195251.7053246
2938,1709195251.807862,1709195251.8078682
2939,1709195251.9023519,1709195251.9023566
2940,1709195252.0070324,1709195252.0070374
2941,1709195252.1119227,1709195252.111928
2942,1709195252.208244,1709195252.2082486
2943,1709195252.2984812,1709195252.298486
2944,1709195252.407973,1709195252.4079783
2945,1709195252.502291,1709195252.5022984
2946,1709195252.6126251,1709195252.612632
2947,1709195252.7052119,1709195252.705217
2948,1709195252.7977915,1709195252.797796
2949,1709195252.9005685,1709195252.9005737
2950,1709195253.0065548,1709195253.0065641
2951,1709195253.1003263,1709195253.100332
2952,1709195253.206493,1709195253.206497
2953,1709195253.3103135,1709195253.3103194
2954,1709195253.3990514,1709195253.399057
2955,1709195253.4985764,1709195253.4985824
2956,1709195253.600538,1709195253.6005414
2957,1709195253.7032642,1709195253.703269
2958,1709195253.8047755,1709195253.8047812
2959,1709195253.899512,1709195253.8995178
2960,1709195254.001041,1709195254.001046
2961,1709195254.1055014,1709195254.1055074
2962,1709195254.2022452,1709195254.2022514
2963,1709195254.3020287,1709195254.302034
2964,1709195254.4038904,1709195254.4038968
2965,1709195254.5015583,1709195254.5015645
2966,1709195254.6048048,1709195254.6048105
2967,1709195254.7033134,1709195254.7033193
2968,1709195254.801823,1709195254.801826
2969,1709195254.9025145,1709195254.9025197
2970,1709195255.019757,1709195255.0197604
2971,1709195255.1068292,1709195255.1068375
2972,1709195255.207111,1709195255.2071154
2973,1709195255.3052638,1709195255.3052683
2974,1709195255.3990176,1709195255.3990211
2975,1709195255.5036178,1709195255.5036209
2976,1709195255.6029634,1709195255.6029687
2977,1709195255.7006996,1709195255.700704
2978,1709195255.806334,1709195255.8063388
2979,1709195255.9008238,1709195255.9008276
2980,1709195256.002084,1709195256.0020885
2981,1709195256.1057286,1709195256.1057348
2982,1709195256.1993995,1709195256.199406
2983,1709195256.3014438,1709195256.301449
2984,1709195256.4055502,1709195256.4055543
2985,1709195256.5050695,1709195256.505075
2986,1709195256.9172735,1709195256.917283
2987,1709195256.9234283,1709195256.9234343
2988,1709195257.0086224,1709195257.0086277
2989,1709195257.107293,1709195257.1110015
2990,1709195257.2075772,1709195257.2113044
2991,1709195257.3025212,1709195257.3063195
2992,1709195257.402646,1709195257.4064133
2993,1709195257.500731,1709195257.5039332
2994,1709195257.6021757,1709195257.6062937
2995,1709195257.7033122,1709195257.7076485
2996,1709195257.8126218,1709195257.81662
2997,1709195257.8997056,1709195257.9025044
2998,1709195258.004252,1709195258.0081031
2999,1709195258.1058002,1709195258.1090221
3000,1709195258.200244,1709195258.2037172
3001,1709195258.3073854,1709195258.3100352
3002,1709195258.4081755,1709195258.4147644
3003,1709195258.5045338,1709195258.5080302
3004,1709195258.6046987,1709195258.6105196
3005,1709195258.7127647,1709195258.716499
3006,1709195258.802721,1709195258.8074868
3007,1709195258.896897,1709195258.9004812
3008,1709195259.00381,1709195259.010332
3009,1709195259.102488,1709195259.1054394
3010,1709195259.200382,1709195259.2040215
3011,1709195259.2968469,1709195259.3005273
3012,1709195259.4028888,1709195259.4068909
3013,1709195259.5064673,1709195259.5114293
3014,1709195259.608191,1709195259.611251
3015,1709195259.7008452,1709195259.7044523
3016,1709195259.801026,1709195259.804994
3017,1709195259.909079,1709195259.91406
3018,1709195260.004209,1709195260.0066824
3019,1709195260.113441,1709195260.117179
3020,1709195260.2007725,1709195260.2036066
3021,1709195260.3044882,1709195260.3087282
3022,1709195260.4096563,1709195260.413355
3023,1709195260.5126529,1709195260.517383
3024,1709195260.6062467,1709195260.613406
3025,1709195260.7005138,1709195260.7072837
3026,1709195260.8033721,1709195260.8076193
3027,1709195260.916899,1709195260.9210293
3028,1709195261.0006118,1709195261.0037875
3029,1709195261.1039298,1709195261.1076605
3030,1709195261.2048895,1709195261.208385
3031,1709195261.307686,1709195261.3129432
3032,1709195261.4064958,1709195261.4097116
3033,1709195261.5056472,1709195261.509397
3034,1709195261.6029823,1709195261.6064382
3035,1709195261.7125788,1709195261.7164109
3036,1709195261.8065665,1709195261.8100863
3037,1709195261.9144053,1709195261.9184556
3038,1709195262.0133662,1709195262.0166147
3039,1709195262.1020756,1709195262.1064491
3040,1709195262.2073326,1709195262.2073374
3041,1709195262.3014657,1709195262.3014722
3042,1709195262.4123468,1709195262.4123526
3043,1709195262.50666,1709195262.5066652
3044,1709195262.6031675,1709195262.603174
3045,1709195262.7023568,1709195262.7023606
3046,1709195262.799893,1709195262.7998989
3047,1709195262.9051435,1709195262.9051492
3048,1709195263.012986,1709195263.01299
3049,1709195263.10882,1709195263.1088257
3050,1709195263.2061083,1709195263.2061203
3051,1709195263.301912,1709195263.3019154
3052,1709195263.4046497,1709195263.404656
3053,1709195263.5093617,1709195263.5093672
3054,1709195263.614405,1709195263.6144118
3055,1709195263.7115085,1709195263.711514
3056,1709195263.7977524,1709195263.797758
3057,1709195263.901437,1709195263.9014413
3058,1709195264.0014453,1709195264.001451
3059,1709195264.1015117,1709195264.1017995
3060,1709195264.201583,1709195264.2015877
3061,1709195264.3139143,1709195264.313919
3062,1709195264.4079216,1709195264.4079275
3063,1709195264.505607,1709195264.5056117
3064,1709195264.606573,1709195264.606577
3065,1709195264.7030602,1709195264.7030652
3066,1709195264.8016026,1709195264.8016062
3067,1709195264.9074678,1709195264.9074736
3068,1709195265.0052712,1709195265.0052755
3069,1709195265.104754,1709195265.104759
3070,1709195265.1993442,1709195265.1993496
3071,1709195265.3077414,1709195265.307748
3072,1709195265.4019883,1709195265.4019969
3073,1709195265.50241,1709195265.502415
3074,1709195265.6057081,1709195265.6057138
3075,1709195265.7109928,1709195265.710999
3076,1709195265.8040147,1709195265.8040216
3077,1709195265.9031801,1709195265.9031868
3078,1709195266.0049968,1709195266.005002
3079,1709195266.1142068,1709195266.1142118
3080,1709195266.2040753,1709195266.2040799
3081,1709195266.2995489,1709195266.2995553
3082,1709195266.411822,1709195266.411828
3083,1709195266.5073307,1709195266.5073361
3084,1709195266.6141973,1709195266.6142054
3085,1709195266.7020593,1709195266.7020626
3086,1709195266.8078358,1709195266.807841
3087,1709195266.9028103,1709195266.9028158
3088,1709195266.9980042,1709195266.9980097
3089,1709195267.10228,1709195267.1022844
3090,1709195267.209291,1709195267.209297
3091,1709195267.2998803,1709195267.2998874
3092,1709195267.4039197,1709195267.403925
3093,1709195267.5127275,1709195267.5127342
3094,1709195267.6062791,1709195267.6062856
3095,1709195267.6998591,1709195267.699864
3096,1709195267.803638,1709195267.803643
3097,1709195267.9009662,1709195267.9009712
3098,1709195268.001074,1709195268.0010777
3099,1709195268.1000059,1709195268.1000113
3100,1709195268.2056112,1709195268.205615
3101,1709195268.3014235,1709195268.301432
3102,1709195268.4015186,1709195268.4015234
3103,1709195268.4998465,1709195268.4998527
3104,1709195268.60422,1709195268.604229
3105,1709195268.7094212,1709195268.7094262
3106,1709195268.8072205,1709195268.8072262
3107,1709195268.9075496,1709195268.907555
3108,1709195269.002087,1709195269.0020924
3109,1709195269.1032643,1709195269.1032717
3110,1709195269.2053814,1709195269.2053874
3111,1709195269.3010433,1709195269.301049
3112,1709195269.4014122,1709195269.4014182
3113,1709195269.5115745,1709195269.5115814
3114,1709195269.6041393,1709195269.6041446
3115,1709195269.706961,1709195269.7069669
3116,1709195269.8012006,1709195269.8012054
3117,1709195269.9160604,1709195269.9160643
3118,1709195270.0066366,1709195270.0066419
3119,1709195270.106587,1709195270.1065927
3120,1709195270.2020075,1709195270.202015
3121,1709195270.2996397,1709195270.2996466
3122,1709195270.402552,1709195270.4025578
3123,1709195270.502248,1709195270.5022535
3124,1709195270.5995378,1709195270.5995433
3125,1709195270.7022717,1709195270.7022772
3126,1709195270.803473,1709195270.8034778
3127,1709195270.9136963,1709195270.9137022
3128,1709195271.0011194,1709195271.0011263
3129,1709195271.102162,1709195271.1021678
3130,1709195271.2092922,1709195271.2092988
3131,1709195271.2986255,1709195271.2986307
3132,1709195271.4070315,1709195271.407037
3133,1709195271.511875,1709195271.5118809
3134,1709195271.6026134,1709195271.6026201
3135,1709195271.7071366,1709195271.7071412
3136,1709195271.7988431,1709195271.7988482
3137,1709195271.9061286,1709195271.9061327
3138,1709195272.0098753,1709195272.0098805
3139,1709195272.110166,1709195272.1101713
3140,1709195272.2059858,1709195272.2059915
3141,1709195272.308491,1709195272.3084955
3142,1709195272.4010572,1709195272.4010632
3143,1709195272.5033214,1709195272.5033264
3144,1709195272.6081588,1709195272.608164
3145,1709195272.7042115,1709195272.7042184
3146,1709195272.799054,1709195272.7990594
3147,1709195272.9017951,1709195272.9017997
3148,1709195273.0014656,1709195273.0014713
3149,1709195273.1002076,1709195273.1002133
3150,1709195273.2120817,1709195273.21209
3151,1709195273.3024313,1709195273.3024385
3152,1709195273.4038405,1709195273.4038494
3153,1709195273.5074139,1709195273.5074196
3154,1709195273.6095457,1709195273.609551
3155,1709195273.706841,1709195273.7068472
3156,1709195273.8103702,1709195273.8103743
3157,1709195273.9109235,1709195273.910929
3158,1709195274.0056105,1709195274.005616
3159,1709195274.1102185,1709195274.1102252
3160,1709195274.2079353,1709195274.2079415
3161,1709195274.314655,1709195274.314664
3162,1709195274.409435,1709195274.409441
3163,1709195274.5012221,1709195274.5012267
3164,1709195274.5989187,1709195274.5989232
3165,1709195274.7058787,1709195274.7058835
3166,1709195274.8067133,1709195274.8067188
3167,1709195274.9016893,1709195274.9016955
3168,1709195275.0005605,1709195275.0005662
3169,1709195275.102135,1709195275.1021414
3170,1709195275.1994336,1709195275.1994383
3171,1709195275.2977812,1709195275.2977867
3172,1709195275.4015677,1709195275.4015713
3173,1709195275.496821,1709195275.496826
3174,1709195275.5999815,1709195275.599989
3175,1709195275.7021708,1709195275.7021763
3176,1709195275.8018124,1709195275.8018181
3177,1709195275.9029386,1709195275.9029443
3178,1709195276.0023785,1709195276.0023842
3179,1709195276.1102087,1709195276.1102145
3180,1709195276.1990676,1709195276.199073
3181,1709195276.2974339,1709195276.2974403
3182,1709195276.3994906,1709195276.3994958
3183,1709195276.503888,1709195276.5038931
3184,1709195276.6027033,1709195276.602713
3185,1709195276.703736,1709195276.703741
3186,1709195276.7997258,1709195276.799738
3187,1709195276.8992798,1709195276.8992848
3188,1709195277.0005667,1709195277.000572
3189,1709195277.101662,1709195277.1016688
3190,1709195277.2014925,1709195277.2014983
3191,1709195277.3007421,1709195277.3007476
3192,1709195277.3974843,1709195277.397491
3193,1709195277.5012977,1709195277.5013049
3194,1709195277.6060576,1709195277.6060631
3195,1709195277.704057,1709195277.7040625
3196,1709195277.8013093,1709195277.8013155
3197,1709195277.9007797,1709195277.900815
3198,1709195278.0023942,1709195278.0024412
3199,1709195278.0988288,1709195278.098874
3200,1709195278.203017,1709195278.2030861
3201,1709195278.300144,1709195278.3001971
3202,1709195278.398567,1709195278.398621
3203,1709195278.4987428,1709195278.4988127
3204,1709195278.6060054,1709195278.606052
3205,1709195278.698935,1709195278.6989877
3206,1709195278.8058505,1709195278.8058805
3207,1709195278.9014132,1709195278.90149
3208,1709195278.9985921,1709195278.9986613
3209,1709195279.1057107,1709195279.1057816
3210,1709195279.202308,1709195279.2023773
3211,1709195279.2976832,1709195279.2977233
3212,1709195279.3993561,1709195279.3993917
3213,1709195279.5008183,1709195279.5008614
3214,1709195279.6037228,1709195279.6037674
3215,1709195279.7114785,1709195279.7115207
3216,1709195279.7971518,1709195279.7971985
3217,1709195279.8979762,1709195279.8980198
3218,1709195280.0036867,1709195280.0037396
3219,1709195280.105421,1709195280.1055713
3220,1709195280.2026014,1709195280.202669
3221,1709195280.3034523,1709195280.303494
3222,1709195280.3995125,1709195280.3995593
3223,1709195280.5014658,1709195280.5015616
3224,1709195280.6006758,1709195280.600728
3225,1709195280.7135193,1709195280.713566
3226,1709195280.8020327,1709195280.8020778
3227,1709195280.9007082,1709195280.9007518
3228,1709195280.9993615,1709195280.9994
3229,1709195281.1028047,1709195281.1028411
3230,1709195281.201135,1709195281.201178
3231,1709195281.3029697,1709195281.3030493
3232,1709195281.4024103,1709195281.4024577
3233,1709195281.5022414,1709195281.5022945
3234,1709195281.6060457,1709195281.6060994
3235,1709195281.698946,1709195281.6990228
3236,1709195281.7993417,1709195281.7995539
3237,1709195281.903523,1709195281.9036026
3238,1709195282.0045576,1709195282.004606
3239,1709195282.102239,1709195282.1022816
3240,1709195282.1992755,1709195282.199348
3241,1709195282.2993526,1709195282.2993956
3242,1709195282.3981915,1709195282.398233
3243,1709195282.5027153,1709195282.50278
3244,1709195282.6010394,1709195282.6011846
3245,1709195282.7007415,1709195282.7007885
3246,1709195282.8033304,1709195282.803407
3247,1709195282.9006917,1709195282.9007714
3248,1709195283.0001082,1709195283.0001645
3249,1709195283.1058156,1709195283.105897
3250,1709195283.2022593,1709195283.2023067
3251,1709195283.302954,1709195283.3030033
3252,1709195283.4035716,1709195283.4036248
3253,1709195283.5063457,1709195283.5064402
3254,1709195283.6049776,1709195283.6050217
3255,1709195283.6974704,1709195283.6975143
3256,1709195283.8053603,1709195283.8054035
3257,1709195283.8984227,1709195283.8984928
3258,1709195284.0031667,1709195284.0032046
3259,1709195284.0996625,1709195284.0997505
3260,1709195284.2005637,1709195284.2006047
3261,1709195284.3015628,1709195284.3016067
3262,1709195284.4005005,1709195284.4005654
3263,1709195284.5034266,1709195284.5034711
3264,1709195284.603584,1709195284.6036277
3265,1709195284.706274,1709195284.7063231
3266,1709195284.8036768,1709195284.8037164
3267,1709195284.9016418,1709195284.9016843
3268,1709195285.0039356,1709195285.004
3269,1709195285.098906,1709195285.0989482
3270,1709195285.2042177,1709195285.2042754
3271,1709195285.3109875,1709195285.3110344
3272,1709195285.401629,1709195285.4016886
3273,1709195285.5087924,1709195285.5088344
3274,1709195285.598691,1709195285.598738
3275,1709195285.6975396,1709195285.6975818
3276,1709195285.8003027,1709195285.800348
3277,1709195285.9137216,1709195285.9137683
3278,1709195285.9995937,1709195285.9996376
3279,1709195286.0981677,1709195286.098206
3280,1709195286.1992903,1709195286.1993444
3281,1709195286.2975924,1709195286.297673
3282,1709195286.3997655,1709195286.399838
3283,1709195286.5037272,1709195286.5037963
3284,1709195286.5974717,1709195286.5975156
3285,1709195286.7127366,1709195286.7127798
3286,1709195286.807118,1709195286.8071957
3287,1709195286.9069645,1709195286.9070134
3288,1709195287.006235,1709195287.006304
3289,1709195287.1006653,1709195287.1007195
3290,1709195287.2034175,1709195287.2034733
3291,1709195287.301195,1709195287.3012593
3292,1709195287.401202,1709195287.4012673
3293,1709195287.4983127,1709195287.498392
3294,1709195287.5997045,1709195287.599808
3295,1709195287.6977754,1709195287.6982908
3296,1709195287.7977412,1709195287.7977877
3297,1709195287.901982,1709195287.9020858
3298,1709195288.0027435,1709195288.0027947
3299,1709195288.102005,1709195288.1020896
3300,1709195288.2031803,1709195288.2032468
3301,1709195288.3073542,1709195288.3074322
3302,1709195288.3974686,1709195288.397526
3303,1709195288.4994793,1709195288.4995358
3304,1709195288.6010191,1709195288.6010935
3305,1709195288.704391,1709195288.7044432
3306,1709195288.8016453,1709195288.8017147
3307,1709195288.9046016,1709195288.9047241
3308,1709195288.9982758,1709195288.9983325
3309,1709195289.1042345,1709195289.1043046
3310,1709195289.2126756,1709195289.2127438
3311,1709195289.3034415,1709195289.303491
3312,1709195289.4050803,1709195289.4051356
3313,1709195289.5025237,1709195289.5025833
3314,1709195289.5977514,1709195289.5977948
3315,1709195289.702247,1709195289.7023067
3316,1709195289.801761,1709195289.8018122
3317,1709195289.899172,1709195289.899217
3318,1709195290.0016203,1709195290.0017054
3319,1709195290.1036541,1709195290.1036894
3320,1709195290.204904,1709195290.204947
3321,1709195290.3066015,1709195290.3066475
3322,1709195290.399211,1709195290.399275
3323,1709195290.4982767,1709195290.4984336
3324,1709195290.6029878,1709195290.6030576
3325,1709195290.6985276,1709195290.6985977
3326,1709195290.8064957,1709195290.8065665
3327,1709195290.8997087,1709195290.8997545
3328,1709195290.9996219,1709195290.9997268
3329,1709195291.1027415,1709195291.1027896
3330,1709195291.1997304,1709195291.1998234
3331,1709195291.297041,1709195291.2970812
3332,1709195291.4035416,1709195291.4035926
3333,1709195291.5018075,1709195291.5018847
3334,1709195291.5972216,1709195291.5973008
3335,1709195291.6990716,1709195291.6991313
3336,1709195291.7970796,1709195291.7971332
3337,1709195291.8997703,1709195291.8998275
3338,1709195291.9999309,1709195291.999973
3339,1709195292.0994802,1709195292.0995228
3340,1709195292.201692,1709195292.2017376
3341,1709195292.300538,1709195292.3005836
3342,1709195292.4035592,1709195292.4035926
3343,1709195292.5026233,1709195292.5026577
3344,1709195292.5996838,1709195292.5997472
3345,1709195292.7050114,1709195292.7050824
3346,1709195292.8043385,1709195292.8044088
3347,1709195292.905024,1709195292.9050777
3348,1709195293.0048301,1709195293.0048769
3349,1709195293.1067376,1709195293.1067827
3350,1709195293.205374,1709195293.2054532
3351,1709195293.3029573,1709195293.3030016
3352,1709195293.3971493,1709195293.3971949
3353,1709195293.5016806,1709195293.5017266
3354,1709195293.599623,1709195293.599665
3355,1709195293.698087,1709195293.6981165
3356,1709195293.8015227,1709195293.801569
3357,1709195293.901172,1709195293.9012156
3358,1709195293.998274,1709195293.9983191
3359,1709195294.1017284,1709195294.1018076
3360,1709195294.2040317,1709195294.2041106
3361,1709195294.3093274,1709195294.3093975
3362,1709195294.4070811,1709195294.4071193
3363,1709195294.5006044,1709195294.5006714
3364,1709195294.6053593,1709195294.6054156
3365,1709195294.7059836,1709195294.7060862
3366,1709195294.7993288,1709195294.7993705
3367,1709195294.915618,1709195294.9156892
3368,1709195295.0060084,1709195295.0060878
3369,1709195295.1097093,1709195295.1098242
3370,1709195295.2065578,1709195295.206597
3371,1709195295.301247,1709195295.3012898
3372,1709195295.4188523,1709195295.4189339
3373,1709195295.504476,1709195295.5045743
3374,1709195295.605237,1709195295.60584
3375,1709195295.7040217,1709195295.7041278
3376,1709195295.8021522,1709195295.8022146
3377,1709195295.9036312,1709195295.903702
3378,1709195296.0002527,1709195296.000302
3379,1709195296.1004453,1709195296.1004922
3380,1709195296.2036462,1709195296.2036889
3381,1709195296.3073285,1709195296.3073869
3382,1709195296.4019878,1709195296.4020643
3383,1709195296.5046592,1709195296.5047128
3384,1709195296.600198,1709195296.6002429
3385,1709195296.6990216,1709195296.6990674
3386,1709195296.797737,1709195296.797772
3387,1709195296.9023273,1709195296.9023824
3388,1709195297.0049088,1709195297.0049744
3389,1709195297.1030333,1709195297.1030765
3390,1709195297.201671,1709195297.20172
3391,1709195297.3083336,1709195297.308381
3392,1709195297.4000082,1709195297.4000547
3393,1709195297.5015507,1709195297.5015943
3394,1709195297.6024113,1709195297.6024904
3395,1709195297.7035599,1709195297.7036326
3396,1709195297.8057375,1709195297.8058002
3397,1709195297.899346,1709195297.8994231
3398,1709195297.9989948,1709195297.9990358
3399,1709195298.1030781,1709195298.1031423
3400,1709195298.202894,1709195298.2029383
3401,1709195298.3025985,1709195298.3026414
3402,1709195298.4028587,1709195298.4029028
3403,1709195298.5057511,1709195298.5058234
3404,1709195298.6126783,1709195298.6129496
3405,1709195298.70016,1709195298.7002013
3406,1709195298.804294,1709195298.804347
3407,1709195298.900245,1709195298.900289
3408,1709195299.0067518,1709195299.006796
3409,1709195299.0983086,1709195299.0983558
3410,1709195299.1994796,1709195299.1995606
3411,1709195299.3004344,1709195299.3004928
3412,1709195299.4065483,1709195299.4065967
3413,1709195299.5008986,1709195299.5009453
3414,1709195299.6026962,1709195299.6027708
3415,1709195299.7021112,1709195299.7021556
3416,1709195299.807615,1709195299.8077152
3417,1709195299.9016552,1709195299.9017017
3418,1709195299.9981935,1709195299.9982371
3419,1709195300.1042926,1709195300.10436
3420,1709195300.2016146,1709195300.2016563
3421,1709195300.3009174,1709195300.300972
3422,1709195300.4021244,1709195300.4022062
3423,1709195300.513035,1709195300.5131466
3424,1709195300.6050613,1709195300.6051419
3425,1709195300.7030869,1709195300.7031708
3426,1709195300.8031654,1709195300.8032384
3427,1709195300.8999162,1709195300.8999562
3428,1709195301.0013568,1709195301.001404
3429,1709195301.1067505,1709195301.10679
3430,1709195301.2090964,1709195301.209144
3431,1709195301.3042922,1709195301.3043227
3432,1709195301.4033196,1709195301.4034064
3433,1709195301.5017703,1709195301.5018125
3434,1709195301.5989027,1709195301.5989444
3435,1709195301.6999204,1709195301.699984
3436,1709195301.7992454,1709195301.799293
3437,1709195301.8973382,1709195301.8974044
3438,1709195301.9989908,1709195301.9998229
3439,1709195302.1044765,1709195302.1045587
3440,1709195302.20302,1709195302.2030654
3441,1709195302.2984524,1709195302.2984946
3442,1709195302.40206,1709195302.4021015
3443,1709195302.504114,1709195302.5041206
3444,1709195302.601092,1709195302.6010988
3445,1709195302.711633,1709195302.7116382
3446,1709195302.811068,1709195302.811076
3447,1709195302.907508,1709195302.9075143
3448,1709195303.0050046,1709195303.0050116
3449,1709195303.1129658,1709195303.1129723
3450,1709195303.2026634,1709195303.2026694
3451,1709195303.3027234,1709195303.302729
3452,1709195303.399916,1709195303.399922
3453,1709195303.5011468,1709195303.5011544
3454,1709195303.6043937,1709195303.6043997
3455,1709195303.7016745,1709195303.701681
3456,1709195303.8015172,1709195303.8015332
3457,1709195303.9009628,1709195303.9009693
3458,1709195304.0047839,1709195304.0047908
3459,1709195304.107061,1709195304.1070688
3460,1709195304.20265,1709195304.2026556
3461,1709195304.2982748,1709195304.2982807
3462,1709195304.4078507,1709195304.4078567
3463,1709195304.4984045,1709195304.4984105
3464,1709195304.602549,1709195304.6060784
3465,1709195304.7009954,1709195304.7059684
3466,1709195304.8005333,1709195304.8039021
3467,1709195304.9011016,1709195304.9083624
3468,1709195305.0149155,1709195305.0182235
3469,1709195305.1040068,1709195305.1069796
3470,1709195305.203064,1709195305.2066958
3471,1709195305.3031225,1709195305.306819
3472,1709195305.4024918,1709195305.406314
3473,1709195305.5034063,1709195305.5068517
3474,1709195305.601216,1709195305.6049643
3475,1709195305.6996183,1709195305.704177
3476,1709195305.8064528,1709195305.8101957
3477,1709195305.9081714,1709195305.9115179
3478,1709195306.0004451,1709195306.0044277
3479,1709195306.1021655,1709195306.1082132
3480,1709195306.2109096,1709195306.2147903
3481,1709195306.3026462,1709195306.307219
3482,1709195306.407752,1709195306.411609
3483,1709195306.5026398,1709195306.5070338
3484,1709195306.6041827,1709195306.6076224
3485,1709195306.70891,1709195306.7143228
3486,1709195306.8100996,1709195306.815658
3487,1709195306.902757,1709195306.9068763
3488,1709195307.0032108,1709195307.00748
3489,1709195307.1048515,1709195307.1133733
3490,1709195307.2041912,1709195307.2106826
3491,1709195307.3051894,1709195307.3092568
3492,1709195307.4072554,1709195307.412229
3493,1709195307.5045197,1709195307.5080159
3494,1709195307.6041431,1709195307.6086571
3495,1709195307.7004805,1709195307.704605
3496,1709195307.8119764,1709195307.8168912
3497,1709195307.9078395,1709195307.9111986
3498,1709195308.0142498,1709195308.0234504
3499,1709195308.1078746,1709195308.1113257
3500,1709195308.1998367,1709195308.204605
3501,1709195308.3086188,1709195308.3127124
3502,1709195308.4048305,1709195308.4079828
3503,1709195308.4997847,1709195308.5036964
3504,1709195308.6001518,1709195308.6072087
3505,1709195308.7036395,1709195308.71231
3506,1709195308.8045483,1709195308.8086205
3507,1709195308.9088023,1709195308.9123123
3508,1709195309.0093346,1709195309.0132904
3509,1709195309.1082366,1709195309.1143925
3510,1709195309.2061949,1709195309.2138488
3511,1709195309.3057697,1709195309.3092198
3512,1709195309.4086807,1709195309.413085
3513,1709195309.5028393,1709195309.507288
3514,1709195309.6122177,1709195309.6160512
3515,1709195309.7068183,1709195309.7106104
3516,1709195309.8064196,1709195309.8102877
3517,1709195309.9048896,1709195309.910785
3518,1709195310.0113533,1709195310.0212252
3519,1709195310.1079056,1709195310.1117566
3520,1709195310.2057037,1709195310.208778
3521,1709195310.300936,1709195310.307425
3522,1709195310.4053485,1709195310.4099104
3523,1709195310.50703,1709195310.5120325
3524,1709195310.6026673,1709195310.60669
3525,1709195310.731995,1709195310.7378361
3526,1709195310.8131728,1709195310.824358
3527,1709195310.9171126,1709195310.9220343
3528,1709195311.0027258,1709195311.006339
3529,1709195311.1099625,1709195311.1154087
3530,1709195311.203,1709195311.209308
3531,1709195311.3073804,1709195311.3118331
3532,1709195311.4241066,1709195311.4287994
3533,1709195311.5062833,1709195311.5142148
3534,1709195311.6093504,1709195311.6127772
3535,1709195311.703242,1709195311.7096066
3536,1709195311.8077145,1709195311.8110287
3537,1709195311.9061387,1709195311.9101653
3538,1709195312.0116656,1709195312.0174475
3539,1709195312.1082182,1709195312.1134834
3540,1709195312.205203,1709195312.2128193
3541,1709195312.3012774,1709195312.305116
3542,1709195312.4109964,1709195312.4141946
3543,1709195312.4999447,1709195312.5058956
3544,1709195312.6148045,1709195312.6179209
3545,1709195312.709041,1709195312.7126832
3546,1709195312.8183188,1709195312.8251607
3547,1709195312.9124064,1709195312.918926
3548,1709195313.0093498,1709195313.0135076
3549,1709195313.1160061,1709195313.1205769
3550,1709195313.2205338,1709195313.223907
3551,1709195313.3062332,1709195313.3119125
3552,1709195313.4122167,1709195313.4157643
3553,1709195313.5056424,1709195313.5116968
3554,1709195313.60948,1709195313.6131487
3555,1709195313.7135687,1709195313.7173352
3556,1709195313.8164487,1709195313.819881
3557,1709195313.903232,1709195313.9108193
3558,1709195314.00961,1709195314.0176632
3559,1709195314.110517,1709195314.1157656
3560,1709195314.2158313,1709195314.222319
3561,1709195314.3182352,1709195314.3219664
3562,1709195314.4110992,1709195314.4191403
3563,1709195314.5010958,1709195314.5047102
3564,1709195314.6084886,1709195314.613592
3565,1709195314.7066839,1709195314.7100205
3566,1709195314.8069606,1709195314.8106165
3567,1709195314.9091835,1709195314.9129512
3568,1709195315.015373,1709195315.0214183
3569,1709195315.1165907,1709195315.1207075
3570,1709195315.2064688,1709195315.2102447
3571,1709195315.3067958,1709195315.310519
3572,1709195315.4057415,1709195315.409162
3573,1709195315.5112152,1709195315.5152261
3574,1709195315.5987296,1709195315.6084027
3575,1709195315.701849,1709195315.706833
3576,1709195315.8112888,1709195315.8151245
3577,1709195315.915164,1709195315.920298
3578,1709195316.0135877,1709195316.017932
3579,1709195316.1094666,1709195316.1145804
3580,1709195316.207072,1709195316.211956
3581,1709195316.309064,1709195316.312362
3582,1709195316.4152453,1709195316.4186678
3583,1709195316.4992754,1709195316.5088727
3584,1709195316.6218197,1709195316.6294854
3585,1709195316.7033746,1709195316.7070518
3586,1709195316.804891,1709195316.8085003
3587,1709195316.9010382,1709195316.9045286
3588,1709195317.0078108,1709195317.0168028
3589,1709195317.1045706,1709195317.1086948
3590,1709195317.20023,1709195317.2045298
3591,1709195317.2983084,1709195317.3020372
3592,1709195317.4034758,1709195317.4071538
3593,1709195317.5095286,1709195317.5148077
3594,1709195317.6041257,1709195317.6074927
3595,1709195317.7066698,1709195317.710402
3596,1709195317.8238454,1709195317.8312159
3597,1709195317.9067843,1709195317.911417
3598,1709195318.000544,1709195318.0049632
3599,1709195318.1189363,1709195318.1231403
3600,1709195318.2028265,1709195318.2072175
3601,1709195318.3069432,1709195318.310692
3602,1709195318.4070332,1709195318.4144254
3603,1709195318.5016222,1709195318.5056665
3604,1709195318.6052923,1709195318.6091146
3605,1709195318.7168763,1709195318.7201266
3606,1709195318.8016527,1709195318.8069358
3607,1709195318.9146423,1709195318.9328017
3608,1709195319.0220504,1709195319.0259392
3609,1709195319.122655,1709195319.1270812
3610,1709195319.2029128,1709195319.2094293
3611,1709195319.3118587,1709195319.3182516
3612,1709195319.4085479,1709195319.417342
3613,1709195319.5080414,1709195319.5138545
3614,1709195319.6105995,1709195319.6169255
3615,1709195319.7054167,1709195319.7087533
3616,1709195319.8019848,1709195319.8050773
3617,1709195319.911905,1709195319.916502
3618,1709195320.0058737,1709195320.008875
3619,1709195320.101657,1709195320.1067972
3620,1709195320.208375,1709195320.212255
3621,1709195320.297697,1709195320.3017654
3622,1709195320.4159398,1709195320.4194555
3623,1709195320.5046275,1709195320.5079463
3624,1709195320.5979266,1709195320.6014621
3625,1709195320.7088,1709195320.7134206
3626,1709195320.8094647,1709195320.8131642
3627,1709195320.9069443,1709195320.912384
3628,1709195321.0043027,1709195321.0081208
3629,1709195321.1109898,1709195321.114458
3630,1709195321.2036755,1709195321.2072875
3631,1709195321.3031492,1709195321.3101685
3632,1709195321.399925,1709195321.4040585
3633,1709195321.5069776,1709195321.5121474
3634,1709195321.6082416,1709195321.6163716
3635,1709195321.720528,1709195321.724073
3636,1709195321.8039982,1709195321.8076472
3637,1709195321.9167173,1709195321.922874
3638,1709195322.0121357,1709195322.0168798
3639,1709195322.1179128,1709195322.1212883
3640,1709195322.2069862,1709195322.2157624
3641,1709195322.312987,1709195322.3176494
3642,1709195322.4020362,1709195322.4063857
3643,1709195322.5006258,1709195322.5042584
3644,1709195322.6209455,1709195322.6271467
3645,1709195322.7056117,1709195322.711132
3646,1709195322.8059719,1709195322.8109674
3647,1709195322.907063,1709195322.9108782
3648,1709195322.9987884,1709195323.005547
3649,1709195323.1036196,1709195323.110663
3650,1709195323.2036695,1709195323.2084136
3651,1709195323.322754,1709195323.331629
3652,1709195323.401688,1709195323.405324
3653,1709195323.5071325,1709195323.50996
3654,1709195323.6141856,1709195323.617991
3655,1709195323.7032804,1709195323.7063677
3656,1709195323.8058515,1709195323.810099
3657,1709195323.9118652,1709195323.9151917
3658,1709195324.002216,1709195324.0089977
3659,1709195324.1014512,1709195324.1057339
3660,1709195324.2034872,1709195324.2100782
3661,1709195324.3059804,1709195324.3120296
3662,1709195324.4115453,1709195324.4158623
3663,1709195324.5049422,1709195324.5107355
3664,1709195324.6247408,1709195324.6285882
3665,1709195324.6984653,1709195324.7019632
3666,1709195324.8109028,1709195324.8149068
3667,1709195324.920487,1709195324.9252374
3668,1709195325.0096533,1709195325.018669
3669,1709195325.1124496,1709195325.117536
3670,1709195325.204293,1709195325.2089424
3671,1709195325.3009722,1709195325.305112
3672,1709195325.4078786,1709195325.4118385
3673,1709195325.5160215,1709195325.5221438
3674,1709195325.6048262,1709195325.609036
3675,1709195325.7101629,1709195325.7141159
3676,1709195325.8189197,1709195325.8246675
3677,1709195325.9160519,1709195325.920797
3678,1709195326.0137024,1709195326.0191276
3679,1709195326.117776,1709195326.1214712
3680,1709195326.2133155,1709195326.216789
3681,1709195326.3054044,1709195326.310147
3682,1709195326.4135664,1709195326.4174142
3683,1709195326.5104804,1709195326.5183408
3684,1709195326.6023014,1709195326.6102014
3685,1709195326.7034168,1709195326.7121944
3686,1709195326.8126824,1709195326.819899
3687,1709195326.9055865,1709195326.9116921
3688,1709195327.0281513,1709195327.0340676
3689,1709195327.1128793,1709195327.1158438
3690,1709195327.2058113,1709195327.2091284
3691,1709195327.3079166,1709195327.311322
3692,1709195327.411917,1709195327.4170575
3693,1709195327.5131404,1709195327.5163174
3694,1709195327.60075,1709195327.600756
3695,1709195327.6988134,1709195327.6988192
3696,1709195327.7995577,1709195327.7995632
3697,1709195327.9076421,1709195327.9076471
3698,1709195328.0046687,1709195328.0046742
3699,1709195328.1165242,1709195328.1165292
3700,1709195328.2104802,1709195328.210487
3701,1709195328.3031042,1709195328.3031087
3702,1709195328.4068637,1709195328.406869
3703,1709195328.5053122,1709195328.5053186
3704,1709195328.6078787,1709195328.6078832
3705,1709195328.7114704,1709195328.7114758
3706,1709195328.8064973,1709195328.8065035
3707,1709195328.9043667,1709195328.9043725
3708,1709195329.0100908,1709195329.0100968
3709,1709195329.1019058,1709195329.1019108
3710,1709195329.208054,1709195329.2080595
3711,1709195329.3125768,1709195329.3125827
3712,1709195329.4201388,1709195329.4201443
3713,1709195329.5028214,1709195329.5028267
3714,1709195329.6090162,1709195329.609021
3715,1709195329.7098308,1709195329.7098353
3716,1709195329.7995691,1709195329.7995744
3717,1709195329.8972454,1709195329.897251
3718,1709195329.9974868,1709195329.9974928
3719,1709195330.1075182,1709195330.1075234
3720,1709195330.203475,1709195330.2034824
3721,1709195330.3010013,1709195330.3010056
3722,1709195330.4119525,1709195330.4119587
3723,1709195330.509508,1709195330.5095143
3724,1709195330.6131115,1709195330.6131163
3725,1709195330.7104886,1709195330.710494
3726,1709195330.8017423,1709195330.8017476
3727,1709195330.9057205,1709195330.905726
3728,1709195331.006978,1709195331.0069828
3729,1709195331.1002042,1709195331.1002102
3730,1709195331.2113328,1709195331.2113366
3731,1709195331.3152554,1709195331.3152604
3732,1709195331.414896,1709195331.4149008
3733,1709195331.503033,1709195331.5030382
3734,1709195331.6094248,1709195331.60943
3735,1709195331.7097754,1709195331.7097807
3736,1709195331.8010733,1709195331.8010786
3737,1709195331.904571,1709195331.904576
3738,1709195332.0087824,1709195332.008788
3739,1709195332.1033628,1709195332.1033695
3740,1709195332.218369,1709195332.2183738
3741,1709195332.3146186,1709195332.3146238
3742,1709195332.4184225,1709195332.4184299
3743,1709195332.5153153,1709195332.515322
3744,1709195332.6185625,1709195332.6185677
3745,1709195332.7209218,1709195332.720927
3746,1709195332.8117537,1709195332.811759
3747,1709195332.9074922,1709195332.9074976
3748,1709195333.0080886,1709195333.0080945
3749,1709195333.1171653,1709195333.11717
3750,1709195333.2111168,1709195333.2111259
3751,1709195333.3016863,1709195333.3016922
3752,1709195333.412895,1709195333.412901
3753,1709195333.5084348,1709195333.508439
3754,1709195333.6036668,1709195333.603673
3755,1709195333.7066207,1709195333.706625
3756,1709195333.805282,1709195333.805287
3757,1709195333.914684,1709195333.9146888
3758,1709195334.015562,1709195334.015567
3759,1709195334.1052694,1709195334.1052742
3760,1709195334.211539,1709195334.2115443
3761,1709195334.310385,1709195334.310391
3762,1709195334.4115505,1709195334.4115555
3763,1709195334.5083745,1709195334.5083804
3764,1709195334.6142528,1709195334.6142583
3765,1709195334.698571,1709195334.6985745
3766,1709195334.8173063,1709195334.817312
3767,1709195334.9045866,1709195334.9045928
3768,1709195334.999477,1709195334.9994826
3769,1709195335.1066937,1709195335.1067002
3770,1709195335.205175,1709195335.2051814
3771,1709195335.3021305,1709195335.3021355
3772,1709195335.4023938,1709195335.4023988
3773,1709195335.4993703,1709195335.4993756
3774,1709195335.6069658,1709195335.6069705
3775,1709195335.708036,1709195335.708041
3776,1709195335.8062608,1709195335.8062656
3777,1709195335.908298,1709195335.9083028
3778,1709195336.00354,1709195336.0035446
3779,1709195336.1018207,1709195336.1018255
3780,1709195336.2095559,1709195336.2095609
3781,1709195336.3019552,1709195336.3019614
3782,1709195336.4068818,1709195336.4068868
3783,1709195336.500154,1709195336.50016
3784,1709195336.609329,1709195336.6093335
3785,1709195336.704635,1709195336.7046402
3786,1709195336.807223,1709195336.807228
3787,1709195336.914581,1709195336.9145885
3788,1709195337.0185614,1709195337.0185673
3789,1709195337.111735,1709195337.1117408
3790,1709195337.2071722,1709195337.207177
3791,1709195337.3090346,1709195337.3090434
3792,1709195337.407218,1709195337.4072227
3793,1709195337.4984398,1709195337.498445
3794,1709195337.609619,1709195337.6096237
3795,1709195337.7107723,1709195337.7107792
3796,1709195337.8116605,1709195337.811666
3797,1709195337.900832,1709195337.9008377
3798,1709195338.0000656,1709195338.0000708
3799,1709195338.1097183,1709195338.1097233
3800,1709195338.2036731,1709195338.203679
3801,1709195338.3108907,1709195338.3108985
3802,1709195338.4016588,1709195338.4016628
3803,1709195338.505825,1709195338.50583
3804,1709195338.6138065,1709195338.6138117
3805,1709195338.70983,1709195338.7098348
3806,1709195338.8133872,1709195338.8133934
3807,1709195338.9046211,1709195338.9046261
3808,1709195339.0027764,1709195339.0027823
3809,1709195339.107111,1709195339.1071162
3810,1709195339.2083457,1709195339.2083502
3811,1709195339.3077831,1709195339.3077884
3812,1709195339.404788,1709195339.4047933
3813,1709195339.5063543,1709195339.5063596
3814,1709195339.6085792,1709195339.6085844
3815,1709195339.7006555,1709195339.7006607
3816,1709195339.8138945,1709195339.8138998
3817,1709195339.9040763,1709195339.904081
3818,1709195340.010717,1709195340.0107217
3819,1709195340.1142766,1709195340.1142826
3820,1709195340.2016578,1709195340.2016642
3821,1709195340.3137357,1709195340.3137422
3822,1709195340.416817,1709195340.4168227
3823,1709195340.512001,1709195340.512007
3824,1709195340.6075003,1709195340.6075053
3825,1709195340.7022343,1709195340.7022395
3826,1709195340.810361,1709195340.8103666
3827,1709195340.905355,1709195340.9053605
3828,1709195341.0002475,1709195341.000253
3829,1709195341.1071138,1709195341.1071186
3830,1709195341.2179303,1709195341.2179356
3831,1709195341.305877,1709195341.3058825
3832,1709195341.4127083,1709195341.4127128
3833,1709195341.4999876,1709195341.4999933
3834,1709195341.612906,1709195341.612912
3835,1709195341.702294,1709195341.7022994
3836,1709195341.8004117,1709195341.8004162
3837,1709195341.9069767,1709195341.9069815
3838,1709195341.9999733,1709195341.9999788
3839,1709195342.1074095,1709195342.1074142
3840,1709195342.2077954,1709195342.207798
3841,1709195342.3019443,1709195342.301948
3842,1709195342.4037635,1709195342.4037678
3843,1709195342.5033495,1709195342.5033543
3844,1709195342.602323,1709195342.6023262
3845,1709195342.709467,1709195342.7094731
3846,1709195342.8095815,1709195342.809587
3847,1709195342.9095056,1709195342.9095109
3848,1709195343.0013168,1709195343.0013235
3849,1709195343.1109908,1709195343.110997
3850,1709195343.2105668,1709195343.2105715
3851,1709195343.3073058,1709195343.307311
3852,1709195343.3983302,1709195343.3983352
3853,1709195343.510091,1709195343.5100958
3854,1709195343.6007533,1709195343.6007593
3855,1709195343.7110646,1709195343.71107
3856,1709195343.8034332,1709195343.803439
3857,1709195343.9006379,1709195343.9006429
3858,1709195344.0007553,1709195344.0007598
3859,1709195344.1053958,1709195344.105403
3860,1709195344.2019408,1709195344.2019455
3861,1709195344.2998931,1709195344.2998986
3862,1709195344.4060984,1709195344.4061034
3863,1709195344.5020766,1709195344.5020816
3864,1709195344.6118727,1709195344.6118786
3865,1709195344.6994548,1709195344.6994586
3866,1709195344.8084881,1709195344.8084931
3867,1709195344.9123483,1709195344.912354
3868,1709195345.014542,1709195345.0145485
3869,1709195345.1030922,1709195345.1030984
3870,1709195345.2084038,1709195345.2084112
3871,1709195345.3086317,1709195345.3086367
3872,1709195345.4032617,1709195345.403266
3873,1709195345.5073183,1709195345.507324
3874,1709195345.6000478,1709195345.6000538
3875,1709195345.7012599,1709195345.7012646
3876,1709195345.8101294,1709195345.8101356
3877,1709195345.9044533,1709195345.9044602
3878,1709195346.0087368,1709195346.0087419
3879,1709195346.100209,1709195346.1002162
3880,1709195346.2076108,1709195346.207617
3881,1709195346.3146482,1709195346.314653
3882,1709195346.3985636,1709195346.3985684
3883,1709195346.5075617,1709195346.5075674
3884,1709195346.6067202,1709195346.6067266
3885,1709195346.7120078,1709195346.7120144
3886,1709195346.8072755,1709195346.8072805
3887,1709195346.9015343,1709195346.9015388
3888,1709195347.0031414,1709195347.0031478
3889,1709195347.1004498,1709195347.1004548
3890,1709195347.2033653,1709195347.2033715
3891,1709195347.3091724,1709195347.3091776
3892,1709195347.4016335,1709195347.4016378
3893,1709195347.5101094,1709195347.510114
3894,1709195347.6056857,1709195347.6056917
3895,1709195347.7050653,1709195347.7050703
3896,1709195347.8146064,1709195347.8146114
3897,1709195347.9045558,1709195347.9045618
3898,1709195348.0101197,1709195348.0101259
3899,1709195348.1141038,1709195348.114109
3900,1709195348.2108953,1709195348.2109008
3901,1709195348.3137882,1709195348.3137932
3902,1709195348.405454,1709195348.4054587
3903,1709195348.5075095,1709195348.507515
3904,1709195348.6046247,1709195348.6046307
3905,1709195348.7091353,1709195348.70914
3906,1709195348.8085637,1709195348.8085692
3907,1709195348.9079032,1709195348.907909
3908,1709195349.0000832,1709195349.0000882
3909,1709195349.1030028,1709195349.103008
3910,1709195349.200924,1709195349.2009296
3911,1709195349.3052478,1709195349.305253
3912,1709195349.4160364,1709195349.4160411
3913,1709195349.5016243,1709195349.50163
3914,1709195349.6088362,1709195349.6088414
3915,1709195349.6971197,1709195349.6971247
3916,1709195349.8099546,1709195349.8099597
3917,1709195349.906106,1709195349.906112
3918,1709195350.003993,1709195350.0040033
3919,1709195350.1040487,1709195350.1040525
3920,1709195350.2072148,1709195350.20722
3921,1709195350.3087575,1709195350.3087637
3922,1709195350.3980467,1709195350.3980527
3923,1709195350.4983647,1709195350.4983695
3924,1709195350.6134567,1709195350.6134627
3925,1709195350.6974115,1709195350.6974173
3926,1709195350.8023906,1709195350.8023958
3927,1709195350.9194539,1709195350.919459
3928,1709195351.005876,1709195351.0058808
3929,1709195351.10712,1709195351.107126
3930,1709195351.2070854,1709195351.2070906
3931,1709195351.3051188,1709195351.3051236
3932,1709195351.3970988,1709195351.3971035
3933,1709195351.5097787,1709195351.5097826
3934,1709195351.600436,1709195351.6004405
3935,1709195351.7040186,1709195351.7040238
3936,1709195351.8024383,1709195351.8024478
3937,1709195351.9115162,1709195351.9115217
3938,1709195352.0053155,1709195352.0053196
3939,1709195352.1066604,1709195352.106664
3940,1709195352.602383,1709195352.6023934
3941,1709195352.613113,1709195352.6131208
3942,1709195352.7073288,1709195352.7073345
3943,1709195352.8045714,1709195352.8045762
3944,1709195352.9083824,1709195352.9083881
3945,1709195353.0008643,1709195353.00087
3946,1709195353.1058004,1709195353.1058059
3947,1709195353.204157,1709195353.2041616
3948,1709195353.3048582,1709195353.3048635
3949,1709195353.404522,1709195353.4045324
3950,1709195353.504811,1709195353.504815
3951,1709195353.604013,1709195353.6040192
3952,1709195353.7020755,1709195353.7020824
3953,1709195353.8232324,1709195353.8232415
3954,1709195353.9083343,1709195353.9083428
3955,1709195354.001396,1709195354.0014017
3956,1709195354.10914,1709195354.109145
3957,1709195354.2093241,1709195354.2093303
3958,1709195354.3056052,1709195354.3056133
3959,1709195354.4093592,1709195354.4093645
3960,1709195354.4984484,1709195354.4984539
3961,1709195354.6081839,1709195354.60819
3962,1709195354.7024148,1709195354.7024207
3963,1709195354.800774,1709195354.8007798
3964,1709195354.902551,1709195354.9025562
3965,1709195354.997185,1709195354.9971902
3966,1709195355.103318,1709195355.103323
3967,1709195355.2038584,1709195355.2038636
3968,1709195355.31185,1709195355.3118575
3969,1709195355.401885,1709195355.4018915
3970,1709195355.5081475,1709195355.5081527
3971,1709195355.610711,1709195355.6107168
3972,1709195355.7084155,1709195355.7084222
3973,1709195355.8135126,1709195355.813518
3974,1709195355.9139757,1709195355.9139807
3975,1709195356.0089567,1709195356.008964
3976,1709195356.104472,1709195356.1044776
3977,1709195356.2093964,1709195356.209403
3978,1709195356.3097878,1709195356.3098087
3979,1709195356.4062998,1709195356.4063058
3980,1709195356.503549,1709195356.5035548
3981,1709195356.6040256,1709195356.6040313
3982,1709195356.7047963,1709195356.704802
3983,1709195356.8050325,1709195356.80504
3984,1709195356.9038625,1709195356.9038682
3985,1709195357.0009093,1709195357.0009155
3986,1709195357.1022422,1709195357.1022468
3987,1709195357.2047544,1709195357.2047603
3988,1709195357.308081,1709195357.3080873
3989,1709195357.4080331,1709195357.4080403
3990,1709195357.5120525,1709195357.5120592
3991,1709195357.607626,1709195357.6076314
3992,1709195357.7041361,1709195357.704142
3993,1709195357.801464,1709195357.80147
3994,1709195357.9198754,1709195357.923501
3995,1709195358.0086708,1709195358.0128295
3996,1709195358.1033776,1709195358.107459
3997,1709195358.2098873,1709195358.2137396
3998,1709195358.3096406,1709195358.313381
3999,1709195358.4036129,1709195358.4072468
4000,1709195358.5001695,1709195358.5039353
4001,1709195358.6045868,1709195358.607994
4002,1709195358.7030063,1709195358.7075074
4003,1709195358.8146057,1709195358.8196034
4004,1709195358.8984773,1709195358.9066446
4005,1709195359.0013921,1709195359.0046642
4006,1709195359.106184,1709195359.1097708
4007,1709195359.2063828,1709195359.2122173
4008,1709195359.315621,1709195359.319868
4009,1709195359.399697,1709195359.4033577
4010,1709195359.4992702,1709195359.5085533
4011,1709195359.6104493,1709195359.6148677
4012,1709195359.7156465,1709195359.7195482
4013,1709195359.8072429,1709195359.8106575
4014,1709195359.903272,1709195359.9066875
4015,1709195360.0094423,1709195360.0129435
4016,1709195360.1023428,1709195360.1070688
4017,1709195360.20572,1709195360.210414
4018,1709195360.299304,1709195360.303503
4019,1709195360.4032192,1709195360.406917
4020,1709195360.5004706,1709195360.506889
4021,1709195360.607434,1709195360.615048
4022,1709195360.705564,1709195360.7089186
4023,1709195360.8143609,1709195360.8180385
4024,1709195360.9017828,1709195360.9051511
4025,1709195361.0245945,1709195361.0285957
4026,1709195361.1088638,1709195361.114988
4027,1709195361.2043862,1709195361.2082112
4028,1709195361.3068092,1709195361.3112216
4029,1709195361.4156098,1709195361.419558
4030,1709195361.5022764,1709195361.5058672
4031,1709195361.602648,1709195361.606949
4032,1709195361.7035015,1709195361.7070649
4033,1709195361.8012977,1709195361.8050501
4034,1709195361.8999283,1709195361.904668
4035,1709195362.0050442,1709195362.0082533
4036,1709195362.0996232,1709195362.1034853
4037,1709195362.2150278,1709195362.2193305
4038,1709195362.3049252,1709195362.3085768
4039,1709195362.4029958,1709195362.406883
4040,1709195362.5012105,1709195362.5076208
4041,1709195362.6035295,1709195362.6063147
4042,1709195362.702954,1709195362.7095048
4043,1709195362.8179746,1709195362.821889
4044,1709195362.90238,1709195362.9060018
4045,1709195363.0078244,1709195363.00783
4046,1709195363.1036537,1709195363.1036587
4047,1709195363.2124743,1709195363.2125177
4048,1709195363.3078039,1709195363.3078098
4049,1709195363.4090052,1709195363.4090111
4050,1709195363.5023541,1709195363.5023592
4051,1709195363.6028137,1709195363.602819
4052,1709195363.7049067,1709195363.704913
4053,1709195363.8084435,1709195363.8084497
4054,1709195363.9162426,1709195363.9162478
4055,1709195364.0052712,1709195364.0052762
4056,1709195364.121964,1709195364.1219697
4057,1709195364.2079403,1709195364.2079456
4058,1709195364.3147976,1709195364.3148024
4059,1709195364.4035645,1709195364.4035697
4060,1709195364.5115993,1709195364.5116043
4061,1709195364.6114385,1709195364.6114435
4062,1709195364.7115135,1709195364.7115192
4063,1709195364.8170605,1709195364.8170657
4064,1709195364.9061887,1709195364.9061947
4065,1709195365.0033367,1709195365.0033426
4066,1709195365.108078,1709195365.1080847
4067,1709195365.2042136,1709195365.2042186
4068,1709195365.3079355,1709195365.3079414
4069,1709195365.3975031,1709195365.3975098
4070,1709195365.5208507,1709195365.5208542
4071,1709195365.612565,1709195365.6125717
4072,1709195365.7099442,1709195365.709951
4073,1709195365.803753,1709195365.8037581
4074,1709195365.9034584,1709195365.903464
4075,1709195366.0027883,1709195366.0028265
4076,1709195366.1098049,1709195366.1098106
4077,1709195366.20047,1709195366.2004735
4078,1709195366.3010187,1709195366.3010237
4079,1709195366.40458,1709195366.4045854
4080,1709195366.5049083,1709195366.5049133
4081,1709195366.610084,1709195366.6100898
4082,1709195366.704064,1709195366.7040694
4083,1709195366.8206913,1709195366.8206978
4084,1709195366.8995662,1709195366.8995717
4085,1709195367.0073178,1709195367.007325
4086,1709195367.100815,1709195367.1008205
4087,1709195367.2045522,1709195367.2045603
4088,1709195367.3026931,1709195367.302698
4089,1709195367.4017231,1709195367.4017286
4090,1709195367.5111196,1709195367.5111244
4091,1709195367.6048412,1709195367.6048474
4092,1709195367.7090752,1709195367.7090802
4093,1709195367.8050673,1709195367.8050723
4094,1709195367.9109964,1709195367.9110312
4095,1709195368.0149102,1709195368.0149148
4096,1709195368.1074378,1709195368.107443
4097,1709195368.2050424,1709195368.2050483
4098,1709195368.3007293,1709195368.3007371
4099,1709195368.4052198,1709195368.4052258
4100,1709195368.507892,1709195368.5078986
4101,1709195368.6063485,1709195368.6063552
4102,1709195368.7111814,1709195368.7111874
4103,1709195368.8102791,1709195368.8102844
4104,1709195368.905363,1709195368.9053686
4105,1709195368.997988,1709195368.9979942
4106,1709195369.1042802,1709195369.1042852
4107,1709195369.204831,1709195369.2048366
4108,1709195369.2984197,1709195369.2984262
4109,1709195369.4056616,1709195369.4056675
4110,1709195369.5046914,1709195369.5046964
4111,1709195369.5975442,1709195369.5975497
4112,1709195369.6976144,1709195369.69762
4113,1709195369.8058803,1709195369.805885
4114,1709195369.898271,1709195369.8982756
4115,1709195370.0018928,1709195370.001902
4116,1709195370.1017177,1709195370.1017237
4117,1709195370.2002387,1709195370.200245
4118,1709195370.3006005,1709195370.3006103
4119,1709195370.4058185,1709195370.4058232
4120,1709195370.4975421,1709195370.4975462
4121,1709195370.5978296,1709195370.597835
4122,1709195370.7031574,1709195370.7031639
4123,1709195370.7979653,1709195370.797971
4124,1709195370.9081452,1709195370.9081514
4125,1709195371.001974,1709195371.0019796
4126,1709195371.1034472,1709195371.1034527
4127,1709195371.2014692,1709195371.201475
4128,1709195371.2995694,1709195371.2995756
4129,1709195371.4036188,1709195371.4036243
4130,1709195371.5054693,1709195371.5054746
4131,1709195371.6033454,1709195371.6033514
4132,1709195371.7062206,1709195371.706226
4133,1709195371.8001652,1709195371.80017
4134,1709195371.9014192,1709195371.9014237
4135,1709195372.000441,1709195372.000447
4136,1709195372.1077962,1709195372.1078024
4137,1709195372.1993768,1709195372.1993828
4138,1709195372.302105,1709195372.3021107
4139,1709195372.4004276,1709195372.400433
4140,1709195372.5036392,1709195372.5036461
4141,1709195372.6028593,1709195372.602865
4142,1709195372.701483,1709195372.7014887
4143,1709195372.8025436,1709195372.8025484
4144,1709195372.9058015,1709195372.9058063
4145,1709195373.011822,1709195373.0118275
4146,1709195373.1037133,1709195373.1037176
4147,1709195373.2164516,1709195373.2164562
4148,1709195373.3079846,1709195373.3079908
4149,1709195373.4379492,1709195373.4379542
4150,1709195373.5041912,1709195373.504197
4151,1709195373.5995994,1709195373.5996053
4152,1709195373.6987066,1709195373.6987116
4153,1709195373.811875,1709195373.81188
4154,1709195373.909971,1709195373.9099774
4155,1709195374.0086455,1709195374.008651
4156,1709195374.1089976,1709195374.1090066
4157,1709195374.2042022,1709195374.2042077
4158,1709195374.301713,1709195374.3017182
4159,1709195374.4036155,1709195374.4036217
4160,1709195374.507972,1709195374.5079772
4161,1709195374.6060317,1709195374.606037
4162,1709195374.7065542,1709195374.7065609
4163,1709195374.8126972,1709195374.8127024
4164,1709195374.9075618,1709195374.9075673
4165,1709195375.008718,1709195375.008723
4166,1709195375.1018856,1709195375.1018913
4167,1709195375.2026937,1709195375.2027009
4168,1709195375.30192,1709195375.3019247
4169,1709195375.4064178,1709195375.4064238
4170,1709195375.5133235,1709195375.5133286
4171,1709195375.6136637,1709195375.6136801
4172,1709195375.7087476,1709195375.708753
4173,1709195375.8011272,1709195375.801132
4174,1709195375.901279,1709195375.9012837
4175,1709195376.0030904,1709195376.0030966
4176,1709195376.1024184,1709195376.1024244
4177,1709195376.2060142,1709195376.2060196
4178,1709195376.307365,1709195376.3073702
4179,1709195376.404476,1709195376.4044833
4180,1709195376.506204,1709195376.5062096
4181,1709195376.6037903,1709195376.603798
4182,1709195376.7036693,1709195376.7036743
4183,1709195376.7998147,1709195376.79982
4184,1709195376.9036417,1709195376.9037576
4185,1709195377.0047622,1709195377.0048175
4186,1709195377.1156936,1709195377.1157606
4187,1709195377.2049692,1709195377.2050645
4188,1709195377.3015962,1709195377.3016438
4189,1709195377.4068997,1709195377.4069529
4190,1709195377.5143206,1709195377.514403
4191,1709195377.6113846,1709195377.611532
4192,1709195377.7010107,1709195377.7010617
4193,1709195377.8028224,1709195377.8028712
4194,1709195377.9077063,1709195377.9077468
4195,1709195378.0005374,1709195378.000584
4196,1709195378.124247,1709195378.1243265
4197,1709195378.2076302,1709195378.2077067
4198,1709195378.3023648,1709195378.3024647
4199,1709195378.4028041,1709195378.4029138
4200,1709195378.5138376,1709195378.513892
4201,1709195378.6045034,1709195378.6046865
4202,1709195378.7015545,1709195378.701644
4203,1709195378.802854,1709195378.802956
4204,1709195378.9023542,1709195378.9024255
4205,1709195378.9983013,1709195378.9983525
4206,1709195379.1035454,1709195379.1036148
4207,1709195379.2040482,1709195379.2041368
4208,1709195379.300353,1709195379.3003964
4209,1709195379.4174385,1709195379.4175107
4210,1709195379.5054293,1709195379.5055134
4211,1709195379.6081233,1709195379.6081662
4212,1709195379.7126837,1709195379.712729
4213,1709195379.8073702,1709195379.8074415
4214,1709195379.9127228,1709195379.9127696
4215,1709195380.006912,1709195380.0069537
4216,1709195380.1039188,1709195380.1039944
4217,1709195380.2040105,1709195380.204045
4218,1709195380.307379,1709195380.307419
4219,1709195380.4036565,1709195380.4037187
4220,1709195380.503271,1709195380.5033581
4221,1709195380.6064565,1709195380.6065426
4222,1709195380.7153246,1709195380.715429
4223,1709195380.8026946,1709195380.802738
4224,1709195380.9062622,1709195380.9063308
4225,1709195381.0064747,1709195381.0065315
4226,1709195381.1028051,1709195381.1028562
4227,1709195381.207938,1709195381.20798
4228,1709195381.3004768,1709195381.3005216
4229,1709195381.4045131,1709195381.4045696
4230,1709195381.5087626,1709195381.5088599
4231,1709195381.6125832,1709195381.6126332
4232,1709195381.711481,1709195381.7115216
4233,1709195381.8120403,1709195381.8121085
4234,1709195381.9145782,1709195381.914616
4235,1709195382.008063,1709195382.0081098
4236,1709195382.0981956,1709195382.098352
4237,1709195382.210408,1709195382.2104506
4238,1709195382.3142712,1709195382.314348
4239,1709195382.4118617,1709195382.4119012
4240,1709195382.5043817,1709195382.5044386
4241,1709195382.6176667,1709195382.6177087
4242,1709195382.7030623,1709195382.7031
4243,1709195382.8042836,1709195382.8043675
4244,1709195382.9119961,1709195382.9120717
4245,1709195383.0010169,1709195383.001062
4246,1709195383.1134565,1709195383.1135364
4247,1709195383.2079215,1709195383.207964
4248,1709195383.3042204,1709195383.304291
4249,1709195383.4075563,1709195383.4076352
4250,1709195383.5026283,1709195383.5026937
4251,1709195383.607094,1709195383.6071541
4252,1709195383.7028115,1709195383.7028503
4253,1709195383.8070645,1709195383.8071015
4254,1709195383.910717,1709195383.910764
4255,1709195384.013914,1709195384.0139577
4256,1709195384.1086383,1709195384.1086812
4257,1709195384.2054572,1709195384.2055025
4258,1709195384.3096628,1709195384.309721
4259,1709195384.413946,1709195384.414013
4260,1709195384.5113282,1709195384.5114045
4261,1709195384.6004736,1709195384.6005154
4262,1709195384.70606,1709195384.706107
4263,1709195384.8052592,1709195384.8053083
4264,1709195384.911021,1709195384.91109
4265,1709195385.0069716,1709195385.0070496
4266,1709195385.1105866,1709195385.1106331
4267,1709195385.217215,1709195385.217259
4268,1709195385.3078687,1709195385.307939
4269,1709195385.409936,1709195385.4100008
4270,1709195385.522042,1709195385.522093
4271,1709195385.6055567,1709195385.6056101
4272,1709195385.710338,1709195385.710366
4273,1709195385.8101091,1709195385.810155
4274,1709195385.9034522,1709195385.9034917
4275,1709195386.02265,1709195386.0227203
4276,1709195386.1083376,1709195386.108389
4277,1709195386.2063885,1709195386.2064493
4278,1709195386.302927,1709195386.302969
4279,1709195386.4210794,1709195386.421128
4280,1709195386.5050423,1709195386.505077
4281,1709195386.6103098,1709195386.6103518
4282,1709195386.706004,1709195386.706041
4283,1709195386.8144,1709195386.8148563
4284,1709195386.9057338,1709195386.9058099
4285,1709195387.0054083,1709195387.0054593
4286,1709195387.098006,1709195387.0980408
4287,1709195387.203173,1709195387.2032785
4288,1709195387.3073862,1709195387.307425
4289,1709195387.406873,1709195387.406992
4290,1709195387.506134,1709195387.5061738
4291,1709195387.598055,1709195387.598089
4292,1709195387.7096684,1709195387.7097137
4293,1709195387.8068285,1709195387.806886
4294,1709195387.910233,1709195387.9103003
4295,1709195388.0020127,1709195388.0020814
4296,1709195388.1180701,1709195388.1180756
4297,1709195388.2015235,1709195388.2015293
4298,1709195388.3065038,1709195388.306509
4299,1709195388.4075968,1709195388.407602
4300,1709195388.510352,1709195388.5103571
4301,1709195388.6061232,1709195388.6061287
4302,1709195388.711096,1709195388.7111018
4303,1709195388.800988,1709195388.8009937
4304,1709195388.9032393,1709195388.903246
4305,1709195389.0025737,1709195389.0025802
4306,1709195389.1071146,1709195389.1071198
4307,1709195389.2146297,1709195389.2146382
4308,1709195389.3097463,1709195389.3097522
4309,1709195389.4037101,1709195389.4037151
4310,1709195389.5066144,1709195389.506621
4311,1709195389.6043122,1709195389.6043198
4312,1709195389.7171593,1709195389.717167
4313,1709195389.8075774,1709195389.8075838
4314,1709195389.9084432,1709195389.9084506
4315,1709195390.010522,1709195390.0105274
4316,1709195390.1015873,1709195390.101592
4317,1709195390.2121978,1709195390.2156892
4318,1709195390.3075714,1709195390.3111515
4319,1709195390.4034996,1709195390.4068625
4320,1709195390.5084505,1709195390.5122628
4321,1709195390.599974,1709195390.603622
4322,1709195390.6990826,1709195390.7027822
4323,1709195390.8056178,1709195390.8093123
4324,1709195390.909865,1709195390.9141834
4325,1709195391.0109136,1709195391.01604
4326,1709195391.1057246,1709195391.1098282
4327,1709195391.2090075,1709195391.214117
4328,1709195391.311292,1709195391.3146565
4329,1709195391.406217,1709195391.4113286
4330,1709195391.5052493,1709195391.5087473
4331,1709195391.5987642,1709195391.6029549
4332,1709195391.7048466,1709195391.7084587
4333,1709195391.804711,1709195391.8097615
4334,1709195391.9036877,1709195391.9108348
4335,1709195392.000772,1709195392.0090768
4336,1709195392.1061046,1709195392.1096532
4337,1709195392.2025776,1709195392.206172
4338,1709195392.2968361,1709195392.3007534
4339,1709195392.400245,1709195392.403904
4340,1709195392.5028822,1709195392.5064569
4341,1709195392.6012735,1709195392.6045392
4342,1709195392.6975107,1709195392.701227
4343,1709195392.798455,1709195392.8025517
4344,1709195392.8978004,1709195392.901348
4345,1709195393.0013459,1709195393.00608
4346,1709195393.1083527,1709195393.111978
4347,1709195393.2100213,1709195393.210036
4348,1709195393.2977176,1709195393.297724
4349,1709195393.4002202,1709195393.4002256
4350,1709195393.4996486,1709195393.499656
4351,1709195393.5972574,1709195393.597263
4352,1709195393.705231,1709195393.7052379
4353,1709195393.8088684,1709195393.8088748
4354,1709195393.9021494,1709195393.9021542
4355,1709195393.997333,1709195393.9973378
4356,1709195394.1013608,1709195394.10137
4357,1709195394.206491,1709195394.2064955
4358,1709195394.304499,1709195394.3045049
4359,1709195394.39987,1709195394.3998842
4360,1709195394.5093586,1709195394.5093637
4361,1709195394.6034849,1709195394.6034904
4362,1709195394.6998951,1709195394.6999013
4363,1709195394.8011932,1709195394.801199
4364,1709195394.9023473,1709195394.9023523
4365,1709195395.0049474,1709195395.0049524
4366,1709195395.106694,1709195395.1066988
4367,1709195395.204179,1709195395.2041852
4368,1709195395.3140316,1709195395.3140373
4369,1709195395.404404,1709195395.40441
4370,1709195395.5032506,1709195395.5032554
4371,1709195395.5995328,1709195395.5995388
4372,1709195395.7050033,1709195395.7050097
4373,1709195395.809198,1709195395.8092036
4374,1709195395.9003704,1709195395.9003737
4375,1709195396.0066009,1709195396.0066068
4376,1709195396.1078799,1709195396.1078854
4377,1709195396.198283,1709195396.1982887
4378,1709195396.314807,1709195396.3148124
4379,1709195396.4062648,1709195396.40627
4380,1709195396.4998627,1709195396.4998689
4381,1709195396.60473,1709195396.6047342
4382,1709195396.6983047,1709195396.6983109
4383,1709195396.8049946,1709195396.8049998
4384,1709195396.9064808,1709195396.9064877
4385,1709195397.000301,1709195397.0003061
4386,1709195397.1054192,1709195397.1054237
4387,1709195397.2027562,1709195397.2027612
4388,1709195397.3015246,1709195397.3015308
4389,1709195397.404894,1709195397.4048998
4390,1709195397.4995017,1709195397.4995074
4391,1709195397.6041956,1709195397.6042006
4392,1709195397.7074077,1709195397.7074125
4393,1709195397.7981656,1709195397.7981691
4394,1709195397.9009142,1709195397.9009194
4395,1709195398.0076177,1709195398.007622
4396,1709195398.104848,1709195398.104854
4397,1709195398.2086957,1709195398.2087018
4398,1709195398.305263,1709195398.3097496
4399,1709195398.4105034,1709195398.414463
4400,1709195398.5095468,1709195398.5132523
4401,1709195398.604715,1709195398.6083357
4402,1709195398.7176898,1709195398.7221735
4403,1709195398.7996294,1709195398.805554
4404,1709195398.9029188,1709195398.910653
4405,1709195399.0076363,1709195399.0129945
4406,1709195399.1102643,1709195399.114023
4407,1709195399.1979613,1709195399.2018294
4408,1709195399.3031085,1709195399.3067875
4409,1709195399.4017432,1709195399.4050424
4410,1709195399.5062559,1709195399.5102112
4411,1709195399.6059234,1709195399.6101332
4412,1709195399.6999435,1709195399.7038364
4413,1709195399.8064432,1709195399.8104115
4414,1709195399.906662,1709195399.910572
4415,1709195400.0074115,1709195400.0113206
4416,1709195400.114112,1709195400.1183517
4417,1709195400.2009008,1709195400.2089496
4418,1709195400.2978365,1709195400.3013868
4419,1709195400.4000914,1709195400.4032319
4420,1709195400.5025554,1709195400.50784
4421,1709195400.6008077,1709195400.60522
4422,1709195400.7121158,1709195400.7155123
4423,1709195400.8095338,1709195400.813181
4424,1709195400.9140441,1709195400.9180396
4425,1709195400.999747,1709195401.0033412
4426,1709195401.099981,1709195401.1035655
4427,1709195401.1994946,1709195401.2029934
4428,1709195401.2981272,1709195401.3025703
4429,1709195401.4082003,1709195401.411517
4430,1709195401.5039673,1709195401.5082195
4431,1709195401.6008365,1709195401.6045456
4432,1709195401.7021406,1709195401.7057853
4433,1709195401.8077235,1709195401.8116038
4434,1709195401.9014819,1709195401.904634
4435,1709195401.9999866,1709195402.0048957
4436,1709195402.100705,1709195402.106006
4437,1709195402.2120285,1709195402.218047
4438,1709195402.2989507,1709195402.3028607
4439,1709195402.4045036,1709195402.408162
4440,1709195402.5042443,1709195402.5086505
4441,1709195402.608056,1709195402.6107347
4442,1709195402.6999307,1709195402.703416
4443,1709195402.801754,1709195402.8053963
4444,1709195402.9006536,1709195402.9049065
4445,1709195402.9987435,1709195403.0024817
4446,1709195403.108274,1709195403.1108613
4447,1709195403.2014172,1709195403.2049365
4448,1709195403.3053176,1709195403.3144937
4449,1709195403.4040186,1709195403.4040244
4450,1709195403.5067508,1709195403.5067556
4451,1709195403.603063,1709195403.603068
4452,1709195403.7148979,1709195403.7149036
4453,1709195403.8014944,1709195403.8014998
4454,1709195403.904682,1709195403.9046865
4455,1709195404.002183,1709195404.0021896
4456,1709195404.1057613,1709195404.1057668
4457,1709195404.2054217,1709195404.2054274
4458,1709195404.2995982,1709195404.299604
4459,1709195404.4020877,1709195404.4020948
4460,1709195404.5040042,1709195404.5040092
4461,1709195404.6082146,1709195404.6082206
4462,1709195404.7044454,1709195404.7044513
4463,1709195404.8125858,1709195404.8125916
4464,1709195404.903886,1709195404.903895
4465,1709195405.0026207,1709195405.0026257
4466,1709195405.099922,1709195405.0999281
4467,1709195405.2033432,1709195405.2033486
4468,1709195405.2985675,1709195405.2985728
4469,1709195405.3977795,1709195405.397785
4470,1709195405.5040693,1709195405.5040758
4471,1709195405.622759,1709195405.6227682
4472,1709195405.7153275,1709195405.715334
4473,1709195405.8193097,1709195405.819321
4474,1709195405.9012837,1709195405.901289
4475,1709195406.0095742,1709195406.0095794
4476,1709195406.1048691,1709195406.1048741
4477,1709195406.208989,1709195406.2089956
4478,1709195406.29965,1709195406.2996564
4479,1709195406.4034905,1709195406.4034953
4480,1709195406.5192964,1709195406.5193014
4481,1709195406.603948,1709195406.6039531
4482,1709195406.7178133,1709195406.717818
4483,1709195406.8082197,1709195406.8082275
4484,1709195406.9001467,1709195406.900152
4485,1709195407.0053594,1709195407.005363
4486,1709195407.1000729,1709195407.10008
4487,1709195407.2014692,1709195407.2014756
4488,1709195407.3054154,1709195407.3054228
4489,1709195407.4115582,1709195407.4115636
4490,1709195407.5075397,1709195407.5075445
4491,1709195407.5970154,1709195407.5970204
4492,1709195407.7019694,1709195407.7019742
4493,1709195407.8043067,1709195407.8043137
4494,1709195407.9068518,1709195407.9068587
4495,1709195408.0055196,1709195408.0055256
4496,1709195408.1092863,1709195408.1092932
4497,1709195408.2007573,1709195408.2007623
4498,1709195408.3076372,1709195408.3076413
4499,1709195408.4134986,1709195408.413504
4500,1709195408.5023406,1709195408.5023472
4501,1709195408.6011908,1709195408.6011972
4502,1709195408.7012227,1709195408.701229
4503,1709195408.7996616,1709195408.7996671
4504,1709195408.9026053,1709195408.9026105
4505,1709195409.0002182,1709195409.0002246
4506,1709195409.0993173,1709195409.0993226
4507,1709195409.200956,1709195409.200965
4508,1709195409.3003788,1709195409.300386
4509,1709195409.4134278,1709195409.4134333
4510,1709195409.5134964,1709195409.513501
4511,1709195409.6020062,1709195409.6020162
4512,1709195409.7004945,1709195409.7005005
4513,1709195409.7993133,1709195409.7993183
4514,1709195409.9022171,1709195409.9022229
4515,1709195410.0039792,1709195410.003984
4516,1709195410.100558,1709195410.1005645
4517,1709195410.2064207,1709195410.2064266
4518,1709195410.3169427,1709195410.31695
4519,1709195410.408157,1709195410.4081652
4520,1709195410.5010958,1709195410.5011003
4521,1709195410.598718,1709195410.5987222
4522,1709195410.7023988,1709195410.7024033
4523,1709195410.7986567,1709195410.7986615
4524,1709195410.9017005,1709195410.9017062
4525,1709195411.0006175,1709195411.000623
4526,1709195411.1075644,1709195411.1075702
4527,1709195411.1976335,1709195411.1976388
4528,1709195411.30195,1709195411.3019557
4529,1709195411.402271,1709195411.4022765
4530,1709195411.5222173,1709195411.5222235
4531,1709195411.61266,1709195411.6126661
4532,1709195411.7024586,1709195411.7024634
4533,1709195411.8012414,1709195411.8012471
4534,1709195411.9033504,1709195411.9033558
4535,1709195412.0053928,1709195412.0053976
4536,1709195412.0998466,1709195412.0998516
4537,1709195412.1992822,1709195412.1992877
4538,1709195412.30149,1709195412.3014953
4539,1709195412.411468,1709195412.4114752
4540,1709195412.5034142,1709195412.50342
4541,1709195412.6062136,1709195412.6062195
4542,1709195412.6976821,1709195412.6976874
4543,1709195412.8019643,1709195412.8019702
4544,1709195412.9059508,1709195412.905956
4545,1709195413.0039694,1709195413.003975
4546,1709195413.0985928,1709195413.0986035
4547,1709195413.2014945,1709195413.2015007
4548,1709195413.3004694,1709195413.3004746
4549,1709195413.3971813,1709195413.3971863
4550,1709195413.5017405,1709195413.5017462
4551,1709195413.6036973,1709195413.603702
4552,1709195413.6993454,1709195413.69935
4553,1709195413.8080943,1709195413.8081005
4554,1709195413.9072142,1709195413.9072196
4555,1709195414.0079913,1709195414.0079982
4556,1709195414.099525,1709195414.09953
4557,1709195414.213451,1709195414.2134585
4558,1709195414.3070266,1709195414.3070335
4559,1709195414.4042828,1709195414.4042888
4560,1709195414.5034258,1709195414.5034325
4561,1709195414.6002133,1709195414.6002183
4562,1709195414.6976717,1709195414.6976771
4563,1709195414.8050833,1709195414.8050892
4564,1709195414.9186506,1709195414.918656
4565,1709195415.010744,1709195415.0107489
4566,1709195415.1174304,1709195415.117436
4567,1709195415.211878,1709195415.2118838
4568,1709195415.3001716,1709195415.3001766
4569,1709195415.3979087,1709195415.3979142
4570,1709195415.5002632,1709195415.500268
4571,1709195415.601827,1709195415.6018345
4572,1709195415.7036617,1709195415.7036667
4573,1709195415.8039925,1709195415.8039973
4574,1709195415.8989573,1709195415.8989627
4575,1709195415.9997685,1709195415.9997768
4576,1709195416.1104143,1709195416.1104214
4577,1709195416.207364,1709195416.2073698
4578,1709195416.3080661,1709195416.308071
4579,1709195416.4020882,1709195416.4020936
4580,1709195416.5093863,1709195416.509391
4581,1709195416.61348,1709195416.6134849
4582,1709195416.7054334,1709195416.7054398
4583,1709195416.8056567,1709195416.8056703
4584,1709195416.9056227,1709195416.905629
4585,1709195417.0038295,1709195417.0038357
4586,1709195417.1016457,1709195417.1016526
4587,1709195417.2012935,1709195417.2012992
4588,1709195417.3032079,1709195417.303214
4589,1709195417.3982081,1709195417.3982139
4590,1709195417.5008206,1709195417.500827
4591,1709195417.6067808,1709195417.606786
4592,1709195417.7039235,1709195417.7039297
4593,1709195417.8053806,1709195417.8053863
4594,1709195417.8982136,1709195417.8982193
4595,1709195418.0016792,1709195418.001685
4596,1709195418.1052902,1709195418.105296
4597,1709195418.2041626,1709195418.2041676
4598,1709195418.307831,1709195418.3078353
4599,1709195418.407711,1709195418.4077153
4600,1709195418.510928,1709195418.5146663
4601,1709195418.6062477,1709195418.6113591
4602,1709195418.7072065,1709195418.7108812
4603,1709195418.810557,1709195418.8139958
4604,1709195418.9018736,1709195418.9051082
4605,1709195419.0042903,1709195419.0079465
4606,1709195419.104567,1709195419.1087627
4607,1709195419.2103608,1709195419.2141132
4608,1709195419.3058834,1709195419.3109007
4609,1709195419.406472,1709195419.411534
4610,1709195419.5079494,1709195419.5127828
4611,1709195419.5984862,1709195419.6028051
4612,1709195419.7043839,1709195419.7112813
4613,1709195419.8029373,1709195419.807055
4614,1709195419.9070761,1709195419.9124227
4615,1709195420.0152886,1709195420.0192873
4616,1709195420.1043143,1709195420.1081588
4617,1709195420.2066858,1709195420.2126799
4618,1709195420.3042877,1709195420.308324
4619,1709195420.3974595,1709195420.4007983
4620,1709195420.511498,1709195420.5151014
4621,1709195420.6049118,1709195420.6088383
4622,1709195420.7080343,1709195420.712444
4623,1709195420.8030968,1709195420.806549
4624,1709195420.898181,1709195420.9018776
4625,1709195420.999111,1709195421.003052
4626,1709195421.114151,1709195421.1176147
4627,1709195421.2085567,1709195421.2118104
4628,1709195421.3037302,1709195421.3073092
4629,1709195421.4111547,1709195421.4159327
4630,1709195421.5101814,1709195421.5143263
4631,1709195421.610642,1709195421.613226
4632,1709195421.7055807,1709195421.7088566
4633,1709195421.8043761,1709195421.8072155
4634,1709195421.9008858,1709195421.9043033
4635,1709195422.0019586,1709195422.0053294
4636,1709195422.1147723,1709195422.1193042
4637,1709195422.2002811,1709195422.2038863
4638,1709195422.316733,1709195422.3204522
4639,1709195422.409255,1709195422.412693
4640,1709195422.5042799,1709195422.5131211
4641,1709195422.6096585,1709195422.6149406
4642,1709195422.704168,1709195422.7076275
4643,1709195422.803107,1709195422.806998
4644,1709195422.9078076,1709195422.9106777
4645,1709195423.0129023,1709195423.016607
4646,1709195423.1179953,1709195423.1215374
4647,1709195423.2077842,1709195423.211511
4648,1709195423.3076193,1709195423.3170247
4649,1709195423.4177122,1709195423.422817
4650,1709195423.5157888,1709195423.520226
4651,1709195423.6093533,1709195423.60936
4652,1709195423.7028518,1709195423.7028606
4653,1709195423.8055935,1709195423.8055985
4654,1709195423.9054894,1709195423.9054945
4655,1709195424.010816,1709195424.0108216
4656,1709195424.1185703,1709195424.1185746
4657,1709195424.2140086,1709195424.2140145
4658,1709195424.3090992,1709195424.3091044
4659,1709195424.4068763,1709195424.4068825
4660,1709195424.5164914,1709195424.5164983
4661,1709195424.6140466,1709195424.6140494
4662,1709195424.7103074,1709195424.7103126
4663,1709195424.811882,1709195424.811887
4664,1709195424.90495,1709195424.9049547
4665,1709195425.010609,1709195425.0106137
4666,1709195425.1090872,1709195425.1090922
4667,1709195425.2084334,1709195425.2084386
4668,1709195425.310934,1709195425.3109393
4669,1709195425.3988461,1709195425.3988502
4670,1709195425.5047915,1709195425.5047967
4671,1709195425.6083977,1709195425.608403
4672,1709195425.710723,1709195425.7107277
4673,1709195425.8047404,1709195425.8047447
4674,1709195425.902677,1709195425.9026887
4675,1709195426.0079877,1709195426.0079927
4676,1709195426.1058636,1709195426.1058688
4677,1709195426.2064948,1709195426.2064993
4678,1709195426.3035798,1709195426.3035853
4679,1709195426.4024403,1709195426.4024448
4680,1709195426.5100343,1709195426.51004
4681,1709195426.611726,1709195426.611732
4682,1709195426.7090535,1709195426.7090588
4683,1709195426.8010926,1709195426.8010976
4684,1709195426.9046843,1709195426.904689
4685,1709195427.0026562,1709195427.0026634
4686,1709195427.113563,1709195427.1135695
4687,1709195427.2110977,1709195427.2111027
4688,1709195427.3022006,1709195427.3022068
4689,1709195427.4005768,1709195427.400583
4690,1709195427.5099573,1709195427.5099635
4691,1709195427.6100178,1709195427.6100233
4692,1709195427.7105298,1709195427.7105355
4693,1709195427.8026323,1709195427.8026376
4694,1709195427.9067688,1709195427.9067757
4695,1709195428.003792,1709195428.003797
4696,1709195428.1121764,1709195428.112182
4697,1709195428.2065833,1709195428.206587
4698,1709195428.3049574,1709195428.304963
4699,1709195428.4084117,1709195428.4084177
4700,1709195428.5116818,1709195428.5116878
4701,1709195428.6044438,1709195428.604452
4702,1709195428.7106433,1709195428.71065
4703,1709195428.8082302,1709195428.8082345
4704,1709195428.9072611,1709195428.907266
4705,1709195429.0027468,1709195429.0027525
4706,1709195429.1023684,1709195429.1023726
4707,1709195429.2008288,1709195429.2008348
4708,1709195429.3099072,1709195429.3099122
4709,1709195429.4075966,1709195429.4076009
4710,1709195429.515702,1709195429.5157068
4711,1709195429.6057994,1709195429.6058044
4712,1709195429.7023537,1709195429.7023582
4713,1709195429.8044329,1709195429.8044386
4714,1709195429.9161873,1709195429.9161935
4715,1709195430.0070097,1709195430.007015
4716,1709195430.1015892,1709195430.1015952
4717,1709195430.2154274,1709195430.215432
4718,1709195430.3089807,1709195430.3089862
4719,1709195430.3988779,1709195430.398883
4720,1709195430.5085876,1709195430.5085921
4721,1709195430.6097806,1709195430.6097853
4722,1709195430.7072046,1709195430.707211
4723,1709195430.812021,1709195430.8120277
4724,1709195430.897824,1709195430.8978302
4725,1709195431.0038233,1709195431.003829
4726,1709195431.1138053,1709195431.1138155
4727,1709195431.2010512,1709195431.2010567
4728,1709195431.309897,1709195431.3099022
4729,1709195431.4133344,1709195431.4133396
4730,1709195431.5058835,1709195431.5058906
4731,1709195431.605972,1709195431.605977
4732,1709195431.701588,1709195431.7015927
4733,1709195431.8160303,1709195431.8160377
4734,1709195431.9093904,1709195431.909396
4735,1709195432.0160732,1709195432.0160794
4736,1709195432.1087246,1709195432.108729
4737,1709195432.2011104,1709195432.201115
4738,1709195432.3008096,1709195432.3008144
4739,1709195432.4033127,1709195432.403318
4740,1709195432.5077217,1709195432.5077271
4741,1709195432.6071877,1709195432.6071918
4742,1709195432.7057064,1709195432.7057114
4743,1709195432.807558,1709195432.8075645
4744,1709195432.9126496,1709195432.9126549
4745,1709195433.0012207,1709195433.0012257
4746,1709195433.109719,1709195433.109724
4747,1709195433.2127757,1709195433.2127807
4748,1709195433.3016775,1709195433.3016834
4749,1709195433.40907,1709195433.4090762
4750,1709195433.50159,1709195433.5015962
4751,1709195433.6133134,1709195433.613319
4752,1709195433.6994488,1709195433.699456
4753,1709195433.8049927,1709195433.8049982
4754,1709195433.9034805,1709195433.9034865
4755,1709195434.0034158,1709195434.003421
4756,1709195434.1160204,1709195434.1160247
4757,1709195434.2074041,1709195434.2074158
4758,1709195434.314418,1709195434.314424
4759,1709195434.411237,1709195434.4112437
4760,1709195434.50617,1709195434.5061762
4761,1709195434.6037767,1709195434.603783
4762,1709195434.705635,1709195434.7056417
4763,1709195434.8145287,1709195434.8145335
4764,1709195434.9125233,1709195434.9125292
4765,1709195435.01114,1709195435.0111449
4766,1709195435.1103241,1709195435.1103294
4767,1709195435.2014096,1709195435.2014143
4768,1709195435.29796,1709195435.297965
4769,1709195435.3986864,1709195435.3986917
4770,1709195435.5072918,1709195435.5072978
4771,1709195435.605713,1709195435.6057186
4772,1709195435.707642,1709195435.707647
4773,1709195435.8059068,1709195435.8059149
4774,1709195435.9110513,1709195435.9110568
4775,1709195436.0040948,1709195436.0041
4776,1709195436.1016414,1709195436.10165
4777,1709195436.2028196,1709195436.2028246
4778,1709195436.3076007,1709195436.307605
4779,1709195436.4029083,1709195436.4029133
4780,1709195436.509481,1709195436.5094855
4781,1709195436.6030705,1709195436.603077
4782,1709195436.7099712,1709195436.7099767
4783,1709195436.801976,1709195436.8019812
4784,1709195436.9091353,1709195436.90914
4785,1709195437.0012002,1709195437.0012033
4786,1709195437.1158729,1709195437.115878
4787,1709195437.2027073,1709195437.2027106
4788,1709195437.3083794,1709195437.3083844
4789,1709195437.4053855,1709195437.4053915
4790,1709195437.50631,1709195437.5063152
4791,1709195437.615075,1709195437.6150815
4792,1709195437.712779,1709195437.7127829
4793,1709195437.807095,1709195437.8071
4794,1709195437.9112222,1709195437.911228
4795,1709195438.0082176,1709195438.0082247
4796,1709195438.1138391,1709195438.1138463
4797,1709195438.2034616,1709195438.203467
4798,1709195438.3086154,1709195438.3086212
4799,1709195438.4142072,1709195438.414213
4800,1709195438.5036328,1709195438.503639
4801,1709195438.6085384,1709195438.6085448
4802,1709195438.7016943,1709195438.7016983
4803,1709195438.8064954,1709195438.8065026
4804,1709195438.9060585,1709195438.9060643
4805,1709195439.0005858,1709195439.000591
4806,1709195439.1039796,1709195439.1039884
4807,1709195439.201761,1709195439.2017667
4808,1709195439.3071537,1709195439.307158
4809,1709195439.4119847,1709195439.41199
4810,1709195439.4985344,1709195439.4985394
4811,1709195439.601319,1709195439.6013243
4812,1709195439.7059803,1709195439.7059858
4813,1709195439.806759,1709195439.8067646
4814,1709195439.904271,1709195439.9042761
4815,1709195440.0008342,1709195440.000839
4816,1709195440.1117597,1709195440.111765
4817,1709195440.2118099,1709195440.2118144
4818,1709195440.3060308,1709195440.3060353
4819,1709195440.4080858,1709195440.4080908
4820,1709195440.5058184,1709195440.5058234
4821,1709195440.6034458,1709195440.6034517
4822,1709195440.7097592,1709195440.7097657
4823,1709195440.8074346,1709195440.8074398
4824,1709195440.8979611,1709195440.8979666
4825,1709195441.0043619,1709195441.0043685
4826,1709195441.1082323,1709195441.1082377
4827,1709195441.2031708,1709195441.203176
4828,1709195441.3031065,1709195441.3031142
4829,1709195441.4034579,1709195441.403463
4830,1709195441.4996917,1709195441.499696
4831,1709195441.6115534,1709195441.6115587
4832,1709195441.7182198,1709195441.7182267
4833,1709195441.8110466,1709195441.8110526
4834,1709195441.9267948,1709195441.9268005
4835,1709195442.005219,1709195442.0052257
4836,1709195442.1054475,1709195442.1054528
4837,1709195442.207715,1709195442.2077215
4838,1709195442.3049335,1709195442.3049386
4839,1709195442.400947,1709195442.4009528
4840,1709195442.5005307,1709195442.5005345
4841,1709195442.5996044,1709195442.5996099
4842,1709195442.6992028,1709195442.6992085
4843,1709195442.8052542,1709195442.8052588
4844,1709195442.912104,1709195442.912109
4845,1709195443.0095565,1709195443.0095613
4846,1709195443.1055822,1709195443.1055877
4847,1709195443.1978686,1709195443.1978753
4848,1709195443.300979,1709195443.3009846
4849,1709195443.4083614,1709195443.408367
4850,1709195443.5054328,1709195443.5054393
4851,1709195443.6201105,1709195443.620114
4852,1709195443.7182686,1709195443.7182777
4853,1709195443.8091908,1709195443.8091974
4854,1709195443.9034972,1709195443.903503
4855,1709195444.3677988,1709195444.3710663
4856,1709195444.378923,1709195444.3819523
4857,1709195444.4116483,1709195444.4150798
4858,1709195444.519968,1709195444.5269344
4859,1709195444.6075609,1709195444.612463
4860,1709195444.7060788,1709195444.7102542
4861,1709195444.8191144,1709195444.823167
4862,1709195444.919381,1709195444.9236066
4863,1709195445.0071945,1709195445.0113323
4864,1709195445.113978,1709195445.1191027
4865,1709195445.2069612,1709195445.2108903
4866,1709195445.2993965,1709195445.3038838
4867,1709195445.4102416,1709195445.4161296
4868,1709195445.5011811,1709195445.5056906
4869,1709195445.6055157,1709195445.6093729
4870,1709195445.7064137,1709195445.7103639
4871,1709195445.806934,1709195445.8127456
4872,1709195445.9170232,1709195445.921729
4873,1709195446.0044432,1709195446.0096936
4874,1709195446.1091788,1709195446.113752
4875,1709195446.2015846,1709195446.2109096
4876,1709195446.2984552,1709195446.3028188
4877,1709195446.4074414,1709195446.4134705
4878,1709195446.49873,1709195446.5026186
4879,1709195446.6018736,1709195446.6057599
4880,1709195446.6986332,1709195446.702758
4881,1709195446.8011196,1709195446.804531
4882,1709195446.910227,1709195446.9141102
4883,1709195447.0114431,1709195447.0155332
4884,1709195447.1082323,1709195447.1125383
4885,1709195447.203601,1709195447.2078397
4886,1709195447.3109357,1709195447.3151946
4887,1709195447.4105709,1709195447.4157465
4888,1709195447.5101993,1709195447.5164537
4889,1709195447.6107802,1709195447.6142607
4890,1709195447.7033515,1709195447.707039
4891,1709195447.8003047,1709195447.8050644
4892,1709195447.9078724,1709195447.9116213
4893,1709195448.0084636,1709195448.0119343
4894,1709195448.107767,1709195448.112061
4895,1709195448.207008,1709195448.2115033
4896,1709195448.3077,1709195448.3124194
4897,1709195448.4006402,1709195448.4045851
4898,1709195448.5056174,1709195448.5103002
4899,1709195448.6069107,1709195448.610673
4900,1709195448.7007513,1709195448.7042952
4901,1709195448.8092387,1709195448.81448
4902,1709195448.8994205,1709195448.903626
4903,1709195449.0137017,1709195449.013707
4904,1709195449.100418,1709195449.1004236
4905,1709195449.2000062,1709195449.2000115
4906,1709195449.2980342,1709195449.2980387
4907,1709195449.4008658,1709195449.4008708
4908,1709195449.5014699,1709195449.501476
4909,1709195449.6084373,1709195449.608442
4910,1709195449.706185,1709195449.7061903
4911,1709195449.8126822,1709195449.8126855
4912,1709195449.9065886,1709195449.9065936
4913,1709195450.0055315,1709195450.0055377
4914,1709195450.1100807,1709195450.110094
4915,1709195450.2058325,1709195450.2058394
4916,1709195450.3023899,1709195450.302395
4917,1709195450.4061153,1709195450.4061205
4918,1709195450.4988692,1709195450.4988768
4919,1709195450.6088195,1709195450.6088245
4920,1709195450.7052937,1709195450.7053003
4921,1709195450.8049707,1709195450.8049772
4922,1709195450.9004576,1709195450.9004638
4923,1709195451.0114834,1709195451.01149
4924,1709195451.1139777,1709195451.1139832
4925,1709195451.2078068,1709195451.207812
4926,1709195451.3049421,1709195451.3049471
4927,1709195451.3992834,1709195451.3992903
4928,1709195451.5070825,1709195451.507088
4929,1709195451.6019576,1709195451.6019628
4930,1709195451.7019699,1709195451.7019756
4931,1709195451.8108866,1709195451.8108919
4932,1709195451.9019926,1709195451.9019988
4933,1709195452.0068452,1709195452.0068502
4934,1709195452.1127794,1709195452.1127841
4935,1709195452.2123518,1709195452.212357
4936,1709195452.3060648,1709195452.3060718
4937,1709195452.4067557,1709195452.4067612
4938,1709195452.5014992,1709195452.501504
4939,1709195452.6054192,1709195452.6054256
4940,1709195452.7032175,1709195452.7032244
4941,1709195452.8055093,1709195452.8055146
4942,1709195452.9016738,1709195452.9016778
4943,1709195453.0114644,1709195453.0114696
4944,1709195453.1069129,1709195453.1069183
4945,1709195453.2039187,1709195453.2039244
4946,1709195453.3044024,1709195453.3044088
4947,1709195453.3988512,1709195453.3988557
4948,1709195453.5017126,1709195453.5017176
4949,1709195453.6103709,1709195453.6103761
4950,1709195453.7062545,1709195453.7062602
4951,1709195453.8099518,1709195453.8099568
4952,1709195453.9011023,1709195453.9011083
4953,1709195454.0042481,1709195454.0042527
4954,1709195454.1032064,1709195454.1032107
4955,1709195454.2026055,1709195454.2026103
4956,1709195454.3031723,1709195454.3031774
4957,1709195454.4026566,1709195454.4026606
4958,1709195454.5062304,1709195454.506237
4959,1709195454.6013286,1709195454.6013343
4960,1709195454.7056434,1709195454.70565
4961,1709195454.8017933,1709195454.801799
4962,1709195454.9019477,1709195454.9019544
4963,1709195455.0040963,1709195455.004101
4964,1709195455.1082804,1709195455.1082854
4965,1709195455.201725,1709195455.201731
4966,1709195455.301526,1709195455.3015313
4967,1709195455.3996847,1709195455.3996904
4968,1709195455.50552,1709195455.5055256
4969,1709195455.6010218,1709195455.6010268
4970,1709195455.715118,1709195455.7151237
4971,1709195455.8036,1709195455.8036067
4972,1709195455.9017417,1709195455.9017467
4973,1709195456.0037715,1709195456.003777
4974,1709195456.1019285,1709195456.1019325
4975,1709195456.21143,1709195456.2114358
4976,1709195456.3043861,1709195456.3043914
4977,1709195456.406248,1709195456.4062533
4978,1709195456.4982648,1709195456.4982796
4979,1709195456.6026814,1709195456.6026895
4980,1709195456.700278,1709195456.7002828
4981,1709195456.8070147,1709195456.8070197
4982,1709195456.9050963,1709195456.9051015
4983,1709195457.0068316,1709195457.0068367
4984,1709195457.1122987,1709195457.1123025
4985,1709195457.1974165,1709195457.1974208
4986,1709195457.3034577,1709195457.303463
4987,1709195457.402399,1709195457.4024029
4988,1709195457.5050836,1709195457.5050883
4989,1709195457.6135087,1709195457.6135144
4990,1709195457.7013888,1709195457.7014158
4991,1709195457.8053236,1709195457.805329
4992,1709195457.9051278,1709195457.9051363
4993,1709195458.0065544,1709195458.0065577
4994,1709195458.1096315,1709195458.109637
4995,1709195458.2069097,1709195458.2069147
4996,1709195458.309612,1709195458.309616
4997,1709195458.4063938,1709195458.406398
4998,1709195458.5031903,1709195458.5031962
4999,1709195458.611065,1709195458.6110728
5000,1709195458.7014315,1709195458.7014372
5001,1709195458.8182197,1709195458.8182259
5002,1709195458.8974657,1709195458.8974733
5003,1709195459.008682,1709195459.0086892
5004,1709195459.1142046,1709195459.1142097
5005,1709195459.210867,1709195459.2151864
5006,1709195459.3027148,1709195459.3059502
5007,1709195459.4050384,1709195459.4111507
5008,1709195459.5062015,1709195459.5102148
5009,1709195459.6065965,1709195459.6110206
5010,1709195459.7064712,1709195459.7109149
5011,1709195459.8033872,1709195459.8077335
5012,1709195459.9157135,1709195459.9195151
5013,1709195460.0262387,1709195460.032985
5014,1709195460.1152966,1709195460.1195579
5015,1709195460.1999176,1709195460.2044659
5016,1709195460.3270178,1709195460.3318608
5017,1709195460.4075963,1709195460.4122777
5018,1709195460.5153182,1709195460.520436
5019,1709195460.612232,1709195460.616406
5020,1709195460.7116177,1709195460.7142503
5021,1709195460.8116484,1709195460.816253
5022,1709195460.9075367,1709195460.9105654
5023,1709195461.011962,1709195461.0164998
5024,1709195461.1120238,1709195461.1169086
5025,1709195461.2202847,1709195461.2243438
5026,1709195461.3088598,1709195461.3118951
5027,1709195461.3980145,1709195461.4017742
5028,1709195461.5043845,1709195461.5081573
5029,1709195461.6002753,1709195461.6051369
5030,1709195461.706163,1709195461.7106316
5031,1709195461.8155043,1709195461.825493
5032,1709195461.9030015,1709195461.9072301
5033,1709195462.0057046,1709195462.0122387
5034,1709195462.1048136,1709195462.109283
5035,1709195462.2005513,1709195462.207774
5036,1709195462.309514,1709195462.3140178
5037,1709195462.4058487,1709195462.410138
5038,1709195462.5012631,1709195462.5047083
5039,1709195462.6072464,1709195462.612228
5040,1709195462.7040331,1709195462.708029
5041,1709195462.8004835,1709195462.8044937
5042,1709195462.9103005,1709195462.9133503
5043,1709195463.0063019,1709195463.0102885
5044,1709195463.1022978,1709195463.1065352
5045,1709195463.2016819,1709195463.205381
5046,1709195463.2977388,1709195463.3021069
5047,1709195463.4063334,1709195463.4103463
5048,1709195463.5031483,1709195463.5074964
5049,1709195463.6051447,1709195463.6093357
5050,1709195463.710248,1709195463.7137482
5051,1709195463.8011498,1709195463.8048372
5052,1709195463.9028096,1709195463.9073884
5053,1709195464.0111294,1709195464.016076
5054,1709195464.1130865,1709195464.1189964
5055,1709195464.2101545,1709195464.218262
5056,1709195464.2987983,1709195464.2988021
5057,1709195464.3973608,1709195464.3973668
5058,1709195464.5061302,1709195464.50614
5059,1709195464.6066592,1709195464.6066647
5060,1709195464.6982486,1709195464.698254
5061,1709195464.797415,1709195464.7974198
5062,1709195464.9088311,1709195464.9088368
5063,1709195465.0047095,1709195465.0047147
5064,1709195465.1030467,1709195465.1030507
5065,1709195465.205707,1709195465.205712
5066,1709195465.3057525,1709195465.3057575
5067,1709195465.3990412,1709195465.3990443
5068,1709195465.502429,1709195465.502434
5069,1709195465.616557,1709195465.616563
5070,1709195465.707046,1709195465.7070515
5071,1709195465.811516,1709195465.811522
5072,1709195465.9089105,1709195465.9089158
5073,1709195466.0028024,1709195466.0028079
5074,1709195466.1009526,1709195466.100959
5075,1709195466.210302,1709195466.210308
5076,1709195466.3089526,1709195466.3089602
5077,1709195466.4039013,1709195466.4039054
5078,1709195466.504157,1709195466.5041633
5079,1709195466.6160924,1709195466.6160977
5080,1709195466.7074165,1709195466.70742
5081,1709195466.8042026,1709195466.8042095
5082,1709195466.9075136,1709195466.907517
5083,1709195467.004093,1709195467.004098
5084,1709195467.109224,1709195467.109229
5085,1709195467.2067494,1709195467.2067559
5086,1709195467.3140676,1709195467.3140721
5087,1709195467.4110074,1709195467.4110105
5088,1709195467.505813,1709195467.5058181
5089,1709195467.620728,1709195467.6207333
5090,1709195467.7057295,1709195467.7057362
5091,1709195467.80119,1709195467.8011944
5092,1709195467.9161916,1709195467.9161992
5093,1709195468.0113873,1709195468.011395
5094,1709195468.1107476,1709195468.1107528
5095,1709195468.204047,1709195468.2041235
5096,1709195468.3104932,1709195468.3106482
5097,1709195468.4035096,1709195468.4035926
5098,1709195468.497941,1709195468.4979904
5099,1709195468.6041048,1709195468.6041539
5100,1709195468.7015991,1709195468.7016456
5101,1709195468.7997668,1709195468.7998269
5102,1709195468.901813,1709195468.9018621
5103,1709195468.9986856,1709195468.9987283
5104,1709195469.1000707,1709195469.100117
5105,1709195469.202603,1709195469.2026389
5106,1709195469.3053627,1709195469.3053687
5107,1709195469.398269,1709195469.3982751
5108,1709195469.498382,1709195469.498388
5109,1709195469.6027908,1709195469.602797
5110,1709195469.6983519,1709195469.6983557
5111,1709195469.8012018,1709195469.8012085
5112,1709195469.9034247,1709195469.9034314
5113,1709195469.999268,1709195469.9992719
5114,1709195470.1005726,1709195470.1005783
5115,1709195470.204759,1709195470.2047646
5116,1709195470.3057785,1709195470.3057842
5117,1709195470.4042096,1709195470.4042165
5118,1709195470.499777,1709195470.4997826
5119,1709195470.605832,1709195470.6058378
5120,1709195470.7059846,1709195470.7059898
5121,1709195470.7990758,1709195470.799082
5122,1709195470.90528,1709195470.9052873
5123,1709195471.00083,1709195471.0008357
5124,1709195471.1016717,1709195471.1016784
5125,1709195471.207551,1709195471.2075582
5126,1709195471.3030682,1709195471.3071175
5127,1709195471.3993464,1709195471.4047658
5128,1709195471.5032659,1709195471.507148
5129,1709195471.6091409,1709195471.6128745
5130,1709195471.707868,1709195471.712275
5131,1709195471.806364,1709195471.809989
5132,1709195471.898433,1709195471.9027586
5133,1709195472.0083852,1709195472.0154233
5134,1709195472.09859,1709195472.1025527
5135,1709195472.2062376,1709195472.2109838
5136,1709195472.3003025,1709195472.3041348
5137,1709195472.4055831,1709195472.4100287
5138,1709195472.5029614,1709195472.506885
5139,1709195472.5982292,1709195472.6024761
5140,1709195472.700598,1709195472.7046175
5141,1709195472.803825,1709195472.8080058
5142,1709195472.902696,1709195472.9067395
5143,1709195473.0003846,1709195473.005431
5144,1709195473.0977688,1709195473.103425
5145,1709195473.2056136,1709195473.2091217
5146,1709195473.2989342,1709195473.3020642
5147,1709195473.4051487,1709195473.408995
5148,1709195473.501809,1709195473.5053418
5149,1709195473.6076362,1709195473.6120284
5150,1709195473.7023222,1709195473.7079132
5151,1709195473.8047783,1709195473.8082366
5152,1709195473.8989527,1709195473.9027994
5153,1709195473.9990416,1709195474.0037866
5154,1709195474.107975,1709195474.1115184
5155,1709195474.2046554,1709195474.2114613
5156,1709195474.3056316,1709195474.3091342
5157,1709195474.3977494,1709195474.4055862
5158,1709195474.5021868,1709195474.5062113
5159,1709195474.6031468,1709195474.6079037
5160,1709195474.7038448,1709195474.7072053
5161,1709195474.8002906,1709195474.8040414
5162,1709195474.9015832,1709195474.9064233
5163,1709195475.0053837,1709195475.0097544
5164,1709195475.1036937,1709195475.1079118
5165,1709195475.2017636,1709195475.2061965
5166,1709195475.305987,1709195475.3112152
5167,1709195475.399502,1709195475.4042156
5168,1709195475.5011907,1709195475.505429
5169,1709195475.6055796,1709195475.6095598
5170,1709195475.7055454,1709195475.7104175
5171,1709195475.8026164,1709195475.8101475
5172,1709195475.8969147,1709195475.8995535
5173,1709195476.0065172,1709195476.013161
5174,1709195476.1026576,1709195476.1062417
5175,1709195476.2055209,1709195476.2139657
5176,1709195476.3101132,1709195476.3135142
5177,1709195476.3980534,1709195476.401867
5178,1709195476.499694,1709195476.5077243
5179,1709195476.605651,1709195476.6104689
5180,1709195476.7020068,1709195476.7057047
5181,1709195476.8119872,1709195476.8160543
5182,1709195476.8989296,1709195476.9028952
5183,1709195476.9999504,1709195477.004373
5184,1709195477.1025748,1709195477.1064928
5185,1709195477.2059531,1709195477.2100341
5186,1709195477.3004534,1709195477.3040137
5187,1709195477.411334,1709195477.4164891
5188,1709195477.505225,1709195477.5102642
5189,1709195477.6086528,1709195477.6129522
5190,1709195477.7113452,1709195477.7155795
5191,1709195477.8056586,1709195477.808862
5192,1709195477.9086971,1709195477.9135444
5193,1709195478.0035257,1709195478.0063796
5194,1709195478.105644,1709195478.110794
5195,1709195478.2191832,1709195478.222876
5196,1709195478.304412,1709195478.3084974
5197,1709195478.4042423,1709195478.4103642
5198,1709195478.5082667,1709195478.5124493
5199,1709195478.6030087,1709195478.6105404
5200,1709195478.7020447,1709195478.7061455
5201,1709195478.8121114,1709195478.8160777
5202,1709195478.9128025,1709195478.918555
5203,1709195478.99901,1709195479.005251
5204,1709195479.1046798,1709195479.108686
5205,1709195479.2125187,1709195479.2164567
5206,1709195479.3127475,1709195479.31766
5207,1709195479.4069123,1709195479.4132464
5208,1709195479.5160742,1709195479.5217881
5209,1709195479.6041493,1709195479.6084802
5210,1709195479.6980405,1709195479.7020938
5211,1709195479.8040743,1709195479.8075235
5212,1709195479.9056332,1709195479.9091454
5213,1709195480.0000741,1709195480.0036135
5214,1709195480.109114,1709195480.1129615
5215,1709195480.2040482,1709195480.207216
5216,1709195480.30525,1709195480.3090985
5217,1709195480.401605,1709195480.4043696
5218,1709195480.5056171,1709195480.5098188
5219,1709195480.597253,1709195480.601088
5220,1709195480.7028184,1709195480.7069757
5221,1709195480.8089032,1709195480.8129091
5222,1709195480.9042428,1709195480.9084105
5223,1709195480.999107,1709195481.0047061
5224,1709195481.0984375,1709195481.1045768
5225,1709195481.2019424,1709195481.2059622
5226,1709195481.3089955,1709195481.3133116
5227,1709195481.3985357,1709195481.4022398
5228,1709195481.5015626,1709195481.5064785
5229,1709195481.6089182,1709195481.6149762
5230,1709195481.7027905,1709195481.7083087
5231,1709195481.8107271,1709195481.8146946
5232,1709195481.9005022,1709195481.905583
5233,1709195482.0036716,1709195482.0114007
5234,1709195482.1042979,1709195482.1084638
5235,1709195482.2014694,1709195482.2055306
5236,1709195482.3069563,1709195482.3108308
5237,1709195482.3995175,1709195482.4031785
5238,1709195482.509111,1709195482.5141678
5239,1709195482.6062455,1709195482.6102471
5240,1709195482.7085965,1709195482.7134504
5241,1709195482.8044279,1709195482.8092053
5242,1709195482.9127536,1709195482.9168346
5243,1709195483.0069437,1709195483.0111363
5244,1709195483.1008534,1709195483.1044815
5245,1709195483.2062533,1709195483.211005
5246,1709195483.3068593,1709195483.310091
5247,1709195483.4033966,1709195483.4068654
5248,1709195483.5111244,1709195483.514991
5249,1709195483.6068962,1709195483.6106403
5250,1709195483.7040184,1709195483.7083719
5251,1709195483.8067622,1709195483.813141
5252,1709195483.9091916,1709195483.9119825
5253,1709195484.0043755,1709195484.0095568
5254,1709195484.1132221,1709195484.1172705
5255,1709195484.2000341,1709195484.2047176
5256,1709195484.299166,1709195484.3059373
5257,1709195484.4151764,1709195484.4185832
5258,1709195484.5036855,1709195484.5074358
5259,1709195484.6053677,1709195484.6084197
5260,1709195484.7086275,1709195484.7135217
5261,1709195484.8107169,1709195484.8148215
5262,1709195484.908841,1709195484.913692
5263,1709195485.0165944,1709195485.0208156
5264,1709195485.1065123,1709195485.111545
5265,1709195485.2029104,1709195485.2069268
5266,1709195485.3186078,1709195485.3228498
5267,1709195485.406367,1709195485.4105275
5268,1709195485.5087767,1709195485.5117474
5269,1709195485.6130276,1709195485.6171143
5270,1709195485.7092533,1709195485.713564
5271,1709195485.808088,1709195485.8135462
5272,1709195485.9036279,1709195485.9072607
5273,1709195485.9991157,1709195486.003061
5274,1709195486.103487,1709195486.1076963
5275,1709195486.2030551,1709195486.2080636
5276,1709195486.305256,1709195486.3092957
5277,1709195486.4004745,1709195486.404758
5278,1709195486.499486,1709195486.5034647
5279,1709195486.6098855,1709195486.6135235
5280,1709195486.7084403,1709195486.7127774
5281,1709195486.8045475,1709195486.808858
5282,1709195486.9017708,1709195486.9100318
5283,1709195487.0078356,1709195487.0118158
5284,1709195487.1073341,1709195487.1115148
5285,1709195487.215366,1709195487.2194664
5286,1709195487.3052523,1709195487.3100224
5287,1709195487.4029095,1709195487.407193
5288,1709195487.5091257,1709195487.5124729
5289,1709195487.6008532,1709195487.6057673
5290,1709195487.7068133,1709195487.7108204
5291,1709195487.8082795,1709195487.8129277
5292,1709195487.902979,1709195487.907738
5293,1709195487.9992433,1709195488.0034318
5294,1709195488.1014493,1709195488.1059222
5295,1709195488.2047532,1709195488.209567
5296,1709195488.3079236,1709195488.3128474
5297,1709195488.4029086,1709195488.4080327
5298,1709195488.4979439,1709195488.5020425
5299,1709195488.6059065,1709195488.6098404
5300,1709195488.70827,1709195488.7128422
5301,1709195488.802322,1709195488.8062768
5302,1709195488.9023278,1709195488.906106
5303,1709195489.0041838,1709195489.008223
5304,1709195489.10166,1709195489.105545
5305,1709195489.2033553,1709195489.2075343
5306,1709195489.3024714,1709195489.3084915
5307,1709195489.412005,1709195489.4164016
5308,1709195489.5068254,1709195489.5110445
5309,1709195489.5978312,1709195489.6012185
5310,1709195489.7122793,1709195489.716288
5311,1709195489.8149245,1709195489.8186262
5312,1709195489.9122908,1709195489.916737
5313,1709195490.0107484,1709195490.0148356
5314,1709195490.0981483,1709195490.101602
5315,1709195490.2084308,1709195490.212576
5316,1709195490.3069558,1709195490.310098
5317,1709195490.4088159,1709195490.412793
5318,1709195490.511506,1709195490.5158327
5319,1709195490.6052096,1709195490.6096072
5320,1709195490.701323,1709195490.7055209
5321,1709195490.807725,1709195490.811944
5322,1709195490.8982413,1709195490.902171
5323,1709195491.0074384,1709195491.0114682
5324,1709195491.1014733,1709195491.1054401
5325,1709195491.2048447,1709195491.209321
5326,1709195491.3023963,1709195491.3065057
5327,1709195491.401435,1709195491.4052193
5328,1709195491.5032587,1709195491.5075545
5329,1709195491.6090007,1709195491.6127453
5330,1709195491.6991396,1709195491.7038724
5331,1709195491.7986085,1709195491.801575
5332,1709195491.9013305,1709195491.9072826
5333,1709195492.0106578,1709195492.0149999
5334,1709195492.0991323,1709195492.1035192
5335,1709195492.2095382,1709195492.2137575
5336,1709195492.3055375,1709195492.3082085
5337,1709195492.3988173,1709195492.4043608
5338,1709195492.5068552,1709195492.5110846
5339,1709195492.6032734,1709195492.6093612
5340,1709195492.705101,1709195492.7094388
5341,1709195492.8046544,1709195492.808651
5342,1709195492.9092388,1709195492.9153202
5343,1709195493.0045497,1709195493.0154412
5344,1709195493.1067576,1709195493.1103938
5345,1709195493.2041862,1709195493.207583
5346,1709195493.3070974,1709195493.3118052
5347,1709195493.403445,1709195493.4079373
5348,1709195493.499552,1709195493.5036821
5349,1709195493.6022854,1709195493.6062405
5350,1709195493.7078576,1709195493.7116654
5351,1709195493.8047736,1709195493.809037
5352,1709195493.904413,1709195493.9080288
5353,1709195494.0093012,1709195494.0135846
5354,1709195494.1028843,1709195494.1063282
5355,1709195494.2018318,1709195494.2059689
5356,1709195494.304739,1709195494.3091795
5357,1709195494.4000227,1709195494.4048817
5358,1709195494.50611,1709195494.5116572
5359,1709195494.599512,1709195494.604252
5360,1709195494.7154005,1709195494.7196581
5361,1709195494.8033853,1709195494.8077285
5362,1709195494.905143,1709195494.9095912
5363,1709195495.0065231,1709195495.0104063
5364,1709195495.1004767,1709195495.104381
5365,1709195495.2028418,1709195495.2072737
5366,1709195495.301127,1709195495.3079107
5367,1709195495.4040716,1709195495.4085526
5368,1709195495.497112,1709195495.5015852
5369,1709195495.6021564,1709195495.606324
5370,1709195495.699045,1709195495.7041116
5371,1709195495.7999299,1709195495.803503
5372,1709195495.9019666,1709195495.9058974
5373,1709195496.0122721,1709195496.0160162
5374,1709195496.099015,1709195496.1027203
5375,1709195496.20998,1709195496.2140408
5376,1709195496.305719,1709195496.3104472
5377,1709195496.405912,1709195496.4099858
5378,1709195496.5052192,1709195496.511582
5379,1709195496.603937,1709195496.6081889
5380,1709195496.7007875,1709195496.7046106
5381,1709195496.802974,1709195496.8069034
5382,1709195496.9008527,1709195496.9043581
5383,1709195497.0099032,1709195497.0136724
5384,1709195497.108116,1709195497.1126478
5385,1709195497.2010987,1709195497.2051296
5386,1709195497.3126738,1709195497.3171933
5387,1709195497.408688,1709195497.4129179
5388,1709195497.5046518,1709195497.508633
5389,1709195497.6127338,1709195497.6166973
5390,1709195497.704152,1709195497.7078435
5391,1709195497.8042264,1709195497.8095703
5392,1709195497.9041522,1709195497.908134
5393,1709195498.0029795,1709195498.0088756
5394,1709195498.1042652,1709195498.1082916
5395,1709195498.2001894,1709195498.2040138
5396,1709195498.3017063,1709195498.3055456
5397,1709195498.4033353,1709195498.4073687
5398,1709195498.5027761,1709195498.5072556
5399,1709195498.6067774,1709195498.6108356
5400,1709195498.7025232,1709195498.705802
5401,1709195498.8119876,1709195498.8161957
5402,1709195498.9114614,1709195498.917331
5403,1709195499.0005631,1709195499.004617
5404,1709195499.1165714,1709195499.120849
5405,1709195499.2086308,1709195499.21348
5406,1709195499.3122935,1709195499.3163564
5407,1709195499.4154305,1709195499.4154363
5408,1709195499.511065,1709195499.5110686
5409,1709195499.6080067,1709195499.6080122
5410,1709195499.703275,1709195499.7032802
5411,1709195499.8088727,1709195499.8088763
5412,1709195499.8991473,1709195499.8991582
5413,1709195500.0007699,1709195500.0007744
5414,1709195500.1093764,1709195500.10938
5415,1709195500.1996312,1709195500.1996357
5416,1709195500.298646,1709195500.2986515
5417,1709195500.4103463,1709195500.4103525
5418,1709195500.4996154,1709195500.499621
5419,1709195500.6047065,1709195500.604713
5420,1709195500.7035646,1709195500.7035697
5421,1709195500.8085506,1709195500.8085556
5422,1709195500.9055357,1709195500.9055412
5423,1709195501.0067136,1709195501.0067184
5424,1709195501.112404,1709195501.1124172
5425,1709195501.2007923,1709195501.2007968
5426,1709195501.314186,1709195501.3141916
5427,1709195501.4144485,1709195501.4144537
5428,1709195501.5023136,1709195501.5023184
5429,1709195501.6005368,1709195501.6005423
5430,1709195501.704208,1709195501.7042155
5431,1709195501.8010986,1709195501.801103
5432,1709195501.909013,1709195501.9090178
5433,1709195502.0055523,1709195502.005556
5434,1709195502.1090539,1709195502.1090596
5435,1709195502.2049408,1709195502.2049468
5436,1709195502.311125,1709195502.3111308
5437,1709195502.4127336,1709195502.4127405
5438,1709195502.5106611,1709195502.510666
5439,1709195502.6031408,1709195502.603146
5440,1709195502.702046,1709195502.702051
5441,1709195502.806863,1709195502.8068674
5442,1709195502.8996146,1709195502.8996198
5443,1709195503.00668,1709195503.0066855
5444,1709195503.1041105,1709195503.104118
5445,1709195503.2108576,1709195503.210862
5446,1709195503.3085706,1709195503.3085766
5447,1709195503.3990834,1709195503.3990886
5448,1709195503.5008237,1709195503.5008297
5449,1709195503.6088095,1709195503.608814
5450,1709195503.7066414,1709195503.7066464
5451,1709195503.81214,1709195503.812145
5452,1709195503.9072738,1709195503.9072788
5453,1709195504.0015337,1709195504.001539
5454,1709195504.0998669,1709195504.0998712
5455,1709195504.2135408,1709195504.2135463
5456,1709195504.298815,1709195504.298821
5457,1709195504.407759,1709195504.4077647
5458,1709195504.4992673,1709195504.4992714
5459,1709195504.6074827,1709195504.6074865
5460,1709195504.6982892,1709195504.698294
5461,1709195504.8060758,1709195504.8060815
5462,1709195504.8990448,1709195504.8990495
5463,1709195505.0073085,1709195505.0073154
5464,1709195505.1122692,1709195505.1122754
5465,1709195505.2068295,1709195505.2068343
5466,1709195505.3029993,1709195505.3030062
5467,1709195505.4119265,1709195505.411932
5468,1709195505.5051088,1709195505.5051134
5469,1709195505.6085455,1709195505.6085517
5470,1709195505.708659,1709195505.708665
5471,1709195505.7974505,1709195505.797454
5472,1709195505.9013643,1709195505.9013689
5473,1709195506.008348,1709195506.0083535
5474,1709195506.1042566,1709195506.1042633
5475,1709195506.20288,1709195506.2028856
5476,1709195506.3112242,1709195506.3112295
5477,1709195506.4058926,1709195506.4058976
5478,1709195506.5122032,1709195506.5122085
5479,1709195506.6028936,1709195506.602898
5480,1709195506.6990144,1709195506.6990197
5481,1709195506.8064413,1709195506.8064485
5482,1709195506.9009893,1709195506.9009945
5483,1709195507.011012,1709195507.011019
5484,1709195507.1116178,1709195507.1116223
5485,1709195507.202617,1709195507.2026217
5486,1709195507.3011026,1709195507.3011067
5487,1709195507.4048781,1709195507.4048831
5488,1709195507.4990652,1709195507.4990718
5489,1709195507.6120753,1709195507.6120796
5490,1709195507.7091749,1709195507.7091818
5491,1709195507.8073695,1709195507.8073742
5492,1709195507.9041982,1709195507.9042032
5493,1709195508.0074458,1709195508.0074506
5494,1709195508.1012485,1709195508.1012537
5495,1709195508.2079642,1709195508.207969
5496,1709195508.3069518,1709195508.3069584
5497,1709195508.4059134,1709195508.405919
5498,1709195508.5103226,1709195508.5103283
5499,1709195508.6068103,1709195508.6068163
5500,1709195508.7021954,1709195508.702201
5501,1709195508.8038907,1709195508.8038948
5502,1709195508.9030232,1709195508.9030287
5503,1709195509.0112612,1709195509.0112658
5504,1709195509.1047487,1709195509.104754
5505,1709195509.202321,1709195509.2023268
5506,1709195509.3030772,1709195509.3030822
5507,1709195509.4157922,1709195509.4157975
5508,1709195509.5018811,1709195509.501886
5509,1709195509.6127114,1709195509.6127176
5510,1709195509.7049553,1709195509.7049615
5511,1709195509.8038764,1709195509.8038871
5512,1709195509.904611,1709195509.9046164
5513,1709195510.0030649,1709195510.0030718
5514,1709195510.0971725,1709195510.0971785
5515,1709195510.207654,1709195510.2076592
5516,1709195510.308029,1709195510.3080359
5517,1709195510.4095771,1709195510.4095824
5518,1709195510.5062983,1709195510.5063045
5519,1709195510.599209,1709195510.5992143
5520,1709195510.7001224,1709195510.7001276
5521,1709195510.8077755,1709195510.8077812
5522,1709195510.9038973,1709195510.9039025
5523,1709195511.0025034,1709195511.0025086
5524,1709195511.1022491,1709195511.1022544
5525,1709195511.206922,1709195511.2069294
5526,1709195511.298518,1709195511.2985244
5527,1709195511.407809,1709195511.4078124
5528,1709195511.4996316,1709195511.4996357
5529,1709195511.6039712,1709195511.603976
5530,1709195511.7046154,1709195511.7046216
5531,1709195511.8022943,1709195511.802299
5532,1709195511.9016008,1709195511.9016054
5533,1709195512.006078,1709195512.006083
5534,1709195512.1064427,1709195512.1064487
5535,1709195512.20227,1709195512.2022746
5536,1709195512.3027577,1709195512.3027635
5537,1709195512.4133341,1709195512.4133384
5538,1709195512.49863,1709195512.4986355
5539,1709195512.6088214,1709195512.6088262
5540,1709195512.7115786,1709195512.7115839
5541,1709195512.8048522,1709195512.8048558
5542,1709195512.902143,1709195512.9021487
5543,1709195513.010836,1709195513.0108414
5544,1709195513.102001,1709195513.102006
5545,1709195513.208757,1709195513.2087615
5546,1709195513.3107538,1709195513.3107584
5547,1709195513.3976436,1709195513.3976474
5548,1709195513.868498,1709195513.8685048
5549,1709195513.874481,1709195513.874485
5550,1709195513.9121933,1709195513.9121985
5551,1709195514.0081122,1709195514.008118
5552,1709195514.0973713,1709195514.0973763
5553,1709195514.1981583,1709195514.1981673
5554,1709195514.298805,1709195514.2988095
5555,1709195514.410533,1709195514.4105392
5556,1709195514.511252,1709195514.5112572
5557,1709195514.6152651,1709195514.6152701
5558,1709195514.714743,1709195514.7186334
5559,1709195514.816049,1709195514.8204086
5560,1709195514.9013565,1709195514.9050727
5561,1709195515.0018785,1709195515.0093694
5562,1709195515.1121852,1709195515.116601
5563,1709195515.2046938,1709195515.2088068
5564,1709195515.3085332,1709195515.3125954
5565,1709195515.4018414,1709195515.4054685
5566,1709195515.5054762,1709195515.509569
5567,1709195515.602142,1709195515.6061134
5568,1709195515.7020776,1709195515.7068613
5569,1709195515.8082345,1709195515.8141358
5570,1709195515.9140174,1709195515.9232354
5571,1709195516.0156405,1709195516.0201483
5572,1709195516.1027143,1709195516.1089296
5573,1709195516.2119327,1709195516.2159424
5574,1709195516.3080149,1709195516.3120713
5575,1709195516.399529,1709195516.4037445
5576,1709195516.50685,1709195516.5117757
5577,1709195516.598289,1709195516.605141
5578,1709195516.7064464,1709195516.710815
5579,1709195516.80477,1709195516.80962
5580,1709195516.9048302,1709195516.908985
5581,1709195517.0157268,1709195517.0193403
5582,1709195517.1151516,1709195517.1184866
5583,1709195517.2085805,1709195517.2125232
5584,1709195517.3088539,1709195517.3132117
5585,1709195517.4011223,1709195517.4064803
5586,1709195517.500091,1709195517.5063438
5587,1709195517.6055255,1709195517.609308
5588,1709195517.7141743,1709195517.7181597
5589,1709195517.8186104,1709195517.8232098
5590,1709195517.9095273,1709195517.9132528
5591,1709195518.0094526,1709195518.0133178
5592,1709195518.1090717,1709195518.1126456
5593,1709195518.2070398,1709195518.2109144
5594,1709195518.3102634,1709195518.314475
5595,1709195518.4062116,1709195518.4099312
5596,1709195518.5053024,1709195518.50954
5597,1709195518.6017685,1709195518.605654
5598,1709195518.6999123,1709195518.7049034
5599,1709195518.8026993,1709195518.8063483
5600,1709195518.904173,1709195518.908194
5601,1709195519.0078936,1709195519.014034
5602,1709195519.1029978,1709195519.1065493
5603,1709195519.2027724,1709195519.2068164
5604,1709195519.3087058,1709195519.3128994
5605,1709195519.3976643,1709195519.4016807
5606,1709195519.5082939,1709195519.5137668
5607,1709195519.6107428,1709195519.6144643
5608,1709195519.7112963,1709195519.715074
5609,1709195519.8106694,1709195519.810675
5610,1709195519.9124212,1709195519.9124272
5611,1709195520.012814,1709195520.0128195
5612,1709195520.0977178,1709195520.0977259
5613,1709195520.210573,1709195520.2105792
5614,1709195520.3149676,1709195520.3149743
5615,1709195520.404286,1709195520.4042916
5616,1709195520.5176194,1709195520.5176253
5617,1709195520.6023493,1709195520.602355
5618,1709195520.7176857,1709195520.7176912
5619,1709195520.8077831,1709195520.8077888
5620,1709195520.9100754,1709195520.9100814
5621,1709195521.0151775,1709195521.0153153
5622,1709195521.113362,1709195521.1133678
5623,1709195521.2169697,1709195521.2169752
5624,1709195521.3034437,1709195521.3034496
5625,1709195521.4142647,1709195521.41427
5626,1709195521.5191953,1709195521.519201
5627,1709195521.6018717,1709195521.6018798
5628,1709195521.7029374,1709195521.7029426
5629,1709195521.8081899,1709195521.808196
5630,1709195521.9241006,1709195521.9241052
5631,1709195522.0150168,1709195522.015024
5632,1709195522.1096015,1709195522.1096087
5633,1709195522.2056394,1709195522.2056441
5634,1709195522.3225312,1709195522.3225358
5635,1709195522.3989933,1709195522.398998
5636,1709195522.4966238,1709195522.496627
5637,1709195522.6093059,1709195522.6093407
5638,1709195522.7096486,1709195522.7096539
5639,1709195522.8050303,1709195522.8050363
5640,1709195522.9100525,1709195522.9100585
5641,1709195523.0095265,1709195523.009533
5642,1709195523.1082828,1709195523.1082878
5643,1709195523.205635,1709195523.2056458
5644,1709195523.3037236,1709195523.3037276
5645,1709195523.4044003,1709195523.4044056
5646,1709195523.5087895,1709195523.5087955
5647,1709195523.6096492,1709195523.609656
5648,1709195523.7116144,1709195523.7116196
5649,1709195523.808734,1709195523.8087401
5650,1709195523.903501,1709195523.9035068
5651,1709195524.0057178,1709195524.0057237
5652,1709195524.1099799,1709195524.109987
5653,1709195524.2186434,1709195524.2186494
5654,1709195524.3147473,1709195524.3147528
5655,1709195524.4047544,1709195524.4047604
5656,1709195524.5030265,1709195524.503032
5657,1709195524.6028543,1709195524.6028588
5658,1709195524.7089336,1709195524.7089393
5659,1709195524.81508,1709195524.8150847
5660,1709195524.9075909,1709195524.9075956
5661,1709195525.0157053,1709195525.015711
5662,1709195525.1108832,1709195525.1108968
5663,1709195525.2112772,1709195525.2112837
5664,1709195525.3095706,1709195525.309578
5665,1709195525.404797,1709195525.404803
5666,1709195525.5040803,1709195525.504087
5667,1709195525.6030235,1709195525.6030293
5668,1709195525.711177,1709195525.7112172
5669,1709195525.8159037,1709195525.815909
5670,1709195525.9084682,1709195525.908473
5671,1709195526.0092783,1709195526.0092828
5672,1709195526.1174257,1709195526.1174307
5673,1709195526.2078104,1709195526.2078152
5674,1709195526.300074,1709195526.3000796
5675,1709195526.406076,1709195526.4060817
5676,1709195526.5111403,1709195526.511145
5677,1709195526.612755,1709195526.6127598
5678,1709195526.7071908,1709195526.7071946
5679,1709195526.8176236,1709195526.8176286
5680,1709195526.9134874,1709195526.9134934
5681,1709195527.0068607,1709195527.0068734
5682,1709195527.1148465,1709195527.114853
5683,1709195527.221848,1709195527.2218573
5684,1709195527.309639,1709195527.3096464
5685,1709195527.4152567,1709195527.415262
5686,1709195527.5090783,1709195527.5090845
5687,1709195527.601543,1709195527.6015494
5688,1709195527.7043664,1709195527.7043724
5689,1709195527.8107204,1709195527.8107266
5690,1709195527.905968,1709195527.9059737
5691,1709195528.0099678,1709195528.0099733
5692,1709195528.1069028,1709195528.1069086
5693,1709195528.2014635,1709195528.2014692
5694,1709195528.2982016,1709195528.298207
5695,1709195528.4024773,1709195528.402482
5696,1709195528.5083764,1709195528.5083814
5697,1709195528.6031358,1709195528.6031415
5698,1709195528.6991496,1709195528.6991556
5699,1709195528.7966263,1709195528.7966304
5700,1709195528.903993,1709195528.9039996
5701,1709195529.004263,1709195529.004269
5702,1709195529.1052167,1709195529.1052217
5703,1709195529.2049527,1709195529.204958
5704,1709195529.297969,1709195529.2980042
5705,1709195529.4203508,1709195529.4203553
5706,1709195529.5002394,1709195529.5002446
5707,1709195529.610963,1709195529.610967
5708,1709195529.7133179,1709195529.713323
5709,1709195529.8025622,1709195529.8025668
5710,1709195529.9063814,1709195529.906387
5711,1709195530.0087898,1709195530.0087943
5712,1709195530.1058166,1709195530.105823
5713,1709195530.2026982,1709195530.202703
5714,1709195530.3169327,1709195530.316938
5715,1709195530.3994353,1709195530.3994396
5716,1709195530.503601,1709195530.5036058
5717,1709195530.604629,1709195530.604634
5718,1709195530.7061572,1709195530.706163
5719,1709195530.8121696,1709195530.8121743
5720,1709195530.9040482,1709195530.9040947
5721,1709195531.0063155,1709195531.006322
5722,1709195531.105979,1709195531.1059844
5723,1709195531.213796,1709195531.2138011
5724,1709195531.3049693,1709195531.3049772
5725,1709195531.407361,1709195531.4073665
5726,1709195531.5170891,1709195531.5170941
5727,1709195531.6160076,1709195531.616013
5728,1709195531.7035906,1709195531.703596
5729,1709195531.8114977,1709195531.8115034
5730,1709195531.913958,1709195531.913963
5731,1709195532.0135202,1709195532.0135248
5732,1709195532.0988035,1709195532.0988078
5733,1709195532.2111807,1709195532.211187
5734,1709195532.302196,1709195532.3022008
5735,1709195532.4045389,1709195532.4045444
5736,1709195532.5021534,1709195532.5021603
5737,1709195532.6058755,1709195532.6058803
5738,1709195532.7103493,1709195532.7103539
5739,1709195532.8166957,1709195532.816699
5740,1709195532.9008706,1709195532.900876
5741,1709195533.0148063,1709195533.014812
5742,1709195533.1178832,1709195533.1178875
5743,1709195533.211441,1709195533.211446
5744,1709195533.310382,1709195533.310386
5745,1709195533.413572,1709195533.4135778
5746,1709195533.5071568,1709195533.5071628
5747,1709195533.6077907,1709195533.6077952
5748,1709195533.7121782,1709195533.7121813
5749,1709195533.8130782,1709195533.8130834
5750,1709195533.904423,1709195533.9044292
5751,1709195533.997975,1709195533.9979804
5752,1709195534.1094003,1709195534.1094072
5753,1709195534.2001832,1709195534.2001886
5754,1709195534.300084,1709195534.3000898
5755,1709195534.4038992,1709195534.403904
5756,1709195534.5078557,1709195534.5078611
5757,1709195534.6017807,1709195534.6017857
5758,1709195534.7010279,1709195534.7010326
5759,1709195534.8020272,1709195534.8020322
5760,1709195534.9020078,1709195534.9020135
5761,1709195534.9996734,1709195534.99968
5762,1709195535.110954,1709195535.1109605
5763,1709195535.2034733,1709195535.203479
5764,1709195535.3004832,1709195535.3004873
5765,1709195535.4008834,1709195535.4008894
5766,1709195535.5095718,1709195535.5095782
5767,1709195535.60763,1709195535.6076634
5768,1709195535.7084856,1709195535.7084916
5769,1709195535.813163,1709195535.8131692
5770,1709195535.901835,1709195535.9018404
5771,1709195536.0110526,1709195536.0110672
5772,1709195536.1102622,1709195536.110268
5773,1709195536.2122574,1709195536.2122648
5774,1709195536.301541,1709195536.3015466
5775,1709195536.4029016,1709195536.4029074
5776,1709195536.504448,1709195536.5044544
5777,1709195536.6007183,1709195536.6007247
5778,1709195536.7136579,1709195536.713664
5779,1709195536.8049872,1709195536.8049936
5780,1709195536.905161,1709195536.9051664
5781,1709195537.005697,1709195537.0057015
5782,1709195537.1022522,1709195537.1022582
5783,1709195537.2016964,1709195537.2017038
5784,1709195537.3053746,1709195537.305381
5785,1709195537.4031994,1709195537.4032047
5786,1709195537.5030224,1709195537.503029
5787,1709195537.6183999,1709195537.618405
5788,1709195537.7012475,1709195537.7012544
5789,1709195537.8038523,1709195537.8038578
5790,1709195537.904261,1709195537.9042673
5791,1709195538.0007772,1709195538.0007849
5792,1709195538.1042438,1709195538.1042492
5793,1709195538.2205505,1709195538.2205567
5794,1709195538.307138,1709195538.3071454
5795,1709195538.39979,1709195538.3998117
5796,1709195538.5035992,1709195538.503675
5797,1709195538.6053622,1709195538.60541
5798,1709195538.7092745,1709195538.709326
5799,1709195538.8004203,1709195538.8008158
5800,1709195538.9022963,1709195538.9024029
5801,1709195539.0162969,1709195539.0163863
5802,1709195539.102637,1709195539.1027226
5803,1709195539.1987574,1709195539.199066
5804,1709195539.3082457,1709195539.308284
5805,1709195539.402231,1709195539.40228
5806,1709195539.5011032,1709195539.5011964
5807,1709195539.601421,1709195539.6014774
5808,1709195539.700874,1709195539.7009661
5809,1709195539.8007581,1709195539.8008032
5810,1709195539.9009342,1709195539.9010782
5811,1709195540.0017066,1709195540.0018454
5812,1709195540.102099,1709195540.102175
5813,1709195540.2092385,1709195540.2092893
5814,1709195540.3094218,1709195540.309465
5815,1709195540.4023612,1709195540.4024076
5816,1709195540.4996707,1709195540.4997191
5817,1709195540.6066277,1709195540.606675
5818,1709195540.7028835,1709195540.702969
5819,1709195540.8016984,1709195540.8017776
5820,1709195540.9074686,1709195540.9075854
5821,1709195541.0002556,1709195541.0003383
5822,1709195541.105353,1709195541.1054366
5823,1709195541.203494,1709195541.2035768
5824,1709195541.3021343,1709195541.3022
5825,1709195541.401839,1709195541.4019475
5826,1709195541.4994216,1709195541.4994986
5827,1709195541.6071007,1709195541.6071787
5828,1709195541.7046518,1709195541.7047293
5829,1709195541.8013046,1709195541.8013992
5830,1709195541.9058554,1709195541.9059458
5831,1709195542.0032856,1709195542.0033264
5832,1709195542.1032686,1709195542.1033108
5833,1709195542.2073245,1709195542.2073781
5834,1709195542.3095505,1709195542.3096108
5835,1709195542.4015646,1709195542.4016364
5836,1709195542.5009437,1709195542.5009913
5837,1709195542.6050665,1709195542.605118
5838,1709195542.6989613,1709195542.6990175
5839,1709195542.8051953,1709195542.8052423
5840,1709195542.903673,1709195542.9037542
5841,1709195543.0031424,1709195543.0031912
5842,1709195543.104027,1709195543.1041062
5843,1709195543.2029426,1709195543.2030387
5844,1709195543.3155122,1709195543.3155942
5845,1709195543.403887,1709195543.4039373
5846,1709195543.509045,1709195543.5091255
5847,1709195543.6060886,1709195543.6061738
5848,1709195543.7065847,1709195543.7066662
5849,1709195543.8131206,1709195543.8131714
5850,1709195543.9076078,1709195543.907922
5851,1709195543.999392,1709195543.999466
5852,1709195544.1017723,1709195544.1018133
5853,1709195544.2120278,1709195544.2120707
5854,1709195544.3068247,1709195544.30691
5855,1709195544.3997135,1709195544.3997624
5856,1709195544.4978929,1709195544.4979334
5857,1709195544.604169,1709195544.604224
5858,1709195544.7043552,1709195544.7044318
5859,1709195544.8115807,1709195544.8116605
5860,1709195544.8982303,1709195544.898268
5861,1709195545.0063589,1709195545.0064194
5862,1709195545.1055448,1709195545.105609
5863,1709195545.2051358,1709195545.2051723
5864,1709195545.308992,1709195545.3090281
5865,1709195545.400559,1709195545.4006054
5866,1709195545.5025008,1709195545.5026603
5867,1709195545.6007152,1709195545.6007638
5868,1709195545.709162,1709195545.7092178
5869,1709195545.8006847,1709195545.8007424
5870,1709195545.906209,1709195545.9062681
5871,1709195546.0066538,1709195546.0067124
5872,1709195546.1019025,1709195546.1019557
5873,1709195546.2049074,1709195546.204997
5874,1709195546.304423,1709195546.304501
5875,1709195546.4061704,1709195546.406265
5876,1709195546.5094109,1709195546.509574
5877,1709195546.606504,1709195546.6065524
5878,1709195546.71137,1709195546.7114112
5879,1709195546.8022153,1709195546.8022609
5880,1709195546.8991206,1709195546.8991952
5881,1709195547.006738,1709195547.0070465
5882,1709195547.1089678,1709195547.1090453
5883,1709195547.20948,1709195547.2095594
5884,1709195547.3099113,1709195547.309984
5885,1709195547.404439,1709195547.4045317
5886,1709195547.505377,1709195547.5054507
5887,1709195547.59812,1709195547.598199
5888,1709195547.6980498,1709195547.6981282
5889,1709195547.8044796,1709195547.8045669
5890,1709195547.9076376,1709195547.9077137
5891,1709195548.000677,1709195548.0007508
5892,1709195548.1104398,1709195548.1104844
5893,1709195548.2086313,1709195548.2086718
5894,1709195548.3001146,1709195548.3004267
5895,1709195548.4101121,1709195548.410153
5896,1709195548.5090423,1709195548.5090842
5897,1709195548.5977573,1709195548.5978239
5898,1709195548.7045054,1709195548.7045457
5899,1709195548.8021173,1709195548.802299
5900,1709195548.903387,1709195548.903429
5901,1709195549.0046272,1709195549.0046659
5902,1709195549.1011305,1709195549.101181
5903,1709195549.207453,1709195549.2076
5904,1709195549.3007488,1709195549.3008044
5905,1709195549.4047148,1709195549.4047565
5906,1709195549.4979477,1709195549.498033
5907,1709195549.5988839,1709195549.5989444
5908,1709195549.7047198,1709195549.704763
5909,1709195549.8120842,1709195549.812139
5910,1709195549.9065793,1709195549.9066384
5911,1709195550.0060334,1709195550.00609
5912,1709195550.1042292,1709195550.1042962
5913,1709195550.1975312,1709195550.197576
5914,1709195550.3053062,1709195550.3053524
5915,1709195550.404439,1709195550.4044862
5916,1709195550.510776,1709195550.5108137
5917,1709195550.605409,1709195550.6054578
5918,1709195550.7098377,1709195550.7098835
5919,1709195550.8041124,1709195550.8041553
5920,1709195550.9078956,1709195550.9079344
5921,1709195551.001444,1709195551.00153
5922,1709195551.1005907,1709195551.1006403
5923,1709195551.2095056,1709195551.2095475
5924,1709195551.3004327,1709195551.3004763
5925,1709195551.4039114,1709195551.404004
5926,1709195551.502185,1709195551.5022242
5927,1709195551.6011484,1709195551.6012235
5928,1709195551.705422,1709195551.7054856
5929,1709195551.809811,1709195551.809853
5930,1709195551.9036636,1709195551.903696
5931,1709195552.0061052,1709195552.0061383
5932,1709195552.1054883,1709195552.1055472
5933,1709195552.2001486,1709195552.2001998
5934,1709195552.302344,1709195552.3023818
5935,1709195552.4036663,1709195552.403724
5936,1709195552.5027275,1709195552.502768
5937,1709195552.614688,1709195552.6147327
5938,1709195552.7043014,1709195552.7043467
5939,1709195552.808147,1709195552.8082101
5940,1709195552.9052167,1709195552.9052706
5941,1709195552.9995613,1709195552.9996357
5942,1709195553.1047213,1709195553.1047664
5943,1709195553.2149603,1709195553.2150156
5944,1709195553.3082888,1709195553.3083265
5945,1709195553.4048235,1709195553.404894
5946,1709195553.657233,1709195553.6573663
5947,1709195553.670136,1709195553.670186
5948,1709195553.7020807,1709195553.7021248
5949,1709195553.8145924,1709195553.8146791
5950,1709195553.9069085,1709195553.9069803
5951,1709195553.9990284,1709195553.9990792
5952,1709195554.114343,1709195554.114403
5953,1709195554.213869,1709195554.2139347
5954,1709195554.3068836,1709195554.306936
5955,1709195554.4051,1709195554.4051466
5956,1709195554.4995482,1709195554.499591
5957,1709195554.600493,1709195554.6005642
5958,1709195554.70422,1709195554.7042663
5959,1709195554.8017535,1709195554.801797
5960,1709195554.9005902,1709195554.9006379
5961,1709195555.005374,1709195555.0054429
5962,1709195555.1072614,1709195555.107305
5963,1709195555.2075195,1709195555.2075686
5964,1709195555.303041,1709195555.3031301
5965,1709195555.4132545,1709195555.4133332
5966,1709195555.5022254,1709195555.5023212
5967,1709195555.6013546,1709195555.6014078
5968,1709195555.703239,1709195555.7032933
5969,1709195555.804866,1709195555.8049598
5970,1709195555.906265,1709195555.9063187
5971,1709195556.0125608,1709195556.012623
5972,1709195556.104384,1709195556.1044452
5973,1709195556.1991777,1709195556.1992342
5974,1709195556.3028142,1709195556.3028939
5975,1709195556.406779,1709195556.406824
5976,1709195556.4994626,1709195556.4995062
5977,1709195556.6108706,1709195556.611021
5978,1709195556.7044134,1709195556.7045906
5979,1709195556.8104477,1709195556.8104863
5980,1709195556.9102123,1709195556.9102483
5981,1709195557.0008843,1709195557.000955
5982,1709195557.104679,1709195557.1047754
5983,1709195557.2061143,1709195557.206172
5984,1709195557.3055954,1709195557.3056817
5985,1709195557.407115,1709195557.4071991
5986,1709195557.504947,1709195557.5050323
5987,1709195557.6055677,1709195557.605631
5988,1709195557.707814,1709195557.7078564
5989,1709195557.8113146,1709195557.8113613
5990,1709195557.9042914,1709195557.904363
5991,1709195558.0028687,1709195558.0029116
5992,1709195558.1065688,1709195558.1066139
5993,1709195558.2067826,1709195558.2068267
5994,1709195558.306556,1709195558.3066216
5995,1709195558.4053965,1709195558.405477
5996,1709195558.5083494,1709195558.508397
5997,1709195558.6015928,1709195558.601825
5998,1709195558.6980042,1709195558.6980507
5999,1709195558.8041039,1709195558.8041484
6000,1709195558.9001381,1709195558.900212
6001,1709195559.0055606,1709195559.0056496
6002,1709195559.0976133,1709195559.0976841
6003,1709195559.2065609,1709195559.2066352
6004,1709195559.2979977,1709195559.298074
6005,1709195559.4007545,1709195559.4008312
6006,1709195559.5052774,1709195559.5053442
6007,1709195559.597257,1709195559.5972948
6008,1709195559.709489,1709195559.70953
6009,1709195559.8018003,1709195559.801843
6010,1709195559.9107635,1709195559.9109447
6011,1709195560.0052326,1709195560.0052826
6012,1709195560.1030965,1709195560.1031697
6013,1709195560.2063224,1709195560.206364
6014,1709195560.298809,1709195560.2988558
6015,1709195560.3985896,1709195560.3986726
6016,1709195560.5017443,1709195560.5018377
6017,1709195560.6056168,1709195560.6057618
6018,1709195560.700565,1709195560.700645
6019,1709195560.802658,1709195560.8027918
6020,1709195560.906194,1709195560.9062772
6021,1709195561.0043874,1709195561.0044415
6022,1709195561.1061544,1709195561.1061997
6023,1709195561.2023408,1709195561.202409
6024,1709195561.2977507,1709195561.2978241
6025,1709195561.406329,1709195561.4063842
6026,1709195561.5022557,1709195561.5023189
6027,1709195561.6080885,1709195561.6081288
6028,1709195561.7065287,1709195561.7065632
6029,1709195561.8121696,1709195561.8122158
6030,1709195561.9051766,1709195561.9052248
6031,1709195561.999858,1709195561.9999247
6032,1709195562.1025834,1709195562.1026654
6033,1709195562.2032611,1709195562.2033055
6034,1709195562.3136973,1709195562.3138
6035,1709195562.401933,1709195562.4019847
6036,1709195562.499685,1709195562.4997182
6037,1709195562.6049078,1709195562.6049414
6038,1709195562.7029655,1709195562.703046
6039,1709195562.8009386,1709195562.8009727
6040,1709195562.8987749,1709195562.8988535
6041,1709195563.0003088,1709195563.0003607
6042,1709195563.0972323,1709195563.097271
6043,1709195563.2009618,1709195563.2009993
6044,1709195563.2990146,1709195563.2990816
6045,1709195563.398097,1709195563.3981636
6046,1709195563.4987652,1709195563.4988067
6047,1709195563.609953,1709195563.6099935
6048,1709195563.7051337,1709195563.7051837
6049,1709195563.8047395,1709195563.8047788
6050,1709195563.9028149,1709195563.9028778
6051,1709195563.9972677,1709195563.9973238
6052,1709195564.1024609,1709195564.102518
6053,1709195564.1980157,1709195564.1996763
6054,1709195564.3016644,1709195564.3017337
6055,1709195564.4000874,1709195564.4001539
6056,1709195564.4995642,1709195564.499609
6057,1709195564.601268,1709195564.6013258
6058,1709195564.707453,1709195564.7074955
6059,1709195564.8006942,1709195564.8007379
6060,1709195564.9063926,1709195564.9064434
6061,1709195565.005208,1709195565.0052814
6062,1709195565.097663,1709195565.0977197
6063,1709195565.2044742,1709195565.2045188
6064,1709195565.3053858,1709195565.3054419
6065,1709195565.3997939,1709195565.3998363
6066,1709195565.5009196,1709195565.5009756
6067,1709195565.6094072,1709195565.6094158
6068,1709195565.7050242,1709195565.7050288
6069,1709195565.798835,1709195565.79884
6070,1709195565.904193,1709195565.9041991
6071,1709195565.998021,1709195565.998027
6072,1709195566.099953,1709195566.0999653
6073,1709195566.2036588,1709195566.2036648
6074,1709195566.3072703,1709195566.307311
6075,1709195566.4072607,1709195566.4072661
6076,1709195566.5064874,1709195566.5065026
6077,1709195566.5999346,1709195566.5999403
6078,1709195566.7077074,1709195566.7077124
6079,1709195566.8072329,1709195566.8072383
6080,1709195566.8976626,1709195566.897668
6081,1709195567.0027454,1709195567.0027516
6082,1709195567.0981958,1709195567.0982025
6083,1709195567.2002122,1709195567.2002175
6084,1709195567.3022346,1709195567.3022397
6085,1709195567.4025285,1709195567.402535
6086,1709195567.5024047,1709195567.5024107
6087,1709195567.6055572,1709195567.6055636
6088,1709195567.706923,1709195567.7110462
6089,1709195567.8015137,1709195567.805673
6090,1709195567.8993206,1709195567.9017794
6091,1709195568.0050828,1709195568.008493
6092,1709195568.102932,1709195568.1092327
6093,1709195568.2039926,1709195568.207862
6094,1709195568.2982168,1709195568.3014858
6095,1709195568.4057653,1709195568.4092796
6096,1709195568.4995034,1709195568.503666
6097,1709195568.5999193,1709195568.603638
6098,1709195568.7045786,1709195568.70918
6099,1709195568.805335,1709195568.8115458
6100,1709195568.9049072,1709195568.9084187
6101,1709195569.0061073,1709195569.0117428
6102,1709195569.109135,1709195569.1121457
6103,1709195569.2012224,1709195569.2061114
6104,1709195569.3019183,1709195569.3057566
6105,1709195569.4039586,1709195569.407427
6106,1709195569.5016973,1709195569.5055072
6107,1709195569.5992606,1709195569.6031256
6108,1709195569.7049534,1709195569.7107484
6109,1709195569.8029838,1709195569.8072603
6110,1709195569.9057655,1709195569.909593
6111,1709195570.0002668,1709195570.0038733
6112,1709195570.099533,1709195570.1029897
6113,1709195570.2058098,1709195570.209127
6114,1709195570.2999792,1709195570.3048627
6115,1709195570.4048648,1709195570.409202
6116,1709195570.5036497,1709195570.5073931
6117,1709195570.600541,1709195570.6045346
6118,1709195570.7053366,1709195570.7094412
6119,1709195570.801418,1709195570.8048296
6120,1709195570.9030275,1709195570.9068146
6121,1709195571.0036383,1709195571.007948
6122,1709195571.1059527,1709195571.1118755
6123,1709195571.1993215,1709195571.2032943
6124,1709195571.299526,1709195571.3029664
6125,1709195571.4041557,1709195571.413522
6126,1709195571.4976554,1709195571.5018725
6127,1709195571.599157,1709195571.6053898
6128,1709195571.7038198,1709195571.7077274
6129,1709195571.8019407,1709195571.8055327
6130,1709195571.8996358,1709195571.9035354
6131,1709195572.0053232,1709195572.0124004
6132,1709195572.0989783,1709195572.1027055
6133,1709195572.200097,1709195572.2079298
6134,1709195572.3060515,1709195572.3098595
6135,1709195572.4031386,1709195572.4065945
6136,1709195572.5028052,1709195572.5067008
6137,1709195572.6019664,1709195572.6056232
6138,1709195572.7044156,1709195572.7082567
6139,1709195572.8008156,1709195572.804438
6140,1709195572.9024594,1709195572.906137
6141,1709195573.0073116,1709195573.013037
6142,1709195573.1074612,1709195573.1115062
6143,1709195573.1987336,1709195573.2031438
6144,1709195573.3070807,1709195573.3121355
6145,1709195573.3976588,1709195573.4030738
6146,1709195573.499692,1709195573.5029175
6147,1709195573.6038916,1709195573.607191
6148,1709195573.7028499,1709195573.7065785
6149,1709195573.8103256,1709195573.8141508
6150,1709195573.9001367,1709195573.903806
6151,1709195574.004533,1709195574.0080469
6152,1709195574.1055253,1709195574.108923
6153,1709195574.2027524,1709195574.2064724
6154,1709195574.304376,1709195574.3097727
6155,1709195574.3975565,1709195574.401419
6156,1709195574.5000887,1709195574.5039368
6157,1709195574.6032164,1709195574.6069815
6158,1709195574.7007048,1709195574.705895
6159,1709195574.800809,1709195574.8043275
6160,1709195574.905819,1709195574.9098837
6161,1709195574.999922,1709195575.002449
6162,1709195575.1041172,1709195575.107713
6163,1709195575.2044013,1709195575.208003
6164,1709195575.3001761,1709195575.303743
6165,1709195575.4049451,1709195575.4083185
6166,1709195575.5042896,1709195575.5081418
6167,1709195575.5984647,1709195575.602863
6168,1709195575.7012541,1709195575.7051897
6169,1709195575.804208,1709195575.807339
6170,1709195575.8984432,1709195575.9020574
6171,1709195575.9985442,1709195576.0030863
6172,1709195576.1002908,1709195576.1042125
6173,1709195576.2022626,1709195576.205875
6174,1709195576.297977,1709195576.3018515
6175,1709195576.4020844,1709195576.405584
6176,1709195576.4998157,1709195576.50336
6177,1709195576.6048448,1709195576.6103635
6178,1709195576.7019181,1709195576.704967
6179,1709195576.8045468,1709195576.810626
6180,1709195576.8998046,1709195576.903505
6181,1709195577.0074267,1709195577.0110626
6182,1709195577.0987315,1709195577.1028187
6183,1709195577.1991801,1709195577.2062585
6184,1709195577.3025174,1709195577.306359
6185,1709195577.400411,1709195577.4042811
6186,1709195577.5004213,1709195577.5048184
6187,1709195577.5995572,1709195577.6047444
6188,1709195577.6998742,1709195577.7026327
6189,1709195577.8031554,1709195577.8066254
6190,1709195577.9014065,1709195577.9069192
6191,1709195577.9980116,1709195578.002019
6192,1709195578.1022348,1709195578.105989
6193,1709195578.1996198,1709195578.2021995
6194,1709195578.301857,1709195578.3054779
6195,1709195578.4049366,1709195578.4092338
6196,1709195578.5034647,1709195578.5069585
6197,1709195578.603508,1709195578.6083076
6198,1709195578.7096212,1709195578.7131517
6199,1709195578.7994616,1709195578.8032029
6200,1709195578.8979592,1709195578.902286
6201,1709195579.0032058,1709195579.0101292
6202,1709195579.104128,1709195579.1092145
6203,1709195579.2016783,1709195579.2059407
6204,1709195579.2995849,1709195579.3031633
6205,1709195579.39762,1709195579.4027345
6206,1709195579.5033994,1709195579.5072494
6207,1709195579.6113575,1709195579.6148229
6208,1709195579.706695,1709195579.7104208
6209,1709195579.804127,1709195579.8080947
6210,1709195579.9041924,1709195579.908257
6211,1709195580.0019133,1709195580.0058286
6212,1709195580.107028,1709195580.111145
6213,1709195580.2052057,1709195580.2089655
6214,1709195580.3087063,1709195580.3115723
6215,1709195580.4050853,1709195580.4086175
6216,1709195580.504586,1709195580.5087454
6217,1709195580.60337,1709195580.607225
6218,1709195580.7106438,1709195580.7140584
6219,1709195580.8032203,1709195580.8079674
6220,1709195580.898268,1709195580.9021432
6221,1709195580.9984884,1709195581.0022714
6222,1709195581.1008074,1709195581.1044652
6223,1709195581.1985853,1709195581.2025046
6224,1709195581.3048346,1709195581.3098476
6225,1709195581.4056206,1709195581.409879
6226,1709195581.5032601,1709195581.5081666
6227,1709195581.605291,1709195581.6087284
6228,1709195581.7056165,1709195581.7092898
6229,1709195581.8033786,1709195581.807312
6230,1709195581.9048269,1709195581.9082465
6231,1709195582.000197,1709195582.0042126
6232,1709195582.1053517,1709195582.1087031
6233,1709195582.2135983,1709195582.2184796
6234,1709195582.3018649,1709195582.3057323
6235,1709195582.4018033,1709195582.4060762
6236,1709195582.5022032,1709195582.5056314
6237,1709195582.5985234,1709195582.601838
6238,1709195582.7039979,1709195582.7079034
6239,1709195582.804523,1709195582.8091943
6240,1709195582.898643,1709195582.902828
6241,1709195583.0013916,1709195583.005124
6242,1709195583.1048636,1709195583.1075883
6243,1709195583.2001987,1709195583.2034683
6244,1709195583.304761,1709195583.308461
6245,1709195583.4046729,1709195583.4080973
6246,1709195583.5050368,1709195583.5084743
6247,1709195583.602998,1709195583.6069176
6248,1709195583.7017078,1709195583.7055182
6249,1709195583.8102958,1709195583.8145328
6250,1709195583.8985434,1709195583.9023037
6251,1709195583.9984355,1709195584.002267
6252,1709195584.1105485,1709195584.1142657
6253,1709195584.198283,1709195584.2022808
6254,1709195584.3049023,1709195584.308626
6255,1709195584.4002485,1709195584.4039693
6256,1709195584.5068452,1709195584.5104144
6257,1709195584.6015959,1709195584.6061516
6258,1709195584.700431,1709195584.703673
6259,1709195584.8036277,1709195584.807253
6260,1709195584.9037974,1709195584.908007
6261,1709195584.9976883,1709195585.001152
6262,1709195585.105701,1709195585.1095023
6263,1709195585.1966004,1709195585.202731
6264,1709195585.3007271,1709195585.3043323
6265,1709195585.4075253,1709195585.411386
6266,1709195585.513894,1709195585.5179453
6267,1709195585.6128137,1709195585.6168559
6268,1709195585.703354,1709195585.7103598
6269,1709195585.8042142,1709195585.8042204
6270,1709195585.9010222,1709195585.9010258
6271,1709195586.000992,1709195586.0009975
6272,1709195586.103271,1709195586.1032763
6273,1709195586.212576,1709195586.2125819
6274,1709195586.3100016,1709195586.310006
6275,1709195586.4124064,1709195586.4124126
6276,1709195586.5041618,1709195586.5041666
6277,1709195586.60284,1709195586.602846
6278,1709195586.701159,1709195586.7011647
6279,1709195586.802344,1709195586.8023496
6280,1709195586.905227,1709195586.905232
6281,1709195587.0101068,1709195587.010116
6282,1709195587.1037333,1709195587.1037378
6283,1709195587.2109714,1709195587.210976
6284,1709195587.310443,1709195587.3104484
6285,1709195587.4028862,1709195587.4028919
6286,1709195587.5060592,1709195587.5060656
6287,1709195587.6024487,1709195587.6024542
6288,1709195587.7031398,1709195587.703145
6289,1709195587.8057306,1709195587.8057363
6290,1709195587.9011223,1709195587.901127
6291,1709195588.0066724,1709195588.0066774
6292,1709195588.1102839,1709195588.110289
6293,1709195588.1995964,1709195588.1996315
6294,1709195588.306727,1709195588.3067317
6295,1709195588.401831,1709195588.4018378
6296,1709195588.5061483,1709195588.5061553
6297,1709195588.5984735,1709195588.5984788
6298,1709195588.7039633,1709195588.7039692
6299,1709195588.806836,1709195588.8068416
6300,1709195588.9027522,1709195588.9027574
6301,1709195589.0113459,1709195589.0113559
6302,1709195589.1016448,1709195589.1016505
6303,1709195589.2006044,1709195589.2006102
6304,1709195589.3018396,1709195589.3018448
6305,1709195589.405848,1709195589.4058523
6306,1709195589.5036676,1709195589.5036726
6307,1709195589.6107166,1709195589.6107223
6308,1709195589.6976275,1709195589.697632
6309,1709195589.8115897,1709195589.8115947
6310,1709195589.8999126,1709195589.8999178
6311,1709195590.0035849,1709195590.0035884
6312,1709195590.1103945,1709195590.1103985
6313,1709195590.2102013,1709195590.2102067
6314,1709195590.3004487,1709195590.300454
6315,1709195590.4074008,1709195590.4074082
6316,1709195590.5031428,1709195590.5031483
6317,1709195590.6007528,1709195590.6007588
6318,1709195590.7065828,1709195590.706591
6319,1709195590.8030448,1709195590.8030505
6320,1709195590.898219,1709195590.8982244
6321,1709195591.0121162,1709195591.012122
6322,1709195591.1105561,1709195591.110562
6323,1709195591.202945,1709195591.2029495
6324,1709195591.3069875,1709195591.3070264
6325,1709195591.4022307,1709195591.402237
6326,1709195591.5016108,1709195591.5016153
6327,1709195591.605859,1709195591.6058657
6328,1709195591.7056897,1709195591.705695
6329,1709195591.8149683,1709195591.8149724
6330,1709195591.9074197,1709195591.9074264
6331,1709195591.9986398,1709195591.9986455
6332,1709195592.1015742,1709195592.1015823
6333,1709195592.201098,1709195592.2011027
6334,1709195592.3050296,1709195592.3050342
6335,1709195592.405572,1709195592.4055774
6336,1709195592.499114,1709195592.4991198
6337,1709195592.601424,1709195592.6014287
6338,1709195592.7054837,1709195592.7054873
6339,1709195592.801425,1709195592.8014317
6340,1709195592.9044058,1709195592.9044106
6341,1709195593.0056567,1709195593.0056622
6342,1709195593.0995193,1709195593.099524
6343,1709195593.2050033,1709195593.2050087
6344,1709195593.307013,1709195593.3070192
6345,1709195593.3999422,1709195593.399947
6346,1709195593.4994998,1709195593.4995055
6347,1709195593.5984051,1709195593.5984123
6348,1709195593.7009375,1709195593.7009444
6349,1709195593.806234,1709195593.806239
6350,1709195593.902728,1709195593.9027333
6351,1709195594.0039635,1709195594.0039685
6352,1709195594.104844,1709195594.1048486
6353,1709195594.2082884,1709195594.208294
6354,1709195594.3044329,1709195594.30444
6355,1709195594.4082232,1709195594.4082289
6356,1709195594.5022662,1709195594.5022726
6357,1709195594.6081088,1709195594.608112
6358,1709195594.705135,1709195594.7051394
6359,1709195594.8022184,1709195594.8022246
6360,1709195594.908894,1709195594.9088995
6361,1709195595.0125911,1709195595.012596
6362,1709195595.1024313,1709195595.102438
6363,1709195595.202129,1709195595.2021325
6364,1709195595.3060815,1709195595.3060882
6365,1709195595.4074326,1709195595.4074388
6366,1709195595.5023882,1709195595.502395
6367,1709195595.6029673,1709195595.6029756
6368,1709195595.704815,1709195595.7048197
6369,1709195595.8089225,1709195595.8089309
6370,1709195595.904283,1709195595.904288
6371,1709195596.011046,1709195596.011052
6372,1709195596.1019967,1709195596.102003
6373,1709195596.213656,1709195596.2136612
6374,1709195596.305397,1709195596.3054025
6375,1709195596.4002962,1709195596.4003024
6376,1709195596.4999075,1709195596.4999132
6377,1709195596.6008747,1709195596.6008804
6378,1709195596.702533,1709195596.7025363
6379,1709195596.80778,1709195596.8077846
6380,1709195596.9014664,1709195596.9014719
6381,1709195597.005764,1709195597.0057688
6382,1709195597.1021807,1709195597.102186
6383,1709195597.2102404,1709195597.2102447
6384,1709195597.2994332,1709195597.2994382
6385,1709195597.3980434,1709195597.3980482
6386,1709195597.5001292,1709195597.5001335
6387,1709195597.6103806,1709195597.6103876
6388,1709195597.7125194,1709195597.7125268
6389,1709195597.8105369,1709195597.8105414
6390,1709195597.9084983,1709195597.9085033
6391,1709195598.0069287,1709195598.0069354
6392,1709195598.1040373,1709195598.104044
6393,1709195598.2074296,1709195598.207433
6394,1709195598.3041048,1709195598.3041108
6395,1709195598.4040427,1709195598.404049
6396,1709195598.5105164,1709195598.5105221
6397,1709195598.6045246,1709195598.6045294
6398,1709195598.700553,1709195598.7005575
6399,1709195598.7997587,1709195598.7997665
6400,1709195598.9089253,1709195598.908931
6401,1709195599.0030165,1709195599.0030208
6402,1709195599.1005788,1709195599.1005845
6403,1709195599.203237,1709195599.2032406
6404,1709195599.3090718,1709195599.3090782
6405,1709195599.4056814,1709195599.405685
6406,1709195599.5039418,1709195599.5039475
6407,1709195599.6046507,1709195599.6046553
6408,1709195599.6986282,1709195599.6986334
6409,1709195599.80635,1709195599.806356
6410,1709195599.9017758,1709195599.90178
6411,1709195599.9997199,1709195599.9997265
6412,1709195600.1063702,1709195600.1063764
6413,1709195600.1977224,1709195600.1977267
6414,1709195600.3022473,1709195600.3022525
6415,1709195600.4030874,1709195600.4030936
6416,1709195600.5014765,1709195600.5014818
6417,1709195600.6046803,1709195600.6046855
6418,1709195600.7099614,1709195600.7099676
6419,1709195600.8028376,1709195600.802843
6420,1709195600.9021964,1709195600.9022024
6421,1709195601.0046368,1709195601.0046418
6422,1709195601.1065946,1709195601.1066062
6423,1709195601.2038243,1709195601.2038295
6424,1709195601.301043,1709195601.301048
6425,1709195601.4086425,1709195601.408649
6426,1709195601.4990962,1709195601.4991014
6427,1709195601.601029,1709195601.6010323
6428,1709195601.6995482,1709195601.6995592
6429,1709195601.799235,1709195601.7992404
6430,1709195601.9080243,1709195601.90803
6431,1709195602.0108354,1709195602.0108411
6432,1709195602.1106992,1709195602.110704
6433,1709195602.202253,1709195602.2022583
6434,1709195602.2993388,1709195602.2993445
6435,1709195602.3991153,1709195602.399122
6436,1709195602.5022268,1709195602.5022318
6437,1709195602.6056585,1709195602.6056635
6438,1709195602.7014923,1709195602.7014978
6439,1709195602.8074672,1709195602.8074737
6440,1709195602.9095516,1709195602.9095566
6441,1709195603.00051,1709195603.0005162
6442,1709195603.1060133,1709195603.1060193
6443,1709195603.2017283,1709195603.2017326
6444,1709195603.2987309,1709195603.2987359
6445,1709195603.4003413,1709195603.4003463
6446,1709195603.5064428,1709195603.506448
6447,1709195603.609329,1709195603.6093342
6448,1709195603.6990564,1709195603.6990693
6449,1709195603.7982492,1709195603.7982533
6450,1709195603.9031281,1709195603.9031334
6451,1709195603.9998531,1709195603.9998589
6452,1709195604.1012275,1709195604.1012325
6453,1709195604.200325,1709195604.200331
6454,1709195604.306812,1709195604.3068209
6455,1709195604.4052851,1709195604.4052916
6456,1709195604.5072112,1709195604.507215
6457,1709195604.6064613,1709195604.6064656
6458,1709195604.7003608,1709195604.7003667
6459,1709195604.8003392,1709195604.8003442
6460,1709195604.901129,1709195604.9011364
6461,1709195605.0039794,1709195605.003983
6462,1709195605.1074598,1709195605.107465
6463,1709195605.2004354,1709195605.200439
6464,1709195605.303223,1709195605.3032265
6465,1709195605.3992105,1709195605.3992162
6466,1709195605.5107093,1709195605.5107138
6467,1709195605.6014073,1709195605.6014104
6468,1709195605.7034526,1709195605.7034588
6469,1709195605.8009157,1709195605.8009205
6470,1709195605.9149888,1709195605.914993
6471,1709195606.0062568,1709195606.0062628
6472,1709195606.1063027,1709195606.1063073
6473,1709195606.2039483,1709195606.2039557
6474,1709195606.2991967,1709195606.2992015
6475,1709195606.4084883,1709195606.4084928
6476,1709195606.5038474,1709195606.503855
6477,1709195606.6054301,1709195606.6054356
6478,1709195606.7002165,1709195606.70022
6479,1709195606.8033142,1709195606.8033195
6480,1709195606.902875,1709195606.902881
6481,1709195607.0013874,1709195607.0013928
6482,1709195607.1002076,1709195607.1002128
6483,1709195607.2060585,1709195607.2060642
6484,1709195607.308065,1709195607.308071
6485,1709195607.3999841,1709195607.3999898
6486,1709195607.5057104,1709195607.5057151
6487,1709195607.6111557,1709195607.611161
6488,1709195608.1345994,1709195608.1346092
6489,1709195608.1442194,1709195608.1442258
6490,1709195608.2084758,1709195608.2084808
6491,1709195608.3053808,1709195608.3053858
6492,1709195608.4063756,1709195608.4063816
6493,1709195608.5152247,1709195608.515229
6494,1709195608.6017,1709195608.6017036
6495,1709195608.7040772,1709195608.704082
6496,1709195608.8104556,1709195608.8104606
6497,1709195608.9068801,1709195608.9068847
6498,1709195609.0097,1709195609.0097046
6499,1709195609.1065037,1709195609.1065102
6500,1709195609.2113888,1709195609.2113936
6501,1709195609.2997127,1709195609.2997177
6502,1709195609.40044,1709195609.4004447
6503,1709195609.5108716,1709195609.5108774
6504,1709195609.608499,1709195609.6085043
6505,1709195609.7074678,1709195609.7074776
6506,1709195609.8080611,1709195609.808067
6507,1709195609.9030786,1709195609.9030845
6508,1709195610.0009007,1709195610.000906
6509,1709195610.1028116,1709195610.1028168
6510,1709195610.2033777,1709195610.2033827
6511,1709195610.3121693,1709195610.3121746
6512,1709195610.4118745,1709195610.4118805
6513,1709195610.5147152,1709195610.5147204
6514,1709195610.6088543,1709195610.6088612
6515,1709195610.7009504,1709195610.700958
6516,1709195610.8061862,1709195610.8061914
6517,1709195610.9009793,1709195610.9009843
6518,1709195611.0043337,1709195611.004339
6519,1709195611.1032,1709195611.1032057
6520,1709195611.204708,1709195611.2047124
6521,1709195611.3023665,1709195611.3023715
6522,1709195611.4123716,1709195611.4123764
6523,1709195611.5060704,1709195611.5060759
6524,1709195611.6037786,1709195611.6037836
6525,1709195611.7036011,1709195611.7036076
6526,1709195611.7985241,1709195611.7985287
6527,1709195611.9022229,1709195611.9022279
6528,1709195612.007797,1709195612.0078008
6529,1709195612.1040418,1709195612.1040485
6530,1709195612.2009366,1709195612.2009428
6531,1709195612.3054574,1709195612.3054628
6532,1709195612.4039283,1709195612.4039326
6533,1709195612.4997754,1709195612.4997814
6534,1709195612.6067812,1709195612.6067863
6535,1709195612.7078955,1709195612.7079055
6536,1709195612.8075974,1709195612.8076026
6537,1709195612.9073112,1709195612.907317
6538,1709195613.0004132,1709195613.0004194
6539,1709195613.109532,1709195613.1095374
6540,1709195613.2152224,1709195613.2152278
6541,1709195613.3056045,1709195613.3056092
6542,1709195613.4020376,1709195613.4020426
6543,1709195613.5052285,1709195613.5052335
6544,1709195613.6030889,1709195613.6030943
6545,1709195613.7093196,1709195613.7093246
6546,1709195613.8026686,1709195613.8026733
6547,1709195613.9118185,1709195613.9118233
6548,1709195614.009407,1709195614.0094125
6549,1709195614.1028337,1709195614.1028392
6550,1709195614.2159367,1709195614.2159429
6551,1709195614.303121,1709195614.3031266
6552,1709195614.401917,1709195614.4019213
6553,1709195614.5001636,1709195614.5001678
6554,1709195614.6035001,1709195614.6035042
6555,1709195614.7030516,1709195614.7030554
6556,1709195614.8116074,1709195614.8116126
6557,1709195614.9046957,1709195614.9047005
6558,1709195615.0072396,1709195615.0072446
6559,1709195615.1110108,1709195615.1110153
6560,1709195615.200823,1709195615.2008288
6561,1709195615.3158817,1709195615.3158875
6562,1709195615.4073346,1709195615.4073393
6563,1709195615.5066144,1709195615.5066195
6564,1709195615.6023433,1709195615.6023488
6565,1709195615.703814,1709195615.7038188
6566,1709195615.8137488,1709195615.813754
6567,1709195615.9077396,1709195615.9077451
6568,1709195616.0030155,1709195616.0030193
6569,1709195616.102889,1709195616.1028936
6570,1709195616.2010043,1709195616.2010088
6571,1709195616.3046136,1709195616.3046186
6572,1709195616.4215863,1709195616.4215913
6573,1709195616.5158203,1709195616.5158257
6574,1709195616.607786,1709195616.6077907
6575,1709195616.7072737,1709195616.7072794
6576,1709195616.8050015,1709195616.8050072
6577,1709195616.9168165,1709195616.9168215
6578,1709195617.010551,1709195617.0105562
6579,1709195617.1075847,1709195617.107589
6580,1709195617.2131824,1709195617.2131863
6581,1709195617.3057594,1709195617.3057642
6582,1709195617.4107444,1709195617.4107494
6583,1709195617.5056484,1709195617.505654
6584,1709195617.6103435,1709195617.6103482
6585,1709195617.7194438,1709195617.7194486
6586,1709195617.810734,1709195617.8107405
6587,1709195617.9193797,1709195617.9193854
6588,1709195618.0083392,1709195618.0083447
6589,1709195618.110786,1709195618.1107917
6590,1709195618.2136211,1709195618.2136278
6591,1709195618.3086193,1709195618.3086228
6592,1709195618.41644,1709195618.4164453
6593,1709195618.5165231,1709195618.5165281
6594,1709195618.612231,1709195618.6122365
6595,1709195618.7095957,1709195618.7096026
6596,1709195618.8063343,1709195618.8063407
6597,1709195618.9135294,1709195618.913535
6598,1709195619.012628,1709195619.0126326
6599,1709195619.1036584,1709195619.1036644
6600,1709195619.208379,1709195619.208384
6601,1709195619.3151116,1709195619.315116
6602,1709195619.40851,1709195619.4085147
6603,1709195619.510875,1709195619.5108802
6604,1709195619.605202,1709195619.6052089
6605,1709195619.711684,1709195619.7116892
6606,1709195619.8009102,1709195619.8009171
6607,1709195619.9073153,1709195619.9073198
6608,1709195620.0023887,1709195620.0023932
6609,1709195620.1019528,1709195620.1019588
6610,1709195620.2043471,1709195620.204352
6611,1709195620.307329,1709195620.3073344
6612,1709195620.4004173,1709195620.4004228
6613,1709195620.5134952,1709195620.5135002
6614,1709195620.6080077,1709195620.6080143
6615,1709195620.7040517,1709195620.704057
6616,1709195620.8047037,1709195620.8047104
6617,1709195620.9111092,1709195620.9111142
6618,1709195621.015059,1709195621.0150707
6619,1709195621.1114147,1709195621.1114185
6620,1709195621.2010388,1709195621.2010436
6621,1709195621.3173504,1709195621.3173566
6622,1709195621.4113348,1709195621.4113395
6623,1709195621.5075312,1709195621.507537
6624,1709195621.615519,1709195621.6155243
6625,1709195621.71063,1709195621.7106364
6626,1709195621.8145103,1709195621.8145132
6627,1709195621.913448,1709195621.9134533
6628,1709195622.018002,1709195622.0180113
6629,1709195622.103507,1709195622.10351
6630,1709195622.202513,1709195622.2025177
6631,1709195622.3093953,1709195622.3093994
6632,1709195622.4092379,1709195622.4092443
6633,1709195622.5034811,1709195622.5034869
6634,1709195622.6126525,1709195622.6126595
6635,1709195622.7078311,1709195622.7078354
6636,1709195622.807271,1709195622.807278
6637,1709195622.9119134,1709195622.9119189
6638,1709195623.0048301,1709195623.0048354
6639,1709195623.1093214,1709195623.1093276
6640,1709195623.212856,1709195623.2128623
6641,1709195623.3005216,1709195623.300527
6642,1709195623.4105225,1709195623.4105275
6643,1709195623.5112193,1709195623.5112257
6644,1709195623.6099946,1709195623.610003
6645,1709195623.709217,1709195623.7092226
6646,1709195623.8013985,1709195623.801404
6647,1709195623.910377,1709195623.9103816
6648,1709195624.0077147,1709195624.0077193
6649,1709195624.1069324,1709195624.1069374
6650,1709195624.2003355,1709195624.2003412
6651,1709195624.3081849,1709195624.3081894
6652,1709195624.4033153,1709195624.4033208
6653,1709195624.5023959,1709195624.5024016
6654,1709195624.6162996,1709195624.6163034
6655,1709195624.705903,1709195624.7059073
6656,1709195624.8147438,1709195624.8147485
6657,1709195624.9203494,1709195624.920354
6658,1709195625.0163524,1709195625.016358
6659,1709195625.1106591,1709195625.110667
6660,1709195625.2145443,1709195625.2145493
6661,1709195625.299852,1709195625.2998571
6662,1709195625.4074304,1709195625.4074352
6663,1709195625.5019846,1709195625.5019891
6664,1709195625.6168957,1709195625.616901
6665,1709195625.6985335,1709195625.6985388
6666,1709195625.8111951,1709195625.811201
6667,1709195625.9040265,1709195625.904031
6668,1709195626.0020268,1709195626.0020328
6669,1709195626.102957,1709195626.1029627
6670,1709195626.2042398,1709195626.204246
6671,1709195626.3111086,1709195626.3111138
6672,1709195626.4057357,1709195626.4057412
6673,1709195626.5163748,1709195626.5163813
6674,1709195626.6095903,1709195626.6095972
6675,1709195626.7067637,1709195626.7067707
6676,1709195626.8067338,1709195626.8067398
6677,1709195626.9132257,1709195626.9132357
6678,1709195627.017144,1709195627.0171483
6679,1709195627.1094587,1709195627.1094646
6680,1709195627.2157764,1709195627.215782
6681,1709195627.3158455,1709195627.3158505
6682,1709195627.3984318,1709195627.3984365
6683,1709195627.5197525,1709195627.519758
6684,1709195627.6148648,1709195627.6148705
6685,1709195627.7104561,1709195627.710462
6686,1709195627.8179064,1709195627.8179128
6687,1709195627.9047537,1709195627.9047601
6688,1709195628.0039542,1709195628.0039604
6689,1709195628.1104822,1709195628.1104875
6690,1709195628.207995,1709195628.208002
6691,1709195628.3134232,1709195628.3134296
6692,1709195628.4031038,1709195628.4031093
6693,1709195628.5053558,1709195628.5053623
6694,1709195628.6049273,1709195628.6049337
6695,1709195628.7100396,1709195628.710045
6696,1709195628.8063614,1709195628.8064387
6697,1709195628.906299,1709195628.9063058
6698,1709195629.0212293,1709195629.021235
6699,1709195629.113461,1709195629.1134663
6700,1709195629.2154703,1709195629.2154758
6701,1709195629.3104458,1709195629.3104513
6702,1709195629.4064713,1709195629.406477
6703,1709195629.5139768,1709195629.5139828
6704,1709195629.612263,1709195629.6122687
6705,1709195629.7018948,1709195629.7019
6706,1709195629.8101752,1709195629.8101811
6707,1709195629.909573,1709195629.9095788
6708,1709195630.016671,1709195630.016677
6709,1709195630.1118548,1709195630.1118588
6710,1709195630.218229,1709195630.2182348
6711,1709195630.3079667,1709195630.307976
6712,1709195630.4119194,1709195630.411925
6713,1709195630.5174396,1709195630.517446
6714,1709195630.6148818,1709195630.6148868
6715,1709195630.7097669,1709195630.7097726
6716,1709195630.7988756,1709195630.79888
6717,1709195630.901117,1709195630.9011226
6718,1709195631.003341,1709195631.003347
6719,1709195631.0982075,1709195631.0982122
6720,1709195631.2223325,1709195631.222338
6721,1709195631.3076904,1709195631.3076954
6722,1709195631.412693,1709195631.412699
6723,1709195631.5007358,1709195631.5007408
6724,1709195631.6017456,1709195631.6017518
6725,1709195631.7021487,1709195631.7021935
6726,1709195631.8013632,1709195631.8014088
6727,1709195631.9046233,1709195631.9047427
6728,1709195632.0067928,1709195632.0068376
6729,1709195632.1155553,1709195632.115729
6730,1709195632.2209306,1709195632.2209835
6731,1709195632.3089378,1709195632.308994
6732,1709195632.4154277,1709195632.4155433
6733,1709195632.501968,1709195632.5020192
6734,1709195632.6120393,1709195632.6120844
6735,1709195632.7162752,1709195632.7163386
6736,1709195632.8224225,1709195632.8224626
6737,1709195632.9279742,1709195632.9280324
6738,1709195633.0070033,1709195633.0070574
6739,1709195633.105459,1709195633.1055586
6740,1709195633.2005847,1709195633.20069
6741,1709195633.307123,1709195633.3072236
6742,1709195633.4075422,1709195633.4076288
6743,1709195633.5187957,1709195633.5188408
6744,1709195633.6053774,1709195633.6054282
6745,1709195633.7111871,1709195633.7112381
6746,1709195633.8056228,1709195633.8056655
6747,1709195633.9033446,1709195633.9033802
6748,1709195634.015122,1709195634.0151923
6749,1709195634.1083002,1709195634.108338
6750,1709195634.2057526,1709195634.2062445
6751,1709195634.3012764,1709195634.301357
6752,1709195634.40764,1709195634.407754
6753,1709195634.5099406,1709195634.5099938
6754,1709195634.6013618,1709195634.6014135
6755,1709195634.7016704,1709195634.7017124
6756,1709195634.8015635,1709195634.8016305
6757,1709195634.9255464,1709195634.9255865
6758,1709195635.0093443,1709195635.0094156
6759,1709195635.115675,1709195635.1157525
6760,1709195635.215798,1709195635.2158742
6761,1709195635.3168666,1709195635.3169038
6762,1709195635.4193957,1709195635.4194493
6763,1709195635.5141096,1709195635.5141532
6764,1709195635.6205297,1709195635.6205685
6765,1709195635.7079027,1709195635.7079554
6766,1709195635.8111231,1709195635.8111627
6767,1709195635.9094415,1709195635.9094965
6768,1709195636.007045,1709195636.0070848
6769,1709195636.110396,1709195636.1105118
6770,1709195636.202242,1709195636.2023218
6771,1709195636.3116906,1709195636.3117492
6772,1709195636.4039426,1709195636.4039907
6773,1709195636.5051758,1709195636.505248
6774,1709195636.6042469,1709195636.6042829
6775,1709195636.7131753,1709195636.7132123
6776,1709195636.811777,1709195636.811807
6777,1709195636.9043238,1709195636.9043713
6778,1709195637.001652,1709195637.0016937
6779,1709195637.0988152,1709195637.0989094
6780,1709195637.2023177,1709195637.202353
6781,1709195637.3052456,1709195637.3053029
6782,1709195637.3981395,1709195637.3981764
6783,1709195637.5166683,1709195637.5167396
6784,1709195637.601728,1709195637.6017926
6785,1709195637.7169795,1709195637.7170231
6786,1709195637.8087616,1709195637.808823
6787,1709195637.899923,1709195637.8999865
6788,1709195638.0084167,1709195638.0084605
6789,1709195638.101098,1709195638.1011612
6790,1709195638.2110157,1709195638.2110627
6791,1709195638.3082511,1709195638.3083167
6792,1709195638.4088116,1709195638.4088519
6793,1709195638.5064576,1709195638.5064993
6794,1709195638.6104794,1709195638.6105216
6795,1709195638.7084866,1709195638.7085748
6796,1709195638.8077734,1709195638.8078222
6797,1709195638.905045,1709195638.905084
6798,1709195639.0043657,1709195639.0044103
6799,1709195639.0993218,1709195639.0994012
6800,1709195639.2163801,1709195639.2164176
6801,1709195639.3066397,1709195639.3066785
6802,1709195639.4076145,1709195639.407669
6803,1709195639.500379,1709195639.5004387
6804,1709195639.6038926,1709195639.603972
6805,1709195639.7233331,1709195639.7233896
6806,1709195639.8029947,1709195639.8044362
6807,1709195639.9083924,1709195639.9084697
6808,1709195640.0221703,1709195640.022255
6809,1709195640.1219804,1709195640.122068
6810,1709195640.2090316,1709195640.2090793
6811,1709195640.3154278,1709195640.3154786
6812,1709195640.414624,1709195640.4146748
6813,1709195640.5143802,1709195640.5145319
6814,1709195640.6098576,1709195640.6099045
6815,1709195640.7126353,1709195640.7127025
6816,1709195640.8006372,1709195640.8007157
6817,1709195640.8993897,1709195640.899471
6818,1709195641.0057101,1709195641.0057807
6819,1709195641.113097,1709195641.1131394
6820,1709195641.2006674,1709195641.2007113
6821,1709195641.30314,1709195641.303198
6822,1709195641.4202058,1709195641.4204829
6823,1709195641.5031745,1709195641.5032072
6824,1709195641.6035047,1709195641.6035943
6825,1709195641.700247,1709195641.7002773
6826,1709195641.80179,1709195641.8018398
6827,1709195641.908847,1709195641.9089217
6828,1709195642.012604,1709195642.0126493
6829,1709195642.112336,1709195642.1123886
6830,1709195642.2142563,1709195642.2143135
6831,1709195642.3192215,1709195642.3192685
6832,1709195642.421467,1709195642.4215906
6833,1709195642.5131721,1709195642.5132656
6834,1709195642.6083972,1709195642.6084359
6835,1709195642.7155707,1709195642.7156465
6836,1709195642.8084626,1709195642.8084996
6837,1709195642.9144998,1709195642.9145377
6838,1709195642.9974895,1709195642.9975255
6839,1709195643.1086643,1709195643.1087124
6840,1709195643.2226696,1709195643.2227235
6841,1709195643.3079202,1709195643.307967
6842,1709195643.4095483,1709195643.4095953
6843,1709195643.509939,1709195643.5099878
6844,1709195643.6190517,1709195643.619127
6845,1709195643.708102,1709195643.708212
6846,1709195643.8187635,1709195643.818843
6847,1709195643.9092999,1709195643.909357
6848,1709195644.0155268,1709195644.0156112
6849,1709195644.102612,1709195644.1026902
6850,1709195644.2072003,1709195644.207287
6851,1709195644.2999036,1709195644.2999783
6852,1709195644.4053414,1709195644.405462
6853,1709195644.5025368,1709195644.5025823
6854,1709195644.6011086,1709195644.6011446
6855,1709195644.7116907,1709195644.711746
6856,1709195644.8051467,1709195644.8051944
6857,1709195644.9067576,1709195644.9068062
6858,1709195645.0086114,1709195645.0086446
6859,1709195645.109914,1709195645.1099539
6860,1709195645.2215514,1709195645.2216468
6861,1709195645.3036067,1709195645.3036468
6862,1709195645.4189181,1709195645.4189825
6863,1709195645.5080223,1709195645.5081406
6864,1709195645.6057222,1709195645.6057673
6865,1709195645.7157214,1709195645.7157643
6866,1709195645.8043728,1709195645.8044107
6867,1709195645.902248,1709195645.9023252
6868,1709195645.9991791,1709195645.9992182
6869,1709195646.1187217,1709195646.1187978
6870,1709195646.2072132,1709195646.2072542
6871,1709195646.3079686,1709195646.3080337
6872,1709195646.4026413,1709195646.4027064
6873,1709195646.5098786,1709195646.5099223
6874,1709195646.611461,1709195646.6114998
6875,1709195646.6993148,1709195646.699356
6876,1709195646.7979417,1709195646.7979808
6877,1709195646.9092734,1709195646.9093535
6878,1709195647.0245774,1709195647.024645
6879,1709195647.121688,1709195647.1217616
6880,1709195647.2182834,1709195647.21834
6881,1709195647.3095543,1709195647.3096125
6882,1709195647.4094157,1709195647.409465
6883,1709195647.5156682,1709195647.5157516
6884,1709195647.60204,1709195647.602116
6885,1709195647.7119257,1709195647.7119672
6886,1709195647.8048325,1709195647.8048975
6887,1709195647.9128485,1709195647.9129283
6888,1709195648.005215,1709195648.0052824
6889,1709195648.1231594,1709195648.1232066
6890,1709195648.198067,1709195648.19813
6891,1709195648.3069794,1709195648.3070154
6892,1709195648.4094446,1709195648.4095228
6893,1709195648.50694,1709195648.5070028
6894,1709195648.617776,1709195648.6178212
6895,1709195648.7144399,1709195648.7144878
6896,1709195648.7993937,1709195648.7994466
6897,1709195648.90408,1709195648.904117
6898,1709195649.0124063,1709195649.0124667
6899,1709195649.1102777,1709195649.1103148
6900,1709195649.206134,1709195649.206215
6901,1709195649.3053663,1709195649.305425
6902,1709195649.4073582,1709195649.407439
6903,1709195649.502064,1709195649.50216
6904,1709195649.6169913,1709195649.6170304
6905,1709195649.70395,1709195649.7042143
6906,1709195649.8214977,1709195649.8215482
6907,1709195649.905381,1709195649.9054139
6908,1709195650.0201204,1709195650.0201828
6909,1709195650.1022415,1709195650.1022863
6910,1709195650.203874,1709195650.2039146
6911,1709195650.3150673,1709195650.3151033
6912,1709195650.4056787,1709195650.4057782
6913,1709195650.5135312,1709195650.513575
6914,1709195650.6203258,1709195650.6204836
6915,1709195650.7102408,1709195650.710286
6916,1709195650.8092256,1709195650.8092797
6917,1709195650.9177632,1709195650.9178116
6918,1709195651.0146415,1709195651.014718
6919,1709195651.1181014,1709195651.1181688
6920,1709195651.208409,1709195651.2084622
6921,1709195651.3144345,1709195651.3144796
6922,1709195651.4040806,1709195651.4041333
6923,1709195651.4992332,1709195651.4992747
6924,1709195651.6266396,1709195651.6266928
6925,1709195651.6989563,1709195651.6990287
6926,1709195651.7976434,1709195651.7976933
6927,1709195651.9126372,1709195651.9126945
6928,1709195652.0029793,1709195652.003027
6929,1709195652.1157804,1709195652.11583
6930,1709195652.2153063,1709195652.2153459
6931,1709195652.3012514,1709195652.3012846
6932,1709195652.4151132,1709195652.4151602
6933,1709195652.503999,1709195652.504055
6934,1709195652.6113133,1709195652.6113458
6935,1709195652.7027953,1709195652.7028553
6936,1709195652.8208077,1709195652.82085
6937,1709195652.912638,1709195652.912738
6938,1709195653.0040276,1709195653.0040784
6939,1709195653.113193,1709195653.1132333
6940,1709195653.2128494,1709195653.2128837
6941,1709195653.306763,1709195653.3068006
6942,1709195653.4138238,1709195653.413885
6943,1709195653.5062163,1709195653.506263
6944,1709195653.6050608,1709195653.6051047
6945,1709195653.7161877,1709195653.7162688
6946,1709195653.810217,1709195653.8102663
6947,1709195653.9077396,1709195653.9077802
6948,1709195654.012967,1709195654.0130465
6949,1709195654.1118298,1709195654.1118872
6950,1709195654.2068286,1709195654.207154
6951,1709195654.3074682,1709195654.3075042
6952,1709195654.4208667,1709195654.4209678
6953,1709195654.5200698,1709195654.5201743
6954,1709195654.632984,1709195654.6331272
6955,1709195654.7124438,1709195654.712484
6956,1709195654.8160427,1709195654.8161945
6957,1709195654.9011593,1709195654.901211
6958,1709195655.023842,1709195655.0238762
6959,1709195655.1076598,1709195655.1077068
6960,1709195655.206231,1709195655.2062693
6961,1709195655.3074553,1709195655.3074985
6962,1709195655.4157577,1709195655.4158292
6963,1709195655.5116074,1709195655.5116525
6964,1709195655.6063566,1709195655.606411
6965,1709195655.7058563,1709195655.7059014
6966,1709195655.8121831,1709195655.8122456
6967,1709195655.918111,1709195655.9181824
6968,1709195656.006142,1709195656.0062168
6969,1709195656.1093946,1709195656.109822
6970,1709195656.2195616,1709195656.219698
6971,1709195656.303369,1709195656.3034184
6972,1709195656.4067895,1709195656.4068587
6973,1709195656.5023699,1709195656.5024638
6974,1709195656.613961,1709195656.6140373
6975,1709195656.7154691,1709195656.7155485
6976,1709195656.8111172,1709195656.8111825
6977,1709195656.910074,1709195656.9101152
6978,1709195657.0159247,1709195657.015974
6979,1709195657.1159844,1709195657.1159897
6980,1709195657.2141752,1709195657.2141812
6981,1709195657.3101857,1709195657.3101912
6982,1709195657.4057949,1709195657.4058018
6983,1709195657.5004451,1709195657.5004523
6984,1709195657.6007686,1709195657.6007736
6985,1709195657.707974,1709195657.7079797
6986,1709195657.804373,1709195657.80438
6987,1709195657.9093266,1709195657.9093323
6988,1709195658.0069826,1709195658.0069885
6989,1709195658.1066372,1709195658.1066413
6990,1709195658.204013,1709195658.2040195
6991,1709195658.3190675,1709195658.3190749
6992,1709195658.4120026,1709195658.4120083
6993,1709195658.5177255,1709195658.5177326
6994,1709195658.606007,1709195658.6060128
6995,1709195658.7079542,1709195658.7079618
6996,1709195658.8021097,1709195658.802114
6997,1709195658.9089284,1709195658.9089353
6998,1709195659.004592,1709195659.004598
6999,1709195659.103096,1709195659.1031022
7000,1709195659.212935,1709195659.216596
7001,1709195659.3095107,1709195659.3137481
7002,1709195659.4112558,1709195659.4157453
7003,1709195659.4968905,1709195659.5011804
7004,1709195659.6025612,1709195659.6062942
7005,1709195659.7039578,1709195659.7106123
7006,1709195659.8223827,1709195659.827356
7007,1709195659.904136,1709195659.9119825
7008,1709195660.008265,1709195660.0145483
7009,1709195660.1050956,1709195660.1080482
7010,1709195660.2028406,1709195660.2060761
7011,1709195660.3055978,1709195660.3104975
7012,1709195660.3997304,1709195660.4036558
7013,1709195660.497685,1709195660.5011005
7014,1709195660.605617,1709195660.6095448
7015,1709195660.7031224,1709195660.707768
7016,1709195660.8066795,1709195660.8105958
7017,1709195660.9128864,1709195660.9175932
7018,1709195661.0093668,1709195661.0136921
7019,1709195661.0987356,1709195661.1091728
7020,1709195661.205362,1709195661.2124937
7021,1709195661.3012252,1709195661.3049672
7022,1709195661.3999825,1709195661.403689
7023,1709195661.504668,1709195661.5084448
7024,1709195661.6015687,1709195661.6053562
7025,1709195661.7005022,1709195661.7042687
7026,1709195661.801379,1709195661.8051317
7027,1709195661.9032826,1709195661.9068162
7028,1709195662.0009954,1709195662.0090892
7029,1709195662.102411,1709195662.10817
7030,1709195662.20685,1709195662.211738
7031,1709195662.2966464,1709195662.3000326
7032,1709195662.4078202,1709195662.4115639
7033,1709195662.510034,1709195662.5148869
7034,1709195662.6068137,1709195662.611147
7035,1709195662.7019033,1709195662.707312
7036,1709195662.8009813,1709195662.8053815
7037,1709195662.9038553,1709195662.9082139
7038,1709195663.0032763,1709195663.0061855
7039,1709195663.1054301,1709195663.1095362
7040,1709195663.1973555,1709195663.2008545
7041,1709195663.2983532,1709195663.3042274
7042,1709195663.4049604,1709195663.4089837
7043,1709195663.50234,1709195663.5061884
7044,1709195663.60106,1709195663.6050396
7045,1709195663.704075,1709195663.7086124
7046,1709195663.798135,1709195663.8022814
7047,1709195663.9015663,1709195663.9061508
7048,1709195664.0073562,1709195664.0125344
7049,1709195664.1121109,1709195664.1169875
7050,1709195664.1980991,1709195664.2016866
7051,1709195664.3070505,1709195664.3126562
7052,1709195664.4001634,1709195664.4046223
7053,1709195664.4984977,1709195664.5028396
7054,1709195664.6062534,1709195664.6120865
7055,1709195664.7102044,1709195664.7144544
7056,1709195664.8050857,1709195664.8106034
7057,1709195664.8979642,1709195664.9103782
7058,1709195665.0001311,1709195665.0043676
7059,1709195665.1084373,1709195665.1123888
7060,1709195665.2058249,1709195665.2110305
7061,1709195665.2990956,1709195665.304814
7062,1709195665.3987815,1709195665.4031081
7063,1709195665.5001056,1709195665.507673
7064,1709195665.5996215,1709195665.6030526
7065,1709195665.71597,1709195665.720186
7066,1709195665.804959,1709195665.8096218
7067,1709195665.9013267,1709195665.906148
7068,1709195665.9981093,1709195666.0031755
7069,1709195666.1007867,1709195666.1050835
7070,1709195666.2101624,1709195666.2141721
7071,1709195666.3037627,1709195666.3088832
7072,1709195666.4090738,1709195666.413399
7073,1709195666.5067096,1709195666.5109909
7074,1709195666.6044965,1709195666.6089373
7075,1709195666.7061372,1709195666.710891
7076,1709195666.8030443,1709195666.8079329
7077,1709195666.8995407,1709195666.905542
7078,1709195667.008589,1709195667.0158103
7079,1709195667.1109245,1709195667.1149075
7080,1709195667.2102702,1709195667.214296
7081,1709195667.3124182,1709195667.3178473
7082,1709195667.4087605,1709195667.4131155
7083,1709195667.5072665,1709195667.5118425
7084,1709195667.5997028,1709195667.6055195
7085,1709195667.7075596,1709195667.712597
7086,1709195667.808585,1709195667.8122811
7087,1709195667.9157968,1709195667.9202173
7088,1709195668.0228999,1709195668.02681
7089,1709195668.1064756,1709195668.114656
7090,1709195668.212783,1709195668.2183657
7091,1709195668.301141,1709195668.3056524
7092,1709195668.398767,1709195668.402912
7093,1709195668.5035803,1709195668.511916
7094,1709195668.6116862,1709195668.6161158
7095,1709195668.7115335,1709195668.714998
7096,1709195668.8115568,1709195668.8161073
7097,1709195668.9010246,1709195668.9075413
7098,1709195669.0023534,1709195669.0065186
7099,1709195669.1026397,1709195669.1068735
7100,1709195669.2028499,1709195669.2073913
7101,1709195669.300894,1709195669.3078327
7102,1709195669.4033875,1709195669.4082067
7103,1709195669.5079923,1709195669.513023
7104,1709195669.6058443,1709195669.6099339
7105,1709195669.7048929,1709195669.7111788
7106,1709195669.8129413,1709195669.8188076
7107,1709195669.9037204,1709195669.9113548
7108,1709195670.002495,1709195670.0080326
7109,1709195670.1025965,1709195670.1066525
7110,1709195670.1988883,1709195670.2043896
7111,1709195670.3027408,1709195670.3078623
7112,1709195670.3999848,1709195670.4043622
7113,1709195670.505197,1709195670.5107594
7114,1709195670.6165164,1709195670.6207368
7115,1709195670.7103794,1709195670.7145598
7116,1709195670.8019967,1709195670.8048596
7117,1709195670.907955,1709195670.9118733
7118,1709195671.0187597,1709195671.02394
7119,1709195671.110556,1709195671.1148245
7120,1709195671.2094073,1709195671.2136397
7121,1709195671.3063579,1709195671.3103912
7122,1709195671.4061778,1709195671.410791
7123,1709195671.4990814,1709195671.5029275
7124,1709195671.605117,1709195671.6085308
7125,1709195671.7061737,1709195671.711009
7126,1709195671.802266,1709195671.8057792
7127,1709195671.9024606,1709195671.9064717
7128,1709195672.0050666,1709195672.0086083
7129,1709195672.1067014,1709195672.1106637
7130,1709195672.210404,1709195672.2150333
7131,1709195672.3065214,1709195672.3107448
7132,1709195672.4101255,1709195672.4174662
7133,1709195672.500616,1709195672.5045538
7134,1709195672.601673,1709195672.6046655
7135,1709195672.709462,1709195672.7132945
7136,1709195672.8163328,1709195672.8219352
7137,1709195672.9115388,1709195672.9155278
7138,1709195673.0045865,1709195673.0105448
7139,1709195673.1032922,1709195673.1075895
7140,1709195673.2002296,1709195673.2047057
7141,1709195673.3033352,1709195673.3059711
7142,1709195673.410353,1709195673.4134483
7143,1709195673.5068946,1709195673.5106773
7144,1709195673.6149473,1709195673.6201437
7145,1709195673.7050102,1709195673.7081404
7146,1709195673.8061366,1709195673.809726
7147,1709195673.9092839,1709195673.9132493
7148,1709195674.0055673,1709195674.0102797
7149,1709195674.1102064,1709195674.1140387
7150,1709195674.2119074,1709195674.2170773
7151,1709195674.2983801,1709195674.3026643
7152,1709195674.4006948,1709195674.4046838
7153,1709195674.5112143,1709195674.515108
7154,1709195674.6042418,1709195674.6082761
7155,1709195674.7023404,1709195674.7065976
7156,1709195674.8035932,1709195674.8074324
7157,1709195674.9097192,1709195674.913362
7158,1709195675.0015924,1709195675.0088208
7159,1709195675.1002703,1709195675.106578
7160,1709195675.2125537,1709195675.2161775
7161,1709195675.3064702,1709195675.3108535
7162,1709195675.4114964,1709195675.4159615
7163,1709195675.5025856,1709195675.5068552
7164,1709195675.5983126,1709195675.6057138
7165,1709195675.7026362,1709195675.7068167
7166,1709195675.801492,1709195675.8043315
7167,1709195675.9143288,1709195675.9187348
7168,1709195676.0047739,1709195676.008076
7169,1709195676.1023703,1709195676.1081212
7170,1709195676.2029774,1709195676.2069798
7171,1709195676.30422,1709195676.3080053
7172,1709195676.414869,1709195676.4188511
7173,1709195676.5002172,1709195676.504913
7174,1709195676.6112993,1709195676.6157687
7175,1709195676.7082133,1709195676.7123075
7176,1709195676.8068871,1709195676.8118463
7177,1709195676.9072282,1709195676.913906
7178,1709195677.0044909,1709195677.0114963
7179,1709195677.1018307,1709195677.1046238
7180,1709195677.204776,1709195677.2108364
7181,1709195677.3038716,1709195677.3082118
7182,1709195677.4067495,1709195677.4109645
7183,1709195677.5027394,1709195677.5068464
7184,1709195677.6080413,1709195677.6120942
7185,1709195677.70699,1709195677.7129464
7186,1709195677.805554,1709195677.8096538
7187,1709195677.8996007,1709195677.903535
7188,1709195678.0024195,1709195678.0064597
7189,1709195678.1126661,1709195678.1167521
7190,1709195678.2026403,1709195678.2065084
7191,1709195678.3047867,1709195678.3088858
7192,1709195678.402432,1709195678.4079516
7193,1709195678.5100753,1709195678.5152595
7194,1709195678.6117032,1709195678.6235456
7195,1709195678.7092628,1709195678.7214365
7196,1709195678.806324,1709195678.8104482
7197,1709195678.9004827,1709195678.9047596
7198,1709195679.007364,1709195679.011527
7199,1709195679.111059,1709195679.1182775
7200,1709195679.2125793,1709195679.220562
7201,1709195679.3055925,1709195679.3151517
7202,1709195679.4072387,1709195679.4123847
7203,1709195679.512831,1709195679.5198953
7204,1709195679.6138074,1709195679.6206522
7205,1709195679.7114296,1709195679.7204294
7206,1709195679.806974,1709195679.810875
7207,1709195679.907743,1709195679.9108467
7208,1709195680.00658,1709195680.0106506
7209,1709195680.1017,1709195680.1115427
7210,1709195680.2075562,1709195680.2116568
7211,1709195680.3023353,1709195680.307528
7212,1709195680.4016364,1709195680.4061155
7213,1709195680.503032,1709195680.5067084
7214,1709195680.60571,1709195680.6105075
7215,1709195680.696915,1709195680.702071
7216,1709195680.8129227,1709195680.817682
7217,1709195680.901987,1709195680.9064343
7218,1709195681.012184,1709195681.0165575
7219,1709195681.1088874,1709195681.1135209
7220,1709195681.2132058,1709195681.2171314
7221,1709195681.3086586,1709195681.3135223
7222,1709195681.3976133,1709195681.4015846
7223,1709195681.502959,1709195681.5069327
7224,1709195681.606382,1709195681.610673
7225,1709195681.7039402,1709195681.7076232
7226,1709195681.8043106,1709195681.8086061
7227,1709195681.9009225,1709195681.9049582
7228,1709195682.0152965,1709195682.0190442
7229,1709195682.1041098,1709195682.1071813
7230,1709195682.2088668,1709195682.2137418
7231,1709195682.3010907,1709195682.3069952
7232,1709195682.3998704,1709195682.404198
7233,1709195682.5088143,1709195682.5127368
7234,1709195682.6004229,1709195682.6049182
7235,1709195682.7080507,1709195682.7120042
7236,1709195682.8116493,1709195682.8153303
7237,1709195682.9085593,1709195682.9130328
7238,1709195683.0082905,1709195683.0126758
7239,1709195683.1113377,1709195683.114998
7240,1709195683.2118776,1709195683.215968
7241,1709195683.3020592,1709195683.3060634
7242,1709195683.4101546,1709195683.4131544
7243,1709195683.5086575,1709195683.5132601
7244,1709195683.6188622,1709195683.6230164
7245,1709195683.7006702,1709195683.7048457
7246,1709195683.8082511,1709195683.8117626
7247,1709195683.905984,1709195683.9098783
7248,1709195684.0072844,1709195684.0114136
7249,1709195684.1044095,1709195684.1085222
7250,1709195684.21237,1709195684.2164464
7251,1709195684.3059714,1709195684.3103874
7252,1709195684.4040833,1709195684.4081483
7253,1709195684.5110729,1709195684.5147476
7254,1709195684.6133354,1709195684.61697
7255,1709195684.7065892,1709195684.7105136
7256,1709195684.8085322,1709195684.8134716
7257,1709195684.9034896,1709195684.9069917
7258,1709195685.002147,1709195685.0072298
7259,1709195685.1019573,1709195685.1073606
7260,1709195685.210641,1709195685.2139342
7261,1709195685.302245,1709195685.3052382
7262,1709195685.4018135,1709195685.4091084
7263,1709195685.50343,1709195685.5070646
7264,1709195685.6038873,1709195685.6080275
7265,1709195685.7005587,1709195685.7064478
7266,1709195685.8072271,1709195685.8111043
7267,1709195685.9110627,1709195685.9147272
7268,1709195686.0131946,1709195686.01605
7269,1709195686.1113892,1709195686.1154833
7270,1709195686.2058399,1709195686.210111
7271,1709195686.299541,1709195686.3034065
7272,1709195686.399335,1709195686.4040039
7273,1709195686.4992583,1709195686.5034032
7274,1709195686.6024668,1709195686.608042
7275,1709195686.7082124,1709195686.7118766
7276,1709195686.8096688,1709195686.8137267
7277,1709195686.8991556,1709195686.9029968
7278,1709195687.0110002,1709195687.0147414
7279,1709195687.1037261,1709195687.1076026
7280,1709195687.2080734,1709195687.2115607
7281,1709195687.3056412,1709195687.3102343
7282,1709195687.4011197,1709195687.405996
7283,1709195687.5156195,1709195687.519546
7284,1709195687.6049864,1709195687.609103
7285,1709195687.7076242,1709195687.712029
7286,1709195687.8095946,1709195687.8145325
7287,1709195687.9064214,1709195687.9101546
7288,1709195688.002032,1709195688.0063741
7289,1709195688.109108,1709195688.1130219
7290,1709195688.2159903,1709195688.220239
7291,1709195688.3133671,1709195688.3183618
7292,1709195688.4155667,1709195688.4195933
7293,1709195688.50734,1709195688.5106554
7294,1709195688.6138723,1709195688.6180627
7295,1709195688.7101696,1709195688.7147026
7296,1709195688.8028748,1709195688.8084357
7297,1709195688.9002435,1709195688.9034376
7298,1709195688.9992964,1709195689.006203
7299,1709195689.1075134,1709195689.1151047
7300,1709195689.2083783,1709195689.21234
7301,1709195689.3044262,1709195689.3102562
7302,1709195689.401322,1709195689.4048028
7303,1709195689.5030444,1709195689.5074613
7304,1709195689.6138604,1709195689.618466
7305,1709195689.7040918,1709195689.7082376
7306,1709195689.8081994,1709195689.8127465
7307,1709195689.9084663,1709195689.9127605
7308,1709195689.9992774,1709195690.0037265
7309,1709195690.1179411,1709195690.1217859
7310,1709195690.20717,1709195690.2123384
7311,1709195690.311162,1709195690.315538
7312,1709195690.4072833,1709195690.4110937
7313,1709195690.510317,1709195690.5144908
7314,1709195690.604528,1709195690.608729
7315,1709195690.7079294,1709195690.7114363
7316,1709195690.8084147,1709195690.8123727
7317,1709195690.914486,1709195690.91898
7318,1709195691.0050209,1709195691.0091372
7319,1709195691.108043,1709195691.1140175
7320,1709195691.210755,1709195691.214266
7321,1709195691.3087022,1709195691.312581
7322,1709195691.4085221,1709195691.4124224
7323,1709195691.5006843,1709195691.5044389
7324,1709195691.6020422,1709195691.6060257
7325,1709195691.6977532,1709195691.7021992
7326,1709195691.802003,1709195691.805902
7327,1709195691.9042475,1709195691.9084442
7328,1709195692.0000827,1709195692.0035465
7329,1709195692.0980723,1709195692.103173
7330,1709195692.2088737,1709195692.2132406
7331,1709195692.3096037,1709195692.3096092
7332,1709195692.4110854,1709195692.4110956
7333,1709195692.5021589,1709195692.5021636
7334,1709195692.6028974,1709195692.602902
7335,1709195692.7147908,1709195692.7147965
7336,1709195692.8048172,1709195692.8048234
7337,1709195692.913765,1709195692.9137695
7338,1709195693.010636,1709195693.0106428
7339,1709195693.105071,1709195693.1050754
7340,1709195693.2069314,1709195693.2069364
7341,1709195693.3030615,1709195693.3030684
7342,1709195693.40334,1709195693.4033446
7343,1709195693.5036592,1709195693.5036645
7344,1709195693.609601,1709195693.6096056
7345,1709195693.7066352,1709195693.7066405
7346,1709195693.8125863,1709195693.8125944
7347,1709195693.898154,1709195693.8981574
7348,1709195694.0070903,1709195694.0070958
7349,1709195694.0996451,1709195694.09965
7350,1709195694.2035027,1709195694.2035084
7351,1709195694.3065093,1709195694.3065152
7352,1709195694.4085443,1709195694.4085486
7353,1709195694.510067,1709195694.5100722
7354,1709195694.608788,1709195694.6087928
7355,1709195694.7021782,1709195694.702184
7356,1709195694.799643,1709195694.7996492
7357,1709195694.9012103,1709195694.901216
7358,1709195695.0061617,1709195695.006166
7359,1709195695.0994282,1709195695.099433
7360,1709195695.201969,1709195695.2019742
7361,1709195695.30992,1709195695.3099287
7362,1709195695.4220934,1709195695.422099
7363,1709195695.4974113,1709195695.4974167
7364,1709195695.6057014,1709195695.6057065
7365,1709195695.7076197,1709195695.7076256
7366,1709195695.803639,1709195695.8036437
7367,1709195695.9027965,1709195695.902805
7368,1709195696.003207,1709195696.003212
7369,1709195696.1040578,1709195696.1040616
7370,1709195696.2066627,1709195696.2066686
7371,1709195696.3117602,1709195696.3117654
7372,1709195696.3993983,1709195696.3994033
7373,1709195696.517616,1709195696.5176215
7374,1709195696.6065545,1709195696.6065612
7375,1709195696.708628,1709195696.7086341
7376,1709195696.8125305,1709195696.812535
7377,1709195696.9059775,1709195696.905983
7378,1709195697.0104785,1709195697.010482
7379,1709195697.1067994,1709195697.1068044
7380,1709195697.209005,1709195697.20901
7381,1709195697.30693,1709195697.3069363
7382,1709195697.401825,1709195697.4018302
7383,1709195697.500278,1709195697.5002835
7384,1709195697.6045194,1709195697.6045241
7385,1709195697.7087522,1709195697.7087586
7386,1709195697.805285,1709195697.8052897
7387,1709195697.90189,1709195697.901896
7388,1709195698.0013947,1709195698.0013995
7389,1709195698.1093032,1709195698.1093097
7390,1709195698.209836,1709195698.209842
7391,1709195698.307621,1709195698.3076258
7392,1709195698.4002697,1709195698.4002748
7393,1709195698.5041893,1709195698.504196
7394,1709195698.6017175,1709195698.6017253
7395,1709195698.7006154,1709195698.7006195
7396,1709195698.8095737,1709195698.8095784
7397,1709195698.9123394,1709195698.9123452
7398,1709195699.0020401,1709195699.0020456
7399,1709195699.1015809,1709195699.1015875
7400,1709195699.2031045,1709195699.2031097
7401,1709195699.3119497,1709195699.311955
7402,1709195699.4043527,1709195699.4043584
7403,1709195699.507651,1709195699.507657
7404,1709195699.6035998,1709195699.6036057
7405,1709195699.7015429,1709195699.7015493
7406,1709195699.809588,1709195699.8095949
7407,1709195699.9069088,1709195699.9069135
7408,1709195700.003847,1709195700.0038514
7409,1709195700.1039538,1709195700.1039586
7410,1709195700.2139053,1709195700.2139108
7411,1709195700.3084111,1709195700.3084178
7412,1709195700.4133658,1709195700.4133718
7413,1709195700.4992535,1709195700.4992585
7414,1709195700.5993907,1709195700.5993958
7415,1709195700.7055478,1709195700.7055528
7416,1709195700.8120868,1709195700.812092
7417,1709195700.906115,1709195700.906121
7418,1709195701.0001879,1709195701.0001924
7419,1709195701.1087096,1709195701.108715
7420,1709195701.2043426,1709195701.2043476
7421,1709195701.3087792,1709195701.3087864
7422,1709195701.4090056,1709195701.4090123
7423,1709195701.5106347,1709195701.5106394
7424,1709195701.6054914,1709195701.6054957
7425,1709195701.703102,1709195701.7031076
7426,1709195701.798719,1709195701.7987244
7427,1709195701.9002845,1709195701.9002907
7428,1709195702.0115075,1709195702.011512
7429,1709195702.1054006,1709195702.1054068
7430,1709195702.2033682,1709195702.2033727
7431,1709195702.3123548,1709195702.3123605
7432,1709195702.4108117,1709195702.410817
7433,1709195702.516968,1709195702.5169733
7434,1709195702.6086373,1709195702.608642
7435,1709195702.706564,1709195702.70657
7436,1709195702.804446,1709195702.8044522
7437,1709195702.9064944,1709195702.9064996
7438,1709195703.0101032,1709195703.0101085
7439,1709195703.1021085,1709195703.1021142
7440,1709195703.2087615,1709195703.208768
7441,1709195703.669336,1709195703.6736794
7442,1709195703.682901,1709195703.6886423
7443,1709195703.709762,1709195703.7135978
7444,1709195703.806566,1709195703.809681
7445,1709195703.9069135,1709195703.910924
7446,1709195704.012098,1709195704.0151432
7447,1709195704.1106107,1709195704.1140692
7448,1709195704.216348,1709195704.2236145
7449,1709195704.3137295,1709195704.3167224
7450,1709195704.4092665,1709195704.4144857
7451,1709195704.507397,1709195704.5112283
7452,1709195704.6056316,1709195704.6144934
7453,1709195704.7049813,1709195704.713533
7454,1709195704.803895,1709195704.8103447
7455,1709195704.9004536,1709195704.9099045
7456,1709195705.0083225,1709195705.0118575
7457,1709195705.111733,1709195705.1151288
7458,1709195705.2165437,1709195705.220246
7459,1709195705.3121243,1709195705.3156419
7460,1709195705.3999746,1709195705.404184
7461,1709195705.507638,1709195705.5112708
7462,1709195705.611168,1709195705.615018
7463,1709195705.7059186,1709195705.70936
7464,1709195705.7972322,1709195705.8020205
7465,1709195705.9147136,1709195705.9185855
7466,1709195706.0012274,1709195706.004888
7467,1709195706.1058004,1709195706.1093953
7468,1709195706.2014513,1709195706.2059836
7469,1709195706.3022563,1709195706.3059108
7470,1709195706.4086998,1709195706.412596
7471,1709195706.5000343,1709195706.5038633
7472,1709195706.6056268,1709195706.6093094
7473,1709195706.7075894,1709195706.7113624
7474,1709195706.8051054,1709195706.8093474
7475,1709195706.9147575,1709195706.9195387
7476,1709195707.010845,1709195707.0157535
7477,1709195707.1156425,1709195707.1194313
7478,1709195707.2106478,1709195707.2151887
7479,1709195707.30452,1709195707.3081841
7480,1709195707.413125,1709195707.4203517
7481,1709195707.5010896,1709195707.5050576
7482,1709195707.6065702,1709195707.6102092
7483,1709195707.6982002,1709195707.701796
7484,1709195707.8036022,1709195707.8080473
7485,1709195707.9042888,1709195707.907585
7486,1709195708.0032806,1709195708.007013
7487,1709195708.0978546,1709195708.101228
7488,1709195708.1976502,1709195708.2012534
7489,1709195708.3129845,1709195708.3164103
7490,1709195708.409151,1709195708.4129012
7491,1709195708.51169,1709195708.5155222
7492,1709195708.5995975,1709195708.605492
7493,1709195708.7064328,1709195708.7134786
7494,1709195708.8041906,1709195708.8079362
7495,1709195708.8974319,1709195708.9002452
7496,1709195709.0103364,1709195709.016295
7497,1709195709.1087985,1709195709.111779
7498,1709195709.2046008,1709195709.2089288
7499,1709195709.3035543,1709195709.3073173
7500,1709195709.4134421,1709195709.417113
7501,1709195709.502906,1709195709.506965
7502,1709195709.605545,1709195709.6116235
7503,1709195709.706467,1709195709.7110438
7504,1709195709.8031132,1709195709.8087635
7505,1709195709.900567,1709195709.9052622
7506,1709195710.0037498,1709195710.008233
7507,1709195710.100322,1709195710.1039631
7508,1709195710.2030685,1709195710.206615
7509,1709195710.3008847,1709195710.3046389
7510,1709195710.4031398,1709195710.4072735
7511,1709195710.498964,1709195710.5025253
7512,1709195710.6089597,1709195710.6131582
7513,1709195710.704223,1709195710.709694
7514,1709195710.8108284,1709195710.8147838
7515,1709195710.9048398,1709195710.90983
7516,1709195711.010505,1709195711.014487
7517,1709195711.1071808,1709195711.1117098
7518,1709195711.2045343,1709195711.2086978
7519,1709195711.2982621,1709195711.3024979
7520,1709195711.40993,1709195711.4144878
7521,1709195711.5026765,1709195711.5062473
7522,1709195711.6093867,1709195711.6127129
7523,1709195711.705202,1709195711.7087505
7524,1709195711.8140795,1709195711.8177147
7525,1709195711.913967,1709195711.9179614
7526,1709195712.0101495,1709195712.0139256
7527,1709195712.1079524,1709195712.1115372
7528,1709195712.2012298,1709195712.2084723
7529,1709195712.2997081,1709195712.3043618
7530,1709195712.4086154,1709195712.4114335
7531,1709195712.5055084,1709195712.5099132
7532,1709195712.6049378,1709195712.608977
7533,1709195712.705143,1709195712.7091448
7534,1709195712.7984965,1709195712.802362
7535,1709195712.903519,1709195712.9083393
7536,1709195713.0093422,1709195713.0149822
7537,1709195713.1069324,1709195713.110686
7538,1709195713.2116358,1709195713.2156982
7539,1709195713.3046608,1709195713.3086648
7540,1709195713.4035323,1709195713.4075737
7541,1709195713.5115244,1709195713.518011
7542,1709195713.6053238,1709195713.610302
7543,1709195713.7022638,1709195713.706046
7544,1709195713.7992122,1709195713.8030126
7545,1709195713.909541,1709195713.9174209
7546,1709195714.0072887,1709195714.0126483
7547,1709195714.1164875,1709195714.1202736
7548,1709195714.2025037,1709195714.2069824
7549,1709195714.3029745,1709195714.3068047
7550,1709195714.4067237,1709195714.4101324
7551,1709195714.5062492,1709195714.5104322
7552,1709195714.6022878,1709195714.6057267
7553,1709195714.6983836,1709195714.7025523
7554,1709195714.815311,1709195714.8186014
7555,1709195714.9073048,1709195714.9110887
7556,1709195715.0097618,1709195715.0151367
7557,1709195715.1087384,1709195715.115204
7558,1709195715.2151794,1709195715.2189522
7559,1709195715.3068168,1709195715.3105326
7560,1709195715.4046185,1709195715.4078894
7561,1709195715.511008,1709195715.5166898
7562,1709195715.6095028,1709195715.6140249
7563,1709195715.7083,1709195715.715161
7564,1709195715.815339,1709195715.8188348
7565,1709195715.9027297,1709195715.90696
7566,1709195716.0031075,1709195716.0069792
7567,1709195716.1012716,1709195716.1048539
7568,1709195716.2021773,1709195716.2058945
7569,1709195716.3121896,1709195716.3167026
7570,1709195716.402796,1709195716.4063587
7571,1709195716.50296,1709195716.5067804
7572,1709195716.607705,1709195716.611042
7573,1709195716.7036312,1709195716.7102013
7574,1709195716.801534,1709195716.805643
7575,1709195716.8975945,1709195716.9011397
7576,1709195717.0029094,1709195717.0059023
7577,1709195717.102245,1709195717.105386
7578,1709195717.2027228,1709195717.20687
7579,1709195717.3087323,1709195717.312919
7580,1709195717.4127617,1709195717.41682
7581,1709195717.5024476,1709195717.5067306
7582,1709195717.6061676,1709195717.6130557
7583,1709195717.70771,1709195717.7114534
7584,1709195717.8018682,1709195717.8066952
7585,1709195717.9003437,1709195717.9039104
7586,1709195718.010916,1709195718.0148404
7587,1709195718.1007564,1709195718.103287
7588,1709195718.211003,1709195718.2145927
7589,1709195718.3147507,1709195718.3184931
7590,1709195718.403557,1709195718.407177
7591,1709195718.511409,1709195718.516421
7592,1709195718.6134055,1709195718.61739
7593,1709195718.7076173,1709195718.7117429
7594,1709195718.8151813,1709195718.8189552
7595,1709195718.9014757,1709195718.9059012
7596,1709195719.008182,1709195719.013872
7597,1709195719.101985,1709195719.1059718
7598,1709195719.2056408,1709195719.2116623
7599,1709195719.306017,1709195719.3094301
7600,1709195719.41054,1709195719.4136288
7601,1709195719.509623,1709195719.513459
7602,1709195719.610827,1709195719.6154876
7603,1709195719.708727,1709195719.7120886
7604,1709195719.8138504,1709195719.817412
7605,1709195719.9025185,1709195719.9068995
7606,1709195720.0059404,1709195720.00942
7607,1709195720.1091166,1709195720.113084
7608,1709195720.2052815,1709195720.2095532
7609,1709195720.301054,1709195720.304062
7610,1709195720.4115582,1709195720.415957
7611,1709195720.5137787,1709195720.5190184
7612,1709195720.6134534,1709195720.6185632
7613,1709195720.703157,1709195720.7088432
7614,1709195720.807961,1709195720.8134887
7615,1709195720.905101,1709195720.907848
7616,1709195721.004408,1709195721.0084867
7617,1709195721.1127121,1709195721.1186032
7618,1709195721.2043526,1709195721.2080753
7619,1709195721.3028786,1709195721.3077936
7620,1709195721.4034326,1709195721.408209
7621,1709195721.5017004,1709195721.505257
7622,1709195721.6103764,1709195721.6142554
7623,1709195721.709625,1709195721.7152994
7624,1709195721.8064375,1709195721.810182
7625,1709195721.9018312,1709195721.9057887
7626,1709195722.006169,1709195722.0102248
7627,1709195722.1088781,1709195722.1130922
7628,1709195722.2085571,1709195722.212049
7629,1709195722.3026094,1709195722.3070352
7630,1709195722.415255,1709195722.4191024
7631,1709195722.5053403,1709195722.509139
7632,1709195722.6035125,1709195722.607564
7633,1709195722.7086477,1709195722.7128952
7634,1709195722.804384,1709195722.8082557
7635,1709195722.9051926,1709195722.909493
7636,1709195723.0012872,1709195723.0054178
7637,1709195723.1074884,1709195723.1119611
7638,1709195723.2026148,1709195723.2076862
7639,1709195723.300576,1709195723.3048325
7640,1709195723.4025953,1709195723.406261
7641,1709195723.5082314,1709195723.5111613
7642,1709195723.613098,1709195723.6168885
7643,1709195723.7023008,1709195723.7062273
7644,1709195723.7993383,1709195723.8041189
7645,1709195723.90709,1709195723.9112499
7646,1709195724.007531,1709195724.0116198
7647,1709195724.0994923,1709195724.105091
7648,1709195724.205533,1709195724.2102919
7649,1709195724.299656,1709195724.3032272
7650,1709195724.4037488,1709195724.4072633
7651,1709195724.505481,1709195724.5096126
7652,1709195724.6069908,1709195724.6109986
7653,1709195724.7059193,1709195724.7095401
7654,1709195724.8033109,1709195724.8066432
7655,1709195724.9100127,1709195724.9134533
7656,1709195725.001653,1709195725.005182
7657,1709195725.1077764,1709195725.1121635
7658,1709195725.2021015,1709195725.2047837
7659,1709195725.3095074,1709195725.3133984
7660,1709195725.4024203,1709195725.4060752
7661,1709195725.5162935,1709195725.5189526
7662,1709195725.5999203,1709195725.604531
7663,1709195725.7049792,1709195725.7089252
7664,1709195725.805356,1709195725.8093612
7665,1709195725.8982232,1709195725.9019628
7666,1709195726.0163486,1709195726.0201793
7667,1709195726.1112268,1709195726.1145475
7668,1709195726.2077482,1709195726.211543
7669,1709195726.3113952,1709195726.3180053
7670,1709195726.400065,1709195726.4042783
7671,1709195726.5025606,1709195726.5070362
7672,1709195726.6001437,1709195726.6047685
7673,1709195726.6975813,1709195726.703609
7674,1709195726.8193362,1709195726.8237762
7675,1709195726.9223838,1709195726.925573
7676,1709195727.0186849,1709195727.0224347
7677,1709195727.1063645,1709195727.1099243
7678,1709195727.2085655,1709195727.212077
7679,1709195727.298926,1709195727.303609
7680,1709195727.4017413,1709195727.4066434
7681,1709195727.5083733,1709195727.5083766
7682,1709195727.6026225,1709195727.6026292
7683,1709195727.6979153,1709195727.6979203
7684,1709195727.8094573,1709195727.8094606
7685,1709195727.9026678,1709195727.9026732
7686,1709195728.0094101,1709195728.0094151
7687,1709195728.106061,1709195728.1060703
7688,1709195728.2089074,1709195728.2089126
7689,1709195728.3166053,1709195728.3166099
7690,1709195728.4085886,1709195728.4085915
7691,1709195728.498066,1709195728.4980726
7692,1709195728.6170776,1709195728.6170833
7693,1709195728.698499,1709195728.698505
7694,1709195728.8063264,1709195728.806332
7695,1709195728.9016056,1709195728.9016144
7696,1709195729.008415,1709195729.0084193
7697,1709195729.114557,1709195729.1145635
7698,1709195729.2100608,1709195729.2100663
7699,1709195729.318545,1709195729.3185506
7700,1709195729.408746,1709195729.4087517
7701,1709195729.5088718,1709195729.5088768
7702,1709195729.6148086,1709195729.614815
7703,1709195729.7144644,1709195729.71447
7704,1709195729.80867,1709195729.8087573
7705,1709195729.9038372,1709195729.903888
7706,1709195730.001057,1709195730.0010927
7707,1709195730.1005845,1709195730.100628
7708,1709195730.203024,1709195730.2031024
7709,1709195730.2981281,1709195730.2981842
7710,1709195730.4029374,1709195730.4030232
7711,1709195730.5007951,1709195730.5008473
7712,1709195730.6076922,1709195730.6077578
7713,1709195730.6984932,1709195730.698564
7714,1709195730.8038049,1709195730.8038495
7715,1709195730.9058745,1709195730.905948
7716,1709195731.0016444,1709195731.0016868
7717,1709195731.102485,1709195731.1025639
7718,1709195731.2112145,1709195731.2112594
7719,1709195731.3049576,1709195731.3050296
7720,1709195731.4070497,1709195731.4070978
7721,1709195731.5010974,1709195731.501165
7722,1709195731.6021538,1709195731.602452
7723,1709195731.7052948,1709195731.705334
7724,1709195731.8110428,1709195731.81108
7725,1709195731.9004383,1709195731.9004776
7726,1709195732.001823,1709195732.0018966
7727,1709195732.1047657,1709195732.1048532
7728,1709195732.204561,1709195732.204639
7729,1709195732.3078523,1709195732.3079293
7730,1709195732.4080806,1709195732.4081516
7731,1709195732.5011737,1709195732.5012155
7732,1709195732.6114812,1709195732.6115992
7733,1709195732.7076633,1709195732.7077136
7734,1709195732.8027327,1709195732.8027778
7735,1709195732.897952,1709195732.8980072
7736,1709195733.0023782,1709195733.0024164
7737,1709195733.0997572,1709195733.09981
7738,1709195733.2060215,1709195733.2060616
7739,1709195733.3047717,1709195733.3048427
7740,1709195733.3975236,1709195733.3975573
7741,1709195733.5036824,1709195733.5037284
7742,1709195733.6043236,1709195733.604362
7743,1709195733.702379,1709195733.7024121
7744,1709195733.806202,1709195733.8062491
7745,1709195733.9006326,1709195733.900678
7746,1709195734.002265,1709195734.0023224
7747,1709195734.111216,1709195734.1112514
7748,1709195734.2069347,1709195734.2069685
7749,1709195734.3037474,1709195734.303801
7750,1709195734.4046998,1709195734.4047563
7751,1709195734.5019462,1709195734.5021176
7752,1709195734.6013987,1709195734.6014462
7753,1709195734.7026122,1709195734.7026763
7754,1709195734.805187,1709195734.805233
7755,1709195734.9058778,1709195734.9059525
7756,1709195735.0019324,1709195735.0020201
7757,1709195735.107309,1709195735.1074488
7758,1709195735.203768,1709195735.2038577
7759,1709195735.3027694,1709195735.3028185
7760,1709195735.4124022,1709195735.412445
7761,1709195735.5035694,1709195735.5036442
7762,1709195735.6016765,1709195735.6018727
7763,1709195735.7095685,1709195735.709644
7764,1709195735.806533,1709195735.806606
7765,1709195735.9096808,1709195735.9097245
7766,1709195736.0110688,1709195736.0111203
7767,1709195736.1069467,1709195736.1070113
7768,1709195736.2068975,1709195736.2069411
7769,1709195736.3070536,1709195736.3071277
7770,1709195736.4084888,1709195736.4086483
7771,1709195736.5057607,1709195736.5058544
7772,1709195736.6101618,1709195736.6102023
7773,1709195736.710686,1709195736.7107182
7774,1709195736.8104653,1709195736.810561
7775,1709195736.9068296,1709195736.9068775
7776,1709195737.0051332,1709195737.0056272
7777,1709195737.1077614,1709195737.1078432
7778,1709195737.2116592,1709195737.2117012
7779,1709195737.3108757,1709195737.3109512
7780,1709195737.4041092,1709195737.4041495
7781,1709195737.5052655,1709195737.5064235
7782,1709195737.6042824,1709195737.6043253
7783,1709195737.7146475,1709195737.7146542
7784,1709195737.8049362,1709195737.8049421
7785,1709195737.9082873,1709195737.9082937
7786,1709195738.0090246,1709195738.0090303
7787,1709195738.1012857,1709195738.1012914
7788,1709195738.2018545,1709195738.2018619
7789,1709195738.3109615,1709195738.3109667
7790,1709195738.4018714,1709195738.4018774
7791,1709195738.5021498,1709195738.5021567
7792,1709195738.604487,1709195738.604493
7793,1709195738.707201,1709195738.7072065
7794,1709195738.7991884,1709195738.7991939
7795,1709195738.903875,1709195738.9038804
7796,1709195739.0025458,1709195739.0025513
7797,1709195739.1077492,1709195739.1077545
7798,1709195739.1982558,1709195739.1982622
7799,1709195739.2982507,1709195739.2982566
7800,1709195739.4022055,1709195739.4022138
7801,1709195739.5087354,1709195739.508742
7802,1709195739.6045928,1709195739.604597
7803,1709195739.7082431,1709195739.7082493
7804,1709195739.8038714,1709195739.8075807
7805,1709195739.9030187,1709195739.906793
7806,1709195740.0155258,1709195740.0189962
7807,1709195740.113542,1709195740.117603
7808,1709195740.2023275,1709195740.2069669
7809,1709195740.3044162,1709195740.3090243
7810,1709195740.406966,1709195740.4142497
7811,1709195740.5094135,1709195740.5146787
7812,1709195740.6052873,1709195740.6104724
7813,1709195740.6983833,1709195740.7039335
7814,1709195740.8264873,1709195740.8312912
7815,1709195740.9025245,1709195740.907379
7816,1709195741.0094712,1709195741.0156653
7817,1709195741.102515,1709195741.1068225
7818,1709195741.2071009,1709195741.214371
7819,1709195741.3027775,1709195741.3066373
7820,1709195741.4054976,1709195741.4093623
7821,1709195741.5028431,1709195741.5078824
7822,1709195741.6017618,1709195741.6071854
7823,1709195741.7092185,1709195741.7133484
7824,1709195741.8061264,1709195741.8102236
7825,1709195741.9052565,1709195741.9091232
7826,1709195742.0003498,1709195742.0042076
7827,1709195742.1008978,1709195742.104734
7828,1709195742.2096665,1709195742.2127306
7829,1709195742.3044004,1709195742.3078275
7830,1709195742.4089777,1709195742.4130583
7831,1709195742.5009341,1709195742.5054295
7832,1709195742.6005783,1709195742.6060898
7833,1709195742.7054844,1709195742.709326
7834,1709195742.7993624,1709195742.7993677
7835,1709195742.9021153,1709195742.9021215
7836,1709195742.9999695,1709195742.9999747
7837,1709195743.1130307,1709195743.1130366
7838,1709195743.204469,1709195743.204475
7839,1709195743.3121338,1709195743.312139
7840,1709195743.3995001,1709195743.3995056
7841,1709195743.507313,1709195743.5073206
7842,1709195743.6081853,1709195743.6081905
7843,1709195743.7090836,1709195743.7090888
7844,1709195743.806733,1709195743.8067372
7845,1709195743.905691,1709195743.905731
7846,1709195744.0083668,1709195744.0083733
7847,1709195744.1090899,1709195744.1090968
7848,1709195744.1989176,1709195744.198923
7849,1709195744.3035996,1709195744.3036067
7850,1709195744.3972828,1709195744.3972878
7851,1709195744.50788,1709195744.5078852
7852,1709195744.6011088,1709195744.6011152
7853,1709195744.7051058,1709195744.7051108
7854,1709195744.8010285,1709195744.8010333
7855,1709195744.9006748,1709195744.9006798
7856,1709195745.0061886,1709195745.0061939
7857,1709195745.102986,1709195745.1029913
7858,1709195745.2056644,1709195745.2056704
7859,1709195745.3100793,1709195745.3100843
7860,1709195745.401432,1709195745.4014373
7861,1709195745.4990535,1709195745.4990602
7862,1709195745.6041615,1709195745.604166
7863,1709195745.7078652,1709195745.7078726
7864,1709195745.809385,1709195745.8093908
7865,1709195745.9061391,1709195745.9061441
7866,1709195746.0046716,1709195746.0046775
7867,1709195746.1021054,1709195746.1021113
7868,1709195746.2031674,1709195746.203173
7869,1709195746.3047671,1709195746.3047729
7870,1709195746.4061522,1709195746.406158
7871,1709195746.4990425,1709195746.4990485
7872,1709195746.6004686,1709195746.6004744
7873,1709195746.7035413,1709195746.7035463
7874,1709195746.801634,1709195746.801639
7875,1709195746.9027297,1709195746.9027345
7876,1709195746.9992516,1709195746.9992573
7877,1709195747.102652,1709195747.1026573
7878,1709195747.1999037,1709195747.1999114
7879,1709195747.303317,1709195747.303322
7880,1709195747.4004877,1709195747.4004934
7881,1709195747.5022824,1709195747.502289
7882,1709195747.6014664,1709195747.601471
7883,1709195747.7020938,1709195747.7021012
7884,1709195747.806918,1709195747.8069253
7885,1709195747.898883,1709195747.8988886
7886,1709195748.0127964,1709195748.0128024
7887,1709195748.1041868,1709195748.104193
7888,1709195748.2023084,1709195748.2023175
7889,1709195748.3046432,1709195748.3046484
7890,1709195748.4028277,1709195748.402834
7891,1709195748.500848,1709195748.5008543
7892,1709195748.6110604,1709195748.6110673
7893,1709195748.7045739,1709195748.7045772
7894,1709195748.8102925,1709195748.8102984
7895,1709195748.904879,1709195748.904887
7896,1709195749.0022626,1709195749.0022693
7897,1709195749.1151857,1709195749.1151905
7898,1709195749.2025368,1709195749.202541
7899,1709195749.3048005,1709195749.3048055
7900,1709195749.4055424,1709195749.4055479
7901,1709195749.509111,1709195749.5091157
7902,1709195749.606846,1709195749.606851
7903,1709195749.70569,1709195749.7056944
7904,1709195749.8007636,1709195749.8007689
7905,1709195749.902996,1709195749.903001
7906,1709195749.9990892,1709195749.9990938
7907,1709195750.0984738,1709195750.0984786
7908,1709195750.204273,1709195750.2042801
7909,1709195750.3053246,1709195750.3053288
7910,1709195750.4026895,1709195750.402696
7911,1709195750.570979,1709195750.5709846
7912,1709195750.6072285,1709195750.6072335
7913,1709195750.7044125,1709195750.7044184
7914,1709195750.810038,1709195750.8100436
7915,1709195750.9065795,1709195750.9065843
7916,1709195751.0059817,1709195751.0059862
7917,1709195751.1043627,1709195751.1043687
7918,1709195751.2027361,1709195751.2027397
7919,1709195751.3060215,1709195751.306033
7920,1709195751.4006817,1709195751.4006882
7921,1709195751.5098374,1709195751.5098438
7922,1709195751.600591,1709195751.600596
7923,1709195751.701304,1709195751.7013097
7924,1709195751.8094661,1709195751.8094723
7925,1709195751.9070718,1709195751.9070754
7926,1709195752.0007105,1709195752.0007155
7927,1709195752.110534,1709195752.1105382
7928,1709195752.199566,1709195752.1995711
7929,1709195752.3088646,1709195752.3088703
7930,1709195752.4027414,1709195752.4027472
7931,1709195752.5012443,1709195752.5012493
7932,1709195752.607774,1709195752.607779
7933,1709195752.7021923,1709195752.7021985
7934,1709195752.8003163,1709195752.8003213
7935,1709195752.9068098,1709195752.9068146
7936,1709195753.004388,1709195753.0043938
7937,1709195753.1113067,1709195753.111313
7938,1709195753.2004733,1709195753.200479
7939,1709195753.3037949,1709195753.3038003
7940,1709195753.407311,1709195753.4073198
7941,1709195753.5053577,1709195753.5053635
7942,1709195753.6004972,1709195753.600502
7943,1709195753.6993783,1709195753.6993833
7944,1709195753.8064713,1709195753.8064764
7945,1709195753.9029353,1709195753.9029405
7946,1709195754.0022242,1709195754.00223
7947,1709195754.1018338,1709195754.1018376
7948,1709195754.2064788,1709195754.2064843
7949,1709195754.30228,1709195754.3022861
7950,1709195754.3980975,1709195754.3981037
7951,1709195754.5006337,1709195754.5006385
7952,1709195754.5970788,1709195754.5970845
7953,1709195754.6982372,1709195754.6982434
7954,1709195754.7997131,1709195754.799718
7955,1709195754.9009392,1709195754.9009447
7956,1709195755.007753,1709195755.0077596
7957,1709195755.1072016,1709195755.1072106
7958,1709195755.209621,1709195755.2096274
7959,1709195755.3060095,1709195755.3060162
7960,1709195755.3979564,1709195755.397962
7961,1709195755.5058765,1709195755.5058813
7962,1709195755.601611,1709195755.6016195
7963,1709195755.7086878,1709195755.708693
7964,1709195755.7993274,1709195755.7993338
7965,1709195755.9038737,1709195755.90388
7966,1709195756.0093286,1709195756.0093343
7967,1709195756.1067986,1709195756.106804
7968,1709195756.2097838,1709195756.2097886
7969,1709195756.3071082,1709195756.3071134
7970,1709195756.4067266,1709195756.406732
7971,1709195756.4975839,1709195756.4975898
7972,1709195756.6008906,1709195756.6008964
7973,1709195756.7008235,1709195756.7008274
7974,1709195756.7991266,1709195756.7991319
7975,1709195756.9024463,1709195756.9024522
7976,1709195756.9987094,1709195756.998715
7977,1709195757.1011724,1709195757.1011753
7978,1709195757.2012742,1709195757.20128
7979,1709195757.3010862,1709195757.3010914
7980,1709195757.4039667,1709195757.4039733
7981,1709195757.5030897,1709195757.5030966
7982,1709195757.613089,1709195757.6130939
7983,1709195757.7071211,1709195757.7071257
7984,1709195757.8038836,1709195757.8038895
7985,1709195757.902045,1709195757.9020503
7986,1709195758.0006027,1709195758.0006073
7987,1709195758.0999055,1709195758.0999115
7988,1709195758.2110085,1709195758.211014
7989,1709195758.3035448,1709195758.3035498
7990,1709195758.407875,1709195758.4078803
7991,1709195758.507833,1709195758.5078375
7992,1709195758.6133265,1709195758.6133316
7993,1709195758.6990676,1709195758.6990738
7994,1709195758.809582,1709195758.8095884
7995,1709195758.9125478,1709195758.9125543
7996,1709195759.0037944,1709195759.0038002
7997,1709195759.1026704,1709195759.1026747
7998,1709195759.2040355,1709195759.2040412
7999,1709195759.3019605,1709195759.3019664
8000,1709195759.4080374,1709195759.4080431
8001,1709195759.5065546,1709195759.50656
8002,1709195759.6123552,1709195759.6123607
8003,1709195759.7023208,1709195759.702326
8004,1709195759.8114164,1709195759.8114219
8005,1709195759.9064639,1709195759.9064686
8006,1709195760.0033822,1709195760.003388
8007,1709195760.1082182,1709195760.1082232
8008,1709195760.206801,1709195760.2068071
8009,1709195760.3022828,1709195760.3022883
8010,1709195760.411329,1709195760.4113383
8011,1709195760.5057397,1709195760.5057452
8012,1709195760.6082602,1709195760.6082647
8013,1709195760.7039607,1709195760.7039657
8014,1709195760.8057594,1709195760.8057656
8015,1709195760.9006596,1709195760.9006665
8016,1709195761.0124211,1709195761.0124283
8017,1709195761.1061616,1709195761.106169
8018,1709195761.2143126,1709195761.2143185
8019,1709195761.3086183,1709195761.3086233
8020,1709195761.405116,1709195761.4051216
8021,1709195761.5017977,1709195761.5018039
8022,1709195761.606765,1709195761.606771
8023,1709195761.7091537,1709195761.7091587
8024,1709195761.8024566,1709195761.802462
8025,1709195761.9047115,1709195761.904718
8026,1709195762.0133474,1709195762.013354
8027,1709195762.1057167,1709195762.1057227
8028,1709195762.210669,1709195762.2106748
8029,1709195762.3087845,1709195762.3087893
8030,1709195762.400766,1709195762.4007723
8031,1709195762.5118842,1709195762.5118904
8032,1709195762.6129973,1709195762.613003
8033,1709195762.702571,1709195762.7025778
8034,1709195762.80403,1709195762.8040357
8035,1709195762.9094775,1709195762.9094844
8036,1709195763.007499,1709195763.007504
8037,1709195763.11035,1709195763.1103568
8038,1709195763.2109613,1709195763.2109683
8039,1709195763.312986,1709195763.3129911
8040,1709195763.4055953,1709195763.4056003
8041,1709195763.5124424,1709195763.5124483
8042,1709195763.6129448,1709195763.6129508
8043,1709195763.7123744,1709195763.712381
8044,1709195763.8026476,1709195763.8026521
8045,1709195763.9050791,1709195763.905084
8046,1709195764.0059664,1709195764.0059726
8047,1709195764.1099346,1709195764.1099403
8048,1709195764.2095313,1709195764.2095385
8049,1709195764.3084893,1709195764.3084948
8050,1709195764.4092267,1709195764.409232
8051,1709195764.5042377,1709195764.5042427
8052,1709195764.5984232,1709195764.5984287
8053,1709195764.70351,1709195764.7035148
8054,1709195764.8027654,1709195764.8027701
8055,1709195764.9078577,1709195764.9078631
8056,1709195765.0031264,1709195765.0031319
8057,1709195765.1019778,1709195765.1019835
8058,1709195765.2034445,1709195765.2034514
8059,1709195765.3115516,1709195765.3115563
8060,1709195765.4022844,1709195765.402291
8061,1709195765.5069075,1709195765.5069122
8062,1709195765.6047716,1709195765.604779
8063,1709195765.7020247,1709195765.7020304
8064,1709195765.8007731,1709195765.8007793
8065,1709195765.9173355,1709195765.9173398
8066,1709195766.0159142,1709195766.0159194
8067,1709195766.1056418,1709195766.1056468
8068,1709195766.2111087,1709195766.2111151
8069,1709195766.3076153,1709195766.3076222
8070,1709195766.4074814,1709195766.4074874
8071,1709195766.5042632,1709195766.5042691
8072,1709195766.6179807,1709195766.6179867
8073,1709195766.7200394,1709195766.7200446
8074,1709195766.8163364,1709195766.8163414
8075,1709195766.908604,1709195766.9086087
8076,1709195767.0106163,1709195767.010626
8077,1709195767.1143498,1709195767.114356
8078,1709195767.2058756,1709195767.205881
8079,1709195767.3026347,1709195767.3026416
8080,1709195767.4095404,1709195767.4095452
8081,1709195767.5003397,1709195767.5003452
8082,1709195767.6022053,1709195767.602212
8083,1709195767.700516,1709195767.7005215
8084,1709195767.8049226,1709195767.804929
8085,1709195767.899285,1709195767.8992903
8086,1709195768.0092041,1709195768.0092082
8087,1709195768.1118302,1709195768.1118348
8088,1709195768.2081428,1709195768.2081487
8089,1709195768.3046744,1709195768.3046794
8090,1709195768.4069471,1709195768.4069517
8091,1709195768.5097282,1709195768.5097425
8092,1709195768.6066985,1709195768.6067045
8093,1709195768.7167559,1709195768.7167614
8094,1709195768.8080544,1709195768.8080592
8095,1709195768.8997893,1709195768.8998423
8096,1709195769.010533,1709195769.01054
8097,1709195769.1202219,1709195769.120227
8098,1709195769.2019217,1709195769.2019277
8099,1709195769.2995493,1709195769.2995548
8100,1709195769.4029002,1709195769.4029043
8101,1709195769.5064464,1709195769.5064516
8102,1709195769.6009212,1709195769.6009262
8103,1709195769.700483,1709195769.700489
8104,1709195769.812858,1709195769.8128643
8105,1709195769.904461,1709195769.9044666
8106,1709195770.0103033,1709195770.0103092
8107,1709195770.103477,1709195770.1034818
8108,1709195770.20384,1709195770.2038443
8109,1709195770.3121364,1709195770.3121421
8110,1709195770.4061847,1709195770.40619
8111,1709195770.5083203,1709195770.508325
8112,1709195770.6012263,1709195770.6012342
8113,1709195770.7025173,1709195770.702522
8114,1709195770.8069508,1709195770.8069563
8115,1709195770.9081817,1709195770.9081852
8116,1709195771.013338,1709195771.0133448
8117,1709195771.1089435,1709195771.1089485
8118,1709195771.2077203,1709195771.2077289
8119,1709195771.316167,1709195771.3161738
8120,1709195771.410769,1709195771.4107745
8121,1709195771.509392,1709195771.5093973
8122,1709195771.60208,1709195771.6020837
8123,1709195771.7107222,1709195771.7107272
8124,1709195771.8145912,1709195771.814597
8125,1709195771.911473,1709195771.9114785
8126,1709195771.9986258,1709195771.9986312
8127,1709195772.1086738,1709195772.1086788
8128,1709195772.2093916,1709195772.209396
8129,1709195772.3096488,1709195772.3096523
8130,1709195772.4125323,1709195772.4125378
8131,1709195772.5093913,1709195772.5093963
8132,1709195772.617846,1709195772.6178517
8133,1709195772.7032943,1709195772.7032988
8134,1709195772.8128898,1709195772.8128972
8135,1709195772.9100137,1709195772.9100196
8136,1709195773.0140355,1709195773.0140402
8137,1709195773.1218286,1709195773.1218355
8138,1709195773.1999872,1709195773.199993
8139,1709195773.307282,1709195773.307287
8140,1709195773.4152431,1709195773.4152493
8141,1709195773.5088634,1709195773.50887
8142,1709195773.6054232,1709195773.6054301
8143,1709195773.7236333,1709195773.7236407
8144,1709195773.8197484,1709195773.8197587
8145,1709195773.9040332,1709195773.9040391
8146,1709195774.00996,1709195774.0099661
8147,1709195774.1131513,1709195774.113162
8148,1709195774.2029407,1709195774.2029474
8149,1709195774.3088741,1709195774.30888
8150,1709195774.400545,1709195774.4005513
8151,1709195774.5105824,1709195774.5105884
8152,1709195774.6113195,1709195774.6113265
8153,1709195774.7075305,1709195774.7075355
8154,1709195774.8122385,1709195774.8122432
8155,1709195774.9158018,1709195774.9158077
8156,1709195775.0068598,1709195775.0068645
8157,1709195775.1095202,1709195775.109526
8158,1709195775.2043364,1709195775.2043414
8159,1709195775.3119557,1709195775.311961
8160,1709195775.4031758,1709195775.4031806
8161,1709195775.5076623,1709195775.5076685
8162,1709195775.5976737,1709195775.5976782
8163,1709195775.7165744,1709195775.716579
8164,1709195775.8119724,1709195775.811978
8165,1709195775.9053962,1709195775.905401
8166,1709195776.0069559,1709195776.0069606
8167,1709195776.109528,1709195776.109533
8168,1709195776.2048757,1709195776.2048829
8169,1709195776.3084521,1709195776.3084552
8170,1709195776.411898,1709195776.4119058
8171,1709195776.4983363,1709195776.4983416
8172,1709195776.6091971,1709195776.6092021
8173,1709195776.6997318,1709195776.6997368
8174,1709195776.7995963,1709195776.7996016
8175,1709195776.9001749,1709195776.900182
8176,1709195777.0023518,1709195777.0023572
8177,1709195777.1088085,1709195777.1088164
8178,1709195777.211357,1709195777.2113655
8179,1709195777.3041465,1709195777.3041534
8180,1709195777.4142287,1709195777.4142363
8181,1709195777.514635,1709195777.5146425
8182,1709195777.6175344,1709195777.6175406
8183,1709195777.7034605,1709195777.7034655
8184,1709195777.808533,1709195777.8085387
8185,1709195777.9020512,1709195777.9020572
8186,1709195778.0092883,1709195778.013364
8187,1709195778.1061223,1709195778.1128085
8188,1709195778.212835,1709195778.2170405
8189,1709195778.3103058,1709195778.3147287
8190,1709195778.4072635,1709195778.411211
8191,1709195778.5016618,1709195778.5053954
8192,1709195778.6084437,1709195778.614659
8193,1709195779.1655407,1709195779.1655502
8194,1709195779.1731973,1709195779.1732025
8195,1709195779.203053,1709195779.2030582
8196,1709195779.3105922,1709195779.3105972
8197,1709195779.416144,1709195779.4161525
8198,1709195779.5007148,1709195779.5007205
8199,1709195779.6007817,1709195779.6007876
8200,1709195779.7024586,1709195779.7024622
8201,1709195779.8142538,1709195779.8142595
8202,1709195779.9025364,1709195779.9025414
8203,1709195780.0120368,1709195780.012043
8204,1709195780.1146903,1709195780.1146953
8205,1709195780.2096088,1709195780.2096138
8206,1709195780.311506,1709195780.3115125
8207,1709195780.3980536,1709195780.3980582
8208,1709195780.5036075,1709195780.5036137
8209,1709195780.6167634,1709195780.6167696
8210,1709195780.7080271,1709195780.7080348
8211,1709195780.8120034,1709195780.8120096
8212,1709195780.9131997,1709195780.9132068
8213,1709195781.0119255,1709195781.0119305
8214,1709195781.1015847,1709195781.1015894
8215,1709195781.2022874,1709195781.2022939
8216,1709195781.3010404,1709195781.3010468
8217,1709195781.3991365,1709195781.3991413
8218,1709195781.5093038,1709195781.5093098
8219,1709195781.60633,1709195781.6063364
8220,1709195781.7265086,1709195781.7265162
8221,1709195781.8214462,1709195781.8214557
8222,1709195781.9048245,1709195781.90483
8223,1709195782.0090735,1709195782.0090811
8224,1709195782.1042268,1709195782.1042314
8225,1709195782.2074845,1709195782.2074895
8226,1709195782.2978916,1709195782.2978969
8227,1709195782.4072046,1709195782.4072108
8228,1709195782.5051906,1709195782.5051966
8229,1709195782.6032386,1709195782.603243
8230,1709195782.705317,1709195782.705326
8231,1709195782.8051395,1709195782.8051445
8232,1709195782.908525,1709195782.9085307
8233,1709195783.0004156,1709195783.0004215
8234,1709195783.1111236,1709195783.1111305
8235,1709195783.2008207,1709195783.2008257
8236,1709195783.3190544,1709195783.3190596
8237,1709195783.4064646,1709195783.406469
8238,1709195783.5058243,1709195783.5058286
8239,1709195783.6073472,1709195783.6073523
8240,1709195783.7079139,1709195783.7079186
8241,1709195783.805662,1709195783.8056672
8242,1709195783.9055336,1709195783.9055383
8243,1709195784.0041986,1709195784.0042048
8244,1709195784.113857,1709195784.113864
8245,1709195784.199493,1709195784.1994984
8246,1709195784.3007371,1709195784.300742
8247,1709195784.4081464,1709195784.408152
8248,1709195784.515623,1709195784.5156295
8249,1709195784.608878,1709195784.6088846
8250,1709195784.7046144,1709195784.7046194
8251,1709195784.8049526,1709195784.804958
8252,1709195784.9051394,1709195784.9051437
8253,1709195785.0012984,1709195785.0013046
8254,1709195785.1018565,1709195785.1018631
8255,1709195785.2091703,1709195785.2091758
8256,1709195785.3101315,1709195785.3101397
8257,1709195785.4023237,1709195785.4023294
8258,1709195785.5040758,1709195785.504137
8259,1709195785.6008382,1709195785.6008513
8260,1709195785.6989372,1709195785.6989424
8261,1709195785.8013492,1709195785.8013537
8262,1709195785.9117978,1709195785.911802
8263,1709195786.009467,1709195786.014287
8264,1709195786.1028602,1709195786.1070821
8265,1709195786.2003186,1709195786.204118
8266,1709195786.3077433,1709195786.3112981
8267,1709195786.4060845,1709195786.4112484
8268,1709195786.5152926,1709195786.5200691
8269,1709195786.6108716,1709195786.6148639
8270,1709195786.7145598,1709195786.7194357
8271,1709195786.7984583,1709195786.802249
8272,1709195786.9074233,1709195786.9105117
8273,1709195787.001533,1709195787.0062592
8274,1709195787.1065717,1709195787.1103802
8275,1709195787.2005627,1709195787.204343
8276,1709195787.3085794,1709195787.313156
8277,1709195787.4134183,1709195787.4174316
8278,1709195787.5014687,1709195787.506052
8279,1709195787.6047213,1709195787.6087837
8280,1709195787.7048442,1709195787.7098427
8281,1709195787.8037727,1709195787.8065166
8282,1709195787.8999803,1709195787.9041283
8283,1709195788.0064027,1709195788.010512
8284,1709195788.1107142,1709195788.1149545
8285,1709195788.2150366,1709195788.2187204
8286,1709195788.3084185,1709195788.3139663
8287,1709195788.4073007,1709195788.4112248
8288,1709195788.4979925,1709195788.506181
8289,1709195788.607361,1709195788.612323
8290,1709195788.7105722,1709195788.713837
8291,1709195788.7996047,1709195788.8037639
8292,1709195788.9035747,1709195788.9065351
8293,1709195789.0009103,1709195789.004972
8294,1709195789.1043372,1709195789.1085773
8295,1709195789.2053552,1709195789.209309
8296,1709195789.3134446,1709195789.3184657
8297,1709195789.4104576,1709195789.4142926
8298,1709195789.5103872,1709195789.514144
8299,1709195789.607884,1709195789.6118758
8300,1709195789.7061017,1709195789.7104023
8301,1709195789.8009703,1709195789.8059545
8302,1709195789.902877,1709195789.9071677
8303,1709195790.00201,1709195790.0062385
8304,1709195790.1051345,1709195790.1093192
8305,1709195790.203475,1709195790.207517
8306,1709195790.2992067,1709195790.3042352
8307,1709195790.4031482,1709195790.4074311
8308,1709195790.5029542,1709195790.506729
8309,1709195790.6127083,1709195790.616829
8310,1709195790.7120783,1709195790.7161624
8311,1709195790.8073673,1709195790.8120482
8312,1709195790.9071517,1709195790.911261
8313,1709195791.0125668,1709195791.0166059
8314,1709195791.109104,1709195791.114313
8315,1709195791.2036967,1709195791.208634
8316,1709195791.3017294,1709195791.305164
8317,1709195791.407765,1709195791.4114864
8318,1709195791.511366,1709195791.5156739
8319,1709195791.6066637,1709195791.610584
8320,1709195791.7087605,1709195791.7133987
8321,1709195791.8047168,1709195791.8087656
8322,1709195791.911603,1709195791.9158216
8323,1709195792.0085652,1709195792.013873
8324,1709195792.1078176,1709195792.1120207
8325,1709195792.2141106,1709195792.218402
8326,1709195792.3093379,1709195792.3129492
8327,1709195792.4085078,1709195792.4140337
8328,1709195792.51657,1709195792.5201478
8329,1709195792.6108382,1709195792.6150134
8330,1709195792.7047954,1709195792.7091243
8331,1709195792.8090327,1709195792.8130262
8332,1709195792.9066472,1709195792.9106784
8333,1709195792.9968886,1709195793.0013342
8334,1709195793.1056237,1709195793.1096122
8335,1709195793.2054718,1709195793.2101479
8336,1709195793.3100913,1709195793.3145545
8337,1709195793.4057152,1709195793.4100823
8338,1709195793.5008492,1709195793.5036495
8339,1709195793.602025,1709195793.6049116
8340,1709195793.7038674,1709195793.7083066
8341,1709195793.8077395,1709195793.814636
8342,1709195793.9005506,1709195793.9055753
8343,1709195794.006241,1709195794.0102944
8344,1709195794.1067693,1709195794.1099017
8345,1709195794.221493,1709195794.2262366
8346,1709195794.3090382,1709195794.313138
8347,1709195794.4019258,1709195794.4059343
8348,1709195794.5082042,1709195794.5120091
8349,1709195794.60832,1709195794.6124787
8350,1709195794.7027283,1709195794.7070305
8351,1709195794.8007004,1709195794.8035913
8352,1709195794.9035397,1709195794.9074838
8353,1709195795.0073433,1709195795.0115755
8354,1709195795.1023695,1709195795.1057272
8355,1709195795.205796,1709195795.210217
8356,1709195795.3028905,1709195795.305634
8357,1709195795.3972096,1709195795.4011672
8358,1709195795.4997647,1709195795.5029662
8359,1709195795.6018286,1709195795.6067622
8360,1709195795.7013462,1709195795.7051482
8361,1709195795.8067074,1709195795.8137388
8362,1709195795.9051816,1709195795.9096136
8363,1709195796.0049415,1709195796.0091426
8364,1709195796.0976844,1709195796.1015027
8365,1709195796.2078679,1709195796.2078717
8366,1709195796.3070104,1709195796.3070145
8367,1709195796.4013596,1709195796.4013653
8368,1709195796.5008342,1709195796.5008397
8369,1709195796.6011713,1709195796.6011765
8370,1709195796.7102735,1709195796.7102787
8371,1709195796.804854,1709195796.8048596
8372,1709195796.9037294,1709195796.9037344
8373,1709195796.999139,1709195796.999144
8374,1709195797.0986507,1709195797.0986543
8375,1709195797.2048266,1709195797.2048304
8376,1709195797.3051698,1709195797.3051753
8377,1709195797.4086025,1709195797.4086096
8378,1709195797.5046754,1709195797.50468
8379,1709195797.60149,1709195797.6014955
8380,1709195797.6996512,1709195797.6996565
8381,1709195797.802043,1709195797.8020482
8382,1709195797.8980951,1709195797.8981009
8383,1709195798.001257,1709195798.001263
8384,1709195798.1090384,1709195798.109044
8385,1709195798.20501,1709195798.2050164
8386,1709195798.3147635,1709195798.3147702
8387,1709195798.401337,1709195798.4013417
8388,1709195798.5157323,1709195798.5157397
8389,1709195798.605295,1709195798.605302
8390,1709195798.7109606,1709195798.7109652
8391,1709195798.8122962,1709195798.8123016
8392,1709195798.908684,1709195798.9086893
8393,1709195799.0023258,1709195799.0023317
8394,1709195799.0971973,1709195799.0972028
8395,1709195799.2008908,1709195799.2008972
8396,1709195799.306252,1709195799.3062572
8397,1709195799.4129574,1709195799.4129636
8398,1709195799.5028434,1709195799.502847
8399,1709195799.6017182,1709195799.601723
8400,1709195799.7078369,1709195799.7078435
8401,1709195799.8029506,1709195799.8029563
8402,1709195799.9052353,1709195799.9052393
8403,1709195800.0142822,1709195800.0142882
8404,1709195800.1161497,1709195800.1161554
8405,1709195800.215995,1709195800.2159998
8406,1709195800.3082423,1709195800.30825
8407,1709195800.4077928,1709195800.4077992
8408,1709195800.5003135,1709195800.50032
8409,1709195800.6077929,1709195800.607799
8410,1709195800.7087498,1709195800.708754
8411,1709195800.800356,1709195800.8003614
8412,1709195800.8972557,1709195800.8972614
8413,1709195801.0183527,1709195801.0183582
8414,1709195801.1120512,1709195801.112057
8415,1709195801.2053392,1709195801.2053442
8416,1709195801.3134472,1709195801.3134522
8417,1709195801.4018557,1709195801.4018617
8418,1709195801.4998329,1709195801.4998393
8419,1709195801.6079972,1709195801.608001
8420,1709195801.699176,1709195801.699182
8421,1709195801.8044438,1709195801.8044512
8422,1709195801.9006045,1709195801.9006097
8423,1709195802.0073357,1709195802.0073414
8424,1709195802.1105063,1709195802.1105144
8425,1709195802.2008855,1709195802.200895
8426,1709195802.30247,1709195802.3024757
8427,1709195802.4033732,1709195802.403381
8428,1709195802.5086777,1709195802.5086815
8429,1709195802.6067023,1709195802.6067076
8430,1709195802.7110224,1709195802.711029
8431,1709195802.8025782,1709195802.8025846
8432,1709195802.9022481,1709195802.9022536
8433,1709195803.0068712,1709195803.0069158
8434,1709195803.1040697,1709195803.10413
8435,1709195803.2044084,1709195803.2044501
8436,1709195803.3003385,1709195803.3003917
8437,1709195803.4044993,1709195803.4045446
8438,1709195803.497337,1709195803.4973948
8439,1709195803.598875,1709195803.5989213
8440,1709195803.6987443,1709195803.6988087
8441,1709195803.798501,1709195803.7985494
8442,1709195803.901005,1709195803.901067
8443,1709195804.0059097,1709195804.0059495
8444,1709195804.102312,1709195804.1023545
8445,1709195804.2062407,1709195804.206296
8446,1709195804.308464,1709195804.3085027
8447,1709195804.3974538,1709195804.3974955
8448,1709195804.5058408,1709195804.5059083
8449,1709195804.5982833,1709195804.5983338
8450,1709195804.6989834,1709195804.6990242
8451,1709195804.7981565,1709195804.798511
8452,1709195804.9098399,1709195804.9099507
8453,1709195805.0030777,1709195805.0031254
8454,1709195805.1024632,1709195805.1025255
8455,1709195805.2041194,1709195805.2041552
8456,1709195805.3035204,1709195805.3035553
8457,1709195805.4030583,1709195805.403121
8458,1709195805.4976816,1709195805.4977236
8459,1709195805.607017,1709195805.607077
8460,1709195805.7072434,1709195805.7073355
8461,1709195805.8060684,1709195805.806117
8462,1709195805.8992596,1709195805.8993447
8463,1709195805.9979572,1709195805.9980173
8464,1709195806.099318,1709195806.0994046
8465,1709195806.1990917,1709195806.1991234
8466,1709195806.3002942,1709195806.3003423
8467,1709195806.3996634,1709195806.3997061
8468,1709195806.5057123,1709195806.5058117
8469,1709195806.599548,1709195806.5995955
8470,1709195806.706201,1709195806.7062452
8471,1709195806.8069816,1709195806.8070755
8472,1709195806.8996217,1709195806.899665
8473,1709195807.0019968,1709195807.0020475
8474,1709195807.1062999,1709195807.1063924
8475,1709195807.2008345,1709195807.2008822
8476,1709195807.3023503,1709195807.3023984
8477,1709195807.3995392,1709195807.3995893
8478,1709195807.503364,1709195807.5034251
8479,1709195807.6036706,1709195807.603732
8480,1709195807.7034206,1709195807.7034686
8481,1709195807.79702,1709195807.7970657
8482,1709195807.9026434,1709195807.902719
8483,1709195807.9996204,1709195807.9996967
8484,1709195808.1038527,1709195808.1039045
8485,1709195808.2160184,1709195808.2160938
8486,1709195808.3087225,1709195808.308756
8487,1709195808.41319,1709195808.4132428
8488,1709195808.5020278,1709195808.5021062
8489,1709195808.598738,1709195808.5988226
8490,1709195808.7086976,1709195808.708814
8491,1709195808.8025765,1709195808.8026211
8492,1709195808.9054427,1709195808.9054935
8493,1709195809.009642,1709195809.0097158
8494,1709195809.0977223,1709195809.0977778
8495,1709195809.2004666,1709195809.2005122
8496,1709195809.3090463,1709195809.3090951
8497,1709195809.4060352,1709195809.4060795
8498,1709195809.5023007,1709195809.5023682
8499,1709195809.6024506,1709195809.6024995
8500,1709195809.7062168,1709195809.7062898
8501,1709195809.7973952,1709195809.7974443
8502,1709195809.8969069,1709195809.8969524
8503,1709195810.0075915,1709195810.0076547
8504,1709195810.106647,1709195810.1067023
8505,1709195810.2085776,1709195810.208617
8506,1709195810.3167248,1709195810.3167312
8507,1709195810.4015634,1709195810.4015694
8508,1709195810.5105202,1709195810.5105262
8509,1709195810.5992284,1709195810.5992348
8510,1709195810.6986237,1709195810.6986299
8511,1709195810.8048944,1709195810.8049006
8512,1709195810.9020553,1709195810.9020603
8513,1709195811.00183,1709195811.0018353
8514,1709195811.098237,1709195811.0982425
8515,1709195811.203495,1709195811.2035005
8516,1709195811.2999988,1709195811.300004
8517,1709195811.4054387,1709195811.4054444
8518,1709195811.5035353,1709195811.5035424
8519,1709195811.6064358,1709195811.606441
8520,1709195811.7074723,1709195811.7074783
8521,1709195811.8039804,1709195811.8040159
8522,1709195811.907372,1709195811.907379
8523,1709195812.000628,1709195812.0006344
8524,1709195812.1048555,1709195812.104861
8525,1709195812.2018194,1709195812.2018244
8526,1709195812.2991943,1709195812.299201
8527,1709195812.4042256,1709195812.4098306
8528,1709195812.5091274,1709195812.5131426
8529,1709195812.603096,1709195812.6074934
8530,1709195812.7110672,1709195812.714902
8531,1709195812.8031757,1709195812.8072212
8532,1709195812.901814,1709195812.9058585
8533,1709195813.002057,1709195813.0057585
8534,1709195813.1144047,1709195813.1185985
8535,1709195813.209693,1709195813.2176278
8536,1709195813.302173,1709195813.3069332
8537,1709195813.398041,1709195813.4025173
8538,1709195813.5111933,1709195813.5149868
8539,1709195813.598064,1709195813.602165
8540,1709195813.7042856,1709195813.7090673
8541,1709195813.802653,1709195813.8080034
8542,1709195813.8996649,1709195813.9033196
8543,1709195814.0019734,1709195814.005812
8544,1709195814.1036081,1709195814.1067967
8545,1709195814.1992602,1709195814.2027621
8546,1709195814.3032181,1709195814.3078144
8547,1709195814.399119,1709195814.4035532
8548,1709195814.498113,1709195814.5031211
8549,1709195814.6087673,1709195814.613947
8550,1709195814.7030883,1709195814.70757
8551,1709195814.8050733,1709195814.8095882
8552,1709195814.897072,1709195814.9014928
8553,1709195815.0034053,1709195815.0070713
8554,1709195815.1107464,1709195815.1147826
8555,1709195815.2049916,1709195815.207996
8556,1709195815.3016806,1709195815.3060691
8557,1709195815.4080873,1709195815.412681
8558,1709195815.5042708,1709195815.5079384
8559,1709195815.6044843,1709195815.6103628
8560,1709195815.7066543,1709195815.7114568
8561,1709195815.7975261,1709195815.8015227
8562,1709195815.8986137,1709195815.903008
8563,1709195816.0004718,1709195816.0047836
8564,1709195816.0993598,1709195816.1037767
8565,1709195816.2044892,1709195816.2087553
8566,1709195816.3000398,1709195816.303691
8567,1709195816.4042325,1709195816.4082904
8568,1709195816.5009022,1709195816.504332
8569,1709195816.6044018,1709195816.608345
8570,1709195816.6972098,1709195816.7014089
8571,1709195816.8049037,1709195816.8085935
8572,1709195816.9000862,1709195816.9042907
8573,1709195817.0020509,1709195817.0062006
8574,1709195817.1002395,1709195817.1051378
8575,1709195817.1993265,1709195817.203312
8576,1709195817.3014004,1709195817.3066518
8577,1709195817.401696,1709195817.4059339
8578,1709195817.505626,1709195817.5164578
8579,1709195817.60425,1709195817.6093726
8580,1709195817.6996143,1709195817.70365
8581,1709195817.801602,1709195817.8053665
8582,1709195817.9010663,1709195817.9054568
8583,1709195817.9989328,1709195818.0057485
8584,1709195818.1023984,1709195818.1062655
8585,1709195818.2042716,1709195818.208631
8586,1709195818.2968957,1709195818.3009527
8587,1709195818.3999772,1709195818.4060726
8588,1709195818.501638,1709195818.5056665
8589,1709195818.601504,1709195818.6062288
8590,1709195818.7142525,1709195818.718355
8591,1709195818.8020685,1709195818.8062062
8592,1709195818.90267,1709195818.9075775
8593,1709195819.000982,1709195819.0051093
8594,1709195819.09792,1709195819.1036
8595,1709195819.2047508,1709195819.2091339
8596,1709195819.3030727,1709195819.3071012
8597,1709195819.3995943,1709195819.4038136
8598,1709195819.5042527,1709195819.5094194
8599,1709195819.5973947,1709195819.5999115
8600,1709195819.698577,1709195819.7042696
8601,1709195819.8104224,1709195819.8143444
8602,1709195819.9013095,1709195819.90828
8603,1709195820.007182,1709195820.0117269
8604,1709195820.1045911,1709195820.1088006
8605,1709195820.209318,1709195820.2120292
8606,1709195820.3046956,1709195820.309359
8607,1709195820.4074612,1709195820.4103239
8608,1709195820.5140648,1709195820.5180304
8609,1709195820.5975823,1709195820.6017027
8610,1709195820.6992917,1709195820.7032943
8611,1709195820.8002925,1709195820.8041816
8612,1709195820.9058516,1709195820.9100873
8613,1709195821.0128376,1709195821.0168386
8614,1709195821.1053996,1709195821.1095512
8615,1709195821.1999369,1709195821.2032964
8616,1709195821.3084989,1709195821.3127716
8617,1709195821.4022942,1709195821.4064283
8618,1709195821.507553,1709195821.51734
8619,1709195821.6077352,1709195821.6116567
8620,1709195821.7047815,1709195821.7087271
8621,1709195821.8066251,1709195821.8141901
8622,1709195821.901046,1709195821.9050624
8623,1709195822.0123775,1709195822.0160904
8624,1709195822.1066282,1709195822.1107836
8625,1709195822.1998036,1709195822.2051935
8626,1709195822.30376,1709195822.3079743
8627,1709195822.4033048,1709195822.407525
8628,1709195822.5077007,1709195822.5128016
8629,1709195822.6031878,1709195822.606787
8630,1709195822.702881,1709195822.7069786
8631,1709195822.8012972,1709195822.80388
8632,1709195822.9065185,1709195822.9110742
8633,1709195823.009013,1709195823.0134602
8634,1709195823.1066496,1709195823.1103985
8635,1709195823.212172,1709195823.2159045
8636,1709195823.3127182,1709195823.3184466
8637,1709195823.4020731,1709195823.4057682
8638,1709195823.5080998,1709195823.5107863
8639,1709195823.6039975,1709195823.6092129
8640,1709195823.703945,1709195823.7078726
8641,1709195823.8058138,1709195823.8093998
8642,1709195823.9038444,1709195823.9077995
8643,1709195824.002122,1709195824.0072002
8644,1709195824.1018844,1709195824.1060035
8645,1709195824.2040124,1709195824.208446
8646,1709195824.3030906,1709195824.3096607
8647,1709195824.4068558,1709195824.410695
8648,1709195824.498191,1709195824.5024717
8649,1709195824.60946,1709195824.613598
8650,1709195824.714961,1709195824.7183895
8651,1709195824.8013778,1709195824.8054397
8652,1709195824.9087539,1709195824.9129708
8653,1709195825.0031414,1709195825.0070884
8654,1709195825.109028,1709195825.1135309
8655,1709195825.2081857,1709195825.2143278
8656,1709195825.3051226,1709195825.309066
8657,1709195825.3970544,1709195825.4007697
8658,1709195825.5030923,1709195825.5075102
8659,1709195825.6060224,1709195825.6106527
8660,1709195825.7066808,1709195825.7110229
8661,1709195825.8072927,1709195825.811553
8662,1709195825.908562,1709195825.9141133
8663,1709195826.0089934,1709195826.0121064
8664,1709195826.1022594,1709195826.1066568
8665,1709195826.202773,1709195826.2081232
8666,1709195826.29891,1709195826.3023882
8667,1709195826.402739,1709195826.4070132
8668,1709195826.5090308,1709195826.5137851
8669,1709195826.598293,1709195826.602639
8670,1709195826.7090304,1709195826.7136528
8671,1709195826.8070886,1709195826.8120399
8672,1709195826.8984544,1709195826.9047546
8673,1709195826.9973888,1709195827.000266
8674,1709195827.0988128,1709195827.1025217
8675,1709195827.202077,1709195827.2057788
8676,1709195827.3084445,1709195827.312997
8677,1709195827.4008508,1709195827.4052916
8678,1709195827.502761,1709195827.5084991
8679,1709195827.5997229,1709195827.6036642
8680,1709195827.7101953,1709195827.714952
8681,1709195827.7991934,1709195827.8035405
8682,1709195827.9005826,1709195827.904461
8683,1709195828.0022187,1709195828.0052252
8684,1709195828.105189,1709195828.1094515
8685,1709195828.1990664,1709195828.2032983
8686,1709195828.3023624,1709195828.3071084
8687,1709195828.4046974,1709195828.4086206
8688,1709195828.5065176,1709195828.512365
8689,1709195828.600553,1709195828.6043801
8690,1709195828.7011478,1709195828.704566
8691,1709195828.7988365,1709195828.803543
8692,1709195828.8998039,1709195828.9061823
8693,1709195829.0028243,1709195829.00688
8694,1709195829.104204,1709195829.108435
8695,1709195829.1987467,1709195829.2027369
8696,1709195829.3083112,1709195829.3123374
8697,1709195829.4144554,1709195829.4186811
8698,1709195829.5081806,1709195829.5108151
8699,1709195829.6079614,1709195829.6114097
8700,1709195829.702984,1709195829.7070146
8701,1709195829.8022285,1709195829.8066576
8702,1709195829.9047415,1709195829.908656
8703,1709195830.0016966,1709195830.0063913
8704,1709195830.1023567,1709195830.106501
8705,1709195830.200359,1709195830.204563
8706,1709195830.3038342,1709195830.3084111
8707,1709195830.4067593,1709195830.4113674
8708,1709195830.5031757,1709195830.5071285
8709,1709195830.6107152,1709195830.6156557
8710,1709195830.7084424,1709195830.712548
8711,1709195830.8072596,1709195830.8146172
8712,1709195830.9041808,1709195830.9079244
8713,1709195830.999091,1709195831.0030575
8714,1709195831.1049273,1709195831.1092124
8715,1709195831.2009385,1709195831.2050164
8716,1709195831.3111572,1709195831.318328
8717,1709195831.4055712,1709195831.4137166
8718,1709195831.5060203,1709195831.5128288
8719,1709195831.6022444,1709195831.6094737
8720,1709195831.7050543,1709195831.7096298
8721,1709195831.7988548,1709195831.803047
8722,1709195831.9000266,1709195831.9037633
8723,1709195832.0045185,1709195832.008669
8724,1709195832.1000779,1709195832.1033907
8725,1709195832.2112825,1709195832.2162824
8726,1709195832.3065898,1709195832.3109093
8727,1709195832.4057388,1709195832.4090517
8728,1709195832.503898,1709195832.5083723
8729,1709195832.603738,1709195832.6080303
8730,1709195832.7011774,1709195832.7066984
8731,1709195832.803686,1709195832.8076239
8732,1709195832.9080598,1709195832.912211
8733,1709195833.0014298,1709195833.0050278
8734,1709195833.1047266,1709195833.1092696
8735,1709195833.1998458,1709195833.2038295
8736,1709195833.30001,1709195833.304408
8737,1709195833.41724,1709195833.421898
8738,1709195833.4986959,1709195833.502802
8739,1709195833.6063218,1709195833.6104193
8740,1709195833.7085667,1709195833.7144728
8741,1709195833.8048158,1709195833.807937
8742,1709195833.9037192,1709195833.912495
8743,1709195834.0005233,1709195834.0054464
8744,1709195834.1101878,1709195834.11504
8745,1709195834.2042024,1709195834.2086406
8746,1709195834.3032396,1709195834.3091054
8747,1709195834.4134219,1709195834.4185436
8748,1709195834.5149612,1709195834.519577
8749,1709195834.6083696,1709195834.6148827
8750,1709195834.6988766,1709195834.7036486
8751,1709195834.8009152,1709195834.8050997
8752,1709195834.906696,1709195834.910721
8753,1709195835.0017798,1709195835.005843
8754,1709195835.1151447,1709195835.1201656
8755,1709195835.2056801,1709195835.2107847
8756,1709195835.309486,1709195835.31681
8757,1709195835.4041963,1709195835.4042027
8758,1709195835.5006554,1709195835.5006597
8759,1709195835.5975692,1709195835.5975752
8760,1709195835.7026787,1709195835.7026844
8761,1709195835.8147721,1709195835.8147783
8762,1709195835.9161918,1709195835.9161954
8763,1709195836.0084221,1709195836.008428
8764,1709195836.10514,1709195836.105145
8765,1709195836.2050245,1709195836.205029
8766,1709195836.2998652,1709195836.2998705
8767,1709195836.4049864,1709195836.4049914
8768,1709195836.5022893,1709195836.5022955
8769,1709195836.6058085,1709195836.6058133
8770,1709195836.7044988,1709195836.7045033
8771,1709195836.80022,1709195836.800225
8772,1709195836.9067893,1709195836.9067948
8773,1709195836.99984,1709195836.9998453
8774,1709195837.111615,1709195837.1116204
8775,1709195837.2100046,1709195837.210013
8776,1709195837.299946,1709195837.2999513
8777,1709195837.404577,1709195837.4045827
8778,1709195837.5026135,1709195837.502619
8779,1709195837.5991611,1709195837.5991642
8780,1709195837.7023203,1709195837.702328
8781,1709195837.79772,1709195837.7977254
8782,1709195837.904774,1709195837.9047787
8783,1709195838.0002563,1709195838.0002625
8784,1709195838.102306,1709195838.1023102
8785,1709195838.2020578,1709195838.202063
8786,1709195838.2995996,1709195838.299603
8787,1709195838.4010665,1709195838.4010732
8788,1709195838.5220673,1709195838.522072
8789,1709195838.600718,1709195838.6007233
8790,1709195838.7078485,1709195838.7078526
8791,1709195838.8080673,1709195838.8080745
8792,1709195838.9090314,1709195838.9090374
8793,1709195839.0052352,1709195839.0052428
8794,1709195839.1108744,1709195839.1108794
8795,1709195839.2109077,1709195839.2109153
8796,1709195839.3166957,1709195839.3167014
8797,1709195839.4084282,1709195839.4084313
8798,1709195839.505896,1709195839.5059025
8799,1709195839.609641,1709195839.6096482
8800,1709195839.7045527,1709195839.7045567
8801,1709195839.8090878,1709195839.8090935
8802,1709195839.9034514,1709195839.9034579
8803,1709195840.0124245,1709195840.0124295
8804,1709195840.1009057,1709195840.1009097
8805,1709195840.2115736,1709195840.2115788
8806,1709195840.3106105,1709195840.310614
8807,1709195840.4008949,1709195840.4009295
8808,1709195840.509183,1709195840.5091903
8809,1709195840.6088398,1709195840.6088479
8810,1709195840.6975517,1709195840.6975567
8811,1709195840.8026226,1709195840.8026276
8812,1709195840.913587,1709195840.9135954
8813,1709195841.0022345,1709195841.0022404
8814,1709195841.106637,1709195841.106642
8815,1709195841.200915,1709195841.2009215
8816,1709195841.2993145,1709195841.2993193
8817,1709195841.4011683,1709195841.401177
8818,1709195841.5035276,1709195841.5035338
8819,1709195841.6093779,1709195841.6093845
8820,1709195841.7091649,1709195841.7091713
8821,1709195841.8088472,1709195841.8088534
8822,1709195841.9126737,1709195841.9126785
8823,1709195842.0098743,1709195842.009882
8824,1709195842.1074054,1709195842.1074119
8825,1709195842.2030988,1709195842.2031047
8826,1709195842.307925,1709195842.3079302
8827,1709195842.4021876,1709195842.402194
8828,1709195842.5074048,1709195842.5074103
8829,1709195842.5997038,1709195842.599708
8830,1709195842.7069767,1709195842.7069821
8831,1709195842.80285,1709195842.8028557
8832,1709195842.9029136,1709195842.9029212
8833,1709195843.000005,1709195843.0000107
8834,1709195843.102031,1709195843.102036
8835,1709195843.2169027,1709195843.2169085
8836,1709195843.3038692,1709195843.303874
8837,1709195843.3978753,1709195843.3978803
8838,1709195843.5108423,1709195843.5108492
8839,1709195843.614349,1709195843.6143556
8840,1709195843.708229,1709195843.7082353
8841,1709195843.808225,1709195843.8082306
8842,1709195843.9103985,1709195843.9104056
8843,1709195844.007873,1709195844.0078795
8844,1709195844.1023045,1709195844.1023114
8845,1709195844.2167623,1709195844.2167673
8846,1709195844.3044722,1709195844.3044772
8847,1709195844.4034026,1709195844.403408
8848,1709195844.5036075,1709195844.5036147
8849,1709195844.6032176,1709195844.6032243
8850,1709195844.7097769,1709195844.709784
8851,1709195844.8176413,1709195844.8176463
8852,1709195844.9085112,1709195844.9085157
8853,1709195845.002384,1709195845.002389
8854,1709195845.1132312,1709195845.1132355
8855,1709195845.2132554,1709195845.2132618
8856,1709195845.31063,1709195845.3106365
8857,1709195845.3996027,1709195845.3996084
8858,1709195845.5091813,1709195845.5091865
8859,1709195845.6221297,1709195845.6221342
8860,1709195845.7150373,1709195845.7150435
8861,1709195845.8143454,1709195845.814354
8862,1709195845.9269297,1709195845.926935
8863,1709195846.0140402,1709195846.014047
8864,1709195846.121936,1709195846.1219428
8865,1709195846.2073948,1709195846.2073996
8866,1709195846.3166282,1709195846.3166327
8867,1709195846.403686,1709195846.4036915
8868,1709195846.5020106,1709195846.5020168
8869,1709195846.6052153,1709195846.605221
8870,1709195846.7050135,1709195846.7050202
8871,1709195846.8056033,1709195846.8056102
8872,1709195846.907912,1709195846.907917
8873,1709195846.9981742,1709195846.998179
8874,1709195847.1109402,1709195847.110947
8875,1709195847.2007825,1709195847.2007883
8876,1709195847.3032634,1709195847.303268
8877,1709195847.4123166,1709195847.4123232
8878,1709195847.517236,1709195847.517242
8879,1709195847.616533,1709195847.6165378
8880,1709195847.7048478,1709195847.7048523
8881,1709195847.807778,1709195847.8077834
8882,1709195847.8982203,1709195847.8982248
8883,1709195848.0147245,1709195848.0147295
8884,1709195848.116755,1709195848.1167657
8885,1709195848.2075384,1709195848.2075443
8886,1709195848.2994206,1709195848.2994263
8887,1709195848.4008455,1709195848.4008498
8888,1709195848.5085301,1709195848.5085359
8889,1709195848.6127565,1709195848.6127634
8890,1709195848.7109158,1709195848.7109215
8891,1709195848.8094177,1709195848.8094244
8892,1709195848.9127426,1709195848.9127483
8893,1709195849.0085986,1709195849.0086052
8894,1709195849.1063035,1709195849.1063104
8895,1709195849.20927,1709195849.2092752
8896,1709195849.3000748,1709195849.3000782
8897,1709195849.4083116,1709195849.408317
8898,1709195849.5065134,1709195849.5065176
8899,1709195849.618026,1709195849.6180305
8900,1709195849.7106433,1709195849.7106483
8901,1709195849.8046098,1709195849.804618
8902,1709195849.9102423,1709195849.9102516
8903,1709195850.0112538,1709195850.0112586
8904,1709195850.1057258,1709195850.105736
8905,1709195850.2061217,1709195850.2061272
8906,1709195850.2979062,1709195850.2979114
8907,1709195850.402722,1709195850.402726
8908,1709195850.508777,1709195850.5087812
8909,1709195850.6037896,1709195850.6037953
8910,1709195850.7059066,1709195850.7059133
8911,1709195850.8153121,1709195850.8153167
8912,1709195850.9104853,1709195850.910498
8913,1709195851.0096588,1709195851.0096638
8914,1709195851.1044817,1709195851.1044888
8915,1709195851.209723,1709195851.2097285
8916,1709195851.305163,1709195851.3051686
8917,1709195851.4023056,1709195851.4023113
8918,1709195851.5076404,1709195851.5076463
8919,1709195851.6076005,1709195851.6076055
8920,1709195851.7054763,1709195851.70549
8921,1709195851.8073986,1709195851.8074038
8922,1709195851.8999863,1709195851.899992
8923,1709195852.013116,1709195852.0131226
8924,1709195852.1015325,1709195852.1015384
8925,1709195852.2039318,1709195852.2039394
8926,1709195852.307636,1709195852.3076422
8927,1709195852.4134722,1709195852.413479
8928,1709195852.5153956,1709195852.5154018
8929,1709195852.6016345,1709195852.6016407
8930,1709195852.7146304,1709195852.7146358
8931,1709195852.806902,1709195852.8069088
8932,1709195852.907555,1709195852.9075603
8933,1709195853.006189,1709195853.0061953
8934,1709195853.10234,1709195853.102347
8935,1709195853.2145543,1709195853.21456
8936,1709195853.3122547,1709195853.3122823
8937,1709195853.4247868,1709195853.4247923
8938,1709195853.5024052,1709195853.5024107
8939,1709195853.6176183,1709195853.6176248
8940,1709195853.7011442,1709195853.70115
8941,1709195853.8244274,1709195853.8244345
8942,1709195853.9086492,1709195853.9086554
8943,1709195854.0095677,1709195854.0095723
8944,1709195854.1102574,1709195854.1102629
8945,1709195854.216983,1709195854.2169883
8946,1709195854.306359,1709195854.3063636
8947,1709195854.4159656,1709195854.4159698
8948,1709195854.5166585,1709195854.5166624
8949,1709195854.6131566,1709195854.6131623
8950,1709195854.700055,1709195854.70006
8951,1709195854.8065267,1709195854.8065312
8952,1709195854.9048812,1709195854.9048865
8953,1709195855.4989908,1709195855.4989963
8954,1709195855.5118027,1709195855.5118072
8955,1709195855.5990772,1709195855.5990832
8956,1709195855.7050245,1709195855.7050302
8957,1709195855.8033075,1709195855.8033135
8958,1709195855.9034352,1709195855.9034407
8959,1709195856.588613,1709195856.588619
8960,1709195856.6114311,1709195856.6114373
8961,1709195856.7282982,1709195856.7283049
8962,1709195856.8125837,1709195856.8125918
8963,1709195856.910674,1709195856.9106874
