,starttime,endtime
0,1709655956.3214743,1709655956.321485
1,1709655956.3301635,1709655956.3301709
2,1709655956.3730016,1709655956.3730094
3,1709655956.4851475,1709655956.4851537
4,1709655956.577767,1709655956.5777767
5,1709655956.6867814,1709655956.686787
6,1709655956.7763608,1709655956.7763674
7,1709655956.878417,1709655956.8784215
8,1709655956.9728916,1709655956.9728982
9,1709655957.0796103,1709655957.0796194
10,1709655957.1825192,1709655957.1825252
11,1709655957.2779295,1709655957.277936
12,1709655957.3764544,1709655957.3764613
13,1709655957.4820206,1709655957.482027
14,1709655957.5797138,1709655957.5797203
15,1709655957.6771173,1709655957.6771634
16,1709655957.7835991,1709655957.783612
17,1709655957.8773522,1709655957.8773575
18,1709655957.980802,1709655957.980809
19,1709655958.0794804,1709655958.0794876
20,1709655958.1753788,1709655958.1753871
21,1709655958.2837615,1709655958.2837684
22,1709655958.3762574,1709655958.3762648
23,1709655958.4812279,1709655958.4812326
24,1709655958.5787215,1709655958.5787258
25,1709655958.6934772,1709655958.6934843
26,1709655958.7875893,1709655958.7875946
27,1709655958.873298,1709655958.8733048
28,1709655958.9785504,1709655958.9785573
29,1709655959.07604,1709655959.0760472
30,1709655959.1738133,1709655959.1738217
31,1709655959.2831132,1709655959.2831206
32,1709655959.3732467,1709655959.3732553
33,1709655959.4798822,1709655959.4798882
34,1709655959.5785074,1709655959.578514
35,1709655959.6743038,1709655959.6743114
36,1709655959.782049,1709655959.7820563
37,1709655959.878415,1709655959.8784223
38,1709655959.9764926,1709655959.9764986
39,1709655960.0764294,1709655960.076436
40,1709655960.1769516,1709655960.1769564
41,1709655960.2746267,1709655960.2746327
42,1709655960.3781672,1709655960.3781714
43,1709655960.4778152,1709655960.4778225
44,1709655960.5787222,1709655960.578731
45,1709655960.6740563,1709655960.6740642
46,1709655960.7759461,1709655960.7759528
47,1709655960.8881884,1709655960.8881946
48,1709655960.980351,1709655960.9803581
49,1709655961.0815437,1709655961.081551
50,1709655961.1813345,1709655961.181341
51,1709655961.2806072,1709655961.2806137
52,1709655961.3777442,1709655961.377751
53,1709655961.4839702,1709655961.483978
54,1709655961.5928514,1709655961.6038487
55,1709655961.6831903,1709655961.683198
56,1709655961.7916427,1709655961.79165
57,1709655961.877826,1709655961.8778331
58,1709655961.9784372,1709655961.9784427
59,1709655962.0867844,1709655962.0867925
60,1709655962.1782022,1709655962.178209
61,1709655962.2822406,1709655962.2822459
62,1709655962.8979845,1709655962.8979943
63,1709655962.9087226,1709655962.90873
64,1709655962.973745,1709655962.9737504
65,1709655963.0738707,1709655963.0738785
66,1709655963.1748888,1709655963.174895
67,1709655963.2879558,1709655963.287963
68,1709655963.3781815,1709655963.378189
69,1709655963.472808,1709655963.4728122
70,1709655963.578962,1709655963.5789692
71,1709655963.6798599,1709655963.6798668
72,1709655963.7777963,1709655963.777803
73,1709655963.872944,1709655963.8729703
74,1709655963.980129,1709655963.9801369
75,1709655964.079082,1709655964.0790863
76,1709655964.173187,1709655964.1731942
77,1709655964.2726521,1709655964.272658
78,1709655964.376864,1709655964.3768694
79,1709655964.4743629,1709655964.4743705
80,1709655964.5810568,1709655964.581065
81,1709655964.6740081,1709655964.674015
82,1709655964.7802818,1709655964.7802877
83,1709655964.8821404,1709655964.8821476
84,1709655964.9808154,1709655964.9808269
85,1709655965.08117,1709655965.0811772
86,1709655965.182777,1709655965.182785
87,1709655965.2888007,1709655965.288825
88,1709655965.3739622,1709655965.3739705
89,1709655965.476559,1709655965.4765658
90,1709655965.5850167,1709655965.585023
91,1709655965.683669,1709655965.6836739
92,1709655965.7797623,1709655965.7797704
93,1709655965.8747604,1709655965.874767
94,1709655965.9739692,1709655965.9739842
95,1709655966.080275,1709655966.0802824
96,1709655966.1789834,1709655966.1789908
97,1709655966.272752,1709655966.2727594
98,1709655966.3727067,1709655966.3727121
99,1709655966.4781406,1709655966.4781487
100,1709655966.578077,1709655966.578085
101,1709655966.677054,1709655966.6770597
102,1709655966.7762418,1709655966.7762754
103,1709655966.873745,1709655966.8737507
104,1709655966.972512,1709655966.9725187
105,1709655967.0728972,1709655967.072905
106,1709655967.1774466,1709655967.1774523
107,1709655967.281287,1709655967.281296
108,1709655967.3750496,1709655967.3750558
109,1709655967.4746935,1709655967.4746985
110,1709655967.5931077,1709655967.5931158
111,1709655967.6896634,1709655967.6896713
112,1709655967.7793608,1709655967.7793684
113,1709655967.8843153,1709655967.8843207
114,1709655967.9825664,1709655967.9825737
115,1709655968.0745687,1709655968.0745754
116,1709655968.1752355,1709655968.1752434
117,1709655968.2850962,1709655968.2851033
118,1709655968.3739796,1709655968.3739865
119,1709655968.474868,1709655968.4748764
120,1709655968.5765216,1709655968.5765283
121,1709655968.684823,1709655968.6848302
122,1709655968.7782555,1709655968.7782643
123,1709655968.872732,1709655968.8727386
124,1709655969.1987379,1709655969.198745
125,1709655969.2081206,1709655969.208127
126,1709655969.2837384,1709655969.2837443
127,1709655969.3753786,1709655969.3753846
128,1709655969.4794474,1709655969.4794548
129,1709655969.5725272,1709655969.572533
130,1709655969.6911273,1709655969.6911335
131,1709655969.78013,1709655969.7801356
132,1709655969.874788,1709655969.8747942
133,1709655969.980519,1709655969.9805255
134,1709655970.079254,1709655970.0792606
135,1709655970.1811469,1709655970.1811533
136,1709655970.290674,1709655970.2906795
137,1709655970.3848343,1709655970.384844
138,1709655970.472525,1709655970.47253
139,1709655970.580438,1709655970.5804446
140,1709655970.6859853,1709655970.6859922
141,1709655970.7850308,1709655970.7850368
142,1709655970.8842301,1709655970.8842375
143,1709655970.9784517,1709655970.9784584
144,1709655971.0891547,1709655971.0891612
145,1709655971.185984,1709655971.1859908
146,1709655971.2822354,1709655971.2822416
147,1709655971.3821807,1709655971.3821874
148,1709655971.4788728,1709655971.478879
149,1709655971.5805447,1709655971.5805504
150,1709655971.6740103,1709655971.674017
151,1709655971.783832,1709655971.7838387
152,1709655971.88208,1709655971.8820868
153,1709655971.9762297,1709655971.9762356
154,1709655972.0778227,1709655972.0778286
155,1709655972.1757002,1709655972.1757076
156,1709655972.273003,1709655972.27301
157,1709655972.3750143,1709655972.3750224
158,1709655972.4853127,1709655972.4853194
159,1709655972.6009715,1709655972.600978
160,1709655972.6858928,1709655972.685899
161,1709655972.7811992,1709655972.781205
162,1709655972.881258,1709655972.8812625
163,1709655972.9781747,1709655972.9781818
164,1709655973.078846,1709655973.078852
165,1709655973.1784334,1709655973.17844
166,1709655973.281447,1709655973.2814534
167,1709655973.375141,1709655973.3751469
168,1709655973.487027,1709655973.487033
169,1709655973.5866024,1709655973.5866086
170,1709655973.6801853,1709655973.6801927
171,1709655973.7846842,1709655973.7846928
172,1709655973.8758378,1709655973.8758433
173,1709655973.9757905,1709655973.9757972
174,1709655974.0763168,1709655974.0764184
175,1709655974.1804507,1709655974.1805453
176,1709655974.274686,1709655974.274751
177,1709655974.37733,1709655974.377381
178,1709655974.4801059,1709655974.4801867
179,1709655974.5805058,1709655974.580562
180,1709655974.6770287,1709655974.677082
181,1709655974.7955186,1709655974.7955663
182,1709655974.8795066,1709655974.8795655
183,1709655974.9771805,1709655974.9772394
184,1709655975.0892835,1709655975.089371
185,1709655975.183248,1709655975.1833045
186,1709655975.2826145,1709655975.2826521
187,1709655975.3999918,1709655975.4000423
188,1709655975.4927666,1709655975.4928167
189,1709655975.5858345,1709655975.5859342
190,1709655975.676546,1709655975.6766942
191,1709655975.7744298,1709655975.7745328
192,1709655975.879869,1709655975.8799453
193,1709655975.9731238,1709655975.9731927
194,1709655976.0744407,1709655976.074535
195,1709655976.1877708,1709655976.1878412
196,1709655976.295837,1709655976.2959065
197,1709655976.3821607,1709655976.3822296
198,1709655976.4735835,1709655976.4736848
199,1709655976.5735073,1709655976.5736113
200,1709655976.6763709,1709655976.6764655
201,1709655976.7803512,1709655976.7804453
202,1709655976.872769,1709655976.87286
203,1709655976.988032,1709655976.9880896
204,1709655977.0743332,1709655977.074416
205,1709655977.1775491,1709655977.1776001
206,1709655977.2813797,1709655977.2814724
207,1709655977.373769,1709655977.373829
208,1709655977.4731927,1709655977.4732277
209,1709655977.578662,1709655977.578747
210,1709655977.6873877,1709655977.6874619
211,1709655977.775113,1709655977.775254
212,1709655977.8765452,1709655977.8766682
213,1709655977.993493,1709655977.9936228
214,1709655978.0936313,1709655978.0937278
215,1709655978.183935,1709655978.1840296
216,1709655978.27363,1709655978.2737257
217,1709655978.3782866,1709655978.3783724
218,1709655978.4748151,1709655978.4749446
219,1709655978.5758488,1709655978.5758862
220,1709655978.6725721,1709655978.6726172
221,1709655978.7750874,1709655978.7751625
222,1709655978.8818002,1709655978.881891
223,1709655978.9888597,1709655978.988971
224,1709655979.0777493,1709655979.077846
225,1709655979.179465,1709655979.1795554
226,1709655979.2773705,1709655979.2774525
227,1709655979.3863826,1709655979.3864393
228,1709655979.489489,1709655979.489604
229,1709655979.5825882,1709655979.5826871
230,1709655979.6860046,1709655979.686102
231,1709655979.7789404,1709655979.7790227
232,1709655979.8735194,1709655979.8736048
233,1709655979.9867685,1709655979.98687
234,1709655980.073795,1709655980.0738904
235,1709655980.1778855,1709655980.17796
236,1709655980.2830527,1709655980.2831457
237,1709655980.383665,1709655980.3838017
238,1709655980.4725027,1709655980.4725907
239,1709655980.5795174,1709655980.5796075
240,1709655980.681127,1709655980.6812267
241,1709655980.7726161,1709655980.772696
242,1709655980.8797607,1709655980.8798213
243,1709655980.998798,1709655980.998871
244,1709655981.074052,1709655981.0741236
245,1709655981.1803586,1709655981.1804986
246,1709655981.3050742,1709655981.3051775
247,1709655981.3840773,1709655981.384172
248,1709655981.4813902,1709655981.4814935
249,1709655981.5768964,1709655981.5770366
250,1709655981.6769927,1709655981.6770697
251,1709655981.7782094,1709655981.7783015
252,1709655981.8886418,1709655981.8887393
253,1709655981.9888248,1709655981.9889152
254,1709655982.104838,1709655982.1049323
255,1709655982.1841803,1709655982.1842725
256,1709655982.2899277,1709655982.2900224
257,1709655982.3855598,1709655982.385646
258,1709655982.48287,1709655982.482905
259,1709655982.5725236,1709655982.5725772
260,1709655982.6782131,1709655982.6782923
261,1709655982.788244,1709655982.7883031
262,1709655982.8836596,1709655982.883713
263,1709655982.995639,1709655982.9956472
264,1709655983.0976405,1709655983.0976474
265,1709655983.184314,1709655983.1843224
266,1709655983.2981157,1709655983.2981222
267,1709655983.3856153,1709655983.385622
268,1709655983.4730036,1709655983.473011
269,1709655983.575815,1709655983.5758214
270,1709655983.6782975,1709655983.678304
271,1709655983.790353,1709655983.7903588
272,1709655983.8787575,1709655983.8787649
273,1709655983.9840426,1709655983.9840508
274,1709655984.0729086,1709655984.0729156
275,1709655984.181851,1709655984.1818552
276,1709655984.2834575,1709655984.2834635
277,1709655984.3724816,1709655984.3724887
278,1709655984.4775658,1709655984.4775794
279,1709655984.5802321,1709655984.580239
280,1709655984.6810656,1709655984.6810722
281,1709655984.7776403,1709655984.7776473
282,1709655984.881643,1709655984.8816514
283,1709655984.980664,1709655984.983806
284,1709655985.077375,1709655985.080264
285,1709655985.1774085,1709655985.1814246
286,1709655985.2830307,1709655985.2875476
287,1709655985.3789256,1709655985.382924
288,1709655985.4734495,1709655985.4760082
289,1709655985.5745099,1709655985.5791106
290,1709655985.677234,1709655985.6806607
291,1709655985.7738407,1709655985.777767
292,1709655985.885859,1709655985.8899837
293,1709655985.9756172,1709655985.9786396
294,1709655986.0849464,1709655986.087654
295,1709655986.17345,1709655986.1758664
296,1709655986.2798862,1709655986.283108
297,1709655986.3754473,1709655986.37835
298,1709655986.477234,1709655986.4804657
299,1709655986.5752916,1709655986.5779378
300,1709655986.6739974,1709655986.6769083
301,1709655986.7782366,1709655986.7818034
302,1709655986.8800442,1709655986.8821626
303,1709655986.9729943,1709655986.9760847
304,1709655987.073764,1709655987.07656
305,1709655987.173253,1709655987.176639
306,1709655987.2757163,1709655987.278852
307,1709655987.374208,1709655987.3889418
308,1709655987.4736528,1709655987.4781117
309,1709655987.581702,1709655987.5872467
310,1709655987.6732538,1709655987.676348
311,1709655987.7763126,1709655987.7796252
312,1709655987.885513,1709655987.8888583
313,1709655987.974213,1709655987.9777002
314,1709655988.0862305,1709655988.0897126
315,1709655988.1742835,1709655988.1771028
316,1709655988.2742562,1709655988.280854
317,1709655988.3745987,1709655988.3778195
318,1709655988.4728224,1709655988.4753904
319,1709655988.5729918,1709655988.5763052
320,1709655988.673935,1709655988.6772857
321,1709655988.7759352,1709655988.7806718
322,1709655988.8727682,1709655988.8819242
323,1709655988.9805963,1709655988.9837646
324,1709655989.0860083,1709655989.088733
325,1709655989.1749344,1709655989.1772125
326,1709655989.2755005,1709655989.2793608
327,1709655989.3740702,1709655989.3778176
328,1709655989.473085,1709655989.4763064
329,1709655989.5760796,1709655989.5795126
330,1709655989.6754243,1709655989.6787508
331,1709655989.7737694,1709655989.7765718
332,1709655989.883719,1709655989.8875773
333,1709655989.973473,1709655989.9768074
334,1709655990.0760927,1709655990.0789955
335,1709655990.1829102,1709655990.189347
336,1709655990.2745767,1709655990.277937
337,1709655990.3728,1709655990.375589
338,1709655990.4843314,1709655990.4878445
339,1709655990.5742495,1709655990.5773628
340,1709655990.6733584,1709655990.6786282
341,1709655990.7824667,1709655990.7855203
342,1709655990.8762205,1709655990.8796122
343,1709655990.9769835,1709655990.9796252
344,1709655991.0806794,1709655991.0835829
345,1709655991.172848,1709655991.175694
346,1709655991.2784882,1709655991.2824674
347,1709655991.3854055,1709655991.389298
348,1709655991.47524,1709655991.4774318
349,1709655991.5768282,1709655991.5807967
350,1709655991.6943111,1709655991.710086
351,1709655991.7862136,1709655991.7937458
352,1709655991.8755825,1709655991.8788607
353,1709655991.9856591,1709655991.9884374
354,1709655992.0792112,1709655992.0821745
355,1709655992.1738348,1709655992.1769242
356,1709655992.274314,1709655992.277596
357,1709655992.3799624,1709655992.382653
358,1709655992.4726796,1709655992.4756632
359,1709655992.575956,1709655992.5790434
360,1709655992.6757383,1709655992.678896
361,1709655992.775774,1709655992.778643
362,1709655992.8813827,1709655992.8843217
363,1709655992.9746134,1709655992.9783304
364,1709655993.0947783,1709655993.096389
365,1709655993.1746886,1709655993.1771295
366,1709655993.2847266,1709655993.287591
367,1709655993.3749368,1709655993.3782084
368,1709655993.4767349,1709655993.480202
369,1709655993.5724056,1709655993.5752864
370,1709655993.6748,1709655993.6786208
371,1709655993.7795682,1709655993.7822425
372,1709655993.8799598,1709655993.8827069
373,1709655993.9822707,1709655993.9862494
374,1709655994.0804281,1709655994.0832283
375,1709655994.1751347,1709655994.1781485
376,1709655994.2764459,1709655994.2791746
377,1709655994.3735728,1709655994.3759398
378,1709655994.472801,1709655994.4755697
379,1709655994.5733252,1709655994.5768752
380,1709655994.6776888,1709655994.6806006
381,1709655994.7723234,1709655994.7752852
382,1709655994.8750117,1709655994.878127
383,1709655994.9842143,1709655994.9871376
384,1709655995.079201,1709655995.079205
385,1709655995.1726074,1709655995.172614
386,1709655995.280782,1709655995.2807882
387,1709655995.3732913,1709655995.3732975
388,1709655995.4742804,1709655995.4742856
389,1709655995.5777395,1709655995.5777457
390,1709655995.6738107,1709655995.6738148
391,1709655995.7764428,1709655995.7764487
392,1709655995.8762798,1709655995.8762846
393,1709655995.9733179,1709655995.973323
394,1709655996.073086,1709655996.073092
395,1709655996.1772516,1709655996.1772575
396,1709655996.2722194,1709655996.2722251
397,1709655996.3793015,1709655996.3793082
398,1709655996.485647,1709655996.4856524
399,1709655996.57397,1709655996.5739748
400,1709655996.6729639,1709655996.6729684
401,1709655996.7752767,1709655996.7752829
402,1709655996.8731718,1709655996.8731787
403,1709655996.9721084,1709655996.9721138
404,1709655997.0854461,1709655997.0854523
405,1709655997.176537,1709655997.1765432
406,1709655997.2738473,1709655997.273854
407,1709655997.3728478,1709655997.3728542
408,1709655997.47261,1709655997.4726155
409,1709655997.5728052,1709655997.5728095
410,1709655997.6742508,1709655997.6742563
411,1709655997.7741454,1709655997.774151
412,1709655997.879319,1709655997.8793232
413,1709655997.9865987,1709655997.9866052
414,1709655998.0773296,1709655998.0773358
415,1709655998.1743743,1709655998.1743836
416,1709655998.2758603,1709655998.2758656
417,1709655998.376877,1709655998.3768823
418,1709655998.4735775,1709655998.4735818
419,1709655998.5809348,1709655998.580941
420,1709655998.6774533,1709655998.6774597
421,1709655998.773179,1709655998.7731855
422,1709655998.8754077,1709655998.875413
423,1709655998.9722946,1709655998.9723005
424,1709655999.0743232,1709655999.0743308
425,1709655999.1770844,1709655999.1770911
426,1709655999.2720141,1709655999.2720182
427,1709655999.3790312,1709655999.3790371
428,1709655999.477732,1709655999.4777377
429,1709655999.5727923,1709655999.5727987
430,1709655999.6754572,1709655999.6754634
431,1709655999.7772193,1709655999.777225
432,1709655999.872737,1709655999.8727431
433,1709655999.9730973,1709655999.9731033
434,1709656000.0756588,1709656000.0756652
435,1709656000.1727614,1709656000.1727653
436,1709656000.272389,1709656000.272393
437,1709656000.3739314,1709656000.3739357
438,1709656000.4729884,1709656000.4729943
439,1709656000.5743122,1709656000.574318
440,1709656000.6792178,1709656000.6792238
441,1709656000.7728176,1709656000.7728236
442,1709656000.8739214,1709656000.8739254
443,1709656000.9795802,1709656000.9795868
444,1709656001.0792985,1709656001.079305
445,1709656001.1721308,1709656001.1721346
446,1709656001.2784133,1709656001.2784195
447,1709656001.3728704,1709656001.3728757
448,1709656001.4726677,1709656001.4726737
449,1709656001.576741,1709656001.576747
450,1709656001.6725926,1709656001.6725988
451,1709656001.7743895,1709656001.7743943
452,1709656001.8765488,1709656001.876556
453,1709656001.9725204,1709656001.9725246
454,1709656002.0730405,1709656002.073047
455,1709656002.1767035,1709656002.17671
456,1709656002.274989,1709656002.2749946
457,1709656002.3723907,1709656002.3723965
458,1709656002.479403,1709656002.479407
459,1709656002.576172,1709656002.576178
460,1709656002.672816,1709656002.6728222
461,1709656002.7736313,1709656002.7736368
462,1709656002.8761284,1709656002.8761365
463,1709656002.9724927,1709656002.9724991
464,1709656003.075957,1709656003.075963
465,1709656003.178262,1709656003.1782677
466,1709656003.2727234,1709656003.2727292
467,1709656003.3735895,1709656003.373596
468,1709656003.4761214,1709656003.476127
469,1709656003.5756059,1709656003.5756118
470,1709656003.6768608,1709656003.676865
471,1709656003.7735717,1709656003.7735775
472,1709656003.8729053,1709656003.8729107
473,1709656003.9734762,1709656003.9734797
474,1709656004.0749195,1709656004.0749247
475,1709656004.173241,1709656004.1732464
476,1709656004.2736003,1709656004.273606
477,1709656004.372691,1709656004.3726964
478,1709656004.472667,1709656004.4726737
479,1709656004.5770092,1709656004.5770147
480,1709656004.6789155,1709656004.6789217
481,1709656004.7727883,1709656004.7727938
482,1709656004.8771973,1709656004.8772032
483,1709656004.9782271,1709656004.9782343
484,1709656005.072462,1709656005.0724669
485,1709656005.1930826,1709656005.1930888
486,1709656005.277115,1709656005.277121
487,1709656005.373502,1709656005.3735082
488,1709656005.4759564,1709656005.4759634
489,1709656005.5799737,1709656005.5799794
490,1709656005.6737947,1709656005.673801
491,1709656005.7774014,1709656005.7774084
492,1709656005.874472,1709656005.8744795
493,1709656005.9760885,1709656005.9760957
494,1709656006.0873919,1709656006.0873988
495,1709656006.176049,1709656006.1760538
496,1709656006.280575,1709656006.2805815
497,1709656006.3801348,1709656006.3801405
498,1709656006.4855592,1709656006.4855654
499,1709656006.581429,1709656006.581436
500,1709656006.6841009,1709656006.6841078
501,1709656006.7811213,1709656006.7811275
502,1709656006.8732243,1709656006.873231
503,1709656006.9848847,1709656006.9848897
504,1709656007.0770204,1709656007.0770266
505,1709656007.1818373,1709656007.1846359
506,1709656007.280932,1709656007.2842844
507,1709656007.3840775,1709656007.3869066
508,1709656007.4738965,1709656007.4771597
509,1709656007.5886364,1709656007.59148
510,1709656007.6730366,1709656007.6768668
511,1709656007.7740397,1709656007.7769852
512,1709656007.8765767,1709656007.8787143
513,1709656007.9811103,1709656007.9848497
514,1709656008.0733843,1709656008.0761282
515,1709656008.2387843,1709656008.2419734
516,1709656008.3120136,1709656008.3151631
517,1709656008.4221303,1709656008.4251382
518,1709656008.4988213,1709656008.501889
519,1709656008.5844138,1709656008.5882983
520,1709656008.6848183,1709656008.6885715
521,1709656008.7802699,1709656008.7832043
522,1709656008.884359,1709656008.8884628
523,1709656008.9798012,1709656008.9824774
524,1709656009.0831056,1709656009.0860262
525,1709656009.1821434,1709656009.1847277
526,1709656009.2730033,1709656009.275812
527,1709656009.3763254,1709656009.37922
528,1709656009.4835532,1709656009.4872317
529,1709656009.5793998,1709656009.582203
530,1709656009.67568,1709656009.6783917
531,1709656009.778146,1709656009.7808714
532,1709656009.8795342,1709656009.882038
533,1709656009.97596,1709656009.9788353
534,1709656010.0785017,1709656010.080957
535,1709656010.173284,1709656010.1756117
536,1709656010.2814384,1709656010.2841344
537,1709656010.3796973,1709656010.38725
538,1709656010.4786904,1709656010.4808435
539,1709656010.5851226,1709656010.5883574
540,1709656010.673686,1709656010.6763563
541,1709656010.773075,1709656010.775479
542,1709656010.8809133,1709656010.8837633
543,1709656010.9808578,1709656010.9840457
544,1709656011.075996,1709656011.0789635
545,1709656011.185581,1709656011.1887195
546,1709656011.2834644,1709656011.2867646
547,1709656011.3850155,1709656011.388139
548,1709656011.4794092,1709656011.4820187
549,1709656011.584738,1709656011.5880911
550,1709656011.672387,1709656011.6754632
551,1709656011.774475,1709656011.7774181
552,1709656011.876802,1709656011.879837
553,1709656011.9775417,1709656011.9803863
554,1709656012.0781014,1709656012.0812604
555,1709656012.2022574,1709656012.2043006
556,1709656012.276466,1709656012.2785456
557,1709656012.379508,1709656012.3825397
558,1709656012.4798927,1709656012.4825482
559,1709656012.5861032,1709656012.5892
560,1709656012.6768785,1709656012.6802905
561,1709656012.7780106,1709656012.7808437
562,1709656012.8749259,1709656012.8770895
563,1709656012.9792118,1709656012.9822552
564,1709656013.0743446,1709656013.0771873
565,1709656013.177293,1709656013.1800723
566,1709656013.2730925,1709656013.2750957
567,1709656013.3748813,1709656013.3774734
568,1709656013.4726424,1709656013.475474
569,1709656013.5848906,1709656013.588675
570,1709656013.6799383,1709656013.6828573
571,1709656013.7764156,1709656013.7784917
572,1709656013.8812978,1709656013.8854015
573,1709656013.9798768,1709656013.9826627
574,1709656014.0766513,1709656014.0794132
575,1709656014.1855876,1709656014.1855946
576,1709656014.2813466,1709656014.2813537
577,1709656014.3825812,1709656014.3825912
578,1709656014.4784575,1709656014.4784625
579,1709656014.594956,1709656014.5949628
580,1709656014.6756177,1709656014.6756244
581,1709656014.7741222,1709656014.774127
582,1709656014.8797238,1709656014.8797302
583,1709656014.984444,1709656014.98445
584,1709656015.0836427,1709656015.083648
585,1709656015.1774778,1709656015.1774843
586,1709656015.2762449,1709656015.276251
587,1709656015.3815038,1709656015.3815105
588,1709656015.4877186,1709656015.4877257
589,1709656015.5786035,1709656015.578608
590,1709656015.6820257,1709656015.6820357
591,1709656015.7730262,1709656015.773031
592,1709656015.8756726,1709656015.875677
593,1709656015.980961,1709656015.9809668
594,1709656016.0780222,1709656016.0780294
595,1709656016.1803591,1709656016.180367
596,1709656016.274067,1709656016.274073
597,1709656016.3777597,1709656016.3777664
598,1709656016.4751818,1709656016.4751883
599,1709656016.5806553,1709656016.5806608
600,1709656016.6771495,1709656016.6771533
601,1709656016.7734013,1709656016.773408
602,1709656016.8811483,1709656016.8811548
603,1709656016.9814794,1709656016.981485
604,1709656017.0894349,1709656017.0894456
605,1709656017.1843314,1709656017.1843371
606,1709656017.28745,1709656017.287457
607,1709656017.3865724,1709656017.386578
608,1709656017.4850447,1709656017.4850502
609,1709656017.5803187,1709656017.580326
610,1709656017.6995227,1709656017.6995313
611,1709656017.7852914,1709656017.7852972
612,1709656017.8947535,1709656017.8947632
613,1709656017.9765592,1709656017.9765654
614,1709656018.077872,1709656018.077879
615,1709656018.1813295,1709656018.181335
616,1709656018.3236866,1709656018.3236923
617,1709656018.3812504,1709656018.3812563
618,1709656018.4776082,1709656018.4776144
619,1709656018.579896,1709656018.5799031
620,1709656018.687846,1709656018.6878521
621,1709656018.7830923,1709656018.7830985
622,1709656018.8871546,1709656018.8871634
623,1709656018.980382,1709656018.98039
624,1709656019.0751796,1709656019.0751832
625,1709656019.184175,1709656019.1841826
626,1709656019.2765465,1709656019.2765527
627,1709656019.3826425,1709656019.3826482
628,1709656019.483492,1709656019.4835005
629,1709656019.5831933,1709656019.5832005
630,1709656019.6817062,1709656019.6817136
631,1709656019.7841218,1709656019.7841299
632,1709656019.8786938,1709656019.8786976
633,1709656019.981539,1709656019.9815466
634,1709656020.0821931,1709656020.0821998
635,1709656020.1825662,1709656020.182573
636,1709656020.2810557,1709656020.2810624
637,1709656020.3907356,1709656020.3907435
638,1709656020.4753733,1709656020.4753792
639,1709656020.5798466,1709656020.5798507
640,1709656020.6929905,1709656020.6930046
641,1709656020.7838428,1709656020.783849
642,1709656020.8822892,1709656020.882295
643,1709656020.9733648,1709656020.973372
644,1709656021.0957642,1709656021.0957706
645,1709656021.1805577,1709656021.1805646
646,1709656021.2779856,1709656021.2779906
647,1709656021.3821971,1709656021.382203
648,1709656021.4818296,1709656021.4818358
649,1709656021.6057396,1709656021.6057491
650,1709656021.697774,1709656021.6977804
651,1709656021.7824888,1709656021.782494
652,1709656021.8799634,1709656021.8799696
653,1709656021.9798183,1709656021.9798248
654,1709656022.0799932,1709656022.0800004
655,1709656022.1896048,1709656022.18961
656,1709656022.3243,1709656022.3243067
657,1709656022.3911848,1709656022.3911905
658,1709656022.487422,1709656022.487428
659,1709656022.6098137,1709656022.6098218
660,1709656022.6895502,1709656022.689555
661,1709656022.790366,1709656022.790373
662,1709656022.8982456,1709656022.8982553
663,1709656022.983335,1709656022.98334
664,1709656023.0816035,1709656023.0816107
665,1709656023.1809232,1709656023.1809306
666,1709656023.2744863,1709656023.2744944
667,1709656023.3820324,1709656023.38204
668,1709656023.4814415,1709656023.4814475
669,1709656023.5736394,1709656023.5736456
670,1709656023.6891055,1709656023.6891136
671,1709656023.7811704,1709656023.7811766
672,1709656023.8877132,1709656023.887719
673,1709656023.985715,1709656023.9857225
674,1709656024.0768528,1709656024.076859
675,1709656024.180614,1709656024.180618
676,1709656024.3331933,1709656024.3332524
677,1709656024.3923173,1709656024.3923473
678,1709656024.4794095,1709656024.479417
679,1709656024.5979226,1709656024.597929
680,1709656024.6891189,1709656024.689128
681,1709656024.7971616,1709656024.7971692
682,1709656024.8796773,1709656024.8796844
683,1709656024.9925506,1709656024.9925592
684,1709656025.0818355,1709656025.0818417
685,1709656025.1909294,1709656025.1909404
686,1709656025.287359,1709656025.287365
687,1709656025.3829985,1709656025.3830047
688,1709656025.4838576,1709656025.4838645
689,1709656025.5879612,1709656025.58797
690,1709656025.6779888,1709656025.6779954
691,1709656025.7764807,1709656025.776487
692,1709656025.8846977,1709656025.8847032
693,1709656025.9771256,1709656025.9771316
694,1709656026.088394,1709656026.0884042
695,1709656026.1975677,1709656026.197574
696,1709656026.2825246,1709656026.2825308
697,1709656026.391962,1709656026.3919687
698,1709656026.4786549,1709656026.4786599
699,1709656026.919178,1709656026.9191887
700,1709656026.9322689,1709656026.932275
701,1709656026.9899256,1709656026.9899316
702,1709656027.0929673,1709656027.0929737
703,1709656027.189429,1709656027.1894355
704,1709656027.2858903,1709656027.2858975
705,1709656027.3937488,1709656027.393757
706,1709656027.4818702,1709656027.481876
707,1709656027.5905159,1709656027.5905223
708,1709656027.6812754,1709656027.681281
709,1709656027.7790895,1709656027.7790956
710,1709656027.8900902,1709656027.8900976
711,1709656027.9858227,1709656027.9858305
712,1709656028.081891,1709656028.0818985
713,1709656028.1822264,1709656028.1822336
714,1709656028.276908,1709656028.2769153
715,1709656028.387831,1709656028.3878386
716,1709656028.474826,1709656028.474833
717,1709656028.5789113,1709656028.578918
718,1709656028.6795037,1709656028.6795099
719,1709656028.7775083,1709656028.7775133
720,1709656028.878039,1709656028.878044
721,1709656028.9837282,1709656028.9837332
722,1709656029.0820513,1709656029.082057
723,1709656029.192054,1709656029.1920624
724,1709656029.289515,1709656029.2895226
725,1709656029.3904934,1709656029.3905005
726,1709656029.476185,1709656029.4761906
727,1709656029.5770571,1709656029.5770624
728,1709656029.6759157,1709656029.6759222
729,1709656029.7773669,1709656029.7773726
730,1709656029.873089,1709656029.8730958
731,1709656029.9857285,1709656029.9857345
732,1709656030.0808332,1709656030.0808399
733,1709656030.176494,1709656030.1764996
734,1709656030.2764277,1709656030.276433
735,1709656030.3760345,1709656030.3760397
736,1709656030.47988,1709656030.4798863
737,1709656030.5794797,1709656030.5794866
738,1709656030.6861424,1709656030.6861477
739,1709656030.7739697,1709656030.7739754
740,1709656030.874083,1709656030.8740888
741,1709656030.9777637,1709656030.9777696
742,1709656031.0771835,1709656031.0771897
743,1709656031.176505,1709656031.1765122
744,1709656031.2762842,1709656031.2762907
745,1709656031.3770201,1709656031.3770258
746,1709656031.477675,1709656031.4776819
747,1709656031.5990045,1709656031.5990098
748,1709656031.6788306,1709656031.678837
749,1709656031.7851698,1709656031.785176
750,1709656031.87832,1709656031.878327
751,1709656031.984771,1709656031.9847772
752,1709656032.080592,1709656032.0805986
753,1709656032.1843715,1709656032.1843781
754,1709656032.290234,1709656032.290242
755,1709656032.374041,1709656032.3740451
756,1709656032.479659,1709656032.4796665
757,1709656032.5791602,1709656032.5791676
758,1709656032.6843414,1709656032.6843474
759,1709656032.781558,1709656032.7815645
760,1709656032.8911338,1709656032.8911397
761,1709656032.9933126,1709656032.9933186
762,1709656033.1000729,1709656033.1000805
763,1709656033.1912425,1709656033.1913714
764,1709656033.2814796,1709656033.28149
765,1709656033.3812127,1709656033.3812196
766,1709656033.4794865,1709656033.4794948
767,1709656033.5767272,1709656033.576734
768,1709656033.6839473,1709656033.683954
769,1709656033.7775834,1709656033.7775898
770,1709656033.882297,1709656033.8823044
771,1709656033.9793508,1709656033.979358
772,1709656034.07542,1709656034.0754235
773,1709656034.1804807,1709656034.1804872
774,1709656034.2863536,1709656034.2863603
775,1709656034.3756716,1709656034.3756766
776,1709656034.485237,1709656034.485242
777,1709656034.581096,1709656034.5811057
778,1709656034.6773202,1709656034.6773255
779,1709656034.7775285,1709656034.7775345
780,1709656034.8777158,1709656034.877721
781,1709656034.976913,1709656034.9769197
782,1709656035.0850556,1709656035.0850625
783,1709656035.1817615,1709656035.1817675
784,1709656035.2741125,1709656035.274119
785,1709656035.3729997,1709656035.3730056
786,1709656035.4773166,1709656035.477323
787,1709656035.5768268,1709656035.5768347
788,1709656035.6833408,1709656035.6833477
789,1709656035.7735088,1709656035.7735152
790,1709656035.8849027,1709656035.884909
791,1709656035.9787667,1709656035.9787738
792,1709656036.0818388,1709656036.0818439
793,1709656036.1851454,1709656036.1851497
794,1709656036.3182309,1709656036.318237
795,1709656036.381737,1709656036.3817453
796,1709656036.4830546,1709656036.4830616
797,1709656036.5752695,1709656036.5752769
798,1709656036.6747103,1709656036.6747177
799,1709656036.7753751,1709656036.775383
800,1709656036.8780222,1709656036.8780286
801,1709656036.9815164,1709656036.9815235
802,1709656037.0842211,1709656037.0842257
803,1709656037.176103,1709656037.17611
804,1709656037.2809627,1709656037.2809696
805,1709656037.3959756,1709656037.3959816
806,1709656037.4865808,1709656037.4865866
807,1709656037.5880413,1709656037.5880487
808,1709656037.6801667,1709656037.6801727
809,1709656037.7809973,1709656037.7810044
810,1709656037.8854635,1709656037.8854733
811,1709656037.9832516,1709656037.983258
812,1709656038.0733323,1709656038.0733373
813,1709656038.1930313,1709656038.1930425
814,1709656038.274048,1709656038.274055
815,1709656038.372352,1709656038.3723588
816,1709656038.484554,1709656038.4845598
817,1709656038.5886724,1709656038.5886786
818,1709656038.6789389,1709656038.678945
819,1709656038.787812,1709656038.7878177
820,1709656038.888869,1709656038.8888748
821,1709656038.9880507,1709656038.988057
822,1709656039.0805001,1709656039.0805082
823,1709656039.19653,1709656039.1965363
824,1709656039.2879117,1709656039.2879174
825,1709656039.3745131,1709656039.3745193
826,1709656039.486821,1709656039.4868286
827,1709656039.5938628,1709656039.5938942
828,1709656039.7044108,1709656039.7044165
829,1709656039.7764862,1709656039.776493
830,1709656039.8915024,1709656039.8915088
831,1709656039.9835505,1709656039.9835567
832,1709656040.0902336,1709656040.0902405
833,1709656040.2063482,1709656040.2063568
834,1709656040.315092,1709656040.3151028
835,1709656040.392833,1709656040.392841
836,1709656040.487287,1709656040.4872944
837,1709656040.61187,1709656040.6118782
838,1709656040.6851861,1709656040.6851923
839,1709656040.774298,1709656040.774305
840,1709656040.8861206,1709656040.8861277
841,1709656040.9796803,1709656040.9797134
842,1709656041.079045,1709656041.079052
843,1709656041.1743207,1709656041.174327
844,1709656041.2817848,1709656041.2817922
845,1709656041.3783422,1709656041.3783486
846,1709656041.4762404,1709656041.4762466
847,1709656041.5996723,1709656041.5996792
848,1709656041.6909266,1709656041.6909332
849,1709656041.7803774,1709656041.7803848
850,1709656041.8964071,1709656041.896413
851,1709656041.9822497,1709656041.9822555
852,1709656042.092441,1709656042.092448
853,1709656042.1800404,1709656042.1800468
854,1709656042.2831128,1709656042.283119
855,1709656042.3809743,1709656042.38098
856,1709656042.4873736,1709656042.4873824
857,1709656042.5821335,1709656042.5821402
858,1709656042.694563,1709656042.694568
859,1709656042.7888603,1709656042.7888668
860,1709656042.8877633,1709656042.887769
861,1709656042.9959736,1709656042.9959798
862,1709656043.0842404,1709656043.0842478
863,1709656043.1830885,1709656043.1830945
864,1709656043.2859015,1709656043.2859082
865,1709656043.383965,1709656043.3839717
866,1709656043.5101407,1709656043.5101511
867,1709656043.5810122,1709656043.5810187
868,1709656043.6902983,1709656043.6903095
869,1709656043.7825866,1709656043.782593
870,1709656043.8810506,1709656043.8810582
871,1709656043.9731758,1709656043.973183
872,1709656044.088058,1709656044.0880647
873,1709656044.1906734,1709656044.190679
874,1709656044.2774458,1709656044.2774544
875,1709656044.3834376,1709656044.3834453
876,1709656044.486133,1709656044.4861412
877,1709656044.5950751,1709656044.5950837
878,1709656044.6811204,1709656044.6811268
879,1709656044.7891898,1709656044.7891967
880,1709656044.900143,1709656044.9001503
881,1709656044.9904497,1709656044.9904602
882,1709656045.0845878,1709656045.0845962
883,1709656045.1833625,1709656045.1833696
884,1709656045.2863452,1709656045.2863522
885,1709656045.3836815,1709656045.3836875
886,1709656045.48066,1709656045.4806674
887,1709656045.5936916,1709656045.593698
888,1709656045.6830208,1709656045.6830263
889,1709656045.7834225,1709656045.7834282
890,1709656045.8775222,1709656045.877529
891,1709656045.981798,1709656045.9818046
892,1709656046.1048899,1709656046.1048973
893,1709656046.1853814,1709656046.1853883
894,1709656046.275342,1709656046.2753484
895,1709656046.3805802,1709656046.3805857
896,1709656046.4864967,1709656046.4865026
897,1709656046.5801075,1709656046.5801132
898,1709656046.6775494,1709656046.6775584
899,1709656046.7900429,1709656046.7900503
900,1709656046.8884742,1709656046.8884792
901,1709656046.9813828,1709656046.981389
902,1709656047.0888698,1709656047.0888755
903,1709656047.1810954,1709656047.181101
904,1709656047.27739,1709656047.2773974
905,1709656047.375192,1709656047.3751986
906,1709656047.4808745,1709656047.4808805
907,1709656047.575333,1709656047.5753403
908,1709656047.6879022,1709656047.687909
909,1709656047.7774723,1709656047.7774794
910,1709656047.876898,1709656047.8769066
911,1709656047.988258,1709656047.9882648
912,1709656048.0792816,1709656048.079288
913,1709656048.182196,1709656048.1822045
914,1709656048.3504322,1709656048.35044
915,1709656048.4029555,1709656048.4029622
916,1709656048.4865088,1709656048.486516
917,1709656048.5879712,1709656048.587978
918,1709656048.6839144,1709656048.6839218
919,1709656048.7831426,1709656048.7831497
920,1709656048.8769252,1709656048.8769321
921,1709656048.9815893,1709656048.981597
922,1709656049.0772617,1709656049.0772705
923,1709656049.1771662,1709656049.1771739
924,1709656049.289748,1709656049.2897544
925,1709656049.3829699,1709656049.3829768
926,1709656049.477063,1709656049.47707
927,1709656049.5793915,1709656049.5800622
928,1709656049.6744945,1709656049.6745014
929,1709656049.7776496,1709656049.7776563
930,1709656049.8803847,1709656049.880393
931,1709656049.9913979,1709656049.9914074
932,1709656050.0795906,1709656050.079597
933,1709656050.179305,1709656050.1793115
934,1709656050.2805202,1709656050.2805297
935,1709656050.380947,1709656050.3809724
936,1709656050.481391,1709656050.4814312
937,1709656050.5847774,1709656050.584783
938,1709656050.6773977,1709656050.6774042
939,1709656050.7913597,1709656050.791367
940,1709656050.873267,1709656050.8732727
941,1709656050.977591,1709656050.9775977
942,1709656051.0910852,1709656051.091093
943,1709656051.1817253,1709656051.1817322
944,1709656051.287273,1709656051.2872796
945,1709656051.3869069,1709656051.3869133
946,1709656051.484367,1709656051.4843755
947,1709656051.588824,1709656051.588831
948,1709656051.682022,1709656051.682029
949,1709656051.7772355,1709656051.7772417
950,1709656051.8750846,1709656051.875092
951,1709656051.9761453,1709656051.9761522
952,1709656052.0745463,1709656052.0745525
953,1709656052.1777055,1709656052.1777134
954,1709656052.2924755,1709656052.292484
955,1709656052.380233,1709656052.3802443
956,1709656052.4743555,1709656052.4743617
957,1709656052.5815969,1709656052.5816047
958,1709656052.6838255,1709656052.6838334
959,1709656052.78188,1709656052.7818859
960,1709656052.8775358,1709656052.8775427
961,1709656052.9875574,1709656052.9875627
962,1709656053.0801861,1709656053.080193
963,1709656053.1771128,1709656053.1771197
964,1709656053.2787058,1709656053.278713
965,1709656053.3810985,1709656053.381159
966,1709656053.473285,1709656053.473337
967,1709656053.585203,1709656053.58526
968,1709656053.6907306,1709656053.6907787
969,1709656053.7919118,1709656053.7919672
970,1709656053.8803813,1709656053.8804426
971,1709656053.9960394,1709656053.9961226
972,1709656054.0908523,1709656054.0909274
973,1709656054.185557,1709656054.1856217
974,1709656054.285898,1709656054.2859392
975,1709656054.3755977,1709656054.3756645
976,1709656054.4740958,1709656054.4741855
977,1709656054.5734475,1709656054.5736244
978,1709656054.6860034,1709656054.6860893
979,1709656054.7932684,1709656054.7933428
980,1709656054.87843,1709656054.8785806
981,1709656054.9857798,1709656054.9859295
982,1709656055.0734117,1709656055.073744
983,1709656055.1814787,1709656055.1815846
984,1709656055.2835069,1709656055.283602
985,1709656055.3853762,1709656055.385464
986,1709656055.5040379,1709656055.5041354
987,1709656055.5817482,1709656055.5818424
988,1709656055.6894317,1709656055.689531
989,1709656055.7877784,1709656055.787878
990,1709656055.8809426,1709656055.8810463
991,1709656055.9743333,1709656055.9744635
992,1709656056.092164,1709656056.0922651
993,1709656056.1757798,1709656056.1763835
994,1709656056.289771,1709656056.2898443
995,1709656056.3877344,1709656056.3878052
996,1709656056.4807742,1709656056.4808946
997,1709656056.5825064,1709656056.5825562
998,1709656056.6773415,1709656056.6774316
999,1709656056.775799,1709656056.7758534
1000,1709656056.883749,1709656056.883808
1001,1709656056.9909272,1709656056.99103
1002,1709656057.0843408,1709656057.084435
1003,1709656057.1847506,1709656057.184806
1004,1709656057.2858698,1709656057.2860172
1005,1709656057.3862977,1709656057.38635
1006,1709656057.482638,1709656057.4827147
1007,1709656057.5773766,1709656057.5774903
1008,1709656057.693096,1709656057.6931446
1009,1709656057.7838078,1709656057.7838576
1010,1709656057.8772295,1709656057.8772805
1011,1709656057.9851077,1709656057.9851632
1012,1709656058.0804262,1709656058.0806115
1013,1709656058.1813986,1709656058.1814976
1014,1709656058.2828887,1709656058.282946
1015,1709656058.3812456,1709656058.3812988
1016,1709656058.4842913,1709656058.4843388
1017,1709656058.582748,1709656058.5828183
1018,1709656058.686787,1709656058.6868305
1019,1709656058.790199,1709656058.7902336
1020,1709656058.8764026,1709656058.8764517
1021,1709656058.9760664,1709656058.9761195
1022,1709656059.0778747,1709656059.0779276
1023,1709656059.1966383,1709656059.1967726
1024,1709656059.2825663,1709656059.28264
1025,1709656059.3767064,1709656059.3767908
1026,1709656059.4798725,1709656059.4799423
1027,1709656059.584544,1709656059.5845976
1028,1709656059.6824372,1709656059.6824892
1029,1709656059.775835,1709656059.7758904
1030,1709656059.881514,1709656059.8816183
1031,1709656059.9877322,1709656059.987832
1032,1709656060.085948,1709656060.0860567
1033,1709656060.1732135,1709656060.1733057
1034,1709656060.2766383,1709656060.2767315
1035,1709656060.396504,1709656060.3965607
1036,1709656060.4848027,1709656060.4848866
1037,1709656060.5809827,1709656060.5810356
1038,1709656060.6782923,1709656060.6783626
1039,1709656060.7742124,1709656060.774267
1040,1709656060.8833964,1709656060.883478
1041,1709656060.983224,1709656060.9833205
1042,1709656061.089461,1709656061.0895226
1043,1709656061.1839585,1709656061.184006
1044,1709656061.279856,1709656061.2818465
1045,1709656061.383628,1709656061.3836849
1046,1709656061.4880083,1709656061.4880652
1047,1709656061.5784879,1709656061.578547
1048,1709656061.6740391,1709656061.6741128
1049,1709656061.794717,1709656061.7947686
1050,1709656061.87468,1709656061.8747346
1051,1709656061.9766397,1709656061.976698
1052,1709656062.0862224,1709656062.086348
1053,1709656062.1874337,1709656062.1875024
1054,1709656062.2915277,1709656062.291535
1055,1709656062.3792965,1709656062.379304
1056,1709656062.4753172,1709656062.475324
1057,1709656062.5739021,1709656062.5739086
1058,1709656062.67484,1709656062.6748466
1059,1709656062.7796676,1709656062.7796738
1060,1709656062.880145,1709656062.8801508
1061,1709656062.9847226,1709656062.984729
1062,1709656063.0763412,1709656063.0763474
1063,1709656063.1784074,1709656063.1784146
1064,1709656063.276632,1709656063.276639
1065,1709656063.3911443,1709656063.3911502
1066,1709656063.4807868,1709656063.4807928
1067,1709656063.5763695,1709656063.5763748
1068,1709656063.679872,1709656063.6798782
1069,1709656063.7816975,1709656063.7817035
1070,1709656063.8828583,1709656063.8828661
1071,1709656063.9846656,1709656063.9846716
1072,1709656064.0816839,1709656064.0816898
1073,1709656064.1856403,1709656064.185648
1074,1709656064.2931993,1709656064.2953098
1075,1709656064.3879528,1709656064.3906696
1076,1709656064.4820187,1709656064.4845243
1077,1709656064.5815332,1709656064.584293
1078,1709656064.6784241,1709656064.6814868
1079,1709656064.7784724,1709656064.7816472
1080,1709656064.8804634,1709656064.8832822
1081,1709656064.984176,1709656064.9882667
1082,1709656065.0884113,1709656065.0913198
1083,1709656065.1763935,1709656065.1791282
1084,1709656065.2890882,1709656065.2907937
1085,1709656065.376304,1709656065.378272
1086,1709656065.4746108,1709656065.4773276
1087,1709656065.575878,1709656065.5795934
1088,1709656065.687751,1709656065.6908946
1089,1709656065.7866812,1709656065.789538
1090,1709656065.890559,1709656065.8935833
1091,1709656065.9835062,1709656065.9867606
1092,1709656066.0808394,1709656066.0837114
1093,1709656066.1756167,1709656066.185681
1094,1709656066.283453,1709656066.2863426
1095,1709656066.3762648,1709656066.379223
1096,1709656066.4764855,1709656066.4827538
1097,1709656066.579925,1709656066.5847924
1098,1709656066.6737797,1709656066.676752
1099,1709656066.7739267,1709656066.7767982
1100,1709656066.8880847,1709656066.8926167
1101,1709656066.9768095,1709656066.9797168
1102,1709656067.074933,1709656067.078371
1103,1709656067.1769924,1709656067.1797948
1104,1709656067.2736967,1709656067.2771354
1105,1709656067.4498188,1709656067.4643927
1106,1709656067.4784725,1709656067.4815345
1107,1709656067.577262,1709656067.5818708
1108,1709656067.6771102,1709656067.6815624
1109,1709656067.7742965,1709656067.7772918
1110,1709656067.872988,1709656067.875698
1111,1709656067.9743142,1709656067.9768522
1112,1709656068.0848687,1709656068.0880392
1113,1709656068.1756883,1709656068.1782272
1114,1709656068.2836149,1709656068.287321
1115,1709656068.3763058,1709656068.3825126
1116,1709656068.4951186,1709656068.5003324
1117,1709656068.5757954,1709656068.5796893
1118,1709656068.6768656,1709656068.6807506
1119,1709656068.7803316,1709656068.783528
1120,1709656068.8724704,1709656068.8757176
1121,1709656068.9745178,1709656068.9773974
1122,1709656069.0751846,1709656069.0794039
1123,1709656069.181206,1709656069.1846995
1124,1709656069.2746558,1709656069.2786636
1125,1709656069.3767586,1709656069.3811893
1126,1709656069.4852998,1709656069.48971
1127,1709656069.5763626,1709656069.5801947
1128,1709656069.674371,1709656069.6772606
1129,1709656069.7735758,1709656069.7762823
1130,1709656069.8754597,1709656069.8816783
1131,1709656069.9761107,1709656069.9801207
1132,1709656070.0758464,1709656070.078492
1133,1709656070.1762538,1709656070.1792362
1134,1709656070.2852979,1709656070.2883165
1135,1709656070.3753283,1709656070.3796
1136,1709656070.4781399,1709656070.4812534
1137,1709656070.5794063,1709656070.5873566
1138,1709656070.6797724,1709656070.6821153
1139,1709656070.7727242,1709656070.7747617
1140,1709656070.8809557,1709656070.8840208
1141,1709656070.9725661,1709656070.9766703
1142,1709656071.075308,1709656071.080364
1143,1709656071.1725643,1709656071.175222
1144,1709656071.2851753,1709656071.2880125
1145,1709656071.373746,1709656071.37647
1146,1709656071.4734983,1709656071.4802685
1147,1709656071.5749562,1709656071.5789218
1148,1709656071.6738317,1709656071.6779144
1149,1709656071.7748132,1709656071.7787933
1150,1709656071.8756695,1709656071.8784647
1151,1709656071.9758496,1709656071.978408
1152,1709656072.0795925,1709656072.0826542
1153,1709656072.1771314,1709656072.1803095
1154,1709656072.275951,1709656072.278927
1155,1709656072.3773587,1709656072.3800428
1156,1709656072.480081,1709656072.4834535
1157,1709656072.5786524,1709656072.5817618
1158,1709656072.6772997,1709656072.6815526
1159,1709656072.7746332,1709656072.77779
1160,1709656072.8815043,1709656072.8853102
1161,1709656072.984048,1709656072.9869807
1162,1709656073.0796082,1709656073.0827518
1163,1709656073.1849518,1709656073.1886985
1164,1709656073.2792003,1709656073.2827075
1165,1709656073.3794677,1709656073.382594
1166,1709656073.4793491,1709656073.4829886
1167,1709656073.5801005,1709656073.5826104
1168,1709656073.6801407,1709656073.6829839
1169,1709656073.7748547,1709656073.777708
1170,1709656073.8820093,1709656073.885517
1171,1709656073.9896379,1709656073.9923222
1172,1709656074.0773997,1709656074.08018
1173,1709656074.1793723,1709656074.1820943
1174,1709656074.275136,1709656074.2804043
1175,1709656074.3781083,1709656074.3806286
1176,1709656074.4795556,1709656074.4829075
1177,1709656074.5741084,1709656074.5807612
1178,1709656074.6762352,1709656074.6795456
1179,1709656074.7822695,1709656074.7851186
1180,1709656074.8816888,1709656074.8845375
1181,1709656074.980018,1709656074.9829075
1182,1709656075.079248,1709656075.081231
1183,1709656075.1759455,1709656075.1813078
1184,1709656075.281837,1709656075.284953
1185,1709656075.3741047,1709656075.3768902
1186,1709656075.4817064,1709656075.4846275
1187,1709656075.60992,1709656075.6243658
1188,1709656075.6901271,1709656075.6929324
1189,1709656075.7950475,1709656075.7990487
1190,1709656075.875906,1709656075.8791447
1191,1709656075.9852746,1709656075.9881105
1192,1709656076.0797603,1709656076.0826082
1193,1709656076.1781666,1709656076.1812284
1194,1709656076.2764077,1709656076.2792335
1195,1709656076.3820019,1709656076.384871
1196,1709656076.4759564,1709656076.4785721
1197,1709656076.5930278,1709656076.5956173
1198,1709656076.6759508,1709656076.6783013
1199,1709656076.773207,1709656076.776276
1200,1709656076.883598,1709656076.8876746
1201,1709656076.9819798,1709656076.9862227
1202,1709656077.0808375,1709656077.083475
1203,1709656077.1797621,1709656077.1828065
1204,1709656077.2808697,1709656077.2836804
1205,1709656077.38305,1709656077.3855739
1206,1709656077.4760284,1709656077.4786847
1207,1709656077.5786567,1709656077.5815358
1208,1709656077.679761,1709656077.6836886
1209,1709656077.77548,1709656077.7775073
1210,1709656077.878717,1709656077.8816197
1211,1709656077.9798245,1709656077.9827583
1212,1709656078.082907,1709656078.0853024
1213,1709656078.1807656,1709656078.182913
1214,1709656078.2737246,1709656078.2772303
1215,1709656078.3768818,1709656078.3794806
1216,1709656078.4993343,1709656078.5029798
1217,1709656078.5767655,1709656078.5795934
1218,1709656078.6877646,1709656078.6919863
1219,1709656078.7765408,1709656078.780107
1220,1709656078.8932078,1709656078.8965912
1221,1709656078.976261,1709656078.9804928
1222,1709656079.074292,1709656079.078677
1223,1709656079.181174,1709656079.1842308
1224,1709656079.283546,1709656079.286828
1225,1709656079.3742487,1709656079.3774009
1226,1709656079.4821844,1709656079.4855378
1227,1709656079.5935254,1709656079.5974343
1228,1709656079.6771429,1709656079.6802843
1229,1709656079.7833984,1709656079.7877922
1230,1709656079.874184,1709656079.8772166
1231,1709656079.9829698,1709656079.986424
1232,1709656080.080974,1709656080.0834968
1233,1709656080.1884546,1709656080.1919012
1234,1709656080.2779233,1709656080.280342
1235,1709656080.3809087,1709656080.3809147
1236,1709656080.4764981,1709656080.4765043
1237,1709656080.5742502,1709656080.5742574
1238,1709656080.6808963,1709656080.6809013
1239,1709656080.7812123,1709656080.781219
1240,1709656080.8757534,1709656080.8757594
1241,1709656080.978025,1709656080.9780314
1242,1709656081.0750887,1709656081.075093
1243,1709656081.1783018,1709656081.178307
1244,1709656081.2761397,1709656081.2761464
1245,1709656081.3760486,1709656081.3760545
1246,1709656081.4801345,1709656081.4801419
1247,1709656081.5748398,1709656081.574845
1248,1709656081.6796048,1709656081.6796107
1249,1709656081.7799635,1709656081.7799706
1250,1709656081.8744721,1709656081.874479
1251,1709656081.9751596,1709656081.9751654
1252,1709656082.0821548,1709656082.082164
1253,1709656082.1766562,1709656082.1766615
1254,1709656082.2740374,1709656082.2740426
1255,1709656082.388881,1709656082.3888865
1256,1709656082.4765713,1709656082.476578
1257,1709656082.5755491,1709656082.5755553
1258,1709656082.6742995,1709656082.6743035
1259,1709656082.777064,1709656082.7770703
1260,1709656082.8772476,1709656082.8772533
1261,1709656082.9792936,1709656082.9793003
1262,1709656083.0745122,1709656083.0745182
1263,1709656083.1743271,1709656083.1743321
1264,1709656083.2829006,1709656083.2829063
1265,1709656083.375626,1709656083.3756297
1266,1709656083.4756546,1709656083.475661
1267,1709656083.578084,1709656083.5780897
1268,1709656083.675796,1709656083.6758025
1269,1709656083.7765121,1709656083.776518
1270,1709656083.8766382,1709656083.8766434
1271,1709656083.9761634,1709656083.9761677
1272,1709656084.0812275,1709656084.0812385
1273,1709656084.1764169,1709656084.1764224
1274,1709656084.2774258,1709656084.2774315
1275,1709656084.3771722,1709656084.3771784
1276,1709656084.478334,1709656084.4783418
1277,1709656084.5746646,1709656084.5746713
1278,1709656084.6766007,1709656084.6766064
1279,1709656084.7771852,1709656084.7771926
1280,1709656084.8758163,1709656084.8758242
1281,1709656084.976723,1709656084.97673
1282,1709656085.087649,1709656085.087655
1283,1709656085.1768014,1709656085.1768079
1284,1709656085.2750065,1709656085.2750123
1285,1709656085.373023,1709656085.373028
1286,1709656085.4903207,1709656085.4903266
1287,1709656085.585574,1709656085.585581
1288,1709656085.674223,1709656085.674231
1289,1709656085.7761812,1709656085.7761877
1290,1709656085.873011,1709656085.8730178
1291,1709656085.9798963,1709656085.9799042
1292,1709656086.0785456,1709656086.0785527
1293,1709656086.1746964,1709656086.174702
1294,1709656086.2819695,1709656086.2819831
1295,1709656086.3806944,1709656086.3806999
1296,1709656086.4736023,1709656086.473609
1297,1709656086.574121,1709656086.574127
1298,1709656086.6770635,1709656086.6770701
1299,1709656086.7744148,1709656086.7744184
1300,1709656086.8740685,1709656086.8740737
1301,1709656086.9821436,1709656086.9821515
1302,1709656087.0857108,1709656087.0857162
1303,1709656087.180366,1709656087.1803763
1304,1709656087.2827814,1709656087.2827888
1305,1709656087.383613,1709656087.3836198
1306,1709656087.4800186,1709656087.4800243
1307,1709656087.5779715,1709656087.5779784
1308,1709656087.6805604,1709656087.6805687
1309,1709656087.7751687,1709656087.775175
1310,1709656087.8918905,1709656087.8918967
1311,1709656087.9831183,1709656087.9831243
1312,1709656088.0780213,1709656088.078029
1313,1709656088.1825845,1709656088.18259
1314,1709656088.288169,1709656088.288175
1315,1709656088.3878684,1709656088.3878736
1316,1709656088.4876893,1709656088.4876933
1317,1709656088.5812445,1709656088.58125
1318,1709656088.6740632,1709656088.6740701
1319,1709656088.7787275,1709656088.7787366
1320,1709656088.887241,1709656088.8872473
1321,1709656088.9824455,1709656088.9824526
1322,1709656089.0895724,1709656089.089579
1323,1709656089.1869843,1709656089.1869905
1324,1709656089.275026,1709656089.2750316
1325,1709656089.3804772,1709656089.380483
1326,1709656089.4749818,1709656089.4749901
1327,1709656089.5772624,1709656089.5772696
1328,1709656089.6875103,1709656089.6875162
1329,1709656089.7823792,1709656089.7823858
1330,1709656089.87872,1709656089.8787336
1331,1709656089.9870024,1709656089.9870088
1332,1709656090.082377,1709656090.0823832
1333,1709656090.175975,1709656090.1759822
1334,1709656090.2858071,1709656090.2858129
1335,1709656090.374736,1709656090.3747444
1336,1709656090.512905,1709656090.5129101
1337,1709656090.582938,1709656090.5829444
1338,1709656090.6769464,1709656090.6769528
1339,1709656090.7819521,1709656090.7819579
1340,1709656090.8842494,1709656090.8842552
1341,1709656090.9845734,1709656090.984579
1342,1709656091.0797668,1709656091.079772
1343,1709656091.177271,1709656091.1772888
1344,1709656091.2786703,1709656091.2786763
1345,1709656091.3809996,1709656091.381005
1346,1709656091.4733565,1709656091.4733639
1347,1709656091.5773091,1709656091.5773304
1348,1709656091.6817913,1709656091.6817958
1349,1709656091.7834878,1709656091.7834933
1350,1709656091.8830152,1709656091.8830206
1351,1709656091.9735923,1709656091.973599
1352,1709656092.0779705,1709656092.077977
1353,1709656092.1915154,1709656092.1915216
1354,1709656092.2821436,1709656092.2821496
1355,1709656092.3833644,1709656092.3833706
1356,1709656092.4929185,1709656092.4929333
1357,1709656092.5852597,1709656092.5852656
1358,1709656092.680992,1709656092.6809967
1359,1709656092.7866004,1709656092.7866082
1360,1709656092.8812048,1709656092.8812127
1361,1709656092.986085,1709656092.986091
1362,1709656093.0747497,1709656093.0747564
1363,1709656093.1851382,1709656093.1851444
1364,1709656093.2844949,1709656093.2845006
1365,1709656093.378563,1709656093.3785715
1366,1709656093.4873326,1709656093.4873395
1367,1709656093.5743701,1709656093.5743763
1368,1709656093.679688,1709656093.6796918
1369,1709656093.786097,1709656093.7861047
1370,1709656093.8800938,1709656093.8801003
1371,1709656093.9796104,1709656093.9796164
1372,1709656094.0783231,1709656094.0783293
1373,1709656094.180914,1709656094.1809204
1374,1709656094.2795303,1709656094.2795346
1375,1709656094.3848596,1709656094.3848648
1376,1709656094.4911923,1709656094.4912155
1377,1709656094.577944,1709656094.57795
1378,1709656094.6850123,1709656094.685018
1379,1709656094.782861,1709656094.7828662
1380,1709656094.8874311,1709656094.887436
1381,1709656094.9770114,1709656094.9770179
1382,1709656095.0854986,1709656095.0855043
1383,1709656095.1764343,1709656095.176438
1384,1709656095.280635,1709656095.2806408
1385,1709656095.3824415,1709656095.382447
1386,1709656095.4806564,1709656095.4806633
1387,1709656095.5836053,1709656095.5836122
1388,1709656095.6865294,1709656095.686535
1389,1709656095.781274,1709656095.7812839
1390,1709656095.888824,1709656095.8888311
1391,1709656095.9900472,1709656095.9900534
1392,1709656096.0831385,1709656096.083148
1393,1709656096.1773524,1709656096.1773596
1394,1709656096.2736351,1709656096.2736416
1395,1709656096.37921,1709656096.3792162
1396,1709656096.478229,1709656096.4782348
1397,1709656096.5876467,1709656096.5876539
1398,1709656096.67666,1709656096.676665
1399,1709656096.7792258,1709656096.7792294
1400,1709656096.8833802,1709656096.8833869
1401,1709656096.979807,1709656096.9798126
1402,1709656097.0744498,1709656097.0744567
1403,1709656097.1767042,1709656097.1767108
1404,1709656097.2741559,1709656097.2741601
1405,1709656097.3808532,1709656097.3808591
1406,1709656097.475507,1709656097.4755135
1407,1709656097.5818124,1709656097.5818195
1408,1709656097.6875699,1709656097.6875732
1409,1709656097.7889144,1709656097.7889194
1410,1709656097.8805835,1709656097.8805892
1411,1709656097.9843054,1709656097.9843116
1412,1709656098.0804906,1709656098.0804946
1413,1709656098.1759222,1709656098.1759284
1414,1709656098.2783175,1709656098.2783217
1415,1709656098.3865957,1709656098.3866014
1416,1709656098.4805539,1709656098.480559
1417,1709656098.5749753,1709656098.5749798
1418,1709656098.6812608,1709656098.681267
1419,1709656098.7802525,1709656098.7802591
1420,1709656098.8802373,1709656098.880241
1421,1709656098.9752796,1709656098.975285
1422,1709656099.078942,1709656099.0789468
1423,1709656099.173757,1709656099.1737638
1424,1709656099.2864752,1709656099.286481
1425,1709656099.3795655,1709656099.3795707
1426,1709656099.4853902,1709656099.4853978
1427,1709656099.5843346,1709656099.584341
1428,1709656099.672267,1709656099.6722705
1429,1709656099.7821264,1709656099.782132
1430,1709656099.8734772,1709656099.8734825
1431,1709656099.977034,1709656099.977042
1432,1709656100.0810509,1709656100.0810604
1433,1709656100.1779852,1709656100.1779912
1434,1709656100.28605,1709656100.286055
1435,1709656100.3768332,1709656100.3768392
1436,1709656100.4901164,1709656100.490122
1437,1709656100.5739007,1709656100.5739071
1438,1709656100.681561,1709656100.6815672
1439,1709656100.7809596,1709656100.780967
1440,1709656100.8763258,1709656100.8763318
1441,1709656100.9927585,1709656100.9927657
1442,1709656101.091778,1709656101.091785
1443,1709656101.1804197,1709656101.1804276
1444,1709656101.2730286,1709656101.273035
1445,1709656101.3837595,1709656101.3837645
1446,1709656101.4811254,1709656101.4811313
1447,1709656101.5796745,1709656101.579681
1448,1709656101.6798565,1709656101.679862
1449,1709656101.7772229,1709656101.7772303
1450,1709656101.8763402,1709656101.8763466
1451,1709656101.9850154,1709656101.9850216
1452,1709656102.0739305,1709656102.0739348
1453,1709656102.179285,1709656102.1792905
1454,1709656102.2741616,1709656102.274168
1455,1709656102.3806632,1709656102.3806703
1456,1709656102.4799533,1709656102.4799626
1457,1709656102.595445,1709656102.5954518
1458,1709656102.6821027,1709656102.6821089
1459,1709656102.7848473,1709656102.7848532
1460,1709656102.8760376,1709656102.8760428
1461,1709656102.982628,1709656102.9826338
1462,1709656103.0806503,1709656103.0806558
1463,1709656103.1749847,1709656103.1749887
1464,1709656103.2751918,1709656103.2751977
1465,1709656103.3763595,1709656103.3763642
1466,1709656103.472657,1709656103.4726636
1467,1709656103.5828762,1709656103.582883
1468,1709656103.6835551,1709656103.6835604
1469,1709656103.783038,1709656103.7830446
1470,1709656103.893508,1709656103.8935134
1471,1709656103.9746451,1709656103.9746518
1472,1709656104.4498053,1709656104.4533966
1473,1709656104.4652789,1709656104.4692483
1474,1709656104.485661,1709656104.489745
1475,1709656104.5853426,1709656104.5853477
1476,1709656104.6737487,1709656104.6737518
1477,1709656104.7809892,1709656104.7809997
1478,1709656104.8740623,1709656104.8740683
1479,1709656104.9816456,1709656104.9816542
1480,1709656105.088113,1709656105.0881197
1481,1709656105.180386,1709656105.1803906
1482,1709656105.2777264,1709656105.2777324
1483,1709656105.382498,1709656105.382504
1484,1709656105.493111,1709656105.4931164
1485,1709656105.5732582,1709656105.5732646
1486,1709656105.680068,1709656105.6800716
1487,1709656105.7942476,1709656105.7942562
1488,1709656105.8862636,1709656105.88627
1489,1709656105.9825747,1709656105.982582
1490,1709656106.087936,1709656106.0879426
1491,1709656106.1758974,1709656106.1759043
1492,1709656106.2805376,1709656106.2805448
1493,1709656106.379153,1709656106.3791587
1494,1709656106.5007088,1709656106.5007188
1495,1709656106.582666,1709656106.5826719
1496,1709656106.6792839,1709656106.6792932
1497,1709656106.788307,1709656106.7883127
1498,1709656106.8836777,1709656106.883683
1499,1709656106.9843056,1709656106.9843113
1500,1709656107.0937836,1709656107.093791
1501,1709656107.197229,1709656107.197237
1502,1709656107.2821994,1709656107.2822056
1503,1709656107.3777242,1709656107.3777304
1504,1709656107.4776454,1709656107.4776511
1505,1709656107.595984,1709656107.5959928
1506,1709656107.6820242,1709656107.6820333
1507,1709656107.773727,1709656107.7737348
1508,1709656107.8787174,1709656107.8787243
1509,1709656107.9887733,1709656107.9887795
1510,1709656108.0895085,1709656108.0895147
1511,1709656108.1760848,1709656108.1760907
1512,1709656108.296267,1709656108.2962754
1513,1709656108.3842256,1709656108.3842306
1514,1709656108.480192,1709656108.4801977
1515,1709656108.5803504,1709656108.5803564
1516,1709656108.6949866,1709656108.6949923
1517,1709656108.7763512,1709656108.7763588
1518,1709656108.8851047,1709656108.8851116
1519,1709656108.9864125,1709656108.9864206
1520,1709656109.081739,1709656109.0817447
1521,1709656109.1799307,1709656109.1799343
1522,1709656109.2832768,1709656109.2832835
1523,1709656109.3962674,1709656109.3962758
1524,1709656109.481813,1709656109.4818192
1525,1709656109.5770917,1709656109.5770953
1526,1709656109.6995087,1709656109.699514
1527,1709656109.7867162,1709656109.786723
1528,1709656109.8815005,1709656109.8815055
1529,1709656109.9742472,1709656109.974254
1530,1709656110.082062,1709656110.0820675
1531,1709656110.1914108,1709656110.1914191
1532,1709656110.2806604,1709656110.280666
1533,1709656110.3880353,1709656110.3880427
1534,1709656110.4886,1709656110.4886067
1535,1709656110.5889666,1709656110.5889757
1536,1709656110.6815426,1709656110.6815507
1537,1709656110.7732852,1709656110.7732897
1538,1709656110.8841486,1709656110.8841574
1539,1709656110.9746761,1709656110.9746819
1540,1709656111.0758717,1709656111.075877
1541,1709656111.174568,1709656111.174574
1542,1709656111.2848315,1709656111.284837
1543,1709656111.377094,1709656111.377099
1544,1709656111.475755,1709656111.4757595
1545,1709656111.5782712,1709656111.57828
1546,1709656111.6806026,1709656111.684362
1547,1709656111.7781255,1709656111.7835963
1548,1709656111.8805535,1709656111.8842313
1549,1709656111.9801707,1709656111.9837575
1550,1709656112.075654,1709656112.0790339
1551,1709656112.18779,1709656112.1927621
1552,1709656112.2807674,1709656112.2843473
1553,1709656112.3757858,1709656112.3793654
1554,1709656112.4804864,1709656112.4841533
1555,1709656112.585588,1709656112.5895646
1556,1709656112.6771696,1709656112.6834052
1557,1709656112.7851763,1709656112.7895715
1558,1709656112.87843,1709656112.8822813
1559,1709656112.9757748,1709656112.9781418
1560,1709656113.0771382,1709656113.0822082
1561,1709656113.181529,1709656113.1847532
1562,1709656113.2773054,1709656113.2811577
1563,1709656113.3804233,1709656113.3842726
1564,1709656113.4807482,1709656113.4841073
1565,1709656113.5820322,1709656113.5876687
1566,1709656113.6740482,1709656113.6776776
1567,1709656113.7829068,1709656113.7904325
1568,1709656113.8821886,1709656113.8876705
1569,1709656113.9794936,1709656113.9832337
1570,1709656114.0743537,1709656114.0777574
1571,1709656114.1731975,1709656114.1773787
1572,1709656114.2760482,1709656114.280108
1573,1709656114.3855796,1709656114.3894484
1574,1709656114.47613,1709656114.479862
1575,1709656114.5759604,1709656114.580809
1576,1709656114.6803825,1709656114.6844344
1577,1709656114.781388,1709656114.7863584
1578,1709656114.877639,1709656114.8806744
1579,1709656114.980963,1709656114.984579
1580,1709656115.092292,1709656115.0961006
1581,1709656115.182565,1709656115.18662
1582,1709656115.2758858,1709656115.2794616
1583,1709656115.4007325,1709656115.404406
1584,1709656115.4852757,1709656115.4890306
1585,1709656115.5798657,1709656115.5831387
1586,1709656115.6727052,1709656115.6752338
1587,1709656115.7811275,1709656115.7848117
1588,1709656115.8816857,1709656115.8856113
1589,1709656115.9754417,1709656115.978034
1590,1709656116.0743053,1709656116.0778255
1591,1709656116.1776724,1709656116.184711
1592,1709656116.2775943,1709656116.2814996
1593,1709656116.3750746,1709656116.378143
1594,1709656116.4740295,1709656116.4771574
1595,1709656116.580015,1709656116.5858197
1596,1709656116.675066,1709656116.683607
1597,1709656116.8034651,1709656116.8065114
1598,1709656116.88026,1709656116.886774
1599,1709656116.9767985,1709656116.980288
1600,1709656117.0804083,1709656117.0845287
1601,1709656117.192841,1709656117.1969662
1602,1709656117.2784328,1709656117.2830055
1603,1709656117.383972,1709656117.388705
1604,1709656117.478509,1709656117.4827769
1605,1709656117.576518,1709656117.582108
1606,1709656117.6808882,1709656117.684216
1607,1709656117.7794545,1709656117.784682
1608,1709656117.8723948,1709656117.8763742
1609,1709656117.980542,1709656117.9838583
1610,1709656118.082562,1709656118.086801
1611,1709656118.179404,1709656118.1835504
1612,1709656118.2814426,1709656118.287766
1613,1709656118.3765726,1709656118.3794255
1614,1709656118.473323,1709656118.4771948
1615,1709656118.5823188,1709656118.5866103
1616,1709656118.6805353,1709656118.684815
1617,1709656118.7799761,1709656118.784082
1618,1709656118.882973,1709656118.8864388
1619,1709656118.9779992,1709656118.9835122
1620,1709656119.0806339,1709656119.0875645
1621,1709656119.1836517,1709656119.1870894
1622,1709656119.2768738,1709656119.2818077
1623,1709656119.3809662,1709656119.3856304
1624,1709656119.4848561,1709656119.4885578
1625,1709656119.5863805,1709656119.590501
1626,1709656119.6812196,1709656119.686337
1627,1709656119.7879384,1709656119.7918797
1628,1709656119.8725677,1709656119.8761096
1629,1709656119.9832942,1709656119.9872422
1630,1709656120.0814507,1709656120.085464
1631,1709656120.185727,1709656120.189213
1632,1709656120.2784724,1709656120.283814
1633,1709656120.3822024,1709656120.385344
1634,1709656120.4852884,1709656120.4894888
1635,1709656120.5867336,1709656120.5905976
1636,1709656120.6874223,1709656120.6910818
1637,1709656120.7884812,1709656120.7934215
1638,1709656120.8779745,1709656120.8820434
1639,1709656120.981105,1709656120.9850423
1640,1709656121.0770502,1709656121.0819666
1641,1709656121.182977,1709656121.1870558
1642,1709656121.2802079,1709656121.284756
1643,1709656121.3830597,1709656121.386579
1644,1709656121.4872336,1709656121.4908345
1645,1709656121.5824463,1709656121.5873144
1646,1709656121.6790366,1709656121.6833375
1647,1709656121.779473,1709656121.7837486
1648,1709656121.879453,1709656121.8831787
1649,1709656121.978712,1709656121.9830267
1650,1709656122.0777862,1709656122.081657
1651,1709656122.1813712,1709656122.1849787
1652,1709656122.27867,1709656122.2842524
1653,1709656122.3826754,1709656122.3861496
1654,1709656122.4820893,1709656122.4854164
1655,1709656122.5805085,1709656122.5843668
1656,1709656122.6786005,1709656122.682948
1657,1709656122.7822282,1709656122.786157
1658,1709656122.880869,1709656122.884207
1659,1709656122.9797683,1709656122.9833074
1660,1709656123.082236,1709656123.0860913
1661,1709656123.1872144,1709656123.1913903
1662,1709656123.2790682,1709656123.282254
1663,1709656123.3815527,1709656123.385168
1664,1709656123.4896746,1709656123.4933124
1665,1709656123.5814643,1709656123.585776
1666,1709656123.6807883,1709656123.6849198
1667,1709656123.7828908,1709656123.7855175
1668,1709656123.877289,1709656123.8803048
1669,1709656123.979853,1709656123.9831984
1670,1709656124.073775,1709656124.0779197
1671,1709656124.173175,1709656124.179297
1672,1709656124.2766466,1709656124.2861826
1673,1709656124.380382,1709656124.3845818
1674,1709656124.4753416,1709656124.4776819
1675,1709656124.5793254,1709656124.5833642
1676,1709656124.678987,1709656124.6832817
1677,1709656124.7732024,1709656124.7767458
1678,1709656124.8865337,1709656124.8893707
1679,1709656124.9760613,1709656124.9786756
1680,1709656125.086266,1709656125.0890431
1681,1709656125.180319,1709656125.1850317
1682,1709656125.2810779,1709656125.2853096
1683,1709656125.3797524,1709656125.3842828
1684,1709656125.4881132,1709656125.4924965
1685,1709656125.5860872,1709656125.5898378
1686,1709656125.6794927,1709656125.6833422
1687,1709656125.7898333,1709656125.7945917
1688,1709656125.8738868,1709656125.8786821
1689,1709656125.9798822,1709656125.9835086
1690,1709656126.0817459,1709656126.0854502
1691,1709656126.1848347,1709656126.1889193
1692,1709656126.2805262,1709656126.2844076
1693,1709656126.3918257,1709656126.3959653
1694,1709656126.4862988,1709656126.490523
1695,1709656126.5821433,1709656126.5864048
1696,1709656126.6737478,1709656126.6790056
1697,1709656126.7786334,1709656126.7825265
1698,1709656126.894655,1709656126.8983855
1699,1709656126.9770706,1709656126.9827936
1700,1709656127.086242,1709656127.0901117
1701,1709656127.1783426,1709656127.1852882
1702,1709656127.280179,1709656127.2835696
1703,1709656127.3777928,1709656127.3815048
1704,1709656127.481388,1709656127.4852178
1705,1709656127.5793846,1709656127.583531
1706,1709656127.6770036,1709656127.6817415
1707,1709656127.776709,1709656127.7807014
1708,1709656127.8771515,1709656127.8806486
1709,1709656127.980493,1709656127.9851637
1710,1709656128.0790274,1709656128.0833664
1711,1709656128.176098,1709656128.1813788
1712,1709656128.2914255,1709656128.2974453
1713,1709656128.3827686,1709656128.3880231
1714,1709656128.478559,1709656128.4829884
1715,1709656128.5828857,1709656128.5856276
1716,1709656128.6756842,1709656128.6820455
1717,1709656128.7792222,1709656128.7838893
1718,1709656128.8848495,1709656128.8848615
1719,1709656128.9815,1709656128.9815059
1720,1709656129.0741532,1709656129.07416
1721,1709656129.1730764,1709656129.173082
1722,1709656129.2800457,1709656129.2800515
1723,1709656129.3768613,1709656129.376867
1724,1709656129.474412,1709656129.4744172
1725,1709656129.574867,1709656129.5748734
1726,1709656129.6769943,1709656129.6770008
1727,1709656129.7725525,1709656129.7725563
1728,1709656129.8794916,1709656129.879497
1729,1709656129.9818008,1709656129.981807
1730,1709656130.081098,1709656130.0811043
1731,1709656130.1793113,1709656130.1793172
1732,1709656130.2778769,1709656130.2778833
1733,1709656130.38698,1709656130.386985
1734,1709656130.4783468,1709656130.4783547
1735,1709656130.575316,1709656130.5753207
1736,1709656130.6758783,1709656130.6758823
1737,1709656130.778391,1709656130.7783968
1738,1709656130.8783312,1709656130.8783398
1739,1709656130.9765856,1709656130.9765913
1740,1709656131.0774333,1709656131.077495
1741,1709656131.1774902,1709656131.177496
1742,1709656131.2766416,1709656131.2766466
1743,1709656131.373441,1709656131.3734472
1744,1709656131.4737666,1709656131.4737732
1745,1709656131.5777993,1709656131.5778067
1746,1709656131.675879,1709656131.6758828
1747,1709656131.7738826,1709656131.773891
1748,1709656131.876329,1709656131.8763366
1749,1709656131.9746323,1709656131.9746387
1750,1709656132.0738933,1709656132.0738988
1751,1709656132.1764488,1709656132.1764536
1752,1709656132.280542,1709656132.2805474
1753,1709656132.3800907,1709656132.3800962
1754,1709656132.4757411,1709656132.475747
1755,1709656132.5729918,1709656132.572998
1756,1709656132.6768486,1709656132.6768544
1757,1709656132.774713,1709656132.7747192
1758,1709656132.8732169,1709656132.873223
1759,1709656132.9745977,1709656132.9746022
1760,1709656133.0758424,1709656133.075849
1761,1709656133.174228,1709656133.174234
1762,1709656133.2832713,1709656133.2832778
1763,1709656133.3745854,1709656133.3745909
1764,1709656133.4828303,1709656133.482839
1765,1709656133.582478,1709656133.5824864
1766,1709656133.6748998,1709656133.6749048
1767,1709656133.779376,1709656133.7793825
1768,1709656133.9072857,1709656133.9072936
1769,1709656133.981994,1709656133.9820008
1770,1709656134.0759544,1709656134.0759587
1771,1709656134.175264,1709656134.17527
1772,1709656134.285662,1709656134.285668
1773,1709656134.373869,1709656134.3738759
1774,1709656134.4784296,1709656134.4784367
1775,1709656134.5823019,1709656134.582308
1776,1709656134.6811004,1709656134.6811087
1777,1709656134.7854512,1709656134.7854562
1778,1709656134.8728974,1709656134.8729033
1779,1709656134.981069,1709656134.9810786
1780,1709656135.0766351,1709656135.0766408
1781,1709656135.1754303,1709656135.175438
1782,1709656135.2780807,1709656135.278087
1783,1709656135.3852296,1709656135.385236
1784,1709656135.4794316,1709656135.4794412
1785,1709656135.5763838,1709656135.576391
1786,1709656135.6763237,1709656135.6763296
1787,1709656135.7759671,1709656135.775974
1788,1709656135.8837118,1709656135.883717
1789,1709656135.9741397,1709656135.9741457
1790,1709656136.0729268,1709656136.07293
1791,1709656136.1779804,1709656136.1779866
1792,1709656136.2802947,1709656136.2803016
1793,1709656136.3808844,1709656136.3808935
1794,1709656136.475685,1709656136.4756906
1795,1709656136.576479,1709656136.5764856
1796,1709656136.677914,1709656136.6779218
1797,1709656136.7768717,1709656136.7768772
1798,1709656136.8767998,1709656136.876805
1799,1709656136.9766252,1709656136.9766307
1800,1709656137.0752153,1709656137.0752215
1801,1709656137.1752594,1709656137.1752648
1802,1709656137.2744489,1709656137.2744539
1803,1709656137.3738105,1709656137.3738163
1804,1709656137.4768584,1709656137.4768655
1805,1709656137.5823827,1709656137.582388
1806,1709656137.6738691,1709656137.6738732
1807,1709656137.7730005,1709656137.7730064
1808,1709656137.8767912,1709656137.8767974
1809,1709656137.9822478,1709656137.9822547
1810,1709656138.076813,1709656138.0768201
1811,1709656138.1764526,1709656138.1764584
1812,1709656138.281123,1709656138.28113
1813,1709656138.3818018,1709656138.3818069
1814,1709656138.475539,1709656138.4755466
1815,1709656138.5773616,1709656138.5773687
1816,1709656138.6753306,1709656138.6753356
1817,1709656138.7766247,1709656138.776637
1818,1709656138.8838928,1709656138.8838997
1819,1709656138.979255,1709656138.9792614
1820,1709656139.0811272,1709656139.081134
1821,1709656139.1728506,1709656139.172857
1822,1709656139.2782016,1709656139.2782073
1823,1709656139.3823688,1709656139.3823776
1824,1709656139.4815488,1709656139.481555
1825,1709656139.572081,1709656139.572087
1826,1709656139.6793878,1709656139.6793966
1827,1709656139.7798474,1709656139.7798538
1828,1709656139.8852265,1709656139.8852322
1829,1709656139.9839513,1709656139.9839585
1830,1709656140.0820427,1709656140.0820484
1831,1709656140.1802392,1709656140.1802459
1832,1709656140.2761574,1709656140.2761645
1833,1709656140.3901103,1709656140.3901203
1834,1709656140.4825938,1709656140.4825997
1835,1709656140.5781054,1709656140.578111
1836,1709656140.6735563,1709656140.6735613
1837,1709656140.7753475,1709656140.775355
1838,1709656140.8739028,1709656140.8739102
1839,1709656141.007485,1709656141.0074947
1840,1709656141.0856738,1709656141.0856776
1841,1709656141.183694,1709656141.1837003
1842,1709656141.2806823,1709656141.2806885
1843,1709656141.3841188,1709656141.384126
1844,1709656141.4831247,1709656141.4831288
1845,1709656141.5844076,1709656141.5844152
1846,1709656141.6893518,1709656141.6893604
1847,1709656141.7808795,1709656141.7808862
1848,1709656141.8754966,1709656141.8755028
1849,1709656141.980812,1709656141.9808176
1850,1709656142.0739763,1709656142.0739818
1851,1709656142.1803634,1709656142.1803682
1852,1709656142.2749827,1709656142.274989
1853,1709656142.3775928,1709656142.3776002
1854,1709656142.4768953,1709656142.476901
1855,1709656142.5743861,1709656142.5743923
1856,1709656142.6756299,1709656142.6756349
1857,1709656142.7784526,1709656142.7784572
1858,1709656142.8728042,1709656142.8728158
1859,1709656142.9826443,1709656142.9826512
1860,1709656143.07684,1709656143.0768466
1861,1709656143.1766813,1709656143.1766865
1862,1709656143.2748897,1709656143.274896
1863,1709656143.3772652,1709656143.3772721
1864,1709656143.4826381,1709656143.4826434
1865,1709656143.5768945,1709656143.5769002
1866,1709656143.6800447,1709656143.6800516
1867,1709656143.778633,1709656143.7786384
1868,1709656143.8762953,1709656143.8763041
1869,1709656143.981021,1709656143.9810266
1870,1709656144.0756764,1709656144.0756829
1871,1709656144.1777294,1709656144.1777356
1872,1709656144.2808697,1709656144.2808752
1873,1709656144.3825438,1709656144.3825493
1874,1709656144.4769537,1709656144.4769607
1875,1709656144.577286,1709656144.5772932
1876,1709656144.689051,1709656144.6890593
1877,1709656144.7745755,1709656144.7745817
1878,1709656144.8744423,1709656144.8744483
1879,1709656144.986797,1709656144.9868026
1880,1709656145.085709,1709656145.0857167
1881,1709656145.1774206,1709656145.1774273
1882,1709656145.28469,1709656145.2846994
1883,1709656145.3799913,1709656145.379997
1884,1709656145.48498,1709656145.484989
1885,1709656145.5804574,1709656145.5804613
1886,1709656145.6817458,1709656145.681751
1887,1709656145.777748,1709656145.7777557
1888,1709656145.8748674,1709656145.874872
1889,1709656145.9768617,1709656145.976868
1890,1709656146.0746722,1709656146.0746765
1891,1709656146.1739604,1709656146.1739643
1892,1709656146.2734811,1709656146.273487
1893,1709656146.373995,1709656146.374
1894,1709656146.4773555,1709656146.4773622
1895,1709656146.581578,1709656146.5815845
1896,1709656146.6741717,1709656146.674179
1897,1709656146.7803268,1709656146.7803323
1898,1709656146.8806365,1709656146.8806427
1899,1709656146.9760737,1709656146.976079
1900,1709656147.0808828,1709656147.0808885
1901,1709656147.1853669,1709656147.185372
1902,1709656147.2778344,1709656147.27784
1903,1709656147.3788602,1709656147.3788664
1904,1709656147.4895966,1709656147.4896016
1905,1709656147.5732746,1709656147.5732803
1906,1709656147.6756012,1709656147.6756082
1907,1709656147.781224,1709656147.7812324
1908,1709656147.8788779,1709656147.8788836
1909,1709656147.9792128,1709656147.9792185
1910,1709656148.0966039,1709656148.09661
1911,1709656148.179245,1709656148.1792512
1912,1709656148.2763274,1709656148.2763329
1913,1709656148.3865526,1709656148.3865619
1914,1709656148.476752,1709656148.4767554
1915,1709656148.5815682,1709656148.5815756
1916,1709656148.6826003,1709656148.6826062
1917,1709656148.7852085,1709656148.7852142
1918,1709656148.8870995,1709656148.887106
1919,1709656148.986212,1709656148.9862177
1920,1709656149.080884,1709656149.08089
1921,1709656149.1849492,1709656149.1849556
1922,1709656149.2764387,1709656149.276445
1923,1709656149.375243,1709656149.375249
1924,1709656149.480463,1709656149.4804683
1925,1709656149.5856476,1709656149.5856671
1926,1709656149.6731815,1709656149.6731865
1927,1709656149.7806115,1709656149.7806165
1928,1709656149.880404,1709656149.8804104
1929,1709656149.9793067,1709656149.9793134
1930,1709656150.0807588,1709656150.0855174
1931,1709656150.1781044,1709656150.1815243
1932,1709656150.281054,1709656150.2851126
1933,1709656150.3789423,1709656150.3814147
1934,1709656150.4850612,1709656150.4887707
1935,1709656150.5857325,1709656150.589398
1936,1709656150.6781979,1709656150.6824822
1937,1709656150.780407,1709656150.7846944
1938,1709656150.8784034,1709656150.8827848
1939,1709656150.98361,1709656150.9876664
1940,1709656151.083687,1709656151.087854
1941,1709656151.175141,1709656151.179407
1942,1709656151.2866178,1709656151.290331
1943,1709656151.3744655,1709656151.3782513
1944,1709656151.4741282,1709656151.4775174
1945,1709656151.5875301,1709656151.5903485
1946,1709656151.683172,1709656151.6885676
1947,1709656151.7781959,1709656151.7825005
1948,1709656151.8812504,1709656151.88687
1949,1709656151.9779265,1709656151.9838676
1950,1709656152.0798147,1709656152.083789
1951,1709656152.182921,1709656152.186814
1952,1709656152.2756839,1709656152.2795324
1953,1709656152.377229,1709656152.3825285
1954,1709656152.476885,1709656152.4806514
1955,1709656152.5995274,1709656152.6033742
1956,1709656152.685135,1709656152.6881115
1957,1709656152.781597,1709656152.7864912
1958,1709656152.8747609,1709656152.8782065
1959,1709656152.9799817,1709656152.9837887
1960,1709656153.075335,1709656153.0798936
1961,1709656153.1845744,1709656153.1876795
1962,1709656153.2921848,1709656153.2966068
1963,1709656153.3798423,1709656153.3842545
1964,1709656153.4769993,1709656153.4832509
1965,1709656153.5752501,1709656153.579708
1966,1709656153.6833243,1709656153.6862633
1967,1709656153.7736611,1709656153.7763278
1968,1709656153.877342,1709656153.8817973
1969,1709656153.9818785,1709656153.9862118
1970,1709656154.0744848,1709656154.0784173
1971,1709656154.1876729,1709656154.1913702
1972,1709656154.3012946,1709656154.3068662
1973,1709656154.39022,1709656154.3942409
1974,1709656154.4738042,1709656154.4772732
1975,1709656154.5792038,1709656154.5832112
1976,1709656154.6862981,1709656154.6902177
1977,1709656154.7737458,1709656154.7770982
1978,1709656154.874139,1709656154.8779755
1979,1709656154.9872777,1709656154.990867
1980,1709656155.0796,1709656155.0849452
1981,1709656155.208271,1709656155.2131417
1982,1709656155.2824364,1709656155.286509
1983,1709656155.3849807,1709656155.388348
1984,1709656155.4742544,1709656155.4785342
1985,1709656155.5767753,1709656155.5807538
1986,1709656155.6883395,1709656155.6919124
1987,1709656155.78109,1709656155.784977
1988,1709656155.8822992,1709656155.886198
1989,1709656155.9808679,1709656155.9843814
1990,1709656156.0840578,1709656156.0881507
1991,1709656156.1777546,1709656156.1814823
1992,1709656156.280467,1709656156.284466
1993,1709656156.391905,1709656156.3978379
1994,1709656156.4797494,1709656156.483275
1995,1709656156.578398,1709656156.5824919
1996,1709656156.6767764,1709656156.6809683
1997,1709656156.7820888,1709656156.7854748
1998,1709656156.8769732,1709656156.8808513
1999,1709656156.9793887,1709656156.9831235
2000,1709656157.0916777,1709656157.0952153
2001,1709656157.1769152,1709656157.1806507
2002,1709656157.2855701,1709656157.2891476
2003,1709656157.3768723,1709656157.380739
2004,1709656157.4813926,1709656157.484459
2005,1709656157.5805643,1709656157.5841997
2006,1709656157.674533,1709656157.67761
2007,1709656157.7897475,1709656157.793645
2008,1709656157.8802466,1709656157.8841963
2009,1709656157.9819996,1709656157.9860747
2010,1709656158.0766394,1709656158.0798705
2011,1709656158.178595,1709656158.1811254
2012,1709656158.2793882,1709656158.2832987
2013,1709656158.3775227,1709656158.3813682
2014,1709656158.481829,1709656158.4845078
2015,1709656158.5836124,1709656158.587039
2016,1709656158.6805167,1709656158.6840692
2017,1709656158.7782347,1709656158.781495
2018,1709656158.8789923,1709656158.8823032
2019,1709656158.979702,1709656158.9834087
2020,1709656159.0778618,1709656159.0817764
2021,1709656159.191434,1709656159.1941414
2022,1709656159.2802145,1709656159.2845676
2023,1709656159.3749678,1709656159.3774612
2024,1709656159.479519,1709656159.4834497
2025,1709656159.582943,1709656159.5867748
2026,1709656159.6778219,1709656159.6822164
2027,1709656159.7870896,1709656159.7917206
2028,1709656159.8790193,1709656159.8834562
2029,1709656159.9822054,1709656159.986018
2030,1709656160.0778825,1709656160.0812175
2031,1709656160.1801863,1709656160.1839259
2032,1709656160.2963777,1709656160.2998154
2033,1709656160.3741493,1709656160.3791282
2034,1709656160.4773273,1709656160.4804888
2035,1709656160.5788035,1709656160.5848076
2036,1709656160.7152896,1709656160.7205389
2037,1709656160.778327,1709656160.7822375
2038,1709656160.879537,1709656160.8827915
2039,1709656160.9830022,1709656160.9866517
2040,1709656161.080078,1709656161.0838275
2041,1709656161.1799495,1709656161.1839216
2042,1709656161.276879,1709656161.2798984
2043,1709656161.3755052,1709656161.377859
2044,1709656161.4826293,1709656161.48592
2045,1709656161.5792656,1709656161.583081
2046,1709656161.6799834,1709656161.6836889
2047,1709656161.7860038,1709656161.7917297
2048,1709656161.8833225,1709656161.8884966
2049,1709656161.9772651,1709656161.9808762
2050,1709656162.0813973,1709656162.0850139
2051,1709656162.2080562,1709656162.2120929
2052,1709656162.2822144,1709656162.2858362
2053,1709656162.3736193,1709656162.3764772
2054,1709656162.4853146,1709656162.490446
2055,1709656162.5793345,1709656162.583318
2056,1709656162.6767876,1709656162.6812384
2057,1709656162.789332,1709656162.7932045
2058,1709656162.8937585,1709656162.8978424
2059,1709656162.9870474,1709656162.9970086
2060,1709656163.0738401,1709656163.0778995
2061,1709656163.1744852,1709656163.1780477
2062,1709656163.2977166,1709656163.3044174
2063,1709656163.3998878,1709656163.408219
2064,1709656163.487801,1709656163.491705
2065,1709656163.593038,1709656163.59902
2066,1709656163.6927242,1709656163.6967509
2067,1709656163.7891355,1709656163.793582
2068,1709656163.8732498,1709656163.8771226
2069,1709656163.9801996,1709656163.9858942
2070,1709656164.0798857,1709656164.0832922
2071,1709656164.1935923,1709656164.1974962
2072,1709656164.280479,1709656164.2844152
2073,1709656164.3742597,1709656164.3787007
2074,1709656164.4908466,1709656164.4947166
2075,1709656164.5915983,1709656164.59561
2076,1709656164.6816256,1709656164.6858685
2077,1709656164.7755399,1709656164.7793283
2078,1709656164.8803349,1709656164.8847566
2079,1709656164.9767857,1709656164.9802272
2080,1709656165.0805016,1709656165.0849192
2081,1709656165.1774385,1709656165.1815326
2082,1709656165.282763,1709656165.2865245
2083,1709656165.3792753,1709656165.383114
2084,1709656165.482274,1709656165.4875455
2085,1709656165.5761962,1709656165.5818288
2086,1709656165.6798368,1709656165.6831415
2087,1709656165.775197,1709656165.7795901
2088,1709656165.8756156,1709656165.8793552
2089,1709656165.9747627,1709656165.9789479
2090,1709656166.0840006,1709656166.0911553
2091,1709656166.1781952,1709656166.1818736
2092,1709656166.277712,1709656166.281459
2093,1709656166.38108,1709656166.3849773
2094,1709656166.4937203,1709656166.501452
2095,1709656166.5798175,1709656166.5833259
2096,1709656166.687706,1709656166.6914463
2097,1709656166.7803593,1709656166.7839272
2098,1709656166.8852098,1709656166.8897743
2099,1709656166.9858508,1709656166.989582
2100,1709656167.0858457,1709656167.0886226
2101,1709656167.1921692,1709656167.1959646
2102,1709656167.2845798,1709656167.28826
2103,1709656167.3794317,1709656167.3845394
2104,1709656167.4793358,1709656167.483259
2105,1709656167.579501,1709656167.58346
2106,1709656167.6747403,1709656167.6772194
2107,1709656167.7768774,1709656167.7804084
2108,1709656167.8841407,1709656167.8873723
2109,1709656167.9810355,1709656167.9846148
2110,1709656168.0904968,1709656168.093004
2111,1709656168.1933174,1709656168.197036
2112,1709656168.283399,1709656168.2872076
2113,1709656168.3769555,1709656168.380662
2114,1709656168.4890459,1709656168.4929285
2115,1709656168.5810685,1709656168.5856416
2116,1709656168.6787724,1709656168.684643
2117,1709656168.7794144,1709656168.7832916
2118,1709656168.8897624,1709656168.8940914
2119,1709656168.9849432,1709656168.9883218
2120,1709656169.079913,1709656169.0837831
2121,1709656169.1804264,1709656169.1858575
2122,1709656169.2846792,1709656169.2885852
2123,1709656169.377335,1709656169.3821664
2124,1709656169.4728935,1709656169.4765294
2125,1709656169.5871146,1709656169.5912154
2126,1709656169.6854157,1709656169.6892793
2127,1709656169.788559,1709656169.792892
2128,1709656169.884213,1709656169.8910134
2129,1709656169.988579,1709656169.9921288
2130,1709656170.0845659,1709656170.087316
2131,1709656170.1835742,1709656170.1874063
2132,1709656170.277441,1709656170.2812917
2133,1709656170.3839095,1709656170.390409
2134,1709656170.475973,1709656170.4800763
2135,1709656170.5818868,1709656170.585684
2136,1709656170.6781988,1709656170.6845267
2137,1709656170.785747,1709656170.7894876
2138,1709656171.35312,1709656171.3565137
2139,1709656171.3666146,1709656171.369046
2140,1709656171.3813033,1709656171.3839881
2141,1709656171.492481,1709656171.4990094
2142,1709656171.58077,1709656171.5847352
2143,1709656171.6796181,1709656171.6848114
2144,1709656171.7938156,1709656171.8005817
2145,1709656171.8888521,1709656171.8927195
2146,1709656171.9754844,1709656171.9801345
2147,1709656172.0815866,1709656172.08747
2148,1709656172.1895826,1709656172.1927893
2149,1709656172.2810633,1709656172.2875829
2150,1709656172.379281,1709656172.3825936
2151,1709656172.4778633,1709656172.482138
2152,1709656172.5875664,1709656172.5908332
2153,1709656172.6747777,1709656172.6800709
2154,1709656172.7836993,1709656172.7885077
2155,1709656172.8754747,1709656172.8800826
2156,1709656172.983686,1709656172.9879751
2157,1709656173.075646,1709656173.0794997
2158,1709656173.174352,1709656173.1829088
2159,1709656173.2863479,1709656173.2892005
2160,1709656173.3900228,1709656173.3957756
2161,1709656173.4783318,1709656173.4822361
2162,1709656173.5789077,1709656173.5821826
2163,1709656173.6761408,1709656173.6810925
2164,1709656173.7899947,1709656173.7937577
2165,1709656173.882236,1709656173.8852253
2166,1709656173.9821248,1709656173.9856827
2167,1709656174.083083,1709656174.087101
2168,1709656174.1811342,1709656174.1847272
2169,1709656174.299472,1709656174.3029208
2170,1709656174.3825378,1709656174.3864682
2171,1709656174.4801981,1709656174.484854
2172,1709656174.5865614,1709656174.589411
2173,1709656174.675828,1709656174.680174
2174,1709656174.77764,1709656174.7814324
2175,1709656174.8776796,1709656174.880966
2176,1709656174.9938416,1709656174.9975638
2177,1709656175.082507,1709656175.087644
2178,1709656175.1850908,1709656175.1883378
2179,1709656175.28311,1709656175.2875419
2180,1709656175.3875868,1709656175.392376
2181,1709656175.4932368,1709656175.4956875
2182,1709656175.5876663,1709656175.5910614
2183,1709656175.6858273,1709656175.6896045
2184,1709656175.8037665,1709656175.8064091
2185,1709656175.8814354,1709656175.8844156
2186,1709656175.9844267,1709656175.9881248
2187,1709656176.0788407,1709656176.0832372
2188,1709656176.1768742,1709656176.179208
2189,1709656176.2992043,1709656176.2992146
2190,1709656176.3841395,1709656176.3841448
2191,1709656176.4813952,1709656176.4814003
2192,1709656176.58436,1709656176.5843654
2193,1709656176.6873295,1709656176.6873357
2194,1709656176.7995408,1709656176.7995465
2195,1709656176.8775601,1709656176.8775659
2196,1709656176.9823654,1709656176.9823735
2197,1709656177.0807428,1709656177.0807464
2198,1709656177.1873071,1709656177.1873147
2199,1709656177.2831237,1709656177.283129
2200,1709656177.3838944,1709656177.3838987
2201,1709656177.4831903,1709656177.4831955
2202,1709656177.5887163,1709656177.5887258
2203,1709656177.6802444,1709656177.68025
2204,1709656177.780655,1709656177.7806582
2205,1709656177.8734543,1709656177.8734605
2206,1709656177.9828603,1709656177.9828665
2207,1709656178.0919726,1709656178.0919807
2208,1709656178.179542,1709656178.1795475
2209,1709656178.28142,1709656178.2814255
2210,1709656178.3775444,1709656178.377551
2211,1709656178.4906573,1709656178.490671
2212,1709656178.5945199,1709656178.5945249
2213,1709656178.6839337,1709656178.6839406
2214,1709656178.776775,1709656178.7767806
2215,1709656178.877612,1709656178.877618
2216,1709656178.9958096,1709656178.9958189
2217,1709656179.0793102,1709656179.0793178
2218,1709656179.1779392,1709656179.177945
2219,1709656179.2753277,1709656179.2753344
2220,1709656179.3945534,1709656179.3945618
2221,1709656179.4845738,1709656179.4845793
2222,1709656179.5804706,1709656179.5804749
2223,1709656179.6764,1709656179.676406
2224,1709656179.787826,1709656179.7878351
2225,1709656179.8882577,1709656179.8882673
2226,1709656180.0046217,1709656180.004627
2227,1709656180.08331,1709656180.0833163
2228,1709656180.1754177,1709656180.1754231
2229,1709656180.3026838,1709656180.3026927
2230,1709656180.4079585,1709656180.4079688
2231,1709656180.4855833,1709656180.485589
2232,1709656180.5815902,1709656180.5815952
2233,1709656180.6796017,1709656180.6796086
2234,1709656180.7741768,1709656180.774185
2235,1709656180.8809364,1709656180.8809464
2236,1709656180.983899,1709656180.9839056
2237,1709656181.08083,1709656181.0808358
2238,1709656181.1755269,1709656181.175533
2239,1709656181.2954404,1709656181.2954478
2240,1709656181.3860726,1709656181.3860762
2241,1709656181.4997332,1709656181.4997394
2242,1709656181.6002057,1709656181.600213
2243,1709656181.6865644,1709656181.6865704
2244,1709656181.7823777,1709656181.782386
2245,1709656181.885296,1709656181.8853009
2246,1709656181.989801,1709656181.9898064
2247,1709656182.0915964,1709656182.091602
2248,1709656182.1761434,1709656182.1761498
2249,1709656182.2934768,1709656182.2934859
2250,1709656182.381064,1709656182.38107
2251,1709656182.472848,1709656182.4728534
2252,1709656182.5806682,1709656182.5806732
2253,1709656182.6900032,1709656182.6900125
2254,1709656182.784591,1709656182.7845986
2255,1709656182.8886542,1709656182.8886611
2256,1709656182.9779568,1709656182.9779615
2257,1709656183.088781,1709656183.088788
2258,1709656183.1905744,1709656183.1905825
2259,1709656183.2797,1709656183.2797058
2260,1709656183.3765523,1709656183.3765578
2261,1709656183.4811082,1709656183.4811141
2262,1709656183.5800376,1709656183.5800416
2263,1709656183.6940045,1709656183.6940126
2264,1709656183.778005,1709656183.7780104
2265,1709656183.881317,1709656183.8813233
2266,1709656183.974926,1709656183.9749315
2267,1709656184.0733087,1709656184.0733137
2268,1709656184.189996,1709656184.1900036
2269,1709656184.2798073,1709656184.2798119
2270,1709656184.38839,1709656184.3883939
2271,1709656184.4777322,1709656184.477736
2272,1709656184.5865712,1709656184.586579
2273,1709656184.6832457,1709656184.6832523
2274,1709656184.7812366,1709656184.7812426
2275,1709656184.8744256,1709656184.8744318
2276,1709656184.976929,1709656184.9769347
2277,1709656185.0926473,1709656185.0926757
2278,1709656185.1857612,1709656185.1857672
2279,1709656185.2731836,1709656185.2731888
2280,1709656185.3817368,1709656185.3817432
2281,1709656185.489184,1709656185.489191
2282,1709656185.5935462,1709656185.5935545
2283,1709656185.683919,1709656185.6839259
2284,1709656185.7913728,1709656185.7913814
2285,1709656185.882085,1709656185.8820925
2286,1709656185.9760568,1709656185.9760633
2287,1709656186.0881186,1709656186.0881243
2288,1709656186.1794155,1709656186.179422
2289,1709656186.276901,1709656186.2769074
2290,1709656186.40507,1709656186.4050765
2291,1709656186.4923587,1709656186.4923675
2292,1709656186.586577,1709656186.5865836
2293,1709656186.6747208,1709656186.6747267
2294,1709656186.7804332,1709656186.7804394
2295,1709656186.8797815,1709656186.8797884
2296,1709656186.9923248,1709656186.9923513
2297,1709656187.0725284,1709656187.0725336
2298,1709656187.177334,1709656187.177339
2299,1709656187.2772646,1709656187.2772698
2300,1709656187.3833108,1709656187.383319
2301,1709656187.4743507,1709656187.4743576
2302,1709656187.5749857,1709656187.57499
2303,1709656187.6767805,1709656187.6767838
2304,1709656187.7928424,1709656187.7928507
2305,1709656187.8801563,1709656187.880161
2306,1709656187.9767363,1709656187.9767413
2307,1709656188.0776117,1709656188.077617
2308,1709656188.1806705,1709656188.180678
2309,1709656188.2731037,1709656188.2731092
2310,1709656188.3803449,1709656188.3803494
2311,1709656188.4745288,1709656188.4745326
2312,1709656188.5980268,1709656188.5980346
2313,1709656188.6819422,1709656188.681947
2314,1709656188.776906,1709656188.7769108
2315,1709656188.8777635,1709656188.8777692
2316,1709656188.9867394,1709656188.9867477
2317,1709656189.0862036,1709656189.0862093
2318,1709656189.178718,1709656189.178722
2319,1709656189.2760477,1709656189.276053
2320,1709656189.3919759,1709656189.3919835
2321,1709656189.4763896,1709656189.4764032
2322,1709656189.5836837,1709656189.583692
2323,1709656189.6744635,1709656189.6744695
2324,1709656189.7914371,1709656189.7914484
2325,1709656189.87966,1709656189.8796659
2326,1709656189.9826214,1709656189.9826276
2327,1709656190.076294,1709656190.0763001
2328,1709656190.179853,1709656190.179861
2329,1709656190.2852662,1709656190.285272
2330,1709656190.3893585,1709656190.3893635
2331,1709656190.48724,1709656190.487246
2332,1709656190.5882776,1709656190.5882835
2333,1709656190.6873975,1709656190.6874013
2334,1709656190.7819433,1709656190.7819493
2335,1709656190.8735871,1709656190.8735926
2336,1709656190.9902916,1709656190.990297
2337,1709656191.077896,1709656191.0779026
2338,1709656191.1803095,1709656191.180313
2339,1709656191.2831059,1709656191.283111
2340,1709656191.3848994,1709656191.384909
2341,1709656191.480592,1709656191.4805973
2342,1709656191.5749035,1709656191.5749104
2343,1709656191.6795847,1709656191.6795905
2344,1709656191.7919862,1709656191.7919972
2345,1709656191.874955,1709656191.8749611
2346,1709656191.982014,1709656191.9820204
2347,1709656192.0725272,1709656192.072533
2348,1709656192.1865132,1709656192.1865187
2349,1709656192.2757611,1709656192.2757673
2350,1709656192.3810585,1709656192.3810642
2351,1709656192.4754124,1709656192.4754183
2352,1709656192.5802636,1709656192.5802689
2353,1709656192.6808696,1709656192.6808765
2354,1709656192.7780054,1709656192.7780118
2355,1709656192.8817556,1709656192.8817616
2356,1709656192.986114,1709656192.9861193
2357,1709656193.0761478,1709656193.0761535
2358,1709656193.1996849,1709656193.1996906
2359,1709656193.2881835,1709656193.28819
2360,1709656193.3750427,1709656193.3750486
2361,1709656193.5089505,1709656193.5089576
2362,1709656193.5820277,1709656193.5820343
2363,1709656193.6828666,1709656193.6828716
2364,1709656193.7800438,1709656193.7800508
2365,1709656193.8835945,1709656193.883601
2366,1709656193.98112,1709656193.9811273
2367,1709656194.0774214,1709656194.0774257
2368,1709656194.178721,1709656194.178727
2369,1709656194.2916896,1709656194.2916963
2370,1709656194.3757272,1709656194.375733
2371,1709656194.4779205,1709656194.4779267
2372,1709656194.583507,1709656194.583512
2373,1709656194.6917195,1709656194.6917233
2374,1709656194.7801414,1709656194.7801495
2375,1709656194.8756552,1709656194.8756611
2376,1709656194.986694,1709656194.986957
2377,1709656195.0895374,1709656195.0895455
2378,1709656195.1853054,1709656195.1853104
2379,1709656195.2865238,1709656195.28653
2380,1709656195.3759108,1709656195.3759189
2381,1709656195.4914248,1709656195.4951081
2382,1709656195.5799813,1709656195.583373
2383,1709656195.6799386,1709656195.6844544
2384,1709656195.776164,1709656195.780277
2385,1709656195.8885233,1709656195.8906972
2386,1709656195.9754317,1709656195.9791024
2387,1709656196.088214,1709656196.0905027
2388,1709656196.1807625,1709656196.1843207
2389,1709656196.285368,1709656196.291269
2390,1709656196.3843527,1709656196.3884716
2391,1709656196.4861064,1709656196.4913652
2392,1709656196.5799565,1709656196.5906372
2393,1709656196.6833415,1709656196.689446
2394,1709656196.786702,1709656196.7905798
2395,1709656196.8833797,1709656196.8875926
2396,1709656196.9958515,1709656197.0006828
2397,1709656197.0766764,1709656197.0819688
2398,1709656197.1937106,1709656197.1977534
2399,1709656197.286707,1709656197.2915812
2400,1709656197.3864164,1709656197.39286
2401,1709656197.4771347,1709656197.4820786
2402,1709656197.5763109,1709656197.580546
2403,1709656197.6939414,1709656197.6991293
2404,1709656197.7822366,1709656197.7869105
2405,1709656197.8886218,1709656197.8927166
2406,1709656197.981909,1709656197.9869554
2407,1709656198.077974,1709656198.0817244
2408,1709656198.1768239,1709656198.1804514
2409,1709656198.2758343,1709656198.2804966
2410,1709656198.3770206,1709656198.3800213
2411,1709656198.47804,1709656198.4821332
2412,1709656198.577304,1709656198.5813262
2413,1709656198.6833837,1709656198.688292
2414,1709656198.783422,1709656198.7873893
2415,1709656198.8809628,1709656198.8855946
2416,1709656198.97859,1709656198.983158
2417,1709656199.0820642,1709656199.086378
2418,1709656199.177242,1709656199.1809394
2419,1709656199.2798824,1709656199.2834253
2420,1709656199.3791628,1709656199.3829262
2421,1709656199.4784977,1709656199.4825943
2422,1709656199.5818095,1709656199.5856304
2423,1709656199.6848807,1709656199.6898723
2424,1709656199.7799792,1709656199.784322
2425,1709656199.8810248,1709656199.8840938
2426,1709656199.978896,1709656199.9829595
2427,1709656200.0769644,1709656200.0816715
2428,1709656200.1843147,1709656200.1880789
2429,1709656200.2774093,1709656200.2815714
2430,1709656200.380897,1709656200.3853853
2431,1709656200.4738472,1709656200.4779282
2432,1709656200.582428,1709656200.5870519
2433,1709656200.6828613,1709656200.686686
2434,1709656200.7736955,1709656200.7774777
2435,1709656200.8761482,1709656200.880223
2436,1709656200.9757168,1709656200.9828787
2437,1709656201.0799417,1709656201.0837166
2438,1709656201.1735048,1709656201.1782882
2439,1709656201.2847652,1709656201.2871964
2440,1709656201.377773,1709656201.3817728
2441,1709656201.4801629,1709656201.4863858
2442,1709656201.5765262,1709656201.5873592
2443,1709656201.6935122,1709656201.6988678
2444,1709656201.7851036,1709656201.7891848
2445,1709656201.875238,1709656201.8813694
2446,1709656201.9796886,1709656201.9866157
2447,1709656202.0864966,1709656202.091334
2448,1709656202.1741505,1709656202.1787398
2449,1709656202.2837737,1709656202.2878122
2450,1709656202.3851085,1709656202.3895333
2451,1709656202.4825103,1709656202.4866278
2452,1709656202.5800445,1709656202.583671
2453,1709656202.676221,1709656202.6803646
2454,1709656202.7806354,1709656202.7846522
2455,1709656202.8755326,1709656202.878372
2456,1709656202.9820044,1709656202.9861164
2457,1709656203.0776951,1709656203.0813053
2458,1709656203.1807876,1709656203.1846535
2459,1709656203.2750888,1709656203.2793114
2460,1709656203.3857267,1709656203.3916683
2461,1709656203.475967,1709656203.480976
2462,1709656203.6041536,1709656203.6080713
2463,1709656203.6754568,1709656203.679265
2464,1709656203.7854018,1709656203.7888322
2465,1709656203.8729315,1709656203.8770983
2466,1709656203.9785657,1709656203.9817734
2467,1709656204.0725138,1709656204.076039
2468,1709656204.1837466,1709656204.1877482
2469,1709656204.2825475,1709656204.285331
2470,1709656204.3761744,1709656204.3804297
2471,1709656204.4725592,1709656204.4761112
2472,1709656204.5797052,1709656204.5835762
2473,1709656204.683276,1709656204.6871643
2474,1709656204.7800193,1709656204.7838788
2475,1709656204.8734043,1709656204.8771822
2476,1709656204.983274,1709656204.987057
2477,1709656205.077069,1709656205.080915
2478,1709656205.1838064,1709656205.1872323
2479,1709656205.2766507,1709656205.2804534
2480,1709656205.3810568,1709656205.384562
2481,1709656205.4747963,1709656205.4798312
2482,1709656205.5793471,1709656205.5835361
2483,1709656205.679815,1709656205.683546
2484,1709656205.78885,1709656205.7924316
2485,1709656205.8771772,1709656205.8812943
2486,1709656205.9826877,1709656205.9872127
2487,1709656206.075485,1709656206.0815563
2488,1709656206.184088,1709656206.1890085
2489,1709656206.282632,1709656206.287576
2490,1709656206.3814292,1709656206.3863664
2491,1709656206.4782937,1709656206.4819038
2492,1709656206.5935323,1709656206.5979676
2493,1709656206.678711,1709656206.6836631
2494,1709656206.7795887,1709656206.7846055
2495,1709656206.8817637,1709656206.8870313
2496,1709656206.9923651,1709656206.9968407
2497,1709656207.0806417,1709656207.0849311
2498,1709656207.178776,1709656207.183935
2499,1709656207.2742581,1709656207.2781394
2500,1709656207.3791666,1709656207.3858693
2501,1709656207.4819999,1709656207.4860716
2502,1709656207.5829484,1709656207.586683
2503,1709656207.677506,1709656207.681436
2504,1709656207.7855666,1709656207.7893806
2505,1709656207.8742597,1709656207.8783934
2506,1709656207.979336,1709656207.9831283
2507,1709656208.084501,1709656208.0886028
2508,1709656208.1790702,1709656208.1861424
2509,1709656208.2834082,1709656208.2871838
2510,1709656208.3805802,1709656208.3838933
2511,1709656208.4877112,1709656208.4913335
2512,1709656208.5771883,1709656208.5809858
2513,1709656208.6830475,1709656208.686705
2514,1709656208.7778718,1709656208.7817378
2515,1709656208.8811738,1709656208.884985
2516,1709656208.977672,1709656208.9814
2517,1709656209.0829399,1709656209.086905
2518,1709656209.1885931,1709656209.1934593
2519,1709656209.2770474,1709656209.2806306
2520,1709656209.379787,1709656209.383981
2521,1709656209.4804103,1709656209.4842973
2522,1709656209.5936496,1709656209.5972812
2523,1709656209.680647,1709656209.6844816
2524,1709656209.7765572,1709656209.784317
2525,1709656209.878769,1709656209.882234
2526,1709656209.9857445,1709656209.9895768
2527,1709656210.0750523,1709656210.078709
2528,1709656210.1773055,1709656210.1815217
2529,1709656210.2813973,1709656210.285326
2530,1709656210.3751266,1709656210.3796878
2531,1709656210.475682,1709656210.479989
2532,1709656210.5769384,1709656210.5813086
2533,1709656210.6802828,1709656210.684178
2534,1709656210.7836998,1709656210.7879176
2535,1709656210.8750844,1709656210.8784442
2536,1709656210.9854665,1709656210.9896038
2537,1709656211.0762253,1709656211.079891
2538,1709656211.1779728,1709656211.181901
2539,1709656211.274914,1709656211.2812018
2540,1709656211.38287,1709656211.3871188
2541,1709656211.4817717,1709656211.485906
2542,1709656211.577767,1709656211.5817256
2543,1709656211.6759467,1709656211.67961
2544,1709656211.7982473,1709656211.8020887
2545,1709656211.8731048,1709656211.876171
2546,1709656211.9784508,1709656211.9823685
2547,1709656212.0752034,1709656212.0792248
2548,1709656212.1798224,1709656212.1847937
2549,1709656212.2808833,1709656212.285329
2550,1709656212.374578,1709656212.3825684
2551,1709656212.482931,1709656212.4870825
2552,1709656212.580677,1709656212.5849316
2553,1709656212.6787302,1709656212.6826398
2554,1709656212.7766752,1709656212.7813196
2555,1709656212.8925507,1709656212.8962991
2556,1709656212.9802456,1709656212.9845645
2557,1709656213.0766861,1709656213.080596
2558,1709656213.1819298,1709656213.1867452
2559,1709656213.2756054,1709656213.2797468
2560,1709656213.3758152,1709656213.379216
2561,1709656213.4858222,1709656213.4923065
2562,1709656213.5795813,1709656213.5848453
2563,1709656213.6768246,1709656213.6803074
2564,1709656213.7808266,1709656213.7858331
2565,1709656213.878276,1709656213.8823225
2566,1709656213.9899542,1709656213.9945068
2567,1709656214.0825715,1709656214.0880156
2568,1709656214.1837816,1709656214.187736
2569,1709656214.2774518,1709656214.2814937
2570,1709656214.3763735,1709656214.3806992
2571,1709656214.47982,1709656214.4858825
2572,1709656214.5816367,1709656214.5855405
2573,1709656214.6758327,1709656214.680584
2574,1709656214.77673,1709656214.78057
2575,1709656214.8842,1709656214.887772
2576,1709656214.9817147,1709656214.9869697
2577,1709656215.089922,1709656215.0930912
2578,1709656215.1762025,1709656215.1866896
2579,1709656215.2785935,1709656215.2828023
2580,1709656215.3847232,1709656215.389035
2581,1709656215.4847531,1709656215.4888306
2582,1709656215.611784,1709656215.6158206
2583,1709656215.6848366,1709656215.6886446
2584,1709656215.7805614,1709656215.7848148
2585,1709656215.878038,1709656215.882508
2586,1709656215.9809756,1709656215.985189
2587,1709656216.084268,1709656216.0887253
2588,1709656216.1779222,1709656216.1817482
2589,1709656216.2777889,1709656216.282397
2590,1709656216.379822,1709656216.383646
2591,1709656216.4845552,1709656216.4880528
2592,1709656216.5783756,1709656216.5825703
2593,1709656216.6802545,1709656216.684164
2594,1709656216.7771006,1709656216.780987
2595,1709656216.8823931,1709656216.8866796
2596,1709656216.9759655,1709656216.980592
2597,1709656217.0827065,1709656217.087245
2598,1709656217.192726,1709656217.1966693
2599,1709656217.2741477,1709656217.2787876
2600,1709656217.3796365,1709656217.384313
2601,1709656217.4993334,1709656217.5037966
2602,1709656217.5766544,1709656217.5799437
2603,1709656217.6794944,1709656217.679501
2604,1709656217.7779791,1709656217.7780092
2605,1709656217.8828185,1709656217.8828235
2606,1709656217.9758286,1709656217.9758346
2607,1709656218.080948,1709656218.0809538
2608,1709656218.1865947,1709656218.186601
2609,1709656218.2861974,1709656218.2862036
2610,1709656218.3763442,1709656218.3763502
2611,1709656218.48701,1709656218.4870176
2612,1709656218.5743334,1709656218.5743392
2613,1709656218.6843834,1709656218.6843896
2614,1709656218.7833073,1709656218.7833145
2615,1709656218.8822505,1709656218.8822567
2616,1709656218.9794517,1709656218.9794562
2617,1709656219.0903935,1709656219.0903983
2618,1709656219.1843154,1709656219.1843219
2619,1709656219.276696,1709656219.2767022
2620,1709656219.3910565,1709656219.3910618
2621,1709656219.473159,1709656219.4731627
2622,1709656219.5828059,1709656219.5828109
2623,1709656219.675945,1709656219.675949
2624,1709656219.7765355,1709656219.7765412
2625,1709656219.8803504,1709656219.880356
2626,1709656219.9852412,1709656219.985247
2627,1709656220.0827632,1709656220.082769
2628,1709656220.1818306,1709656220.1818345
2629,1709656220.277699,1709656220.2777054
2630,1709656220.3857925,1709656220.3858004
2631,1709656220.4784505,1709656220.4784558
2632,1709656220.5760398,1709656220.5760448
2633,1709656220.6852305,1709656220.6852362
2634,1709656220.7779875,1709656220.7779927
2635,1709656220.8838196,1709656220.8838246
2636,1709656220.9792583,1709656220.9792643
2637,1709656221.0733001,1709656221.0733097
2638,1709656221.1755476,1709656221.1755517
2639,1709656221.2826717,1709656221.2826777
2640,1709656221.385889,1709656221.3858943
2641,1709656221.4781938,1709656221.4782019
2642,1709656221.5778155,1709656221.5778217
2643,1709656221.6995633,1709656221.699571
2644,1709656221.7810075,1709656221.7810135
2645,1709656221.8793433,1709656221.8793504
2646,1709656221.9761662,1709656221.976174
2647,1709656222.0939186,1709656222.093924
2648,1709656222.1767497,1709656222.176755
2649,1709656222.2843666,1709656222.2843747
2650,1709656222.3765142,1709656222.3765218
2651,1709656222.4793437,1709656222.4793506
2652,1709656222.579387,1709656222.579393
2653,1709656222.68103,1709656222.6810362
2654,1709656222.7844036,1709656222.7844105
2655,1709656222.8825521,1709656222.8825583
2656,1709656222.9821208,1709656222.9821277
2657,1709656223.0819366,1709656223.0819435
2658,1709656223.1772528,1709656223.1772592
2659,1709656223.2884076,1709656223.2884133
2660,1709656223.3745499,1709656223.374555
2661,1709656223.4730656,1709656223.4730704
2662,1709656223.5874794,1709656223.5874872
2663,1709656223.6746628,1709656223.674671
2664,1709656223.7776742,1709656223.7776806
2665,1709656223.8941677,1709656223.8941886
2666,1709656223.9794893,1709656223.9794943
2667,1709656224.0859938,1709656224.086
2668,1709656224.198794,1709656224.1988025
2669,1709656224.2840424,1709656224.2840478
2670,1709656224.3778052,1709656224.3778112
2671,1709656224.4860616,1709656224.4860687
2672,1709656224.57441,1709656224.5744169
2673,1709656224.681585,1709656224.681591
2674,1709656224.7936282,1709656224.7936392
2675,1709656224.877974,1709656224.8779805
2676,1709656224.9782205,1709656224.9782257
2677,1709656225.0950496,1709656225.0950582
2678,1709656225.1772645,1709656225.1772704
2679,1709656225.2762628,1709656225.2762687
2680,1709656225.3913271,1709656225.3913357
2681,1709656225.4725351,1709656225.4725392
2682,1709656225.5769615,1709656225.5769687
2683,1709656225.694258,1709656225.6942666
2684,1709656225.7821264,1709656225.7821305
2685,1709656225.8732934,1709656225.873299
2686,1709656225.9814298,1709656225.9814386
2687,1709656226.0787802,1709656226.0787866
2688,1709656226.1790104,1709656226.1790175
2689,1709656226.27838,1709656226.278386
2690,1709656226.37387,1709656226.3738797
2691,1709656226.4742343,1709656226.4742408
2692,1709656226.5904653,1709656226.5904746
2693,1709656226.6791615,1709656226.679169
2694,1709656226.7804372,1709656226.7804437
2695,1709656226.8850431,1709656226.8850513
2696,1709656226.987552,1709656226.987559
2697,1709656227.0942276,1709656227.094233
2698,1709656227.1950314,1709656227.1950405
2699,1709656227.28426,1709656227.2842655
2700,1709656227.3773808,1709656227.3773875
2701,1709656227.4855096,1709656227.4855235
2702,1709656227.5869155,1709656227.5869212
2703,1709656227.6822386,1709656227.682245
2704,1709656227.8113587,1709656227.8113644
2705,1709656227.8744636,1709656227.8744695
2706,1709656227.9796567,1709656227.9796631
2707,1709656228.0900443,1709656228.0900517
2708,1709656228.1764207,1709656228.1764276
2709,1709656228.2808218,1709656228.2808287
2710,1709656228.3877237,1709656228.3877323
2711,1709656228.4784925,1709656228.4785
2712,1709656228.583954,1709656228.58396
2713,1709656228.69501,1709656228.6950192
2714,1709656228.784036,1709656228.7840424
2715,1709656228.8840208,1709656228.8840272
2716,1709656228.9814582,1709656228.9814672
2717,1709656229.0811315,1709656229.0811367
2718,1709656229.1794035,1709656229.179408
2719,1709656229.2878149,1709656229.287824
2720,1709656229.374724,1709656229.3747292
2721,1709656229.4844685,1709656229.4844744
2722,1709656229.598412,1709656229.5984204
2723,1709656229.6807957,1709656229.680802
2724,1709656229.7797382,1709656229.7797453
2725,1709656229.8908927,1709656229.8909023
2726,1709656229.9759657,1709656229.975969
2727,1709656230.0770526,1709656230.0770576
2728,1709656230.1944382,1709656230.1944487
2729,1709656230.2808678,1709656230.2808733
2730,1709656230.373773,1709656230.3737779
2731,1709656230.487858,1709656230.4878662
2732,1709656230.5773675,1709656230.5773737
2733,1709656230.674963,1709656230.6749692
2734,1709656230.7993808,1709656230.7993863
2735,1709656230.8863554,1709656230.8863616
2736,1709656230.9863055,1709656230.986312
2737,1709656231.08948,1709656231.0894892
2738,1709656231.1813445,1709656231.1813495
2739,1709656231.2875943,1709656231.2876008
2740,1709656231.3849952,1709656231.3850048
2741,1709656231.4794235,1709656231.4794297
2742,1709656231.587102,1709656231.587108
2743,1709656231.6943047,1709656231.694312
2744,1709656231.7747698,1709656231.774776
2745,1709656231.8747435,1709656231.8747485
2746,1709656231.9862673,1709656231.9862761
2747,1709656232.0764403,1709656232.0764449
2748,1709656232.1804314,1709656232.1804354
2749,1709656232.2962484,1709656232.296256
2750,1709656232.3792841,1709656232.3792906
2751,1709656232.4781754,1709656232.478181
2752,1709656232.5866964,1709656232.5867026
2753,1709656232.6746798,1709656232.6746848
2754,1709656232.78418,1709656232.7841864
2755,1709656232.887672,1709656232.8876798
2756,1709656232.9827166,1709656232.9827213
2757,1709656233.0783904,1709656233.0783966
2758,1709656233.1899273,1709656233.1899357
2759,1709656233.275633,1709656233.275639
2760,1709656233.37763,1709656233.377637
2761,1709656233.486034,1709656233.4860415
2762,1709656233.5766473,1709656233.5766554
2763,1709656233.6764808,1709656233.6764872
2764,1709656233.794629,1709656233.794637
2765,1709656233.8879526,1709656233.8879583
2766,1709656233.9849775,1709656233.9849842
2767,1709656234.143333,1709656234.1433382
2768,1709656234.1755252,1709656234.175529
2769,1709656234.2784631,1709656234.278468
2770,1709656234.3863418,1709656234.3863492
2771,1709656234.4773762,1709656234.4773822
2772,1709656234.576165,1709656234.576172
2773,1709656234.6962883,1709656234.6962962
2774,1709656234.7778916,1709656234.7779002
2775,1709656234.9039373,1709656234.9039435
2776,1709656234.9873638,1709656234.9873726
2777,1709656235.0729778,1709656235.0729833
2778,1709656235.1803524,1709656235.1803598
2779,1709656235.2855983,1709656235.2856066
2780,1709656235.3825276,1709656235.3825333
2781,1709656235.4862206,1709656235.486228
2782,1709656235.5933828,1709656235.5933938
2783,1709656235.6847768,1709656235.6847827
2784,1709656235.7720082,1709656235.7720118
2785,1709656235.8941329,1709656235.8941426
2786,1709656235.9819193,1709656235.981926
2787,1709656236.0735316,1709656236.0735373
2788,1709656236.1941862,1709656236.194194
2789,1709656236.2834368,1709656236.2834442
2790,1709656236.3763986,1709656236.3764048
2791,1709656236.4891684,1709656236.4891748
2792,1709656236.585205,1709656236.5852084
2793,1709656236.6820064,1709656236.6820142
2794,1709656236.7954745,1709656236.7954826
2795,1709656236.8885474,1709656236.888552
2796,1709656236.9822757,1709656236.9822814
2797,1709656237.091244,1709656237.0912528
2798,1709656237.1732364,1709656237.1732419
2799,1709656237.2771056,1709656237.2771096
2800,1709656237.3890152,1709656237.3890245
2801,1709656237.4814181,1709656237.481425
2802,1709656237.575635,1709656237.5756407
2803,1709656237.683478,1709656237.6834843
2804,1709656237.7736259,1709656237.7736323
2805,1709656237.8781002,1709656237.8781064
2806,1709656237.9842637,1709656237.9842718
2807,1709656238.0845804,1709656238.0845869
2808,1709656238.172825,1709656238.1728318
2809,1709656238.2962348,1709656238.2962434
2810,1709656238.3753815,1709656238.3753848
2811,1709656238.4766595,1709656238.4766653
2812,1709656238.5897486,1709656238.5897617
2813,1709656238.6798458,1709656238.67985
2814,1709656238.7802982,1709656238.7803044
2815,1709656238.8909683,1709656238.8909783
2816,1709656238.9775252,1709656238.9775314
2817,1709656239.0725634,1709656239.0725696
2818,1709656239.185055,1709656239.1850631
2819,1709656239.2800524,1709656239.280058
2820,1709656239.377322,1709656239.377329
2821,1709656239.4926922,1709656239.4927013
2822,1709656239.5776098,1709656239.5776176
2823,1709656239.6775835,1709656239.6775892
2824,1709656239.7861102,1709656239.786122
2825,1709656239.8837216,1709656239.8837287
2826,1709656239.9802494,1709656239.980256
2827,1709656240.0900514,1709656240.0900605
2828,1709656240.1777277,1709656240.1777337
2829,1709656240.2808907,1709656240.2808962
2830,1709656240.3917549,1709656240.3917668
2831,1709656240.474303,1709656240.4743097
2832,1709656240.5803905,1709656240.5803967
2833,1709656240.697216,1709656240.6972232
2834,1709656240.7796423,1709656240.779649
2835,1709656240.8835075,1709656240.8835154
2836,1709656240.9861453,1709656240.986152
2837,1709656241.0812151,1709656241.081221
2838,1709656241.1796527,1709656241.1796587
2839,1709656241.2917447,1709656241.291753
2840,1709656241.3791966,1709656241.3792002
2841,1709656241.477543,1709656241.477548
2842,1709656241.5885313,1709656241.588539
2843,1709656241.6758714,1709656241.675877
2844,1709656241.7779248,1709656241.7779317
2845,1709656241.8957634,1709656241.8957708
2846,1709656241.9816139,1709656241.9816191
2847,1709656242.0774007,1709656242.0774064
2848,1709656242.1898558,1709656242.189865
2849,1709656242.2897758,1709656242.2897823
2850,1709656242.3782203,1709656242.3782265
2851,1709656242.482035,1709656242.4820418
2852,1709656242.5769913,1709656242.5769966
2853,1709656242.679837,1709656242.679841
2854,1709656242.7807906,1709656242.780796
2855,1709656242.8777614,1709656242.877768
2856,1709656242.9870243,1709656242.9870296
2857,1709656243.085737,1709656243.0857425
2858,1709656243.1760237,1709656243.17603
2859,1709656243.2905662,1709656243.2905712
2860,1709656243.394808,1709656243.3948157
2861,1709656243.4763381,1709656243.4763436
2862,1709656243.9362066,1709656243.9362166
2863,1709656243.9457948,1709656243.9458008
2864,1709656243.9796994,1709656243.9797032
2865,1709656244.0882738,1709656244.0882823
2866,1709656244.1879742,1709656244.1879802
2867,1709656244.2834735,1709656244.2834804
2868,1709656244.384932,1709656244.3849418
2869,1709656244.4801412,1709656244.4801457
2870,1709656244.581439,1709656244.581445
2871,1709656244.685105,1709656244.6851118
2872,1709656244.7810152,1709656244.7810214
2873,1709656244.882837,1709656244.8828447
2874,1709656244.9865086,1709656244.9865155
2875,1709656245.0768063,1709656245.076813
2876,1709656245.1820562,1709656245.182062
2877,1709656245.2882044,1709656245.288214
2878,1709656245.3803747,1709656245.380381
2879,1709656245.4796765,1709656245.4796822
2880,1709656245.5937448,1709656245.5937545
2881,1709656245.6777287,1709656245.677735
2882,1709656245.7848241,1709656245.784829
2883,1709656245.880826,1709656245.8808317
2884,1709656245.9764562,1709656245.9764624
2885,1709656246.082277,1709656246.0822828
2886,1709656246.2003124,1709656246.2003207
2887,1709656246.2866313,1709656246.2866375
2888,1709656246.3793223,1709656246.3793287
2889,1709656246.4898837,1709656246.4898932
2890,1709656246.5836658,1709656246.583672
2891,1709656246.6771474,1709656246.677153
2892,1709656246.7920852,1709656246.792093
2893,1709656246.9075985,1709656246.9076052
2894,1709656246.9812393,1709656246.9812462
2895,1709656247.0954993,1709656247.095506
2896,1709656247.180393,1709656247.180399
2897,1709656247.2812843,1709656247.2812908
2898,1709656247.3863125,1709656247.386322
2899,1709656247.4795024,1709656247.4795094
2900,1709656247.5756698,1709656247.5756757
2901,1709656247.685286,1709656247.6852915
2902,1709656247.7794468,1709656247.7794535
2903,1709656247.8819575,1709656247.8819647
2904,1709656247.9825227,1709656247.982529
2905,1709656248.0777488,1709656248.0777526
2906,1709656248.1768742,1709656248.176882
2907,1709656248.2987323,1709656248.2987418
2908,1709656248.377743,1709656248.3777483
2909,1709656248.4868674,1709656248.486873
2910,1709656248.5944507,1709656248.5944626
2911,1709656248.677773,1709656248.677779
2912,1709656248.7752886,1709656248.7752936
2913,1709656248.8887506,1709656248.8931599
2914,1709656248.9796226,1709656248.9842865
2915,1709656249.105665,1709656249.10924
2916,1709656249.2310584,1709656249.2472577
2917,1709656249.3065844,1709656249.3100157
2918,1709656249.3912888,1709656249.3949873
2919,1709656249.475672,1709656249.478396
2920,1709656249.578088,1709656249.5819316
2921,1709656249.6940074,1709656249.6976264
2922,1709656249.7774692,1709656249.781391
2923,1709656249.8749025,1709656249.8784165
2924,1709656249.9889271,1709656249.9926867
2925,1709656250.0850334,1709656250.0881813
2926,1709656250.1851563,1709656250.1916904
2927,1709656250.2772555,1709656250.280774
2928,1709656250.3838022,1709656250.3876534
2929,1709656250.4776957,1709656250.4813273
2930,1709656250.5941176,1709656250.597588
2931,1709656250.6832888,1709656250.687126
2932,1709656250.7817988,1709656250.7856994
2933,1709656250.877638,1709656250.8810496
2934,1709656250.9879818,1709656250.9917858
2935,1709656251.0860646,1709656251.0895941
2936,1709656251.1793885,1709656251.183284
2937,1709656251.2808583,1709656251.2843297
2938,1709656251.384948,1709656251.388202
2939,1709656251.4912372,1709656251.4950511
2940,1709656251.5795908,1709656251.582194
2941,1709656251.6806066,1709656251.6845071
2942,1709656251.7846723,1709656251.7886715
2943,1709656251.8811052,1709656251.8855264
2944,1709656251.976432,1709656251.9802976
2945,1709656252.0903056,1709656252.0945492
2946,1709656252.1847532,1709656252.1885638
2947,1709656252.273931,1709656252.276594
2948,1709656252.3777635,1709656252.3807194
2949,1709656252.4807591,1709656252.4847474
2950,1709656252.5798533,1709656252.5827065
2951,1709656252.6756122,1709656252.6800492
2952,1709656252.7784464,1709656252.7881405
2953,1709656252.893065,1709656252.8971453
2954,1709656252.9781458,1709656252.9821675
2955,1709656253.0760732,1709656253.0789812
2956,1709656253.1932914,1709656253.1962917
2957,1709656253.2853527,1709656253.2893977
2958,1709656253.3788893,1709656253.382931
2959,1709656253.480064,1709656253.483193
2960,1709656253.5942926,1709656253.5980635
2961,1709656253.6759171,1709656253.678521
2962,1709656253.7854333,1709656253.7891526
2963,1709656253.879379,1709656253.8836184
2964,1709656253.9854572,1709656253.9878414
2965,1709656254.0786018,1709656254.0823977
2966,1709656254.177837,1709656254.180599
2967,1709656254.285809,1709656254.2897213
2968,1709656254.3920977,1709656254.399505
2969,1709656254.473146,1709656254.4766133
2970,1709656254.5772765,1709656254.580814
2971,1709656254.6923635,1709656254.697636
2972,1709656254.7847674,1709656254.7884634
2973,1709656254.8799362,1709656254.8838987
2974,1709656254.981742,1709656254.9855022
2975,1709656255.0889046,1709656255.0928051
2976,1709656255.1833198,1709656255.1855772
2977,1709656255.2745292,1709656255.278028
2978,1709656255.376041,1709656255.3802652
2979,1709656255.4887319,1709656255.491602
2980,1709656255.577239,1709656255.5806544
2981,1709656255.6843128,1709656255.689484
2982,1709656255.7891068,1709656255.7917264
2983,1709656255.8849733,1709656255.8876038
2984,1709656255.9804652,1709656255.9846442
2985,1709656256.077427,1709656256.0805748
2986,1709656256.1968575,1709656256.2015564
2987,1709656256.2815652,1709656256.2852612
2988,1709656256.3753352,1709656256.3791883
2989,1709656256.4855144,1709656256.4891257
2990,1709656256.5979702,1709656256.6016235
2991,1709656256.685162,1709656256.6883767
2992,1709656256.780059,1709656256.782912
2993,1709656256.8833659,1709656256.8869221
2994,1709656256.9906926,1709656256.9933796
2995,1709656257.0876822,1709656257.0928583
2996,1709656257.17818,1709656257.181911
2997,1709656257.2865908,1709656257.290325
2998,1709656257.3888116,1709656257.3924413
2999,1709656257.4808683,1709656257.484896
3000,1709656257.5823097,1709656257.5860744
3001,1709656257.6905859,1709656257.694255
3002,1709656257.7905824,1709656257.7959032
3003,1709656257.8797884,1709656257.883431
3004,1709656257.974337,1709656257.978579
3005,1709656258.0834455,1709656258.0874114
3006,1709656258.1837828,1709656258.1864173
3007,1709656258.2797265,1709656258.283594
3008,1709656258.3731825,1709656258.3780165
3009,1709656258.484836,1709656258.4891396
3010,1709656258.5820968,1709656258.5847523
3011,1709656258.677289,1709656258.6814327
3012,1709656258.7864094,1709656258.7894492
3013,1709656258.9051788,1709656258.9090514
3014,1709656258.9868639,1709656258.9901958
3015,1709656259.0896435,1709656259.0933876
3016,1709656259.1942146,1709656259.197464
3017,1709656259.2829642,1709656259.2863314
3018,1709656259.388794,1709656259.3926213
3019,1709656259.4767091,1709656259.479738
3020,1709656259.57861,1709656259.5808709
3021,1709656259.6782017,1709656259.6819901
3022,1709656259.7749705,1709656259.7782493
3023,1709656259.8843415,1709656259.888014
3024,1709656259.9917164,1709656259.995001
3025,1709656260.0849712,1709656260.0885816
3026,1709656260.1736052,1709656260.1773288
3027,1709656260.2852273,1709656260.2884521
3028,1709656260.3858516,1709656260.3891451
3029,1709656260.4792018,1709656260.4830184
3030,1709656260.5777028,1709656260.5814254
3031,1709656260.6748667,1709656260.6793969
3032,1709656260.7884238,1709656260.792175
3033,1709656260.8827717,1709656260.8859982
3034,1709656260.9887996,1709656260.992824
3035,1709656261.088768,1709656261.0928648
3036,1709656261.1892743,1709656261.1933675
3037,1709656261.280748,1709656261.2855937
3038,1709656261.3878071,1709656261.3910582
3039,1709656261.4965003,1709656261.5031443
3040,1709656261.6143222,1709656261.628603
3041,1709656261.6873622,1709656261.6934428
3042,1709656261.798631,1709656261.8023975
3043,1709656261.896179,1709656261.8995945
3044,1709656261.9854257,1709656261.9928277
3045,1709656262.0978522,1709656262.101483
3046,1709656262.1824844,1709656262.189958
3047,1709656262.2825592,1709656262.2873142
3048,1709656262.384418,1709656262.3885503
3049,1709656262.490835,1709656262.4945502
3050,1709656262.5818913,1709656262.5857508
3051,1709656262.684287,1709656262.6867542
3052,1709656262.784415,1709656262.7900558
3053,1709656262.8886275,1709656262.8925004
3054,1709656262.9876087,1709656262.9942179
3055,1709656263.0800018,1709656263.083735
3056,1709656263.1752264,1709656263.179338
3057,1709656263.2840722,1709656263.2873547
3058,1709656263.3783545,1709656263.3821597
3059,1709656263.480813,1709656263.484668
3060,1709656263.5778177,1709656263.581294
3061,1709656263.6900291,1709656263.6936188
3062,1709656263.7752576,1709656263.7795653
3063,1709656263.882608,1709656263.8864372
3064,1709656263.98179,1709656263.9856117
3065,1709656264.0910926,1709656264.094834
3066,1709656264.1851687,1709656264.189201
3067,1709656264.2781115,1709656264.281616
3068,1709656264.3782241,1709656264.3811944
3069,1709656264.4762836,1709656264.4801269
3070,1709656264.5725722,1709656264.5752335
3071,1709656264.6772196,1709656264.6812832
3072,1709656264.792363,1709656264.7968194
3073,1709656264.8832333,1709656264.8870766
3074,1709656264.9840522,1709656264.9882724
3075,1709656265.078901,1709656265.0841475
3076,1709656265.182358,1709656265.185157
3077,1709656265.2843666,1709656265.2888045
3078,1709656265.3815887,1709656265.3857965
3079,1709656265.4897487,1709656265.4929607
3080,1709656265.5916224,1709656265.5989153
3081,1709656265.6824958,1709656265.6860006
3082,1709656265.78912,1709656265.7925696
3083,1709656265.8809967,1709656265.8853078
3084,1709656265.9795396,1709656265.9839225
3085,1709656266.0758345,1709656266.0806203
3086,1709656266.1763456,1709656266.1805453
3087,1709656266.2852867,1709656266.2890565
3088,1709656266.377848,1709656266.3815153
3089,1709656266.4808044,1709656266.485142
3090,1709656266.5860488,1709656266.5904603
3091,1709656266.676599,1709656266.6806326
3092,1709656266.774361,1709656266.7781184
3093,1709656266.8831863,1709656266.8873248
3094,1709656266.9793894,1709656266.9832451
3095,1709656267.0860353,1709656267.0906658
3096,1709656267.175442,1709656267.179947
3097,1709656267.2873726,1709656267.2919433
3098,1709656267.3895097,1709656267.3930004
3099,1709656267.4766634,1709656267.4807463
3100,1709656267.57456,1709656267.577243
3101,1709656267.6820588,1709656267.6864884
3102,1709656267.7825243,1709656267.7871175
3103,1709656267.877783,1709656267.8816276
3104,1709656267.9808738,1709656267.9849336
3105,1709656268.0863101,1709656268.0895705
3106,1709656268.1815712,1709656268.1866336
3107,1709656268.282094,1709656268.286824
3108,1709656268.3916793,1709656268.3958077
3109,1709656268.4757972,1709656268.4793034
3110,1709656268.5737958,1709656268.5775113
3111,1709656268.6841857,1709656268.6878324
3112,1709656268.7792823,1709656268.7822962
3113,1709656268.8763742,1709656268.8800523
3114,1709656268.9784062,1709656268.981934
3115,1709656269.1018243,1709656269.1050556
3116,1709656269.1737611,1709656269.1773784
3117,1709656269.280382,1709656269.2837145
3118,1709656269.37835,1709656269.38155
3119,1709656269.4876838,1709656269.4906394
3120,1709656269.5801966,1709656269.585747
3121,1709656269.6780477,1709656269.6850111
3122,1709656269.7795749,1709656269.784654
3123,1709656269.8749888,1709656269.87856
3124,1709656269.9780982,1709656269.9806142
3125,1709656270.083145,1709656270.0873795
3126,1709656270.1734438,1709656270.177372
3127,1709656270.2764025,1709656270.2797563
3128,1709656270.3908699,1709656270.3957925
3129,1709656270.4806006,1709656270.4846706
3130,1709656270.5726361,1709656270.5775523
3131,1709656270.6797483,1709656270.6843772
3132,1709656270.7757604,1709656270.7801707
3133,1709656270.8862097,1709656270.890013
3134,1709656270.9743068,1709656270.9770818
3135,1709656271.0840366,1709656271.0868561
3136,1709656271.1753633,1709656271.1780512
3137,1709656271.2779057,1709656271.2811198
3138,1709656271.3738022,1709656271.3777542
3139,1709656271.4774785,1709656271.4813356
3140,1709656271.5900376,1709656271.5945034
3141,1709656271.6782734,1709656271.6821423
3142,1709656271.7759757,1709656271.779398
3143,1709656271.8806093,1709656271.8840299
3144,1709656271.9773598,1709656271.984389
3145,1709656272.076978,1709656272.0810678
3146,1709656272.1799147,1709656272.1837661
3147,1709656272.284265,1709656272.288211
3148,1709656272.3793705,1709656272.3832757
3149,1709656272.4797947,1709656272.4864926
3150,1709656272.5778642,1709656272.581105
3151,1709656272.6878924,1709656272.6917214
3152,1709656272.784144,1709656272.7885818
3153,1709656272.875202,1709656272.8792512
3154,1709656272.983096,1709656272.990065
3155,1709656273.087367,1709656273.0903952
3156,1709656273.173989,1709656273.1783204
3157,1709656273.2774737,1709656273.2814875
3158,1709656273.377177,1709656273.3834817
3159,1709656273.4918177,1709656273.4956722
3160,1709656273.585607,1709656273.59146
3161,1709656273.6776597,1709656273.6822913
3162,1709656273.7751331,1709656273.7798629
3163,1709656273.8776922,1709656273.8817294
3164,1709656273.984871,1709656273.9886765
3165,1709656274.0751712,1709656274.0811994
3166,1709656274.1751838,1709656274.183235
3167,1709656274.2785928,1709656274.2821877
3168,1709656274.3803873,1709656274.3864648
3169,1709656274.4866405,1709656274.490576
3170,1709656274.5844102,1709656274.5882957
3171,1709656274.6765146,1709656274.680466
3172,1709656274.792523,1709656274.797831
3173,1709656274.8906362,1709656274.899883
3174,1709656274.9738033,1709656274.9835958
3175,1709656275.0730395,1709656275.0771828
3176,1709656275.1788626,1709656275.184716
3177,1709656275.282913,1709656275.2879908
3178,1709656275.382046,1709656275.3874981
3179,1709656275.4736905,1709656275.4781532
3180,1709656275.5807016,1709656275.5852733
3181,1709656275.6799326,1709656275.6839054
3182,1709656275.7820294,1709656275.7858331
3183,1709656275.8733244,1709656275.8772767
3184,1709656275.9748168,1709656275.9789455
3185,1709656276.0895245,1709656276.0943007
3186,1709656276.1777823,1709656276.1818547
3187,1709656276.283251,1709656276.2872438
3188,1709656276.3754735,1709656276.3792624
3189,1709656276.4832041,1709656276.4863675
3190,1709656276.5792167,1709656276.5830884
3191,1709656276.6779776,1709656276.6820235
3192,1709656276.7761319,1709656276.7797859
3193,1709656276.8887987,1709656276.8926973
3194,1709656276.976443,1709656276.9798222
3195,1709656277.0803537,1709656277.084018
3196,1709656277.1748974,1709656277.179257
3197,1709656277.2819588,1709656277.2861269
3198,1709656277.3772779,1709656277.3812315
3199,1709656277.48343,1709656277.4866405
3200,1709656277.5774553,1709656277.581472
3201,1709656277.681024,1709656277.6846023
3202,1709656277.776941,1709656277.7813444
3203,1709656277.8842673,1709656277.8865943
3204,1709656277.9742033,1709656277.979632
3205,1709656278.0826595,1709656278.0864708
3206,1709656278.1772316,1709656278.1812823
3207,1709656278.281941,1709656278.2856636
3208,1709656278.3769426,1709656278.3816
3209,1709656278.4833755,1709656278.4872816
3210,1709656278.5734458,1709656278.5775008
3211,1709656278.6746554,1709656278.6787152
3212,1709656278.785902,1709656278.7881775
3213,1709656278.8878946,1709656278.8923674
3214,1709656278.9756513,1709656278.9793785
3215,1709656279.0787125,1709656279.0826833
3216,1709656279.1747625,1709656279.1783755
3217,1709656279.2960098,1709656279.3013012
3218,1709656279.3749282,1709656279.3797295
3219,1709656279.4864445,1709656279.4914136
3220,1709656279.5785034,1709656279.582835
3221,1709656279.6797352,1709656279.6831095
3222,1709656279.776255,1709656279.7814934
3223,1709656279.8813002,1709656279.885382
3224,1709656279.974411,1709656279.9779465
3225,1709656280.0771124,1709656280.0810251
3226,1709656280.1847672,1709656280.1890209
3227,1709656280.2766013,1709656280.2797515
3228,1709656280.3783488,1709656280.3822513
3229,1709656280.4735055,1709656280.4773755
3230,1709656280.5860584,1709656280.591998
3231,1709656280.681918,1709656280.6854472
3232,1709656280.7771218,1709656280.781402
3233,1709656280.8771276,1709656280.8810647
3234,1709656280.9829218,1709656280.9868553
3235,1709656281.0748005,1709656281.0787628
3236,1709656281.196383,1709656281.2002344
3237,1709656281.2733374,1709656281.2776742
3238,1709656281.3899007,1709656281.3936074
3239,1709656281.4777422,1709656281.480132
3240,1709656281.5796795,1709656281.5836267
3241,1709656281.675889,1709656281.6793919
3242,1709656281.784346,1709656281.7884567
3243,1709656281.874189,1709656281.878206
3244,1709656281.9749053,1709656281.9784498
3245,1709656282.0786939,1709656282.0830812
3246,1709656282.180406,1709656282.1842363
3247,1709656282.275337,1709656282.2791247
3248,1709656282.3759954,1709656282.3799608
3249,1709656282.474223,1709656282.4780664
3250,1709656282.5937014,1709656282.5974998
3251,1709656282.6746192,1709656282.6782255
3252,1709656282.780301,1709656282.7840307
3253,1709656282.881477,1709656282.8860016
3254,1709656282.981138,1709656282.98584
3255,1709656283.0804255,1709656283.08457
3256,1709656283.1834123,1709656283.1834173
3257,1709656283.2757182,1709656283.2757242
3258,1709656283.3938122,1709656283.3938212
3259,1709656283.476583,1709656283.4765904
3260,1709656283.5734723,1709656283.5734777
3261,1709656283.6829145,1709656283.6829216
3262,1709656283.7750287,1709656283.775036
3263,1709656283.8903003,1709656283.8903084
3264,1709656283.9800158,1709656283.9800203
3265,1709656284.0811021,1709656284.0811083
3266,1709656284.1878512,1709656284.1878567
3267,1709656284.2826996,1709656284.282707
3268,1709656284.3830867,1709656284.3830934
3269,1709656284.4774156,1709656284.477422
3270,1709656284.5766566,1709656284.576663
3271,1709656284.6753013,1709656284.6753075
3272,1709656284.784312,1709656284.7843208
3273,1709656284.8800788,1709656284.8800843
3274,1709656284.9747586,1709656284.9747643
3275,1709656285.074103,1709656285.0741096
3276,1709656285.1742804,1709656285.1742868
3277,1709656285.290508,1709656285.2905161
3278,1709656285.3759444,1709656285.3759508
3279,1709656285.472707,1709656285.472712
3280,1709656285.5807726,1709656285.5807781
3281,1709656285.683507,1709656285.6835172
3282,1709656285.7810352,1709656285.7810435
3283,1709656285.877201,1709656285.8772068
3284,1709656285.9764268,1709656285.9764323
3285,1709656286.076596,1709656286.0766013
3286,1709656286.1821928,1709656286.1822004
3287,1709656286.284735,1709656286.2847419
3288,1709656286.379012,1709656286.3790195
3289,1709656286.474231,1709656286.4742374
3290,1709656286.5860085,1709656286.586018
3291,1709656286.6732361,1709656286.67324
3292,1709656286.7766783,1709656286.776685
3293,1709656286.879072,1709656286.879082
3294,1709656286.9872155,1709656286.9872227
3295,1709656287.0758061,1709656287.075812
3296,1709656287.1740763,1709656287.174083
3297,1709656287.2802768,1709656287.2802832
3298,1709656287.3767588,1709656287.3767643
3299,1709656287.4854531,1709656287.485462
3300,1709656287.5823529,1709656287.582359
3301,1709656287.6888125,1709656287.6888173
3302,1709656287.7889628,1709656287.7889733
3303,1709656287.8912003,1709656287.8912077
3304,1709656287.9852703,1709656287.9852746
3305,1709656288.0878277,1709656288.0878313
3306,1709656288.1792612,1709656288.1792698
3307,1709656288.307778,1709656288.3077862
3308,1709656288.3903017,1709656288.390312
3309,1709656288.4798002,1709656288.4798064
3310,1709656288.5770445,1709656288.5770502
3311,1709656288.6946375,1709656288.6946464
3312,1709656288.7898092,1709656288.789818
3313,1709656288.8765554,1709656288.8765593
3314,1709656288.9781685,1709656288.978172
3315,1709656289.083598,1709656289.083606
3316,1709656289.1869783,1709656289.1869879
3317,1709656289.2768369,1709656289.276844
3318,1709656289.375905,1709656289.375909
3319,1709656289.4846272,1709656289.4846375
3320,1709656289.5967028,1709656289.5967085
3321,1709656289.683704,1709656289.6837118
3322,1709656289.7769427,1709656289.7769487
3323,1709656289.885166,1709656289.8851717
3324,1709656289.9774992,1709656289.9775062
3325,1709656290.082744,1709656290.0827513
3326,1709656290.1819096,1709656290.181918
3327,1709656290.29053,1709656290.2905383
3328,1709656290.377356,1709656290.3773625
3329,1709656290.47999,1709656290.479996
3330,1709656290.5798144,1709656290.57982
3331,1709656290.6848967,1709656290.684902
3332,1709656290.7826684,1709656290.782675
3333,1709656290.8724902,1709656290.8724966
3334,1709656290.9914489,1709656290.9914598
3335,1709656291.078189,1709656291.0781927
3336,1709656291.1807556,1709656291.1807623
3337,1709656291.2785583,1709656291.2785654
3338,1709656291.3819966,1709656291.3820055
3339,1709656291.482475,1709656291.4824824
3340,1709656291.587123,1709656291.5871298
3341,1709656291.689186,1709656291.6891923
3342,1709656291.7883382,1709656291.7883465
3343,1709656291.8824208,1709656291.8824263
3344,1709656291.9834752,1709656291.9834785
3345,1709656292.0873344,1709656292.0873404
3346,1709656292.1935594,1709656292.1935687
3347,1709656292.284127,1709656292.2841349
3348,1709656292.3794134,1709656292.3794196
3349,1709656292.4825983,1709656292.4826047
3350,1709656292.585682,1709656292.5856876
3351,1709656292.685198,1709656292.6852024
3352,1709656292.77772,1709656292.777726
3353,1709656292.8880775,1709656292.8880832
3354,1709656292.9893692,1709656292.9893746
3355,1709656293.086051,1709656293.086058
3356,1709656293.1729784,1709656293.1729844
3357,1709656293.2838106,1709656293.2838192
3358,1709656293.3891811,1709656293.389187
3359,1709656293.4788156,1709656293.478821
3360,1709656293.5957131,1709656293.595723
3361,1709656293.6765308,1709656293.6765363
3362,1709656293.7734315,1709656293.773437
3363,1709656293.8857532,1709656293.885759
3364,1709656293.9834652,1709656293.9834716
3365,1709656294.0744896,1709656294.0744956
3366,1709656294.1844926,1709656294.184498
3367,1709656294.2771914,1709656294.2771957
3368,1709656294.3855598,1709656294.3855639
3369,1709656294.4800212,1709656294.4800267
3370,1709656294.5825574,1709656294.5825624
3371,1709656294.687095,1709656294.6871037
3372,1709656294.7755804,1709656294.7755857
3373,1709656294.8820403,1709656294.8820438
3374,1709656294.979657,1709656294.9796612
3375,1709656295.0892718,1709656295.0892804
3376,1709656295.1804032,1709656295.1804075
3377,1709656295.2800498,1709656295.280055
3378,1709656295.3821983,1709656295.3822038
3379,1709656295.4905915,1709656295.4905994
3380,1709656295.5796893,1709656295.579695
3381,1709656295.6778913,1709656295.6778972
3382,1709656295.7893977,1709656295.7894042
3383,1709656295.884003,1709656295.8840084
3384,1709656295.9804044,1709656295.9804103
3385,1709656296.0803783,1709656296.080382
3386,1709656296.1859386,1709656296.1859457
3387,1709656296.2848995,1709656296.284905
3388,1709656296.3814938,1709656296.381498
3389,1709656296.4838383,1709656296.4838457
3390,1709656296.5827389,1709656296.582745
3391,1709656296.6767309,1709656296.6767344
3392,1709656296.7801147,1709656296.7801187
3393,1709656296.8809533,1709656296.88096
3394,1709656296.9748147,1709656296.9748209
3395,1709656297.090261,1709656297.0902646
3396,1709656297.1837966,1709656297.1838048
3397,1709656297.2899055,1709656297.2899122
3398,1709656297.374465,1709656297.374472
3399,1709656297.4890358,1709656297.489041
3400,1709656297.5822303,1709656297.5822403
3401,1709656297.6758096,1709656297.675817
3402,1709656297.783467,1709656297.7834713
3403,1709656297.8826356,1709656297.8826408
3404,1709656297.9816976,1709656297.981706
3405,1709656298.0800138,1709656298.0800176
3406,1709656298.1853395,1709656298.1853433
3407,1709656298.2759035,1709656298.2759068
3408,1709656298.4064007,1709656298.4064064
3409,1709656298.4848015,1709656298.4848073
3410,1709656298.5811782,1709656298.5811846
3411,1709656298.6900089,1709656298.690026
3412,1709656298.780526,1709656298.7805314
3413,1709656298.8837788,1709656298.8837852
3414,1709656298.9798136,1709656298.9798183
3415,1709656299.082131,1709656299.0821364
3416,1709656299.1751556,1709656299.1751623
3417,1709656299.2757456,1709656299.2757506
3418,1709656299.3736396,1709656299.3736455
3419,1709656299.4880185,1709656299.488024
3420,1709656299.573668,1709656299.5736742
3421,1709656299.6878355,1709656299.687841
3422,1709656299.790446,1709656299.7904532
3423,1709656299.8762681,1709656299.8762717
3424,1709656299.975177,1709656299.9751863
3425,1709656300.08032,1709656300.0803256
3426,1709656300.1776931,1709656300.177702
3427,1709656300.2880743,1709656300.2921567
3428,1709656300.3827813,1709656300.3870006
3429,1709656300.4857628,1709656300.4895775
3430,1709656300.5803428,1709656300.5855958
3431,1709656300.6813295,1709656300.6849976
3432,1709656300.7848096,1709656300.7874463
3433,1709656300.8896625,1709656300.8969297
3434,1709656300.98927,1709656300.9930024
3435,1709656301.0842805,1709656301.08817
3436,1709656301.174068,1709656301.1826181
3437,1709656301.2758732,1709656301.2795901
3438,1709656301.3760645,1709656301.3792658
3439,1709656301.475215,1709656301.4786685
3440,1709656301.5798814,1709656301.5842876
3441,1709656301.6885557,1709656301.6925638
3442,1709656301.7761788,1709656301.779617
3443,1709656301.873398,1709656301.876542
3444,1709656301.9906447,1709656301.993274
3445,1709656302.085041,1709656302.0885084
3446,1709656302.1795244,1709656302.1844356
3447,1709656302.280856,1709656302.2859495
3448,1709656302.3758726,1709656302.3798258
3449,1709656302.4855442,1709656302.4890876
3450,1709656302.5740287,1709656302.578006
3451,1709656302.6891894,1709656302.6923625
3452,1709656302.7769923,1709656302.780314
3453,1709656302.8808665,1709656302.8847048
3454,1709656302.9790328,1709656302.9840834
3455,1709656303.0857134,1709656303.0896635
3456,1709656303.1865711,1709656303.1914668
3457,1709656303.2738125,1709656303.2771957
3458,1709656303.38395,1709656303.387467
3459,1709656303.4953015,1709656303.500376
3460,1709656303.5804474,1709656303.5844836
3461,1709656303.6759071,1709656303.6828158
3462,1709656303.794652,1709656303.7974784
3463,1709656303.8828387,1709656303.8866367
3464,1709656303.9777439,1709656303.9814603
3465,1709656304.08302,1709656304.086893
3466,1709656304.1880932,1709656304.1915462
3467,1709656304.2756245,1709656304.2790236
3468,1709656304.3849957,1709656304.3894198
3469,1709656304.489365,1709656304.4935687
3470,1709656304.5827587,1709656304.5867682
3471,1709656304.6788824,1709656304.683208
3472,1709656304.7828977,1709656304.7874033
3473,1709656304.889859,1709656304.8936243
3474,1709656304.993866,1709656305.0007005
3475,1709656305.0808868,1709656305.083568
3476,1709656305.1966705,1709656305.200626
3477,1709656305.288278,1709656305.2929428
3478,1709656305.3878272,1709656305.39185
3479,1709656305.4777136,1709656305.4819276
3480,1709656305.5921648,1709656305.5955896
3481,1709656305.6729467,1709656305.6756248
3482,1709656305.7750669,1709656305.7782927
3483,1709656305.8841584,1709656305.8877683
3484,1709656305.9736867,1709656305.9772007
3485,1709656306.0736148,1709656306.0773003
3486,1709656306.180895,1709656306.184721
3487,1709656306.2944973,1709656306.2982798
3488,1709656306.374688,1709656306.378735
3489,1709656306.4861138,1709656306.489245
3490,1709656306.584856,1709656306.588961
3491,1709656306.673294,1709656306.6771502
3492,1709656306.7764306,1709656306.7838883
3493,1709656306.8860776,1709656306.889685
3494,1709656306.9937825,1709656307.00159
3495,1709656307.089825,1709656307.0938148
3496,1709656307.1907024,1709656307.19499
3497,1709656307.2886271,1709656307.2928362
3498,1709656307.3845472,1709656307.388354
3499,1709656307.4804778,1709656307.4834542
3500,1709656307.5778253,1709656307.583284
3501,1709656307.6961825,1709656307.6994839
3502,1709656307.7803078,1709656307.784221
3503,1709656307.8866992,1709656307.8892837
3504,1709656307.984805,1709656307.9880164
3505,1709656308.0786996,1709656308.0861824
3506,1709656308.1780927,1709656308.1820388
3507,1709656308.2745454,1709656308.2792287
3508,1709656308.3923874,1709656308.3977034
3509,1709656308.479992,1709656308.487661
3510,1709656308.57299,1709656308.5756192
3511,1709656308.6907208,1709656308.696857
3512,1709656308.7822502,1709656308.78608
3513,1709656308.8778744,1709656308.8802218
3514,1709656308.9781392,1709656308.9807293
3515,1709656309.10039,1709656309.1042733
3516,1709656309.1827848,1709656309.186868
3517,1709656309.2759094,1709656309.2799585
3518,1709656309.393637,1709656309.39808
3519,1709656309.4967175,1709656309.5007296
3520,1709656309.5859904,1709656309.5911436
3521,1709656309.6811545,1709656309.6852925
3522,1709656309.7835302,1709656309.7872558
3523,1709656309.87705,1709656309.8797364
3524,1709656309.9841676,1709656309.9877048
3525,1709656310.0847583,1709656310.0884142
3526,1709656310.182424,1709656310.1873784
3527,1709656310.2742262,1709656310.2780836
3528,1709656310.3932953,1709656310.3990426
3529,1709656310.48455,1709656310.4874053
3530,1709656310.5755658,1709656310.5797083
3531,1709656310.6881282,1709656310.6918633
3532,1709656310.79298,1709656310.796336
3533,1709656310.8773174,1709656310.881463
3534,1709656310.9774094,1709656310.9806945
3535,1709656311.0830767,1709656311.0875318
3536,1709656311.1823194,1709656311.185752
3537,1709656311.2797284,1709656311.2832136
3538,1709656311.3821833,1709656311.3847783
3539,1709656311.4902077,1709656311.4964721
3540,1709656311.5771177,1709656311.580242
3541,1709656311.675693,1709656311.6796231
3542,1709656311.7800193,1709656311.7842329
3543,1709656311.8795962,1709656311.887626
3544,1709656311.9822955,1709656311.9862227
3545,1709656312.0903697,1709656312.0940888
3546,1709656312.1860697,1709656312.1908925
3547,1709656312.7875433,1709656312.7930472
3548,1709656312.8018744,1709656312.8056266
3549,1709656312.8773656,1709656312.8801198
3550,1709656312.9798,1709656312.9844134
3551,1709656313.0832288,1709656313.0875685
3552,1709656313.1859956,1709656313.1902893
3553,1709656313.2731426,1709656313.2768817
3554,1709656313.3775249,1709656313.3811946
3555,1709656313.4815373,1709656313.4851809
3556,1709656313.5811563,1709656313.585042
3557,1709656313.68598,1709656313.693417
3558,1709656313.7811103,1709656313.7869985
3559,1709656313.882366,1709656313.8861055
3560,1709656313.9912252,1709656313.9951231
3561,1709656314.0817306,1709656314.0856087
3562,1709656314.18042,1709656314.1841702
3563,1709656314.2829394,1709656314.2898717
3564,1709656314.3838334,1709656314.3881795
3565,1709656314.479448,1709656314.4833317
3566,1709656314.57706,1709656314.580374
3567,1709656314.6890516,1709656314.692707
3568,1709656314.776892,1709656314.7813911
3569,1709656314.8807867,1709656314.884704
3570,1709656314.9747658,1709656314.977942
3571,1709656315.0800958,1709656315.0850203
3572,1709656315.1855915,1709656315.189505
3573,1709656315.2806423,1709656315.284264
3574,1709656315.3893611,1709656315.392637
3575,1709656315.4814308,1709656315.4852118
3576,1709656315.585311,1709656315.5913737
3577,1709656315.6887767,1709656315.6927848
3578,1709656315.7995822,1709656315.8034253
3579,1709656315.8820527,1709656315.8859043
3580,1709656315.9805279,1709656315.9841955
3581,1709656316.080823,1709656316.0832167
3582,1709656316.1793933,1709656316.183241
3583,1709656316.2868621,1709656316.2909145
3584,1709656316.3895583,1709656316.395146
3585,1709656316.4935625,1709656316.4978693
3586,1709656316.5757747,1709656316.5802028
3587,1709656316.6802738,1709656316.6838882
3588,1709656316.7815182,1709656316.7854993
3589,1709656316.8785605,1709656316.8828561
3590,1709656316.9749749,1709656316.9787102
3591,1709656317.0787108,1709656317.0822327
3592,1709656317.1788926,1709656317.181291
3593,1709656317.2734869,1709656317.2785323
3594,1709656317.4003267,1709656317.4060125
3595,1709656317.485903,1709656317.4906342
3596,1709656317.57916,1709656317.583027
3597,1709656317.6862814,1709656317.6910963
3598,1709656317.783002,1709656317.7869127
3599,1709656317.879508,1709656317.8828723
3600,1709656317.9881182,1709656317.9926574
3601,1709656318.0817423,1709656318.0859473
3602,1709656318.1783342,1709656318.1819012
3603,1709656318.2863684,1709656318.2904902
3604,1709656318.3906362,1709656318.3945704
3605,1709656318.4810839,1709656318.4854724
3606,1709656318.5881817,1709656318.598371
3607,1709656318.673128,1709656318.676511
3608,1709656318.7863085,1709656318.790981
3609,1709656318.8841324,1709656318.887834
3610,1709656318.9774785,1709656318.9816618
3611,1709656319.0925484,1709656319.0965736
3612,1709656319.1806471,1709656319.1861253
3613,1709656319.283762,1709656319.2875857
3614,1709656319.379458,1709656319.3847172
3615,1709656319.4865792,1709656319.4907923
3616,1709656319.5814962,1709656319.5865047
3617,1709656319.6842756,1709656319.6895986
3618,1709656319.784942,1709656319.7899868
3619,1709656319.8869672,1709656319.8907812
3620,1709656319.9856956,1709656319.989681
3621,1709656320.0763843,1709656320.0799446
3622,1709656320.1779997,1709656320.1803205
3623,1709656320.2771761,1709656320.283312
3624,1709656320.3902242,1709656320.3944244
3625,1709656320.4742343,1709656320.4811285
3626,1709656320.5762737,1709656320.581907
3627,1709656320.6823838,1709656320.6889777
3628,1709656320.797995,1709656320.802896
3629,1709656320.8778112,1709656320.8812215
3630,1709656320.976855,1709656320.9829135
3631,1709656321.083633,1709656321.08811
3632,1709656321.1910203,1709656321.1956654
3633,1709656321.2801392,1709656321.2858412
3634,1709656321.3750074,1709656321.3787644
3635,1709656321.479669,1709656321.4852738
3636,1709656321.598645,1709656321.613373
3637,1709656321.6921887,1709656321.6994145
3638,1709656321.7845137,1709656321.7887316
3639,1709656321.880396,1709656321.8842313
3640,1709656321.989767,1709656322.0019896
3641,1709656322.081096,1709656322.0855236
3642,1709656322.2005672,1709656322.2110016
3643,1709656322.3330824,1709656322.3370342
3644,1709656322.3856366,1709656322.391228
3645,1709656322.5530353,1709656322.5665977
3646,1709656322.6079695,1709656322.6173162
3647,1709656322.7033262,1709656322.7105193
3648,1709656322.7981694,1709656322.8079567
3649,1709656322.8894928,1709656322.89696
3650,1709656322.9900844,1709656322.995976
3651,1709656323.0977733,1709656323.1040215
3652,1709656323.2093863,1709656323.2184765
3653,1709656323.3059292,1709656323.3102455
3654,1709656323.3824792,1709656323.3865273
3655,1709656323.496135,1709656323.5056355
3656,1709656323.5750005,1709656323.5804675
3657,1709656323.6926076,1709656323.6971698
3658,1709656323.8167107,1709656323.8216805
3659,1709656323.906762,1709656323.914428
3660,1709656324.006425,1709656324.0139692
3661,1709656324.0851462,1709656324.089574
3662,1709656324.1807404,1709656324.1850743
3663,1709656324.292745,1709656324.2972262
3664,1709656324.3844008,1709656324.3883262
3665,1709656324.4891517,1709656324.493138
3666,1709656324.5824893,1709656324.5866249
3667,1709656324.6756575,1709656324.6805713
3668,1709656324.8001645,1709656324.8040934
3669,1709656324.8915358,1709656324.8963513
3670,1709656324.9821608,1709656324.9859898
3671,1709656325.0816057,1709656325.08534
3672,1709656325.1933303,1709656325.2040603
3673,1709656325.2811086,1709656325.2853956
3674,1709656325.3824089,1709656325.3860028
3675,1709656325.4803581,1709656325.486038
3676,1709656325.574791,1709656325.5792527
3677,1709656325.6860254,1709656325.6899507
3678,1709656325.7758255,1709656325.7819607
3679,1709656325.8816075,1709656325.8878224
3680,1709656325.9880955,1709656325.9918308
3681,1709656326.0746272,1709656326.077847
3682,1709656326.180025,1709656326.1834273
3683,1709656326.282239,1709656326.2860844
3684,1709656326.3782768,1709656326.3814807
3685,1709656326.4837947,1709656326.4871643
3686,1709656326.5891173,1709656326.5931568
3687,1709656326.7058785,1709656326.7112103
3688,1709656326.77785,1709656326.7802968
3689,1709656326.8843799,1709656326.8881996
3690,1709656327.0078676,1709656327.012883
3691,1709656327.0827184,1709656327.0863261
3692,1709656327.182532,1709656327.1862316
3693,1709656327.2799451,1709656327.2849336
3694,1709656327.3894098,1709656327.395309
3695,1709656327.483431,1709656327.4884512
3696,1709656327.5839117,1709656327.5877807
3697,1709656327.675911,1709656327.680168
3698,1709656327.7862492,1709656327.790937
3699,1709656327.893817,1709656327.8970475
3700,1709656328.0042737,1709656328.0124068
3701,1709656328.09717,1709656328.1009357
3702,1709656328.181114,1709656328.19158
3703,1709656328.3182049,1709656328.3272188
3704,1709656328.399158,1709656328.4066122
3705,1709656328.5111752,1709656328.5150888
3706,1709656328.5817883,1709656328.5857246
3707,1709656328.6898115,1709656328.6940515
3708,1709656328.7906775,1709656328.8089142
3709,1709656328.8982613,1709656328.901905
3710,1709656328.9911506,1709656328.9955647
3711,1709656329.0911138,1709656329.0954247
3712,1709656329.1777096,1709656329.1817296
3713,1709656329.2982786,1709656329.3027668
3714,1709656329.3873982,1709656329.3914096
3715,1709656329.4802363,1709656329.4836748
3716,1709656329.5782216,1709656329.5829494
3717,1709656329.6867635,1709656329.6920235
3718,1709656329.7861032,1709656329.7911537
3719,1709656329.8837237,1709656329.886975
3720,1709656329.9761553,1709656329.9800735
3721,1709656330.0855508,1709656330.0892777
3722,1709656330.1944625,1709656330.1987872
3723,1709656330.2905388,1709656330.2953844
3724,1709656330.3779848,1709656330.3815084
3725,1709656330.4873793,1709656330.4912355
3726,1709656330.5798109,1709656330.5833054
3727,1709656330.6806817,1709656330.68484
3728,1709656330.77527,1709656330.7786329
3729,1709656330.8818119,1709656330.8850174
3730,1709656330.9779055,1709656330.9832778
3731,1709656331.0854735,1709656331.090112
3732,1709656331.1921651,1709656331.1963077
3733,1709656331.301455,1709656331.3063157
3734,1709656331.3858206,1709656331.3897927
3735,1709656331.4846709,1709656331.4926608
3736,1709656331.59462,1709656331.5985034
3737,1709656331.6943033,1709656331.6995902
3738,1709656331.784912,1709656331.7958376
3739,1709656331.8879666,1709656331.8907735
3740,1709656331.9797614,1709656331.983625
3741,1709656332.0977252,1709656332.1006382
3742,1709656332.1897328,1709656332.1933634
3743,1709656332.2899454,1709656332.2952678
3744,1709656332.3795295,1709656332.3843274
3745,1709656332.4845958,1709656332.4906566
3746,1709656332.5948095,1709656332.599241
3747,1709656332.685371,1709656332.6900158
3748,1709656332.7740557,1709656332.7790256
3749,1709656332.8896873,1709656332.893998
3750,1709656332.9845471,1709656332.9882443
3751,1709656333.080044,1709656333.0839229
3752,1709656333.1792316,1709656333.1829023
3753,1709656333.2948542,1709656333.2986891
3754,1709656333.3852153,1709656333.3886678
3755,1709656333.4824588,1709656333.4868114
3756,1709656333.5770442,1709656333.5804863
3757,1709656333.691928,1709656333.6967015
3758,1709656333.7799306,1709656333.7882457
3759,1709656333.8771617,1709656333.881052
3760,1709656333.9751675,1709656333.9792602
3761,1709656334.0916576,1709656334.0978212
3762,1709656334.1728761,1709656334.1767192
3763,1709656334.280322,1709656334.28468
3764,1709656334.386753,1709656334.3907304
3765,1709656334.4822443,1709656334.486366
3766,1709656334.596975,1709656334.6021628
3767,1709656334.6788168,1709656334.681578
3768,1709656334.7868724,1709656334.7914994
3769,1709656334.8848405,1709656334.8884563
3770,1709656334.9779327,1709656334.9812198
3771,1709656335.0813541,1709656335.0855992
3772,1709656335.175072,1709656335.1799355
3773,1709656335.2780852,1709656335.2817378
3774,1709656335.3740785,1709656335.3775258
3775,1709656335.482869,1709656335.4872284
3776,1709656335.5820134,1709656335.585853
3777,1709656335.6794648,1709656335.6822639
3778,1709656335.7810977,1709656335.7862768
3779,1709656335.8855276,1709656335.889862
3780,1709656335.985287,1709656335.9888003
3781,1709656336.08815,1709656336.0922477
3782,1709656336.1768937,1709656336.1794527
3783,1709656336.2950788,1709656336.2986722
3784,1709656336.3801396,1709656336.3843057
3785,1709656336.475505,1709656336.4794786
3786,1709656336.5773952,1709656336.5774016
3787,1709656336.6863537,1709656336.686361
3788,1709656336.775222,1709656336.7752302
3789,1709656336.880634,1709656336.88064
3790,1709656336.9838054,1709656336.9838123
3791,1709656337.084605,1709656337.084612
3792,1709656337.178828,1709656337.1788325
3793,1709656337.2933934,1709656337.2934902
3794,1709656337.381058,1709656337.3810642
3795,1709656337.4780893,1709656337.4780982
3796,1709656337.5752363,1709656337.57524
3797,1709656337.6798818,1709656337.6798875
3798,1709656337.792361,1709656337.7923672
3799,1709656337.8819075,1709656337.8819282
3800,1709656337.9763496,1709656337.976356
3801,1709656338.081336,1709656338.0813422
3802,1709656338.1876361,1709656338.1876445
3803,1709656338.281822,1709656338.2818284
3804,1709656338.3780856,1709656338.3780928
3805,1709656338.484813,1709656338.4848185
3806,1709656338.5976121,1709656338.5976229
3807,1709656338.6782854,1709656338.6782925
3808,1709656338.7792044,1709656338.779209
3809,1709656338.8775997,1709656338.8776064
3810,1709656338.9811103,1709656338.981119
3811,1709656339.0748215,1709656339.0748277
3812,1709656339.1752665,1709656339.1752727
3813,1709656339.2778935,1709656339.2778995
3814,1709656339.395255,1709656339.3952649
3815,1709656339.4906259,1709656339.4906313
3816,1709656339.5872679,1709656339.5872748
3817,1709656339.6893857,1709656339.6893914
3818,1709656339.7937052,1709656339.7937107
3819,1709656339.8913362,1709656339.8914096
3820,1709656339.9751964,1709656339.9753006
3821,1709656340.085136,1709656340.0852087
3822,1709656340.1946933,1709656340.1947596
3823,1709656340.2839956,1709656340.284065
3824,1709656340.3841953,1709656340.38426
3825,1709656340.4778378,1709656340.4779036
3826,1709656340.589095,1709656340.5891998
3827,1709656340.6821709,1709656340.682239
3828,1709656340.7816918,1709656340.7817583
3829,1709656340.8803296,1709656340.8803787
3830,1709656340.9807003,1709656340.980779
3831,1709656341.0845757,1709656341.0846486
3832,1709656341.1924412,1709656341.1925056
3833,1709656341.2839737,1709656341.2956328
3834,1709656341.3950431,1709656341.3951283
3835,1709656341.4846077,1709656341.484665
3836,1709656341.5838606,1709656341.5839217
3837,1709656341.6818688,1709656341.6819456
3838,1709656341.801186,1709656341.8014324
3839,1709656341.8840246,1709656341.8840792
3840,1709656341.9805274,1709656341.9805825
3841,1709656342.0911741,1709656342.0912406
3842,1709656342.1966507,1709656342.1967154
3843,1709656342.2931292,1709656342.2932358
3844,1709656342.3879416,1709656342.3880472
3845,1709656342.4962945,1709656342.496371
3846,1709656342.5736191,1709656342.5737195
3847,1709656342.6978767,1709656342.6986716
3848,1709656342.784921,1709656342.7850459
3849,1709656342.8773415,1709656342.8774614
3850,1709656343.0033178,1709656343.003432
3851,1709656343.1001296,1709656343.1002414
3852,1709656343.1891153,1709656343.1892042
3853,1709656343.2930398,1709656343.2931423
3854,1709656343.4198616,1709656343.4200048
3855,1709656343.4886692,1709656343.488764
3856,1709656343.6141233,1709656343.6144
3857,1709656343.7039285,1709656343.7040355
3858,1709656343.7898808,1709656343.78995
3859,1709656343.919042,1709656343.9191408
3860,1709656343.9885743,1709656343.9886732
3861,1709656344.0944886,1709656344.0945845
3862,1709656344.2171335,1709656344.217228
3863,1709656344.3070993,1709656344.3074422
3864,1709656344.39039,1709656344.390463
3865,1709656344.492157,1709656344.492217
3866,1709656344.5863,1709656344.5864012
3867,1709656344.6989076,1709656344.6989722
3868,1709656344.778488,1709656344.7785628
3869,1709656344.9004838,1709656344.900591
3870,1709656344.9781086,1709656344.9781792
3871,1709656345.095297,1709656345.0953734
3872,1709656345.1845894,1709656345.1846576
3873,1709656345.2797089,1709656345.279942
3874,1709656345.3868105,1709656345.3868883
3875,1709656345.4959419,1709656345.4960098
3876,1709656345.5798483,1709656345.5799425
3877,1709656345.684386,1709656345.6844609
3878,1709656345.7771664,1709656345.7773263
3879,1709656345.886828,1709656345.8869028
3880,1709656345.9919727,1709656345.9920573
3881,1709656346.0848,1709656346.0848725
3882,1709656346.1866722,1709656346.1867545
3883,1709656346.2854486,1709656346.2855127
3884,1709656346.385557,1709656346.385607
3885,1709656346.4845555,1709656346.484607
3886,1709656346.599555,1709656346.599592
3887,1709656346.6749475,1709656346.6750004
3888,1709656346.7817187,1709656346.7817695
3889,1709656346.8865817,1709656346.8866374
3890,1709656346.9822721,1709656346.9823532
3891,1709656347.0812733,1709656347.0813186
3892,1709656347.1934795,1709656347.1935294
3893,1709656347.291231,1709656347.2913404
3894,1709656347.3866472,1709656347.3867052
3895,1709656347.477154,1709656347.4772139
3896,1709656347.587318,1709656347.5873857
3897,1709656347.685671,1709656347.6857276
3898,1709656347.7866602,1709656347.7867146
3899,1709656347.8842278,1709656347.8842936
3900,1709656347.975316,1709656347.9753845
3901,1709656348.0927737,1709656348.0928602
3902,1709656348.1802785,1709656348.1803653
3903,1709656348.2838914,1709656348.2839475
3904,1709656348.375134,1709656348.3751876
3905,1709656348.4841802,1709656348.4842336
3906,1709656348.6005225,1709656348.6005962
3907,1709656348.6893961,1709656348.6894503
3908,1709656348.7810285,1709656348.7810884
3909,1709656348.8915195,1709656348.8916101
3910,1709656348.9998848,1709656348.9999573
3911,1709656349.0805724,1709656349.0806503
3912,1709656349.181885,1709656349.1819372
3913,1709656349.286666,1709656349.2867274
3914,1709656349.383126,1709656349.3831766
3915,1709656349.4805913,1709656349.480649
3916,1709656349.5801487,1709656349.5802448
3917,1709656349.6807613,1709656349.6808329
3918,1709656349.7814834,1709656349.7815607
3919,1709656349.8873265,1709656349.8873923
3920,1709656349.9802918,1709656349.9803581
3921,1709656350.0816169,1709656350.0816875
3922,1709656350.1863165,1709656350.1863737
3923,1709656350.283527,1709656350.2835815
3924,1709656350.3896172,1709656350.3896685
3925,1709656350.4803312,1709656350.4804175
3926,1709656350.5778337,1709656350.5779033
3927,1709656350.6783853,1709656350.6784394
3928,1709656350.7792883,1709656350.7793596
3929,1709656350.8853478,1709656350.8854046
3930,1709656350.9798276,1709656350.9798763
3931,1709656351.0752249,1709656351.0752778
3932,1709656351.1856725,1709656351.1857533
3933,1709656351.285812,1709656351.285873
3934,1709656351.377838,1709656351.3778932
3935,1709656351.4736133,1709656351.4736714
3936,1709656351.5765455,1709656351.5766041
3937,1709656351.693009,1709656351.6930516
3938,1709656351.77882,1709656351.778878
3939,1709656351.901071,1709656351.9011357
3940,1709656351.974184,1709656351.9742413
3941,1709656352.0818026,1709656352.0818632
3942,1709656352.1737938,1709656352.1738403
3943,1709656352.2792356,1709656352.279323
3944,1709656352.3890758,1709656352.3891478
3945,1709656352.5033529,1709656352.5034127
3946,1709656352.5905066,1709656352.5905902
3947,1709656352.6846116,1709656352.6846633
3948,1709656352.7893288,1709656352.7893918
3949,1709656352.877547,1709656352.8776042
3950,1709656352.9854689,1709656352.985531
3951,1709656353.0798175,1709656353.0798755
3952,1709656353.1880202,1709656353.1880836
3953,1709656353.2779725,1709656353.2780273
3954,1709656353.3812284,1709656353.3812904
3955,1709656353.4728963,1709656353.4729319
3956,1709656353.5742228,1709656353.5742657
3957,1709656353.7142117,1709656353.7142534
3958,1709656353.7722394,1709656353.772293
3959,1709656353.9010081,1709656353.9011104
3960,1709656353.9780354,1709656353.9780889
3961,1709656354.080818,1709656354.0809
3962,1709656354.2008011,1709656354.2008858
3963,1709656354.2913544,1709656354.2914226
3964,1709656354.383131,1709656354.3831992
3965,1709656354.4809346,1709656354.4810221
3966,1709656354.5958846,1709656354.5959337
3967,1709656354.6783705,1709656354.6784153
3968,1709656354.775026,1709656354.7750802
3969,1709656354.8813071,1709656354.8813717
3970,1709656354.9849808,1709656354.985093
3971,1709656355.0805833,1709656355.0808048
3972,1709656355.1886246,1709656355.1887212
3973,1709656355.287715,1709656355.287811
3974,1709656355.389976,1709656355.3900723
3975,1709656355.485017,1709656355.4851184
3976,1709656355.5804718,1709656355.5806472
3977,1709656355.6996992,1709656355.6997087
3978,1709656355.780695,1709656355.780701
3979,1709656355.8832054,1709656355.8832119
3980,1709656355.9873493,1709656355.987356
3981,1709656356.0919013,1709656356.0919077
3982,1709656356.1791365,1709656356.1791444
3983,1709656356.27918,1709656356.279187
3984,1709656356.3918505,1709656356.3918602
3985,1709656356.4809306,1709656356.480937
3986,1709656356.5821433,1709656356.582148
3987,1709656356.6744971,1709656356.674504
3988,1709656356.788325,1709656356.788333
3989,1709656356.8952427,1709656356.8952508
3990,1709656356.9848957,1709656356.9849014
3991,1709656357.0825305,1709656357.0825377
3992,1709656357.1790497,1709656357.1790602
3993,1709656357.2817168,1709656357.2817264
3994,1709656357.3843205,1709656357.3843274
3995,1709656357.4799752,1709656357.4799824
3996,1709656357.58964,1709656357.5896466
3997,1709656357.6910286,1709656357.6957607
3998,1709656357.798232,1709656357.8026278
3999,1709656357.894864,1709656357.8987632
4000,1709656357.9858427,1709656357.99006
4001,1709656358.0862024,1709656358.0901074
4002,1709656358.176275,1709656358.181313
4003,1709656358.298761,1709656358.3053308
4004,1709656358.3768864,1709656358.381079
4005,1709656358.4907243,1709656358.4949822
4006,1709656358.5794084,1709656358.5834484
4007,1709656358.6756518,1709656358.6807654
4008,1709656358.7825675,1709656358.786134
4009,1709656358.8756216,1709656358.8800974
4010,1709656358.9730074,1709656358.97654
4011,1709656359.079405,1709656359.0847836
4012,1709656359.1738482,1709656359.1769655
4013,1709656359.281,1709656359.2841425
4014,1709656359.3823931,1709656359.386114
4015,1709656359.4732969,1709656359.4771454
4016,1709656359.5743096,1709656359.57923
4017,1709656359.6749725,1709656359.6799316
4018,1709656359.7800655,1709656359.7848933
4019,1709656359.8846931,1709656359.888635
4020,1709656359.978021,1709656359.9819734
4021,1709656360.0852652,1709656360.087526
4022,1709656360.1816142,1709656360.185152
4023,1709656360.2725449,1709656360.2760718
4024,1709656360.377391,1709656360.3813136
4025,1709656360.4815483,1709656360.4847624
4026,1709656360.5796082,1709656360.5838587
4027,1709656360.6798575,1709656360.684222
4028,1709656360.7770495,1709656360.7809622
4029,1709656360.880777,1709656360.8848622
4030,1709656360.982133,1709656360.98697
4031,1709656361.0803647,1709656361.0838041
4032,1709656361.1828976,1709656361.1866376
4033,1709656361.277331,1709656361.2816353
4034,1709656361.3867464,1709656361.390601
4035,1709656361.4779873,1709656361.4817836
4036,1709656361.5814352,1709656361.5853837
4037,1709656361.6725693,1709656361.6775584
4038,1709656361.7924697,1709656361.7960236
4039,1709656361.876627,1709656361.880956
4040,1709656361.9776301,1709656361.9810073
4041,1709656362.0857055,1709656362.0896657
4042,1709656362.1845365,1709656362.1882412
4043,1709656362.2807665,1709656362.2855287
4044,1709656362.3824077,1709656362.3857846
4045,1709656362.4758477,1709656362.479528
4046,1709656362.5803916,1709656362.5841389
4047,1709656362.6834545,1709656362.6876423
4048,1709656362.773884,1709656362.77787
4049,1709656362.8812366,1709656362.884399
4050,1709656362.9839146,1709656362.9873528
4051,1709656363.0767322,1709656363.0802226
4052,1709656363.1765556,1709656363.180521
4053,1709656363.2816722,1709656363.2846973
4054,1709656363.3804436,1709656363.3838634
4055,1709656363.4788141,1709656363.4841619
4056,1709656363.5809035,1709656363.5859938
4057,1709656363.674627,1709656363.6782649
4058,1709656363.777667,1709656363.7826908
4059,1709656363.8750696,1709656363.8779175
4060,1709656363.974737,1709656363.978609
4061,1709656364.079385,1709656364.0817957
4062,1709656364.1802113,1709656364.184006
4063,1709656364.273802,1709656364.2771347
4064,1709656364.3774712,1709656364.383823
4065,1709656364.487296,1709656364.4918842
4066,1709656364.5768552,1709656364.5808156
4067,1709656364.6798346,1709656364.6838577
4068,1709656364.784579,1709656364.7883582
4069,1709656364.8924568,1709656364.8967173
4070,1709656364.9844384,1709656364.9872544
4071,1709656365.080775,1709656365.084509
4072,1709656365.1802301,1709656365.1845567
4073,1709656365.3014116,1709656365.3095603
4074,1709656365.403011,1709656365.4069095
4075,1709656365.4942615,1709656365.4985209
4076,1709656365.598618,1709656365.6015997
4077,1709656365.672714,1709656365.6771615
4078,1709656365.8152723,1709656365.8231692
4079,1709656365.882564,1709656365.8861885
4080,1709656365.973148,1709656365.9772122
4081,1709656366.0815647,1709656366.0841727
4082,1709656366.19171,1709656366.19474
4083,1709656366.2883635,1709656366.292849
4084,1709656366.3768427,1709656366.381295
4085,1709656366.4861634,1709656366.4905422
4086,1709656366.5775006,1709656366.580909
4087,1709656366.6909127,1709656366.6947079
4088,1709656366.7774816,1709656366.7817078
4089,1709656366.884429,1709656366.8885837
4090,1709656366.9774249,1709656366.980076
4091,1709656367.0847528,1709656367.0899687
4092,1709656367.1868305,1709656367.1909993
4093,1709656367.27531,1709656367.279757
4094,1709656367.3793643,1709656367.3834434
4095,1709656367.4781325,1709656367.4821494
4096,1709656367.5740604,1709656367.5791028
4097,1709656367.6817286,1709656367.6856425
4098,1709656367.7803957,1709656367.783208
4099,1709656367.8915257,1709656367.8940654
4100,1709656367.9763744,1709656367.9790134
4101,1709656368.0862083,1709656368.0903046
4102,1709656368.1766036,1709656368.183121
4103,1709656368.2842207,1709656368.2879539
4104,1709656368.374926,1709656368.3785212
4105,1709656368.477716,1709656368.481131
4106,1709656368.5887024,1709656368.5933366
4107,1709656368.6827288,1709656368.6869023
4108,1709656368.7735767,1709656368.77797
4109,1709656368.8792572,1709656368.8815198
4110,1709656368.9746013,1709656368.9789093
4111,1709656369.0814028,1709656369.08631
4112,1709656369.174383,1709656369.1800494
4113,1709656369.2827868,1709656369.2901511
4114,1709656369.3780124,1709656369.382848
4115,1709656369.4818149,1709656369.4877362
4116,1709656369.5867505,1709656369.5911224
4117,1709656369.679842,1709656369.6862407
4118,1709656369.7740176,1709656369.7782912
4119,1709656369.875891,1709656369.8790874
4120,1709656369.98507,1709656369.9892442
4121,1709656370.083554,1709656370.0921772
4122,1709656370.1806922,1709656370.1851919
4123,1709656370.276435,1709656370.280895
4124,1709656370.3794696,1709656370.3849113
4125,1709656370.482173,1709656370.4872606
4126,1709656370.5782337,1709656370.5838344
4127,1709656370.6779377,1709656370.681975
4128,1709656370.7748053,1709656370.7791557
4129,1709656370.8960145,1709656370.8982306
4130,1709656370.9800427,1709656370.9846058
4131,1709656371.0816584,1709656371.0858624
4132,1709656371.1856215,1709656371.1892517
4133,1709656371.281085,1709656371.284696
4134,1709656371.383344,1709656371.3867378
4135,1709656371.476981,1709656371.481562
4136,1709656371.5779376,1709656371.582175
4137,1709656371.680733,1709656371.6869266
4138,1709656371.7768617,1709656371.7806115
4139,1709656371.882475,1709656371.8860707
4140,1709656371.9893746,1709656371.9932086
4141,1709656372.0764732,1709656372.080297
4142,1709656372.1820993,1709656372.187468
4143,1709656372.2835896,1709656372.287592
4144,1709656372.3834417,1709656372.3886049
4145,1709656372.4780784,1709656372.484767
4146,1709656372.5755947,1709656372.5795615
4147,1709656372.6737432,1709656372.6785598
4148,1709656372.792701,1709656372.7964277
4149,1709656372.8782177,1709656372.8886707
4150,1709656372.978973,1709656372.9840033
4151,1709656373.0814986,1709656373.0883515
4152,1709656373.1816108,1709656373.196797
4153,1709656373.2789028,1709656373.284402
4154,1709656373.3815386,1709656373.3855581
4155,1709656373.4808125,1709656373.4861193
4156,1709656373.5730495,1709656373.576735
4157,1709656373.6870344,1709656373.6919694
4158,1709656373.7810493,1709656373.7848938
4159,1709656373.8765817,1709656373.8812919
4160,1709656373.9887002,1709656373.9928842
4161,1709656374.0810924,1709656374.0851696
4162,1709656374.1754456,1709656374.1794293
4163,1709656374.2774136,1709656374.282381
4164,1709656374.3798656,1709656374.3848968
4165,1709656374.4812467,1709656374.4858987
4166,1709656374.5725,1709656374.5768237
4167,1709656374.6768715,1709656374.6809835
4168,1709656374.7852788,1709656374.7891538
4169,1709656374.8904357,1709656374.8944845
4170,1709656374.9868667,1709656374.9909732
4171,1709656375.0792282,1709656375.083456
4172,1709656375.179766,1709656375.1836538
4173,1709656375.2750099,1709656375.2790983
4174,1709656375.3818405,1709656375.3846116
4175,1709656375.4815145,1709656375.486847
4176,1709656375.5754795,1709656375.5806892
4177,1709656375.6885152,1709656375.6917036
4178,1709656375.773359,1709656375.7788303
4179,1709656375.884838,1709656375.8889792
4180,1709656375.9739048,1709656375.9777188
4181,1709656376.09883,1709656376.102595
4182,1709656376.1815948,1709656376.1877682
4183,1709656376.2805173,1709656376.2863529
4184,1709656376.3798616,1709656376.3843913
4185,1709656376.4865627,1709656376.4899511
4186,1709656376.5811808,1709656376.5845113
4187,1709656376.6872435,1709656376.6909535
4188,1709656376.7844539,1709656376.7886496
4189,1709656376.8830528,1709656376.8861287
4190,1709656376.9812145,1709656376.9852946
4191,1709656377.0782483,1709656377.0823982
4192,1709656377.1894913,1709656377.1953614
4193,1709656377.279539,1709656377.2838635
4194,1709656377.3864772,1709656377.3898368
4195,1709656377.4807253,1709656377.4856946
4196,1709656377.5901084,1709656377.595962
4197,1709656377.6877017,1709656377.6921127
4198,1709656377.7996466,1709656377.8038473
4199,1709656377.8773053,1709656377.8811653
4200,1709656377.9881818,1709656377.9933379
4201,1709656378.086018,1709656378.089872
4202,1709656378.1759326,1709656378.1805353
4203,1709656378.2840571,1709656378.2877274
4204,1709656378.3878717,1709656378.3933237
4205,1709656378.4786723,1709656378.4824908
4206,1709656378.576887,1709656378.5830948
4207,1709656378.6754642,1709656378.679052
4208,1709656378.7900999,1709656378.7946613
4209,1709656378.8870966,1709656378.8911684
4210,1709656378.9836442,1709656378.9869976
4211,1709656379.0842345,1709656379.0877416
4212,1709656379.181675,1709656379.1859813
4213,1709656379.2829578,1709656379.286819
4214,1709656379.3809593,1709656379.3851311
4215,1709656379.4862866,1709656379.4899304
4216,1709656379.5841124,1709656379.5874531
4217,1709656379.6787202,1709656379.682983
4218,1709656379.788357,1709656379.792208
4219,1709656379.8891747,1709656379.8934178
4220,1709656379.983839,1709656379.9880106
4221,1709656380.0807173,1709656380.0842965
4222,1709656380.1805725,1709656380.1839314
4223,1709656380.2880256,1709656380.2915375
4224,1709656380.3915472,1709656380.395474
4225,1709656380.4917705,1709656380.4953778
4226,1709656380.5841208,1709656380.5898318
4227,1709656380.6800292,1709656380.6842551
4228,1709656380.7785444,1709656380.7835264
4229,1709656380.881893,1709656380.8859053
4230,1709656380.9906383,1709656380.9941416
4231,1709656381.0804164,1709656381.084715
4232,1709656381.1805623,1709656381.1846771
4233,1709656381.2860565,1709656381.2896166
4234,1709656381.3804476,1709656381.3845282
4235,1709656381.4962926,1709656381.5018852
4236,1709656381.5984743,1709656381.6031766
4237,1709656381.6800206,1709656381.6863456
4238,1709656381.7844958,1709656381.7891653
4239,1709656381.8813767,1709656381.8899846
4240,1709656381.9810514,1709656381.9850528
4241,1709656382.0822504,1709656382.086563
4242,1709656382.1826873,1709656382.1870687
4243,1709656382.298809,1709656382.3030193
4244,1709656382.3804698,1709656382.386163
4245,1709656382.4732363,1709656382.4787183
4246,1709656382.5760098,1709656382.5804486
4247,1709656382.6798136,1709656382.6841006
4248,1709656382.7806876,1709656382.7838743
4249,1709656382.87737,1709656382.8817117
4250,1709656382.9817774,1709656382.9857001
4251,1709656383.0908,1709656383.095114
4252,1709656383.1735413,1709656383.1774378
4253,1709656383.2811298,1709656383.2849
4254,1709656383.375552,1709656383.3792763
4255,1709656383.490792,1709656383.4948397
4256,1709656383.5776708,1709656383.5816772
4257,1709656383.676287,1709656383.680699
4258,1709656383.7885368,1709656383.7929952
4259,1709656383.8776035,1709656383.8812854
4260,1709656383.9742186,1709656383.9783928
4261,1709656384.079794,1709656384.0840986
4262,1709656384.1832037,1709656384.1877034
4263,1709656384.2852852,1709656384.2897563
4264,1709656384.3773053,1709656384.381569
4265,1709656384.479751,1709656384.4831054
4266,1709656384.5871975,1709656384.5913508
4267,1709656384.6775255,1709656384.6816523
4268,1709656384.7740486,1709656384.7784398
4269,1709656384.8956041,1709656384.8986793
4270,1709656384.9830518,1709656384.988089
4271,1709656385.080745,1709656385.0841794
4272,1709656385.175773,1709656385.1800177
4273,1709656385.2903106,1709656385.2955387
4274,1709656385.3955545,1709656385.4002151
4275,1709656385.4844944,1709656385.4887884
4276,1709656385.5867412,1709656385.5905514
4277,1709656385.6796756,1709656385.685647
4278,1709656385.7868714,1709656385.790848
4279,1709656385.8924816,1709656385.8964236
4280,1709656385.9844291,1709656385.9884722
4281,1709656386.074742,1709656386.078577
4282,1709656386.1807811,1709656386.1849747
4283,1709656386.2780843,1709656386.2824543
4284,1709656386.3730652,1709656386.3767464
4285,1709656386.4869044,1709656386.4907267
4286,1709656386.5799563,1709656386.5841331
4287,1709656386.6869404,1709656386.6905804
4288,1709656386.7763164,1709656386.7801561
4289,1709656386.8737214,1709656386.8770921
4290,1709656386.9802969,1709656386.9856453
4291,1709656387.0807781,1709656387.087754
4292,1709656387.1801481,1709656387.183952
4293,1709656387.2860181,1709656387.2886639
4294,1709656387.3762457,1709656387.3795576
4295,1709656387.4865646,1709656387.49038
4296,1709656387.5782144,1709656387.581282
4297,1709656387.679755,1709656387.6836593
4298,1709656387.777181,1709656387.7798703
4299,1709656387.8792768,1709656387.8834057
4300,1709656387.9805408,1709656387.9858599
4301,1709656388.0782876,1709656388.081871
4302,1709656388.1850657,1709656388.1888957
4303,1709656388.2821198,1709656388.2866333
4304,1709656388.3790429,1709656388.3849647
4305,1709656388.4803581,1709656388.4846306
4306,1709656388.5786366,1709656388.5830867
4307,1709656388.676762,1709656388.6805198
4308,1709656388.7791154,1709656388.7834675
4309,1709656388.8887854,1709656388.8929703
4310,1709656388.98053,1709656388.9863744
4311,1709656389.0768805,1709656389.0808935
4312,1709656389.173651,1709656389.1771069
4313,1709656389.2848935,1709656389.2883875
4314,1709656389.384209,1709656389.388141
4315,1709656389.4841447,1709656389.4877844
4316,1709656389.5952592,1709656389.600823
4317,1709656389.6853411,1709656389.6929035
4318,1709656389.7810366,1709656389.7854416
4319,1709656389.9050536,1709656389.9091394
4320,1709656389.9871056,1709656389.9909832
4321,1709656390.079378,1709656390.08406
4322,1709656390.175976,1709656390.1820076
4323,1709656390.2850692,1709656390.2887268
4324,1709656390.3873887,1709656390.391318
4325,1709656390.4796221,1709656390.4844296
4326,1709656390.581377,1709656390.585487
4327,1709656390.6864882,1709656390.6903327
4328,1709656390.7820442,1709656390.7864213
4329,1709656390.8844483,1709656390.8881767
4330,1709656390.9861734,1709656390.9894855
4331,1709656391.088511,1709656391.0920222
4332,1709656391.1866045,1709656391.1906497
4333,1709656391.275548,1709656391.2797577
4334,1709656391.3828006,1709656391.3868084
4335,1709656391.4941099,1709656391.498928
4336,1709656391.5733705,1709656391.5772693
4337,1709656391.6849446,1709656391.6883225
4338,1709656391.7819772,1709656391.7861948
4339,1709656391.8905613,1709656391.8905683
4340,1709656391.9728198,1709656391.9728255
4341,1709656392.0728714,1709656392.0728767
4342,1709656392.1790767,1709656392.1790912
4343,1709656392.2739704,1709656392.2739756
4344,1709656392.3795276,1709656392.3795333
4345,1709656392.477445,1709656392.4774508
4346,1709656392.5880663,1709656392.5880718
4347,1709656392.6725621,1709656392.6725664
4348,1709656392.7756288,1709656392.7756338
4349,1709656392.8859253,1709656392.8859317
4350,1709656392.9960737,1709656392.996083
4351,1709656393.084373,1709656393.0843778
4352,1709656393.1760151,1709656393.1760185
4353,1709656393.275223,1709656393.2752285
4354,1709656393.3891625,1709656393.3891678
4355,1709656393.4797392,1709656393.479745
4356,1709656393.573369,1709656393.573374
4357,1709656393.6797965,1709656393.6797998
4358,1709656393.7750754,1709656393.775081
4359,1709656393.8902192,1709656393.8902242
4360,1709656393.977538,1709656393.9775438
4361,1709656394.080782,1709656394.0807872
4362,1709656394.1905582,1709656394.1905637
4363,1709656394.2871995,1709656394.2872057
4364,1709656394.3854716,1709656394.3854773
4365,1709656394.4897246,1709656394.489729
4366,1709656394.5769541,1709656394.5769606
4367,1709656394.6795094,1709656394.679514
4368,1709656394.792893,1709656394.7928998
4369,1709656394.8771446,1709656394.8771513
4370,1709656394.9805484,1709656394.9805562
4371,1709656395.0898948,1709656395.089903
4372,1709656395.181722,1709656395.1817272
4373,1709656395.292068,1709656395.2920732
4374,1709656395.3736732,1709656395.3736796
4375,1709656395.4890244,1709656395.4890308
4376,1709656395.5773728,1709656395.577378
4377,1709656395.6847534,1709656395.6847591
4378,1709656395.782575,1709656395.7825847
4379,1709656395.8830905,1709656395.8830955
4380,1709656395.9808764,1709656395.9808826
4381,1709656396.089457,1709656396.0894623
4382,1709656396.1850388,1709656396.1850471
4383,1709656396.2835226,1709656396.2835267
4384,1709656396.3772476,1709656396.3772526
4385,1709656396.4868023,1709656396.4868119
4386,1709656396.5762231,1709656396.5762296
4387,1709656396.679694,1709656396.6796992
4388,1709656396.7847223,1709656396.7847283
4389,1709656396.8748522,1709656396.8748598
4390,1709656396.9741359,1709656396.9741418
4391,1709656397.0829234,1709656397.0829308
4392,1709656397.1763012,1709656397.176307
4393,1709656397.2861855,1709656397.2861917
4394,1709656397.3779304,1709656397.3779368
4395,1709656397.4768357,1709656397.4768472
4396,1709656397.584067,1709656397.5840733
4397,1709656397.6802287,1709656397.680235
4398,1709656397.7876344,1709656397.787642
4399,1709656397.8776903,1709656397.8776941
4400,1709656397.976018,1709656397.9760218
4401,1709656398.0883193,1709656398.088325
4402,1709656398.1765823,1709656398.1765878
4403,1709656398.2836058,1709656398.2836132
4404,1709656398.3908882,1709656398.3908958
4405,1709656398.4803092,1709656398.4803152
4406,1709656398.5794036,1709656398.5794103
4407,1709656398.69304,1709656398.6930494
4408,1709656398.7734818,1709656398.773488
4409,1709656398.8790007,1709656398.8790061
4410,1709656398.9879754,1709656398.9879851
4411,1709656399.0799813,1709656399.0799866
4412,1709656399.1845083,1709656399.1845148
4413,1709656399.2962744,1709656399.2962856
4414,1709656399.3831027,1709656399.3831081
4415,1709656399.4857297,1709656399.4857368
4416,1709656399.5858526,1709656399.5858588
4417,1709656399.6787064,1709656399.6787121
4418,1709656399.7868454,1709656399.7868512
4419,1709656399.879219,1709656399.8792264
4420,1709656399.9847984,1709656399.9848037
4421,1709656400.084529,1709656400.0845354
4422,1709656400.1878774,1709656400.1878858
4423,1709656400.2885852,1709656400.2885904
4424,1709656400.3872283,1709656400.3872359
4425,1709656400.4812427,1709656400.481249
4426,1709656400.5847247,1709656400.5847306
4427,1709656400.6872706,1709656400.6872761
4428,1709656400.796612,1709656400.7966213
4429,1709656400.884928,1709656400.8849313
4430,1709656400.975081,1709656400.9750874
4431,1709656401.0776963,1709656401.0777016
4432,1709656401.17873,1709656401.178735
4433,1709656401.281064,1709656401.2810693
4434,1709656401.3856292,1709656401.3856354
4435,1709656401.4807382,1709656401.4807441
4436,1709656401.5769243,1709656401.576931
4437,1709656401.6812735,1709656401.68128
4438,1709656401.7869263,1709656401.7869308
4439,1709656401.8882625,1709656401.8882668
4440,1709656402.0123723,1709656402.0123808
4441,1709656402.0784051,1709656402.0784118
4442,1709656402.1740482,1709656402.1740513
4443,1709656402.2764294,1709656402.2764363
4444,1709656402.3867843,1709656402.3867898
4445,1709656402.4729002,1709656402.472904
4446,1709656402.5870206,1709656402.5870261
4447,1709656402.6827226,1709656402.6827276
4448,1709656402.777129,1709656402.777135
4449,1709656402.8864148,1709656402.8864226
4450,1709656402.9856558,1709656402.9856622
4451,1709656403.0865011,1709656403.0865073
4452,1709656403.1745105,1709656403.1745162
4453,1709656403.2876647,1709656403.2876716
4454,1709656403.3760087,1709656403.376014
4455,1709656403.4833283,1709656403.4833393
4456,1709656403.5882826,1709656403.58829
4457,1709656403.6909556,1709656403.6909606
4458,1709656403.7848983,1709656403.7849016
4459,1709656403.8979774,1709656403.897986
4460,1709656403.9827068,1709656403.9827137
4461,1709656404.0778034,1709656404.0778103
4462,1709656404.5159233,1709656404.515934
4463,1709656404.5252843,1709656404.525293
4464,1709656404.5904245,1709656404.5904324
4465,1709656404.6856413,1709656404.6856468
4466,1709656404.7842085,1709656404.7842147
4467,1709656404.8825834,1709656404.8825905
4468,1709656404.9969213,1709656404.9969301
4469,1709656405.0783594,1709656405.0783646
4470,1709656405.1819844,1709656405.1819937
4471,1709656405.2867517,1709656405.2867615
4472,1709656405.3727863,1709656405.3727927
4473,1709656405.4792929,1709656405.4792988
4474,1709656405.5922017,1709656405.5922117
4475,1709656405.6830864,1709656405.6830904
4476,1709656405.77581,1709656405.7758172
4477,1709656405.8891191,1709656405.8891275
4478,1709656405.9787848,1709656405.9787922
4479,1709656406.0763454,1709656406.0763507
4480,1709656406.1934197,1709656406.1934264
4481,1709656406.2767317,1709656406.2767377
4482,1709656406.385427,1709656406.3854342
4483,1709656406.4896457,1709656406.4896543
4484,1709656406.5849228,1709656406.5849283
4485,1709656406.6853225,1709656406.6853287
4486,1709656406.778867,1709656406.7788768
4487,1709656406.884217,1709656406.8842273
4488,1709656406.9841092,1709656406.9841144
4489,1709656407.0996099,1709656407.099618
4490,1709656407.1846077,1709656407.1846156
4491,1709656407.2812154,1709656407.281222
4492,1709656407.3913271,1709656407.391333
4493,1709656407.481095,1709656407.481101
4494,1709656407.5813472,1709656407.581355
4495,1709656407.687393,1709656407.6874015
4496,1709656407.7812548,1709656407.7812605
4497,1709656407.889083,1709656407.8890889
4498,1709656407.9856632,1709656407.9856696
4499,1709656408.0763946,1709656408.0764012
4500,1709656408.186944,1709656408.1869507
4501,1709656408.2852483,1709656408.2852535
4502,1709656408.3810062,1709656408.3810124
4503,1709656408.478894,1709656408.4789028
4504,1709656408.577474,1709656408.5774808
4505,1709656408.6825604,1709656408.6825666
4506,1709656408.7901554,1709656408.7901611
4507,1709656408.8828628,1709656408.8828697
4508,1709656408.97507,1709656408.9750767
4509,1709656409.1041117,1709656409.1041207
4510,1709656409.1789389,1709656409.1789455
4511,1709656409.2799351,1709656409.2799408
4512,1709656409.3894467,1709656409.3894558
4513,1709656409.4832633,1709656409.4832702
4514,1709656409.576758,1709656409.5767615
4515,1709656409.6843266,1709656409.6843832
4516,1709656409.7886486,1709656409.7886548
4517,1709656409.8789816,1709656409.8789878
4518,1709656409.9844413,1709656409.9844482
4519,1709656410.0871184,1709656410.0871248
4520,1709656410.1800754,1709656410.1800797
4521,1709656410.2949123,1709656410.2949214
4522,1709656410.3880239,1709656410.38803
4523,1709656410.4779153,1709656410.4779215
4524,1709656410.589574,1709656410.589584
4525,1709656410.6755118,1709656410.6755166
4526,1709656410.7725725,1709656410.7725785
4527,1709656410.885466,1709656410.8854785
4528,1709656410.9791806,1709656410.9791875
4529,1709656411.07786,1709656411.0778666
4530,1709656411.1875908,1709656411.1876
4531,1709656411.285636,1709656411.2856417
4532,1709656411.3887167,1709656411.3887243
4533,1709656411.479011,1709656411.4790173
4534,1709656411.585946,1709656411.5859523
4535,1709656411.6921716,1709656411.6921773
4536,1709656411.784816,1709656411.7848227
4537,1709656411.8817785,1709656411.881785
4538,1709656411.983944,1709656411.9839494
4539,1709656412.0819886,1709656412.0819976
4540,1709656412.19685,1709656412.1970074
4541,1709656412.2784255,1709656412.2784317
4542,1709656412.376801,1709656412.3768075
4543,1709656412.4916823,1709656412.4916918
4544,1709656412.585497,1709656412.5855021
4545,1709656412.6782813,1709656412.6782875
4546,1709656412.7884173,1709656412.7884274
4547,1709656412.886703,1709656412.886712
4548,1709656412.9775527,1709656412.9775593
4549,1709656413.078213,1709656413.0782182
4550,1709656413.1880143,1709656413.1880229
4551,1709656413.2752757,1709656413.2752824
4552,1709656413.3835928,1709656413.3836002
4553,1709656413.4940255,1709656413.4940355
4554,1709656413.5793893,1709656413.579396
4555,1709656413.6878865,1709656413.6878908
4556,1709656413.7856374,1709656413.785646
4557,1709656413.8790812,1709656413.8790882
4558,1709656413.9891202,1709656413.989124
4559,1709656414.0900393,1709656414.0900455
4560,1709656414.1968226,1709656414.1968315
4561,1709656414.2941504,1709656414.294156
4562,1709656414.3831682,1709656414.383174
4563,1709656414.4781852,1709656414.4781916
4564,1709656414.5862575,1709656414.5862646
4565,1709656414.6820188,1709656414.682024
4566,1709656414.783054,1709656414.783062
4567,1709656414.8856206,1709656414.8856294
4568,1709656414.9758263,1709656414.9758322
4569,1709656415.080155,1709656415.0801616
4570,1709656415.1823068,1709656415.1823158
4571,1709656415.2907703,1709656415.2907772
4572,1709656415.378642,1709656415.3786464
4573,1709656415.4735305,1709656415.4735372
4574,1709656415.579695,1709656415.579701
4575,1709656415.675654,1709656415.675658
4576,1709656415.7832775,1709656415.7832818
4577,1709656415.895537,1709656415.895545
4578,1709656415.9829347,1709656415.9829414
4579,1709656416.0826128,1709656416.0826194
4580,1709656416.1841002,1709656416.1841059
4581,1709656416.2818363,1709656416.2818422
4582,1709656416.3849783,1709656416.3849845
4583,1709656416.473643,1709656416.4736493
4584,1709656416.5894952,1709656416.5895042
4585,1709656416.6849873,1709656416.6849945
4586,1709656416.7738075,1709656416.7738142
4587,1709656416.888935,1709656416.8889444
4588,1709656416.9864287,1709656416.986434
4589,1709656417.072278,1709656417.0722823
4590,1709656417.180229,1709656417.1802356
4591,1709656417.281703,1709656417.2817087
4592,1709656417.3825564,1709656417.3825636
4593,1709656417.47772,1709656417.4777274
4594,1709656417.5881722,1709656417.5881824
4595,1709656417.673541,1709656417.6735475
4596,1709656417.7731018,1709656417.7731073
4597,1709656417.880426,1709656417.8804321
4598,1709656417.983704,1709656417.983713
4599,1709656418.0846841,1709656418.084691
4600,1709656418.1812341,1709656418.1812422
4601,1709656418.2911744,1709656418.2911835
4602,1709656418.379915,1709656418.379921
4603,1709656418.485169,1709656418.485175
4604,1709656418.5772035,1709656418.5772088
4605,1709656418.6847305,1709656418.6847389
4606,1709656418.7893167,1709656418.7893226
4607,1709656418.875955,1709656418.8759608
4608,1709656418.9944937,1709656418.994502
4609,1709656419.0815487,1709656419.0815544
4610,1709656419.2004082,1709656419.2004144
4611,1709656419.2810953,1709656419.2811034
4612,1709656419.386375,1709656419.3863804
4613,1709656419.4773178,1709656419.4773238
4614,1709656419.5898821,1709656419.589889
4615,1709656419.6916108,1709656419.6916184
4616,1709656419.7819285,1709656419.781936
4617,1709656419.8874211,1709656419.8874273
4618,1709656419.9931333,1709656419.9931417
4619,1709656420.0805464,1709656420.0805514
4620,1709656420.1782918,1709656420.1783
4621,1709656420.2802286,1709656420.2802348
4622,1709656420.3882802,1709656420.3882902
4623,1709656420.480428,1709656420.4804354
4624,1709656420.5803926,1709656420.5803995
4625,1709656420.687087,1709656420.6870959
4626,1709656420.7913382,1709656420.7913454
4627,1709656420.879568,1709656420.8795722
4628,1709656420.9801688,1709656420.980174
4629,1709656421.0860543,1709656421.086063
4630,1709656421.1762054,1709656421.1762123
4631,1709656421.280197,1709656421.2802043
4632,1709656421.392601,1709656421.39261
4633,1709656421.4801219,1709656421.4801273
4634,1709656421.584108,1709656421.5841153
4635,1709656421.6809275,1709656421.6809359
4636,1709656421.7883039,1709656421.788313
4637,1709656421.8920093,1709656421.8920164
4638,1709656421.986965,1709656421.9869711
4639,1709656422.0916312,1709656422.0916448
4640,1709656422.1763592,1709656422.1763642
4641,1709656422.2842698,1709656422.2842736
4642,1709656422.3726451,1709656422.3726492
4643,1709656422.4877577,1709656422.487763
4644,1709656422.582967,1709656422.5829725
4645,1709656422.6794448,1709656422.6794515
4646,1709656422.7966738,1709656422.7966843
4647,1709656422.8863122,1709656422.8863173
4648,1709656422.9742694,1709656422.9742737
4649,1709656423.0797842,1709656423.0797927
4650,1709656423.1803823,1709656423.180389
4651,1709656423.2779522,1709656423.277958
4652,1709656423.3819654,1709656423.3819716
4653,1709656423.488003,1709656423.4880118
4654,1709656423.5779,1709656423.5779068
4655,1709656423.6867273,1709656423.6867332
4656,1709656423.789859,1709656423.7898674
4657,1709656423.873792,1709656423.8737981
4658,1709656423.983258,1709656423.983264
4659,1709656424.0801768,1709656424.0801845
4660,1709656424.1967123,1709656424.1967201
4661,1709656424.2881615,1709656424.288167
4662,1709656424.385187,1709656424.3851924
4663,1709656424.4906795,1709656424.490689
4664,1709656424.580949,1709656424.580954
4665,1709656424.681719,1709656424.6817257
4666,1709656424.7852697,1709656424.7852778
4667,1709656424.886363,1709656424.886369
4668,1709656424.9769623,1709656424.9769702
4669,1709656425.0787513,1709656425.0787594
4670,1709656425.1751308,1709656425.1751378
4671,1709656425.2775311,1709656425.2775383
4672,1709656425.3801427,1709656425.3801486
4673,1709656425.4807212,1709656425.480727
4674,1709656425.589077,1709656425.589085
4675,1709656425.677005,1709656425.677011
4676,1709656425.7772193,1709656425.7772255
4677,1709656425.8803477,1709656425.8803551
4678,1709656425.9888802,1709656425.9888878
4679,1709656426.0807688,1709656426.0807724
4680,1709656426.1806097,1709656426.180616
4681,1709656426.285531,1709656426.2855406
4682,1709656426.387147,1709656426.387155
4683,1709656426.4790077,1709656426.4790125
4684,1709656426.5785933,1709656426.5785997
4685,1709656426.675786,1709656426.6757936
4686,1709656426.7742474,1709656426.7742538
4687,1709656426.8809793,1709656426.880985
4688,1709656426.986102,1709656426.9861531
4689,1709656427.0764387,1709656427.0764449
4690,1709656427.1794672,1709656427.1794755
4691,1709656427.28098,1709656427.2809865
4692,1709656427.3921175,1709656427.3921256
4693,1709656427.4843695,1709656427.4843764
4694,1709656427.5801718,1709656427.580179
4695,1709656427.6859198,1709656427.6859274
4696,1709656427.7772486,1709656427.7772558
4697,1709656427.8797688,1709656427.8797755
4698,1709656427.9751673,1709656427.9751725
4699,1709656428.0822163,1709656428.0822217
4700,1709656428.175952,1709656428.1759586
4701,1709656428.2854328,1709656428.2854419
4702,1709656428.3750896,1709656428.3750956
4703,1709656428.4846377,1709656428.484646
4704,1709656428.5871632,1709656428.5871737
4705,1709656428.6821747,1709656428.6821852
4706,1709656428.7907772,1709656428.7907832
4707,1709656428.8883781,1709656428.888389
4708,1709656428.9815953,1709656428.9816017
4709,1709656429.0854383,1709656429.0854456
4710,1709656429.1795938,1709656429.179601
4711,1709656429.284707,1709656429.2847133
4712,1709656429.378828,1709656429.3788326
4713,1709656429.47324,1709656429.4732444
4714,1709656429.5831678,1709656429.5831773
4715,1709656429.681055,1709656429.6810608
4716,1709656429.7828457,1709656429.7828538
4717,1709656429.8870287,1709656429.8870347
4718,1709656429.9816515,1709656429.9816577
4719,1709656430.0871599,1709656430.0871663
4720,1709656430.1910946,1709656430.1911008
4721,1709656430.2754228,1709656430.275427
4722,1709656430.3812826,1709656430.3812888
4723,1709656430.4756947,1709656430.475701
4724,1709656430.580624,1709656430.5806313
4725,1709656430.6747956,1709656430.674803
4726,1709656430.7878811,1709656430.78789
4727,1709656430.8837335,1709656430.8837378
4728,1709656430.9842844,1709656430.9842904
4729,1709656431.0748572,1709656431.0748634
4730,1709656431.2048774,1709656431.2048838
4731,1709656431.289248,1709656431.289254
4732,1709656431.3833926,1709656431.3833997
4733,1709656431.4818368,1709656431.4818432
4734,1709656431.5807736,1709656431.5807796
4735,1709656431.6892984,1709656431.6893055
4736,1709656431.7851882,1709656431.785288
4737,1709656431.891672,1709656431.8918204
4738,1709656431.993758,1709656431.9938545
4739,1709656432.076502,1709656432.0766304
4740,1709656432.1758757,1709656432.176065
4741,1709656432.2928257,1709656432.292921
4742,1709656432.3900619,1709656432.390157
4743,1709656432.4866555,1709656432.4867632
4744,1709656432.573977,1709656432.5740743
4745,1709656432.685432,1709656432.6855187
4746,1709656432.791278,1709656432.7913854
4747,1709656432.8760476,1709656432.8761399
4748,1709656432.9881043,1709656432.9881916
4749,1709656433.0871272,1709656433.0872166
4750,1709656433.182246,1709656433.1823733
4751,1709656433.278034,1709656433.2781377
4752,1709656433.3776004,1709656433.3777015
4753,1709656433.4819753,1709656433.4820724
4754,1709656433.5815923,1709656433.5816634
4755,1709656433.6787062,1709656433.6787915
4756,1709656433.7894795,1709656433.7895613
4757,1709656433.8940709,1709656433.8941708
4758,1709656433.9839947,1709656433.9840991
4759,1709656434.0856166,1709656434.085705
4760,1709656434.1793146,1709656434.1795049
4761,1709656434.280309,1709656434.280412
4762,1709656434.381042,1709656434.381145
4763,1709656434.4901655,1709656434.490261
4764,1709656434.587505,1709656434.5876043
4765,1709656434.6784117,1709656434.6785326
4766,1709656434.7797675,1709656434.7798672
4767,1709656434.8799841,1709656434.8800817
4768,1709656434.9875834,1709656434.9876761
4769,1709656435.0847673,1709656435.0848594
4770,1709656435.1753516,1709656435.1754255
4771,1709656435.2818286,1709656435.281921
4772,1709656435.393437,1709656435.3935184
4773,1709656435.4831808,1709656435.4832711
4774,1709656435.580401,1709656435.5804904
4775,1709656435.6781056,1709656435.6782243
4776,1709656435.7783597,1709656435.7784488
4777,1709656435.8840938,1709656435.8841882
4778,1709656435.9812999,1709656435.9814055
4779,1709656436.0815809,1709656436.0816803
4780,1709656436.184705,1709656436.1848075
4781,1709656436.283061,1709656436.2831326
4782,1709656436.3795576,1709656436.3796463
4783,1709656436.474887,1709656436.474993
4784,1709656436.580193,1709656436.5802925
4785,1709656436.6871915,1709656436.6872804
4786,1709656436.785789,1709656436.7858894
4787,1709656436.8894086,1709656436.8895047
4788,1709656436.9822154,1709656436.9822826
4789,1709656437.0777633,1709656437.0778537
4790,1709656437.1921248,1709656437.1922114
4791,1709656437.2889574,1709656437.2890334
4792,1709656437.3762963,1709656437.3763878
4793,1709656437.4773211,1709656437.4773824
4794,1709656437.5909283,1709656437.5909848
4795,1709656437.6837356,1709656437.6839457
4796,1709656437.77394,1709656437.7739902
4797,1709656437.881021,1709656437.881085
4798,1709656437.9765985,1709656437.9767168
4799,1709656438.098642,1709656438.0987444
4800,1709656438.1800082,1709656438.180073
4801,1709656438.2775056,1709656438.2775743
4802,1709656438.384135,1709656438.3842063
4803,1709656438.4752865,1709656438.475365
4804,1709656438.5932662,1709656438.5933356
4805,1709656438.6839387,1709656438.6839964
4806,1709656438.7779179,1709656438.778003
4807,1709656438.8770878,1709656438.877193
4808,1709656438.9858768,1709656438.9859235
4809,1709656439.077982,1709656439.078058
4810,1709656439.1806662,1709656439.1807268
4811,1709656439.2763486,1709656439.27642
4812,1709656439.3732972,1709656439.3733745
4813,1709656439.4902406,1709656439.49029
4814,1709656439.5835648,1709656439.5836139
4815,1709656439.6833892,1709656439.683449
4816,1709656439.7828755,1709656439.7829258
4817,1709656439.874531,1709656439.8745868
4818,1709656439.9887662,1709656439.988824
4819,1709656440.084719,1709656440.084775
4820,1709656440.1810873,1709656440.1811426
4821,1709656440.2916257,1709656440.2916791
4822,1709656440.3795922,1709656440.3796785
4823,1709656440.483224,1709656440.4833233
4824,1709656440.5863342,1709656440.5863943
4825,1709656440.6837127,1709656440.683774
4826,1709656440.7821171,1709656440.7821877
4827,1709656440.884794,1709656440.8848622
4828,1709656440.9728801,1709656440.9729319
4829,1709656441.0851758,1709656441.0852363
4830,1709656441.1764915,1709656441.1765742
4831,1709656441.2827337,1709656441.2827835
4832,1709656441.3819013,1709656441.3819602
4833,1709656441.4767175,1709656441.476779
4834,1709656441.609028,1709656441.609118
4835,1709656441.6979556,1709656441.6980124
4836,1709656441.8061926,1709656441.8062835
4837,1709656441.8856976,1709656441.8857589
4838,1709656441.9776669,1709656441.9777484
4839,1709656442.0754082,1709656442.0754554
4840,1709656442.1842468,1709656442.1843278
4841,1709656442.2934976,1709656442.2935522
4842,1709656442.3823042,1709656442.3824198
4843,1709656442.4942522,1709656442.4943671
4844,1709656442.5783,1709656442.578503
4845,1709656442.6910508,1709656442.6911795
4846,1709656442.7838,1709656442.7838933
4847,1709656442.8916512,1709656442.891751
4848,1709656442.978118,1709656442.9782486
4849,1709656443.082534,1709656443.0826106
4850,1709656443.1823492,1709656443.1824453
4851,1709656443.284607,1709656443.284684
4852,1709656443.4020944,1709656443.4021885
4853,1709656443.48864,1709656443.4887352
4854,1709656443.5841305,1709656443.5842354
4855,1709656443.6883056,1709656443.6883893
4856,1709656443.7934551,1709656443.793573
4857,1709656443.8813138,1709656443.8814209
4858,1709656443.9807718,1709656443.9808831
4859,1709656444.0780654,1709656444.0781624
4860,1709656444.191113,1709656444.1912143
4861,1709656444.2849903,1709656444.2850997
4862,1709656444.3815222,1709656444.3816068
4863,1709656444.4824283,1709656444.482546
4864,1709656444.5795238,1709656444.579794
4865,1709656444.6742916,1709656444.6744003
4866,1709656444.7812867,1709656444.7813838
4867,1709656444.8778126,1709656444.8779142
4868,1709656444.9812808,1709656444.9814098
4869,1709656445.0739703,1709656445.0740805
4870,1709656445.1816542,1709656445.181763
4871,1709656445.277184,1709656445.2773058
4872,1709656445.394837,1709656445.394847
4873,1709656445.4801645,1709656445.4801774
4874,1709656445.5801992,1709656445.5802066
4875,1709656445.691463,1709656445.6914718
4876,1709656445.7851524,1709656445.785159
4877,1709656445.8927133,1709656445.8927245
4878,1709656445.9940813,1709656445.9940867
4879,1709656446.0780065,1709656446.0780141
4880,1709656446.1931067,1709656446.1931138
4881,1709656446.2748435,1709656446.2748516
4882,1709656446.3783412,1709656446.378349
4883,1709656446.4852622,1709656446.485269
4884,1709656446.5871186,1709656446.5871258
4885,1709656446.694377,1709656446.6943839
4886,1709656446.7891116,1709656446.7891169
4887,1709656446.884877,1709656446.8848836
4888,1709656446.9792392,1709656446.9792461
4889,1709656447.0822616,1709656447.0822673
4890,1709656447.1834748,1709656447.183481
4891,1709656447.283703,1709656447.2837098
4892,1709656447.373069,1709656447.3730752
4893,1709656447.477236,1709656447.479767
4894,1709656447.5834918,1709656447.586098
4895,1709656447.6841326,1709656447.6868997
4896,1709656447.7763143,1709656447.7799857
4897,1709656447.8790948,1709656447.8817992
4898,1709656447.9866428,1709656447.9897275
4899,1709656448.0861318,1709656448.088694
4900,1709656448.1867926,1709656448.188847
4901,1709656448.2756634,1709656448.2782283
4902,1709656448.3754508,1709656448.377929
4903,1709656448.4774694,1709656448.4808962
4904,1709656448.5878577,1709656448.5904503
4905,1709656448.6953092,1709656448.6980822
4906,1709656448.7796047,1709656448.7823153
4907,1709656448.8805695,1709656448.8827896
4908,1709656448.988427,1709656448.9912884
4909,1709656449.0823908,1709656449.085696
4910,1709656449.1816704,1709656449.183951
4911,1709656449.2907,1709656449.2930748
4912,1709656449.3782034,1709656449.3810482
4913,1709656449.4762135,1709656449.4788678
4914,1709656449.5797215,1709656449.5826006
4915,1709656449.6820166,1709656449.684682
4916,1709656449.7811162,1709656449.7840853
4917,1709656449.893592,1709656449.8966064
4918,1709656449.9766123,1709656449.980845
4919,1709656450.0793233,1709656450.081981
4920,1709656450.1746168,1709656450.1781964
4921,1709656450.2893648,1709656450.2915146
4922,1709656450.403626,1709656450.406292
4923,1709656450.4861555,1709656450.489166
4924,1709656450.5766947,1709656450.579638
4925,1709656450.6732469,1709656450.6761487
4926,1709656450.7800992,1709656450.7829254
4927,1709656450.8795223,1709656450.8825424
4928,1709656450.976698,1709656450.979463
4929,1709656451.0784702,1709656451.0812645
4930,1709656451.1747723,1709656451.177497
4931,1709656451.2789962,1709656451.2828043
4932,1709656451.376212,1709656451.3786988
4933,1709656451.4794416,1709656451.4823954
4934,1709656451.579685,1709656451.5826058
4935,1709656451.673788,1709656451.6768975
4936,1709656451.7737832,1709656451.7764251
4937,1709656451.8818064,1709656451.8846688
4938,1709656451.9812715,1709656451.984319
4939,1709656452.0810199,1709656452.082925
4940,1709656452.1791422,1709656452.1822
4941,1709656452.2754896,1709656452.2783034
4942,1709656452.388945,1709656452.391046
4943,1709656452.4746933,1709656452.4773593
4944,1709656452.5760913,1709656452.5790462
4945,1709656452.6770303,1709656452.6818733
4946,1709656452.7759914,1709656452.7788281
4947,1709656452.876585,1709656452.8791249
4948,1709656452.972454,1709656452.9751952
4949,1709656453.0792844,1709656453.0820704
4950,1709656453.1745503,1709656453.176875
4951,1709656453.2894676,1709656453.2922378
4952,1709656453.3817852,1709656453.3848467
4953,1709656453.473449,1709656453.4761965
4954,1709656453.5853484,1709656453.5894716
4955,1709656453.6747956,1709656453.6773124
4956,1709656453.7816832,1709656453.7844133
4957,1709656453.8764594,1709656453.879113
4958,1709656453.9853468,1709656453.988014
4959,1709656454.0742788,1709656454.0767372
4960,1709656454.1812267,1709656454.1839828
4961,1709656454.2822235,1709656454.2854154
4962,1709656454.3870234,1709656454.388677
4963,1709656454.4795387,1709656454.4813035
4964,1709656454.574674,1709656454.5774267
4965,1709656454.6791883,1709656454.6865149
4966,1709656454.7860408,1709656454.7887275
4967,1709656454.8850877,1709656454.8878827
4968,1709656454.9779825,1709656454.9804015
4969,1709656455.0735967,1709656455.0762293
4970,1709656455.1813314,1709656455.1860611
4971,1709656455.2783718,1709656455.2817254
4972,1709656455.3799717,1709656455.3831282
4973,1709656455.4768102,1709656455.480541
4974,1709656455.5755916,1709656455.5784492
4975,1709656455.6741168,1709656455.6770365
4976,1709656455.783971,1709656455.7870927
4977,1709656455.8852978,1709656455.8880916
4978,1709656455.9810243,1709656455.9851408
4979,1709656456.0802245,1709656456.0828366
4980,1709656456.174701,1709656456.1786182
4981,1709656456.2907,1709656456.2944202
4982,1709656456.3780408,1709656456.3812103
4983,1709656456.47809,1709656456.4806232
4984,1709656456.5850706,1709656456.58756
4985,1709656456.680451,1709656456.6846352
4986,1709656456.7809923,1709656456.7837918
4987,1709656456.8756304,1709656456.878484
4988,1709656456.9750834,1709656456.977812
4989,1709656457.0818598,1709656457.0846062
4990,1709656457.175417,1709656457.1784387
4991,1709656457.2999334,1709656457.3032625
4992,1709656457.3839636,1709656457.3865035
4993,1709656457.4831495,1709656457.4895513
4994,1709656457.597386,1709656457.6001348
4995,1709656457.6801393,1709656457.6831415
4996,1709656457.7922194,1709656457.7950537
4997,1709656457.8839486,1709656457.8871615
4998,1709656457.9747431,1709656457.977824
4999,1709656458.0772958,1709656458.0796955
5000,1709656458.1794863,1709656458.182777
5001,1709656458.2832968,1709656458.2860239
5002,1709656458.3837295,1709656458.386601
5003,1709656458.480801,1709656458.4833941
5004,1709656458.5949094,1709656458.5980158
5005,1709656458.6759958,1709656458.6785295
5006,1709656458.7822084,1709656458.7851331
5007,1709656458.8831124,1709656458.8854773
5008,1709656458.9846697,1709656458.9864368
5009,1709656459.0764267,1709656459.0796075
5010,1709656459.182923,1709656459.185691
5011,1709656459.276335,1709656459.2805924
5012,1709656459.3745475,1709656459.377617
5013,1709656459.47641,1709656459.479184
5014,1709656459.573395,1709656459.575323
5015,1709656459.674619,1709656459.6779852
5016,1709656459.7765205,1709656459.7798533
5017,1709656459.8854384,1709656459.8877974
5018,1709656459.9850445,1709656459.987905
5019,1709656460.0796447,1709656460.0823078
5020,1709656460.177705,1709656460.18094
5021,1709656460.2768302,1709656460.2802591
5022,1709656460.3813977,1709656460.3846178
5023,1709656460.4750695,1709656460.478022
5024,1709656460.580281,1709656460.5820904
5025,1709656460.6790924,1709656460.6819818
5026,1709656460.7818396,1709656460.784555
5027,1709656460.8891861,1709656460.891879
5028,1709656460.9733396,1709656460.9763143
5029,1709656461.08548,1709656461.0872095
5030,1709656461.176234,1709656461.180233
5031,1709656461.284323,1709656461.287016
5032,1709656461.3765996,1709656461.379314
5033,1709656461.4743915,1709656461.4795554
5034,1709656461.58317,1709656461.585936
5035,1709656461.677985,1709656461.679937
5036,1709656461.783697,1709656461.7886739
5037,1709656461.88183,1709656461.8845766
5038,1709656461.9784784,1709656461.9815614
5039,1709656462.0751762,1709656462.0779564
5040,1709656462.1728318,1709656462.174707
5041,1709656462.2753341,1709656462.2791367
5042,1709656462.3806655,1709656462.3838613
5043,1709656462.5156846,1709656462.518427
5044,1709656462.5796874,1709656462.5826905
5045,1709656462.679369,1709656462.6845253
5046,1709656462.7884898,1709656462.7915273
5047,1709656462.8875718,1709656462.890841
5048,1709656462.9822624,1709656462.985287
5049,1709656463.07323,1709656463.077028
5050,1709656463.180484,1709656463.1831307
5051,1709656463.282724,1709656463.2857025
5052,1709656463.3758044,1709656463.3788226
5053,1709656463.4857125,1709656463.4881606
5054,1709656463.5766447,1709656463.5791929
5055,1709656463.676467,1709656463.6794593
5056,1709656463.7789664,1709656463.7811778
5057,1709656463.883223,1709656463.8852592
5058,1709656463.9807239,1709656463.9833498
5059,1709656464.077103,1709656464.0797322
5060,1709656464.1763577,1709656464.1791797
5061,1709656464.2925136,1709656464.2953439
5062,1709656464.3750534,1709656464.3768723
5063,1709656464.4826503,1709656464.4826586
5064,1709656464.579484,1709656464.5794892
5065,1709656464.6762407,1709656464.676248
5066,1709656464.78417,1709656464.7841763
5067,1709656464.876532,1709656464.8765392
5068,1709656464.9842181,1709656464.9842248
5069,1709656465.074052,1709656465.0740597
5070,1709656465.1748657,1709656465.1748703
5071,1709656465.2765691,1709656465.2765787
5072,1709656465.3778877,1709656465.3778915
5073,1709656465.4841917,1709656465.4841993
5074,1709656465.5728028,1709656465.57281
5075,1709656465.6831799,1709656465.6831863
5076,1709656465.7859435,1709656465.7859497
5077,1709656465.8894186,1709656465.8894374
5078,1709656465.9804757,1709656465.9804819
5079,1709656466.0749557,1709656466.0749767
5080,1709656466.1741369,1709656466.174145
5081,1709656466.2807357,1709656466.2807417
5082,1709656466.3934617,1709656466.3934686
5083,1709656466.4902198,1709656466.4902265
5084,1709656466.586373,1709656466.5863807
5085,1709656466.6966424,1709656466.696649
5086,1709656466.7790828,1709656466.7790906
5087,1709656466.879937,1709656466.8799434
5088,1709656466.9777422,1709656466.9777517
5089,1709656467.0834384,1709656467.083445
5090,1709656467.1791584,1709656467.1791642
5091,1709656467.2772326,1709656467.2772422
5092,1709656467.3905478,1709656467.3905551
5093,1709656467.4834325,1709656467.4834383
5094,1709656467.5785801,1709656467.578587
5095,1709656467.6807714,1709656467.680779
5096,1709656467.7807002,1709656467.7807097
5097,1709656467.884883,1709656467.884893
5098,1709656467.9819233,1709656467.981929
5099,1709656468.0740848,1709656468.074093
5100,1709656468.1799314,1709656468.1799397
5101,1709656468.274388,1709656468.274394
5102,1709656468.3861985,1709656468.386206
5103,1709656468.477233,1709656468.4772398
5104,1709656468.5751371,1709656468.575143
5105,1709656468.6749547,1709656468.6749613
5106,1709656468.7762291,1709656468.7762349
5107,1709656468.8789072,1709656468.878919
5108,1709656468.973398,1709656468.9734044
5109,1709656469.0749335,1709656469.0749395
5110,1709656469.1898572,1709656469.1898642
5111,1709656469.2738693,1709656469.2738752
5112,1709656469.3734782,1709656469.3734856
5113,1709656469.4978356,1709656469.4978433
5114,1709656469.5793505,1709656469.5793567
5115,1709656469.682477,1709656469.682482
5116,1709656469.7787836,1709656469.7787907
5117,1709656469.8754225,1709656469.8754284
5118,1709656469.9907355,1709656469.9907446
5119,1709656470.0794394,1709656470.0794454
5120,1709656470.179067,1709656470.1790733
5121,1709656470.2799113,1709656470.2799177
5122,1709656470.37521,1709656470.3752167
5123,1709656470.4916935,1709656470.491703
5124,1709656470.5994704,1709656470.5994794
5125,1709656470.6845942,1709656470.6846035
5126,1709656470.774416,1709656470.7744222
5127,1709656470.8888068,1709656470.8888133
5128,1709656470.9801812,1709656470.9801874
5129,1709656471.0795128,1709656471.0795202
5130,1709656471.1940098,1709656471.1940176
5131,1709656471.2864277,1709656471.2864318
5132,1709656471.3787696,1709656471.3787768
5133,1709656471.4803636,1709656471.4803698
5134,1709656471.579465,1709656471.579471
5135,1709656471.6760273,1709656471.6760345
5136,1709656471.7914503,1709656471.7914584
5137,1709656471.8883169,1709656471.8883228
5138,1709656471.982477,1709656471.9824853
5139,1709656472.0748413,1709656472.074848
5140,1709656472.1799917,1709656472.179998
5141,1709656472.2895522,1709656472.289564
5142,1709656472.3799944,1709656472.380005
5143,1709656472.4806879,1709656472.480696
5144,1709656472.6059878,1709656472.6059937
5145,1709656472.678348,1709656472.6783543
5146,1709656472.7874343,1709656472.7874434
5147,1709656472.8901637,1709656472.8901742
5148,1709656472.9874125,1709656472.9874177
5149,1709656473.0756767,1709656473.0756836
5150,1709656473.1876419,1709656473.1876476
5151,1709656473.2879434,1709656473.287949
5152,1709656473.3888714,1709656473.3888807
5153,1709656473.481009,1709656473.481015
5154,1709656473.5795257,1709656473.579533
5155,1709656473.6876733,1709656473.6876795
5156,1709656473.7822554,1709656473.7822616
5157,1709656473.8960783,1709656473.8961697
5158,1709656473.9872642,1709656473.9872704
5159,1709656474.0814426,1709656474.0814497
5160,1709656474.1815634,1709656474.1816368
5161,1709656474.2794971,1709656474.2795033
5162,1709656474.3937674,1709656474.3937762
5163,1709656474.4889915,1709656474.4889972
5164,1709656474.5771246,1709656474.5771317
5165,1709656474.6830304,1709656474.6830394
5166,1709656474.7767992,1709656474.7768054
5167,1709656474.879529,1709656474.8795362
5168,1709656474.9814975,1709656474.981501
5169,1709656475.0773335,1709656475.0773423
5170,1709656475.1860893,1709656475.1860962
5171,1709656475.284493,1709656475.2844982
5172,1709656475.388029,1709656475.3880374
5173,1709656475.4900215,1709656475.4900272
5174,1709656475.578227,1709656475.5782313
5175,1709656475.6780074,1709656475.6780117
5176,1709656475.7819433,1709656475.7819498
5177,1709656475.8846996,1709656475.8847084
5178,1709656475.9967346,1709656475.996744
5179,1709656476.0818102,1709656476.0818164
5180,1709656476.186142,1709656476.186149
5181,1709656476.289735,1709656476.2897406
5182,1709656476.3801923,1709656476.3801997
5183,1709656476.485973,1709656476.4859822
5184,1709656476.5769782,1709656476.5769837
5185,1709656476.6803594,1709656476.6803653
5186,1709656476.7801528,1709656476.7801595
5187,1709656476.883799,1709656476.883805
5188,1709656476.9847548,1709656476.9847658
5189,1709656477.0858974,1709656477.085903
5190,1709656477.194372,1709656477.1943786
5191,1709656477.291055,1709656477.291061
5192,1709656477.3779275,1709656477.377935
5193,1709656477.496684,1709656477.496693
5194,1709656477.5814786,1709656477.5814881
5195,1709656477.6822283,1709656477.682234
5196,1709656477.7729723,1709656477.7729785
5197,1709656477.882147,1709656477.882154
5198,1709656477.9847872,1709656477.9847958
5199,1709656478.0913324,1709656478.0913393
5200,1709656478.1846154,1709656478.1846297
5201,1709656478.2723575,1709656478.2723641
5202,1709656478.3814526,1709656478.3814604
5203,1709656478.4808137,1709656478.4808245
5204,1709656478.5860462,1709656478.5860543
5205,1709656478.6752894,1709656478.6752958
5206,1709656478.7858658,1709656478.7858722
5207,1709656478.8804677,1709656478.880472
5208,1709656478.9898033,1709656478.9898121
5209,1709656479.079989,1709656479.079994
5210,1709656479.1803036,1709656479.1803098
5211,1709656479.2734675,1709656479.2734725
5212,1709656479.3842754,1709656479.3842816
5213,1709656479.4909477,1709656479.4909577
5214,1709656479.6172168,1709656479.6172266
5215,1709656479.679606,1709656479.6796117
5216,1709656479.7753549,1709656479.7753625
5217,1709656479.8881872,1709656479.8881927
5218,1709656479.994354,1709656479.994362
5219,1709656480.0874908,1709656480.0875
5220,1709656480.1843069,1709656480.1843114
5221,1709656480.2860336,1709656480.2860398
5222,1709656480.3897083,1709656480.3897152
5223,1709656480.491935,1709656480.491945
5224,1709656480.5977442,1709656480.5977523
5225,1709656480.6773858,1709656480.6773913
5226,1709656480.780669,1709656480.7806933
5227,1709656480.880434,1709656480.8804379
5228,1709656480.984066,1709656480.9840758
5229,1709656481.0901856,1709656481.0901952
5230,1709656481.1821337,1709656481.1821394
5231,1709656481.2819076,1709656481.2819126
5232,1709656481.3848732,1709656481.3848798
5233,1709656481.4965737,1709656481.4965866
5234,1709656481.587715,1709656481.587722
5235,1709656481.684953,1709656481.6849594
5236,1709656481.785589,1709656481.7855985
5237,1709656481.8779206,1709656481.8779275
5238,1709656481.9884222,1709656481.9884315
5239,1709656482.0847042,1709656482.084709
5240,1709656482.1881387,1709656482.1881464
5241,1709656482.2868035,1709656482.28681
5242,1709656482.3803196,1709656482.3803265
5243,1709656482.492052,1709656482.49206
5244,1709656482.5835361,1709656482.583542
5245,1709656482.684353,1709656482.6843598
5246,1709656482.7834723,1709656482.7834804
5247,1709656482.886668,1709656482.8866744
5248,1709656482.9957752,1709656482.995783
5249,1709656483.0793052,1709656483.079311
5250,1709656483.1889842,1709656483.1889913
5251,1709656483.2834966,1709656483.283504
5252,1709656483.3953345,1709656483.395344
5253,1709656483.5019603,1709656483.501968
5254,1709656483.584266,1709656483.5842695
5255,1709656483.6801515,1709656483.6801562
5256,1709656483.7837484,1709656483.783755
5257,1709656483.8803756,1709656483.88038
5258,1709656483.987145,1709656483.9871545
5259,1709656484.0811756,1709656484.0811815
5260,1709656484.1860633,1709656484.1860685
5261,1709656484.27998,1709656484.2799857
5262,1709656484.3773952,1709656484.3774018
5263,1709656484.492136,1709656484.492144
5264,1709656484.589542,1709656484.5895483
5265,1709656484.6729863,1709656484.6729922
5266,1709656484.7822874,1709656484.7822943
5267,1709656484.8852842,1709656484.885289
5268,1709656484.9980555,1709656484.9980636
5269,1709656485.0950024,1709656485.0950146
5270,1709656485.1769905,1709656485.176995
5271,1709656485.2756143,1709656485.27562
5272,1709656485.3775601,1709656485.377566
5273,1709656485.478397,1709656485.4784033
5274,1709656485.5920982,1709656485.5921063
5275,1709656485.6816027,1709656485.6816099
5276,1709656485.7813594,1709656485.7813652
5277,1709656485.8776617,1709656485.8776677
5278,1709656485.9808955,1709656485.9809017
5279,1709656486.0927117,1709656486.0927207
5280,1709656486.1860933,1709656486.1861005
5281,1709656486.2807508,1709656486.280758
5282,1709656486.3810463,1709656486.3810532
5283,1709656486.4763715,1709656486.476376
5284,1709656486.5824306,1709656486.5824404
5285,1709656486.6824512,1709656486.6824577
5286,1709656486.7759678,1709656486.775973
5287,1709656486.8826537,1709656486.882661
5288,1709656486.9820375,1709656486.9820428
5289,1709656487.0944827,1709656487.0944886
5290,1709656487.1895971,1709656487.1896029
5291,1709656487.285427,1709656487.285433
5292,1709656487.379641,1709656487.3796492
5293,1709656487.4778605,1709656487.4778676
5294,1709656487.5803807,1709656487.580389
5295,1709656487.6899192,1709656487.6899228
5296,1709656487.780809,1709656487.7808146
5297,1709656487.8854582,1709656487.8854656
5298,1709656487.9750397,1709656487.975046
5299,1709656488.0807838,1709656488.0807915
5300,1709656488.6048348,1709656488.6048472
5301,1709656488.614657,1709656488.6146631
5302,1709656488.6876533,1709656488.6876605
5303,1709656488.784738,1709656488.7847445
5304,1709656488.876249,1709656488.8762555
5305,1709656488.9763193,1709656488.9763258
5306,1709656489.0898445,1709656489.0898504
5307,1709656489.176266,1709656489.1762722
5308,1709656489.2804425,1709656489.2804494
5309,1709656489.3765163,1709656489.376522
5310,1709656489.4805071,1709656489.4805133
5311,1709656489.572266,1709656489.572272
5312,1709656489.6856432,1709656489.6856492
5313,1709656489.7860963,1709656489.7861023
5314,1709656489.8873014,1709656489.887308
5315,1709656489.9739394,1709656489.9739478
5316,1709656490.0816684,1709656490.081675
5317,1709656490.1821215,1709656490.1821282
5318,1709656490.2866197,1709656490.286627
5319,1709656490.385633,1709656490.3856382
5320,1709656490.4835012,1709656490.483508
5321,1709656490.5909734,1709656490.5909803
5322,1709656490.6871545,1709656490.687162
5323,1709656490.7854123,1709656490.7854197
5324,1709656490.8812401,1709656490.881247
5325,1709656490.983325,1709656490.983331
5326,1709656491.0922818,1709656491.092288
5327,1709656491.1900656,1709656491.1900733
5328,1709656491.2763011,1709656491.276308
5329,1709656491.384334,1709656491.384342
5330,1709656491.474734,1709656491.47474
5331,1709656491.5728068,1709656491.5728137
5332,1709656491.6833808,1709656491.683387
5333,1709656491.7849574,1709656491.784962
5334,1709656491.8777282,1709656491.8777359
5335,1709656491.9831111,1709656491.9831178
5336,1709656492.074273,1709656492.0742788
5337,1709656492.1765022,1709656492.1765099
5338,1709656492.281498,1709656492.2815037
5339,1709656492.3805048,1709656492.3805125
5340,1709656492.4811044,1709656492.4811106
5341,1709656492.5739348,1709656492.573941
5342,1709656492.6807477,1709656492.6807537
5343,1709656492.7819126,1709656492.7819183
5344,1709656492.8808627,1709656492.880869
5345,1709656492.9888875,1709656492.9888968
5346,1709656493.0810728,1709656493.08108
5347,1709656493.1819804,1709656493.1819856
5348,1709656493.2780945,1709656493.2781007
5349,1709656493.3874345,1709656493.3874407
5350,1709656493.4814162,1709656493.481425
5351,1709656493.582266,1709656493.5822742
5352,1709656493.6831737,1709656493.6831844
5353,1709656493.792642,1709656493.7926488
5354,1709656493.8808334,1709656493.8808422
5355,1709656493.9798427,1709656493.9798498
5356,1709656494.0797994,1709656494.0798037
5357,1709656494.1860332,1709656494.186044
5358,1709656494.279558,1709656494.279568
5359,1709656494.3827832,1709656494.3827906
5360,1709656494.4811637,1709656494.4811692
5361,1709656494.5753608,1709656494.575369
5362,1709656494.6749036,1709656494.67491
5363,1709656494.7902033,1709656494.790209
5364,1709656494.8892417,1709656494.889251
5365,1709656494.9816532,1709656494.981662
5366,1709656495.0775292,1709656495.0775368
5367,1709656495.1816328,1709656495.1816392
5368,1709656495.2868464,1709656495.2868545
5369,1709656495.384049,1709656495.384056
5370,1709656495.4868536,1709656495.4868598
5371,1709656495.591282,1709656495.591288
5372,1709656495.6948206,1709656495.6948278
5373,1709656495.785726,1709656495.7857325
5374,1709656495.8727067,1709656495.8727129
5375,1709656495.9799078,1709656495.9799135
5376,1709656496.0743375,1709656496.0743434
5377,1709656496.1797879,1709656496.1797972
5378,1709656496.287964,1709656496.2879698
5379,1709656496.3805747,1709656496.380582
5380,1709656496.4829323,1709656496.4829383
5381,1709656496.585861,1709656496.5858662
5382,1709656496.6757572,1709656496.675766
5383,1709656496.7739658,1709656496.7739727
5384,1709656496.8865736,1709656496.8865805
5385,1709656496.9721823,1709656496.9721885
5386,1709656497.0800412,1709656497.0800478
5387,1709656497.1740465,1709656497.174053
5388,1709656497.2738519,1709656497.2738585
5389,1709656497.3784945,1709656497.3785
5390,1709656497.4827244,1709656497.4827304
5391,1709656497.5737076,1709656497.5737133
5392,1709656497.6797419,1709656497.6797476
5393,1709656497.7813628,1709656497.7813694
5394,1709656497.8866844,1709656497.8866904
5395,1709656497.98277,1709656497.9827762
5396,1709656498.0759723,1709656498.075979
5397,1709656498.1813297,1709656498.1813366
5398,1709656498.284034,1709656498.2840402
5399,1709656498.3793309,1709656498.379337
5400,1709656498.4797237,1709656498.4797287
5401,1709656498.5788662,1709656498.5788722
5402,1709656498.681009,1709656498.6810162
5403,1709656498.787697,1709656498.787701
5404,1709656498.8738508,1709656498.873859
5405,1709656498.976861,1709656498.9768682
5406,1709656499.080561,1709656499.0805676
5407,1709656499.1772456,1709656499.1772537
5408,1709656499.284633,1709656499.2846396
5409,1709656499.3800874,1709656499.3800938
5410,1709656499.4778657,1709656499.477872
5411,1709656499.587661,1709656499.5876667
5412,1709656499.6808407,1709656499.6808467
5413,1709656499.7907035,1709656499.7907097
5414,1709656499.8838458,1709656499.8838506
5415,1709656499.9776332,1709656499.977642
5416,1709656500.0791068,1709656500.0791142
5417,1709656500.1777503,1709656500.1777573
5418,1709656500.2793846,1709656500.2793899
5419,1709656500.3894646,1709656500.389471
5420,1709656500.4790633,1709656500.4790702
5421,1709656500.5849636,1709656500.5849702
5422,1709656500.6881244,1709656500.688132
5423,1709656500.7885022,1709656500.7885096
5424,1709656500.8779545,1709656500.8779607
5425,1709656500.9750538,1709656500.9750593
5426,1709656501.077889,1709656501.0778954
5427,1709656501.1786892,1709656501.1786952
5428,1709656501.2845197,1709656501.2845252
5429,1709656501.3856688,1709656501.3856752
5430,1709656501.4857244,1709656501.4857311
5431,1709656501.5886822,1709656501.5886903
5432,1709656501.681628,1709656501.6816332
5433,1709656501.7978692,1709656501.7978761
5434,1709656501.8766198,1709656501.8766265
5435,1709656501.9794269,1709656501.9794323
5436,1709656502.0817177,1709656502.0817251
5437,1709656502.180473,1709656502.1804793
5438,1709656502.2897315,1709656502.2897363
5439,1709656502.382373,1709656502.3823802
5440,1709656502.4799895,1709656502.4799967
5441,1709656502.5819716,1709656502.5819783
5442,1709656502.6791153,1709656502.6791222
5443,1709656502.7769768,1709656502.776984
5444,1709656502.8758552,1709656502.8758616
5445,1709656502.9808652,1709656502.9808714
5446,1709656503.0869887,1709656503.0869946
5447,1709656503.180953,1709656503.180959
5448,1709656503.2878466,1709656503.2878525
5449,1709656503.3909082,1709656503.3909178
5450,1709656503.4816735,1709656503.4816778
5451,1709656503.5848436,1709656503.5848544
5452,1709656503.6777234,1709656503.6777298
5453,1709656503.780611,1709656503.7806172
5454,1709656503.8766024,1709656503.876612
5455,1709656503.9785318,1709656503.978539
5456,1709656504.07894,1709656504.0789478
5457,1709656504.1782417,1709656504.178249
5458,1709656504.2775517,1709656504.2775586
5459,1709656504.3800344,1709656504.3800385
5460,1709656504.4798703,1709656504.479878
5461,1709656504.5747683,1709656504.5747743
5462,1709656504.6782124,1709656504.6782181
5463,1709656504.7800107,1709656504.7800162
5464,1709656504.8935099,1709656504.8935163
5465,1709656504.9830804,1709656504.983086
5466,1709656505.0788047,1709656505.078809
5467,1709656505.1745307,1709656505.1745377
5468,1709656505.2814689,1709656505.2814758
5469,1709656505.3804379,1709656505.3804529
5470,1709656505.4783974,1709656505.4784048
5471,1709656505.5815275,1709656505.5815337
5472,1709656505.67738,1709656505.677387
5473,1709656505.7806349,1709656505.7806413
5474,1709656505.8743262,1709656505.8743327
5475,1709656505.9766755,1709656505.9766815
5476,1709656506.074888,1709656506.0748942
5477,1709656506.1787858,1709656506.1787932
5478,1709656506.275495,1709656506.2755034
5479,1709656506.3763113,1709656506.3763175
5480,1709656506.4804718,1709656506.4804778
5481,1709656506.5735486,1709656506.5735548
5482,1709656506.6752386,1709656506.675243
5483,1709656506.7768962,1709656506.7769034
5484,1709656506.8788772,1709656506.8788848
5485,1709656506.9749055,1709656506.9749112
5486,1709656507.0793607,1709656507.0793674
5487,1709656507.1781569,1709656507.1781642
5488,1709656507.2804132,1709656507.2804196
5489,1709656507.3778238,1709656507.3778322
5490,1709656507.4800327,1709656507.4800396
5491,1709656507.577513,1709656507.57752
5492,1709656507.675317,1709656507.6753244
5493,1709656507.77266,1709656507.7726674
5494,1709656507.8903296,1709656507.8903363
5495,1709656507.9863868,1709656507.9863937
5496,1709656508.0788627,1709656508.0788682
5497,1709656508.185774,1709656508.1857786
5498,1709656508.2868695,1709656508.2868757
5499,1709656508.381098,1709656508.381105
5500,1709656508.477689,1709656508.4776967
5501,1709656508.5847526,1709656508.584758
5502,1709656508.6831477,1709656508.683154
5503,1709656508.773648,1709656508.7736542
5504,1709656508.8792062,1709656508.8792136
5505,1709656508.9782572,1709656508.9782646
5506,1709656509.081981,1709656509.0819888
5507,1709656509.1786537,1709656509.178663
5508,1709656509.2831407,1709656509.2831495
5509,1709656509.3818557,1709656509.3818617
5510,1709656509.477367,1709656509.4773755
5511,1709656509.5915406,1709656509.591549
5512,1709656509.67462,1709656509.6746266
5513,1709656509.786907,1709656509.7869122
5514,1709656509.877909,1709656509.8779154
5515,1709656509.979178,1709656509.9791875
5516,1709656510.0741794,1709656510.0741866
5517,1709656510.178114,1709656510.1781218
5518,1709656510.2747703,1709656510.274776
5519,1709656510.3797116,1709656510.3798013
5520,1709656510.4810674,1709656510.481109
5521,1709656510.5732105,1709656510.5733001
5522,1709656510.674677,1709656510.6747298
5523,1709656510.7735085,1709656510.7735648
5524,1709656510.874766,1709656510.8748198
5525,1709656510.9833884,1709656510.983443
5526,1709656511.072984,1709656511.0730386
5527,1709656511.1828399,1709656511.1829205
5528,1709656511.273058,1709656511.2731109
5529,1709656511.3773456,1709656511.3774297
5530,1709656511.4781187,1709656511.4781728
5531,1709656511.5761342,1709656511.5761712
5532,1709656511.6774874,1709656511.6775491
5533,1709656511.780239,1709656511.7803333
5534,1709656511.8800738,1709656511.8801515
5535,1709656511.9816153,1709656511.9816854
5536,1709656512.0772145,1709656512.0773165
5537,1709656512.1734803,1709656512.1735425
5538,1709656512.2776744,1709656512.277722
5539,1709656512.3792176,1709656512.3793275
5540,1709656512.4768536,1709656512.4769607
5541,1709656512.5726943,1709656512.5727596
5542,1709656512.6799653,1709656512.6800508
5543,1709656512.7830083,1709656512.783071
5544,1709656512.8745282,1709656512.874582
5545,1709656512.982114,1709656512.982167
5546,1709656513.076953,1709656513.077005
5547,1709656513.1863945,1709656513.1864526
5548,1709656513.2831767,1709656513.283248
5549,1709656513.3757339,1709656513.3758104
5550,1709656513.4835565,1709656513.4836287
5551,1709656513.584047,1709656513.5841148
5552,1709656513.676338,1709656513.6764982
5553,1709656513.7830553,1709656513.783149
5554,1709656513.9036052,1709656513.9037008
5555,1709656513.973886,1709656513.9739358
5556,1709656514.07366,1709656514.073755
5557,1709656514.1794713,1709656514.1795564
5558,1709656514.2858286,1709656514.285884
5559,1709656514.372596,1709656514.372652
5560,1709656514.4814181,1709656514.4814734
5561,1709656514.5775387,1709656514.577634
5562,1709656514.6844058,1709656514.6847363
5563,1709656514.7864125,1709656514.7865536
5564,1709656514.8814256,1709656514.881509
5565,1709656514.975404,1709656514.9754589
5566,1709656515.0767186,1709656515.0768247
5567,1709656515.1805718,1709656515.1807415
5568,1709656515.2767098,1709656515.2770648
5569,1709656515.378294,1709656515.3783946
5570,1709656515.479723,1709656515.4798143
5571,1709656515.5867522,1709656515.5868132
5572,1709656515.6786826,1709656515.6787367
5573,1709656515.7725427,1709656515.7725923
5574,1709656515.8837588,1709656515.8837671
5575,1709656515.9801106,1709656515.980115
5576,1709656516.0778782,1709656516.0778868
5577,1709656516.18365,1709656516.1836555
5578,1709656516.2803667,1709656516.2803736
5579,1709656516.37985,1709656516.3798544
5580,1709656516.4776037,1709656516.4776099
5581,1709656516.5769477,1709656516.5769546
5582,1709656516.6814091,1709656516.6814158
5583,1709656516.7851405,1709656516.785147
5584,1709656516.876906,1709656516.8769143
5585,1709656516.9839897,1709656516.9839966
5586,1709656517.0805156,1709656517.080523
5587,1709656517.1775055,1709656517.1775126
5588,1709656517.279271,1709656517.2792778
5589,1709656517.375068,1709656517.3750749
5590,1709656517.4775796,1709656517.4775872
5591,1709656517.5772483,1709656517.577253
5592,1709656517.6784985,1709656517.6785057
5593,1709656517.7846158,1709656517.7846239
5594,1709656517.8853102,1709656517.888322
5595,1709656517.9748242,1709656517.9785118
5596,1709656518.080116,1709656518.0826874
5597,1709656518.177845,1709656518.18093
5598,1709656518.2819273,1709656518.2858882
5599,1709656518.376622,1709656518.380626
5600,1709656518.4811525,1709656518.4848628
5601,1709656518.656066,1709656518.6591692
5602,1709656518.6788628,1709656518.6823153
5603,1709656518.7753897,1709656518.7781875
5604,1709656518.884096,1709656518.8878987
5605,1709656518.9763112,1709656518.9798028
5606,1709656519.0741026,1709656519.0808666
5607,1709656519.1763117,1709656519.1798682
5608,1709656519.2796578,1709656519.2824378
5609,1709656519.3819222,1709656519.3855956
5610,1709656519.4780998,1709656519.4825962
5611,1709656519.5909295,1709656519.5945075
5612,1709656519.6778693,1709656519.6869729
5613,1709656519.7809932,1709656519.7847128
5614,1709656519.8806565,1709656519.8834012
5615,1709656519.973609,1709656519.9803228
5616,1709656520.0809875,1709656520.0844862
5617,1709656520.1822298,1709656520.186404
5618,1709656520.2789562,1709656520.2826962
5619,1709656520.3775291,1709656520.3813765
5620,1709656520.4797442,1709656520.4844437
5621,1709656520.5881467,1709656520.591708
5622,1709656520.6828144,1709656520.6892703
5623,1709656520.7735155,1709656520.7768133
5624,1709656520.8762023,1709656520.879955
5625,1709656520.9834228,1709656520.987325
5626,1709656521.0878892,1709656521.0919204
5627,1709656521.1809728,1709656521.18333
5628,1709656521.2821553,1709656521.2869937
5629,1709656521.381042,1709656521.3848634
5630,1709656521.477623,1709656521.481067
5631,1709656521.5740614,1709656521.5774162
5632,1709656521.6858199,1709656521.690079
5633,1709656521.779091,1709656521.7823777
5634,1709656521.8828428,1709656521.8870816
5635,1709656521.974728,1709656521.9780834
5636,1709656522.0818164,1709656522.0859153
5637,1709656522.1806664,1709656522.186389
5638,1709656522.2800958,1709656522.2845972
5639,1709656522.3784912,1709656522.3809614
5640,1709656522.4795678,1709656522.4906101
5641,1709656522.5810134,1709656522.585059
5642,1709656522.6776652,1709656522.681393
5643,1709656522.7804294,1709656522.7841585
5644,1709656522.874283,1709656522.8782325
5645,1709656522.9870133,1709656522.9906104
5646,1709656523.0799096,1709656523.0844326
5647,1709656523.1789973,1709656523.1828318
5648,1709656523.2784774,1709656523.282345
5649,1709656523.3839014,1709656523.3878
5650,1709656523.477706,1709656523.4812598
5651,1709656523.5779517,1709656523.5810785
5652,1709656523.6924179,1709656523.6961188
5653,1709656523.7782488,1709656523.7849197
5654,1709656523.8802907,1709656523.8877616
5655,1709656523.9779181,1709656523.9807634
5656,1709656524.0800345,1709656524.0847042
5657,1709656524.1762276,1709656524.1787682
5658,1709656524.2873552,1709656524.291339
5659,1709656524.3827515,1709656524.386211
5660,1709656524.4889503,1709656524.4921758
5661,1709656524.5850904,1709656524.588671
5662,1709656524.6899366,1709656524.6935508
5663,1709656524.7768579,1709656524.7814512
5664,1709656524.8789754,1709656524.882418
5665,1709656524.9803696,1709656524.9846811
5666,1709656525.091149,1709656525.0953882
5667,1709656525.1774952,1709656525.1818638
5668,1709656525.2868953,1709656525.290623
5669,1709656525.3821118,1709656525.385443
5670,1709656525.4788992,1709656525.4835284
5671,1709656525.5874934,1709656525.5911198
5672,1709656525.6885417,1709656525.6923213
5673,1709656525.788841,1709656525.7911105
5674,1709656525.886753,1709656525.8902328
5675,1709656526.0003374,1709656526.0032353
5676,1709656526.0776124,1709656526.0810547
5677,1709656526.1831546,1709656526.1869125
5678,1709656526.2837584,1709656526.2875288
5679,1709656526.3765342,1709656526.3791032
5680,1709656526.4820526,1709656526.486275
5681,1709656526.5776942,1709656526.5829802
5682,1709656526.678042,1709656526.6819773
5683,1709656526.7854826,1709656526.7890813
5684,1709656526.8845448,1709656526.8888848
5685,1709656526.9758909,1709656526.9806933
5686,1709656527.0838017,1709656527.0874622
5687,1709656527.1831803,1709656527.188507
5688,1709656527.2893488,1709656527.292771
5689,1709656527.385543,1709656527.3878539
5690,1709656527.4798524,1709656527.4837372
5691,1709656527.5803628,1709656527.5838494
5692,1709656527.6803303,1709656527.6845877
5693,1709656527.782037,1709656527.7853315
5694,1709656527.8746197,1709656527.8806086
5695,1709656527.9777703,1709656527.9777765
5696,1709656528.0780327,1709656528.0780385
5697,1709656528.1832774,1709656528.1832829
5698,1709656528.279792,1709656528.2797973
5699,1709656528.3739526,1709656528.373957
5700,1709656528.4925773,1709656528.4925833
5701,1709656528.5750713,1709656528.575077
5702,1709656528.6887052,1709656528.6887105
5703,1709656528.777577,1709656528.7775855
5704,1709656528.873256,1709656528.8732624
5705,1709656528.9825907,1709656528.982597
5706,1709656529.0906763,1709656529.0906816
5707,1709656529.1761148,1709656529.176118
5708,1709656529.2900956,1709656529.2901018
5709,1709656529.385604,1709656529.3856084
5710,1709656529.474853,1709656529.474859
5711,1709656529.5753076,1709656529.5753124
5712,1709656529.682083,1709656529.6820889
5713,1709656529.7810345,1709656529.7810407
5714,1709656529.8814735,1709656529.8814805
5715,1709656529.979367,1709656529.9793725
5716,1709656530.0794692,1709656530.0794754
5717,1709656530.1797566,1709656530.1797636
5718,1709656530.2840602,1709656530.2840667
5719,1709656530.3838933,1709656530.383897
5720,1709656530.4792123,1709656530.4792163
5721,1709656530.5895,1709656530.5895076
5722,1709656530.6741385,1709656530.6741455
5723,1709656530.773596,1709656530.7736022
5724,1709656530.8820972,1709656530.8821027
5725,1709656530.9762497,1709656530.9762566
5726,1709656531.0845325,1709656531.0845408
5727,1709656531.1854467,1709656531.1854534
5728,1709656531.2741122,1709656531.2741177
5729,1709656531.3802905,1709656531.3802955
5730,1709656531.4855373,1709656531.4855435
5731,1709656531.5818965,1709656531.5819032
5732,1709656531.680318,1709656531.680324
5733,1709656531.7866733,1709656531.7866797
5734,1709656531.8809643,1709656531.8809726
5735,1709656531.9849324,1709656531.98494
5736,1709656532.078363,1709656532.0783687
5737,1709656532.1779428,1709656532.177949
5738,1709656532.277746,1709656532.2777524
5739,1709656532.3909383,1709656532.3909469
5740,1709656532.4771235,1709656532.477129
5741,1709656532.5796447,1709656532.579654
5742,1709656532.678905,1709656532.678912
5743,1709656532.7834246,1709656532.7834303
5744,1709656532.8781521,1709656532.8781607
5745,1709656532.973094,1709656532.9731014
5746,1709656533.078174,1709656533.0781825
5747,1709656533.1771612,1709656533.177171
5748,1709656533.2787735,1709656533.2787795
5749,1709656533.3803694,1709656533.380376
5750,1709656533.486207,1709656533.4862137
5751,1709656533.5841413,1709656533.5841477
5752,1709656533.6808367,1709656533.6808436
5753,1709656533.7846043,1709656533.7846117
5754,1709656533.886973,1709656533.8869793
5755,1709656533.9859216,1709656533.985926
5756,1709656534.0811489,1709656534.0811548
5757,1709656534.1779776,1709656534.177984
5758,1709656534.2807684,1709656534.280774
5759,1709656534.3800333,1709656534.3800406
5760,1709656534.484215,1709656534.4842222
5761,1709656534.5842104,1709656534.584216
5762,1709656534.6888633,1709656534.688871
5763,1709656534.777197,1709656534.7772036
5764,1709656534.8902297,1709656534.8902357
5765,1709656534.985049,1709656534.985055
5766,1709656535.0879357,1709656535.0879414
5767,1709656535.172561,1709656535.1725655
5768,1709656535.2857609,1709656535.285767
5769,1709656535.3731096,1709656535.3731172
5770,1709656535.4810483,1709656535.4810543
5771,1709656535.579445,1709656535.5794513
5772,1709656535.6778631,1709656535.6778708
5773,1709656535.7824874,1709656535.7824934
5774,1709656535.8842237,1709656535.8842294
5775,1709656535.9852917,1709656535.9852982
5776,1709656536.081856,1709656536.0818624
5777,1709656536.183213,1709656536.18322
5778,1709656536.2801344,1709656536.280142
5779,1709656536.3891182,1709656536.3891237
5780,1709656536.4893801,1709656536.4893916
5781,1709656536.5865073,1709656536.5865142
5782,1709656536.6743202,1709656536.6743238
5783,1709656536.7818522,1709656536.7818599
5784,1709656536.8887508,1709656536.888757
5785,1709656536.9796543,1709656536.9796612
5786,1709656537.0880878,1709656537.0880942
5787,1709656537.185454,1709656537.185462
5788,1709656537.2777548,1709656537.2777617
5789,1709656537.3839395,1709656537.3839462
5790,1709656537.4795732,1709656537.4795809
5791,1709656537.5854354,1709656537.5854433
5792,1709656537.689077,1709656537.6890845
5793,1709656537.7811482,1709656537.7811549
5794,1709656537.880508,1709656537.8805127
5795,1709656537.973335,1709656537.9733422
5796,1709656538.1092808,1709656538.1092863
5797,1709656538.1862433,1709656538.1862502
5798,1709656538.2780497,1709656538.2780552
5799,1709656538.3807297,1709656538.380736
5800,1709656538.483311,1709656538.4833179
5801,1709656538.5755515,1709656538.5755565
5802,1709656538.6821089,1709656538.6821144
5803,1709656538.7858715,1709656538.785875
5804,1709656538.8764396,1709656538.8764436
5805,1709656538.9795687,1709656538.979572
5806,1709656539.0904057,1709656539.0904121
5807,1709656539.1840796,1709656539.184087
5808,1709656539.2908587,1709656539.290865
5809,1709656539.3800354,1709656539.3800418
5810,1709656539.4863255,1709656539.4863327
5811,1709656539.5807686,1709656539.5808046
5812,1709656539.681639,1709656539.6816454
5813,1709656539.7805698,1709656539.780576
5814,1709656539.8783174,1709656539.8783247
5815,1709656539.9853244,1709656539.985331
5816,1709656540.0897646,1709656540.08977
5817,1709656540.1832457,1709656540.1832528
5818,1709656540.2817564,1709656540.28176
5819,1709656540.3796275,1709656540.3796341
5820,1709656540.4812877,1709656540.4812958
5821,1709656540.5823443,1709656540.5823529
5822,1709656540.6767154,1709656540.6767216
5823,1709656540.7908235,1709656540.7908301
5824,1709656540.877864,1709656540.8778698
5825,1709656540.972852,1709656540.972858
5826,1709656541.0826569,1709656541.0826635
5827,1709656541.1755662,1709656541.1755698
5828,1709656541.2819417,1709656541.2819474
5829,1709656541.3866303,1709656541.3866358
5830,1709656541.4737594,1709656541.4737656
5831,1709656541.5808523,1709656541.5808587
5832,1709656541.6750274,1709656541.6750336
5833,1709656541.7782001,1709656541.7782083
5834,1709656541.8804986,1709656541.880505
5835,1709656541.991492,1709656541.991498
5836,1709656542.0730822,1709656542.0730877
5837,1709656542.1731336,1709656542.17314
5838,1709656542.274745,1709656542.2747505
5839,1709656542.3764603,1709656542.3764672
5840,1709656542.482172,1709656542.4821777
5841,1709656542.5750492,1709656542.5750575
5842,1709656542.6789992,1709656542.6790054
5843,1709656542.788312,1709656542.788318
5844,1709656542.8910737,1709656542.8910801
5845,1709656542.9776554,1709656542.9776611
5846,1709656543.08062,1709656543.0806265
5847,1709656543.1734195,1709656543.1734252
5848,1709656543.284263,1709656543.2842689
5849,1709656543.3863585,1709656543.3863647
5850,1709656543.4788017,1709656543.4788058
5851,1709656543.5841131,1709656543.5841198
5852,1709656543.673355,1709656543.673361
5853,1709656543.7769675,1709656543.7769713
5854,1709656543.8809366,1709656543.8809416
5855,1709656543.9872513,1709656543.9872577
5856,1709656544.07529,1709656544.0752954
5857,1709656544.1806731,1709656544.1806798
5858,1709656544.2750921,1709656544.2750957
5859,1709656544.3737915,1709656544.373795
5860,1709656544.4859357,1709656544.4859397
5861,1709656544.5829358,1709656544.5829427
5862,1709656544.6848001,1709656544.684807
5863,1709656544.784683,1709656544.7846951
5864,1709656544.886658,1709656544.8866646
5865,1709656544.9846325,1709656544.9846394
5866,1709656545.1016726,1709656545.1016796
5867,1709656545.1753995,1709656545.175405
5868,1709656545.2737954,1709656545.2738013
5869,1709656545.380672,1709656545.3806782
5870,1709656545.479743,1709656545.4797487
5871,1709656545.585824,1709656545.585831
5872,1709656545.6820233,1709656545.6820288
5873,1709656545.7842062,1709656545.7842095
5874,1709656545.8982384,1709656545.8982432
5875,1709656545.9821212,1709656545.9821281
5876,1709656546.074816,1709656546.074822
5877,1709656546.1768155,1709656546.1768253
5878,1709656546.2851617,1709656546.2851684
5879,1709656546.387612,1709656546.3876188
5880,1709656546.4895742,1709656546.4895818
5881,1709656546.5793953,1709656546.5794008
5882,1709656546.6765723,1709656546.6765802
5883,1709656546.7811034,1709656546.7811108
5884,1709656546.8795412,1709656546.8795493
5885,1709656546.9893143,1709656546.9893203
5886,1709656547.0827525,1709656547.0827587
5887,1709656547.183246,1709656547.1832519
5888,1709656547.2821481,1709656547.2821555
5889,1709656547.381904,1709656547.3819103
5890,1709656547.480321,1709656547.4803274
5891,1709656547.5769796,1709656547.5769856
5892,1709656547.6733162,1709656547.6733196
5893,1709656547.7812014,1709656547.7812083
5894,1709656547.8770626,1709656547.8770685
5895,1709656547.9840667,1709656547.9840736
5896,1709656548.0837088,1709656548.0837145
5897,1709656548.1770978,1709656548.177106
5898,1709656548.279922,1709656548.279929
5899,1709656548.3755088,1709656548.3755155
5900,1709656548.4816453,1709656548.4816523
5901,1709656548.5839996,1709656548.5840073
5902,1709656548.6833277,1709656548.6833346
5903,1709656548.773609,1709656548.7736158
5904,1709656548.8769681,1709656548.8769748
5905,1709656548.9763439,1709656548.97635
5906,1709656549.0773325,1709656549.077339
5907,1709656549.1796968,1709656549.179704
5908,1709656549.27426,1709656549.2742665
5909,1709656549.3793535,1709656549.379357
5910,1709656549.481721,1709656549.481729
5911,1709656549.5753632,1709656549.5753684
5912,1709656549.6746004,1709656549.6746087
5913,1709656549.7778158,1709656549.7778232
5914,1709656549.875275,1709656549.8752806
5915,1709656549.976294,1709656549.9763005
5916,1709656550.0808065,1709656550.0808122
5917,1709656550.1800852,1709656550.1800916
5918,1709656550.2861128,1709656550.2861204
5919,1709656550.3767273,1709656550.3767312
5920,1709656550.4766839,1709656550.4766908
5921,1709656550.5869582,1709656550.5869634
5922,1709656550.6760526,1709656550.6760595
5923,1709656550.7833076,1709656550.7833147
5924,1709656550.8817935,1709656550.8818018
5925,1709656550.9785762,1709656550.9785833
5926,1709656551.0744703,1709656551.0744772
5927,1709656551.1800303,1709656551.180037
5928,1709656551.2782695,1709656551.2782764
5929,1709656551.3797219,1709656551.379726
5930,1709656551.4804728,1709656551.4804792
5931,1709656551.5811133,1709656551.5811193
5932,1709656551.6823626,1709656551.682371
5933,1709656551.784055,1709656551.7840629
5934,1709656551.872926,1709656551.872933
5935,1709656551.9910455,1709656551.9910526
5936,1709656552.0804887,1709656552.080493
5937,1709656552.2008526,1709656552.2008595
5938,1709656552.2852752,1709656552.2852805
5939,1709656552.3739185,1709656552.3739238
5940,1709656552.4889784,1709656552.4889932
5941,1709656552.591275,1709656552.5912812
5942,1709656552.6800888,1709656552.6800961
5943,1709656552.775947,1709656552.775953
5944,1709656552.8902702,1709656552.8902783
5945,1709656552.976319,1709656552.976325
5946,1709656553.082109,1709656553.0821126
5947,1709656553.1828513,1709656553.1828578
5948,1709656553.277093,1709656553.2770977
5949,1709656553.3826935,1709656553.3827002
5950,1709656553.4886272,1709656553.4886346
5951,1709656553.5750995,1709656553.575106
5952,1709656553.683288,1709656553.683295
5953,1709656553.7811637,1709656553.7811694
5954,1709656553.877894,1709656553.8779001
5955,1709656553.9774606,1709656553.977468
5956,1709656554.0886364,1709656554.0886428
5957,1709656554.1781216,1709656554.1781275
5958,1709656554.2833614,1709656554.2833679
5959,1709656554.3822196,1709656554.3822255
5960,1709656554.4827566,1709656554.4827635
5961,1709656554.5811412,1709656554.5811489
5962,1709656554.681526,1709656554.6815326
5963,1709656554.778393,1709656554.7783995
5964,1709656554.8736668,1709656554.8736742
5965,1709656554.98362,1709656554.9836261
5966,1709656555.0761452,1709656555.0761514
5967,1709656555.1727707,1709656555.172777
5968,1709656555.282867,1709656555.2828724
5969,1709656555.376849,1709656555.3768592
5970,1709656555.48702,1709656555.4870286
5971,1709656555.5801075,1709656555.580114
5972,1709656555.6791975,1709656555.6792023
5973,1709656555.7753367,1709656555.7753422
5974,1709656555.877238,1709656555.877247
5975,1709656555.9733515,1709656555.973357
5976,1709656556.0801544,1709656556.0801609
5977,1709656556.1898994,1709656556.1899054
5978,1709656556.2723784,1709656556.2723851
5979,1709656556.386444,1709656556.3864522
5980,1709656556.4795952,1709656556.4796011
5981,1709656556.5818465,1709656556.581854
5982,1709656556.6856782,1709656556.6856866
5983,1709656556.7845867,1709656556.7845938
5984,1709656556.8792694,1709656556.8792758
5985,1709656556.9847708,1709656556.9847813
5986,1709656557.0791976,1709656557.0792038
5987,1709656557.1815991,1709656557.1816056
5988,1709656557.2803934,1709656557.2803996
5989,1709656557.391356,1709656557.3913596
5990,1709656557.4913278,1709656557.4913328
5991,1709656557.5802894,1709656557.5802972
5992,1709656557.680351,1709656557.680358
5993,1709656557.7952,1709656557.7952058
5994,1709656557.8737702,1709656557.8737783
5995,1709656557.9891262,1709656557.9891355
5996,1709656558.091019,1709656558.0910246
5997,1709656558.1918826,1709656558.1918874
5998,1709656558.284627,1709656558.2846339
5999,1709656558.376501,1709656558.3765078
6000,1709656558.4838004,1709656558.4838073
6001,1709656558.588607,1709656558.5886137
6002,1709656558.6796076,1709656558.6796155
6003,1709656558.7858305,1709656558.7858367
6004,1709656558.8837788,1709656558.8837857
6005,1709656558.980865,1709656558.980873
6006,1709656559.1180851,1709656559.1180916
6007,1709656559.187723,1709656559.187729
6008,1709656559.28564,1709656559.285646
6009,1709656559.379811,1709656559.379815
6010,1709656559.4726646,1709656559.4726708
6011,1709656559.5781183,1709656559.578124
6012,1709656559.6780744,1709656559.6780806
6013,1709656559.7808707,1709656559.7808802
6014,1709656559.8952634,1709656559.8952708
6015,1709656559.990586,1709656559.990593
6016,1709656560.0937057,1709656560.0937128
6017,1709656560.1852255,1709656560.1852334
6018,1709656560.6374223,1709656560.6411917
6019,1709656560.6511598,1709656560.6550715
6020,1709656560.6859536,1709656560.689911
6021,1709656560.7899287,1709656560.7938328
6022,1709656560.8882308,1709656560.8908591
6023,1709656560.9900506,1709656560.995662
6024,1709656561.0888226,1709656561.0909925
6025,1709656561.1852982,1709656561.1853027
6026,1709656561.282891,1709656561.2828975
6027,1709656561.3733532,1709656561.3733575
6028,1709656561.479807,1709656561.4798129
6029,1709656561.590256,1709656561.590262
6030,1709656561.6881256,1709656561.6881344
6031,1709656561.7764528,1709656561.776458
6032,1709656561.8813581,1709656561.881364
6033,1709656561.9858866,1709656561.985891
6034,1709656562.088959,1709656562.088966
6035,1709656562.1772819,1709656562.1772866
6036,1709656562.2874904,1709656562.287496
6037,1709656562.3803835,1709656562.3803885
6038,1709656562.4843462,1709656562.4843514
6039,1709656562.5848753,1709656562.5848858
6040,1709656562.6900096,1709656562.6900163
6041,1709656562.7829046,1709656562.7829092
6042,1709656562.880808,1709656562.8808155
6043,1709656562.9817696,1709656562.9817755
6044,1709656563.0742428,1709656563.0742486
6045,1709656563.1881979,1709656563.1882052
6046,1709656563.289951,1709656563.2899568
6047,1709656563.3874393,1709656563.387446
6048,1709656563.474672,1709656563.4746778
6049,1709656563.5854237,1709656563.5854309
6050,1709656563.676892,1709656563.6768987
6051,1709656563.7950761,1709656563.7950838
6052,1709656563.886803,1709656563.88681
6053,1709656563.974305,1709656563.9743125
6054,1709656564.086438,1709656564.0864453
6055,1709656564.1751783,1709656564.175186
6056,1709656564.289424,1709656564.2894309
6057,1709656564.3884087,1709656564.3884153
6058,1709656564.47762,1709656564.477627
6059,1709656564.584864,1709656564.5848706
6060,1709656564.683624,1709656564.6836307
6061,1709656564.7799628,1709656564.779967
6062,1709656564.8883345,1709656564.8883436
6063,1709656564.9782522,1709656564.9782581
6064,1709656565.0797925,1709656565.079799
6065,1709656565.1856794,1709656565.1856847
6066,1709656565.285954,1709656565.2859592
6067,1709656565.3791122,1709656565.3791187
6068,1709656565.4738765,1709656565.4738832
6069,1709656565.576977,1709656565.5769823
6070,1709656565.682313,1709656565.6823208
6071,1709656565.7764523,1709656565.7764583
6072,1709656565.8815084,1709656565.881514
6073,1709656565.9803023,1709656565.980308
6074,1709656566.0848153,1709656566.0848215
6075,1709656566.1782656,1709656566.17827
6076,1709656566.2873154,1709656566.2873201
6077,1709656566.3845608,1709656566.3845658
6078,1709656566.4940197,1709656566.4940302
6079,1709656566.5846589,1709656566.5846646
6080,1709656566.6819246,1709656566.681931
6081,1709656566.782314,1709656566.7823198
6082,1709656566.8891602,1709656566.889166
6083,1709656566.9812672,1709656566.981273
6084,1709656567.077165,1709656567.0771708
6085,1709656567.1799395,1709656567.1799455
6086,1709656567.28327,1709656567.2832758
6087,1709656567.389743,1709656567.389749
6088,1709656567.4863198,1709656567.4863284
6089,1709656567.5791652,1709656567.5791686
6090,1709656567.679716,1709656567.6797206
6091,1709656567.7773285,1709656567.7773347
6092,1709656567.8801503,1709656567.8801558
6093,1709656567.9837644,1709656567.9837751
6094,1709656568.0869086,1709656568.0869153
6095,1709656568.1884584,1709656568.188469
6096,1709656568.2784948,1709656568.2785003
6097,1709656568.3808308,1709656568.3808372
6098,1709656568.4808536,1709656568.48086
6099,1709656568.574075,1709656568.5740852
6100,1709656568.6808894,1709656568.680895
6101,1709656568.7859156,1709656568.785922
6102,1709656568.8892775,1709656568.8892846
6103,1709656568.980286,1709656568.980293
6104,1709656569.0831914,1709656569.0831995
6105,1709656569.1780016,1709656569.1780076
6106,1709656569.2767782,1709656569.276785
6107,1709656569.3838544,1709656569.383861
6108,1709656569.483044,1709656569.4830499
6109,1709656569.5944428,1709656569.5944514
6110,1709656569.6780648,1709656569.6780727
6111,1709656569.7833836,1709656569.783389
6112,1709656569.8774564,1709656569.877466
6113,1709656569.9786415,1709656569.9786484
6114,1709656570.0899343,1709656570.0899389
6115,1709656570.182719,1709656570.1827264
6116,1709656570.2758412,1709656570.275847
6117,1709656570.3820505,1709656570.3820572
6118,1709656570.4812775,1709656570.4812841
6119,1709656570.5928402,1709656570.5928466
6120,1709656570.6900992,1709656570.6901054
6121,1709656570.7835069,1709656570.7835128
6122,1709656570.881063,1709656570.881069
6123,1709656570.973508,1709656570.973514
6124,1709656571.0880098,1709656571.0880148
6125,1709656571.188344,1709656571.1883535
6126,1709656571.3081028,1709656571.3081074
6127,1709656571.3902283,1709656571.3902333
6128,1709656571.480397,1709656571.4804049
6129,1709656571.5864496,1709656571.5864558
6130,1709656571.6957684,1709656571.6957753
6131,1709656571.791639,1709656571.7916455
6132,1709656571.8797185,1709656571.8797247
6133,1709656571.9764543,1709656571.97646
6134,1709656572.081934,1709656572.0819414
6135,1709656572.180157,1709656572.180163
6136,1709656572.2887821,1709656572.2887888
6137,1709656572.3813968,1709656572.3814018
6138,1709656572.485377,1709656572.4853833
6139,1709656572.5757535,1709656572.575761
6140,1709656572.6918218,1709656572.691827
6141,1709656572.787442,1709656572.7874527
6142,1709656572.8825634,1709656572.8825696
6143,1709656572.9753091,1709656572.9753156
6144,1709656573.0846274,1709656573.0846334
6145,1709656573.1941447,1709656573.194151
6146,1709656573.2981212,1709656573.2981305
6147,1709656573.3812618,1709656573.3812659
6148,1709656573.4825706,1709656573.4825764
6149,1709656573.5813563,1709656573.5813618
6150,1709656573.6789823,1709656573.6789875
6151,1709656573.78134,1709656573.7813466
6152,1709656573.8797355,1709656573.8797421
6153,1709656573.9784944,1709656573.9785
6154,1709656574.0778732,1709656574.077879
6155,1709656574.1745427,1709656574.1745481
6156,1709656574.282757,1709656574.2827697
6157,1709656574.387129,1709656574.387133
6158,1709656574.491742,1709656574.491746
6159,1709656574.5905552,1709656574.590561
6160,1709656574.6872728,1709656574.6872787
6161,1709656574.7843418,1709656574.7843475
6162,1709656574.881861,1709656574.8818707
6163,1709656574.9766843,1709656574.9766903
6164,1709656575.0859694,1709656575.0859818
6165,1709656575.178453,1709656575.1784606
6166,1709656575.2837663,1709656575.2837718
6167,1709656575.3852515,1709656575.3852599
6168,1709656575.4756546,1709656575.475661
6169,1709656575.5985966,1709656575.598603
6170,1709656575.676357,1709656575.676365
6171,1709656575.7856433,1709656575.78565
6172,1709656575.87968,1709656575.8796906
6173,1709656575.988073,1709656575.9880798
6174,1709656576.0861344,1709656576.0861413
6175,1709656576.1934466,1709656576.193453
6176,1709656576.2736423,1709656576.2736497
6177,1709656576.3902986,1709656576.3903065
6178,1709656576.489342,1709656576.489349
6179,1709656576.5766685,1709656576.576672
6180,1709656576.6729586,1709656576.672965
6181,1709656576.7753367,1709656576.7753441
6182,1709656576.8833928,1709656576.8834
6183,1709656576.9907978,1709656576.9908035
6184,1709656577.0901058,1709656577.0901117
6185,1709656577.1747384,1709656577.1747446
6186,1709656577.2821586,1709656577.2821648
6187,1709656577.3859763,1709656577.3859801
6188,1709656577.4822693,1709656577.4822767
6189,1709656577.5845165,1709656577.5845258
6190,1709656577.6754222,1709656577.6754289
6191,1709656577.7818263,1709656577.781833
6192,1709656577.8876052,1709656577.8876119
6193,1709656577.9864876,1709656577.9864955
6194,1709656578.0822864,1709656578.0822942
6195,1709656578.1770532,1709656578.1770594
6196,1709656578.2987058,1709656578.2987094
6197,1709656578.3881967,1709656578.3882024
6198,1709656578.491194,1709656578.4912043
6199,1709656578.5797849,1709656578.5797918
6200,1709656578.6851883,1709656578.6851943
6201,1709656578.782762,1709656578.7827675
6202,1709656578.8915026,1709656578.891509
6203,1709656578.9805825,1709656578.980589
6204,1709656579.086979,1709656579.0869863
6205,1709656579.1774137,1709656579.1774194
6206,1709656579.2879803,1709656579.2879865
6207,1709656579.391085,1709656579.3910906
6208,1709656579.489598,1709656579.4896057
6209,1709656579.5873652,1709656579.587371
6210,1709656579.6840808,1709656579.6840858
6211,1709656579.7847128,1709656579.784719
6212,1709656579.8839693,1709656579.8839746
6213,1709656579.9813235,1709656579.9813309
6214,1709656580.0827067,1709656580.082714
6215,1709656580.1797981,1709656580.1798036
6216,1709656580.2863085,1709656580.286316
6217,1709656580.381614,1709656580.3816202
6218,1709656580.4834251,1709656580.4834309
6219,1709656580.5862665,1709656580.5862727
6220,1709656580.6762433,1709656580.6762488
6221,1709656580.7802296,1709656580.7802355
6222,1709656580.8860984,1709656580.8861039
6223,1709656580.980301,1709656580.9803104
6224,1709656581.0931096,1709656581.09312
6225,1709656581.1832047,1709656581.183209
6226,1709656581.2817152,1709656581.2817218
6227,1709656581.3811922,1709656581.3811984
6228,1709656581.4855587,1709656581.4855633
6229,1709656581.5969255,1709656581.5969355
6230,1709656581.6810167,1709656581.6810205
6231,1709656581.7868903,1709656581.7868955
6232,1709656581.8796673,1709656581.8796716
6233,1709656581.9723952,1709656581.972401
6234,1709656582.078892,1709656582.0789108
6235,1709656582.173455,1709656582.1734612
6236,1709656582.2763963,1709656582.2764037
6237,1709656582.3766718,1709656582.3766794
6238,1709656582.4850936,1709656582.4850996
6239,1709656582.5974195,1709656582.5974298
6240,1709656582.6797652,1709656582.6797724
6241,1709656582.783479,1709656582.783486
6242,1709656582.8767111,1709656582.8767183
6243,1709656582.9774778,1709656582.977484
6244,1709656583.079547,1709656583.0795536
6245,1709656583.1743379,1709656583.1743455
6246,1709656583.2803063,1709656583.2803106
6247,1709656583.3755362,1709656583.3755403
6248,1709656583.48779,1709656583.4877958
6249,1709656583.5862515,1709656583.5862591
6250,1709656583.6774206,1709656583.677427
6251,1709656583.7808743,1709656583.7808807
6252,1709656583.8798468,1709656583.879853
6253,1709656583.979683,1709656583.979689
6254,1709656584.083642,1709656584.0836513
6255,1709656584.18017,1709656584.1801753
6256,1709656584.2739084,1709656584.2739153
6257,1709656584.3808658,1709656584.380872
6258,1709656584.477053,1709656584.4770596
6259,1709656584.5887089,1709656584.5887158
6260,1709656584.6820147,1709656584.6820211
6261,1709656584.7821958,1709656584.7822015
6262,1709656584.8777764,1709656584.877784
6263,1709656584.984782,1709656584.9847882
6264,1709656585.0917933,1709656585.091802
6265,1709656585.1752453,1709656585.1752522
6266,1709656585.2838988,1709656585.283905
6267,1709656585.3835053,1709656585.383563
6268,1709656585.4797535,1709656585.4798398
6269,1709656585.591182,1709656585.5912335
6270,1709656585.6754622,1709656585.675513
6271,1709656585.774016,1709656585.7741008
6272,1709656585.8787067,1709656585.8788002
6273,1709656585.987362,1709656585.9874568
6274,1709656586.0829406,1709656586.0829878
6275,1709656586.17578,1709656586.1758664
6276,1709656586.2766056,1709656586.2766573
6277,1709656586.3813958,1709656586.3814797
6278,1709656586.4807215,1709656586.4807777
6279,1709656586.5926585,1709656586.5927527
6280,1709656586.6795423,1709656586.6796272
6281,1709656586.7764657,1709656586.776566
6282,1709656586.8815553,1709656586.8816118
6283,1709656586.9780807,1709656586.9781373
6284,1709656587.0843334,1709656587.0843875
6285,1709656587.1822,1709656587.1822567
6286,1709656587.2831478,1709656587.283185
6287,1709656587.3871293,1709656587.3871846
6288,1709656587.49355,1709656587.4936154
6289,1709656587.5781336,1709656587.5781863
6290,1709656587.6776986,1709656587.6777904
6291,1709656587.783595,1709656587.7836795
6292,1709656587.874691,1709656587.8747377
6293,1709656587.9806852,1709656587.9898443
6294,1709656588.083286,1709656588.0833702
6295,1709656588.191523,1709656588.1915817
6296,1709656588.2775486,1709656588.2775965
6297,1709656588.3773956,1709656588.3774543
6298,1709656588.4795523,1709656588.479636
6299,1709656588.5794415,1709656588.5794842
6300,1709656588.6825926,1709656588.68264
6301,1709656588.7827408,1709656588.7827969
6302,1709656588.879654,1709656588.8797193
6303,1709656588.9771874,1709656588.9772427
6304,1709656589.0833967,1709656589.0834522
6305,1709656589.1859994,1709656589.1860917
6306,1709656589.2760339,1709656589.2760878
6307,1709656589.3816268,1709656589.3816745
6308,1709656589.474492,1709656589.4745471
6309,1709656589.5813775,1709656589.581433
6310,1709656589.6793272,1709656589.6794116
6311,1709656589.7798462,1709656589.7799013
6312,1709656589.877215,1709656589.8772762
6313,1709656589.97477,1709656589.9748292
6314,1709656590.0769634,1709656590.0770388
6315,1709656590.177344,1709656590.177395
6316,1709656590.276826,1709656590.276902
6317,1709656590.407331,1709656590.4073863
6318,1709656590.4828405,1709656590.483357
6319,1709656590.5803342,1709656590.5804162
6320,1709656590.6771388,1709656590.6771967
6321,1709656590.7837076,1709656590.783797
6322,1709656590.8751543,1709656590.8752048
6323,1709656590.9749959,1709656590.9750881
6324,1709656591.0858474,1709656591.0859175
6325,1709656591.1807761,1709656591.180868
6326,1709656591.2771313,1709656591.277177
6327,1709656591.379627,1709656591.3796873
6328,1709656591.4828842,1709656591.482945
6329,1709656591.5738735,1709656591.5739195
6330,1709656591.6838584,1709656591.6839194
6331,1709656591.781201,1709656591.781283
6332,1709656591.8756173,1709656591.875692
6333,1709656591.9812255,1709656591.9813197
6334,1709656592.0880659,1709656592.0882037
6335,1709656592.1731017,1709656592.1731884
6336,1709656592.2742362,1709656592.2743104
6337,1709656592.3765814,1709656592.3765872
6338,1709656592.4826455,1709656592.482662
6339,1709656592.579955,1709656592.5799627
6340,1709656592.6761947,1709656592.6762016
6341,1709656592.7738717,1709656592.773878
6342,1709656592.8809745,1709656592.8809845
6343,1709656592.9766333,1709656592.9766402
6344,1709656593.0766995,1709656593.076707
6345,1709656593.1784737,1709656593.1784778
6346,1709656593.2747967,1709656593.2748046
6347,1709656593.3754585,1709656593.375465
6348,1709656593.479533,1709656593.4795408
6349,1709656593.585737,1709656593.585744
6350,1709656593.6748948,1709656593.6749015
6351,1709656593.7815495,1709656593.7815554
6352,1709656593.8776374,1709656593.8776445
6353,1709656593.9849339,1709656593.9849405
6354,1709656594.07903,1709656594.0790348
6355,1709656594.1888425,1709656594.1888509
6356,1709656594.2744741,1709656594.274481
6357,1709656594.3856373,1709656594.389344
6358,1709656594.4727275,1709656594.476018
6359,1709656594.5884593,1709656594.5908835
6360,1709656594.6804886,1709656594.684676
6361,1709656594.7762165,1709656594.7808497
6362,1709656594.8879485,1709656594.891421
6363,1709656594.979074,1709656594.9836829
6364,1709656595.0772667,1709656595.083402
6365,1709656595.1763134,1709656595.1805918
6366,1709656595.2724943,1709656595.2756546
6367,1709656595.385808,1709656595.3894968
6368,1709656595.4849956,1709656595.48812
6369,1709656595.572517,1709656595.5758657
6370,1709656595.6757932,1709656595.679661
6371,1709656595.7748406,1709656595.7819686
6372,1709656595.8805354,1709656595.8846476
6373,1709656595.9768054,1709656595.9805272
6374,1709656596.0767908,1709656596.0814629
6375,1709656596.1720583,1709656596.1757653
6376,1709656596.2851055,1709656596.289011
6377,1709656596.374615,1709656596.379028
6378,1709656596.4835944,1709656596.487319
6379,1709656596.5868309,1709656596.5924528
6380,1709656596.6776395,1709656596.6817095
6381,1709656596.7842646,1709656596.788542
6382,1709656596.8753464,1709656596.879343
6383,1709656596.9763868,1709656596.9806476
6384,1709656597.0740902,1709656597.0781753
6385,1709656597.1881304,1709656597.191496
6386,1709656597.282824,1709656597.287052
6387,1709656597.3869815,1709656597.3911345
6388,1709656597.480031,1709656597.4842696
6389,1709656597.5778754,1709656597.5811682
6390,1709656597.6808536,1709656597.6847982
6391,1709656597.7843802,1709656597.7882278
6392,1709656597.8859067,1709656597.889614
6393,1709656597.9789867,1709656597.9854412
6394,1709656598.0793998,1709656598.084808
6395,1709656598.1795497,1709656598.1835256
6396,1709656598.2823865,1709656598.2873838
6397,1709656598.384968,1709656598.3886707
6398,1709656598.4828901,1709656598.4867134
6399,1709656598.5770295,1709656598.5808945
6400,1709656598.6844516,1709656598.6870303
6401,1709656598.7890353,1709656598.7932203
6402,1709656598.876045,1709656598.8794122
6403,1709656598.9811196,1709656598.9851205
6404,1709656599.0900922,1709656599.095513
6405,1709656599.1745484,1709656599.1785235
6406,1709656599.290362,1709656599.2940505
6407,1709656599.3904378,1709656599.3943377
6408,1709656599.4816074,1709656599.485482
6409,1709656599.5903068,1709656599.594341
6410,1709656599.692751,1709656599.6966631
6411,1709656599.7804961,1709656599.784348
6412,1709656599.8810573,1709656599.8847945
6413,1709656599.9891665,1709656599.9966886
6414,1709656600.0852962,1709656600.0893757
6415,1709656600.1805959,1709656600.1844406
6416,1709656600.2832499,1709656600.2872798
6417,1709656600.3830194,1709656600.3865929
6418,1709656600.4812589,1709656600.4848018
6419,1709656600.5870728,1709656600.5931907
6420,1709656600.6831677,1709656600.6871083
6421,1709656600.7803354,1709656600.7839892
6422,1709656600.8807669,1709656600.8834317
6423,1709656600.9734316,1709656600.9786367
6424,1709656601.073583,1709656601.077151
6425,1709656601.1784277,1709656601.1821635
6426,1709656601.2784452,1709656601.2812505
6427,1709656601.3837283,1709656601.3867269
6428,1709656601.4813309,1709656601.4850745
6429,1709656601.5898092,1709656601.594129
6430,1709656601.680431,1709656601.6839807
6431,1709656601.7808058,1709656601.7845635
6432,1709656601.889508,1709656601.8931708
6433,1709656601.976955,1709656601.9807482
6434,1709656602.0813282,1709656602.0840688
6435,1709656602.1805022,1709656602.1839676
6436,1709656602.2813568,1709656602.2842271
6437,1709656602.3996656,1709656602.4034925
6438,1709656602.4795372,1709656602.4833374
6439,1709656602.5800579,1709656602.583404
6440,1709656602.6847217,1709656602.6881971
6441,1709656602.7827969,1709656602.7866197
6442,1709656602.8831322,1709656602.8864481
6443,1709656602.9850266,1709656602.9888654
6444,1709656603.0749385,1709656603.0783963
6445,1709656603.17403,1709656603.177607
6446,1709656603.2772985,1709656603.2809424
6447,1709656603.3838472,1709656603.3878086
6448,1709656603.4819548,1709656603.4858048
6449,1709656603.5790203,1709656603.581286
6450,1709656603.6884687,1709656603.6931562
6451,1709656603.7822294,1709656603.7859104
6452,1709656603.8934114,1709656603.8971639
6453,1709656603.9921796,1709656603.996069
6454,1709656604.0824533,1709656604.0866551
6455,1709656604.1800284,1709656604.1833136
6456,1709656604.2800646,1709656604.2838311
6457,1709656604.4021745,1709656604.4070873
6458,1709656604.4896934,1709656604.493659
6459,1709656604.576578,1709656604.5802512
6460,1709656604.6792867,1709656604.6822817
6461,1709656604.7815084,1709656604.7849667
6462,1709656604.8750825,1709656604.8776834
6463,1709656604.9822397,1709656604.9869072
6464,1709656605.0848339,1709656605.0907178
6465,1709656605.1812742,1709656605.184123
6466,1709656605.2905705,1709656605.294868
6467,1709656605.3844237,1709656605.3883786
6468,1709656605.4878564,1709656605.490299
6469,1709656605.5762403,1709656605.57919
6470,1709656605.682212,1709656605.686059
6471,1709656605.774907,1709656605.778668
6472,1709656605.8815172,1709656605.88525
6473,1709656605.9809227,1709656605.984951
6474,1709656606.0797431,1709656606.0836637
6475,1709656606.1918933,1709656606.1955795
6476,1709656606.2804067,1709656606.2832599
6477,1709656606.3872662,1709656606.39188
6478,1709656606.4801438,1709656606.483836
6479,1709656606.5860744,1709656606.5900304
6480,1709656606.6756747,1709656606.6795967
6481,1709656606.781101,1709656606.7857099
6482,1709656606.8732746,1709656606.8768623
6483,1709656606.9758427,1709656606.9796169
6484,1709656607.0833137,1709656607.0893717
6485,1709656607.1845372,1709656607.1889303
6486,1709656607.2921271,1709656607.2959805
6487,1709656607.3836124,1709656607.387182
6488,1709656607.4904778,1709656607.4942656
6489,1709656607.5799885,1709656607.584449
6490,1709656607.676879,1709656607.6809433
6491,1709656607.7791862,1709656607.7826762
6492,1709656607.8832133,1709656607.8870337
6493,1709656607.9841368,1709656607.9892097
6494,1709656608.0808315,1709656608.0853958
6495,1709656608.1813107,1709656608.185741
6496,1709656608.277801,1709656608.280352
6497,1709656608.390872,1709656608.3946004
6498,1709656608.4825797,1709656608.486691
6499,1709656608.5878818,1709656608.591651
6500,1709656608.680841,1709656608.6865957
6501,1709656608.7805126,1709656608.784449
6502,1709656608.889281,1709656608.8934805
6503,1709656608.9910629,1709656608.995248
6504,1709656609.076709,1709656609.0796483
6505,1709656609.18411,1709656609.1880925
6506,1709656609.292495,1709656609.29641
6507,1709656609.3813257,1709656609.3853538
6508,1709656609.4769685,1709656609.4807312
6509,1709656609.5844114,1709656609.590224
6510,1709656609.6879566,1709656609.6916494
6511,1709656609.7841556,1709656609.7888894
6512,1709656609.881101,1709656609.8870468
6513,1709656609.9768026,1709656609.9831703
6514,1709656610.0845063,1709656610.0880377
6515,1709656610.1812348,1709656610.1850986
6516,1709656610.2885504,1709656610.2916636
6517,1709656610.3774214,1709656610.3818338
6518,1709656610.4853544,1709656610.4891815
6519,1709656610.5878315,1709656610.5913563
6520,1709656610.687594,1709656610.691665
6521,1709656610.7842474,1709656610.78702
6522,1709656610.876737,1709656610.8813245
6523,1709656610.996151,1709656611.0005386
6524,1709656611.0874233,1709656611.0912914
6525,1709656611.1911352,1709656611.1943796
6526,1709656611.2860012,1709656611.289945
6527,1709656611.3897579,1709656611.3936768
6528,1709656611.499456,1709656611.5053248
6529,1709656611.575209,1709656611.5802238
6530,1709656611.6806853,1709656611.685101
6531,1709656611.773406,1709656611.7770011
6532,1709656611.890475,1709656611.8941717
6533,1709656611.9883523,1709656611.992745
6534,1709656612.0768745,1709656612.0820081
6535,1709656612.1864903,1709656612.1901171
6536,1709656612.2810028,1709656612.2869482
6537,1709656612.373316,1709656612.3769128
6538,1709656612.4937863,1709656612.499421
6539,1709656612.5897434,1709656612.593722
6540,1709656612.6834068,1709656612.6861956
6541,1709656612.7901664,1709656612.794009
6542,1709656612.8762438,1709656612.8811586
6543,1709656612.9766293,1709656612.981045
6544,1709656613.0883772,1709656613.0921614
6545,1709656613.1755142,1709656613.1795416
6546,1709656613.2794478,1709656613.2860754
6547,1709656613.3786135,1709656613.3826046
6548,1709656613.4850366,1709656613.4893553
6549,1709656613.5898967,1709656613.6012204
6550,1709656613.6832592,1709656613.6869524
6551,1709656613.7764585,1709656613.7813306
6552,1709656613.8944116,1709656613.8983912
6553,1709656613.9927154,1709656613.9972723
6554,1709656614.0826635,1709656614.0867705
6555,1709656614.1809623,1709656614.185123
6556,1709656614.2805014,1709656614.2847693
6557,1709656614.3739173,1709656614.3778641
6558,1709656614.5031364,1709656614.5063183
6559,1709656614.5878108,1709656614.5919938
6560,1709656614.6804605,1709656614.684235
6561,1709656614.7757878,1709656614.7802365
6562,1709656614.882122,1709656614.8876557
6563,1709656614.989067,1709656614.995226
6564,1709656615.0854344,1709656615.0889857
6565,1709656615.1965468,1709656615.2016053
6566,1709656615.2766945,1709656615.2817245
6567,1709656615.385379,1709656615.3905897
6568,1709656615.4933321,1709656615.4971938
6569,1709656615.5823712,1709656615.5848017
6570,1709656615.6825504,1709656615.68883
6571,1709656615.7838924,1709656615.7876139
6572,1709656615.893811,1709656615.8977199
6573,1709656615.9861512,1709656615.9892097
6574,1709656616.0848558,1709656616.089639
6575,1709656616.1846118,1709656616.1885476
6576,1709656616.2821555,1709656616.2856035
6577,1709656616.3793442,1709656616.3834589
6578,1709656616.481965,1709656616.4819736
6579,1709656616.5839782,1709656616.5839837
6580,1709656616.6896102,1709656616.6896138
6581,1709656616.7798731,1709656616.7798774
6582,1709656616.88236,1709656616.8823678
6583,1709656616.9781365,1709656616.9781435
6584,1709656617.072957,1709656617.072962
6585,1709656617.1799326,1709656617.1799374
6586,1709656617.2840655,1709656617.2840712
6587,1709656617.3900385,1709656617.3900456
6588,1709656617.480873,1709656617.48088
6589,1709656617.5821464,1709656617.5821512
6590,1709656617.6880991,1709656617.688106
6591,1709656617.7808988,1709656617.7809055
6592,1709656617.884723,1709656617.884729
6593,1709656617.9833605,1709656617.9833658
6594,1709656618.084328,1709656618.0843341
6595,1709656618.1861067,1709656618.1861129
6596,1709656618.2849019,1709656618.284907
6597,1709656618.3860927,1709656618.3860986
6598,1709656618.4821074,1709656618.4821146
6599,1709656618.5834124,1709656618.583417
6600,1709656618.6825502,1709656618.6825569
6601,1709656618.779794,1709656618.7798066
6602,1709656618.8800337,1709656618.8800395
6603,1709656618.9919903,1709656618.991997
6604,1709656619.0948656,1709656619.0948732
6605,1709656619.1891603,1709656619.1891706
6606,1709656619.274383,1709656619.274392
6607,1709656619.3849282,1709656619.3849344
6608,1709656619.4753268,1709656619.475333
6609,1709656619.5819046,1709656619.5819113
6610,1709656619.6886518,1709656619.6886582
6611,1709656619.7818227,1709656619.7818284
6612,1709656619.8904817,1709656619.8904889
6613,1709656619.9776452,1709656619.9776514
6614,1709656620.085618,1709656620.0856225
6615,1709656620.1934104,1709656620.1934195
6616,1709656620.3132262,1709656620.3132362
6617,1709656620.396448,1709656620.3964546
6618,1709656620.4831433,1709656620.483149
6619,1709656620.5810633,1709656620.5810697
6620,1709656620.689814,1709656620.6898234
6621,1709656620.7871544,1709656620.7871616
6622,1709656620.8817537,1709656620.8817606
6623,1709656620.9793978,1709656620.9794047
6624,1709656621.0790477,1709656621.079054
6625,1709656621.19246,1709656621.19247
6626,1709656621.28296,1709656621.282966
6627,1709656621.3952212,1709656621.3952272
6628,1709656621.5215108,1709656621.5215173
6629,1709656621.6061575,1709656621.6061633
6630,1709656621.7077224,1709656621.7077286
6631,1709656621.831787,1709656621.8317952
6632,1709656621.911781,1709656621.91179
6633,1709656621.9955266,1709656621.9955323
6634,1709656622.0831773,1709656622.0831842
6635,1709656622.1884308,1709656622.1884365
6636,1709656622.290443,1709656622.29045
6637,1709656622.387466,1709656622.387474
6638,1709656622.4949522,1709656622.4949622
6639,1709656622.5782435,1709656622.5782495
6640,1709656622.6822784,1709656622.682283
6641,1709656622.78735,1709656622.7873578
6642,1709656622.8832517,1709656622.8832579
6643,1709656622.9800808,1709656622.980087
6644,1709656623.0786107,1709656623.078617
6645,1709656623.1831748,1709656623.1831813
6646,1709656623.284295,1709656623.284302
6647,1709656623.410502,1709656623.4105077
6648,1709656623.496046,1709656623.4960544
6649,1709656623.5988743,1709656623.598884
6650,1709656623.6809506,1709656623.6809564
6651,1709656623.782797,1709656623.7828038
6652,1709656623.876252,1709656623.8762586
6653,1709656623.9841177,1709656623.9841247
6654,1709656624.0873961,1709656624.0874023
6655,1709656624.2105253,1709656624.2105348
6656,1709656624.28578,1709656624.2857873
6657,1709656624.3767226,1709656624.376728
6658,1709656624.4801316,1709656624.4801383
6659,1709656624.5825536,1709656624.5825608
6660,1709656624.6939738,1709656624.6939824
6661,1709656624.7789958,1709656624.779004
6662,1709656624.899979,1709656624.8999865
6663,1709656625.02694,1709656625.0269463
6664,1709656625.1051233,1709656625.1051288
6665,1709656625.2009375,1709656625.2009444
6666,1709656625.2858794,1709656625.285888
6667,1709656625.3860745,1709656625.386083
6668,1709656625.4879975,1709656625.4880042
6669,1709656625.5930216,1709656625.5930283
6670,1709656625.707726,1709656625.707736
6671,1709656625.7994695,1709656625.7994778
6672,1709656625.8937676,1709656625.8937745
6673,1709656625.9806497,1709656625.980654
6674,1709656626.102881,1709656626.1028888
6675,1709656626.176696,1709656626.1767025
6676,1709656626.2768538,1709656626.2768602
6677,1709656626.3983743,1709656626.3983827
6678,1709656626.4857192,1709656626.4857278
6679,1709656626.6008587,1709656626.6008635
6680,1709656626.7068348,1709656626.7068405
6681,1709656626.7870433,1709656626.7871222
6682,1709656626.9178107,1709656626.917816
6683,1709656626.9969923,1709656626.9969997
6684,1709656627.0866687,1709656627.0866752
6685,1709656627.2055516,1709656627.2055573
6686,1709656627.2865202,1709656627.2865257
6687,1709656627.3904617,1709656627.390467
6688,1709656627.4843664,1709656627.484373
6689,1709656627.5928152,1709656627.592822
6690,1709656627.710893,1709656627.7109022
6691,1709656627.7931418,1709656627.793147
6692,1709656627.89221,1709656627.8922162
6693,1709656627.9850137,1709656627.985021
6694,1709656628.0958643,1709656628.0958712
6695,1709656628.1915102,1709656628.1915185
6696,1709656628.288721,1709656628.2887287
6697,1709656628.4034765,1709656628.4034894
6698,1709656628.4906275,1709656628.4906359
6699,1709656628.6196427,1709656628.6196492
6700,1709656628.6945884,1709656628.6945956
6701,1709656628.78869,1709656628.7886972
6702,1709656628.8767939,1709656628.876803
6703,1709656629.0018823,1709656629.0018911
6704,1709656629.0963402,1709656629.0963497
6705,1709656629.2059367,1709656629.2059438
6706,1709656629.3031034,1709656629.3031144
6707,1709656629.4196262,1709656629.4196312
6708,1709656629.514289,1709656629.514295
6709,1709656629.595089,1709656629.595096
6710,1709656629.6828604,1709656629.682867
6711,1709656629.7834203,1709656629.7834287
6712,1709656629.8897588,1709656629.8897645
6713,1709656630.003403,1709656630.0034099
6714,1709656630.075949,1709656630.0759559
6715,1709656630.190765,1709656630.19077
6716,1709656630.2886245,1709656630.2886322
6717,1709656630.413875,1709656630.413881
6718,1709656630.4762933,1709656630.4762993
6719,1709656630.605123,1709656630.6051335
6720,1709656630.6979337,1709656630.6979396
6721,1709656630.792208,1709656630.7922149
6722,1709656630.899521,1709656630.899528
6723,1709656630.9846115,1709656630.9846175
6724,1709656631.0813909,1709656631.0813973
6725,1709656631.192995,1709656631.193004
6726,1709656631.3264573,1709656631.326467
6727,1709656631.4191594,1709656631.419167
6728,1709656631.522504,1709656631.5225108
6729,1709656631.5866156,1709656631.5866218
6730,1709656631.7141862,1709656631.7141924
6731,1709656631.7870712,1709656631.7870762
6732,1709656631.9138768,1709656631.9138837
6733,1709656632.001442,1709656632.0014498
6734,1709656632.0944574,1709656632.0944672
6735,1709656632.1969395,1709656632.1969464
6736,1709656632.2904058,1709656632.2904158
6737,1709656632.3969955,1709656632.397004
6738,1709656632.4983842,1709656632.4983916
6739,1709656632.5785372,1709656632.5785434
6740,1709656632.678992,1709656632.6789997
6741,1709656632.7971737,1709656632.7971818
6742,1709656632.9015262,1709656632.9015338
6743,1709656632.9880338,1709656632.98804
6744,1709656633.09175,1709656633.091757
6745,1709656633.1797996,1709656633.1798067
6746,1709656633.29471,1709656633.294715
6747,1709656633.3909843,1709656633.3909936
6748,1709656633.4867659,1709656633.486772
6749,1709656633.588596,1709656633.5886035
6750,1709656633.6765676,1709656633.6765735
6751,1709656633.775043,1709656633.7750516
6752,1709656633.8895376,1709656633.8895457
6753,1709656633.9983957,1709656633.9984045
6754,1709656634.0753226,1709656634.0753317
6755,1709656634.1792932,1709656634.1792996
6756,1709656634.283836,1709656634.2838407
6757,1709656634.3771546,1709656634.3771608
6758,1709656634.484267,1709656634.4842777
6759,1709656634.584068,1709656634.5840735
6760,1709656634.6865666,1709656634.686574
6761,1709656634.784144,1709656634.7841492
6762,1709656634.8858035,1709656634.8858116
6763,1709656634.9886103,1709656634.9886196
6764,1709656635.081612,1709656635.081619
6765,1709656635.18417,1709656635.1841762
6766,1709656635.2866735,1709656635.2866805
6767,1709656635.3980255,1709656635.3980315
6768,1709656635.4785182,1709656635.4785244
6769,1709656635.6182752,1709656635.618288
6770,1709656635.703288,1709656635.703299
6771,1709656635.802788,1709656635.802795
6772,1709656635.8896472,1709656635.889655
6773,1709656635.985185,1709656635.9851918
6774,1709656636.0746968,1709656636.0747013
6775,1709656636.191002,1709656636.1910112
6776,1709656636.2784722,1709656636.27848
6777,1709656636.3742485,1709656636.3742552
6778,1709656636.481668,1709656636.4816747
6779,1709656636.5807488,1709656636.5807552
6780,1709656636.679614,1709656636.6796193
6781,1709656636.7808816,1709656636.7808878
6782,1709656636.8834164,1709656636.883423
6783,1709656636.9821043,1709656636.982112
6784,1709656637.0824347,1709656637.0824406
6785,1709656637.186383,1709656637.1863914
6786,1709656637.2774067,1709656637.2774131
6787,1709656637.3866844,1709656637.3866892
6788,1709656637.4808915,1709656637.4808965
6789,1709656637.5832815,1709656637.583288
6790,1709656637.678525,1709656637.6785316
6791,1709656637.7815037,1709656637.7815087
6792,1709656637.8729334,1709656637.872939
6793,1709656637.979168,1709656637.9791756
6794,1709656638.0891905,1709656638.0891984
6795,1709656638.186585,1709656638.186592
6796,1709656638.285805,1709656638.285809
6797,1709656638.3768156,1709656638.3768227
6798,1709656638.4830909,1709656638.483097
6799,1709656638.6040716,1709656638.604081
6800,1709656638.6916995,1709656638.691705
6801,1709656638.7824347,1709656638.7824414
6802,1709656638.8796916,1709656638.8796988
6803,1709656638.9806728,1709656638.9806774
6804,1709656639.087512,1709656639.0875208
6805,1709656639.1948044,1709656639.1948135
6806,1709656639.2801254,1709656639.280131
6807,1709656639.3795264,1709656639.3795338
6808,1709656639.4747763,1709656639.4747825
6809,1709656639.5913343,1709656639.5913417
6810,1709656639.7004483,1709656639.70046
6811,1709656639.7954893,1709656639.7954957
6812,1709656639.877652,1709656639.8776586
6813,1709656639.9796927,1709656639.979699
6814,1709656640.0882764,1709656640.0882835
6815,1709656640.197184,1709656640.197193
6816,1709656640.2837977,1709656640.2838035
6817,1709656640.3903797,1709656640.390386
6818,1709656640.4851353,1709656640.485142
6819,1709656640.581886,1709656640.5818913
6820,1709656640.712739,1709656640.712745
6821,1709656640.7798662,1709656640.7798743
6822,1709656640.883392,1709656640.8834004
6823,1709656640.979454,1709656640.9794626
6824,1709656641.1140113,1709656641.114021
6825,1709656641.1906254,1709656641.1906314
6826,1709656641.2822974,1709656641.282303
6827,1709656641.3905318,1709656641.3905356
6828,1709656641.4758914,1709656641.475897
6829,1709656641.5795462,1709656641.579554
6830,1709656641.6892748,1709656641.6892807
6831,1709656641.7799942,1709656641.7799995
6832,1709656641.8799481,1709656641.8799527
6833,1709656641.9820993,1709656641.9821067
6834,1709656642.0885162,1709656642.0885215
6835,1709656642.1876206,1709656642.1876245
6836,1709656642.2799854,1709656642.2799907
6837,1709656642.3928432,1709656642.3928523
6838,1709656642.4762328,1709656642.4762416
6839,1709656642.5759213,1709656642.5759292
6840,1709656642.6827443,1709656642.6885448
6841,1709656642.7810338,1709656642.7856193
6842,1709656642.8918858,1709656642.895758
6843,1709656642.9776006,1709656642.9811761
6844,1709656643.0845213,1709656643.0883176
6845,1709656643.190715,1709656643.2025542
6846,1709656643.2936747,1709656643.2959585
6847,1709656643.3793223,1709656643.383825
6848,1709656643.4736395,1709656643.477602
6849,1709656643.5764594,1709656643.5805197
6850,1709656643.6836834,1709656643.6895058
6851,1709656643.7812617,1709656643.7859514
6852,1709656644.318536,1709656644.3185487
6853,1709656644.328039,1709656644.328045
6854,1709656644.3965309,1709656644.3965368
6855,1709656644.4854112,1709656644.4854178
6856,1709656644.574561,1709656644.574567
6857,1709656644.6875737,1709656644.6875794
6858,1709656644.7805884,1709656644.7805955
6859,1709656644.8858454,1709656644.8858507
6860,1709656644.9839196,1709656644.9839253
6861,1709656645.085958,1709656645.0859663
6862,1709656645.189846,1709656645.1898527
6863,1709656645.2858803,1709656645.2858853
6864,1709656645.376048,1709656645.376056
6865,1709656645.4858444,1709656645.4858508
6866,1709656645.577104,1709656645.5771103
6867,1709656645.6824708,1709656645.6824775
6868,1709656645.7811627,1709656645.781169
6869,1709656645.8760226,1709656645.8760293
6870,1709656645.9764404,1709656645.9764454
6871,1709656646.0770354,1709656646.0770416
6872,1709656646.1798782,1709656646.1798825
6873,1709656646.2869532,1709656646.2869616
6874,1709656646.3832746,1709656646.383283
6875,1709656646.4850018,1709656646.4850073
6876,1709656646.5803874,1709656646.580405
6877,1709656646.676049,1709656646.676054
6878,1709656646.7896187,1709656646.789625
6879,1709656646.8793323,1709656646.8793392
6880,1709656646.9797666,1709656646.9797733
6881,1709656647.076283,1709656647.0762897
6882,1709656647.181578,1709656647.1815841
6883,1709656647.2841778,1709656647.2841854
6884,1709656647.3801534,1709656647.3801627
6885,1709656647.481814,1709656647.4818187
6886,1709656647.57812,1709656647.5781264
6887,1709656647.6764908,1709656647.6764996
6888,1709656647.7833118,1709656647.7833178
6889,1709656647.8744528,1709656647.874459
6890,1709656647.9832458,1709656647.9832528
6891,1709656648.0873377,1709656648.0873451
6892,1709656648.1860158,1709656648.1860228
6893,1709656648.2876227,1709656648.287629
6894,1709656648.3947058,1709656648.3947139
6895,1709656648.4834068,1709656648.4834132
6896,1709656648.5844038,1709656648.5844114
6897,1709656648.6908128,1709656648.6908197
6898,1709656648.7842407,1709656648.784247
6899,1709656648.8795686,1709656648.8795745
6900,1709656648.9866693,1709656648.9866755
6901,1709656649.0812132,1709656649.081224
6902,1709656649.184821,1709656649.1848273
6903,1709656649.2797813,1709656649.2797885
6904,1709656649.3905854,1709656649.3905907
6905,1709656649.4740007,1709656649.4740076
6906,1709656649.5940738,1709656649.5940812
6907,1709656649.6879003,1709656649.687908
6908,1709656649.781785,1709656649.7817905
6909,1709656649.8861268,1709656649.8861327
6910,1709656649.9844084,1709656649.9844124
6911,1709656650.0885732,1709656650.0885775
6912,1709656650.1741018,1709656650.1741397
6913,1709656650.280307,1709656650.280313
6914,1709656650.3837085,1709656650.3837142
6915,1709656650.4841554,1709656650.4841633
6916,1709656650.5844417,1709656650.584449
6917,1709656650.6774771,1709656650.6774852
6918,1709656650.799435,1709656650.7994406
6919,1709656650.8778133,1709656650.877818
6920,1709656650.9796183,1709656650.979624
6921,1709656651.075343,1709656651.0753512
6922,1709656651.1818645,1709656651.181871
6923,1709656651.2844539,1709656651.2844598
6924,1709656651.3875403,1709656651.3875468
6925,1709656651.4818397,1709656651.4818459
6926,1709656651.5880294,1709656651.5880356
6927,1709656651.6854987,1709656651.6855056
6928,1709656651.7770765,1709656651.7770822
6929,1709656651.8867507,1709656651.8867571
6930,1709656651.9742577,1709656651.974265
6931,1709656652.078059,1709656652.0780652
6932,1709656652.1784432,1709656652.1784518
6933,1709656652.283732,1709656652.2837386
6934,1709656652.3876994,1709656652.387705
6935,1709656652.4807863,1709656652.4807925
6936,1709656652.5884416,1709656652.5884473
6937,1709656652.6801262,1709656652.6801326
6938,1709656652.7844188,1709656652.784425
6939,1709656652.8821275,1709656652.882134
6940,1709656652.9772134,1709656652.9772198
6941,1709656653.0790193,1709656653.079026
6942,1709656653.1849473,1709656653.184953
6943,1709656653.2808146,1709656653.2808218
6944,1709656653.3780928,1709656653.3780994
6945,1709656653.4833887,1709656653.483395
6946,1709656653.5813055,1709656653.5813112
6947,1709656653.6866252,1709656653.6866322
6948,1709656653.7749774,1709656653.774984
6949,1709656653.8799114,1709656653.8799164
6950,1709656653.9763763,1709656653.9763827
6951,1709656654.0741029,1709656654.0741081
6952,1709656654.1762245,1709656654.17623
6953,1709656654.281497,1709656654.2815032
6954,1709656654.3778324,1709656654.3778398
6955,1709656654.481,1709656654.4810066
6956,1709656654.5777123,1709656654.5777175
6957,1709656654.6765273,1709656654.676533
6958,1709656654.7912815,1709656654.7912867
6959,1709656654.8797865,1709656654.8797925
6960,1709656655.02785,1709656655.027856
6961,1709656655.0946205,1709656655.094627
6962,1709656655.1750095,1709656655.1750154
6963,1709656655.2925794,1709656655.2925842
6964,1709656655.383338,1709656655.3833456
6965,1709656655.4851005,1709656655.485107
6966,1709656655.5847642,1709656655.584771
6967,1709656655.6836262,1709656655.6836336
6968,1709656655.78479,1709656655.7847962
6969,1709656655.910946,1709656655.910951
6970,1709656656.0149605,1709656656.014968
6971,1709656656.076909,1709656656.0769155
6972,1709656656.1918266,1709656656.191833
6973,1709656656.2874925,1709656656.2874987
6974,1709656656.3918958,1709656656.3919027
6975,1709656656.4803038,1709656656.48031
6976,1709656656.60456,1709656656.6045682
6977,1709656656.6735563,1709656656.6735623
6978,1709656656.803491,1709656656.8034983
6979,1709656656.892523,1709656656.8925302
6980,1709656656.9868016,1709656656.9868078
6981,1709656657.0793438,1709656657.0793555
6982,1709656657.1759624,1709656657.175969
6983,1709656657.305935,1709656657.3059404
6984,1709656657.3882034,1709656657.3882089
6985,1709656657.483726,1709656657.4837327
6986,1709656657.6044226,1709656657.6044312
6987,1709656657.6863832,1709656657.68639
6988,1709656657.794732,1709656657.7947397
6989,1709656657.8863478,1709656657.8863544
6990,1709656657.9768167,1709656657.9768233
6991,1709656658.080913,1709656658.0809195
6992,1709656658.1864984,1709656658.1865056
6993,1709656658.274614,1709656658.2746208
6994,1709656658.3722334,1709656658.3722398
6995,1709656658.4775398,1709656658.4775455
6996,1709656658.5737078,1709656658.5737138
6997,1709656658.6774397,1709656658.6774483
6998,1709656658.7727394,1709656658.772745
6999,1709656658.8782084,1709656658.8782167
7000,1709656658.9862697,1709656658.986277
7001,1709656659.0770164,1709656659.077023
7002,1709656659.1907132,1709656659.19072
7003,1709656659.2807198,1709656659.280725
7004,1709656659.379311,1709656659.3793163
7005,1709656659.4798365,1709656659.479841
7006,1709656659.5844653,1709656659.584473
7007,1709656659.6804225,1709656659.6804295
7008,1709656659.779559,1709656659.779566
7009,1709656659.8796408,1709656659.8796484
7010,1709656659.976964,1709656659.9769719
7011,1709656660.0802796,1709656660.080285
7012,1709656660.189173,1709656660.1891818
7013,1709656660.279586,1709656660.2795925
7014,1709656660.3758807,1709656660.375887
7015,1709656660.4773624,1709656660.4773686
7016,1709656660.582681,1709656660.5826888
7017,1709656660.6873264,1709656660.6873324
7018,1709656660.7732642,1709656660.7732692
7019,1709656660.8787215,1709656660.8787253
7020,1709656660.97539,1709656660.975396
7021,1709656661.0769947,1709656661.0770001
7022,1709656661.1765244,1709656661.1765296
7023,1709656661.2797644,1709656661.2797709
7024,1709656661.3760412,1709656661.3760467
7025,1709656661.4792922,1709656661.4792972
7026,1709656661.588327,1709656661.588333
7027,1709656661.6940694,1709656661.6940727
7028,1709656661.785199,1709656661.785204
7029,1709656661.8842697,1709656661.8842762
7030,1709656661.975852,1709656661.9758584
7031,1709656662.0762796,1709656662.0762868
7032,1709656662.1819065,1709656662.181913
7033,1709656662.275775,1709656662.275782
7034,1709656662.374299,1709656662.3743029
7035,1709656662.4724932,1709656662.4725
7036,1709656662.5870793,1709656662.5870867
7037,1709656662.6803434,1709656662.680351
7038,1709656662.7783537,1709656662.7783582
7039,1709656662.9153733,1709656662.9153812
7040,1709656662.973167,1709656662.9731739
7041,1709656663.0899503,1709656663.0899584
7042,1709656663.1873107,1709656663.1873171
7043,1709656663.27997,1709656663.2799768
7044,1709656663.3830926,1709656663.3831003
7045,1709656663.4817126,1709656663.4817188
7046,1709656663.577123,1709656663.5771298
7047,1709656663.6864915,1709656663.6864986
7048,1709656663.7784162,1709656663.7784233
7049,1709656663.8797894,1709656663.879794
7050,1709656663.9818277,1709656663.9818347
7051,1709656664.0753155,1709656664.0753214
7052,1709656664.176736,1709656664.176743
7053,1709656664.2806897,1709656664.2806973
7054,1709656664.3832536,1709656664.3833637
7055,1709656664.4905012,1709656664.4905803
7056,1709656664.5796893,1709656664.5797963
7057,1709656664.6818018,1709656664.6818082
7058,1709656664.7810354,1709656664.7810397
7059,1709656664.8862898,1709656664.8862977
7060,1709656664.984181,1709656664.9841871
7061,1709656665.0798533,1709656665.0798585
7062,1709656665.1862044,1709656665.1862094
7063,1709656665.2873688,1709656665.2873745
7064,1709656665.3784041,1709656665.37841
7065,1709656665.4891903,1709656665.4891956
7066,1709656665.5743835,1709656665.5743878
7067,1709656665.6800797,1709656665.6800845
7068,1709656665.7923055,1709656665.7923117
7069,1709656665.8820522,1709656665.882058
7070,1709656665.9902003,1709656665.9902067
7071,1709656666.0908618,1709656666.0908654
7072,1709656666.1881242,1709656666.188129
7073,1709656666.2857926,1709656666.285798
7074,1709656666.3822205,1709656666.3822267
7075,1709656666.4825604,1709656666.4825683
7076,1709656666.5825295,1709656666.582536
7077,1709656666.683924,1709656666.683931
7078,1709656666.7729845,1709656666.772991
7079,1709656666.8861623,1709656666.8861663
7080,1709656666.984783,1709656666.9847884
7081,1709656667.0758593,1709656667.075865
7082,1709656667.1833847,1709656667.1833901
7083,1709656667.2838433,1709656667.2838488
7084,1709656667.3805487,1709656667.380554
7085,1709656667.482261,1709656667.4822674
7086,1709656667.5827255,1709656667.5827324
7087,1709656667.681754,1709656667.6817613
7088,1709656667.7759821,1709656667.7759886
7089,1709656667.8841076,1709656667.8841136
7090,1709656667.9856021,1709656667.9856076
7091,1709656668.0785463,1709656668.078552
7092,1709656668.1877122,1709656668.1877182
7093,1709656668.2804952,1709656668.2805016
7094,1709656668.3780942,1709656668.3780997
7095,1709656668.4757638,1709656668.4757705
7096,1709656668.5841427,1709656668.5841477
7097,1709656668.6840553,1709656668.6840603
7098,1709656668.776632,1709656668.7766368
7099,1709656668.884969,1709656668.8849742
7100,1709656668.9826608,1709656668.9826677
7101,1709656669.0869238,1709656669.08693
7102,1709656669.1839182,1709656669.1839247
7103,1709656669.281868,1709656669.2818735
7104,1709656669.3764336,1709656669.376439
7105,1709656669.4801815,1709656669.4801877
7106,1709656669.5907245,1709656669.5907304
7107,1709656669.685149,1709656669.685152
7108,1709656669.78825,1709656669.7882564
7109,1709656669.8897994,1709656669.889806
7110,1709656669.9813204,1709656669.9813266
7111,1709656670.0768514,1709656670.076857
7112,1709656670.1822634,1709656670.1822693
7113,1709656670.2873318,1709656670.2873378
7114,1709656670.3809907,1709656670.3809967
7115,1709656670.473612,1709656670.4736187
7116,1709656670.5826125,1709656670.5826194
7117,1709656670.675644,1709656670.6756504
7118,1709656670.7892914,1709656670.7893002
7119,1709656670.8883553,1709656670.8883624
7120,1709656670.9837089,1709656670.9837143
7121,1709656671.0804534,1709656671.0804584
7122,1709656671.1796608,1709656671.1796672
7123,1709656671.281559,1709656671.2815652
7124,1709656671.3795438,1709656671.3795502
7125,1709656671.4800951,1709656671.4801013
7126,1709656671.584445,1709656671.5844505
7127,1709656671.681365,1709656671.6813717
7128,1709656671.781291,1709656671.781296
7129,1709656671.8825903,1709656671.8825972
7130,1709656671.981287,1709656671.9812932
7131,1709656672.077996,1709656672.0780015
7132,1709656672.183718,1709656672.1837234
7133,1709656672.2858782,1709656672.285884
7134,1709656672.375241,1709656672.3752468
7135,1709656672.4752257,1709656672.475232
7136,1709656672.576919,1709656672.5769243
7137,1709656672.6806598,1709656672.680666
7138,1709656672.777856,1709656672.7778618
7139,1709656672.8845305,1709656672.8845382
7140,1709656672.9927058,1709656672.9927123
7141,1709656673.0803645,1709656673.0803702
7142,1709656673.179248,1709656673.179252
7143,1709656673.2820122,1709656673.282016
7144,1709656673.3865104,1709656673.3865154
7145,1709656673.476142,1709656673.4761472
7146,1709656673.5868838,1709656673.586889
7147,1709656673.689825,1709656673.6898346
7148,1709656673.7776635,1709656673.7776716
7149,1709656673.8857703,1709656673.8857841
7150,1709656673.9829538,1709656673.982959
7151,1709656674.0813556,1709656674.0813606
7152,1709656674.1811473,1709656674.1811547
7153,1709656674.2924488,1709656674.2924533
7154,1709656674.380577,1709656674.380585
7155,1709656674.4934385,1709656674.493447
7156,1709656674.5777874,1709656674.577793
7157,1709656674.6919198,1709656674.6919441
7158,1709656674.778283,1709656674.7782893
7159,1709656674.87519,1709656674.8751984
7160,1709656675.008368,1709656675.0083747
7161,1709656675.084933,1709656675.0849392
7162,1709656675.1845112,1709656675.1845186
7163,1709656675.2798843,1709656675.2798913
7164,1709656675.3839045,1709656675.3839111
7165,1709656675.4826581,1709656675.4826684
7166,1709656675.5927453,1709656675.5927525
7167,1709656675.676634,1709656675.6766431
7168,1709656675.7948062,1709656675.7948127
7169,1709656675.8790784,1709656675.879082
7170,1709656675.9783413,1709656675.9783478
7171,1709656676.0781057,1709656676.0781112
7172,1709656676.191778,1709656676.191785
7173,1709656676.278313,1709656676.2783206
7174,1709656676.3775995,1709656676.377605
7175,1709656676.483718,1709656676.4837303
7176,1709656676.5917513,1709656676.5917575
7177,1709656676.6915355,1709656676.6915414
7178,1709656676.7793744,1709656676.7793794
7179,1709656676.885339,1709656676.8853483
7180,1709656676.985377,1709656676.9856613
7181,1709656677.0829263,1709656677.0829325
7182,1709656677.1891863,1709656677.1891925
7183,1709656677.2927785,1709656677.2927852
7184,1709656677.3746018,1709656677.3746083
7185,1709656677.4840896,1709656677.4840972
7186,1709656677.5762918,1709656677.5762978
7187,1709656677.6890767,1709656677.6890829
7188,1709656677.7776802,1709656677.7776873
7189,1709656677.878641,1709656677.8786488
7190,1709656677.9792778,1709656677.9792845
7191,1709656678.0771966,1709656678.0772035
7192,1709656678.1754835,1709656678.17549
7193,1709656678.2792478,1709656678.2792542
7194,1709656678.3857875,1709656678.3857946
7195,1709656678.4777997,1709656678.4778066
7196,1709656678.591505,1709656678.5915093
7197,1709656678.6927505,1709656678.692756
7198,1709656678.7905142,1709656678.790522
7199,1709656678.8849766,1709656678.8899798
7200,1709656678.9777765,1709656678.9822907
7201,1709656679.0775714,1709656679.085173
7202,1709656679.1752708,1709656679.1807
7203,1709656679.2903912,1709656679.2942748
7204,1709656679.3918478,1709656679.3963084
7205,1709656679.4815464,1709656679.487835
7206,1709656679.575995,1709656679.5831575
7207,1709656679.6798491,1709656679.683985
7208,1709656679.783029,1709656679.7883186
7209,1709656679.8898408,1709656679.8937876
7210,1709656679.9842772,1709656679.988041
7211,1709656680.07686,1709656680.0808082
7212,1709656680.1772919,1709656680.1808398
7213,1709656680.2784138,1709656680.2853146
7214,1709656680.3770123,1709656680.3807588
7215,1709656680.4804504,1709656680.484131
7216,1709656680.581382,1709656680.5865188
7217,1709656680.6835885,1709656680.6874743
7218,1709656680.7871063,1709656680.7906218
7219,1709656680.8754203,1709656680.8793268
7220,1709656680.9815388,1709656680.985014
7221,1709656681.0796328,1709656681.0836272
7222,1709656681.1762972,1709656681.179466
7223,1709656681.2750697,1709656681.2787735
7224,1709656681.381482,1709656681.3863304
7225,1709656681.4743137,1709656681.4793448
7226,1709656681.6168702,1709656681.6203651
7227,1709656681.6820686,1709656681.691076
7228,1709656681.778817,1709656681.782597
7229,1709656681.8770604,1709656681.8810632
7230,1709656682.0095649,1709656682.0183954
7231,1709656682.0811696,1709656682.0860023
7232,1709656682.172882,1709656682.176628
7233,1709656682.2832255,1709656682.2868443
7234,1709656682.374166,1709656682.3813524
7235,1709656682.4815361,1709656682.4851937
7236,1709656682.5772076,1709656682.581263
7237,1709656682.6732025,1709656682.6767828
7238,1709656682.7758846,1709656682.7798645
7239,1709656682.8739517,1709656682.8777776
7240,1709656682.9773366,1709656682.9808989
7241,1709656683.079364,1709656683.0858452
7242,1709656683.184176,1709656683.188683
7243,1709656683.2856543,1709656683.2891693
7244,1709656683.3783467,1709656683.382442
7245,1709656683.4766035,1709656683.480374
7246,1709656683.582834,1709656683.5877829
7247,1709656683.677858,1709656683.681956
7248,1709656683.7799332,1709656683.783587
7249,1709656683.8736646,1709656683.88104
7250,1709656683.9826593,1709656683.9849656
7251,1709656684.0777225,1709656684.0814595
7252,1709656684.1783106,1709656684.1821206
7253,1709656684.2797692,1709656684.2851677
7254,1709656684.3747149,1709656684.3783226
7255,1709656684.475583,1709656684.4799972
7256,1709656684.5768995,1709656684.5793257
7257,1709656684.6841078,1709656684.6875384
7258,1709656684.7739758,1709656684.7775917
7259,1709656684.8852804,1709656684.8884106
7260,1709656684.9814947,1709656684.9854877
7261,1709656685.0807912,1709656685.0846155
7262,1709656685.1869452,1709656685.1905625
7263,1709656685.2784364,1709656685.2804568
7264,1709656685.3817236,1709656685.38408
7265,1709656685.477646,1709656685.4803932
7266,1709656685.5761762,1709656685.5805042
7267,1709656685.6747694,1709656685.6781044
7268,1709656685.7754343,1709656685.7783778
7269,1709656685.8729649,1709656685.8760724
7270,1709656685.9814723,1709656685.9846377
7271,1709656686.0807514,1709656686.0843785
7272,1709656686.1843114,1709656686.1879036
7273,1709656686.2837358,1709656686.2870195
7274,1709656686.3806915,1709656686.3846438
7275,1709656686.475579,1709656686.4791706
7276,1709656686.5808046,1709656686.586229
7277,1709656686.6778603,1709656686.6820986
7278,1709656686.7848885,1709656686.7880156
7279,1709656686.8836114,1709656686.8868277
7280,1709656686.9782073,1709656686.9820735
7281,1709656687.088028,1709656687.0927095
7282,1709656687.1810968,1709656687.1842155
7283,1709656687.2783282,1709656687.2829041
7284,1709656687.3826287,1709656687.3865461
7285,1709656687.474092,1709656687.4804096
7286,1709656687.5748024,1709656687.578639
7287,1709656687.677568,1709656687.6812482
7288,1709656687.7818224,1709656687.7850752
7289,1709656687.8855412,1709656687.8895335
7290,1709656687.9767706,1709656687.9801018
7291,1709656688.0777595,1709656688.0823922
7292,1709656688.1805456,1709656688.1843555
7293,1709656688.2861562,1709656688.2896636
7294,1709656688.3743837,1709656688.377872
7295,1709656688.4796574,1709656688.483176
7296,1709656688.5837994,1709656688.5889883
7297,1709656688.6815908,1709656688.685424
7298,1709656688.780875,1709656688.784576
7299,1709656688.874656,1709656688.8798277
7300,1709656688.9755716,1709656688.977904
7301,1709656689.097228,1709656689.103245
7302,1709656689.1843987,1709656689.1884093
7303,1709656689.2797637,1709656689.2826483
7304,1709656689.3773317,1709656689.3807492
7305,1709656689.4815736,1709656689.4909937
7306,1709656689.5745497,1709656689.5766275
7307,1709656689.6798856,1709656689.6838694
7308,1709656689.7793388,1709656689.7830465
7309,1709656689.8796554,1709656689.88269
7310,1709656689.9809663,1709656689.984048
7311,1709656690.0831819,1709656690.0865517
7312,1709656690.18488,1709656690.1884992
7313,1709656690.276408,1709656690.2801836
7314,1709656690.3770788,1709656690.3835995
7315,1709656690.4831915,1709656690.486693
7316,1709656690.574169,1709656690.5783129
7317,1709656690.6755483,1709656690.6790318
7318,1709656690.7746987,1709656690.778531
7319,1709656690.872462,1709656690.8747458
7320,1709656690.98683,1709656690.9905605
7321,1709656691.0792727,1709656691.0830407
7322,1709656691.1757317,1709656691.1789315
7323,1709656691.2792377,1709656691.2821112
7324,1709656691.3772745,1709656691.3809886
7325,1709656691.4806125,1709656691.4846077
7326,1709656691.573857,1709656691.5784907
7327,1709656691.6780736,1709656691.6812966
7328,1709656691.7793922,1709656691.7831767
7329,1709656691.882037,1709656691.8894577
7330,1709656691.9807637,1709656691.9838955
7331,1709656692.082591,1709656692.0860357
7332,1709656692.175603,1709656692.1797268
7333,1709656692.2743745,1709656692.2768376
7334,1709656692.3804107,1709656692.3845236
7335,1709656692.476501,1709656692.480614
7336,1709656692.5777295,1709656692.5812883
7337,1709656692.6754985,1709656692.6790166
7338,1709656692.777773,1709656692.7813766
7339,1709656692.87505,1709656692.8788333
7340,1709656692.9752614,1709656692.9808192
7341,1709656693.0737898,1709656693.076726
7342,1709656693.1749766,1709656693.1777544
7343,1709656693.2752216,1709656693.278298
7344,1709656693.3731997,1709656693.3769934
7345,1709656693.487606,1709656693.4914272
7346,1709656693.5815027,1709656693.5852945
7347,1709656693.684171,1709656693.687901
7348,1709656693.781413,1709656693.7854977
7349,1709656693.878054,1709656693.8821843
7350,1709656693.982016,1709656693.985979
7351,1709656694.081247,1709656694.085087
7352,1709656694.1809444,1709656694.184054
7353,1709656694.28863,1709656694.2921495
7354,1709656694.3839157,1709656694.387414
7355,1709656694.4828815,1709656694.4875975
7356,1709656694.580058,1709656694.583771
7357,1709656694.6777709,1709656694.6839285
7358,1709656694.7826047,1709656694.7862082
7359,1709656694.8821952,1709656694.8853135
7360,1709656694.9843369,1709656694.98817
7361,1709656695.077498,1709656695.08148
7362,1709656695.1755898,1709656695.1791644
7363,1709656695.2816868,1709656695.2850077
7364,1709656695.3737736,1709656695.377528
7365,1709656695.475706,1709656695.478772
7366,1709656695.5757265,1709656695.5793347
7367,1709656695.6798296,1709656695.6840549
7368,1709656695.7756796,1709656695.7795172
7369,1709656695.882024,1709656695.8846352
7370,1709656695.9809456,1709656695.984669
7371,1709656696.095885,1709656696.100566
7372,1709656696.1794188,1709656696.1829531
7373,1709656696.2776468,1709656696.283398
7374,1709656696.3855426,1709656696.3895066
7375,1709656696.482053,1709656696.4866867
7376,1709656696.5811534,1709656696.5855565
7377,1709656696.680746,1709656696.6847947
7378,1709656696.7780836,1709656696.7824361
7379,1709656696.8847082,1709656696.8886328
7380,1709656696.9776473,1709656696.983637
7381,1709656697.0829997,1709656697.0863364
7382,1709656697.1861796,1709656697.1895943
7383,1709656697.2751489,1709656697.278877
7384,1709656697.3737247,1709656697.3775847
7385,1709656697.473593,1709656697.477253
7386,1709656697.5754004,1709656697.5800538
7387,1709656697.6733243,1709656697.6771183
7388,1709656697.7740073,1709656697.7790217
7389,1709656697.8820164,1709656697.8857584
7390,1709656697.9813411,1709656697.9850237
7391,1709656698.0803022,1709656698.0803077
7392,1709656698.1731575,1709656698.173163
7393,1709656698.2769759,1709656698.2769828
7394,1709656698.3765025,1709656698.376507
7395,1709656698.477141,1709656698.4771495
7396,1709656698.584987,1709656698.584993
7397,1709656698.680406,1709656698.6804113
7398,1709656698.781072,1709656698.781077
7399,1709656698.882563,1709656698.8825693
7400,1709656698.9822686,1709656698.982275
7401,1709656699.0880537,1709656699.08806
7402,1709656699.1788845,1709656699.1788914
7403,1709656699.2799158,1709656699.2799208
7404,1709656699.3792572,1709656699.379264
7405,1709656699.4810967,1709656699.4811041
7406,1709656699.5770655,1709656699.5770724
7407,1709656699.6885972,1709656699.688604
7408,1709656699.7820716,1709656699.7820768
7409,1709656699.8858771,1709656699.8858824
7410,1709656699.977053,1709656699.977059
7411,1709656700.0827842,1709656700.0827909
7412,1709656700.1814291,1709656700.1814346
7413,1709656700.2789867,1709656700.2789943
7414,1709656700.3838167,1709656700.3838243
7415,1709656700.4836452,1709656700.4836516
7416,1709656700.588264,1709656700.5882702
7417,1709656700.682144,1709656700.682149
7418,1709656700.7777252,1709656700.7777312
7419,1709656700.875509,1709656700.8755162
7420,1709656700.977073,1709656700.9770787
7421,1709656701.079107,1709656701.0791109
7422,1709656701.1858406,1709656701.1858487
7423,1709656701.2747152,1709656701.274722
7424,1709656701.379668,1709656701.379673
7425,1709656701.4789703,1709656701.4789753
7426,1709656701.5831382,1709656701.583144
7427,1709656701.6843169,1709656701.6843226
7428,1709656701.7854846,1709656701.7854917
7429,1709656701.8805833,1709656701.880588
7430,1709656701.9847195,1709656701.9847267
7431,1709656702.0877123,1709656702.0877156
7432,1709656702.1863165,1709656702.1863227
7433,1709656702.289669,1709656702.2896748
7434,1709656702.3859823,1709656702.385988
7435,1709656702.4796257,1709656702.4796317
7436,1709656702.576968,1709656702.5769744
7437,1709656702.680289,1709656702.6802933
7438,1709656702.7821062,1709656702.782113
7439,1709656702.8812404,1709656702.8812456
7440,1709656702.9860177,1709656702.9860246
7441,1709656703.0774634,1709656703.07747
7442,1709656703.1811433,1709656703.1811476
7443,1709656703.2752814,1709656703.275288
7444,1709656703.383635,1709656703.383639
7445,1709656703.4879699,1709656703.4879775
7446,1709656703.5840945,1709656703.584101
7447,1709656703.6757112,1709656703.6757178
7448,1709656703.7845535,1709656703.7845569
7449,1709656703.8873985,1709656703.8874037
7450,1709656703.9757538,1709656703.9757586
7451,1709656704.0774035,1709656704.0774102
7452,1709656704.189988,1709656704.1899962
7453,1709656704.2808635,1709656704.2808704
7454,1709656704.38434,1709656704.38438
7455,1709656704.4799838,1709656704.4799907
7456,1709656704.572876,1709656704.5728815
7457,1709656704.6851258,1709656704.6851342
7458,1709656704.7806938,1709656704.7807
7459,1709656704.8860145,1709656704.8860223
7460,1709656704.9912677,1709656704.9912734
7461,1709656705.08761,1709656705.087619
7462,1709656705.1826427,1709656705.182649
7463,1709656705.2876794,1709656705.2876868
7464,1709656705.381374,1709656705.3813796
7465,1709656705.4887586,1709656705.4887648
7466,1709656705.5903654,1709656705.5903716
7467,1709656705.6816797,1709656705.6816852
7468,1709656705.779104,1709656705.7791102
7469,1709656705.8796473,1709656705.8796518
7470,1709656705.9847946,1709656705.9848003
7471,1709656706.0734792,1709656706.0734854
7472,1709656706.1748636,1709656706.174869
7473,1709656706.2858589,1709656706.2858713
7474,1709656706.3760622,1709656706.3760688
7475,1709656706.4798818,1709656706.4798887
7476,1709656706.5822985,1709656706.5823045
7477,1709656706.6818638,1709656706.6818674
7478,1709656706.7719798,1709656706.7719867
7479,1709656706.8811362,1709656706.881141
7480,1709656706.9815223,1709656706.981528
7481,1709656707.0872335,1709656707.0872383
7482,1709656707.1817439,1709656707.1817513
7483,1709656707.2794442,1709656707.2794504
7484,1709656707.380857,1709656707.3808637
7485,1709656707.4893813,1709656707.489387
7486,1709656707.5809722,1709656707.580979
7487,1709656707.678146,1709656707.6781516
7488,1709656707.7812252,1709656707.7812326
7489,1709656707.8772082,1709656707.8772142
7490,1709656707.9760516,1709656707.976059
7491,1709656708.1048455,1709656708.1048584
7492,1709656708.1747952,1709656708.1748025
7493,1709656708.3053913,1709656708.3053968
7494,1709656708.3945432,1709656708.394549
7495,1709656708.4775589,1709656708.4775643
7496,1709656708.5847569,1709656708.584765
7497,1709656708.682459,1709656708.682466
7498,1709656708.775517,1709656708.7755227
7499,1709656708.9126296,1709656708.9126356
7500,1709656708.992622,1709656708.9926274
7501,1709656709.085068,1709656709.0850735
7502,1709656709.1764488,1709656709.1764543
7503,1709656709.2755165,1709656709.2755218
7504,1709656709.3778784,1709656709.377884
7505,1709656709.4761455,1709656709.4761517
7506,1709656709.580234,1709656709.580238
7507,1709656709.6736827,1709656709.6736891
7508,1709656709.7844386,1709656709.784446
7509,1709656709.8735642,1709656709.8735678
7510,1709656709.9825776,1709656709.9825845
7511,1709656710.0864708,1709656710.0864766
7512,1709656710.1738992,1709656710.1739035
7513,1709656710.2742915,1709656710.2742953
7514,1709656710.377742,1709656710.3777485
7515,1709656710.4891515,1709656710.4891586
7516,1709656710.5820217,1709656710.5820277
7517,1709656710.6797364,1709656710.6797411
7518,1709656710.7850432,1709656710.7850487
7519,1709656710.8737252,1709656710.87373
7520,1709656710.9781387,1709656710.978144
7521,1709656711.078239,1709656711.0782454
7522,1709656711.1839728,1709656711.1839795
7523,1709656711.2785792,1709656711.2785852
7524,1709656711.3768957,1709656711.3769014
7525,1709656711.4859169,1709656711.485921
7526,1709656711.5862267,1709656711.5862317
7527,1709656711.6807895,1709656711.680795
7528,1709656711.7722764,1709656711.7722826
7529,1709656711.8725736,1709656711.8725798
7530,1709656711.9739277,1709656711.9739327
7531,1709656712.0801702,1709656712.0801764
7532,1709656712.176813,1709656712.1768181
7533,1709656712.279999,1709656712.2800043
7534,1709656712.3816285,1709656712.3816378
7535,1709656712.4808798,1709656712.4808857
7536,1709656712.5778625,1709656712.5778701
7537,1709656712.6767838,1709656712.676791
7538,1709656712.7731736,1709656712.7731795
7539,1709656712.8849683,1709656712.8849745
7540,1709656712.9773183,1709656712.9773252
7541,1709656713.0841188,1709656713.0841253
7542,1709656713.18785,1709656713.1878536
7543,1709656713.2812345,1709656713.2812421
7544,1709656713.37734,1709656713.377346
7545,1709656713.4802608,1709656713.4802682
7546,1709656713.585044,1709656713.5850492
7547,1709656713.686186,1709656713.6861918
7548,1709656713.7875452,1709656713.7875514
7549,1709656713.8773885,1709656713.8773952
7550,1709656713.9798586,1709656713.9798656
7551,1709656714.0823007,1709656714.0823069
7552,1709656714.1876924,1709656714.1876976
7553,1709656714.2779245,1709656714.2779312
7554,1709656714.3826346,1709656714.3826432
7555,1709656714.4830885,1709656714.4830947
7556,1709656714.589594,1709656714.5895984
7557,1709656714.682661,1709656714.6826673
7558,1709656714.78791,1709656714.7879162
7559,1709656714.873454,1709656714.87346
7560,1709656714.9892921,1709656714.989298
7561,1709656715.0841653,1709656715.0841713
7562,1709656715.1813395,1709656715.1813445
7563,1709656715.28421,1709656715.2842171
7564,1709656715.3817973,1709656715.3818042
7565,1709656715.4756045,1709656715.47561
7566,1709656715.581403,1709656715.5814092
7567,1709656715.6847868,1709656715.6847954
7568,1709656715.7781951,1709656715.7782018
7569,1709656715.8809884,1709656715.8809927
7570,1709656715.9765077,1709656715.9765136
7571,1709656716.0854006,1709656716.085407
7572,1709656716.1867278,1709656716.186734
7573,1709656716.281013,1709656716.2810247
7574,1709656716.3828948,1709656716.3828998
7575,1709656716.487495,1709656716.4875011
7576,1709656716.5826952,1709656716.5827017
7577,1709656716.6797254,1709656716.6797304
7578,1709656716.7800455,1709656716.780051
7579,1709656716.8848927,1709656716.8849006
7580,1709656716.9798522,1709656716.9798577
7581,1709656717.0836031,1709656717.083615
7582,1709656717.1952524,1709656717.1952605
7583,1709656717.287237,1709656717.2872438
7584,1709656717.3898873,1709656717.3898935
7585,1709656717.4821625,1709656717.4821675
7586,1709656717.5875056,1709656717.587512
7587,1709656717.6861422,1709656717.6861484
7588,1709656717.7744277,1709656717.7744334
7589,1709656717.8797235,1709656717.8797305
7590,1709656717.9823844,1709656717.98239
7591,1709656718.073897,1709656718.073904
7592,1709656718.1793442,1709656718.1793487
7593,1709656718.277121,1709656718.2771258
7594,1709656718.3765435,1709656718.37655
7595,1709656718.4804251,1709656718.4804308
7596,1709656718.5807755,1709656718.5807812
7597,1709656718.6799598,1709656718.6799657
7598,1709656718.779649,1709656718.779655
7599,1709656718.8908758,1709656718.8908827
7600,1709656718.9820669,1709656718.9820728
7601,1709656719.0774825,1709656719.0774918
7602,1709656719.6685486,1709656719.6685624
7603,1709656719.6775305,1709656719.6775358
7604,1709656719.6869214,1709656719.6869273
7605,1709656719.783902,1709656719.783908
7606,1709656719.8874137,1709656719.8874207
7607,1709656719.9819975,1709656719.9820056
7608,1709656720.0825436,1709656720.0825527
7609,1709656720.205585,1709656720.2055972
7610,1709656720.286216,1709656720.2862227
7611,1709656720.378325,1709656720.378332
7612,1709656720.479863,1709656720.4798687
7613,1709656720.5823016,1709656720.5823073
7614,1709656720.6792247,1709656720.6792312
7615,1709656720.7776098,1709656720.7776167
7616,1709656720.8773196,1709656720.877326
7617,1709656720.992963,1709656720.9929705
7618,1709656721.078462,1709656721.0784674
7619,1709656721.1751504,1709656721.1751573
7620,1709656721.2738252,1709656721.2738316
7621,1709656721.3736112,1709656721.3736167
7622,1709656721.4791195,1709656721.479125
7623,1709656721.5889454,1709656721.5889518
7624,1709656721.6826751,1709656721.6826818
7625,1709656721.7736385,1709656721.773644
7626,1709656721.87922,1709656721.879227
7627,1709656721.973004,1709656721.9730096
7628,1709656722.0798712,1709656722.0798774
7629,1709656722.1805568,1709656722.180564
7630,1709656722.2769885,1709656722.2769942
7631,1709656722.3763075,1709656722.376314
7632,1709656722.481307,1709656722.4813116
7633,1709656722.5840514,1709656722.584057
7634,1709656722.6778848,1709656722.677889
7635,1709656722.776658,1709656722.7766647
7636,1709656722.8894737,1709656722.8894796
7637,1709656722.9782882,1709656722.9782956
7638,1709656723.0764728,1709656723.076478
7639,1709656723.1839998,1709656723.1840053
7640,1709656723.281916,1709656723.281921
7641,1709656723.3865235,1709656723.3865316
7642,1709656723.473314,1709656723.4733224
7643,1709656723.5775335,1709656723.5775397
7644,1709656723.681723,1709656723.681729
7645,1709656723.7734137,1709656723.77342
7646,1709656723.880122,1709656723.8801277
7647,1709656723.98925,1709656723.9892561
7648,1709656724.074345,1709656724.074352
7649,1709656724.188606,1709656724.18861
7650,1709656724.2897675,1709656724.289774
7651,1709656724.373684,1709656724.37369
7652,1709656724.4754083,1709656724.4754145
7653,1709656724.5771003,1709656724.5771062
7654,1709656724.690206,1709656724.6902122
7655,1709656724.7780042,1709656724.7780108
7656,1709656724.8836648,1709656724.8836722
7657,1709656724.9821134,1709656724.9821186
7658,1709656725.0827477,1709656725.0827541
7659,1709656725.1771998,1709656725.1772034
7660,1709656725.2835648,1709656725.2835722
7661,1709656725.3879042,1709656725.3879101
7662,1709656725.4809685,1709656725.4809735
7663,1709656725.5829632,1709656725.58297
7664,1709656725.6888015,1709656725.6888113
7665,1709656725.7819521,1709656725.7819586
7666,1709656725.8782847,1709656725.8782914
7667,1709656725.9885514,1709656725.9885585
7668,1709656726.0912642,1709656726.091271
7669,1709656726.1735408,1709656726.1735468
7670,1709656726.2919724,1709656726.2919786
7671,1709656726.381173,1709656726.3811796
7672,1709656726.4752734,1709656726.4752789
7673,1709656726.5807757,1709656726.580783
7674,1709656726.6886752,1709656726.6886811
7675,1709656726.780854,1709656726.7808616
7676,1709656726.8789465,1709656726.8789532
7677,1709656726.9832437,1709656726.9832509
7678,1709656727.0822458,1709656727.0822523
7679,1709656727.1859465,1709656727.1859531
7680,1709656727.285946,1709656727.285952
7681,1709656727.378737,1709656727.3787425
7682,1709656727.482848,1709656727.4828541
7683,1709656727.58121,1709656727.581215
7684,1709656727.6800086,1709656727.6800148
7685,1709656727.7784705,1709656727.7784777
7686,1709656727.8868725,1709656727.8868792
7687,1709656727.9795988,1709656727.9796052
7688,1709656728.0811057,1709656728.0811093
7689,1709656728.1764383,1709656728.176445
7690,1709656728.286249,1709656728.286255
7691,1709656728.38451,1709656728.384517
7692,1709656728.4753866,1709656728.4753923
7693,1709656728.577763,1709656728.5778284
7694,1709656728.6846933,1709656728.6846993
7695,1709656728.7858062,1709656728.7858129
7696,1709656728.8845797,1709656728.8845873
7697,1709656728.992158,1709656728.9921656
7698,1709656729.083404,1709656729.0834107
7699,1709656729.1817746,1709656729.181778
7700,1709656729.2829623,1709656729.282969
7701,1709656729.376575,1709656729.3765812
7702,1709656729.480558,1709656729.4805667
7703,1709656729.5813947,1709656729.581401
7704,1709656729.6778119,1709656729.6778188
7705,1709656729.773078,1709656729.7730846
7706,1709656729.8790433,1709656729.8790472
7707,1709656729.9817297,1709656729.9817336
7708,1709656730.082427,1709656730.0824351
7709,1709656730.1809914,1709656730.180998
7710,1709656730.296534,1709656730.296539
7711,1709656730.3772233,1709656730.3772285
7712,1709656730.49037,1709656730.4903758
7713,1709656730.5889482,1709656730.5889552
7714,1709656730.683438,1709656730.6834435
7715,1709656730.7724354,1709656730.772442
7716,1709656730.8865433,1709656730.8865492
7717,1709656730.9829915,1709656730.9829972
7718,1709656731.0776265,1709656731.0776331
7719,1709656731.173659,1709656731.1736658
7720,1709656731.2778974,1709656731.2779026
7721,1709656731.3864202,1709656731.3864262
7722,1709656731.475758,1709656731.4757621
7723,1709656731.5752523,1709656731.575258
7724,1709656731.6855922,1709656731.6855981
7725,1709656731.7804892,1709656731.780494
7726,1709656731.8770149,1709656731.8770227
7727,1709656731.980527,1709656731.9805322
7728,1709656732.0860972,1709656732.0861027
7729,1709656732.1881206,1709656732.1881273
7730,1709656732.284054,1709656732.2840621
7731,1709656732.3826096,1709656732.3826203
7732,1709656732.4743934,1709656732.4743998
7733,1709656732.5865595,1709656732.5865664
7734,1709656732.6795712,1709656732.679578
7735,1709656732.7731106,1709656732.7731168
7736,1709656732.882473,1709656732.88248
7737,1709656732.9792204,1709656732.9792285
7738,1709656733.0776706,1709656733.0776792
7739,1709656733.1804962,1709656733.180503
7740,1709656733.2809494,1709656733.2809548
7741,1709656733.3863573,1709656733.3863637
7742,1709656733.473201,1709656733.4732072
7743,1709656733.5811446,1709656733.5811522
7744,1709656733.6909962,1709656733.691005
7745,1709656733.780185,1709656733.7801905
7746,1709656733.8769372,1709656733.8769424
7747,1709656733.9815006,1709656733.9815068
7748,1709656734.0824404,1709656734.082447
7749,1709656734.1837666,1709656734.183772
7750,1709656734.276596,1709656734.276602
7751,1709656734.38622,1709656734.3862262
7752,1709656734.4872997,1709656734.4873056
7753,1709656734.5821896,1709656734.582195
7754,1709656734.6780524,1709656734.6780581
7755,1709656734.7813838,1709656734.7813897
7756,1709656734.8852727,1709656734.8852806
7757,1709656734.9753177,1709656734.9753242
7758,1709656735.0896935,1709656735.0896993
7759,1709656735.1816444,1709656735.1816506
7760,1709656735.2800999,1709656735.280106
7761,1709656735.3788207,1709656735.378828
7762,1709656735.4728587,1709656735.4728642
7763,1709656735.5830913,1709656735.583097
7764,1709656735.6790729,1709656735.679079
7765,1709656735.7853732,1709656735.785379
7766,1709656735.8733683,1709656735.8733737
7767,1709656735.9780009,1709656735.9780064
7768,1709656736.076857,1709656736.0768611
7769,1709656736.177172,1709656736.1771772
7770,1709656736.2762806,1709656736.2762876
7771,1709656736.3881228,1709656736.3881285
7772,1709656736.480693,1709656736.4806983
7773,1709656736.5769424,1709656736.5769486
7774,1709656736.6801283,1709656736.6801343
7775,1709656736.7751884,1709656736.7751951
7776,1709656736.8794155,1709656736.8794217
7777,1709656736.9775066,1709656736.977513
7778,1709656737.0775015,1709656737.077507
7779,1709656737.2073276,1709656737.2073348
7780,1709656737.272713,1709656737.2727182
7781,1709656737.3767495,1709656737.3767557
7782,1709656737.4855626,1709656737.4855692
7783,1709656737.576065,1709656737.5760717
7784,1709656737.6802714,1709656737.6802785
7785,1709656737.774584,1709656737.7745914
7786,1709656737.8809946,1709656737.8810005
7787,1709656737.9791665,1709656737.9791732
7788,1709656738.078547,1709656738.078555
7789,1709656738.1742706,1709656738.1742775
7790,1709656738.2733495,1709656738.2733562
7791,1709656738.3821397,1709656738.382144
7792,1709656738.4773955,1709656738.4774013
7793,1709656738.5827968,1709656738.5828035
7794,1709656738.6800973,1709656738.6801038
7795,1709656738.7748337,1709656738.774841
7796,1709656738.8776894,1709656738.877696
7797,1709656738.9889188,1709656738.9889247
7798,1709656739.075988,1709656739.0759947
7799,1709656739.1826339,1709656739.1826396
7800,1709656739.2816298,1709656739.281638
7801,1709656739.387924,1709656739.3879302
7802,1709656739.4841554,1709656739.4841628
7803,1709656739.5781972,1709656739.5782037
7804,1709656739.6749299,1709656739.6749372
7805,1709656739.7850423,1709656739.7850482
7806,1709656739.8787587,1709656739.878765
7807,1709656739.9757776,1709656739.9757845
7808,1709656740.0818222,1709656740.0818284
7809,1709656740.175893,1709656740.1759007
7810,1709656740.2807956,1709656740.2808022
7811,1709656740.3821855,1709656740.3821917
7812,1709656740.4818318,1709656740.481839
7813,1709656740.5761817,1709656740.576191
7814,1709656740.6781402,1709656740.678147
7815,1709656740.7794383,1709656740.7794442
7816,1709656740.8848805,1709656740.8848891
7817,1709656740.9760573,1709656740.9760637
7818,1709656741.0773714,1709656741.077379
7819,1709656741.1818764,1709656741.181884
7820,1709656741.2807946,1709656741.280802
7821,1709656741.3816607,1709656741.3816688
7822,1709656741.4807417,1709656741.480749
7823,1709656741.5842094,1709656741.5842173
7824,1709656741.674714,1709656741.674722
7825,1709656741.7899315,1709656741.7899382
7826,1709656741.8772812,1709656741.8772874
7827,1709656741.9892046,1709656741.9892113
7828,1709656742.0834985,1709656742.0835073
7829,1709656742.1775565,1709656742.1775632
7830,1709656742.2792363,1709656742.279243
7831,1709656742.3767035,1709656742.3767107
7832,1709656742.4818254,1709656742.4818318
7833,1709656742.5784903,1709656742.5784976
7834,1709656742.681767,1709656742.6817741
7835,1709656742.7783043,1709656742.778311
7836,1709656742.8817725,1709656742.8817785
7837,1709656742.9806352,1709656742.980642
7838,1709656743.0820568,1709656743.0820634
7839,1709656743.1762424,1709656743.176249
7840,1709656743.2728999,1709656743.272907
7841,1709656743.3786874,1709656743.3786917
7842,1709656743.4793363,1709656743.479342
7843,1709656743.578272,1709656743.5782804
7844,1709656743.6898298,1709656743.689837
7845,1709656743.785652,1709656743.7856605
7846,1709656743.9025297,1709656743.9025383
7847,1709656743.9831142,1709656743.983122
7848,1709656744.0786505,1709656744.078657
7849,1709656744.1853843,1709656744.18539
7850,1709656744.2729635,1709656744.2729716
7851,1709656744.3997748,1709656744.3997822
7852,1709656744.4801981,1709656744.480265
7853,1709656744.5782187,1709656744.5782743
7854,1709656744.686522,1709656744.6865733
7855,1709656744.7874656,1709656744.78752
7856,1709656744.8740659,1709656744.8741574
7857,1709656744.9812496,1709656744.9814398
7858,1709656745.0849638,1709656745.0850232
7859,1709656745.1812336,1709656745.1813006
7860,1709656745.2832236,1709656745.28332
7861,1709656745.3770008,1709656745.3771052
7862,1709656745.4854712,1709656745.4855492
7863,1709656745.5855026,1709656745.5855565
7864,1709656745.6799233,1709656745.6799767
7865,1709656745.780442,1709656745.7805517
7866,1709656745.8829272,1709656745.8829887
7867,1709656745.9804544,1709656745.9805062
7868,1709656746.078948,1709656746.0789897
7869,1709656746.179801,1709656746.1798398
7870,1709656746.2760303,1709656746.276083
7871,1709656746.379945,1709656746.3802447
7872,1709656746.4813602,1709656746.4814093
7873,1709656746.5771942,1709656746.5772543
7874,1709656746.6825926,1709656746.6826532
7875,1709656746.7886753,1709656746.7887416
7876,1709656746.8799777,1709656746.8800354
7877,1709656746.983698,1709656746.9837694
7878,1709656747.0830112,1709656747.083065
7879,1709656747.1783943,1709656747.1784513
7880,1709656747.2806382,1709656747.2807047
7881,1709656747.3885128,1709656747.3885758
7882,1709656747.4865458,1709656747.486613
7883,1709656747.574067,1709656747.574157
7884,1709656747.6839218,1709656747.683986
7885,1709656747.7759197,1709656747.7759855
7886,1709656747.8757477,1709656747.8758416
7887,1709656747.9844306,1709656747.9845016
7888,1709656748.080482,1709656748.0805721
7889,1709656748.1818,1709656748.181866
7890,1709656748.2779279,1709656748.2779903
7891,1709656748.3825192,1709656748.3825686
7892,1709656748.4803104,1709656748.4804015
7893,1709656748.5956948,1709656748.595819
7894,1709656748.681358,1709656748.681511
7895,1709656748.7832592,1709656748.7833958
7896,1709656748.8802836,1709656748.8803828
7897,1709656748.9750903,1709656748.9751508
7898,1709656749.0815713,1709656749.0816302
7899,1709656749.1862373,1709656749.1862926
7900,1709656749.2904258,1709656749.2904842
7901,1709656749.3841085,1709656749.3841665
7902,1709656749.4795718,1709656749.4796884
7903,1709656749.5766382,1709656749.5767322
7904,1709656749.6818633,1709656749.6819737
7905,1709656749.7834024,1709656749.7834766
7906,1709656749.8843157,1709656749.8844035
7907,1709656749.9815376,1709656749.9816244
7908,1709656750.0801609,1709656750.0802746
7909,1709656750.180982,1709656750.181087
7910,1709656750.2900999,1709656750.2901955
7911,1709656750.386857,1709656750.3869107
7912,1709656750.4945807,1709656750.4946434
7913,1709656750.5835667,1709656750.583621
7914,1709656750.6805794,1709656750.6806362
7915,1709656750.7802613,1709656750.780352
7916,1709656750.8751552,1709656750.8752074
7917,1709656750.9801772,1709656750.980235
7918,1709656751.0800717,1709656751.0801837
7919,1709656751.185722,1709656751.1857839
7920,1709656751.273037,1709656751.2730906
7921,1709656751.4054363,1709656751.4055078
7922,1709656751.476642,1709656751.4766865
7923,1709656751.5839481,1709656751.5840456
7924,1709656751.6861858,1709656751.6862466
7925,1709656751.7924328,1709656751.79248
7926,1709656751.8936527,1709656751.8937068
7927,1709656751.9830887,1709656751.9831417
7928,1709656752.076389,1709656752.0764465
7929,1709656752.186162,1709656752.1862388
7930,1709656752.287526,1709656752.2875874
7931,1709656752.3880959,1709656752.3881567
7932,1709656752.4859447,1709656752.4859965
7933,1709656752.5747344,1709656752.5747952
7934,1709656752.6806197,1709656752.6806822
7935,1709656752.7753682,1709656752.7754254
7936,1709656752.8836632,1709656752.8837168
7937,1709656752.9752305,1709656752.9752865
7938,1709656753.085232,1709656753.0853124
7939,1709656753.1879287,1709656753.1880333
7940,1709656753.2781215,1709656753.2782032
7941,1709656753.3882945,1709656753.388353
7942,1709656753.4835622,1709656753.4836452
7943,1709656753.5836484,1709656753.5837088
7944,1709656753.683071,1709656753.6831505
7945,1709656753.7834513,1709656753.7835436
7946,1709656753.883855,1709656753.8839495
7947,1709656753.9833179,1709656753.9834023
7948,1709656754.0858793,1709656754.0859697
7949,1709656754.1949303,1709656754.1949856
7950,1709656754.2865894,1709656754.2866485
7951,1709656754.3934586,1709656754.3935156
7952,1709656754.482533,1709656754.4826114
7953,1709656754.582907,1709656754.5829763
7954,1709656754.6785786,1709656754.6786613
7955,1709656754.7901742,1709656754.7902315
7956,1709656754.8872766,1709656754.887339
7957,1709656754.9770644,1709656754.977109
7958,1709656755.0831997,1709656755.0832531
7959,1709656755.1772518,1709656755.177495
7960,1709656755.2878532,1709656755.2879014
7961,1709656755.381474,1709656755.3815286
7962,1709656755.4763198,1709656755.476385
7963,1709656755.579641,1709656755.579722
7964,1709656755.6743422,1709656755.6743953
7965,1709656755.7737567,1709656755.7738569
7966,1709656755.8823757,1709656755.8824823
7967,1709656755.983831,1709656755.983919
7968,1709656756.0903416,1709656756.0904477
7969,1709656756.1868396,1709656756.186932
7970,1709656756.2781541,1709656756.2782493
7971,1709656756.380422,1709656756.3805165
7972,1709656756.481111,1709656756.4812012
7973,1709656756.5770953,1709656756.577187
7974,1709656756.6914577,1709656756.6915536
7975,1709656756.7898443,1709656756.7899375
7976,1709656756.8914883,1709656756.891578
7977,1709656756.9826322,1709656756.9827263
7978,1709656757.080139,1709656757.0802383
7979,1709656757.1920292,1709656757.192156
7980,1709656757.2750032,1709656757.2751088
7981,1709656757.3897069,1709656757.3898015
7982,1709656757.483024,1709656757.483125
7983,1709656757.586559,1709656757.5866613
7984,1709656757.6787992,1709656757.6788774
7985,1709656757.7843025,1709656757.7843747
7986,1709656757.8891985,1709656757.8892825
7987,1709656757.9774904,1709656757.9775834
7988,1709656758.0852275,1709656758.0853415
7989,1709656758.1894727,1709656758.1895657
7990,1709656758.285938,1709656758.2860525
7991,1709656758.3855433,1709656758.3856428
7992,1709656758.4871073,1709656758.4872031
7993,1709656758.5831704,1709656758.5832694
7994,1709656758.6819773,1709656758.6820798
7995,1709656758.7788823,1709656758.7789865
7996,1709656758.879647,1709656758.8797407
7997,1709656758.981282,1709656758.9813607
7998,1709656759.081211,1709656759.0813446
7999,1709656759.1869895,1709656759.1870806
8000,1709656759.2792816,1709656759.2793949
8001,1709656759.3834908,1709656759.3835948
8002,1709656759.4803717,1709656759.480486
8003,1709656759.5817776,1709656759.5818677
8004,1709656759.6800914,1709656759.680162
8005,1709656759.7777174,1709656759.777784
8006,1709656759.8735056,1709656759.8735723
8007,1709656759.9764063,1709656759.976484
8008,1709656760.0820844,1709656760.0821903
8009,1709656760.183874,1709656760.1839538
8010,1709656760.2806997,1709656760.280792
8011,1709656760.3890104,1709656760.3891335
8012,1709656760.4842947,1709656760.4844332
8013,1709656760.5785544,1709656760.5786517
8014,1709656760.6786597,1709656760.6787708
8015,1709656760.774113,1709656760.7741885
8016,1709656760.8930068,1709656760.8931026
8017,1709656760.9815986,1709656760.9816973
8018,1709656761.0780265,1709656761.0781415
8019,1709656761.1734562,1709656761.1736119
8020,1709656761.2802238,1709656761.280322
8021,1709656761.3833575,1709656761.3834648
8022,1709656761.4803207,1709656761.480397
8023,1709656761.5864444,1709656761.5864885
8024,1709656761.6794763,1709656761.6795607
8025,1709656761.7729173,1709656761.77304
8026,1709656761.8862345,1709656761.8862798
8027,1709656761.9806585,1709656761.980751
8028,1709656762.0803382,1709656762.080388
8029,1709656762.1856916,1709656762.1857433
8030,1709656762.2856038,1709656762.2856882
8031,1709656762.3836234,1709656762.3837738
8032,1709656762.4765303,1709656762.4766254
8033,1709656762.5756269,1709656762.5757136
8034,1709656762.6902444,1709656762.69034
8035,1709656762.793677,1709656762.7937717
8036,1709656762.883496,1709656762.8837938
8037,1709656762.9889257,1709656762.9890294
8038,1709656763.0826504,1709656763.0827382
8039,1709656763.173407,1709656763.1735013
8040,1709656763.2769303,1709656763.2769835
8041,1709656763.3756022,1709656763.3756492
8042,1709656763.5003214,1709656763.500376
8043,1709656763.5884619,1709656763.5885499
8044,1709656763.6825633,1709656763.6826153
8045,1709656763.798457,1709656763.7985084
8046,1709656763.9035172,1709656763.90356
8047,1709656763.9918585,1709656763.991914
8048,1709656764.103526,1709656764.103578
8049,1709656764.193796,1709656764.1938536
8050,1709656764.2750313,1709656764.275078
8051,1709656764.390247,1709656764.3903239
8052,1709656764.4880486,1709656764.488095
8053,1709656764.584642,1709656764.5846813
8054,1709656764.686323,1709656764.6863768
8055,1709656764.7740076,1709656764.7740664
8056,1709656764.881976,1709656764.882033
8057,1709656764.9784615,1709656764.9785285
8058,1709656765.081777,1709656765.081849
8059,1709656765.188115,1709656765.1881702
8060,1709656765.2917242,1709656765.2917783
8061,1709656765.384521,1709656765.3845856
8062,1709656765.4914527,1709656765.4914992
8063,1709656765.5745876,1709656765.5746398
8064,1709656765.6817849,1709656765.6818388
8065,1709656765.7920253,1709656765.7921026
8066,1709656765.8772697,1709656765.8773232
8067,1709656765.975369,1709656765.9754517
8068,1709656766.084696,1709656766.084748
8069,1709656766.181699,1709656766.1817935
8070,1709656766.2810678,1709656766.2811651
8071,1709656766.3951519,1709656766.395243
8072,1709656766.4731848,1709656766.4732294
8073,1709656766.5829184,1709656766.5829835
8074,1709656766.6850576,1709656766.6851048
8075,1709656766.779353,1709656766.779387
8076,1709656766.887983,1709656766.888053
8077,1709656766.980387,1709656766.9804583
8078,1709656767.0828295,1709656767.0829244
8079,1709656767.1849992,1709656767.185061
8080,1709656767.274557,1709656767.2746162
8081,1709656767.3900166,1709656767.3901083
8082,1709656767.4916368,1709656767.4916952
8083,1709656767.5810518,1709656767.5811296
8084,1709656767.680584,1709656767.680668
8085,1709656767.792762,1709656767.7928228
8086,1709656767.8735402,1709656767.8735926
8087,1709656767.9798741,1709656767.979915
8088,1709656768.0887392,1709656768.088804
8089,1709656768.1761286,1709656768.176183
8090,1709656768.2912326,1709656768.2912905
8091,1709656768.3808982,1709656768.3809586
8092,1709656768.4790561,1709656768.4791467
8093,1709656768.5855386,1709656768.5856283
8094,1709656768.6837108,1709656768.683763
8095,1709656768.7851214,1709656768.785173
8096,1709656768.8856485,1709656768.8857467
8097,1709656768.9769065,1709656768.977026
8098,1709656769.0731144,1709656769.073185
8099,1709656769.1816797,1709656769.181745
8100,1709656769.2737045,1709656769.273748
8101,1709656769.3746703,1709656769.3747246
8102,1709656769.4781039,1709656769.4781568
8103,1709656769.5899057,1709656769.5899558
8104,1709656769.6744137,1709656769.674567
8105,1709656769.7834864,1709656769.7835824
8106,1709656769.8742216,1709656769.8743272
8107,1709656769.9855728,1709656769.9856706
8108,1709656770.0824912,1709656770.0825887
8109,1709656770.1804862,1709656770.1805856
8110,1709656770.2855113,1709656770.2856238
8111,1709656770.3823082,1709656770.382439
8112,1709656770.4830277,1709656770.4831226
8113,1709656770.5822105,1709656770.582357
8114,1709656770.6829834,1709656770.6831114
8115,1709656770.7890067,1709656770.7891233
8116,1709656770.879683,1709656770.8798015
8117,1709656770.975957,1709656770.9760537
8118,1709656771.0764475,1709656771.07663
8119,1709656771.1801836,1709656771.180293
8120,1709656771.2745998,1709656771.2747493
8121,1709656771.382297,1709656771.3824093
8122,1709656771.4803264,1709656771.4804614
8123,1709656771.5870264,1709656771.587148
8124,1709656771.6960006,1709656771.6960852
8125,1709656771.7756023,1709656771.7757752
8126,1709656771.8903813,1709656771.8904517
8127,1709656771.9816186,1709656771.98175
8128,1709656772.0830514,1709656772.0831544
8129,1709656772.1816697,1709656772.1817718
8130,1709656772.2807672,1709656772.2808597
8131,1709656772.3808281,1709656772.3809175
8132,1709656772.4813688,1709656772.4814646
8133,1709656772.5804017,1709656772.580509
8134,1709656772.6876493,1709656772.6877656
8135,1709656772.7930183,1709656772.7931314
8136,1709656772.8811793,1709656772.8812582
8137,1709656772.9897654,1709656772.9899678
8138,1709656773.0840244,1709656773.0841222
8139,1709656773.1758986,1709656773.1759872
8140,1709656773.285574,1709656773.2856908
8141,1709656773.3828743,1709656773.3829684
8142,1709656773.4820366,1709656773.4821458
8143,1709656773.5812604,1709656773.5813627
8144,1709656773.680976,1709656773.6810536
8145,1709656773.7841265,1709656773.7842195
8146,1709656773.8761668,1709656773.8762612
8147,1709656773.9782403,1709656773.978945
8148,1709656774.0829384,1709656774.0830271
8149,1709656774.1842654,1709656774.1843617
8150,1709656774.2732608,1709656774.273422
8151,1709656774.3771105,1709656774.3772047
8152,1709656774.4854271,1709656774.485518
8153,1709656774.581898,1709656774.5819921
8154,1709656774.6778967,1709656774.6779952
8155,1709656774.791157,1709656774.791251
8156,1709656774.8805196,1709656774.8806262
8157,1709656774.98114,1709656774.981258
8158,1709656775.0818303,1709656775.0819364
8159,1709656775.1800783,1709656775.180161
8160,1709656775.2899678,1709656775.2900877
8161,1709656775.3792799,1709656775.379385
8162,1709656775.4805982,1709656775.480668
8163,1709656775.5991716,1709656775.5992725
8164,1709656775.6809525,1709656775.6810484
8165,1709656775.7890186,1709656775.7891781
8166,1709656775.8775752,1709656775.877675
8167,1709656775.9837935,1709656775.9839323
8168,1709656776.0759282,1709656776.0760453
8169,1709656776.1881354,1709656776.1882439
8170,1709656776.2856765,1709656776.2858171
8171,1709656776.3781118,1709656776.378206
8172,1709656776.4794214,1709656776.4795256
8173,1709656776.5816214,1709656776.5817194
8174,1709656776.6851044,1709656776.68528
8175,1709656776.7981198,1709656776.7982216
8176,1709656776.8867958,1709656776.8869352
8177,1709656777.0331948,1709656777.033289
8178,1709656777.0853992,1709656777.0855076
8179,1709656777.180602,1709656777.1807106
8180,1709656777.2798626,1709656777.2799668
8181,1709656777.3768737,1709656777.3769677
8182,1709656777.4805188,1709656777.4806383
8183,1709656777.587929,1709656777.587936
8184,1709656777.6805704,1709656777.680576
8185,1709656777.7894175,1709656777.7894244
8186,1709656777.883122,1709656777.8831303
8187,1709656777.989987,1709656777.9899938
8188,1709656778.083771,1709656778.0837805
8189,1709656778.1766658,1709656778.1766717
8190,1709656778.2809055,1709656778.2809114
8191,1709656778.3806505,1709656778.3806581
8192,1709656778.4854171,1709656778.4854221
8193,1709656778.581475,1709656778.5814812
8194,1709656778.6843567,1709656778.6843643
8195,1709656778.775794,1709656778.7758021
8196,1709656778.8810399,1709656778.881046
8197,1709656778.9791183,1709656778.9791257
8198,1709656779.0779755,1709656779.0779824
8199,1709656779.1829891,1709656779.1829958
8200,1709656779.2853177,1709656779.2853255
8201,1709656779.3743715,1709656779.3743784
8202,1709656779.475903,1709656779.4759092
8203,1709656779.5783324,1709656779.57834
8204,1709656779.677718,1709656779.6809137
8205,1709656779.7771895,1709656779.780976
8206,1709656779.8781567,1709656779.880323
8207,1709656779.9828558,1709656779.9848685
8208,1709656780.0766273,1709656780.0793972
8209,1709656780.189002,1709656780.1929896
8210,1709656780.2795,1709656780.2836056
8211,1709656780.3856559,1709656780.3885267
8212,1709656780.4840686,1709656780.4870079
8213,1709656780.5774438,1709656780.5804467
8214,1709656780.6867113,1709656780.6900012
8215,1709656780.7754102,1709656780.7783535
8216,1709656780.8804295,1709656780.8838522
8217,1709656780.9779646,1709656780.9834664
8218,1709656781.083432,1709656781.0861077
8219,1709656781.1825137,1709656781.1855235
8220,1709656781.2739596,1709656781.2769473
8221,1709656781.3849797,1709656781.3879287
8222,1709656781.4810655,1709656781.4836178
8223,1709656781.5807378,1709656781.5836544
8224,1709656781.6762817,1709656781.6794496
8225,1709656781.7840378,1709656781.786808
8226,1709656781.8838131,1709656781.8870804
8227,1709656781.9800313,1709656781.9818254
8228,1709656782.0802495,1709656782.0826783
8229,1709656782.180368,1709656782.1822934
8230,1709656782.2847493,1709656782.2872033
8231,1709656782.3744712,1709656782.3771896
8232,1709656782.4813335,1709656782.483287
8233,1709656782.5800288,1709656782.5828154
8234,1709656782.699939,1709656782.702914
8235,1709656782.7838693,1709656782.786689
8236,1709656782.873435,1709656782.8763146
8237,1709656782.9731085,1709656782.9761155
8238,1709656783.0744064,1709656783.0775306
8239,1709656783.1889222,1709656783.1927907
8240,1709656783.2732725,1709656783.2759323
8241,1709656783.375474,1709656783.378865
8242,1709656783.475517,1709656783.4784687
8243,1709656783.577194,1709656783.5816338
8244,1709656783.685027,1709656783.6880274
8245,1709656783.7803833,1709656783.783372
8246,1709656783.8730245,1709656783.8785408
8247,1709656783.9772024,1709656783.979862
8248,1709656784.0816278,1709656784.0843809
8249,1709656784.1856072,1709656784.188474
8250,1709656784.2853665,1709656784.2876241
8251,1709656784.3736732,1709656784.3762598
8252,1709656784.475892,1709656784.4789076
8253,1709656784.5774603,1709656784.580326
8254,1709656784.6786258,1709656784.6823847
8255,1709656784.7860467,1709656784.789107
8256,1709656784.8863766,1709656784.8901207
8257,1709656784.977664,1709656784.9809232
8258,1709656785.0780425,1709656785.0809474
8259,1709656785.1759605,1709656785.1791878
8260,1709656785.282968,1709656785.2858589
8261,1709656785.3800333,1709656785.3830128
8262,1709656785.4804196,1709656785.4834752
8263,1709656785.5836163,1709656785.5873008
8264,1709656785.6776772,1709656785.6805363
8265,1709656785.7809088,1709656785.7852836
8266,1709656785.8835738,1709656785.8858194
8267,1709656785.985311,1709656785.9879816
8268,1709656786.0814962,1709656786.0844316
8269,1709656786.1796749,1709656786.1815393
8270,1709656786.2796514,1709656786.2830896
8271,1709656786.3876288,1709656786.3905454
8272,1709656786.4727376,1709656786.4777396
8273,1709656786.5771315,1709656786.5805366
8274,1709656786.6775677,1709656786.6804743
8275,1709656786.7824128,1709656786.7847948
8276,1709656786.8777735,1709656786.8804343
8277,1709656786.9809957,1709656786.9841225
8278,1709656787.0855541,1709656787.0885623
8279,1709656787.181159,1709656787.1840484
8280,1709656787.275772,1709656787.2789624
8281,1709656787.377966,1709656787.3808362
8282,1709656787.4845512,1709656787.4875178
8283,1709656787.5727603,1709656787.575819
8284,1709656787.6766315,1709656787.6795452
8285,1709656787.7779603,1709656787.780776
8286,1709656787.8890486,1709656787.8920152
8287,1709656787.9798024,1709656787.982852
8288,1709656788.0863996,1709656788.0892217
8289,1709656788.18588,1709656788.1891599
8290,1709656788.278045,1709656788.28079
8291,1709656788.377904,1709656788.3813117
8292,1709656788.4853554,1709656788.487848
8293,1709656788.5866177,1709656788.5898993
8294,1709656788.679488,1709656788.6814985
8295,1709656788.783356,1709656788.786342
8296,1709656788.878963,1709656788.8807456
8297,1709656788.9763303,1709656788.981022
8298,1709656789.0762475,1709656789.0790656
8299,1709656789.1872053,1709656789.1909757
8300,1709656789.2779605,1709656789.281645
8301,1709656789.3824563,1709656789.3848581
8302,1709656789.475286,1709656789.4782636
8303,1709656789.5829172,1709656789.5852726
8304,1709656789.695265,1709656789.6982403
8305,1709656789.778909,1709656789.7813103
8306,1709656789.8796864,1709656789.8823123
8307,1709656789.9774895,1709656789.9802477
8308,1709656790.0761468,1709656790.0789125
8309,1709656790.1804981,1709656790.183565
8310,1709656790.275524,1709656790.2783637
8311,1709656790.3747027,1709656790.3777182
8312,1709656790.47721,1709656790.4797592
8313,1709656790.5878599,1709656790.5906527
8314,1709656790.678778,1709656790.6825175
8315,1709656790.7824829,1709656790.7854958
8316,1709656790.8822296,1709656790.884432
8317,1709656790.9759564,1709656790.9788582
8318,1709656791.0866377,1709656791.089504
8319,1709656791.1754808,1709656791.1789143
8320,1709656791.2758217,1709656791.2786562
8321,1709656791.3795063,1709656791.3822556
8322,1709656791.4857953,1709656791.4887912
8323,1709656791.5752797,1709656791.5774376
8324,1709656791.6753135,1709656791.6783848
8325,1709656791.7829843,1709656791.782991
8326,1709656791.880181,1709656791.8801877
8327,1709656791.9797304,1709656791.979737
8328,1709656792.0794525,1709656792.0794592
8329,1709656792.1814845,1709656792.1814945
8330,1709656792.273542,1709656792.2735484
8331,1709656792.378503,1709656792.3785076
8332,1709656792.4793773,1709656792.4793837
8333,1709656792.580618,1709656792.5806239
8334,1709656792.6798115,1709656792.679818
8335,1709656792.7829916,1709656792.7829988
8336,1709656792.8838649,1709656792.88387
8337,1709656792.977705,1709656792.977711
8338,1709656793.0801823,1709656793.0801861
8339,1709656793.1829782,1709656793.182984
8340,1709656793.2880127,1709656793.2880185
8341,1709656793.3772328,1709656793.377239
8342,1709656793.475645,1709656793.4756517
8343,1709656793.5811648,1709656793.5811725
8344,1709656793.673886,1709656793.6738925
8345,1709656793.781253,1709656793.78126
8346,1709656793.8753116,1709656793.8753192
8347,1709656793.9810884,1709656793.9810965
8348,1709656794.0850003,1709656794.0850062
8349,1709656794.1894422,1709656794.1894484
8350,1709656794.2816322,1709656794.2816412
8351,1709656794.3812354,1709656794.3812423
8352,1709656794.4746978,1709656794.4747026
8353,1709656794.5821786,1709656794.5821862
8354,1709656794.6786282,1709656794.6786323
8355,1709656794.773563,1709656794.7735696
8356,1709656794.8807685,1709656794.880775
8357,1709656794.9868925,1709656794.986899
8358,1709656795.0847657,1709656795.0847719
8359,1709656795.1745563,1709656795.174561
8360,1709656795.274967,1709656795.2749732
8361,1709656795.376461,1709656795.3764675
8362,1709656795.4757376,1709656795.4757419
8363,1709656795.5790539,1709656795.5790603
8364,1709656795.6811528,1709656795.6811569
8365,1709656795.7773256,1709656795.7773294
8366,1709656795.8778765,1709656795.8778832
8367,1709656795.989775,1709656795.9897807
8368,1709656796.0840943,1709656796.0841012
8369,1709656796.1880293,1709656796.188037
8370,1709656796.2741299,1709656796.274137
8371,1709656796.3847723,1709656796.3847778
8372,1709656796.4730794,1709656796.4730868
8373,1709656796.5797703,1709656796.5797772
8374,1709656796.6744947,1709656796.674501
8375,1709656796.7764003,1709656796.7764065
8376,1709656796.8802726,1709656796.8802786
8377,1709656796.9814303,1709656796.9814355
8378,1709656797.0862315,1709656797.0862372
8379,1709656797.1807868,1709656797.1807933
8380,1709656797.278273,1709656797.278279
8381,1709656797.3743699,1709656797.3743768
8382,1709656797.485919,1709656797.4859254
8383,1709656797.5843756,1709656797.5843825
8384,1709656797.679406,1709656797.679412
8385,1709656797.7823436,1709656797.7823527
8386,1709656797.8758857,1709656797.8758907
8387,1709656797.9850805,1709656797.9850883
8388,1709656798.072965,1709656798.072971
8389,1709656798.182034,1709656798.1820407
8390,1709656798.2816699,1709656798.2816765
8391,1709656798.3773153,1709656798.3773193
8392,1709656798.4727645,1709656798.472769
8393,1709656798.5760043,1709656798.5760088
8394,1709656798.6867363,1709656798.686742
8395,1709656798.7834675,1709656798.7834742
8396,1709656798.8773406,1709656798.8773453
8397,1709656798.9769042,1709656798.9769104
8398,1709656799.0742111,1709656799.0742176
8399,1709656799.177136,1709656799.1771405
8400,1709656799.2799277,1709656799.2799356
8401,1709656799.3751895,1709656799.3751929
8402,1709656799.4801197,1709656799.4801273
8403,1709656799.5858035,1709656799.58581
8404,1709656799.6836324,1709656799.6836388
8405,1709656799.7729125,1709656799.772918
8406,1709656799.878993,1709656799.8790004
8407,1709656799.9821606,1709656799.9821675
8408,1709656800.080566,1709656800.0805724
8409,1709656800.176859,1709656800.1768637
8410,1709656800.27666,1709656800.2766664
8411,1709656800.377121,1709656800.3771281
8412,1709656800.4851482,1709656800.4851556
8413,1709656800.5822353,1709656800.5822408
8414,1709656800.678006,1709656800.6780138
8415,1709656800.7900217,1709656800.7900274
8416,1709656800.8878279,1709656800.887835
8417,1709656800.9798357,1709656800.9798403
8418,1709656801.08032,1709656801.080328
8419,1709656801.1842027,1709656801.184209
8420,1709656801.2807157,1709656801.2807229
8421,1709656801.376893,1709656801.3769004
8422,1709656801.4860632,1709656801.4860685
8423,1709656801.5942242,1709656801.5942333
8424,1709656801.6878715,1709656801.6878774
8425,1709656801.7820816,1709656801.782088
8426,1709656801.9008121,1709656801.900818
8427,1709656801.982524,1709656801.98253
8428,1709656802.0822122,1709656802.082218
8429,1709656802.1852434,1709656802.1852505
8430,1709656802.280599,1709656802.2806058
8431,1709656802.3794713,1709656802.3794777
8432,1709656802.4833379,1709656802.4833443
8433,1709656802.5743172,1709656802.5743241
8434,1709656802.6806366,1709656802.6806426
8435,1709656802.7726774,1709656802.7726827
8436,1709656802.8820024,1709656802.8820083
8437,1709656802.9760213,1709656802.9760277
8438,1709656803.0758047,1709656803.0758111
8439,1709656803.1791232,1709656803.179131
8440,1709656803.2812245,1709656803.2812316
8441,1709656803.3756504,1709656803.375658
8442,1709656803.48198,1709656803.481986
8443,1709656803.5838492,1709656803.5838552
8444,1709656803.6828346,1709656803.682843
8445,1709656803.7770538,1709656803.777062
8446,1709656803.8773637,1709656803.8773723
8447,1709656803.9823751,1709656803.9823844
8448,1709656804.0810483,1709656804.081054
8449,1709656804.1842582,1709656804.1842651
8450,1709656804.2756457,1709656804.275652
8451,1709656804.374253,1709656804.3742588
8452,1709656804.4889357,1709656804.4889445
8453,1709656804.5757632,1709656804.57577
8454,1709656804.677679,1709656804.6776867
8455,1709656804.7825637,1709656804.7825701
8456,1709656804.8817005,1709656804.8817072
8457,1709656804.9770243,1709656804.9770298
8458,1709656805.0740423,1709656805.0740497
8459,1709656805.1792176,1709656805.1792238
8460,1709656805.2870333,1709656805.2870398
8461,1709656805.38435,1709656805.3843553
8462,1709656805.4784107,1709656805.478417
8463,1709656805.5838683,1709656805.583874
8464,1709656805.6782708,1709656805.678276
8465,1709656805.7792046,1709656805.7792082
8466,1709656805.873975,1709656805.8739808
8467,1709656805.9799075,1709656805.9799125
8468,1709656806.0857818,1709656806.0857885
8469,1709656806.1730714,1709656806.1730764
8470,1709656806.2722197,1709656806.2722254
8471,1709656806.3768044,1709656806.3768125
8472,1709656806.476625,1709656806.476632
8473,1709656806.5769517,1709656806.5769553
8474,1709656806.6796696,1709656806.6796744
8475,1709656806.782604,1709656806.7826092
8476,1709656806.874076,1709656806.8740823
8477,1709656806.98482,1709656806.9848263
8478,1709656807.0753324,1709656807.0753376
8479,1709656807.1854618,1709656807.185469
8480,1709656807.2789419,1709656807.2789462
8481,1709656807.3801198,1709656807.3801246
8482,1709656807.4855127,1709656807.4855223
8483,1709656807.5812914,1709656807.5813005
8484,1709656807.6842837,1709656807.684289
8485,1709656807.7757144,1709656807.7757215
8486,1709656807.8809793,1709656807.8809872
8487,1709656807.9828923,1709656807.9828994
8488,1709656808.0872674,1709656808.087274
8489,1709656808.1772904,1709656808.177297
8490,1709656808.2838748,1709656808.283882
8491,1709656808.3750021,1709656808.3750095
8492,1709656808.476282,1709656808.4762888
8493,1709656808.5871744,1709656808.5871813
8494,1709656808.6865659,1709656808.6865728
8495,1709656808.7818143,1709656808.78182
8496,1709656808.877035,1709656808.8770392
8497,1709656808.9829469,1709656808.9829524
8498,1709656809.088021,1709656809.0880282
8499,1709656809.1886046,1709656809.1886125
8500,1709656809.2771578,1709656809.277167
8501,1709656809.3833325,1709656809.383337
8502,1709656809.4795525,1709656809.4795601
8503,1709656809.5783198,1709656809.5783267
8504,1709656809.6810014,1709656809.6810098
8505,1709656809.7794654,1709656809.7794707
8506,1709656809.8748922,1709656809.8748975
8507,1709656809.979576,1709656809.9795814
8508,1709656810.0725234,1709656810.0725315
8509,1709656810.1816044,1709656810.1816106
8510,1709656810.2898047,1709656810.2898102
8511,1709656810.3743083,1709656810.3743145
8512,1709656810.4807265,1709656810.4807322
8513,1709656810.5815284,1709656810.581534
8514,1709656810.6781907,1709656810.6781979
8515,1709656810.7863472,1709656810.7863536
8516,1709656810.8779514,1709656810.8779576
8517,1709656810.9777725,1709656810.977779
8518,1709656811.0811422,1709656811.081148
8519,1709656811.1839771,1709656811.183985
8520,1709656811.2767222,1709656811.2767286
8521,1709656811.375328,1709656811.375333
8522,1709656811.481156,1709656811.4811654
8523,1709656811.5818603,1709656811.5818665
8524,1709656811.6836207,1709656811.683631
8525,1709656811.7763355,1709656811.7763412
8526,1709656811.8813918,1709656811.8813994
8527,1709656811.978015,1709656811.978022
8528,1709656812.0747783,1709656812.0747843
8529,1709656812.1796155,1709656812.1796217
8530,1709656812.2854414,1709656812.2854507
8531,1709656812.38236,1709656812.3823664
8532,1709656812.4818232,1709656812.4818325
8533,1709656812.5806668,1709656812.580672
8534,1709656812.6768067,1709656812.6768112
8535,1709656812.7785378,1709656812.7785416
8536,1709656812.8779724,1709656812.87798
8537,1709656812.9808578,1709656812.9808652
8538,1709656813.0808988,1709656813.080905
8539,1709656813.188773,1709656813.1887803
8540,1709656813.2779243,1709656813.2779293
8541,1709656813.3877552,1709656813.3877616
8542,1709656813.480435,1709656813.4804406
8543,1709656813.5778904,1709656813.5778978
8544,1709656813.6775575,1709656813.6775646
8545,1709656813.7777684,1709656813.7777746
8546,1709656813.8856215,1709656813.8856287
8547,1709656813.9800677,1709656813.9800754
8548,1709656814.0827003,1709656814.082709
8549,1709656814.179355,1709656814.1793618
8550,1709656814.2784169,1709656814.2784219
8551,1709656814.3788629,1709656814.3788698
8552,1709656814.4805448,1709656814.4805527
8553,1709656814.5839503,1709656814.583955
8554,1709656814.6806664,1709656814.6806736
8555,1709656814.7827914,1709656814.7827988
8556,1709656814.8791966,1709656814.879204
8557,1709656814.9792302,1709656814.9792404
8558,1709656815.0779927,1709656815.0779986
8559,1709656815.1839964,1709656815.1840038
8560,1709656815.2887583,1709656815.288765
8561,1709656815.3801057,1709656815.380113
8562,1709656815.483936,1709656815.4839435
8563,1709656815.5880523,1709656815.5880592
8564,1709656815.6737883,1709656815.6737936
8565,1709656815.7845588,1709656815.7845645
8566,1709656815.877237,1709656815.8772426
8567,1709656815.9846098,1709656815.9846172
8568,1709656816.0822508,1709656816.0822575
8569,1709656816.1759384,1709656816.1759448
8570,1709656816.279581,1709656816.2795873
8571,1709656816.376242,1709656816.3762484
8572,1709656816.4792755,1709656816.4792817
8573,1709656816.5763047,1709656816.5763092
8574,1709656816.6760726,1709656816.6760786
8575,1709656816.773379,1709656816.7733858
8576,1709656816.8833199,1709656816.8833258
8577,1709656816.9791873,1709656816.9791937
8578,1709656817.0789318,1709656817.0789406
8579,1709656817.1814907,1709656817.1814964
8580,1709656817.280795,1709656817.2808008
8581,1709656817.3806503,1709656817.3806567
8582,1709656817.4848764,1709656817.4848826
8583,1709656817.5779989,1709656817.578005
8584,1709656817.6794722,1709656817.6794765
8585,1709656817.7822592,1709656817.7822685
8586,1709656817.8835907,1709656817.8835986
8587,1709656817.983194,1709656817.9831998
8588,1709656818.0760026,1709656818.0760076
8589,1709656818.1762576,1709656818.1762645
8590,1709656818.2748752,1709656818.2748823
8591,1709656818.381496,1709656818.3815053
8592,1709656818.4826663,1709656818.4826732
8593,1709656818.5856543,1709656818.5856636
8594,1709656818.6753407,1709656818.6753464
8595,1709656818.7805085,1709656818.7805133
8596,1709656818.907895,1709656818.9079022
8597,1709656818.9848804,1709656818.9848862
8598,1709656819.0861127,1709656819.0861185
8599,1709656819.1821573,1709656819.1821632
8600,1709656819.2943625,1709656819.2943692
8601,1709656819.3780448,1709656819.3780506
8602,1709656819.474019,1709656819.4740243
8603,1709656819.588154,1709656819.5881603
8604,1709656819.6831567,1709656819.6831646
8605,1709656819.785569,1709656819.785576
8606,1709656819.8801537,1709656819.880161
8607,1709656819.9815414,1709656819.9815478
8608,1709656820.080479,1709656820.0804853
8609,1709656820.1745207,1709656820.1745276
8610,1709656820.2794425,1709656820.2794507
8611,1709656820.3803418,1709656820.3803484
8612,1709656820.4763496,1709656820.476354
8613,1709656820.5756934,1709656820.5756974
8614,1709656820.6834195,1709656820.683425
8615,1709656820.7794755,1709656820.7794838
8616,1709656820.8731487,1709656820.8731549
8617,1709656820.9765236,1709656820.976531
8618,1709656821.0755227,1709656821.0755286
8619,1709656821.1827803,1709656821.1827872
8620,1709656821.2764227,1709656821.2764275
8621,1709656821.3790774,1709656821.3790839
8622,1709656821.4813995,1709656821.4814057
8623,1709656821.5824733,1709656821.5824795
8624,1709656821.6778996,1709656821.6779056
8625,1709656821.780668,1709656821.7806754
8626,1709656821.8755345,1709656821.8755398
8627,1709656821.9737015,1709656821.973708
8628,1709656822.0834365,1709656822.083444
8629,1709656822.1840296,1709656822.1840398
8630,1709656822.2801473,1709656822.2801547
8631,1709656822.377527,1709656822.3775344
8632,1709656822.474243,1709656822.4742498
8633,1709656822.5814574,1709656822.5814643
8634,1709656822.6738374,1709656822.6738458
8635,1709656822.7799296,1709656822.7799377
8636,1709656822.875869,1709656822.875876
8637,1709656822.98415,1709656822.9841583
8638,1709656823.0861316,1709656823.0861397
8639,1709656823.1795382,1709656823.1795442
8640,1709656823.2813842,1709656823.2813904
8641,1709656823.3814878,1709656823.3814945
8642,1709656823.473564,1709656823.4735699
8643,1709656823.5741584,1709656823.5741644
8644,1709656823.682552,1709656823.6825595
8645,1709656823.7820194,1709656823.7820234
8646,1709656823.8788838,1709656823.8788888
8647,1709656823.9820848,1709656823.9820914
8648,1709656824.081389,1709656824.0813956
8649,1709656824.185947,1709656824.1859534
8650,1709656824.2753325,1709656824.2753394
8651,1709656824.3852122,1709656824.3852181
8652,1709656824.4836397,1709656824.4836457
8653,1709656824.5738325,1709656824.5738382
8654,1709656824.6761923,1709656824.6761985
8655,1709656824.778099,1709656824.778105
8656,1709656824.8798325,1709656824.8798392
8657,1709656824.9737284,1709656824.9737344
8658,1709656825.0874984,1709656825.0875056
8659,1709656825.186674,1709656825.1866813
8660,1709656825.2875426,1709656825.2875483
8661,1709656825.3762388,1709656825.3762448
8662,1709656825.485253,1709656825.4852567
8663,1709656825.5873034,1709656825.587309
8664,1709656825.681766,1709656825.681772
8665,1709656825.786008,1709656825.7860148
8666,1709656825.887424,1709656825.8874304
8667,1709656826.0076504,1709656826.0076559
8668,1709656826.0801723,1709656826.080179
8669,1709656826.17824,1709656826.1782455
8670,1709656826.293433,1709656826.2934384
8671,1709656826.3744504,1709656826.3744562
8672,1709656826.4864678,1709656826.4864767
8673,1709656826.5892031,1709656826.5892088
8674,1709656826.6887453,1709656826.6887507
8675,1709656826.776885,1709656826.7768903
8676,1709656826.878858,1709656826.878865
8677,1709656826.9803169,1709656826.9803238
8678,1709656827.0750835,1709656827.0750897
8679,1709656827.1804225,1709656827.180429
8680,1709656827.28294,1709656827.282948
8681,1709656827.3843076,1709656827.3843133
8682,1709656827.4748929,1709656827.4748993
8683,1709656827.5754087,1709656827.5754132
8684,1709656827.6780198,1709656827.678026
8685,1709656827.773769,1709656827.7737744
8686,1709656827.878727,1709656827.8787305
8687,1709656827.9767323,1709656827.9767394
8688,1709656828.0872343,1709656828.087242
8689,1709656828.1900735,1709656828.1900804
8690,1709656828.2798827,1709656828.2798889
8691,1709656828.3820395,1709656828.382047
8692,1709656828.483073,1709656828.4830801
8693,1709656828.5849698,1709656828.5849752
8694,1709656828.6797163,1709656828.679723
8695,1709656828.7758877,1709656828.7758923
8696,1709656828.884773,1709656828.8847818
8697,1709656828.9775708,1709656828.9775755
8698,1709656829.0759225,1709656829.0759287
8699,1709656829.1873407,1709656829.1873465
8700,1709656829.2738278,1709656829.2738361
8701,1709656829.3740351,1709656829.3740394
8702,1709656829.4836965,1709656829.483703
8703,1709656829.5843928,1709656829.5843966
8704,1709656829.6803284,1709656829.6803362
8705,1709656829.7851055,1709656829.7851145
8706,1709656829.8745472,1709656829.8745522
8707,1709656829.992123,1709656829.9921296
8708,1709656830.0806859,1709656830.0806937
8709,1709656830.1818185,1709656830.1818252
8710,1709656830.2830503,1709656830.2830555
8711,1709656830.380306,1709656830.3803113
8712,1709656830.4830341,1709656830.483041
8713,1709656830.5800035,1709656830.5800116
8714,1709656830.68247,1709656830.6824772
8715,1709656830.7813604,1709656830.781367
8716,1709656830.8848004,1709656830.8848069
8717,1709656830.9807608,1709656830.9807677
8718,1709656831.079916,1709656831.07992
8719,1709656831.1865456,1709656831.1865525
8720,1709656831.284599,1709656831.284606
8721,1709656831.3773067,1709656831.3773124
8722,1709656831.4856508,1709656831.4856575
8723,1709656831.5852823,1709656831.585287
8724,1709656831.6771863,1709656831.6771936
8725,1709656831.7788162,1709656831.778824
8726,1709656831.8816154,1709656831.881623
8727,1709656831.9929287,1709656831.9929347
8728,1709656832.0739295,1709656832.0739365
8729,1709656832.1733863,1709656832.1733923
8730,1709656832.280394,1709656832.2804024
8731,1709656832.3810613,1709656832.381065
8732,1709656832.4813318,1709656832.481338
8733,1709656832.8901472,1709656832.8945937
8734,1709656832.9076836,1709656832.911826
8735,1709656832.9790967,1709656832.9831192
8736,1709656833.0874066,1709656833.0911543
8737,1709656833.1813905,1709656833.18637
8738,1709656833.2761664,1709656833.279756
8739,1709656833.3875759,1709656833.3914704
8740,1709656833.4838524,1709656833.48669
8741,1709656833.5780096,1709656833.5818715
8742,1709656833.6768353,1709656833.6804326
8743,1709656833.7861917,1709656833.7898104
8744,1709656833.8939552,1709656833.8973272
8745,1709656833.9814923,1709656833.9848895
8746,1709656834.0866137,1709656834.0906243
8747,1709656834.1771462,1709656834.1809232
8748,1709656834.278538,1709656834.2814007
8749,1709656834.390184,1709656834.3940609
8750,1709656834.4918425,1709656834.4995358
8751,1709656834.5745492,1709656834.5785942
8752,1709656834.6812859,1709656834.6852052
8753,1709656834.7811313,1709656834.7851741
8754,1709656834.875993,1709656834.8797052
8755,1709656834.9892063,1709656834.9928577
8756,1709656835.0860372,1709656835.092139
8757,1709656835.1831195,1709656835.1873422
8758,1709656835.281011,1709656835.2842908
8759,1709656835.378998,1709656835.3862298
8760,1709656835.4803276,1709656835.4844935
8761,1709656835.5815616,1709656835.5854998
8762,1709656835.678702,1709656835.6826766
8763,1709656835.779506,1709656835.7830987
8764,1709656835.8801858,1709656835.8840442
8765,1709656835.9804661,1709656835.9846668
8766,1709656836.1007178,1709656836.1063695
8767,1709656836.183949,1709656836.187563
8768,1709656836.2795947,1709656836.2822201
8769,1709656836.3829274,1709656836.3865144
8770,1709656836.4746413,1709656836.4790063
8771,1709656836.5920622,1709656836.5971568
8772,1709656836.6884878,1709656836.6924326
8773,1709656836.786007,1709656836.7902098
8774,1709656836.8834295,1709656836.887444
8775,1709656836.9775126,1709656836.9817233
8776,1709656837.0848584,1709656837.089626
8777,1709656837.1869588,1709656837.1907134
8778,1709656837.2857764,1709656837.2901733
8779,1709656837.3733525,1709656837.3773518
8780,1709656837.4840212,1709656837.4895391
8781,1709656837.5722542,1709656837.5756936
8782,1709656837.6779528,1709656837.6902254
8783,1709656837.7818646,1709656837.786173
8784,1709656837.8821154,1709656837.8859506
8785,1709656837.9768815,1709656837.9816582
8786,1709656838.0827887,1709656838.0872035
8787,1709656838.216736,1709656838.2225032
8788,1709656838.2874222,1709656838.2917235
8789,1709656838.3934214,1709656838.398332
8790,1709656838.4905875,1709656838.494692
8791,1709656838.576914,1709656838.5810308
8792,1709656838.6848795,1709656838.688954
8793,1709656838.7815797,1709656838.7854922
8794,1709656838.8972378,1709656838.9008484
8795,1709656838.9796193,1709656838.983785
8796,1709656839.0867412,1709656839.0937753
8797,1709656839.185159,1709656839.1915936
8798,1709656839.2797499,1709656839.2839592
8799,1709656839.38393,1709656839.3929148
8800,1709656839.4829369,1709656839.4867697
8801,1709656839.5952604,1709656839.5997996
8802,1709656839.69538,1709656839.6998749
8803,1709656839.7862515,1709656839.7920225
8804,1709656839.8859723,1709656839.8906434
8805,1709656839.9931872,1709656839.9989965
8806,1709656840.082496,1709656840.0880346
8807,1709656840.185447,1709656840.189861
8808,1709656840.2789323,1709656840.286083
8809,1709656840.3761537,1709656840.3799038
8810,1709656840.4777308,1709656840.481121
8811,1709656840.588865,1709656840.5948837
8812,1709656840.6919596,1709656840.6954896
8813,1709656840.7850204,1709656840.7898438
8814,1709656840.8865683,1709656840.890808
8815,1709656840.9744086,1709656840.9785676
8816,1709656841.0826166,1709656841.088407
8817,1709656841.179256,1709656841.1820676
8818,1709656841.2779324,1709656841.2828414
8819,1709656841.3735516,1709656841.3789296
8820,1709656841.4882243,1709656841.4941576
8821,1709656841.5802133,1709656841.5842009
8822,1709656841.6839075,1709656841.68853
8823,1709656841.7781918,1709656841.781976
8824,1709656841.879078,1709656841.8819702
8825,1709656841.9795687,1709656841.984138
8826,1709656842.0913613,1709656842.0952735
8827,1709656842.1736336,1709656842.177638
8828,1709656842.283062,1709656842.286637
8829,1709656842.3842425,1709656842.3913841
8830,1709656842.4804907,1709656842.4855144
8831,1709656842.589453,1709656842.5934372
8832,1709656842.6782506,1709656842.68217
8833,1709656842.780269,1709656842.783943
8834,1709656842.8831167,1709656842.888453
8835,1709656842.9727702,1709656842.9763875
8836,1709656843.0819004,1709656843.0891974
8837,1709656843.1782854,1709656843.18217
8838,1709656843.275135,1709656843.279037
8839,1709656843.378067,1709656843.3824687
8840,1709656843.4796746,1709656843.4833627
8841,1709656843.5758874,1709656843.5807993
8842,1709656843.6810155,1709656843.6880274
8843,1709656843.7813485,1709656843.786284
8844,1709656843.886672,1709656843.8919785
8845,1709656843.9781466,1709656843.9813187
8846,1709656844.0831227,1709656844.0875542
8847,1709656844.1807785,1709656844.1856349
8848,1709656844.2762666,1709656844.2796388
8849,1709656844.3806844,1709656844.3874786
8850,1709656844.4883473,1709656844.4923513
8851,1709656844.575948,1709656844.5803752
8852,1709656844.6744087,1709656844.6782925
8853,1709656844.7735531,1709656844.7770133
8854,1709656844.8779495,1709656844.8815806
8855,1709656844.9876606,1709656844.9930882
8856,1709656845.0765343,1709656845.0802712
8857,1709656845.1825862,1709656845.1870992
8858,1709656845.3076434,1709656845.3110578
8859,1709656845.3792064,1709656845.3825424
8860,1709656845.483791,1709656845.4895937
8861,1709656845.5805812,1709656845.5858376
8862,1709656845.6871183,1709656845.6907825
8863,1709656845.7852077,1709656845.78885
8864,1709656845.8816364,1709656845.8881066
8865,1709656845.9801128,1709656845.985868
8866,1709656846.080973,1709656846.0849214
8867,1709656846.1877055,1709656846.1913886
8868,1709656846.2805934,1709656846.2866845
8869,1709656846.3917353,1709656846.395696
8870,1709656846.482245,1709656846.4867735
8871,1709656846.5816524,1709656846.586467
8872,1709656846.6847575,1709656846.688693
8873,1709656846.7909539,1709656846.7949862
8874,1709656846.883441,1709656846.8875084
8875,1709656846.9778488,1709656846.9816206
8876,1709656847.0829163,1709656847.087814
8877,1709656847.1743746,1709656847.179099
8878,1709656847.2912188,1709656847.2912252
8879,1709656847.3803382,1709656847.3803446
8880,1709656847.4861455,1709656847.486151
8881,1709656847.573381,1709656847.5733864
8882,1709656847.679566,1709656847.6796148
8883,1709656847.7800827,1709656847.7800894
8884,1709656847.874426,1709656847.8744318
8885,1709656847.988472,1709656847.9884794
8886,1709656848.084235,1709656848.0842407
8887,1709656848.1761343,1709656848.1761405
8888,1709656848.2893448,1709656848.289352
8889,1709656848.3845913,1709656848.3846004
8890,1709656848.4852257,1709656848.4852333
8891,1709656848.5773172,1709656848.5773234
8892,1709656848.6871207,1709656848.6871266
8893,1709656848.7843516,1709656848.7843575
8894,1709656848.8845704,1709656848.8845828
8895,1709656848.9724383,1709656848.972445
8896,1709656849.0825748,1709656849.082582
8897,1709656849.18363,1709656849.1836367
8898,1709656849.2779973,1709656849.278001
8899,1709656849.389877,1709656849.3898838
8900,1709656849.4814217,1709656849.4814265
8901,1709656849.5865266,1709656849.5865335
8902,1709656849.6757267,1709656849.6757329
8903,1709656849.7779915,1709656849.7779973
8904,1709656849.8822641,1709656849.8822768
8905,1709656849.985185,1709656849.9851906
8906,1709656850.087353,1709656850.087359
8907,1709656850.184109,1709656850.1841147
8908,1709656850.2849247,1709656850.2849305
8909,1709656850.3876703,1709656850.3876767
8910,1709656850.4761825,1709656850.4761882
8911,1709656850.5802948,1709656850.580302
8912,1709656850.6726475,1709656850.6726546
8913,1709656850.7781293,1709656850.7781372
8914,1709656850.873881,1709656850.8738868
8915,1709656850.9868517,1709656850.9868596
8916,1709656851.0877817,1709656851.0877867
8917,1709656851.1842892,1709656851.1842973
8918,1709656851.2799442,1709656851.2799485
8919,1709656851.3835495,1709656851.383554
8920,1709656851.4768066,1709656851.476813
8921,1709656851.5767286,1709656851.5767355
8922,1709656851.6814785,1709656851.681484
8923,1709656851.7801178,1709656851.7801244
8924,1709656851.8802555,1709656851.8802643
8925,1709656851.9852111,1709656851.98522
8926,1709656852.084664,1709656852.0846694
8927,1709656852.1810415,1709656852.181049
8928,1709656852.282064,1709656852.2820706
8929,1709656852.3800778,1709656852.380083
8930,1709656852.4776042,1709656852.4776106
8931,1709656852.588741,1709656852.588747
8932,1709656852.684762,1709656852.684769
8933,1709656852.7750885,1709656852.7750921
8934,1709656852.8886673,1709656852.8886726
8935,1709656852.977286,1709656852.977292
8936,1709656853.0820405,1709656853.08205
8937,1709656853.1942782,1709656853.194286
8938,1709656853.2835135,1709656853.2835186
8939,1709656853.3831964,1709656853.383203
8940,1709656853.4828668,1709656853.4828718
8941,1709656853.58539,1709656853.5853972
8942,1709656853.6882224,1709656853.6882286
8943,1709656853.7760687,1709656853.7760758
8944,1709656853.8836644,1709656853.8836718
8945,1709656853.9897408,1709656853.9897442
8946,1709656854.079871,1709656854.0798798
8947,1709656854.1822362,1709656854.1822412
8948,1709656854.278943,1709656854.278947
8949,1709656854.3859558,1709656854.385963
8950,1709656854.4754174,1709656854.4754252
8951,1709656854.5796144,1709656854.5796213
8952,1709656854.6727023,1709656854.6727085
8953,1709656854.7731435,1709656854.773148
8954,1709656854.8759665,1709656854.87597
8955,1709656854.9735556,1709656854.973564
8956,1709656855.0803058,1709656855.0803123
8957,1709656855.1830413,1709656855.18305
8958,1709656855.276293,1709656855.2763004
8959,1709656855.3809102,1709656855.3809159
8960,1709656855.4816258,1709656855.4816327
8961,1709656855.5831542,1709656855.5831606
