,starttime,endtime
0,1709649316.5895495,1709649316.5895627
1,1709649316.691179,1709649316.6912003
2,1709649316.7833657,1709649316.7833908
3,1709649316.8805559,1709649316.880578
4,1709649316.9869406,1709649316.986963
5,1709649317.0923705,1709649317.096787
6,1709649317.1887548,1709649317.191876
7,1709649317.2909496,1709649317.2943966
8,1709649317.3813221,1709649317.3849075
9,1709649317.4883058,1709649317.491869
10,1709649317.595208,1709649317.5980139
11,1709649317.6848133,1709649317.688464
12,1709649317.7845168,1709649317.787597
13,1709649317.8808687,1709649317.8840458
14,1709649317.9804628,1709649317.983737
15,1709649318.080326,1709649318.0836334
16,1709649318.1827595,1709649318.185896
17,1709649318.286836,1709649318.2916083
18,1709649318.3849392,1709649318.3896859
19,1709649318.479841,1709649318.4830854
20,1709649318.5892608,1709649318.5932415
21,1709649318.68508,1709649318.6886263
22,1709649318.780252,1709649318.782691
23,1709649318.8797607,1709649318.882185
24,1709649318.9862146,1709649318.9905517
25,1709649319.0834541,1709649319.0906365
26,1709649319.1900954,1709649319.194402
27,1709649319.2802958,1709649319.2821965
28,1709649319.3851635,1709649319.3881278
29,1709649319.4807029,1709649319.4838955
30,1709649319.591368,1709649319.5944154
31,1709649319.680109,1709649319.6832535
32,1709649319.7863245,1709649319.78971
33,1709649319.880585,1709649319.8846326
34,1709649319.98036,1709649319.9861321
35,1709649320.087103,1709649320.0924227
36,1709649320.179566,1709649320.1834571
37,1709649320.2821805,1709649320.2885094
38,1709649320.3824987,1709649320.3873768
39,1709649320.485534,1709649320.4893003
40,1709649320.5917048,1709649320.5948293
41,1709649320.6924236,1709649320.6963756
42,1709649320.7809823,1709649320.7853172
43,1709649320.8962042,1709649320.9013083
44,1709649320.9885924,1709649320.9919693
45,1709649321.084376,1709649321.0881395
46,1709649321.191597,1709649321.1950927
47,1709649321.2912478,1709649321.2954974
48,1709649321.3909175,1709649321.39385
49,1709649321.48192,1709649321.4854238
50,1709649321.5967808,1709649321.601939
51,1709649321.686353,1709649321.6899824
52,1709649321.7842362,1709649321.7905147
53,1709649321.8871875,1709649321.890376
54,1709649322.4900482,1709649322.4953377
55,1709649322.5100386,1709649322.5146103
56,1709649322.593187,1709649322.6015346
57,1709649322.6875885,1709649322.6914303
58,1709649322.7901816,1709649322.7918208
59,1709649322.8853273,1709649322.887751
60,1709649322.9871783,1709649322.989946
61,1709649323.091465,1709649323.09478
62,1709649323.188114,1709649323.1949153
63,1709649323.280012,1709649323.282792
64,1709649323.381323,1709649323.3845007
65,1709649323.482665,1709649323.4857206
66,1709649323.5869014,1709649323.5900798
67,1709649323.6842763,1709649323.6869192
68,1709649323.7917502,1709649323.7955651
69,1709649323.8836296,1709649323.8870044
70,1709649323.985452,1709649323.9884953
71,1709649324.0849538,1709649324.0881803
72,1709649324.182498,1709649324.1861386
73,1709649324.286973,1709649324.2906399
74,1709649324.3885481,1709649324.392116
75,1709649324.4870439,1709649324.491439
76,1709649324.591341,1709649324.5978146
77,1709649324.690753,1709649324.6984289
78,1709649324.783511,1709649324.7868156
79,1709649324.8960485,1709649324.8995986
80,1709649324.981623,1709649324.9854293
81,1709649325.081592,1709649325.0845098
82,1709649325.192193,1709649325.1953912
83,1709649325.2847784,1709649325.2871833
84,1709649325.3830347,1709649325.3860705
85,1709649325.4952788,1709649325.50437
86,1709649325.584162,1709649325.5870962
87,1709649325.6870975,1709649325.6909745
88,1709649325.7888618,1709649325.7957835
89,1709649325.8802927,1709649325.8843198
90,1709649325.982412,1709649325.9870794
91,1709649326.0799067,1709649326.083165
92,1709649326.1866558,1709649326.1917179
93,1709649326.2919555,1709649326.2966983
94,1709649326.3814185,1709649326.3851333
95,1709649326.4814587,1709649326.485812
96,1709649326.5837183,1709649326.58702
97,1709649326.6839032,1709649326.6874032
98,1709649326.7825372,1709649326.785801
99,1709649326.8801584,1709649326.8834624
100,1709649326.9895422,1709649326.9932797
101,1709649327.0857515,1709649327.0890841
102,1709649327.1892745,1709649327.1941347
103,1709649327.2877839,1709649327.2919827
104,1709649327.3837528,1709649327.3872652
105,1709649327.4848294,1709649327.4895403
106,1709649327.5943513,1709649327.5987804
107,1709649327.6818035,1709649327.6852503
108,1709649327.7839737,1709649327.7866988
109,1709649327.8838031,1709649327.8878174
110,1709649327.988025,1709649327.9930313
111,1709649328.091299,1709649328.0973265
112,1709649328.1846225,1709649328.1882906
113,1709649328.2919078,1709649328.296362
114,1709649328.3797712,1709649328.3836362
115,1709649328.4846075,1709649328.4880345
116,1709649328.5892644,1709649328.5933845
117,1709649328.6836524,1709649328.687837
118,1709649328.7893043,1709649328.793427
119,1709649328.8959088,1709649328.9011745
120,1709649328.983886,1709649328.9884965
121,1709649329.0834575,1709649329.0889833
122,1709649329.1913705,1709649329.1956828
123,1709649329.2920933,1709649329.2985108
124,1709649329.3907816,1709649329.395524
125,1709649329.4910667,1709649329.495052
126,1709649329.5832102,1709649329.5879433
127,1709649329.6793928,1709649329.6827936
128,1709649329.7908447,1709649329.794685
129,1709649329.881303,1709649329.8846905
130,1709649329.9856663,1709649329.9895198
131,1709649330.0840912,1709649330.087631
132,1709649330.1806636,1709649330.1844566
133,1709649330.2944787,1709649330.298608
134,1709649330.3884091,1709649330.3956404
135,1709649330.4825728,1709649330.486635
136,1709649330.5875692,1709649330.5936077
137,1709649330.6830685,1709649330.687213
138,1709649330.7797608,1709649330.7829092
139,1709649330.8808515,1709649330.8836036
140,1709649330.9849184,1709649330.9878476
141,1709649331.0861871,1709649331.0898058
142,1709649331.1929529,1709649331.1968532
143,1709649331.2956786,1709649331.2988803
144,1709649331.3927588,1709649331.3960602
145,1709649331.4912364,1709649331.4956894
146,1709649331.58939,1709649331.5927095
147,1709649331.6830366,1709649331.686664
148,1709649331.7904346,1709649331.7955399
149,1709649331.883574,1709649331.8867524
150,1709649331.9802544,1709649331.9835773
151,1709649332.0853693,1709649332.0896294
152,1709649332.1848602,1709649332.1889062
153,1709649332.284056,1709649332.2895138
154,1709649332.3807883,1709649332.3849268
155,1709649332.4841273,1709649332.4886422
156,1709649332.5851116,1709649332.5892496
157,1709649332.684444,1709649332.6883545
158,1709649332.7896109,1709649332.7943783
159,1709649332.8833945,1709649332.8877928
160,1709649332.98551,1709649332.9908175
161,1709649333.0814443,1709649333.0859535
162,1709649333.1956527,1709649333.1986167
163,1709649333.2837756,1709649333.289767
164,1709649333.3880289,1709649333.392148
165,1709649333.480323,1709649333.4834504
166,1709649333.5859418,1709649333.5906086
167,1709649333.681883,1709649333.6853418
168,1709649333.7835083,1709649333.7880058
169,1709649333.8840005,1709649333.888463
170,1709649333.9861403,1709649333.990055
171,1709649334.0803485,1709649334.0887656
172,1709649334.1901577,1709649334.1959603
173,1709649334.2951732,1709649334.3045967
174,1709649334.3800383,1709649334.3838136
175,1709649334.4892857,1709649334.4955702
176,1709649334.581869,1709649334.5899708
177,1709649334.6806297,1709649334.6834166
178,1709649334.7895124,1709649334.79613
179,1709649334.8805087,1709649334.8837714
180,1709649334.9819174,1709649334.9898064
181,1709649335.0817566,1709649335.084622
182,1709649335.1816542,1709649335.1885464
183,1709649335.2953615,1709649335.2975543
184,1709649335.386313,1709649335.3904953
185,1709649335.4931436,1709649335.4969003
186,1709649335.5823123,1709649335.5885475
187,1709649335.6857266,1709649335.6890616
188,1709649335.7814915,1709649335.7844353
189,1709649335.8822396,1709649335.885343
190,1709649335.98021,1709649335.9848158
191,1709649336.082659,1709649336.08706
192,1709649336.1835773,1709649336.1867886
193,1709649336.2825906,1709649336.285767
194,1709649336.3843336,1709649336.3875837
195,1709649336.4819267,1709649336.4878674
196,1709649336.5885553,1709649336.591461
197,1709649336.684942,1709649336.6888416
198,1709649336.783826,1709649336.7884934
199,1709649336.8809488,1709649336.88657
200,1709649336.9848874,1709649336.9895537
201,1709649337.0848773,1709649337.0903618
202,1709649337.1806252,1709649337.186131
203,1709649337.2863271,1709649337.2895534
204,1709649337.3834727,1709649337.3866313
205,1709649337.4849749,1709649337.489899
206,1709649337.5846229,1709649337.5895798
207,1709649337.6790552,1709649337.6812487
208,1709649337.7843564,1709649337.7873776
209,1709649337.8825598,1709649337.8856103
210,1709649337.9790719,1709649337.983207
211,1709649338.082133,1709649338.0857186
212,1709649338.184947,1709649338.1883461
213,1709649338.2789164,1709649338.2819982
214,1709649338.3868043,1709649338.391211
215,1709649338.4797847,1709649338.485035
216,1709649338.5819802,1709649338.5856209
217,1709649338.6812992,1709649338.684964
218,1709649338.7849386,1709649338.7884223
219,1709649338.8842738,1709649338.8873754
220,1709649338.9837487,1709649338.9880095
221,1709649339.084287,1709649339.087286
222,1709649339.1826296,1709649339.1852634
223,1709649339.2794626,1709649339.282982
224,1709649339.3851843,1709649339.3882627
225,1709649339.4831107,1709649339.4849539
226,1709649339.5843706,1709649339.587319
227,1709649339.6880724,1709649339.69119
228,1709649339.7798302,1709649339.7869728
229,1709649339.8835902,1709649339.8864822
230,1709649339.9809127,1709649339.9841182
231,1709649340.0793986,1709649340.0855358
232,1709649340.1818237,1709649340.1849039
233,1709649340.2890549,1709649340.2920053
234,1709649340.3797483,1709649340.3816595
235,1709649340.4815784,1709649340.4849012
236,1709649340.5860393,1709649340.589629
237,1709649340.6839309,1709649340.6875021
238,1709649340.7888741,1709649340.7930226
239,1709649340.8825955,1709649340.8869145
240,1709649340.9820652,1709649340.9853222
241,1709649341.0849082,1709649341.0869505
242,1709649341.186578,1709649341.1916754
243,1709649341.2865376,1709649341.290337
244,1709649341.382759,1709649341.3857958
245,1709649341.4852355,1709649341.4884422
246,1709649341.5835109,1709649341.5865119
247,1709649341.6832075,1709649341.6832151
248,1709649341.7807071,1709649341.7807152
249,1709649341.8833508,1709649341.8833582
250,1709649341.980608,1709649341.980615
251,1709649342.0833404,1709649342.0833476
252,1709649342.1793408,1709649342.1793475
253,1709649342.2821321,1709649342.2821457
254,1709649342.3826096,1709649342.382616
255,1709649342.485072,1709649342.4850812
256,1709649342.580635,1709649342.5806427
257,1709649342.6826947,1709649342.6827033
258,1709649342.780623,1709649342.780631
259,1709649342.884635,1709649342.884642
260,1709649342.9820125,1709649342.9820216
261,1709649343.0904322,1709649343.0904393
262,1709649343.1833637,1709649343.1833699
263,1709649343.2828703,1709649343.282877
264,1709649343.394402,1709649343.3944116
265,1709649343.4843233,1709649343.4843318
266,1709649343.5821924,1709649343.5822003
267,1709649343.679354,1709649343.6793609
268,1709649343.783711,1709649343.7837179
269,1709649343.8956385,1709649343.8956456
270,1709649343.9851084,1709649343.9851158
271,1709649344.0836678,1709649344.083675
272,1709649344.182875,1709649344.182882
273,1709649344.2858667,1709649344.2858803
274,1709649344.3838184,1709649344.383826
275,1709649344.4798925,1709649344.4798973
276,1709649344.5843375,1709649344.5843456
277,1709649344.6835864,1709649344.6835945
278,1709649344.7870288,1709649344.7870393
279,1709649344.9001641,1709649344.9001727
280,1709649344.9869077,1709649344.986916
281,1709649345.0838394,1709649345.0838468
282,1709649345.1795459,1709649345.1795518
283,1709649345.2835891,1709649345.2835972
284,1709649345.3824308,1709649345.3824391
285,1709649345.484713,1709649345.4847198
286,1709649345.5817823,1709649345.5817897
287,1709649345.6804388,1709649345.6804466
288,1709649345.787168,1709649345.7871733
289,1709649345.8801486,1709649345.8801563
290,1709649345.9855006,1709649345.9855092
291,1709649346.0831082,1709649346.0831165
292,1709649346.1843941,1709649346.184401
293,1709649346.2839136,1709649346.283921
294,1709649346.3808093,1709649346.3808155
295,1709649346.4815488,1709649346.4815562
296,1709649346.5886998,1709649346.5887063
297,1709649346.690352,1709649346.6903586
298,1709649346.7799473,1709649346.7799556
299,1709649346.8915584,1709649346.8915656
300,1709649346.98034,1709649346.9803467
301,1709649347.0804145,1709649347.0804193
302,1709649347.1803253,1709649347.1803336
303,1709649347.2839332,1709649347.2839386
304,1709649347.386059,1709649347.3860662
305,1709649347.4863043,1709649347.4863107
306,1709649347.5941648,1709649347.5941713
307,1709649347.682378,1709649347.682385
308,1709649347.782609,1709649347.7826166
309,1709649347.8836317,1709649347.883639
310,1709649347.9830282,1709649347.9830368
311,1709649348.082724,1709649348.082731
312,1709649348.1821856,1709649348.182194
313,1709649348.2845345,1709649348.2845414
314,1709649348.3852816,1709649348.3852887
315,1709649348.4868577,1709649348.4868658
316,1709649348.5864315,1709649348.586438
317,1709649348.6806579,1709649348.6806664
318,1709649348.7826648,1709649348.7826731
319,1709649348.8864164,1709649348.8864245
320,1709649348.9862733,1709649348.9862819
321,1709649349.0831745,1709649349.0831823
322,1709649349.1839018,1709649349.1839108
323,1709649349.2861204,1709649349.2861254
324,1709649349.386251,1709649349.386258
325,1709649349.4897063,1709649349.4897134
326,1709649349.594959,1709649349.5949657
327,1709649349.6808658,1709649349.6808724
328,1709649349.7811968,1709649349.7812018
329,1709649349.8797653,1709649349.8797731
330,1709649349.9793549,1709649349.9793608
331,1709649350.0812259,1709649350.0812328
332,1709649350.182717,1709649350.182725
333,1709649350.279213,1709649350.2792208
334,1709649350.3819096,1709649350.381916
335,1709649350.485323,1709649350.4853306
336,1709649350.5817754,1709649350.5817802
337,1709649350.6840572,1709649350.6840641
338,1709649350.7861717,1709649350.7861795
339,1709649350.881035,1709649350.8810432
340,1709649350.9827647,1709649350.9827712
341,1709649351.0806415,1709649351.080648
342,1709649351.1819108,1709649351.181918
343,1709649351.291001,1709649351.2910073
344,1709649351.3815944,1709649351.3815982
345,1709649351.4847107,1709649351.4847178
346,1709649351.582245,1709649351.5822542
347,1709649351.6814253,1709649351.6814332
348,1709649351.7810667,1709649351.7810729
349,1709649351.8817823,1709649351.881789
350,1709649351.981414,1709649351.981421
351,1709649352.0813363,1709649352.0813448
352,1709649352.1919801,1709649352.1919873
353,1709649352.2832534,1709649352.2832615
354,1709649352.3821924,1709649352.382199
355,1709649352.4844275,1709649352.484435
356,1709649352.5886185,1709649352.588626
357,1709649352.682671,1709649352.682679
358,1709649352.7801378,1709649352.7801445
359,1709649352.8804214,1709649352.880429
360,1709649352.9827154,1709649352.9827225
361,1709649353.080536,1709649353.0805435
362,1709649353.1817827,1709649353.1817899
363,1709649353.2788563,1709649353.2788618
364,1709649353.3831015,1709649353.3831093
365,1709649353.4854772,1709649353.485484
366,1709649353.5822964,1709649353.582304
367,1709649353.6817214,1709649353.6817286
368,1709649353.78049,1709649353.7804961
369,1709649353.8890584,1709649353.8890665
370,1709649353.9840932,1709649353.984101
371,1709649354.0853138,1709649354.0853221
372,1709649354.185951,1709649354.1859589
373,1709649354.2802336,1709649354.2802393
374,1709649354.3853405,1709649354.385349
375,1709649354.4851446,1709649354.4851527
376,1709649354.5839837,1709649354.5839915
377,1709649354.6798942,1709649354.6798995
378,1709649354.7795591,1709649354.7795658
379,1709649354.886642,1709649354.8866491
380,1709649354.9805446,1709649354.980549
381,1709649355.08303,1709649355.0830371
382,1709649355.1798716,1709649355.1798785
383,1709649355.2810416,1709649355.281049
384,1709649355.383553,1709649355.3835614
385,1709649355.483395,1709649355.4834027
386,1709649355.5876682,1709649355.5876756
387,1709649355.6794574,1709649355.6794624
388,1709649355.7864923,1709649355.786501
389,1709649355.8851082,1709649355.8851142
390,1709649355.985037,1709649355.9850426
391,1709649356.0900378,1709649356.0900452
392,1709649356.1814113,1709649356.1814184
393,1709649356.294659,1709649356.294665
394,1709649356.384641,1709649356.3846474
395,1709649356.487161,1709649356.487167
396,1709649356.5866816,1709649356.5866895
397,1709649356.6925917,1709649356.6925998
398,1709649356.7846994,1709649356.7847066
399,1709649356.8902144,1709649356.8902214
400,1709649356.983236,1709649356.9832413
401,1709649357.087592,1709649357.0875995
402,1709649357.1851811,1709649357.1851876
403,1709649357.2845516,1709649357.2845578
404,1709649357.3880768,1709649357.388084
405,1709649357.485385,1709649357.485392
406,1709649357.5866406,1709649357.5866458
407,1709649357.6845896,1709649357.6845968
408,1709649357.781947,1709649357.7819536
409,1709649357.8850596,1709649357.8850667
410,1709649357.9817584,1709649357.9817672
411,1709649358.0887418,1709649358.0887501
412,1709649358.1812239,1709649358.1812327
413,1709649358.2821298,1709649358.2821367
414,1709649358.381407,1709649358.3814116
415,1709649358.483346,1709649358.4833527
416,1709649358.5870836,1709649358.5870912
417,1709649358.682645,1709649358.682653
418,1709649358.782775,1709649358.7827835
419,1709649358.8828456,1709649358.8828526
420,1709649358.9816031,1709649358.98161
421,1709649359.0840406,1709649359.084048
422,1709649359.1863332,1709649359.1863403
423,1709649359.2865922,1709649359.2865994
424,1709649359.3818874,1709649359.3818922
425,1709649359.4854414,1709649359.4854481
426,1709649359.5881739,1709649359.5881813
427,1709649359.6803439,1709649359.6803536
428,1709649359.7804835,1709649359.7804885
429,1709649359.881075,1709649359.881084
430,1709649359.981226,1709649359.9812338
431,1709649360.0823581,1709649360.0823627
432,1709649360.181977,1709649360.1819854
433,1709649360.2878554,1709649360.287863
434,1709649360.3848727,1709649360.3848794
435,1709649360.4829004,1709649360.4829082
436,1709649360.5892742,1709649360.5892813
437,1709649360.6905794,1709649360.6905866
438,1709649360.782468,1709649360.7824748
439,1709649360.8800766,1709649360.8800838
440,1709649360.9844882,1709649360.9844952
441,1709649361.0851018,1709649361.0851088
442,1709649361.1903698,1709649361.1903753
443,1709649361.2847536,1709649361.284762
444,1709649361.3838296,1709649361.3838365
445,1709649361.4867465,1709649361.486753
446,1709649361.599598,1709649361.5996056
447,1709649361.7017438,1709649361.7017527
448,1709649361.7847412,1709649361.7847476
449,1709649361.8922486,1709649361.892257
450,1709649361.9869962,1709649361.9870038
451,1709649362.085938,1709649362.0859437
452,1709649362.1804008,1709649362.1804097
453,1709649362.2833729,1709649362.2833798
454,1709649362.3935235,1709649362.393531
455,1709649362.4847438,1709649362.4847517
456,1709649362.5961132,1709649362.59612
457,1709649362.6958811,1709649362.695888
458,1709649362.7831929,1709649362.783199
459,1709649362.8857481,1709649362.8857555
460,1709649362.9881175,1709649362.9881248
461,1709649363.087455,1709649363.0874622
462,1709649363.1833148,1709649363.183321
463,1709649363.2850947,1709649363.285099
464,1709649363.3883896,1709649363.3883984
465,1709649363.4831283,1709649363.4831367
466,1709649363.5939221,1709649363.5939293
467,1709649363.6848135,1709649363.6848207
468,1709649363.7894871,1709649363.7894938
469,1709649363.881093,1709649363.881102
470,1709649363.9871368,1709649363.9871442
471,1709649364.0852842,1709649364.0852926
472,1709649364.1828556,1709649364.1828604
473,1709649364.2838986,1709649364.283905
474,1709649364.3837988,1709649364.3838043
475,1709649364.4922442,1709649364.492251
476,1709649364.5852234,1709649364.5852299
477,1709649364.6836882,1709649364.683694
478,1709649364.7854354,1709649364.7854395
479,1709649364.8820744,1709649364.8820786
480,1709649364.990535,1709649364.990547
481,1709649365.085564,1709649365.0855708
482,1709649365.1855369,1709649365.1855476
483,1709649365.2800226,1709649365.280032
484,1709649365.385574,1709649365.385584
485,1709649365.4862506,1709649365.4862587
486,1709649365.5967338,1709649365.5967422
487,1709649365.6916227,1709649365.6916282
488,1709649365.7851276,1709649365.7851346
489,1709649365.8890135,1709649365.88902
490,1709649365.98021,1709649365.9802465
491,1709649366.0841613,1709649366.0841691
492,1709649366.1827228,1709649366.1827297
493,1709649366.2848902,1709649366.2848942
494,1709649366.3858776,1709649366.3858821
495,1709649366.485283,1709649366.485294
496,1709649366.5909984,1709649366.591006
497,1709649366.6874428,1709649366.6874502
498,1709649366.7918453,1709649366.791853
499,1709649366.885389,1709649366.885396
500,1709649366.9915328,1709649366.9915395
501,1709649367.0863454,1709649367.0863523
502,1709649367.184605,1709649367.1846118
503,1709649367.2858522,1709649367.2858589
504,1709649367.380882,1709649367.3808882
505,1709649367.4881856,1709649367.4881923
506,1709649367.5842865,1709649367.584293
507,1709649367.68606,1709649367.6860669
508,1709649367.7866054,1709649367.786614
509,1709649367.88412,1709649367.884127
510,1709649367.9846973,1709649367.984702
511,1709649368.0845888,1709649368.0845952
512,1709649368.1896534,1709649368.1896584
513,1709649368.2903666,1709649368.290372
514,1709649368.3858042,1709649368.3858156
515,1709649368.4840355,1709649368.484042
516,1709649368.5879774,1709649368.5879838
517,1709649368.6962512,1709649368.6962585
518,1709649368.789302,1709649368.789307
519,1709649368.880232,1709649368.880241
520,1709649368.9908254,1709649368.9908335
521,1709649369.0896382,1709649369.089645
522,1709649369.1896882,1709649369.1896958
523,1709649369.2905605,1709649369.2905676
524,1709649369.3916256,1709649369.3916345
525,1709649369.4867117,1709649369.4867198
526,1709649369.592695,1709649369.5927017
527,1709649369.680563,1709649369.6805706
528,1709649369.784566,1709649369.7845747
529,1709649369.8831596,1709649369.8831675
530,1709649369.9800868,1709649369.9800937
531,1709649370.087171,1709649370.0871778
532,1709649370.184194,1709649370.1842012
533,1709649370.2868617,1709649370.2868686
534,1709649370.3877718,1709649370.3877795
535,1709649370.483149,1709649370.4831545
536,1709649370.5853033,1709649370.585311
537,1709649370.6891012,1709649370.6891103
538,1709649370.7864728,1709649370.7864795
539,1709649370.884947,1709649370.8849528
540,1709649370.9869618,1709649370.9869728
541,1709649371.0847855,1709649371.0847924
542,1709649371.1875205,1709649371.1875262
543,1709649371.2853045,1709649371.2853115
544,1709649371.3901563,1709649371.3901637
545,1709649371.4832225,1709649371.48323
546,1709649371.5892508,1709649371.5892587
547,1709649371.6838624,1709649371.6838696
548,1709649371.7871075,1709649371.7871127
549,1709649371.881248,1709649371.8812556
550,1709649371.990976,1709649371.9909837
551,1709649372.0839725,1709649372.0839782
552,1709649372.1802635,1709649372.180269
553,1709649372.2902074,1709649372.2902143
554,1709649372.386129,1709649372.3861353
555,1709649372.4869368,1709649372.4869437
556,1709649372.5959482,1709649372.5959556
557,1709649372.6852183,1709649372.685226
558,1709649372.785655,1709649372.7856617
559,1709649372.8844461,1709649372.8844533
560,1709649372.9814584,1709649372.9814653
561,1709649373.086454,1709649373.0864615
562,1709649373.1883917,1709649373.1884
563,1709649373.2871916,1709649373.287199
564,1709649373.3804526,1709649373.3804607
565,1709649373.4831054,1709649373.4831114
566,1709649373.5911472,1709649373.591155
567,1709649373.6890485,1709649373.6890557
568,1709649373.781234,1709649373.781241
569,1709649373.8879755,1709649373.8879824
570,1709649373.9834478,1709649373.983453
571,1709649374.0852623,1709649374.0852692
572,1709649374.1912513,1709649374.1912594
573,1709649374.2898846,1709649374.289893
574,1709649374.4023495,1709649374.402358
575,1709649374.4921966,1709649374.4922037
576,1709649374.5863402,1709649374.5863476
577,1709649374.6995277,1709649374.6995363
578,1709649374.7921386,1709649374.792146
579,1709649374.8882556,1709649374.8882675
580,1709649374.993257,1709649374.993264
581,1709649375.0838377,1709649375.083843
582,1709649375.1838827,1709649375.1838903
583,1709649375.2978368,1709649375.2978435
584,1709649375.381395,1709649375.381402
585,1709649375.4863553,1709649375.4863632
586,1709649375.5869777,1709649375.586985
587,1709649375.6849291,1709649375.6849368
588,1709649375.7876625,1709649375.7876694
589,1709649375.884598,1709649375.8846054
590,1709649376.3149931,1709649376.315006
591,1709649376.324646,1709649376.3246534
592,1709649376.3874347,1709649376.3874419
593,1709649376.4857776,1709649376.485783
594,1709649376.5888014,1709649376.5888085
595,1709649376.6871424,1709649376.6871493
596,1709649376.7961364,1709649376.796145
597,1709649376.8845594,1709649376.8845663
598,1709649376.980749,1709649376.9807556
599,1709649377.081514,1709649377.0815187
600,1709649377.184125,1709649377.1841326
601,1709649377.2842803,1709649377.2842891
602,1709649377.3801265,1709649377.380134
603,1709649377.4797318,1709649377.479739
604,1709649377.5804925,1709649377.5804996
605,1709649377.6828904,1709649377.6828976
606,1709649377.782271,1709649377.7822762
607,1709649377.8869426,1709649377.8869486
608,1709649377.9878185,1709649377.987824
609,1709649378.0903916,1709649378.0903974
610,1709649378.1877387,1709649378.187746
611,1709649378.283165,1709649378.2831697
612,1709649378.3838425,1709649378.3838518
613,1709649378.4872396,1709649378.4872453
614,1709649378.58667,1709649378.5866778
615,1709649378.6810071,1709649378.6810114
616,1709649378.7851257,1709649378.7851334
617,1709649378.8883617,1709649378.8883688
618,1709649378.9802873,1709649378.980294
619,1709649379.0872405,1709649379.0872514
620,1709649379.1808088,1709649379.1808152
621,1709649379.2842426,1709649379.2842488
622,1709649379.3901706,1709649379.3901782
623,1709649379.4805353,1709649379.480544
624,1709649379.590496,1709649379.5905027
625,1709649379.6848416,1709649379.6848466
626,1709649379.7843962,1709649379.7844043
627,1709649379.8835742,1709649379.8835824
628,1709649379.9853172,1709649379.9853246
629,1709649380.0877037,1709649380.0877113
630,1709649380.1913238,1709649380.1913307
631,1709649380.2831366,1709649380.2831445
632,1709649380.3805983,1709649380.3806033
633,1709649380.48441,1709649380.4844165
634,1709649380.586951,1709649380.5869586
635,1709649380.6886992,1709649380.6887062
636,1709649380.7853293,1709649380.785337
637,1709649380.891385,1709649380.8913934
638,1709649380.9802403,1709649380.9802465
639,1709649381.0842655,1709649381.0842736
640,1709649381.1867797,1709649381.1867876
641,1709649381.2848902,1709649381.2848966
642,1709649381.3848712,1709649381.3848772
643,1709649381.485997,1709649381.4860036
644,1709649381.587756,1709649381.5877635
645,1709649381.680917,1709649381.6809237
646,1709649381.7834299,1709649381.78344
647,1709649381.8809092,1709649381.880916
648,1709649381.986531,1709649381.9865382
649,1709649382.084089,1709649382.0840962
650,1709649382.1869261,1709649382.1869333
651,1709649382.288676,1709649382.288683
652,1709649382.3885708,1709649382.3885765
653,1709649382.48301,1709649382.483018
654,1709649382.5819094,1709649382.5819163
655,1709649382.686036,1709649382.6860428
656,1709649382.7828784,1709649382.7828836
657,1709649382.8855448,1709649382.885553
658,1709649382.9856174,1709649382.9856253
659,1709649383.0933013,1709649383.0933094
660,1709649383.1838737,1709649383.183881
661,1709649383.2888284,1709649383.2888362
662,1709649383.3841596,1709649383.3841674
663,1709649383.4848135,1709649383.4848197
664,1709649383.587593,1709649383.5876007
665,1709649383.686205,1709649383.6862125
666,1709649383.7852314,1709649383.7852395
667,1709649383.8849103,1709649383.8849149
668,1709649383.9812093,1709649383.9812167
669,1709649384.083408,1709649384.0834165
670,1709649384.181549,1709649384.1815567
671,1709649384.2858274,1709649384.2858334
672,1709649384.382475,1709649384.3824818
673,1709649384.485779,1709649384.4857874
674,1709649384.5878372,1709649384.5878446
675,1709649384.687592,1709649384.687599
676,1709649384.7864313,1709649384.7864394
677,1709649384.8870559,1709649384.8870609
678,1709649384.990039,1709649384.9900465
679,1709649385.08487,1709649385.0848773
680,1709649385.1839051,1709649385.183912
681,1709649385.2844472,1709649385.2844543
682,1709649385.3823962,1709649385.3824048
683,1709649385.4832325,1709649385.48324
684,1709649385.5809798,1709649385.5809872
685,1709649385.6945393,1709649385.6945467
686,1709649385.7806551,1709649385.7806628
687,1709649385.8846166,1709649385.8846245
688,1709649385.9857852,1709649385.9857936
689,1709649386.0811,1709649386.0811079
690,1709649386.1808975,1709649386.1809049
691,1709649386.2830472,1709649386.2830548
692,1709649386.383485,1709649386.383494
693,1709649386.4887254,1709649386.4887333
694,1709649386.588456,1709649386.5884645
695,1709649386.689807,1709649386.6898153
696,1709649386.7793436,1709649386.7793508
697,1709649386.881992,1709649386.8820007
698,1709649386.9842348,1709649386.9842427
699,1709649387.0853612,1709649387.0853684
700,1709649387.1903973,1709649387.190405
701,1709649387.2822163,1709649387.282224
702,1709649387.379569,1709649387.3795762
703,1709649387.4863737,1709649387.4863787
704,1709649387.59172,1709649387.591728
705,1709649387.6878834,1709649387.687891
706,1709649387.786529,1709649387.786536
707,1709649387.882744,1709649387.8827515
708,1709649387.985918,1709649387.9859233
709,1709649388.0887074,1709649388.0887153
710,1709649388.182841,1709649388.1828496
711,1709649388.2799833,1709649388.2799911
712,1709649388.3872247,1709649388.3872328
713,1709649388.4798183,1709649388.4798257
714,1709649388.5843236,1709649388.5843306
715,1709649388.6850078,1709649388.6850142
716,1709649388.7811666,1709649388.7811754
717,1709649388.8812168,1709649388.8812249
718,1709649388.9830394,1709649388.9830477
719,1709649389.0803936,1709649389.0804
720,1709649389.1796663,1709649389.179672
721,1709649389.282852,1709649389.282859
722,1709649389.3821564,1709649389.3821645
723,1709649389.4810061,1709649389.4810138
724,1709649389.5866215,1709649389.5866284
725,1709649389.6870723,1709649389.6870804
726,1709649389.7824063,1709649389.7824142
727,1709649389.8898702,1709649389.8898778
728,1709649389.9857147,1709649389.9857218
729,1709649390.0882115,1709649390.0882187
730,1709649390.191709,1709649390.1917174
731,1709649390.2866337,1709649390.28664
732,1709649390.386728,1709649390.3867378
733,1709649390.4935746,1709649390.4935813
734,1709649390.587103,1709649390.5871117
735,1709649390.6875377,1709649390.6875448
736,1709649390.7833698,1709649390.7833745
737,1709649390.8882656,1709649390.8882742
738,1709649390.9905763,1709649390.9905837
739,1709649391.0889075,1709649391.0889127
740,1709649391.1925728,1709649391.1925807
741,1709649391.2805738,1709649391.2805805
742,1709649391.3820565,1709649391.382064
743,1709649391.4844131,1709649391.4844208
744,1709649391.5868337,1709649391.5868413
745,1709649391.6878865,1709649391.687895
746,1709649391.7833207,1709649391.7833276
747,1709649391.889838,1709649391.8937814
748,1709649391.9883366,1709649391.993313
749,1709649392.0850472,1709649392.0884464
750,1709649392.186062,1709649392.188503
751,1709649392.2891307,1709649392.292992
752,1709649392.3857718,1709649392.3910592
753,1709649392.4869804,1709649392.4907134
754,1709649392.585238,1709649392.58881
755,1709649392.6837904,1709649392.6869915
756,1709649392.7819908,1709649392.785756
757,1709649392.8894215,1709649392.8934963
758,1709649392.9854884,1709649392.990194
759,1709649393.08734,1709649393.091297
760,1709649393.1896484,1709649393.1936224
761,1709649393.2868915,1709649393.289368
762,1709649393.3815186,1709649393.3859367
763,1709649393.4832869,1709649393.4881077
764,1709649393.5872936,1709649393.5917616
765,1709649393.6799448,1709649393.6842203
766,1709649393.7803109,1709649393.7848396
767,1709649393.8851092,1709649393.8892758
768,1709649393.9805498,1709649393.9842014
769,1709649394.0803783,1709649394.0847695
770,1709649394.1864889,1709649394.190279
771,1709649394.285608,1709649394.28974
772,1709649394.3846235,1709649394.3876069
773,1709649394.4824438,1709649394.4869509
774,1709649394.5833776,1709649394.5876458
775,1709649394.6863446,1709649394.6901207
776,1709649394.785941,1709649394.7896585
777,1709649394.8858984,1709649394.8893447
778,1709649394.9856029,1709649394.9881494
779,1709649395.0834856,1709649395.0878139
780,1709649395.1815052,1709649395.1853225
781,1709649395.2805583,1709649395.285195
782,1709649395.3968008,1709649395.4005492
783,1709649395.480118,1709649395.4838471
784,1709649395.5930665,1709649395.5965416
785,1709649395.6856067,1709649395.688786
786,1709649395.7818053,1709649395.784361
787,1709649395.8813934,1709649395.8855274
788,1709649395.9798653,1709649395.983274
789,1709649396.0829892,1709649396.086269
790,1709649396.1833196,1709649396.1867282
791,1709649396.2821233,1709649396.2856786
792,1709649396.38454,1709649396.388091
793,1709649396.486027,1709649396.4896479
794,1709649396.5829685,1709649396.5868165
795,1709649396.6856105,1709649396.689704
796,1709649396.7802875,1709649396.7843328
797,1709649396.88023,1709649396.9043696
798,1709649396.9856484,1709649396.988321
799,1709649397.084569,1709649397.0883923
800,1709649397.180896,1709649397.185508
801,1709649397.2846882,1709649397.289298
802,1709649397.3874085,1709649397.3941643
803,1709649397.4836302,1709649397.487207
804,1709649397.5843203,1709649397.5876515
805,1709649397.6859593,1709649397.6897676
806,1709649397.780501,1709649397.7840266
807,1709649397.8947904,1709649397.8992856
808,1709649398.0459275,1709649398.0502417
809,1709649398.0916688,1709649398.095276
810,1709649398.1815057,1709649398.1851866
811,1709649398.2806525,1709649398.283393
812,1709649398.382045,1709649398.3855228
813,1709649398.4834251,1709649398.4872875
814,1709649398.5822299,1709649398.5859168
815,1709649398.6834486,1709649398.690838
816,1709649398.7930439,1709649398.7978604
817,1709649398.8821187,1709649398.8863833
818,1709649398.9838839,1709649398.9875443
819,1709649399.0868256,1709649399.0931137
820,1709649399.1818228,1709649399.1852334
821,1709649399.283906,1709649399.2866287
822,1709649399.3872132,1709649399.3925195
823,1709649399.4832528,1709649399.4857361
824,1709649399.588334,1709649399.5926535
825,1709649399.68212,1709649399.686728
826,1709649399.780079,1709649399.7838695
827,1709649399.8799555,1709649399.882273
828,1709649399.980653,1709649399.984882
829,1709649400.0820367,1709649400.085485
830,1709649400.1816628,1709649400.1853642
831,1709649400.2811506,1709649400.2848554
832,1709649400.3800116,1709649400.3837886
833,1709649400.482966,1709649400.4866133
834,1709649400.5928776,1709649400.598053
835,1709649400.6804328,1709649400.6831677
836,1709649400.7838666,1709649400.78764
837,1709649400.883595,1709649400.8876858
838,1709649400.9881978,1709649400.992048
839,1709649401.0807047,1709649401.084335
840,1709649401.1825366,1709649401.1867733
841,1709649401.27889,1709649401.281729
842,1709649401.383837,1709649401.38722
843,1709649401.4843676,1709649401.4883366
844,1709649401.5851536,1709649401.5901558
845,1709649401.6860073,1709649401.689503
846,1709649401.78469,1709649401.7882276
847,1709649401.8840141,1709649401.8888273
848,1709649401.9807284,1709649401.9910717
849,1709649402.079792,1709649402.0833602
850,1709649402.1829114,1709649402.1879487
851,1709649402.2837968,1709649402.28765
852,1709649402.3825524,1709649402.3859694
853,1709649402.4862814,1709649402.4908273
854,1709649402.5970323,1709649402.6005595
855,1709649402.6802406,1709649402.6840057
856,1709649402.7820816,1709649402.785857
857,1709649402.8817494,1709649402.8862388
858,1709649402.983225,1709649402.9878132
859,1709649403.0835843,1709649403.087546
860,1709649403.1808863,1709649403.1861782
861,1709649403.2823522,1709649403.286598
862,1709649403.38302,1709649403.3868375
863,1709649403.4928205,1709649403.5059493
864,1709649403.5918534,1709649403.596246
865,1709649403.6875563,1709649403.6918883
866,1709649403.7791498,1709649403.7826388
867,1709649403.885752,1709649403.889471
868,1709649403.984049,1709649403.9882514
869,1709649404.0853786,1709649404.089321
870,1709649404.1874883,1709649404.192715
871,1709649404.2862804,1709649404.2904706
872,1709649404.3839226,1709649404.3874476
873,1709649404.4839988,1709649404.4886425
874,1709649404.5885375,1709649404.5922728
875,1709649404.680987,1709649404.6850479
876,1709649404.7796838,1709649404.7836106
877,1709649404.886138,1709649404.8903396
878,1709649404.983505,1709649404.9877613
879,1709649405.0856652,1709649405.0895014
880,1709649405.1862488,1709649405.1919806
881,1709649405.2823083,1709649405.286102
882,1709649405.381615,1709649405.385077
883,1709649405.4837146,1709649405.488685
884,1709649405.5895808,1709649405.5933144
885,1709649405.6835964,1709649405.687663
886,1709649405.786496,1709649405.7901301
887,1709649405.8804252,1709649405.884596
888,1709649405.985172,1709649405.9889817
889,1709649406.08251,1709649406.0861304
890,1709649406.1820261,1709649406.185064
891,1709649406.284559,1709649406.2877738
892,1709649406.3839006,1709649406.3876393
893,1709649406.4900365,1709649406.4940622
894,1709649406.5857165,1709649406.5887794
895,1709649406.6843233,1709649406.6877987
896,1709649406.783156,1709649406.7868643
897,1709649406.8861995,1709649406.889595
898,1709649406.9840927,1709649406.987391
899,1709649407.0849762,1709649407.0898864
900,1709649407.1950614,1709649407.1998804
901,1709649407.2839375,1709649407.2875483
902,1709649407.3838775,1709649407.3899763
903,1709649407.4908338,1709649407.494393
904,1709649407.5853107,1709649407.5895638
905,1709649407.6861742,1709649407.6903126
906,1709649407.7845025,1709649407.788878
907,1709649407.8898206,1709649407.8939526
908,1709649407.9809136,1709649407.9860694
909,1709649408.082477,1709649408.0876224
910,1709649408.1838958,1709649408.187329
911,1709649408.2813458,1709649408.2851937
912,1709649408.3870034,1709649408.389845
913,1709649408.4844403,1709649408.488199
914,1709649408.5832298,1709649408.5869963
915,1709649408.6873662,1709649408.690068
916,1709649408.7869227,1709649408.7905927
917,1709649408.888612,1709649408.8925319
918,1709649408.9872048,1709649408.991092
919,1709649409.0804253,1709649409.0847642
920,1709649409.1842155,1709649409.1879098
921,1709649409.2816668,1709649409.284914
922,1709649409.3806107,1709649409.3840296
923,1709649409.4870906,1709649409.4900608
924,1709649409.5824845,1709649409.5875561
925,1709649409.6857805,1709649409.6892967
926,1709649409.78465,1709649409.788325
927,1709649409.8872454,1709649409.890766
928,1709649409.9824455,1709649409.9863539
929,1709649410.0855155,1709649410.0887787
930,1709649410.1869128,1709649410.1906502
931,1709649410.2832892,1709649410.2870927
932,1709649410.3834894,1709649410.3887036
933,1709649410.4844503,1709649410.4879355
934,1709649410.5870595,1709649410.591694
935,1709649410.6843972,1709649410.6883004
936,1709649410.7864904,1709649410.7904902
937,1709649410.8868551,1709649410.8918421
938,1709649410.9845338,1709649410.9881482
939,1709649411.0827277,1709649411.0873823
940,1709649411.1795173,1709649411.1832445
941,1709649411.2818992,1709649411.2864623
942,1709649411.3816361,1709649411.3867345
943,1709649411.4814415,1709649411.48492
944,1709649411.5884936,1709649411.5924685
945,1709649411.686142,1709649411.6897097
946,1709649411.7836962,1709649411.7875469
947,1709649411.8871574,1709649411.8910108
948,1709649411.985609,1709649411.9895747
949,1709649412.089664,1709649412.0943136
950,1709649412.1860602,1709649412.1892114
951,1709649412.2861447,1709649412.2899935
952,1709649412.3829107,1709649412.387177
953,1709649412.4827213,1709649412.4857593
954,1709649412.584602,1709649412.5880575
955,1709649412.680796,1709649412.6850033
956,1709649412.7813642,1709649412.7839022
957,1709649412.8806436,1709649412.884397
958,1709649412.9851847,1709649412.9890323
959,1709649413.0852346,1709649413.08901
960,1709649413.186653,1709649413.1902232
961,1709649413.2797656,1709649413.2828724
962,1709649413.3802607,1709649413.3841572
963,1709649413.4849517,1709649413.487619
964,1709649413.5861368,1709649413.589748
965,1709649413.680513,1709649413.6847398
966,1709649413.7800646,1709649413.7835243
967,1709649413.8806822,1709649413.8846245
968,1709649413.979776,1709649413.9835355
969,1709649414.0875206,1709649414.091921
970,1709649414.1812947,1709649414.1850605
971,1709649414.280487,1709649414.2839048
972,1709649414.3817673,1709649414.3854313
973,1709649414.4944599,1709649414.4981003
974,1709649414.583392,1709649414.5871909
975,1709649414.6848843,1709649414.6886423
976,1709649414.7813654,1709649414.7856328
977,1709649414.880174,1709649414.883964
978,1709649414.9848266,1709649414.9883814
979,1709649415.0877137,1709649415.0924294
980,1709649415.1857052,1709649415.1896968
981,1709649415.2872958,1709649415.2925875
982,1709649415.3822126,1709649415.3860297
983,1709649415.491507,1709649415.4960768
984,1709649415.5944347,1709649415.5986238
985,1709649415.6874375,1709649415.6929295
986,1709649415.7802358,1709649415.78335
987,1709649415.8837676,1709649415.886248
988,1709649415.9867969,1709649415.99053
989,1709649416.0825198,1709649416.0864282
990,1709649416.1803472,1709649416.1841643
991,1709649416.2884336,1709649416.2913888
992,1709649416.3807056,1709649416.3844657
993,1709649416.4794133,1709649416.4827387
994,1709649416.5880635,1709649416.5919964
995,1709649416.681883,1709649416.6854851
996,1709649416.7851477,1709649416.7895901
997,1709649416.887364,1709649416.8911865
998,1709649416.9861426,1709649416.9861507
999,1709649417.0827153,1709649417.0827234
1000,1709649417.189756,1709649417.1897697
1001,1709649417.2892687,1709649417.2892735
1002,1709649417.3824356,1709649417.3824441
1003,1709649417.4847481,1709649417.4847538
1004,1709649417.5830774,1709649417.5830843
1005,1709649417.6798613,1709649417.679868
1006,1709649417.7830856,1709649417.7830918
1007,1709649417.8820581,1709649417.8820653
1008,1709649417.9872098,1709649417.9872155
1009,1709649418.083987,1709649418.0839944
1010,1709649418.1830637,1709649418.1830723
1011,1709649418.2886345,1709649418.2886415
1012,1709649418.3846755,1709649418.3846836
1013,1709649418.480976,1709649418.480983
1014,1709649418.588393,1709649418.5884006
1015,1709649418.6857386,1709649418.6857483
1016,1709649418.7845657,1709649418.7845738
1017,1709649418.8854322,1709649418.8854403
1018,1709649418.9961457,1709649418.996153
1019,1709649419.0821457,1709649419.0821528
1020,1709649419.1842184,1709649419.1842265
1021,1709649419.2886102,1709649419.2886176
1022,1709649419.3869793,1709649419.3869855
1023,1709649419.4949284,1709649419.4949362
1024,1709649419.5928411,1709649419.5928478
1025,1709649419.6859233,1709649419.6859298
1026,1709649419.782091,1709649419.7820985
1027,1709649419.8878584,1709649419.8878655
1028,1709649419.9820375,1709649419.982045
1029,1709649420.0850654,1709649420.0850766
1030,1709649420.1882384,1709649420.1882446
1031,1709649420.2846274,1709649420.2846353
1032,1709649420.3799417,1709649420.3799496
1033,1709649420.4877665,1709649420.4877732
1034,1709649420.58908,1709649420.5890875
1035,1709649420.686752,1709649420.686757
1036,1709649420.7880683,1709649420.7880745
1037,1709649420.8865921,1709649420.8865995
1038,1709649420.9829404,1709649420.9829483
1039,1709649421.089847,1709649421.0898535
1040,1709649421.1856954,1709649421.185702
1041,1709649421.2861052,1709649421.2861116
1042,1709649421.3819165,1709649421.3819246
1043,1709649421.4859114,1709649421.4859188
1044,1709649421.595254,1709649421.5952609
1045,1709649421.692821,1709649421.692828
1046,1709649421.784079,1709649421.7840886
1047,1709649421.889197,1709649421.8892057
1048,1709649421.998937,1709649421.9989457
1049,1709649422.1063495,1709649422.1063576
1050,1709649422.1887603,1709649422.1887686
1051,1709649422.2897973,1709649422.2898047
1052,1709649422.3965852,1709649422.3965933
1053,1709649422.4933026,1709649422.4933102
1054,1709649422.5852954,1709649422.5853012
1055,1709649422.7002728,1709649422.7002814
1056,1709649422.7852974,1709649422.785304
1057,1709649422.8849108,1709649422.8849165
1058,1709649422.9867427,1709649422.9867504
1059,1709649423.0869827,1709649423.08699
1060,1709649423.1862113,1709649423.1862183
1061,1709649423.290794,1709649423.290802
1062,1709649423.3834968,1709649423.3835032
1063,1709649423.4849267,1709649423.4849353
1064,1709649423.5857024,1709649423.5857093
1065,1709649423.6855097,1709649423.685516
1066,1709649423.7886255,1709649423.7886329
1067,1709649423.8855493,1709649423.8855553
1068,1709649423.983892,1709649423.9838984
1069,1709649424.084749,1709649424.0847554
1070,1709649424.1888123,1709649424.1888173
1071,1709649424.284719,1709649424.2847264
1072,1709649424.3864589,1709649424.3864665
1073,1709649424.4843273,1709649424.484335
1074,1709649424.59718,1709649424.5971873
1075,1709649424.681144,1709649424.6811712
1076,1709649424.7841835,1709649424.7841904
1077,1709649424.8833752,1709649424.8833814
1078,1709649424.984622,1709649424.9846292
1079,1709649425.0861485,1709649425.0861566
1080,1709649425.1813796,1709649425.1813877
1081,1709649425.287307,1709649425.2873151
1082,1709649425.384419,1709649425.3844268
1083,1709649425.481261,1709649425.481268
1084,1709649425.5910976,1709649425.5911043
1085,1709649425.681764,1709649425.6817684
1086,1709649425.7864048,1709649425.7864115
1087,1709649425.8807054,1709649425.8807127
1088,1709649425.982522,1709649425.98253
1089,1709649426.0848749,1709649426.0848866
1090,1709649426.1882231,1709649426.1882312
1091,1709649426.2873063,1709649426.287315
1092,1709649426.3863382,1709649426.3863451
1093,1709649426.4920075,1709649426.4920154
1094,1709649426.5830123,1709649426.5830197
1095,1709649426.6854997,1709649426.6855063
1096,1709649426.7810287,1709649426.7810376
1097,1709649426.8809116,1709649426.8809168
1098,1709649426.986994,1709649426.9869993
1099,1709649427.0891023,1709649427.0891092
1100,1709649427.1933773,1709649427.1933863
1101,1709649427.284798,1709649427.284805
1102,1709649427.3857603,1709649427.3857672
1103,1709649427.487194,1709649427.4872007
1104,1709649427.588084,1709649427.5880907
1105,1709649427.6812289,1709649427.6812334
1106,1709649427.7844374,1709649427.7844477
1107,1709649427.88619,1709649427.8861973
1108,1709649427.992411,1709649427.992418
1109,1709649428.0847793,1709649428.0847871
1110,1709649428.1846576,1709649428.184664
1111,1709649428.2931936,1709649428.2932007
1112,1709649428.384159,1709649428.384166
1113,1709649428.480273,1709649428.4802806
1114,1709649428.5948148,1709649428.5948248
1115,1709649428.6856203,1709649428.6856275
1116,1709649428.7843366,1709649428.7843444
1117,1709649428.8856611,1709649428.885668
1118,1709649428.9819572,1709649428.9819617
1119,1709649429.0807076,1709649429.0807147
1120,1709649429.1812315,1709649429.1812391
1121,1709649429.2868593,1709649429.286864
1122,1709649429.3844466,1709649429.3844538
1123,1709649429.489845,1709649429.489852
1124,1709649429.5943413,1709649429.594349
1125,1709649429.6811025,1709649429.681111
1126,1709649429.7840338,1709649429.784044
1127,1709649429.8869376,1709649429.8869438
1128,1709649429.987036,1709649429.9870431
1129,1709649430.084587,1709649430.084594
1130,1709649430.1833987,1709649430.1834035
1131,1709649430.279617,1709649430.2796247
1132,1709649430.3809195,1709649430.380925
1133,1709649430.484363,1709649430.484369
1134,1709649430.5837831,1709649430.5837913
1135,1709649430.6822643,1709649430.682272
1136,1709649430.792793,1709649430.7928
1137,1709649430.8853133,1709649430.885321
1138,1709649430.9854043,1709649430.985411
1139,1709649431.0857124,1709649431.0857198
1140,1709649431.1876016,1709649431.187608
1141,1709649431.2886574,1709649431.2886639
1142,1709649431.3911626,1709649431.3911705
1143,1709649431.4807677,1709649431.480777
1144,1709649431.5897763,1709649431.5897856
1145,1709649431.684294,1709649431.6843011
1146,1709649431.7805946,1709649431.7806025
1147,1709649431.8822768,1709649431.8822834
1148,1709649431.993065,1709649431.993071
1149,1709649432.0863993,1709649432.0864053
1150,1709649432.191196,1709649432.1912036
1151,1709649432.2856758,1709649432.2856824
1152,1709649432.383594,1709649432.3836038
1153,1709649432.4875958,1709649432.4876037
1154,1709649432.5870883,1709649432.5870953
1155,1709649432.6831145,1709649432.6831224
1156,1709649432.7868748,1709649432.7868838
1157,1709649432.881284,1709649432.8812912
1158,1709649432.9829915,1709649432.9829981
1159,1709649433.0837076,1709649433.0837147
1160,1709649433.1830838,1709649433.1830914
1161,1709649433.2886574,1709649433.288666
1162,1709649433.3886833,1709649433.388691
1163,1709649433.4807498,1709649433.4807572
1164,1709649433.5962663,1709649433.596274
1165,1709649433.6855245,1709649433.6855311
1166,1709649433.7930627,1709649433.7930725
1167,1709649433.8891644,1709649433.8891726
1168,1709649433.9835336,1709649433.983541
1169,1709649434.0862784,1709649434.0862854
1170,1709649434.1869698,1709649434.1869764
1171,1709649434.2848191,1709649434.2848263
1172,1709649434.7163174,1709649434.7163267
1173,1709649434.7241728,1709649434.72418
1174,1709649434.7875865,1709649434.7875917
1175,1709649434.888693,1709649434.8887012
1176,1709649434.989468,1709649434.9894788
1177,1709649435.093944,1709649435.0939512
1178,1709649435.1846197,1709649435.1846292
1179,1709649435.2867115,1709649435.2867193
1180,1709649435.3956697,1709649435.3956769
1181,1709649435.4808042,1709649435.480811
1182,1709649435.5862856,1709649435.5862932
1183,1709649435.6968412,1709649435.6968493
1184,1709649435.789683,1709649435.7896907
1185,1709649435.8847709,1709649435.8847833
1186,1709649435.988397,1709649435.9884083
1187,1709649436.0816994,1709649436.081706
1188,1709649436.1797886,1709649436.1797934
1189,1709649436.2942975,1709649436.2943044
1190,1709649436.3857977,1709649436.3858058
1191,1709649436.4907057,1709649436.4907126
1192,1709649436.5871074,1709649436.587114
1193,1709649436.688611,1709649436.6886187
1194,1709649436.7833843,1709649436.7833917
1195,1709649436.8889277,1709649436.8889349
1196,1709649436.9933896,1709649436.9933975
1197,1709649437.0866337,1709649437.0866404
1198,1709649437.1814456,1709649437.1814508
1199,1709649437.2946713,1709649437.294679
1200,1709649437.3913012,1709649437.39131
1201,1709649437.481523,1709649437.4815314
1202,1709649437.5884564,1709649437.5884645
1203,1709649437.6875336,1709649437.6875412
1204,1709649437.783475,1709649437.7834828
1205,1709649437.8931088,1709649437.8931167
1206,1709649437.9934485,1709649437.9934585
1207,1709649438.0844831,1709649438.0844908
1208,1709649438.1844454,1709649438.1844537
1209,1709649438.295339,1709649438.295344
1210,1709649438.3883793,1709649438.388386
1211,1709649438.4870415,1709649438.4870477
1212,1709649438.592702,1709649438.5927105
1213,1709649438.6980014,1709649438.698009
1214,1709649438.7911692,1709649438.7911775
1215,1709649438.8858364,1709649438.8858433
1216,1709649438.9826448,1709649438.9826555
1217,1709649439.0847852,1709649439.0847902
1218,1709649439.183059,1709649439.1830666
1219,1709649439.2813284,1709649439.281336
1220,1709649439.3914495,1709649439.3914554
1221,1709649439.4890823,1709649439.4890893
1222,1709649439.5852747,1709649439.585286
1223,1709649439.6900523,1709649439.6900575
1224,1709649439.7841344,1709649439.7841427
1225,1709649439.8862596,1709649439.8862674
1226,1709649439.9801352,1709649439.980143
1227,1709649440.090049,1709649440.0900571
1228,1709649440.190242,1709649440.1902492
1229,1709649440.28775,1709649440.28776
1230,1709649440.3868587,1709649440.3868635
1231,1709649440.4949856,1709649440.4949934
1232,1709649440.5951762,1709649440.595183
1233,1709649440.6938596,1709649440.6938672
1234,1709649440.786867,1709649440.7868738
1235,1709649440.8953397,1709649440.8953454
1236,1709649440.983405,1709649440.983413
1237,1709649441.0809364,1709649441.080943
1238,1709649441.1874092,1709649441.1874166
1239,1709649441.2883623,1709649441.2883694
1240,1709649441.4230635,1709649441.4230711
1241,1709649441.5207367,1709649441.5207455
1242,1709649441.6056087,1709649441.6056166
1243,1709649441.703455,1709649441.7034621
1244,1709649441.7992475,1709649441.7992551
1245,1709649441.906045,1709649441.906053
1246,1709649441.9910514,1709649441.9910605
1247,1709649442.1113236,1709649442.1113336
1248,1709649442.1917927,1709649442.191803
1249,1709649442.3043487,1709649442.3043573
1250,1709649442.3960688,1709649442.3960783
1251,1709649442.5041459,1709649442.5041554
1252,1709649442.627808,1709649442.6278179
1253,1709649442.6987605,1709649442.6987689
1254,1709649442.7883456,1709649442.7883542
1255,1709649442.8889842,1709649442.888992
1256,1709649442.991182,1709649442.9911914
1257,1709649443.0833707,1709649443.083379
1258,1709649443.1992319,1709649443.1992404
1259,1709649443.3037367,1709649443.3037443
1260,1709649443.3962722,1709649443.3962817
1261,1709649443.4903357,1709649443.490343
1262,1709649443.5974393,1709649443.5974476
1263,1709649443.7185974,1709649443.7186058
1264,1709649443.8111722,1709649443.8111813
1265,1709649443.896076,1709649443.8960836
1266,1709649444.0135286,1709649444.0135372
1267,1709649444.1025457,1709649444.1025538
1268,1709649444.201113,1709649444.2011197
1269,1709649444.2905433,1709649444.2905505
1270,1709649444.4365666,1709649444.4365735
1271,1709649444.4970264,1709649444.497033
1272,1709649444.5899844,1709649444.589991
1273,1709649444.687688,1709649444.6876953
1274,1709649444.789907,1709649444.7899146
1275,1709649444.8816857,1709649444.8816917
1276,1709649444.9808967,1709649444.9809036
1277,1709649445.0889266,1709649445.0889328
1278,1709649445.187689,1709649445.187697
1279,1709649445.2897174,1709649445.2897263
1280,1709649445.4138772,1709649445.413885
1281,1709649445.4981992,1709649445.498207
1282,1709649445.5951397,1709649445.5951498
1283,1709649445.6965208,1709649445.696529
1284,1709649445.7965417,1709649445.7965498
1285,1709649445.914934,1709649445.914941
1286,1709649446.001403,1709649446.0014117
1287,1709649446.0820744,1709649446.0820844
1288,1709649446.184766,1709649446.1847734
1289,1709649446.2891743,1709649446.289182
1290,1709649446.3900437,1709649446.3900561
1291,1709649446.4903326,1709649446.4903407
1292,1709649446.6088066,1709649446.6088154
1293,1709649446.6869059,1709649446.6869142
1294,1709649446.8036325,1709649446.803641
1295,1709649446.8962085,1709649446.8962162
1296,1709649446.982266,1709649446.9822738
1297,1709649447.08974,1709649447.0897474
1298,1709649447.1944842,1709649447.194492
1299,1709649447.2855406,1709649447.2855475
1300,1709649447.3832927,1709649447.3832977
1301,1709649447.480153,1709649447.4801602
1302,1709649447.5841894,1709649447.5841985
1303,1709649447.706552,1709649447.7065613
1304,1709649447.7867353,1709649447.7867439
1305,1709649447.8867185,1709649447.886725
1306,1709649447.9996526,1709649447.99966
1307,1709649448.0875843,1709649448.0875907
1308,1709649448.1986756,1709649448.1986835
1309,1709649448.3196716,1709649448.3196821
1310,1709649448.381459,1709649448.3814633
1311,1709649448.4896002,1709649448.4896076
1312,1709649448.5944734,1709649448.59448
1313,1709649448.682711,1709649448.6827195
1314,1709649448.784243,1709649448.7842498
1315,1709649448.8850973,1709649448.8851042
1316,1709649448.987219,1709649448.9872313
1317,1709649449.0846844,1709649449.0846913
1318,1709649449.1905751,1709649449.1905856
1319,1709649449.289854,1709649449.2898617
1320,1709649449.396781,1709649449.396789
1321,1709649449.4865232,1709649449.4865296
1322,1709649449.5948064,1709649449.5948145
1323,1709649449.68768,1709649449.6876864
1324,1709649449.7844937,1709649449.7845013
1325,1709649449.8884995,1709649449.8885067
1326,1709649449.9916086,1709649449.9916177
1327,1709649450.1028326,1709649450.1028438
1328,1709649450.190068,1709649450.190077
1329,1709649450.283506,1709649450.2835138
1330,1709649450.3855278,1709649450.385535
1331,1709649450.4827209,1709649450.4827278
1332,1709649450.5856512,1709649450.5856602
1333,1709649450.6876247,1709649450.6876328
1334,1709649450.7831004,1709649450.7831082
1335,1709649450.882488,1709649450.882494
1336,1709649450.9869635,1709649450.9869733
1337,1709649451.0846245,1709649451.0846314
1338,1709649451.1830807,1709649451.1830864
1339,1709649451.28343,1709649451.28344
1340,1709649451.4120507,1709649451.412059
1341,1709649451.4947073,1709649451.494716
1342,1709649451.5963142,1709649451.5963218
1343,1709649451.6874018,1709649451.6874092
1344,1709649451.7860882,1709649451.7860975
1345,1709649451.8820055,1709649451.882012
1346,1709649451.980456,1709649451.980463
1347,1709649452.0866919,1709649452.086699
1348,1709649452.1903188,1709649452.190331
1349,1709649452.2902827,1709649452.2902904
1350,1709649452.384541,1709649452.384545
1351,1709649452.4846892,1709649452.4846938
1352,1709649452.5946372,1709649452.5946443
1353,1709649452.6910279,1709649452.6910346
1354,1709649452.7821069,1709649452.7821157
1355,1709649452.8960705,1709649452.896078
1356,1709649452.980955,1709649452.9809635
1357,1709649453.0922585,1709649453.092266
1358,1709649453.1818066,1709649453.1818142
1359,1709649453.286019,1709649453.286024
1360,1709649453.3872151,1709649453.3872263
1361,1709649453.4807014,1709649453.4807093
1362,1709649453.5999804,1709649453.5999877
1363,1709649453.6834853,1709649453.6834924
1364,1709649453.7829907,1709649453.7829986
1365,1709649453.8790147,1709649453.8790221
1366,1709649453.9897132,1709649453.9897184
1367,1709649454.0789187,1709649454.0789266
1368,1709649454.1885183,1709649454.188528
1369,1709649454.279226,1709649454.2792332
1370,1709649454.3794646,1709649454.37947
1371,1709649454.4935033,1709649454.493513
1372,1709649454.5813358,1709649454.5813437
1373,1709649454.6889815,1709649454.6889868
1374,1709649454.7875268,1709649454.7875354
1375,1709649454.8804975,1709649454.8805044
1376,1709649454.9879124,1709649454.9879217
1377,1709649455.0951488,1709649455.0951567
1378,1709649455.1834102,1709649455.1834183
1379,1709649455.2835593,1709649455.2835672
1380,1709649455.3811815,1709649455.3811896
1381,1709649455.4847033,1709649455.4847114
1382,1709649455.5854702,1709649455.585478
1383,1709649455.6938038,1709649455.6938107
1384,1709649455.782984,1709649455.782992
1385,1709649455.8803396,1709649455.8803468
1386,1709649455.9836001,1709649455.9836092
1387,1709649456.080227,1709649456.0802348
1388,1709649456.1874626,1709649456.1874695
1389,1709649456.2907743,1709649456.2907822
1390,1709649456.3920343,1709649456.3920414
1391,1709649456.4884474,1709649456.4884663
1392,1709649456.581035,1709649456.5810437
1393,1709649456.6915865,1709649456.691594
1394,1709649456.7841694,1709649456.7841773
1395,1709649456.8839967,1709649456.8840053
1396,1709649456.986536,1709649456.9865441
1397,1709649457.0816567,1709649457.0816646
1398,1709649457.1842809,1709649457.184288
1399,1709649457.280322,1709649457.2803288
1400,1709649457.3810055,1709649457.3810139
1401,1709649457.487155,1709649457.4871628
1402,1709649457.5955184,1709649457.5955253
1403,1709649457.6855986,1709649457.685606
1404,1709649457.7882564,1709649457.7882643
1405,1709649457.8945205,1709649457.89453
1406,1709649457.9796622,1709649457.9796672
1407,1709649458.0866513,1709649458.0866573
1408,1709649458.189933,1709649458.1899426
1409,1709649458.2875466,1709649458.287555
1410,1709649458.3812022,1709649458.3812106
1411,1709649458.4852011,1709649458.48521
1412,1709649458.5889995,1709649458.5890083
1413,1709649458.6919608,1709649458.6919682
1414,1709649458.7834957,1709649458.7835035
1415,1709649458.887773,1709649458.8877802
1416,1709649458.9893653,1709649458.9893727
1417,1709649459.0895302,1709649459.089537
1418,1709649459.1841488,1709649459.1841576
1419,1709649459.2800508,1709649459.2800584
1420,1709649459.3901782,1709649459.3901858
1421,1709649459.4868379,1709649459.4868426
1422,1709649459.5802555,1709649459.5802615
1423,1709649459.6889324,1709649459.6889377
1424,1709649459.787047,1709649459.787055
1425,1709649459.88401,1709649459.8840196
1426,1709649459.9910948,1709649459.9911027
1427,1709649460.0946007,1709649460.09461
1428,1709649460.1878371,1709649460.187847
1429,1709649460.3019743,1709649460.301981
1430,1709649460.3937654,1709649460.3937726
1431,1709649460.4836032,1709649460.4836104
1432,1709649460.5869617,1709649460.58697
1433,1709649460.6839747,1709649460.6839828
1434,1709649460.7809844,1709649460.7809923
1435,1709649460.8860586,1709649460.8860652
1436,1709649460.9852238,1709649460.9852297
1437,1709649461.0914025,1709649461.0914085
1438,1709649461.1834157,1709649461.183421
1439,1709649461.2921991,1709649461.2922096
1440,1709649461.3893132,1709649461.3893218
1441,1709649461.489277,1709649461.4892838
1442,1709649461.5860686,1709649461.586076
1443,1709649461.684091,1709649461.6840994
1444,1709649461.7857592,1709649461.785765
1445,1709649461.8843043,1709649461.8843145
1446,1709649461.9836416,1709649461.9836497
1447,1709649462.0827115,1709649462.0827203
1448,1709649462.2231364,1709649462.2231464
1449,1709649462.3028543,1709649462.302864
1450,1709649462.4081173,1709649462.408126
1451,1709649462.5248463,1709649462.5248604
1452,1709649462.6008806,1709649462.6008897
1453,1709649462.6935456,1709649462.6935534
1454,1709649462.803224,1709649462.8032336
1455,1709649462.9026785,1709649462.9026864
1456,1709649462.9920664,1709649462.9920743
1457,1709649463.093269,1709649463.0932777
1458,1709649463.1922927,1709649463.1923015
1459,1709649463.2980924,1709649463.2980998
1460,1709649463.3905923,1709649463.3906014
1461,1709649463.498855,1709649463.4989798
1462,1709649463.5870318,1709649463.5871522
1463,1709649463.704878,1709649463.70496
1464,1709649463.7853057,1709649463.7853613
1465,1709649463.8860507,1709649463.8861606
1466,1709649463.9879458,1709649463.988015
1467,1709649464.0842717,1709649464.0854225
1468,1709649464.2041016,1709649464.204163
1469,1709649464.297537,1709649464.29759
1470,1709649464.4024935,1709649464.4025738
1471,1709649464.48703,1709649464.4870775
1472,1709649464.5838642,1709649464.583943
1473,1709649464.6890092,1709649464.689061
1474,1709649464.7881904,1709649464.7882686
1475,1709649464.881888,1709649464.8819375
1476,1709649464.989334,1709649464.9893906
1477,1709649465.0891798,1709649465.0892622
1478,1709649465.18325,1709649465.183307
1479,1709649465.2913046,1709649465.2914097
1480,1709649465.3914552,1709649465.3915112
1481,1709649465.4825838,1709649465.4826412
1482,1709649465.616765,1709649465.6168196
1483,1709649465.7081268,1709649465.711106
1484,1709649465.8062818,1709649465.806345
1485,1709649465.8928957,1709649465.893199
1486,1709649465.986005,1709649465.9860651
1487,1709649466.0860403,1709649466.0861034
1488,1709649466.182061,1709649466.1821334
1489,1709649466.3076718,1709649466.307739
1490,1709649466.3964,1709649466.3964665
1491,1709649466.49509,1709649466.4951527
1492,1709649466.5938497,1709649466.5939372
1493,1709649466.6865065,1709649466.6866024
1494,1709649466.7924616,1709649466.7925189
1495,1709649466.8861687,1709649466.886215
1496,1709649466.9813757,1709649466.981442
1497,1709649467.0869942,1709649467.0870032
1498,1709649467.1862328,1709649467.1862416
1499,1709649467.3165998,1709649467.3166075
1500,1709649467.4059656,1709649467.405974
1501,1709649467.5314837,1709649467.5314963
1502,1709649467.6053963,1709649467.6054137
1503,1709649467.6975105,1709649467.6975195
1504,1709649467.7938716,1709649467.7938795
1505,1709649467.904601,1709649467.9046094
1506,1709649467.99423,1709649467.9942393
1507,1709649468.1075423,1709649468.1075506
1508,1709649468.1884403,1709649468.188454
1509,1709649468.2862484,1709649468.2862573
1510,1709649468.3979685,1709649468.3979778
1511,1709649468.4976718,1709649468.4976797
1512,1709649468.609507,1709649468.6095173
1513,1709649468.6925228,1709649468.692532
1514,1709649468.8012514,1709649468.8012588
1515,1709649468.9007452,1709649468.9007535
1516,1709649468.9956257,1709649468.9956338
1517,1709649469.1038585,1709649469.112514
1518,1709649469.2062702,1709649469.2123187
1519,1709649469.2834086,1709649469.2900534
1520,1709649469.3913674,1709649469.397171
1521,1709649469.5060358,1709649469.525203
1522,1709649469.586703,1709649469.5964646
1523,1709649469.690486,1709649469.6999683
1524,1709649469.7803564,1709649469.786735
1525,1709649469.8804994,1709649469.8859308
1526,1709649469.9905918,1709649469.9969442
1527,1709649470.088444,1709649470.093833
1528,1709649470.18143,1709649470.1885803
1529,1709649470.2930014,1709649470.299854
1530,1709649470.3809757,1709649470.387772
1531,1709649470.4873238,1709649470.4937868
1532,1709649470.596463,1709649470.602709
1533,1709649470.6874242,1709649470.6936374
1534,1709649470.7813814,1709649470.7883275
1535,1709649470.8848293,1709649470.8906548
1536,1709649470.9896379,1709649470.995354
1537,1709649471.0887609,1709649471.0946033
1538,1709649471.186131,1709649471.191194
1539,1709649471.2827492,1709649471.2891033
1540,1709649471.3795712,1709649471.3839667
1541,1709649471.4833689,1709649471.4899833
1542,1709649471.581881,1709649471.587568
1543,1709649471.6855106,1709649471.691015
1544,1709649471.7820868,1709649471.787697
1545,1709649471.8878837,1709649471.892965
1546,1709649471.9835026,1709649471.9886873
1547,1709649472.0811043,1709649472.086136
1548,1709649472.1826434,1709649472.1886315
1549,1709649472.2821887,1709649472.2883255
1550,1709649472.3809142,1709649472.385057
1551,1709649472.4838128,1709649472.4882836
1552,1709649472.5836344,1709649472.5878897
1553,1709649472.6917417,1709649472.6972826
1554,1709649472.7855167,1709649472.789938
1555,1709649472.8834808,1709649472.8900063
1556,1709649472.985879,1709649472.9906707
1557,1709649473.0851321,1709649473.0902944
1558,1709649473.1839197,1709649473.1883645
1559,1709649473.2881436,1709649473.2916026
1560,1709649473.3890033,1709649473.397414
1561,1709649473.4851615,1709649473.4909763
1562,1709649473.594196,1709649473.60014
1563,1709649473.6846077,1709649473.6884263
1564,1709649473.7874076,1709649473.7988217
1565,1709649473.8850672,1709649473.8894958
1566,1709649473.9879665,1709649473.9929433
1567,1709649474.0871274,1709649474.0927892
1568,1709649474.1872318,1709649474.192468
1569,1709649474.284458,1709649474.2883918
1570,1709649474.3973587,1709649474.4035423
1571,1709649474.4849937,1709649474.4905446
1572,1709649474.6008835,1709649474.606167
1573,1709649474.6888366,1709649474.6936207
1574,1709649474.7851336,1709649474.7908359
1575,1709649474.8844426,1709649474.888978
1576,1709649474.984745,1709649474.9900935
1577,1709649475.0870273,1709649475.0906136
1578,1709649475.1930416,1709649475.2014763
1579,1709649475.2919543,1709649475.2964482
1580,1709649475.3820882,1709649475.3865159
1581,1709649475.4899879,1709649475.4942925
1582,1709649475.59667,1709649475.6019094
1583,1709649475.6885405,1709649475.6926303
1584,1709649475.7887716,1709649475.7980282
1585,1709649475.8874817,1709649475.8917124
1586,1709649475.9835274,1709649475.9891524
1587,1709649476.0940413,1709649476.102005
1588,1709649476.1895216,1709649476.1940575
1589,1709649476.2808022,1709649476.2860851
1590,1709649476.387892,1709649476.3919818
1591,1709649476.4831686,1709649476.4884534
1592,1709649476.5924127,1709649476.5962324
1593,1709649476.687078,1709649476.6903844
1594,1709649476.7817328,1709649476.7845087
1595,1709649476.8854997,1709649476.8900652
1596,1709649476.9917862,1709649476.9983015
1597,1709649477.0873156,1709649477.0915928
1598,1709649477.1820967,1709649477.185452
1599,1709649477.2884245,1709649477.292703
1600,1709649477.3860343,1709649477.390246
1601,1709649477.5063412,1709649477.509716
1602,1709649477.591775,1709649477.5970325
1603,1709649477.69299,1709649477.6992128
1604,1709649477.7963243,1709649477.8019679
1605,1709649477.888885,1709649477.8927839
1606,1709649478.0016859,1709649478.0066473
1607,1709649478.0846968,1709649478.0890954
1608,1709649478.1860075,1709649478.1891036
1609,1709649478.2806046,1709649478.2847104
1610,1709649478.4046032,1709649478.4084232
1611,1709649478.4988878,1709649478.502607
1612,1709649478.588541,1709649478.597358
1613,1709649478.684565,1709649478.6875837
1614,1709649478.7828522,1709649478.7863815
1615,1709649478.8921509,1709649478.8965237
1616,1709649478.9843829,1709649478.9877412
1617,1709649479.0849116,1709649479.0888157
1618,1709649479.1893487,1709649479.1929154
1619,1709649479.298851,1709649479.3026736
1620,1709649479.3903823,1709649479.4007227
1621,1709649479.4870253,1709649479.4913392
1622,1709649479.586834,1709649479.5990472
1623,1709649479.6834939,1709649479.686136
1624,1709649479.788315,1709649479.79155
1625,1709649479.8874924,1709649479.8914676
1626,1709649479.9893398,1709649479.994848
1627,1709649480.0870214,1709649480.0905967
1628,1709649480.1931934,1709649480.1971288
1629,1709649480.2909074,1709649480.2949476
1630,1709649480.387642,1709649480.391643
1631,1709649480.4859123,1709649480.4901414
1632,1709649480.5927327,1709649480.5953183
1633,1709649480.6853042,1709649480.6893535
1634,1709649480.7831619,1709649480.7871065
1635,1709649480.8866363,1709649480.89144
1636,1709649480.9870093,1709649480.9902241
1637,1709649481.088942,1709649481.0933685
1638,1709649481.199834,1709649481.2028003
1639,1709649481.2870889,1709649481.2914915
1640,1709649481.3837135,1709649481.387611
1641,1709649481.489609,1709649481.4966707
1642,1709649481.596752,1709649481.60174
1643,1709649481.6971688,1709649481.7025533
1644,1709649481.7866368,1709649481.791279
1645,1709649481.8917878,1709649481.8961406
1646,1709649481.9812105,1709649481.985364
1647,1709649482.0802956,1709649482.0844064
1648,1709649482.1877828,1709649482.191596
1649,1709649482.287667,1709649482.2926576
1650,1709649482.3849742,1709649482.3888443
1651,1709649482.4832191,1709649482.48709
1652,1709649482.5868256,1709649482.5908833
1653,1709649482.6963754,1709649482.7000308
1654,1709649482.7846453,1709649482.7881916
1655,1709649482.8821068,1709649482.8858151
1656,1709649482.980931,1709649482.984888
1657,1709649483.0906274,1709649483.0943363
1658,1709649483.187224,1709649483.191995
1659,1709649483.2836266,1709649483.2875097
1660,1709649483.3904593,1709649483.3952038
1661,1709649483.484821,1709649483.4874547
1662,1709649483.6040945,1709649483.6080303
1663,1709649483.679782,1709649483.6832414
1664,1709649483.7834158,1709649483.787969
1665,1709649483.8837857,1709649483.8885913
1666,1709649483.9872952,1709649483.991064
1667,1709649484.0881004,1709649484.0920382
1668,1709649484.1863334,1709649484.190076
1669,1709649484.2852924,1709649484.2890108
1670,1709649484.384868,1709649484.3886564
1671,1709649484.4943376,1709649484.4979703
1672,1709649484.5974095,1709649484.6009693
1673,1709649484.680419,1709649484.6844149
1674,1709649484.7791278,1709649484.7817366
1675,1709649484.889759,1709649484.8930507
1676,1709649484.9852388,1709649484.9902666
1677,1709649485.0821624,1709649485.0894084
1678,1709649485.1815486,1709649485.184991
1679,1709649485.290552,1709649485.294566
1680,1709649485.3899567,1709649485.392646
1681,1709649485.4878113,1709649485.4918015
1682,1709649485.590136,1709649485.5966716
1683,1709649485.6851206,1709649485.6889408
1684,1709649485.790287,1709649485.7958176
1685,1709649485.8825386,1709649485.8870454
1686,1709649485.981208,1709649485.9847734
1687,1709649486.08441,1709649486.0891442
1688,1709649486.1824782,1709649486.185576
1689,1709649486.2889335,1709649486.293268
1690,1709649486.3829372,1709649486.3867788
1691,1709649486.492843,1709649486.4968832
1692,1709649486.5928578,1709649486.596864
1693,1709649486.6915708,1709649486.6961854
1694,1709649486.781082,1709649486.784781
1695,1709649486.8812923,1709649486.8850377
1696,1709649486.986788,1709649486.9906542
1697,1709649487.0868602,1709649487.0906115
1698,1709649487.1945384,1709649487.1987045
1699,1709649487.2799032,1709649487.2834182
1700,1709649487.3887255,1709649487.3914058
1701,1709649487.4824214,1709649487.48617
1702,1709649487.6014316,1709649487.6047535
1703,1709649487.6821406,1709649487.6860902
1704,1709649487.7845185,1709649487.788016
1705,1709649487.8837821,1709649487.88692
1706,1709649487.9800732,1709649487.9840546
1707,1709649488.0863926,1709649488.0894074
1708,1709649488.1802692,1709649488.1841354
1709,1709649488.283746,1709649488.28711
1710,1709649488.3856902,1709649488.3892906
1711,1709649488.4965277,1709649488.498964
1712,1709649488.5953712,1709649488.5989943
1713,1709649488.6813672,1709649488.68498
1714,1709649488.7828069,1709649488.7864578
1715,1709649488.8921478,1709649488.8958416
1716,1709649488.9838264,1709649488.9882169
1717,1709649489.0846388,1709649489.0885355
1718,1709649489.1910694,1709649489.1948104
1719,1709649489.3032868,1709649489.3073616
1720,1709649489.3946826,1709649489.3984604
1721,1709649489.4885297,1709649489.492432
1722,1709649489.5820293,1709649489.5863545
1723,1709649489.6876009,1709649489.6920507
1724,1709649489.785266,1709649489.7885125
1725,1709649489.8840454,1709649489.8878403
1726,1709649489.9860141,1709649489.989607
1727,1709649490.0794203,1709649490.0828068
1728,1709649490.194631,1709649490.1986344
1729,1709649490.2852278,1709649490.2890892
1730,1709649490.384561,1709649490.3881352
1731,1709649490.4877834,1709649490.4910822
1732,1709649490.5953844,1709649490.6012998
1733,1709649490.6859002,1709649490.6900027
1734,1709649490.786241,1709649490.7900524
1735,1709649490.8863442,1709649490.89004
1736,1709649490.9868045,1709649490.9904866
1737,1709649491.098245,1709649491.101884
1738,1709649491.1837296,1709649491.1872573
1739,1709649491.2851546,1709649491.2888062
1740,1709649491.388062,1709649491.391821
1741,1709649491.4904218,1709649491.4953299
1742,1709649491.588122,1709649491.5968938
1743,1709649491.688802,1709649491.6925726
1744,1709649491.7840037,1709649491.7875988
1745,1709649491.890965,1709649491.8942606
1746,1709649491.9940348,1709649491.9979963
1747,1709649492.0913668,1709649492.0913754
1748,1709649492.1812825,1709649492.1812894
1749,1709649492.2913773,1709649492.291386
1750,1709649492.3914483,1709649492.3914564
1751,1709649492.4904556,1709649492.4904635
1752,1709649492.5888052,1709649492.5888133
1753,1709649492.7238474,1709649492.7238553
1754,1709649492.7987602,1709649492.798768
1755,1709649492.8905735,1709649492.890581
1756,1709649492.9833941,1709649492.9834008
1757,1709649493.0823064,1709649493.082315
1758,1709649493.1835697,1709649493.1835778
1759,1709649493.2904325,1709649493.2904398
1760,1709649493.3918636,1709649493.3918724
1761,1709649493.4835262,1709649493.4835331
1762,1709649493.5836203,1709649493.5836277
1763,1709649493.6802638,1709649493.6802726
1764,1709649493.7966695,1709649493.7966764
1765,1709649493.8900623,1709649493.8900697
1766,1709649493.9892483,1709649493.9892564
1767,1709649494.0846148,1709649494.0846243
1768,1709649494.1903038,1709649494.1903129
1769,1709649494.2830572,1709649494.2830637
1770,1709649494.384222,1709649494.384229
1771,1709649494.485091,1709649494.4850967
1772,1709649494.5831163,1709649494.5831225
1773,1709649494.68818,1709649494.6881871
1774,1709649494.7873642,1709649494.7873716
1775,1709649494.8822844,1709649494.882292
1776,1709649494.9836607,1709649494.9836655
1777,1709649495.0889702,1709649495.0889766
1778,1709649495.1815403,1709649495.1815484
1779,1709649495.287782,1709649495.2877893
1780,1709649495.3799565,1709649495.3799644
1781,1709649495.4920192,1709649495.4920247
1782,1709649495.5868886,1709649495.5868988
1783,1709649495.6850684,1709649495.6850748
1784,1709649495.785944,1709649495.7859519
1785,1709649495.8892417,1709649495.88925
1786,1709649495.9884696,1709649495.9884772
1787,1709649496.0888135,1709649496.0888233
1788,1709649496.1848261,1709649496.1848342
1789,1709649496.2871537,1709649496.2871618
1790,1709649496.3916357,1709649496.3916433
1791,1709649496.4866102,1709649496.4866204
1792,1709649496.5897706,1709649496.5897791
1793,1709649496.6862607,1709649496.6862679
1794,1709649496.7925558,1709649496.7925644
1795,1709649496.9022112,1709649496.9022179
1796,1709649496.997756,1709649496.997765
1797,1709649497.0955873,1709649497.0955944
1798,1709649497.1935432,1709649497.193551
1799,1709649497.3015604,1709649497.3015697
1800,1709649497.4002998,1709649497.400309
1801,1709649497.4873803,1709649497.487389
1802,1709649497.5823388,1709649497.5823498
1803,1709649497.6940656,1709649497.694074
1804,1709649497.7843142,1709649497.784324
1805,1709649497.8839788,1709649497.8839867
1806,1709649497.9829028,1709649497.9829102
1807,1709649498.085967,1709649498.0859742
1808,1709649498.1988094,1709649498.198817
1809,1709649498.3008769,1709649498.3008854
1810,1709649498.3915257,1709649498.3915374
1811,1709649498.490877,1709649498.490885
1812,1709649498.5810966,1709649498.5811055
1813,1709649498.695721,1709649498.6957302
1814,1709649498.7987182,1709649498.7987268
1815,1709649498.892985,1709649498.8929923
1816,1709649498.9823112,1709649498.982319
1817,1709649499.0888338,1709649499.0888407
1818,1709649499.1858323,1709649499.185841
1819,1709649499.2908962,1709649499.2909038
1820,1709649499.3997314,1709649499.3997402
1821,1709649499.493721,1709649499.493729
1822,1709649499.605317,1709649499.6053247
1823,1709649499.6916883,1709649499.6916962
1824,1709649499.7997196,1709649499.7997265
1825,1709649499.8878288,1709649499.8878381
1826,1709649499.999135,1709649499.999144
1827,1709649500.0839872,1709649500.0839932
1828,1709649500.1862004,1709649500.1862078
1829,1709649500.2930384,1709649500.2930458
1830,1709649500.391187,1709649500.391195
1831,1709649500.486573,1709649500.4865794
1832,1709649500.5833976,1709649500.5834043
1833,1709649500.6947358,1709649500.6947432
1834,1709649500.785096,1709649500.785102
1835,1709649500.887644,1709649500.8876517
1836,1709649500.9833796,1709649500.9833877
1837,1709649501.097282,1709649501.0972908
1838,1709649501.182608,1709649501.1826155
1839,1709649501.2845817,1709649501.2845886
1840,1709649501.3990667,1709649501.3990731
1841,1709649501.4929454,1709649501.492953
1842,1709649501.5815575,1709649501.5815651
1843,1709649501.6845994,1709649501.6846058
1844,1709649501.800754,1709649501.800762
1845,1709649501.8804612,1709649501.880469
1846,1709649501.9831288,1709649501.9831338
1847,1709649502.08755,1709649502.0875585
1848,1709649502.1965976,1709649502.196606
1849,1709649502.2837431,1709649502.2837496
1850,1709649502.3833807,1709649502.3833861
1851,1709649502.4817114,1709649502.481721
1852,1709649502.6138842,1709649502.6138942
1853,1709649502.6907053,1709649502.6907144
1854,1709649502.7877693,1709649502.7877789
1855,1709649502.887324,1709649502.8873312
1856,1709649503.000924,1709649503.0009317
1857,1709649503.094339,1709649503.094349
1858,1709649503.1873107,1709649503.187319
1859,1709649503.2800841,1709649503.280089
1860,1709649503.3950489,1709649503.3950565
1861,1709649503.4842885,1709649503.484298
1862,1709649503.5882385,1709649503.5882473
1863,1709649503.6859226,1709649503.68593
1864,1709649503.7934697,1709649503.7934752
1865,1709649503.896761,1709649503.896769
1866,1709649503.9902475,1709649503.9902544
1867,1709649504.0846944,1709649504.0847025
1868,1709649504.197022,1709649504.1970625
1869,1709649504.288872,1709649504.2888792
1870,1709649504.387677,1709649504.3876836
1871,1709649504.4872172,1709649504.4872258
1872,1709649504.5874062,1709649504.587415
1873,1709649504.6868858,1709649504.6868925
1874,1709649504.7858455,1709649504.7858744
1875,1709649504.8868911,1709649504.8868968
1876,1709649504.997127,1709649504.9971359
1877,1709649505.0848966,1709649505.0849042
1878,1709649505.1823428,1709649505.182351
1879,1709649505.2864988,1709649505.2865045
1880,1709649505.3924484,1709649505.3924572
1881,1709649505.4944658,1709649505.4944735
1882,1709649505.586227,1709649505.5862339
1883,1709649505.6995575,1709649505.6995666
1884,1709649505.79943,1709649505.7994354
1885,1709649505.8874073,1709649505.8874145
1886,1709649505.9885728,1709649505.9885793
1887,1709649506.0918045,1709649506.09181
1888,1709649506.199706,1709649506.1997185
1889,1709649506.28899,1709649506.2889981
1890,1709649506.3928635,1709649506.392872
1891,1709649506.49754,1709649506.4975493
1892,1709649506.6008575,1709649506.600868
1893,1709649506.6896439,1709649506.6896524
1894,1709649506.7879965,1709649506.7880042
1895,1709649506.885082,1709649506.8850882
1896,1709649507.0052238,1709649507.0052319
1897,1709649507.0886676,1709649507.0886765
1898,1709649507.183599,1709649507.1836069
1899,1709649507.2924645,1709649507.2924724
1900,1709649507.3956535,1709649507.3956616
1901,1709649507.4872105,1709649507.487218
1902,1709649507.585091,1709649507.585098
1903,1709649507.6889133,1709649507.6889234
1904,1709649507.7932093,1709649507.793218
1905,1709649507.8818583,1709649507.8818638
1906,1709649507.9968476,1709649507.9968543
1907,1709649508.0973728,1709649508.0973814
1908,1709649508.1880202,1709649508.188025
1909,1709649508.2821436,1709649508.2821522
1910,1709649508.385542,1709649508.3855503
1911,1709649508.4928548,1709649508.4928627
1912,1709649508.5892332,1709649508.5892398
1913,1709649508.6868985,1709649508.6869044
1914,1709649508.7847738,1709649508.7847807
1915,1709649508.8910053,1709649508.8910093
1916,1709649508.9842637,1709649508.9842706
1917,1709649509.08529,1709649509.0852978
1918,1709649509.1954305,1709649509.1954389
1919,1709649509.2897742,1709649509.289782
1920,1709649509.3870986,1709649509.387124
1921,1709649509.4871562,1709649509.4871612
1922,1709649509.6003036,1709649509.6003113
1923,1709649509.6868558,1709649509.6868644
1924,1709649509.796782,1709649509.7967906
1925,1709649509.8826518,1709649509.8826613
1926,1709649510.000701,1709649510.0007093
1927,1709649510.0845017,1709649510.084509
1928,1709649510.1861064,1709649510.1861155
1929,1709649510.2984846,1709649510.2984924
1930,1709649510.4036992,1709649510.4037082
1931,1709649510.4804606,1709649510.480469
1932,1709649510.5856,1709649510.5856082
1933,1709649510.6930287,1709649510.6930354
1934,1709649510.7874377,1709649510.7874455
1935,1709649510.8893902,1709649510.8893976
1936,1709649510.988501,1709649510.9885082
1937,1709649511.0970716,1709649511.0970802
1938,1709649511.191605,1709649511.1916535
1939,1709649511.285943,1709649511.2859523
1940,1709649511.388551,1709649511.3885562
1941,1709649511.4953034,1709649511.495312
1942,1709649511.5888927,1709649511.5889
1943,1709649511.686251,1709649511.6862574
1944,1709649511.7838285,1709649511.7838335
1945,1709649511.9005108,1709649511.9005187
1946,1709649511.9927502,1709649511.9927576
1947,1709649512.0886116,1709649512.0886188
1948,1709649512.1842747,1709649512.18428
1949,1709649512.2989073,1709649512.2989154
1950,1709649512.3802903,1709649512.3802977
1951,1709649512.4895782,1709649512.4895864
1952,1709649512.6034522,1709649512.6034603
1953,1709649512.6996286,1709649512.6996365
1954,1709649512.7802875,1709649512.780295
1955,1709649512.891568,1709649512.891573
1956,1709649512.991879,1709649512.991887
1957,1709649513.0901072,1709649513.0901153
1958,1709649513.1840024,1709649513.1840096
1959,1709649513.2838717,1709649513.28388
1960,1709649513.3876555,1709649513.3876636
1961,1709649513.4962342,1709649513.496245
1962,1709649513.5918965,1709649513.5919044
1963,1709649513.6895726,1709649513.689578
1964,1709649513.791699,1709649513.7917078
1965,1709649513.898519,1709649513.8985252
1966,1709649513.9885015,1709649513.9885097
1967,1709649514.0825727,1709649514.0825806
1968,1709649514.2008555,1709649514.2008648
1969,1709649514.299967,1709649514.2999744
1970,1709649514.3847592,1709649514.3847654
1971,1709649514.488951,1709649514.4889588
1972,1709649514.593102,1709649514.5931115
1973,1709649514.696241,1709649514.6962492
1974,1709649514.7791233,1709649514.779129
1975,1709649514.8916724,1709649514.8916798
1976,1709649514.9943125,1709649514.9943202
1977,1709649515.0842886,1709649515.0842965
1978,1709649515.1871204,1709649515.187127
1979,1709649515.2840624,1709649515.2840695
1980,1709649515.3940291,1709649515.394035
1981,1709649515.4962225,1709649515.4962277
1982,1709649515.5884638,1709649515.5884707
1983,1709649515.6812198,1709649515.6812255
1984,1709649515.7892303,1709649515.7892375
1985,1709649515.8938153,1709649515.8938248
1986,1709649515.9811556,1709649515.9811618
1987,1709649516.084603,1709649516.0846105
1988,1709649516.1942697,1709649516.1942787
1989,1709649516.2964563,1709649516.2964637
1990,1709649516.380396,1709649516.380403
1991,1709649516.4822292,1709649516.482238
1992,1709649516.596743,1709649516.596752
1993,1709649516.7049055,1709649516.7049127
1994,1709649516.7919009,1709649516.7919095
1995,1709649516.891128,1709649516.8911371
1996,1709649517.0002894,1709649517.0002985
1997,1709649517.0939438,1709649517.0939567
1998,1709649517.1893225,1709649517.1893306
1999,1709649517.2805228,1709649517.2805314
2000,1709649517.3995287,1709649517.399537
2001,1709649517.4844296,1709649517.4844368
2002,1709649517.5920992,1709649517.592107
2003,1709649517.6857007,1709649517.6857078
2004,1709649517.7963295,1709649517.7963371
2005,1709649517.891572,1709649517.89158
2006,1709649517.9803348,1709649517.9803426
2007,1709649518.081716,1709649518.081724
2008,1709649518.194841,1709649518.1948493
2009,1709649518.2928588,1709649518.2928665
2010,1709649518.3829818,1709649518.3829894
2011,1709649518.482963,1709649518.4829705
2012,1709649518.600354,1709649518.6003604
2013,1709649518.6858864,1709649518.6858912
2014,1709649518.7852085,1709649518.7852159
2015,1709649518.8926268,1709649518.8926325
2016,1709649518.9918892,1709649518.9918942
2017,1709649519.0876698,1709649519.0876775
2018,1709649519.1841278,1709649519.1841385
2019,1709649519.2861648,1709649519.2861712
2020,1709649519.38364,1709649519.383689
2021,1709649519.489675,1709649519.4896822
2022,1709649519.5815358,1709649519.5815432
2023,1709649519.6876493,1709649519.687656
2024,1709649519.7968807,1709649519.7968862
2025,1709649519.8858747,1709649519.8858817
2026,1709649519.988302,1709649519.988309
2027,1709649520.0864606,1709649520.0864694
2028,1709649520.1880054,1709649520.1880133
2029,1709649520.2801607,1709649520.2801695
2030,1709649520.3802998,1709649520.3803046
2031,1709649520.4842272,1709649520.4842336
2032,1709649520.5935047,1709649520.5935123
2033,1709649520.6820295,1709649520.6820364
2034,1709649520.7862442,1709649520.7862518
2035,1709649520.884561,1709649520.8845694
2036,1709649520.9924119,1709649520.99242
2037,1709649521.0915647,1709649521.0915732
2038,1709649521.1829844,1709649521.1829934
2039,1709649521.2801964,1709649521.2802036
2040,1709649521.3941329,1709649521.3941388
2041,1709649521.4817665,1709649521.4817708
2042,1709649521.5838745,1709649521.5838828
2043,1709649521.681721,1709649521.6817298
2044,1709649521.797077,1709649521.7970855
2045,1709649521.883814,1709649521.8838212
2046,1709649521.9878807,1709649521.9878867
2047,1709649522.0806122,1709649522.0806193
2048,1709649522.1921043,1709649522.1921117
2049,1709649522.2943547,1709649522.2943606
2050,1709649522.3866327,1709649522.3866408
2051,1709649522.4840167,1709649522.484024
2052,1709649522.5953212,1709649522.5953305
2053,1709649522.6862926,1709649522.6862996
2054,1709649522.7843113,1709649522.7843184
2055,1709649522.8826764,1709649522.882685
2056,1709649522.9899983,1709649522.9900067
2057,1709649523.090157,1709649523.0901675
2058,1709649523.1896935,1709649523.189698
2059,1709649523.281979,1709649523.2819865
2060,1709649523.3958416,1709649523.3958488
2061,1709649523.4858186,1709649523.485826
2062,1709649523.9784715,1709649523.9784827
2063,1709649523.9879775,1709649523.9879844
2064,1709649523.9964046,1709649523.9964106
2065,1709649524.0900652,1709649524.0900726
2066,1709649524.1878338,1709649524.1878402
2067,1709649524.2806833,1709649524.280691
2068,1709649524.382711,1709649524.3827186
2069,1709649524.4823635,1709649524.4823716
2070,1709649524.6021867,1709649524.602194
2071,1709649524.69472,1709649524.6947289
2072,1709649524.7938018,1709649524.7938094
2073,1709649524.88345,1709649524.883457
2074,1709649524.982204,1709649524.9822123
2075,1709649525.092305,1709649525.092312
2076,1709649525.1919806,1709649525.191989
2077,1709649525.2869709,1709649525.286979
2078,1709649525.3841794,1709649525.3841863
2079,1709649525.4900894,1709649525.4900956
2080,1709649525.6014001,1709649525.601408
2081,1709649525.689019,1709649525.689025
2082,1709649525.786108,1709649525.7861176
2083,1709649525.8926842,1709649525.8926926
2084,1709649525.985996,1709649525.986003
2085,1709649526.082475,1709649526.0824816
2086,1709649526.1809268,1709649526.1809359
2087,1709649526.2883115,1709649526.2883189
2088,1709649526.3876925,1709649526.3876994
2089,1709649526.486372,1709649526.4863796
2090,1709649526.5894198,1709649526.5894253
2091,1709649526.7183082,1709649526.7183154
2092,1709649526.7950335,1709649526.7950406
2093,1709649526.8836226,1709649526.8836317
2094,1709649526.9950786,1709649526.9950857
2095,1709649527.0858936,1709649527.0859
2096,1709649527.182483,1709649527.1824906
2097,1709649527.3010595,1709649527.3010676
2098,1709649527.3802419,1709649527.3802495
2099,1709649527.4862185,1709649527.4862254
2100,1709649527.583198,1709649527.5832047
2101,1709649527.6965966,1709649527.6966023
2102,1709649527.8014617,1709649527.8014686
2103,1709649527.8806076,1709649527.8806145
2104,1709649527.9899883,1709649527.989996
2105,1709649528.091443,1709649528.0914512
2106,1709649528.1966166,1709649528.1966248
2107,1709649528.2885861,1709649528.288595
2108,1709649528.3836412,1709649528.3836482
2109,1709649528.4867435,1709649528.4867513
2110,1709649528.5868342,1709649528.5868423
2111,1709649528.6922717,1709649528.6922786
2112,1709649528.7862992,1709649528.7863066
2113,1709649528.8924592,1709649528.8924675
2114,1709649528.979225,1709649528.9792318
2115,1709649529.0980754,1709649529.098082
2116,1709649529.1867182,1709649529.1867247
2117,1709649529.286405,1709649529.2864125
2118,1709649529.3790462,1709649529.3790517
2119,1709649529.4976227,1709649529.497631
2120,1709649529.581409,1709649529.5814168
2121,1709649529.6861331,1709649529.6861403
2122,1709649529.781017,1709649529.781021
2123,1709649529.885677,1709649529.885685
2124,1709649529.9957006,1709649529.995708
2125,1709649530.0878487,1709649530.0878563
2126,1709649530.1871102,1709649530.1871173
2127,1709649530.2825553,1709649530.2825637
2128,1709649530.3904142,1709649530.390423
2129,1709649530.4871404,1709649530.487148
2130,1709649530.5971322,1709649530.5971391
2131,1709649530.6898336,1709649530.6898425
2132,1709649530.7876928,1709649530.7877007
2133,1709649530.9116724,1709649530.911681
2134,1709649530.9877567,1709649530.9877617
2135,1709649531.0861757,1709649531.0861833
2136,1709649531.193819,1709649531.193827
2137,1709649531.2947779,1709649531.2947845
2138,1709649531.392569,1709649531.3925772
2139,1709649531.4869118,1709649531.4869194
2140,1709649531.5849648,1709649531.5849726
2141,1709649531.6848166,1709649531.6848242
2142,1709649531.7986782,1709649531.7986872
2143,1709649531.8820748,1709649531.8820834
2144,1709649531.9826796,1709649531.982688
2145,1709649532.088139,1709649532.0881474
2146,1709649532.190565,1709649532.190573
2147,1709649532.2949595,1709649532.2949643
2148,1709649532.38587,1709649532.3858886
2149,1709649532.4874556,1709649532.4874635
2150,1709649532.5941572,1709649532.5941653
2151,1709649532.698737,1709649532.698743
2152,1709649532.7834654,1709649532.7834733
2153,1709649532.8874688,1709649532.8874745
2154,1709649532.9793558,1709649532.9793627
2155,1709649533.0860517,1709649533.086058
2156,1709649533.1905928,1709649533.190601
2157,1709649533.2867134,1709649533.2867234
2158,1709649533.3987849,1709649533.3987925
2159,1709649533.488921,1709649533.4889276
2160,1709649533.5958288,1709649533.5958362
2161,1709649533.6835604,1709649533.6835678
2162,1709649533.7924619,1709649533.79247
2163,1709649533.8864374,1709649533.886444
2164,1709649533.9815693,1709649533.9815767
2165,1709649534.0896254,1709649534.0896337
2166,1709649534.1960046,1709649534.1960127
2167,1709649534.2934291,1709649534.2934368
2168,1709649534.3846774,1709649534.3846827
2169,1709649534.4847898,1709649534.4848213
2170,1709649534.5964417,1709649534.5964491
2171,1709649534.6957755,1709649534.6957855
2172,1709649534.7830234,1709649534.7830315
2173,1709649534.8850524,1709649534.8850574
2174,1709649534.9957833,1709649534.9957914
2175,1709649535.0871212,1709649535.0871263
2176,1709649535.1850529,1709649535.1850617
2177,1709649535.2867618,1709649535.2867682
2178,1709649535.3838844,1709649535.3838923
2179,1709649535.4839406,1709649535.4839468
2180,1709649535.59315,1709649535.593157
2181,1709649535.6877863,1709649535.6877952
2182,1709649535.7933433,1709649535.79335
2183,1709649535.8870387,1709649535.887046
2184,1709649535.9891407,1709649535.9891474
2185,1709649536.0810957,1709649536.0811021
2186,1709649536.19089,1709649536.1909008
2187,1709649536.2843957,1709649536.284404
2188,1709649536.3878605,1709649536.3878694
2189,1709649536.4892402,1709649536.4892461
2190,1709649536.5922577,1709649536.5922635
2191,1709649536.6889691,1709649536.6889763
2192,1709649536.7857175,1709649536.7857242
2193,1709649536.8994775,1709649536.8994832
2194,1709649536.98033,1709649536.9803379
2195,1709649537.0873544,1709649537.0873628
2196,1709649537.184981,1709649537.1849883
2197,1709649537.2896347,1709649537.2896416
2198,1709649537.3866348,1709649537.3866415
2199,1709649537.482789,1709649537.4827955
2200,1709649537.597769,1709649537.5977776
2201,1709649537.6917315,1709649537.6917381
2202,1709649537.7865067,1709649537.7865136
2203,1709649537.8925037,1709649537.8925111
2204,1709649537.9982648,1709649537.9982731
2205,1709649538.081157,1709649538.0811663
2206,1709649538.188531,1709649538.1885374
2207,1709649538.2872741,1709649538.2872827
2208,1709649538.395337,1709649538.395347
2209,1709649538.4911883,1709649538.4911954
2210,1709649538.5850494,1709649538.585057
2211,1709649538.6894882,1709649538.6894958
2212,1709649538.7926269,1709649538.7926338
2213,1709649538.891366,1709649538.8913739
2214,1709649538.9864523,1709649538.9864588
2215,1709649539.0897799,1709649539.0897875
2216,1709649539.1960366,1709649539.1960466
2217,1709649539.2858644,1709649539.285872
2218,1709649539.3889847,1709649539.388992
2219,1709649539.4854221,1709649539.4854288
2220,1709649539.6073637,1709649539.6073718
2221,1709649539.6876488,1709649539.687655
2222,1709649539.7846687,1709649539.7846754
2223,1709649539.889575,1709649539.889582
2224,1709649539.9912963,1709649539.9913063
2225,1709649540.0804982,1709649540.0805066
2226,1709649540.1812036,1709649540.1812146
2227,1709649540.2978024,1709649540.2978103
2228,1709649540.391223,1709649540.3912313
2229,1709649540.479157,1709649540.4791617
2230,1709649540.582673,1709649540.5826805
2231,1709649540.6899965,1709649540.6900046
2232,1709649540.7840953,1709649540.784101
2233,1709649540.8815246,1709649540.8815315
2234,1709649540.9854805,1709649540.9854875
2235,1709649541.08118,1709649541.0811877
2236,1709649541.189778,1709649541.1897867
2237,1709649541.2862613,1709649541.2862709
2238,1709649541.3917058,1709649541.391714
2239,1709649541.4871142,1709649541.4871573
2240,1709649541.5975835,1709649541.59759
2241,1709649541.6835604,1709649541.6835678
2242,1709649541.7954867,1709649541.7954953
2243,1709649541.8831599,1709649541.8831697
2244,1709649541.986165,1709649541.9861739
2245,1709649542.0882564,1709649542.0882635
2246,1709649542.199247,1709649542.1992545
2247,1709649542.298919,1709649542.3035412
2248,1709649542.3919523,1709649542.3986783
2249,1709649542.5015302,1709649542.5059924
2250,1709649542.5964496,1709649542.602137
2251,1709649542.699974,1709649542.70549
2252,1709649542.7872398,1709649542.7913487
2253,1709649542.88857,1709649542.8934774
2254,1709649542.9938412,1709649542.9982185
2255,1709649543.08914,1709649543.0950994
2256,1709649543.1959794,1709649543.201375
2257,1709649543.294301,1709649543.2989535
2258,1709649543.3977368,1709649543.4019763
2259,1709649543.492679,1709649543.4965508
2260,1709649543.5979617,1709649543.6057997
2261,1709649543.6855536,1709649543.690372
2262,1709649543.791432,1709649543.79479
2263,1709649543.8903818,1709649543.8942862
2264,1709649543.9882836,1709649543.995811
2265,1709649544.086674,1709649544.0908933
2266,1709649544.1922326,1709649544.196882
2267,1709649544.2879071,1709649544.2923942
2268,1709649544.3942823,1709649544.3992963
2269,1709649544.4876702,1709649544.4923124
2270,1709649544.595947,1709649544.601475
2271,1709649544.6902535,1709649544.694963
2272,1709649544.7854106,1709649544.789974
2273,1709649544.9012687,1709649544.9052193
2274,1709649544.9888504,1709649544.9955122
2275,1709649545.0864913,1709649545.0915143
2276,1709649545.1835413,1709649545.1894672
2277,1709649545.2999647,1709649545.304913
2278,1709649545.3820193,1709649545.3864703
2279,1709649545.4834938,1709649545.4889834
2280,1709649545.5874867,1709649545.5926201
2281,1709649545.6888785,1709649545.6931853
2282,1709649545.7854443,1709649545.7901053
2283,1709649545.8873544,1709649545.891975
2284,1709649545.9896612,1709649545.9945776
2285,1709649546.0903997,1709649546.0950377
2286,1709649546.182629,1709649546.1866527
2287,1709649546.2884097,1709649546.292921
2288,1709649546.393931,1709649546.3983793
2289,1709649546.4982212,1709649546.5028994
2290,1709649546.580357,1709649546.5847921
2291,1709649546.688482,1709649546.6952138
2292,1709649546.8016775,1709649546.8080945
2293,1709649546.9006777,1709649546.9062169
2294,1709649546.994186,1709649546.9993348
2295,1709649547.088998,1709649547.0953777
2296,1709649547.1820345,1709649547.1864543
2297,1709649547.2976367,1709649547.3009396
2298,1709649547.3830686,1709649547.3876274
2299,1709649547.4844415,1709649547.4903173
2300,1709649547.5844507,1709649547.589186
2301,1709649547.689533,1709649547.694047
2302,1709649547.7967803,1709649547.80081
2303,1709649547.8846123,1709649547.887211
2304,1709649547.990421,1709649547.9951177
2305,1709649548.0980368,1709649548.1033416
2306,1709649548.1899748,1709649548.194336
2307,1709649548.2899113,1709649548.2951477
2308,1709649548.3909335,1709649548.3961756
2309,1709649548.492958,1709649548.4960015
2310,1709649548.5937457,1709649548.5983276
2311,1709649548.6896284,1709649548.6940165
2312,1709649548.7873127,1709649548.7917776
2313,1709649548.8926814,1709649548.8967252
2314,1709649548.993992,1709649548.996543
2315,1709649549.0809739,1709649549.0853426
2316,1709649549.19282,1709649549.1965153
2317,1709649549.29048,1709649549.2967138
2318,1709649549.3858087,1709649549.3909512
2319,1709649549.4874196,1709649549.4915402
2320,1709649549.598085,1709649549.6022122
2321,1709649549.681272,1709649549.6853368
2322,1709649549.7860653,1709649549.7905536
2323,1709649549.8863199,1709649549.889621
2324,1709649549.9928403,1709649549.9972916
2325,1709649550.081625,1709649550.0862582
2326,1709649550.1831255,1709649550.1879299
2327,1709649550.2828872,1709649550.286945
2328,1709649550.3971605,1709649550.4023023
2329,1709649550.482154,1709649550.4868517
2330,1709649550.5852325,1709649550.5897825
2331,1709649550.6892977,1709649550.6952963
2332,1709649550.7840774,1709649550.7879624
2333,1709649550.8857925,1709649550.8893406
2334,1709649550.98852,1709649550.9931953
2335,1709649551.0850987,1709649551.0915334
2336,1709649551.1813285,1709649551.1859727
2337,1709649551.281198,1709649551.2867982
2338,1709649551.3869216,1709649551.3920953
2339,1709649551.4900882,1709649551.4937718
2340,1709649551.586738,1709649551.5912843
2341,1709649551.685857,1709649551.6903074
2342,1709649551.7803082,1709649551.7872324
2343,1709649551.8934817,1709649551.8979752
2344,1709649551.9949214,1709649552.0014777
2345,1709649552.0852413,1709649552.0896535
2346,1709649552.1849785,1709649552.1897094
2347,1709649552.2922928,1709649552.2974255
2348,1709649552.3947885,1709649552.3989277
2349,1709649552.4830353,1709649552.490361
2350,1709649552.5814543,1709649552.590291
2351,1709649552.680582,1709649552.6856086
2352,1709649552.7968054,1709649552.8012109
2353,1709649552.8850925,1709649552.8895175
2354,1709649552.9826503,1709649552.9871838
2355,1709649553.0873692,1709649553.0915978
2356,1709649553.189775,1709649553.1945179
2357,1709649553.2933838,1709649553.2972288
2358,1709649553.3834038,1709649553.3897626
2359,1709649553.4924486,1709649553.4988823
2360,1709649553.5843177,1709649553.5895693
2361,1709649553.6917734,1709649553.6964016
2362,1709649553.7803657,1709649553.78751
2363,1709649553.884183,1709649553.8887217
2364,1709649553.982431,1709649553.9874377
2365,1709649554.091828,1709649554.0963488
2366,1709649554.1874828,1709649554.1920767
2367,1709649554.2841454,1709649554.2887092
2368,1709649554.3815954,1709649554.3862867
2369,1709649554.4815066,1709649554.4859555
2370,1709649554.5922902,1709649554.596767
2371,1709649554.6842089,1709649554.6889806
2372,1709649554.780864,1709649554.7871773
2373,1709649554.887566,1709649554.8904238
2374,1709649554.9906113,1709649554.996411
2375,1709649555.0907133,1709649555.0963166
2376,1709649555.1871495,1709649555.192124
2377,1709649555.2847743,1709649555.2910883
2378,1709649555.3919966,1709649555.3969114
2379,1709649555.4842205,1709649555.488893
2380,1709649555.5873191,1709649555.598021
2381,1709649555.6879776,1709649555.6926837
2382,1709649555.7834592,1709649555.7888281
2383,1709649555.886794,1709649555.890993
2384,1709649555.984885,1709649555.9887516
2385,1709649556.0843184,1709649556.0930097
2386,1709649556.2073054,1709649556.2125242
2387,1709649556.298931,1709649556.3025413
2388,1709649556.3933635,1709649556.3976254
2389,1709649556.4825106,1709649556.489625
2390,1709649556.5936725,1709649556.5990472
2391,1709649556.6894758,1709649556.6931953
2392,1709649556.7928305,1709649556.7974622
2393,1709649556.8879788,1709649556.894964
2394,1709649556.9856496,1709649556.9922388
2395,1709649557.0839348,1709649557.0881653
2396,1709649557.1918046,1709649557.1960044
2397,1709649557.2857666,1709649557.2903373
2398,1709649557.38474,1709649557.3888955
2399,1709649557.4905438,1709649557.4950833
2400,1709649557.5830328,1709649557.5879624
2401,1709649557.687123,1709649557.6908078
2402,1709649557.7829704,1709649557.787855
2403,1709649557.8936286,1709649557.8984275
2404,1709649557.9872227,1709649557.991105
2405,1709649558.0857708,1709649558.0921412
2406,1709649558.1824267,1709649558.1864426
2407,1709649558.2884479,1709649558.2942598
2408,1709649558.379886,1709649558.3846357
2409,1709649558.4891694,1709649558.492984
2410,1709649558.5860631,1709649558.5921102
2411,1709649558.6962156,1709649558.7006109
2412,1709649558.7882006,1709649558.7950716
2413,1709649558.886744,1709649558.8907661
2414,1709649558.9798722,1709649558.9849129
2415,1709649559.0924408,1709649559.0974007
2416,1709649559.183681,1709649559.1882994
2417,1709649559.2881937,1709649559.2922902
2418,1709649559.3861916,1709649559.3905678
2419,1709649559.4940612,1709649559.4987998
2420,1709649559.5843601,1709649559.589934
2421,1709649559.681829,1709649559.6867044
2422,1709649559.7829132,1709649559.7863953
2423,1709649559.8939493,1709649559.8985157
2424,1709649559.9794135,1709649559.986366
2425,1709649560.0870023,1709649560.091406
2426,1709649560.1845965,1709649560.1879532
2427,1709649560.2954817,1709649560.3005936
2428,1709649560.3828971,1709649560.387189
2429,1709649560.4867637,1709649560.491258
2430,1709649560.595027,1709649560.5999894
2431,1709649560.710478,1709649560.715424
2432,1709649560.7871332,1709649560.7906032
2433,1709649560.8821998,1709649560.887387
2434,1709649560.994689,1709649560.9995477
2435,1709649561.1041968,1709649561.1091187
2436,1709649561.1922402,1709649561.1957307
2437,1709649561.2863977,1709649561.291119
2438,1709649561.381935,1709649561.3866572
2439,1709649561.4933488,1709649561.498428
2440,1709649561.593405,1709649561.5982988
2441,1709649561.6848414,1709649561.6887891
2442,1709649561.7826257,1709649561.7872267
2443,1709649561.889817,1709649561.8970788
2444,1709649561.995873,1709649562.0005562
2445,1709649562.084239,1709649562.0908556
2446,1709649562.1861272,1709649562.1906526
2447,1709649562.2932434,1709649562.2998176
2448,1709649562.3870375,1709649562.3927815
2449,1709649562.4908779,1709649562.4954414
2450,1709649562.5929382,1709649562.5991204
2451,1709649562.6993003,1709649562.7040555
2452,1709649562.7889786,1709649562.7925782
2453,1709649562.8924806,1709649562.8965626
2454,1709649562.989771,1709649562.9950244
2455,1709649563.098986,1709649563.103342
2456,1709649563.1857193,1709649563.18912
2457,1709649563.283044,1709649563.287547
2458,1709649563.388433,1709649563.3935068
2459,1709649563.491058,1709649563.4962852
2460,1709649563.5949788,1709649563.599501
2461,1709649563.689182,1709649563.6942403
2462,1709649563.790669,1709649563.7962365
2463,1709649563.8892367,1709649563.8946521
2464,1709649563.9945498,1709649564.0002036
2465,1709649564.0921862,1709649564.097212
2466,1709649564.1879995,1709649564.193501
2467,1709649564.291887,1709649564.2977197
2468,1709649564.3870835,1709649564.3912122
2469,1709649564.4855936,1709649564.4914556
2470,1709649564.596986,1709649564.601614
2471,1709649564.696493,1709649564.701055
2472,1709649564.7864294,1709649564.7904775
2473,1709649564.892864,1709649564.8964703
2474,1709649564.993784,1709649564.9981446
2475,1709649565.100123,1709649565.104566
2476,1709649565.1871116,1709649565.1911762
2477,1709649565.2933886,1709649565.2981677
2478,1709649565.396433,1709649565.4008338
2479,1709649565.4983113,1709649565.5026565
2480,1709649565.5875869,1709649565.5906413
2481,1709649565.687024,1709649565.6934993
2482,1709649565.7876747,1709649565.796523
2483,1709649565.8942063,1709649565.898944
2484,1709649565.9808834,1709649565.9851909
2485,1709649566.0873208,1709649566.090381
2486,1709649566.196329,1709649566.199589
2487,1709649566.2828434,1709649566.2877512
2488,1709649566.39587,1709649566.400468
2489,1709649566.486817,1709649566.493042
2490,1709649566.5995498,1709649566.6038334
2491,1709649566.6947544,1709649566.6991968
2492,1709649566.7907386,1709649566.795444
2493,1709649566.8969853,1709649566.9020631
2494,1709649566.993059,1709649566.997776
2495,1709649567.0887961,1709649567.093347
2496,1709649567.1863203,1709649567.1911726
2497,1709649567.2915735,1709649567.2979882
2498,1709649567.396046,1709649567.3960545
2499,1709649567.4826124,1709649567.4826386
2500,1709649567.5935874,1709649567.5935955
2501,1709649567.6845038,1709649567.6845114
2502,1709649567.8015776,1709649567.8015862
2503,1709649567.8866878,1709649567.8866942
2504,1709649567.984822,1709649567.9848292
2505,1709649568.0823028,1709649568.0823097
2506,1709649568.1965852,1709649568.196592
2507,1709649568.285347,1709649568.285352
2508,1709649568.388171,1709649568.3881783
2509,1709649568.4822834,1709649568.4822903
2510,1709649568.5944037,1709649568.5944097
2511,1709649568.6840637,1709649568.6840715
2512,1709649568.7873895,1709649568.7873971
2513,1709649568.8883646,1709649568.8883717
2514,1709649568.9875798,1709649568.987588
2515,1709649569.0827625,1709649569.082771
2516,1709649569.185803,1709649569.1858103
2517,1709649569.284087,1709649569.2840989
2518,1709649569.3956847,1709649569.3956919
2519,1709649569.4817722,1709649569.4817803
2520,1709649569.5947647,1709649569.5947728
2521,1709649569.6895678,1709649569.689575
2522,1709649569.7849953,1709649569.7850013
2523,1709649569.8899329,1709649569.8899395
2524,1709649569.9892242,1709649569.98923
2525,1709649570.0991662,1709649570.0991735
2526,1709649570.1969316,1709649570.1969388
2527,1709649570.2851875,1709649570.2851954
2528,1709649570.3858886,1709649570.3858979
2529,1709649570.4932678,1709649570.493275
2530,1709649570.5838552,1709649570.5838718
2531,1709649570.6838427,1709649570.6838498
2532,1709649570.7859337,1709649570.785942
2533,1709649570.8875418,1709649570.8875515
2534,1709649570.9813726,1709649570.9813795
2535,1709649571.093247,1709649571.0932543
2536,1709649571.1894705,1709649571.1894753
2537,1709649571.3019626,1709649571.3019717
2538,1709649571.381735,1709649571.381744
2539,1709649571.4800842,1709649571.4800897
2540,1709649571.5874257,1709649571.5874336
2541,1709649571.6901758,1709649571.6901815
2542,1709649571.7940278,1709649571.7940342
2543,1709649571.8868885,1709649571.8868978
2544,1709649571.9853468,1709649571.9853537
2545,1709649572.09403,1709649572.094037
2546,1709649572.1978884,1709649572.1978965
2547,1709649572.2864988,1709649572.2865067
2548,1709649572.3807623,1709649572.3807683
2549,1709649572.4939532,1709649572.4939613
2550,1709649572.5923939,1709649572.5924022
2551,1709649572.6853497,1709649572.6853585
2552,1709649572.7913487,1709649572.7913558
2553,1709649572.8893783,1709649572.8893847
2554,1709649572.9906342,1709649572.9906409
2555,1709649573.0889,1709649573.0889077
2556,1709649573.186875,1709649573.1868792
2557,1709649573.2947662,1709649573.2947736
2558,1709649573.3858583,1709649573.385865
2559,1709649573.4825969,1709649573.4826064
2560,1709649573.5840497,1709649573.5840578
2561,1709649573.689984,1709649573.6899917
2562,1709649573.7854254,1709649573.7854328
2563,1709649573.8822787,1709649573.8822868
2564,1709649573.989929,1709649573.9899356
2565,1709649574.0924447,1709649574.0924528
2566,1709649574.19079,1709649574.1907969
2567,1709649574.2870662,1709649574.2870731
2568,1709649574.384238,1709649574.3842454
2569,1709649574.5004742,1709649574.5004823
2570,1709649574.587971,1709649574.587979
2571,1709649574.6882203,1709649574.6882272
2572,1709649574.7854903,1709649574.7854977
2573,1709649574.8958118,1709649574.8958194
2574,1709649574.98675,1709649574.9867566
2575,1709649575.0798812,1709649575.079888
2576,1709649575.1811833,1709649575.1811907
2577,1709649575.300499,1709649575.300507
2578,1709649575.3864489,1709649575.3864594
2579,1709649575.4839091,1709649575.4839165
2580,1709649575.5888724,1709649575.5888832
2581,1709649575.686852,1709649575.6868598
2582,1709649575.7894635,1709649575.7894702
2583,1709649575.8889763,1709649575.8889835
2584,1709649575.989559,1709649575.9895656
2585,1709649576.094756,1709649576.0947645
2586,1709649576.185673,1709649576.1856797
2587,1709649576.2928996,1709649576.2929068
2588,1709649576.3992884,1709649576.3992965
2589,1709649576.4918315,1709649576.49184
2590,1709649576.5878627,1709649576.5878704
2591,1709649576.6863568,1709649576.6863656
2592,1709649576.7877312,1709649576.787739
2593,1709649576.8955796,1709649576.8955884
2594,1709649576.983111,1709649576.9831188
2595,1709649577.0861742,1709649577.0861804
2596,1709649577.1850448,1709649577.1850524
2597,1709649577.2899406,1709649577.2899477
2598,1709649577.3848002,1709649577.3848073
2599,1709649577.4825568,1709649577.4825652
2600,1709649577.5900488,1709649577.5900557
2601,1709649577.6942105,1709649577.694221
2602,1709649577.7865775,1709649577.7865844
2603,1709649577.887074,1709649577.8870897
2604,1709649577.985722,1709649577.9857292
2605,1709649578.0974905,1709649578.0974994
2606,1709649578.1947477,1709649578.194755
2607,1709649578.2844048,1709649578.284413
2608,1709649578.3837986,1709649578.3838062
2609,1709649578.4940581,1709649578.4940658
2610,1709649578.5872126,1709649578.5872192
2611,1709649578.6824028,1709649578.6824105
2612,1709649578.7865345,1709649578.7865422
2613,1709649578.891892,1709649578.8918996
2614,1709649578.9811924,1709649578.9811988
2615,1709649579.083039,1709649579.08305
2616,1709649579.2004337,1709649579.2004442
2617,1709649579.287496,1709649579.2875037
2618,1709649579.3975039,1709649579.3975122
2619,1709649579.4892344,1709649579.489243
2620,1709649579.582636,1709649579.5826452
2621,1709649579.7007792,1709649579.7007868
2622,1709649579.7961974,1709649579.7962043
2623,1709649579.8865464,1709649579.8865547
2624,1709649579.9909854,1709649579.990995
2625,1709649580.0909052,1709649580.0909133
2626,1709649580.192464,1709649580.192472
2627,1709649580.2906663,1709649580.2906735
2628,1709649580.3874435,1709649580.3874524
2629,1709649580.4843931,1709649580.4843998
2630,1709649580.5841956,1709649580.5842023
2631,1709649580.6972618,1709649580.6972702
2632,1709649580.7907016,1709649580.7907093
2633,1709649580.8876383,1709649580.887647
2634,1709649580.983562,1709649580.98357
2635,1709649581.101946,1709649581.101954
2636,1709649581.1880853,1709649581.1880896
2637,1709649581.2882032,1709649581.2882109
2638,1709649581.3823867,1709649581.3823943
2639,1709649581.4913223,1709649581.4913287
2640,1709649581.597163,1709649581.5971704
2641,1709649581.6844528,1709649581.6844604
2642,1709649581.7902915,1709649581.7903004
2643,1709649581.8957703,1709649581.8957775
2644,1709649581.9833906,1709649581.9833982
2645,1709649582.0817933,1709649582.081801
2646,1709649582.1864884,1709649582.1864939
2647,1709649582.296831,1709649582.2968378
2648,1709649582.398519,1709649582.3985288
2649,1709649582.4871387,1709649582.4871452
2650,1709649582.5890517,1709649582.5890603
2651,1709649582.6885755,1709649582.6885831
2652,1709649582.797022,1709649582.79703
2653,1709649582.8880954,1709649582.888101
2654,1709649582.9905436,1709649582.990552
2655,1709649583.1006117,1709649583.1006198
2656,1709649583.1997266,1709649583.1997342
2657,1709649583.2983735,1709649583.2983806
2658,1709649583.3874676,1709649583.3874736
2659,1709649583.4874067,1709649583.4874148
2660,1709649583.5979862,1709649583.5979934
2661,1709649583.6970253,1709649583.6970334
2662,1709649583.7931612,1709649583.7931697
2663,1709649583.8829892,1709649583.882999
2664,1709649583.985397,1709649583.9854023
2665,1709649584.090413,1709649584.0904205
2666,1709649584.18703,1709649584.1870368
2667,1709649584.2872365,1709649584.2872438
2668,1709649584.3831604,1709649584.383168
2669,1709649584.4953349,1709649584.495342
2670,1709649584.6048834,1709649584.604892
2671,1709649584.6897264,1709649584.6897354
2672,1709649584.790629,1709649584.7906363
2673,1709649584.88256,1709649584.8825715
2674,1709649584.9890914,1709649584.9891
2675,1709649585.089481,1709649585.0894883
2676,1709649585.1887758,1709649585.1887836
2677,1709649585.2877862,1709649585.2877932
2678,1709649585.3894134,1709649585.3894231
2679,1709649585.4903834,1709649585.4903905
2680,1709649585.5961561,1709649585.596163
2681,1709649585.6937072,1709649585.6937127
2682,1709649585.7896693,1709649585.7896748
2683,1709649585.884219,1709649585.8842285
2684,1709649585.9875193,1709649585.9875262
2685,1709649586.0975704,1709649586.0975795
2686,1709649586.1844702,1709649586.1844773
2687,1709649586.2858002,1709649586.2858112
2688,1709649586.3892229,1709649586.3892288
2689,1709649586.4959338,1709649586.4959419
2690,1709649586.5831838,1709649586.5831912
2691,1709649586.6825933,1709649586.682601
2692,1709649586.7887306,1709649586.7887402
2693,1709649586.8892548,1709649586.8892624
2694,1709649586.9931774,1709649586.9931855
2695,1709649587.0838335,1709649587.08384
2696,1709649587.1900804,1709649587.1900885
2697,1709649587.2920856,1709649587.2920935
2698,1709649587.379032,1709649587.379036
2699,1709649587.4831488,1709649587.4831583
2700,1709649587.609779,1709649587.609788
2701,1709649587.693843,1709649587.6938527
2702,1709649587.7848148,1709649587.7848208
2703,1709649587.888719,1709649587.888727
2704,1709649587.9907346,1709649587.9907427
2705,1709649588.095812,1709649588.0958195
2706,1709649588.1869211,1709649588.1869326
2707,1709649588.282041,1709649588.2820485
2708,1709649588.4001024,1709649588.4001095
2709,1709649588.4795694,1709649588.4795735
2710,1709649588.5829537,1709649588.582961
2711,1709649588.6898398,1709649588.689878
2712,1709649588.7926266,1709649588.792634
2713,1709649588.8868608,1709649588.8868663
2714,1709649588.980652,1709649588.9806576
2715,1709649589.0819383,1709649589.0819457
2716,1709649589.193801,1709649589.1938093
2717,1709649589.2846406,1709649589.2846472
2718,1709649589.3816607,1709649589.3816743
2719,1709649589.4908907,1709649589.490901
2720,1709649589.5888565,1709649589.588863
2721,1709649589.6853018,1709649589.6853082
2722,1709649589.7850118,1709649589.785019
2723,1709649589.8907602,1709649589.8907685
2724,1709649589.9952059,1709649589.9952128
2725,1709649590.0866277,1709649590.0866344
2726,1709649590.187552,1709649590.1875591
2727,1709649590.2970784,1709649590.297086
2728,1709649590.393766,1709649590.393773
2729,1709649590.484789,1709649590.4847975
2730,1709649590.586159,1709649590.586166
2731,1709649590.69555,1709649590.69556
2732,1709649590.7841887,1709649590.784201
2733,1709649590.8844178,1709649590.8844244
2734,1709649590.9907238,1709649590.9907308
2735,1709649591.085309,1709649591.0853164
2736,1709649591.187489,1709649591.187501
2737,1709649591.2863553,1709649591.2863622
2738,1709649591.3806653,1709649591.380674
2739,1709649591.4983888,1709649591.4983988
2740,1709649591.587295,1709649591.5873024
2741,1709649591.6889257,1709649591.6889334
2742,1709649591.7866044,1709649591.786613
2743,1709649591.889495,1709649591.8895044
2744,1709649591.9873133,1709649591.9873219
2745,1709649592.0871098,1709649592.0871193
2746,1709649592.189423,1709649592.1894317
2747,1709649592.2886028,1709649592.28861
2748,1709649592.389212,1709649592.3892202
2749,1709649592.4875207,1709649592.4875295
2750,1709649592.5882714,1709649592.5882812
2751,1709649592.6907046,1709649592.6907122
2752,1709649592.7905347,1709649592.7905426
2753,1709649592.88928,1709649592.889286
2754,1709649592.9935112,1709649592.9935184
2755,1709649593.0983198,1709649593.098328
2756,1709649593.180973,1709649593.1809802
2757,1709649593.2904532,1709649593.2904615
2758,1709649593.3984904,1709649593.3984988
2759,1709649593.486064,1709649593.48607
2760,1709649593.5896132,1709649593.589621
2761,1709649593.6856458,1709649593.6856525
2762,1709649593.791199,1709649593.791207
2763,1709649593.8862793,1709649593.8862865
2764,1709649593.9849207,1709649593.9849272
2765,1709649594.0837135,1709649594.0837207
2766,1709649594.1833954,1709649594.1834023
2767,1709649594.2894886,1709649594.2894957
2768,1709649594.3843765,1709649594.384384
2769,1709649594.490623,1709649594.4906306
2770,1709649594.9445198,1709649594.9445317
2771,1709649594.954499,1709649594.9545057
2772,1709649594.9937398,1709649594.9937456
2773,1709649595.094693,1709649595.0947008
2774,1709649595.1963453,1709649595.1963534
2775,1709649595.286972,1709649595.286979
2776,1709649595.3896894,1709649595.3896966
2777,1709649595.482436,1709649595.4824429
2778,1709649595.5929146,1709649595.592923
2779,1709649595.688634,1709649595.688641
2780,1709649595.789167,1709649595.7891743
2781,1709649595.8875802,1709649595.887587
2782,1709649595.9843166,1709649595.9843245
2783,1709649596.0861397,1709649596.086146
2784,1709649596.196866,1709649596.1968727
2785,1709649596.2873707,1709649596.2873793
2786,1709649596.3857899,1709649596.3857977
2787,1709649596.4814227,1709649596.4814293
2788,1709649596.5894868,1709649596.5894945
2789,1709649596.690655,1709649596.6906621
2790,1709649596.7850943,1709649596.7851014
2791,1709649596.888393,1709649596.8884
2792,1709649596.9876678,1709649596.987675
2793,1709649597.0897467,1709649597.089754
2794,1709649597.1891413,1709649597.1891518
2795,1709649597.280064,1709649597.2800717
2796,1709649597.3911314,1709649597.391139
2797,1709649597.485622,1709649597.4856296
2798,1709649597.584707,1709649597.5847142
2799,1709649597.6893287,1709649597.6893358
2800,1709649597.7862566,1709649597.7862647
2801,1709649597.8804827,1709649597.880489
2802,1709649597.987154,1709649597.9871612
2803,1709649598.0875564,1709649598.0875635
2804,1709649598.180243,1709649598.1802516
2805,1709649598.2901752,1709649598.2901826
2806,1709649598.390256,1709649598.3902628
2807,1709649598.4908,1709649598.4908073
2808,1709649598.5839715,1709649598.5839763
2809,1709649598.6898766,1709649598.6898818
2810,1709649598.7880194,1709649598.7880278
2811,1709649598.8802373,1709649598.8802462
2812,1709649598.985736,1709649598.9857442
2813,1709649599.0864794,1709649599.0864844
2814,1709649599.1818905,1709649599.1819005
2815,1709649599.2887619,1709649599.2887707
2816,1709649599.3799143,1709649599.3799224
2817,1709649599.4884617,1709649599.488468
2818,1709649599.5803533,1709649599.5803604
2819,1709649599.6858428,1709649599.6858497
2820,1709649599.7874818,1709649599.7874897
2821,1709649599.8878574,1709649599.8878624
2822,1709649599.9927611,1709649599.9927688
2823,1709649600.0927262,1709649600.0927339
2824,1709649600.1918821,1709649600.19189
2825,1709649600.2797222,1709649600.27973
2826,1709649600.3802798,1709649600.380288
2827,1709649600.4878793,1709649600.4878874
2828,1709649600.5876372,1709649600.587644
2829,1709649600.6875653,1709649600.687572
2830,1709649600.7796113,1709649600.7796166
2831,1709649600.885348,1709649600.885356
2832,1709649600.9872422,1709649600.987251
2833,1709649601.0868053,1709649601.0868127
2834,1709649601.183444,1709649601.1834486
2835,1709649601.280459,1709649601.280467
2836,1709649601.3834317,1709649601.3834393
2837,1709649601.4849164,1709649601.4849246
2838,1709649601.5915496,1709649601.5915573
2839,1709649601.6979058,1709649601.6979144
2840,1709649601.7879622,1709649601.7879705
2841,1709649601.8909612,1709649601.8909686
2842,1709649601.9964356,1709649601.9964461
2843,1709649602.0892832,1709649602.0892916
2844,1709649602.1948752,1709649602.1948826
2845,1709649602.2827852,1709649602.2827938
2846,1709649602.383801,1709649602.3838067
2847,1709649602.4896562,1709649602.489665
2848,1709649602.5873146,1709649602.5873215
2849,1709649602.693452,1709649602.6934602
2850,1709649602.7848613,1709649602.7848682
2851,1709649602.8892584,1709649602.889266
2852,1709649602.9875755,1709649602.9875846
2853,1709649603.087862,1709649603.0878701
2854,1709649603.1803079,1709649603.1803124
2855,1709649603.2863703,1709649603.2863758
2856,1709649603.3858166,1709649603.3858242
2857,1709649603.488963,1709649603.4889708
2858,1709649603.5924623,1709649603.59247
2859,1709649603.6872835,1709649603.687291
2860,1709649603.805905,1709649603.8059154
2861,1709649603.8875115,1709649603.8875198
2862,1709649603.9847565,1709649603.9847648
2863,1709649604.082513,1709649604.0825217
2864,1709649604.189365,1709649604.1893709
2865,1709649604.2817886,1709649604.2817974
2866,1709649604.3910365,1709649604.3910415
2867,1709649604.4875817,1709649604.4875898
2868,1709649604.583867,1709649604.5838745
2869,1709649604.6950188,1709649604.6950262
2870,1709649604.7862942,1709649604.786302
2871,1709649604.8935957,1709649604.8936028
2872,1709649604.9814887,1709649604.9814963
2873,1709649605.0915723,1709649605.0915802
2874,1709649605.187566,1709649605.1875775
2875,1709649605.2916875,1709649605.2916949
2876,1709649605.380459,1709649605.3804648
2877,1709649605.486985,1709649605.4869924
2878,1709649605.58583,1709649605.5858376
2879,1709649605.6915395,1709649605.691547
2880,1709649605.7879543,1709649605.7879593
2881,1709649605.891512,1709649605.8915184
2882,1709649605.9844716,1709649605.9844787
2883,1709649606.0829232,1709649606.082931
2884,1709649606.1794536,1709649606.1794608
2885,1709649606.2872474,1709649606.2872543
2886,1709649606.3856688,1709649606.3856752
2887,1709649606.486511,1709649606.486518
2888,1709649606.5807066,1709649606.5807137
2889,1709649606.69231,1709649606.6923172
2890,1709649606.810645,1709649606.8106534
2891,1709649606.8961084,1709649606.8961163
2892,1709649606.986063,1709649606.9860702
2893,1709649607.0938392,1709649607.093848
2894,1709649607.1924958,1709649607.1925051
2895,1709649607.2917135,1709649607.2917256
2896,1709649607.3919687,1709649607.3919773
2897,1709649607.4893641,1709649607.4893749
2898,1709649607.582498,1709649607.5825055
2899,1709649607.6814,1709649607.6814072
2900,1709649607.7879107,1709649607.787918
2901,1709649607.909678,1709649607.9096866
2902,1709649607.9980934,1709649607.9981012
2903,1709649608.0998113,1709649608.099821
2904,1709649608.1936057,1709649608.1936145
2905,1709649608.2834253,1709649608.2834344
2906,1709649608.3830075,1709649608.3830175
2907,1709649608.4864473,1709649608.4864552
2908,1709649608.5944653,1709649608.5944743
2909,1709649608.7018943,1709649608.7019026
2910,1709649608.795956,1709649608.7959626
2911,1709649608.8938305,1709649608.8938398
2912,1709649608.9893208,1709649608.9893281
2913,1709649609.0799773,1709649609.0799844
2914,1709649609.1953146,1709649609.195323
2915,1709649609.290971,1709649609.2909758
2916,1709649609.3877745,1709649609.3877819
2917,1709649609.4879837,1709649609.4879916
2918,1709649609.5837274,1709649609.5837352
2919,1709649609.6960819,1709649609.6960893
2920,1709649609.78327,1709649609.783279
2921,1709649609.894679,1709649609.8946867
2922,1709649609.9799104,1709649609.9799168
2923,1709649610.0846453,1709649610.084652
2924,1709649610.181418,1709649610.1814277
2925,1709649610.2859576,1709649610.2859643
2926,1709649610.3867006,1709649610.3867097
2927,1709649610.4898498,1709649610.4898593
2928,1709649610.5825565,1709649610.5825646
2929,1709649610.688016,1709649610.688023
2930,1709649610.782416,1709649610.7824242
2931,1709649610.8981547,1709649610.898162
2932,1709649610.9833853,1709649610.9833918
2933,1709649611.091702,1709649611.091709
2934,1709649611.1870372,1709649611.187045
2935,1709649611.2930555,1709649611.2930624
2936,1709649611.387324,1709649611.3873324
2937,1709649611.485871,1709649611.4858792
2938,1709649611.5992384,1709649611.5992453
2939,1709649611.689299,1709649611.689307
2940,1709649611.794988,1709649611.794997
2941,1709649611.8932102,1709649611.89322
2942,1709649612.0039341,1709649612.003941
2943,1709649612.1069465,1709649612.1069584
2944,1709649612.1910615,1709649612.1910694
2945,1709649612.291516,1709649612.2915251
2946,1709649612.3965898,1709649612.3966002
2947,1709649612.4994774,1709649612.4994867
2948,1709649612.6071048,1709649612.6071146
2949,1709649612.7011309,1709649612.701138
2950,1709649612.805091,1709649612.8050995
2951,1709649612.8901067,1709649612.890118
2952,1709649612.9901626,1709649612.990174
2953,1709649613.0856693,1709649613.0856783
2954,1709649613.185595,1709649613.1856031
2955,1709649613.2916787,1709649613.2916858
2956,1709649613.3826714,1709649613.3826814
2957,1709649613.4851615,1709649613.4851692
2958,1709649613.586407,1709649613.5864167
2959,1709649613.696565,1709649613.696575
2960,1709649613.7855287,1709649613.7855375
2961,1709649613.888517,1709649613.8885238
2962,1709649613.9868877,1709649613.9868941
2963,1709649614.0947368,1709649614.0947437
2964,1709649614.1886287,1709649614.188635
2965,1709649614.2956727,1709649614.295681
2966,1709649614.3854795,1709649614.3854868
2967,1709649614.4908,1709649614.4908068
2968,1709649614.6072128,1709649614.6072204
2969,1709649614.6894734,1709649614.6894813
2970,1709649614.7863665,1709649614.786374
2971,1709649614.8893926,1709649614.8893998
2972,1709649614.9844496,1709649614.9844575
2973,1709649615.085105,1709649615.0851126
2974,1709649615.1882138,1709649615.188219
2975,1709649615.2828772,1709649615.2828856
2976,1709649615.393031,1709649615.3930397
2977,1709649615.4933922,1709649615.4934
2978,1709649615.5960004,1709649615.5960085
2979,1709649615.696072,1709649615.6960816
2980,1709649615.789011,1709649615.789019
2981,1709649615.8896217,1709649615.8896294
2982,1709649615.9839811,1709649615.983989
2983,1709649616.0838013,1709649616.08381
2984,1709649616.1834235,1709649616.183429
2985,1709649616.283946,1709649616.283954
2986,1709649616.392944,1709649616.3929503
2987,1709649616.4818513,1709649616.481859
2988,1709649616.582683,1709649616.582691
2989,1709649616.6832907,1709649616.6832988
2990,1709649616.7837372,1709649616.783746
2991,1709649616.8854148,1709649616.8854244
2992,1709649616.983691,1709649616.9836984
2993,1709649617.084872,1709649617.0848794
2994,1709649617.1867425,1709649617.1867487
2995,1709649617.2857525,1709649617.2857602
2996,1709649617.3871384,1709649617.3871472
2997,1709649617.4793227,1709649617.4793289
2998,1709649617.5846093,1709649617.588067
2999,1709649617.6979172,1709649617.7016754
3000,1709649617.784219,1709649617.7895024
3001,1709649617.8885474,1709649617.8912659
3002,1709649617.9838412,1709649617.9865115
3003,1709649618.0937812,1709649618.099006
3004,1709649618.1887681,1709649618.192156
3005,1709649618.279256,1709649618.2812226
3006,1709649618.386366,1709649618.3893063
3007,1709649618.4876385,1709649618.4913824
3008,1709649618.6066937,1709649618.6093073
3009,1709649618.6822333,1709649618.6849792
3010,1709649618.7862277,1709649618.789496
3011,1709649618.8856633,1709649618.8894236
3012,1709649618.9827042,1709649618.98569
3013,1709649619.0840323,1709649619.0869656
3014,1709649619.1894326,1709649619.191996
3015,1709649619.2851481,1709649619.2882113
3016,1709649619.3877437,1709649619.3924043
3017,1709649619.482762,1709649619.4857707
3018,1709649619.5889924,1709649619.5933874
3019,1709649619.6890204,1709649619.6933982
3020,1709649619.7820528,1709649619.7858438
3021,1709649619.8924236,1709649619.8959308
3022,1709649619.983494,1709649619.9870195
3023,1709649620.0807354,1709649620.0841813
3024,1709649620.1831398,1709649620.1865406
3025,1709649620.2925084,1709649620.296361
3026,1709649620.3958132,1709649620.3990116
3027,1709649620.4895132,1709649620.493261
3028,1709649620.593984,1709649620.5970566
3029,1709649620.6879215,1709649620.6914341
3030,1709649620.7838094,1709649620.7864983
3031,1709649620.888218,1709649620.8911602
3032,1709649620.9857314,1709649620.9886026
3033,1709649621.0848672,1709649621.0882967
3034,1709649621.1884034,1709649621.1915374
3035,1709649621.2870564,1709649621.2905462
3036,1709649621.390957,1709649621.3941338
3037,1709649621.4838266,1709649621.486961
3038,1709649621.5836675,1709649621.58758
3039,1709649621.6972067,1709649621.7002015
3040,1709649621.790163,1709649621.7926073
3041,1709649621.8879743,1709649621.8907318
3042,1709649621.9917724,1709649621.9945335
3043,1709649622.082802,1709649622.0852861
3044,1709649622.187105,1709649622.1903229
3045,1709649622.2926989,1709649622.29556
3046,1709649622.3880048,1709649622.39667
3047,1709649622.4953992,1709649622.499611
3048,1709649622.5891027,1709649622.5929654
3049,1709649622.6855857,1709649622.6888876
3050,1709649622.7905989,1709649622.7938159
3051,1709649622.8830733,1709649622.8868153
3052,1709649622.9861088,1709649622.9891717
3053,1709649623.0864801,1709649623.0893154
3054,1709649623.181557,1709649623.1845548
3055,1709649623.2865872,1709649623.2893045
3056,1709649623.3864202,1709649623.3895667
3057,1709649623.4800136,1709649623.4828176
3058,1709649623.5926433,1709649623.595333
3059,1709649623.686574,1709649623.690283
3060,1709649623.7845926,1709649623.7885406
3061,1709649623.8956301,1709649623.8991797
3062,1709649623.984291,1709649623.9878688
3063,1709649624.0851667,1709649624.0886242
3064,1709649624.2055197,1709649624.2090368
3065,1709649624.2908552,1709649624.2932253
3066,1709649624.3870788,1709649624.3891919
3067,1709649624.48186,1709649624.489491
3068,1709649624.5913036,1709649624.5948336
3069,1709649624.6970081,1709649624.7003179
3070,1709649624.7869403,1709649624.789964
3071,1709649624.8814228,1709649624.8844745
3072,1709649624.9870827,1709649624.989691
3073,1709649625.0841322,1709649625.0873759
3074,1709649625.1871154,1709649625.193366
3075,1709649625.2852852,1709649625.2887735
3076,1709649625.3865426,1709649625.3896494
3077,1709649625.483244,1709649625.485989
3078,1709649625.5974078,1709649625.6007497
3079,1709649625.6880724,1709649625.6907752
3080,1709649625.7869518,1709649625.7900772
3081,1709649625.8807547,1709649625.886156
3082,1709649625.9859865,1709649625.9898262
3083,1709649626.0855298,1709649626.0882268
3084,1709649626.1811042,1709649626.1854875
3085,1709649626.2793145,1709649626.2818365
3086,1709649626.380263,1709649626.3832664
3087,1709649626.481767,1709649626.484016
3088,1709649626.5897446,1709649626.592055
3089,1709649626.6862514,1709649626.6896994
3090,1709649626.786371,1709649626.7888968
3091,1709649626.8829308,1709649626.8856068
3092,1709649626.984909,1709649626.9883056
3093,1709649627.0919268,1709649627.0950434
3094,1709649627.1822374,1709649627.186229
3095,1709649627.286238,1709649627.2892992
3096,1709649627.3867335,1709649627.3901184
3097,1709649627.4859564,1709649627.4889305
3098,1709649627.5965714,1709649627.599818
3099,1709649627.6920583,1709649627.6966417
3100,1709649627.7848835,1709649627.7887414
3101,1709649627.8822398,1709649627.885884
3102,1709649627.9955661,1709649628.0000944
3103,1709649628.0877,1709649628.0915692
3104,1709649628.1817293,1709649628.1851437
3105,1709649628.2808313,1709649628.2839868
3106,1709649628.3890147,1709649628.393431
3107,1709649628.4857137,1709649628.48851
3108,1709649628.5835745,1709649628.5864398
3109,1709649628.6846883,1709649628.6865742
3110,1709649628.7836826,1709649628.787215
3111,1709649628.8836849,1709649628.886762
3112,1709649628.9861574,1709649628.9886978
3113,1709649629.0828927,1709649629.0861266
3114,1709649629.193486,1709649629.1984324
3115,1709649629.284918,1709649629.2881384
3116,1709649629.3798735,1709649629.3825352
3117,1709649629.4846818,1709649629.4882457
3118,1709649629.588713,1709649629.5916643
3119,1709649629.6858742,1709649629.688894
3120,1709649629.7807019,1709649629.7837358
3121,1709649629.8821285,1709649629.8850656
3122,1709649629.9868112,1709649629.9897828
3123,1709649630.0828695,1709649630.0860217
3124,1709649630.1879315,1709649630.1904948
3125,1709649630.2857497,1709649630.2916014
3126,1709649630.3859854,1709649630.3938873
3127,1709649630.4831846,1709649630.4849439
3128,1709649630.5841706,1709649630.587294
3129,1709649630.6843188,1709649630.6880178
3130,1709649630.7808456,1709649630.784849
3131,1709649630.8866887,1709649630.8895326
3132,1709649630.9926283,1709649630.9958365
3133,1709649631.083877,1709649631.0865972
3134,1709649631.1877656,1709649631.1913025
3135,1709649631.2821496,1709649631.284993
3136,1709649631.3906589,1709649631.3938394
3137,1709649631.4857402,1709649631.4887428
3138,1709649631.5791378,1709649631.5841799
3139,1709649631.6817734,1709649631.6847956
3140,1709649631.7842798,1709649631.7871385
3141,1709649631.889046,1709649631.8923547
3142,1709649631.9901514,1709649631.9941733
3143,1709649632.0920393,1709649632.098103
3144,1709649632.1908937,1709649632.1966374
3145,1709649632.2860796,1709649632.2889984
3146,1709649632.3820956,1709649632.3849556
3147,1709649632.481919,1709649632.4851918
3148,1709649632.590803,1709649632.594002
3149,1709649632.6860647,1709649632.6894317
3150,1709649632.7799213,1709649632.7827933
3151,1709649632.8955495,1709649632.898345
3152,1709649632.9933512,1709649632.995988
3153,1709649633.0856466,1709649633.08832
3154,1709649633.1882882,1709649633.1911125
3155,1709649633.2872584,1709649633.2896278
3156,1709649633.3889482,1709649633.393406
3157,1709649633.4847074,1709649633.4877334
3158,1709649633.5832098,1709649633.5861218
3159,1709649633.6816313,1709649633.6844268
3160,1709649633.7913854,1709649633.7951055
3161,1709649633.8933268,1709649633.896562
3162,1709649633.9877453,1709649633.990894
3163,1709649634.0893378,1709649634.0930562
3164,1709649634.1862442,1709649634.1892056
3165,1709649634.2843668,1709649634.287338
3166,1709649634.3839924,1709649634.3867598
3167,1709649634.4849498,1709649634.4875731
3168,1709649634.5847938,1709649634.5867648
3169,1709649634.6866171,1709649634.6896114
3170,1709649634.7865741,1709649634.7893417
3171,1709649634.8806264,1709649634.8836162
3172,1709649634.9872582,1709649634.9895957
3173,1709649635.0831337,1709649635.0857358
3174,1709649635.1868768,1709649635.1897178
3175,1709649635.2837663,1709649635.286888
3176,1709649635.3861425,1709649635.3889537
3177,1709649635.490231,1709649635.494031
3178,1709649635.58028,1709649635.5838313
3179,1709649635.6834428,1709649635.686978
3180,1709649635.784589,1709649635.7874954
3181,1709649635.8806741,1709649635.8834934
3182,1709649635.9898753,1709649635.997835
3183,1709649636.084917,1709649636.0893831
3184,1709649636.1963065,1709649636.1998444
3185,1709649636.286372,1709649636.2897785
3186,1709649636.393377,1709649636.39623
3187,1709649636.4872289,1709649636.4903827
3188,1709649636.5926042,1709649636.5956101
3189,1709649636.6812446,1709649636.684229
3190,1709649636.7840378,1709649636.786884
3191,1709649636.8876033,1709649636.8900414
3192,1709649636.9873595,1709649636.9903097
3193,1709649637.0832992,1709649637.0863602
3194,1709649637.1853092,1709649637.188096
3195,1709649637.2827969,1709649637.2856348
3196,1709649637.3875396,1709649637.390236
3197,1709649637.4818478,1709649637.4841573
3198,1709649637.5846329,1709649637.5956285
3199,1709649637.6845834,1709649637.6882915
3200,1709649637.7905939,1709649637.793671
3201,1709649637.8830702,1709649637.888852
3202,1709649637.9820642,1709649637.9862604
3203,1709649638.0874186,1709649638.091492
3204,1709649638.268583,1709649638.2735114
3205,1709649638.2907264,1709649638.2937026
3206,1709649638.3888774,1709649638.3907068
3207,1709649638.4824774,1709649638.4857411
3208,1709649638.585171,1709649638.5881977
3209,1709649638.6815448,1709649638.6849344
3210,1709649638.7829638,1709649638.7860272
3211,1709649638.8816311,1709649638.8850868
3212,1709649638.9839103,1709649638.9874973
3213,1709649639.0810308,1709649639.0841048
3214,1709649639.1884744,1709649639.1919956
3215,1709649639.2823095,1709649639.2854059
3216,1709649639.3854299,1709649639.3884127
3217,1709649639.480514,1709649639.4835114
3218,1709649639.5959358,1709649639.5986123
3219,1709649639.687855,1709649639.6906471
3220,1709649639.7858837,1709649639.78888
3221,1709649639.8926346,1709649639.896734
3222,1709649639.9857247,1709649639.9881566
3223,1709649640.0841875,1709649640.0875998
3224,1709649640.1935153,1709649640.1967847
3225,1709649640.291268,1709649640.298278
3226,1709649640.3862357,1709649640.39024
3227,1709649640.4851174,1709649640.488832
3228,1709649640.5951655,1709649640.598231
3229,1709649640.686665,1709649640.6901717
3230,1709649640.7802112,1709649640.783255
3231,1709649640.8825994,1709649640.8857613
3232,1709649640.9882083,1709649640.9928308
3233,1709649641.080561,1709649641.0833476
3234,1709649641.1874206,1709649641.190694
3235,1709649641.2802167,1709649641.2832663
3236,1709649641.3856719,1709649641.3888829
3237,1709649641.481346,1709649641.4843056
3238,1709649641.5862348,1709649641.589149
3239,1709649641.6851182,1709649641.6885698
3240,1709649641.7870145,1709649641.789845
3241,1709649641.8885286,1709649641.8914413
3242,1709649641.9852183,1709649641.9872487
3243,1709649642.0835483,1709649642.0861316
3244,1709649642.1803427,1709649642.183783
3245,1709649642.2846465,1709649642.2877831
3246,1709649642.388207,1709649642.3905492
3247,1709649642.4837723,1709649642.486595
3248,1709649642.5929356,1709649642.5929418
3249,1709649642.6839135,1709649642.6839206
3250,1709649642.7855852,1709649642.7856104
3251,1709649642.8875597,1709649642.887567
3252,1709649642.9851375,1709649642.9851463
3253,1709649643.0870793,1709649643.0870874
3254,1709649643.1888356,1709649643.1888435
3255,1709649643.286576,1709649643.2865849
3256,1709649643.384427,1709649643.384435
3257,1709649643.4832997,1709649643.483308
3258,1709649643.592576,1709649643.5925844
3259,1709649643.685307,1709649643.6853158
3260,1709649643.7835004,1709649643.7835102
3261,1709649643.88992,1709649643.88993
3262,1709649643.9916835,1709649643.9916923
3263,1709649644.0834944,1709649644.0835023
3264,1709649644.1876552,1709649644.1876626
3265,1709649644.2889187,1709649644.2889273
3266,1709649644.3897028,1709649644.3897145
3267,1709649644.4911594,1709649644.4911678
3268,1709649644.584758,1709649644.5847661
3269,1709649644.6875207,1709649644.6875315
3270,1709649644.7970898,1709649644.7970974
3271,1709649644.884267,1709649644.8842766
3272,1709649644.979322,1709649644.9793308
3273,1709649645.104563,1709649645.1045716
3274,1709649645.189615,1709649645.1896229
3275,1709649645.2872703,1709649645.2872784
3276,1709649645.3882272,1709649645.3882394
3277,1709649645.4886804,1709649645.4886858
3278,1709649645.5819023,1709649645.5819073
3279,1709649645.6894343,1709649645.689443
3280,1709649645.7893443,1709649645.789351
3281,1709649645.887056,1709649645.8870635
3282,1709649645.9881382,1709649645.9881458
3283,1709649646.0884442,1709649646.0884519
3284,1709649646.1809168,1709649646.180925
3285,1709649646.2876801,1709649646.2876878
3286,1709649646.3884172,1709649646.388425
3287,1709649646.4854772,1709649646.485483
3288,1709649646.6037946,1709649646.6038013
3289,1709649646.691443,1709649646.6914504
3290,1709649646.7856593,1709649646.7856677
3291,1709649646.8882442,1709649646.888252
3292,1709649646.9854755,1709649646.985483
3293,1709649647.0844278,1709649647.084436
3294,1709649647.1901753,1709649647.1901815
3295,1709649647.2863562,1709649647.2863662
3296,1709649647.382476,1709649647.3824847
3297,1709649647.4841557,1709649647.4841628
3298,1709649647.5885906,1709649647.588598
3299,1709649647.6821814,1709649647.682188
3300,1709649647.789323,1709649647.7893307
3301,1709649647.8885803,1709649647.8885877
3302,1709649647.9837954,1709649647.9838035
3303,1709649648.0834906,1709649648.083498
3304,1709649648.1910992,1709649648.191106
3305,1709649648.2866611,1709649648.2866676
3306,1709649648.3821328,1709649648.38214
3307,1709649648.4793136,1709649648.479321
3308,1709649648.591235,1709649648.5912392
3309,1709649648.685372,1709649648.68538
3310,1709649648.7877123,1709649648.7877192
3311,1709649648.8945644,1709649648.894572
3312,1709649648.9861665,1709649648.986173
3313,1709649649.0921485,1709649649.092156
3314,1709649649.1902075,1709649649.1902153
3315,1709649649.2899978,1709649649.2900057
3316,1709649649.3941565,1709649649.3941646
3317,1709649649.4796503,1709649649.4796562
3318,1709649649.595931,1709649649.5959394
3319,1709649649.6884575,1709649649.6884668
3320,1709649649.7892106,1709649649.7892165
3321,1709649649.8869686,1709649649.8869774
3322,1709649649.9821742,1709649649.982185
3323,1709649650.0881739,1709649650.0881839
3324,1709649650.1846852,1709649650.1846952
3325,1709649650.2837026,1709649650.2837112
3326,1709649650.3931098,1709649650.3931177
3327,1709649650.4878366,1709649650.4878457
3328,1709649650.5877926,1709649650.587799
3329,1709649650.6826947,1709649650.6827
3330,1709649650.793742,1709649650.7937515
3331,1709649650.8945365,1709649650.8945434
3332,1709649650.9881265,1709649650.9881344
3333,1709649651.0932293,1709649651.0932364
3334,1709649651.1869135,1709649651.1869206
3335,1709649651.2924926,1709649651.292501
3336,1709649651.3886926,1709649651.3887012
3337,1709649651.4819973,1709649651.482004
3338,1709649651.5912037,1709649651.5912127
3339,1709649651.6863093,1709649651.6863143
3340,1709649651.7915015,1709649651.7915103
3341,1709649651.8880804,1709649651.8880877
3342,1709649651.9872375,1709649651.9872446
3343,1709649652.0806782,1709649652.080683
3344,1709649652.1830163,1709649652.1830242
3345,1709649652.284462,1709649652.2844675
3346,1709649652.3873026,1709649652.387309
3347,1709649652.4853168,1709649652.4853246
3348,1709649652.5851274,1709649652.5851347
3349,1709649652.6930978,1709649652.6931038
3350,1709649652.7898014,1709649652.7898095
3351,1709649652.88579,1709649652.8857977
3352,1709649652.9811747,1709649652.9811807
3353,1709649653.091956,1709649653.091962
3354,1709649653.186941,1709649653.1869478
3355,1709649653.2926786,1709649653.2926855
3356,1709649653.3845463,1709649653.384554
3357,1709649653.4834044,1709649653.483412
3358,1709649653.5860796,1709649653.5860865
3359,1709649653.6916165,1709649653.6916242
3360,1709649653.791779,1709649653.79179
3361,1709649653.8964658,1709649653.8964727
3362,1709649653.99824,1709649653.9982471
3363,1709649654.0849278,1709649654.0849335
3364,1709649654.1888127,1709649654.18882
3365,1709649654.2874446,1709649654.2874527
3366,1709649654.3975623,1709649654.39757
3367,1709649654.4989629,1709649654.4989724
3368,1709649654.5867515,1709649654.5867589
3369,1709649654.6808143,1709649654.6808226
3370,1709649654.7836127,1709649654.7836196
3371,1709649654.8859332,1709649654.8859441
3372,1709649654.9902468,1709649654.9902544
3373,1709649655.0818079,1709649655.0818155
3374,1709649655.1875634,1709649655.18757
3375,1709649655.289298,1709649655.2893064
3376,1709649655.3894546,1709649655.3894625
3377,1709649655.4892194,1709649655.4892268
3378,1709649655.5920942,1709649655.5921018
3379,1709649655.6964014,1709649655.6964097
3380,1709649655.7886682,1709649655.788674
3381,1709649655.9027226,1709649655.9027355
3382,1709649655.9938478,1709649655.9938562
3383,1709649656.0852206,1709649656.0852282
3384,1709649656.1835587,1709649656.1835675
3385,1709649656.2933261,1709649656.293334
3386,1709649656.3804705,1709649656.3804762
3387,1709649656.4849706,1709649656.4849913
3388,1709649656.5969331,1709649656.5969412
3389,1709649656.6926308,1709649656.6926384
3390,1709649656.7944837,1709649656.7944894
3391,1709649656.880865,1709649656.8808727
3392,1709649656.9828987,1709649656.9829073
3393,1709649657.089711,1709649657.0897152
3394,1709649657.1858897,1709649657.1858969
3395,1709649657.2907934,1709649657.290803
3396,1709649657.3844035,1709649657.3844109
3397,1709649657.4870532,1709649657.4870582
3398,1709649657.5835931,1709649657.5836015
3399,1709649657.6873412,1709649657.6873488
3400,1709649657.797857,1709649657.797865
3401,1709649657.880085,1709649657.8800929
3402,1709649657.9811995,1709649657.9812083
3403,1709649658.0925493,1709649658.0925603
3404,1709649658.1935518,1709649658.193562
3405,1709649658.291492,1709649658.2914999
3406,1709649658.3898602,1709649658.3898687
3407,1709649658.4885461,1709649658.488555
3408,1709649658.5835898,1709649658.5835986
3409,1709649658.688924,1709649658.6889327
3410,1709649658.7860491,1709649658.786057
3411,1709649658.8876476,1709649658.8876553
3412,1709649658.983794,1709649658.9838545
3413,1709649659.091805,1709649659.0918128
3414,1709649659.1901417,1709649659.1901503
3415,1709649659.2855928,1709649659.2856002
3416,1709649659.383419,1709649659.3834276
3417,1709649659.486571,1709649659.4865782
3418,1709649659.5821364,1709649659.5821438
3419,1709649659.6859448,1709649659.6859534
3420,1709649659.7830498,1709649659.7830575
3421,1709649659.882195,1709649659.8822045
3422,1709649659.9853354,1709649659.98534
3423,1709649660.0865018,1709649660.0865107
3424,1709649660.183794,1709649660.1838005
3425,1709649660.2868617,1709649660.2868686
3426,1709649660.3852422,1709649660.3852499
3427,1709649660.4823933,1709649660.4824028
3428,1709649660.591493,1709649660.5914993
3429,1709649660.6829493,1709649660.6829567
3430,1709649660.7879105,1709649660.7879174
3431,1709649660.883435,1709649660.8834434
3432,1709649660.9897466,1709649660.9897544
3433,1709649661.0867784,1709649661.0867863
3434,1709649661.188256,1709649661.1882646
3435,1709649661.2861965,1709649661.286204
3436,1709649661.3855004,1709649661.3855085
3437,1709649661.4866946,1709649661.4867048
3438,1709649661.6048422,1709649661.6048474
3439,1709649661.6883743,1709649661.6883824
3440,1709649661.789544,1709649661.7895522
3441,1709649661.8956628,1709649661.8956747
3442,1709649661.9875746,1709649661.9875803
3443,1709649662.0867918,1709649662.0867987
3444,1709649662.1900392,1709649662.1900482
3445,1709649662.2901576,1709649662.290165
3446,1709649662.400583,1709649662.4005904
3447,1709649662.4924662,1709649662.4924767
3448,1709649662.5864587,1709649662.5864663
3449,1709649662.6815808,1709649662.6815884
3450,1709649662.7856498,1709649662.7856555
3451,1709649662.8887143,1709649662.8887231
3452,1709649662.9857457,1709649662.9857526
3453,1709649663.0907671,1709649663.090775
3454,1709649663.1826806,1709649663.1826885
3455,1709649663.2839818,1709649663.2839894
3456,1709649663.3854272,1709649663.3854332
3457,1709649663.4851375,1709649663.485145
3458,1709649663.588568,1709649663.588576
3459,1709649663.6916604,1709649663.6916676
3460,1709649664.2651765,1709649664.265198
3461,1709649664.2733004,1709649664.273307
3462,1709649664.290372,1709649664.2903762
3463,1709649664.3873584,1709649664.3873672
3464,1709649664.4830563,1709649664.4830627
3465,1709649664.5944626,1709649664.5944705
3466,1709649664.6893196,1709649664.6893258
3467,1709649664.7916934,1709649664.7917001
3468,1709649664.8883817,1709649664.888389
3469,1709649664.988572,1709649664.9885836
3470,1709649665.0817633,1709649665.0817704
3471,1709649665.1834786,1709649665.1834836
3472,1709649665.289964,1709649665.2899718
3473,1709649665.3889155,1709649665.3889222
3474,1709649665.4900804,1709649665.4900887
3475,1709649665.5942483,1709649665.5942564
3476,1709649665.6973193,1709649665.6973257
3477,1709649665.788773,1709649665.7887805
3478,1709649665.898218,1709649665.8982253
3479,1709649665.9961467,1709649665.9961584
3480,1709649666.089772,1709649666.0897799
3481,1709649666.2167425,1709649666.2167523
3482,1709649666.3024147,1709649666.3024235
3483,1709649666.3913124,1709649666.3913217
3484,1709649666.4913704,1709649666.4913778
3485,1709649666.5966773,1709649666.596684
3486,1709649666.700674,1709649666.7006824
3487,1709649666.8132367,1709649666.8132446
3488,1709649666.8980055,1709649666.8980134
3489,1709649667.003698,1709649667.0037067
3490,1709649667.0924435,1709649667.0924516
3491,1709649667.1828916,1709649667.1828997
3492,1709649667.2866955,1709649667.2867048
3493,1709649667.406232,1709649667.4062436
3494,1709649667.4823623,1709649667.4823713
3495,1709649667.5863113,1709649667.5863187
3496,1709649667.6876538,1709649667.6876588
3497,1709649667.78452,1709649667.7845244
3498,1709649667.8996859,1709649667.8996944
3499,1709649667.9943993,1709649667.9944072
3500,1709649668.0839603,1709649668.0839658
3501,1709649668.192623,1709649668.1926305
3502,1709649668.2867856,1709649668.2867968
3503,1709649668.3902216,1709649668.3902285
3504,1709649668.4812055,1709649668.4812129
3505,1709649668.592802,1709649668.592808
3506,1709649668.6831708,1709649668.6831777
3507,1709649668.7866294,1709649668.7866373
3508,1709649668.8926039,1709649668.8926132
3509,1709649669.0004396,1709649669.0004468
3510,1709649669.1003165,1709649669.1003237
3511,1709649669.2081902,1709649669.2081964
3512,1709649669.2988586,1709649669.2988672
3513,1709649669.4011846,1709649669.4011936
3514,1709649669.4869437,1709649669.4869523
3515,1709649669.6040494,1709649669.6040576
3516,1709649669.6932106,1709649669.6932902
3517,1709649669.7827625,1709649669.7827713
3518,1709649669.895637,1709649669.8956454
3519,1709649669.9895387,1709649669.9895508
3520,1709649670.1199768,1709649670.119985
3521,1709649670.240873,1709649670.2408814
3522,1709649670.3045747,1709649670.3045833
3523,1709649670.4047177,1709649670.4047265
3524,1709649670.4974976,1709649670.4975314
3525,1709649670.600176,1709649670.6001856
3526,1709649670.697501,1709649670.6975105
3527,1709649670.7959929,1709649670.7960002
3528,1709649670.8868864,1709649670.886893
3529,1709649670.9953651,1709649670.9953716
3530,1709649671.0941286,1709649671.0941355
3531,1709649671.1862817,1709649671.1862915
3532,1709649671.3053043,1709649671.305313
3533,1709649671.3917868,1709649671.391791
3534,1709649671.4865766,1709649671.4865835
3535,1709649671.5908418,1709649671.590853
3536,1709649671.6861153,1709649671.686123
3537,1709649671.8016534,1709649671.8017209
3538,1709649671.8896441,1709649671.8896494
3539,1709649671.9939106,1709649671.993919
3540,1709649672.0900269,1709649672.0900333
3541,1709649672.1844034,1709649672.18441
3542,1709649672.2982574,1709649672.2982655
3543,1709649672.3868225,1709649672.3868654
3544,1709649672.4944627,1709649672.4944696
3545,1709649672.5897102,1709649672.589718
3546,1709649672.6806633,1709649672.680669
3547,1709649672.800849,1709649672.8008568
3548,1709649672.8931673,1709649672.8931751
3549,1709649672.9838643,1709649672.9838688
3550,1709649673.088226,1709649673.0882359
3551,1709649673.185654,1709649673.1856625
3552,1709649673.290481,1709649673.2904863
3553,1709649673.4009125,1709649673.4009194
3554,1709649673.4900508,1709649673.4900582
3555,1709649673.5942814,1709649673.594288
3556,1709649673.687531,1709649673.6875377
3557,1709649673.7918882,1709649673.7918956
3558,1709649673.8919504,1709649673.8919585
3559,1709649674.0019472,1709649674.001954
3560,1709649674.0895836,1709649674.0895905
3561,1709649674.1855083,1709649674.185516
3562,1709649674.2939012,1709649674.293911
3563,1709649674.3883243,1709649674.3883326
3564,1709649674.4898098,1709649674.489818
3565,1709649674.6113825,1709649674.6113913
3566,1709649674.683999,1709649674.684007
3567,1709649674.79676,1709649674.7967675
3568,1709649674.9064696,1709649674.906477
3569,1709649674.9806817,1709649674.9806895
3570,1709649675.0807624,1709649675.0807707
3571,1709649675.1982844,1709649675.198293
3572,1709649675.28326,1709649675.2832685
3573,1709649675.3813553,1709649675.3813634
3574,1709649675.4846878,1709649675.484693
3575,1709649675.604363,1709649675.6043696
3576,1709649675.7006636,1709649675.7006721
3577,1709649675.7901278,1709649675.7901351
3578,1709649675.8851833,1709649675.885188
3579,1709649675.9883342,1709649675.988342
3580,1709649676.0919616,1709649676.09197
3581,1709649676.1963336,1709649676.1963422
3582,1709649676.2949517,1709649676.2949605
3583,1709649676.3909905,1709649676.3909972
3584,1709649676.485962,1709649676.4859686
3585,1709649676.584788,1709649676.5847955
3586,1709649676.695659,1709649676.6956675
3587,1709649676.7845924,1709649676.7845984
3588,1709649676.9027112,1709649676.9027188
3589,1709649676.9910896,1709649676.9910975
3590,1709649677.090255,1709649677.0902612
3591,1709649677.1874807,1709649677.1874878
3592,1709649677.3005264,1709649677.3005316
3593,1709649677.4276164,1709649677.4276245
3594,1709649677.4813807,1709649677.4813883
3595,1709649677.5905406,1709649677.5905497
3596,1709649677.690624,1709649677.6906307
3597,1709649677.7861686,1709649677.7861753
3598,1709649677.9069154,1709649677.9069269
3599,1709649677.9894097,1709649677.9894164
3600,1709649678.0851376,1709649678.085144
3601,1709649678.1858647,1709649678.185871
3602,1709649678.2865767,1709649678.2865868
3603,1709649678.3971906,1709649678.3971996
3604,1709649678.5020626,1709649678.5020719
3605,1709649678.5980535,1709649678.5980618
3606,1709649678.6832108,1709649678.6832175
3607,1709649678.783955,1709649678.7839622
3608,1709649678.8905296,1709649678.8905349
3609,1709649678.9993722,1709649678.9993799
3610,1709649679.0899374,1709649679.089945
3611,1709649679.1844935,1709649679.1845021
3612,1709649679.288272,1709649679.2882788
3613,1709649679.383643,1709649679.383648
3614,1709649679.4889956,1709649679.4890041
3615,1709649679.5886724,1709649679.5886805
3616,1709649679.6899598,1709649679.6899683
3617,1709649679.8235755,1709649679.8235838
3618,1709649679.8992,1709649679.8992083
3619,1709649679.9935796,1709649679.993588
3620,1709649680.0890124,1709649680.0890193
3621,1709649680.1976745,1709649680.1976826
3622,1709649680.2875688,1709649680.2875755
3623,1709649680.3870018,1709649680.3870084
3624,1709649680.4845219,1709649680.484528
3625,1709649680.582115,1709649680.5821211
3626,1709649680.6890595,1709649680.689068
3627,1709649680.784235,1709649680.784244
3628,1709649680.8890069,1709649680.8890164
3629,1709649680.9908712,1709649680.990879
3630,1709649681.1021655,1709649681.102173
3631,1709649681.1875474,1709649681.1875544
3632,1709649681.2967463,1709649681.2967527
3633,1709649681.3935418,1709649681.3935513
3634,1709649681.4869566,1709649681.4869633
3635,1709649681.598192,1709649681.5982006
3636,1709649681.703962,1709649681.7039714
3637,1709649681.7978616,1709649681.7978687
3638,1709649681.8809767,1709649681.8809814
3639,1709649681.982501,1709649681.9825099
3640,1709649682.0857189,1709649682.085726
3641,1709649682.184976,1709649682.1849837
3642,1709649682.282308,1709649682.282313
3643,1709649682.3888144,1709649682.388822
3644,1709649682.483748,1709649682.4837544
3645,1709649682.5995786,1709649682.5995858
3646,1709649682.7020197,1709649682.7020297
3647,1709649682.7855265,1709649682.785586
3648,1709649682.8821485,1709649682.882157
3649,1709649682.982016,1709649682.9820244
3650,1709649683.0863965,1709649683.0864046
3651,1709649683.1901822,1709649683.190189
3652,1709649683.2944982,1709649683.294506
3653,1709649683.3873484,1709649683.3873541
3654,1709649683.4867985,1709649683.4868066
3655,1709649683.595528,1709649683.595537
3656,1709649683.6804256,1709649683.680434
3657,1709649683.7807016,1709649683.7807086
3658,1709649683.8998096,1709649683.8998168
3659,1709649683.9892976,1709649683.9893045
3660,1709649684.0819402,1709649684.0819468
3661,1709649684.1863286,1709649684.1863353
3662,1709649684.287508,1709649684.2875154
3663,1709649684.3907611,1709649684.39077
3664,1709649684.4859197,1709649684.4859266
3665,1709649684.584265,1709649684.5842729
3666,1709649684.6868033,1709649684.686811
3667,1709649684.7850757,1709649684.7850835
3668,1709649684.8874006,1709649684.8874106
3669,1709649684.9838228,1709649684.9838293
3670,1709649685.0837853,1709649685.0837905
3671,1709649685.189218,1709649685.1892273
3672,1709649685.2929523,1709649685.2929592
3673,1709649685.3954966,1709649685.3955054
3674,1709649685.4842508,1709649685.4842591
3675,1709649685.596141,1709649685.5961487
3676,1709649685.681993,1709649685.682001
3677,1709649685.787849,1709649685.7878964
3678,1709649685.8888342,1709649685.8888423
3679,1709649685.9912224,1709649685.9912288
3680,1709649686.0861895,1709649686.0861983
3681,1709649686.1906264,1709649686.190634
3682,1709649686.2836492,1709649686.2836576
3683,1709649686.4025705,1709649686.4025788
3684,1709649686.498526,1709649686.4985344
3685,1709649686.5904665,1709649686.590473
3686,1709649686.6887064,1709649686.688714
3687,1709649686.7964025,1709649686.7964096
3688,1709649686.8845403,1709649686.884547
3689,1709649686.9950995,1709649686.995106
3690,1709649687.0968041,1709649687.0968127
3691,1709649687.1916661,1709649687.1916752
3692,1709649687.2866378,1709649687.2866454
3693,1709649687.3814437,1709649687.3814514
3694,1709649687.489409,1709649687.4894166
3695,1709649687.6367028,1709649687.6367106
3696,1709649687.7106035,1709649687.7106123
3697,1709649687.8120878,1709649687.8120968
3698,1709649687.8829367,1709649687.8829427
3699,1709649687.9857802,1709649687.9975004
3700,1709649688.0865686,1709649688.0866942
3701,1709649688.18273,1709649688.183389
3702,1709649688.2892857,1709649688.2893937
3703,1709649688.3932729,1709649688.3933816
3704,1709649688.4895215,1709649688.4896166
3705,1709649688.5889325,1709649688.5890422
3706,1709649688.6852925,1709649688.685402
3707,1709649688.8045404,1709649688.804647
3708,1709649688.8881774,1709649688.8882706
3709,1709649689.035656,1709649689.0357587
3710,1709649689.0853784,1709649689.0854847
3711,1709649689.191461,1709649689.191543
3712,1709649689.280718,1709649689.2808108
3713,1709649689.3851817,1709649689.3852348
3714,1709649689.4835074,1709649689.4835947
3715,1709649689.5954914,1709649689.59554
3716,1709649689.7061465,1709649689.7062242
3717,1709649689.784912,1709649689.78497
3718,1709649689.8817375,1709649689.8817964
3719,1709649689.9889858,1709649689.9890468
3720,1709649690.0837734,1709649690.0838292
3721,1709649690.185719,1709649690.1858103
3722,1709649690.2885723,1709649690.2886882
3723,1709649690.3892858,1709649690.389362
3724,1709649690.4853213,1709649690.4853816
3725,1709649690.5835128,1709649690.5836048
3726,1709649690.6925356,1709649690.6926174
3727,1709649690.8193917,1709649690.8194873
3728,1709649690.9068708,1709649690.913821
3729,1709649690.9944592,1709649690.994542
3730,1709649691.0902772,1709649691.0903835
3731,1709649691.183181,1709649691.1832523
3732,1709649691.2800825,1709649691.2803395
3733,1709649691.3934069,1709649691.3935845
3734,1709649691.4823093,1709649691.4824212
3735,1709649691.5908473,1709649691.5909586
3736,1709649691.6870606,1709649691.687151
3737,1709649691.7874916,1709649691.7875955
3738,1709649691.8926702,1709649691.8927665
3739,1709649691.9879134,1709649691.9880621
3740,1709649692.083709,1709649692.0838115
3741,1709649692.1824586,1709649692.1825466
3742,1709649692.288566,1709649692.2887194
3743,1709649692.3894327,1709649692.3895864
3744,1709649692.4832256,1709649692.4833195
3745,1709649692.5815513,1709649692.5816464
3746,1709649692.6913261,1709649692.6914802
3747,1709649692.795629,1709649692.795637
3748,1709649692.9040654,1709649692.904074
3749,1709649692.990577,1709649692.9905863
3750,1709649693.0904906,1709649693.0904984
3751,1709649693.1886125,1709649693.1886203
3752,1709649693.290719,1709649693.2907271
3753,1709649693.4017966,1709649693.4018044
3754,1709649693.4859047,1709649693.4859154
3755,1709649693.584095,1709649693.5841048
3756,1709649693.6857064,1709649693.6857154
3757,1709649693.7847345,1709649693.7847433
3758,1709649693.8870552,1709649693.8870637
3759,1709649693.9856384,1709649693.9856474
3760,1709649694.1013622,1709649694.1013741
3761,1709649694.1838157,1709649694.1838264
3762,1709649694.2844646,1709649694.284472
3763,1709649694.3864017,1709649694.38641
3764,1709649694.494771,1709649694.4947796
3765,1709649694.5885396,1709649694.5885515
3766,1709649694.686895,1709649694.6869054
3767,1709649694.7888672,1709649694.7935536
3768,1709649694.8911011,1709649694.896574
3769,1709649694.9808846,1709649694.9864144
3770,1709649695.0834901,1709649695.0905514
3771,1709649695.185986,1709649695.190732
3772,1709649695.288257,1709649695.292837
3773,1709649695.4172044,1709649695.426576
3774,1709649695.49052,1709649695.4962335
3775,1709649695.5839043,1709649695.5957396
3776,1709649695.6822963,1709649695.6872747
3777,1709649695.789683,1709649695.7984366
3778,1709649695.8934348,1709649695.9070427
3779,1709649695.9837143,1709649695.9895043
3780,1709649696.0830116,1709649696.088658
3781,1709649696.182277,1709649696.1869705
3782,1709649696.3208997,1709649696.3405037
3783,1709649696.3979461,1709649696.4052532
3784,1709649696.4982738,1709649696.5037296
3785,1709649696.5979133,1709649696.6052487
3786,1709649696.6941075,1709649696.6996598
3787,1709649696.7831163,1709649696.7874064
3788,1709649696.889094,1709649696.8938794
3789,1709649696.9826999,1709649696.9867425
3790,1709649697.0815866,1709649697.0853379
3791,1709649697.1867893,1709649697.1906037
3792,1709649697.2822692,1709649697.2866073
3793,1709649697.38624,1709649697.3907886
3794,1709649697.4838657,1709649697.4904568
3795,1709649697.5950437,1709649697.6036708
3796,1709649697.681022,1709649697.6856363
3797,1709649697.784659,1709649697.7889411
3798,1709649697.890551,1709649697.896773
3799,1709649697.9903297,1709649697.996073
3800,1709649698.087741,1709649698.0924268
3801,1709649698.1913106,1709649698.1984878
3802,1709649698.288828,1709649698.2932842
3803,1709649698.3811116,1709649698.3857117
3804,1709649698.48689,1709649698.4906301
3805,1709649698.58598,1709649698.5907216
3806,1709649698.680984,1709649698.6895263
3807,1709649698.7927744,1709649698.7994494
3808,1709649698.884988,1709649698.8906825
3809,1709649698.9806957,1709649698.9867866
3810,1709649699.0909123,1709649699.0956197
3811,1709649699.1845605,1709649699.1889334
3812,1709649699.2902768,1709649699.2952561
3813,1709649699.3962553,1709649699.4004505
3814,1709649699.4962544,1709649699.5010033
3815,1709649699.5827873,1709649699.590887
3816,1709649699.688298,1709649699.691963
3817,1709649699.790144,1709649699.7948365
3818,1709649699.8943279,1709649699.8985019
3819,1709649699.9814625,1709649699.988185
3820,1709649700.086637,1709649700.0938518
3821,1709649700.1935844,1709649700.197952
3822,1709649700.2939227,1709649700.2986794
3823,1709649700.3886507,1709649700.3930566
3824,1709649700.481884,1709649700.4861298
3825,1709649700.5899694,1709649700.5945258
3826,1709649700.6842759,1709649700.6893167
3827,1709649700.8012974,1709649700.8048368
3828,1709649700.8994656,1709649700.9039464
3829,1709649700.9895635,1709649700.9951363
3830,1709649701.0797093,1709649701.0844324
3831,1709649701.1906114,1709649701.1959507
3832,1709649701.293387,1709649701.2976062
3833,1709649701.3880112,1709649701.392555
3834,1709649701.4914944,1709649701.495115
3835,1709649701.5986094,1709649701.602902
3836,1709649701.6809494,1709649701.684512
3837,1709649701.8084464,1709649701.8129761
3838,1709649701.8884418,1709649701.8930228
3839,1709649701.9852567,1709649701.9896753
3840,1709649702.0851176,1709649702.088192
3841,1709649702.2000008,1709649702.2043407
3842,1709649702.2997062,1709649702.303595
3843,1709649702.3827372,1709649702.3883662
3844,1709649702.482837,1709649702.4873538
3845,1709649702.5879488,1709649702.598045
3846,1709649702.7095292,1709649702.7143896
3847,1709649702.7953181,1709649702.8003569
3848,1709649702.8896449,1709649702.8953016
3849,1709649702.9855967,1709649702.9912286
3850,1709649703.0851507,1709649703.0898867
3851,1709649703.1855834,1709649703.1893916
3852,1709649703.2921677,1709649703.2974591
3853,1709649703.384144,1709649703.3894498
3854,1709649703.4878905,1709649703.492419
3855,1709649703.5841572,1709649703.5890856
3856,1709649703.693172,1709649703.6967485
3857,1709649703.796488,1709649703.8014963
3858,1709649703.8867803,1709649703.8906178
3859,1709649703.990289,1709649703.9948332
3860,1709649704.084042,1709649704.0882442
3861,1709649704.1905777,1709649704.2028883
3862,1709649704.3040617,1709649704.3094347
3863,1709649704.397508,1709649704.403193
3864,1709649704.5036125,1709649704.5097733
3865,1709649704.6004918,1709649704.606543
3866,1709649704.687304,1709649704.6919503
3867,1709649704.802742,1709649704.80756
3868,1709649704.8954582,1709649704.899512
3869,1709649704.985643,1709649704.9894145
3870,1709649705.088741,1709649705.0931668
3871,1709649705.2026572,1709649705.2089207
3872,1709649705.298667,1709649705.3031304
3873,1709649705.392319,1709649705.3952076
3874,1709649705.4868233,1709649705.4914198
3875,1709649705.5925622,1709649705.596959
3876,1709649705.6850302,1709649705.6897852
3877,1709649705.793188,1709649705.7975302
3878,1709649705.889021,1709649705.8938572
3879,1709649705.9885368,1709649705.9931135
3880,1709649706.083109,1709649706.0875747
3881,1709649706.1801667,1709649706.1845047
3882,1709649706.298283,1709649706.302948
3883,1709649706.3933299,1709649706.3984034
3884,1709649706.49193,1709649706.496418
3885,1709649706.5898728,1709649706.5944288
3886,1709649706.6871488,1709649706.6929398
3887,1709649706.7998698,1709649706.8105183
3888,1709649706.8977578,1709649706.9033346
3889,1709649706.9825306,1709649706.9875398
3890,1709649707.09005,1709649707.0945096
3891,1709649707.191434,1709649707.1963034
3892,1709649707.2914526,1709649707.2957237
3893,1709649707.3857098,1709649707.3909125
3894,1709649707.4875233,1709649707.492636
3895,1709649707.5872571,1709649707.5924122
3896,1709649707.6874413,1709649707.6930413
3897,1709649707.7938488,1709649707.7986097
3898,1709649707.8869102,1709649707.8898804
3899,1709649707.9917834,1709649707.9961035
3900,1709649708.0868216,1709649708.090974
3901,1709649708.181968,1709649708.1864784
3902,1709649708.2962089,1709649708.3005261
3903,1709649708.3914402,1709649708.3960931
3904,1709649708.4992688,1709649708.50351
3905,1709649708.586776,1709649708.591115
3906,1709649708.698613,1709649708.7018704
3907,1709649708.785754,1709649708.7900467
3908,1709649708.88548,1709649708.8899844
3909,1709649708.9873278,1709649708.9897692
3910,1709649709.0870261,1709649709.0910716
3911,1709649709.195675,1709649709.2001052
3912,1709649709.2964609,1709649709.3007584
3913,1709649709.3807838,1709649709.384889
3914,1709649709.48779,1709649709.491923
3915,1709649709.5987067,1709649709.6034107
3916,1709649709.6870914,1709649709.692311
3917,1709649709.7879202,1709649709.7925436
3918,1709649709.8823197,1709649709.8871193
3919,1709649709.9901247,1709649709.9943123
3920,1709649710.0869482,1709649710.0911572
3921,1709649710.1887426,1709649710.193196
3922,1709649710.284387,1709649710.2878387
3923,1709649710.3877354,1709649710.3913488
3924,1709649710.4986928,1709649710.5031805
3925,1709649710.5837572,1709649710.5881224
3926,1709649710.6894503,1709649710.6941643
3927,1709649710.795993,1709649710.8011549
3928,1709649710.9024646,1709649710.9094434
3929,1709649710.9935994,1709649710.9972265
3930,1709649711.088542,1709649711.092999
3931,1709649711.1930857,1709649711.1979766
3932,1709649711.2849147,1709649711.2895892
3933,1709649711.3919556,1709649711.3969462
3934,1709649711.4942558,1709649711.4988847
3935,1709649711.6014786,1709649711.6086276
3936,1709649711.6855102,1709649711.6899714
3937,1709649711.7841485,1709649711.7885015
3938,1709649711.8898947,1709649711.8950436
3939,1709649711.994694,1709649711.99934
3940,1709649712.0906484,1709649712.095177
3941,1709649712.1830406,1709649712.1881735
3942,1709649712.2798698,1709649712.2842555
3943,1709649712.3940165,1709649712.3986402
3944,1709649712.4905014,1709649712.4953709
3945,1709649712.58964,1709649712.5987659
3946,1709649712.6887765,1709649712.693959
3947,1709649712.7841754,1709649712.7880569
3948,1709649712.8936453,1709649712.8982594
3949,1709649712.9852333,1709649712.9889948
3950,1709649713.0844433,1709649713.089585
3951,1709649713.1853583,1709649713.1906736
3952,1709649713.2887151,1709649713.2927365
3953,1709649713.394021,1709649713.3987896
3954,1709649713.4881241,1709649713.4927917
3955,1709649713.599711,1709649713.6079597
3956,1709649713.6902342,1709649713.6951158
3957,1709649713.7891562,1709649713.7939463
3958,1709649713.892153,1709649713.8968067
3959,1709649713.9855537,1709649713.9913
3960,1709649714.0883212,1709649714.0926213
3961,1709649714.1826735,1709649714.1873784
3962,1709649714.2851965,1709649714.2900531
3963,1709649714.3957472,1709649714.4062438
3964,1709649714.4877903,1709649714.4914775
3965,1709649714.5839734,1709649714.589306
3966,1709649714.685568,1709649714.6933177
3967,1709649714.7865565,1709649714.7940814
3968,1709649714.8931887,1709649714.8983707
3969,1709649714.9970567,1709649715.0036025
3970,1709649715.097193,1709649715.101786
3971,1709649715.1910415,1709649715.1966195
3972,1709649715.2883453,1709649715.2930403
3973,1709649715.38773,1709649715.3915784
3974,1709649715.5066419,1709649715.5114043
3975,1709649715.590025,1709649715.5959773
3976,1709649715.6850164,1709649715.689452
3977,1709649715.7858715,1709649715.7901897
3978,1709649715.8842394,1709649715.8911128
3979,1709649716.0080404,1709649716.0140762
3980,1709649716.08994,1709649716.0947285
3981,1709649716.1814604,1709649716.1861503
3982,1709649716.2874188,1709649716.2912757
3983,1709649716.3855815,1709649716.3900874
3984,1709649716.4918184,1709649716.496451
3985,1709649716.5801153,1709649716.5848246
3986,1709649716.6823118,1709649716.687553
3987,1709649716.7844696,1709649716.789145
3988,1709649716.8888047,1709649716.894618
3989,1709649716.9937034,1709649716.9982026
3990,1709649717.087744,1709649717.0927212
3991,1709649717.19168,1709649717.1956284
3992,1709649717.2898114,1709649717.294924
3993,1709649717.392055,1709649717.396815
3994,1709649717.48894,1709649717.4931583
3995,1709649717.5919206,1709649717.6001596
3996,1709649717.68738,1709649717.691654
3997,1709649717.7965984,1709649717.7966063
3998,1709649717.9009273,1709649717.9009364
3999,1709649717.9887807,1709649717.988787
4000,1709649718.0939958,1709649718.0940032
4001,1709649718.1888123,1709649718.1888194
4002,1709649718.2996967,1709649718.299705
4003,1709649718.3947513,1709649718.394759
4004,1709649718.4805496,1709649718.4805565
4005,1709649718.5903296,1709649718.5903363
4006,1709649718.696678,1709649718.6966841
4007,1709649718.7990665,1709649718.7990758
4008,1709649718.8988886,1709649718.8988984
4009,1709649718.987873,1709649718.9878807
4010,1709649719.0855505,1709649719.0855591
4011,1709649719.183069,1709649719.1830752
4012,1709649719.2891567,1709649719.2891638
4013,1709649719.3971765,1709649719.397185
4014,1709649719.4859657,1709649719.4859743
4015,1709649719.5890906,1709649719.5890982
4016,1709649719.6850195,1709649719.6850271
4017,1709649719.78452,1709649719.784528
4018,1709649719.8928006,1709649719.8928084
4019,1709649719.9842334,1709649719.984238
4020,1709649720.0861657,1709649720.0861733
4021,1709649720.189695,1709649720.1897027
4022,1709649720.2843802,1709649720.2843869
4023,1709649720.3903031,1709649720.3903093
4024,1709649720.4907622,1709649720.4907696
4025,1709649720.5797772,1709649720.5797842
4026,1709649720.6848578,1709649720.684866
4027,1709649720.7881055,1709649720.7881148
4028,1709649720.8941562,1709649720.8941646
4029,1709649720.9805126,1709649720.9805188
4030,1709649721.0835342,1709649721.083542
4031,1709649721.1819494,1709649721.1819587
4032,1709649721.2797892,1709649721.279796
4033,1709649721.3897927,1709649721.3897996
4034,1709649721.4876626,1709649721.48767
4035,1709649721.5947464,1709649721.594755
4036,1709649721.6861734,1709649721.6861813
4037,1709649721.7839851,1709649721.7839928
4038,1709649721.8972683,1709649721.8972752
4039,1709649721.9929755,1709649721.9929838
4040,1709649722.0901444,1709649722.0901535
4041,1709649722.183957,1709649722.183964
4042,1709649722.286706,1709649722.2867165
4043,1709649722.4034102,1709649722.4034863
4044,1709649722.4878948,1709649722.4879026
4045,1709649722.5808623,1709649722.580869
4046,1709649722.6852384,1709649722.6852431
4047,1709649722.7935739,1709649722.7935817
4048,1709649722.8963923,1709649722.8964002
4049,1709649722.9957123,1709649722.9957204
4050,1709649723.0894105,1709649723.0894177
4051,1709649723.1854122,1709649723.1854167
4052,1709649723.2881875,1709649723.2881937
4053,1709649723.4057257,1709649723.4057336
4054,1709649723.5017617,1709649723.5017703
4055,1709649723.5882947,1709649723.588303
4056,1709649723.685823,1709649723.6858304
4057,1709649723.7871697,1709649723.787178
4058,1709649723.901592,1709649723.9016008
4059,1709649723.9954655,1709649723.9954731
4060,1709649724.0912786,1709649724.091286
4061,1709649724.1951594,1709649724.1951647
4062,1709649724.2809095,1709649724.2809176
4063,1709649724.396946,1709649724.3969562
4064,1709649724.48826,1709649724.4882667
4065,1709649724.5870657,1709649724.587076
4066,1709649724.6929548,1709649724.6929634
4067,1709649724.7834795,1709649724.7834866
4068,1709649724.8925552,1709649724.8925638
4069,1709649724.9861662,1709649724.986174
4070,1709649725.0846915,1709649725.0846992
4071,1709649725.1848094,1709649725.1848166
4072,1709649725.2871704,1709649725.2871776
4073,1709649725.3956811,1709649725.395689
4074,1709649725.4887972,1709649725.4888043
4075,1709649725.5952454,1709649725.5952528
4076,1709649725.6806557,1709649725.6806622
4077,1709649725.796326,1709649725.796331
4078,1709649725.8954883,1709649725.8954968
4079,1709649725.9889748,1709649725.9889827
4080,1709649726.0842676,1709649726.0842748
4081,1709649726.1861331,1709649726.1861415
4082,1709649726.3051648,1709649726.3051732
4083,1709649726.3975108,1709649726.3975186
4084,1709649726.4867978,1709649726.486807
4085,1709649726.5887845,1709649726.5887911
4086,1709649726.6879346,1709649726.6879408
4087,1709649726.8015475,1709649726.8015566
4088,1709649726.8999493,1709649726.8999577
4089,1709649726.998588,1709649726.9985962
4090,1709649727.0971863,1709649727.0971951
4091,1709649727.1899436,1709649727.1899493
4092,1709649727.2853,1709649727.285308
4093,1709649727.397159,1709649727.3971677
4094,1709649727.485183,1709649727.4851902
4095,1709649727.589753,1709649727.5897634
4096,1709649727.6883316,1709649727.6883383
4097,1709649727.7977977,1709649727.797806
4098,1709649727.887083,1709649727.8870897
4099,1709649727.9857645,1709649727.9857714
4100,1709649728.084252,1709649728.0842586
4101,1709649728.1884758,1709649728.188483
4102,1709649728.302294,1709649728.3023016
4103,1709649728.3865182,1709649728.3865244
4104,1709649728.4866815,1709649728.48669
4105,1709649728.5868936,1709649728.5869024
4106,1709649728.686881,1709649728.6868877
4107,1709649728.8019848,1709649728.8019946
4108,1709649728.8945231,1709649728.8945312
4109,1709649728.992836,1709649728.9928443
4110,1709649729.087359,1709649729.0873663
4111,1709649729.195936,1709649729.1959443
4112,1709649729.2911785,1709649729.2911842
4113,1709649729.3949015,1709649729.3949084
4114,1709649729.486495,1709649729.4864998
4115,1709649729.58527,1709649729.5852761
4116,1709649729.6944692,1709649729.6944773
4117,1709649729.7924685,1709649729.7924743
4118,1709649729.8878536,1709649729.8878617
4119,1709649729.9851758,1709649729.985183
4120,1709649730.0944345,1709649730.0944426
4121,1709649730.192527,1709649730.1925344
4122,1709649730.2805295,1709649730.2805367
4123,1709649730.389251,1709649730.389258
4124,1709649730.5011892,1709649730.5011983
4125,1709649730.6081972,1709649730.608206
4126,1709649730.6887133,1709649730.688722
4127,1709649730.7884843,1709649730.7884936
4128,1709649730.8900428,1709649730.8900506
4129,1709649730.9800653,1709649730.9800744
4130,1709649731.1021013,1709649731.1021082
4131,1709649731.1981227,1709649731.1981316
4132,1709649731.2957888,1709649731.2957942
4133,1709649731.3814387,1709649731.382411
4134,1709649731.4881806,1709649731.4881883
4135,1709649731.5973692,1709649731.5973787
4136,1709649731.6890297,1709649731.689038
4137,1709649731.7909417,1709649731.7909477
4138,1709649731.8830414,1709649731.8830495
4139,1709649731.992054,1709649731.9920619
4140,1709649732.0961983,1709649732.0962079
4141,1709649732.1850219,1709649732.185026
4142,1709649732.285269,1709649732.2852764
4143,1709649732.3846202,1709649732.3846292
4144,1709649732.4952297,1709649732.495237
4145,1709649732.59124,1709649732.5912476
4146,1709649732.6870458,1709649732.6870537
4147,1709649732.7809787,1709649732.7809856
4148,1709649732.8874912,1709649732.8874989
4149,1709649732.9872928,1709649732.9872975
4150,1709649733.0891774,1709649733.0891848
4151,1709649733.1886969,1709649733.188704
4152,1709649733.2965593,1709649733.2965682
4153,1709649733.3978956,1709649733.397904
4154,1709649733.4921372,1709649733.4921436
4155,1709649733.5855858,1709649733.5855937
4156,1709649733.6913848,1709649733.69139
4157,1709649733.7899947,1709649733.7900038
4158,1709649733.8905509,1709649733.8905594
4159,1709649733.987597,1709649733.9876041
4160,1709649734.0860531,1709649734.0860577
4161,1709649734.1963048,1709649734.196313
4162,1709649734.2877712,1709649734.287778
4163,1709649734.3856997,1709649734.3857067
4164,1709649734.4900935,1709649734.4901023
4165,1709649734.585245,1709649734.5852523
4166,1709649734.7015703,1709649734.7015789
4167,1709649734.7858343,1709649734.786294
4168,1709649734.8837695,1709649734.8837776
4169,1709649734.9879987,1709649734.9880054
4170,1709649735.1000676,1709649735.1000776
4171,1709649735.1889238,1709649735.1889553
4172,1709649735.2824724,1709649735.2824826
4173,1709649735.386185,1709649735.3861928
4174,1709649735.488718,1709649735.488726
4175,1709649735.583287,1709649735.5832956
4176,1709649735.6836076,1709649735.6836152
4177,1709649735.78244,1709649735.7824478
4178,1709649735.8922763,1709649735.8923142
4179,1709649735.9914434,1709649735.9914515
4180,1709649736.0873065,1709649736.087315
4181,1709649736.1862717,1709649736.1862786
4182,1709649736.283457,1709649736.2834623
4183,1709649736.3804123,1709649736.3804207
4184,1709649736.487785,1709649736.4877934
4185,1709649736.58592,1709649736.5859277
4186,1709649736.685975,1709649736.685982
4187,1709649736.7819004,1709649736.7819047
4188,1709649736.8813264,1709649736.8813343
4189,1709649736.9890192,1709649736.989026
4190,1709649737.0852337,1709649737.085241
4191,1709649737.1854935,1709649737.185501
4192,1709649737.288137,1709649737.2881444
4193,1709649737.3943138,1709649737.3943212
4194,1709649737.483757,1709649737.4837666
4195,1709649737.5820239,1709649737.582031
4196,1709649737.6841366,1709649737.6841438
4197,1709649737.7973895,1709649737.7973971
4198,1709649737.893839,1709649737.8938465
4199,1709649737.987733,1709649737.987738
4200,1709649738.0895357,1709649738.089543
4201,1709649738.1815846,1709649738.1815922
4202,1709649738.2948952,1709649738.294901
4203,1709649738.3877895,1709649738.3877964
4204,1709649738.4892938,1709649738.489301
4205,1709649738.5880227,1709649738.5880294
4206,1709649738.688786,1709649738.688794
4207,1709649738.796011,1709649738.7960184
4208,1709649738.8833444,1709649738.8833516
4209,1709649738.9801924,1709649738.980202
4210,1709649739.0820544,1709649739.0820622
4211,1709649739.2010262,1709649739.201035
4212,1709649739.2920768,1709649739.2920852
4213,1709649739.3883991,1709649739.3884063
4214,1709649739.48954,1709649739.4895482
4215,1709649739.591077,1709649739.591084
4216,1709649739.6902745,1709649739.6902814
4217,1709649739.7925901,1709649739.7925973
4218,1709649739.8838196,1709649739.8838277
4219,1709649739.9876328,1709649739.9876409
4220,1709649740.4730606,1709649740.473074
4221,1709649740.4819515,1709649740.4819574
4222,1709649740.4897702,1709649740.4897757
4223,1709649740.5934072,1709649740.593413
4224,1709649740.6860204,1709649740.6860287
4225,1709649740.78185,1709649740.781859
4226,1709649740.8889048,1709649740.888912
4227,1709649740.988089,1709649740.9880965
4228,1709649741.0834157,1709649741.083423
4229,1709649741.184195,1709649741.184202
4230,1709649741.289809,1709649741.2898173
4231,1709649741.3867123,1709649741.3867197
4232,1709649741.4936802,1709649741.4936857
4233,1709649741.5812829,1709649741.58129
4234,1709649741.6852088,1709649741.6852164
4235,1709649741.7803805,1709649741.7803874
4236,1709649741.887233,1709649741.8872397
4237,1709649741.9911869,1709649741.9911945
4238,1709649742.0804436,1709649742.080453
4239,1709649742.189051,1709649742.1890562
4240,1709649742.2813404,1709649742.2813497
4241,1709649742.3855047,1709649742.3855126
4242,1709649742.4891312,1709649742.489141
4243,1709649742.5870254,1709649742.5870323
4244,1709649742.688617,1709649742.6886256
4245,1709649742.7858102,1709649742.7858188
4246,1709649742.8938146,1709649742.8972962
4247,1709649742.9833987,1709649742.9884906
4248,1709649743.084511,1709649743.0899494
4249,1709649743.1813607,1709649743.192045
4250,1709649743.2864947,1709649743.289747
4251,1709649743.3904881,1709649743.3943253
4252,1709649743.4859755,1709649743.4901083
4253,1709649743.591538,1709649743.5958931
4254,1709649743.680586,1709649743.6844718
4255,1709649743.7849362,1709649743.7891667
4256,1709649743.8896441,1709649743.8925536
4257,1709649743.986157,1709649743.989797
4258,1709649744.089258,1709649744.0934582
4259,1709649744.1865213,1709649744.1899219
4260,1709649744.2815866,1709649744.2860441
4261,1709649744.3911574,1709649744.3953154
4262,1709649744.4824793,1709649744.4863753
4263,1709649744.5939593,1709649744.5980859
4264,1709649744.6890094,1709649744.6926825
4265,1709649744.7935128,1709649744.7979445
4266,1709649744.8815932,1709649744.8856733
4267,1709649744.9907913,1709649744.9948304
4268,1709649745.0858011,1709649745.089674
4269,1709649745.1837842,1709649745.1877012
4270,1709649745.2868674,1709649745.2904415
4271,1709649745.3873615,1709649745.3909054
4272,1709649745.4913511,1709649745.496258
4273,1709649745.5855668,1709649745.5893197
4274,1709649745.6975605,1709649745.7044137
4275,1709649745.785557,1709649745.7896457
4276,1709649745.90027,1709649745.9051082
4277,1709649745.9853966,1709649745.9896798
4278,1709649746.0940948,1709649746.0986211
4279,1709649746.1957521,1709649746.2009246
4280,1709649746.2825515,1709649746.2869964
4281,1709649746.3847253,1709649746.3887844
4282,1709649746.4825463,1709649746.4863667
4283,1709649746.5843027,1709649746.5887468
4284,1709649746.6867673,1709649746.6910822
4285,1709649746.7854588,1709649746.7897282
4286,1709649746.8851728,1709649746.8894644
4287,1709649746.98741,1709649746.99284
4288,1709649747.0917249,1709649747.0969727
4289,1709649747.1918876,1709649747.1967804
4290,1709649747.2860262,1709649747.2903311
4291,1709649747.3869908,1709649747.3929286
4292,1709649747.4831514,1709649747.4878154
4293,1709649747.5898373,1709649747.5939693
4294,1709649747.6889923,1709649747.6919773
4295,1709649747.7823174,1709649747.7867427
4296,1709649747.8913603,1709649747.895551
4297,1709649747.9812355,1709649747.9859676
4298,1709649748.088741,1709649748.097257
4299,1709649748.1804352,1709649748.184539
4300,1709649748.287035,1709649748.2896824
4301,1709649748.3879335,1709649748.3911483
4302,1709649748.4975433,1709649748.500375
4303,1709649748.590703,1709649748.5954523
4304,1709649748.6925502,1709649748.6992657
4305,1709649748.790459,1709649748.7945287
4306,1709649748.8864465,1709649748.8914633
4307,1709649748.9841359,1709649748.9885
4308,1709649749.0858424,1709649749.089747
4309,1709649749.1891625,1709649749.1936336
4310,1709649749.2853801,1709649749.289478
4311,1709649749.3823924,1709649749.3863785
4312,1709649749.489985,1709649749.4938607
4313,1709649749.5848014,1709649749.588612
4314,1709649749.691868,1709649749.6960044
4315,1709649749.7951448,1709649749.7992706
4316,1709649749.8908021,1709649749.8952742
4317,1709649749.9858463,1709649749.990582
4318,1709649750.0829937,1709649750.087334
4319,1709649750.1925006,1709649750.1964006
4320,1709649750.2849417,1709649750.2889543
4321,1709649750.384129,1709649750.388556
4322,1709649750.4810917,1709649750.4853723
4323,1709649750.5934067,1709649750.59771
4324,1709649750.685118,1709649750.6893208
4325,1709649750.7862334,1709649750.7905793
4326,1709649750.888406,1709649750.8928711
4327,1709649750.9849987,1709649750.9917347
4328,1709649751.0868788,1709649751.0912306
4329,1709649751.1877491,1709649751.1918
4330,1709649751.2928302,1709649751.297221
4331,1709649751.3867114,1709649751.39102
4332,1709649751.4794772,1709649751.4827147
4333,1709649751.587792,1709649751.5918856
4334,1709649751.687807,1709649751.690704
4335,1709649751.7847056,1709649751.7880614
4336,1709649751.8887262,1709649751.893011
4337,1709649751.9853299,1709649751.990217
4338,1709649752.0955417,1709649752.100057
4339,1709649752.1832566,1709649752.1873517
4340,1709649752.285133,1709649752.2899349
4341,1709649752.3853054,1709649752.3885212
4342,1709649752.4867384,1709649752.490779
4343,1709649752.592739,1709649752.5975227
4344,1709649752.689763,1709649752.6931407
4345,1709649752.7897232,1709649752.7940643
4346,1709649752.8878324,1709649752.8920178
4347,1709649752.9808805,1709649752.9848428
4348,1709649753.0804155,1709649753.0846474
4349,1709649753.1841142,1709649753.189006
4350,1709649753.2905538,1709649753.295254
4351,1709649753.383861,1709649753.388228
4352,1709649753.4889822,1709649753.4932063
4353,1709649753.588578,1709649753.592747
4354,1709649753.6809547,1709649753.685343
4355,1709649753.785655,1709649753.7906199
4356,1709649753.8836436,1709649753.8880394
4357,1709649753.98267,1709649753.9876382
4358,1709649754.083665,1709649754.0877724
4359,1709649754.1800508,1709649754.1854794
4360,1709649754.2837756,1709649754.2879272
4361,1709649754.3859906,1709649754.389877
4362,1709649754.479364,1709649754.4839725
4363,1709649754.5928748,1709649754.5970793
4364,1709649754.6891987,1709649754.693302
4365,1709649754.7806492,1709649754.78518
4366,1709649754.8865833,1709649754.890725
4367,1709649754.9886801,1709649754.993106
4368,1709649755.083362,1709649755.0910704
4369,1709649755.180757,1709649755.1854095
4370,1709649755.2897859,1709649755.2947836
4371,1709649755.3889008,1709649755.3965805
4372,1709649755.4864485,1709649755.4908042
4373,1709649755.5832024,1709649755.5930624
4374,1709649755.6871207,1709649755.6912553
4375,1709649755.7871683,1709649755.7914097
4376,1709649755.8835802,1709649755.8875678
4377,1709649755.9904952,1709649755.9957583
4378,1709649756.0910397,1709649756.097945
4379,1709649756.1954465,1709649756.199723
4380,1709649756.304662,1709649756.3091562
4381,1709649756.391927,1709649756.39588
4382,1709649756.4999974,1709649756.5065877
4383,1709649756.6075277,1709649756.6147652
4384,1709649756.6813798,1709649756.6872647
4385,1709649756.7811325,1709649756.785663
4386,1709649756.8848596,1709649756.8899057
4387,1709649756.9901214,1709649756.9941225
4388,1709649757.0870717,1709649757.0915973
4389,1709649757.2017572,1709649757.2062206
4390,1709649757.2861476,1709649757.2904398
4391,1709649757.3808901,1709649757.3836179
4392,1709649757.4834182,1709649757.4879258
4393,1709649757.5879834,1709649757.592201
4394,1709649757.6809385,1709649757.6838133
4395,1709649757.7851088,1709649757.7896492
4396,1709649757.891202,1709649757.89551
4397,1709649757.9936304,1709649757.9964175
4398,1709649758.0904994,1709649758.0946226
4399,1709649758.1976478,1709649758.2020051
4400,1709649758.2806995,1709649758.2851243
4401,1709649758.3853488,1709649758.3899047
4402,1709649758.4880097,1709649758.4908862
4403,1709649758.5886424,1709649758.5929654
4404,1709649758.6874113,1709649758.6916974
4405,1709649758.7839108,1709649758.7876937
4406,1709649758.8948958,1709649758.9004207
4407,1709649758.9867241,1709649758.9917967
4408,1709649759.081353,1709649759.0857618
4409,1709649759.1890004,1709649759.1929953
4410,1709649759.2811034,1709649759.288469
4411,1709649759.381722,1709649759.3883266
4412,1709649759.4885087,1709649759.493833
4413,1709649759.5869827,1709649759.5909297
4414,1709649759.6857688,1709649759.6907303
4415,1709649759.7928972,1709649759.7974207
4416,1709649759.8865168,1709649759.8904426
4417,1709649759.9849129,1709649759.988545
4418,1709649760.0870426,1709649760.0917776
4419,1709649760.1873655,1709649760.1909273
4420,1709649760.2838635,1709649760.2883422
4421,1709649760.3849957,1709649760.3901901
4422,1709649760.4886665,1709649760.4914806
4423,1709649760.5934606,1709649760.5978622
4424,1709649760.6826146,1709649760.686277
4425,1709649760.7888026,1709649760.7938612
4426,1709649760.8850005,1709649760.8876834
4427,1709649760.985351,1709649760.9886298
4428,1709649761.0845332,1709649761.0884216
4429,1709649761.1864812,1709649761.1908865
4430,1709649761.286342,1709649761.2901568
4431,1709649761.384122,1709649761.3881886
4432,1709649761.4856162,1709649761.4895458
4433,1709649761.5891554,1709649761.5933726
4434,1709649761.6858437,1709649761.6895556
4435,1709649761.7838018,1709649761.7876792
4436,1709649761.8837638,1709649761.8898292
4437,1709649761.986011,1709649761.990295
4438,1709649762.0867445,1709649762.0906103
4439,1709649762.1927958,1709649762.195327
4440,1709649762.2827544,1709649762.287145
4441,1709649762.3808696,1709649762.3856494
4442,1709649762.4871495,1709649762.4902549
4443,1709649762.5871775,1709649762.5912058
4444,1709649762.6836324,1709649762.6876504
4445,1709649762.7968223,1709649762.802971
4446,1709649762.8887932,1709649762.8953698
4447,1709649762.986753,1709649762.9935765
4448,1709649763.0810947,1709649763.0884888
4449,1709649763.2005043,1709649763.205522
4450,1709649763.284118,1709649763.2871406
4451,1709649763.3886423,1709649763.3932314
4452,1709649763.484638,1709649763.4888484
4453,1709649763.5918818,1709649763.5956337
4454,1709649763.6860776,1709649763.690034
4455,1709649763.7852345,1709649763.78969
4456,1709649763.892403,1709649763.89657
4457,1709649763.989854,1709649763.9938307
4458,1709649764.0856352,1709649764.08955
4459,1709649764.1884713,1709649764.1926453
4460,1709649764.2863734,1709649764.289163
4461,1709649764.385731,1709649764.3907137
4462,1709649764.493539,1709649764.4981563
4463,1709649764.5888066,1709649764.593095
4464,1709649764.6872053,1709649764.6913893
4465,1709649764.7843192,1709649764.7885764
4466,1709649764.8881402,1709649764.892311
4467,1709649764.987987,1709649764.9927688
4468,1709649765.085863,1709649765.0894403
4469,1709649765.1860545,1709649765.189812
4470,1709649765.2893896,1709649765.2925086
4471,1709649765.3808289,1709649765.384512
4472,1709649765.4818053,1709649765.4842942
4473,1709649765.5905182,1709649765.5952392
4474,1709649765.6792889,1709649765.682194
4475,1709649765.7869413,1709649765.7951167
4476,1709649765.8826754,1709649765.8869905
4477,1709649765.9901,1709649765.9944677
4478,1709649766.0855935,1709649766.0896568
4479,1709649766.190557,1709649766.196742
4480,1709649766.281184,1709649766.285826
4481,1709649766.379824,1709649766.3842602
4482,1709649766.484525,1709649766.4910293
4483,1709649766.5858576,1709649766.5904593
4484,1709649766.6855762,1709649766.6899097
4485,1709649766.783151,1709649766.7874382
4486,1709649766.880434,1709649766.8854518
4487,1709649766.9847195,1709649766.989891
4488,1709649767.0833476,1709649767.08763
4489,1709649767.1820958,1709649767.1861827
4490,1709649767.2865782,1709649767.2908807
4491,1709649767.3801477,1709649767.3839939
4492,1709649767.480487,1709649767.4845793
4493,1709649767.5898652,1709649767.594776
4494,1709649767.686158,1709649767.6906562
4495,1709649767.7841654,1709649767.7893875
4496,1709649767.8824623,1709649767.8863237
4497,1709649767.984601,1709649767.9846096
4498,1709649768.0865262,1709649768.0865333
4499,1709649768.1801593,1709649768.1801662
4500,1709649768.2827907,1709649768.2827957
4501,1709649768.381573,1709649768.3815832
4502,1709649768.4832363,1709649768.4832428
4503,1709649768.5863137,1709649768.5863204
4504,1709649768.6883485,1709649768.6883566
4505,1709649768.7876792,1709649768.7876854
4506,1709649768.8872461,1709649768.8872566
4507,1709649768.98202,1709649768.9820282
4508,1709649769.087858,1709649769.087865
4509,1709649769.1926308,1709649769.1926389
4510,1709649769.2870483,1709649769.287057
4511,1709649769.3838925,1709649769.383901
4512,1709649769.4872384,1709649769.487247
4513,1709649769.5870054,1709649769.587013
4514,1709649769.681523,1709649769.681528
4515,1709649769.7798676,1709649769.7798765
4516,1709649769.8851879,1709649769.8851945
4517,1709649769.9967918,1709649769.9968016
4518,1709649770.0810738,1709649770.0810814
4519,1709649770.1807842,1709649770.1807911
4520,1709649770.2858431,1709649770.2858498
4521,1709649770.387398,1709649770.3874056
4522,1709649770.4789777,1709649770.4789858
4523,1709649770.585894,1709649770.585901
4524,1709649770.6799424,1709649770.6799505
4525,1709649770.7914279,1709649770.7914336
4526,1709649770.8801143,1709649770.880122
4527,1709649770.981114,1709649770.9811187
4528,1709649771.0827427,1709649771.0827496
4529,1709649771.1850493,1709649771.185056
4530,1709649771.2818174,1709649771.2818258
4531,1709649771.3814662,1709649771.3814735
4532,1709649771.484255,1709649771.4842618
4533,1709649771.5910223,1709649771.5910301
4534,1709649771.6819115,1709649771.6819205
4535,1709649771.7848134,1709649771.7848217
4536,1709649771.8841536,1709649771.8841622
4537,1709649771.9821963,1709649771.9822037
4538,1709649772.0819027,1709649772.0819101
4539,1709649772.1896186,1709649772.1896253
4540,1709649772.2856276,1709649772.2856364
4541,1709649772.400169,1709649772.400176
4542,1709649772.4877586,1709649772.487765
4543,1709649772.5838199,1709649772.5838275
4544,1709649772.6867683,1709649772.6867766
4545,1709649772.7834842,1709649772.7834918
4546,1709649772.8855255,1709649772.885533
4547,1709649772.9899023,1709649772.9899094
4548,1709649773.0833862,1709649773.0833933
4549,1709649773.184064,1709649773.1840696
4550,1709649773.2839074,1709649773.283916
4551,1709649773.3873987,1709649773.3874087
4552,1709649773.4828248,1709649773.4828343
4553,1709649773.5848558,1709649773.5848625
4554,1709649773.6809106,1709649773.6809182
4555,1709649773.7857826,1709649773.785789
4556,1709649773.8859243,1709649773.8859313
4557,1709649773.9827538,1709649773.9827604
4558,1709649774.0871258,1709649774.0871341
4559,1709649774.1831071,1709649774.1831155
4560,1709649774.2808635,1709649774.28087
4561,1709649774.385009,1709649774.3850172
4562,1709649774.481013,1709649774.4810197
4563,1709649774.5944824,1709649774.59449
4564,1709649774.6851394,1709649774.6851463
4565,1709649774.7849941,1709649774.7850008
4566,1709649774.88125,1709649774.8812578
4567,1709649774.9850109,1709649774.985018
4568,1709649775.0866337,1709649775.0866416
4569,1709649775.1816106,1709649775.1816173
4570,1709649775.2903237,1709649775.2903326
4571,1709649775.3879788,1709649775.3879871
4572,1709649775.4818747,1709649775.4818828
4573,1709649775.5921082,1709649775.5921173
4574,1709649775.6821449,1709649775.6821525
4575,1709649775.7808113,1709649775.7808185
4576,1709649775.8855698,1709649775.885577
4577,1709649775.9868147,1709649775.9868214
4578,1709649776.0871844,1709649776.0871904
4579,1709649776.1811323,1709649776.1811392
4580,1709649776.2859457,1709649776.2859504
4581,1709649776.3830016,1709649776.3830116
4582,1709649776.4874136,1709649776.4874206
4583,1709649776.5872676,1709649776.587273
4584,1709649776.6842065,1709649776.6842139
4585,1709649776.7819428,1709649776.7819507
4586,1709649776.8847558,1709649776.8847642
4587,1709649776.9878757,1709649776.987884
4588,1709649777.0836222,1709649777.0836318
4589,1709649777.183846,1709649777.183855
4590,1709649777.2857347,1709649777.2857435
4591,1709649777.3929298,1709649777.3929358
4592,1709649777.485977,1709649777.4859838
4593,1709649777.5806928,1709649777.5807002
4594,1709649777.685529,1709649777.6855378
4595,1709649777.7874932,1709649777.7875009
4596,1709649777.8851087,1709649777.8851154
4597,1709649777.9846034,1709649777.9846113
4598,1709649778.087233,1709649778.087241
4599,1709649778.1891115,1709649778.1891193
4600,1709649778.2833407,1709649778.2833488
4601,1709649778.383382,1709649778.3833907
4602,1709649778.4874272,1709649778.4874375
4603,1709649778.5868678,1709649778.586876
4604,1709649778.6868658,1709649778.6868727
4605,1709649778.7872522,1709649778.7872572
4606,1709649778.8802075,1709649778.880213
4607,1709649778.9841616,1709649778.984168
4608,1709649779.0826762,1709649779.0826836
4609,1709649779.18597,1709649779.1859782
4610,1709649779.2844274,1709649779.2844343
4611,1709649779.3902776,1709649779.3902853
4612,1709649779.490171,1709649779.4901757
4613,1709649779.5857012,1709649779.5857077
4614,1709649779.6845982,1709649779.6846046
4615,1709649779.7911708,1709649779.7911775
4616,1709649779.8825994,1709649779.8826058
4617,1709649779.9891868,1709649779.9891942
4618,1709649780.0799706,1709649780.0799768
4619,1709649780.180345,1709649780.1803524
4620,1709649780.2847707,1709649780.2847772
4621,1709649780.3869295,1709649780.386935
4622,1709649780.4834466,1709649780.483454
4623,1709649780.5856845,1709649780.5856926
4624,1709649780.6815286,1709649780.6820214
4625,1709649780.783376,1709649780.7833838
4626,1709649780.8870144,1709649780.887021
4627,1709649780.9813755,1709649780.9813826
4628,1709649781.0859866,1709649781.0859933
4629,1709649781.186645,1709649781.1866493
4630,1709649781.285439,1709649781.2854457
4631,1709649781.3946753,1709649781.3946817
4632,1709649781.482277,1709649781.4822843
4633,1709649781.584091,1709649781.5840998
4634,1709649781.6818361,1709649781.6818423
4635,1709649781.7852824,1709649781.7852905
4636,1709649781.8831053,1709649781.8831131
4637,1709649781.9863763,1709649781.9863858
4638,1709649782.0816112,1709649782.0816185
4639,1709649782.1805692,1709649782.1805763
4640,1709649782.2967167,1709649782.2967248
4641,1709649782.391276,1709649782.3912854
4642,1709649782.4893222,1709649782.4893308
4643,1709649782.583075,1709649782.5830824
4644,1709649782.6816385,1709649782.6816459
4645,1709649782.7811105,1709649782.7811205
4646,1709649782.8805022,1709649782.8805099
4647,1709649782.9792755,1709649782.9792821
4648,1709649783.0836937,1709649783.0836995
4649,1709649783.1906953,1709649783.1907027
4650,1709649783.2835927,1709649783.283601
4651,1709649783.3857148,1709649783.385722
4652,1709649783.4869874,1709649783.4869978
4653,1709649783.5907018,1709649783.5907085
4654,1709649783.6804671,1709649783.6804752
4655,1709649783.7810369,1709649783.7810454
4656,1709649783.8856018,1709649783.8856084
4657,1709649783.988661,1709649783.988671
4658,1709649784.0847547,1709649784.0847585
4659,1709649784.179755,1709649784.1797638
4660,1709649784.291736,1709649784.2917423
4661,1709649784.3856225,1709649784.385632
4662,1709649784.4951758,1709649784.4951818
4663,1709649784.5888317,1709649784.5888379
4664,1709649784.6810107,1709649784.6810174
4665,1709649784.782597,1709649784.7826061
4666,1709649784.8896463,1709649784.8896549
4667,1709649784.987251,1709649784.9872587
4668,1709649785.087688,1709649785.087695
4669,1709649785.1880684,1709649785.1880746
4670,1709649785.292632,1709649785.29264
4671,1709649785.3869498,1709649785.3869581
4672,1709649785.4829502,1709649785.4829571
4673,1709649785.5812232,1709649785.5812352
4674,1709649785.6935308,1709649785.6935377
4675,1709649785.7868173,1709649785.786825
4676,1709649785.885083,1709649785.8850899
4677,1709649785.9841218,1709649785.9841294
4678,1709649786.086869,1709649786.086879
4679,1709649786.1881726,1709649786.1881795
4680,1709649786.291002,1709649786.2910118
4681,1709649786.3921244,1709649786.3921335
4682,1709649786.4855244,1709649786.4855316
4683,1709649786.590199,1709649786.5902057
4684,1709649786.6860945,1709649786.6861
4685,1709649786.78278,1709649786.782785
4686,1709649786.884949,1709649786.8849533
4687,1709649786.982908,1709649786.9829175
4688,1709649787.086977,1709649787.0869832
4689,1709649787.1847088,1709649787.1847165
4690,1709649787.2827055,1709649787.2827146
4691,1709649787.3915768,1709649787.3915849
4692,1709649787.4799876,1709649787.4799945
4693,1709649787.593647,1709649787.593655
4694,1709649787.6808414,1709649787.6808488
4695,1709649787.785202,1709649787.7852116
4696,1709649787.887579,1709649787.8875864
4697,1709649787.9808989,1709649787.9809067
4698,1709649788.08634,1709649788.0863478
4699,1709649788.1884809,1709649788.1884878
4700,1709649788.2864873,1709649788.2864923
4701,1709649788.380131,1709649788.3801377
4702,1709649788.487673,1709649788.4876814
4703,1709649788.581791,1709649788.5817966
4704,1709649788.6920447,1709649788.692053
4705,1709649788.7856214,1709649788.7856264
4706,1709649788.8822052,1709649788.8822124
4707,1709649788.9808614,1709649788.9808693
4708,1709649789.0900393,1709649789.0900445
4709,1709649789.1911585,1709649789.1911666
4710,1709649789.2872705,1709649789.287277
4711,1709649789.3904505,1709649789.3904567
4712,1709649789.4859765,1709649789.4859822
4713,1709649789.589467,1709649789.5894778
4714,1709649789.6814733,1709649789.6814797
4715,1709649789.7852252,1709649789.7852316
4716,1709649789.886263,1709649789.8862693
4717,1709649789.9863102,1709649789.9863145
4718,1709649790.0904303,1709649790.090439
4719,1709649790.1852827,1709649790.185289
4720,1709649790.2841017,1709649790.2841086
4721,1709649790.3828845,1709649790.3828926
4722,1709649790.4884872,1709649790.4884925
4723,1709649790.5948057,1709649790.5948176
4724,1709649790.6878352,1709649790.687846
4725,1709649790.7873201,1709649790.7873268
4726,1709649790.8907056,1709649790.8907125
4727,1709649790.985142,1709649790.9851487
4728,1709649791.08821,1709649791.088215
4729,1709649791.1857202,1709649791.1857276
4730,1709649791.285443,1709649791.2854497
4731,1709649791.389297,1709649791.3893046
4732,1709649791.4883916,1709649791.488399
4733,1709649791.5919785,1709649791.591985
4734,1709649791.6854825,1709649791.68549
4735,1709649791.7897823,1709649791.789792
4736,1709649791.8868551,1709649791.886862
4737,1709649791.987473,1709649791.9874794
4738,1709649792.0813034,1709649792.0813103
4739,1709649792.1899893,1709649792.1899981
4740,1709649792.2841856,1709649792.2841938
4741,1709649792.3912814,1709649792.3913162
4742,1709649792.4905908,1709649792.4905984
4743,1709649792.5816364,1709649792.5816448
4744,1709649792.692714,1709649792.6927207
4745,1709649792.7854521,1709649792.7854583
4746,1709649792.8900416,1709649792.8900483
4747,1709649792.984583,1709649792.9845898
4748,1709649793.0871825,1709649793.0871966
4749,1709649793.1795597,1709649793.179567
4750,1709649793.282594,1709649793.282601
4751,1709649793.388541,1709649793.388548
4752,1709649793.4839957,1709649793.4840035
4753,1709649793.5809681,1709649793.5809755
4754,1709649793.6899433,1709649793.6899512
4755,1709649793.790469,1709649793.790477
4756,1709649793.880943,1709649793.8809507
4757,1709649793.9842057,1709649793.9842138
4758,1709649794.0869129,1709649794.0869198
4759,1709649794.1805665,1709649794.1805718
4760,1709649794.2954142,1709649794.2954555
4761,1709649794.3839438,1709649794.3839512
4762,1709649794.4860427,1709649794.4860492
4763,1709649794.5901568,1709649794.5901644
4764,1709649794.6942825,1709649794.6942947
4765,1709649794.787475,1709649794.7874827
4766,1709649794.888191,1709649794.8881986
4767,1709649794.991366,1709649794.9913728
4768,1709649795.0911486,1709649795.0911586
4769,1709649795.1853387,1709649795.185346
4770,1709649795.2854161,1709649795.285423
4771,1709649795.3905642,1709649795.39057
4772,1709649795.4829924,1709649795.4830031
4773,1709649795.5934143,1709649795.5934248
4774,1709649795.688952,1709649795.6889603
4775,1709649795.7828622,1709649795.7828732
4776,1709649795.8893507,1709649795.8893588
4777,1709649795.9862976,1709649795.9863057
4778,1709649796.0811563,1709649796.0811648
4779,1709649796.1802933,1709649796.1803002
4780,1709649796.2860782,1709649796.2860856
4781,1709649796.3845062,1709649796.3845143
4782,1709649796.4881332,1709649796.4881403
4783,1709649796.6013427,1709649796.6013496
4784,1709649796.6810277,1709649796.681035
4785,1709649796.790529,1709649796.7905378
4786,1709649796.8916407,1709649796.8916485
4787,1709649796.9869914,1709649796.986997
4788,1709649797.0958667,1709649797.0958748
4789,1709649797.1905785,1709649797.1905842
4790,1709649797.2892823,1709649797.2892904
4791,1709649797.3860981,1709649797.3861055
4792,1709649797.484841,1709649797.4848502
4793,1709649797.5907652,1709649797.5907712
4794,1709649797.693321,1709649797.6933284
4795,1709649797.7906597,1709649797.7906663
4796,1709649797.8888621,1709649797.8888707
4797,1709649797.9807694,1709649797.9807765
4798,1709649798.0830362,1709649798.0830443
4799,1709649798.1885722,1709649798.1885798
4800,1709649798.287711,1709649798.2877178
4801,1709649798.387899,1709649798.3879051
4802,1709649798.4995103,1709649798.4995177
4803,1709649798.589279,1709649798.5892868
4804,1709649798.6866615,1709649798.6866705
4805,1709649798.783928,1709649798.7839355
4806,1709649798.8855114,1709649798.8855188
4807,1709649798.9841807,1709649798.9841905
4808,1709649799.0891497,1709649799.0891564
4809,1709649799.1885834,1709649799.188591
4810,1709649799.2843695,1709649799.2843776
4811,1709649799.3856428,1709649799.3856506
4812,1709649799.4864047,1709649799.4864101
4813,1709649799.5844753,1709649799.5844827
4814,1709649799.6925597,1709649799.6925678
4815,1709649799.7875159,1709649799.7875223
4816,1709649799.8864796,1709649799.886487
4817,1709649799.9806457,1709649799.9806526
4818,1709649800.0898354,1709649800.0898438
4819,1709649800.1883748,1709649800.188382
4820,1709649800.2896848,1709649800.2896926
4821,1709649800.3934376,1709649800.3934438
4822,1709649800.483676,1709649800.4836843
4823,1709649800.5890515,1709649800.5890572
4824,1709649800.6864865,1709649800.686494
4825,1709649800.7859788,1709649800.785987
4826,1709649800.8805077,1709649800.8805165
4827,1709649800.9858382,1709649800.9858449
4828,1709649801.0801768,1709649801.0801868
4829,1709649801.1856341,1709649801.1856415
4830,1709649801.2870343,1709649801.2870426
4831,1709649801.38857,1709649801.3885772
4832,1709649801.4894376,1709649801.4894443
4833,1709649801.5829973,1709649801.5830038
4834,1709649801.6959293,1709649801.6959362
4835,1709649801.7865653,1709649801.7865732
4836,1709649801.8917449,1709649801.8917522
4837,1709649801.9883993,1709649801.9884062
4838,1709649802.086861,1709649802.0868688
4839,1709649802.1916687,1709649802.1916761
4840,1709649802.294985,1709649802.294992
4841,1709649802.3957736,1709649802.3957815
4842,1709649802.4867225,1709649802.486728
4843,1709649802.5860112,1709649802.586019
4844,1709649802.6843219,1709649802.6843295
4845,1709649802.7831688,1709649802.7831745
4846,1709649802.8913789,1709649802.8913882
4847,1709649802.9983392,1709649802.9983504
4848,1709649803.0828376,1709649803.0828476
4849,1709649803.1854477,1709649803.1854591
4850,1709649803.2887368,1709649803.2887444
4851,1709649803.3847325,1709649803.38474
4852,1709649803.485849,1709649803.4858577
4853,1709649803.5965078,1709649803.5965185
4854,1709649803.6832309,1709649803.6832407
4855,1709649803.796149,1709649803.7961583
4856,1709649803.8876517,1709649803.8876593
4857,1709649803.9845598,1709649803.9845667
4858,1709649804.0971391,1709649804.0971498
4859,1709649804.184418,1709649804.1844287
4860,1709649804.2884293,1709649804.2884374
4861,1709649804.3806646,1709649804.38067
4862,1709649804.486065,1709649804.4860728
4863,1709649804.589963,1709649804.5899706
4864,1709649804.6848168,1709649804.6848235
4865,1709649804.7881646,1709649804.7881718
4866,1709649804.886849,1709649804.8868554
4867,1709649804.985953,1709649804.9859636
4868,1709649805.0846562,1709649805.084664
4869,1709649805.188661,1709649805.1886675
4870,1709649805.2813697,1709649805.281375
4871,1709649805.39732,1709649805.3973274
4872,1709649805.4892035,1709649805.4892116
4873,1709649805.5848699,1709649805.5848768
4874,1709649805.68254,1709649805.6825469
4875,1709649805.784647,1709649805.7846515
4876,1709649805.8862326,1709649805.8862402
4877,1709649805.9839582,1709649805.9839664
4878,1709649806.0944743,1709649806.094482
4879,1709649806.185648,1709649806.1856549
4880,1709649806.2851403,1709649806.285147
4881,1709649806.390651,1709649806.3906598
4882,1709649806.4837391,1709649806.483747
4883,1709649806.583117,1709649806.5831242
4884,1709649806.6932137,1709649806.6932216
4885,1709649806.7905657,1709649806.790573
4886,1709649806.8932097,1709649806.893217
4887,1709649806.9800901,1709649806.9800975
4888,1709649807.0817761,1709649807.0817826
4889,1709649807.1876316,1709649807.1876383
4890,1709649807.2808323,1709649807.2808402
4891,1709649807.3946962,1709649807.3947043
4892,1709649807.4813755,1709649807.4813821
4893,1709649807.5882475,1709649807.588257
4894,1709649807.6909592,1709649807.6909664
4895,1709649807.785525,1709649807.7855327
4896,1709649807.8922236,1709649807.8922331
4897,1709649807.9838157,1709649807.9838257
4898,1709649808.5742218,1709649808.5742326
4899,1709649808.5878816,1709649808.5878892
4900,1709649808.599694,1709649808.5997016
4901,1709649808.6972349,1709649808.6972446
4902,1709649808.7921474,1709649808.792156
4903,1709649808.8906546,1709649808.8906624
4904,1709649808.9865122,1709649808.9865196
4905,1709649809.0887313,1709649809.0887363
4906,1709649809.181488,1709649809.181497
4907,1709649809.2887154,1709649809.2887232
4908,1709649809.386208,1709649809.386219
4909,1709649809.4838169,1709649809.4838293
4910,1709649809.5970035,1709649809.59701
4911,1709649809.6912057,1709649809.6912107
4912,1709649809.7850242,1709649809.785033
4913,1709649809.879203,1709649809.8792095
4914,1709649809.9872668,1709649809.9872746
4915,1709649810.082582,1709649810.0825887
4916,1709649810.1848822,1709649810.184891
4917,1709649810.281795,1709649810.2818015
4918,1709649810.3923073,1709649810.3923154
4919,1709649810.4897847,1709649810.4897945
4920,1709649810.5812917,1709649810.5812993
4921,1709649810.694633,1709649810.6946406
4922,1709649810.7914608,1709649810.791469
4923,1709649810.8868575,1709649810.8868618
4924,1709649810.9912467,1709649810.991253
4925,1709649811.094679,1709649811.0946865
4926,1709649811.1954365,1709649811.195446
4927,1709649811.279923,1709649811.279931
4928,1709649811.3884954,1709649811.388503
4929,1709649811.4803538,1709649811.480359
4930,1709649811.5806277,1709649811.5806344
4931,1709649811.6927316,1709649811.6927361
4932,1709649811.7814734,1709649811.781482
4933,1709649811.8886774,1709649811.8886845
4934,1709649811.9915807,1709649811.9915884
4935,1709649812.099552,1709649812.09956
4936,1709649812.185048,1709649812.185053
4937,1709649812.285225,1709649812.285234
4938,1709649812.3937302,1709649812.3937364
4939,1709649812.5077739,1709649812.5077841
4940,1709649812.5983605,1709649812.5983698
4941,1709649812.6862705,1709649812.686281
4942,1709649812.7936323,1709649812.7936392
4943,1709649812.894873,1709649812.894882
4944,1709649812.9806523,1709649812.980662
4945,1709649813.0917594,1709649813.0917642
4946,1709649813.1848147,1709649813.1848233
4947,1709649813.2932117,1709649813.2932184
4948,1709649813.3878918,1709649813.3878994
4949,1709649813.4876573,1709649813.487665
4950,1709649813.589055,1709649813.5890636
4951,1709649813.687294,1709649813.6873024
4952,1709649813.8056765,1709649813.8056848
4953,1709649813.8954265,1709649813.895434
4954,1709649813.9832282,1709649813.9832344
4955,1709649814.0948853,1709649814.0948925
4956,1709649814.1971786,1709649814.1971872
4957,1709649814.2844217,1709649814.284429
4958,1709649814.3880205,1709649814.3880281
4959,1709649814.4889429,1709649814.48895
4960,1709649814.600841,1709649814.6008482
4961,1709649814.6879694,1709649814.6879776
4962,1709649814.789804,1709649814.7898114
4963,1709649814.8855844,1709649814.8855894
4964,1709649814.9913552,1709649814.9913626
4965,1709649815.0875952,1709649815.0876021
4966,1709649815.190911,1709649815.190918
4967,1709649815.2872853,1709649815.287294
4968,1709649815.384341,1709649815.3843472
4969,1709649815.4971128,1709649815.4971223
4970,1709649815.6028004,1709649815.6028075
4971,1709649815.6829343,1709649815.6829414
4972,1709649815.7806363,1709649815.7806432
4973,1709649815.9006436,1709649815.9006522
4974,1709649815.987747,1709649815.9877539
4975,1709649816.0920131,1709649816.09202
4976,1709649816.1916587,1709649816.1916664
4977,1709649816.2979443,1709649816.2979534
4978,1709649816.3933806,1709649816.393388
4979,1709649816.48612,1709649816.486127
4980,1709649816.5830748,1709649816.5830815
4981,1709649816.690424,1709649816.6904325
4982,1709649816.797405,1709649816.7974129
4983,1709649816.8893297,1709649816.8893373
4984,1709649816.9809096,1709649816.9809167
4985,1709649817.085413,1709649817.0854187
4986,1709649817.1871233,1709649817.1871328
4987,1709649817.2813506,1709649817.2813573
4988,1709649817.3917253,1709649817.3917327
4989,1709649817.4841256,1709649817.4841309
4990,1709649817.593114,1709649817.5931222
4991,1709649817.6965072,1709649817.6965144
4992,1709649817.7915804,1709649817.7915857
4993,1709649817.891481,1709649817.8914866
4994,1709649817.980784,1709649817.9807904
4995,1709649818.0948327,1709649818.094841
4996,1709649818.187632,1709649818.1876397
4997,1709649818.28758,1709649818.2875855
4998,1709649818.3802593,1709649818.380267
4999,1709649818.4840515,1709649818.484061
5000,1709649818.5851264,1709649818.5851343
5001,1709649818.689607,1709649818.689615
5002,1709649818.7935321,1709649818.7935407
5003,1709649818.8950539,1709649818.8950627
5004,1709649818.9886491,1709649818.988657
5005,1709649819.0807302,1709649819.0807376
5006,1709649819.1981359,1709649819.1981437
5007,1709649819.2803626,1709649819.2803695
5008,1709649819.3877916,1709649819.3877985
5009,1709649819.4933376,1709649819.4933462
5010,1709649819.6235418,1709649819.6235507
5011,1709649819.7127247,1709649819.7127337
5012,1709649819.7983336,1709649819.7983396
5013,1709649819.8928525,1709649819.8928602
5014,1709649819.9892068,1709649819.9892142
5015,1709649820.0855017,1709649820.0855093
5016,1709649820.1998155,1709649820.199823
5017,1709649820.285133,1709649820.2851388
5018,1709649820.393059,1709649820.3930657
5019,1709649820.4944565,1709649820.4944658
5020,1709649820.5987635,1709649820.5987725
5021,1709649820.6947863,1709649820.6947958
5022,1709649820.7903755,1709649820.790711
5023,1709649820.882747,1709649820.8827543
5024,1709649820.9821866,1709649820.9821932
5025,1709649821.0924225,1709649821.092432
5026,1709649821.1924732,1709649821.1924844
5027,1709649821.2855256,1709649821.285533
5028,1709649821.3855133,1709649821.3855202
5029,1709649821.4945571,1709649821.4945643
5030,1709649821.597216,1709649821.5972223
5031,1709649821.6891196,1709649821.689127
5032,1709649821.792187,1709649821.792192
5033,1709649821.9011054,1709649821.9011135
5034,1709649821.989505,1709649821.9895146
5035,1709649822.0886664,1709649822.0886736
5036,1709649822.1858368,1709649822.1858437
5037,1709649822.285767,1709649822.2857747
5038,1709649822.411829,1709649822.4118369
5039,1709649822.4908154,1709649822.4908223
5040,1709649822.587353,1709649822.5873594
5041,1709649822.693216,1709649822.6932275
5042,1709649822.7846305,1709649822.7846353
5043,1709649822.8881822,1709649822.88819
5044,1709649822.9864316,1709649822.9864378
5045,1709649823.0869088,1709649823.0869236
5046,1709649823.1832306,1709649823.1832387
5047,1709649823.2996597,1709649823.2996666
5048,1709649823.4014668,1709649823.4014878
5049,1709649823.4922574,1709649823.4922662
5050,1709649823.5918055,1709649823.591813
5051,1709649823.6931927,1709649823.6932032
5052,1709649823.7822208,1709649823.7822304
5053,1709649823.8946052,1709649823.8946147
5054,1709649823.9968653,1709649823.996874
5055,1709649824.1170049,1709649824.1170127
5056,1709649824.208834,1709649824.2088408
5057,1709649824.3080838,1709649824.308091
5058,1709649824.4039588,1709649824.403968
5059,1709649824.5031333,1709649824.5031412
5060,1709649824.5957015,1709649824.5957108
5061,1709649824.7141554,1709649824.7141635
5062,1709649824.7975552,1709649824.7975638
5063,1709649824.8833404,1709649824.8833468
5064,1709649824.9938855,1709649824.9938936
5065,1709649825.081381,1709649825.0813887
5066,1709649825.1929774,1709649825.1929867
5067,1709649825.281325,1709649825.2813313
5068,1709649825.3839762,1709649825.3839839
5069,1709649825.4796574,1709649825.4796662
5070,1709649825.5964699,1709649825.596532
5071,1709649825.703487,1709649825.7034936
5072,1709649825.7886465,1709649825.7886536
5073,1709649825.8916738,1709649825.89168
5074,1709649825.9868407,1709649825.9868486
5075,1709649826.0815263,1709649826.0815337
5076,1709649826.1969883,1709649826.1969955
5077,1709649826.288533,1709649826.28854
5078,1709649826.3888974,1709649826.3889043
5079,1709649826.484353,1709649826.4843633
5080,1709649826.604153,1709649826.6041605
5081,1709649826.6942363,1709649826.694243
5082,1709649826.7840984,1709649826.784106
5083,1709649826.8953314,1709649826.895339
5084,1709649826.9870014,1709649826.9870088
5085,1709649827.1035018,1709649827.1035109
5086,1709649827.1903405,1709649827.1903486
5087,1709649827.2892873,1709649827.2892938
5088,1709649827.3911808,1709649827.3911896
5089,1709649827.4883757,1709649827.4883826
5090,1709649827.6030262,1709649827.603035
5091,1709649827.6959453,1709649827.6959527
5092,1709649827.7911496,1709649827.7911592
5093,1709649827.890679,1709649827.8906887
5094,1709649827.99374,1709649827.9937475
5095,1709649828.1082969,1709649828.1083047
5096,1709649828.1865642,1709649828.1865718
5097,1709649828.2860785,1709649828.2860866
5098,1709649828.3804426,1709649828.3804507
5099,1709649828.4893928,1709649828.489405
5100,1709649828.5990362,1709649828.599046
5101,1709649828.6943605,1709649828.69437
5102,1709649828.7916431,1709649828.7916527
5103,1709649828.8845143,1709649828.884523
5104,1709649828.9849994,1709649828.985007
5105,1709649829.0803425,1709649829.080349
5106,1709649829.1882126,1709649829.1882207
5107,1709649829.2994306,1709649829.2994382
5108,1709649829.3864572,1709649829.3864653
5109,1709649829.5044012,1709649829.5044084
5110,1709649829.591572,1709649829.5915785
5111,1709649829.6843448,1709649829.6843524
5112,1709649829.7875285,1709649829.787535
5113,1709649829.8914757,1709649829.8914824
5114,1709649829.989098,1709649829.989106
5115,1709649830.0882971,1709649830.0883038
5116,1709649830.1901476,1709649830.1901538
5117,1709649830.2796433,1709649830.279649
5118,1709649830.3863285,1709649830.3863354
5119,1709649830.4908073,1709649830.490812
5120,1709649830.5868852,1709649830.5868928
5121,1709649830.6890192,1709649830.6890264
5122,1709649830.788911,1709649830.7889194
5123,1709649830.8900526,1709649830.8900585
5124,1709649830.9951093,1709649830.9951177
5125,1709649831.081776,1709649831.081784
5126,1709649831.1942954,1709649831.1943052
5127,1709649831.3012395,1709649831.3012493
5128,1709649831.3878741,1709649831.3878818
5129,1709649831.494364,1709649831.4943712
5130,1709649831.5941176,1709649831.5941248
5131,1709649831.6988554,1709649831.698863
5132,1709649831.7817874,1709649831.781795
5133,1709649831.8943655,1709649831.894373
5134,1709649831.994191,1709649831.9941971
5135,1709649832.0989125,1709649832.0989215
5136,1709649832.1899533,1709649832.1899598
5137,1709649832.2863038,1709649832.2863114
5138,1709649832.3920233,1709649832.3920302
5139,1709649832.4877703,1709649832.4877834
5140,1709649832.5901842,1709649832.5901918
5141,1709649832.6942945,1709649832.6943028
5142,1709649832.7868316,1709649832.7868416
5143,1709649832.8851502,1709649832.8851607
5144,1709649832.9925826,1709649832.9925902
5145,1709649833.0922933,1709649833.0923023
5146,1709649833.1913188,1709649833.1913276
5147,1709649833.2957003,1709649833.2957091
5148,1709649833.38742,1709649833.387428
5149,1709649833.4913268,1709649833.491334
5150,1709649833.6138246,1709649833.6138334
5151,1709649833.6950297,1709649833.695037
5152,1709649833.7865107,1709649833.7865171
5153,1709649833.8828197,1709649833.8828251
5154,1709649833.9880948,1709649833.9880996
5155,1709649834.0902457,1709649834.090254
5156,1709649834.1919994,1709649834.1920106
5157,1709649834.2822416,1709649834.282247
5158,1709649834.388281,1709649834.3882887
5159,1709649834.4864645,1709649834.4866116
5160,1709649834.6024106,1709649834.6025348
5161,1709649834.6904078,1709649834.6905456
5162,1709649834.7954645,1709649834.795558
5163,1709649834.898328,1709649834.8984225
5164,1709649834.9871857,1709649834.9872985
5165,1709649835.0966802,1709649835.0967798
5166,1709649835.1886683,1709649835.1887643
5167,1709649835.2842426,1709649835.284342
5168,1709649835.390762,1709649835.390862
5169,1709649835.4819827,1709649835.4820795
5170,1709649835.6006315,1709649835.6007333
5171,1709649835.6991107,1709649835.6992865
5172,1709649835.7962077,1709649835.7963326
5173,1709649835.891524,1709649835.891632
5174,1709649835.9841797,1709649835.9843428
5175,1709649836.0948262,1709649836.0949328
5176,1709649836.1817896,1709649836.1818984
5177,1709649836.2871487,1709649836.2873387
5178,1709649836.3891113,1709649836.389191
5179,1709649836.4923167,1709649836.4924433
5180,1709649836.590342,1709649836.5904567
5181,1709649836.6983428,1709649836.6984394
5182,1709649836.786142,1709649836.786241
5183,1709649836.8880424,1709649836.8881466
5184,1709649836.9982831,1709649836.9983788
5185,1709649837.0904727,1709649837.0905728
5186,1709649837.1838894,1709649837.1840084
5187,1709649837.2938051,1709649837.293914
5188,1709649837.3847737,1709649837.3848684
5189,1709649837.49451,1709649837.4946287
5190,1709649837.5813515,1709649837.581481
5191,1709649837.6931503,1709649837.6932642
5192,1709649837.798508,1709649837.7986205
5193,1709649837.8884864,1709649837.8885944
5194,1709649837.9942935,1709649837.9944005
5195,1709649838.0863602,1709649838.0867102
5196,1709649838.1984031,1709649838.1984954
5197,1709649838.2851472,1709649838.2853072
5198,1709649838.3852475,1709649838.38535
5199,1709649838.488123,1709649838.4882045
5200,1709649838.5935488,1709649838.593652
5201,1709649838.695547,1709649838.6956365
5202,1709649838.7871397,1709649838.7873406
5203,1709649838.896494,1709649838.896598
5204,1709649838.9813979,1709649838.9814935
5205,1709649839.091462,1709649839.091565
5206,1709649839.187021,1709649839.187117
5207,1709649839.2871592,1709649839.2872598
5208,1709649839.391347,1709649839.3914795
5209,1709649839.4860294,1709649839.4861367
5210,1709649839.594114,1709649839.594214
5211,1709649839.683834,1709649839.6839335
5212,1709649839.7938104,1709649839.793899
5213,1709649839.8880327,1709649839.8881295
5214,1709649839.9844565,1709649839.9845693
5215,1709649840.0892262,1709649840.0893729
5216,1709649840.1877239,1709649840.1878257
5217,1709649840.2900467,1709649840.2901566
5218,1709649840.3886435,1709649840.3887527
5219,1709649840.4902935,1709649840.490391
5220,1709649840.5969014,1709649840.597051
5221,1709649840.6902843,1709649840.6903906
5222,1709649840.7918763,1709649840.7919722
5223,1709649840.887569,1709649840.8876839
5224,1709649840.9868188,1709649840.986918
5225,1709649841.0846574,1709649841.0847754
5226,1709649841.1956124,1709649841.1956937
5227,1709649841.2866006,1709649841.2866764
5228,1709649841.3948865,1709649841.3949835
5229,1709649841.4880443,1709649841.4881456
5230,1709649841.6082447,1709649841.6083465
5231,1709649841.7066047,1709649841.7067013
5232,1709649841.7827964,1709649841.7828956
5233,1709649841.8922532,1709649841.892387
5234,1709649841.999287,1709649841.9994032
5235,1709649842.085271,1709649842.0853775
5236,1709649842.199037,1709649842.1991282
5237,1709649842.2913961,1709649842.291546
5238,1709649842.3912416,1709649842.3913379
5239,1709649842.490433,1709649842.4905362
5240,1709649842.5902338,1709649842.5904331
5241,1709649842.6926916,1709649842.6927915
5242,1709649842.7918332,1709649842.791926
5243,1709649842.887537,1709649842.8876505
5244,1709649842.994151,1709649842.99424
5245,1709649843.1010678,1709649843.1011648
5246,1709649843.18635,1709649843.1864543
5247,1709649843.299576,1709649843.2995846
5248,1709649843.3919718,1709649843.3919811
5249,1709649843.4925342,1709649843.4925427
5250,1709649843.598083,1709649843.5980895
5251,1709649843.6984365,1709649843.6984453
5252,1709649843.7902665,1709649843.7902746
5253,1709649843.887059,1709649843.8870652
5254,1709649844.0059252,1709649844.0059335
5255,1709649844.0902271,1709649844.0902355
5256,1709649844.1875544,1709649844.1875644
5257,1709649844.2860136,1709649844.2860239
5258,1709649844.3900564,1709649844.3900638
5259,1709649844.4971392,1709649844.4971495
5260,1709649844.5855548,1709649844.585564
5261,1709649844.6910894,1709649844.6910954
5262,1709649844.7796218,1709649844.7796283
5263,1709649844.8920956,1709649844.8921065
5264,1709649844.994706,1709649844.9947147
5265,1709649845.0957022,1709649845.095711
5266,1709649845.1955059,1709649845.195515
5267,1709649845.280597,1709649845.280605
5268,1709649845.3930404,1709649845.3985305
5269,1709649845.4924562,1709649845.4967372
5270,1709649845.5910373,1709649845.5959294
5271,1709649845.6843805,1709649845.6895623
5272,1709649845.7904534,1709649845.7949739
5273,1709649845.8973992,1709649845.902509
5274,1709649845.986495,1709649845.9895182
5275,1709649846.0795357,1709649846.0836189
5276,1709649846.1869366,1709649846.1915116
5277,1709649846.289452,1709649846.2943296
5278,1709649846.3803856,1709649846.3846092
5279,1709649846.4840302,1709649846.4879706
5280,1709649846.5831134,1709649846.5877404
5281,1709649846.6862125,1709649846.689771
5282,1709649846.7848089,1709649846.78822
5283,1709649846.8852785,1709649846.888431
5284,1709649846.9793692,1709649846.9837496
5285,1709649847.084395,1709649847.0889544
5286,1709649847.1851556,1709649847.189247
5287,1709649847.2876236,1709649847.29201
5288,1709649847.3892756,1709649847.3938396
5289,1709649847.4831629,1709649847.4923763
5290,1709649847.58745,1709649847.5921528
5291,1709649847.6864643,1709649847.6908698
5292,1709649847.780554,1709649847.78716
5293,1709649847.8845599,1709649847.889041
5294,1709649847.9851818,1709649847.9902925
5295,1709649848.084632,1709649848.0886164
5296,1709649848.18294,1709649848.1874537
5297,1709649848.282922,1709649848.286799
5298,1709649848.3961105,1709649848.4011345
5299,1709649848.4809015,1709649848.4852314
5300,1709649848.589917,1709649848.595605
5301,1709649848.691366,1709649848.6955864
5302,1709649848.7819998,1709649848.786409
5303,1709649848.8879123,1709649848.8928459
5304,1709649848.985396,1709649848.991372
5305,1709649849.08673,1709649849.0910285
5306,1709649849.185049,1709649849.1894214
5307,1709649849.2935536,1709649849.3016577
5308,1709649849.3880985,1709649849.3925433
5309,1709649849.4852202,1709649849.4888682
5310,1709649849.5882258,1709649849.5958655
5311,1709649849.6939142,1709649849.6981819
5312,1709649849.7886474,1709649849.7965946
5313,1709649849.886256,1709649849.890515
5314,1709649849.981316,1709649849.9856148
5315,1709649850.0880554,1709649850.0938241
5316,1709649850.1894097,1709649850.194157
5317,1709649850.285385,1709649850.2897563
5318,1709649850.3881238,1709649850.3945754
5319,1709649850.4889712,1709649850.4934044
5320,1709649850.588707,1709649850.593753
5321,1709649850.6811638,1709649850.6843545
5322,1709649850.781264,1709649850.7856197
5323,1709649850.883937,1709649850.8887053
5324,1709649850.9860783,1709649850.99102
5325,1709649851.0806947,1709649851.085339
5326,1709649851.1804264,1709649851.1841855
5327,1709649851.295209,1709649851.3003123
5328,1709649851.381248,1709649851.3860946
5329,1709649851.4833674,1709649851.488141
5330,1709649851.589131,1709649851.593598
5331,1709649851.6800225,1709649851.6860101
5332,1709649851.784262,1709649851.7887838
5333,1709649851.886067,1709649851.891384
5334,1709649851.9800866,1709649851.9849582
5335,1709649852.0831075,1709649852.087743
5336,1709649852.18237,1709649852.1870468
5337,1709649852.2802806,1709649852.2857568
5338,1709649852.3853886,1709649852.3898838
5339,1709649852.4853523,1709649852.4898496
5340,1709649852.5986135,1709649852.6025467
5341,1709649852.6797328,1709649852.683564
5342,1709649852.794283,1709649852.7981582
5343,1709649852.888315,1709649852.8929267
5344,1709649852.9982827,1709649853.0025783
5345,1709649853.0876663,1709649853.092378
5346,1709649853.1962016,1709649853.2009392
5347,1709649853.2882876,1709649853.2929444
5348,1709649853.4037225,1709649853.4098399
5349,1709649853.486874,1709649853.4909425
5350,1709649853.5884683,1709649853.595958
5351,1709649853.6856568,1709649853.689873
5352,1709649853.794471,1709649853.7995408
5353,1709649853.8913279,1709649853.8964443
5354,1709649853.988595,1709649853.9957156
5355,1709649854.080466,1709649854.0893931
5356,1709649854.1854267,1709649854.1900644
5357,1709649854.3041205,1709649854.3120685
5358,1709649854.3858273,1709649854.391085
5359,1709649854.4826171,1709649854.4868777
5360,1709649854.5938072,1709649854.5980196
5361,1709649854.6920192,1709649854.696754
5362,1709649854.7848969,1709649854.7892468
5363,1709649854.8996367,1709649854.9040077
5364,1709649854.985174,1709649854.9892416
5365,1709649855.1032403,1709649855.108513
5366,1709649855.198146,1709649855.2030904
5367,1709649855.2881062,1709649855.2922304
5368,1709649855.3845723,1709649855.390243
5369,1709649855.4896502,1709649855.495916
5370,1709649855.5946822,1709649855.6011083
5371,1709649855.6942391,1709649855.6986175
5372,1709649855.796595,1709649855.8012252
5373,1709649855.892354,1709649855.8969266
5374,1709649855.9926603,1709649855.997281
5375,1709649856.0961757,1709649856.1005762
5376,1709649856.1893187,1709649856.1938503
5377,1709649856.2812011,1709649856.2869017
5378,1709649856.3966393,1709649856.4009635
5379,1709649856.4816377,1709649856.4859667
5380,1709649856.5960155,1709649856.6005595
5381,1709649856.691395,1709649856.6960223
5382,1709649856.7898088,1709649856.7939968
5383,1709649856.8887248,1709649856.893148
5384,1709649856.9988723,1709649857.0027614
5385,1709649857.0863829,1709649857.092777
5386,1709649857.1883457,1709649857.1931942
5387,1709649857.2884178,1709649857.2925525
5388,1709649857.384786,1709649857.3909998
5389,1709649857.4869773,1709649857.4906619
5390,1709649857.5848954,1709649857.5884213
5391,1709649857.6865373,1709649857.6911595
5392,1709649857.786459,1709649857.7918217
5393,1709649857.881637,1709649857.8867583
5394,1709649857.9922848,1709649857.9968233
5395,1709649858.0883508,1709649858.0929332
5396,1709649858.1901772,1709649858.1940684
5397,1709649858.2792568,1709649858.2819352
5398,1709649858.4051287,1709649858.4100773
5399,1709649858.502258,1709649858.5065463
5400,1709649858.5923138,1709649858.5976696
5401,1709649858.6940155,1709649858.6991065
5402,1709649858.7935321,1709649858.7993338
5403,1709649858.9018722,1709649858.9064684
5404,1709649858.9957128,1709649858.9999588
5405,1709649859.0811496,1709649859.0854526
5406,1709649859.1985757,1709649859.2029717
5407,1709649859.2893808,1709649859.2938557
5408,1709649859.3995953,1709649859.4061878
5409,1709649859.4863715,1709649859.490637
5410,1709649859.598547,1709649859.6019742
5411,1709649859.6858242,1709649859.6903183
5412,1709649859.7902918,1709649859.7952666
5413,1709649859.8943403,1709649859.8984716
5414,1709649859.989419,1709649859.9946802
5415,1709649860.0874267,1709649860.0933788
5416,1709649860.195391,1709649860.19976
5417,1709649860.300513,1709649860.3056288
5418,1709649860.3971593,1709649860.4028184
5419,1709649860.4856868,1709649860.4903562
5420,1709649860.5958428,1709649860.6001966
5421,1709649860.6888313,1709649860.692921
5422,1709649860.7944825,1709649860.7990496
5423,1709649860.88887,1709649860.893073
5424,1709649860.9863648,1709649860.990915
5425,1709649861.084467,1709649861.0880177
5426,1709649861.193793,1709649861.198708
5427,1709649861.2942095,1709649861.298848
5428,1709649861.3886673,1709649861.3929572
5429,1709649861.4848866,1709649861.4893827
5430,1709649861.5896876,1709649861.594522
5431,1709649861.6885555,1709649861.6937215
5432,1709649861.7990136,1709649861.8060765
5433,1709649861.8957753,1709649861.9005191
5434,1709649861.9909778,1709649861.995203
5435,1709649862.0922081,1709649862.0964534
5436,1709649862.188653,1709649862.1932414
5437,1709649862.296754,1709649862.3015926
5438,1709649862.386384,1709649862.3908622
5439,1709649862.490464,1709649862.495017
5440,1709649862.590434,1709649862.5949993
5441,1709649862.6858838,1709649862.6900678
5442,1709649862.8000493,1709649862.8046138
5443,1709649862.895265,1709649862.899658
5444,1709649862.9872665,1709649862.9955149
5445,1709649863.0880852,1709649863.0925136
5446,1709649863.194954,1709649863.1999512
5447,1709649863.3079739,1709649863.3127866
5448,1709649863.3850493,1709649863.3897767
5449,1709649863.4868658,1709649863.4915953
5450,1709649863.5977726,1709649863.6054966
5451,1709649863.6864383,1709649863.690755
5452,1709649863.7908556,1709649863.7970462
5453,1709649863.9091344,1709649863.9146898
5454,1709649863.991136,1709649863.9963765
5455,1709649864.088295,1709649864.0922148
5456,1709649864.1853492,1709649864.1901617
5457,1709649864.2875705,1709649864.2933116
5458,1709649864.3890038,1709649864.3930886
5459,1709649864.4960966,1709649864.5009677
5460,1709649864.600899,1709649864.6078134
5461,1709649864.6941757,1709649864.6987827
5462,1709649864.7839427,1709649864.7889333
5463,1709649864.889597,1709649864.894593
5464,1709649865.008784,1709649865.0176144
5465,1709649865.098998,1709649865.1040332
5466,1709649865.1997032,1709649865.2041466
5467,1709649865.296672,1709649865.302097
5468,1709649865.3910477,1709649865.3982625
5469,1709649865.4951751,1709649865.5016608
5470,1709649865.6039033,1709649865.6088033
5471,1709649865.6952262,1709649865.699182
5472,1709649865.7888148,1709649865.7936094
5473,1709649865.8808177,1709649865.8856554
5474,1709649865.9814794,1709649865.985944
5475,1709649866.0936615,1709649866.0987659
5476,1709649866.1898346,1709649866.1947315
5477,1709649866.2848306,1709649866.2892835
5478,1709649866.3896086,1709649866.3943198
5479,1709649866.484736,1709649866.4895716
5480,1709649866.5964098,1709649866.600899
5481,1709649866.6830063,1709649866.6880922
5482,1709649866.7911386,1709649866.7959821
5483,1709649866.8832982,1709649866.8876438
5484,1709649866.9886155,1709649866.9941633
5485,1709649867.095232,1709649867.1021502
5486,1709649867.1959898,1709649867.2008123
5487,1709649867.287928,1709649867.2929149
5488,1709649867.39709,1709649867.4015436
5489,1709649867.493311,1709649867.4973977
5490,1709649867.6033351,1709649867.6126714
5491,1709649867.6883967,1709649867.6932185
5492,1709649867.7973826,1709649867.8051195
5493,1709649867.8954375,1709649867.8994014
5494,1709649867.9922123,1709649867.9968476
5495,1709649868.090193,1709649868.0946238
5496,1709649868.1989226,1709649868.2039542
5497,1709649868.3024523,1709649868.3066003
5498,1709649868.3905969,1709649868.3906083
5499,1709649868.4944277,1709649868.494435
5500,1709649868.5926883,1709649868.592696
5501,1709649868.6823025,1709649868.6823103
5502,1709649868.81888,1709649868.8188908
5503,1709649868.891627,1709649868.8916357
5504,1709649868.9836829,1709649868.9836903
5505,1709649869.0900269,1709649869.0900364
5506,1709649869.1876857,1709649869.1876934
5507,1709649869.2915957,1709649869.291603
5508,1709649869.4119618,1709649869.4119713
5509,1709649869.4865992,1709649869.4866073
5510,1709649869.5894897,1709649869.5894992
5511,1709649869.6854906,1709649869.6854992
5512,1709649869.785331,1709649869.7853386
5513,1709649869.8953588,1709649869.8953671
5514,1709649869.9962363,1709649869.9962447
5515,1709649870.0884938,1709649870.0885005
5516,1709649870.1872313,1709649870.1872377
5517,1709649870.2914286,1709649870.2914338
5518,1709649870.3810024,1709649870.3810103
5519,1709649870.501496,1709649870.5015209
5520,1709649870.5940769,1709649870.594084
5521,1709649870.6879783,1709649870.6879866
5522,1709649870.7950494,1709649870.7950585
5523,1709649870.901442,1709649870.9014497
5524,1709649870.9921849,1709649870.9921927
5525,1709649871.0840871,1709649871.0840952
5526,1709649871.183662,1709649871.1836734
5527,1709649871.2817783,1709649871.281783
5528,1709649871.3862746,1709649871.3862832
5529,1709649871.4863374,1709649871.486345
5530,1709649871.6043646,1709649871.604373
5531,1709649871.6876495,1709649871.6876564
5532,1709649871.7867205,1709649871.7867303
5533,1709649871.8946602,1709649871.8946679
5534,1709649871.9856322,1709649871.9856389
5535,1709649872.106109,1709649872.1061175
5536,1709649872.1903067,1709649872.1903155
5537,1709649872.2922168,1709649872.2922251
5538,1709649872.3911564,1709649872.3911648
5539,1709649872.4890487,1709649872.489059
5540,1709649872.5985441,1709649872.5985532
5541,1709649872.6873672,1709649872.6873753
5542,1709649872.785145,1709649872.7851543
5543,1709649872.8907404,1709649872.8907483
5544,1709649872.9917057,1709649872.9917126
5545,1709649873.0970674,1709649873.0970757
5546,1709649873.2003791,1709649873.2003865
5547,1709649873.291918,1709649873.2919257
5548,1709649873.3929276,1709649873.3929358
5549,1709649873.4914198,1709649873.4914274
5550,1709649873.5860522,1709649873.5860584
5551,1709649873.7009792,1709649873.700989
5552,1709649873.788589,1709649873.7885957
5553,1709649873.8969002,1709649873.8969069
5554,1709649873.9902973,1709649873.9903061
5555,1709649874.0910692,1709649874.0910766
5556,1709649874.2078197,1709649874.2078276
5557,1709649874.293594,1709649874.2936015
5558,1709649874.3937242,1709649874.3937318
5559,1709649874.4817772,1709649874.4817858
5560,1709649874.585867,1709649874.585875
5561,1709649874.68336,1709649874.6833682
5562,1709649874.801646,1709649874.8016512
5563,1709649874.883762,1709649874.8837695
5564,1709649874.982996,1709649874.9830039
5565,1709649875.085927,1709649875.0859349
5566,1709649875.1823037,1709649875.1823132
5567,1709649875.293756,1709649875.2937634
5568,1709649875.3921459,1709649875.3921561
5569,1709649875.4847255,1709649875.4847345
5570,1709649875.583455,1709649875.5834613
5571,1709649875.6918483,1709649875.6918566
5572,1709649875.7904966,1709649875.7905045
5573,1709649875.8961794,1709649875.8961866
5574,1709649875.9837933,1709649875.983802
5575,1709649876.0909936,1709649876.0909998
5576,1709649876.1859615,1709649876.1859698
5577,1709649876.2894711,1709649876.2894793
5578,1709649876.3927813,1709649876.3927894
5579,1709649876.4925008,1709649876.4925084
5580,1709649876.5890586,1709649876.5890658
5581,1709649876.690406,1709649876.690415
5582,1709649876.7880888,1709649876.7880971
5583,1709649876.8884773,1709649876.8884854
5584,1709649876.995217,1709649876.995226
5585,1709649877.0995886,1709649877.099596
5586,1709649877.1882083,1709649877.1882155
5587,1709649877.290723,1709649877.2907293
5588,1709649877.3934178,1709649877.393425
5589,1709649877.4947543,1709649877.4947617
5590,1709649877.599887,1709649877.599895
5591,1709649877.680005,1709649877.680013
5592,1709649877.7923403,1709649877.7923481
5593,1709649877.8995526,1709649877.8995583
5594,1709649878.0003304,1709649878.0003383
5595,1709649878.0992732,1709649878.0992837
5596,1709649878.1878884,1709649878.187894
5597,1709649878.2859776,1709649878.2859888
5598,1709649878.392053,1709649878.3920615
5599,1709649878.4891052,1709649878.4891136
5600,1709649878.5980327,1709649878.5980403
5601,1709649878.6891997,1709649878.6892066
5602,1709649878.7861464,1709649878.7861536
5603,1709649878.8998175,1709649878.8998246
5604,1709649878.9928343,1709649878.9928415
5605,1709649879.084648,1709649879.0846548
5606,1709649879.188529,1709649879.1885364
5607,1709649879.2922115,1709649879.2922192
5608,1709649879.3950415,1709649879.3950496
5609,1709649879.4873843,1709649879.487392
5610,1709649879.5901725,1709649879.5901802
5611,1709649879.6894703,1709649879.6894782
5612,1709649879.7920806,1709649879.7920883
5613,1709649879.8878448,1709649879.887853
5614,1709649879.9906719,1709649879.9906793
5615,1709649880.089679,1709649880.089689
5616,1709649880.1854174,1709649880.1854236
5617,1709649880.3009984,1709649880.3010066
5618,1709649880.392805,1709649880.392812
5619,1709649880.4808683,1709649880.4808757
5620,1709649880.5964766,1709649880.596484
5621,1709649880.6863306,1709649880.6863403
5622,1709649880.7867644,1709649880.7867727
5623,1709649880.8971732,1709649880.8971822
5624,1709649880.9929018,1709649880.992909
5625,1709649881.082727,1709649881.0827346
5626,1709649881.195645,1709649881.195657
5627,1709649881.2877285,1709649881.2877333
5628,1709649881.3977044,1709649881.397713
5629,1709649881.4880624,1709649881.4880695
5630,1709649881.5905182,1709649881.590527
5631,1709649881.6821752,1709649881.682183
5632,1709649881.7860541,1709649881.786062
5633,1709649881.8843856,1709649881.8843925
5634,1709649881.9842205,1709649881.9842255
5635,1709649882.0962534,1709649882.096261
5636,1709649882.191305,1709649882.191312
5637,1709649882.2833545,1709649882.2833648
5638,1709649882.3870485,1709649882.3870583
5639,1709649882.4901154,1709649882.4901242
5640,1709649882.584752,1709649882.5847619
5641,1709649882.6941907,1709649882.694199
5642,1709649882.786054,1709649882.7860606
5643,1709649882.8839018,1709649882.8839104
5644,1709649882.9895606,1709649882.9895751
5645,1709649883.0872054,1709649883.087212
5646,1709649883.201387,1709649883.2013938
5647,1709649883.2943637,1709649883.2943704
5648,1709649883.3846416,1709649883.384649
5649,1709649883.493589,1709649883.493597
5650,1709649883.5821664,1709649883.5821757
5651,1709649883.686167,1709649883.6861742
5652,1709649883.7817342,1709649883.7817433
5653,1709649883.8920183,1709649883.892026
5654,1709649884.0067964,1709649884.0068038
5655,1709649884.0969224,1709649884.0969303
5656,1709649884.1946251,1709649884.194637
5657,1709649884.2946546,1709649884.2946925
5658,1709649884.3893678,1709649884.3893752
5659,1709649884.4895353,1709649884.4895437
5660,1709649884.586615,1709649884.5866227
5661,1709649884.698949,1709649884.6989589
5662,1709649884.7811458,1709649884.781153
5663,1709649884.8887787,1709649884.8887842
5664,1709649884.9811943,1709649884.9811995
5665,1709649885.0887783,1709649885.0887856
5666,1709649885.1894886,1709649885.1894965
5667,1709649885.2939377,1709649885.2939463
5668,1709649885.3991807,1709649885.3991868
5669,1709649885.492055,1709649885.492066
5670,1709649885.5883625,1709649885.5883696
5671,1709649885.6963024,1709649885.6963115
5672,1709649885.7967386,1709649885.7967458
5673,1709649885.8954303,1709649885.8954377
5674,1709649885.9828095,1709649885.9828167
5675,1709649886.083083,1709649886.083091
5676,1709649886.1874025,1709649886.1874099
5677,1709649886.302489,1709649886.3024964
5678,1709649886.3884764,1709649886.388483
5679,1709649886.496601,1709649886.496608
5680,1709649886.5804453,1709649886.5804534
5681,1709649886.6885564,1709649886.6885643
5682,1709649886.7825828,1709649886.7825902
5683,1709649886.892928,1709649886.8929355
5684,1709649886.9876425,1709649886.9876502
5685,1709649887.1071491,1709649887.1071572
5686,1709649887.1939821,1709649887.1939921
5687,1709649887.283842,1709649887.2838502
5688,1709649887.3833518,1709649887.3833587
5689,1709649887.496479,1709649887.4964864
5690,1709649887.5867047,1709649887.5867124
5691,1709649887.6878097,1709649887.6878176
5692,1709649887.7951865,1709649887.7951932
5693,1709649887.8867936,1709649887.8868043
5694,1709649887.9871218,1709649887.9871297
5695,1709649888.089793,1709649888.0898042
5696,1709649888.1879063,1709649888.1879132
5697,1709649888.288559,1709649888.2885666
5698,1709649888.392349,1709649888.3923573
5699,1709649888.501862,1709649888.5018692
5700,1709649888.596654,1709649888.5966609
5701,1709649888.6958375,1709649888.6958454
5702,1709649888.7835891,1709649888.7835963
5703,1709649888.8864424,1709649888.8864515
5704,1709649888.9966702,1709649888.9966793
5705,1709649889.0870488,1709649889.0870564
5706,1709649889.1872933,1709649889.1873028
5707,1709649889.2903936,1709649889.2904017
5708,1709649889.3918858,1709649889.3918931
5709,1709649889.491543,1709649889.4915512
5710,1709649889.5877519,1709649889.587761
5711,1709649889.6906943,1709649889.6907027
5712,1709649889.7851765,1709649889.785184
5713,1709649889.8843386,1709649889.8843472
5714,1709649889.9895532,1709649889.9895604
5715,1709649890.0876875,1709649890.0876946
5716,1709649890.1890466,1709649890.1890552
5717,1709649890.2973561,1709649890.2973664
5718,1709649890.387975,1709649890.3879814
5719,1709649890.4884725,1709649890.4884815
5720,1709649890.586579,1709649890.5865865
5721,1709649890.6866608,1709649890.6866693
5722,1709649890.7851553,1709649890.7851624
5723,1709649890.9013765,1709649890.9013858
5724,1709649890.9937785,1709649890.993788
5725,1709649891.0847163,1709649891.084725
5726,1709649891.1879137,1709649891.1879222
5727,1709649891.2813747,1709649891.2813823
5728,1709649891.390738,1709649891.3907454
5729,1709649891.4979794,1709649891.4979868
5730,1709649891.5905857,1709649891.5905929
5731,1709649891.6865914,1709649891.6865995
5732,1709649891.7846649,1709649891.7846725
5733,1709649891.8941448,1709649891.894153
5734,1709649891.9902253,1709649891.990233
5735,1709649892.0924478,1709649892.0924573
5736,1709649892.5615487,1709649892.5615642
5737,1709649892.5727205,1709649892.5729086
5738,1709649892.5897849,1709649892.589792
5739,1709649892.6974876,1709649892.6974945
5740,1709649892.7935348,1709649892.7935488
5741,1709649892.883121,1709649892.8831298
5742,1709649892.9895568,1709649892.9895647
5743,1709649893.0876472,1709649893.087655
5744,1709649893.1920612,1709649893.1920679
5745,1709649893.285624,1709649893.2856333
5746,1709649893.3932724,1709649893.3932998
5747,1709649893.4879162,1709649893.4879227
5748,1709649893.5823016,1709649893.5823085
5749,1709649893.686935,1709649893.6869447
5750,1709649893.7811625,1709649893.7811706
5751,1709649893.8890228,1709649893.8890305
5752,1709649893.9996736,1709649893.9996796
5753,1709649894.0848298,1709649894.0848374
5754,1709649894.1915781,1709649894.191586
5755,1709649894.288785,1709649894.2887924
5756,1709649894.388584,1709649894.3885918
5757,1709649894.4913561,1709649894.4913633
5758,1709649894.5865908,1709649894.5866039
5759,1709649894.700945,1709649894.7009504
5760,1709649894.78563,1709649894.7856374
5761,1709649894.8972204,1709649894.8972285
5762,1709649894.9885705,1709649894.988578
5763,1709649895.0816493,1709649895.081657
5764,1709649895.1989477,1709649895.1989553
5765,1709649895.2804196,1709649895.2804277
5766,1709649895.3914793,1709649895.3914857
5767,1709649895.4838917,1709649895.4838989
5768,1709649895.5936162,1709649895.5936246
5769,1709649895.6846118,1709649895.6846201
5770,1709649895.7885306,1709649895.7885382
5771,1709649895.8919113,1709649895.8919203
5772,1709649895.9858747,1709649895.9858825
5773,1709649896.0898674,1709649896.0898752
5774,1709649896.1930192,1709649896.1930292
5775,1709649896.2973409,1709649896.29735
5776,1709649896.3918622,1709649896.391871
5777,1709649896.4964032,1709649896.4964106
5778,1709649896.583994,1709649896.5840015
5779,1709649896.6855984,1709649896.685605
5780,1709649896.790164,1709649896.7901714
5781,1709649896.8902493,1709649896.890257
5782,1709649896.9909499,1709649896.9909596
5783,1709649897.0812109,1709649897.0812187
5784,1709649897.182774,1709649897.182781
5785,1709649897.2935085,1709649897.2935164
5786,1709649897.3953187,1709649897.3953266
5787,1709649897.494337,1709649897.4943452
5788,1709649897.5940876,1709649897.594096
5789,1709649897.6835942,1709649897.6836035
5790,1709649897.792738,1709649897.7927446
5791,1709649897.89168,1709649897.891686
5792,1709649897.983473,1709649897.9834812
5793,1709649898.0868633,1709649898.0868733
5794,1709649898.193275,1709649898.1932828
5795,1709649898.2950318,1709649898.2950404
5796,1709649898.3890011,1709649898.3890092
5797,1709649898.488603,1709649898.48861
5798,1709649898.597159,1709649898.5971668
5799,1709649898.6949332,1709649898.6949403
5800,1709649898.7859607,1709649898.785967
5801,1709649898.8975692,1709649898.897579
5802,1709649898.9851456,1709649898.9851515
5803,1709649899.082761,1709649899.08277
5804,1709649899.182867,1709649899.1828752
5805,1709649899.2909606,1709649899.2909684
5806,1709649899.408764,1709649899.408772
5807,1709649899.486997,1709649899.4870062
5808,1709649899.591806,1709649899.5918152
5809,1709649899.6914082,1709649899.6914165
5810,1709649899.7934902,1709649899.7934997
5811,1709649899.8972843,1709649899.8972917
5812,1709649899.991606,1709649899.991614
5813,1709649900.087992,1709649900.0880008
5814,1709649900.1982372,1709649900.1982453
5815,1709649900.296645,1709649900.296652
5816,1709649900.3950186,1709649900.3950272
5817,1709649900.492981,1709649900.49299
5818,1709649900.5874007,1709649900.5874078
5819,1709649900.6881828,1709649900.6881897
5820,1709649900.7871761,1709649900.7871854
5821,1709649900.890346,1709649900.890354
5822,1709649900.9826875,1709649900.9826968
5823,1709649901.0914485,1709649901.091456
5824,1709649901.1934364,1709649901.1934435
5825,1709649901.284771,1709649901.2847786
5826,1709649901.384366,1709649901.3843763
5827,1709649901.492723,1709649901.4927328
5828,1709649901.584512,1709649901.5845196
5829,1709649901.6932316,1709649901.6932385
5830,1709649901.8012547,1709649901.801262
5831,1709649901.8961997,1709649901.896207
5832,1709649901.985241,1709649901.9852493
5833,1709649902.0863252,1709649902.086335
5834,1709649902.1933491,1709649902.1933563
5835,1709649902.2821524,1709649902.282161
5836,1709649902.3972468,1709649902.3972533
5837,1709649902.4825678,1709649902.4825757
5838,1709649902.604153,1709649902.6041613
5839,1709649902.6880987,1709649902.6881065
5840,1709649902.789595,1709649902.7896044
5841,1709649902.8857956,1709649902.885805
5842,1709649902.9884648,1709649902.9884734
5843,1709649903.0863829,1709649903.0863912
5844,1709649903.1862388,1709649903.1862473
5845,1709649903.2852423,1709649903.28525
5846,1709649903.3896477,1709649903.3896575
5847,1709649903.4904923,1709649903.4905007
5848,1709649903.58645,1709649903.5864575
5849,1709649903.694615,1709649903.6946218
5850,1709649903.8078752,1709649903.807883
5851,1709649903.885493,1709649903.8855004
5852,1709649903.9903815,1709649903.9903913
5853,1709649904.0831556,1709649904.083163
5854,1709649904.182824,1709649904.1828306
5855,1709649904.2877755,1709649904.2877834
5856,1709649904.3823788,1709649904.3823874
5857,1709649904.482406,1709649904.4824133
5858,1709649904.5940545,1709649904.594063
5859,1709649904.6868882,1709649904.6868956
5860,1709649904.787439,1709649904.7874467
5861,1709649904.8846226,1709649904.8846312
5862,1709649904.994324,1709649904.9943318
5863,1709649905.0845456,1709649905.0845535
5864,1709649905.186971,1709649905.1869788
5865,1709649905.2950797,1709649905.2950866
5866,1709649905.381097,1709649905.3811054
5867,1709649905.48337,1709649905.4833853
5868,1709649905.5926733,1709649905.592682
5869,1709649905.6927843,1709649905.6927922
5870,1709649905.7896292,1709649905.7896369
5871,1709649905.8872254,1709649905.8872337
5872,1709649905.9871984,1709649905.9872065
5873,1709649906.0861604,1709649906.0861673
5874,1709649906.1870387,1709649906.1870456
5875,1709649906.2848785,1709649906.2848856
5876,1709649906.3805833,1709649906.3805912
5877,1709649906.4843502,1709649906.4843578
5878,1709649906.5905526,1709649906.5905595
5879,1709649906.6877773,1709649906.687786
5880,1709649906.7889736,1709649906.7889793
5881,1709649906.891247,1709649906.8912556
5882,1709649906.980801,1709649906.9808078
5883,1709649907.094236,1709649907.094243
5884,1709649907.1818614,1709649907.1818721
5885,1709649907.2844708,1709649907.2844768
5886,1709649907.3992536,1709649907.3992612
5887,1709649907.4902673,1709649907.4902794
5888,1709649907.5945408,1709649907.5945504
5889,1709649907.6868956,1709649907.6869032
5890,1709649907.7840219,1709649907.784028
5891,1709649907.888337,1709649907.888345
5892,1709649907.9886127,1709649907.9886208
5893,1709649908.082472,1709649908.082481
5894,1709649908.1839094,1709649908.183916
5895,1709649908.2900033,1709649908.2900112
5896,1709649908.3951268,1709649908.3951342
5897,1709649908.496816,1709649908.496825
5898,1709649908.5852082,1709649908.5852158
5899,1709649908.6856012,1709649908.6856089
5900,1709649908.7798252,1709649908.779833
5901,1709649908.8902073,1709649908.8902152
5902,1709649908.982221,1709649908.9822292
5903,1709649909.0876453,1709649909.0876527
5904,1709649909.1930847,1709649909.1930928
5905,1709649909.291849,1709649909.2918582
5906,1709649909.3904765,1709649909.3904848
5907,1709649909.4922066,1709649909.4922144
5908,1709649909.5956528,1709649909.5956597
5909,1709649909.6959693,1709649909.6959794
5910,1709649909.7892272,1709649909.7892344
5911,1709649909.8873053,1709649909.8873134
5912,1709649909.9892457,1709649909.9892528
5913,1709649910.089509,1709649910.0895178
5914,1709649910.188724,1709649910.188732
5915,1709649910.2806897,1709649910.2806969
5916,1709649910.3977773,1709649910.3977845
5917,1709649910.486937,1709649910.4869688
5918,1709649910.5942943,1709649910.5943022
5919,1709649910.689662,1709649910.6896698
5920,1709649910.7835803,1709649910.7835913
5921,1709649910.888735,1709649910.8887415
5922,1709649910.9907513,1709649910.9907587
5923,1709649911.08786,1709649911.0878675
5924,1709649911.186495,1709649911.186503
5925,1709649911.2950494,1709649911.2950568
5926,1709649911.3862648,1709649911.3862743
5927,1709649911.4952576,1709649911.4952652
5928,1709649911.5890734,1709649911.589083
5929,1709649911.6858785,1709649911.6858866
5930,1709649911.7897792,1709649911.7897868
5931,1709649911.8815029,1709649911.8815105
5932,1709649911.9817002,1709649911.981707
5933,1709649912.0848284,1709649912.0848362
5934,1709649912.1857028,1709649912.1857097
5935,1709649912.2916825,1709649912.2916913
5936,1709649912.387527,1709649912.3875356
5937,1709649912.4868217,1709649912.4868283
5938,1709649912.5977812,1709649912.5977879
5939,1709649912.6913176,1709649912.6913247
5940,1709649912.7969983,1709649912.7970095
5941,1709649912.8964653,1709649912.8964758
5942,1709649912.9870038,1709649912.9870107
5943,1709649913.09129,1709649913.0912979
5944,1709649913.1957858,1709649913.1957955
5945,1709649913.2869482,1709649913.2869573
5946,1709649913.4016974,1709649913.4017067
5947,1709649913.4889443,1709649913.4889526
5948,1709649913.588422,1709649913.5884302
5949,1709649913.6898177,1709649913.6898246
5950,1709649913.8034267,1709649913.803435
5951,1709649913.882109,1709649913.882116
5952,1709649913.995809,1709649913.9958162
5953,1709649914.0885704,1709649914.0885782
5954,1709649914.1912005,1709649914.191209
5955,1709649914.3120687,1709649914.3120773
5956,1709649914.3847752,1709649914.3847828
5957,1709649914.4935648,1709649914.493572
5958,1709649914.5947406,1709649914.5947487
5959,1709649914.6832736,1709649914.683282
5960,1709649914.797717,1709649914.7977247
5961,1709649914.9036577,1709649914.9036672
5962,1709649914.9936466,1709649914.993655
5963,1709649915.0843117,1709649915.0843196
5964,1709649915.1849873,1709649915.1850767
5965,1709649915.2888932,1709649915.288901
5966,1709649915.3958762,1709649915.3958838
5967,1709649915.4932604,1709649915.4932687
5968,1709649915.5877812,1709649915.5877898
5969,1709649915.688173,1709649915.6881828
5970,1709649915.7888775,1709649915.7888875
5971,1709649915.8936255,1709649915.8936334
5972,1709649915.98346,1709649915.9834683
5973,1709649916.0806386,1709649916.080648
5974,1709649916.1802676,1709649916.1802752
5975,1709649916.2961836,1709649916.2961922
5976,1709649916.3979368,1709649916.3979456
5977,1709649916.4963346,1709649916.4963434
5978,1709649916.590904,1709649916.5909114
5979,1709649916.701418,1709649916.701426
5980,1709649916.7889073,1709649916.7889152
5981,1709649916.8867264,1709649916.8867342
5982,1709649916.9933882,1709649916.9933972
5983,1709649917.093295,1709649917.093304
5984,1709649917.1849449,1709649917.1849525
5985,1709649917.2865312,1709649917.2865405
5986,1709649917.3932033,1709649917.3932118
5987,1709649917.497935,1709649917.497943
5988,1709649917.5870397,1709649917.5870488
5989,1709649917.6832566,1709649917.6832652
5990,1709649917.797319,1709649917.797326
5991,1709649917.8872042,1709649917.887215
5992,1709649917.9903429,1709649917.990352
5993,1709649918.0912087,1709649918.0912185
5994,1709649918.187471,1709649918.187479
5995,1709649918.282399,1709649918.2824087
5996,1709649918.3926654,1709649918.3926735
5997,1709649918.4874947,1709649918.4875066
5998,1709649918.5919511,1709649918.5919585
5999,1709649918.6927848,1709649918.6927927
6000,1709649918.7840335,1709649918.7840412
6001,1709649918.8882735,1709649918.8882809
6002,1709649918.9904711,1709649918.9904788
6003,1709649919.0896106,1709649919.0896192
6004,1709649919.1817446,1709649919.1817532
6005,1709649919.2827504,1709649919.2827573
6006,1709649919.3864286,1709649919.386442
6007,1709649919.484433,1709649919.484444
6008,1709649919.5973592,1709649919.597368
6009,1709649919.6919732,1709649919.69198
6010,1709649919.7800455,1709649919.780053
6011,1709649919.8855019,1709649919.8855104
6012,1709649919.9916377,1709649919.9916453
6013,1709649920.0874548,1709649920.0874617
6014,1709649920.1836386,1709649920.1836467
6015,1709649920.280318,1709649920.280326
6016,1709649920.386246,1709649920.3910627
6017,1709649920.4796154,1709649920.4797058
6018,1709649920.5820282,1709649920.582129
6019,1709649920.6861935,1709649920.6862838
6020,1709649920.785052,1709649920.7851293
6021,1709649920.8929756,1709649920.8930867
6022,1709649920.9987755,1709649920.9988298
6023,1709649921.0896087,1709649921.0896666
6024,1709649921.1923041,1709649921.1923785
6025,1709649921.281045,1709649921.2811546
6026,1709649921.3858788,1709649921.3859234
6027,1709649921.4815633,1709649921.4816222
6028,1709649921.5804114,1709649921.5804684
6029,1709649921.689088,1709649921.6891735
6030,1709649921.7868905,1709649921.7869465
6031,1709649921.8880658,1709649921.8881526
6032,1709649921.9945889,1709649921.9946787
6033,1709649922.0843406,1709649922.0843964
6034,1709649922.1841662,1709649922.1842313
6035,1709649922.281168,1709649922.2812524
6036,1709649922.386928,1709649922.387018
6037,1709649922.48485,1709649922.4849362
6038,1709649922.5904756,1709649922.5905976
6039,1709649922.6969292,1709649922.6970952
6040,1709649922.7889466,1709649922.7889988
6041,1709649922.8812442,1709649922.881343
6042,1709649922.9859009,1709649922.9859574
6043,1709649923.0871012,1709649923.087157
6044,1709649923.188236,1709649923.1882875
6045,1709649923.2844958,1709649923.2845922
6046,1709649923.3893216,1709649923.3893678
6047,1709649923.4814327,1709649923.48149
6048,1709649923.5836222,1709649923.5837157
6049,1709649923.6868331,1709649923.686905
6050,1709649923.7959273,1709649923.796008
6051,1709649923.8845797,1709649923.8846333
6052,1709649923.9809842,1709649923.9810388
6053,1709649924.093451,1709649924.0939941
6054,1709649924.1823552,1709649924.182431
6055,1709649924.2875361,1709649924.2875917
6056,1709649924.3952007,1709649924.3952496
6057,1709649924.4987273,1709649924.4989328
6058,1709649924.605087,1709649924.6051395
6059,1709649924.7090294,1709649924.7091112
6060,1709649924.7994049,1709649924.799468
6061,1709649924.905086,1709649924.9051743
6062,1709649924.9944596,1709649924.9945526
6063,1709649925.1065917,1709649925.1066813
6064,1709649925.1902065,1709649925.1902633
6065,1709649925.307601,1709649925.307775
6066,1709649925.3895574,1709649925.389704
6067,1709649925.5031097,1709649925.503211
6068,1709649925.5928717,1709649925.5929756
6069,1709649925.6898048,1709649925.6899164
6070,1709649925.7883422,1709649925.7884638
6071,1709649925.8866034,1709649925.8867025
6072,1709649925.9814663,1709649925.9815671
6073,1709649926.0951738,1709649926.095271
6074,1709649926.1872754,1709649926.1873288
6075,1709649926.2861185,1709649926.28617
6076,1709649926.3882837,1709649926.3883486
6077,1709649926.4868424,1709649926.4869058
6078,1709649926.583157,1709649926.583216
6079,1709649926.6897764,1709649926.6898417
6080,1709649926.7881737,1709649926.788245
6081,1709649926.8881192,1709649926.8881855
6082,1709649926.98341,1709649926.9835026
6083,1709649927.0848649,1709649927.08495
6084,1709649927.19323,1709649927.1932833
6085,1709649927.2828257,1709649927.282879
6086,1709649927.3879285,1709649927.3880353
6087,1709649927.485761,1709649927.4858189
6088,1709649927.5827398,1709649927.5827942
6089,1709649927.689657,1709649927.689749
6090,1709649927.780846,1709649927.7809646
6091,1709649927.8919165,1709649927.8919752
6092,1709649927.984653,1709649927.9847255
6093,1709649928.0914705,1709649928.091533
6094,1709649928.1963298,1709649928.196387
6095,1709649928.2837694,1709649928.2838566
6096,1709649928.3826685,1709649928.3827271
6097,1709649928.4874234,1709649928.487519
6098,1709649928.5904484,1709649928.5905013
6099,1709649928.6919274,1709649928.6919851
6100,1709649928.784802,1709649928.7848897
6101,1709649928.882767,1709649928.88282
6102,1709649928.987167,1709649928.987263
6103,1709649929.0860777,1709649929.0861363
6104,1709649929.1834166,1709649929.1834643
6105,1709649929.2956882,1709649929.2957547
6106,1709649929.382744,1709649929.3828008
6107,1709649929.4922538,1709649929.4923172
6108,1709649929.586563,1709649929.5866578
6109,1709649929.6801412,1709649929.6802003
6110,1709649929.7917864,1709649929.7918696
6111,1709649929.8917205,1709649929.8918297
6112,1709649929.9901185,1709649929.9901776
6113,1709649930.09056,1709649930.0906148
6114,1709649930.1907024,1709649930.190755
6115,1709649930.2819638,1709649930.2820232
6116,1709649930.3843749,1709649930.384991
6117,1709649930.4888186,1709649930.4889114
6118,1709649930.582005,1709649930.5820668
6119,1709649930.6827352,1709649930.6827965
6120,1709649930.7859085,1709649930.7860425
6121,1709649930.879806,1709649930.8798666
6122,1709649930.9821799,1709649930.9822395
6123,1709649931.0941849,1709649931.0942526
6124,1709649931.1823626,1709649931.1824374
6125,1709649931.2851005,1709649931.2851562
6126,1709649931.3887782,1709649931.3888736
6127,1709649931.4899192,1709649931.490022
6128,1709649931.585011,1709649931.58516
6129,1709649931.6855266,1709649931.6856482
6130,1709649931.787766,1709649931.787873
6131,1709649931.8899486,1709649931.8900874
6132,1709649931.994939,1709649931.9950402
6133,1709649932.0896351,1709649932.0897262
6134,1709649932.1846147,1709649932.1847177
6135,1709649932.284902,1709649932.2849958
6136,1709649932.38429,1709649932.3844194
6137,1709649932.4868345,1709649932.4869292
6138,1709649932.581284,1709649932.5813503
6139,1709649932.6794288,1709649932.6794894
6140,1709649932.783401,1709649932.7834527
6141,1709649932.8883991,1709649932.8884625
6142,1709649932.987526,1709649932.9876304
6143,1709649933.0869212,1709649933.087022
6144,1709649933.2016537,1709649933.2017124
6145,1709649933.2896945,1709649933.2897563
6146,1709649933.3956368,1709649933.3956876
6147,1709649933.4888732,1709649933.4889169
6148,1709649933.587476,1709649933.5875423
6149,1709649933.6863043,1709649933.68637
6150,1709649933.790075,1709649933.7902408
6151,1709649933.891593,1709649933.891698
6152,1709649933.989364,1709649933.9894385
6153,1709649934.086031,1709649934.0860927
6154,1709649934.1871169,1709649934.1872745
6155,1709649934.2992854,1709649934.2993836
6156,1709649934.3877397,1709649934.38785
6157,1709649934.487303,1709649934.4873974
6158,1709649934.6065621,1709649934.6068437
6159,1709649934.6855655,1709649934.6856594
6160,1709649934.7896457,1709649934.7897265
6161,1709649934.8830154,1709649934.8830705
6162,1709649934.981024,1709649934.9810753
6163,1709649935.081911,1709649935.0819817
6164,1709649935.1913476,1709649935.1914089
6165,1709649935.2897472,1709649935.2898242
6166,1709649935.3922393,1709649935.39231
6167,1709649935.4892547,1709649935.4893138
6168,1709649935.5888433,1709649935.5889032
6169,1709649935.6873114,1709649935.687371
6170,1709649935.7971978,1709649935.7972565
6171,1709649935.8871984,1709649935.8872519
6172,1709649935.9882946,1709649935.9883525
6173,1709649936.085833,1709649936.085889
6174,1709649936.184958,1709649936.1850202
6175,1709649936.2829807,1709649936.2830372
6176,1709649936.3971028,1709649936.397168
6177,1709649936.4898186,1709649936.4898999
6178,1709649936.5910313,1709649936.5911293
6179,1709649936.6843703,1709649936.6844628
6180,1709649936.7896948,1709649936.7907586
6181,1709649936.8847396,1709649936.884845
6182,1709649936.983296,1709649936.98341
6183,1709649937.0795505,1709649937.079647
6184,1709649937.1854057,1709649937.1854641
6185,1709649937.284614,1709649937.2846727
6186,1709649937.3864043,1709649937.3864594
6187,1709649937.491054,1709649937.4911427
6188,1709649937.5886078,1709649937.5886612
6189,1709649937.6828554,1709649937.6829116
6190,1709649937.7856972,1709649937.7857497
6191,1709649937.890401,1709649937.890457
6192,1709649937.995401,1709649937.9954588
6193,1709649938.0829284,1709649938.0829954
6194,1709649938.184835,1709649938.1849148
6195,1709649938.2808094,1709649938.280916
6196,1709649938.3821425,1709649938.3822205
6197,1709649938.4851065,1709649938.4851656
6198,1709649938.5908847,1709649938.5909448
6199,1709649938.6848862,1709649938.6851509
6200,1709649938.7864878,1709649938.7865827
6201,1709649938.8817146,1709649938.8818164
6202,1709649938.9832034,1709649938.9832606
6203,1709649939.0833158,1709649939.0833676
6204,1709649939.1866608,1709649939.1867602
6205,1709649939.2876277,1709649939.287688
6206,1709649939.3807445,1709649939.3808317
6207,1709649939.4856532,1709649939.4857397
6208,1709649939.5896816,1709649939.5897675
6209,1709649939.683369,1709649939.6834514
6210,1709649939.784978,1709649939.78506
6211,1709649939.8826182,1709649939.882674
6212,1709649939.9893224,1709649939.9893744
6213,1709649940.0823011,1709649940.0823748
6214,1709649940.1884582,1709649940.188558
6215,1709649940.2861464,1709649940.2862453
6216,1709649940.3859034,1709649940.386007
6217,1709649940.4959798,1709649940.496048
6218,1709649940.5855281,1709649940.585619
6219,1709649940.6903682,1709649940.691464
6220,1709649940.7854302,1709649940.785491
6221,1709649940.8816772,1709649940.88177
6222,1709649940.9836,1709649940.9837255
6223,1709649941.0824604,1709649941.082568
6224,1709649941.1860566,1709649941.1861506
6225,1709649941.2912772,1709649941.29138
6226,1709649941.3877387,1709649941.3878338
6227,1709649941.485469,1709649941.48557
6228,1709649941.5916774,1709649941.5917764
6229,1709649941.6824048,1709649941.6824932
6230,1709649941.7812054,1709649941.7812645
6231,1709649941.8822365,1709649941.8822951
6232,1709649941.9858603,1709649941.9859185
6233,1709649942.0803075,1709649942.0803838
6234,1709649942.1895294,1709649942.189586
6235,1709649942.289051,1709649942.2891622
6236,1709649942.3841352,1709649942.3841913
6237,1709649942.4804373,1709649942.4805808
6238,1709649942.5876045,1709649942.5893555
6239,1709649942.681465,1709649942.6822605
6240,1709649942.787949,1709649942.7880116
6241,1709649942.8792543,1709649942.8792908
6242,1709649942.990582,1709649942.9906366
6243,1709649943.0834384,1709649943.0834916
6244,1709649943.1808202,1709649943.1808758
6245,1709649943.2854578,1709649943.2855494
6246,1709649943.3921943,1709649943.3922577
6247,1709649943.4845717,1709649943.4846244
6248,1709649943.5899158,1709649943.5899239
6249,1709649943.6931925,1709649943.6932006
6250,1709649943.7836258,1709649943.783634
6251,1709649943.885258,1709649943.8852673
6252,1709649943.9808295,1709649943.9808378
6253,1709649944.0850372,1709649944.0850477
6254,1709649944.181695,1709649944.181703
6255,1709649944.2884421,1709649944.2884507
6256,1709649944.385895,1709649944.3859038
6257,1709649944.485623,1709649944.4856317
6258,1709649944.5947666,1709649944.594775
6259,1709649944.6916523,1709649944.6916616
6260,1709649944.788177,1709649944.7881846
6261,1709649944.8876483,1709649944.887657
6262,1709649944.9976366,1709649944.9976518
6263,1709649945.0844986,1709649945.0845075
6264,1709649945.1867576,1709649945.1867702
6265,1709649945.2882771,1709649945.288288
6266,1709649945.384101,1709649945.3841093
6267,1709649945.4834254,1709649945.4834342
6268,1709649945.5972416,1709649945.60153
6269,1709649945.6843028,1709649945.6952612
6270,1709649945.7878373,1709649945.7933352
6271,1709649945.881264,1709649945.8875067
6272,1709649945.988428,1709649945.9927962
6273,1709649946.0831473,1709649946.0886214
6274,1709649946.188326,1709649946.1927335
6275,1709649946.283059,1709649946.2919981
6276,1709649946.383279,1709649946.387505
6277,1709649946.4826367,1709649946.487678
6278,1709649946.587779,1709649946.591446
6279,1709649946.6944025,1709649946.7094734
6280,1709649946.810687,1709649946.8159583
6281,1709649946.8904245,1709649946.8948648
6282,1709649946.9811714,1709649946.9968798
6283,1709649947.091057,1709649947.0954833
6284,1709649947.1966312,1709649947.200686
6285,1709649947.2866669,1709649947.3006058
6286,1709649947.3869455,1709649947.390768
6287,1709649947.4827995,1709649947.490329
6288,1709649947.589815,1709649947.5941103
6289,1709649947.6892939,1709649947.6946173
6290,1709649947.7949722,1709649947.798861
6291,1709649947.8872898,1709649947.89568
6292,1709649947.9911935,1709649947.9952304
6293,1709649948.1035984,1709649948.1177316
6294,1709649948.189492,1709649948.1935406
6295,1709649948.2856476,1709649948.2904925
6296,1709649948.391962,1709649948.3957927
6297,1709649948.4875958,1709649948.493823
6298,1709649948.5946555,1709649948.6104434
6299,1709649948.6819,1709649948.6859775
6300,1709649948.7918627,1709649948.7963214
6301,1709649948.8864403,1709649948.8903458
6302,1709649948.9890952,1709649948.9937267
6303,1709649949.0870934,1709649949.0910425
6304,1709649949.1841848,1709649949.188561
6305,1709649949.2909737,1709649949.2955244
6306,1709649949.385658,1709649949.3891265
6307,1709649949.491185,1709649949.4962034
6308,1709649949.5858133,1709649949.590586
6309,1709649949.6896906,1709649949.6941204
6310,1709649949.7858117,1709649949.790273
6311,1709649949.8877766,1709649949.8942318
6312,1709649949.9854193,1709649949.9902472
6313,1709649950.0817127,1709649950.0859654
6314,1709649950.1878698,1709649950.1922204
6315,1709649950.2851746,1709649950.2890387
6316,1709649950.3876326,1709649950.3915691
6317,1709649950.486328,1709649950.4902093
6318,1709649950.5859094,1709649950.5893996
6319,1709649950.6960845,1709649950.7036157
6320,1709649950.7878563,1709649950.7922726
6321,1709649950.8827317,1709649950.8873236
6322,1709649950.9859757,1709649950.989744
6323,1709649951.1099286,1709649951.1184793
6324,1709649951.2178006,1709649951.2339168
6325,1709649951.2826107,1709649951.2876182
6326,1709649951.4008138,1709649951.404917
6327,1709649951.481425,1709649951.4848452
6328,1709649951.5918343,1709649951.595828
6329,1709649951.686549,1709649951.690979
6330,1709649951.7829967,1709649951.7877479
6331,1709649951.8885753,1709649951.8945706
6332,1709649951.9916325,1709649951.9995213
6333,1709649952.0847785,1709649952.08957
6334,1709649952.190297,1709649952.1944716
6335,1709649952.2860599,1709649952.290137
6336,1709649952.3852322,1709649952.3896487
6337,1709649952.4900217,1709649952.4939258
6338,1709649952.5847425,1709649952.5887167
6339,1709649952.685447,1709649952.6912444
6340,1709649952.7814403,1709649952.7856145
6341,1709649952.8876288,1709649952.8902347
6342,1709649952.98788,1709649952.9923835
6343,1709649953.0994718,1709649953.1129193
6344,1709649953.1929429,1709649953.197508
6345,1709649953.2845955,1709649953.2889786
6346,1709649953.3837903,1709649953.3878198
6347,1709649953.4918022,1709649953.4972963
6348,1709649953.592822,1709649953.5972738
6349,1709649953.698135,1709649953.7032213
6350,1709649953.7792652,1709649953.7868602
6351,1709649953.8876307,1709649953.8917878
6352,1709649953.9875436,1709649953.9920757
6353,1709649954.088059,1709649954.0930655
6354,1709649954.1904857,1709649954.194816
6355,1709649954.2849054,1709649954.288968
6356,1709649954.3820007,1709649954.3870094
6357,1709649954.4877734,1709649954.4917195
6358,1709649954.6086085,1709649954.6146977
6359,1709649954.7073848,1709649954.711839
6360,1709649954.791722,1709649954.8049192
6361,1709649954.8848934,1709649954.888307
6362,1709649954.9874897,1709649954.9917688
6363,1709649955.0830917,1709649955.087053
6364,1709649955.184275,1709649955.1882641
6365,1709649955.2867575,1709649955.2901816
6366,1709649955.3941698,1709649955.3988385
6367,1709649955.4809122,1709649955.4885488
6368,1709649955.5843236,1709649955.5885613
6369,1709649955.6794436,1709649955.6834652
6370,1709649955.781982,1709649955.7861614
6371,1709649955.8809736,1709649955.8858638
6372,1709649955.989747,1709649956.0004826
6373,1709649956.0848165,1709649956.0979168
6374,1709649956.1975281,1709649956.2054017
6375,1709649956.2919173,1709649956.2982316
6376,1709649956.390809,1709649956.3967247
6377,1709649956.4978416,1709649956.5062392
6378,1709649956.5969393,1709649956.6010673
6379,1709649956.6848812,1709649956.6904283
6380,1709649956.7841423,1709649956.7905266
6381,1709649956.8934777,1709649956.900373
6382,1709649956.9843335,1709649956.9907503
6383,1709649957.1001205,1709649957.10463
6384,1709649957.1865575,1709649957.1932747
6385,1709649957.293704,1709649957.2991254
6386,1709649957.3821712,1709649957.3882284
6387,1709649957.486287,1709649957.4903083
6388,1709649957.5921037,1709649957.5973902
6389,1709649957.6883042,1709649957.6923878
6390,1709649957.7862337,1709649957.7967322
6391,1709649957.8834667,1709649957.8880935
6392,1709649957.9863837,1709649957.9906087
6393,1709649958.0935853,1709649958.0977683
6394,1709649958.1896396,1709649958.1939554
6395,1709649958.2812934,1709649958.2856424
6396,1709649958.3893867,1709649958.40053
6397,1709649958.5050867,1709649958.5090969
6398,1709649958.5834925,1709649958.5959625
6399,1709649958.6874435,1709649958.6924465
6400,1709649958.7852647,1709649958.7922463
6401,1709649958.8931332,1709649958.8971558
6402,1709649958.9868493,1709649959.0013924
6403,1709649959.0857086,1709649959.0899005
6404,1709649959.1957576,1709649959.1995077
6405,1709649959.289296,1709649959.2940106
6406,1709649959.397409,1709649959.4013608
6407,1709649959.493315,1709649959.4970233
6408,1709649959.5845382,1709649959.5892856
6409,1709649959.690305,1709649959.6953464
6410,1709649959.796616,1709649959.8009675
6411,1709649959.886594,1709649959.8937316
6412,1709649959.9807003,1709649959.9848497
6413,1709649960.0846488,1709649960.0923662
6414,1709649960.1942408,1709649960.1981363
6415,1709649960.2895143,1709649960.2996962
6416,1709649960.4011445,1709649960.4058485
6417,1709649960.4809785,1709649960.485993
6418,1709649960.5952325,1709649960.6008482
6419,1709649960.6924267,1709649960.696892
6420,1709649960.7924688,1709649960.7984724
6421,1709649960.8928983,1709649960.8968353
6422,1709649961.0035708,1709649961.0079055
6423,1709649961.0906622,1709649961.0961347
6424,1709649961.1943305,1709649961.1990829
6425,1709649961.283528,1709649961.289707
6426,1709649961.395648,1709649961.407538
6427,1709649961.493667,1709649961.4980404
6428,1709649961.5836642,1709649961.5972269
6429,1709649961.6800377,1709649961.687346
6430,1709649961.7837994,1709649961.7880545
6431,1709649961.893544,1709649961.9031856
6432,1709649962.017889,1709649962.023264
6433,1709649962.091282,1709649962.1075745
6434,1709649962.2033615,1709649962.207689
6435,1709649962.2985728,1709649962.303784
6436,1709649962.3908389,1709649962.395094
6437,1709649962.4874372,1709649962.4965398
6438,1709649962.5922062,1709649962.5962596
6439,1709649962.688469,1709649962.6923106
6440,1709649962.786083,1709649962.792314
6441,1709649962.893919,1709649962.904012
6442,1709649962.990669,1709649963.0025897
6443,1709649963.0871284,1709649963.0984225
6444,1709649963.1890407,1709649963.203246
6445,1709649963.2806156,1709649963.2848587
6446,1709649963.3830533,1709649963.3890204
6447,1709649963.4876099,1709649963.4919012
6448,1709649963.595995,1709649963.6009328
6449,1709649963.6862943,1709649963.691177
6450,1709649963.78614,1709649963.795176
6451,1709649963.8812053,1709649963.8863714
6452,1709649963.9810557,1709649963.985498
6453,1709649964.0869098,1709649964.0918925
6454,1709649964.1980317,1709649964.2047799
6455,1709649964.2849376,1709649964.289114
6456,1709649964.3923707,1709649964.3973465
6457,1709649964.5063884,1709649964.5116966
6458,1709649964.5928633,1709649964.597366
6459,1709649964.693616,1709649964.7031722
6460,1709649964.7819302,1709649964.787894
6461,1709649964.8920212,1709649964.9002995
6462,1709649964.9859614,1709649964.9905019
6463,1709649965.0917232,1709649965.0962958
6464,1709649965.1819088,1709649965.187388
6465,1709649965.2810571,1709649965.2854092
6466,1709649965.394011,1709649965.3993473
6467,1709649965.4895906,1709649965.4956632
6468,1709649965.5895987,1709649965.5941231
6469,1709649965.6885264,1709649965.7018967
6470,1709649965.7920032,1709649965.7966678
6471,1709649965.8855805,1709649965.8921542
6472,1709649965.9857972,1709649965.993185
6473,1709649966.0905726,1709649966.1002705
6474,1709649966.1835072,1709649966.188939
6475,1709649966.2918577,1709649966.2959034
6476,1709649966.388005,1709649966.3928785
6477,1709649966.4871888,1709649966.4917054
6478,1709649966.5931966,1709649966.6027796
6479,1709649966.6829555,1709649966.6876683
6480,1709649966.787709,1709649966.7919502
6481,1709649966.8900096,1709649966.8940153
6482,1709649966.9839218,1709649966.991891
6483,1709649967.0863714,1709649967.0932832
6484,1709649967.1883755,1709649967.1932528
6485,1709649967.307702,1709649967.3116233
6486,1709649967.4049656,1709649967.422165
6487,1709649967.5064054,1709649967.5116992
6488,1709649967.5881724,1709649967.5924246
6489,1709649967.688547,1709649967.6932077
6490,1709649967.781342,1709649967.7871308
6491,1709649967.886361,1709649967.8942637
6492,1709649967.992257,1709649967.996716
6493,1709649968.1043205,1709649968.1087825
6494,1709649968.2022793,1709649968.207301
6495,1709649968.298572,1709649968.3029559
6496,1709649968.3842235,1709649968.3910089
6497,1709649968.4862218,1709649968.4987726
6498,1709649968.6133437,1709649968.6190553
6499,1709649968.7284038,1709649968.7284129
6500,1709649968.800773,1709649968.8007803
6501,1709649968.9067807,1709649968.906788
6502,1709649968.9925623,1709649968.9925685
6503,1709649969.093263,1709649969.0932705
6504,1709649969.1881325,1709649969.1881394
6505,1709649969.2959442,1709649969.2959516
6506,1709649969.3919325,1709649969.3919384
6507,1709649969.4890797,1709649969.489089
6508,1709649969.584468,1709649969.5844748
6509,1709649969.7033787,1709649969.7033865
6510,1709649969.7867012,1709649969.786709
6511,1709649969.8947914,1709649969.8947988
6512,1709649969.9839742,1709649969.9839826
6513,1709649970.1025426,1709649970.1025522
6514,1709649970.1973343,1709649970.1973422
6515,1709649970.3175673,1709649970.3175752
6516,1709649970.3973272,1709649970.397335
6517,1709649970.4880896,1709649970.488097
6518,1709649970.6022968,1709649970.6023045
6519,1709649970.6944146,1709649970.6944244
6520,1709649970.7975934,1709649970.7976038
6521,1709649970.9064965,1709649970.906504
6522,1709649971.0065792,1709649971.0065882
6523,1709649971.1195004,1709649971.1195083
6524,1709649971.1984792,1709649971.198487
6525,1709649971.294998,1709649971.2950072
6526,1709649971.391398,1709649971.3914077
6527,1709649971.4915435,1709649971.4915547
6528,1709649971.588166,1709649971.5881758
6529,1709649971.700777,1709649971.7007847
6530,1709649971.7909462,1709649971.7909532
6531,1709649971.8855584,1709649971.8855655
6532,1709649971.9816325,1709649971.9816494
6533,1709649972.0871017,1709649972.0871115
6534,1709649972.194444,1709649972.1944494
6535,1709649972.2836874,1709649972.283696
6536,1709649972.3884904,1709649972.3884985
6537,1709649972.4955812,1709649972.4955866
6538,1709649972.607201,1709649972.60721
6539,1709649972.6883903,1709649972.6883974
6540,1709649972.7814062,1709649972.7814145
6541,1709649972.8837502,1709649972.883758
6542,1709649972.9886332,1709649972.9886405
6543,1709649973.0913465,1709649973.0913553
6544,1709649973.1909456,1709649973.1909537
6545,1709649973.2911158,1709649973.2911239
6546,1709649973.3924875,1709649973.392498
6547,1709649973.5005643,1709649973.5005724
6548,1709649973.5821254,1709649973.5821335
6549,1709649973.6894534,1709649973.6894608
6550,1709649973.7912407,1709649973.7912478
6551,1709649973.9385428,1709649973.93855
6552,1709649973.9886668,1709649973.9886734
6553,1709649974.0831578,1709649974.08317
6554,1709649974.1906729,1709649974.1906805
6555,1709649974.2839394,1709649974.2839499
6556,1709649974.384065,1709649974.3840735
6557,1709649974.4856863,1709649974.485693
6558,1709649974.5932312,1709649974.5932395
6559,1709649974.6807656,1709649974.6807737
6560,1709649974.791805,1709649974.7918103
6561,1709649974.898496,1709649974.8985035
6562,1709649974.985632,1709649974.9856408
6563,1709649975.0935102,1709649975.0935194
6564,1709649975.191792,1709649975.1917994
6565,1709649975.2868087,1709649975.286816
6566,1709649975.382275,1709649975.382282
6567,1709649975.4988322,1709649975.4988394
6568,1709649975.5933633,1709649975.5933712
6569,1709649975.690814,1709649975.6908224
6570,1709649975.7905424,1709649975.7905502
6571,1709649975.889118,1709649975.8891253
6572,1709649975.9938698,1709649975.9938774
6573,1709649976.0821505,1709649976.0821579
6574,1709649976.1936622,1709649976.19367
6575,1709649976.2864456,1709649976.2864544
6576,1709649976.3938074,1709649976.3938148
6577,1709649976.4845936,1709649976.484601
6578,1709649976.5855823,1709649976.5855906
6579,1709649976.6847012,1709649976.6847086
6580,1709649976.7829957,1709649976.7830052
6581,1709649976.88954,1709649976.8895483
6582,1709649976.9903762,1709649976.990383
6583,1709649977.090779,1709649977.0907876
6584,1709649977.1863947,1709649977.1864028
6585,1709649977.2967267,1709649977.2967339
6586,1709649977.3942425,1709649977.3942494
6587,1709649977.4820657,1709649977.4820728
6588,1709649977.5970926,1709649977.5971007
6589,1709649977.6971147,1709649977.6971214
6590,1709649977.7853634,1709649977.785371
6591,1709649977.8834858,1709649977.8834937
6592,1709649977.9906156,1709649977.9906244
6593,1709649978.088886,1709649978.088893
6594,1709649978.1940792,1709649978.1940877
6595,1709649978.2891345,1709649978.289141
6596,1709649978.392231,1709649978.3922386
6597,1709649978.4840572,1709649978.4840646
6598,1709649978.589629,1709649978.5896356
6599,1709649978.6852932,1709649978.6853025
6600,1709649978.7862122,1709649978.7862203
6601,1709649978.8926458,1709649978.8926547
6602,1709649978.9877226,1709649978.987731
6603,1709649979.082283,1709649979.0822906
6604,1709649979.1896994,1709649979.1897078
6605,1709649979.284149,1709649979.2841556
6606,1709649979.3894765,1709649979.3894832
6607,1709649979.4930272,1709649979.4930363
6608,1709649979.5906699,1709649979.5906765
6609,1709649979.6899967,1709649979.6900053
6610,1709649979.7921712,1709649979.7921798
6611,1709649979.9029303,1709649979.9029396
6612,1709649979.9969811,1709649979.9969897
6613,1709649980.096545,1709649980.0965526
6614,1709649980.1880822,1709649980.18809
6615,1709649980.2999086,1709649980.2999163
6616,1709649980.3887546,1709649980.3887634
6617,1709649980.4886513,1709649980.4886603
6618,1709649980.5911543,1709649980.5911615
6619,1709649980.6910534,1709649980.6910615
6620,1709649980.802322,1709649980.8023536
6621,1709649980.896829,1709649980.8968368
6622,1709649980.987983,1709649980.9879904
6623,1709649981.0870373,1709649981.0870454
6624,1709649981.2026129,1709649981.2026217
6625,1709649981.2995074,1709649981.2995157
6626,1709649981.3982625,1709649981.3982692
6627,1709649981.4929361,1709649981.4929454
6628,1709649981.5997198,1709649981.5997298
6629,1709649981.6841705,1709649981.6841793
6630,1709649981.8010097,1709649981.8010166
6631,1709649981.8912525,1709649981.891259
6632,1709649981.9866529,1709649981.9866607
6633,1709649982.092907,1709649982.0929146
6634,1709649982.1831207,1709649982.183128
6635,1709649982.2947128,1709649982.2947237
6636,1709649982.4191532,1709649982.4191623
6637,1709649982.5075812,1709649982.5075898
6638,1709649982.5880554,1709649982.588063
6639,1709649982.6918778,1709649982.691887
6640,1709649982.7895536,1709649982.7895608
6641,1709649982.8896425,1709649982.8896499
6642,1709649982.9921215,1709649982.9921272
6643,1709649983.0970583,1709649983.0970645
6644,1709649983.186157,1709649983.1861634
6645,1709649983.2901173,1709649983.2901251
6646,1709649983.3831606,1709649983.383168
6647,1709649983.4828207,1709649983.4828289
6648,1709649983.5848923,1709649983.5849
6649,1709649983.6813362,1709649983.6813447
6650,1709649983.7876377,1709649983.7876444
6651,1709649983.886033,1709649983.8860395
6652,1709649983.984388,1709649983.984395
6653,1709649984.0886014,1709649984.0886085
6654,1709649984.1833384,1709649984.1833472
6655,1709649984.2903895,1709649984.2903974
6656,1709649984.3870645,1709649984.3870728
6657,1709649984.4897032,1709649984.4897096
6658,1709649984.587166,1709649984.587174
6659,1709649984.6978533,1709649984.6978612
6660,1709649984.789002,1709649984.7890093
6661,1709649984.8889792,1709649984.8889868
6662,1709649984.9892585,1709649984.9892657
6663,1709649985.0986063,1709649985.0986133
6664,1709649985.184587,1709649985.1845942
6665,1709649985.3007424,1709649985.3007512
6666,1709649985.387288,1709649985.387296
6667,1709649985.4874985,1709649985.4875069
6668,1709649985.5985749,1709649985.598583
6669,1709649985.6868875,1709649985.6868942
6670,1709649985.787161,1709649985.787171
6671,1709649985.8858306,1709649985.8858395
6672,1709649985.9855533,1709649985.9855607
6673,1709649986.0890436,1709649986.0890517
6674,1709649986.2021646,1709649986.202171
6675,1709649986.2954552,1709649986.2954655
6676,1709649986.3903673,1709649986.3903747
6677,1709649986.49626,1709649986.4962683
6678,1709649986.606703,1709649986.6067104
6679,1709649986.6941922,1709649986.6942
6680,1709649986.793369,1709649986.7933772
6681,1709649986.8822405,1709649986.8822484
6682,1709649986.9965236,1709649986.9965322
6683,1709649987.0892565,1709649987.0892725
6684,1709649987.189443,1709649987.1894507
6685,1709649987.2933068,1709649987.293317
6686,1709649987.3846374,1709649987.3846462
6687,1709649987.4869998,1709649987.4870083
6688,1709649987.5902922,1709649987.5902996
6689,1709649987.6928082,1709649987.6928174
6690,1709649987.7807152,1709649987.7807229
6691,1709649987.8866572,1709649987.8866665
6692,1709649987.9894059,1709649987.9894137
6693,1709649988.0860393,1709649988.0860467
6694,1709649988.1840355,1709649988.1840405
6695,1709649988.2882664,1709649988.2882733
6696,1709649988.3875153,1709649988.3875208
6697,1709649988.490329,1709649988.4903357
6698,1709649988.5863354,1709649988.5863419
6699,1709649988.699718,1709649988.6997266
6700,1709649988.7843537,1709649988.7843585
6701,1709649988.8929744,1709649988.892985
6702,1709649988.990124,1709649988.9901307
6703,1709649989.0964117,1709649989.096422
6704,1709649989.181881,1709649989.1818895
6705,1709649989.2874544,1709649989.287461
6706,1709649989.3932877,1709649989.3932967
6707,1709649989.4898908,1709649989.4898992
6708,1709649989.5891178,1709649989.5891254
6709,1709649989.693811,1709649989.6938198
6710,1709649989.7802198,1709649989.7802274
6711,1709649989.8852057,1709649989.8852134
6712,1709649989.9820726,1709649989.9820821
6713,1709649990.0829499,1709649990.0829568
6714,1709649990.1949706,1709649990.1949816
6715,1709649990.2927277,1709649990.2927349
6716,1709649990.384266,1709649990.384273
6717,1709649990.484015,1709649990.4840205
6718,1709649990.606843,1709649990.6068523
6719,1709649990.6853259,1709649990.685335
6720,1709649990.7885504,1709649990.788557
6721,1709649990.8864994,1709649990.886505
6722,1709649990.9862676,1709649990.9862792
6723,1709649991.0843081,1709649991.0843163
6724,1709649991.1835568,1709649991.1835632
6725,1709649991.286542,1709649991.2865503
6726,1709649991.380415,1709649991.3804276
6727,1709649991.4867272,1709649991.4867353
6728,1709649991.5899937,1709649991.5900004
6729,1709649991.6816766,1709649991.6816847
6730,1709649991.7943742,1709649991.794381
6731,1709649991.887986,1709649991.8879907
6732,1709649991.9980578,1709649991.9980652
6733,1709649992.086638,1709649992.086643
6734,1709649992.1891532,1709649992.1891603
6735,1709649992.2883232,1709649992.2883306
6736,1709649992.3858645,1709649992.3858695
6737,1709649992.4875727,1709649992.4875798
6738,1709649992.5983124,1709649992.5983202
6739,1709649992.686797,1709649992.6868038
6740,1709649992.7980797,1709649992.7980874
6741,1709649992.8951752,1709649992.8951852
6742,1709649992.996586,1709649992.996594
6743,1709649993.0866096,1709649993.08662
6744,1709649993.1896806,1709649993.1896887
6745,1709649993.2846487,1709649993.2846563
6746,1709649993.3833752,1709649993.3833838
6747,1709649993.4878023,1709649993.4878116
6748,1709649993.5930817,1709649993.593088
6749,1709649993.687216,1709649993.6872258
6750,1709649994.1897464,1709649994.1897583
6751,1709649994.1985588,1709649994.198566
6752,1709649994.298455,1709649994.2984633
6753,1709649994.3925862,1709649994.3925939
6754,1709649994.4890094,1709649994.4890192
6755,1709649994.5950046,1709649994.595013
6756,1709649994.6817179,1709649994.6817262
6757,1709649994.7903078,1709649994.7903173
6758,1709649994.8892624,1709649994.8892703
6759,1709649994.9891932,1709649994.989198
6760,1709649995.1007206,1709649995.1007266
6761,1709649995.1913452,1709649995.1913528
6762,1709649995.286469,1709649995.2864754
6763,1709649995.3832576,1709649995.383265
6764,1709649995.4803884,1709649995.4803948
6765,1709649995.5833833,1709649995.583391
6766,1709649995.7374597,1709649995.7374682
6767,1709649995.7929635,1709649995.7929718
6768,1709649995.8883133,1709649995.8883195
6769,1709649995.9892488,1709649995.9892564
6770,1709649996.0800571,1709649996.0800648
6771,1709649996.1880918,1709649996.1880999
6772,1709649996.281827,1709649996.2818363
6773,1709649996.4378319,1709649996.4378412
6774,1709649996.4988663,1709649996.4988742
6775,1709649996.5823088,1709649996.582317
6776,1709649996.690364,1709649996.690371
6777,1709649996.788728,1709649996.788775
6778,1709649996.8872933,1709649996.8873003
6779,1709649997.0000386,1709649997.0000463
6780,1709649997.1178417,1709649997.1178484
6781,1709649997.1875203,1709649997.1875272
6782,1709649997.28488,1709649997.284888
6783,1709649997.3974547,1709649997.397464
6784,1709649997.4882257,1709649997.488232
6785,1709649997.5961423,1709649997.5961516
6786,1709649997.6981323,1709649997.6981418
6787,1709649997.7884977,1709649997.7885087
6788,1709649997.8906527,1709649997.8906608
6789,1709649997.990156,1709649997.990162
6790,1709649998.087009,1709649998.087018
6791,1709649998.1865246,1709649998.1865318
6792,1709649998.2840176,1709649998.284026
6793,1709649998.3916154,1709649998.3916223
6794,1709649998.4833167,1709649998.4833262
6795,1709649998.588118,1709649998.5881248
6796,1709649998.680772,1709649998.6807797
6797,1709649998.7853212,1709649998.7853293
6798,1709649998.884931,1709649998.8849394
6799,1709649998.9929645,1709649998.9929724
6800,1709649999.0870404,1709649999.08705
6801,1709649999.1889477,1709649999.1889577
6802,1709649999.2862313,1709649999.2862387
6803,1709649999.3825426,1709649999.3825512
6804,1709649999.494978,1709649999.4949868
6805,1709649999.59,1709649999.5900066
6806,1709649999.6970136,1709649999.6970212
6807,1709649999.7876258,1709649999.7876337
6808,1709649999.8870685,1709649999.8870752
6809,1709649999.993109,1709649999.993115
6810,1709650000.0943785,1709650000.0943863
6811,1709650000.1848133,1709650000.1848207
6812,1709650000.2888725,1709650000.2888813
6813,1709650000.387833,1709650000.38784
6814,1709650000.490806,1709650000.490816
6815,1709650000.6120288,1709650000.6120374
6816,1709650000.6969883,1709650000.696997
6817,1709650000.784202,1709650000.7842107
6818,1709650000.8953118,1709650000.8953207
6819,1709650000.9827104,1709650000.982717
6820,1709650001.0894108,1709650001.0894177
6821,1709650001.1955974,1709650001.1956048
6822,1709650001.2967048,1709650001.296712
6823,1709650001.387039,1709650001.3870463
6824,1709650001.4863317,1709650001.4863384
6825,1709650001.5895805,1709650001.5895872
6826,1709650001.6878633,1709650001.6878707
6827,1709650001.7990475,1709650001.7990575
6828,1709650001.8862042,1709650001.886209
6829,1709650001.9898775,1709650001.9898822
6830,1709650002.089857,1709650002.0898645
6831,1709650002.1839116,1709650002.1839192
6832,1709650002.299053,1709650002.2990623
6833,1709650002.396859,1709650002.3968685
6834,1709650002.4858124,1709650002.4858208
6835,1709650002.588807,1709650002.5888178
6836,1709650002.6892588,1709650002.6892686
6837,1709650002.7945418,1709650002.7945511
6838,1709650002.8864164,1709650002.8864229
6839,1709650002.9958072,1709650002.9958158
6840,1709650003.090508,1709650003.0905144
6841,1709650003.1918204,1709650003.1918306
6842,1709650003.2945457,1709650003.2945561
6843,1709650003.3824644,1709650003.382473
6844,1709650003.4887373,1709650003.488746
6845,1709650003.6083007,1709650003.6083093
6846,1709650003.69774,1709650003.6977508
6847,1709650003.7986102,1709650003.7986176
6848,1709650003.8999364,1709650003.8999445
6849,1709650003.9934964,1709650003.9935033
6850,1709650004.0965526,1709650004.0965629
6851,1709650004.1832192,1709650004.183229
6852,1709650004.298731,1709650004.2987401
6853,1709650004.3861697,1709650004.386177
6854,1709650004.4855695,1709650004.485578
6855,1709650004.5993295,1709650004.5993378
6856,1709650004.688531,1709650004.688539
6857,1709650004.780672,1709650004.7806787
6858,1709650004.901024,1709650004.9010313
6859,1709650004.9930034,1709650004.993011
6860,1709650005.0882297,1709650005.0882363
6861,1709650005.1868389,1709650005.1868458
6862,1709650005.291212,1709650005.29122
6863,1709650005.3967905,1709650005.3967967
6864,1709650005.4938607,1709650005.4938695
6865,1709650005.6004846,1709650005.6004915
6866,1709650005.6934052,1709650005.693413
6867,1709650005.789729,1709650005.789735
6868,1709650005.8847692,1709650005.8847783
6869,1709650005.98635,1709650005.9863572
6870,1709650006.0923681,1709650006.0923786
6871,1709650006.196757,1709650006.1967638
6872,1709650006.292694,1709650006.2927024
6873,1709650006.3895915,1709650006.3895981
6874,1709650006.4873192,1709650006.4873273
6875,1709650006.5886576,1709650006.5886648
6876,1709650006.713003,1709650006.71301
6877,1709650006.7981436,1709650006.7981517
6878,1709650006.8891902,1709650006.889198
6879,1709650006.9922163,1709650006.9922242
6880,1709650007.086775,1709650007.0867796
6881,1709650007.186364,1709650007.186372
6882,1709650007.2903473,1709650007.290355
6883,1709650007.395283,1709650007.3952913
6884,1709650007.4888074,1709650007.4888158
6885,1709650007.5875418,1709650007.5875463
6886,1709650007.688315,1709650007.6883228
6887,1709650007.7851717,1709650007.7851813
6888,1709650007.8870738,1709650007.8870792
6889,1709650007.9966147,1709650007.996621
6890,1709650008.0803037,1709650008.0803115
6891,1709650008.1882827,1709650008.1882877
6892,1709650008.2856944,1709650008.285702
6893,1709650008.3886957,1709650008.3887036
6894,1709650008.5007744,1709650008.5007875
6895,1709650008.5994701,1709650008.5994787
6896,1709650008.6899538,1709650008.6899638
6897,1709650008.7949512,1709650008.7949593
6898,1709650008.887528,1709650008.887536
6899,1709650008.980329,1709650008.9803357
6900,1709650009.0863614,1709650009.0863698
6901,1709650009.1971385,1709650009.1971467
6902,1709650009.2871165,1709650009.2871263
6903,1709650009.3991506,1709650009.3991582
6904,1709650009.482059,1709650009.4820662
6905,1709650009.5962079,1709650009.5962143
6906,1709650009.6908994,1709650009.6909082
6907,1709650009.7949538,1709650009.7949655
6908,1709650009.8941486,1709650009.894156
6909,1709650009.985396,1709650009.9854026
6910,1709650010.0849493,1709650010.0849578
6911,1709650010.1906915,1709650010.1906974
6912,1709650010.2942333,1709650010.294242
6913,1709650010.3929548,1709650010.3929608
6914,1709650010.4914532,1709650010.4914591
6915,1709650010.595371,1709650010.5953767
6916,1709650010.685,1709650010.6850076
6917,1709650010.786252,1709650010.7862613
6918,1709650010.8862894,1709650010.8862982
6919,1709650010.9913223,1709650010.9913306
6920,1709650011.0876617,1709650011.0876691
6921,1709650011.1917017,1709650011.1917071
6922,1709650011.2847602,1709650011.2847664
6923,1709650011.385396,1709650011.3855543
6924,1709650011.4854994,1709650011.485506
6925,1709650011.6006486,1709650011.6006575
6926,1709650011.7011316,1709650011.7011385
6927,1709650011.7856014,1709650011.7856104
6928,1709650011.9003015,1709650011.9003088
6929,1709650011.9845235,1709650011.9845345
6930,1709650012.0862746,1709650012.0862837
6931,1709650012.2029545,1709650012.2029643
6932,1709650012.2965991,1709650012.296605
6933,1709650012.3960514,1709650012.39606
6934,1709650012.4884882,1709650012.488493
6935,1709650012.5992455,1709650012.5992541
6936,1709650012.6823134,1709650012.6823213
6937,1709650012.8059013,1709650012.8059106
6938,1709650012.8932085,1709650012.8932145
6939,1709650012.9797006,1709650012.9797096
6940,1709650013.0876224,1709650013.087631
6941,1709650013.1892953,1709650013.1893008
6942,1709650013.2879965,1709650013.288005
6943,1709650013.4098206,1709650013.4098306
6944,1709650013.4900444,1709650013.4900527
6945,1709650013.5949018,1709650013.5949101
6946,1709650013.700899,1709650013.7009075
6947,1709650013.7865257,1709650013.786534
6948,1709650013.8982518,1709650013.8982594
6949,1709650014.0146496,1709650014.0146568
6950,1709650014.1002996,1709650014.1003067
6951,1709650014.1904485,1709650014.1904564
6952,1709650014.280856,1709650014.2808619
6953,1709650014.388736,1709650014.3887417
6954,1709650014.488828,1709650014.488835
6955,1709650014.5817037,1709650014.581715
6956,1709650014.7162075,1709650014.7162178
6957,1709650014.801129,1709650014.8011386
6958,1709650014.8898005,1709650014.8898084
6959,1709650014.9959283,1709650014.9959378
6960,1709650015.0850966,1709650015.0851045
6961,1709650015.1890082,1709650015.1890132
6962,1709650015.2969723,1709650015.2969806
6963,1709650015.3902192,1709650015.3902256
6964,1709650015.491756,1709650015.4917622
6965,1709650015.5985203,1709650015.5985277
6966,1709650015.6955745,1709650015.6955829
6967,1709650015.785294,1709650015.7853038
6968,1709650015.9019568,1709650015.901971
6969,1709650015.9900808,1709650015.9900856
6970,1709650016.0833747,1709650016.0833824
6971,1709650016.1912847,1709650016.1912947
6972,1709650016.2881205,1709650016.2881296
6973,1709650016.3897018,1709650016.3897097
6974,1709650016.524135,1709650016.5241425
6975,1709650016.633388,1709650016.6333973
6976,1709650016.7167993,1709650016.7168102
6977,1709650016.7980375,1709650016.7980456
6978,1709650016.9040565,1709650016.9040675
6979,1709650016.989422,1709650016.9894314
6980,1709650017.0903645,1709650017.0903728
6981,1709650017.2111325,1709650017.2111404
6982,1709650017.308804,1709650017.308813
6983,1709650017.4254692,1709650017.4254782
6984,1709650017.515076,1709650017.5150838
6985,1709650017.6094837,1709650017.609491
6986,1709650017.7086847,1709650017.7086947
6987,1709650017.7838683,1709650017.7838767
6988,1709650017.8935227,1709650017.8935318
6989,1709650017.9885104,1709650017.988519
6990,1709650018.1012008,1709650018.1012108
6991,1709650018.1897979,1709650018.1898053
6992,1709650018.2923026,1709650018.2923112
6993,1709650018.4013846,1709650018.4013922
6994,1709650018.4997153,1709650018.4997246
6995,1709650018.6237848,1709650018.6237926
6996,1709650018.7014017,1709650018.7014089
6997,1709650018.815979,1709650018.8159873
6998,1709650018.9193366,1709650018.9193442
6999,1709650019.0202157,1709650019.020222
7000,1709650019.0981476,1709650019.0981557
7001,1709650019.1999495,1709650019.1999578
7002,1709650019.2880335,1709650019.2880425
7003,1709650019.3926,1709650019.3926082
7004,1709650019.49997,1709650019.4999783
7005,1709650019.592093,1709650019.5920978
7006,1709650019.6878328,1709650019.6878402
7007,1709650019.8030393,1709650019.8030465
7008,1709650019.8907197,1709650019.8907282
7009,1709650019.9988623,1709650019.9988704
7010,1709650020.0970063,1709650020.0970151
7011,1709650020.207166,1709650020.207174
7012,1709650020.2834823,1709650020.2834904
7013,1709650020.4075673,1709650020.40766
7014,1709650020.507186,1709650020.5077856
7015,1709650020.5957704,1709650020.5958776
7016,1709650020.6985345,1709650020.698632
7017,1709650020.7930324,1709650020.7931056
7018,1709650020.8880472,1709650020.8881361
7019,1709650021.0092492,1709650021.009396
7020,1709650021.1042619,1709650021.1043308
7021,1709650021.1900067,1709650021.1901243
7022,1709650021.2820475,1709650021.2821753
7023,1709650021.3872974,1709650021.3873892
7024,1709650021.498489,1709650021.4985638
7025,1709650021.604174,1709650021.6042798
7026,1709650021.7020593,1709650021.702123
7027,1709650021.828083,1709650021.8281527
7028,1709650021.8863297,1709650021.886399
7029,1709650021.9922733,1709650021.9923723
7030,1709650022.0972357,1709650022.097301
7031,1709650022.1903148,1709650022.1904213
7032,1709650022.297947,1709650022.2980094
7033,1709650022.4086394,1709650022.408709
7034,1709650022.5014236,1709650022.512395
7035,1709650022.6196957,1709650022.619745
7036,1709650022.7098532,1709650022.7099586
7037,1709650022.8049178,1709650022.804987
7038,1709650022.904321,1709650022.904384
7039,1709650023.0110157,1709650023.0110965
7040,1709650023.1161122,1709650023.1161642
7041,1709650023.1921768,1709650023.19223
7042,1709650023.2899923,1709650023.2900457
7043,1709650023.39354,1709650023.393596
7044,1709650023.482386,1709650023.4824405
7045,1709650023.588843,1709650023.5889006
7046,1709650023.700213,1709650023.7002988
7047,1709650023.7883399,1709650023.7883945
7048,1709650023.887107,1709650023.8871822
7049,1709650023.9906862,1709650023.990746
7050,1709650024.0992022,1709650024.0992568
7051,1709650024.2051842,1709650024.2052436
7052,1709650024.289652,1709650024.289712
7053,1709650024.3799605,1709650024.3800218
7054,1709650024.4808018,1709650024.4808555
7055,1709650024.5807102,1709650024.5807688
7056,1709650024.6938794,1709650024.693949
7057,1709650024.7906141,1709650024.7906647
7058,1709650024.8872647,1709650024.8873355
7059,1709650024.9936218,1709650024.993712
7060,1709650025.0939515,1709650025.0940135
7061,1709650025.184692,1709650025.1847541
7062,1709650025.2822883,1709650025.28236
7063,1709650025.388204,1709650025.3882616
7064,1709650025.5101783,1709650025.5102348
7065,1709650025.6012158,1709650025.6012716
7066,1709650025.6844273,1709650025.6844904
7067,1709650025.783594,1709650025.7836404
7068,1709650025.8852377,1709650025.8853202
7069,1709650025.9867613,1709650025.9868252
7070,1709650026.10099,1709650026.1010423
7071,1709650026.2112126,1709650026.2112663
7072,1709650026.310539,1709650026.3106017
7073,1709650026.4119363,1709650026.4120734
7074,1709650026.487675,1709650026.487733
7075,1709650026.582541,1709650026.5826287
7076,1709650026.6855476,1709650026.685615
7077,1709650026.802055,1709650026.8021145
7078,1709650026.884061,1709650026.8841224
7079,1709650026.9878495,1709650026.9879386
7080,1709650027.0860946,1709650027.0861561
7081,1709650027.1893895,1709650027.189444
7082,1709650027.295941,1709650027.2959826
7083,1709650027.3870342,1709650027.387092
7084,1709650027.494137,1709650027.4941897
7085,1709650027.5898094,1709650027.5898528
7086,1709650027.6819947,1709650027.6820526
7087,1709650027.7855828,1709650027.7856681
7088,1709650027.8914523,1709650027.8915415
7089,1709650027.990296,1709650027.9903686
7090,1709650028.0910914,1709650028.091154
7091,1709650028.1901622,1709650028.1902254
7092,1709650028.2842798,1709650028.284337
7093,1709650028.3941958,1709650028.3942416
7094,1709650028.501899,1709650028.5019786
7095,1709650028.5873632,1709650028.5874605
7096,1709650028.69552,1709650028.6956363
7097,1709650028.78966,1709650028.7897177
7098,1709650028.8896985,1709650028.8897796
7099,1709650028.9985137,1709650028.9985678
7100,1709650029.0895922,1709650029.089667
7101,1709650029.180396,1709650029.1804454
7102,1709650029.292864,1709650029.292916
7103,1709650029.3838294,1709650029.3838844
7104,1709650029.4799635,1709650029.4800172
7105,1709650029.6040764,1709650029.6041586
7106,1709650029.6943886,1709650029.6944666
7107,1709650029.7955778,1709650029.7956336
7108,1709650029.8844,1709650029.8844619
7109,1709650029.9873981,1709650029.9874535
7110,1709650030.086204,1709650030.0862648
7111,1709650030.1950374,1709650030.1951084
7112,1709650030.2846403,1709650030.2846847
7113,1709650030.3811476,1709650030.3812068
7114,1709650030.4804404,1709650030.4804971
7115,1709650030.5967944,1709650030.5968547
7116,1709650030.6956162,1709650030.6956723
7117,1709650030.8093731,1709650030.80942
7118,1709650030.8852093,1709650030.8852723
7119,1709650030.9845643,1709650030.9846237
7120,1709650031.0963087,1709650031.0963674
7121,1709650031.1832943,1709650031.1833503
7122,1709650031.2875998,1709650031.28765
7123,1709650031.4011195,1709650031.4011827
7124,1709650031.4934924,1709650031.4935527
7125,1709650031.5907977,1709650031.5908542
7126,1709650031.68258,1709650031.682639
7127,1709650031.7904985,1709650031.7905777
7128,1709650031.8904674,1709650031.8905275
7129,1709650031.993545,1709650031.993595
7130,1709650032.1034808,1709650032.1035342
7131,1709650032.1944337,1709650032.1945047
7132,1709650032.2980697,1709650032.2981222
7133,1709650032.3853002,1709650032.3853652
7134,1709650032.4857352,1709650032.4857867
7135,1709650032.5980623,1709650032.5981224
7136,1709650032.6932223,1709650032.6932788
7137,1709650032.7919047,1709650032.791966
7138,1709650032.8959146,1709650032.8959737
7139,1709650032.9899225,1709650032.9899979
7140,1709650033.0949762,1709650033.0950367
7141,1709650033.1872091,1709650033.1872766
7142,1709650033.2993672,1709650033.2994337
7143,1709650033.3937006,1709650033.393759
7144,1709650033.4884987,1709650033.4885442
7145,1709650033.6002593,1709650033.6003215
7146,1709650033.7133918,1709650033.7134874
7147,1709650033.80524,1709650033.8052962
7148,1709650033.900133,1709650033.900196
7149,1709650033.9954224,1709650033.995522
7150,1709650034.1042247,1709650034.104285
7151,1709650034.1939788,1709650034.1940413
7152,1709650034.2992563,1709650034.2993631
7153,1709650034.386896,1709650034.3869634
7154,1709650034.4980497,1709650034.498104
7155,1709650034.603462,1709650034.6035295
7156,1709650034.69577,1709650034.6958277
7157,1709650034.7955675,1709650034.7956185
7158,1709650034.8869371,1709650034.886993
7159,1709650034.9878893,1709650034.9879746
7160,1709650035.095103,1709650035.095183
7161,1709650035.196594,1709650035.1967804
7162,1709650035.2885492,1709650035.2886102
7163,1709650035.3818111,1709650035.3818634
7164,1709650035.490679,1709650035.4907448
7165,1709650035.6008573,1709650035.6009538
7166,1709650035.6897163,1709650035.6897764
7167,1709650035.7854474,1709650035.785526
7168,1709650035.8862753,1709650035.8863614
7169,1709650035.9814126,1709650035.9814556
7170,1709650036.0886073,1709650036.0886667
7171,1709650036.185746,1709650036.185811
7172,1709650036.2937477,1709650036.2939427
7173,1709650036.3898823,1709650036.3899372
7174,1709650036.4890926,1709650036.489141
7175,1709650036.5873828,1709650036.5874379
7176,1709650036.6803055,1709650036.680391
7177,1709650036.7883239,1709650036.7884595
7178,1709650036.9024248,1709650036.9025204
7179,1709650036.9938226,1709650036.9938812
7180,1709650037.0865119,1709650037.0865705
7181,1709650037.1872323,1709650037.1873553
7182,1709650037.290635,1709650037.2907317
7183,1709650037.3885694,1709650037.3886344
7184,1709650037.4857495,1709650037.4858131
7185,1709650037.5945697,1709650037.5946453
7186,1709650037.6897347,1709650037.6899078
7187,1709650037.7888172,1709650037.7889028
7188,1709650037.8893156,1709650037.889426
7189,1709650037.9882936,1709650037.9884064
7190,1709650038.0965607,1709650038.096622
7191,1709650038.1984138,1709650038.1984751
7192,1709650038.2815754,1709650038.2816305
7193,1709650038.3812864,1709650038.3814647
7194,1709650038.4855695,1709650038.4856527
7195,1709650038.5928955,1709650038.592948
7196,1709650038.7010782,1709650038.7011373
7197,1709650038.7929788,1709650038.79307
7198,1709650038.8842807,1709650038.884346
7199,1709650038.994125,1709650038.9941895
7200,1709650039.0878146,1709650039.0878887
7201,1709650039.1834643,1709650039.1835191
7202,1709650039.291306,1709650039.2913842
7203,1709650039.3891807,1709650039.3892398
7204,1709650039.4854596,1709650039.4855247
7205,1709650039.587591,1709650039.587641
7206,1709650039.6864626,1709650039.6865156
7207,1709650039.7855773,1709650039.7856324
7208,1709650039.8946908,1709650039.8947456
7209,1709650039.9884634,1709650039.9885492
7210,1709650040.09129,1709650040.0913398
7211,1709650040.192776,1709650040.1928594
7212,1709650040.2934694,1709650040.2935593
7213,1709650040.3942282,1709650040.3943074
7214,1709650040.4920087,1709650040.4920952
7215,1709650040.6002922,1709650040.6005833
7216,1709650040.6942642,1709650040.6943562
7217,1709650040.7900503,1709650040.7901204
7218,1709650040.885326,1709650040.8854012
7219,1709650040.992153,1709650040.992275
7220,1709650041.0969117,1709650041.0970054
7221,1709650041.1982288,1709650041.1983192
7222,1709650041.288891,1709650041.2889972
7223,1709650041.3890655,1709650041.389143
7224,1709650041.4916186,1709650041.4916685
7225,1709650041.5898352,1709650041.5899453
7226,1709650041.7078345,1709650041.7078931
7227,1709650041.7813845,1709650041.7814713
7228,1709650041.894642,1709650041.8947172
7229,1709650041.9879158,1709650041.988019
7230,1709650042.0862436,1709650042.0863404
7231,1709650042.1926281,1709650042.1927135
7232,1709650042.2832098,1709650042.2832997
7233,1709650042.3936877,1709650042.3937795
7234,1709650042.4825754,1709650042.4826643
7235,1709650042.5835247,1709650042.5836222
7236,1709650042.6886337,1709650042.688753
7237,1709650042.787526,1709650042.7876377
7238,1709650042.90392,1709650042.9040465
7239,1709650042.999465,1709650042.999544
7240,1709650043.087188,1709650043.087332
7241,1709650043.186349,1709650043.1864576
7242,1709650043.286306,1709650043.286433
7243,1709650043.3845253,1709650043.3846214
7244,1709650043.495195,1709650043.4952848
7245,1709650043.5887444,1709650043.589067
7246,1709650043.6849885,1709650043.6850717
7247,1709650043.790102,1709650043.7901728
7248,1709650043.8951664,1709650043.895175
7249,1709650043.9862053,1709650043.9862137
7250,1709650044.0950515,1709650044.0950592
7251,1709650044.187577,1709650044.187583
7252,1709650044.303044,1709650044.3030515
7253,1709650044.3900342,1709650044.3900425
7254,1709650044.4900868,1709650044.4900947
7255,1709650044.5914757,1709650044.5914838
7256,1709650044.6973724,1709650044.6973794
7257,1709650044.7948074,1709650044.7948153
7258,1709650044.8917751,1709650044.8917828
7259,1709650044.9812386,1709650044.9812443
7260,1709650045.0940795,1709650045.094089
7261,1709650045.1903112,1709650045.1903207
7262,1709650045.2881594,1709650045.2881691
7263,1709650045.3990903,1709650045.3990984
7264,1709650045.481493,1709650045.4814985
7265,1709650045.583163,1709650045.5831714
7266,1709650045.6840801,1709650045.684087
7267,1709650045.7800431,1709650045.780049
7268,1709650045.8844194,1709650045.8844252
7269,1709650046.0088184,1709650046.0131457
7270,1709650046.090519,1709650046.0946937
7271,1709650046.1981761,1709650046.2024097
7272,1709650046.3018873,1709650046.306809
7273,1709650046.3864214,1709650046.390976
7274,1709650046.4812791,1709650046.4866347
7275,1709650046.605246,1709650046.6372223
7276,1709650046.689713,1709650046.695445
7277,1709650046.7857423,1709650046.7913861
7278,1709650046.889422,1709650046.8949652
7279,1709650046.9791667,1709650046.9842947
7280,1709650047.080343,1709650047.0853403
7281,1709650047.1992238,1709650047.2054274
7282,1709650047.2827373,1709650047.2877345
7283,1709650047.393591,1709650047.4022093
7284,1709650047.4890475,1709650047.4915957
7285,1709650047.594857,1709650047.5991824
7286,1709650047.6873531,1709650047.690287
7287,1709650047.7835965,1709650047.7877433
7288,1709650047.882913,1709650047.8873613
7289,1709650047.9813159,1709650047.9866698
7290,1709650048.0966601,1709650048.1095233
7291,1709650048.1899722,1709650048.194732
7292,1709650048.2932637,1709650048.2979808
7293,1709650048.381079,1709650048.385828
7294,1709650048.48265,1709650048.4875743
7295,1709650048.5925117,1709650048.5979156
7296,1709650048.684713,1709650048.6878507
7297,1709650048.795206,1709650048.800229
7298,1709650048.8827143,1709650048.8867824
7299,1709650048.9876351,1709650048.9921348
7300,1709650049.0817235,1709650049.0863874
7301,1709650049.1893287,1709650049.1920319
7302,1709650049.2913234,1709650049.2958946
7303,1709650049.3898246,1709650049.3976936
7304,1709650049.4861124,1709650049.4911292
7305,1709650049.5909684,1709650049.5954328
7306,1709650049.680192,1709650049.6835768
7307,1709650049.7851136,1709650049.789559
7308,1709650049.8834817,1709650049.8885376
7309,1709650049.9863732,1709650049.9911976
7310,1709650050.0994544,1709650050.1041775
7311,1709650050.1871552,1709650050.192124
7312,1709650050.2892756,1709650050.2933338
7313,1709650050.389807,1709650050.3944745
7314,1709650050.479892,1709650050.4842136
7315,1709650050.5870178,1709650050.591564
7316,1709650050.6927512,1709650050.6971774
7317,1709650050.793283,1709650050.7975342
7318,1709650050.8841612,1709650050.888524
7319,1709650050.9838085,1709650050.9914465
7320,1709650051.0802588,1709650051.0845513
7321,1709650051.185072,1709650051.1896412
7322,1709650051.2886724,1709650051.2936394
7323,1709650051.381981,1709650051.386391
7324,1709650051.4874873,1709650051.4942515
7325,1709650051.5868914,1709650051.5914202
7326,1709650051.6802306,1709650051.685177
7327,1709650051.7804904,1709650051.788698
7328,1709650051.8808422,1709650051.8854632
7329,1709650051.9953785,1709650052.0027173
7330,1709650052.0911314,1709650052.0968328
7331,1709650052.195012,1709650052.2002463
7332,1709650052.287216,1709650052.291497
7333,1709650052.3827753,1709650052.3870485
7334,1709650052.485753,1709650052.490352
7335,1709650052.579226,1709650052.5845475
7336,1709650052.68834,1709650052.6928473
7337,1709650052.7855706,1709650052.7906394
7338,1709650052.8862445,1709650052.8908217
7339,1709650052.9881425,1709650052.9923518
7340,1709650053.0956876,1709650053.0999563
7341,1709650053.182598,1709650053.1868227
7342,1709650053.2902927,1709650053.2939503
7343,1709650053.3887346,1709650053.3936725
7344,1709650053.4885087,1709650053.4931288
7345,1709650053.590733,1709650053.5955346
7346,1709650053.6800747,1709650053.6829739
7347,1709650053.7824764,1709650053.7869985
7348,1709650053.8872552,1709650053.8901272
7349,1709650053.998678,1709650054.002114
7350,1709650054.095782,1709650054.1002736
7351,1709650054.1890678,1709650054.1941624
7352,1709650054.2809598,1709650054.2856297
7353,1709650054.3884697,1709650054.3928418
7354,1709650054.4876502,1709650054.4918883
7355,1709650054.5924213,1709650054.5966341
7356,1709650054.6951833,1709650054.6999898
7357,1709650054.7928412,1709650054.7978237
7358,1709650054.8874393,1709650054.891224
7359,1709650054.9926226,1709650054.9975333
7360,1709650055.0868492,1709650055.0916662
7361,1709650055.1896915,1709650055.1972716
7362,1709650055.305339,1709650055.3096378
7363,1709650055.3865664,1709650055.3908331
7364,1709650055.481951,1709650055.4863586
7365,1709650055.5857892,1709650055.593723
7366,1709650055.6801064,1709650055.683339
7367,1709650055.790676,1709650055.7953753
7368,1709650055.8953693,1709650055.8999324
7369,1709650055.9813094,1709650055.9861603
7370,1709650056.083936,1709650056.0878808
7371,1709650056.191719,1709650056.1966963
7372,1709650056.2943728,1709650056.2983751
7373,1709650056.3830352,1709650056.3872368
7374,1709650056.4993675,1709650056.5041122
7375,1709650056.5961509,1709650056.6002836
7376,1709650056.6899931,1709650056.6945126
7377,1709650056.782372,1709650056.7864904
7378,1709650056.8884168,1709650056.8931525
7379,1709650056.9847646,1709650056.9890769
7380,1709650057.090278,1709650057.096194
7381,1709650057.1972442,1709650057.2016544
7382,1709650057.2911263,1709650057.2960446
7383,1709650057.3892634,1709650057.3938808
7384,1709650057.4895847,1709650057.4942122
7385,1709650057.5871239,1709650057.5939171
7386,1709650057.6915088,1709650057.6963387
7387,1709650057.8010538,1709650057.8056479
7388,1709650057.8974638,1709650057.9016879
7389,1709650057.9946337,1709650057.9976876
7390,1709650058.0881,1709650058.092984
7391,1709650058.193586,1709650058.1997592
7392,1709650058.29015,1709650058.294493
7393,1709650058.3963132,1709650058.399733
7394,1709650058.4821627,1709650058.48625
7395,1709650058.5923233,1709650058.5968866
7396,1709650058.6806533,1709650058.6857061
7397,1709650058.789079,1709650058.794737
7398,1709650058.8962724,1709650058.900536
7399,1709650058.9872947,1709650058.991873
7400,1709650059.0961618,1709650059.100668
7401,1709650059.190478,1709650059.1951392
7402,1709650059.2899992,1709650059.2955234
7403,1709650059.3818252,1709650059.3864052
7404,1709650059.483498,1709650059.4869688
7405,1709650059.5983663,1709650059.6043983
7406,1709650059.6973922,1709650059.7013938
7407,1709650059.7911367,1709650059.7966151
7408,1709650059.9042828,1709650059.9103336
7409,1709650059.9862669,1709650059.9902244
7410,1709650060.0917256,1709650060.0969992
7411,1709650060.1801348,1709650060.1857877
7412,1709650060.29138,1709650060.295072
7413,1709650060.3818963,1709650060.3873873
7414,1709650060.4884844,1709650060.4963617
7415,1709650060.6154017,1709650060.620317
7416,1709650060.70124,1709650060.7069554
7417,1709650060.794862,1709650060.7992327
7418,1709650060.9124706,1709650060.916903
7419,1709650061.0065613,1709650061.0110023
7420,1709650061.0991247,1709650061.1058018
7421,1709650061.1834722,1709650061.1901264
7422,1709650061.285696,1709650061.2905948
7423,1709650061.3872604,1709650061.4007812
7424,1709650061.496179,1709650061.5072348
7425,1709650061.6262796,1709650061.6305647
7426,1709650061.7252948,1709650061.7336326
7427,1709650061.7895546,1709650061.7983904
7428,1709650061.9016056,1709650061.9126391
7429,1709650062.0031793,1709650062.017083
7430,1709650062.095793,1709650062.100752
7431,1709650062.1848598,1709650062.191015
7432,1709650062.3119457,1709650062.3167577
7433,1709650062.394197,1709650062.404306
7434,1709650062.4876373,1709650062.4934547
7435,1709650062.598447,1709650062.6041894
7436,1709650062.69582,1709650062.7022364
7437,1709650062.7968023,1709650062.8019617
7438,1709650062.8904831,1709650062.9002662
7439,1709650062.9890275,1709650062.9934433
7440,1709650063.0891395,1709650063.0945625
7441,1709650063.1929777,1709650063.197467
7442,1709650063.3034012,1709650063.3085794
7443,1709650063.3873627,1709650063.392853
7444,1709650063.4938424,1709650063.49925
7445,1709650063.6010745,1709650063.6102881
7446,1709650063.6853065,1709650063.690935
7447,1709650063.7940524,1709650063.7988183
7448,1709650063.887506,1709650063.8919332
7449,1709650063.9814296,1709650063.986397
7450,1709650064.0918715,1709650064.0966995
7451,1709650064.1844292,1709650064.1894867
7452,1709650064.3093998,1709650064.3142667
7453,1709650064.382442,1709650064.390721
7454,1709650064.4899542,1709650064.4934187
7455,1709650064.590106,1709650064.5947845
7456,1709650064.6968527,1709650064.7010798
7457,1709650064.783682,1709650064.7885845
7458,1709650064.8919191,1709650064.8966837
7459,1709650064.9964612,1709650065.0035176
7460,1709650065.0886548,1709650065.0932033
7461,1709650065.1902766,1709650065.1948316
7462,1709650065.2993107,1709650065.3034773
7463,1709650065.3915596,1709650065.3981328
7464,1709650065.4871373,1709650065.491447
7465,1709650065.6013086,1709650065.60494
7466,1709650065.6882508,1709650065.6930487
7467,1709650065.7903183,1709650065.7953773
7468,1709650065.8920307,1709650065.8984728
7469,1709650065.995347,1709650066.0004995
7470,1709650066.0894916,1709650066.0947142
7471,1709650066.1803288,1709650066.1858838
7472,1709650066.3164074,1709650066.3213472
7473,1709650066.3845732,1709650066.389468
7474,1709650066.4832454,1709650066.4884634
7475,1709650066.5933714,1709650066.5978637
7476,1709650066.6955192,1709650066.700286
7477,1709650066.7866874,1709650066.7925248
7478,1709650066.9018204,1709650066.906704
7479,1709650067.005964,1709650067.0108974
7480,1709650067.07928,1709650067.0847943
7481,1709650067.1811554,1709650067.18573
7482,1709650067.2807639,1709650067.2883658
7483,1709650067.3885603,1709650067.3930972
7484,1709650067.4879782,1709650067.4931655
7485,1709650067.614948,1709650067.6197562
7486,1709650067.6901243,1709650067.693812
7487,1709650067.8008943,1709650067.8050284
7488,1709650067.8843448,1709650067.8886704
7489,1709650067.9827394,1709650067.9897196
7490,1709650068.0907152,1709650068.0958986
7491,1709650068.1815815,1709650068.1863961
7492,1709650068.286906,1709650068.290927
7493,1709650068.395433,1709650068.4004323
7494,1709650068.4879682,1709650068.4923673
7495,1709650068.6061952,1709650068.60972
7496,1709650068.6865041,1709650068.6959507
7497,1709650068.7945979,1709650068.801705
7498,1709650068.893923,1709650068.8939304
7499,1709650068.9984107,1709650068.998419
7500,1709650069.0931087,1709650069.0931153
7501,1709650069.1826463,1709650069.1826582
7502,1709650069.2958276,1709650069.2958357
7503,1709650069.3805237,1709650069.3805313
7504,1709650069.4854982,1709650069.4855042
7505,1709650069.5938947,1709650069.5939026
7506,1709650069.6946337,1709650069.694642
7507,1709650069.7809682,1709650069.7809794
7508,1709650069.904816,1709650069.9048235
7509,1709650069.9935305,1709650069.9935374
7510,1709650070.0864413,1709650070.0864656
7511,1709650070.1904442,1709650070.1904523
7512,1709650070.2999167,1709650070.2999265
7513,1709650070.3930986,1709650070.3931067
7514,1709650070.484992,1709650070.4849997
7515,1709650070.5925143,1709650070.592521
7516,1709650070.6903205,1709650070.6903303
7517,1709650070.7831,1709650070.7831054
7518,1709650070.8830385,1709650070.883047
7519,1709650070.9925842,1709650070.9925914
7520,1709650071.0878663,1709650071.087873
7521,1709650071.18766,1709650071.187667
7522,1709650071.289026,1709650071.2890322
7523,1709650071.3902805,1709650071.3902886
7524,1709650071.4845505,1709650071.4845595
7525,1709650071.5927553,1709650071.5927649
7526,1709650071.685136,1709650071.6851435
7527,1709650071.7950218,1709650071.795029
7528,1709650071.898896,1709650071.8989043
7529,1709650071.9873614,1709650071.987369
7530,1709650072.0924108,1709650072.092419
7531,1709650072.2021372,1709650072.2021458
7532,1709650072.2878165,1709650072.287824
7533,1709650072.3858266,1709650072.3858345
7534,1709650072.4881723,1709650072.4881806
7535,1709650072.5833275,1709650072.5833397
7536,1709650072.6877244,1709650072.6877322
7537,1709650072.7893384,1709650072.7893455
7538,1709650072.889547,1709650072.8895545
7539,1709650072.9897993,1709650072.9898074
7540,1709650073.087371,1709650073.08738
7541,1709650073.188612,1709650073.188621
7542,1709650073.2867172,1709650073.2867234
7543,1709650073.3950217,1709650073.3950295
7544,1709650073.490725,1709650073.4907305
7545,1709650073.5934093,1709650073.5934188
7546,1709650073.6920245,1709650073.6920314
7547,1709650073.7892168,1709650073.7892234
7548,1709650073.8971806,1709650073.897186
7549,1709650073.9981232,1709650073.9981298
7550,1709650074.0920844,1709650074.0920932
7551,1709650074.189333,1709650074.18934
7552,1709650074.2991126,1709650074.2991197
7553,1709650074.3940809,1709650074.3940878
7554,1709650074.4844465,1709650074.4844537
7555,1709650074.5952532,1709650074.5952613
7556,1709650074.682819,1709650074.6828263
7557,1709650074.7888324,1709650074.788841
7558,1709650074.8889399,1709650074.888948
7559,1709650074.9985306,1709650074.9985394
7560,1709650075.0884843,1709650075.0884917
7561,1709650075.189505,1709650075.1895125
7562,1709650075.3068347,1709650075.3068438
7563,1709650075.3942068,1709650075.3942158
7564,1709650075.5039372,1709650075.5039485
7565,1709650075.602778,1709650075.6027873
7566,1709650075.6880717,1709650075.688076
7567,1709650075.787681,1709650075.7876885
7568,1709650075.887873,1709650075.8878822
7569,1709650076.0003228,1709650076.0003324
7570,1709650076.0936913,1709650076.0936983
7571,1709650076.1890697,1709650076.1890771
7572,1709650076.2999463,1709650076.2999547
7573,1709650076.3945954,1709650076.394601
7574,1709650076.484746,1709650076.484754
7575,1709650076.6014597,1709650076.6014671
7576,1709650076.6918309,1709650076.6918364
7577,1709650076.7836864,1709650076.783693
7578,1709650076.8936827,1709650076.893691
7579,1709650076.9992578,1709650076.9992712
7580,1709650077.0882685,1709650077.0882778
7581,1709650077.188014,1709650077.1880214
7582,1709650077.2947476,1709650077.2947545
7583,1709650077.387366,1709650077.3873854
7584,1709650077.4917083,1709650077.4917169
7585,1709650077.6021295,1709650077.6021361
7586,1709650077.69731,1709650077.6973257
7587,1709650077.790801,1709650077.790811
7588,1709650077.8850958,1709650077.8851047
7589,1709650077.9967322,1709650077.9967458
7590,1709650078.0894215,1709650078.0894303
7591,1709650078.1872668,1709650078.187277
7592,1709650078.2882073,1709650078.2882159
7593,1709650078.3880029,1709650078.3880105
7594,1709650078.4831111,1709650078.4831197
7595,1709650078.5993538,1709650078.599361
7596,1709650078.6870382,1709650078.6870427
7597,1709650078.7939422,1709650078.7939508
7598,1709650078.8964198,1709650078.896427
7599,1709650078.9955957,1709650078.9956021
7600,1709650079.0857692,1709650079.0857768
7601,1709650079.1920998,1709650079.192108
7602,1709650079.2895126,1709650079.2895198
7603,1709650079.3952255,1709650079.3952389
7604,1709650079.5034482,1709650079.503458
7605,1709650079.593325,1709650079.5933328
7606,1709650079.700309,1709650079.7003157
7607,1709650079.7933075,1709650079.793315
7608,1709650079.889636,1709650079.8896434
7609,1709650079.99305,1709650079.993057
7610,1709650080.0983152,1709650080.098323
7611,1709650080.1925054,1709650080.1925125
7612,1709650080.2973917,1709650080.2973976
7613,1709650080.3945663,1709650080.3945735
7614,1709650080.495902,1709650080.4959085
7615,1709650080.6022599,1709650080.602267
7616,1709650080.6935704,1709650080.693578
7617,1709650080.8001063,1709650080.8001134
7618,1709650080.8923805,1709650080.8923893
7619,1709650080.9979641,1709650080.997971
7620,1709650081.0953906,1709650081.095396
7621,1709650081.1898525,1709650081.1898577
7622,1709650081.3004115,1709650081.3004336
7623,1709650081.4022074,1709650081.4022155
7624,1709650081.4918768,1709650081.4918835
7625,1709650081.6041226,1709650081.6041286
7626,1709650081.6985035,1709650081.6985116
7627,1709650081.79163,1709650081.791642
7628,1709650081.8950698,1709650081.895079
7629,1709650082.0083246,1709650082.0083332
7630,1709650082.0944798,1709650082.09457
7631,1709650082.1858134,1709650082.1858208
7632,1709650082.2902193,1709650082.2902281
7633,1709650082.3993514,1709650082.3993583
7634,1709650082.5001397,1709650082.500146
7635,1709650082.5996897,1709650082.5996985
7636,1709650082.7026634,1709650082.702675
7637,1709650082.79641,1709650082.796417
7638,1709650082.9020517,1709650082.9020605
7639,1709650082.9914129,1709650082.9914205
7640,1709650083.0913057,1709650083.0913131
7641,1709650083.1898131,1709650083.189823
7642,1709650083.3006966,1709650083.3007047
7643,1709650083.4083478,1709650083.4083543
7644,1709650083.494028,1709650083.494035
7645,1709650083.5922008,1709650083.5922072
7646,1709650083.6982095,1709650083.6982162
7647,1709650083.781636,1709650083.781643
7648,1709650083.89129,1709650083.8912978
7649,1709650083.9858851,1709650083.9858935
7650,1709650084.082951,1709650084.0829592
7651,1709650084.1936758,1709650084.1936822
7652,1709650084.2945445,1709650084.294552
7653,1709650084.3863914,1709650084.3863971
7654,1709650084.4846392,1709650084.484648
7655,1709650084.599551,1709650084.599565
7656,1709650084.6940708,1709650084.6940777
7657,1709650084.785268,1709650084.7852776
7658,1709650084.8934367,1709650084.8934445
7659,1709650084.9840753,1709650084.9840848
7660,1709650085.089262,1709650085.0892704
7661,1709650085.1950653,1709650085.1950736
7662,1709650085.2946146,1709650085.2946217
7663,1709650085.3967888,1709650085.396796
7664,1709650085.4905581,1709650085.4905646
7665,1709650085.6108878,1709650085.6108932
7666,1709650085.688793,1709650085.688798
7667,1709650085.8199646,1709650085.819975
7668,1709650085.9006763,1709650085.9006853
7669,1709650086.0064,1709650086.0064077
7670,1709650086.0816185,1709650086.0816257
7671,1709650086.1918173,1709650086.1918252
7672,1709650086.295117,1709650086.2951221
7673,1709650086.3884242,1709650086.3884318
7674,1709650086.4932811,1709650086.493289
7675,1709650086.591994,1709650086.5920017
7676,1709650086.7056792,1709650086.705688
7677,1709650086.78917,1709650086.7891788
7678,1709650086.892364,1709650086.8923714
7679,1709650086.9963422,1709650086.9963534
7680,1709650087.1006649,1709650087.1006708
7681,1709650087.1869564,1709650087.1869645
7682,1709650087.2922955,1709650087.2923026
7683,1709650087.399513,1709650087.3995194
7684,1709650087.4927752,1709650087.4927812
7685,1709650087.6052256,1709650087.6052332
7686,1709650087.6994784,1709650087.6994858
7687,1709650087.788823,1709650087.788829
7688,1709650087.8979282,1709650087.8979344
7689,1709650087.9954653,1709650087.995472
7690,1709650088.0866492,1709650088.0866613
7691,1709650088.192873,1709650088.1928809
7692,1709650088.294392,1709650088.2943993
7693,1709650088.389205,1709650088.3892145
7694,1709650088.4885404,1709650088.488547
7695,1709650088.5825703,1709650088.5826428
7696,1709650088.692006,1709650088.6920137
7697,1709650088.803018,1709650088.803026
7698,1709650088.900449,1709650088.900461
7699,1709650088.9900298,1709650088.990037
7700,1709650089.0914328,1709650089.0914402
7701,1709650089.1853,1709650089.1853075
7702,1709650089.2849698,1709650089.2849767
7703,1709650089.3963048,1709650089.3963127
7704,1709650089.4897058,1709650089.4897134
7705,1709650089.592632,1709650089.5926397
7706,1709650089.6871705,1709650089.6871774
7707,1709650089.7844868,1709650089.7844949
7708,1709650089.8829663,1709650089.882971
7709,1709650089.9978228,1709650089.9978304
7710,1709650090.09722,1709650090.0972288
7711,1709650090.200043,1709650090.2000492
7712,1709650090.297471,1709650090.2974784
7713,1709650090.3915079,1709650090.391516
7714,1709650090.4988337,1709650090.4988792
7715,1709650090.5900357,1709650090.5900428
7716,1709650090.7241418,1709650090.7241502
7717,1709650090.8062627,1709650090.8062694
7718,1709650090.8967366,1709650090.8967464
7719,1709650090.9986875,1709650090.9986932
7720,1709650091.0875566,1709650091.087564
7721,1709650091.1997688,1709650091.199779
7722,1709650091.2935326,1709650091.293542
7723,1709650091.42183,1709650091.4218369
7724,1709650091.5064278,1709650091.5064375
7725,1709650091.6031013,1709650091.6031084
7726,1709650091.6964102,1709650091.6964176
7727,1709650091.7947276,1709650091.7947345
7728,1709650091.896735,1709650091.896742
7729,1709650091.997417,1709650091.9974217
7730,1709650092.084035,1709650092.0840437
7731,1709650092.20692,1709650092.2069275
7732,1709650092.3046293,1709650092.3046372
7733,1709650092.3898365,1709650092.389844
7734,1709650092.488876,1709650092.4888835
7735,1709650092.583704,1709650092.5837135
7736,1709650092.6988747,1709650092.6988833
7737,1709650092.7956738,1709650092.795681
7738,1709650092.9011483,1709650092.9011586
7739,1709650093.0028741,1709650093.0028822
7740,1709650093.08328,1709650093.0832894
7741,1709650093.1860187,1709650093.1860263
7742,1709650093.2930293,1709650093.293036
7743,1709650093.3861039,1709650093.3861141
7744,1709650093.484741,1709650093.4847481
7745,1709650093.6004317,1709650093.6004398
7746,1709650093.6978648,1709650093.6978726
7747,1709650093.7955952,1709650093.7956104
7748,1709650093.891316,1709650093.8913248
7749,1709650093.9939709,1709650093.9939804
7750,1709650094.0908241,1709650094.0908325
7751,1709650094.5789251,1709650094.578938
7752,1709650094.5925176,1709650094.592525
7753,1709650094.601304,1709650094.6013153
7754,1709650094.6963987,1709650094.6964064
7755,1709650094.7911565,1709650094.7911637
7756,1709650094.8854787,1709650094.8854873
7757,1709650094.994985,1709650094.9949932
7758,1709650095.0871627,1709650095.087172
7759,1709650095.1801977,1709650095.1802046
7760,1709650095.2893186,1709650095.289324
7761,1709650095.3841872,1709650095.3841953
7762,1709650095.4892404,1709650095.4892466
7763,1709650095.5847924,1709650095.5847995
7764,1709650095.6916268,1709650095.6916335
7765,1709650095.7828698,1709650095.78288
7766,1709650095.8964105,1709650095.8964186
7767,1709650095.9825456,1709650095.9825528
7768,1709650096.0859883,1709650096.0859962
7769,1709650096.1843631,1709650096.184372
7770,1709650096.2856383,1709650096.2856455
7771,1709650096.384415,1709650096.3844237
7772,1709650096.4890206,1709650096.4890277
7773,1709650096.5848625,1709650096.5848694
7774,1709650096.693089,1709650096.693097
7775,1709650096.78677,1709650096.78678
7776,1709650096.8808534,1709650096.8808618
7777,1709650096.9917738,1709650096.9917824
7778,1709650097.0858104,1709650097.0858161
7779,1709650097.1852036,1709650097.1852112
7780,1709650097.2883108,1709650097.2883177
7781,1709650097.3858175,1709650097.385826
7782,1709650097.4992874,1709650097.4992962
7783,1709650097.593938,1709650097.5939457
7784,1709650097.687942,1709650097.68795
7785,1709650097.7904313,1709650097.7904394
7786,1709650097.881939,1709650097.8819454
7787,1709650097.9930282,1709650097.9930372
7788,1709650098.0887814,1709650098.088786
7789,1709650098.1847105,1709650098.1847198
7790,1709650098.2880075,1709650098.288015
7791,1709650098.3919008,1709650098.391906
7792,1709650098.4846117,1709650098.484622
7793,1709650098.5910664,1709650098.5910735
7794,1709650098.6904852,1709650098.6904924
7795,1709650098.7879481,1709650098.7879555
7796,1709650098.896073,1709650098.896081
7797,1709650098.9801872,1709650098.9801939
7798,1709650099.090015,1709650099.0900226
7799,1709650099.188519,1709650099.1885266
7800,1709650099.2876825,1709650099.2876894
7801,1709650099.3803205,1709650099.380326
7802,1709650099.4963596,1709650099.4963658
7803,1709650099.5954065,1709650099.5954146
7804,1709650099.6857758,1709650099.6857824
7805,1709650099.7812142,1709650099.7812212
7806,1709650099.8885143,1709650099.888525
7807,1709650099.9870412,1709650099.9870505
7808,1709650100.0952063,1709650100.0952132
7809,1709650100.1868186,1709650100.186826
7810,1709650100.2921104,1709650100.2921174
7811,1709650100.3899395,1709650100.3899486
7812,1709650100.4941943,1709650100.494202
7813,1709650100.597255,1709650100.5972621
7814,1709650100.697464,1709650100.6974726
7815,1709650100.788407,1709650100.7884138
7816,1709650100.887178,1709650100.887187
7817,1709650100.9880269,1709650100.988034
7818,1709650101.08632,1709650101.0863302
7819,1709650101.1922698,1709650101.192278
7820,1709650101.2862756,1709650101.286283
7821,1709650101.3851972,1709650101.385206
7822,1709650101.4899414,1709650101.4899464
7823,1709650101.5862644,1709650101.5862713
7824,1709650101.6856916,1709650101.685699
7825,1709650101.7805598,1709650101.7805674
7826,1709650101.8915365,1709650101.8915436
7827,1709650101.9917207,1709650101.991727
7828,1709650102.0825486,1709650102.0825574
7829,1709650102.1896553,1709650102.1896632
7830,1709650102.2818782,1709650102.2818866
7831,1709650102.3890312,1709650102.3890386
7832,1709650102.4937596,1709650102.493767
7833,1709650102.6005406,1709650102.6005514
7834,1709650102.6833158,1709650102.6833289
7835,1709650102.7812798,1709650102.7812889
7836,1709650102.886443,1709650102.8864484
7837,1709650102.9894938,1709650102.9895005
7838,1709650103.0998566,1709650103.0998638
7839,1709650103.1952007,1709650103.1952083
7840,1709650103.285645,1709650103.285651
7841,1709650103.3879223,1709650103.3879292
7842,1709650103.4885962,1709650103.488605
7843,1709650103.5897882,1709650103.5897968
7844,1709650103.6937628,1709650103.6937706
7845,1709650103.7854986,1709650103.785508
7846,1709650103.8935525,1709650103.8935606
7847,1709650103.9857311,1709650103.9857368
7848,1709650104.0877304,1709650104.0877385
7849,1709650104.1826634,1709650104.182671
7850,1709650104.2886562,1709650104.288662
7851,1709650104.386888,1709650104.3868976
7852,1709650104.4832196,1709650104.4832249
7853,1709650104.5832555,1709650104.5832636
7854,1709650104.688801,1709650104.6888096
7855,1709650104.7915134,1709650104.7915225
7856,1709650104.890475,1709650104.890482
7857,1709650104.9802861,1709650104.9802942
7858,1709650105.0867906,1709650105.0867994
7859,1709650105.184918,1709650105.1849256
7860,1709650105.3012886,1709650105.3012962
7861,1709650105.3806875,1709650105.3806949
7862,1709650105.4827847,1709650105.4827914
7863,1709650105.5920563,1709650105.5920637
7864,1709650105.682952,1709650105.6829586
7865,1709650105.7966237,1709650105.7966332
7866,1709650105.8857145,1709650105.885724
7867,1709650105.9957364,1709650105.9957416
7868,1709650106.0918562,1709650106.091864
7869,1709650106.190655,1709650106.190665
7870,1709650106.2806082,1709650106.2806199
7871,1709650106.3877,1709650106.387707
7872,1709650106.4829607,1709650106.4829688
7873,1709650106.5894167,1709650106.589424
7874,1709650106.6889536,1709650106.6889584
7875,1709650106.7918947,1709650106.7919028
7876,1709650106.8808649,1709650106.8808732
7877,1709650106.9886992,1709650106.9887066
7878,1709650107.0814216,1709650107.0814285
7879,1709650107.18718,1709650107.1871872
7880,1709650107.2839289,1709650107.2839363
7881,1709650107.385274,1709650107.3852813
7882,1709650107.4826052,1709650107.4826128
7883,1709650107.5876698,1709650107.5876777
7884,1709650107.6908805,1709650107.6908882
7885,1709650107.7867966,1709650107.786804
7886,1709650107.894538,1709650107.8945453
7887,1709650107.986034,1709650107.9860413
7888,1709650108.0903466,1709650108.090354
7889,1709650108.1812642,1709650108.1812687
7890,1709650108.2804115,1709650108.2804208
7891,1709650108.386447,1709650108.3864522
7892,1709650108.484169,1709650108.4841762
7893,1709650108.5951326,1709650108.5951421
7894,1709650108.6904655,1709650108.6904705
7895,1709650108.7829497,1709650108.7829597
7896,1709650108.8829849,1709650108.8829935
7897,1709650108.9974422,1709650108.997449
7898,1709650109.0842392,1709650109.0842483
7899,1709650109.1831243,1709650109.1831324
7900,1709650109.2845085,1709650109.2845154
7901,1709650109.3888292,1709650109.388838
7902,1709650109.4884467,1709650109.4884562
7903,1709650109.5878818,1709650109.5878909
7904,1709650109.6918676,1709650109.6918795
7905,1709650109.787763,1709650109.7877705
7906,1709650109.8895779,1709650109.8895836
7907,1709650109.9928615,1709650109.9928699
7908,1709650110.0852013,1709650110.0852087
7909,1709650110.1940353,1709650110.1940434
7910,1709650110.2893713,1709650110.2893808
7911,1709650110.383109,1709650110.383116
7912,1709650110.4887593,1709650110.488766
7913,1709650110.5963233,1709650110.5963323
7914,1709650110.692808,1709650110.6928155
7915,1709650110.7847865,1709650110.7847924
7916,1709650110.8800592,1709650110.8800664
7917,1709650110.9982836,1709650110.9982886
7918,1709650111.0888178,1709650111.088825
7919,1709650111.1867137,1709650111.186721
7920,1709650111.2854388,1709650111.285446
7921,1709650111.3973892,1709650111.3973978
7922,1709650111.4933002,1709650111.4933088
7923,1709650111.5993347,1709650111.5993397
7924,1709650111.6806288,1709650111.680635
7925,1709650111.7941902,1709650111.7941973
7926,1709650111.8937106,1709650111.8937185
7927,1709650111.9917753,1709650111.991784
7928,1709650112.098534,1709650112.0985396
7929,1709650112.1830819,1709650112.1830897
7930,1709650112.292901,1709650112.2929075
7931,1709650112.3811414,1709650112.3811479
7932,1709650112.482489,1709650112.4824975
7933,1709650112.616849,1709650112.6168547
7934,1709650112.6858718,1709650112.685881
7935,1709650112.784727,1709650112.784735
7936,1709650112.8883305,1709650112.8883379
7937,1709650112.9938653,1709650112.9938726
7938,1709650113.0845683,1709650113.0845766
7939,1709650113.1823518,1709650113.1823611
7940,1709650113.2872066,1709650113.287216
7941,1709650113.3937213,1709650113.3937292
7942,1709650113.4854023,1709650113.4854112
7943,1709650113.6004348,1709650113.600442
7944,1709650113.6861608,1709650113.6861668
7945,1709650113.7825334,1709650113.782542
7946,1709650113.8835716,1709650113.8835778
7947,1709650113.988031,1709650113.9880395
7948,1709650114.0929756,1709650114.0929832
7949,1709650114.188866,1709650114.1888716
7950,1709650114.2905462,1709650114.290552
7951,1709650114.392827,1709650114.3928342
7952,1709650114.4879816,1709650114.48799
7953,1709650114.588646,1709650114.5886543
7954,1709650114.6876972,1709650114.6877038
7955,1709650114.8004618,1709650114.800469
7956,1709650114.8805795,1709650114.8805876
7957,1709650114.9821572,1709650114.9821627
7958,1709650115.0861032,1709650115.0861118
7959,1709650115.198178,1709650115.198188
7960,1709650115.2894986,1709650115.2895062
7961,1709650115.3870978,1709650115.3871078
7962,1709650115.4885173,1709650115.4885268
7963,1709650115.6010253,1709650115.6010327
7964,1709650115.684184,1709650115.6841917
7965,1709650115.787348,1709650115.7873564
7966,1709650115.8879318,1709650115.8879387
7967,1709650115.9805028,1709650115.9805098
7968,1709650116.08714,1709650116.0871472
7969,1709650116.195876,1709650116.1958861
7970,1709650116.29181,1709650116.291826
7971,1709650116.3816445,1709650116.3816514
7972,1709650116.4863112,1709650116.4863176
7973,1709650116.590557,1709650116.5905645
7974,1709650116.6845388,1709650116.6845472
7975,1709650116.7960875,1709650116.7960947
7976,1709650116.884042,1709650116.8840492
7977,1709650116.9946294,1709650116.9946363
7978,1709650117.1219125,1709650117.1219192
7979,1709650117.221656,1709650117.2216632
7980,1709650117.2877817,1709650117.28779
7981,1709650117.392707,1709650117.3927166
7982,1709650117.480902,1709650117.480909
7983,1709650117.5819664,1709650117.5819733
7984,1709650117.6887212,1709650117.6887321
7985,1709650117.785301,1709650117.7853076
7986,1709650117.8850067,1709650117.885017
7987,1709650117.9903972,1709650117.9904077
7988,1709650118.0837054,1709650118.083714
7989,1709650118.1885307,1709650118.1885378
7990,1709650118.2854376,1709650118.2854455
7991,1709650118.3862708,1709650118.3862786
7992,1709650118.4810426,1709650118.4810488
7993,1709650118.5930521,1709650118.5930605
7994,1709650118.6890175,1709650118.6890244
7995,1709650118.7807333,1709650118.7807405
7996,1709650118.8828115,1709650118.8828206
7997,1709650118.987312,1709650118.987322
7998,1709650119.0887668,1709650119.088777
7999,1709650119.1904283,1709650119.1904376
8000,1709650119.2819426,1709650119.281952
8001,1709650119.3909078,1709650119.3909159
8002,1709650119.482968,1709650119.4829764
8003,1709650119.5932157,1709650119.593224
8004,1709650119.6884902,1709650119.6885483
8005,1709650119.7849636,1709650119.785011
8006,1709650119.8864703,1709650119.886537
8007,1709650119.9848654,1709650119.984926
8008,1709650120.091854,1709650120.0919056
8009,1709650120.1875253,1709650120.187568
8010,1709650120.289655,1709650120.2897232
8011,1709650120.3831816,1709650120.383261
8012,1709650120.4870038,1709650120.4870627
8013,1709650120.5837982,1709650120.5838497
8014,1709650120.690068,1709650120.6901262
8015,1709650120.7819235,1709650120.7819793
8016,1709650120.8866568,1709650120.886754
8017,1709650120.9942174,1709650120.9942856
8018,1709650121.087588,1709650121.0876887
8019,1709650121.1864438,1709650121.186509
8020,1709650121.2896817,1709650121.2897336
8021,1709650121.3852208,1709650121.3852887
8022,1709650121.494488,1709650121.4945836
8023,1709650121.597972,1709650121.5980368
8024,1709650121.692797,1709650121.6928556
8025,1709650121.7897887,1709650121.789834
8026,1709650121.8840146,1709650121.8841062
8027,1709650121.9921105,1709650121.9921765
8028,1709650122.087781,1709650122.0878375
8029,1709650122.1909149,1709650122.19097
8030,1709650122.2873096,1709650122.2873523
8031,1709650122.381891,1709650122.3819563
8032,1709650122.493809,1709650122.493859
8033,1709650122.58261,1709650122.5827053
8034,1709650122.6855357,1709650122.6855803
8035,1709650122.7942183,1709650122.7945254
8036,1709650122.8837326,1709650122.8837872
8037,1709650122.9820518,1709650122.9820967
8038,1709650123.0842645,1709650123.0843291
8039,1709650123.1838589,1709650123.1839142
8040,1709650123.2865934,1709650123.2866552
8041,1709650123.3923862,1709650123.3924477
8042,1709650123.493983,1709650123.4940822
8043,1709650123.58404,1709650123.5843022
8044,1709650123.6901305,1709650123.6901863
8045,1709650123.791627,1709650123.7916782
8046,1709650123.8927994,1709650123.8930976
8047,1709650123.989144,1709650123.989237
8048,1709650124.085941,1709650124.0860546
8049,1709650124.1951647,1709650124.1952825
8050,1709650124.285183,1709650124.2852745
8051,1709650124.3805108,1709650124.3805676
8052,1709650124.485531,1709650124.4855826
8053,1709650124.5837681,1709650124.5838196
8054,1709650124.6848528,1709650124.6849499
8055,1709650124.7833438,1709650124.78345
8056,1709650124.88906,1709650124.8891087
8057,1709650124.991489,1709650124.991542
8058,1709650125.0799282,1709650125.0799778
8059,1709650125.1856437,1709650125.1857016
8060,1709650125.2843242,1709650125.284374
8061,1709650125.3949187,1709650125.3949895
8062,1709650125.47983,1709650125.4798853
8063,1709650125.5920417,1709650125.5921102
8064,1709650125.683394,1709650125.6834524
8065,1709650125.7838502,1709650125.7839115
8066,1709650125.883762,1709650125.8838427
8067,1709650125.9855967,1709650125.985651
8068,1709650126.0856266,1709650126.0856724
8069,1709650126.182697,1709650126.1827462
8070,1709650126.2828379,1709650126.2829258
8071,1709650126.380116,1709650126.3801758
8072,1709650126.484806,1709650126.4848602
8073,1709650126.5894582,1709650126.5895157
8074,1709650126.6794317,1709650126.679508
8075,1709650126.7887478,1709650126.7888606
8076,1709650126.8966286,1709650126.896685
8077,1709650126.9862227,1709650126.9863281
8078,1709650127.0829399,1709650127.0829961
8079,1709650127.1874993,1709650127.187547
8080,1709650127.286387,1709650127.286438
8081,1709650127.3825927,1709650127.382678
8082,1709650127.4930928,1709650127.4931486
8083,1709650127.5798209,1709650127.5798717
8084,1709650127.6857998,1709650127.6858568
8085,1709650127.7884235,1709650127.7884645
8086,1709650127.8857918,1709650127.8858452
8087,1709650127.9861846,1709650127.9862585
8088,1709650128.0887756,1709650128.0888352
8089,1709650128.1881497,1709650128.188205
8090,1709650128.282314,1709650128.2824125
8091,1709650128.3864477,1709650128.3865478
8092,1709650128.4868195,1709650128.486922
8093,1709650128.5952365,1709650128.5953765
8094,1709650128.6925144,1709650128.6925862
8095,1709650128.7890134,1709650128.7890701
8096,1709650128.883628,1709650128.8836925
8097,1709650128.9891512,1709650128.9893222
8098,1709650129.0843303,1709650129.0844223
8099,1709650129.183464,1709650129.183565
8100,1709650129.2814794,1709650129.281621
8101,1709650129.3817856,1709650129.3818765
8102,1709650129.4929981,1709650129.4931011
8103,1709650129.5880215,1709650129.5881376
8104,1709650129.6864555,1709650129.6865392
8105,1709650129.7840724,1709650129.7841322
8106,1709650129.8908432,1709650129.8908982
8107,1709650129.9920444,1709650129.9921021
8108,1709650130.079803,1709650130.0798614
8109,1709650130.1867228,1709650130.1867838
8110,1709650130.2908244,1709650130.2908862
8111,1709650130.3839695,1709650130.3840566
8112,1709650130.4834483,1709650130.4835343
8113,1709650130.5975745,1709650130.5976298
8114,1709650130.685248,1709650130.6852891
8115,1709650130.782717,1709650130.7827828
8116,1709650130.8953428,1709650130.8954096
8117,1709650130.9919326,1709650130.9919896
8118,1709650131.0868785,1709650131.0869358
8119,1709650131.1921248,1709650131.1922054
8120,1709650131.28382,1709650131.2839124
8121,1709650131.380004,1709650131.380064
8122,1709650131.482237,1709650131.48231
8123,1709650131.591368,1709650131.5914648
8124,1709650131.6847656,1709650131.6848137
8125,1709650131.7863085,1709650131.7864118
8126,1709650131.884362,1709650131.88445
8127,1709650131.9837036,1709650131.983763
8128,1709650132.0866497,1709650132.0867062
8129,1709650132.1827962,1709650132.1828964
8130,1709650132.2817626,1709650132.281857
8131,1709650132.392162,1709650132.3922715
8132,1709650132.4883206,1709650132.4884193
8133,1709650132.5895839,1709650132.589686
8134,1709650132.6881967,1709650132.6883593
8135,1709650132.7812536,1709650132.7813125
8136,1709650132.8862948,1709650132.8863904
8137,1709650132.9795706,1709650132.9796414
8138,1709650133.0847092,1709650133.0847726
8139,1709650133.1897886,1709650133.1898825
8140,1709650133.288996,1709650133.2890537
8141,1709650133.3817976,1709650133.381879
8142,1709650133.4865022,1709650133.486629
8143,1709650133.5925329,1709650133.5925844
8144,1709650133.6808095,1709650133.6809335
8145,1709650133.7836735,1709650133.7837527
8146,1709650133.8965116,1709650133.8965714
8147,1709650133.9834225,1709650133.9834857
8148,1709650134.0902598,1709650134.090372
8149,1709650134.197744,1709650134.1977942
8150,1709650134.291357,1709650134.2914143
8151,1709650134.3804586,1709650134.3805199
8152,1709650134.4860694,1709650134.4861298
8153,1709650134.5858645,1709650134.5859194
8154,1709650134.693282,1709650134.6933358
8155,1709650134.788822,1709650134.7888882
8156,1709650134.8874323,1709650134.8874924
8157,1709650134.9872975,1709650134.9873834
8158,1709650135.0911114,1709650135.0912013
8159,1709650135.1886737,1709650135.188737
8160,1709650135.288925,1709650135.2890232
8161,1709650135.3837614,1709650135.3838556
8162,1709650135.4878352,1709650135.4879074
8163,1709650135.5908377,1709650135.5908964
8164,1709650135.6856396,1709650135.6857185
8165,1709650135.789077,1709650135.789149
8166,1709650135.885659,1709650135.8857477
8167,1709650135.9810698,1709650135.9811785
8168,1709650136.0856326,1709650136.0856903
8169,1709650136.1830425,1709650136.1831396
8170,1709650136.2897732,1709650136.2898939
8171,1709650136.3808048,1709650136.3809047
8172,1709650136.4902313,1709650136.4902964
8173,1709650136.5959814,1709650136.5960336
8174,1709650136.6940815,1709650136.6941378
8175,1709650136.7861733,1709650136.7862272
8176,1709650136.8887262,1709650136.888774
8177,1709650136.9906905,1709650136.990741
8178,1709650137.0822568,1709650137.0823565
8179,1709650137.188586,1709650137.1886406
8180,1709650137.2803466,1709650137.2803967
8181,1709650137.3866563,1709650137.3867111
8182,1709650137.4887626,1709650137.4888184
8183,1709650137.5947106,1709650137.5947742
8184,1709650137.6853654,1709650137.6854217
8185,1709650137.7934132,1709650137.7934742
8186,1709650137.891474,1709650137.8915725
8187,1709650137.9867702,1709650137.9868674
8188,1709650138.0893517,1709650138.0895424
8189,1709650138.1835995,1709650138.183691
8190,1709650138.2874253,1709650138.2875204
8191,1709650138.3927805,1709650138.392873
8192,1709650138.487528,1709650138.487626
8193,1709650138.5864942,1709650138.5865905
8194,1709650138.688802,1709650138.6889307
8195,1709650138.7853105,1709650138.7854104
8196,1709650138.8861144,1709650138.8862197
8197,1709650138.9896955,1709650138.9898083
8198,1709650139.0880132,1709650139.0881145
8199,1709650139.1902246,1709650139.1903706
8200,1709650139.2864904,1709650139.2865849
8201,1709650139.3851638,1709650139.385266
8202,1709650139.4856932,1709650139.4858856
8203,1709650139.5820549,1709650139.5821643
8204,1709650139.6825664,1709650139.6826704
8205,1709650139.791276,1709650139.7913675
8206,1709650139.8817444,1709650139.881849
8207,1709650139.9812994,1709650139.9814072
8208,1709650140.0832634,1709650140.0833397
8209,1709650140.1883373,1709650140.18844
8210,1709650140.2869194,1709650140.2869797
8211,1709650140.392507,1709650140.3925595
8212,1709650140.4894376,1709650140.489496
8213,1709650140.5877268,1709650140.5877814
8214,1709650140.6854782,1709650140.6855323
8215,1709650140.7862186,1709650140.786307
8216,1709650140.889591,1709650140.8896585
8217,1709650140.9962902,1709650140.9963472
8218,1709650141.0823724,1709650141.0824296
8219,1709650141.1851335,1709650141.185193
8220,1709650141.2892673,1709650141.2893214
8221,1709650141.3829975,1709650141.3830512
8222,1709650141.4815025,1709650141.4815617
8223,1709650141.5990307,1709650141.5991592
8224,1709650141.6990771,1709650141.6991587
8225,1709650141.7932334,1709650141.7933052
8226,1709650141.8828454,1709650141.8829267
8227,1709650141.9881504,1709650141.9882257
8228,1709650142.0813515,1709650142.0813923
8229,1709650142.1937897,1709650142.1938555
8230,1709650142.2818713,1709650142.2819624
8231,1709650142.3858328,1709650142.385877
8232,1709650142.4878674,1709650142.4879243
8233,1709650142.5899992,1709650142.5900433
8234,1709650142.6818895,1709650142.6819763
8235,1709650142.7798793,1709650142.779938
8236,1709650142.887937,1709650142.8879955
8237,1709650142.9882405,1709650142.988287
8238,1709650143.089055,1709650143.089107
8239,1709650143.1902926,1709650143.1903381
8240,1709650143.2865477,1709650143.286607
8241,1709650143.3830829,1709650143.3831422
8242,1709650143.4882996,1709650143.4883766
8243,1709650143.5843394,1709650143.5844326
8244,1709650143.6866455,1709650143.6867006
8245,1709650143.7830708,1709650143.7831182
8246,1709650143.890118,1709650143.890287
8247,1709650143.9876292,1709650143.987686
8248,1709650144.0859292,1709650144.0859888
8249,1709650144.1901307,1709650144.1901436
8250,1709650144.2877934,1709650144.2878008
8251,1709650144.3923886,1709650144.3923988
8252,1709650144.479612,1709650144.4796185
8253,1709650144.5878525,1709650144.5878608
8254,1709650144.6857033,1709650144.6857107
8255,1709650144.7865827,1709650144.7865908
8256,1709650144.8803914,1709650144.8804004
8257,1709650144.9865682,1709650144.9865735
8258,1709650145.091087,1709650145.091096
8259,1709650145.1827223,1709650145.1827319
8260,1709650145.2923014,1709650145.2923102
8261,1709650145.3836253,1709650145.383634
8262,1709650145.4881768,1709650145.4881854
8263,1709650145.5999565,1709650145.5999641
8264,1709650145.6872087,1709650145.6872156
8265,1709650145.79291,1709650145.792918
8266,1709650145.8831618,1709650145.8831687
8267,1709650145.9887938,1709650145.9888034
8268,1709650146.083769,1709650146.0837781
8269,1709650146.1824746,1709650146.1824853
8270,1709650146.2820256,1709650146.2857766
8271,1709650146.3828616,1709650146.3864722
8272,1709650146.4794445,1709650146.4837484
8273,1709650146.5868545,1709650146.592378
8274,1709650146.6852965,1709650146.6914446
8275,1709650146.7840304,1709650146.7944756
8276,1709650146.8868363,1709650146.892651
8277,1709650146.9854105,1709650146.9938517
8278,1709650147.0914743,1709650147.0960557
8279,1709650147.1815686,1709650147.1857395
8280,1709650147.2874284,1709650147.2914138
8281,1709650147.380317,1709650147.3834016
8282,1709650147.4824762,1709650147.4869378
8283,1709650147.5938485,1709650147.5983803
8284,1709650147.6814682,1709650147.6960535
8285,1709650147.7900527,1709650147.794403
8286,1709650147.8836572,1709650147.8878062
8287,1709650147.9892163,1709650147.993204
8288,1709650148.0832403,1709650148.0873146
8289,1709650148.1856818,1709650148.1906815
8290,1709650148.2866986,1709650148.291054
8291,1709650148.3844182,1709650148.3881347
8292,1709650148.4905047,1709650148.4959388
8293,1709650148.5889153,1709650148.5931087
8294,1709650148.6848,1709650148.689835
8295,1709650148.7798765,1709650148.7840376
8296,1709650148.8798616,1709650148.8880415
8297,1709650148.9878106,1709650148.9913585
8298,1709650149.0904155,1709650149.0947008
8299,1709650149.1890142,1709650149.1942117
8300,1709650149.2875862,1709650149.292018
8301,1709650149.3932035,1709650149.3971345
8302,1709650149.4798741,1709650149.4833508
8303,1709650149.5824008,1709650149.5880747
8304,1709650149.6878047,1709650149.6920383
8305,1709650149.7958603,1709650149.7997463
8306,1709650149.8931887,1709650149.8973944
8307,1709650149.9885767,1709650149.9927435
8308,1709650150.0907977,1709650150.0950046
8309,1709650150.1949835,1709650150.1986318
8310,1709650150.2795093,1709650150.2830796
8311,1709650150.388127,1709650150.3931863
8312,1709650150.4932234,1709650150.4971573
8313,1709650150.6010027,1709650150.605162
8314,1709650150.6877294,1709650150.6917646
8315,1709650150.7903354,1709650150.7944665
8316,1709650150.891086,1709650150.8959002
8317,1709650150.987014,1709650150.99169
8318,1709650151.1011653,1709650151.106246
8319,1709650151.1926672,1709650151.1968355
8320,1709650151.2890282,1709650151.2930295
8321,1709650151.389784,1709650151.3937464
8322,1709650151.5017302,1709650151.5064356
8323,1709650151.5961962,1709650151.5991998
8324,1709650151.6954334,1709650151.7013314
8325,1709650151.7946784,1709650151.7986455
8326,1709650151.8877072,1709650151.893016
8327,1709650151.9857676,1709650151.9903846
8328,1709650152.0924413,1709650152.096783
8329,1709650152.1826127,1709650152.1867714
8330,1709650152.291976,1709650152.2970304
8331,1709650152.3895843,1709650152.3945143
8332,1709650152.484592,1709650152.4894028
8333,1709650152.5966105,1709650152.6005158
8334,1709650152.6916213,1709650152.6960614
8335,1709650152.7805114,1709650152.787306
8336,1709650152.8948977,1709650152.9037101
8337,1709650152.9807944,1709650152.9846618
8338,1709650153.086963,1709650153.0921555
8339,1709650153.1960974,1709650153.2000186
8340,1709650153.291203,1709650153.2962453
8341,1709650153.3847287,1709650153.3890662
8342,1709650153.4896176,1709650153.4934168
8343,1709650153.5883622,1709650153.5927458
8344,1709650153.6880918,1709650153.692803
8345,1709650153.7894695,1709650153.7938519
8346,1709650153.885479,1709650153.8894796
8347,1709650153.9878957,1709650153.9920862
8348,1709650154.08952,1709650154.0939758
8349,1709650154.1858053,1709650154.1903067
8350,1709650154.2873847,1709650154.2920058
8351,1709650154.387671,1709650154.391853
8352,1709650154.4855936,1709650154.48942
8353,1709650154.5914311,1709650154.5959775
8354,1709650154.6858869,1709650154.6906052
8355,1709650154.785845,1709650154.790105
8356,1709650154.883335,1709650154.8872912
8357,1709650154.9807813,1709650154.9848738
8358,1709650155.086561,1709650155.0900931
8359,1709650155.1936576,1709650155.1985984
8360,1709650155.2935314,1709650155.2990322
8361,1709650155.3936694,1709650155.4000278
8362,1709650155.482612,1709650155.4876404
8363,1709650155.5944905,1709650155.599705
8364,1709650155.6894085,1709650155.6935434
8365,1709650155.7899735,1709650155.7954378
8366,1709650155.8911703,1709650155.8961854
8367,1709650155.985256,1709650155.9895587
8368,1709650156.0920014,1709650156.1000104
8369,1709650156.1875167,1709650156.1915033
8370,1709650156.2929053,1709650156.2970824
8371,1709650156.3857708,1709650156.390365
8372,1709650156.4848607,1709650156.4897296
8373,1709650156.5979612,1709650156.6019192
8374,1709650156.6855829,1709650156.689949
8375,1709650156.7922604,1709650156.7968373
8376,1709650156.8870225,1709650156.8910315
8377,1709650156.9884765,1709650156.9927633
8378,1709650157.0851083,1709650157.0878305
8379,1709650157.190072,1709650157.1939354
8380,1709650157.2839718,1709650157.2897851
8381,1709650157.3929787,1709650157.3974917
8382,1709650157.4858615,1709650157.4898715
8383,1709650157.5866296,1709650157.5907435
8384,1709650157.6922367,1709650157.6981423
8385,1709650157.7913725,1709650157.7955592
8386,1709650157.8853521,1709650157.8894467
8387,1709650157.9883566,1709650157.9917572
8388,1709650158.0846334,1709650158.0921981
8389,1709650158.187707,1709650158.1917682
8390,1709650158.2924914,1709650158.2973804
8391,1709650158.3978813,1709650158.402654
8392,1709650158.490239,1709650158.4968095
8393,1709650158.5979733,1709650158.6021812
8394,1709650158.686993,1709650158.690812
8395,1709650158.789079,1709650158.794102
8396,1709650158.8850484,1709650158.8886209
8397,1709650158.9947917,1709650159.0000377
8398,1709650159.0820537,1709650159.0864453
8399,1709650159.189969,1709650159.194234
8400,1709650159.2835627,1709650159.287932
8401,1709650159.3890765,1709650159.3937042
8402,1709650159.4836829,1709650159.4879625
8403,1709650159.5899785,1709650159.5950122
8404,1709650159.6847332,1709650159.689157
8405,1709650159.7887213,1709650159.793695
8406,1709650159.8962688,1709650159.9020605
8407,1709650159.987781,1709650159.9943547
8408,1709650160.089264,1709650160.0936604
8409,1709650160.1816401,1709650160.1854377
8410,1709650160.2897556,1709650160.2946515
8411,1709650160.382272,1709650160.386387
8412,1709650160.4895,1709650160.4950008
8413,1709650160.5996397,1709650160.60342
8414,1709650160.687946,1709650160.6940248
8415,1709650160.7835226,1709650160.7880042
8416,1709650160.8897748,1709650160.8941686
8417,1709650160.9880877,1709650160.992798
8418,1709650161.0896943,1709650161.094073
8419,1709650161.1843092,1709650161.1870425
8420,1709650161.2876315,1709650161.2908375
8421,1709650161.3888779,1709650161.3937814
8422,1709650161.499197,1709650161.503611
8423,1709650161.5876284,1709650161.5911174
8424,1709650161.6878564,1709650161.6926858
8425,1709650161.7883625,1709650161.7938247
8426,1709650161.8873343,1709650161.8926728
8427,1709650161.9804819,1709650161.9846206
8428,1709650162.0883586,1709650162.0929232
8429,1709650162.1903086,1709650162.1943865
8430,1709650162.2864773,1709650162.2918272
8431,1709650162.387424,1709650162.3914433
8432,1709650162.485711,1709650162.4903204
8433,1709650162.587996,1709650162.594198
8434,1709650162.6940968,1709650162.6982005
8435,1709650162.789604,1709650162.7933683
8436,1709650162.8888645,1709650162.8923979
8437,1709650162.9859786,1709650162.9906318
8438,1709650163.0817578,1709650163.0870416
8439,1709650163.181595,1709650163.1852129
8440,1709650163.29049,1709650163.2952213
8441,1709650163.3881583,1709650163.3936405
8442,1709650163.4865391,1709650163.4921145
8443,1709650163.5853672,1709650163.591406
8444,1709650163.6802502,1709650163.6845243
8445,1709650163.795921,1709650163.8000262
8446,1709650163.8950603,1709650163.9029555
8447,1709650163.9810305,1709650163.986823
8448,1709650164.0880053,1709650164.093054
8449,1709650164.1911528,1709650164.1946774
8450,1709650164.2901442,1709650164.2945008
8451,1709650164.3909936,1709650164.3955286
8452,1709650164.4892879,1709650164.4931095
8453,1709650164.5937936,1709650164.598016
8454,1709650164.696207,1709650164.7010272
8455,1709650164.7809627,1709650164.7845879
8456,1709650164.8853755,1709650164.8897603
8457,1709650164.9817872,1709650164.9871476
8458,1709650165.0900872,1709650165.0943341
8459,1709650165.1983554,1709650165.2046697
8460,1709650165.2845078,1709650165.2887547
8461,1709650165.3884015,1709650165.3927777
8462,1709650165.4832995,1709650165.4872777
8463,1709650165.5917296,1709650165.5959008
8464,1709650165.6910834,1709650165.6952007
8465,1709650165.7804847,1709650165.7835927
8466,1709650165.8859656,1709650165.8914862
8467,1709650165.9868612,1709650165.9935904
8468,1709650166.0939565,1709650166.0988846
8469,1709650166.1893592,1709650166.1936994
8470,1709650166.282775,1709650166.2887785
8471,1709650166.3904846,1709650166.3940482
8472,1709650166.4985032,1709650166.5028358
8473,1709650166.587035,1709650166.592223
8474,1709650166.6888573,1709650166.6929462
8475,1709650166.788202,1709650166.7924757
8476,1709650166.8893085,1709650166.8939996
8477,1709650166.9905188,1709650166.9941497
8478,1709650167.0869188,1709650167.0912244
8479,1709650167.1870472,1709650167.1907802
8480,1709650167.2979999,1709650167.3026383
8481,1709650167.38735,1709650167.3921313
8482,1709650167.494578,1709650167.4991226
8483,1709650167.5886402,1709650167.5930526
8484,1709650167.689122,1709650167.693599
8485,1709650167.796378,1709650167.7995124
8486,1709650167.8825917,1709650167.8873966
8487,1709650167.9914765,1709650167.995406
8488,1709650168.0823216,1709650168.0865676
8489,1709650168.1931374,1709650168.197447
8490,1709650168.2901924,1709650168.2945516
8491,1709650168.384,1709650168.3882082
8492,1709650168.486951,1709650168.489617
8493,1709650168.5872114,1709650168.5914114
8494,1709650168.6821496,1709650168.6868324
8495,1709650168.791768,1709650168.7960362
8496,1709650168.8879414,1709650168.8919048
8497,1709650168.987382,1709650168.9899402
8498,1709650169.093785,1709650169.0979474
8499,1709650169.19664,1709650169.2015545
8500,1709650169.2853324,1709650169.2853408
8501,1709650169.3891203,1709650169.3891277
8502,1709650169.4861176,1709650169.4861262
8503,1709650169.603818,1709650169.6038246
8504,1709650169.692679,1709650169.692687
8505,1709650169.794446,1709650169.7944524
8506,1709650169.8829267,1709650169.8829346
8507,1709650169.9937844,1709650169.9937906
8508,1709650170.084725,1709650170.0847318
8509,1709650170.1830285,1709650170.1830354
8510,1709650170.2832513,1709650170.28326
8511,1709650170.391394,1709650170.391399
8512,1709650170.4868858,1709650170.486894
8513,1709650170.5878432,1709650170.587851
8514,1709650170.6801882,1709650170.6801956
8515,1709650170.7865403,1709650170.7865481
8516,1709650170.895433,1709650170.8954399
8517,1709650170.9798212,1709650170.979827
8518,1709650171.0920553,1709650171.0920634
8519,1709650171.1941109,1709650171.19412
8520,1709650171.284646,1709650171.2846537
8521,1709650171.3847756,1709650171.3847835
8522,1709650171.492575,1709650171.4925838
8523,1709650171.5880353,1709650171.5880425
8524,1709650171.6918576,1709650171.6918626
8525,1709650171.7844994,1709650171.7845037
8526,1709650171.887261,1709650171.8872683
8527,1709650171.9869227,1709650171.9869297
8528,1709650172.083165,1709650172.0831697
8529,1709650172.1818616,1709650172.1818662
8530,1709650172.2882829,1709650172.2882876
8531,1709650172.3940597,1709650172.3940678
8532,1709650172.4905734,1709650172.490584
8533,1709650172.5918543,1709650172.5918617
8534,1709650172.6858294,1709650172.6858363
8535,1709650172.7878737,1709650172.787882
8536,1709650172.8855634,1709650172.885574
8537,1709650172.9888012,1709650172.9888096
8538,1709650173.0891573,1709650173.0891662
8539,1709650173.1881845,1709650173.1881928
8540,1709650173.2909007,1709650173.2909098
8541,1709650173.3851395,1709650173.3851454
8542,1709650173.4911194,1709650173.4911256
8543,1709650173.5863702,1709650173.5863774
8544,1709650173.6845345,1709650173.6845417
8545,1709650173.7827182,1709650173.7827256
8546,1709650173.8909621,1709650173.8909688
8547,1709650173.9890487,1709650173.989054
8548,1709650174.0942528,1709650174.0942602
8549,1709650174.185254,1709650174.1852624
8550,1709650174.2813332,1709650174.2813404
8551,1709650174.3859217,1709650174.3859282
8552,1709650174.487502,1709650174.48751
8553,1709650174.5965242,1709650174.5965316
8554,1709650174.6826525,1709650174.682661
8555,1709650174.7955546,1709650174.7955635
8556,1709650174.8815076,1709650174.881515
8557,1709650174.996517,1709650174.9965284
8558,1709650175.0823843,1709650175.0823917
8559,1709650175.1883912,1709650175.188398
8560,1709650175.299232,1709650175.299241
8561,1709650175.3871465,1709650175.3871543
8562,1709650175.4848905,1709650175.4848993
8563,1709650175.5959115,1709650175.595921
8564,1709650175.6839557,1709650175.6839669
8565,1709650175.7877362,1709650175.787744
8566,1709650175.8908455,1709650175.8908517
8567,1709650175.9809036,1709650175.98091
8568,1709650176.0882757,1709650176.0882835
8569,1709650176.1927907,1709650176.192799
8570,1709650176.2854683,1709650176.2854767
8571,1709650176.3909194,1709650176.3909276
8572,1709650176.4867754,1709650176.486783
8573,1709650176.5887005,1709650176.5887065
8574,1709650176.689095,1709650176.6891015
8575,1709650176.788503,1709650176.788509
8576,1709650176.8805125,1709650176.8805175
8577,1709650176.9876459,1709650176.9876523
8578,1709650177.0882702,1709650177.0882776
8579,1709650177.1867185,1709650177.1867259
8580,1709650177.287606,1709650177.2876122
8581,1709650177.3938994,1709650177.393906
8582,1709650177.484793,1709650177.4847984
8583,1709650177.5927575,1709650177.592767
8584,1709650177.6845863,1709650177.684591
8585,1709650177.7895837,1709650177.7895918
8586,1709650177.883025,1709650177.8830338
8587,1709650177.9872105,1709650177.9872184
8588,1709650178.0843863,1709650178.0843945
8589,1709650178.1819272,1709650178.1819365
8590,1709650178.2861953,1709650178.286203
8591,1709650178.383287,1709650178.3832948
8592,1709650178.4802072,1709650178.480215
8593,1709650178.5873246,1709650178.587332
8594,1709650178.693902,1709650178.6939096
8595,1709650178.780369,1709650178.7803757
8596,1709650178.8825266,1709650178.882534
8597,1709650178.98194,1709650178.9819467
8598,1709650179.0896316,1709650179.0896394
8599,1709650179.1882956,1709650179.188304
8600,1709650179.2863853,1709650179.2863927
8601,1709650179.3949144,1709650179.3949218
8602,1709650179.4854326,1709650179.4854403
8603,1709650179.5814376,1709650179.5814464
8604,1709650179.6856227,1709650179.6856275
8605,1709650179.7911084,1709650179.7911146
8606,1709650179.8845956,1709650179.8846018
8607,1709650179.986381,1709650179.9863877
8608,1709650180.0910573,1709650180.091065
8609,1709650180.1928937,1709650180.1929011
8610,1709650180.28839,1709650180.2883983
8611,1709650180.380555,1709650180.3805618
8612,1709650180.4953508,1709650180.495358
8613,1709650180.587513,1709650180.587521
8614,1709650180.6842444,1709650180.684251
8615,1709650180.7873034,1709650180.787312
8616,1709650180.8949907,1709650180.894999
8617,1709650180.9927783,1709650180.992786
8618,1709650181.084651,1709650181.0846577
8619,1709650181.1849174,1709650181.1849227
8620,1709650181.286048,1709650181.2860544
8621,1709650181.385119,1709650181.3851235
8622,1709650181.4859781,1709650181.4859848
8623,1709650181.587724,1709650181.5877335
8624,1709650181.6899364,1709650181.689952
8625,1709650181.7933922,1709650181.7933989
8626,1709650181.8928778,1709650181.8928843
8627,1709650181.983448,1709650181.983456
8628,1709650182.0958145,1709650182.0958238
8629,1709650182.186936,1709650182.1869438
8630,1709650182.2888286,1709650182.288836
8631,1709650182.3834276,1709650182.383434
8632,1709650182.4875467,1709650182.4875546
8633,1709650182.59584,1709650182.595847
8634,1709650182.7018094,1709650182.701817
8635,1709650182.7964933,1709650182.7965019
8636,1709650182.895158,1709650182.8951652
8637,1709650182.9880412,1709650182.9880483
8638,1709650183.0937328,1709650183.0937414
8639,1709650183.1902442,1709650183.190251
8640,1709650183.292944,1709650183.2929509
8641,1709650183.3857234,1709650183.385731
8642,1709650183.487999,1709650183.4880068
8643,1709650183.5807786,1709650183.5807865
8644,1709650183.6833277,1709650183.6833367
8645,1709650183.7887094,1709650183.7887146
8646,1709650183.8918424,1709650183.8918498
8647,1709650183.986504,1709650183.9865117
8648,1709650184.0872426,1709650184.087251
8649,1709650184.1835606,1709650184.1835678
8650,1709650184.29215,1709650184.2921574
8651,1709650184.3909855,1709650184.3909938
8652,1709650184.4940763,1709650184.4940836
8653,1709650184.5900428,1709650184.5900512
8654,1709650184.692625,1709650184.6926336
8655,1709650184.7885303,1709650184.7885377
8656,1709650184.8828855,1709650184.8828938
8657,1709650184.9837742,1709650184.9837852
8658,1709650185.0870836,1709650185.0870907
8659,1709650185.1863215,1709650185.1863308
8660,1709650185.2903616,1709650185.290369
8661,1709650185.3866765,1709650185.3866844
8662,1709650185.4946065,1709650185.4946175
8663,1709650185.5871565,1709650185.5871642
8664,1709650185.690494,1709650185.6905024
8665,1709650185.7883942,1709650185.7884023
8666,1709650185.8942628,1709650185.8942697
8667,1709650185.9915085,1709650185.991517
8668,1709650186.0852153,1709650186.0852225
8669,1709650186.1875443,1709650186.187551
8670,1709650186.2851677,1709650186.2851763
8671,1709650186.3826432,1709650186.3826518
8672,1709650186.4844747,1709650186.4844842
8673,1709650186.5935836,1709650186.5935907
8674,1709650186.684293,1709650186.6842997
8675,1709650186.7851646,1709650186.785173
8676,1709650186.8813224,1709650186.8813303
8677,1709650186.9916184,1709650186.991625
8678,1709650187.1018422,1709650187.1018496
8679,1709650187.194363,1709650187.1943722
8680,1709650187.293028,1709650187.2930362
8681,1709650187.3971245,1709650187.397132
8682,1709650187.4974375,1709650187.4974458
8683,1709650187.6060886,1709650187.606096
8684,1709650187.6895366,1709650187.689544
8685,1709650187.7878149,1709650187.7878234
8686,1709650187.8841958,1709650187.8842049
8687,1709650187.9876995,1709650187.987706
8688,1709650188.0798545,1709650188.0798626
8689,1709650188.1878667,1709650188.1878724
8690,1709650188.2909365,1709650188.290945
8691,1709650188.3904576,1709650188.390465
8692,1709650188.4962957,1709650188.4963028
8693,1709650188.5867026,1709650188.5867102
8694,1709650188.6871743,1709650188.6871793
8695,1709650188.792843,1709650188.7928479
8696,1709650188.8876195,1709650188.8876262
8697,1709650188.9892192,1709650188.9892266
8698,1709650189.084911,1709650189.0849183
8699,1709650189.194054,1709650189.19406
8700,1709650189.2962365,1709650189.2962456
8701,1709650189.3977668,1709650189.3977754
8702,1709650189.4859617,1709650189.4859674
8703,1709650189.6070724,1709650189.6070774
8704,1709650189.6895707,1709650189.6895804
8705,1709650189.7874496,1709650189.7874572
8706,1709650189.8855975,1709650189.8856082
8707,1709650189.9905138,1709650189.9905205
8708,1709650190.0940828,1709650190.094092
8709,1709650190.188259,1709650190.1882653
8710,1709650190.2794137,1709650190.279422
8711,1709650190.3887594,1709650190.3887641
8712,1709650190.487016,1709650190.4870248
8713,1709650190.5869613,1709650190.5869687
8714,1709650190.993588,1709650190.9936023
8715,1709650191.0044527,1709650191.0044603
8716,1709650191.0976214,1709650191.097629
8717,1709650191.1993957,1709650191.199402
8718,1709650191.2862086,1709650191.2862153
8719,1709650191.3899684,1709650191.3899758
8720,1709650191.4906938,1709650191.490705
8721,1709650191.5883996,1709650191.5884063
8722,1709650191.6816003,1709650191.6816103
8723,1709650191.7821496,1709650191.7821574
8724,1709650191.88185,1709650191.8818579
8725,1709650191.9810581,1709650191.9810655
8726,1709650192.0882277,1709650192.088234
8727,1709650192.1912806,1709650192.1912875
8728,1709650192.295324,1709650192.2953336
8729,1709650192.3840237,1709650192.3840308
8730,1709650192.4829051,1709650192.482916
8731,1709650192.5915594,1709650192.5915675
8732,1709650192.6853318,1709650192.6853406
8733,1709650192.7866504,1709650192.7866585
8734,1709650192.882165,1709650192.8821745
8735,1709650192.9862065,1709650192.9862134
8736,1709650193.0964012,1709650193.0964096
8737,1709650193.1857603,1709650193.1857665
8738,1709650193.2882943,1709650193.2883024
8739,1709650193.3814518,1709650193.3814585
8740,1709650193.4984949,1709650193.4985015
8741,1709650193.58599,1709650193.5859966
8742,1709650193.6892295,1709650193.6892369
8743,1709650193.784942,1709650193.7849493
8744,1709650193.8941169,1709650193.8941302
8745,1709650193.986313,1709650193.986322
8746,1709650194.1027827,1709650194.1027896
8747,1709650194.1957293,1709650194.1957378
8748,1709650194.2897518,1709650194.2941108
8749,1709650194.3837566,1709650194.3877432
8750,1709650194.4898317,1709650194.4942675
8751,1709650194.5965972,1709650194.6018007
8752,1709650194.6889582,1709650194.6943157
8753,1709650194.7864845,1709650194.7896616
8754,1709650194.879164,1709650194.8836582
8755,1709650194.9837139,1709650194.9877965
8756,1709650195.0846918,1709650195.0892947
8757,1709650195.1865993,1709650195.1928756
8758,1709650195.2843482,1709650195.2869842
8759,1709650195.386801,1709650195.3912463
8760,1709650195.488608,1709650195.4933703
8761,1709650195.5857673,1709650195.5929346
8762,1709650195.6901069,1709650195.6952202
8763,1709650195.7982347,1709650195.8023071
8764,1709650195.8893087,1709650195.8939373
8765,1709650195.9851484,1709650195.9915931
8766,1709650196.0988684,1709650196.1029656
8767,1709650196.2004375,1709650196.2045662
8768,1709650196.2824807,1709650196.286944
8769,1709650196.3860292,1709650196.3904495
8770,1709650196.4836962,1709650196.4879372
8771,1709650196.5917363,1709650196.5956743
8772,1709650196.6957383,1709650196.6997774
8773,1709650196.7942255,1709650196.7981236
8774,1709650196.8929467,1709650196.8974993
8775,1709650196.983671,1709650196.9877102
8776,1709650197.0932717,1709650197.097236
8777,1709650197.1968856,1709650197.2010906
8778,1709650197.2971914,1709650197.3010879
8779,1709650197.3957975,1709650197.400197
8780,1709650197.4868467,1709650197.4914298
8781,1709650197.5897624,1709650197.5942419
8782,1709650197.692879,1709650197.697097
8783,1709650197.7870655,1709650197.7918482
8784,1709650197.8949587,1709650197.899796
8785,1709650197.9866598,1709650197.9958186
8786,1709650198.0858705,1709650198.0902667
8787,1709650198.18907,1709650198.193606
8788,1709650198.287733,1709650198.2905686
8789,1709650198.387348,1709650198.3919377
8790,1709650198.499859,1709650198.505947
8791,1709650198.5976098,1709650198.6015143
8792,1709650198.6906717,1709650198.6948786
8793,1709650198.7875097,1709650198.7925565
8794,1709650198.8931353,1709650198.8971753
8795,1709650198.9934223,1709650198.998741
8796,1709650199.084675,1709650199.0927184
8797,1709650199.193362,1709650199.1981697
8798,1709650199.292258,1709650199.2963152
8799,1709650199.390237,1709650199.3947158
8800,1709650199.4897199,1709650199.4943197
8801,1709650199.5886781,1709650199.593266
8802,1709650199.6950998,1709650199.6993997
8803,1709650199.783152,1709650199.7885096
8804,1709650199.8905094,1709650199.8968728
8805,1709650199.9929001,1709650199.9978585
8806,1709650200.088995,1709650200.0951307
8807,1709650200.1851418,1709650200.1904662
8808,1709650200.2909045,1709650200.2948382
8809,1709650200.3872433,1709650200.3921998
8810,1709650200.4837353,1709650200.4878662
8811,1709650200.6052895,1709650200.609842
8812,1709650200.6897485,1709650200.6937265
8813,1709650200.791488,1709650200.7955709
8814,1709650200.8844934,1709650200.8905373
8815,1709650200.9903078,1709650200.99442
8816,1709650201.0818584,1709650201.0874498
8817,1709650201.1887908,1709650201.1933358
8818,1709650201.290095,1709650201.2966607
8819,1709650201.396533,1709650201.3991306
8820,1709650201.4951456,1709650201.4988568
8821,1709650201.599354,1709650201.604892
8822,1709650201.6849668,1709650201.6893992
8823,1709650201.7943797,1709650201.7997324
8824,1709650201.8969257,1709650201.9038973
8825,1709650201.9899068,1709650201.9943724
8826,1709650202.095065,1709650202.099802
8827,1709650202.1876767,1709650202.192133
8828,1709650202.2869632,1709650202.291477
8829,1709650202.397082,1709650202.4040425
8830,1709650202.4846501,1709650202.48927
8831,1709650202.5945408,1709650202.5984883
8832,1709650202.7069528,1709650202.7122712
8833,1709650202.7892306,1709650202.7950597
8834,1709650202.8927855,1709650202.8975725
8835,1709650202.984151,1709650202.9902089
8836,1709650203.0962763,1709650203.1001155
8837,1709650203.1853812,1709650203.1903057
8838,1709650203.2909186,1709650203.2951896
8839,1709650203.388611,1709650203.3916845
8840,1709650203.489927,1709650203.4942176
8841,1709650203.6006765,1709650203.6059513
8842,1709650203.6917212,1709650203.6968625
8843,1709650203.791929,1709650203.7968025
8844,1709650203.8890853,1709650203.8936386
8845,1709650203.9807053,1709650203.9868314
8846,1709650204.0850303,1709650204.0919664
8847,1709650204.1900167,1709650204.194304
8848,1709650204.282858,1709650204.287484
8849,1709650204.3876324,1709650204.391266
8850,1709650204.4840548,1709650204.4884758
8851,1709650204.589967,1709650204.5946662
8852,1709650204.6876469,1709650204.6922338
8853,1709650204.784359,1709650204.7881174
8854,1709650204.8940973,1709650204.8995583
8855,1709650204.9907386,1709650204.9947474
8856,1709650205.0850322,1709650205.0893388
8857,1709650205.2002227,1709650205.2071795
8858,1709650205.2864275,1709650205.2900043
8859,1709650205.3856616,1709650205.3903959
8860,1709650205.4868946,1709650205.4913104
8861,1709650205.5897882,1709650205.5938148
8862,1709650205.6918445,1709650205.6958694
8863,1709650205.7892423,1709650205.7931478
8864,1709650205.883677,1709650205.8886242
8865,1709650205.9914472,1709650205.995183
8866,1709650206.0877807,1709650206.0918381
8867,1709650206.1972528,1709650206.2012935
8868,1709650206.2889762,1709650206.291986
8869,1709650206.392958,1709650206.3970678
8870,1709650206.495568,1709650206.5002959
8871,1709650206.5869582,1709650206.594454
8872,1709650206.692501,1709650206.6980538
8873,1709650206.7903717,1709650206.7946274
8874,1709650206.8871493,1709650206.8911097
8875,1709650206.9832885,1709650206.987382
8876,1709650207.0824602,1709650207.0890918
8877,1709650207.1916802,1709650207.196788
8878,1709650207.2822652,1709650207.285659
8879,1709650207.383897,1709650207.3884745
8880,1709650207.4879558,1709650207.4919689
8881,1709650207.5882359,1709650207.5927987
8882,1709650207.6921353,1709650207.6985645
8883,1709650207.7825246,1709650207.7876773
8884,1709650207.8870485,1709650207.891561
8885,1709650207.9808393,1709650207.9856079
8886,1709650208.0925894,1709650208.1046426
8887,1709650208.19307,1709650208.197393
8888,1709650208.2946868,1709650208.2990625
8889,1709650208.3883135,1709650208.3930936
8890,1709650208.486373,1709650208.491153
8891,1709650208.5905912,1709650208.5950823
8892,1709650208.6854942,1709650208.6900122
8893,1709650208.786266,1709650208.790422
8894,1709650208.884504,1709650208.8901563
8895,1709650208.9808893,1709650208.9850407
8896,1709650209.0850685,1709650209.0881398
8897,1709650209.1874435,1709650209.1919546
8898,1709650209.2844343,1709650209.2892766
8899,1709650209.387378,1709650209.391552
8900,1709650209.489688,1709650209.495451
8901,1709650209.5944011,1709650209.598989
8902,1709650209.682947,1709650209.6872995
8903,1709650209.784743,1709650209.788997
8904,1709650209.8848746,1709650209.888397
8905,1709650209.9900095,1709650209.9939532
8906,1709650210.0864792,1709650210.09038
8907,1709650210.187296,1709650210.1910381
8908,1709650210.2830637,1709650210.2863808
8909,1709650210.3855383,1709650210.3881745
8910,1709650210.4884677,1709650210.4910262
8911,1709650210.5810158,1709650210.587774
8912,1709650210.681491,1709650210.6848924
8913,1709650210.7840338,1709650210.7866828
8914,1709650210.8887734,1709650210.895093
8915,1709650210.9881802,1709650210.9942496
8916,1709650211.0794108,1709650211.0872855
8917,1709650211.1907885,1709650211.1948552
8918,1709650211.2937906,1709650211.2989295
8919,1709650211.3911831,1709650211.3959439
8920,1709650211.4963067,1709650211.4998834
8921,1709650211.5973692,1709650211.6019113
8922,1709650212.0638855,1709650212.0683503
8923,1709650212.0850644,1709650212.094624
8924,1709650212.1848779,1709650212.1893888
8925,1709650212.290338,1709650212.2957766
8926,1709650212.3915246,1709650212.3949714
8927,1709650212.489187,1709650212.4935315
8928,1709650212.5869207,1709650212.595843
8929,1709650213.0690362,1709650213.0734432
8930,1709650213.0859342,1709650213.090881
8931,1709650213.1818416,1709650213.1856985
8932,1709650213.2855518,1709650213.2897415
8933,1709650213.3908792,1709650213.3951163
8934,1709650213.4817648,1709650213.4850683
8935,1709650213.589966,1709650213.5953593
8936,1709650214.071869,1709650214.0754304
8937,1709650214.0828557,1709650214.0869899
8938,1709650214.1854653,1709650214.1896393
