[4.122s] DEBUG:colcon:Command line arguments: ['/usr/bin/colcon', 'build', '--packages-select', 'onecim', '--symlink-install']
[4.122s] DEBUG:colcon:Parsed command line arguments: Namespace(allow_overriding=[], ament_cmake_args=None, base_paths=['.'], build_base='build', catkin_cmake_args=None, catkin_skip_building_tests=False, cmake_args=None, cmake_clean_cache=False, cmake_clean_first=False, cmake_force_configure=False, cmake_target=None, cmake_target_skip_unavailable=False, continue_on_error=False, event_handlers=None, executor='parallel', ignore_user_meta=False, install_base='install', log_base=None, log_level=None, main=<bound method BuildVerb.main of <colcon_core.verb.build.BuildVerb object at 0x7f8499e9cbb0>>, merge_install=False, metas=['./colcon.meta'], packages_above=None, packages_above_and_dependencies=None, packages_above_depth=None, packages_end=None, packages_ignore=None, packages_ignore_regex=None, packages_select=['onecim'], packages_select_build_failed=False, packages_select_by_dep=None, packages_select_regex=None, packages_select_test_failures=False, packages_skip=None, packages_skip_build_finished=False, packages_skip_by_dep=None, packages_skip_regex=None, packages_skip_test_passed=False, packages_skip_up_to=None, packages_start=None, packages_up_to=None, packages_up_to_regex=None, parallel_workers=8, paths=None, symlink_install=True, test_result_base=None, verb_extension=<colcon_core.verb.build.BuildVerb object at 0x7f8499e9cbb0>, verb_name='build', verb_parser=<colcon_defaults.argument_parser.defaults.DefaultArgumentsDecorator object at 0x7f8499de29d0>)
[4.293s] Level 1:colcon.colcon_core.package_discovery:discover_packages(colcon_meta) check parameters
[4.293s] Level 1:colcon.colcon_core.package_discovery:discover_packages(recursive) check parameters
[4.293s] Level 1:colcon.colcon_core.package_discovery:discover_packages(ignore) check parameters
[4.293s] Level 1:colcon.colcon_core.package_discovery:discover_packages(path) check parameters
[4.294s] Level 1:colcon.colcon_core.package_discovery:discover_packages(colcon_meta) discover
[4.294s] Level 1:colcon.colcon_core.package_discovery:discover_packages(recursive) discover
[4.294s] INFO:colcon.colcon_core.package_discovery:Crawling recursively for packages in '/home/babangida/ros_ws'
[4.294s] Level 1:colcon.colcon_core.package_identification:_identify(.) by extensions ['ignore', 'ignore_ament_install']
[4.294s] Level 1:colcon.colcon_core.package_identification:_identify(.) by extension 'ignore'
[4.294s] Level 1:colcon.colcon_core.package_identification:_identify(.) by extension 'ignore_ament_install'
[4.294s] Level 1:colcon.colcon_core.package_identification:_identify(.) by extensions ['colcon_pkg']
[4.294s] Level 1:colcon.colcon_core.package_identification:_identify(.) by extension 'colcon_pkg'
[4.294s] Level 1:colcon.colcon_core.package_identification:_identify(.) by extensions ['colcon_meta']
[4.294s] Level 1:colcon.colcon_core.package_identification:_identify(.) by extension 'colcon_meta'
[4.294s] Level 1:colcon.colcon_core.package_identification:_identify(.) by extensions ['ros']
[4.294s] Level 1:colcon.colcon_core.package_identification:_identify(.) by extension 'ros'
[4.316s] Level 1:colcon.colcon_core.package_identification:_identify(.) by extensions ['cmake', 'python']
[4.316s] Level 1:colcon.colcon_core.package_identification:_identify(.) by extension 'cmake'
[4.316s] Level 1:colcon.colcon_core.package_identification:_identify(.) by extension 'python'
[4.316s] Level 1:colcon.colcon_core.package_identification:_identify(.) by extensions ['python_setup_py']
[4.316s] Level 1:colcon.colcon_core.package_identification:_identify(.) by extension 'python_setup_py'
[4.316s] Level 1:colcon.colcon_core.package_identification:_identify(AllResults) by extensions ['ignore', 'ignore_ament_install']
[4.316s] Level 1:colcon.colcon_core.package_identification:_identify(AllResults) by extension 'ignore'
[4.316s] Level 1:colcon.colcon_core.package_identification:_identify(AllResults) by extension 'ignore_ament_install'
[4.316s] Level 1:colcon.colcon_core.package_identification:_identify(AllResults) by extensions ['colcon_pkg']
[4.316s] Level 1:colcon.colcon_core.package_identification:_identify(AllResults) by extension 'colcon_pkg'
[4.316s] Level 1:colcon.colcon_core.package_identification:_identify(AllResults) by extensions ['colcon_meta']
[4.317s] Level 1:colcon.colcon_core.package_identification:_identify(AllResults) by extension 'colcon_meta'
[4.317s] Level 1:colcon.colcon_core.package_identification:_identify(AllResults) by extensions ['ros']
[4.317s] Level 1:colcon.colcon_core.package_identification:_identify(AllResults) by extension 'ros'
[4.317s] Level 1:colcon.colcon_core.package_identification:_identify(AllResults) by extensions ['cmake', 'python']
[4.317s] Level 1:colcon.colcon_core.package_identification:_identify(AllResults) by extension 'cmake'
[4.317s] Level 1:colcon.colcon_core.package_identification:_identify(AllResults) by extension 'python'
[4.317s] Level 1:colcon.colcon_core.package_identification:_identify(AllResults) by extensions ['python_setup_py']
[4.317s] Level 1:colcon.colcon_core.package_identification:_identify(AllResults) by extension 'python_setup_py'
[4.317s] Level 1:colcon.colcon_core.package_identification:_identify(AllResults/fiftyVehs) by extensions ['ignore', 'ignore_ament_install']
[4.317s] Level 1:colcon.colcon_core.package_identification:_identify(AllResults/fiftyVehs) by extension 'ignore'
[4.317s] Level 1:colcon.colcon_core.package_identification:_identify(AllResults/fiftyVehs) by extension 'ignore_ament_install'
[4.317s] Level 1:colcon.colcon_core.package_identification:_identify(AllResults/fiftyVehs) by extensions ['colcon_pkg']
[4.318s] Level 1:colcon.colcon_core.package_identification:_identify(AllResults/fiftyVehs) by extension 'colcon_pkg'
[4.318s] Level 1:colcon.colcon_core.package_identification:_identify(AllResults/fiftyVehs) by extensions ['colcon_meta']
[4.318s] Level 1:colcon.colcon_core.package_identification:_identify(AllResults/fiftyVehs) by extension 'colcon_meta'
[4.318s] Level 1:colcon.colcon_core.package_identification:_identify(AllResults/fiftyVehs) by extensions ['ros']
[4.318s] Level 1:colcon.colcon_core.package_identification:_identify(AllResults/fiftyVehs) by extension 'ros'
[4.318s] Level 1:colcon.colcon_core.package_identification:_identify(AllResults/fiftyVehs) by extensions ['cmake', 'python']
[4.318s] Level 1:colcon.colcon_core.package_identification:_identify(AllResults/fiftyVehs) by extension 'cmake'
[4.318s] Level 1:colcon.colcon_core.package_identification:_identify(AllResults/fiftyVehs) by extension 'python'
[4.318s] Level 1:colcon.colcon_core.package_identification:_identify(AllResults/fiftyVehs) by extensions ['python_setup_py']
[4.318s] Level 1:colcon.colcon_core.package_identification:_identify(AllResults/fiftyVehs) by extension 'python_setup_py'
[4.319s] Level 1:colcon.colcon_core.package_identification:_identify(AllResults/fiftyVehs/fourWay) by extensions ['ignore', 'ignore_ament_install']
[4.319s] Level 1:colcon.colcon_core.package_identification:_identify(AllResults/fiftyVehs/fourWay) by extension 'ignore'
[4.319s] Level 1:colcon.colcon_core.package_identification:_identify(AllResults/fiftyVehs/fourWay) by extension 'ignore_ament_install'
[4.319s] Level 1:colcon.colcon_core.package_identification:_identify(AllResults/fiftyVehs/fourWay) by extensions ['colcon_pkg']
[4.319s] Level 1:colcon.colcon_core.package_identification:_identify(AllResults/fiftyVehs/fourWay) by extension 'colcon_pkg'
[4.319s] Level 1:colcon.colcon_core.package_identification:_identify(AllResults/fiftyVehs/fourWay) by extensions ['colcon_meta']
[4.319s] Level 1:colcon.colcon_core.package_identification:_identify(AllResults/fiftyVehs/fourWay) by extension 'colcon_meta'
[4.319s] Level 1:colcon.colcon_core.package_identification:_identify(AllResults/fiftyVehs/fourWay) by extensions ['ros']
[4.320s] Level 1:colcon.colcon_core.package_identification:_identify(AllResults/fiftyVehs/fourWay) by extension 'ros'
[4.320s] Level 1:colcon.colcon_core.package_identification:_identify(AllResults/fiftyVehs/fourWay) by extensions ['cmake', 'python']
[4.320s] Level 1:colcon.colcon_core.package_identification:_identify(AllResults/fiftyVehs/fourWay) by extension 'cmake'
[4.320s] Level 1:colcon.colcon_core.package_identification:_identify(AllResults/fiftyVehs/fourWay) by extension 'python'
[4.320s] Level 1:colcon.colcon_core.package_identification:_identify(AllResults/fiftyVehs/fourWay) by extensions ['python_setup_py']
[4.320s] Level 1:colcon.colcon_core.package_identification:_identify(AllResults/fiftyVehs/fourWay) by extension 'python_setup_py'
[4.320s] Level 1:colcon.colcon_core.package_identification:_identify(AllResults/fiftyVehs/fourWay/FIS) by extensions ['ignore', 'ignore_ament_install']
[4.321s] Level 1:colcon.colcon_core.package_identification:_identify(AllResults/fiftyVehs/fourWay/FIS) by extension 'ignore'
[4.321s] Level 1:colcon.colcon_core.package_identification:_identify(AllResults/fiftyVehs/fourWay/FIS) by extension 'ignore_ament_install'
[4.321s] Level 1:colcon.colcon_core.package_identification:_identify(AllResults/fiftyVehs/fourWay/FIS) by extensions ['colcon_pkg']
[4.321s] Level 1:colcon.colcon_core.package_identification:_identify(AllResults/fiftyVehs/fourWay/FIS) by extension 'colcon_pkg'
[4.321s] Level 1:colcon.colcon_core.package_identification:_identify(AllResults/fiftyVehs/fourWay/FIS) by extensions ['colcon_meta']
[4.321s] Level 1:colcon.colcon_core.package_identification:_identify(AllResults/fiftyVehs/fourWay/FIS) by extension 'colcon_meta'
[4.321s] Level 1:colcon.colcon_core.package_identification:_identify(AllResults/fiftyVehs/fourWay/FIS) by extensions ['ros']
[4.321s] Level 1:colcon.colcon_core.package_identification:_identify(AllResults/fiftyVehs/fourWay/FIS) by extension 'ros'
[4.321s] Level 1:colcon.colcon_core.package_identification:_identify(AllResults/fiftyVehs/fourWay/FIS) by extensions ['cmake', 'python']
[4.321s] Level 1:colcon.colcon_core.package_identification:_identify(AllResults/fiftyVehs/fourWay/FIS) by extension 'cmake'
[4.321s] Level 1:colcon.colcon_core.package_identification:_identify(AllResults/fiftyVehs/fourWay/FIS) by extension 'python'
[4.322s] Level 1:colcon.colcon_core.package_identification:_identify(AllResults/fiftyVehs/fourWay/FIS) by extensions ['python_setup_py']
[4.322s] Level 1:colcon.colcon_core.package_identification:_identify(AllResults/fiftyVehs/fourWay/FIS) by extension 'python_setup_py'
[4.322s] Level 1:colcon.colcon_core.package_identification:_identify(AllResults/fiftyVehs/fourWay/SpdDst) by extensions ['ignore', 'ignore_ament_install']
[4.322s] Level 1:colcon.colcon_core.package_identification:_identify(AllResults/fiftyVehs/fourWay/SpdDst) by extension 'ignore'
[4.322s] Level 1:colcon.colcon_core.package_identification:_identify(AllResults/fiftyVehs/fourWay/SpdDst) by extension 'ignore_ament_install'
[4.322s] Level 1:colcon.colcon_core.package_identification:_identify(AllResults/fiftyVehs/fourWay/SpdDst) by extensions ['colcon_pkg']
[4.322s] Level 1:colcon.colcon_core.package_identification:_identify(AllResults/fiftyVehs/fourWay/SpdDst) by extension 'colcon_pkg'
[4.323s] Level 1:colcon.colcon_core.package_identification:_identify(AllResults/fiftyVehs/fourWay/SpdDst) by extensions ['colcon_meta']
[4.323s] Level 1:colcon.colcon_core.package_identification:_identify(AllResults/fiftyVehs/fourWay/SpdDst) by extension 'colcon_meta'
[4.323s] Level 1:colcon.colcon_core.package_identification:_identify(AllResults/fiftyVehs/fourWay/SpdDst) by extensions ['ros']
[4.323s] Level 1:colcon.colcon_core.package_identification:_identify(AllResults/fiftyVehs/fourWay/SpdDst) by extension 'ros'
[4.323s] Level 1:colcon.colcon_core.package_identification:_identify(AllResults/fiftyVehs/fourWay/SpdDst) by extensions ['cmake', 'python']
[4.323s] Level 1:colcon.colcon_core.package_identification:_identify(AllResults/fiftyVehs/fourWay/SpdDst) by extension 'cmake'
[4.323s] Level 1:colcon.colcon_core.package_identification:_identify(AllResults/fiftyVehs/fourWay/SpdDst) by extension 'python'
[4.323s] Level 1:colcon.colcon_core.package_identification:_identify(AllResults/fiftyVehs/fourWay/SpdDst) by extensions ['python_setup_py']
[4.323s] Level 1:colcon.colcon_core.package_identification:_identify(AllResults/fiftyVehs/fourWay/SpdDst) by extension 'python_setup_py'
[4.323s] Level 1:colcon.colcon_core.package_identification:_identify(AllResults/fiftyVehs/fourWay/static) by extensions ['ignore', 'ignore_ament_install']
[4.324s] Level 1:colcon.colcon_core.package_identification:_identify(AllResults/fiftyVehs/fourWay/static) by extension 'ignore'
[4.324s] Level 1:colcon.colcon_core.package_identification:_identify(AllResults/fiftyVehs/fourWay/static) by extension 'ignore_ament_install'
[4.324s] Level 1:colcon.colcon_core.package_identification:_identify(AllResults/fiftyVehs/fourWay/static) by extensions ['colcon_pkg']
[4.324s] Level 1:colcon.colcon_core.package_identification:_identify(AllResults/fiftyVehs/fourWay/static) by extension 'colcon_pkg'
[4.324s] Level 1:colcon.colcon_core.package_identification:_identify(AllResults/fiftyVehs/fourWay/static) by extensions ['colcon_meta']
[4.324s] Level 1:colcon.colcon_core.package_identification:_identify(AllResults/fiftyVehs/fourWay/static) by extension 'colcon_meta'
[4.324s] Level 1:colcon.colcon_core.package_identification:_identify(AllResults/fiftyVehs/fourWay/static) by extensions ['ros']
[4.324s] Level 1:colcon.colcon_core.package_identification:_identify(AllResults/fiftyVehs/fourWay/static) by extension 'ros'
[4.324s] Level 1:colcon.colcon_core.package_identification:_identify(AllResults/fiftyVehs/fourWay/static) by extensions ['cmake', 'python']
[4.324s] Level 1:colcon.colcon_core.package_identification:_identify(AllResults/fiftyVehs/fourWay/static) by extension 'cmake'
[4.324s] Level 1:colcon.colcon_core.package_identification:_identify(AllResults/fiftyVehs/fourWay/static) by extension 'python'
[4.324s] Level 1:colcon.colcon_core.package_identification:_identify(AllResults/fiftyVehs/fourWay/static) by extensions ['python_setup_py']
[4.324s] Level 1:colcon.colcon_core.package_identification:_identify(AllResults/fiftyVehs/fourWay/static) by extension 'python_setup_py'
[4.325s] Level 1:colcon.colcon_core.package_identification:_identify(AllResults/fiftyVehs/twoWay) by extensions ['ignore', 'ignore_ament_install']
[4.325s] Level 1:colcon.colcon_core.package_identification:_identify(AllResults/fiftyVehs/twoWay) by extension 'ignore'
[4.325s] Level 1:colcon.colcon_core.package_identification:_identify(AllResults/fiftyVehs/twoWay) by extension 'ignore_ament_install'
[4.325s] Level 1:colcon.colcon_core.package_identification:_identify(AllResults/fiftyVehs/twoWay) by extensions ['colcon_pkg']
[4.325s] Level 1:colcon.colcon_core.package_identification:_identify(AllResults/fiftyVehs/twoWay) by extension 'colcon_pkg'
[4.325s] Level 1:colcon.colcon_core.package_identification:_identify(AllResults/fiftyVehs/twoWay) by extensions ['colcon_meta']
[4.325s] Level 1:colcon.colcon_core.package_identification:_identify(AllResults/fiftyVehs/twoWay) by extension 'colcon_meta'
[4.325s] Level 1:colcon.colcon_core.package_identification:_identify(AllResults/fiftyVehs/twoWay) by extensions ['ros']
[4.325s] Level 1:colcon.colcon_core.package_identification:_identify(AllResults/fiftyVehs/twoWay) by extension 'ros'
[4.325s] Level 1:colcon.colcon_core.package_identification:_identify(AllResults/fiftyVehs/twoWay) by extensions ['cmake', 'python']
[4.325s] Level 1:colcon.colcon_core.package_identification:_identify(AllResults/fiftyVehs/twoWay) by extension 'cmake'
[4.326s] Level 1:colcon.colcon_core.package_identification:_identify(AllResults/fiftyVehs/twoWay) by extension 'python'
[4.326s] Level 1:colcon.colcon_core.package_identification:_identify(AllResults/fiftyVehs/twoWay) by extensions ['python_setup_py']
[4.326s] Level 1:colcon.colcon_core.package_identification:_identify(AllResults/fiftyVehs/twoWay) by extension 'python_setup_py'
[4.326s] Level 1:colcon.colcon_core.package_identification:_identify(AllResults/fiftyVehs/twoWay/FIS) by extensions ['ignore', 'ignore_ament_install']
[4.326s] Level 1:colcon.colcon_core.package_identification:_identify(AllResults/fiftyVehs/twoWay/FIS) by extension 'ignore'
[4.326s] Level 1:colcon.colcon_core.package_identification:_identify(AllResults/fiftyVehs/twoWay/FIS) by extension 'ignore_ament_install'
[4.326s] Level 1:colcon.colcon_core.package_identification:_identify(AllResults/fiftyVehs/twoWay/FIS) by extensions ['colcon_pkg']
[4.326s] Level 1:colcon.colcon_core.package_identification:_identify(AllResults/fiftyVehs/twoWay/FIS) by extension 'colcon_pkg'
[4.326s] Level 1:colcon.colcon_core.package_identification:_identify(AllResults/fiftyVehs/twoWay/FIS) by extensions ['colcon_meta']
[4.326s] Level 1:colcon.colcon_core.package_identification:_identify(AllResults/fiftyVehs/twoWay/FIS) by extension 'colcon_meta'
[4.326s] Level 1:colcon.colcon_core.package_identification:_identify(AllResults/fiftyVehs/twoWay/FIS) by extensions ['ros']
[4.326s] Level 1:colcon.colcon_core.package_identification:_identify(AllResults/fiftyVehs/twoWay/FIS) by extension 'ros'
[4.326s] Level 1:colcon.colcon_core.package_identification:_identify(AllResults/fiftyVehs/twoWay/FIS) by extensions ['cmake', 'python']
[4.327s] Level 1:colcon.colcon_core.package_identification:_identify(AllResults/fiftyVehs/twoWay/FIS) by extension 'cmake'
[4.327s] Level 1:colcon.colcon_core.package_identification:_identify(AllResults/fiftyVehs/twoWay/FIS) by extension 'python'
[4.327s] Level 1:colcon.colcon_core.package_identification:_identify(AllResults/fiftyVehs/twoWay/FIS) by extensions ['python_setup_py']
[4.327s] Level 1:colcon.colcon_core.package_identification:_identify(AllResults/fiftyVehs/twoWay/FIS) by extension 'python_setup_py'
[4.327s] Level 1:colcon.colcon_core.package_identification:_identify(AllResults/fiftyVehs/twoWay/SouthNorth) by extensions ['ignore', 'ignore_ament_install']
[4.327s] Level 1:colcon.colcon_core.package_identification:_identify(AllResults/fiftyVehs/twoWay/SouthNorth) by extension 'ignore'
[4.327s] Level 1:colcon.colcon_core.package_identification:_identify(AllResults/fiftyVehs/twoWay/SouthNorth) by extension 'ignore_ament_install'
[4.327s] Level 1:colcon.colcon_core.package_identification:_identify(AllResults/fiftyVehs/twoWay/SouthNorth) by extensions ['colcon_pkg']
[4.327s] Level 1:colcon.colcon_core.package_identification:_identify(AllResults/fiftyVehs/twoWay/SouthNorth) by extension 'colcon_pkg'
[4.327s] Level 1:colcon.colcon_core.package_identification:_identify(AllResults/fiftyVehs/twoWay/SouthNorth) by extensions ['colcon_meta']
[4.327s] Level 1:colcon.colcon_core.package_identification:_identify(AllResults/fiftyVehs/twoWay/SouthNorth) by extension 'colcon_meta'
[4.327s] Level 1:colcon.colcon_core.package_identification:_identify(AllResults/fiftyVehs/twoWay/SouthNorth) by extensions ['ros']
[4.327s] Level 1:colcon.colcon_core.package_identification:_identify(AllResults/fiftyVehs/twoWay/SouthNorth) by extension 'ros'
[4.327s] Level 1:colcon.colcon_core.package_identification:_identify(AllResults/fiftyVehs/twoWay/SouthNorth) by extensions ['cmake', 'python']
[4.327s] Level 1:colcon.colcon_core.package_identification:_identify(AllResults/fiftyVehs/twoWay/SouthNorth) by extension 'cmake'
[4.328s] Level 1:colcon.colcon_core.package_identification:_identify(AllResults/fiftyVehs/twoWay/SouthNorth) by extension 'python'
[4.328s] Level 1:colcon.colcon_core.package_identification:_identify(AllResults/fiftyVehs/twoWay/SouthNorth) by extensions ['python_setup_py']
[4.328s] Level 1:colcon.colcon_core.package_identification:_identify(AllResults/fiftyVehs/twoWay/SouthNorth) by extension 'python_setup_py'
[4.328s] Level 1:colcon.colcon_core.package_identification:_identify(AllResults/fiftyVehs/twoWay/SouthNorth/FIS) by extensions ['ignore', 'ignore_ament_install']
[4.328s] Level 1:colcon.colcon_core.package_identification:_identify(AllResults/fiftyVehs/twoWay/SouthNorth/FIS) by extension 'ignore'
[4.328s] Level 1:colcon.colcon_core.package_identification:_identify(AllResults/fiftyVehs/twoWay/SouthNorth/FIS) by extension 'ignore_ament_install'
[4.328s] Level 1:colcon.colcon_core.package_identification:_identify(AllResults/fiftyVehs/twoWay/SouthNorth/FIS) by extensions ['colcon_pkg']
[4.328s] Level 1:colcon.colcon_core.package_identification:_identify(AllResults/fiftyVehs/twoWay/SouthNorth/FIS) by extension 'colcon_pkg'
[4.328s] Level 1:colcon.colcon_core.package_identification:_identify(AllResults/fiftyVehs/twoWay/SouthNorth/FIS) by extensions ['colcon_meta']
[4.328s] Level 1:colcon.colcon_core.package_identification:_identify(AllResults/fiftyVehs/twoWay/SouthNorth/FIS) by extension 'colcon_meta'
[4.328s] Level 1:colcon.colcon_core.package_identification:_identify(AllResults/fiftyVehs/twoWay/SouthNorth/FIS) by extensions ['ros']
[4.328s] Level 1:colcon.colcon_core.package_identification:_identify(AllResults/fiftyVehs/twoWay/SouthNorth/FIS) by extension 'ros'
[4.328s] Level 1:colcon.colcon_core.package_identification:_identify(AllResults/fiftyVehs/twoWay/SouthNorth/FIS) by extensions ['cmake', 'python']
[4.328s] Level 1:colcon.colcon_core.package_identification:_identify(AllResults/fiftyVehs/twoWay/SouthNorth/FIS) by extension 'cmake'
[4.329s] Level 1:colcon.colcon_core.package_identification:_identify(AllResults/fiftyVehs/twoWay/SouthNorth/FIS) by extension 'python'
[4.329s] Level 1:colcon.colcon_core.package_identification:_identify(AllResults/fiftyVehs/twoWay/SouthNorth/FIS) by extensions ['python_setup_py']
[4.329s] Level 1:colcon.colcon_core.package_identification:_identify(AllResults/fiftyVehs/twoWay/SouthNorth/FIS) by extension 'python_setup_py'
[4.329s] Level 1:colcon.colcon_core.package_identification:_identify(AllResults/fiftyVehs/twoWay/SouthNorth/SpdDst) by extensions ['ignore', 'ignore_ament_install']
[4.329s] Level 1:colcon.colcon_core.package_identification:_identify(AllResults/fiftyVehs/twoWay/SouthNorth/SpdDst) by extension 'ignore'
[4.329s] Level 1:colcon.colcon_core.package_identification:_identify(AllResults/fiftyVehs/twoWay/SouthNorth/SpdDst) by extension 'ignore_ament_install'
[4.329s] Level 1:colcon.colcon_core.package_identification:_identify(AllResults/fiftyVehs/twoWay/SouthNorth/SpdDst) by extensions ['colcon_pkg']
[4.329s] Level 1:colcon.colcon_core.package_identification:_identify(AllResults/fiftyVehs/twoWay/SouthNorth/SpdDst) by extension 'colcon_pkg'
[4.329s] Level 1:colcon.colcon_core.package_identification:_identify(AllResults/fiftyVehs/twoWay/SouthNorth/SpdDst) by extensions ['colcon_meta']
[4.329s] Level 1:colcon.colcon_core.package_identification:_identify(AllResults/fiftyVehs/twoWay/SouthNorth/SpdDst) by extension 'colcon_meta'
[4.329s] Level 1:colcon.colcon_core.package_identification:_identify(AllResults/fiftyVehs/twoWay/SouthNorth/SpdDst) by extensions ['ros']
[4.330s] Level 1:colcon.colcon_core.package_identification:_identify(AllResults/fiftyVehs/twoWay/SouthNorth/SpdDst) by extension 'ros'
[4.330s] Level 1:colcon.colcon_core.package_identification:_identify(AllResults/fiftyVehs/twoWay/SouthNorth/SpdDst) by extensions ['cmake', 'python']
[4.330s] Level 1:colcon.colcon_core.package_identification:_identify(AllResults/fiftyVehs/twoWay/SouthNorth/SpdDst) by extension 'cmake'
[4.330s] Level 1:colcon.colcon_core.package_identification:_identify(AllResults/fiftyVehs/twoWay/SouthNorth/SpdDst) by extension 'python'
[4.330s] Level 1:colcon.colcon_core.package_identification:_identify(AllResults/fiftyVehs/twoWay/SouthNorth/SpdDst) by extensions ['python_setup_py']
[4.330s] Level 1:colcon.colcon_core.package_identification:_identify(AllResults/fiftyVehs/twoWay/SouthNorth/SpdDst) by extension 'python_setup_py'
[4.330s] Level 1:colcon.colcon_core.package_identification:_identify(AllResults/fiftyVehs/twoWay/SouthNorth/Static) by extensions ['ignore', 'ignore_ament_install']
[4.331s] Level 1:colcon.colcon_core.package_identification:_identify(AllResults/fiftyVehs/twoWay/SouthNorth/Static) by extension 'ignore'
[4.331s] Level 1:colcon.colcon_core.package_identification:_identify(AllResults/fiftyVehs/twoWay/SouthNorth/Static) by extension 'ignore_ament_install'
[4.331s] Level 1:colcon.colcon_core.package_identification:_identify(AllResults/fiftyVehs/twoWay/SouthNorth/Static) by extensions ['colcon_pkg']
[4.331s] Level 1:colcon.colcon_core.package_identification:_identify(AllResults/fiftyVehs/twoWay/SouthNorth/Static) by extension 'colcon_pkg'
[4.331s] Level 1:colcon.colcon_core.package_identification:_identify(AllResults/fiftyVehs/twoWay/SouthNorth/Static) by extensions ['colcon_meta']
[4.331s] Level 1:colcon.colcon_core.package_identification:_identify(AllResults/fiftyVehs/twoWay/SouthNorth/Static) by extension 'colcon_meta'
[4.331s] Level 1:colcon.colcon_core.package_identification:_identify(AllResults/fiftyVehs/twoWay/SouthNorth/Static) by extensions ['ros']
[4.331s] Level 1:colcon.colcon_core.package_identification:_identify(AllResults/fiftyVehs/twoWay/SouthNorth/Static) by extension 'ros'
[4.331s] Level 1:colcon.colcon_core.package_identification:_identify(AllResults/fiftyVehs/twoWay/SouthNorth/Static) by extensions ['cmake', 'python']
[4.331s] Level 1:colcon.colcon_core.package_identification:_identify(AllResults/fiftyVehs/twoWay/SouthNorth/Static) by extension 'cmake'
[4.331s] Level 1:colcon.colcon_core.package_identification:_identify(AllResults/fiftyVehs/twoWay/SouthNorth/Static) by extension 'python'
[4.332s] Level 1:colcon.colcon_core.package_identification:_identify(AllResults/fiftyVehs/twoWay/SouthNorth/Static) by extensions ['python_setup_py']
[4.332s] Level 1:colcon.colcon_core.package_identification:_identify(AllResults/fiftyVehs/twoWay/SouthNorth/Static) by extension 'python_setup_py'
[4.332s] Level 1:colcon.colcon_core.package_identification:_identify(AllResults/fiftyVehs/twoWay/SpdDst) by extensions ['ignore', 'ignore_ament_install']
[4.332s] Level 1:colcon.colcon_core.package_identification:_identify(AllResults/fiftyVehs/twoWay/SpdDst) by extension 'ignore'
[4.332s] Level 1:colcon.colcon_core.package_identification:_identify(AllResults/fiftyVehs/twoWay/SpdDst) by extension 'ignore_ament_install'
[4.332s] Level 1:colcon.colcon_core.package_identification:_identify(AllResults/fiftyVehs/twoWay/SpdDst) by extensions ['colcon_pkg']
[4.332s] Level 1:colcon.colcon_core.package_identification:_identify(AllResults/fiftyVehs/twoWay/SpdDst) by extension 'colcon_pkg'
[4.332s] Level 1:colcon.colcon_core.package_identification:_identify(AllResults/fiftyVehs/twoWay/SpdDst) by extensions ['colcon_meta']
[4.332s] Level 1:colcon.colcon_core.package_identification:_identify(AllResults/fiftyVehs/twoWay/SpdDst) by extension 'colcon_meta'
[4.333s] Level 1:colcon.colcon_core.package_identification:_identify(AllResults/fiftyVehs/twoWay/SpdDst) by extensions ['ros']
[4.333s] Level 1:colcon.colcon_core.package_identification:_identify(AllResults/fiftyVehs/twoWay/SpdDst) by extension 'ros'
[4.333s] Level 1:colcon.colcon_core.package_identification:_identify(AllResults/fiftyVehs/twoWay/SpdDst) by extensions ['cmake', 'python']
[4.333s] Level 1:colcon.colcon_core.package_identification:_identify(AllResults/fiftyVehs/twoWay/SpdDst) by extension 'cmake'
[4.333s] Level 1:colcon.colcon_core.package_identification:_identify(AllResults/fiftyVehs/twoWay/SpdDst) by extension 'python'
[4.333s] Level 1:colcon.colcon_core.package_identification:_identify(AllResults/fiftyVehs/twoWay/SpdDst) by extensions ['python_setup_py']
[4.333s] Level 1:colcon.colcon_core.package_identification:_identify(AllResults/fiftyVehs/twoWay/SpdDst) by extension 'python_setup_py'
[4.333s] Level 1:colcon.colcon_core.package_identification:_identify(AllResults/fiftyVehs/twoWay/Static) by extensions ['ignore', 'ignore_ament_install']
[4.333s] Level 1:colcon.colcon_core.package_identification:_identify(AllResults/fiftyVehs/twoWay/Static) by extension 'ignore'
[4.334s] Level 1:colcon.colcon_core.package_identification:_identify(AllResults/fiftyVehs/twoWay/Static) by extension 'ignore_ament_install'
[4.334s] Level 1:colcon.colcon_core.package_identification:_identify(AllResults/fiftyVehs/twoWay/Static) by extensions ['colcon_pkg']
[4.334s] Level 1:colcon.colcon_core.package_identification:_identify(AllResults/fiftyVehs/twoWay/Static) by extension 'colcon_pkg'
[4.334s] Level 1:colcon.colcon_core.package_identification:_identify(AllResults/fiftyVehs/twoWay/Static) by extensions ['colcon_meta']
[4.334s] Level 1:colcon.colcon_core.package_identification:_identify(AllResults/fiftyVehs/twoWay/Static) by extension 'colcon_meta'
[4.334s] Level 1:colcon.colcon_core.package_identification:_identify(AllResults/fiftyVehs/twoWay/Static) by extensions ['ros']
[4.334s] Level 1:colcon.colcon_core.package_identification:_identify(AllResults/fiftyVehs/twoWay/Static) by extension 'ros'
[4.334s] Level 1:colcon.colcon_core.package_identification:_identify(AllResults/fiftyVehs/twoWay/Static) by extensions ['cmake', 'python']
[4.334s] Level 1:colcon.colcon_core.package_identification:_identify(AllResults/fiftyVehs/twoWay/Static) by extension 'cmake'
[4.334s] Level 1:colcon.colcon_core.package_identification:_identify(AllResults/fiftyVehs/twoWay/Static) by extension 'python'
[4.334s] Level 1:colcon.colcon_core.package_identification:_identify(AllResults/fiftyVehs/twoWay/Static) by extensions ['python_setup_py']
[4.334s] Level 1:colcon.colcon_core.package_identification:_identify(AllResults/fiftyVehs/twoWay/Static) by extension 'python_setup_py'
[4.335s] Level 1:colcon.colcon_core.package_identification:_identify(AllResults/hundredVehs) by extensions ['ignore', 'ignore_ament_install']
[4.335s] Level 1:colcon.colcon_core.package_identification:_identify(AllResults/hundredVehs) by extension 'ignore'
[4.335s] Level 1:colcon.colcon_core.package_identification:_identify(AllResults/hundredVehs) by extension 'ignore_ament_install'
[4.335s] Level 1:colcon.colcon_core.package_identification:_identify(AllResults/hundredVehs) by extensions ['colcon_pkg']
[4.335s] Level 1:colcon.colcon_core.package_identification:_identify(AllResults/hundredVehs) by extension 'colcon_pkg'
[4.335s] Level 1:colcon.colcon_core.package_identification:_identify(AllResults/hundredVehs) by extensions ['colcon_meta']
[4.335s] Level 1:colcon.colcon_core.package_identification:_identify(AllResults/hundredVehs) by extension 'colcon_meta'
[4.336s] Level 1:colcon.colcon_core.package_identification:_identify(AllResults/hundredVehs) by extensions ['ros']
[4.336s] Level 1:colcon.colcon_core.package_identification:_identify(AllResults/hundredVehs) by extension 'ros'
[4.336s] Level 1:colcon.colcon_core.package_identification:_identify(AllResults/hundredVehs) by extensions ['cmake', 'python']
[4.336s] Level 1:colcon.colcon_core.package_identification:_identify(AllResults/hundredVehs) by extension 'cmake'
[4.336s] Level 1:colcon.colcon_core.package_identification:_identify(AllResults/hundredVehs) by extension 'python'
[4.336s] Level 1:colcon.colcon_core.package_identification:_identify(AllResults/hundredVehs) by extensions ['python_setup_py']
[4.336s] Level 1:colcon.colcon_core.package_identification:_identify(AllResults/hundredVehs) by extension 'python_setup_py'
[4.336s] Level 1:colcon.colcon_core.package_identification:_identify(AllResults/hundredVehs/fourWay) by extensions ['ignore', 'ignore_ament_install']
[4.336s] Level 1:colcon.colcon_core.package_identification:_identify(AllResults/hundredVehs/fourWay) by extension 'ignore'
[4.336s] Level 1:colcon.colcon_core.package_identification:_identify(AllResults/hundredVehs/fourWay) by extension 'ignore_ament_install'
[4.337s] Level 1:colcon.colcon_core.package_identification:_identify(AllResults/hundredVehs/fourWay) by extensions ['colcon_pkg']
[4.337s] Level 1:colcon.colcon_core.package_identification:_identify(AllResults/hundredVehs/fourWay) by extension 'colcon_pkg'
[4.337s] Level 1:colcon.colcon_core.package_identification:_identify(AllResults/hundredVehs/fourWay) by extensions ['colcon_meta']
[4.337s] Level 1:colcon.colcon_core.package_identification:_identify(AllResults/hundredVehs/fourWay) by extension 'colcon_meta'
[4.337s] Level 1:colcon.colcon_core.package_identification:_identify(AllResults/hundredVehs/fourWay) by extensions ['ros']
[4.337s] Level 1:colcon.colcon_core.package_identification:_identify(AllResults/hundredVehs/fourWay) by extension 'ros'
[4.337s] Level 1:colcon.colcon_core.package_identification:_identify(AllResults/hundredVehs/fourWay) by extensions ['cmake', 'python']
[4.337s] Level 1:colcon.colcon_core.package_identification:_identify(AllResults/hundredVehs/fourWay) by extension 'cmake'
[4.337s] Level 1:colcon.colcon_core.package_identification:_identify(AllResults/hundredVehs/fourWay) by extension 'python'
[4.337s] Level 1:colcon.colcon_core.package_identification:_identify(AllResults/hundredVehs/fourWay) by extensions ['python_setup_py']
[4.338s] Level 1:colcon.colcon_core.package_identification:_identify(AllResults/hundredVehs/fourWay) by extension 'python_setup_py'
[4.338s] Level 1:colcon.colcon_core.package_identification:_identify(AllResults/hundredVehs/fourWay/FIS) by extensions ['ignore', 'ignore_ament_install']
[4.338s] Level 1:colcon.colcon_core.package_identification:_identify(AllResults/hundredVehs/fourWay/FIS) by extension 'ignore'
[4.338s] Level 1:colcon.colcon_core.package_identification:_identify(AllResults/hundredVehs/fourWay/FIS) by extension 'ignore_ament_install'
[4.338s] Level 1:colcon.colcon_core.package_identification:_identify(AllResults/hundredVehs/fourWay/FIS) by extensions ['colcon_pkg']
[4.338s] Level 1:colcon.colcon_core.package_identification:_identify(AllResults/hundredVehs/fourWay/FIS) by extension 'colcon_pkg'
[4.338s] Level 1:colcon.colcon_core.package_identification:_identify(AllResults/hundredVehs/fourWay/FIS) by extensions ['colcon_meta']
[4.338s] Level 1:colcon.colcon_core.package_identification:_identify(AllResults/hundredVehs/fourWay/FIS) by extension 'colcon_meta'
[4.339s] Level 1:colcon.colcon_core.package_identification:_identify(AllResults/hundredVehs/fourWay/FIS) by extensions ['ros']
[4.339s] Level 1:colcon.colcon_core.package_identification:_identify(AllResults/hundredVehs/fourWay/FIS) by extension 'ros'
[4.339s] Level 1:colcon.colcon_core.package_identification:_identify(AllResults/hundredVehs/fourWay/FIS) by extensions ['cmake', 'python']
[4.339s] Level 1:colcon.colcon_core.package_identification:_identify(AllResults/hundredVehs/fourWay/FIS) by extension 'cmake'
[4.339s] Level 1:colcon.colcon_core.package_identification:_identify(AllResults/hundredVehs/fourWay/FIS) by extension 'python'
[4.339s] Level 1:colcon.colcon_core.package_identification:_identify(AllResults/hundredVehs/fourWay/FIS) by extensions ['python_setup_py']
[4.339s] Level 1:colcon.colcon_core.package_identification:_identify(AllResults/hundredVehs/fourWay/FIS) by extension 'python_setup_py'
[4.339s] Level 1:colcon.colcon_core.package_identification:_identify(AllResults/hundredVehs/fourWay/SpdDst) by extensions ['ignore', 'ignore_ament_install']
[4.339s] Level 1:colcon.colcon_core.package_identification:_identify(AllResults/hundredVehs/fourWay/SpdDst) by extension 'ignore'
[4.339s] Level 1:colcon.colcon_core.package_identification:_identify(AllResults/hundredVehs/fourWay/SpdDst) by extension 'ignore_ament_install'
[4.339s] Level 1:colcon.colcon_core.package_identification:_identify(AllResults/hundredVehs/fourWay/SpdDst) by extensions ['colcon_pkg']
[4.339s] Level 1:colcon.colcon_core.package_identification:_identify(AllResults/hundredVehs/fourWay/SpdDst) by extension 'colcon_pkg'
[4.339s] Level 1:colcon.colcon_core.package_identification:_identify(AllResults/hundredVehs/fourWay/SpdDst) by extensions ['colcon_meta']
[4.339s] Level 1:colcon.colcon_core.package_identification:_identify(AllResults/hundredVehs/fourWay/SpdDst) by extension 'colcon_meta'
[4.340s] Level 1:colcon.colcon_core.package_identification:_identify(AllResults/hundredVehs/fourWay/SpdDst) by extensions ['ros']
[4.340s] Level 1:colcon.colcon_core.package_identification:_identify(AllResults/hundredVehs/fourWay/SpdDst) by extension 'ros'
[4.340s] Level 1:colcon.colcon_core.package_identification:_identify(AllResults/hundredVehs/fourWay/SpdDst) by extensions ['cmake', 'python']
[4.340s] Level 1:colcon.colcon_core.package_identification:_identify(AllResults/hundredVehs/fourWay/SpdDst) by extension 'cmake'
[4.340s] Level 1:colcon.colcon_core.package_identification:_identify(AllResults/hundredVehs/fourWay/SpdDst) by extension 'python'
[4.340s] Level 1:colcon.colcon_core.package_identification:_identify(AllResults/hundredVehs/fourWay/SpdDst) by extensions ['python_setup_py']
[4.340s] Level 1:colcon.colcon_core.package_identification:_identify(AllResults/hundredVehs/fourWay/SpdDst) by extension 'python_setup_py'
[4.340s] Level 1:colcon.colcon_core.package_identification:_identify(AllResults/hundredVehs/fourWay/Static) by extensions ['ignore', 'ignore_ament_install']
[4.341s] Level 1:colcon.colcon_core.package_identification:_identify(AllResults/hundredVehs/fourWay/Static) by extension 'ignore'
[4.341s] Level 1:colcon.colcon_core.package_identification:_identify(AllResults/hundredVehs/fourWay/Static) by extension 'ignore_ament_install'
[4.341s] Level 1:colcon.colcon_core.package_identification:_identify(AllResults/hundredVehs/fourWay/Static) by extensions ['colcon_pkg']
[4.341s] Level 1:colcon.colcon_core.package_identification:_identify(AllResults/hundredVehs/fourWay/Static) by extension 'colcon_pkg'
[4.341s] Level 1:colcon.colcon_core.package_identification:_identify(AllResults/hundredVehs/fourWay/Static) by extensions ['colcon_meta']
[4.341s] Level 1:colcon.colcon_core.package_identification:_identify(AllResults/hundredVehs/fourWay/Static) by extension 'colcon_meta'
[4.341s] Level 1:colcon.colcon_core.package_identification:_identify(AllResults/hundredVehs/fourWay/Static) by extensions ['ros']
[4.341s] Level 1:colcon.colcon_core.package_identification:_identify(AllResults/hundredVehs/fourWay/Static) by extension 'ros'
[4.341s] Level 1:colcon.colcon_core.package_identification:_identify(AllResults/hundredVehs/fourWay/Static) by extensions ['cmake', 'python']
[4.341s] Level 1:colcon.colcon_core.package_identification:_identify(AllResults/hundredVehs/fourWay/Static) by extension 'cmake'
[4.341s] Level 1:colcon.colcon_core.package_identification:_identify(AllResults/hundredVehs/fourWay/Static) by extension 'python'
[4.341s] Level 1:colcon.colcon_core.package_identification:_identify(AllResults/hundredVehs/fourWay/Static) by extensions ['python_setup_py']
[4.341s] Level 1:colcon.colcon_core.package_identification:_identify(AllResults/hundredVehs/fourWay/Static) by extension 'python_setup_py'
[4.342s] Level 1:colcon.colcon_core.package_identification:_identify(AllResults/hundredVehs/twoWay) by extensions ['ignore', 'ignore_ament_install']
[4.342s] Level 1:colcon.colcon_core.package_identification:_identify(AllResults/hundredVehs/twoWay) by extension 'ignore'
[4.342s] Level 1:colcon.colcon_core.package_identification:_identify(AllResults/hundredVehs/twoWay) by extension 'ignore_ament_install'
[4.342s] Level 1:colcon.colcon_core.package_identification:_identify(AllResults/hundredVehs/twoWay) by extensions ['colcon_pkg']
[4.342s] Level 1:colcon.colcon_core.package_identification:_identify(AllResults/hundredVehs/twoWay) by extension 'colcon_pkg'
[4.342s] Level 1:colcon.colcon_core.package_identification:_identify(AllResults/hundredVehs/twoWay) by extensions ['colcon_meta']
[4.342s] Level 1:colcon.colcon_core.package_identification:_identify(AllResults/hundredVehs/twoWay) by extension 'colcon_meta'
[4.342s] Level 1:colcon.colcon_core.package_identification:_identify(AllResults/hundredVehs/twoWay) by extensions ['ros']
[4.342s] Level 1:colcon.colcon_core.package_identification:_identify(AllResults/hundredVehs/twoWay) by extension 'ros'
[4.342s] Level 1:colcon.colcon_core.package_identification:_identify(AllResults/hundredVehs/twoWay) by extensions ['cmake', 'python']
[4.342s] Level 1:colcon.colcon_core.package_identification:_identify(AllResults/hundredVehs/twoWay) by extension 'cmake'
[4.343s] Level 1:colcon.colcon_core.package_identification:_identify(AllResults/hundredVehs/twoWay) by extension 'python'
[4.343s] Level 1:colcon.colcon_core.package_identification:_identify(AllResults/hundredVehs/twoWay) by extensions ['python_setup_py']
[4.343s] Level 1:colcon.colcon_core.package_identification:_identify(AllResults/hundredVehs/twoWay) by extension 'python_setup_py'
[4.343s] Level 1:colcon.colcon_core.package_identification:_identify(AllResults/hundredVehs/twoWay/FIS) by extensions ['ignore', 'ignore_ament_install']
[4.343s] Level 1:colcon.colcon_core.package_identification:_identify(AllResults/hundredVehs/twoWay/FIS) by extension 'ignore'
[4.343s] Level 1:colcon.colcon_core.package_identification:_identify(AllResults/hundredVehs/twoWay/FIS) by extension 'ignore_ament_install'
[4.343s] Level 1:colcon.colcon_core.package_identification:_identify(AllResults/hundredVehs/twoWay/FIS) by extensions ['colcon_pkg']
[4.343s] Level 1:colcon.colcon_core.package_identification:_identify(AllResults/hundredVehs/twoWay/FIS) by extension 'colcon_pkg'
[4.343s] Level 1:colcon.colcon_core.package_identification:_identify(AllResults/hundredVehs/twoWay/FIS) by extensions ['colcon_meta']
[4.344s] Level 1:colcon.colcon_core.package_identification:_identify(AllResults/hundredVehs/twoWay/FIS) by extension 'colcon_meta'
[4.344s] Level 1:colcon.colcon_core.package_identification:_identify(AllResults/hundredVehs/twoWay/FIS) by extensions ['ros']
[4.344s] Level 1:colcon.colcon_core.package_identification:_identify(AllResults/hundredVehs/twoWay/FIS) by extension 'ros'
[4.344s] Level 1:colcon.colcon_core.package_identification:_identify(AllResults/hundredVehs/twoWay/FIS) by extensions ['cmake', 'python']
[4.344s] Level 1:colcon.colcon_core.package_identification:_identify(AllResults/hundredVehs/twoWay/FIS) by extension 'cmake'
[4.344s] Level 1:colcon.colcon_core.package_identification:_identify(AllResults/hundredVehs/twoWay/FIS) by extension 'python'
[4.344s] Level 1:colcon.colcon_core.package_identification:_identify(AllResults/hundredVehs/twoWay/FIS) by extensions ['python_setup_py']
[4.344s] Level 1:colcon.colcon_core.package_identification:_identify(AllResults/hundredVehs/twoWay/FIS) by extension 'python_setup_py'
[4.344s] Level 1:colcon.colcon_core.package_identification:_identify(AllResults/hundredVehs/twoWay/NorthSouth) by extensions ['ignore', 'ignore_ament_install']
[4.344s] Level 1:colcon.colcon_core.package_identification:_identify(AllResults/hundredVehs/twoWay/NorthSouth) by extension 'ignore'
[4.344s] Level 1:colcon.colcon_core.package_identification:_identify(AllResults/hundredVehs/twoWay/NorthSouth) by extension 'ignore_ament_install'
[4.344s] Level 1:colcon.colcon_core.package_identification:_identify(AllResults/hundredVehs/twoWay/NorthSouth) by extensions ['colcon_pkg']
[4.344s] Level 1:colcon.colcon_core.package_identification:_identify(AllResults/hundredVehs/twoWay/NorthSouth) by extension 'colcon_pkg'
[4.344s] Level 1:colcon.colcon_core.package_identification:_identify(AllResults/hundredVehs/twoWay/NorthSouth) by extensions ['colcon_meta']
[4.344s] Level 1:colcon.colcon_core.package_identification:_identify(AllResults/hundredVehs/twoWay/NorthSouth) by extension 'colcon_meta'
[4.345s] Level 1:colcon.colcon_core.package_identification:_identify(AllResults/hundredVehs/twoWay/NorthSouth) by extensions ['ros']
[4.345s] Level 1:colcon.colcon_core.package_identification:_identify(AllResults/hundredVehs/twoWay/NorthSouth) by extension 'ros'
[4.345s] Level 1:colcon.colcon_core.package_identification:_identify(AllResults/hundredVehs/twoWay/NorthSouth) by extensions ['cmake', 'python']
[4.345s] Level 1:colcon.colcon_core.package_identification:_identify(AllResults/hundredVehs/twoWay/NorthSouth) by extension 'cmake'
[4.345s] Level 1:colcon.colcon_core.package_identification:_identify(AllResults/hundredVehs/twoWay/NorthSouth) by extension 'python'
[4.345s] Level 1:colcon.colcon_core.package_identification:_identify(AllResults/hundredVehs/twoWay/NorthSouth) by extensions ['python_setup_py']
[4.345s] Level 1:colcon.colcon_core.package_identification:_identify(AllResults/hundredVehs/twoWay/NorthSouth) by extension 'python_setup_py'
[4.345s] Level 1:colcon.colcon_core.package_identification:_identify(AllResults/hundredVehs/twoWay/NorthSouth/FIS) by extensions ['ignore', 'ignore_ament_install']
[4.345s] Level 1:colcon.colcon_core.package_identification:_identify(AllResults/hundredVehs/twoWay/NorthSouth/FIS) by extension 'ignore'
[4.345s] Level 1:colcon.colcon_core.package_identification:_identify(AllResults/hundredVehs/twoWay/NorthSouth/FIS) by extension 'ignore_ament_install'
[4.346s] Level 1:colcon.colcon_core.package_identification:_identify(AllResults/hundredVehs/twoWay/NorthSouth/FIS) by extensions ['colcon_pkg']
[4.346s] Level 1:colcon.colcon_core.package_identification:_identify(AllResults/hundredVehs/twoWay/NorthSouth/FIS) by extension 'colcon_pkg'
[4.346s] Level 1:colcon.colcon_core.package_identification:_identify(AllResults/hundredVehs/twoWay/NorthSouth/FIS) by extensions ['colcon_meta']
[4.346s] Level 1:colcon.colcon_core.package_identification:_identify(AllResults/hundredVehs/twoWay/NorthSouth/FIS) by extension 'colcon_meta'
[4.346s] Level 1:colcon.colcon_core.package_identification:_identify(AllResults/hundredVehs/twoWay/NorthSouth/FIS) by extensions ['ros']
[4.346s] Level 1:colcon.colcon_core.package_identification:_identify(AllResults/hundredVehs/twoWay/NorthSouth/FIS) by extension 'ros'
[4.346s] Level 1:colcon.colcon_core.package_identification:_identify(AllResults/hundredVehs/twoWay/NorthSouth/FIS) by extensions ['cmake', 'python']
[4.346s] Level 1:colcon.colcon_core.package_identification:_identify(AllResults/hundredVehs/twoWay/NorthSouth/FIS) by extension 'cmake'
[4.346s] Level 1:colcon.colcon_core.package_identification:_identify(AllResults/hundredVehs/twoWay/NorthSouth/FIS) by extension 'python'
[4.346s] Level 1:colcon.colcon_core.package_identification:_identify(AllResults/hundredVehs/twoWay/NorthSouth/FIS) by extensions ['python_setup_py']
[4.346s] Level 1:colcon.colcon_core.package_identification:_identify(AllResults/hundredVehs/twoWay/NorthSouth/FIS) by extension 'python_setup_py'
[4.346s] Level 1:colcon.colcon_core.package_identification:_identify(AllResults/hundredVehs/twoWay/NorthSouth/SpdDst) by extensions ['ignore', 'ignore_ament_install']
[4.346s] Level 1:colcon.colcon_core.package_identification:_identify(AllResults/hundredVehs/twoWay/NorthSouth/SpdDst) by extension 'ignore'
[4.346s] Level 1:colcon.colcon_core.package_identification:_identify(AllResults/hundredVehs/twoWay/NorthSouth/SpdDst) by extension 'ignore_ament_install'
[4.347s] Level 1:colcon.colcon_core.package_identification:_identify(AllResults/hundredVehs/twoWay/NorthSouth/SpdDst) by extensions ['colcon_pkg']
[4.347s] Level 1:colcon.colcon_core.package_identification:_identify(AllResults/hundredVehs/twoWay/NorthSouth/SpdDst) by extension 'colcon_pkg'
[4.347s] Level 1:colcon.colcon_core.package_identification:_identify(AllResults/hundredVehs/twoWay/NorthSouth/SpdDst) by extensions ['colcon_meta']
[4.347s] Level 1:colcon.colcon_core.package_identification:_identify(AllResults/hundredVehs/twoWay/NorthSouth/SpdDst) by extension 'colcon_meta'
[4.347s] Level 1:colcon.colcon_core.package_identification:_identify(AllResults/hundredVehs/twoWay/NorthSouth/SpdDst) by extensions ['ros']
[4.347s] Level 1:colcon.colcon_core.package_identification:_identify(AllResults/hundredVehs/twoWay/NorthSouth/SpdDst) by extension 'ros'
[4.347s] Level 1:colcon.colcon_core.package_identification:_identify(AllResults/hundredVehs/twoWay/NorthSouth/SpdDst) by extensions ['cmake', 'python']
[4.347s] Level 1:colcon.colcon_core.package_identification:_identify(AllResults/hundredVehs/twoWay/NorthSouth/SpdDst) by extension 'cmake'
[4.347s] Level 1:colcon.colcon_core.package_identification:_identify(AllResults/hundredVehs/twoWay/NorthSouth/SpdDst) by extension 'python'
[4.347s] Level 1:colcon.colcon_core.package_identification:_identify(AllResults/hundredVehs/twoWay/NorthSouth/SpdDst) by extensions ['python_setup_py']
[4.347s] Level 1:colcon.colcon_core.package_identification:_identify(AllResults/hundredVehs/twoWay/NorthSouth/SpdDst) by extension 'python_setup_py'
[4.350s] Level 1:colcon.colcon_core.package_identification:_identify(AllResults/hundredVehs/twoWay/NorthSouth/Static) by extensions ['ignore', 'ignore_ament_install']
[4.350s] Level 1:colcon.colcon_core.package_identification:_identify(AllResults/hundredVehs/twoWay/NorthSouth/Static) by extension 'ignore'
[4.350s] Level 1:colcon.colcon_core.package_identification:_identify(AllResults/hundredVehs/twoWay/NorthSouth/Static) by extension 'ignore_ament_install'
[4.350s] Level 1:colcon.colcon_core.package_identification:_identify(AllResults/hundredVehs/twoWay/NorthSouth/Static) by extensions ['colcon_pkg']
[4.350s] Level 1:colcon.colcon_core.package_identification:_identify(AllResults/hundredVehs/twoWay/NorthSouth/Static) by extension 'colcon_pkg'
[4.350s] Level 1:colcon.colcon_core.package_identification:_identify(AllResults/hundredVehs/twoWay/NorthSouth/Static) by extensions ['colcon_meta']
[4.351s] Level 1:colcon.colcon_core.package_identification:_identify(AllResults/hundredVehs/twoWay/NorthSouth/Static) by extension 'colcon_meta'
[4.351s] Level 1:colcon.colcon_core.package_identification:_identify(AllResults/hundredVehs/twoWay/NorthSouth/Static) by extensions ['ros']
[4.351s] Level 1:colcon.colcon_core.package_identification:_identify(AllResults/hundredVehs/twoWay/NorthSouth/Static) by extension 'ros'
[4.351s] Level 1:colcon.colcon_core.package_identification:_identify(AllResults/hundredVehs/twoWay/NorthSouth/Static) by extensions ['cmake', 'python']
[4.351s] Level 1:colcon.colcon_core.package_identification:_identify(AllResults/hundredVehs/twoWay/NorthSouth/Static) by extension 'cmake'
[4.351s] Level 1:colcon.colcon_core.package_identification:_identify(AllResults/hundredVehs/twoWay/NorthSouth/Static) by extension 'python'
[4.351s] Level 1:colcon.colcon_core.package_identification:_identify(AllResults/hundredVehs/twoWay/NorthSouth/Static) by extensions ['python_setup_py']
[4.351s] Level 1:colcon.colcon_core.package_identification:_identify(AllResults/hundredVehs/twoWay/NorthSouth/Static) by extension 'python_setup_py'
[4.351s] Level 1:colcon.colcon_core.package_identification:_identify(AllResults/hundredVehs/twoWay/SpdDst) by extensions ['ignore', 'ignore_ament_install']
[4.351s] Level 1:colcon.colcon_core.package_identification:_identify(AllResults/hundredVehs/twoWay/SpdDst) by extension 'ignore'
[4.351s] Level 1:colcon.colcon_core.package_identification:_identify(AllResults/hundredVehs/twoWay/SpdDst) by extension 'ignore_ament_install'
[4.351s] Level 1:colcon.colcon_core.package_identification:_identify(AllResults/hundredVehs/twoWay/SpdDst) by extensions ['colcon_pkg']
[4.351s] Level 1:colcon.colcon_core.package_identification:_identify(AllResults/hundredVehs/twoWay/SpdDst) by extension 'colcon_pkg'
[4.352s] Level 1:colcon.colcon_core.package_identification:_identify(AllResults/hundredVehs/twoWay/SpdDst) by extensions ['colcon_meta']
[4.352s] Level 1:colcon.colcon_core.package_identification:_identify(AllResults/hundredVehs/twoWay/SpdDst) by extension 'colcon_meta'
[4.352s] Level 1:colcon.colcon_core.package_identification:_identify(AllResults/hundredVehs/twoWay/SpdDst) by extensions ['ros']
[4.352s] Level 1:colcon.colcon_core.package_identification:_identify(AllResults/hundredVehs/twoWay/SpdDst) by extension 'ros'
[4.352s] Level 1:colcon.colcon_core.package_identification:_identify(AllResults/hundredVehs/twoWay/SpdDst) by extensions ['cmake', 'python']
[4.352s] Level 1:colcon.colcon_core.package_identification:_identify(AllResults/hundredVehs/twoWay/SpdDst) by extension 'cmake'
[4.352s] Level 1:colcon.colcon_core.package_identification:_identify(AllResults/hundredVehs/twoWay/SpdDst) by extension 'python'
[4.352s] Level 1:colcon.colcon_core.package_identification:_identify(AllResults/hundredVehs/twoWay/SpdDst) by extensions ['python_setup_py']
[4.352s] Level 1:colcon.colcon_core.package_identification:_identify(AllResults/hundredVehs/twoWay/SpdDst) by extension 'python_setup_py'
[4.352s] Level 1:colcon.colcon_core.package_identification:_identify(AllResults/hundredVehs/twoWay/Static) by extensions ['ignore', 'ignore_ament_install']
[4.352s] Level 1:colcon.colcon_core.package_identification:_identify(AllResults/hundredVehs/twoWay/Static) by extension 'ignore'
[4.353s] Level 1:colcon.colcon_core.package_identification:_identify(AllResults/hundredVehs/twoWay/Static) by extension 'ignore_ament_install'
[4.353s] Level 1:colcon.colcon_core.package_identification:_identify(AllResults/hundredVehs/twoWay/Static) by extensions ['colcon_pkg']
[4.353s] Level 1:colcon.colcon_core.package_identification:_identify(AllResults/hundredVehs/twoWay/Static) by extension 'colcon_pkg'
[4.353s] Level 1:colcon.colcon_core.package_identification:_identify(AllResults/hundredVehs/twoWay/Static) by extensions ['colcon_meta']
[4.353s] Level 1:colcon.colcon_core.package_identification:_identify(AllResults/hundredVehs/twoWay/Static) by extension 'colcon_meta'
[4.353s] Level 1:colcon.colcon_core.package_identification:_identify(AllResults/hundredVehs/twoWay/Static) by extensions ['ros']
[4.353s] Level 1:colcon.colcon_core.package_identification:_identify(AllResults/hundredVehs/twoWay/Static) by extension 'ros'
[4.353s] Level 1:colcon.colcon_core.package_identification:_identify(AllResults/hundredVehs/twoWay/Static) by extensions ['cmake', 'python']
[4.353s] Level 1:colcon.colcon_core.package_identification:_identify(AllResults/hundredVehs/twoWay/Static) by extension 'cmake'
[4.353s] Level 1:colcon.colcon_core.package_identification:_identify(AllResults/hundredVehs/twoWay/Static) by extension 'python'
[4.353s] Level 1:colcon.colcon_core.package_identification:_identify(AllResults/hundredVehs/twoWay/Static) by extensions ['python_setup_py']
[4.353s] Level 1:colcon.colcon_core.package_identification:_identify(AllResults/hundredVehs/twoWay/Static) by extension 'python_setup_py'
[4.354s] Level 1:colcon.colcon_core.package_identification:_identify(AllResults/twoHundred) by extensions ['ignore', 'ignore_ament_install']
[4.354s] Level 1:colcon.colcon_core.package_identification:_identify(AllResults/twoHundred) by extension 'ignore'
[4.354s] Level 1:colcon.colcon_core.package_identification:_identify(AllResults/twoHundred) by extension 'ignore_ament_install'
[4.354s] Level 1:colcon.colcon_core.package_identification:_identify(AllResults/twoHundred) by extensions ['colcon_pkg']
[4.354s] Level 1:colcon.colcon_core.package_identification:_identify(AllResults/twoHundred) by extension 'colcon_pkg'
[4.354s] Level 1:colcon.colcon_core.package_identification:_identify(AllResults/twoHundred) by extensions ['colcon_meta']
[4.354s] Level 1:colcon.colcon_core.package_identification:_identify(AllResults/twoHundred) by extension 'colcon_meta'
[4.354s] Level 1:colcon.colcon_core.package_identification:_identify(AllResults/twoHundred) by extensions ['ros']
[4.354s] Level 1:colcon.colcon_core.package_identification:_identify(AllResults/twoHundred) by extension 'ros'
[4.354s] Level 1:colcon.colcon_core.package_identification:_identify(AllResults/twoHundred) by extensions ['cmake', 'python']
[4.355s] Level 1:colcon.colcon_core.package_identification:_identify(AllResults/twoHundred) by extension 'cmake'
[4.355s] Level 1:colcon.colcon_core.package_identification:_identify(AllResults/twoHundred) by extension 'python'
[4.355s] Level 1:colcon.colcon_core.package_identification:_identify(AllResults/twoHundred) by extensions ['python_setup_py']
[4.355s] Level 1:colcon.colcon_core.package_identification:_identify(AllResults/twoHundred) by extension 'python_setup_py'
[4.355s] Level 1:colcon.colcon_core.package_identification:_identify(AllResults/twoHundred/fourWay) by extensions ['ignore', 'ignore_ament_install']
[4.355s] Level 1:colcon.colcon_core.package_identification:_identify(AllResults/twoHundred/fourWay) by extension 'ignore'
[4.355s] Level 1:colcon.colcon_core.package_identification:_identify(AllResults/twoHundred/fourWay) by extension 'ignore_ament_install'
[4.355s] Level 1:colcon.colcon_core.package_identification:_identify(AllResults/twoHundred/fourWay) by extensions ['colcon_pkg']
[4.355s] Level 1:colcon.colcon_core.package_identification:_identify(AllResults/twoHundred/fourWay) by extension 'colcon_pkg'
[4.355s] Level 1:colcon.colcon_core.package_identification:_identify(AllResults/twoHundred/fourWay) by extensions ['colcon_meta']
[4.355s] Level 1:colcon.colcon_core.package_identification:_identify(AllResults/twoHundred/fourWay) by extension 'colcon_meta'
[4.355s] Level 1:colcon.colcon_core.package_identification:_identify(AllResults/twoHundred/fourWay) by extensions ['ros']
[4.355s] Level 1:colcon.colcon_core.package_identification:_identify(AllResults/twoHundred/fourWay) by extension 'ros'
[4.355s] Level 1:colcon.colcon_core.package_identification:_identify(AllResults/twoHundred/fourWay) by extensions ['cmake', 'python']
[4.356s] Level 1:colcon.colcon_core.package_identification:_identify(AllResults/twoHundred/fourWay) by extension 'cmake'
[4.356s] Level 1:colcon.colcon_core.package_identification:_identify(AllResults/twoHundred/fourWay) by extension 'python'
[4.356s] Level 1:colcon.colcon_core.package_identification:_identify(AllResults/twoHundred/fourWay) by extensions ['python_setup_py']
[4.356s] Level 1:colcon.colcon_core.package_identification:_identify(AllResults/twoHundred/fourWay) by extension 'python_setup_py'
[4.356s] Level 1:colcon.colcon_core.package_identification:_identify(AllResults/twoHundred/fourWay/FIS) by extensions ['ignore', 'ignore_ament_install']
[4.356s] Level 1:colcon.colcon_core.package_identification:_identify(AllResults/twoHundred/fourWay/FIS) by extension 'ignore'
[4.356s] Level 1:colcon.colcon_core.package_identification:_identify(AllResults/twoHundred/fourWay/FIS) by extension 'ignore_ament_install'
[4.356s] Level 1:colcon.colcon_core.package_identification:_identify(AllResults/twoHundred/fourWay/FIS) by extensions ['colcon_pkg']
[4.356s] Level 1:colcon.colcon_core.package_identification:_identify(AllResults/twoHundred/fourWay/FIS) by extension 'colcon_pkg'
[4.356s] Level 1:colcon.colcon_core.package_identification:_identify(AllResults/twoHundred/fourWay/FIS) by extensions ['colcon_meta']
[4.356s] Level 1:colcon.colcon_core.package_identification:_identify(AllResults/twoHundred/fourWay/FIS) by extension 'colcon_meta'
[4.356s] Level 1:colcon.colcon_core.package_identification:_identify(AllResults/twoHundred/fourWay/FIS) by extensions ['ros']
[4.356s] Level 1:colcon.colcon_core.package_identification:_identify(AllResults/twoHundred/fourWay/FIS) by extension 'ros'
[4.357s] Level 1:colcon.colcon_core.package_identification:_identify(AllResults/twoHundred/fourWay/FIS) by extensions ['cmake', 'python']
[4.357s] Level 1:colcon.colcon_core.package_identification:_identify(AllResults/twoHundred/fourWay/FIS) by extension 'cmake'
[4.357s] Level 1:colcon.colcon_core.package_identification:_identify(AllResults/twoHundred/fourWay/FIS) by extension 'python'
[4.357s] Level 1:colcon.colcon_core.package_identification:_identify(AllResults/twoHundred/fourWay/FIS) by extensions ['python_setup_py']
[4.357s] Level 1:colcon.colcon_core.package_identification:_identify(AllResults/twoHundred/fourWay/FIS) by extension 'python_setup_py'
[4.357s] Level 1:colcon.colcon_core.package_identification:_identify(AllResults/twoHundred/fourWay/SpdDst) by extensions ['ignore', 'ignore_ament_install']
[4.357s] Level 1:colcon.colcon_core.package_identification:_identify(AllResults/twoHundred/fourWay/SpdDst) by extension 'ignore'
[4.357s] Level 1:colcon.colcon_core.package_identification:_identify(AllResults/twoHundred/fourWay/SpdDst) by extension 'ignore_ament_install'
[4.357s] Level 1:colcon.colcon_core.package_identification:_identify(AllResults/twoHundred/fourWay/SpdDst) by extensions ['colcon_pkg']
[4.357s] Level 1:colcon.colcon_core.package_identification:_identify(AllResults/twoHundred/fourWay/SpdDst) by extension 'colcon_pkg'
[4.357s] Level 1:colcon.colcon_core.package_identification:_identify(AllResults/twoHundred/fourWay/SpdDst) by extensions ['colcon_meta']
[4.357s] Level 1:colcon.colcon_core.package_identification:_identify(AllResults/twoHundred/fourWay/SpdDst) by extension 'colcon_meta'
[4.357s] Level 1:colcon.colcon_core.package_identification:_identify(AllResults/twoHundred/fourWay/SpdDst) by extensions ['ros']
[4.358s] Level 1:colcon.colcon_core.package_identification:_identify(AllResults/twoHundred/fourWay/SpdDst) by extension 'ros'
[4.358s] Level 1:colcon.colcon_core.package_identification:_identify(AllResults/twoHundred/fourWay/SpdDst) by extensions ['cmake', 'python']
[4.358s] Level 1:colcon.colcon_core.package_identification:_identify(AllResults/twoHundred/fourWay/SpdDst) by extension 'cmake'
[4.358s] Level 1:colcon.colcon_core.package_identification:_identify(AllResults/twoHundred/fourWay/SpdDst) by extension 'python'
[4.358s] Level 1:colcon.colcon_core.package_identification:_identify(AllResults/twoHundred/fourWay/SpdDst) by extensions ['python_setup_py']
[4.358s] Level 1:colcon.colcon_core.package_identification:_identify(AllResults/twoHundred/fourWay/SpdDst) by extension 'python_setup_py'
[4.358s] Level 1:colcon.colcon_core.package_identification:_identify(AllResults/twoHundred/fourWay/Static) by extensions ['ignore', 'ignore_ament_install']
[4.358s] Level 1:colcon.colcon_core.package_identification:_identify(AllResults/twoHundred/fourWay/Static) by extension 'ignore'
[4.358s] Level 1:colcon.colcon_core.package_identification:_identify(AllResults/twoHundred/fourWay/Static) by extension 'ignore_ament_install'
[4.358s] Level 1:colcon.colcon_core.package_identification:_identify(AllResults/twoHundred/fourWay/Static) by extensions ['colcon_pkg']
[4.358s] Level 1:colcon.colcon_core.package_identification:_identify(AllResults/twoHundred/fourWay/Static) by extension 'colcon_pkg'
[4.358s] Level 1:colcon.colcon_core.package_identification:_identify(AllResults/twoHundred/fourWay/Static) by extensions ['colcon_meta']
[4.358s] Level 1:colcon.colcon_core.package_identification:_identify(AllResults/twoHundred/fourWay/Static) by extension 'colcon_meta'
[4.359s] Level 1:colcon.colcon_core.package_identification:_identify(AllResults/twoHundred/fourWay/Static) by extensions ['ros']
[4.359s] Level 1:colcon.colcon_core.package_identification:_identify(AllResults/twoHundred/fourWay/Static) by extension 'ros'
[4.359s] Level 1:colcon.colcon_core.package_identification:_identify(AllResults/twoHundred/fourWay/Static) by extensions ['cmake', 'python']
[4.359s] Level 1:colcon.colcon_core.package_identification:_identify(AllResults/twoHundred/fourWay/Static) by extension 'cmake'
[4.359s] Level 1:colcon.colcon_core.package_identification:_identify(AllResults/twoHundred/fourWay/Static) by extension 'python'
[4.359s] Level 1:colcon.colcon_core.package_identification:_identify(AllResults/twoHundred/fourWay/Static) by extensions ['python_setup_py']
[4.359s] Level 1:colcon.colcon_core.package_identification:_identify(AllResults/twoHundred/fourWay/Static) by extension 'python_setup_py'
[4.359s] Level 1:colcon.colcon_core.package_identification:_identify(AllResults/twoHundred/twoWay) by extensions ['ignore', 'ignore_ament_install']
[4.359s] Level 1:colcon.colcon_core.package_identification:_identify(AllResults/twoHundred/twoWay) by extension 'ignore'
[4.359s] Level 1:colcon.colcon_core.package_identification:_identify(AllResults/twoHundred/twoWay) by extension 'ignore_ament_install'
[4.360s] Level 1:colcon.colcon_core.package_identification:_identify(AllResults/twoHundred/twoWay) by extensions ['colcon_pkg']
[4.360s] Level 1:colcon.colcon_core.package_identification:_identify(AllResults/twoHundred/twoWay) by extension 'colcon_pkg'
[4.360s] Level 1:colcon.colcon_core.package_identification:_identify(AllResults/twoHundred/twoWay) by extensions ['colcon_meta']
[4.360s] Level 1:colcon.colcon_core.package_identification:_identify(AllResults/twoHundred/twoWay) by extension 'colcon_meta'
[4.360s] Level 1:colcon.colcon_core.package_identification:_identify(AllResults/twoHundred/twoWay) by extensions ['ros']
[4.360s] Level 1:colcon.colcon_core.package_identification:_identify(AllResults/twoHundred/twoWay) by extension 'ros'
[4.360s] Level 1:colcon.colcon_core.package_identification:_identify(AllResults/twoHundred/twoWay) by extensions ['cmake', 'python']
[4.360s] Level 1:colcon.colcon_core.package_identification:_identify(AllResults/twoHundred/twoWay) by extension 'cmake'
[4.360s] Level 1:colcon.colcon_core.package_identification:_identify(AllResults/twoHundred/twoWay) by extension 'python'
[4.360s] Level 1:colcon.colcon_core.package_identification:_identify(AllResults/twoHundred/twoWay) by extensions ['python_setup_py']
[4.360s] Level 1:colcon.colcon_core.package_identification:_identify(AllResults/twoHundred/twoWay) by extension 'python_setup_py'
[4.360s] Level 1:colcon.colcon_core.package_identification:_identify(AllResults/twoHundred/twoWay/FIS) by extensions ['ignore', 'ignore_ament_install']
[4.360s] Level 1:colcon.colcon_core.package_identification:_identify(AllResults/twoHundred/twoWay/FIS) by extension 'ignore'
[4.360s] Level 1:colcon.colcon_core.package_identification:_identify(AllResults/twoHundred/twoWay/FIS) by extension 'ignore_ament_install'
[4.360s] Level 1:colcon.colcon_core.package_identification:_identify(AllResults/twoHundred/twoWay/FIS) by extensions ['colcon_pkg']
[4.361s] Level 1:colcon.colcon_core.package_identification:_identify(AllResults/twoHundred/twoWay/FIS) by extension 'colcon_pkg'
[4.361s] Level 1:colcon.colcon_core.package_identification:_identify(AllResults/twoHundred/twoWay/FIS) by extensions ['colcon_meta']
[4.361s] Level 1:colcon.colcon_core.package_identification:_identify(AllResults/twoHundred/twoWay/FIS) by extension 'colcon_meta'
[4.361s] Level 1:colcon.colcon_core.package_identification:_identify(AllResults/twoHundred/twoWay/FIS) by extensions ['ros']
[4.361s] Level 1:colcon.colcon_core.package_identification:_identify(AllResults/twoHundred/twoWay/FIS) by extension 'ros'
[4.361s] Level 1:colcon.colcon_core.package_identification:_identify(AllResults/twoHundred/twoWay/FIS) by extensions ['cmake', 'python']
[4.361s] Level 1:colcon.colcon_core.package_identification:_identify(AllResults/twoHundred/twoWay/FIS) by extension 'cmake'
[4.361s] Level 1:colcon.colcon_core.package_identification:_identify(AllResults/twoHundred/twoWay/FIS) by extension 'python'
[4.361s] Level 1:colcon.colcon_core.package_identification:_identify(AllResults/twoHundred/twoWay/FIS) by extensions ['python_setup_py']
[4.361s] Level 1:colcon.colcon_core.package_identification:_identify(AllResults/twoHundred/twoWay/FIS) by extension 'python_setup_py'
[4.362s] Level 1:colcon.colcon_core.package_identification:_identify(AllResults/twoHundred/twoWay/SouthNorth) by extensions ['ignore', 'ignore_ament_install']
[4.362s] Level 1:colcon.colcon_core.package_identification:_identify(AllResults/twoHundred/twoWay/SouthNorth) by extension 'ignore'
[4.362s] Level 1:colcon.colcon_core.package_identification:_identify(AllResults/twoHundred/twoWay/SouthNorth) by extension 'ignore_ament_install'
[4.362s] Level 1:colcon.colcon_core.package_identification:_identify(AllResults/twoHundred/twoWay/SouthNorth) by extensions ['colcon_pkg']
[4.363s] Level 1:colcon.colcon_core.package_identification:_identify(AllResults/twoHundred/twoWay/SouthNorth) by extension 'colcon_pkg'
[4.363s] Level 1:colcon.colcon_core.package_identification:_identify(AllResults/twoHundred/twoWay/SouthNorth) by extensions ['colcon_meta']
[4.363s] Level 1:colcon.colcon_core.package_identification:_identify(AllResults/twoHundred/twoWay/SouthNorth) by extension 'colcon_meta'
[4.363s] Level 1:colcon.colcon_core.package_identification:_identify(AllResults/twoHundred/twoWay/SouthNorth) by extensions ['ros']
[4.363s] Level 1:colcon.colcon_core.package_identification:_identify(AllResults/twoHundred/twoWay/SouthNorth) by extension 'ros'
[4.363s] Level 1:colcon.colcon_core.package_identification:_identify(AllResults/twoHundred/twoWay/SouthNorth) by extensions ['cmake', 'python']
[4.363s] Level 1:colcon.colcon_core.package_identification:_identify(AllResults/twoHundred/twoWay/SouthNorth) by extension 'cmake'
[4.363s] Level 1:colcon.colcon_core.package_identification:_identify(AllResults/twoHundred/twoWay/SouthNorth) by extension 'python'
[4.363s] Level 1:colcon.colcon_core.package_identification:_identify(AllResults/twoHundred/twoWay/SouthNorth) by extensions ['python_setup_py']
[4.363s] Level 1:colcon.colcon_core.package_identification:_identify(AllResults/twoHundred/twoWay/SouthNorth) by extension 'python_setup_py'
[4.363s] Level 1:colcon.colcon_core.package_identification:_identify(AllResults/twoHundred/twoWay/SouthNorth/FIS) by extensions ['ignore', 'ignore_ament_install']
[4.363s] Level 1:colcon.colcon_core.package_identification:_identify(AllResults/twoHundred/twoWay/SouthNorth/FIS) by extension 'ignore'
[4.363s] Level 1:colcon.colcon_core.package_identification:_identify(AllResults/twoHundred/twoWay/SouthNorth/FIS) by extension 'ignore_ament_install'
[4.364s] Level 1:colcon.colcon_core.package_identification:_identify(AllResults/twoHundred/twoWay/SouthNorth/FIS) by extensions ['colcon_pkg']
[4.364s] Level 1:colcon.colcon_core.package_identification:_identify(AllResults/twoHundred/twoWay/SouthNorth/FIS) by extension 'colcon_pkg'
[4.364s] Level 1:colcon.colcon_core.package_identification:_identify(AllResults/twoHundred/twoWay/SouthNorth/FIS) by extensions ['colcon_meta']
[4.364s] Level 1:colcon.colcon_core.package_identification:_identify(AllResults/twoHundred/twoWay/SouthNorth/FIS) by extension 'colcon_meta'
[4.364s] Level 1:colcon.colcon_core.package_identification:_identify(AllResults/twoHundred/twoWay/SouthNorth/FIS) by extensions ['ros']
[4.364s] Level 1:colcon.colcon_core.package_identification:_identify(AllResults/twoHundred/twoWay/SouthNorth/FIS) by extension 'ros'
[4.364s] Level 1:colcon.colcon_core.package_identification:_identify(AllResults/twoHundred/twoWay/SouthNorth/FIS) by extensions ['cmake', 'python']
[4.364s] Level 1:colcon.colcon_core.package_identification:_identify(AllResults/twoHundred/twoWay/SouthNorth/FIS) by extension 'cmake'
[4.364s] Level 1:colcon.colcon_core.package_identification:_identify(AllResults/twoHundred/twoWay/SouthNorth/FIS) by extension 'python'
[4.364s] Level 1:colcon.colcon_core.package_identification:_identify(AllResults/twoHundred/twoWay/SouthNorth/FIS) by extensions ['python_setup_py']
[4.364s] Level 1:colcon.colcon_core.package_identification:_identify(AllResults/twoHundred/twoWay/SouthNorth/FIS) by extension 'python_setup_py'
[4.364s] Level 1:colcon.colcon_core.package_identification:_identify(AllResults/twoHundred/twoWay/SouthNorth/SpdDst) by extensions ['ignore', 'ignore_ament_install']
[4.364s] Level 1:colcon.colcon_core.package_identification:_identify(AllResults/twoHundred/twoWay/SouthNorth/SpdDst) by extension 'ignore'
[4.365s] Level 1:colcon.colcon_core.package_identification:_identify(AllResults/twoHundred/twoWay/SouthNorth/SpdDst) by extension 'ignore_ament_install'
[4.365s] Level 1:colcon.colcon_core.package_identification:_identify(AllResults/twoHundred/twoWay/SouthNorth/SpdDst) by extensions ['colcon_pkg']
[4.365s] Level 1:colcon.colcon_core.package_identification:_identify(AllResults/twoHundred/twoWay/SouthNorth/SpdDst) by extension 'colcon_pkg'
[4.365s] Level 1:colcon.colcon_core.package_identification:_identify(AllResults/twoHundred/twoWay/SouthNorth/SpdDst) by extensions ['colcon_meta']
[4.365s] Level 1:colcon.colcon_core.package_identification:_identify(AllResults/twoHundred/twoWay/SouthNorth/SpdDst) by extension 'colcon_meta'
[4.365s] Level 1:colcon.colcon_core.package_identification:_identify(AllResults/twoHundred/twoWay/SouthNorth/SpdDst) by extensions ['ros']
[4.365s] Level 1:colcon.colcon_core.package_identification:_identify(AllResults/twoHundred/twoWay/SouthNorth/SpdDst) by extension 'ros'
[4.365s] Level 1:colcon.colcon_core.package_identification:_identify(AllResults/twoHundred/twoWay/SouthNorth/SpdDst) by extensions ['cmake', 'python']
[4.365s] Level 1:colcon.colcon_core.package_identification:_identify(AllResults/twoHundred/twoWay/SouthNorth/SpdDst) by extension 'cmake'
[4.365s] Level 1:colcon.colcon_core.package_identification:_identify(AllResults/twoHundred/twoWay/SouthNorth/SpdDst) by extension 'python'
[4.365s] Level 1:colcon.colcon_core.package_identification:_identify(AllResults/twoHundred/twoWay/SouthNorth/SpdDst) by extensions ['python_setup_py']
[4.365s] Level 1:colcon.colcon_core.package_identification:_identify(AllResults/twoHundred/twoWay/SouthNorth/SpdDst) by extension 'python_setup_py'
[4.365s] Level 1:colcon.colcon_core.package_identification:_identify(AllResults/twoHundred/twoWay/SouthNorth/Static) by extensions ['ignore', 'ignore_ament_install']
[4.365s] Level 1:colcon.colcon_core.package_identification:_identify(AllResults/twoHundred/twoWay/SouthNorth/Static) by extension 'ignore'
[4.366s] Level 1:colcon.colcon_core.package_identification:_identify(AllResults/twoHundred/twoWay/SouthNorth/Static) by extension 'ignore_ament_install'
[4.366s] Level 1:colcon.colcon_core.package_identification:_identify(AllResults/twoHundred/twoWay/SouthNorth/Static) by extensions ['colcon_pkg']
[4.366s] Level 1:colcon.colcon_core.package_identification:_identify(AllResults/twoHundred/twoWay/SouthNorth/Static) by extension 'colcon_pkg'
[4.366s] Level 1:colcon.colcon_core.package_identification:_identify(AllResults/twoHundred/twoWay/SouthNorth/Static) by extensions ['colcon_meta']
[4.366s] Level 1:colcon.colcon_core.package_identification:_identify(AllResults/twoHundred/twoWay/SouthNorth/Static) by extension 'colcon_meta'
[4.366s] Level 1:colcon.colcon_core.package_identification:_identify(AllResults/twoHundred/twoWay/SouthNorth/Static) by extensions ['ros']
[4.366s] Level 1:colcon.colcon_core.package_identification:_identify(AllResults/twoHundred/twoWay/SouthNorth/Static) by extension 'ros'
[4.366s] Level 1:colcon.colcon_core.package_identification:_identify(AllResults/twoHundred/twoWay/SouthNorth/Static) by extensions ['cmake', 'python']
[4.366s] Level 1:colcon.colcon_core.package_identification:_identify(AllResults/twoHundred/twoWay/SouthNorth/Static) by extension 'cmake'
[4.366s] Level 1:colcon.colcon_core.package_identification:_identify(AllResults/twoHundred/twoWay/SouthNorth/Static) by extension 'python'
[4.366s] Level 1:colcon.colcon_core.package_identification:_identify(AllResults/twoHundred/twoWay/SouthNorth/Static) by extensions ['python_setup_py']
[4.366s] Level 1:colcon.colcon_core.package_identification:_identify(AllResults/twoHundred/twoWay/SouthNorth/Static) by extension 'python_setup_py'
[4.366s] Level 1:colcon.colcon_core.package_identification:_identify(AllResults/twoHundred/twoWay/SpdDst) by extensions ['ignore', 'ignore_ament_install']
[4.367s] Level 1:colcon.colcon_core.package_identification:_identify(AllResults/twoHundred/twoWay/SpdDst) by extension 'ignore'
[4.367s] Level 1:colcon.colcon_core.package_identification:_identify(AllResults/twoHundred/twoWay/SpdDst) by extension 'ignore_ament_install'
[4.367s] Level 1:colcon.colcon_core.package_identification:_identify(AllResults/twoHundred/twoWay/SpdDst) by extensions ['colcon_pkg']
[4.367s] Level 1:colcon.colcon_core.package_identification:_identify(AllResults/twoHundred/twoWay/SpdDst) by extension 'colcon_pkg'
[4.367s] Level 1:colcon.colcon_core.package_identification:_identify(AllResults/twoHundred/twoWay/SpdDst) by extensions ['colcon_meta']
[4.367s] Level 1:colcon.colcon_core.package_identification:_identify(AllResults/twoHundred/twoWay/SpdDst) by extension 'colcon_meta'
[4.367s] Level 1:colcon.colcon_core.package_identification:_identify(AllResults/twoHundred/twoWay/SpdDst) by extensions ['ros']
[4.367s] Level 1:colcon.colcon_core.package_identification:_identify(AllResults/twoHundred/twoWay/SpdDst) by extension 'ros'
[4.367s] Level 1:colcon.colcon_core.package_identification:_identify(AllResults/twoHundred/twoWay/SpdDst) by extensions ['cmake', 'python']
[4.367s] Level 1:colcon.colcon_core.package_identification:_identify(AllResults/twoHundred/twoWay/SpdDst) by extension 'cmake'
[4.367s] Level 1:colcon.colcon_core.package_identification:_identify(AllResults/twoHundred/twoWay/SpdDst) by extension 'python'
[4.367s] Level 1:colcon.colcon_core.package_identification:_identify(AllResults/twoHundred/twoWay/SpdDst) by extensions ['python_setup_py']
[4.367s] Level 1:colcon.colcon_core.package_identification:_identify(AllResults/twoHundred/twoWay/SpdDst) by extension 'python_setup_py'
[4.368s] Level 1:colcon.colcon_core.package_identification:_identify(AllResults/twoHundred/twoWay/Static) by extensions ['ignore', 'ignore_ament_install']
[4.368s] Level 1:colcon.colcon_core.package_identification:_identify(AllResults/twoHundred/twoWay/Static) by extension 'ignore'
[4.368s] Level 1:colcon.colcon_core.package_identification:_identify(AllResults/twoHundred/twoWay/Static) by extension 'ignore_ament_install'
[4.368s] Level 1:colcon.colcon_core.package_identification:_identify(AllResults/twoHundred/twoWay/Static) by extensions ['colcon_pkg']
[4.368s] Level 1:colcon.colcon_core.package_identification:_identify(AllResults/twoHundred/twoWay/Static) by extension 'colcon_pkg'
[4.368s] Level 1:colcon.colcon_core.package_identification:_identify(AllResults/twoHundred/twoWay/Static) by extensions ['colcon_meta']
[4.368s] Level 1:colcon.colcon_core.package_identification:_identify(AllResults/twoHundred/twoWay/Static) by extension 'colcon_meta'
[4.368s] Level 1:colcon.colcon_core.package_identification:_identify(AllResults/twoHundred/twoWay/Static) by extensions ['ros']
[4.368s] Level 1:colcon.colcon_core.package_identification:_identify(AllResults/twoHundred/twoWay/Static) by extension 'ros'
[4.368s] Level 1:colcon.colcon_core.package_identification:_identify(AllResults/twoHundred/twoWay/Static) by extensions ['cmake', 'python']
[4.368s] Level 1:colcon.colcon_core.package_identification:_identify(AllResults/twoHundred/twoWay/Static) by extension 'cmake'
[4.368s] Level 1:colcon.colcon_core.package_identification:_identify(AllResults/twoHundred/twoWay/Static) by extension 'python'
[4.368s] Level 1:colcon.colcon_core.package_identification:_identify(AllResults/twoHundred/twoWay/Static) by extensions ['python_setup_py']
[4.368s] Level 1:colcon.colcon_core.package_identification:_identify(AllResults/twoHundred/twoWay/Static) by extension 'python_setup_py'
[4.369s] Level 1:colcon.colcon_core.package_identification:_identify(InitialSim) by extensions ['ignore', 'ignore_ament_install']
[4.369s] Level 1:colcon.colcon_core.package_identification:_identify(InitialSim) by extension 'ignore'
[4.369s] Level 1:colcon.colcon_core.package_identification:_identify(InitialSim) by extension 'ignore_ament_install'
[4.369s] Level 1:colcon.colcon_core.package_identification:_identify(InitialSim) by extensions ['colcon_pkg']
[4.369s] Level 1:colcon.colcon_core.package_identification:_identify(InitialSim) by extension 'colcon_pkg'
[4.369s] Level 1:colcon.colcon_core.package_identification:_identify(InitialSim) by extensions ['colcon_meta']
[4.369s] Level 1:colcon.colcon_core.package_identification:_identify(InitialSim) by extension 'colcon_meta'
[4.369s] Level 1:colcon.colcon_core.package_identification:_identify(InitialSim) by extensions ['ros']
[4.369s] Level 1:colcon.colcon_core.package_identification:_identify(InitialSim) by extension 'ros'
[4.370s] Level 1:colcon.colcon_core.package_identification:_identify(InitialSim) by extensions ['cmake', 'python']
[4.370s] Level 1:colcon.colcon_core.package_identification:_identify(InitialSim) by extension 'cmake'
[4.370s] Level 1:colcon.colcon_core.package_identification:_identify(InitialSim) by extension 'python'
[4.370s] Level 1:colcon.colcon_core.package_identification:_identify(InitialSim) by extensions ['python_setup_py']
[4.370s] Level 1:colcon.colcon_core.package_identification:_identify(InitialSim) by extension 'python_setup_py'
[4.370s] Level 1:colcon.colcon_core.package_identification:_identify(InitialSim/Results) by extensions ['ignore', 'ignore_ament_install']
[4.370s] Level 1:colcon.colcon_core.package_identification:_identify(InitialSim/Results) by extension 'ignore'
[4.371s] Level 1:colcon.colcon_core.package_identification:_identify(InitialSim/Results) by extension 'ignore_ament_install'
[4.371s] Level 1:colcon.colcon_core.package_identification:_identify(InitialSim/Results) by extensions ['colcon_pkg']
[4.371s] Level 1:colcon.colcon_core.package_identification:_identify(InitialSim/Results) by extension 'colcon_pkg'
[4.371s] Level 1:colcon.colcon_core.package_identification:_identify(InitialSim/Results) by extensions ['colcon_meta']
[4.371s] Level 1:colcon.colcon_core.package_identification:_identify(InitialSim/Results) by extension 'colcon_meta'
[4.371s] Level 1:colcon.colcon_core.package_identification:_identify(InitialSim/Results) by extensions ['ros']
[4.371s] Level 1:colcon.colcon_core.package_identification:_identify(InitialSim/Results) by extension 'ros'
[4.371s] Level 1:colcon.colcon_core.package_identification:_identify(InitialSim/Results) by extensions ['cmake', 'python']
[4.371s] Level 1:colcon.colcon_core.package_identification:_identify(InitialSim/Results) by extension 'cmake'
[4.371s] Level 1:colcon.colcon_core.package_identification:_identify(InitialSim/Results) by extension 'python'
[4.371s] Level 1:colcon.colcon_core.package_identification:_identify(InitialSim/Results) by extensions ['python_setup_py']
[4.371s] Level 1:colcon.colcon_core.package_identification:_identify(InitialSim/Results) by extension 'python_setup_py'
[4.372s] Level 1:colcon.colcon_core.package_identification:_identify(InitialSim/tenVehs) by extensions ['ignore', 'ignore_ament_install']
[4.372s] Level 1:colcon.colcon_core.package_identification:_identify(InitialSim/tenVehs) by extension 'ignore'
[4.372s] Level 1:colcon.colcon_core.package_identification:_identify(InitialSim/tenVehs) by extension 'ignore_ament_install'
[4.372s] Level 1:colcon.colcon_core.package_identification:_identify(InitialSim/tenVehs) by extensions ['colcon_pkg']
[4.372s] Level 1:colcon.colcon_core.package_identification:_identify(InitialSim/tenVehs) by extension 'colcon_pkg'
[4.372s] Level 1:colcon.colcon_core.package_identification:_identify(InitialSim/tenVehs) by extensions ['colcon_meta']
[4.372s] Level 1:colcon.colcon_core.package_identification:_identify(InitialSim/tenVehs) by extension 'colcon_meta'
[4.372s] Level 1:colcon.colcon_core.package_identification:_identify(InitialSim/tenVehs) by extensions ['ros']
[4.372s] Level 1:colcon.colcon_core.package_identification:_identify(InitialSim/tenVehs) by extension 'ros'
[4.373s] Level 1:colcon.colcon_core.package_identification:_identify(InitialSim/tenVehs) by extensions ['cmake', 'python']
[4.373s] Level 1:colcon.colcon_core.package_identification:_identify(InitialSim/tenVehs) by extension 'cmake'
[4.373s] Level 1:colcon.colcon_core.package_identification:_identify(InitialSim/tenVehs) by extension 'python'
[4.373s] Level 1:colcon.colcon_core.package_identification:_identify(InitialSim/tenVehs) by extensions ['python_setup_py']
[4.373s] Level 1:colcon.colcon_core.package_identification:_identify(InitialSim/tenVehs) by extension 'python_setup_py'
[4.373s] Level 1:colcon.colcon_core.package_identification:_identify(InitialSim/thirtyVehs) by extensions ['ignore', 'ignore_ament_install']
[4.374s] Level 1:colcon.colcon_core.package_identification:_identify(InitialSim/thirtyVehs) by extension 'ignore'
[4.374s] Level 1:colcon.colcon_core.package_identification:_identify(InitialSim/thirtyVehs) by extension 'ignore_ament_install'
[4.374s] Level 1:colcon.colcon_core.package_identification:_identify(InitialSim/thirtyVehs) by extensions ['colcon_pkg']
[4.374s] Level 1:colcon.colcon_core.package_identification:_identify(InitialSim/thirtyVehs) by extension 'colcon_pkg'
[4.374s] Level 1:colcon.colcon_core.package_identification:_identify(InitialSim/thirtyVehs) by extensions ['colcon_meta']
[4.374s] Level 1:colcon.colcon_core.package_identification:_identify(InitialSim/thirtyVehs) by extension 'colcon_meta'
[4.374s] Level 1:colcon.colcon_core.package_identification:_identify(InitialSim/thirtyVehs) by extensions ['ros']
[4.374s] Level 1:colcon.colcon_core.package_identification:_identify(InitialSim/thirtyVehs) by extension 'ros'
[4.374s] Level 1:colcon.colcon_core.package_identification:_identify(InitialSim/thirtyVehs) by extensions ['cmake', 'python']
[4.374s] Level 1:colcon.colcon_core.package_identification:_identify(InitialSim/thirtyVehs) by extension 'cmake'
[4.374s] Level 1:colcon.colcon_core.package_identification:_identify(InitialSim/thirtyVehs) by extension 'python'
[4.374s] Level 1:colcon.colcon_core.package_identification:_identify(InitialSim/thirtyVehs) by extensions ['python_setup_py']
[4.374s] Level 1:colcon.colcon_core.package_identification:_identify(InitialSim/thirtyVehs) by extension 'python_setup_py'
[4.375s] Level 1:colcon.colcon_core.package_identification:_identify(InitialSim/twoVehs) by extensions ['ignore', 'ignore_ament_install']
[4.375s] Level 1:colcon.colcon_core.package_identification:_identify(InitialSim/twoVehs) by extension 'ignore'
[4.375s] Level 1:colcon.colcon_core.package_identification:_identify(InitialSim/twoVehs) by extension 'ignore_ament_install'
[4.375s] Level 1:colcon.colcon_core.package_identification:_identify(InitialSim/twoVehs) by extensions ['colcon_pkg']
[4.375s] Level 1:colcon.colcon_core.package_identification:_identify(InitialSim/twoVehs) by extension 'colcon_pkg'
[4.375s] Level 1:colcon.colcon_core.package_identification:_identify(InitialSim/twoVehs) by extensions ['colcon_meta']
[4.375s] Level 1:colcon.colcon_core.package_identification:_identify(InitialSim/twoVehs) by extension 'colcon_meta'
[4.375s] Level 1:colcon.colcon_core.package_identification:_identify(InitialSim/twoVehs) by extensions ['ros']
[4.375s] Level 1:colcon.colcon_core.package_identification:_identify(InitialSim/twoVehs) by extension 'ros'
[4.375s] Level 1:colcon.colcon_core.package_identification:_identify(InitialSim/twoVehs) by extensions ['cmake', 'python']
[4.375s] Level 1:colcon.colcon_core.package_identification:_identify(InitialSim/twoVehs) by extension 'cmake'
[4.375s] Level 1:colcon.colcon_core.package_identification:_identify(InitialSim/twoVehs) by extension 'python'
[4.375s] Level 1:colcon.colcon_core.package_identification:_identify(InitialSim/twoVehs) by extensions ['python_setup_py']
[4.375s] Level 1:colcon.colcon_core.package_identification:_identify(InitialSim/twoVehs) by extension 'python_setup_py'
[4.376s] Level 1:colcon.colcon_core.package_identification:_identify(New folder) by extensions ['ignore', 'ignore_ament_install']
[4.376s] Level 1:colcon.colcon_core.package_identification:_identify(New folder) by extension 'ignore'
[4.376s] Level 1:colcon.colcon_core.package_identification:_identify(New folder) by extension 'ignore_ament_install'
[4.376s] Level 1:colcon.colcon_core.package_identification:_identify(New folder) by extensions ['colcon_pkg']
[4.376s] Level 1:colcon.colcon_core.package_identification:_identify(New folder) by extension 'colcon_pkg'
[4.376s] Level 1:colcon.colcon_core.package_identification:_identify(New folder) by extensions ['colcon_meta']
[4.376s] Level 1:colcon.colcon_core.package_identification:_identify(New folder) by extension 'colcon_meta'
[4.376s] Level 1:colcon.colcon_core.package_identification:_identify(New folder) by extensions ['ros']
[4.376s] Level 1:colcon.colcon_core.package_identification:_identify(New folder) by extension 'ros'
[4.376s] Level 1:colcon.colcon_core.package_identification:_identify(New folder) by extensions ['cmake', 'python']
[4.376s] Level 1:colcon.colcon_core.package_identification:_identify(New folder) by extension 'cmake'
[4.376s] Level 1:colcon.colcon_core.package_identification:_identify(New folder) by extension 'python'
[4.376s] Level 1:colcon.colcon_core.package_identification:_identify(New folder) by extensions ['python_setup_py']
[4.376s] Level 1:colcon.colcon_core.package_identification:_identify(New folder) by extension 'python_setup_py'
[4.377s] Level 1:colcon.colcon_core.package_identification:_identify(Results) by extensions ['ignore', 'ignore_ament_install']
[4.377s] Level 1:colcon.colcon_core.package_identification:_identify(Results) by extension 'ignore'
[4.377s] Level 1:colcon.colcon_core.package_identification:_identify(Results) by extension 'ignore_ament_install'
[4.377s] Level 1:colcon.colcon_core.package_identification:_identify(Results) by extensions ['colcon_pkg']
[4.377s] Level 1:colcon.colcon_core.package_identification:_identify(Results) by extension 'colcon_pkg'
[4.377s] Level 1:colcon.colcon_core.package_identification:_identify(Results) by extensions ['colcon_meta']
[4.377s] Level 1:colcon.colcon_core.package_identification:_identify(Results) by extension 'colcon_meta'
[4.377s] Level 1:colcon.colcon_core.package_identification:_identify(Results) by extensions ['ros']
[4.377s] Level 1:colcon.colcon_core.package_identification:_identify(Results) by extension 'ros'
[4.377s] Level 1:colcon.colcon_core.package_identification:_identify(Results) by extensions ['cmake', 'python']
[4.377s] Level 1:colcon.colcon_core.package_identification:_identify(Results) by extension 'cmake'
[4.377s] Level 1:colcon.colcon_core.package_identification:_identify(Results) by extension 'python'
[4.377s] Level 1:colcon.colcon_core.package_identification:_identify(Results) by extensions ['python_setup_py']
[4.377s] Level 1:colcon.colcon_core.package_identification:_identify(Results) by extension 'python_setup_py'
[4.378s] Level 1:colcon.colcon_core.package_identification:_identify(build) by extensions ['ignore', 'ignore_ament_install']
[4.378s] Level 1:colcon.colcon_core.package_identification:_identify(build) by extension 'ignore'
[4.378s] Level 1:colcon.colcon_core.package_identification:_identify(build) ignored
[4.378s] Level 1:colcon.colcon_core.package_identification:_identify(fifteenVehs) by extensions ['ignore', 'ignore_ament_install']
[4.378s] Level 1:colcon.colcon_core.package_identification:_identify(fifteenVehs) by extension 'ignore'
[4.379s] Level 1:colcon.colcon_core.package_identification:_identify(fifteenVehs) by extension 'ignore_ament_install'
[4.379s] Level 1:colcon.colcon_core.package_identification:_identify(fifteenVehs) by extensions ['colcon_pkg']
[4.379s] Level 1:colcon.colcon_core.package_identification:_identify(fifteenVehs) by extension 'colcon_pkg'
[4.379s] Level 1:colcon.colcon_core.package_identification:_identify(fifteenVehs) by extensions ['colcon_meta']
[4.379s] Level 1:colcon.colcon_core.package_identification:_identify(fifteenVehs) by extension 'colcon_meta'
[4.379s] Level 1:colcon.colcon_core.package_identification:_identify(fifteenVehs) by extensions ['ros']
[4.379s] Level 1:colcon.colcon_core.package_identification:_identify(fifteenVehs) by extension 'ros'
[4.379s] Level 1:colcon.colcon_core.package_identification:_identify(fifteenVehs) by extensions ['cmake', 'python']
[4.379s] Level 1:colcon.colcon_core.package_identification:_identify(fifteenVehs) by extension 'cmake'
[4.379s] Level 1:colcon.colcon_core.package_identification:_identify(fifteenVehs) by extension 'python'
[4.379s] Level 1:colcon.colcon_core.package_identification:_identify(fifteenVehs) by extensions ['python_setup_py']
[4.379s] Level 1:colcon.colcon_core.package_identification:_identify(fifteenVehs) by extension 'python_setup_py'
[4.379s] Level 1:colcon.colcon_core.package_identification:_identify(hundredVehs) by extensions ['ignore', 'ignore_ament_install']
[4.380s] Level 1:colcon.colcon_core.package_identification:_identify(hundredVehs) by extension 'ignore'
[4.380s] Level 1:colcon.colcon_core.package_identification:_identify(hundredVehs) by extension 'ignore_ament_install'
[4.380s] Level 1:colcon.colcon_core.package_identification:_identify(hundredVehs) by extensions ['colcon_pkg']
[4.380s] Level 1:colcon.colcon_core.package_identification:_identify(hundredVehs) by extension 'colcon_pkg'
[4.380s] Level 1:colcon.colcon_core.package_identification:_identify(hundredVehs) by extensions ['colcon_meta']
[4.380s] Level 1:colcon.colcon_core.package_identification:_identify(hundredVehs) by extension 'colcon_meta'
[4.380s] Level 1:colcon.colcon_core.package_identification:_identify(hundredVehs) by extensions ['ros']
[4.380s] Level 1:colcon.colcon_core.package_identification:_identify(hundredVehs) by extension 'ros'
[4.380s] Level 1:colcon.colcon_core.package_identification:_identify(hundredVehs) by extensions ['cmake', 'python']
[4.380s] Level 1:colcon.colcon_core.package_identification:_identify(hundredVehs) by extension 'cmake'
[4.380s] Level 1:colcon.colcon_core.package_identification:_identify(hundredVehs) by extension 'python'
[4.380s] Level 1:colcon.colcon_core.package_identification:_identify(hundredVehs) by extensions ['python_setup_py']
[4.380s] Level 1:colcon.colcon_core.package_identification:_identify(hundredVehs) by extension 'python_setup_py'
[4.380s] Level 1:colcon.colcon_core.package_identification:_identify(hundredVehs/fourWay) by extensions ['ignore', 'ignore_ament_install']
[4.381s] Level 1:colcon.colcon_core.package_identification:_identify(hundredVehs/fourWay) by extension 'ignore'
[4.381s] Level 1:colcon.colcon_core.package_identification:_identify(hundredVehs/fourWay) by extension 'ignore_ament_install'
[4.381s] Level 1:colcon.colcon_core.package_identification:_identify(hundredVehs/fourWay) by extensions ['colcon_pkg']
[4.381s] Level 1:colcon.colcon_core.package_identification:_identify(hundredVehs/fourWay) by extension 'colcon_pkg'
[4.381s] Level 1:colcon.colcon_core.package_identification:_identify(hundredVehs/fourWay) by extensions ['colcon_meta']
[4.381s] Level 1:colcon.colcon_core.package_identification:_identify(hundredVehs/fourWay) by extension 'colcon_meta'
[4.381s] Level 1:colcon.colcon_core.package_identification:_identify(hundredVehs/fourWay) by extensions ['ros']
[4.381s] Level 1:colcon.colcon_core.package_identification:_identify(hundredVehs/fourWay) by extension 'ros'
[4.381s] Level 1:colcon.colcon_core.package_identification:_identify(hundredVehs/fourWay) by extensions ['cmake', 'python']
[4.381s] Level 1:colcon.colcon_core.package_identification:_identify(hundredVehs/fourWay) by extension 'cmake'
[4.381s] Level 1:colcon.colcon_core.package_identification:_identify(hundredVehs/fourWay) by extension 'python'
[4.381s] Level 1:colcon.colcon_core.package_identification:_identify(hundredVehs/fourWay) by extensions ['python_setup_py']
[4.381s] Level 1:colcon.colcon_core.package_identification:_identify(hundredVehs/fourWay) by extension 'python_setup_py'
[4.382s] Level 1:colcon.colcon_core.package_identification:_identify(hundredVehs/fourWay/FIS) by extensions ['ignore', 'ignore_ament_install']
[4.382s] Level 1:colcon.colcon_core.package_identification:_identify(hundredVehs/fourWay/FIS) by extension 'ignore'
[4.382s] Level 1:colcon.colcon_core.package_identification:_identify(hundredVehs/fourWay/FIS) by extension 'ignore_ament_install'
[4.382s] Level 1:colcon.colcon_core.package_identification:_identify(hundredVehs/fourWay/FIS) by extensions ['colcon_pkg']
[4.382s] Level 1:colcon.colcon_core.package_identification:_identify(hundredVehs/fourWay/FIS) by extension 'colcon_pkg'
[4.382s] Level 1:colcon.colcon_core.package_identification:_identify(hundredVehs/fourWay/FIS) by extensions ['colcon_meta']
[4.382s] Level 1:colcon.colcon_core.package_identification:_identify(hundredVehs/fourWay/FIS) by extension 'colcon_meta'
[4.382s] Level 1:colcon.colcon_core.package_identification:_identify(hundredVehs/fourWay/FIS) by extensions ['ros']
[4.382s] Level 1:colcon.colcon_core.package_identification:_identify(hundredVehs/fourWay/FIS) by extension 'ros'
[4.382s] Level 1:colcon.colcon_core.package_identification:_identify(hundredVehs/fourWay/FIS) by extensions ['cmake', 'python']
[4.382s] Level 1:colcon.colcon_core.package_identification:_identify(hundredVehs/fourWay/FIS) by extension 'cmake'
[4.382s] Level 1:colcon.colcon_core.package_identification:_identify(hundredVehs/fourWay/FIS) by extension 'python'
[4.382s] Level 1:colcon.colcon_core.package_identification:_identify(hundredVehs/fourWay/FIS) by extensions ['python_setup_py']
[4.382s] Level 1:colcon.colcon_core.package_identification:_identify(hundredVehs/fourWay/FIS) by extension 'python_setup_py'
[4.383s] Level 1:colcon.colcon_core.package_identification:_identify(hundredVehs/fourWay/SpdDst) by extensions ['ignore', 'ignore_ament_install']
[4.383s] Level 1:colcon.colcon_core.package_identification:_identify(hundredVehs/fourWay/SpdDst) by extension 'ignore'
[4.383s] Level 1:colcon.colcon_core.package_identification:_identify(hundredVehs/fourWay/SpdDst) by extension 'ignore_ament_install'
[4.383s] Level 1:colcon.colcon_core.package_identification:_identify(hundredVehs/fourWay/SpdDst) by extensions ['colcon_pkg']
[4.383s] Level 1:colcon.colcon_core.package_identification:_identify(hundredVehs/fourWay/SpdDst) by extension 'colcon_pkg'
[4.383s] Level 1:colcon.colcon_core.package_identification:_identify(hundredVehs/fourWay/SpdDst) by extensions ['colcon_meta']
[4.383s] Level 1:colcon.colcon_core.package_identification:_identify(hundredVehs/fourWay/SpdDst) by extension 'colcon_meta'
[4.383s] Level 1:colcon.colcon_core.package_identification:_identify(hundredVehs/fourWay/SpdDst) by extensions ['ros']
[4.383s] Level 1:colcon.colcon_core.package_identification:_identify(hundredVehs/fourWay/SpdDst) by extension 'ros'
[4.383s] Level 1:colcon.colcon_core.package_identification:_identify(hundredVehs/fourWay/SpdDst) by extensions ['cmake', 'python']
[4.383s] Level 1:colcon.colcon_core.package_identification:_identify(hundredVehs/fourWay/SpdDst) by extension 'cmake'
[4.383s] Level 1:colcon.colcon_core.package_identification:_identify(hundredVehs/fourWay/SpdDst) by extension 'python'
[4.383s] Level 1:colcon.colcon_core.package_identification:_identify(hundredVehs/fourWay/SpdDst) by extensions ['python_setup_py']
[4.384s] Level 1:colcon.colcon_core.package_identification:_identify(hundredVehs/fourWay/SpdDst) by extension 'python_setup_py'
[4.384s] Level 1:colcon.colcon_core.package_identification:_identify(hundredVehs/fourWay/Static) by extensions ['ignore', 'ignore_ament_install']
[4.384s] Level 1:colcon.colcon_core.package_identification:_identify(hundredVehs/fourWay/Static) by extension 'ignore'
[4.384s] Level 1:colcon.colcon_core.package_identification:_identify(hundredVehs/fourWay/Static) by extension 'ignore_ament_install'
[4.384s] Level 1:colcon.colcon_core.package_identification:_identify(hundredVehs/fourWay/Static) by extensions ['colcon_pkg']
[4.384s] Level 1:colcon.colcon_core.package_identification:_identify(hundredVehs/fourWay/Static) by extension 'colcon_pkg'
[4.384s] Level 1:colcon.colcon_core.package_identification:_identify(hundredVehs/fourWay/Static) by extensions ['colcon_meta']
[4.384s] Level 1:colcon.colcon_core.package_identification:_identify(hundredVehs/fourWay/Static) by extension 'colcon_meta'
[4.384s] Level 1:colcon.colcon_core.package_identification:_identify(hundredVehs/fourWay/Static) by extensions ['ros']
[4.384s] Level 1:colcon.colcon_core.package_identification:_identify(hundredVehs/fourWay/Static) by extension 'ros'
[4.384s] Level 1:colcon.colcon_core.package_identification:_identify(hundredVehs/fourWay/Static) by extensions ['cmake', 'python']
[4.384s] Level 1:colcon.colcon_core.package_identification:_identify(hundredVehs/fourWay/Static) by extension 'cmake'
[4.384s] Level 1:colcon.colcon_core.package_identification:_identify(hundredVehs/fourWay/Static) by extension 'python'
[4.384s] Level 1:colcon.colcon_core.package_identification:_identify(hundredVehs/fourWay/Static) by extensions ['python_setup_py']
[4.385s] Level 1:colcon.colcon_core.package_identification:_identify(hundredVehs/fourWay/Static) by extension 'python_setup_py'
[4.385s] Level 1:colcon.colcon_core.package_identification:_identify(hundredVehs/twoWay) by extensions ['ignore', 'ignore_ament_install']
[4.385s] Level 1:colcon.colcon_core.package_identification:_identify(hundredVehs/twoWay) by extension 'ignore'
[4.385s] Level 1:colcon.colcon_core.package_identification:_identify(hundredVehs/twoWay) by extension 'ignore_ament_install'
[4.385s] Level 1:colcon.colcon_core.package_identification:_identify(hundredVehs/twoWay) by extensions ['colcon_pkg']
[4.385s] Level 1:colcon.colcon_core.package_identification:_identify(hundredVehs/twoWay) by extension 'colcon_pkg'
[4.385s] Level 1:colcon.colcon_core.package_identification:_identify(hundredVehs/twoWay) by extensions ['colcon_meta']
[4.385s] Level 1:colcon.colcon_core.package_identification:_identify(hundredVehs/twoWay) by extension 'colcon_meta'
[4.385s] Level 1:colcon.colcon_core.package_identification:_identify(hundredVehs/twoWay) by extensions ['ros']
[4.385s] Level 1:colcon.colcon_core.package_identification:_identify(hundredVehs/twoWay) by extension 'ros'
[4.385s] Level 1:colcon.colcon_core.package_identification:_identify(hundredVehs/twoWay) by extensions ['cmake', 'python']
[4.386s] Level 1:colcon.colcon_core.package_identification:_identify(hundredVehs/twoWay) by extension 'cmake'
[4.386s] Level 1:colcon.colcon_core.package_identification:_identify(hundredVehs/twoWay) by extension 'python'
[4.386s] Level 1:colcon.colcon_core.package_identification:_identify(hundredVehs/twoWay) by extensions ['python_setup_py']
[4.386s] Level 1:colcon.colcon_core.package_identification:_identify(hundredVehs/twoWay) by extension 'python_setup_py'
[4.386s] Level 1:colcon.colcon_core.package_identification:_identify(hundredVehs/twoWay/FIS) by extensions ['ignore', 'ignore_ament_install']
[4.386s] Level 1:colcon.colcon_core.package_identification:_identify(hundredVehs/twoWay/FIS) by extension 'ignore'
[4.386s] Level 1:colcon.colcon_core.package_identification:_identify(hundredVehs/twoWay/FIS) by extension 'ignore_ament_install'
[4.386s] Level 1:colcon.colcon_core.package_identification:_identify(hundredVehs/twoWay/FIS) by extensions ['colcon_pkg']
[4.386s] Level 1:colcon.colcon_core.package_identification:_identify(hundredVehs/twoWay/FIS) by extension 'colcon_pkg'
[4.386s] Level 1:colcon.colcon_core.package_identification:_identify(hundredVehs/twoWay/FIS) by extensions ['colcon_meta']
[4.387s] Level 1:colcon.colcon_core.package_identification:_identify(hundredVehs/twoWay/FIS) by extension 'colcon_meta'
[4.387s] Level 1:colcon.colcon_core.package_identification:_identify(hundredVehs/twoWay/FIS) by extensions ['ros']
[4.387s] Level 1:colcon.colcon_core.package_identification:_identify(hundredVehs/twoWay/FIS) by extension 'ros'
[4.387s] Level 1:colcon.colcon_core.package_identification:_identify(hundredVehs/twoWay/FIS) by extensions ['cmake', 'python']
[4.387s] Level 1:colcon.colcon_core.package_identification:_identify(hundredVehs/twoWay/FIS) by extension 'cmake'
[4.387s] Level 1:colcon.colcon_core.package_identification:_identify(hundredVehs/twoWay/FIS) by extension 'python'
[4.387s] Level 1:colcon.colcon_core.package_identification:_identify(hundredVehs/twoWay/FIS) by extensions ['python_setup_py']
[4.387s] Level 1:colcon.colcon_core.package_identification:_identify(hundredVehs/twoWay/FIS) by extension 'python_setup_py'
[4.387s] Level 1:colcon.colcon_core.package_identification:_identify(hundredVehs/twoWay/NorthSouth) by extensions ['ignore', 'ignore_ament_install']
[4.387s] Level 1:colcon.colcon_core.package_identification:_identify(hundredVehs/twoWay/NorthSouth) by extension 'ignore'
[4.387s] Level 1:colcon.colcon_core.package_identification:_identify(hundredVehs/twoWay/NorthSouth) by extension 'ignore_ament_install'
[4.387s] Level 1:colcon.colcon_core.package_identification:_identify(hundredVehs/twoWay/NorthSouth) by extensions ['colcon_pkg']
[4.387s] Level 1:colcon.colcon_core.package_identification:_identify(hundredVehs/twoWay/NorthSouth) by extension 'colcon_pkg'
[4.387s] Level 1:colcon.colcon_core.package_identification:_identify(hundredVehs/twoWay/NorthSouth) by extensions ['colcon_meta']
[4.387s] Level 1:colcon.colcon_core.package_identification:_identify(hundredVehs/twoWay/NorthSouth) by extension 'colcon_meta'
[4.387s] Level 1:colcon.colcon_core.package_identification:_identify(hundredVehs/twoWay/NorthSouth) by extensions ['ros']
[4.387s] Level 1:colcon.colcon_core.package_identification:_identify(hundredVehs/twoWay/NorthSouth) by extension 'ros'
[4.388s] Level 1:colcon.colcon_core.package_identification:_identify(hundredVehs/twoWay/NorthSouth) by extensions ['cmake', 'python']
[4.388s] Level 1:colcon.colcon_core.package_identification:_identify(hundredVehs/twoWay/NorthSouth) by extension 'cmake'
[4.388s] Level 1:colcon.colcon_core.package_identification:_identify(hundredVehs/twoWay/NorthSouth) by extension 'python'
[4.388s] Level 1:colcon.colcon_core.package_identification:_identify(hundredVehs/twoWay/NorthSouth) by extensions ['python_setup_py']
[4.388s] Level 1:colcon.colcon_core.package_identification:_identify(hundredVehs/twoWay/NorthSouth) by extension 'python_setup_py'
[4.388s] Level 1:colcon.colcon_core.package_identification:_identify(hundredVehs/twoWay/NorthSouth/FIS) by extensions ['ignore', 'ignore_ament_install']
[4.388s] Level 1:colcon.colcon_core.package_identification:_identify(hundredVehs/twoWay/NorthSouth/FIS) by extension 'ignore'
[4.388s] Level 1:colcon.colcon_core.package_identification:_identify(hundredVehs/twoWay/NorthSouth/FIS) by extension 'ignore_ament_install'
[4.388s] Level 1:colcon.colcon_core.package_identification:_identify(hundredVehs/twoWay/NorthSouth/FIS) by extensions ['colcon_pkg']
[4.388s] Level 1:colcon.colcon_core.package_identification:_identify(hundredVehs/twoWay/NorthSouth/FIS) by extension 'colcon_pkg'
[4.388s] Level 1:colcon.colcon_core.package_identification:_identify(hundredVehs/twoWay/NorthSouth/FIS) by extensions ['colcon_meta']
[4.388s] Level 1:colcon.colcon_core.package_identification:_identify(hundredVehs/twoWay/NorthSouth/FIS) by extension 'colcon_meta'
[4.388s] Level 1:colcon.colcon_core.package_identification:_identify(hundredVehs/twoWay/NorthSouth/FIS) by extensions ['ros']
[4.388s] Level 1:colcon.colcon_core.package_identification:_identify(hundredVehs/twoWay/NorthSouth/FIS) by extension 'ros'
[4.389s] Level 1:colcon.colcon_core.package_identification:_identify(hundredVehs/twoWay/NorthSouth/FIS) by extensions ['cmake', 'python']
[4.389s] Level 1:colcon.colcon_core.package_identification:_identify(hundredVehs/twoWay/NorthSouth/FIS) by extension 'cmake'
[4.389s] Level 1:colcon.colcon_core.package_identification:_identify(hundredVehs/twoWay/NorthSouth/FIS) by extension 'python'
[4.389s] Level 1:colcon.colcon_core.package_identification:_identify(hundredVehs/twoWay/NorthSouth/FIS) by extensions ['python_setup_py']
[4.389s] Level 1:colcon.colcon_core.package_identification:_identify(hundredVehs/twoWay/NorthSouth/FIS) by extension 'python_setup_py'
[4.389s] Level 1:colcon.colcon_core.package_identification:_identify(hundredVehs/twoWay/NorthSouth/SpdDst) by extensions ['ignore', 'ignore_ament_install']
[4.389s] Level 1:colcon.colcon_core.package_identification:_identify(hundredVehs/twoWay/NorthSouth/SpdDst) by extension 'ignore'
[4.389s] Level 1:colcon.colcon_core.package_identification:_identify(hundredVehs/twoWay/NorthSouth/SpdDst) by extension 'ignore_ament_install'
[4.389s] Level 1:colcon.colcon_core.package_identification:_identify(hundredVehs/twoWay/NorthSouth/SpdDst) by extensions ['colcon_pkg']
[4.390s] Level 1:colcon.colcon_core.package_identification:_identify(hundredVehs/twoWay/NorthSouth/SpdDst) by extension 'colcon_pkg'
[4.390s] Level 1:colcon.colcon_core.package_identification:_identify(hundredVehs/twoWay/NorthSouth/SpdDst) by extensions ['colcon_meta']
[4.390s] Level 1:colcon.colcon_core.package_identification:_identify(hundredVehs/twoWay/NorthSouth/SpdDst) by extension 'colcon_meta'
[4.390s] Level 1:colcon.colcon_core.package_identification:_identify(hundredVehs/twoWay/NorthSouth/SpdDst) by extensions ['ros']
[4.390s] Level 1:colcon.colcon_core.package_identification:_identify(hundredVehs/twoWay/NorthSouth/SpdDst) by extension 'ros'
[4.390s] Level 1:colcon.colcon_core.package_identification:_identify(hundredVehs/twoWay/NorthSouth/SpdDst) by extensions ['cmake', 'python']
[4.390s] Level 1:colcon.colcon_core.package_identification:_identify(hundredVehs/twoWay/NorthSouth/SpdDst) by extension 'cmake'
[4.390s] Level 1:colcon.colcon_core.package_identification:_identify(hundredVehs/twoWay/NorthSouth/SpdDst) by extension 'python'
[4.390s] Level 1:colcon.colcon_core.package_identification:_identify(hundredVehs/twoWay/NorthSouth/SpdDst) by extensions ['python_setup_py']
[4.390s] Level 1:colcon.colcon_core.package_identification:_identify(hundredVehs/twoWay/NorthSouth/SpdDst) by extension 'python_setup_py'
[4.390s] Level 1:colcon.colcon_core.package_identification:_identify(hundredVehs/twoWay/NorthSouth/Static) by extensions ['ignore', 'ignore_ament_install']
[4.391s] Level 1:colcon.colcon_core.package_identification:_identify(hundredVehs/twoWay/NorthSouth/Static) by extension 'ignore'
[4.391s] Level 1:colcon.colcon_core.package_identification:_identify(hundredVehs/twoWay/NorthSouth/Static) by extension 'ignore_ament_install'
[4.391s] Level 1:colcon.colcon_core.package_identification:_identify(hundredVehs/twoWay/NorthSouth/Static) by extensions ['colcon_pkg']
[4.391s] Level 1:colcon.colcon_core.package_identification:_identify(hundredVehs/twoWay/NorthSouth/Static) by extension 'colcon_pkg'
[4.391s] Level 1:colcon.colcon_core.package_identification:_identify(hundredVehs/twoWay/NorthSouth/Static) by extensions ['colcon_meta']
[4.391s] Level 1:colcon.colcon_core.package_identification:_identify(hundredVehs/twoWay/NorthSouth/Static) by extension 'colcon_meta'
[4.391s] Level 1:colcon.colcon_core.package_identification:_identify(hundredVehs/twoWay/NorthSouth/Static) by extensions ['ros']
[4.391s] Level 1:colcon.colcon_core.package_identification:_identify(hundredVehs/twoWay/NorthSouth/Static) by extension 'ros'
[4.391s] Level 1:colcon.colcon_core.package_identification:_identify(hundredVehs/twoWay/NorthSouth/Static) by extensions ['cmake', 'python']
[4.391s] Level 1:colcon.colcon_core.package_identification:_identify(hundredVehs/twoWay/NorthSouth/Static) by extension 'cmake'
[4.391s] Level 1:colcon.colcon_core.package_identification:_identify(hundredVehs/twoWay/NorthSouth/Static) by extension 'python'
[4.391s] Level 1:colcon.colcon_core.package_identification:_identify(hundredVehs/twoWay/NorthSouth/Static) by extensions ['python_setup_py']
[4.391s] Level 1:colcon.colcon_core.package_identification:_identify(hundredVehs/twoWay/NorthSouth/Static) by extension 'python_setup_py'
[4.391s] Level 1:colcon.colcon_core.package_identification:_identify(hundredVehs/twoWay/SpdDst) by extensions ['ignore', 'ignore_ament_install']
[4.392s] Level 1:colcon.colcon_core.package_identification:_identify(hundredVehs/twoWay/SpdDst) by extension 'ignore'
[4.392s] Level 1:colcon.colcon_core.package_identification:_identify(hundredVehs/twoWay/SpdDst) by extension 'ignore_ament_install'
[4.392s] Level 1:colcon.colcon_core.package_identification:_identify(hundredVehs/twoWay/SpdDst) by extensions ['colcon_pkg']
[4.392s] Level 1:colcon.colcon_core.package_identification:_identify(hundredVehs/twoWay/SpdDst) by extension 'colcon_pkg'
[4.392s] Level 1:colcon.colcon_core.package_identification:_identify(hundredVehs/twoWay/SpdDst) by extensions ['colcon_meta']
[4.392s] Level 1:colcon.colcon_core.package_identification:_identify(hundredVehs/twoWay/SpdDst) by extension 'colcon_meta'
[4.392s] Level 1:colcon.colcon_core.package_identification:_identify(hundredVehs/twoWay/SpdDst) by extensions ['ros']
[4.392s] Level 1:colcon.colcon_core.package_identification:_identify(hundredVehs/twoWay/SpdDst) by extension 'ros'
[4.392s] Level 1:colcon.colcon_core.package_identification:_identify(hundredVehs/twoWay/SpdDst) by extensions ['cmake', 'python']
[4.392s] Level 1:colcon.colcon_core.package_identification:_identify(hundredVehs/twoWay/SpdDst) by extension 'cmake'
[4.392s] Level 1:colcon.colcon_core.package_identification:_identify(hundredVehs/twoWay/SpdDst) by extension 'python'
[4.392s] Level 1:colcon.colcon_core.package_identification:_identify(hundredVehs/twoWay/SpdDst) by extensions ['python_setup_py']
[4.392s] Level 1:colcon.colcon_core.package_identification:_identify(hundredVehs/twoWay/SpdDst) by extension 'python_setup_py'
[4.392s] Level 1:colcon.colcon_core.package_identification:_identify(hundredVehs/twoWay/Static) by extensions ['ignore', 'ignore_ament_install']
[4.393s] Level 1:colcon.colcon_core.package_identification:_identify(hundredVehs/twoWay/Static) by extension 'ignore'
[4.393s] Level 1:colcon.colcon_core.package_identification:_identify(hundredVehs/twoWay/Static) by extension 'ignore_ament_install'
[4.393s] Level 1:colcon.colcon_core.package_identification:_identify(hundredVehs/twoWay/Static) by extensions ['colcon_pkg']
[4.393s] Level 1:colcon.colcon_core.package_identification:_identify(hundredVehs/twoWay/Static) by extension 'colcon_pkg'
[4.393s] Level 1:colcon.colcon_core.package_identification:_identify(hundredVehs/twoWay/Static) by extensions ['colcon_meta']
[4.393s] Level 1:colcon.colcon_core.package_identification:_identify(hundredVehs/twoWay/Static) by extension 'colcon_meta'
[4.393s] Level 1:colcon.colcon_core.package_identification:_identify(hundredVehs/twoWay/Static) by extensions ['ros']
[4.393s] Level 1:colcon.colcon_core.package_identification:_identify(hundredVehs/twoWay/Static) by extension 'ros'
[4.393s] Level 1:colcon.colcon_core.package_identification:_identify(hundredVehs/twoWay/Static) by extensions ['cmake', 'python']
[4.393s] Level 1:colcon.colcon_core.package_identification:_identify(hundredVehs/twoWay/Static) by extension 'cmake'
[4.393s] Level 1:colcon.colcon_core.package_identification:_identify(hundredVehs/twoWay/Static) by extension 'python'
[4.393s] Level 1:colcon.colcon_core.package_identification:_identify(hundredVehs/twoWay/Static) by extensions ['python_setup_py']
[4.393s] Level 1:colcon.colcon_core.package_identification:_identify(hundredVehs/twoWay/Static) by extension 'python_setup_py'
[4.394s] Level 1:colcon.colcon_core.package_identification:_identify(install) by extensions ['ignore', 'ignore_ament_install']
[4.394s] Level 1:colcon.colcon_core.package_identification:_identify(install) by extension 'ignore'
[4.394s] Level 1:colcon.colcon_core.package_identification:_identify(install) ignored
[4.394s] Level 1:colcon.colcon_core.package_identification:_identify(log) by extensions ['ignore', 'ignore_ament_install']
[4.394s] Level 1:colcon.colcon_core.package_identification:_identify(log) by extension 'ignore'
[4.395s] Level 1:colcon.colcon_core.package_identification:_identify(log) ignored
[4.395s] Level 1:colcon.colcon_core.package_identification:_identify(src) by extensions ['ignore', 'ignore_ament_install']
[4.395s] Level 1:colcon.colcon_core.package_identification:_identify(src) by extension 'ignore'
[4.395s] Level 1:colcon.colcon_core.package_identification:_identify(src) by extension 'ignore_ament_install'
[4.395s] Level 1:colcon.colcon_core.package_identification:_identify(src) by extensions ['colcon_pkg']
[4.395s] Level 1:colcon.colcon_core.package_identification:_identify(src) by extension 'colcon_pkg'
[4.395s] Level 1:colcon.colcon_core.package_identification:_identify(src) by extensions ['colcon_meta']
[4.395s] Level 1:colcon.colcon_core.package_identification:_identify(src) by extension 'colcon_meta'
[4.395s] Level 1:colcon.colcon_core.package_identification:_identify(src) by extensions ['ros']
[4.395s] Level 1:colcon.colcon_core.package_identification:_identify(src) by extension 'ros'
[4.396s] Level 1:colcon.colcon_core.package_identification:_identify(src) by extensions ['cmake', 'python']
[4.396s] Level 1:colcon.colcon_core.package_identification:_identify(src) by extension 'cmake'
[4.396s] Level 1:colcon.colcon_core.package_identification:_identify(src) by extension 'python'
[4.396s] Level 1:colcon.colcon_core.package_identification:_identify(src) by extensions ['python_setup_py']
[4.396s] Level 1:colcon.colcon_core.package_identification:_identify(src) by extension 'python_setup_py'
[4.396s] Level 1:colcon.colcon_core.package_identification:_identify(src/cim) by extensions ['ignore', 'ignore_ament_install']
[4.396s] Level 1:colcon.colcon_core.package_identification:_identify(src/cim) by extension 'ignore'
[4.396s] Level 1:colcon.colcon_core.package_identification:_identify(src/cim) by extension 'ignore_ament_install'
[4.396s] Level 1:colcon.colcon_core.package_identification:_identify(src/cim) by extensions ['colcon_pkg']
[4.396s] Level 1:colcon.colcon_core.package_identification:_identify(src/cim) by extension 'colcon_pkg'
[4.397s] Level 1:colcon.colcon_core.package_identification:_identify(src/cim) by extensions ['colcon_meta']
[4.397s] Level 1:colcon.colcon_core.package_identification:_identify(src/cim) by extension 'colcon_meta'
[4.397s] Level 1:colcon.colcon_core.package_identification:_identify(src/cim) by extensions ['ros']
[4.397s] Level 1:colcon.colcon_core.package_identification:_identify(src/cim) by extension 'ros'
[4.403s] DEBUG:colcon.colcon_core.package_identification:Package 'src/cim' with type 'ros.ament_python' and name 'cim'
[4.404s] Level 1:colcon.colcon_core.package_identification:_identify(src/dsrcmsg) by extensions ['ignore', 'ignore_ament_install']
[4.404s] Level 1:colcon.colcon_core.package_identification:_identify(src/dsrcmsg) by extension 'ignore'
[4.404s] Level 1:colcon.colcon_core.package_identification:_identify(src/dsrcmsg) by extension 'ignore_ament_install'
[4.404s] Level 1:colcon.colcon_core.package_identification:_identify(src/dsrcmsg) by extensions ['colcon_pkg']
[4.404s] Level 1:colcon.colcon_core.package_identification:_identify(src/dsrcmsg) by extension 'colcon_pkg'
[4.404s] Level 1:colcon.colcon_core.package_identification:_identify(src/dsrcmsg) by extensions ['colcon_meta']
[4.404s] Level 1:colcon.colcon_core.package_identification:_identify(src/dsrcmsg) by extension 'colcon_meta'
[4.404s] Level 1:colcon.colcon_core.package_identification:_identify(src/dsrcmsg) by extensions ['ros']
[4.404s] Level 1:colcon.colcon_core.package_identification:_identify(src/dsrcmsg) by extension 'ros'
[4.405s] DEBUG:colcon.colcon_core.package_identification:Package 'src/dsrcmsg' with type 'ros.ament_cmake' and name 'dsrcmsg'
[4.405s] Level 1:colcon.colcon_core.package_identification:_identify(src/onecim) by extensions ['ignore', 'ignore_ament_install']
[4.405s] Level 1:colcon.colcon_core.package_identification:_identify(src/onecim) by extension 'ignore'
[4.405s] Level 1:colcon.colcon_core.package_identification:_identify(src/onecim) by extension 'ignore_ament_install'
[4.406s] Level 1:colcon.colcon_core.package_identification:_identify(src/onecim) by extensions ['colcon_pkg']
[4.406s] Level 1:colcon.colcon_core.package_identification:_identify(src/onecim) by extension 'colcon_pkg'
[4.406s] Level 1:colcon.colcon_core.package_identification:_identify(src/onecim) by extensions ['colcon_meta']
[4.406s] Level 1:colcon.colcon_core.package_identification:_identify(src/onecim) by extension 'colcon_meta'
[4.406s] Level 1:colcon.colcon_core.package_identification:_identify(src/onecim) by extensions ['ros']
[4.406s] Level 1:colcon.colcon_core.package_identification:_identify(src/onecim) by extension 'ros'
[4.407s] DEBUG:colcon.colcon_core.package_identification:Package 'src/onecim' with type 'ros.ament_python' and name 'onecim'
[4.407s] Level 1:colcon.colcon_core.package_identification:_identify(src/reactivemethods) by extensions ['ignore', 'ignore_ament_install']
[4.407s] Level 1:colcon.colcon_core.package_identification:_identify(src/reactivemethods) by extension 'ignore'
[4.407s] Level 1:colcon.colcon_core.package_identification:_identify(src/reactivemethods) by extension 'ignore_ament_install'
[4.408s] Level 1:colcon.colcon_core.package_identification:_identify(src/reactivemethods) by extensions ['colcon_pkg']
[4.408s] Level 1:colcon.colcon_core.package_identification:_identify(src/reactivemethods) by extension 'colcon_pkg'
[4.408s] Level 1:colcon.colcon_core.package_identification:_identify(src/reactivemethods) by extensions ['colcon_meta']
[4.408s] Level 1:colcon.colcon_core.package_identification:_identify(src/reactivemethods) by extension 'colcon_meta'
[4.408s] Level 1:colcon.colcon_core.package_identification:_identify(src/reactivemethods) by extensions ['ros']
[4.408s] Level 1:colcon.colcon_core.package_identification:_identify(src/reactivemethods) by extension 'ros'
[4.409s] DEBUG:colcon.colcon_core.package_identification:Package 'src/reactivemethods' with type 'ros.ament_python' and name 'reactivemethods'
[4.409s] Level 1:colcon.colcon_core.package_identification:_identify(src/trafficrecord) by extensions ['ignore', 'ignore_ament_install']
[4.409s] Level 1:colcon.colcon_core.package_identification:_identify(src/trafficrecord) by extension 'ignore'
[4.409s] Level 1:colcon.colcon_core.package_identification:_identify(src/trafficrecord) by extension 'ignore_ament_install'
[4.409s] Level 1:colcon.colcon_core.package_identification:_identify(src/trafficrecord) by extensions ['colcon_pkg']
[4.409s] Level 1:colcon.colcon_core.package_identification:_identify(src/trafficrecord) by extension 'colcon_pkg'
[4.409s] Level 1:colcon.colcon_core.package_identification:_identify(src/trafficrecord) by extensions ['colcon_meta']
[4.409s] Level 1:colcon.colcon_core.package_identification:_identify(src/trafficrecord) by extension 'colcon_meta'
[4.409s] Level 1:colcon.colcon_core.package_identification:_identify(src/trafficrecord) by extensions ['ros']
[4.409s] Level 1:colcon.colcon_core.package_identification:_identify(src/trafficrecord) by extension 'ros'
[4.410s] DEBUG:colcon.colcon_core.package_identification:Package 'src/trafficrecord' with type 'ros.ament_cmake' and name 'trafficrecord'
[4.410s] Level 1:colcon.colcon_core.package_identification:_identify(twoHundred) by extensions ['ignore', 'ignore_ament_install']
[4.410s] Level 1:colcon.colcon_core.package_identification:_identify(twoHundred) by extension 'ignore'
[4.411s] Level 1:colcon.colcon_core.package_identification:_identify(twoHundred) by extension 'ignore_ament_install'
[4.411s] Level 1:colcon.colcon_core.package_identification:_identify(twoHundred) by extensions ['colcon_pkg']
[4.411s] Level 1:colcon.colcon_core.package_identification:_identify(twoHundred) by extension 'colcon_pkg'
[4.411s] Level 1:colcon.colcon_core.package_identification:_identify(twoHundred) by extensions ['colcon_meta']
[4.411s] Level 1:colcon.colcon_core.package_identification:_identify(twoHundred) by extension 'colcon_meta'
[4.411s] Level 1:colcon.colcon_core.package_identification:_identify(twoHundred) by extensions ['ros']
[4.411s] Level 1:colcon.colcon_core.package_identification:_identify(twoHundred) by extension 'ros'
[4.411s] Level 1:colcon.colcon_core.package_identification:_identify(twoHundred) by extensions ['cmake', 'python']
[4.411s] Level 1:colcon.colcon_core.package_identification:_identify(twoHundred) by extension 'cmake'
[4.411s] Level 1:colcon.colcon_core.package_identification:_identify(twoHundred) by extension 'python'
[4.411s] Level 1:colcon.colcon_core.package_identification:_identify(twoHundred) by extensions ['python_setup_py']
[4.411s] Level 1:colcon.colcon_core.package_identification:_identify(twoHundred) by extension 'python_setup_py'
[4.411s] Level 1:colcon.colcon_core.package_identification:_identify(twoHundred/fourWay) by extensions ['ignore', 'ignore_ament_install']
[4.411s] Level 1:colcon.colcon_core.package_identification:_identify(twoHundred/fourWay) by extension 'ignore'
[4.412s] Level 1:colcon.colcon_core.package_identification:_identify(twoHundred/fourWay) by extension 'ignore_ament_install'
[4.412s] Level 1:colcon.colcon_core.package_identification:_identify(twoHundred/fourWay) by extensions ['colcon_pkg']
[4.412s] Level 1:colcon.colcon_core.package_identification:_identify(twoHundred/fourWay) by extension 'colcon_pkg'
[4.412s] Level 1:colcon.colcon_core.package_identification:_identify(twoHundred/fourWay) by extensions ['colcon_meta']
[4.412s] Level 1:colcon.colcon_core.package_identification:_identify(twoHundred/fourWay) by extension 'colcon_meta'
[4.412s] Level 1:colcon.colcon_core.package_identification:_identify(twoHundred/fourWay) by extensions ['ros']
[4.412s] Level 1:colcon.colcon_core.package_identification:_identify(twoHundred/fourWay) by extension 'ros'
[4.412s] Level 1:colcon.colcon_core.package_identification:_identify(twoHundred/fourWay) by extensions ['cmake', 'python']
[4.412s] Level 1:colcon.colcon_core.package_identification:_identify(twoHundred/fourWay) by extension 'cmake'
[4.412s] Level 1:colcon.colcon_core.package_identification:_identify(twoHundred/fourWay) by extension 'python'
[4.412s] Level 1:colcon.colcon_core.package_identification:_identify(twoHundred/fourWay) by extensions ['python_setup_py']
[4.412s] Level 1:colcon.colcon_core.package_identification:_identify(twoHundred/fourWay) by extension 'python_setup_py'
[4.412s] Level 1:colcon.colcon_core.package_identification:_identify(twoHundred/fourWay/FIS) by extensions ['ignore', 'ignore_ament_install']
[4.412s] Level 1:colcon.colcon_core.package_identification:_identify(twoHundred/fourWay/FIS) by extension 'ignore'
[4.413s] Level 1:colcon.colcon_core.package_identification:_identify(twoHundred/fourWay/FIS) by extension 'ignore_ament_install'
[4.413s] Level 1:colcon.colcon_core.package_identification:_identify(twoHundred/fourWay/FIS) by extensions ['colcon_pkg']
[4.413s] Level 1:colcon.colcon_core.package_identification:_identify(twoHundred/fourWay/FIS) by extension 'colcon_pkg'
[4.413s] Level 1:colcon.colcon_core.package_identification:_identify(twoHundred/fourWay/FIS) by extensions ['colcon_meta']
[4.413s] Level 1:colcon.colcon_core.package_identification:_identify(twoHundred/fourWay/FIS) by extension 'colcon_meta'
[4.413s] Level 1:colcon.colcon_core.package_identification:_identify(twoHundred/fourWay/FIS) by extensions ['ros']
[4.413s] Level 1:colcon.colcon_core.package_identification:_identify(twoHundred/fourWay/FIS) by extension 'ros'
[4.413s] Level 1:colcon.colcon_core.package_identification:_identify(twoHundred/fourWay/FIS) by extensions ['cmake', 'python']
[4.413s] Level 1:colcon.colcon_core.package_identification:_identify(twoHundred/fourWay/FIS) by extension 'cmake'
[4.413s] Level 1:colcon.colcon_core.package_identification:_identify(twoHundred/fourWay/FIS) by extension 'python'
[4.413s] Level 1:colcon.colcon_core.package_identification:_identify(twoHundred/fourWay/FIS) by extensions ['python_setup_py']
[4.413s] Level 1:colcon.colcon_core.package_identification:_identify(twoHundred/fourWay/FIS) by extension 'python_setup_py'
[4.413s] Level 1:colcon.colcon_core.package_identification:_identify(twoHundred/fourWay/SpdDst) by extensions ['ignore', 'ignore_ament_install']
[4.413s] Level 1:colcon.colcon_core.package_identification:_identify(twoHundred/fourWay/SpdDst) by extension 'ignore'
[4.414s] Level 1:colcon.colcon_core.package_identification:_identify(twoHundred/fourWay/SpdDst) by extension 'ignore_ament_install'
[4.414s] Level 1:colcon.colcon_core.package_identification:_identify(twoHundred/fourWay/SpdDst) by extensions ['colcon_pkg']
[4.414s] Level 1:colcon.colcon_core.package_identification:_identify(twoHundred/fourWay/SpdDst) by extension 'colcon_pkg'
[4.414s] Level 1:colcon.colcon_core.package_identification:_identify(twoHundred/fourWay/SpdDst) by extensions ['colcon_meta']
[4.414s] Level 1:colcon.colcon_core.package_identification:_identify(twoHundred/fourWay/SpdDst) by extension 'colcon_meta'
[4.414s] Level 1:colcon.colcon_core.package_identification:_identify(twoHundred/fourWay/SpdDst) by extensions ['ros']
[4.414s] Level 1:colcon.colcon_core.package_identification:_identify(twoHundred/fourWay/SpdDst) by extension 'ros'
[4.414s] Level 1:colcon.colcon_core.package_identification:_identify(twoHundred/fourWay/SpdDst) by extensions ['cmake', 'python']
[4.414s] Level 1:colcon.colcon_core.package_identification:_identify(twoHundred/fourWay/SpdDst) by extension 'cmake'
[4.414s] Level 1:colcon.colcon_core.package_identification:_identify(twoHundred/fourWay/SpdDst) by extension 'python'
[4.414s] Level 1:colcon.colcon_core.package_identification:_identify(twoHundred/fourWay/SpdDst) by extensions ['python_setup_py']
[4.414s] Level 1:colcon.colcon_core.package_identification:_identify(twoHundred/fourWay/SpdDst) by extension 'python_setup_py'
[4.414s] Level 1:colcon.colcon_core.package_identification:_identify(twoHundred/fourWay/Static) by extensions ['ignore', 'ignore_ament_install']
[4.415s] Level 1:colcon.colcon_core.package_identification:_identify(twoHundred/fourWay/Static) by extension 'ignore'
[4.415s] Level 1:colcon.colcon_core.package_identification:_identify(twoHundred/fourWay/Static) by extension 'ignore_ament_install'
[4.415s] Level 1:colcon.colcon_core.package_identification:_identify(twoHundred/fourWay/Static) by extensions ['colcon_pkg']
[4.415s] Level 1:colcon.colcon_core.package_identification:_identify(twoHundred/fourWay/Static) by extension 'colcon_pkg'
[4.415s] Level 1:colcon.colcon_core.package_identification:_identify(twoHundred/fourWay/Static) by extensions ['colcon_meta']
[4.415s] Level 1:colcon.colcon_core.package_identification:_identify(twoHundred/fourWay/Static) by extension 'colcon_meta'
[4.415s] Level 1:colcon.colcon_core.package_identification:_identify(twoHundred/fourWay/Static) by extensions ['ros']
[4.415s] Level 1:colcon.colcon_core.package_identification:_identify(twoHundred/fourWay/Static) by extension 'ros'
[4.415s] Level 1:colcon.colcon_core.package_identification:_identify(twoHundred/fourWay/Static) by extensions ['cmake', 'python']
[4.415s] Level 1:colcon.colcon_core.package_identification:_identify(twoHundred/fourWay/Static) by extension 'cmake'
[4.415s] Level 1:colcon.colcon_core.package_identification:_identify(twoHundred/fourWay/Static) by extension 'python'
[4.415s] Level 1:colcon.colcon_core.package_identification:_identify(twoHundred/fourWay/Static) by extensions ['python_setup_py']
[4.415s] Level 1:colcon.colcon_core.package_identification:_identify(twoHundred/fourWay/Static) by extension 'python_setup_py'
[4.415s] Level 1:colcon.colcon_core.package_identification:_identify(twoHundred/twoWay) by extensions ['ignore', 'ignore_ament_install']
[4.415s] Level 1:colcon.colcon_core.package_identification:_identify(twoHundred/twoWay) by extension 'ignore'
[4.416s] Level 1:colcon.colcon_core.package_identification:_identify(twoHundred/twoWay) by extension 'ignore_ament_install'
[4.416s] Level 1:colcon.colcon_core.package_identification:_identify(twoHundred/twoWay) by extensions ['colcon_pkg']
[4.416s] Level 1:colcon.colcon_core.package_identification:_identify(twoHundred/twoWay) by extension 'colcon_pkg'
[4.416s] Level 1:colcon.colcon_core.package_identification:_identify(twoHundred/twoWay) by extensions ['colcon_meta']
[4.416s] Level 1:colcon.colcon_core.package_identification:_identify(twoHundred/twoWay) by extension 'colcon_meta'
[4.416s] Level 1:colcon.colcon_core.package_identification:_identify(twoHundred/twoWay) by extensions ['ros']
[4.416s] Level 1:colcon.colcon_core.package_identification:_identify(twoHundred/twoWay) by extension 'ros'
[4.416s] Level 1:colcon.colcon_core.package_identification:_identify(twoHundred/twoWay) by extensions ['cmake', 'python']
[4.416s] Level 1:colcon.colcon_core.package_identification:_identify(twoHundred/twoWay) by extension 'cmake'
[4.416s] Level 1:colcon.colcon_core.package_identification:_identify(twoHundred/twoWay) by extension 'python'
[4.416s] Level 1:colcon.colcon_core.package_identification:_identify(twoHundred/twoWay) by extensions ['python_setup_py']
[4.416s] Level 1:colcon.colcon_core.package_identification:_identify(twoHundred/twoWay) by extension 'python_setup_py'
[4.416s] Level 1:colcon.colcon_core.package_identification:_identify(twoHundred/twoWay/FIS) by extensions ['ignore', 'ignore_ament_install']
[4.416s] Level 1:colcon.colcon_core.package_identification:_identify(twoHundred/twoWay/FIS) by extension 'ignore'
[4.416s] Level 1:colcon.colcon_core.package_identification:_identify(twoHundred/twoWay/FIS) by extension 'ignore_ament_install'
[4.417s] Level 1:colcon.colcon_core.package_identification:_identify(twoHundred/twoWay/FIS) by extensions ['colcon_pkg']
[4.417s] Level 1:colcon.colcon_core.package_identification:_identify(twoHundred/twoWay/FIS) by extension 'colcon_pkg'
[4.417s] Level 1:colcon.colcon_core.package_identification:_identify(twoHundred/twoWay/FIS) by extensions ['colcon_meta']
[4.417s] Level 1:colcon.colcon_core.package_identification:_identify(twoHundred/twoWay/FIS) by extension 'colcon_meta'
[4.417s] Level 1:colcon.colcon_core.package_identification:_identify(twoHundred/twoWay/FIS) by extensions ['ros']
[4.417s] Level 1:colcon.colcon_core.package_identification:_identify(twoHundred/twoWay/FIS) by extension 'ros'
[4.417s] Level 1:colcon.colcon_core.package_identification:_identify(twoHundred/twoWay/FIS) by extensions ['cmake', 'python']
[4.417s] Level 1:colcon.colcon_core.package_identification:_identify(twoHundred/twoWay/FIS) by extension 'cmake'
[4.417s] Level 1:colcon.colcon_core.package_identification:_identify(twoHundred/twoWay/FIS) by extension 'python'
[4.417s] Level 1:colcon.colcon_core.package_identification:_identify(twoHundred/twoWay/FIS) by extensions ['python_setup_py']
[4.417s] Level 1:colcon.colcon_core.package_identification:_identify(twoHundred/twoWay/FIS) by extension 'python_setup_py'
[4.418s] Level 1:colcon.colcon_core.package_identification:_identify(twoHundred/twoWay/SouthNorth) by extensions ['ignore', 'ignore_ament_install']
[4.418s] Level 1:colcon.colcon_core.package_identification:_identify(twoHundred/twoWay/SouthNorth) by extension 'ignore'
[4.418s] Level 1:colcon.colcon_core.package_identification:_identify(twoHundred/twoWay/SouthNorth) by extension 'ignore_ament_install'
[4.418s] Level 1:colcon.colcon_core.package_identification:_identify(twoHundred/twoWay/SouthNorth) by extensions ['colcon_pkg']
[4.418s] Level 1:colcon.colcon_core.package_identification:_identify(twoHundred/twoWay/SouthNorth) by extension 'colcon_pkg'
[4.418s] Level 1:colcon.colcon_core.package_identification:_identify(twoHundred/twoWay/SouthNorth) by extensions ['colcon_meta']
[4.418s] Level 1:colcon.colcon_core.package_identification:_identify(twoHundred/twoWay/SouthNorth) by extension 'colcon_meta'
[4.418s] Level 1:colcon.colcon_core.package_identification:_identify(twoHundred/twoWay/SouthNorth) by extensions ['ros']
[4.418s] Level 1:colcon.colcon_core.package_identification:_identify(twoHundred/twoWay/SouthNorth) by extension 'ros'
[4.418s] Level 1:colcon.colcon_core.package_identification:_identify(twoHundred/twoWay/SouthNorth) by extensions ['cmake', 'python']
[4.418s] Level 1:colcon.colcon_core.package_identification:_identify(twoHundred/twoWay/SouthNorth) by extension 'cmake'
[4.418s] Level 1:colcon.colcon_core.package_identification:_identify(twoHundred/twoWay/SouthNorth) by extension 'python'
[4.418s] Level 1:colcon.colcon_core.package_identification:_identify(twoHundred/twoWay/SouthNorth) by extensions ['python_setup_py']
[4.418s] Level 1:colcon.colcon_core.package_identification:_identify(twoHundred/twoWay/SouthNorth) by extension 'python_setup_py'
[4.419s] Level 1:colcon.colcon_core.package_identification:_identify(twoHundred/twoWay/SouthNorth/FIS) by extensions ['ignore', 'ignore_ament_install']
[4.419s] Level 1:colcon.colcon_core.package_identification:_identify(twoHundred/twoWay/SouthNorth/FIS) by extension 'ignore'
[4.419s] Level 1:colcon.colcon_core.package_identification:_identify(twoHundred/twoWay/SouthNorth/FIS) by extension 'ignore_ament_install'
[4.419s] Level 1:colcon.colcon_core.package_identification:_identify(twoHundred/twoWay/SouthNorth/FIS) by extensions ['colcon_pkg']
[4.419s] Level 1:colcon.colcon_core.package_identification:_identify(twoHundred/twoWay/SouthNorth/FIS) by extension 'colcon_pkg'
[4.419s] Level 1:colcon.colcon_core.package_identification:_identify(twoHundred/twoWay/SouthNorth/FIS) by extensions ['colcon_meta']
[4.419s] Level 1:colcon.colcon_core.package_identification:_identify(twoHundred/twoWay/SouthNorth/FIS) by extension 'colcon_meta'
[4.419s] Level 1:colcon.colcon_core.package_identification:_identify(twoHundred/twoWay/SouthNorth/FIS) by extensions ['ros']
[4.419s] Level 1:colcon.colcon_core.package_identification:_identify(twoHundred/twoWay/SouthNorth/FIS) by extension 'ros'
[4.419s] Level 1:colcon.colcon_core.package_identification:_identify(twoHundred/twoWay/SouthNorth/FIS) by extensions ['cmake', 'python']
[4.419s] Level 1:colcon.colcon_core.package_identification:_identify(twoHundred/twoWay/SouthNorth/FIS) by extension 'cmake'
[4.419s] Level 1:colcon.colcon_core.package_identification:_identify(twoHundred/twoWay/SouthNorth/FIS) by extension 'python'
[4.419s] Level 1:colcon.colcon_core.package_identification:_identify(twoHundred/twoWay/SouthNorth/FIS) by extensions ['python_setup_py']
[4.419s] Level 1:colcon.colcon_core.package_identification:_identify(twoHundred/twoWay/SouthNorth/FIS) by extension 'python_setup_py'
[4.420s] Level 1:colcon.colcon_core.package_identification:_identify(twoHundred/twoWay/SouthNorth/SpdDst) by extensions ['ignore', 'ignore_ament_install']
[4.420s] Level 1:colcon.colcon_core.package_identification:_identify(twoHundred/twoWay/SouthNorth/SpdDst) by extension 'ignore'
[4.420s] Level 1:colcon.colcon_core.package_identification:_identify(twoHundred/twoWay/SouthNorth/SpdDst) by extension 'ignore_ament_install'
[4.420s] Level 1:colcon.colcon_core.package_identification:_identify(twoHundred/twoWay/SouthNorth/SpdDst) by extensions ['colcon_pkg']
[4.420s] Level 1:colcon.colcon_core.package_identification:_identify(twoHundred/twoWay/SouthNorth/SpdDst) by extension 'colcon_pkg'
[4.420s] Level 1:colcon.colcon_core.package_identification:_identify(twoHundred/twoWay/SouthNorth/SpdDst) by extensions ['colcon_meta']
[4.420s] Level 1:colcon.colcon_core.package_identification:_identify(twoHundred/twoWay/SouthNorth/SpdDst) by extension 'colcon_meta'
[4.420s] Level 1:colcon.colcon_core.package_identification:_identify(twoHundred/twoWay/SouthNorth/SpdDst) by extensions ['ros']
[4.420s] Level 1:colcon.colcon_core.package_identification:_identify(twoHundred/twoWay/SouthNorth/SpdDst) by extension 'ros'
[4.420s] Level 1:colcon.colcon_core.package_identification:_identify(twoHundred/twoWay/SouthNorth/SpdDst) by extensions ['cmake', 'python']
[4.420s] Level 1:colcon.colcon_core.package_identification:_identify(twoHundred/twoWay/SouthNorth/SpdDst) by extension 'cmake'
[4.420s] Level 1:colcon.colcon_core.package_identification:_identify(twoHundred/twoWay/SouthNorth/SpdDst) by extension 'python'
[4.420s] Level 1:colcon.colcon_core.package_identification:_identify(twoHundred/twoWay/SouthNorth/SpdDst) by extensions ['python_setup_py']
[4.420s] Level 1:colcon.colcon_core.package_identification:_identify(twoHundred/twoWay/SouthNorth/SpdDst) by extension 'python_setup_py'
[4.420s] Level 1:colcon.colcon_core.package_identification:_identify(twoHundred/twoWay/SouthNorth/Static) by extensions ['ignore', 'ignore_ament_install']
[4.421s] Level 1:colcon.colcon_core.package_identification:_identify(twoHundred/twoWay/SouthNorth/Static) by extension 'ignore'
[4.421s] Level 1:colcon.colcon_core.package_identification:_identify(twoHundred/twoWay/SouthNorth/Static) by extension 'ignore_ament_install'
[4.421s] Level 1:colcon.colcon_core.package_identification:_identify(twoHundred/twoWay/SouthNorth/Static) by extensions ['colcon_pkg']
[4.421s] Level 1:colcon.colcon_core.package_identification:_identify(twoHundred/twoWay/SouthNorth/Static) by extension 'colcon_pkg'
[4.421s] Level 1:colcon.colcon_core.package_identification:_identify(twoHundred/twoWay/SouthNorth/Static) by extensions ['colcon_meta']
[4.421s] Level 1:colcon.colcon_core.package_identification:_identify(twoHundred/twoWay/SouthNorth/Static) by extension 'colcon_meta'
[4.421s] Level 1:colcon.colcon_core.package_identification:_identify(twoHundred/twoWay/SouthNorth/Static) by extensions ['ros']
[4.421s] Level 1:colcon.colcon_core.package_identification:_identify(twoHundred/twoWay/SouthNorth/Static) by extension 'ros'
[4.421s] Level 1:colcon.colcon_core.package_identification:_identify(twoHundred/twoWay/SouthNorth/Static) by extensions ['cmake', 'python']
[4.421s] Level 1:colcon.colcon_core.package_identification:_identify(twoHundred/twoWay/SouthNorth/Static) by extension 'cmake'
[4.421s] Level 1:colcon.colcon_core.package_identification:_identify(twoHundred/twoWay/SouthNorth/Static) by extension 'python'
[4.421s] Level 1:colcon.colcon_core.package_identification:_identify(twoHundred/twoWay/SouthNorth/Static) by extensions ['python_setup_py']
[4.421s] Level 1:colcon.colcon_core.package_identification:_identify(twoHundred/twoWay/SouthNorth/Static) by extension 'python_setup_py'
[4.422s] Level 1:colcon.colcon_core.package_identification:_identify(twoHundred/twoWay/SpdDst) by extensions ['ignore', 'ignore_ament_install']
[4.422s] Level 1:colcon.colcon_core.package_identification:_identify(twoHundred/twoWay/SpdDst) by extension 'ignore'
[4.422s] Level 1:colcon.colcon_core.package_identification:_identify(twoHundred/twoWay/SpdDst) by extension 'ignore_ament_install'
[4.422s] Level 1:colcon.colcon_core.package_identification:_identify(twoHundred/twoWay/SpdDst) by extensions ['colcon_pkg']
[4.422s] Level 1:colcon.colcon_core.package_identification:_identify(twoHundred/twoWay/SpdDst) by extension 'colcon_pkg'
[4.422s] Level 1:colcon.colcon_core.package_identification:_identify(twoHundred/twoWay/SpdDst) by extensions ['colcon_meta']
[4.422s] Level 1:colcon.colcon_core.package_identification:_identify(twoHundred/twoWay/SpdDst) by extension 'colcon_meta'
[4.422s] Level 1:colcon.colcon_core.package_identification:_identify(twoHundred/twoWay/SpdDst) by extensions ['ros']
[4.422s] Level 1:colcon.colcon_core.package_identification:_identify(twoHundred/twoWay/SpdDst) by extension 'ros'
[4.423s] Level 1:colcon.colcon_core.package_identification:_identify(twoHundred/twoWay/SpdDst) by extensions ['cmake', 'python']
[4.423s] Level 1:colcon.colcon_core.package_identification:_identify(twoHundred/twoWay/SpdDst) by extension 'cmake'
[4.423s] Level 1:colcon.colcon_core.package_identification:_identify(twoHundred/twoWay/SpdDst) by extension 'python'
[4.423s] Level 1:colcon.colcon_core.package_identification:_identify(twoHundred/twoWay/SpdDst) by extensions ['python_setup_py']
[4.423s] Level 1:colcon.colcon_core.package_identification:_identify(twoHundred/twoWay/SpdDst) by extension 'python_setup_py'
[4.423s] Level 1:colcon.colcon_core.package_identification:_identify(twoHundred/twoWay/Static) by extensions ['ignore', 'ignore_ament_install']
[4.423s] Level 1:colcon.colcon_core.package_identification:_identify(twoHundred/twoWay/Static) by extension 'ignore'
[4.423s] Level 1:colcon.colcon_core.package_identification:_identify(twoHundred/twoWay/Static) by extension 'ignore_ament_install'
[4.423s] Level 1:colcon.colcon_core.package_identification:_identify(twoHundred/twoWay/Static) by extensions ['colcon_pkg']
[4.423s] Level 1:colcon.colcon_core.package_identification:_identify(twoHundred/twoWay/Static) by extension 'colcon_pkg'
[4.423s] Level 1:colcon.colcon_core.package_identification:_identify(twoHundred/twoWay/Static) by extensions ['colcon_meta']
[4.423s] Level 1:colcon.colcon_core.package_identification:_identify(twoHundred/twoWay/Static) by extension 'colcon_meta'
[4.423s] Level 1:colcon.colcon_core.package_identification:_identify(twoHundred/twoWay/Static) by extensions ['ros']
[4.424s] Level 1:colcon.colcon_core.package_identification:_identify(twoHundred/twoWay/Static) by extension 'ros'
[4.424s] Level 1:colcon.colcon_core.package_identification:_identify(twoHundred/twoWay/Static) by extensions ['cmake', 'python']
[4.424s] Level 1:colcon.colcon_core.package_identification:_identify(twoHundred/twoWay/Static) by extension 'cmake'
[4.424s] Level 1:colcon.colcon_core.package_identification:_identify(twoHundred/twoWay/Static) by extension 'python'
[4.424s] Level 1:colcon.colcon_core.package_identification:_identify(twoHundred/twoWay/Static) by extensions ['python_setup_py']
[4.424s] Level 1:colcon.colcon_core.package_identification:_identify(twoHundred/twoWay/Static) by extension 'python_setup_py'
[4.424s] Level 1:colcon.colcon_core.package_discovery:discover_packages(recursive) using defaults
[4.424s] Level 1:colcon.colcon_core.package_discovery:discover_packages(ignore) discover
[4.424s] Level 1:colcon.colcon_core.package_discovery:discover_packages(ignore) using defaults
[4.424s] Level 1:colcon.colcon_core.package_discovery:discover_packages(path) discover
[4.424s] Level 1:colcon.colcon_core.package_discovery:discover_packages(path) using defaults
[4.658s] INFO:colcon.colcon_core.package_selection:Skipping not selected package 'dsrcmsg' in 'src/dsrcmsg'
[4.658s] INFO:colcon.colcon_core.package_selection:Skipping not selected package 'trafficrecord' in 'src/trafficrecord'
[4.658s] INFO:colcon.colcon_core.package_selection:Skipping not selected package 'cim' in 'src/cim'
[4.658s] INFO:colcon.colcon_core.package_selection:Skipping not selected package 'reactivemethods' in 'src/reactivemethods'
[4.790s] Level 1:colcon.colcon_core.package_discovery:discover_packages(prefix_path) check parameters
[4.791s] Level 1:colcon.colcon_core.package_discovery:discover_packages(prefix_path) discover
[4.934s] DEBUG:colcon.colcon_installed_package_information.package_discovery:Found 5 installed packages in /home/babangida/ros_ws/install
[5.008s] DEBUG:colcon.colcon_installed_package_information.package_discovery:Found 289 installed packages in /opt/ros/foxy
[5.011s] Level 1:colcon.colcon_core.package_discovery:discover_packages(prefix_path) using defaults
[5.276s] Level 5:colcon.colcon_core.verb:set package 'onecim' build argument 'cmake_args' from command line to 'None'
[5.276s] Level 5:colcon.colcon_core.verb:set package 'onecim' build argument 'cmake_target' from command line to 'None'
[5.276s] Level 5:colcon.colcon_core.verb:set package 'onecim' build argument 'cmake_target_skip_unavailable' from command line to 'False'
[5.276s] Level 5:colcon.colcon_core.verb:set package 'onecim' build argument 'cmake_clean_cache' from command line to 'False'
[5.276s] Level 5:colcon.colcon_core.verb:set package 'onecim' build argument 'cmake_clean_first' from command line to 'False'
[5.276s] Level 5:colcon.colcon_core.verb:set package 'onecim' build argument 'cmake_force_configure' from command line to 'False'
[5.276s] Level 5:colcon.colcon_core.verb:set package 'onecim' build argument 'ament_cmake_args' from command line to 'None'
[5.276s] Level 5:colcon.colcon_core.verb:set package 'onecim' build argument 'catkin_cmake_args' from command line to 'None'
[5.276s] Level 5:colcon.colcon_core.verb:set package 'onecim' build argument 'catkin_skip_building_tests' from command line to 'False'
[5.276s] DEBUG:colcon.colcon_core.verb:Building package 'onecim' with the following arguments: {'ament_cmake_args': None, 'build_base': '/home/babangida/ros_ws/build/onecim', 'catkin_cmake_args': None, 'catkin_skip_building_tests': False, 'cmake_args': None, 'cmake_clean_cache': False, 'cmake_clean_first': False, 'cmake_force_configure': False, 'cmake_target': None, 'cmake_target_skip_unavailable': False, 'install_base': '/home/babangida/ros_ws/install/onecim', 'merge_install': False, 'path': '/home/babangida/ros_ws/src/onecim', 'symlink_install': True, 'test_result_base': None}
[5.345s] INFO:colcon.colcon_core.executor:Executing jobs using 'parallel' executor
[5.414s] DEBUG:colcon.colcon_parallel_executor.executor.parallel:run_until_complete
[5.414s] INFO:colcon.colcon_ros.task.ament_python.build:Building ROS package in '/home/babangida/ros_ws/src/onecim' with build type 'ament_python'
[5.415s] Level 1:colcon.colcon_core.shell:create_environment_hook('onecim', 'ament_prefix_path')
[5.488s] INFO:colcon.colcon_core.plugin_system:Skipping extension 'colcon_core.shell.bat': Not used on non-Windows systems
[5.488s] INFO:colcon.colcon_core.shell:Creating environment hook '/home/babangida/ros_ws/install/onecim/share/onecim/hook/ament_prefix_path.ps1'
[5.489s] INFO:colcon.colcon_core.shell:Creating environment descriptor '/home/babangida/ros_ws/install/onecim/share/onecim/hook/ament_prefix_path.dsv'
[5.490s] INFO:colcon.colcon_core.shell:Creating environment hook '/home/babangida/ros_ws/install/onecim/share/onecim/hook/ament_prefix_path.sh'
[5.577s] INFO:colcon.colcon_core.shell:Skip shell extension 'powershell' for command environment: Not usable outside of PowerShell
[5.577s] DEBUG:colcon.colcon_core.shell:Skip shell extension 'dsv' for command environment
[6.793s] INFO:colcon.colcon_core.task.python.build:Building Python package in '/home/babangida/ros_ws/src/onecim'
[6.868s] INFO:colcon.colcon_core.shell:Skip shell extension 'powershell' for command environment: Not usable outside of PowerShell
[6.868s] DEBUG:colcon.colcon_core.shell:Skip shell extension 'dsv' for command environment
[8.449s] DEBUG:colcon.colcon_core.event_handler.log_command:Invoking command in '/home/babangida/ros_ws/build/onecim': PYTHONPATH=/home/babangida/ros_ws/build/onecim/prefix_override:/home/babangida/ros_ws/install/onecim/lib/python3.8/site-packages:/home/babangida/ros_ws/install/trafficrecord/lib/python3.8/site-packages:/home/babangida/ros_ws/install/dsrcmsg/lib/python3.8/site-packages:/home/babangida/ros_ws/build/onecim:/home/babangida/ros_ws/install/onecim/lib/python3.8/site-packages:/home/babangida/ros_ws/install/cim/lib/python3.8/site-packages:/home/babangida/ros_ws/build/reactivemethods:/home/babangida/ros_ws/install/reactivemethods/lib/python3.8/site-packages:/opt/ros/foxy/lib/python3.8/site-packages /usr/bin/python3 setup.py develop --editable --build-directory /home/babangida/ros_ws/build/onecim/build --no-deps install_data
[9.210s] Level 1:colcon.colcon_core.shell:create_environment_hook('onecim', 'pythonpath_develop')
[9.211s] DEBUG:colcon.colcon_core.event_handler.log_command:Invoked command in '/home/babangida/ros_ws/build/onecim' returned '0': PYTHONPATH=/home/babangida/ros_ws/build/onecim/prefix_override:/home/babangida/ros_ws/install/onecim/lib/python3.8/site-packages:/home/babangida/ros_ws/install/trafficrecord/lib/python3.8/site-packages:/home/babangida/ros_ws/install/dsrcmsg/lib/python3.8/site-packages:/home/babangida/ros_ws/build/onecim:/home/babangida/ros_ws/install/onecim/lib/python3.8/site-packages:/home/babangida/ros_ws/install/cim/lib/python3.8/site-packages:/home/babangida/ros_ws/build/reactivemethods:/home/babangida/ros_ws/install/reactivemethods/lib/python3.8/site-packages:/opt/ros/foxy/lib/python3.8/site-packages /usr/bin/python3 setup.py develop --editable --build-directory /home/babangida/ros_ws/build/onecim/build --no-deps install_data
[9.276s] INFO:colcon.colcon_core.shell:Creating environment hook '/home/babangida/ros_ws/build/onecim/share/onecim/hook/pythonpath_develop.ps1'
[9.277s] INFO:colcon.colcon_core.shell:Creating environment descriptor '/home/babangida/ros_ws/build/onecim/share/onecim/hook/pythonpath_develop.dsv'
[9.277s] INFO:colcon.colcon_core.shell:Creating environment hook '/home/babangida/ros_ws/build/onecim/share/onecim/hook/pythonpath_develop.sh'
[9.385s] Level 1:colcon.colcon_core.environment:checking '/home/babangida/ros_ws/install/onecim' for CMake module files
[9.386s] Level 1:colcon.colcon_core.environment:checking '/home/babangida/ros_ws/install/onecim' for CMake config files
[9.387s] Level 1:colcon.colcon_core.environment:checking '/home/babangida/ros_ws/install/onecim/lib'
[9.388s] Level 1:colcon.colcon_core.environment:checking '/home/babangida/ros_ws/install/onecim/bin'
[9.388s] Level 1:colcon.colcon_core.environment:checking '/home/babangida/ros_ws/install/onecim/lib/pkgconfig/onecim.pc'
[9.388s] Level 1:colcon.colcon_core.environment:checking '/home/babangida/ros_ws/install/onecim/lib/python3.8/site-packages'
[9.389s] Level 1:colcon.colcon_core.shell:create_environment_hook('onecim', 'pythonpath')
[9.483s] INFO:colcon.colcon_core.shell:Creating environment hook '/home/babangida/ros_ws/install/onecim/share/onecim/hook/pythonpath.ps1'
[9.484s] INFO:colcon.colcon_core.shell:Creating environment descriptor '/home/babangida/ros_ws/install/onecim/share/onecim/hook/pythonpath.dsv'
[9.485s] INFO:colcon.colcon_core.shell:Creating environment hook '/home/babangida/ros_ws/install/onecim/share/onecim/hook/pythonpath.sh'
[9.486s] Level 1:colcon.colcon_core.environment:checking '/home/babangida/ros_ws/install/onecim/bin'
[9.486s] Level 1:colcon.colcon_core.environment:create_environment_scripts_only(onecim)
[9.571s] INFO:colcon.colcon_core.shell:Creating package script '/home/babangida/ros_ws/install/onecim/share/onecim/package.ps1'
[9.573s] INFO:colcon.colcon_core.shell:Creating package descriptor '/home/babangida/ros_ws/install/onecim/share/onecim/package.dsv'
[9.574s] INFO:colcon.colcon_core.shell:Creating package script '/home/babangida/ros_ws/install/onecim/share/onecim/package.sh'
[9.576s] INFO:colcon.colcon_core.shell:Creating package script '/home/babangida/ros_ws/install/onecim/share/onecim/package.bash'
[9.577s] INFO:colcon.colcon_core.shell:Creating package script '/home/babangida/ros_ws/install/onecim/share/onecim/package.zsh'
[9.578s] Level 1:colcon.colcon_core.environment:create_file_with_runtime_dependencies(/home/babangida/ros_ws/install/onecim/share/colcon-core/packages/onecim)
[9.579s] DEBUG:colcon.colcon_parallel_executor.executor.parallel:closing loop
[9.580s] DEBUG:colcon.colcon_parallel_executor.executor.parallel:loop closed
[9.580s] DEBUG:colcon.colcon_parallel_executor.executor.parallel:run_until_complete finished with '0'
[9.580s] DEBUG:colcon.colcon_core.event_reactor:joining thread
[9.786s] INFO:colcon.colcon_core.plugin_system:Skipping extension 'colcon_notification.desktop_notification.notify_send': Could not find 'notify-send'
[9.786s] INFO:colcon.colcon_core.plugin_system:Skipping extension 'colcon_notification.desktop_notification.terminal_notifier': Not used on non-Darwin systems
[9.786s] INFO:colcon.colcon_core.plugin_system:Skipping extension 'colcon_notification.desktop_notification.win32': Not used on non-Windows systems
[9.786s] INFO:colcon.colcon_notification.desktop_notification:Sending desktop notification using 'notify2'
[9.789s] DEBUG:colcon.colcon_notification.desktop_notification.notify2:Failed to initialize notify2: org.freedesktop.DBus.Error.ServiceUnknown: The name org.freedesktop.Notifications was not provided by any .service files
[9.790s] DEBUG:colcon.colcon_core.event_reactor:joined thread
[9.864s] INFO:colcon.colcon_core.shell:Creating prefix script '/home/babangida/ros_ws/install/local_setup.ps1'
[9.866s] INFO:colcon.colcon_core.shell:Creating prefix util module '/home/babangida/ros_ws/install/_local_setup_util_ps1.py'
[9.868s] INFO:colcon.colcon_core.shell:Creating prefix chain script '/home/babangida/ros_ws/install/setup.ps1'
[9.949s] INFO:colcon.colcon_core.shell:Creating prefix script '/home/babangida/ros_ws/install/local_setup.sh'
[9.949s] INFO:colcon.colcon_core.shell:Creating prefix util module '/home/babangida/ros_ws/install/_local_setup_util_sh.py'
[9.951s] INFO:colcon.colcon_core.shell:Creating prefix chain script '/home/babangida/ros_ws/install/setup.sh'
[10.026s] INFO:colcon.colcon_core.shell:Creating prefix script '/home/babangida/ros_ws/install/local_setup.bash'
[10.027s] INFO:colcon.colcon_core.shell:Creating prefix chain script '/home/babangida/ros_ws/install/setup.bash'
[10.105s] INFO:colcon.colcon_core.shell:Creating prefix script '/home/babangida/ros_ws/install/local_setup.zsh'
[10.106s] INFO:colcon.colcon_core.shell:Creating prefix chain script '/home/babangida/ros_ws/install/setup.zsh'
