,starttime,endtime
0,1709217027.5152194,1709217027.5152302
1,1709217027.569847,1709217027.5698543
2,1709217027.6696808,1709217027.6696882
3,1709217027.769768,1709217027.7697737
4,1709217027.8696172,1709217027.8696225
5,1709217027.97002,1709217027.9700272
6,1709217028.069754,1709217028.0697598
7,1709217028.1700842,1709217028.1700926
8,1709217028.2703543,1709217028.2703624
9,1709217028.3698993,1709217028.369907
10,1709217028.4791694,1709217028.4791749
11,1709217028.5772848,1709217028.5772913
12,1709217028.6768816,1709217028.676888
13,1709217028.772214,1709217028.7722201
14,1709217028.8747602,1709217028.874766
15,1709217028.9731674,1709217028.9731712
16,1709217029.0709028,1709217029.070909
17,1709217029.180375,1709217029.1803808
18,1709217029.2739196,1709217029.2739255
19,1709217029.3922424,1709217029.3922517
20,1709217029.4787302,1709217029.4787502
21,1709217029.587664,1709217029.5959911
22,1709217029.6717186,1709217029.6769414
23,1709217029.7734044,1709217029.7768953
24,1709217029.8723934,1709217029.8795102
25,1709217029.9792917,1709217029.983417
26,1709217030.0814104,1709217030.0854275
27,1709217030.176165,1709217030.1810331
28,1709217030.2835357,1709217030.287642
29,1709217030.3733842,1709217030.3774943
30,1709217030.475518,1709217030.4807186
31,1709217030.5741415,1709217030.5804524
32,1709217030.6731737,1709217030.6804807
33,1709217030.7819734,1709217030.7884018
34,1709217030.889792,1709217030.8946865
35,1709217030.974109,1709217030.979027
36,1709217031.084042,1709217031.0881636
37,1709217031.183553,1709217031.1876879
38,1709217031.2788084,1709217031.2840343
39,1709217031.371513,1709217031.3761616
40,1709217031.4929342,1709217031.5036378
41,1709217031.5730858,1709217031.5789385
42,1709217031.671749,1709217031.6756268
43,1709217031.7723055,1709217031.7779012
44,1709217031.8787236,1709217031.882991
45,1709217031.970082,1709217031.9737308
46,1709217032.0762308,1709217032.082615
47,1709217032.173448,1709217032.177519
48,1709217032.2858384,1709217032.2894423
49,1709217032.384438,1709217032.3899918
50,1709217032.4819777,1709217032.4857829
51,1709217032.5711355,1709217032.576329
52,1709217032.9005299,1709217032.9154603
53,1709217032.929848,1709217032.9341857
54,1709217032.975733,1709217032.9807594
55,1709217033.0767994,1709217033.0810935
56,1709217033.1743712,1709217033.178536
57,1709217033.2794516,1709217033.2835717
58,1709217033.3769114,1709217033.3835015
59,1709217033.4770942,1709217033.4825852
60,1709217033.5832067,1709217033.5873609
61,1709217033.6769004,1709217033.681737
62,1709217033.7754521,1709217033.7795177
63,1709217033.8806846,1709217033.884898
64,1709217033.9767327,1709217033.9801111
65,1709217034.0830085,1709217034.0873585
66,1709217034.185031,1709217034.1891015
67,1709217034.2895646,1709217034.2955418
68,1709217034.373591,1709217034.3783014
69,1709217034.4808252,1709217034.4854534
70,1709217034.5852036,1709217034.5884936
71,1709217034.6798398,1709217034.6836905
72,1709217034.7744238,1709217034.7823274
73,1709217034.8719192,1709217034.8753788
74,1709217034.9841282,1709217034.9945984
75,1709217035.0797215,1709217035.0843034
76,1709217035.185944,1709217035.190051
77,1709217035.272974,1709217035.2758687
78,1709217035.3754103,1709217035.379186
79,1709217035.4768107,1709217035.480604
80,1709217035.934907,1709217035.9415843
81,1709217035.9500537,1709217035.9539344
82,1709217035.9746032,1709217035.9791355
83,1709217036.0741856,1709217036.0810175
84,1709217036.1723878,1709217036.1772976
85,1709217036.2746158,1709217036.278131
86,1709217036.3735204,1709217036.3770797
87,1709217036.4734316,1709217036.4777234
88,1709217036.577968,1709217036.5848408
89,1709217036.6763995,1709217036.6798177
90,1709217036.7761383,1709217036.7798665
91,1709217036.880879,1709217036.884628
92,1709217036.9768965,1709217036.9806187
93,1709217037.0776026,1709217037.0817633
94,1709217037.1752627,1709217037.1791153
95,1709217037.2746303,1709217037.2783659
96,1709217037.3863082,1709217037.3906384
97,1709217037.4789684,1709217037.486107
98,1709217037.5851185,1709217037.5943925
99,1709217037.6772354,1709217037.6823037
100,1709217037.775893,1709217037.7793975
101,1709217037.8823624,1709217037.886173
102,1709217037.9771643,1709217037.9804966
103,1709217038.074484,1709217038.0790997
104,1709217038.1730158,1709217038.1766396
105,1709217038.2750638,1709217038.2793367
106,1709217038.3786652,1709217038.3829744
107,1709217038.480828,1709217038.4850726
108,1709217038.5746782,1709217038.5782971
109,1709217038.6733954,1709217038.678901
110,1709217038.774395,1709217038.7787428
111,1709217038.8792012,1709217038.8824954
112,1709217038.970731,1709217038.9739509
113,1709217039.08235,1709217039.0863378
114,1709217039.1804285,1709217039.1862364
115,1709217039.2795136,1709217039.2839127
116,1709217039.380554,1709217039.3907695
117,1709217039.472203,1709217039.475551
118,1709217039.5774946,1709217039.5812426
119,1709217039.700371,1709217039.7044103
120,1709217039.7712088,1709217039.7745283
121,1709217039.883305,1709217039.8871107
122,1709217039.9783018,1709217039.987696
123,1709217040.081513,1709217040.0858667
124,1709217040.176808,1709217040.1827428
125,1709217040.2784026,1709217040.2819417
126,1709217040.3787277,1709217040.382726
127,1709217040.48432,1709217040.487999
128,1709217040.572874,1709217040.576672
129,1709217040.679303,1709217040.6835113
130,1709217040.7785301,1709217040.781783
131,1709217040.8757343,1709217040.8781595
132,1709217040.9776175,1709217040.9815192
133,1709217041.0719938,1709217041.0761292
134,1709217041.176127,1709217041.1839056
135,1709217041.2763143,1709217041.2792768
136,1709217041.3718362,1709217041.3758633
137,1709217041.4724474,1709217041.4770596
138,1709217041.571409,1709217041.5748894
139,1709217041.673744,1709217041.6780443
140,1709217041.7904112,1709217041.7954378
141,1709217041.8706038,1709217041.8747485
142,1709217041.9819043,1709217041.9899569
143,1709217042.0753295,1709217042.0790665
144,1709217042.1755424,1709217042.1822577
145,1709217042.281986,1709217042.287001
146,1709217042.3737736,1709217042.377692
147,1709217042.4715776,1709217042.4754221
148,1709217042.5866725,1709217042.590719
149,1709217042.6742082,1709217042.6779792
150,1709217042.7829363,1709217042.7917905
151,1709217042.8742557,1709217042.8784475
152,1709217042.9736788,1709217042.976618
153,1709217043.0708807,1709217043.0739813
154,1709217043.1745465,1709217043.1779447
155,1709217043.274474,1709217043.27761
156,1709217043.3749368,1709217043.3785007
157,1709217043.47211,1709217043.4757757
158,1709217043.5779707,1709217043.5860646
159,1709217043.6767542,1709217043.682197
160,1709217043.7763088,1709217043.7798083
161,1709217043.8786821,1709217043.8823006
162,1709217043.9747865,1709217043.978361
163,1709217044.0704274,1709217044.0740168
164,1709217044.1712554,1709217044.1745572
165,1709217044.2732816,1709217044.2768726
166,1709217044.3708792,1709217044.3746834
167,1709217044.4736404,1709217044.4770076
168,1709217044.5729818,1709217044.576332
169,1709217044.6786323,1709217044.6821227
170,1709217044.7788935,1709217044.782681
171,1709217044.872051,1709217044.8796751
172,1709217044.9754233,1709217044.978689
173,1709217045.080817,1709217045.0845995
174,1709217045.1865954,1709217045.1895082
175,1709217045.2706547,1709217045.2738106
176,1709217045.3730893,1709217045.376487
177,1709217045.4804678,1709217045.4843981
178,1709217045.577367,1709217045.5810864
179,1709217045.6713018,1709217045.6748219
180,1709217045.777705,1709217045.7811675
181,1709217045.8732634,1709217045.8789616
182,1709217045.97767,1709217045.9808698
183,1709217046.0766423,1709217046.0799348
184,1709217046.1738777,1709217046.1772738
185,1709217046.2758045,1709217046.2868412
186,1709217046.373559,1709217046.3776424
187,1709217046.4774168,1709217046.4820154
188,1709217046.588535,1709217046.591145
189,1709217046.7095835,1709217046.7148132
190,1709217046.7805176,1709217046.7838378
191,1709217046.8725562,1709217046.8754795
192,1709217046.9906573,1709217046.9960449
193,1709217047.0752702,1709217047.0798624
194,1709217047.1744597,1709217047.1773822
195,1709217047.2739446,1709217047.277256
196,1709217047.377833,1709217047.380908
197,1709217047.4794903,1709217047.4820704
198,1709217047.5743067,1709217047.5778174
199,1709217047.6722984,1709217047.6781666
200,1709217047.7783878,1709217047.7814517
201,1709217047.8725572,1709217047.8753848
202,1709217047.9738686,1709217047.9766362
203,1709217048.0750904,1709217048.0801485
204,1709217048.1750653,1709217048.1782737
205,1709217048.274906,1709217048.2795966
206,1709217048.3756437,1709217048.3789618
207,1709217048.473419,1709217048.4762273
208,1709217048.5801904,1709217048.5824606
209,1709217048.6762269,1709217048.6789858
210,1709217048.784961,1709217048.7873917
211,1709217048.8753266,1709217048.8791056
212,1709217048.9726045,1709217048.978468
213,1709217049.0844038,1709217049.0892985
214,1709217049.171549,1709217049.174942
215,1709217049.2728407,1709217049.2754676
216,1709217049.3768458,1709217049.3794575
217,1709217049.472143,1709217049.475571
218,1709217049.570925,1709217049.5739436
219,1709217049.6746106,1709217049.6777332
220,1709217049.7722774,1709217049.7758636
221,1709217049.8750083,1709217049.8780363
222,1709217050.007712,1709217050.0103416
223,1709217050.0810013,1709217050.0842838
224,1709217050.171048,1709217050.1756783
225,1709217050.2745388,1709217050.2772412
226,1709217050.3716984,1709217050.3750637
227,1709217050.4797676,1709217050.4827807
228,1709217050.5725658,1709217050.5767136
229,1709217050.6739423,1709217050.676453
230,1709217050.7726579,1709217050.7760031
231,1709217050.8718345,1709217050.8747203
232,1709217050.9724822,1709217050.976124
233,1709217051.0707192,1709217051.073882
234,1709217051.1745617,1709217051.1773896
235,1709217051.2720225,1709217051.2744715
236,1709217051.37406,1709217051.3760405
237,1709217051.4730687,1709217051.4758818
238,1709217051.5715394,1709217051.5763724
239,1709217051.6845527,1709217051.6870751
240,1709217051.7774198,1709217051.7804432
241,1709217051.875567,1709217051.8787904
242,1709217051.977253,1709217051.9833663
243,1709217052.073213,1709217052.0757532
244,1709217052.1714842,1709217052.1746185
245,1709217052.2707624,1709217052.2744813
246,1709217052.3734412,1709217052.3768032
247,1709217052.4755423,1709217052.4779327
248,1709217052.5739083,1709217052.5769987
249,1709217052.676261,1709217052.679195
250,1709217052.7707987,1709217052.7732859
251,1709217052.873031,1709217052.875896
252,1709217052.9763806,1709217052.9795477
253,1709217053.0751154,1709217053.0773218
254,1709217053.1732566,1709217053.1764984
255,1709217053.271524,1709217053.2747042
256,1709217053.3728943,1709217053.3754225
257,1709217053.4812624,1709217053.48462
258,1709217053.5737042,1709217053.5765252
259,1709217053.6751168,1709217053.6779366
260,1709217053.7729619,1709217053.7759485
261,1709217053.8754532,1709217053.8783574
262,1709217053.9774513,1709217053.9801407
263,1709217054.073903,1709217054.0765305
264,1709217054.1720266,1709217054.1749947
265,1709217054.2728598,1709217054.2753134
266,1709217054.3725574,1709217054.3758032
267,1709217054.472457,1709217054.4759727
268,1709217054.5789628,1709217054.5819254
269,1709217054.6758296,1709217054.678599
270,1709217054.770796,1709217054.7735472
271,1709217054.871208,1709217054.874289
272,1709217054.9757884,1709217054.97876
273,1709217055.074516,1709217055.077123
274,1709217055.180481,1709217055.1833045
275,1709217055.2722323,1709217055.274924
276,1709217055.3701096,1709217055.3731043
277,1709217055.4735575,1709217055.4760153
278,1709217055.571201,1709217055.5746775
279,1709217055.6705387,1709217055.6734524
280,1709217055.771255,1709217055.7741086
281,1709217055.871343,1709217055.8737133
282,1709217055.9717026,1709217055.9743261
283,1709217056.0737362,1709217056.0765944
284,1709217056.17279,1709217056.175576
285,1709217056.2722235,1709217056.2750514
286,1709217056.3725295,1709217056.3755288
287,1709217056.47467,1709217056.4773972
288,1709217056.5739367,1709217056.5793548
289,1709217056.6750102,1709217056.677813
290,1709217056.792139,1709217056.794829
291,1709217056.8761113,1709217056.8790085
292,1709217056.973803,1709217056.9763832
293,1709217057.0726147,1709217057.0764754
294,1709217057.1751435,1709217057.177823
295,1709217057.274053,1709217057.2767358
296,1709217057.3697007,1709217057.3724837
297,1709217057.4720895,1709217057.474906
298,1709217057.5708883,1709217057.574455
299,1709217057.6754935,1709217057.6786935
300,1709217057.7743955,1709217057.777213
301,1709217057.8723438,1709217057.8749127
302,1709217057.9754798,1709217057.9781466
303,1709217058.0709403,1709217058.0735893
304,1709217058.1739578,1709217058.1766531
305,1709217058.2722516,1709217058.2749288
306,1709217058.3737738,1709217058.3765378
307,1709217058.4726415,1709217058.4752777
308,1709217058.5737245,1709217058.5762951
309,1709217058.6749823,1709217058.677822
310,1709217058.7740035,1709217058.774011
311,1709217058.8742979,1709217058.8743029
312,1709217058.9754505,1709217058.9754565
313,1709217059.0725293,1709217059.0725336
314,1709217059.1726456,1709217059.1726532
315,1709217059.2832904,1709217059.283296
316,1709217059.3732102,1709217059.3732162
317,1709217059.4754877,1709217059.475493
318,1709217059.575823,1709217059.5758288
319,1709217059.675583,1709217059.675591
320,1709217059.770899,1709217059.7709033
321,1709217059.870843,1709217059.8708494
322,1709217059.9713693,1709217059.9713748
323,1709217060.0730076,1709217060.0730126
324,1709217060.1755378,1709217060.1755435
325,1709217060.2790275,1709217060.2790322
326,1709217060.3755383,1709217060.3755448
327,1709217060.4731545,1709217060.4731603
328,1709217060.5762534,1709217060.5762591
329,1709217060.6753643,1709217060.6753693
330,1709217060.7732704,1709217060.7732759
331,1709217060.8731675,1709217060.8731747
332,1709217060.975264,1709217060.9752705
333,1709217061.0756185,1709217061.0756233
334,1709217061.17084,1709217061.1708457
335,1709217061.2717898,1709217061.2717953
336,1709217061.3719003,1709217061.3719075
337,1709217061.4719894,1709217061.471995
338,1709217061.5739343,1709217061.5739424
339,1709217061.6774187,1709217061.6774256
340,1709217061.775735,1709217061.7757404
341,1709217061.8808832,1709217061.8808897
342,1709217061.9763565,1709217061.9763622
343,1709217062.070955,1709217062.070961
344,1709217062.1727993,1709217062.1728044
345,1709217062.27666,1709217062.2766669
346,1709217062.3700068,1709217062.3700118
347,1709217062.4835393,1709217062.4835467
348,1709217062.5708008,1709217062.570806
349,1709217062.6751297,1709217062.6751366
350,1709217062.7735243,1709217062.7735293
351,1709217062.884456,1709217062.8844638
352,1709217062.9724877,1709217062.972494
353,1709217063.0751412,1709217063.075148
354,1709217063.1746826,1709217063.1746874
355,1709217063.2720106,1709217063.2720153
356,1709217063.373998,1709217063.374003
357,1709217063.4733374,1709217063.4733427
358,1709217063.5729246,1709217063.5729308
359,1709217063.6857195,1709217063.6857262
360,1709217063.773031,1709217063.7730365
361,1709217063.874462,1709217063.8744683
362,1709217063.9751542,1709217063.9751604
363,1709217064.078723,1709217064.0787299
364,1709217064.1774137,1709217064.1774201
365,1709217064.2832108,1709217064.283218
366,1709217064.3738341,1709217064.3738394
367,1709217064.4757142,1709217064.475722
368,1709217064.5748527,1709217064.574858
369,1709217064.6811323,1709217064.6811397
370,1709217064.7812624,1709217064.781268
371,1709217064.8808637,1709217064.8808699
372,1709217064.9757686,1709217064.9757762
373,1709217065.073861,1709217065.0738678
374,1709217065.1756208,1709217065.1756265
375,1709217065.282424,1709217065.282432
376,1709217065.3753755,1709217065.375382
377,1709217065.4735181,1709217065.4735243
378,1709217065.5698721,1709217065.5698783
379,1709217065.6804585,1709217065.6804664
380,1709217065.775072,1709217065.7750788
381,1709217065.8766878,1709217065.8766947
382,1709217065.9840045,1709217065.9840114
383,1709217066.0718114,1709217066.0718188
384,1709217066.1724527,1709217066.1724586
385,1709217066.2775102,1709217066.2775168
386,1709217066.3851972,1709217066.385203
387,1709217066.473253,1709217066.4732594
388,1709217066.5725164,1709217066.572522
389,1709217066.6703951,1709217066.6704016
390,1709217066.7772152,1709217066.777221
391,1709217066.8725421,1709217066.8725524
392,1709217066.9799392,1709217066.9799452
393,1709217067.0763671,1709217067.0763736
394,1709217067.1754794,1709217067.1754863
395,1709217067.2771218,1709217067.2771277
396,1709217067.3798518,1709217067.379857
397,1709217067.4746108,1709217067.4746163
398,1709217067.5766597,1709217067.5766659
399,1709217067.6770868,1709217067.6770914
400,1709217067.7701666,1709217067.7701719
401,1709217067.896335,1709217067.8963392
402,1709217067.9708304,1709217067.9708357
403,1709217068.0806184,1709217068.0806274
404,1709217068.1714323,1709217068.171439
405,1709217068.272256,1709217068.2722635
406,1709217068.3721163,1709217068.3721213
407,1709217068.4745002,1709217068.4745088
408,1709217068.576709,1709217068.576715
409,1709217068.671288,1709217068.6712937
410,1709217068.7754793,1709217068.7754867
411,1709217068.8758848,1709217068.8758905
412,1709217068.9798648,1709217068.9798708
413,1709217069.0904903,1709217069.0904956
414,1709217069.180238,1709217069.1802442
415,1709217069.2849247,1709217069.2849298
416,1709217069.376502,1709217069.3765123
417,1709217069.4707258,1709217069.4707341
418,1709217069.57959,1709217069.579596
419,1709217069.6745296,1709217069.6745374
420,1709217069.7772624,1709217069.7772686
421,1709217069.8793259,1709217069.882237
422,1709217069.9768078,1709217069.9798064
423,1709217070.0810852,1709217070.084299
424,1709217070.177712,1709217070.1821918
425,1709217070.2738838,1709217070.2769446
426,1709217070.3761113,1709217070.379298
427,1709217070.4834166,1709217070.4867165
428,1709217070.577063,1709217070.5797455
429,1709217070.678131,1709217070.681214
430,1709217070.776351,1709217070.7791822
431,1709217070.870594,1709217070.8736057
432,1709217070.9761527,1709217070.9787643
433,1709217071.0732942,1709217071.0764585
434,1709217071.1750798,1709217071.1808765
435,1709217071.2761586,1709217071.2789543
436,1709217071.3889225,1709217071.391489
437,1709217071.480956,1709217071.48343
438,1709217071.571684,1709217071.574697
439,1709217071.6769052,1709217071.6794405
440,1709217071.7718458,1709217071.774064
441,1709217071.8736103,1709217071.876108
442,1709217071.9728756,1709217071.9753308
443,1709217072.0810313,1709217072.0841763
444,1709217072.1767387,1709217072.179087
445,1709217072.2755158,1709217072.278348
446,1709217072.377377,1709217072.3803701
447,1709217072.4783285,1709217072.4809353
448,1709217072.586591,1709217072.5897608
449,1709217072.6963973,1709217072.6992495
450,1709217072.7753203,1709217072.7828658
451,1709217072.8814175,1709217072.8841848
452,1709217072.9722612,1709217072.974979
453,1709217073.0712256,1709217073.0740337
454,1709217073.1786048,1709217073.1814132
455,1709217073.281157,1709217073.2852755
456,1709217073.3760173,1709217073.378767
457,1709217073.4773872,1709217073.4801464
458,1709217073.5723882,1709217073.5752716
459,1709217073.6724143,1709217073.6759126
460,1709217073.778209,1709217073.7843423
461,1709217073.8816416,1709217073.8897357
462,1709217073.9741042,1709217073.9776366
463,1709217074.073379,1709217074.0763497
464,1709217074.1830454,1709217074.1861062
465,1709217074.275271,1709217074.2785223
466,1709217074.3799381,1709217074.3832324
467,1709217074.486518,1709217074.489415
468,1709217074.5777593,1709217074.5801954
469,1709217074.6748512,1709217074.676816
470,1709217074.777431,1709217074.7802923
471,1709217074.874178,1709217074.8777041
472,1709217074.986363,1709217074.9890726
473,1709217075.072176,1709217075.0748131
474,1709217075.194669,1709217075.1990316
475,1709217075.2774405,1709217075.2801845
476,1709217075.3727574,1709217075.3752322
477,1709217075.480465,1709217075.4832923
478,1709217075.5718615,1709217075.574921
479,1709217075.685266,1709217075.6933928
480,1709217075.778901,1709217075.7820015
481,1709217075.8807924,1709217075.8836262
482,1709217075.971375,1709217075.9745255
483,1709217076.0725741,1709217076.0749488
484,1709217076.1729708,1709217076.1751304
485,1709217076.2759893,1709217076.2791243
486,1709217076.3844752,1709217076.3884494
487,1709217076.4739833,1709217076.477322
488,1709217076.593931,1709217076.5984666
489,1709217076.687038,1709217076.6915255
490,1709217076.7741804,1709217076.7773776
491,1709217076.8742938,1709217076.8773882
492,1709217076.979057,1709217076.981931
493,1709217077.0728476,1709217077.075865
494,1709217077.1751955,1709217077.1777668
495,1709217077.2768223,1709217077.2797258
496,1709217077.3721807,1709217077.3748937
497,1709217077.4718747,1709217077.4745326
498,1709217077.5798278,1709217077.5825596
499,1709217077.6815538,1709217077.684603
500,1709217077.7743888,1709217077.7781463
501,1709217077.8903391,1709217077.8937602
502,1709217077.973075,1709217077.9763174
503,1709217078.075967,1709217078.0851972
504,1709217078.1728327,1709217078.175785
505,1709217078.2754846,1709217078.2783864
506,1709217078.3747668,1709217078.380034
507,1709217078.474093,1709217078.4771595
508,1709217078.575034,1709217078.5778484
509,1709217078.6757662,1709217078.68117
510,1709217078.7822707,1709217078.7848604
511,1709217078.876719,1709217078.8797085
512,1709217079.0149581,1709217079.0175405
513,1709217079.0784833,1709217079.081121
514,1709217079.1814358,1709217079.1859486
515,1709217079.2761576,1709217079.2811027
516,1709217079.3809376,1709217079.3839843
517,1709217079.470582,1709217079.4742663
518,1709217079.5781755,1709217079.5809648
519,1709217079.6716673,1709217079.6744595
520,1709217079.7784834,1709217079.78132
521,1709217079.876554,1709217079.8796775
522,1709217079.9795485,1709217079.9820142
523,1709217080.0712416,1709217080.073144
524,1709217080.1754339,1709217080.1799557
525,1709217080.2743104,1709217080.2774262
526,1709217080.3742201,1709217080.3779683
527,1709217080.4827254,1709217080.4849963
528,1709217080.5738592,1709217080.5772758
529,1709217080.684788,1709217080.6876202
530,1709217080.7757335,1709217080.7785983
531,1709217080.878536,1709217080.884716
532,1709217080.9838796,1709217080.9867237
533,1709217081.077936,1709217081.0807462
534,1709217081.1743503,1709217081.180032
535,1709217081.279622,1709217081.2823436
536,1709217081.3773694,1709217081.3807888
537,1709217081.4810429,1709217081.4839594
538,1709217081.5717497,1709217081.5792599
539,1709217081.6829035,1709217081.686493
540,1709217081.7858248,1709217081.7887855
541,1709217081.881062,1709217081.884173
542,1709217081.9791338,1709217081.9824724
543,1709217082.075895,1709217082.078859
544,1709217082.1844802,1709217082.1871765
545,1709217082.271884,1709217082.2778947
546,1709217082.381383,1709217082.3843596
547,1709217082.4766436,1709217082.4795518
548,1709217082.5753548,1709217082.5816193
549,1709217082.6947236,1709217082.697765
550,1709217082.7780426,1709217082.7808678
551,1709217082.877817,1709217082.8806927
552,1709217082.9816206,1709217082.9844234
553,1709217083.078731,1709217083.0819318
554,1709217083.1864378,1709217083.1892974
555,1709217083.2880027,1709217083.2911847
556,1709217083.3822784,1709217083.3849537
557,1709217083.4790645,1709217083.4815648
558,1709217083.5776787,1709217083.5803466
559,1709217083.6816075,1709217083.6846364
560,1709217083.7820747,1709217083.784529
561,1709217083.880019,1709217083.88253
562,1709217083.9774187,1709217083.9798782
563,1709217084.0716145,1709217084.0738916
564,1709217084.179886,1709217084.182417
565,1709217084.2785819,1709217084.281284
566,1709217084.3749163,1709217084.3792522
567,1709217084.4772148,1709217084.4801714
568,1709217084.5756774,1709217084.5788264
569,1709217084.674431,1709217084.6784158
570,1709217084.775242,1709217084.7780724
571,1709217084.8794973,1709217084.8822832
572,1709217084.9748435,1709217084.9777162
573,1709217085.0825057,1709217085.0852113
574,1709217085.17326,1709217085.1783092
575,1709217085.2722118,1709217085.2771032
576,1709217085.3730733,1709217085.3759968
577,1709217085.479598,1709217085.4828618
578,1709217085.5801435,1709217085.5830426
579,1709217085.6768098,1709217085.6794424
580,1709217085.780276,1709217085.7851508
581,1709217085.875979,1709217085.8795109
582,1709217085.9720645,1709217085.975282
583,1709217086.08396,1709217086.086581
584,1709217086.1875875,1709217086.1907632
585,1709217086.28138,1709217086.283978
586,1709217086.37432,1709217086.3770118
587,1709217086.4726872,1709217086.4765227
588,1709217086.5881894,1709217086.59143
589,1709217086.6780083,1709217086.6806679
590,1709217086.784759,1709217086.7874045
591,1709217086.8799522,1709217086.8836808
592,1709217086.978916,1709217086.9812777
593,1709217087.077718,1709217087.080326
594,1709217087.1725547,1709217087.176286
595,1709217087.2773573,1709217087.2795224
596,1709217087.3736584,1709217087.3763306
597,1709217087.4770048,1709217087.4795737
598,1709217087.5789042,1709217087.581649
599,1709217087.6727839,1709217087.6755934
600,1709217087.7759492,1709217087.7786782
601,1709217087.881524,1709217087.8842676
602,1709217087.9775813,1709217087.9814887
603,1709217088.079955,1709217088.0826344
604,1709217088.1789782,1709217088.1816616
605,1709217088.2759356,1709217088.2788095
606,1709217088.3730977,1709217088.3755395
607,1709217088.472224,1709217088.4767888
608,1709217088.5807822,1709217088.583429
609,1709217088.6838472,1709217088.6900418
610,1709217088.787527,1709217088.7905147
611,1709217088.8907857,1709217088.893668
612,1709217088.9713047,1709217088.974044
613,1709217089.0752387,1709217089.0783243
614,1709217089.1820736,1709217089.1850903
615,1709217089.2752101,1709217089.280888
616,1709217089.7414312,1709217089.7414436
617,1709217089.754087,1709217089.7540946
618,1709217089.7837834,1709217089.783791
619,1709217089.886728,1709217089.8867352
620,1709217089.9760923,1709217089.9760993
621,1709217090.1085973,1709217090.1086035
622,1709217090.1742392,1709217090.1742458
623,1709217090.2797434,1709217090.27975
624,1709217090.3729272,1709217090.3729336
625,1709217090.4748724,1709217090.474879
626,1709217090.5745246,1709217090.5745282
627,1709217090.675169,1709217090.6751752
628,1709217090.771051,1709217090.7710571
629,1709217090.8712056,1709217090.8712115
630,1709217090.9736457,1709217090.973651
631,1709217091.0773745,1709217091.077384
632,1709217091.1754165,1709217091.1754224
633,1709217091.2749677,1709217091.274973
634,1709217091.3704624,1709217091.3704689
635,1709217091.4792304,1709217091.479236
636,1709217091.5749586,1709217091.5749636
637,1709217091.6744337,1709217091.6744394
638,1709217091.7742298,1709217091.7742355
639,1709217091.8763428,1709217091.8763485
640,1709217091.9781096,1709217091.9781146
641,1709217092.074543,1709217092.0745494
642,1709217092.1719913,1709217092.1719968
643,1709217092.278691,1709217092.278699
644,1709217092.3747993,1709217092.374805
645,1709217092.4740155,1709217092.4740222
646,1709217092.5756352,1709217092.575641
647,1709217092.6750638,1709217092.6750708
648,1709217092.774879,1709217092.7748845
649,1709217092.8768892,1709217092.8768976
650,1709217092.9752047,1709217092.9752107
651,1709217093.074795,1709217093.0747998
652,1709217093.172693,1709217093.172699
653,1709217093.2785664,1709217093.2785718
654,1709217093.3757856,1709217093.3757908
655,1709217093.4775755,1709217093.4775815
656,1709217093.5704975,1709217093.5705037
657,1709217093.6755438,1709217093.6755512
658,1709217093.7751207,1709217093.7751293
659,1709217093.876037,1709217093.8760445
660,1709217093.9761307,1709217093.9761374
661,1709217094.0772393,1709217094.0772462
662,1709217094.1761622,1709217094.1761732
663,1709217094.2733061,1709217094.273312
664,1709217094.37202,1709217094.3720267
665,1709217094.4733799,1709217094.4733858
666,1709217094.5794394,1709217094.5794446
667,1709217094.6710868,1709217094.6710927
668,1709217094.7779753,1709217094.777981
669,1709217094.8727975,1709217094.872804
670,1709217094.9715984,1709217094.971604
671,1709217095.074824,1709217095.0748296
672,1709217095.1720738,1709217095.172079
673,1709217095.2829711,1709217095.2829773
674,1709217095.3816578,1709217095.381665
675,1709217095.473884,1709217095.473891
676,1709217095.5763788,1709217095.5763853
677,1709217095.6766367,1709217095.6766415
678,1709217095.778039,1709217095.778046
679,1709217095.881094,1709217095.8810997
680,1709217095.9813216,1709217095.9813268
681,1709217096.082477,1709217096.0824823
682,1709217096.1723347,1709217096.1723392
683,1709217096.2767696,1709217096.2767768
684,1709217096.3707714,1709217096.3707774
685,1709217096.4820874,1709217096.4820926
686,1709217096.576847,1709217096.5768533
687,1709217096.6759381,1709217096.675945
688,1709217096.7773407,1709217096.777346
689,1709217096.8805547,1709217096.8805609
690,1709217096.979288,1709217096.9792943
691,1709217097.0732524,1709217097.073258
692,1709217097.1704566,1709217097.170462
693,1709217097.2743726,1709217097.2743783
694,1709217097.3786285,1709217097.378635
695,1709217097.473672,1709217097.4736779
696,1709217097.5744479,1709217097.5744529
697,1709217097.6821852,1709217097.682192
698,1709217097.7739477,1709217097.7739532
699,1709217097.8746483,1709217097.8746579
700,1709217097.975047,1709217097.9750545
701,1709217098.0877614,1709217098.0877678
702,1709217098.175852,1709217098.1758604
703,1709217098.2828205,1709217098.2828267
704,1709217098.3727002,1709217098.3727064
705,1709217098.474507,1709217098.4745138
706,1709217098.5760045,1709217098.576011
707,1709217098.6733518,1709217098.6733572
708,1709217098.779657,1709217098.7796621
709,1709217098.8734663,1709217098.873474
710,1709217098.976386,1709217098.9763923
711,1709217099.0776575,1709217099.0776632
712,1709217099.1805255,1709217099.180531
713,1709217099.2830071,1709217099.2830148
714,1709217099.3817163,1709217099.3817284
715,1709217099.476542,1709217099.4765506
716,1709217099.5741792,1709217099.5741854
717,1709217099.6739755,1709217099.6739836
718,1709217099.7727046,1709217099.7727115
719,1709217099.8754041,1709217099.8754098
720,1709217099.975442,1709217099.9754496
721,1709217100.0716224,1709217100.0716276
722,1709217100.1743393,1709217100.1743455
723,1709217100.275723,1709217100.2757282
724,1709217100.3726954,1709217100.3727014
725,1709217100.4725475,1709217100.4725537
726,1709217100.5726037,1709217100.5726094
727,1709217100.6751375,1709217100.675143
728,1709217100.7778132,1709217100.7778194
729,1709217100.877566,1709217100.8775716
730,1709217100.979931,1709217100.979937
731,1709217101.1098602,1709217101.1098664
732,1709217101.1787,1709217101.1787066
733,1709217101.2794023,1709217101.2794082
734,1709217101.3800805,1709217101.3800862
735,1709217101.4788382,1709217101.4788442
736,1709217101.572497,1709217101.5725033
737,1709217101.6770923,1709217101.6770988
738,1709217101.770975,1709217101.7709808
739,1709217101.8822067,1709217101.8822129
740,1709217101.977497,1709217101.9775076
741,1709217102.0768447,1709217102.0768528
742,1709217102.172714,1709217102.1727214
743,1709217102.276785,1709217102.2767944
744,1709217102.3821785,1709217102.382185
745,1709217102.4803796,1709217102.4803863
746,1709217102.5815573,1709217102.5815656
747,1709217102.6782527,1709217102.6782584
748,1709217102.7879922,1709217102.787998
749,1709217102.8877313,1709217102.8877368
750,1709217102.9783332,1709217102.9783394
751,1709217103.0855124,1709217103.0855186
752,1709217103.174828,1709217103.1748338
753,1709217103.2722144,1709217103.27222
754,1709217103.3746793,1709217103.3746853
755,1709217103.4743395,1709217103.474347
756,1709217103.5713334,1709217103.5713406
757,1709217103.6768396,1709217103.6768456
758,1709217103.7733452,1709217103.773351
759,1709217103.8761158,1709217103.876123
760,1709217103.9729137,1709217103.9729192
761,1709217104.0762112,1709217104.0762162
762,1709217104.1740098,1709217104.1740222
763,1709217104.2757945,1709217104.275799
764,1709217104.3757749,1709217104.3757803
765,1709217104.4857574,1709217104.485764
766,1709217104.5739298,1709217104.5739338
767,1709217104.6759765,1709217104.6759815
768,1709217104.7734845,1709217104.773491
769,1709217104.882406,1709217104.8824139
770,1709217104.9760695,1709217104.9760754
771,1709217105.0745623,1709217105.0745687
772,1709217105.1763346,1709217105.1763408
773,1709217105.275585,1709217105.2755907
774,1709217105.3811476,1709217105.3811538
775,1709217105.4761508,1709217105.4761603
776,1709217105.5798767,1709217105.5798848
777,1709217105.6749754,1709217105.6749818
778,1709217105.7749417,1709217105.7749476
779,1709217105.873572,1709217105.8735795
780,1709217105.9731731,1709217105.9731805
781,1709217106.073173,1709217106.0731795
782,1709217106.1820815,1709217106.1820877
783,1709217106.2801113,1709217106.2801554
784,1709217106.3755126,1709217106.3755188
785,1709217106.4760253,1709217106.4760318
786,1709217106.5735672,1709217106.5735726
787,1709217106.6749384,1709217106.6749437
788,1709217106.7714934,1709217106.7714984
789,1709217106.8776927,1709217106.8776991
790,1709217106.9819617,1709217106.9819672
791,1709217107.0802274,1709217107.0802324
792,1709217107.17928,1709217107.1792874
793,1709217107.2801113,1709217107.280117
794,1709217107.3804169,1709217107.3804245
795,1709217107.4719398,1709217107.4719458
796,1709217107.584014,1709217107.5840218
797,1709217107.6774843,1709217107.6774905
798,1709217107.772668,1709217107.772674
799,1709217107.8795478,1709217107.8795543
800,1709217107.9722583,1709217107.9722629
801,1709217108.08136,1709217108.0813644
802,1709217108.1809096,1709217108.180915
803,1709217108.2752984,1709217108.275304
804,1709217108.374108,1709217108.3741143
805,1709217108.4812956,1709217108.4813018
806,1709217108.5912647,1709217108.5912745
807,1709217108.675286,1709217108.6752913
808,1709217108.7749498,1709217108.7749557
809,1709217108.8736799,1709217108.8737328
810,1709217108.9737604,1709217108.9737659
811,1709217109.0755398,1709217109.0755458
812,1709217109.1761124,1709217109.1761184
813,1709217109.2720685,1709217109.2720747
814,1709217109.3822236,1709217109.38223
815,1709217109.4717727,1709217109.4717789
816,1709217109.5728002,1709217109.5728085
817,1709217109.678536,1709217109.6785417
818,1709217109.7746322,1709217109.7746382
819,1709217109.8717225,1709217109.8717294
820,1709217109.983684,1709217109.983691
821,1709217110.0853314,1709217110.085338
822,1709217110.1793928,1709217110.1793973
823,1709217110.274278,1709217110.2742848
824,1709217110.3748374,1709217110.3748453
825,1709217110.472992,1709217110.4729972
826,1709217110.5769918,1709217110.5769975
827,1709217110.6756842,1709217110.675691
828,1709217110.7699914,1709217110.7699978
829,1709217110.8750906,1709217110.875097
830,1709217110.9807813,1709217110.9807882
831,1709217111.0728245,1709217111.0728323
832,1709217111.1881087,1709217111.1881657
833,1709217111.2794616,1709217111.2795117
834,1709217111.3802724,1709217111.3803241
835,1709217111.4710703,1709217111.4711263
836,1709217111.5752656,1709217111.5753121
837,1709217111.6788828,1709217111.678972
838,1709217111.773525,1709217111.7735686
839,1709217111.8775537,1709217111.8776019
840,1709217111.9719977,1709217111.9720566
841,1709217112.0747924,1709217112.074864
842,1709217112.203016,1709217112.2030604
843,1709217112.282039,1709217112.2820776
844,1709217112.3745575,1709217112.374645
845,1709217112.477068,1709217112.4771295
846,1709217112.5784328,1709217112.5785646
847,1709217112.68187,1709217112.6819532
848,1709217112.7759104,1709217112.7759964
849,1709217112.8843956,1709217112.8844638
850,1709217112.974851,1709217112.9749036
851,1709217113.075334,1709217113.0753841
852,1709217113.171461,1709217113.1715138
853,1709217113.2783656,1709217113.2784162
854,1709217113.3821323,1709217113.3822362
855,1709217113.4789512,1709217113.478993
856,1709217113.576074,1709217113.5761247
857,1709217113.6766727,1709217113.6767366
858,1709217113.7792883,1709217113.7793415
859,1709217113.8803608,1709217113.880405
860,1709217113.977373,1709217113.9774244
861,1709217114.080475,1709217114.080561
862,1709217114.1799386,1709217114.1799996
863,1709217114.2837532,1709217114.2838109
864,1709217114.3825874,1709217114.382642
865,1709217114.4764843,1709217114.4765708
866,1709217114.5727613,1709217114.572803
867,1709217114.685154,1709217114.685204
868,1709217114.7776866,1709217114.7777398
869,1709217114.8864267,1709217114.8864772
870,1709217114.977518,1709217114.9775655
871,1709217115.0735743,1709217115.073622
872,1709217115.1778681,1709217115.1779196
873,1709217115.2725182,1709217115.2725637
874,1709217115.383187,1709217115.3832376
875,1709217115.47243,1709217115.4724774
876,1709217115.5740666,1709217115.5741138
877,1709217115.6773314,1709217115.6773813
878,1709217115.780356,1709217115.7804058
879,1709217115.879739,1709217115.8798018
880,1709217115.9779994,1709217115.9780505
881,1709217116.0770328,1709217116.0770826
882,1709217116.1736686,1709217116.173716
883,1709217116.2744906,1709217116.2745423
884,1709217116.3736272,1709217116.3736732
885,1709217116.4716058,1709217116.47165
886,1709217116.5736358,1709217116.573694
887,1709217116.6778696,1709217116.6779213
888,1709217116.7739975,1709217116.7740717
889,1709217116.8771608,1709217116.8772404
890,1709217116.9707425,1709217116.970831
891,1709217117.076664,1709217117.0767543
892,1709217117.1744258,1709217117.1745305
893,1709217117.2788706,1709217117.2789178
894,1709217117.3803198,1709217117.3803656
895,1709217117.4794338,1709217117.479528
896,1709217117.575106,1709217117.5752108
897,1709217117.6722963,1709217117.6723754
898,1709217117.7738183,1709217117.7738683
899,1709217117.8804104,1709217117.8804939
900,1709217117.9774823,1709217117.977569
901,1709217118.0782533,1709217118.078305
902,1709217118.1796103,1709217118.179658
903,1709217118.2744408,1709217118.2745035
904,1709217118.3740673,1709217118.3741565
905,1709217118.4761705,1709217118.4763052
906,1709217118.5773396,1709217118.5774353
907,1709217118.6791182,1709217118.6792006
908,1709217118.7732584,1709217118.7733276
909,1709217118.8785641,1709217118.878615
910,1709217118.9759276,1709217118.975977
911,1709217119.074004,1709217119.0740633
912,1709217119.1798832,1709217119.1799262
913,1709217119.2740202,1709217119.274116
914,1709217119.3698435,1709217119.369913
915,1709217119.4751828,1709217119.47528
916,1709217119.5740323,1709217119.5741062
917,1709217119.673977,1709217119.6740122
918,1709217119.771688,1709217119.7717447
919,1709217119.8759513,1709217119.8760073
920,1709217119.9829373,1709217119.9829903
921,1709217120.0739255,1709217120.0739677
922,1709217120.1817656,1709217120.181843
923,1709217120.2727244,1709217120.272778
924,1709217120.3827136,1709217120.382763
925,1709217120.4756072,1709217120.4757261
926,1709217120.57812,1709217120.578174
927,1709217120.680043,1709217120.6800902
928,1709217120.782555,1709217120.782606
929,1709217120.8724694,1709217120.8725185
930,1709217120.9741125,1709217120.9741588
931,1709217121.0770638,1709217121.0771124
932,1709217121.1863914,1709217121.1864405
933,1709217121.279251,1709217121.2793224
934,1709217121.37717,1709217121.3772292
935,1709217121.4751391,1709217121.4752026
936,1709217121.5790687,1709217121.5791273
937,1709217121.6771,1709217121.6771488
938,1709217121.785273,1709217121.7853658
939,1709217121.8789873,1709217121.879074
940,1709217121.9708655,1709217121.9709594
941,1709217122.0720868,1709217122.0721335
942,1709217122.1715305,1709217122.1715791
943,1709217122.2771108,1709217122.2771473
944,1709217122.3743994,1709217122.3744938
945,1709217122.476243,1709217122.4762952
946,1709217122.5842426,1709217122.5842953
947,1709217122.6742241,1709217122.6742902
948,1709217122.7778196,1709217122.777871
949,1709217122.8773246,1709217122.8773713
950,1709217122.981914,1709217122.9819596
951,1709217123.0810537,1709217123.081111
952,1709217123.2099652,1709217123.210041
953,1709217123.2737365,1709217123.2737877
954,1709217123.3761744,1709217123.3762348
955,1709217123.4821386,1709217123.4821866
956,1709217123.5755494,1709217123.5756326
957,1709217123.6745517,1709217123.6746027
958,1709217123.7755027,1709217123.7755408
959,1709217123.8805382,1709217123.8805873
960,1709217123.9855394,1709217123.9855978
961,1709217124.0776343,1709217124.0776803
962,1709217124.1729572,1709217124.1730056
963,1709217124.2703032,1709217124.270355
964,1709217124.3756142,1709217124.375662
965,1709217124.4783437,1709217124.47839
966,1709217124.5734823,1709217124.573532
967,1709217124.6726863,1709217124.6727328
968,1709217124.7714365,1709217124.771486
969,1709217124.8785555,1709217124.8786254
970,1709217124.9747205,1709217124.9747975
971,1709217125.070194,1709217125.0702467
972,1709217125.1758323,1709217125.175879
973,1709217125.2758462,1709217125.275852
974,1709217125.3776274,1709217125.3776343
975,1709217125.4769304,1709217125.4769347
976,1709217125.5752716,1709217125.5752769
977,1709217125.6747105,1709217125.6747165
978,1709217125.776403,1709217125.776407
979,1709217125.8759537,1709217125.8759592
980,1709217125.9704063,1709217125.9704137
981,1709217126.0710964,1709217126.0711029
982,1709217126.1757932,1709217126.1758044
983,1709217126.2792037,1709217126.2792096
984,1709217126.3726377,1709217126.372644
985,1709217126.4793992,1709217126.4794054
986,1709217126.5735602,1709217126.5735662
987,1709217126.6753352,1709217126.675342
988,1709217126.776019,1709217126.7760253
989,1709217126.8721287,1709217126.872135
990,1709217126.9764175,1709217126.9764223
991,1709217127.0704153,1709217127.0704215
992,1709217127.1809387,1709217127.180946
993,1709217127.2774653,1709217127.281221
994,1709217127.3747349,1709217127.3782578
995,1709217127.4757524,1709217127.4794052
996,1709217127.5752513,1709217127.5784833
997,1709217127.6842299,1709217127.6873734
998,1709217127.7785268,1709217127.7841208
999,1709217127.8793566,1709217127.8831718
1000,1709217127.9725378,1709217127.976124
1001,1709217128.084008,1709217128.0876908
1002,1709217128.1731308,1709217128.1766615
1003,1709217128.2747335,1709217128.2786598
1004,1709217128.3783908,1709217128.3851511
1005,1709217128.4766607,1709217128.481277
1006,1709217128.5811164,1709217128.5895875
1007,1709217128.681258,1709217128.685007
1008,1709217128.7802546,1709217128.7868488
1009,1709217128.8740165,1709217128.8776593
1010,1709217128.9751909,1709217128.9792216
1011,1709217129.073771,1709217129.077543
1012,1709217129.1708133,1709217129.1744177
1013,1709217129.277898,1709217129.2811887
1014,1709217129.3701835,1709217129.373674
1015,1709217129.4731133,1709217129.4766157
1016,1709217129.573534,1709217129.5773487
1017,1709217129.6751273,1709217129.6783705
1018,1709217129.7742605,1709217129.7778146
1019,1709217129.8761415,1709217129.8810754
1020,1709217129.9731221,1709217129.976894
1021,1709217130.0829523,1709217130.0871863
1022,1709217130.1710198,1709217130.1745367
1023,1709217130.276817,1709217130.2807274
1024,1709217130.3738487,1709217130.3769395
1025,1709217130.4705667,1709217130.4736688
1026,1709217130.572643,1709217130.576453
1027,1709217130.671154,1709217130.6747813
1028,1709217130.770354,1709217130.7732291
1029,1709217130.8704693,1709217130.874394
1030,1709217130.974021,1709217130.9783678
1031,1709217131.0759,1709217131.0797303
1032,1709217131.1718264,1709217131.1749785
1033,1709217131.2714288,1709217131.2751293
1034,1709217131.3747315,1709217131.3784244
1035,1709217131.475544,1709217131.4815893
1036,1709217131.574929,1709217131.5811415
1037,1709217131.6720552,1709217131.6777256
1038,1709217131.7709696,1709217131.7746918
1039,1709217131.8754053,1709217131.8813844
1040,1709217131.9736753,1709217131.977232
1041,1709217132.0740404,1709217132.0787663
1042,1709217132.1704423,1709217132.17377
1043,1709217132.2734792,1709217132.276366
1044,1709217132.3745444,1709217132.37914
1045,1709217132.4730084,1709217132.4758904
1046,1709217132.5731335,1709217132.577395
1047,1709217132.6734908,1709217132.6767747
1048,1709217132.7753212,1709217132.7791831
1049,1709217132.8710313,1709217132.8743374
1050,1709217132.9830866,1709217132.9866087
1051,1709217133.0736883,1709217133.077485
1052,1709217133.1737576,1709217133.177657
1053,1709217133.2722418,1709217133.2756407
1054,1709217133.3714137,1709217133.3738267
1055,1709217133.4724562,1709217133.477114
1056,1709217133.5735269,1709217133.577458
1057,1709217133.6745257,1709217133.679728
1058,1709217133.772545,1709217133.7781444
1059,1709217133.873538,1709217133.8779364
1060,1709217133.9705298,1709217133.9742446
1061,1709217134.0716705,1709217134.0750585
1062,1709217134.172171,1709217134.1768796
1063,1709217134.2743936,1709217134.2783902
1064,1709217134.3971076,1709217134.4005675
1065,1709217134.4735646,1709217134.477778
1066,1709217134.5713677,1709217134.5755923
1067,1709217134.673363,1709217134.6759398
1068,1709217134.7747693,1709217134.778605
1069,1709217134.8720121,1709217134.8783295
1070,1709217134.9757102,1709217134.9793165
1071,1709217135.0733209,1709217135.0787992
1072,1709217135.1720781,1709217135.1769378
1073,1709217135.273379,1709217135.2770598
1074,1709217135.3720543,1709217135.3774924
1075,1709217135.4738142,1709217135.4777472
1076,1709217135.5750527,1709217135.5787873
1077,1709217135.6767962,1709217135.680759
1078,1709217135.7770605,1709217135.7806566
1079,1709217135.8869915,1709217135.8902366
1080,1709217135.9773586,1709217135.9804296
1081,1709217136.0798335,1709217136.0834346
1082,1709217136.1770647,1709217136.1808643
1083,1709217136.276761,1709217136.2799304
1084,1709217136.3794215,1709217136.3794274
1085,1709217136.4794953,1709217136.4795015
1086,1709217136.575441,1709217136.5754473
1087,1709217136.6734078,1709217136.6734493
1088,1709217136.7759883,1709217136.7759945
1089,1709217136.874467,1709217136.8744726
1090,1709217136.9713016,1709217136.971309
1091,1709217137.0768254,1709217137.0768301
1092,1709217137.1716747,1709217137.171681
1093,1709217137.275515,1709217137.2755213
1094,1709217137.3747294,1709217137.374733
1095,1709217137.4705474,1709217137.4705536
1096,1709217137.5738826,1709217137.5738883
1097,1709217137.6728222,1709217137.6728292
1098,1709217137.7761033,1709217137.7761087
1099,1709217137.875704,1709217137.8757093
1100,1709217137.9760315,1709217137.9760396
1101,1709217138.0736287,1709217138.0736349
1102,1709217138.1719465,1709217138.1719527
1103,1709217138.2773075,1709217138.2773147
1104,1709217138.3735623,1709217138.3735678
1105,1709217138.4773161,1709217138.4773207
1106,1709217138.5749893,1709217138.5749943
1107,1709217138.6737537,1709217138.6737592
1108,1709217138.7783735,1709217138.7783787
1109,1709217138.8735702,1709217138.873576
1110,1709217138.9750488,1709217138.9750543
1111,1709217139.0749865,1709217139.0749917
1112,1709217139.1725142,1709217139.1725197
1113,1709217139.2719603,1709217139.2719674
1114,1709217139.3776686,1709217139.3776746
1115,1709217139.4720597,1709217139.4720654
1116,1709217139.575287,1709217139.5752935
1117,1709217139.6753104,1709217139.6753168
1118,1709217139.7742505,1709217139.7742596
1119,1709217139.875051,1709217139.875057
1120,1709217139.9724414,1709217139.9724472
1121,1709217140.0739088,1709217140.0739138
1122,1709217140.1764572,1709217140.1764631
1123,1709217140.274289,1709217140.274296
1124,1709217140.376008,1709217140.3760152
1125,1709217140.4761708,1709217140.4761758
1126,1709217140.5730915,1709217140.5730953
1127,1709217140.6749902,1709217140.6749964
1128,1709217140.772721,1709217140.7727268
1129,1709217140.8746896,1709217140.8746946
1130,1709217140.9709966,1709217140.9710023
1131,1709217141.0708508,1709217141.070858
1132,1709217141.1732502,1709217141.1732547
1133,1709217141.2731159,1709217141.2731235
1134,1709217141.3760397,1709217141.3760452
1135,1709217141.4711857,1709217141.4711905
1136,1709217141.573084,1709217141.5730898
1137,1709217141.6742332,1709217141.67424
1138,1709217141.7716157,1709217141.7716212
1139,1709217141.874386,1709217141.8743913
1140,1709217141.9705303,1709217141.9705346
1141,1709217142.0708945,1709217142.0709002
1142,1709217142.174689,1709217142.1746953
1143,1709217142.2744925,1709217142.2744987
1144,1709217142.3719614,1709217142.3719685
1145,1709217142.4762542,1709217142.4762588
1146,1709217142.5733168,1709217142.5733225
1147,1709217142.6735518,1709217142.6735578
1148,1709217142.7746913,1709217142.7746975
1149,1709217142.8730352,1709217142.873041
1150,1709217142.9747636,1709217142.9747682
1151,1709217143.0720198,1709217143.0720263
1152,1709217143.1747658,1709217143.1747723
1153,1709217143.2726305,1709217143.2726364
1154,1709217143.3776746,1709217143.3776805
1155,1709217143.4727218,1709217143.4727283
1156,1709217143.576138,1709217143.5761433
1157,1709217143.6787152,1709217143.6787207
1158,1709217143.7762876,1709217143.7762933
1159,1709217143.8710933,1709217143.8710985
1160,1709217143.974098,1709217143.9741035
1161,1709217144.0756228,1709217144.0756285
1162,1709217144.1755185,1709217144.175523
1163,1709217144.2731802,1709217144.2731848
1164,1709217144.374198,1709217144.3742044
1165,1709217144.4712634,1709217144.4712691
1166,1709217144.5740836,1709217144.5740893
1167,1709217144.6754062,1709217144.6754115
1168,1709217144.771499,1709217144.7715049
1169,1709217144.8777432,1709217144.8777502
1170,1709217144.9725158,1709217144.9725215
1171,1709217145.077111,1709217145.0771174
1172,1709217145.1732187,1709217145.1732237
1173,1709217145.270717,1709217145.2707226
1174,1709217145.3699253,1709217145.3699312
1175,1709217145.5005639,1709217145.5005715
1176,1709217145.5701473,1709217145.5701525
1177,1709217145.6722407,1709217145.6722476
1178,1709217145.772444,1709217145.7724504
1179,1709217145.8717456,1709217145.8717508
1180,1709217145.9742224,1709217145.9742286
1181,1709217146.0715275,1709217146.071533
1182,1709217146.1725087,1709217146.172513
1183,1709217146.2734094,1709217146.2734146
1184,1709217146.3721657,1709217146.372173
1185,1709217146.4742699,1709217146.4742758
1186,1709217146.5759897,1709217146.5759954
1187,1709217146.6727579,1709217146.6727636
1188,1709217146.770947,1709217146.7709513
1189,1709217146.883897,1709217146.8839028
1190,1709217146.9761403,1709217146.9761443
1191,1709217147.0761843,1709217147.0761907
1192,1709217147.1721041,1709217147.1721094
1193,1709217147.27025,1709217147.2702556
1194,1709217147.3820372,1709217147.3820436
1195,1709217147.4755995,1709217147.4756067
1196,1709217147.5792253,1709217147.5792313
1197,1709217147.674709,1709217147.6747131
1198,1709217147.7772005,1709217147.7772076
1199,1709217147.8737822,1709217147.8737855
1200,1709217147.976359,1709217147.9763649
1201,1709217148.075045,1709217148.075051
1202,1709217148.1721914,1709217148.1721978
1203,1709217148.273133,1709217148.2731376
1204,1709217148.3740363,1709217148.3740416
1205,1709217148.477597,1709217148.4776027
1206,1709217148.5709875,1709217148.5709944
1207,1709217148.6816313,1709217148.6816406
1208,1709217148.78044,1709217148.7804437
1209,1709217148.8784995,1709217148.8785057
1210,1709217148.9808757,1709217148.9808815
1211,1709217149.0751464,1709217149.0751522
1212,1709217149.1726103,1709217149.1726165
1213,1709217149.2706807,1709217149.2706845
1214,1709217149.372867,1709217149.372873
1215,1709217149.474246,1709217149.4742522
1216,1709217149.5714893,1709217149.5714943
1217,1709217149.678479,1709217149.6784847
1218,1709217149.769655,1709217149.769659
1219,1709217149.8805091,1709217149.880516
1220,1709217149.971545,1709217149.9715495
1221,1709217150.0764968,1709217150.076503
1222,1709217150.1701407,1709217150.1701467
1223,1709217150.2730196,1709217150.2730265
1224,1709217150.3850307,1709217150.385039
1225,1709217150.484543,1709217150.48455
1226,1709217150.5761585,1709217150.5761647
1227,1709217150.676904,1709217150.6769092
1228,1709217150.7777503,1709217150.7777572
1229,1709217150.8758795,1709217150.8758857
1230,1709217150.9739141,1709217150.9739213
1231,1709217151.0773146,1709217151.0773199
1232,1709217151.1727662,1709217151.172772
1233,1709217151.2753315,1709217151.2753396
1234,1709217151.3701487,1709217151.3701541
1235,1709217151.4785955,1709217151.4786012
1236,1709217151.5772254,1709217151.5772314
1237,1709217151.6755745,1709217151.6755798
1238,1709217151.7741299,1709217151.7741356
1239,1709217151.872351,1709217151.872357
1240,1709217151.9701202,1709217151.970125
1241,1709217152.0746467,1709217152.0746522
1242,1709217152.177789,1709217152.1777945
1243,1709217152.2759738,1709217152.2759798
1244,1709217152.374178,1709217152.3741837
1245,1709217152.4835374,1709217152.4835453
1246,1709217152.576804,1709217152.57681
1247,1709217152.679341,1709217152.679349
1248,1709217152.776321,1709217152.776326
1249,1709217152.8866217,1709217152.8866274
1250,1709217152.9759362,1709217152.9759407
1251,1709217153.0753326,1709217153.07534
1252,1709217153.1721928,1709217153.172198
1253,1709217153.2766247,1709217153.2766309
1254,1709217153.3723638,1709217153.37237
1255,1709217153.473652,1709217153.4736567
1256,1709217153.581438,1709217153.5814452
1257,1709217153.6798968,1709217153.6799033
1258,1709217153.7833161,1709217153.7833238
1259,1709217153.878353,1709217153.8783622
1260,1709217153.9710753,1709217153.9710805
1261,1709217154.0753977,1709217154.0754035
1262,1709217154.1853383,1709217154.1853447
1263,1709217154.2837293,1709217154.2837353
1264,1709217154.381539,1709217154.3815446
1265,1709217154.4778304,1709217154.4778342
1266,1709217154.5796196,1709217154.579626
1267,1709217154.681505,1709217154.681511
1268,1709217154.7796032,1709217154.779608
1269,1709217154.8773797,1709217154.8773875
1270,1709217154.979992,1709217154.9799984
1271,1709217155.0749407,1709217155.0749457
1272,1709217155.176654,1709217155.1766605
1273,1709217155.2744973,1709217155.2745013
1274,1709217155.3766024,1709217155.3766077
1275,1709217155.4722161,1709217155.4722228
1276,1709217155.5745373,1709217155.5745435
1277,1709217155.6754909,1709217155.6754963
1278,1709217155.773568,1709217155.7735746
1279,1709217155.879255,1709217155.879261
1280,1709217155.9747872,1709217155.9747941
1281,1709217156.0754747,1709217156.0754802
1282,1709217156.1727278,1709217156.1727335
1283,1709217156.2742102,1709217156.274216
1284,1709217156.3712564,1709217156.371261
1285,1709217156.4739063,1709217156.4739113
1286,1709217156.5936935,1709217156.5936985
1287,1709217156.6736078,1709217156.6736143
1288,1709217156.7744656,1709217156.7744687
1289,1709217156.8756185,1709217156.875625
1290,1709217156.9716992,1709217156.9717064
1291,1709217157.0817623,1709217157.081767
1292,1709217157.171706,1709217157.1717114
1293,1709217157.2762513,1709217157.2762594
1294,1709217157.3743577,1709217157.3743618
1295,1709217157.4705694,1709217157.470578
1296,1709217157.5820825,1709217157.5820894
1297,1709217157.6726506,1709217157.6726544
1298,1709217157.774861,1709217157.774866
1299,1709217157.8744977,1709217157.8745034
1300,1709217157.9742384,1709217157.974244
1301,1709217158.073272,1709217158.0732772
1302,1709217158.175218,1709217158.175224
1303,1709217158.2736099,1709217158.2736156
1304,1709217158.3746798,1709217158.374684
1305,1709217158.475724,1709217158.4757297
1306,1709217158.5716624,1709217158.5716705
1307,1709217158.676171,1709217158.676176
1308,1709217158.7757018,1709217158.775709
1309,1709217158.8706017,1709217158.8706071
1310,1709217158.9772356,1709217158.977244
1311,1709217159.0719657,1709217159.0719717
1312,1709217159.1741214,1709217159.1741278
1313,1709217159.2753575,1709217159.2753613
1314,1709217159.3788724,1709217159.3788776
1315,1709217159.475358,1709217159.475362
1316,1709217159.5800476,1709217159.5800529
1317,1709217159.6747193,1709217159.6747236
1318,1709217159.7759411,1709217159.7759476
1319,1709217159.8792367,1709217159.879245
1320,1709217159.9724414,1709217159.9724474
1321,1709217160.0786488,1709217160.0786555
1322,1709217160.1749408,1709217160.1749468
1323,1709217160.2765813,1709217160.276587
1324,1709217160.376419,1709217160.376425
1325,1709217160.472884,1709217160.4728904
1326,1709217160.5754497,1709217160.575455
1327,1709217160.6722634,1709217160.6722686
1328,1709217160.7756164,1709217160.775622
1329,1709217160.8722343,1709217160.872239
1330,1709217160.984827,1709217160.9848328
1331,1709217161.0774145,1709217161.0774245
1332,1709217161.1739354,1709217161.1739395
1333,1709217161.2770503,1709217161.2770565
1334,1709217161.3837554,1709217161.383765
1335,1709217161.4742243,1709217161.4742281
1336,1709217161.5722616,1709217161.5722675
1337,1709217161.683694,1709217161.6837
1338,1709217161.776545,1709217161.776551
1339,1709217161.8805857,1709217161.8805923
1340,1709217161.9766004,1709217161.9766064
1341,1709217162.0761688,1709217162.0761745
1342,1709217162.1747313,1709217162.1747386
1343,1709217162.2779615,1709217162.277969
1344,1709217162.3700347,1709217162.3700404
1345,1709217162.4823792,1709217162.4823883
1346,1709217162.5729034,1709217162.5729094
1347,1709217162.6734746,1709217162.6734807
1348,1709217162.773597,1709217162.7736022
1349,1709217162.8752122,1709217162.875218
1350,1709217162.971706,1709217162.9717112
1351,1709217163.0736222,1709217163.0736282
1352,1709217163.1719449,1709217163.1719508
1353,1709217163.2747226,1709217163.2747269
1354,1709217163.3770106,1709217163.3770168
1355,1709217163.8058429,1709217163.8058522
1356,1709217163.8154962,1709217163.8155012
1357,1709217163.8834665,1709217163.8834727
1358,1709217163.9881465,1709217163.9881527
1359,1709217164.0825336,1709217164.08254
1360,1709217164.1878223,1709217164.187831
1361,1709217164.2809954,1709217164.2810013
1362,1709217164.3711536,1709217164.3711596
1363,1709217164.4727404,1709217164.472747
1364,1709217164.5743382,1709217164.5743418
1365,1709217164.670843,1709217164.670848
1366,1709217164.7771695,1709217164.7771766
1367,1709217164.8760417,1709217164.8760467
1368,1709217164.9814756,1709217164.9814835
1369,1709217165.0767965,1709217165.0768023
1370,1709217165.1820486,1709217165.1820543
1371,1709217165.2816792,1709217165.2816877
1372,1709217165.3819666,1709217165.381973
1373,1709217165.4802272,1709217165.480234
1374,1709217165.5786161,1709217165.5786197
1375,1709217165.6747205,1709217165.6747246
1376,1709217165.7705696,1709217165.7705753
1377,1709217165.881162,1709217165.8811681
1378,1709217165.9716022,1709217165.971608
1379,1709217166.0698855,1709217166.0698893
1380,1709217166.172845,1709217166.1728508
1381,1709217166.2749488,1709217166.274954
1382,1709217166.3745162,1709217166.3745224
1383,1709217166.470263,1709217166.470269
1384,1709217166.57108,1709217166.5710855
1385,1709217166.6767452,1709217166.6767507
1386,1709217166.778643,1709217166.7786496
1387,1709217166.8712935,1709217166.8712993
1388,1709217166.9704382,1709217166.970445
1389,1709217167.0762286,1709217167.0762343
1390,1709217167.175947,1709217167.1759527
1391,1709217167.2741592,1709217167.2741654
1392,1709217167.376471,1709217167.3764765
1393,1709217167.4884183,1709217167.4884257
1394,1709217167.5960755,1709217167.5960808
1395,1709217167.675662,1709217167.6756685
1396,1709217167.774307,1709217167.7743134
1397,1709217167.8778799,1709217167.8778865
1398,1709217167.9726367,1709217167.9726434
1399,1709217168.0766115,1709217168.076617
1400,1709217168.1886363,1709217168.1886432
1401,1709217168.277654,1709217168.2776597
1402,1709217168.3810663,1709217168.3810716
1403,1709217168.4758987,1709217168.4759045
1404,1709217168.5704818,1709217168.5704858
1405,1709217168.6737385,1709217168.6737452
1406,1709217168.7702112,1709217168.7702193
1407,1709217168.87512,1709217168.8751268
1408,1709217168.973457,1709217168.9734623
1409,1709217169.0788062,1709217169.078812
1410,1709217169.1823313,1709217169.182337
1411,1709217169.2810664,1709217169.2810721
1412,1709217169.3782897,1709217169.378295
1413,1709217169.4717696,1709217169.4717731
1414,1709217169.5793674,1709217169.5793736
1415,1709217169.6773133,1709217169.67732
1416,1709217169.7745466,1709217169.7745552
1417,1709217169.875047,1709217169.8750525
1418,1709217169.9810197,1709217169.981025
1419,1709217170.0731807,1709217170.073188
1420,1709217170.1753547,1709217170.1753614
1421,1709217170.2729616,1709217170.2729685
1422,1709217170.3775222,1709217170.3775284
1423,1709217170.4800787,1709217170.4800825
1424,1709217170.5727384,1709217170.5727425
1425,1709217170.6766143,1709217170.67662
1426,1709217170.779325,1709217170.7793298
1427,1709217170.881019,1709217170.881025
1428,1709217170.9775803,1709217170.977588
1429,1709217171.0728061,1709217171.0728137
1430,1709217171.1755621,1709217171.1755707
1431,1709217171.2770612,1709217171.277067
1432,1709217171.3758707,1709217171.3758779
1433,1709217171.4824755,1709217171.4824812
1434,1709217171.5705023,1709217171.5705082
1435,1709217171.675196,1709217171.675203
1436,1709217171.7743595,1709217171.7743657
1437,1709217171.8754914,1709217171.875497
1438,1709217171.9834912,1709217171.9834971
1439,1709217172.0849478,1709217172.084951
1440,1709217172.182543,1709217172.1825469
1441,1709217172.2819784,1709217172.281984
1442,1709217172.3827963,1709217172.382803
1443,1709217172.4761498,1709217172.4761553
1444,1709217172.576833,1709217172.5768387
1445,1709217172.672728,1709217172.672733
1446,1709217172.7707129,1709217172.7707193
1447,1709217172.87978,1709217172.8797858
1448,1709217172.9826827,1709217172.9826884
1449,1709217173.08111,1709217173.0811167
1450,1709217173.1794865,1709217173.179493
1451,1709217173.2752872,1709217173.275293
1452,1709217173.3725607,1709217173.372569
1453,1709217173.4742398,1709217173.4742458
1454,1709217173.5749228,1709217173.5749283
1455,1709217173.6742961,1709217173.674303
1456,1709217173.779401,1709217173.7794073
1457,1709217173.8749921,1709217173.8749952
1458,1709217173.9733024,1709217173.9733095
1459,1709217174.0768452,1709217174.076852
1460,1709217174.1772354,1709217174.1772418
1461,1709217174.2759602,1709217174.2759695
1462,1709217174.3751376,1709217174.375144
1463,1709217174.4746702,1709217174.474677
1464,1709217174.576523,1709217174.5765285
1465,1709217174.679915,1709217174.6799202
1466,1709217174.7763593,1709217174.7763674
1467,1709217174.8719375,1709217174.8719432
1468,1709217174.9879038,1709217174.9879098
1469,1709217175.0771368,1709217175.0771432
1470,1709217175.1816304,1709217175.1816366
1471,1709217175.278737,1709217175.278743
1472,1709217175.3776002,1709217175.3776057
1473,1709217175.483691,1709217175.4836962
1474,1709217175.5717516,1709217175.5717576
1475,1709217175.6788385,1709217175.678844
1476,1709217175.7783365,1709217175.778346
1477,1709217175.874666,1709217175.874672
1478,1709217175.9752202,1709217175.9752269
1479,1709217176.074409,1709217176.0744162
1480,1709217176.179359,1709217176.179365
1481,1709217176.2791467,1709217176.2791522
1482,1709217176.375769,1709217176.3757753
1483,1709217176.475619,1709217176.4756255
1484,1709217176.5917354,1709217176.5917442
1485,1709217176.6765969,1709217176.6766024
1486,1709217176.7757256,1709217176.7757318
1487,1709217176.880707,1709217176.880714
1488,1709217176.9789348,1709217176.9789405
1489,1709217177.0810354,1709217177.081043
1490,1709217177.184085,1709217177.1840916
1491,1709217177.2752879,1709217177.2752926
1492,1709217177.3713872,1709217177.371392
1493,1709217177.4745264,1709217177.4745324
1494,1709217177.5765374,1709217177.5765421
1495,1709217177.675885,1709217177.675891
1496,1709217177.7900546,1709217177.7900603
1497,1709217177.8891826,1709217177.8891885
1498,1709217177.9789772,1709217177.9789832
1499,1709217178.0737576,1709217178.0737653
1500,1709217178.1830714,1709217178.1830795
1501,1709217178.2793744,1709217178.27938
1502,1709217178.3760464,1709217178.3760526
1503,1709217178.4751046,1709217178.4751084
1504,1709217178.57363,1709217178.5736353
1505,1709217178.710143,1709217178.7101517
1506,1709217178.773364,1709217178.7733703
1507,1709217178.8779542,1709217178.8779604
1508,1709217178.9826097,1709217178.98262
1509,1709217179.0743904,1709217179.0743966
1510,1709217179.1714602,1709217179.1714659
1511,1709217179.2774847,1709217179.277489
1512,1709217179.377889,1709217179.377894
1513,1709217179.4798782,1709217179.4798846
1514,1709217179.5744693,1709217179.5745616
1515,1709217179.6761565,1709217179.6761627
1516,1709217179.7736294,1709217179.773635
1517,1709217179.8777173,1709217179.8777227
1518,1709217179.9765828,1709217179.976588
1519,1709217180.0738437,1709217180.0738487
1520,1709217180.1749353,1709217180.17494
1521,1709217180.2755642,1709217180.27557
1522,1709217180.379727,1709217180.3797333
1523,1709217180.4800856,1709217180.4800906
1524,1709217180.5720546,1709217180.5720618
1525,1709217180.6843014,1709217180.6843083
1526,1709217180.7782757,1709217180.7782826
1527,1709217180.876328,1709217180.876333
1528,1709217180.973456,1709217180.97346
1529,1709217181.0820153,1709217181.0820217
1530,1709217181.1741118,1709217181.174117
1531,1709217181.2775912,1709217181.2775989
1532,1709217181.3757012,1709217181.375707
1533,1709217181.4746437,1709217181.4746504
1534,1709217181.5744047,1709217181.5744095
1535,1709217181.67124,1709217181.671246
1536,1709217181.7728753,1709217181.7728813
1537,1709217181.8849633,1709217181.8849692
1538,1709217181.975538,1709217181.9755435
1539,1709217182.0783575,1709217182.0783658
1540,1709217182.182722,1709217182.1827269
1541,1709217182.2841146,1709217182.2841196
1542,1709217182.3855019,1709217182.3855083
1543,1709217182.4837472,1709217182.4837532
1544,1709217182.5904393,1709217182.5904462
1545,1709217182.6945748,1709217182.6945808
1546,1709217182.7796388,1709217182.779643
1547,1709217182.889836,1709217182.8898423
1548,1709217182.9848998,1709217182.9849057
1549,1709217183.0802956,1709217183.0803013
1550,1709217183.172654,1709217183.1726596
1551,1709217183.2854433,1709217183.2854493
1552,1709217183.3810735,1709217183.38108
1553,1709217183.4760463,1709217183.476054
1554,1709217183.5766861,1709217183.576693
1555,1709217183.6770175,1709217183.6770236
1556,1709217183.7743068,1709217183.774312
1557,1709217183.8724349,1709217183.872441
1558,1709217183.9833648,1709217183.9833739
1559,1709217184.076646,1709217184.0766532
1560,1709217184.1751168,1709217184.1751232
1561,1709217184.2762558,1709217184.276262
1562,1709217184.376953,1709217184.376961
1563,1709217184.4753857,1709217184.4753916
1564,1709217184.5746295,1709217184.574636
1565,1709217184.6744778,1709217184.674486
1566,1709217184.7781103,1709217184.778116
1567,1709217184.8714435,1709217184.8714488
1568,1709217184.9770527,1709217184.9770596
1569,1709217185.078644,1709217185.078649
1570,1709217185.1725342,1709217185.1725402
1571,1709217185.274896,1709217185.2749019
1572,1709217185.3726642,1709217185.3726704
1573,1709217185.4751441,1709217185.47515
1574,1709217185.575797,1709217185.575804
1575,1709217185.6742692,1709217185.6742756
1576,1709217185.7729042,1709217185.7729113
1577,1709217185.8752964,1709217185.8753023
1578,1709217185.9744256,1709217185.974431
1579,1709217186.0753248,1709217186.0753324
1580,1709217186.1713054,1709217186.1713095
1581,1709217186.278953,1709217186.2789588
1582,1709217186.3755229,1709217186.37553
1583,1709217186.4752886,1709217186.475295
1584,1709217186.5866969,1709217186.5867052
1585,1709217186.674474,1709217186.674481
1586,1709217186.782249,1709217186.7822642
1587,1709217186.8702323,1709217186.8702388
1588,1709217186.9834719,1709217186.983479
1589,1709217187.0771837,1709217187.07719
1590,1709217187.1713438,1709217187.1713498
1591,1709217187.2755675,1709217187.2756245
1592,1709217187.3722856,1709217187.3722923
1593,1709217187.4746718,1709217187.4746783
1594,1709217187.579201,1709217187.5792072
1595,1709217187.6702566,1709217187.6702635
1596,1709217187.7811768,1709217187.781229
1597,1709217187.8791914,1709217187.8792758
1598,1709217187.9706407,1709217187.9707305
1599,1709217188.0762162,1709217188.076222
1600,1709217188.1733832,1709217188.173389
1601,1709217188.2713318,1709217188.2713387
1602,1709217188.3765292,1709217188.376538
1603,1709217188.474682,1709217188.4746878
1604,1709217188.579589,1709217188.5795949
1605,1709217188.673351,1709217188.6734154
1606,1709217188.7754521,1709217188.775457
1607,1709217188.8735242,1709217188.873532
1608,1709217188.9712377,1709217188.9712439
1609,1709217189.0782063,1709217189.0782123
1610,1709217189.1782851,1709217189.1782923
1611,1709217189.2720242,1709217189.2720308
1612,1709217189.3720043,1709217189.3720107
1613,1709217189.4788384,1709217189.4788444
1614,1709217189.575947,1709217189.5759525
1615,1709217189.6734388,1709217189.6734436
1616,1709217189.7999198,1709217189.7999263
1617,1709217189.8764598,1709217189.8764675
1618,1709217189.9817166,1709217189.9817245
1619,1709217190.0765023,1709217190.076508
1620,1709217190.1762,1709217190.1762068
1621,1709217190.278572,1709217190.2785783
1622,1709217190.37944,1709217190.3794458
1623,1709217190.47211,1709217190.4721162
1624,1709217190.5799747,1709217190.5799825
1625,1709217190.6805682,1709217190.6805773
1626,1709217190.772557,1709217190.7725642
1627,1709217190.8775206,1709217190.8775277
1628,1709217190.979925,1709217190.9799302
1629,1709217191.0769365,1709217191.0769427
1630,1709217191.1767879,1709217191.176794
1631,1709217191.2787402,1709217191.278746
1632,1709217191.3784096,1709217191.3784149
1633,1709217191.475981,1709217191.4759881
1634,1709217191.5735598,1709217191.5735652
1635,1709217191.6726973,1709217191.6727035
1636,1709217191.774781,1709217191.7747865
1637,1709217191.8823967,1709217191.8824043
1638,1709217191.9760702,1709217191.9760761
1639,1709217192.074095,1709217192.0741017
1640,1709217192.172492,1709217192.1724977
1641,1709217192.2760742,1709217192.2760816
1642,1709217192.3712347,1709217192.3712404
1643,1709217192.481038,1709217192.4810438
1644,1709217192.5804691,1709217192.5804756
1645,1709217192.6747355,1709217192.6747415
1646,1709217192.770466,1709217192.7704709
1647,1709217192.8749883,1709217192.8749943
1648,1709217192.9763827,1709217192.9763885
1649,1709217193.0752764,1709217193.0752807
1650,1709217193.1754622,1709217193.1754677
1651,1709217193.2700746,1709217193.2700806
1652,1709217193.373306,1709217193.3733118
1653,1709217193.4741037,1709217193.474109
1654,1709217193.5762177,1709217193.5762227
1655,1709217193.6724594,1709217193.6724653
1656,1709217193.773782,1709217193.7737894
1657,1709217193.8734858,1709217193.873491
1658,1709217193.975602,1709217193.9756076
1659,1709217194.0743518,1709217194.074357
1660,1709217194.1735554,1709217194.173561
1661,1709217194.2710865,1709217194.271092
1662,1709217194.3722384,1709217194.372245
1663,1709217194.4715457,1709217194.4715505
1664,1709217194.576849,1709217194.576856
1665,1709217194.677472,1709217194.6774797
1666,1709217194.7720227,1709217194.7720294
1667,1709217194.8755815,1709217194.8755882
1668,1709217194.9759953,1709217194.976003
1669,1709217195.0742939,1709217195.0742993
1670,1709217195.1762712,1709217195.176277
1671,1709217195.2731605,1709217195.2731655
1672,1709217195.373158,1709217195.373163
1673,1709217195.4749675,1709217195.4749727
1674,1709217195.5743334,1709217195.5743392
1675,1709217195.6757307,1709217195.6757357
1676,1709217195.7745373,1709217195.774543
1677,1709217195.8729007,1709217195.872906
1678,1709217195.9753094,1709217195.975315
1679,1709217196.0741956,1709217196.0742047
1680,1709217196.1740925,1709217196.1740985
1681,1709217196.271154,1709217196.2711606
1682,1709217196.3779385,1709217196.3780057
1683,1709217196.4789236,1709217196.4789295
1684,1709217196.5738127,1709217196.57382
1685,1709217196.6735935,1709217196.673599
1686,1709217196.779419,1709217196.7794282
1687,1709217196.877713,1709217196.877719
1688,1709217196.9742923,1709217196.974297
1689,1709217197.0718918,1709217197.0718975
1690,1709217197.1707435,1709217197.1707482
1691,1709217197.2733886,1709217197.2733939
1692,1709217197.3731315,1709217197.3731375
1693,1709217197.4755836,1709217197.4755905
1694,1709217197.5778792,1709217197.577886
1695,1709217197.6803277,1709217197.6804743
1696,1709217197.7819657,1709217197.7819738
1697,1709217197.8861032,1709217197.8861084
1698,1709217197.9754,1709217197.9754052
1699,1709217198.0742817,1709217198.0742877
1700,1709217198.172281,1709217198.1722867
1701,1709217198.275094,1709217198.2750998
1702,1709217198.3728845,1709217198.3728893
1703,1709217198.473349,1709217198.4733562
1704,1709217198.5745733,1709217198.5745811
1705,1709217198.6810694,1709217198.6810756
1706,1709217198.7733963,1709217198.7734027
1707,1709217198.873305,1709217198.8733125
1708,1709217198.9794896,1709217198.9794958
1709,1709217199.0755496,1709217199.0755556
1710,1709217199.170875,1709217199.1708803
1711,1709217199.2752829,1709217199.275288
1712,1709217199.3792803,1709217199.379288
1713,1709217199.471862,1709217199.4718685
1714,1709217199.5728836,1709217199.572889
1715,1709217199.6745396,1709217199.6745474
1716,1709217199.7722256,1709217199.7722318
1717,1709217199.877556,1709217199.877562
1718,1709217199.9712117,1709217199.9712172
1719,1709217200.0701249,1709217200.0701323
1720,1709217200.1699653,1709217200.1699712
1721,1709217200.2744546,1709217200.2744598
1722,1709217200.3716228,1709217200.371629
1723,1709217200.4724586,1709217200.472465
1724,1709217200.5725105,1709217200.5725167
1725,1709217200.6698618,1709217200.6698675
1726,1709217200.7724016,1709217200.7724063
1727,1709217200.901402,1709217200.9014075
1728,1709217200.9749157,1709217200.974921
1729,1709217201.0766604,1709217201.0766666
1730,1709217201.1720858,1709217201.1720915
1731,1709217201.2702472,1709217201.2702544
1732,1709217201.3731694,1709217201.373176
1733,1709217201.4794114,1709217201.4794173
1734,1709217201.5746512,1709217201.574657
1735,1709217201.6734617,1709217201.673469
1736,1709217201.7708256,1709217201.770831
1737,1709217201.872053,1709217201.8720589
1738,1709217201.9746046,1709217201.974611
1739,1709217202.0779667,1709217202.0779743
1740,1709217202.1782105,1709217202.1782181
1741,1709217202.272931,1709217202.272936
1742,1709217202.3733501,1709217202.3733563
1743,1709217202.472828,1709217202.472834
1744,1709217202.576351,1709217202.5763574
1745,1709217202.6769013,1709217202.6769087
1746,1709217202.7715645,1709217202.7715719
1747,1709217202.8820739,1709217202.8820817
1748,1709217202.972305,1709217202.972314
1749,1709217203.0790033,1709217203.0790105
1750,1709217203.1760635,1709217203.1760707
1751,1709217203.2777252,1709217203.277732
1752,1709217203.3746202,1709217203.3746269
1753,1709217203.4756184,1709217203.475624
1754,1709217203.5713239,1709217203.5713303
1755,1709217203.6703348,1709217203.670342
1756,1709217203.7722807,1709217203.772287
1757,1709217203.8833878,1709217203.8833942
1758,1709217203.979511,1709217203.9795458
1759,1709217204.0830069,1709217204.0830142
1760,1709217204.1734505,1709217204.1734579
1761,1709217204.2701998,1709217204.2702065
1762,1709217204.3770409,1709217204.377047
1763,1709217204.470028,1709217204.4700336
1764,1709217204.574417,1709217204.574424
1765,1709217204.6759226,1709217204.6759295
1766,1709217204.7764654,1709217204.7764714
1767,1709217204.8737676,1709217204.8737748
1768,1709217204.973783,1709217204.9781928
1769,1709217205.0800095,1709217205.0836895
1770,1709217205.1802516,1709217205.184263
1771,1709217205.2701113,1709217205.2742608
1772,1709217205.374648,1709217205.3795848
1773,1709217205.4724276,1709217205.4765074
1774,1709217205.5742302,1709217205.579682
1775,1709217205.6755338,1709217205.6801517
1776,1709217205.7708428,1709217205.774811
1777,1709217205.875639,1709217205.87972
1778,1709217205.97877,1709217205.9832118
1779,1709217206.0850818,1709217206.091556
1780,1709217206.1777685,1709217206.1817875
1781,1709217206.2754216,1709217206.279751
1782,1709217206.3745167,1709217206.3787856
1783,1709217206.4711225,1709217206.4760282
1784,1709217206.5751684,1709217206.5794666
1785,1709217206.6794677,1709217206.6913178
1786,1709217206.786149,1709217206.7914488
1787,1709217206.8795567,1709217206.8849342
1788,1709217206.9781666,1709217206.9822817
1789,1709217207.0775075,1709217207.0811017
1790,1709217207.1743517,1709217207.1806595
1791,1709217207.2749355,1709217207.2805667
1792,1709217207.3775604,1709217207.382155
1793,1709217207.4737573,1709217207.4783208
1794,1709217207.5788286,1709217207.5834439
1795,1709217207.6791728,1709217207.683707
1796,1709217207.7778401,1709217207.7843473
1797,1709217207.8748486,1709217207.8790581
1798,1709217207.9708264,1709217207.97522
1799,1709217208.0710874,1709217208.0763328
1800,1709217208.173252,1709217208.1770303
1801,1709217208.2709663,1709217208.2756448
1802,1709217208.3731,1709217208.37671
1803,1709217208.4794436,1709217208.4839838
1804,1709217208.5734372,1709217208.5776896
1805,1709217208.6727688,1709217208.6772847
1806,1709217208.7757885,1709217208.77942
1807,1709217208.8753278,1709217208.879349
1808,1709217208.9748895,1709217208.9785497
1809,1709217209.0826685,1709217209.0867527
1810,1709217209.174795,1709217209.1785305
1811,1709217209.2737737,1709217209.2795422
1812,1709217209.3777695,1709217209.3829832
1813,1709217209.4807842,1709217209.4859111
1814,1709217209.5913672,1709217209.596618
1815,1709217209.6760864,1709217209.6806362
1816,1709217209.780178,1709217209.7842965
1817,1709217209.8764493,1709217209.8807883
1818,1709217209.9814014,1709217209.986541
1819,1709217210.0806592,1709217210.0855734
1820,1709217210.1801367,1709217210.186409
1821,1709217210.2792487,1709217210.2829971
1822,1709217210.3879635,1709217210.3928926
1823,1709217210.4803984,1709217210.4873207
1824,1709217210.571685,1709217210.5759315
1825,1709217210.6718564,1709217210.6771853
1826,1709217210.7862914,1709217210.7912025
1827,1709217210.8789077,1709217210.8861048
1828,1709217211.0054717,1709217211.0096114
1829,1709217211.086531,1709217211.0909796
1830,1709217211.1756217,1709217211.180711
1831,1709217211.2709768,1709217211.2755826
1832,1709217211.3917718,1709217211.3955398
1833,1709217211.4763997,1709217211.4807456
1834,1709217211.5785632,1709217211.5861583
1835,1709217211.677368,1709217211.6817734
1836,1709217211.7857127,1709217211.7903786
1837,1709217211.8741071,1709217211.8785112
1838,1709217211.9756272,1709217211.9797916
1839,1709217212.07908,1709217212.0829196
1840,1709217212.1774926,1709217212.1834142
1841,1709217212.2736967,1709217212.2782278
1842,1709217212.3854406,1709217212.388867
1843,1709217212.4761403,1709217212.4831862
1844,1709217212.5886471,1709217212.5945182
1845,1709217212.6754105,1709217212.6803975
1846,1709217212.7738447,1709217212.7781284
1847,1709217212.8741229,1709217212.8773189
1848,1709217212.9827309,1709217212.9862177
1849,1709217213.0717945,1709217213.0753067
1850,1709217213.186344,1709217213.1902683
1851,1709217213.277558,1709217213.2820616
1852,1709217213.383544,1709217213.3892646
1853,1709217213.4825146,1709217213.4869914
1854,1709217213.5909605,1709217213.595238
1855,1709217213.6710825,1709217213.674936
1856,1709217213.7880645,1709217213.7923608
1857,1709217213.8735514,1709217213.881706
1858,1709217213.9833946,1709217213.9873137
1859,1709217214.076153,1709217214.0807552
1860,1709217214.1751907,1709217214.1791685
1861,1709217214.2768197,1709217214.28247
1862,1709217214.3773265,1709217214.3818219
1863,1709217214.475544,1709217214.4806116
1864,1709217214.5741732,1709217214.5799017
1865,1709217214.6837676,1709217214.6880608
1866,1709217214.7830386,1709217214.7885249
1867,1709217214.8748574,1709217214.8805609
1868,1709217214.9726467,1709217214.9813488
1869,1709217215.0828853,1709217215.0876398
1870,1709217215.1742206,1709217215.178396
1871,1709217215.2713,1709217215.275771
1872,1709217215.373614,1709217215.3782644
1873,1709217215.4774544,1709217215.4819763
1874,1709217215.5769138,1709217215.5849946
1875,1709217215.6827683,1709217215.6870008
1876,1709217215.779705,1709217215.7835474
1877,1709217215.8797216,1709217215.8854477
1878,1709217215.9774735,1709217215.9830096
1879,1709217216.0735216,1709217216.0795016
1880,1709217216.1817,1709217216.1864765
1881,1709217216.2882333,1709217216.2941153
1882,1709217216.3776016,1709217216.3829303
1883,1709217216.4751003,1709217216.4810815
1884,1709217216.5715947,1709217216.579122
1885,1709217216.6760125,1709217216.6805665
1886,1709217216.7716603,1709217216.7769837
1887,1709217216.8810415,1709217216.8854342
1888,1709217216.977128,1709217216.98131
1889,1709217217.075316,1709217217.0810194
1890,1709217217.1743379,1709217217.1806636
1891,1709217217.2735696,1709217217.2770808
1892,1709217217.3719828,1709217217.3767443
1893,1709217217.4744248,1709217217.4802835
1894,1709217217.584866,1709217217.5923026
1895,1709217217.6797476,1709217217.6837313
1896,1709217217.7795017,1709217217.7837691
1897,1709217217.887302,1709217217.8921566
1898,1709217217.9786005,1709217217.983096
1899,1709217218.0727406,1709217218.0771744
1900,1709217218.1749213,1709217218.1859748
1901,1709217218.289902,1709217218.295655
1902,1709217218.3792384,1709217218.383508
1903,1709217218.4856462,1709217218.4896479
1904,1709217218.5800598,1709217218.5838966
1905,1709217218.6821718,1709217218.6886303
1906,1709217218.7747676,1709217218.7809126
1907,1709217218.8794768,1709217218.8847637
1908,1709217218.979854,1709217218.991762
1909,1709217219.0819683,1709217219.0864697
1910,1709217219.179755,1709217219.1828864
1911,1709217219.2875361,1709217219.2939281
1912,1709217219.370321,1709217219.3753123
1913,1709217219.4783216,1709217219.4828498
1914,1709217219.57194,1709217219.5778134
1915,1709217219.6837604,1709217219.686979
1916,1709217219.770232,1709217219.7751892
1917,1709217219.8745923,1709217219.8791895
1918,1709217219.9957173,1709217219.9997709
1919,1709217220.075797,1709217220.0808697
1920,1709217220.1810904,1709217220.1862466
1921,1709217220.2736926,1709217220.2787662
1922,1709217220.381164,1709217220.3855333
1923,1709217220.4738402,1709217220.4790812
1924,1709217220.5804985,1709217220.5872808
1925,1709217220.675535,1709217220.680359
1926,1709217220.7795584,1709217220.7828925
1927,1709217220.8709552,1709217220.8748493
1928,1709217220.978421,1709217220.9827244
1929,1709217221.0802677,1709217221.0841088
1930,1709217221.1785085,1709217221.1823997
1931,1709217221.282987,1709217221.287116
1932,1709217221.370708,1709217221.3759024
1933,1709217221.4821088,1709217221.4868724
1934,1709217221.5785522,1709217221.582461
1935,1709217221.6728628,1709217221.680008
1936,1709217221.788705,1709217221.7927737
1937,1709217221.8716009,1709217221.8774142
1938,1709217221.9742386,1709217221.980164
1939,1709217222.0901983,1709217222.0960822
1940,1709217222.1733367,1709217222.1763494
1941,1709217222.2801876,1709217222.2845001
1942,1709217222.3839304,1709217222.38838
1943,1709217222.4735017,1709217222.477429
1944,1709217222.5726824,1709217222.5782943
1945,1709217222.6782024,1709217222.6863022
1946,1709217222.772315,1709217222.7786534
1947,1709217222.8818927,1709217222.8887062
1948,1709217223.0227735,1709217223.0313582
1949,1709217223.0786672,1709217223.0833883
1950,1709217223.1822207,1709217223.1878104
1951,1709217223.2773309,1709217223.2846308
1952,1709217223.375067,1709217223.3799956
1953,1709217223.4911566,1709217223.4967916
1954,1709217223.5745401,1709217223.5793362
1955,1709217223.682365,1709217223.6870356
1956,1709217223.7848494,1709217223.7902536
1957,1709217223.8859015,1709217223.8939388
1958,1709217223.973998,1709217223.9785147
1959,1709217224.080874,1709217224.08494
1960,1709217224.1749492,1709217224.1795673
1961,1709217224.2776244,1709217224.2819376
1962,1709217224.3824081,1709217224.3868997
1963,1709217224.4716408,1709217224.4758236
1964,1709217224.5742419,1709217224.578881
1965,1709217224.6736574,1709217224.6779904
1966,1709217224.781615,1709217224.791785
1967,1709217224.8768792,1709217224.8808138
1968,1709217224.9788334,1709217224.9825933
1969,1709217225.0873299,1709217225.0873344
1970,1709217225.173549,1709217225.173555
1971,1709217225.2760491,1709217225.2760537
1972,1709217225.3731458,1709217225.3731523
1973,1709217225.4841218,1709217225.4841278
1974,1709217225.586945,1709217225.5869517
1975,1709217225.680484,1709217225.6804898
1976,1709217225.7764547,1709217225.7764602
1977,1709217225.8816516,1709217225.8816566
1978,1709217225.9764643,1709217225.9764693
1979,1709217226.0756776,1709217226.075685
1980,1709217226.1781292,1709217226.1781366
1981,1709217226.274454,1709217226.2744594
1982,1709217226.3759282,1709217226.3759332
1983,1709217226.480149,1709217226.4801562
1984,1709217226.5709126,1709217226.5709183
1985,1709217226.675878,1709217226.6758833
1986,1709217226.7896886,1709217226.7896955
1987,1709217226.8722074,1709217226.8722146
1988,1709217226.9823155,1709217226.9823215
1989,1709217227.0865567,1709217227.0865638
1990,1709217227.191769,1709217227.1917746
1991,1709217227.2773135,1709217227.2773197
1992,1709217227.384101,1709217227.3841066
1993,1709217227.4801013,1709217227.4801085
1994,1709217227.5786602,1709217227.5786679
1995,1709217227.678409,1709217227.6784167
1996,1709217227.7763364,1709217227.7763433
1997,1709217227.8766851,1709217227.8766909
1998,1709217227.9794617,1709217227.979469
1999,1709217228.075537,1709217228.0755434
2000,1709217228.1761603,1709217228.1761653
2001,1709217228.272043,1709217228.272049
2002,1709217228.3842404,1709217228.3842463
2003,1709217228.4881346,1709217228.48814
2004,1709217228.5702097,1709217228.5702167
2005,1709217228.675003,1709217228.675011
2006,1709217228.773589,1709217228.773595
2007,1709217228.8756053,1709217228.875613
2008,1709217228.9750047,1709217228.9750102
2009,1709217229.0736027,1709217229.0736103
2010,1709217229.1743226,1709217229.1743262
2011,1709217229.2753184,1709217229.2753224
2012,1709217229.3845305,1709217229.384537
2013,1709217229.475192,1709217229.4751968
2014,1709217229.5804374,1709217229.5804458
2015,1709217229.6772072,1709217229.6772134
2016,1709217229.776593,1709217229.7765994
2017,1709217229.8774757,1709217229.8774817
2018,1709217229.9764829,1709217229.976488
2019,1709217230.0741873,1709217230.074194
2020,1709217230.1705937,1709217230.170599
2021,1709217230.2770905,1709217230.2770967
2022,1709217230.3738225,1709217230.3738284
2023,1709217230.4728642,1709217230.4728703
2024,1709217230.571326,1709217230.5713336
2025,1709217230.6849763,1709217230.6849828
2026,1709217230.7743568,1709217230.7743607
2027,1709217230.872679,1709217230.8726864
2028,1709217230.9747138,1709217230.9747221
2029,1709217231.0728896,1709217231.072895
2030,1709217231.1756725,1709217231.1756792
2031,1709217231.285343,1709217231.2853503
2032,1709217231.3737147,1709217231.373721
2033,1709217231.4800563,1709217231.4800627
2034,1709217231.580288,1709217231.5802946
2035,1709217231.6735814,1709217231.6735876
2036,1709217231.7750156,1709217231.7750225
2037,1709217231.8813043,1709217231.8813095
2038,1709217231.979328,1709217231.9793346
2039,1709217232.0734084,1709217232.0734136
2040,1709217232.180519,1709217232.1805258
2041,1709217232.279988,1709217232.2799952
2042,1709217232.3773541,1709217232.3773623
2043,1709217232.4734561,1709217232.4734604
2044,1709217232.5743716,1709217232.5743806
2045,1709217232.6715758,1709217232.6715794
2046,1709217232.7825892,1709217232.7825954
2047,1709217232.875142,1709217232.8751473
2048,1709217232.9750512,1709217232.975057
2049,1709217233.0707223,1709217233.0707278
2050,1709217233.193244,1709217233.1932492
2051,1709217233.2837934,1709217233.2838006
2052,1709217233.38246,1709217233.3824666
2053,1709217233.4744363,1709217233.4744399
2054,1709217233.5714073,1709217233.5714135
2055,1709217233.6710489,1709217233.6710546
2056,1709217233.770115,1709217233.7701185
2057,1709217233.8736007,1709217233.8736048
2058,1709217233.9760053,1709217233.9760125
2059,1709217234.075968,1709217234.0759747
2060,1709217234.1753058,1709217234.175317
2061,1709217234.2787225,1709217234.278731
2062,1709217234.3741214,1709217234.3741271
2063,1709217234.4754026,1709217234.4754088
2064,1709217234.5730834,1709217234.57309
2065,1709217234.6735778,1709217234.6735828
2066,1709217234.7787912,1709217234.778795
2067,1709217234.876437,1709217234.8764439
2068,1709217234.9796526,1709217234.9796581
2069,1709217235.0704083,1709217235.0704138
2070,1709217235.1726468,1709217235.1726525
2071,1709217235.274524,1709217235.2745326
2072,1709217235.374985,1709217235.3749888
2073,1709217235.474796,1709217235.4748027
2074,1709217235.5788565,1709217235.5788622
2075,1709217235.6760237,1709217235.67603
2076,1709217235.7727425,1709217235.7727482
2077,1709217235.8743787,1709217235.8743846
2078,1709217235.9741814,1709217235.9741879
2079,1709217236.0837998,1709217236.0838065
2080,1709217236.1792161,1709217236.1792223
2081,1709217236.2780578,1709217236.2780612
2082,1709217236.3806713,1709217236.3806772
2083,1709217236.4756746,1709217236.475681
2084,1709217236.5731292,1709217236.573135
2085,1709217236.6821022,1709217236.6821082
2086,1709217236.782232,1709217236.7822375
2087,1709217236.8869317,1709217236.8869388
2088,1709217236.9763043,1709217236.9763098
2089,1709217237.0762787,1709217237.0762851
2090,1709217237.176713,1709217237.1767206
2091,1709217237.2827709,1709217237.2827766
2092,1709217237.379652,1709217237.3796582
2093,1709217237.4732144,1709217237.4732203
2094,1709217237.5796483,1709217237.5796545
2095,1709217237.6829703,1709217237.6829774
2096,1709217237.7767453,1709217237.7767522
2097,1709217237.870249,1709217237.8702528
2098,1709217237.9760149,1709217237.9760208
2099,1709217238.0804074,1709217238.0804133
2100,1709217238.1750758,1709217238.1750813
2101,1709217238.2733912,1709217238.2733967
2102,1709217238.3748255,1709217238.3748312
2103,1709217238.475131,1709217238.4751372
2104,1709217238.5732687,1709217238.5732749
2105,1709217238.6840534,1709217238.684058
2106,1709217238.779842,1709217238.7798476
2107,1709217238.88019,1709217238.8801966
2108,1709217238.9886918,1709217238.9886994
2109,1709217239.0780313,1709217239.0780363
2110,1709217239.1758282,1709217239.175832
2111,1709217239.2825482,1709217239.2825549
2112,1709217239.3787684,1709217239.3787742
2113,1709217239.476713,1709217239.4767208
2114,1709217239.5740657,1709217239.5740707
2115,1709217239.6773267,1709217239.6773329
2116,1709217239.7775993,1709217239.7776036
2117,1709217239.874235,1709217239.8742416
2118,1709217239.9722164,1709217239.9722226
2119,1709217240.0846183,1709217240.0846243
2120,1709217240.1781285,1709217240.1781337
2121,1709217240.2998037,1709217240.29981
2122,1709217240.3804395,1709217240.3804457
2123,1709217240.4796143,1709217240.479618
2124,1709217240.5825357,1709217240.5825438
2125,1709217240.6777544,1709217240.6777606
2126,1709217240.7785554,1709217240.7785618
2127,1709217240.877281,1709217240.8772874
2128,1709217240.9742992,1709217240.974306
2129,1709217241.0728154,1709217241.0728219
2130,1709217241.1715605,1709217241.1715724
2131,1709217241.2794654,1709217241.2794714
2132,1709217241.3785274,1709217241.3785365
2133,1709217241.4752822,1709217241.4752882
2134,1709217241.575539,1709217241.5755455
2135,1709217241.6753743,1709217241.6753807
2136,1709217241.7706125,1709217241.7706184
2137,1709217241.8754458,1709217241.875453
2138,1709217241.9720755,1709217241.9720817
2139,1709217242.0744338,1709217242.074448
2140,1709217242.1789746,1709217242.1789799
2141,1709217242.2760775,1709217242.276083
2142,1709217242.3748717,1709217242.3748777
2143,1709217242.4786274,1709217242.4786339
2144,1709217242.577603,1709217242.5776086
2145,1709217242.680418,1709217242.6804254
2146,1709217242.7749991,1709217242.7750037
2147,1709217242.8730674,1709217242.8730726
2148,1709217242.981993,1709217242.9820013
2149,1709217243.0759656,1709217243.0759711
2150,1709217243.1743252,1709217243.1743305
2151,1709217243.276289,1709217243.2762952
2152,1709217243.3753698,1709217243.3753765
2153,1709217243.473968,1709217243.4739723
2154,1709217243.5746546,1709217243.5746608
2155,1709217243.6812618,1709217243.681266
2156,1709217243.779702,1709217243.7797081
2157,1709217243.8789673,1709217243.8789709
2158,1709217243.974614,1709217243.9746199
2159,1709217244.0765,1709217244.0765035
2160,1709217244.1769886,1709217244.1769946
2161,1709217244.2735577,1709217244.2735627
2162,1709217244.3794081,1709217244.379415
2163,1709217244.4775896,1709217244.4775953
2164,1709217244.5772572,1709217244.577263
2165,1709217244.6769311,1709217244.6769378
2166,1709217244.786633,1709217244.7866387
2167,1709217244.88329,1709217244.883297
2168,1709217244.9797184,1709217244.979724
2169,1709217245.0830944,1709217245.0830998
2170,1709217245.17678,1709217245.176787
2171,1709217245.2720835,1709217245.2720904
2172,1709217245.3762457,1709217245.376252
2173,1709217245.481325,1709217245.4813309
2174,1709217245.574444,1709217245.5744498
2175,1709217245.6719568,1709217245.6719606
2176,1709217245.7764528,1709217245.7764587
2177,1709217245.8803253,1709217245.8803341
2178,1709217245.9758923,1709217245.975897
2179,1709217246.0761826,1709217246.0761893
2180,1709217246.1788218,1709217246.1788263
2181,1709217246.2764301,1709217246.2764351
2182,1709217246.373234,1709217246.3732405
2183,1709217246.4764118,1709217246.476416
2184,1709217246.5766633,1709217246.5766695
2185,1709217246.6760578,1709217246.6760633
2186,1709217246.7759402,1709217246.7759457
2187,1709217246.8736732,1709217246.873679
2188,1709217246.978715,1709217246.9787204
2189,1709217247.070388,1709217247.070393
2190,1709217247.1727931,1709217247.1727984
2191,1709217247.278514,1709217247.2785199
2192,1709217247.3746774,1709217247.3746839
2193,1709217247.474406,1709217247.4744108
2194,1709217247.5809994,1709217247.5810041
2195,1709217247.6747186,1709217247.6747253
2196,1709217247.7777338,1709217247.7777417
2197,1709217247.875435,1709217247.8754404
2198,1709217247.9739816,1709217247.973987
2199,1709217248.0774517,1709217248.0774555
2200,1709217248.1856096,1709217248.1856143
2201,1709217248.2805207,1709217248.2805266
2202,1709217248.3756287,1709217248.375634
2203,1709217248.4761715,1709217248.476178
2204,1709217248.574344,1709217248.5743496
2205,1709217248.6812396,1709217248.6812458
2206,1709217248.7751186,1709217248.775124
2207,1709217248.884098,1709217248.8841047
2208,1709217248.9813194,1709217248.9813251
2209,1709217249.0764246,1709217249.0764298
2210,1709217249.1728978,1709217249.1729028
2211,1709217249.2772007,1709217249.2772079
2212,1709217249.3892221,1709217249.38923
2213,1709217249.4759219,1709217249.4759305
2214,1709217249.5823596,1709217249.5823655
2215,1709217249.682815,1709217249.6828218
2216,1709217249.7730877,1709217249.7730927
2217,1709217249.8798237,1709217249.8798296
2218,1709217249.9797843,1709217249.9797895
2219,1709217250.075515,1709217250.0755205
2220,1709217250.1745248,1709217250.1745303
2221,1709217250.2774096,1709217250.2774155
2222,1709217250.8434236,1709217250.8434348
2223,1709217250.8527348,1709217250.852739
2224,1709217250.8809714,1709217250.8809814
2225,1709217250.976977,1709217250.9769828
2226,1709217251.0748577,1709217251.074863
2227,1709217251.1754954,1709217251.175502
2228,1709217251.272096,1709217251.2721007
2229,1709217251.3997598,1709217251.399765
2230,1709217251.4849133,1709217251.4849186
2231,1709217251.5753672,1709217251.575375
2232,1709217251.675363,1709217251.6753705
2233,1709217251.7710502,1709217251.7710547
2234,1709217251.8713214,1709217251.8713264
2235,1709217251.982318,1709217251.9823232
2236,1709217252.0723264,1709217252.0723326
2237,1709217252.1702714,1709217252.1702774
2238,1709217252.2828448,1709217252.2828503
2239,1709217252.383904,1709217252.3839104
2240,1709217252.47307,1709217252.4730759
2241,1709217252.5743735,1709217252.5743792
2242,1709217252.6754386,1709217252.6754467
2243,1709217252.7740984,1709217252.7741077
2244,1709217252.8715413,1709217252.871548
2245,1709217252.974654,1709217252.9748728
2246,1709217253.0859277,1709217253.0859356
2247,1709217253.1772432,1709217253.1772523
2248,1709217253.272014,1709217253.2720194
2249,1709217253.3807404,1709217253.3807452
2250,1709217253.4755602,1709217253.4755673
2251,1709217253.5715277,1709217253.5715353
2252,1709217253.6738515,1709217253.6738563
2253,1709217253.7773817,1709217253.7773888
2254,1709217253.871039,1709217253.8710446
2255,1709217253.9746063,1709217253.9746146
2256,1709217254.0758262,1709217254.075832
2257,1709217254.174283,1709217254.174289
2258,1709217254.2763777,1709217254.2763815
2259,1709217254.379693,1709217254.3797004
2260,1709217254.4733143,1709217254.4733217
2261,1709217254.5707052,1709217254.570709
2262,1709217254.6714215,1709217254.671427
2263,1709217254.7728684,1709217254.7728748
2264,1709217254.8772342,1709217254.8772416
2265,1709217254.9728308,1709217254.9728365
2266,1709217255.0815544,1709217255.0815606
2267,1709217255.1787415,1709217255.1787503
2268,1709217255.2790656,1709217255.279071
2269,1709217255.3758664,1709217255.3758726
2270,1709217255.480948,1709217255.4809554
2271,1709217255.577151,1709217255.5771573
2272,1709217255.6782482,1709217255.6782548
2273,1709217255.7775104,1709217255.7775164
2274,1709217255.8792794,1709217255.8792846
2275,1709217255.9763684,1709217255.9763784
2276,1709217256.075874,1709217256.0758808
2277,1709217256.1780396,1709217256.1780453
2278,1709217256.2726512,1709217256.2726567
2279,1709217256.3759146,1709217256.3759203
2280,1709217256.480598,1709217256.4806035
2281,1709217256.572927,1709217256.572935
2282,1709217256.6796005,1709217256.6796057
2283,1709217256.7807646,1709217256.7807698
2284,1709217256.8742068,1709217256.8742142
2285,1709217256.9870741,1709217256.9870796
2286,1709217257.0749905,1709217257.0749965
2287,1709217257.1768432,1709217257.17685
2288,1709217257.2715127,1709217257.2715187
2289,1709217257.3776264,1709217257.3776333
2290,1709217257.4777925,1709217257.4777973
2291,1709217257.576847,1709217257.5768535
2292,1709217257.6838443,1709217257.6838496
2293,1709217257.776414,1709217257.776419
2294,1709217257.876836,1709217257.876842
2295,1709217257.977987,1709217257.9779928
2296,1709217258.0741816,1709217258.0741868
2297,1709217258.1765046,1709217258.1765091
2298,1709217258.2806451,1709217258.2806516
2299,1709217258.3805234,1709217258.3805294
2300,1709217258.4720018,1709217258.4720078
2301,1709217258.5747874,1709217258.574795
2302,1709217258.676331,1709217258.6763365
2303,1709217258.7839315,1709217258.7839375
2304,1709217258.88246,1709217258.8824654
2305,1709217258.9780033,1709217258.978009
2306,1709217259.0772073,1709217259.0772126
2307,1709217259.1801088,1709217259.1801162
2308,1709217259.2753053,1709217259.2753103
2309,1709217259.3746667,1709217259.374674
2310,1709217259.4728186,1709217259.472825
2311,1709217259.5724487,1709217259.572456
2312,1709217259.6719222,1709217259.6719284
2313,1709217259.7747192,1709217259.7747254
2314,1709217259.8767433,1709217259.8767493
2315,1709217259.9850876,1709217259.9851377
2316,1709217260.0736482,1709217260.0736535
2317,1709217260.1740634,1709217260.1740692
2318,1709217260.275151,1709217260.2751575
2319,1709217260.3746734,1709217260.3746817
2320,1709217260.4767547,1709217260.476761
2321,1709217260.5748134,1709217260.5748196
2322,1709217260.6734233,1709217260.6734288
2323,1709217260.7727768,1709217260.7727823
2324,1709217260.8724973,1709217260.8725042
2325,1709217260.973137,1709217260.9731412
2326,1709217261.0708241,1709217261.0708296
2327,1709217261.1810024,1709217261.1810076
2328,1709217261.2739198,1709217261.2739267
2329,1709217261.3751092,1709217261.3751426
2330,1709217261.4716651,1709217261.4716716
2331,1709217261.5729659,1709217261.5729709
2332,1709217261.6872284,1709217261.6872334
2333,1709217261.7718825,1709217261.7718892
2334,1709217261.8715167,1709217261.871522
2335,1709217261.9746811,1709217261.9746876
2336,1709217262.0713432,1709217262.0713482
2337,1709217262.1735604,1709217262.1735654
2338,1709217262.270217,1709217262.2702227
2339,1709217262.3759425,1709217262.3759477
2340,1709217262.5104086,1709217262.5104156
2341,1709217262.5781417,1709217262.5781474
2342,1709217262.6764464,1709217262.6764522
2343,1709217262.774109,1709217262.774113
2344,1709217262.8728144,1709217262.8728201
2345,1709217262.977661,1709217262.9776654
2346,1709217263.0753193,1709217263.0753255
2347,1709217263.1822026,1709217263.182209
2348,1709217263.2756407,1709217263.2756467
2349,1709217263.3735,1709217263.3735054
2350,1709217263.4763176,1709217263.4763236
2351,1709217263.5710688,1709217263.5710726
2352,1709217263.6839056,1709217263.683911
2353,1709217263.7808661,1709217263.7808733
2354,1709217263.878527,1709217263.8785324
2355,1709217263.9759767,1709217263.9759812
2356,1709217264.0714648,1709217264.0714705
2357,1709217264.1763346,1709217264.1763396
2358,1709217264.270133,1709217264.2701395
2359,1709217264.3767273,1709217264.3767333
2360,1709217264.4748387,1709217264.4748447
2361,1709217264.5806072,1709217264.5806148
2362,1709217264.6731381,1709217264.6731431
2363,1709217264.783878,1709217264.7838833
2364,1709217264.875204,1709217264.87521
2365,1709217264.981354,1709217264.981359
2366,1709217265.0738137,1709217265.0738192
2367,1709217265.1745446,1709217265.1745498
2368,1709217265.270159,1709217265.2701645
2369,1709217265.3743618,1709217265.3743684
2370,1709217265.4754212,1709217265.4754279
2371,1709217265.5724423,1709217265.572448
2372,1709217265.6735764,1709217265.6735802
2373,1709217265.7824607,1709217265.782466
2374,1709217265.8730066,1709217265.8730145
2375,1709217265.9738965,1709217265.973902
2376,1709217266.085276,1709217266.0852818
2377,1709217266.1799803,1709217266.1799865
2378,1709217266.2742958,1709217266.2742994
2379,1709217266.375349,1709217266.3753538
2380,1709217266.4866984,1709217266.4867034
2381,1709217266.5733926,1709217266.5733986
2382,1709217266.6747322,1709217266.6747382
2383,1709217266.771829,1709217266.7718334
2384,1709217266.8750975,1709217266.8751056
2385,1709217266.9868052,1709217266.9868114
2386,1709217267.0828714,1709217267.0828784
2387,1709217267.1841402,1709217267.1841462
2388,1709217267.2748914,1709217267.2748973
2389,1709217267.3737772,1709217267.3737829
2390,1709217267.4837272,1709217267.4837325
2391,1709217267.5772612,1709217267.5772688
2392,1709217267.6746192,1709217267.674626
2393,1709217267.7708793,1709217267.7708845
2394,1709217267.8801563,1709217267.8801641
2395,1709217267.9722764,1709217267.9722831
2396,1709217268.0780046,1709217268.0780127
2397,1709217268.1743493,1709217268.1743565
2398,1709217268.273385,1709217268.2733905
2399,1709217268.377517,1709217268.377523
2400,1709217268.4809055,1709217268.4809089
2401,1709217268.575325,1709217268.5753305
2402,1709217268.6769147,1709217268.676922
2403,1709217268.7727308,1709217268.7727356
2404,1709217268.8797164,1709217268.8797214
2405,1709217268.9809165,1709217268.9809234
2406,1709217269.0734313,1709217269.0734375
2407,1709217269.176107,1709217269.1761184
2408,1709217269.2731378,1709217269.273143
2409,1709217269.3728647,1709217269.372871
2410,1709217269.4764667,1709217269.4764736
2411,1709217269.584624,1709217269.5846326
2412,1709217269.6819808,1709217269.681988
2413,1709217269.7794104,1709217269.7794158
2414,1709217269.88533,1709217269.885338
2415,1709217269.976295,1709217269.976305
2416,1709217270.0702333,1709217270.0702405
2417,1709217270.170735,1709217270.1707401
2418,1709217270.2770078,1709217270.2770138
2419,1709217270.3813853,1709217270.3813927
2420,1709217270.4784741,1709217270.4786658
2421,1709217270.5738208,1709217270.5738845
2422,1709217270.6814516,1709217270.681602
2423,1709217270.7789226,1709217270.7790082
2424,1709217270.8773856,1709217270.8774743
2425,1709217270.9802327,1709217270.9803243
2426,1709217271.0817928,1709217271.0818932
2427,1709217271.1711605,1709217271.171249
2428,1709217271.279303,1709217271.2793686
2429,1709217271.376768,1709217271.3768537
2430,1709217271.4754467,1709217271.4755414
2431,1709217271.578088,1709217271.5782306
2432,1709217271.6755254,1709217271.6756227
2433,1709217271.7719321,1709217271.7720122
2434,1709217271.8829944,1709217271.88308
2435,1709217271.9877627,1709217271.987864
2436,1709217272.0758128,1709217272.0758955
2437,1709217272.184095,1709217272.1841803
2438,1709217272.2825954,1709217272.2826793
2439,1709217272.389353,1709217272.3894536
2440,1709217272.479903,1709217272.4800625
2441,1709217272.5813448,1709217272.581433
2442,1709217272.6792433,1709217272.6794562
2443,1709217272.7735522,1709217272.7736464
2444,1709217272.8806956,1709217272.8808258
2445,1709217272.98748,1709217272.9875755
2446,1709217273.0848794,1709217273.0849674
2447,1709217273.1737287,1709217273.173798
2448,1709217273.2820482,1709217273.2821314
2449,1709217273.376356,1709217273.3764222
2450,1709217273.5026696,1709217273.5027537
2451,1709217273.579101,1709217273.579185
2452,1709217273.6720226,1709217273.6721125
2453,1709217273.775849,1709217273.7760556
2454,1709217273.877086,1709217273.8771777
2455,1709217273.9717329,1709217273.9719062
2456,1709217274.079639,1709217274.0797608
2457,1709217274.1833715,1709217274.1834617
2458,1709217274.2726984,1709217274.2727792
2459,1709217274.3773558,1709217274.3774471
2460,1709217274.4776392,1709217274.4777138
2461,1709217274.5711715,1709217274.5712745
2462,1709217274.679794,1709217274.679879
2463,1709217274.782189,1709217274.7823138
2464,1709217274.8857534,1709217274.8858166
2465,1709217274.9895492,1709217274.9896076
2466,1709217275.0824604,1709217275.0825148
2467,1709217275.1759226,1709217275.175978
2468,1709217275.2773447,1709217275.277397
2469,1709217275.3709874,1709217275.371037
2470,1709217275.4906058,1709217275.4906545
2471,1709217275.5775862,1709217275.5776453
2472,1709217275.677661,1709217275.6777127
2473,1709217275.7852075,1709217275.7852883
2474,1709217275.880862,1709217275.880942
2475,1709217275.985893,1709217275.9859483
2476,1709217276.0710778,1709217276.071138
2477,1709217276.171189,1709217276.1712444
2478,1709217276.2788975,1709217276.2789469
2479,1709217276.3764482,1709217276.3765063
2480,1709217276.485829,1709217276.4858775
2481,1709217276.576993,1709217276.5770586
2482,1709217276.6768994,1709217276.67698
2483,1709217276.7792346,1709217276.7792869
2484,1709217276.8769617,1709217276.8770592
2485,1709217276.979161,1709217276.9792168
2486,1709217277.0832121,1709217277.0833287
2487,1709217277.1807384,1709217277.1808174
2488,1709217277.2883153,1709217277.288373
2489,1709217277.3720834,1709217277.3721552
2490,1709217277.4754887,1709217277.4755433
2491,1709217277.570401,1709217277.5704467
2492,1709217277.6766982,1709217277.6767502
2493,1709217277.7854617,1709217277.7855031
2494,1709217277.881973,1709217277.8820155
2495,1709217277.9874191,1709217277.9874744
2496,1709217278.0877035,1709217278.0885642
2497,1709217278.1781368,1709217278.1781843
2498,1709217278.2755609,1709217278.2756326
2499,1709217278.3761787,1709217278.3762426
2500,1709217278.4723985,1709217278.4724503
2501,1709217278.576841,1709217278.5768805
2502,1709217278.6797187,1709217278.6797588
2503,1709217278.7809243,1709217278.7810328
2504,1709217278.8716073,1709217278.87166
2505,1709217278.9762108,1709217278.9762704
2506,1709217279.0845876,1709217279.0846388
2507,1709217279.1738658,1709217279.173921
2508,1709217279.2765257,1709217279.2765772
2509,1709217279.3904965,1709217279.3905504
2510,1709217279.4883232,1709217279.4883716
2511,1709217279.5852685,1709217279.5853248
2512,1709217279.6762543,1709217279.6763017
2513,1709217279.7769344,1709217279.776979
2514,1709217279.8825128,1709217279.8825629
2515,1709217279.9878533,1709217279.9879477
2516,1709217280.087844,1709217280.0878894
2517,1709217280.1776435,1709217280.177692
2518,1709217280.284816,1709217280.2848763
2519,1709217280.3759255,1709217280.375975
2520,1709217280.4881268,1709217280.488175
2521,1709217280.5812478,1709217280.5813057
2522,1709217280.689735,1709217280.6897902
2523,1709217280.7856936,1709217280.7860508
2524,1709217280.8840828,1709217280.8841724
2525,1709217280.9977434,1709217280.9978228
2526,1709217281.0865982,1709217281.0866525
2527,1709217281.1779451,1709217281.177994
2528,1709217281.2814722,1709217281.2815256
2529,1709217281.372792,1709217281.3728464
2530,1709217281.478785,1709217281.4788306
2531,1709217281.5827644,1709217281.5828166
2532,1709217281.6791778,1709217281.6792486
2533,1709217281.7758055,1709217281.7758772
2534,1709217281.8864982,1709217281.8865483
2535,1709217281.9941237,1709217281.9941754
2536,1709217282.070844,1709217282.0709014
2537,1709217282.171989,1709217282.1720636
2538,1709217282.28322,1709217282.2832663
2539,1709217282.3875477,1709217282.3876042
2540,1709217282.4823916,1709217282.482448
2541,1709217282.5763268,1709217282.5763752
2542,1709217282.6779976,1709217282.6780562
2543,1709217282.7751052,1709217282.7751548
2544,1709217282.8740735,1709217282.874124
2545,1709217282.9771187,1709217282.9771874
2546,1709217283.0780344,1709217283.078105
2547,1709217283.1806614,1709217283.1807122
2548,1709217283.278856,1709217283.2789025
2549,1709217283.3795342,1709217283.379596
2550,1709217283.490223,1709217283.4902713
2551,1709217283.5871446,1709217283.5872064
2552,1709217283.6741824,1709217283.6742332
2553,1709217283.7797196,1709217283.7797766
2554,1709217283.8823655,1709217283.8824458
2555,1709217283.9734077,1709217283.973448
2556,1709217284.081435,1709217284.0814884
2557,1709217284.1779666,1709217284.1780283
2558,1709217284.2765493,1709217284.2766309
2559,1709217284.3771276,1709217284.377184
2560,1709217284.4744775,1709217284.4745226
2561,1709217284.5988507,1709217284.5989027
2562,1709217284.682958,1709217284.6830108
2563,1709217284.781138,1709217284.7811952
2564,1709217284.8844004,1709217284.8844514
2565,1709217284.9830558,1709217284.9831078
2566,1709217285.0754817,1709217285.0755277
2567,1709217285.1767232,1709217285.1767972
2568,1709217285.2769907,1709217285.277437
2569,1709217285.438626,1709217285.4386792
2570,1709217285.480163,1709217285.4802666
2571,1709217285.580167,1709217285.5802221
2572,1709217285.6770778,1709217285.67713
2573,1709217285.778317,1709217285.7783952
2574,1709217285.8739185,1709217285.8740048
2575,1709217285.9707243,1709217285.9707725
2576,1709217286.0760841,1709217286.0761743
2577,1709217286.173085,1709217286.1731384
2578,1709217286.276177,1709217286.2762377
2579,1709217286.3725724,1709217286.372628
2580,1709217286.4760413,1709217286.4760995
2581,1709217286.5773897,1709217286.5773985
2582,1709217286.6731777,1709217286.673185
2583,1709217286.7787964,1709217286.7788045
2584,1709217286.8761897,1709217286.8761954
2585,1709217286.974279,1709217286.974286
2586,1709217287.076895,1709217287.0769012
2587,1709217287.1756654,1709217287.1756706
2588,1709217287.2783146,1709217287.2783237
2589,1709217287.3804908,1709217287.3804991
2590,1709217287.4768138,1709217287.476824
2591,1709217287.5803058,1709217287.5803127
2592,1709217287.6779861,1709217287.6779943
2593,1709217287.7731025,1709217287.7731094
2594,1709217287.8712983,1709217287.8713052
2595,1709217287.9735591,1709217287.9735663
2596,1709217288.0769494,1709217288.0769556
2597,1709217288.1835349,1709217288.183539
2598,1709217288.2741766,1709217288.2741828
2599,1709217288.3805013,1709217288.380507
2600,1709217288.4796345,1709217288.4796405
2601,1709217288.5742366,1709217288.5794358
2602,1709217288.6712327,1709217288.6775494
2603,1709217288.773598,1709217288.778289
2604,1709217288.8787553,1709217288.8832366
2605,1709217288.9828892,1709217288.987365
2606,1709217289.0757492,1709217289.0805979
2607,1709217289.1745672,1709217289.1795046
2608,1709217289.274391,1709217289.2789617
2609,1709217289.3760393,1709217289.382283
2610,1709217289.473645,1709217289.4783967
2611,1709217289.5708718,1709217289.575456
2612,1709217289.6772819,1709217289.6821358
2613,1709217289.7834837,1709217289.788135
2614,1709217289.879796,1709217289.8845325
2615,1709217289.9851356,1709217289.9918945
2616,1709217290.073489,1709217290.0772774
2617,1709217290.1749802,1709217290.1794858
2618,1709217290.2802932,1709217290.2861671
2619,1709217290.373954,1709217290.3809226
2620,1709217290.4733517,1709217290.4782994
2621,1709217290.5777016,1709217290.5820222
2622,1709217290.678358,1709217290.682423
2623,1709217290.7722836,1709217290.777298
2624,1709217290.8752873,1709217290.8795984
2625,1709217290.9729023,1709217290.9771218
2626,1709217291.074715,1709217291.079344
2627,1709217291.1761937,1709217291.1801019
2628,1709217291.2720354,1709217291.2758715
2629,1709217291.3713775,1709217291.3759918
2630,1709217291.480905,1709217291.48544
2631,1709217291.5731468,1709217291.578701
2632,1709217291.672897,1709217291.6769712
2633,1709217291.7757907,1709217291.7834504
2634,1709217291.8787565,1709217291.882525
2635,1709217291.9761505,1709217291.9804542
2636,1709217292.076457,1709217292.080902
2637,1709217292.1748414,1709217292.178644
2638,1709217292.275348,1709217292.279648
2639,1709217292.3760698,1709217292.3804526
2640,1709217292.4738004,1709217292.4772668
2641,1709217292.5706213,1709217292.5733068
2642,1709217292.676696,1709217292.680948
2643,1709217292.77141,1709217292.776466
2644,1709217292.8738334,1709217292.8793252
2645,1709217292.9756358,1709217292.9798372
2646,1709217293.0772069,1709217293.0821629
2647,1709217293.1753306,1709217293.1799176
2648,1709217293.274467,1709217293.2782488
2649,1709217293.373833,1709217293.3780625
2650,1709217293.4752798,1709217293.4798017
2651,1709217293.5758631,1709217293.5801756
2652,1709217293.6726596,1709217293.6768863
2653,1709217293.7723517,1709217293.776362
2654,1709217293.8736682,1709217293.8781278
2655,1709217293.9750388,1709217293.9799051
2656,1709217294.0717583,1709217294.0747466
2657,1709217294.1754763,1709217294.1788933
2658,1709217294.276045,1709217294.2805688
2659,1709217294.3856008,1709217294.390642
2660,1709217294.472036,1709217294.4765515
2661,1709217294.573189,1709217294.5771368
2662,1709217294.679814,1709217294.684584
2663,1709217294.7832842,1709217294.7884007
2664,1709217294.8728032,1709217294.882599
2665,1709217294.9804535,1709217294.986566
2666,1709217295.0748448,1709217295.0797732
2667,1709217295.1760223,1709217295.1811867
2668,1709217295.274921,1709217295.2790244
2669,1709217295.373053,1709217295.3777578
2670,1709217295.4728549,1709217295.4769537
2671,1709217295.5755017,1709217295.57986
2672,1709217295.6913483,1709217295.6951675
2673,1709217295.771553,1709217295.7764783
2674,1709217295.8750129,1709217295.8792808
2675,1709217295.972048,1709217295.9756775
2676,1709217296.0751805,1709217296.0787156
2677,1709217296.1752083,1709217296.1798277
2678,1709217296.272871,1709217296.2760553
2679,1709217296.380891,1709217296.3852623
2680,1709217296.4771504,1709217296.480985
2681,1709217296.5717053,1709217296.576125
2682,1709217296.676216,1709217296.6801233
2683,1709217296.7703097,1709217296.7750554
2684,1709217296.8766205,1709217296.8811047
2685,1709217296.9830184,1709217296.9880238
2686,1709217297.0863934,1709217297.0898316
2687,1709217297.1726096,1709217297.1761649
2688,1709217297.2748802,1709217297.278603
2689,1709217297.3741264,1709217297.3781633
2690,1709217297.4744625,1709217297.47896
2691,1709217297.583426,1709217297.5834348
2692,1709217297.6730454,1709217297.6730514
2693,1709217297.7740889,1709217297.7740965
2694,1709217297.8720443,1709217297.8720505
2695,1709217297.9723825,1709217297.9723873
2696,1709217298.0726945,1709217298.0726986
2697,1709217298.1731963,1709217298.1732004
2698,1709217298.2728095,1709217298.272815
2699,1709217298.372677,1709217298.372684
2700,1709217298.4767466,1709217298.4767551
2701,1709217298.5720658,1709217298.5720718
2702,1709217298.676739,1709217298.6767466
2703,1709217298.7846696,1709217298.7846732
2704,1709217298.8774896,1709217298.877495
2705,1709217298.9728408,1709217298.9728465
2706,1709217299.073353,1709217299.0733597
2707,1709217299.1770458,1709217299.1770525
2708,1709217299.274824,1709217299.2748291
2709,1709217299.371087,1709217299.371093
2710,1709217299.475233,1709217299.4752452
2711,1709217299.573802,1709217299.573806
2712,1709217299.6734986,1709217299.6735032
2713,1709217299.7722676,1709217299.7722738
2714,1709217299.8730762,1709217299.8730822
2715,1709217299.9735885,1709217299.9735944
2716,1709217300.070736,1709217300.0707421
2717,1709217300.1715102,1709217300.1715136
2718,1709217300.275494,1709217300.2755
2719,1709217300.376252,1709217300.376258
2720,1709217300.47527,1709217300.475275
2721,1709217300.5751698,1709217300.5751755
2722,1709217300.6731172,1709217300.6731224
2723,1709217300.7743337,1709217300.7743385
2724,1709217300.8702807,1709217300.8702872
2725,1709217300.9720466,1709217300.972053
2726,1709217301.077898,1709217301.0779047
2727,1709217301.1722376,1709217301.1722434
2728,1709217301.2768798,1709217301.2768862
2729,1709217301.3735871,1709217301.3735936
2730,1709217301.4716506,1709217301.471656
2731,1709217301.5767424,1709217301.5767787
2732,1709217301.6905575,1709217301.690565
2733,1709217301.783697,1709217301.7837043
2734,1709217301.8743415,1709217301.874347
2735,1709217301.9846764,1709217301.9846818
2736,1709217302.071303,1709217302.071309
2737,1709217302.1821334,1709217302.182142
2738,1709217302.2723517,1709217302.2723584
2739,1709217302.3728683,1709217302.372874
2740,1709217302.4765503,1709217302.4765592
2741,1709217302.573226,1709217302.5732315
2742,1709217302.6753185,1709217302.6753263
2743,1709217302.777643,1709217302.7776487
2744,1709217302.874202,1709217302.874209
2745,1709217302.9841945,1709217302.9842012
2746,1709217303.072955,1709217303.0729609
2747,1709217303.1777139,1709217303.17772
2748,1709217303.2749174,1709217303.274923
2749,1709217303.3737013,1709217303.3737082
2750,1709217303.475321,1709217303.475331
2751,1709217303.577618,1709217303.5776258
2752,1709217303.6744058,1709217303.674414
2753,1709217303.7708576,1709217303.7708645
2754,1709217303.8740942,1709217303.8741014
2755,1709217303.9797714,1709217303.9797795
2756,1709217304.079403,1709217304.0794098
2757,1709217304.176657,1709217304.176664
2758,1709217304.2717206,1709217304.2717273
2759,1709217304.3709972,1709217304.3710036
2760,1709217304.4754033,1709217304.4754133
2761,1709217304.570055,1709217304.5700603
2762,1709217304.6778011,1709217304.677807
2763,1709217304.775643,1709217304.7756498
2764,1709217304.874704,1709217304.8747098
2765,1709217304.9720929,1709217304.9721
2766,1709217305.082535,1709217305.0825412
2767,1709217305.185115,1709217305.1851206
2768,1709217305.2747755,1709217305.274781
2769,1709217305.3874876,1709217305.3874931
2770,1709217305.4711666,1709217305.4711733
2771,1709217305.5749922,1709217305.5749967
2772,1709217305.6748624,1709217305.6748674
2773,1709217305.7709603,1709217305.7709656
2774,1709217305.8765538,1709217305.8765604
2775,1709217305.9852521,1709217305.985257
2776,1709217306.070513,1709217306.0705183
2777,1709217306.1752756,1709217306.1752825
2778,1709217306.2815363,1709217306.281547
2779,1709217306.3749218,1709217306.3749287
2780,1709217306.4738245,1709217306.4738312
2781,1709217306.572215,1709217306.572221
2782,1709217306.6973176,1709217306.6973233
2783,1709217306.774566,1709217306.7745714
2784,1709217306.873873,1709217306.873882
2785,1709217306.979869,1709217306.9798753
2786,1709217307.076367,1709217307.0763736
2787,1709217307.173922,1709217307.1739278
2788,1709217307.2750945,1709217307.2751
2789,1709217307.377628,1709217307.3776321
2790,1709217307.4764671,1709217307.476474
2791,1709217307.5781758,1709217307.5781803
2792,1709217307.6763341,1709217307.6763465
2793,1709217307.7834094,1709217307.7834156
2794,1709217307.8764684,1709217307.876475
2795,1709217307.9769795,1709217307.9769862
2796,1709217308.080193,1709217308.0802002
2797,1709217308.1864066,1709217308.1864154
2798,1709217308.2711198,1709217308.2711263
2799,1709217308.375125,1709217308.375131
2800,1709217308.4803588,1709217308.480365
2801,1709217308.5742145,1709217308.5742228
2802,1709217308.682166,1709217308.6821744
2803,1709217308.7766573,1709217308.7766633
2804,1709217308.877713,1709217308.8777208
2805,1709217308.9800677,1709217308.9800744
2806,1709217309.078089,1709217309.0780973
2807,1709217309.1721785,1709217309.172187
2808,1709217309.2790895,1709217309.279095
2809,1709217309.3748019,1709217309.374808
2810,1709217309.4797308,1709217309.4797368
2811,1709217309.5715635,1709217309.57157
2812,1709217309.6752942,1709217309.6753001
2813,1709217309.775848,1709217309.7758532
2814,1709217309.8764813,1709217309.876486
2815,1709217309.9785392,1709217309.9785454
2816,1709217310.0756721,1709217310.0756776
2817,1709217310.1708374,1709217310.1708431
2818,1709217310.2763288,1709217310.2763338
2819,1709217310.3753119,1709217310.3753188
2820,1709217310.4834201,1709217310.4834266
2821,1709217310.579165,1709217310.5791702
2822,1709217310.6807184,1709217310.6807275
2823,1709217310.7771978,1709217310.7772045
2824,1709217310.8797436,1709217310.879749
2825,1709217310.9762084,1709217310.9762158
2826,1709217311.0722249,1709217311.0722342
2827,1709217311.177614,1709217311.177618
2828,1709217311.2751207,1709217311.2751265
2829,1709217311.372122,1709217311.3721278
2830,1709217311.4844654,1709217311.4844718
2831,1709217311.5898259,1709217311.589834
2832,1709217311.6791084,1709217311.6791165
2833,1709217311.7795289,1709217311.7795355
2834,1709217311.8855433,1709217311.88555
2835,1709217311.973116,1709217311.9731216
2836,1709217312.0725174,1709217312.0725236
2837,1709217312.170483,1709217312.1704893
2838,1709217312.2725897,1709217312.272596
2839,1709217312.3926923,1709217312.3927
2840,1709217312.48419,1709217312.484198
2841,1709217312.5729504,1709217312.5729563
2842,1709217312.688618,1709217312.6886253
2843,1709217312.7798843,1709217312.7798908
2844,1709217312.875882,1709217312.8758874
2845,1709217312.9746504,1709217312.9746585
2846,1709217313.0766878,1709217313.0766938
2847,1709217313.1850338,1709217313.1850402
2848,1709217313.2801874,1709217313.2801943
2849,1709217313.3712244,1709217313.371232
2850,1709217313.4776878,1709217313.4776945
2851,1709217313.5709882,1709217313.570994
2852,1709217313.6885762,1709217313.6885808
2853,1709217313.803325,1709217313.8033297
2854,1709217313.8783085,1709217313.8783166
2855,1709217313.9794633,1709217313.9794688
2856,1709217314.0876844,1709217314.087688
2857,1709217314.1864545,1709217314.1864614
2858,1709217314.280854,1709217314.2808619
2859,1709217314.3795981,1709217314.3796046
2860,1709217314.489307,1709217314.4893143
2861,1709217314.5809298,1709217314.580937
2862,1709217314.6727183,1709217314.672724
2863,1709217314.7903614,1709217314.7903688
2864,1709217314.8861392,1709217314.8861449
2865,1709217314.9856596,1709217314.9856656
2866,1709217315.0898952,1709217315.0899022
2867,1709217315.1703234,1709217315.1703293
2868,1709217315.2780766,1709217315.2780836
2869,1709217315.3831275,1709217315.3831344
2870,1709217315.484738,1709217315.4847445
2871,1709217315.593622,1709217315.5936298
2872,1709217315.6771965,1709217315.6772025
2873,1709217315.7736263,1709217315.7736309
2874,1709217315.8734925,1709217315.8734992
2875,1709217315.9754999,1709217315.9755058
2876,1709217316.0811286,1709217316.0811372
2877,1709217316.1775875,1709217316.1775942
2878,1709217316.2774754,1709217316.277482
2879,1709217316.378192,1709217316.3781998
2880,1709217316.4856048,1709217316.4856112
2881,1709217316.58036,1709217316.5803666
2882,1709217316.687232,1709217316.6872373
2883,1709217316.7804997,1709217316.780505
2884,1709217316.873005,1709217316.8730104
2885,1709217316.981716,1709217316.9817216
2886,1709217317.0738502,1709217317.0738556
2887,1709217317.1767778,1709217317.1767838
2888,1709217317.2807996,1709217317.2808049
2889,1709217317.3892977,1709217317.3893034
2890,1709217317.4771674,1709217317.477174
2891,1709217317.576196,1709217317.5762012
2892,1709217317.676774,1709217317.6767802
2893,1709217317.7722638,1709217317.772269
2894,1709217317.8752825,1709217317.8752873
2895,1709217317.9819872,1709217317.9819925
2896,1709217318.0827193,1709217318.0827248
2897,1709217318.182776,1709217318.1827815
2898,1709217318.2837152,1709217318.283723
2899,1709217318.378283,1709217318.3782895
2900,1709217318.4762883,1709217318.4762948
2901,1709217318.5855403,1709217318.585549
2902,1709217318.6864526,1709217318.6864588
2903,1709217318.7760768,1709217318.776083
2904,1709217318.8914673,1709217318.8914747
2905,1709217318.9818647,1709217318.9818711
2906,1709217319.0752506,1709217319.0752578
2907,1709217319.1864202,1709217319.1864269
2908,1709217319.2746022,1709217319.2746072
2909,1709217319.3736293,1709217319.3736348
2910,1709217319.4806614,1709217319.4806669
2911,1709217319.5820796,1709217319.582084
2912,1709217319.6903324,1709217319.6903403
2913,1709217319.7769465,1709217319.7769537
2914,1709217319.891767,1709217319.891776
2915,1709217319.9836981,1709217319.9837053
2916,1709217320.0849714,1709217320.0849798
2917,1709217320.1754339,1709217320.1754415
2918,1709217320.2891862,1709217320.2891932
2919,1709217320.3844414,1709217320.3844476
2920,1709217320.476295,1709217320.4763012
2921,1709217320.570231,1709217320.5702376
2922,1709217320.6812785,1709217320.681285
2923,1709217320.7761488,1709217320.7761552
2924,1709217320.8735695,1709217320.8735764
2925,1709217320.9768174,1709217320.9768248
2926,1709217321.0704184,1709217321.0704248
2927,1709217321.1792464,1709217321.1792533
2928,1709217321.2758772,1709217321.2758834
2929,1709217321.3738072,1709217321.373814
2930,1709217321.4772472,1709217321.477259
2931,1709217321.5816824,1709217321.5816884
2932,1709217321.6807613,1709217321.6807678
2933,1709217321.774703,1709217321.7747092
2934,1709217321.8718703,1709217321.8718758
2935,1709217321.9749253,1709217321.9749315
2936,1709217322.0810251,1709217322.081031
2937,1709217322.1748157,1709217322.174822
2938,1709217322.2725613,1709217322.272568
2939,1709217322.3830767,1709217322.3830824
2940,1709217322.4812632,1709217322.4812694
2941,1709217322.586774,1709217322.5867796
2942,1709217322.6738598,1709217322.6738656
2943,1709217322.7763188,1709217322.7763247
2944,1709217322.8727257,1709217322.8727322
2945,1709217322.9850862,1709217322.9850926
2946,1709217323.0853927,1709217323.0853977
2947,1709217323.1789927,1709217323.178999
2948,1709217323.2742772,1709217323.2742832
2949,1709217323.3754182,1709217323.3754234
2950,1709217323.4717765,1709217323.4717822
2951,1709217323.585394,1709217323.585398
2952,1709217323.6882267,1709217323.6882353
2953,1709217323.777382,1709217323.7773886
2954,1709217323.8786616,1709217323.8786695
2955,1709217323.979983,1709217323.9799933
2956,1709217324.0761404,1709217324.0761466
2957,1709217324.1735303,1709217324.173536
2958,1709217324.289533,1709217324.2895405
2959,1709217324.3830051,1709217324.3830125
2960,1709217324.4720905,1709217324.4720979
2961,1709217324.5858731,1709217324.585879
2962,1709217324.6874702,1709217324.6874785
2963,1709217324.7723129,1709217324.7723186
2964,1709217324.8990731,1709217324.899079
2965,1709217324.977187,1709217324.9771922
2966,1709217325.076405,1709217325.0764103
2967,1709217325.1742694,1709217325.1742754
2968,1709217325.2721725,1709217325.2721794
2969,1709217325.3749332,1709217325.3749387
2970,1709217325.4906926,1709217325.4906988
2971,1709217325.5863428,1709217325.586348
2972,1709217325.678967,1709217325.6789732
2973,1709217325.7764635,1709217325.77647
2974,1709217325.873716,1709217325.8737214
2975,1709217325.976246,1709217325.9762516
2976,1709217326.07459,1709217326.0745952
2977,1709217326.1892195,1709217326.1892264
2978,1709217326.2726605,1709217326.2726662
2979,1709217326.3732367,1709217326.3732421
2980,1709217326.8239677,1709217326.8239775
2981,1709217326.8331015,1709217326.833107
2982,1709217326.883657,1709217326.8836622
2983,1709217326.9797654,1709217326.9797711
2984,1709217327.0925257,1709217327.092532
2985,1709217327.183586,1709217327.1835918
2986,1709217327.2910314,1709217327.291037
2987,1709217327.3840837,1709217327.3840892
2988,1709217327.4784522,1709217327.4784586
2989,1709217327.5746522,1709217327.5746584
2990,1709217327.6855392,1709217327.6855474
2991,1709217327.772424,1709217327.7724316
2992,1709217327.8793502,1709217327.8793573
2993,1709217327.9834738,1709217327.9834802
2994,1709217328.0825741,1709217328.0825808
2995,1709217328.1760757,1709217328.176081
2996,1709217328.282771,1709217328.28278
2997,1709217328.3799298,1709217328.3799362
2998,1709217328.4785573,1709217328.478564
2999,1709217328.5831156,1709217328.5831225
3000,1709217328.6802444,1709217328.6802506
3001,1709217328.7849894,1709217328.7849958
3002,1709217328.8754997,1709217328.8755047
3003,1709217328.9767103,1709217328.9767146
3004,1709217329.071696,1709217329.0717006
3005,1709217329.1781209,1709217329.1781275
3006,1709217329.2790864,1709217329.279096
3007,1709217329.3720713,1709217329.3720772
3008,1709217329.4773176,1709217329.4773235
3009,1709217329.5758421,1709217329.575849
3010,1709217329.6843474,1709217329.6843536
3011,1709217329.7701051,1709217329.7701101
3012,1709217329.875293,1709217329.8752983
3013,1709217329.9749105,1709217329.9749153
3014,1709217330.0724618,1709217330.0724678
3015,1709217330.1779494,1709217330.1779554
3016,1709217330.273135,1709217330.2731407
3017,1709217330.3758602,1709217330.3758657
3018,1709217330.4808455,1709217330.4808536
3019,1709217330.582667,1709217330.5826797
3020,1709217330.6754935,1709217330.6754994
3021,1709217330.7783937,1709217330.7784023
3022,1709217330.88199,1709217330.8819973
3023,1709217330.9858227,1709217330.9858284
3024,1709217331.0809546,1709217331.080961
3025,1709217331.1829152,1709217331.182922
3026,1709217331.2822087,1709217331.2822208
3027,1709217331.3749642,1709217331.3749688
3028,1709217331.4766674,1709217331.4766736
3029,1709217331.5757623,1709217331.575768
3030,1709217331.68108,1709217331.681087
3031,1709217331.7831178,1709217331.783127
3032,1709217331.8898716,1709217331.8898785
3033,1709217331.980636,1709217331.9806433
3034,1709217332.082682,1709217332.0826874
3035,1709217332.1879957,1709217332.1880043
3036,1709217332.2861235,1709217332.2861304
3037,1709217332.3804154,1709217332.380422
3038,1709217332.4824698,1709217332.4824765
3039,1709217332.5771077,1709217332.5771148
3040,1709217332.6796405,1709217332.6796472
3041,1709217332.7797985,1709217332.7798042
3042,1709217332.8754866,1709217332.875493
3043,1709217332.9744196,1709217332.9744272
3044,1709217333.0811834,1709217333.081192
3045,1709217333.175814,1709217333.1758199
3046,1709217333.2722766,1709217333.2722833
3047,1709217333.3770494,1709217333.3770552
3048,1709217333.473336,1709217333.4733415
3049,1709217333.5763593,1709217333.5763655
3050,1709217333.6752677,1709217333.675273
3051,1709217333.7753453,1709217333.775351
3052,1709217333.8743172,1709217333.8743248
3053,1709217333.9752972,1709217333.9753032
3054,1709217334.0777397,1709217334.0777452
3055,1709217334.1885486,1709217334.1885555
3056,1709217334.2772279,1709217334.277235
3057,1709217334.3785923,1709217334.3785977
3058,1709217334.4735718,1709217334.4735768
3059,1709217334.582719,1709217334.582725
3060,1709217334.6782439,1709217334.6782548
3061,1709217334.7736514,1709217334.7736573
3062,1709217334.8750894,1709217334.875096
3063,1709217334.9763412,1709217334.9767394
3064,1709217335.075825,1709217335.07583
3065,1709217335.179507,1709217335.1795146
3066,1709217335.2822325,1709217335.2822375
3067,1709217335.377946,1709217335.3779533
3068,1709217335.4740188,1709217335.4740248
3069,1709217335.5846534,1709217335.5846586
3070,1709217335.6806798,1709217335.6806865
3071,1709217335.7745283,1709217335.774535
3072,1709217335.9182062,1709217335.9182134
3073,1709217335.9857018,1709217335.9857078
3074,1709217336.0882459,1709217336.0882514
3075,1709217336.172199,1709217336.1722045
3076,1709217336.2841403,1709217336.284146
3077,1709217336.3792124,1709217336.3792193
3078,1709217336.4827895,1709217336.4827948
3079,1709217336.578793,1709217336.578799
3080,1709217336.6851819,1709217336.6851883
3081,1709217336.7873304,1709217336.7873363
3082,1709217336.8846495,1709217336.884656
3083,1709217336.9716449,1709217336.9716508
3084,1709217337.082575,1709217337.0825813
3085,1709217337.18474,1709217337.1847458
3086,1709217337.2874794,1709217337.2874846
3087,1709217337.3818514,1709217337.3818605
3088,1709217337.4733083,1709217337.473314
3089,1709217337.5731573,1709217337.5731628
3090,1709217337.6856043,1709217337.6856117
3091,1709217337.7895057,1709217337.7895114
3092,1709217337.8819532,1709217337.881959
3093,1709217337.9822333,1709217337.98224
3094,1709217338.0765023,1709217338.0765128
3095,1709217338.183819,1709217338.1838243
3096,1709217338.276223,1709217338.27623
3097,1709217338.3845186,1709217338.384526
3098,1709217338.4773886,1709217338.477394
3099,1709217338.5834405,1709217338.5834475
3100,1709217338.6817622,1709217338.681768
3101,1709217338.7743459,1709217338.7743526
3102,1709217338.8900926,1709217338.8901026
3103,1709217338.9744527,1709217338.9744592
3104,1709217339.075514,1709217339.0755198
3105,1709217339.1777387,1709217339.177745
3106,1709217339.276185,1709217339.2761924
3107,1709217339.3745182,1709217339.3745244
3108,1709217339.4796429,1709217339.479649
3109,1709217339.580024,1709217339.580029
3110,1709217339.671311,1709217339.671316
3111,1709217339.7762318,1709217339.776239
3112,1709217339.894611,1709217339.8946211
3113,1709217339.976779,1709217339.976786
3114,1709217340.076546,1709217340.076552
3115,1709217340.1792674,1709217340.1792762
3116,1709217340.2806563,1709217340.280664
3117,1709217340.3796415,1709217340.379647
3118,1709217340.4847205,1709217340.484758
3119,1709217340.5870585,1709217340.587066
3120,1709217340.6781168,1709217340.6781232
3121,1709217340.778072,1709217340.7780774
3122,1709217340.880418,1709217340.880424
3123,1709217340.9905305,1709217340.9905405
3124,1709217341.0808356,1709217341.0808423
3125,1709217341.1751618,1709217341.1751685
3126,1709217341.286284,1709217341.286292
3127,1709217341.3791993,1709217341.3792048
3128,1709217341.4718997,1709217341.4719062
3129,1709217341.575087,1709217341.5750933
3130,1709217341.6733584,1709217341.6733654
3131,1709217341.8095143,1709217341.8095202
3132,1709217341.885135,1709217341.8851407
3133,1709217341.972917,1709217341.9729228
3134,1709217342.0907018,1709217342.0907083
3135,1709217342.1846735,1709217342.1846788
3136,1709217342.2803123,1709217342.280319
3137,1709217342.3800216,1709217342.3800273
3138,1709217342.4778435,1709217342.4778476
3139,1709217342.5776517,1709217342.5776556
3140,1709217342.6801531,1709217342.6801584
3141,1709217342.7800255,1709217342.7800317
3142,1709217342.8919284,1709217342.891934
3143,1709217342.9811273,1709217342.9811332
3144,1709217343.0785692,1709217343.078576
3145,1709217343.1752977,1709217343.175304
3146,1709217343.2768307,1709217343.2768369
3147,1709217343.375545,1709217343.375549
3148,1709217343.4824872,1709217343.4824939
3149,1709217343.5727456,1709217343.572753
3150,1709217343.6773658,1709217343.6773722
3151,1709217343.775306,1709217343.7753136
3152,1709217343.8868804,1709217343.8868887
3153,1709217343.9855871,1709217343.9855964
3154,1709217344.0809565,1709217344.0809634
3155,1709217344.1761017,1709217344.1761086
3156,1709217344.2877178,1709217344.2877276
3157,1709217344.3850803,1709217344.3850873
3158,1709217344.487559,1709217344.4875638
3159,1709217344.587424,1709217344.58743
3160,1709217344.6822374,1709217344.6822436
3161,1709217344.7760007,1709217344.7760065
3162,1709217344.8857722,1709217344.8857777
3163,1709217344.975176,1709217344.9751844
3164,1709217345.0794613,1709217345.079467
3165,1709217345.1814897,1709217345.1814952
3166,1709217345.2867217,1709217345.2867284
3167,1709217345.388618,1709217345.3886254
3168,1709217345.4821122,1709217345.4821203
3169,1709217345.5802855,1709217345.5802906
3170,1709217345.679005,1709217345.6790106
3171,1709217345.7792928,1709217345.7792993
3172,1709217345.8812747,1709217345.8812795
3173,1709217345.9817185,1709217345.9817257
3174,1709217346.0710006,1709217346.0710125
3175,1709217346.1753623,1709217346.1753664
3176,1709217346.2762086,1709217346.2762158
3177,1709217346.3847134,1709217346.3847198
3178,1709217346.4767199,1709217346.4767258
3179,1709217346.5841453,1709217346.5841522
3180,1709217346.675066,1709217346.6750715
3181,1709217346.7800827,1709217346.78009
3182,1709217346.9077468,1709217346.9077532
3183,1709217346.9819605,1709217346.981966
3184,1709217347.076392,1709217347.0763977
3185,1709217347.1748538,1709217347.1748574
3186,1709217347.2776556,1709217347.277662
3187,1709217347.37111,1709217347.3711154
3188,1709217347.4739466,1709217347.473953
3189,1709217347.577087,1709217347.5770953
3190,1709217347.689727,1709217347.6897337
3191,1709217347.7794988,1709217347.7795024
3192,1709217347.8874383,1709217347.8874454
3193,1709217347.987358,1709217347.9873648
3194,1709217348.0866683,1709217348.0866752
3195,1709217348.1781764,1709217348.1781824
3196,1709217348.2746592,1709217348.2746644
3197,1709217348.3758914,1709217348.3758976
3198,1709217348.4723794,1709217348.472387
3199,1709217348.5854335,1709217348.5854428
3200,1709217348.687437,1709217348.687442
3201,1709217348.7774062,1709217348.7774098
3202,1709217348.8764918,1709217348.8764973
3203,1709217348.9749773,1709217348.9749813
3204,1709217349.0741348,1709217349.0741403
3205,1709217349.1754763,1709217349.175483
3206,1709217349.2734919,1709217349.2734983
3207,1709217349.3742383,1709217349.3742416
3208,1709217349.4767756,1709217349.4767816
3209,1709217349.5756347,1709217349.5756412
3210,1709217349.6717343,1709217349.6717408
3211,1709217349.7726152,1709217349.7726216
3212,1709217349.8706713,1709217349.8706772
3213,1709217349.9739056,1709217349.9739118
3214,1709217350.0733805,1709217350.0733864
3215,1709217350.1695507,1709217350.1695542
3216,1709217350.2731342,1709217350.2731395
3217,1709217350.3755074,1709217350.3755152
3218,1709217350.471194,1709217350.471199
3219,1709217350.5717432,1709217350.5717492
3220,1709217350.6719332,1709217350.6719398
3221,1709217350.7762532,1709217350.7762597
3222,1709217350.8716314,1709217350.871638
3223,1709217350.975343,1709217350.9753506
3224,1709217351.0774128,1709217351.0774207
3225,1709217351.1719322,1709217351.1719377
3226,1709217351.28322,1709217351.283226
3227,1709217351.3722942,1709217351.372301
3228,1709217351.4764838,1709217351.4765403
3229,1709217351.5751112,1709217351.5751615
3230,1709217351.6771598,1709217351.677213
3231,1709217351.7736218,1709217351.7736793
3232,1709217351.8718607,1709217351.8720126
3233,1709217351.9733326,1709217351.9733896
3234,1709217352.0830762,1709217352.083138
3235,1709217352.1790369,1709217352.179098
3236,1709217352.2805781,1709217352.2806447
3237,1709217352.3774333,1709217352.377489
3238,1709217352.4739728,1709217352.4740267
3239,1709217352.5749278,1709217352.5749717
3240,1709217352.671875,1709217352.6719255
3241,1709217352.775384,1709217352.7754831
3242,1709217352.876269,1709217352.876322
3243,1709217352.9794068,1709217352.9794543
3244,1709217353.073916,1709217353.0739675
3245,1709217353.1739504,1709217353.174019
3246,1709217353.2735083,1709217353.2736557
3247,1709217353.3777213,1709217353.3778017
3248,1709217353.473761,1709217353.4738529
3249,1709217353.5729709,1709217353.5730603
3250,1709217353.6785526,1709217353.6786475
3251,1709217353.7809331,1709217353.7810261
3252,1709217353.8709562,1709217353.871031
3253,1709217353.9746401,1709217353.9747272
3254,1709217354.0736911,1709217354.0737653
3255,1709217354.1714275,1709217354.1715024
3256,1709217354.2876334,1709217354.2876818
3257,1709217354.385205,1709217354.385282
3258,1709217354.477918,1709217354.47798
3259,1709217354.5751114,1709217354.575159
3260,1709217354.6761723,1709217354.6762471
3261,1709217354.7721472,1709217354.7721982
3262,1709217354.8737006,1709217354.8737435
3263,1709217354.9721045,1709217354.9721515
3264,1709217355.0718606,1709217355.0719078
3265,1709217355.1723459,1709217355.1723871
3266,1709217355.2774389,1709217355.2774796
3267,1709217355.3769917,1709217355.3770654
3268,1709217355.4747858,1709217355.474873
3269,1709217355.5742226,1709217355.5743
3270,1709217355.6721287,1709217355.6721983
3271,1709217355.780744,1709217355.7807906
3272,1709217355.8773017,1709217355.877355
3273,1709217355.9738686,1709217355.9740596
3274,1709217356.0765674,1709217356.076616
3275,1709217356.1717427,1709217356.1717954
3276,1709217356.2791247,1709217356.2792146
3277,1709217356.3764462,1709217356.3764932
3278,1709217356.481095,1709217356.4812028
3279,1709217356.581303,1709217356.5813363
3280,1709217356.6710734,1709217356.6711276
3281,1709217356.7811213,1709217356.781193
3282,1709217356.8728895,1709217356.8729684
3283,1709217356.9791672,1709217356.9792216
3284,1709217357.072971,1709217357.0730302
3285,1709217357.1777282,1709217357.1778023
3286,1709217357.270623,1709217357.2706707
3287,1709217357.3750515,1709217357.3750958
3288,1709217357.4744952,1709217357.4745464
3289,1709217357.5809388,1709217357.5809844
3290,1709217357.67038,1709217357.6705518
3291,1709217357.7742276,1709217357.7742712
3292,1709217357.8764713,1709217357.8765416
3293,1709217358.003196,1709217358.003254
3294,1709217358.0772958,1709217358.0773437
3295,1709217358.176508,1709217358.1767051
3296,1709217358.2777932,1709217358.2778776
3297,1709217358.373341,1709217358.3734019
3298,1709217358.47324,1709217358.4733222
3299,1709217358.57101,1709217358.5710554
3300,1709217358.6736696,1709217358.6737194
3301,1709217358.7758465,1709217358.7758949
3302,1709217358.8739932,1709217358.8740642
3303,1709217358.9799764,1709217358.9800134
3304,1709217359.0759213,1709217359.0759716
3305,1709217359.1857297,1709217359.1858146
3306,1709217359.2846065,1709217359.2846553
3307,1709217359.3769934,1709217359.377049
3308,1709217359.4737191,1709217359.47377
3309,1709217359.5761292,1709217359.5762322
3310,1709217359.6738532,1709217359.6738956
3311,1709217359.7880423,1709217359.7881253
3312,1709217359.881006,1709217359.8810132
3313,1709217359.9723399,1709217359.972345
3314,1709217360.0768538,1709217360.0768602
3315,1709217360.1755097,1709217360.1755168
3316,1709217360.2730994,1709217360.2731044
3317,1709217360.375015,1709217360.3750207
3318,1709217360.4790957,1709217360.4791024
3319,1709217360.5810258,1709217360.581032
3320,1709217360.6753519,1709217360.6753583
3321,1709217360.7761154,1709217360.7761216
3322,1709217360.8716903,1709217360.8716946
3323,1709217360.9727342,1709217360.9727385
3324,1709217361.0772173,1709217361.0772238
3325,1709217361.1758573,1709217361.1758642
3326,1709217361.273774,1709217361.273781
3327,1709217361.3741667,1709217361.3741736
3328,1709217361.4781125,1709217361.4781194
3329,1709217361.575972,1709217361.5759788
3330,1709217361.6704369,1709217361.6704438
3331,1709217361.775736,1709217361.7757432
3332,1709217361.8745918,1709217361.8746004
3333,1709217361.974894,1709217361.9793851
3334,1709217362.0708318,1709217362.0753267
3335,1709217362.1735158,1709217362.1789775
3336,1709217362.2760925,1709217362.2807045
3337,1709217362.375345,1709217362.3794405
3338,1709217362.4707632,1709217362.4752166
3339,1709217362.5753975,1709217362.57891
3340,1709217362.6800156,1709217362.6846764
3341,1709217362.7725587,1709217362.776646
3342,1709217362.876537,1709217362.8811553
3343,1709217362.9768784,1709217362.981082
3344,1709217363.0731156,1709217363.0774868
3345,1709217363.17621,1709217363.1799953
3346,1709217363.2758904,1709217363.2790506
3347,1709217363.3794005,1709217363.383917
3348,1709217363.476975,1709217363.4827805
3349,1709217363.5791879,1709217363.5836108
3350,1709217363.6802483,1709217363.6865573
3351,1709217363.773212,1709217363.7775838
3352,1709217363.8727312,1709217363.879528
3353,1709217363.9738448,1709217363.97798
3354,1709217364.0805337,1709217364.0853002
3355,1709217364.172775,1709217364.176703
3356,1709217364.289466,1709217364.2959182
3357,1709217364.374374,1709217364.3789268
3358,1709217364.4727035,1709217364.4770017
3359,1709217364.5737913,1709217364.5783632
3360,1709217364.6769433,1709217364.6810143
3361,1709217364.779003,1709217364.7836337
3362,1709217364.873546,1709217364.8778384
3363,1709217364.9737923,1709217364.978849
3364,1709217365.0725112,1709217365.078309
3365,1709217365.178409,1709217365.186603
3366,1709217365.2815557,1709217365.2858531
3367,1709217365.3729095,1709217365.3772907
3368,1709217365.4707177,1709217365.4751666
3369,1709217365.5831134,1709217365.5873666
3370,1709217365.6716552,1709217365.6758265
3371,1709217365.782106,1709217365.7870922
3372,1709217365.873955,1709217365.8783453
3373,1709217365.971956,1709217365.9799066
3374,1709217366.0764675,1709217366.082861
3375,1709217366.172399,1709217366.1805978
3376,1709217366.2825906,1709217366.286871
3377,1709217366.374849,1709217366.3793073
3378,1709217366.470996,1709217366.4759037
3379,1709217366.576691,1709217366.5816667
3380,1709217366.6884623,1709217366.693342
3381,1709217366.784318,1709217366.7888222
3382,1709217366.8792148,1709217366.8836956
3383,1709217366.9862475,1709217366.9925303
3384,1709217367.0835493,1709217367.0880682
3385,1709217367.1722221,1709217367.1772485
3386,1709217367.2791595,1709217367.2863452
3387,1709217367.3723986,1709217367.3783956
3388,1709217367.474627,1709217367.4816983
3389,1709217367.5809634,1709217367.585954
3390,1709217367.6776998,1709217367.6849117
3391,1709217367.7743146,1709217367.7788637
3392,1709217367.87667,1709217367.8813848
3393,1709217367.98845,1709217367.9925618
3394,1709217368.076601,1709217368.082124
3395,1709217368.1757948,1709217368.1809168
3396,1709217368.2750454,1709217368.2796116
3397,1709217368.3810081,1709217368.3853085
3398,1709217368.4745684,1709217368.479246
3399,1709217368.5755682,1709217368.579462
3400,1709217368.6746175,1709217368.6787179
3401,1709217368.777123,1709217368.782366
3402,1709217368.874053,1709217368.8779302
3403,1709217369.0051563,1709217369.008425
3404,1709217369.0741222,1709217369.0805316
3405,1709217369.1769645,1709217369.1808958
3406,1709217369.2764332,1709217369.2804415
3407,1709217369.3792002,1709217369.3837404
3408,1709217369.4722745,1709217369.4768026
3409,1709217369.5754814,1709217369.5833685
3410,1709217369.6853013,1709217369.6891851
3411,1709217369.780751,1709217369.785126
3412,1709217369.8861258,1709217369.890476
3413,1709217369.9849935,1709217369.9895613
3414,1709217370.0790732,1709217370.0836132
3415,1709217370.1772733,1709217370.1816993
3416,1709217370.2729104,1709217370.2840152
3417,1709217370.3754754,1709217370.3807213
3418,1709217370.4799027,1709217370.4850922
3419,1709217370.58076,1709217370.586036
3420,1709217370.6814635,1709217370.6855931
3421,1709217370.7732399,1709217370.7787533
3422,1709217370.8804984,1709217370.8847709
3423,1709217370.9748862,1709217370.974891
3424,1709217371.082851,1709217371.0828588
3425,1709217371.1742973,1709217371.174302
3426,1709217371.2775276,1709217371.2775333
3427,1709217371.3790195,1709217371.3790255
3428,1709217371.4777122,1709217371.477719
3429,1709217371.5830042,1709217371.5830119
3430,1709217371.6821842,1709217371.6821885
3431,1709217371.7803617,1709217371.7803674
3432,1709217371.879813,1709217371.879818
3433,1709217371.9761696,1709217371.9761765
3434,1709217372.0776649,1709217372.0776715
3435,1709217372.1832533,1709217372.1832597
3436,1709217372.2768993,1709217372.2769043
3437,1709217372.3884585,1709217372.388468
3438,1709217372.4713833,1709217372.4713888
3439,1709217372.5779252,1709217372.5779302
3440,1709217372.6759915,1709217372.6759968
3441,1709217372.7752225,1709217372.7752285
3442,1709217372.876862,1709217372.8768675
3443,1709217372.9948888,1709217372.9948947
3444,1709217373.0808759,1709217373.0808818
3445,1709217373.1811335,1709217373.1811385
3446,1709217373.2752264,1709217373.275234
3447,1709217373.3763323,1709217373.3763385
3448,1709217373.4756134,1709217373.4756181
3449,1709217373.5759714,1709217373.5759776
3450,1709217373.680364,1709217373.6803691
3451,1709217373.7807314,1709217373.7807376
3452,1709217373.870391,1709217373.8703961
3453,1709217373.975703,1709217373.9757087
3454,1709217374.0784442,1709217374.078451
3455,1709217374.187432,1709217374.1874366
3456,1709217374.2855992,1709217374.2856042
3457,1709217374.383006,1709217374.3830125
3458,1709217374.4742537,1709217374.4742594
3459,1709217374.5747988,1709217374.574805
3460,1709217374.6809974,1709217374.681004
3461,1709217374.7835073,1709217374.783514
3462,1709217374.8773882,1709217374.8773942
3463,1709217374.9704688,1709217374.9704757
3464,1709217375.0760934,1709217375.0760999
3465,1709217375.1803527,1709217375.1803577
3466,1709217375.2755842,1709217375.2755902
3467,1709217375.3750374,1709217375.3750439
3468,1709217375.4703968,1709217375.4704025
3469,1709217375.570569,1709217375.5705733
3470,1709217375.6699436,1709217375.6699498
3471,1709217375.7713282,1709217375.7713351
3472,1709217375.8765297,1709217375.8765361
3473,1709217375.974507,1709217375.9745126
3474,1709217376.0769322,1709217376.0769389
3475,1709217376.172949,1709217376.1729534
3476,1709217376.277873,1709217376.2778797
3477,1709217376.377922,1709217376.377928
3478,1709217376.4812932,1709217376.4813
3479,1709217376.5790403,1709217376.5790465
3480,1709217376.6756654,1709217376.6756718
3481,1709217376.774034,1709217376.7740395
3482,1709217376.8754158,1709217376.8754213
3483,1709217376.9706054,1709217376.97061
3484,1709217377.0735831,1709217377.0735903
3485,1709217377.1731188,1709217377.1731234
3486,1709217377.2756877,1709217377.275694
3487,1709217377.378597,1709217377.3786051
3488,1709217377.480899,1709217377.480906
3489,1709217377.5746672,1709217377.5746744
3490,1709217377.6712656,1709217377.671272
3491,1709217377.7864032,1709217377.7864125
3492,1709217377.8716521,1709217377.8716593
3493,1709217377.9920223,1709217377.9920278
3494,1709217378.0870373,1709217378.0870442
3495,1709217378.175733,1709217378.1757655
3496,1709217378.2749052,1709217378.2749104
3497,1709217378.3745804,1709217378.3745866
3498,1709217378.4779723,1709217378.47798
3499,1709217378.5773435,1709217378.5773487
3500,1709217378.6719215,1709217378.6719284
3501,1709217378.772535,1709217378.772541
3502,1709217378.8767066,1709217378.876713
3503,1709217378.980477,1709217378.9804842
3504,1709217379.0770855,1709217379.0770926
3505,1709217379.1932855,1709217379.1932929
3506,1709217379.273719,1709217379.2737243
3507,1709217379.3790166,1709217379.3790228
3508,1709217379.4747815,1709217379.474787
3509,1709217379.58438,1709217379.584386
3510,1709217379.6790335,1709217379.6790402
3511,1709217379.770631,1709217379.77064
3512,1709217379.883394,1709217379.8834062
3513,1709217380.0085485,1709217380.008554
3514,1709217380.077759,1709217380.0777647
3515,1709217380.1764948,1709217380.1765022
3516,1709217380.2747989,1709217380.2748034
3517,1709217380.3813353,1709217380.381341
3518,1709217380.4746885,1709217380.4746938
3519,1709217380.5733054,1709217380.5733154
3520,1709217380.681665,1709217380.6816754
3521,1709217380.7780492,1709217380.778057
3522,1709217380.8779263,1709217380.8779318
3523,1709217380.9736557,1709217380.9736612
3524,1709217381.075764,1709217381.0757697
3525,1709217381.174754,1709217381.1747603
3526,1709217381.2785654,1709217381.2785707
3527,1709217381.3725448,1709217381.3725498
3528,1709217381.4851444,1709217381.4851491
3529,1709217381.5850627,1709217381.585072
3530,1709217381.683383,1709217381.6833882
3531,1709217381.7798462,1709217381.7798538
3532,1709217381.8759546,1709217381.8759604
3533,1709217381.9766989,1709217381.9767056
3534,1709217382.073345,1709217382.0733502
3535,1709217382.177395,1709217382.1773996
3536,1709217382.2807162,1709217382.2807248
3537,1709217382.3744762,1709217382.3744824
3538,1709217382.4755304,1709217382.4755366
3539,1709217382.577526,1709217382.5775316
3540,1709217382.6705503,1709217382.670556
3541,1709217382.772533,1709217382.7725384
3542,1709217382.885064,1709217382.8850703
3543,1709217382.9800696,1709217382.9800751
3544,1709217383.0777693,1709217383.077774
3545,1709217383.17097,1709217383.1709754
3546,1709217383.275669,1709217383.275676
3547,1709217383.3754811,1709217383.3754873
3548,1709217383.4868977,1709217383.486904
3549,1709217383.5757315,1709217383.5757387
3550,1709217383.6775446,1709217383.6775496
3551,1709217383.774322,1709217383.7743275
3552,1709217383.8761706,1709217383.876176
3553,1709217383.983385,1709217383.9833908
3554,1709217384.081874,1709217384.0818799
3555,1709217384.1835248,1709217384.1835325
3556,1709217384.2704694,1709217384.2704763
3557,1709217384.383146,1709217384.3831525
3558,1709217384.479462,1709217384.479469
3559,1709217384.5727973,1709217384.5728042
3560,1709217384.6820273,1709217384.6820347
3561,1709217384.772078,1709217384.7720845
3562,1709217384.8781552,1709217384.8781617
3563,1709217384.9773471,1709217384.9774773
3564,1709217385.0777817,1709217385.0777886
3565,1709217385.1817665,1709217385.1817706
3566,1709217385.2741315,1709217385.274137
3567,1709217385.3807025,1709217385.380708
3568,1709217385.4709394,1709217385.4709463
3569,1709217385.574037,1709217385.574042
3570,1709217385.6749566,1709217385.6749625
3571,1709217385.775153,1709217385.7751591
3572,1709217385.8834295,1709217385.8834364
3573,1709217385.9720507,1709217385.972057
3574,1709217386.0834422,1709217386.0834486
3575,1709217386.1697333,1709217386.1697395
3576,1709217386.2742534,1709217386.2742589
3577,1709217386.3709507,1709217386.370957
3578,1709217386.4804418,1709217386.4804485
3579,1709217386.5834432,1709217386.583452
3580,1709217386.6732118,1709217386.6732168
3581,1709217386.7733958,1709217386.773403
3582,1709217386.883582,1709217386.8835874
3583,1709217386.9725525,1709217386.9725585
3584,1709217387.0816379,1709217387.0816424
3585,1709217387.1713512,1709217387.171357
3586,1709217387.2856236,1709217387.2856324
3587,1709217387.372101,1709217387.3721075
3588,1709217387.4772718,1709217387.4772863
3589,1709217387.5768209,1709217387.576827
3590,1709217387.6846077,1709217387.6846118
3591,1709217387.7835865,1709217387.7835927
3592,1709217387.8703432,1709217387.8703485
3593,1709217387.9797683,1709217387.979778
3594,1709217388.073305,1709217388.0733106
3595,1709217388.179845,1709217388.179851
3596,1709217388.2726166,1709217388.27262
3597,1709217388.3796482,1709217388.379659
3598,1709217388.472018,1709217388.4720225
3599,1709217388.5740416,1709217388.57405
3600,1709217388.675655,1709217388.6756613
3601,1709217388.775458,1709217388.7754653
3602,1709217388.8838978,1709217388.8839028
3603,1709217388.9724994,1709217388.972506
3604,1709217389.080794,1709217389.0808005
3605,1709217389.1802695,1709217389.180276
3606,1709217389.2842658,1709217389.2842724
3607,1709217389.3736572,1709217389.3736625
3608,1709217389.4828386,1709217389.482844
3609,1709217389.5805132,1709217389.5805206
3610,1709217389.6775002,1709217389.6776798
3611,1709217389.780844,1709217389.7808537
3612,1709217389.874927,1709217389.8749332
3613,1709217389.979876,1709217389.9798822
3614,1709217390.0754647,1709217390.0754704
3615,1709217390.1755803,1709217390.175586
3616,1709217390.2792401,1709217390.2792473
3617,1709217390.373537,1709217390.3735433
3618,1709217390.4790583,1709217390.4790654
3619,1709217390.5820525,1709217390.582058
3620,1709217390.6749003,1709217390.6749067
3621,1709217390.775599,1709217390.7756057
3622,1709217390.8725657,1709217390.8725705
3623,1709217390.9776187,1709217390.9776247
3624,1709217391.0702238,1709217391.0702283
3625,1709217391.174186,1709217391.1741927
3626,1709217391.2761989,1709217391.2762027
3627,1709217391.3729386,1709217391.3729448
3628,1709217391.4753478,1709217391.475356
3629,1709217391.5743358,1709217391.5743418
3630,1709217391.682686,1709217391.6826937
3631,1709217391.780653,1709217391.7806592
3632,1709217391.875627,1709217391.875633
3633,1709217391.9827547,1709217391.982761
3634,1709217392.108866,1709217392.1088724
3635,1709217392.1803644,1709217392.18037
3636,1709217392.2745528,1709217392.2745585
3637,1709217392.382525,1709217392.382533
3638,1709217392.4825904,1709217392.482597
3639,1709217392.5810263,1709217392.5810313
3640,1709217392.671342,1709217392.6713467
3641,1709217392.7748022,1709217392.774812
3642,1709217392.8829148,1709217392.882921
3643,1709217392.9754763,1709217392.9754822
3644,1709217393.0787868,1709217393.078793
3645,1709217393.1745417,1709217393.174548
3646,1709217393.2839003,1709217393.2839067
3647,1709217393.3808231,1709217393.3808281
3648,1709217393.477566,1709217393.477571
3649,1709217393.5784898,1709217393.5784955
3650,1709217393.6835713,1709217393.6835752
3651,1709217393.782593,1709217393.7825987
3652,1709217393.875286,1709217393.8752918
3653,1709217393.976931,1709217393.9769351
3654,1709217394.081152,1709217394.0811553
3655,1709217394.173707,1709217394.173714
3656,1709217394.2813544,1709217394.2813642
3657,1709217394.379304,1709217394.3793104
3658,1709217394.480281,1709217394.4802868
3659,1709217394.5791583,1709217394.5791657
3660,1709217394.677803,1709217394.6778092
3661,1709217394.7758791,1709217394.7758844
3662,1709217394.8752859,1709217394.8752904
3663,1709217394.9790897,1709217394.979097
3664,1709217395.083551,1709217395.0835567
3665,1709217395.1753707,1709217395.175376
3666,1709217395.2781723,1709217395.2781773
3667,1709217395.3784287,1709217395.3784351
3668,1709217395.4729424,1709217395.472948
3669,1709217395.5898118,1709217395.5898185
3670,1709217395.6802187,1709217395.6802256
3671,1709217395.7724235,1709217395.7724292
3672,1709217395.8785748,1709217395.8785794
3673,1709217395.9729848,1709217395.9729905
3674,1709217396.076585,1709217396.0765884
3675,1709217396.177014,1709217396.1770198
3676,1709217396.2763977,1709217396.2764032
3677,1709217396.3885417,1709217396.3885503
3678,1709217396.474049,1709217396.474056
3679,1709217396.581381,1709217396.5813873
3680,1709217396.6791565,1709217396.679162
3681,1709217396.7824585,1709217396.782465
3682,1709217396.8812397,1709217396.8812451
3683,1709217396.9777794,1709217396.9777853
3684,1709217397.0789433,1709217397.0789514
3685,1709217397.1764903,1709217397.1764963
3686,1709217397.2735593,1709217397.273566
3687,1709217397.3767376,1709217397.376744
3688,1709217397.484333,1709217397.4843419
3689,1709217397.5819557,1709217397.5819626
3690,1709217397.6765113,1709217397.6765175
3691,1709217397.7754366,1709217397.7754662
3692,1709217397.8732064,1709217397.873212
3693,1709217397.9742663,1709217397.9742718
3694,1709217398.0816603,1709217398.0816665
3695,1709217398.1788135,1709217398.1788185
3696,1709217398.2776008,1709217398.2776067
3697,1709217398.3748264,1709217398.3748329
3698,1709217398.4738417,1709217398.4738472
3699,1709217398.5778937,1709217398.5779006
3700,1709217398.680012,1709217398.680018
3701,1709217398.7721586,1709217398.7721636
3702,1709217398.8744805,1709217398.8744864
3703,1709217398.9707947,1709217398.9708
3704,1709217399.073079,1709217399.0730834
3705,1709217399.1845891,1709217399.1845932
3706,1709217399.272089,1709217399.2720926
3707,1709217399.387918,1709217399.3879235
3708,1709217399.4793198,1709217399.479326
3709,1709217399.575881,1709217399.5758877
3710,1709217399.6831505,1709217399.683157
3711,1709217399.776869,1709217399.7768753
3712,1709217399.8816998,1709217399.881706
3713,1709217399.9866662,1709217399.9866717
3714,1709217400.0833054,1709217400.0833113
3715,1709217400.172793,1709217400.1727977
3716,1709217400.2755382,1709217400.2755435
3717,1709217400.378377,1709217400.3783839
3718,1709217400.4738417,1709217400.4738476
3719,1709217400.5772402,1709217400.577246
3720,1709217400.6758862,1709217400.6758919
3721,1709217400.7755067,1709217400.7755125
3722,1709217400.8806932,1709217400.8806984
3723,1709217400.9805489,1709217400.980555
3724,1709217401.0738955,1709217401.0739
3725,1709217401.1735168,1709217401.1735232
3726,1709217401.2775745,1709217401.2775805
3727,1709217401.3812518,1709217401.381259
3728,1709217401.4712794,1709217401.471283
3729,1709217401.5816169,1709217401.581624
3730,1709217401.684561,1709217401.6845675
3731,1709217401.7787092,1709217401.7787158
3732,1709217401.8789058,1709217401.8789117
3733,1709217401.9802995,1709217401.9803045
3734,1709217402.0787437,1709217402.0787501
3735,1709217402.1855836,1709217402.1855874
3736,1709217402.2842207,1709217402.2842271
3737,1709217402.3862154,1709217402.3862233
3738,1709217402.4775357,1709217402.4775496
3739,1709217402.578231,1709217402.5782378
3740,1709217402.6753693,1709217402.6753755
3741,1709217402.7788439,1709217402.7788508
3742,1709217402.876272,1709217402.8762777
3743,1709217402.9750266,1709217402.9750326
3744,1709217403.0829697,1709217403.082975
3745,1709217403.2039413,1709217403.203948
3746,1709217403.273724,1709217403.2737293
3747,1709217403.391216,1709217403.391223
3748,1709217403.4790983,1709217403.4791057
3749,1709217403.5743535,1709217403.57436
3750,1709217403.6714132,1709217403.6714184
3751,1709217403.7735665,1709217403.7735703
3752,1709217403.872442,1709217403.872448
3753,1709217403.9770489,1709217403.9770544
3754,1709217404.0830526,1709217404.0830567
3755,1709217404.1828809,1709217404.1828868
3756,1709217404.2773273,1709217404.2773323
3757,1709217404.3836179,1709217404.3836246
3758,1709217404.4723701,1709217404.472376
3759,1709217404.5798955,1709217404.5799015
3760,1709217404.6873183,1709217404.6873248
3761,1709217404.7747579,1709217404.7747655
3762,1709217404.872974,1709217404.8729792
3763,1709217404.9872067,1709217404.9872122
3764,1709217405.078352,1709217405.0783572
3765,1709217405.178575,1709217405.1785815
3766,1709217405.2767372,1709217405.2767427
3767,1709217405.3756588,1709217405.3756702
3768,1709217405.4717922,1709217405.471815
3769,1709217405.5836911,1709217405.5836973
3770,1709217405.6772523,1709217405.677258
3771,1709217405.7793677,1709217405.7793741
3772,1709217405.8748953,1709217405.8749022
3773,1709217405.977108,1709217405.977114
3774,1709217406.0750847,1709217406.075093
3775,1709217406.1754856,1709217406.1754909
3776,1709217406.2787902,1709217406.278796
3777,1709217406.3861969,1709217406.3862038
3778,1709217406.4766583,1709217406.4766643
3779,1709217406.5716596,1709217406.571665
3780,1709217406.6791844,1709217406.6791897
3781,1709217406.7797947,1709217406.779801
3782,1709217406.8770912,1709217406.8770978
3783,1709217406.9768474,1709217406.976855
3784,1709217407.0790243,1709217407.0790322
3785,1709217407.177408,1709217407.1774137
3786,1709217407.2875226,1709217407.287528
3787,1709217407.3852742,1709217407.3852816
3788,1709217407.4864886,1709217407.4864945
3789,1709217407.5852904,1709217407.5852942
3790,1709217407.681554,1709217407.68156
3791,1709217407.7782815,1709217407.7782874
3792,1709217407.8814738,1709217407.8814805
3793,1709217407.9744413,1709217407.9744465
3794,1709217408.0836174,1709217408.0836234
3795,1709217408.1879313,1709217408.1879363
3796,1709217408.2758963,1709217408.2759023
3797,1709217408.8802693,1709217408.8802795
3798,1709217408.890569,1709217408.8905783
3799,1709217408.9851305,1709217408.9851372
3800,1709217409.07648,1709217409.0764847
3801,1709217409.173839,1709217409.1738462
3802,1709217409.2785304,1709217409.2785368
3803,1709217409.378648,1709217409.3786552
3804,1709217409.4817817,1709217409.4817877
3805,1709217409.5708377,1709217409.5708451
3806,1709217409.6740909,1709217409.6740985
3807,1709217409.7763634,1709217409.7763698
3808,1709217409.8707144,1709217409.8707209
3809,1709217409.9820697,1709217409.9820766
3810,1709217410.0770016,1709217410.0770075
3811,1709217410.1798794,1709217410.1798854
3812,1709217410.281543,1709217410.2815504
3813,1709217410.3759408,1709217410.375947
3814,1709217410.4795306,1709217410.4795353
3815,1709217410.5825615,1709217410.5825694
3816,1709217410.6782062,1709217410.678212
3817,1709217410.7728462,1709217410.7728531
3818,1709217410.8722532,1709217410.8722591
3819,1709217410.9771397,1709217410.977143
3820,1709217411.0796132,1709217411.07962
3821,1709217411.1745756,1709217411.1745818
3822,1709217411.27377,1709217411.2737772
3823,1709217411.371791,1709217411.3718185
3824,1709217411.4773786,1709217411.4773848
3825,1709217411.5771778,1709217411.5771847
3826,1709217411.6782084,1709217411.6782146
3827,1709217411.7731931,1709217411.7731996
3828,1709217411.8775706,1709217411.8775747
3829,1709217411.9772696,1709217411.9772751
3830,1709217412.0864289,1709217412.0864365
3831,1709217412.1757176,1709217412.175723
3832,1709217412.270882,1709217412.2708893
3833,1709217412.3766763,1709217412.3766818
3834,1709217412.4746704,1709217412.4746761
3835,1709217412.5766895,1709217412.5766954
3836,1709217412.6767232,1709217412.6767304
3837,1709217412.7712502,1709217412.7712586
3838,1709217412.8751128,1709217412.875118
3839,1709217412.985161,1709217412.9851713
3840,1709217413.0863497,1709217413.0863564
3841,1709217413.1803536,1709217413.180359
3842,1709217413.2703626,1709217413.27037
3843,1709217413.385111,1709217413.3851178
3844,1709217413.475336,1709217413.4753425
3845,1709217413.574792,1709217413.5747979
3846,1709217413.675186,1709217413.6751924
3847,1709217413.7738142,1709217413.7738204
3848,1709217413.8840103,1709217413.8840175
3849,1709217413.980228,1709217413.9802327
3850,1709217414.072576,1709217414.0725813
3851,1709217414.1808453,1709217414.180852
3852,1709217414.3086598,1709217414.3086665
3853,1709217414.3767872,1709217414.3767948
3854,1709217414.471876,1709217414.4718819
3855,1709217414.5768645,1709217414.5768704
3856,1709217414.6727302,1709217414.6727347
3857,1709217414.770623,1709217414.7706294
3858,1709217414.8785818,1709217414.8785875
3859,1709217414.9861567,1709217414.9861646
3860,1709217415.073744,1709217415.0737488
3861,1709217415.173703,1709217415.1737092
3862,1709217415.2759426,1709217415.2759511
3863,1709217415.371388,1709217415.3713944
3864,1709217415.471085,1709217415.4710891
3865,1709217415.5736785,1709217415.573684
3866,1709217415.6727364,1709217415.6727424
3867,1709217415.7768657,1709217415.7768724
3868,1709217415.881248,1709217415.8812547
3869,1709217415.9710076,1709217415.9710135
3870,1709217416.073163,1709217416.0731673
3871,1709217416.173712,1709217416.1737187
3872,1709217416.275364,1709217416.27537
3873,1709217416.385347,1709217416.3853533
3874,1709217416.4795425,1709217416.4795487
3875,1709217416.5803125,1709217416.5803185
3876,1709217416.6789412,1709217416.678947
3877,1709217416.7856143,1709217416.785621
3878,1709217416.8741913,1709217416.8741977
3879,1709217416.970836,1709217416.9708402
3880,1709217417.0798898,1709217417.0798955
3881,1709217417.1750302,1709217417.175036
3882,1709217417.2773297,1709217417.2773356
3883,1709217417.3757274,1709217417.375734
3884,1709217417.4874609,1709217417.487468
3885,1709217417.576069,1709217417.5760753
3886,1709217417.6759717,1709217417.6759796
3887,1709217417.7771523,1709217417.7771583
3888,1709217417.8731475,1709217417.8731534
3889,1709217417.9701374,1709217417.970143
3890,1709217418.073813,1709217418.0738192
3891,1709217418.186885,1709217418.1868944
3892,1709217418.2800975,1709217418.2801106
3893,1709217418.3708308,1709217418.3708367
3894,1709217418.4736485,1709217418.4736547
3895,1709217418.5762303,1709217418.5762367
3896,1709217418.6797116,1709217418.6797185
3897,1709217418.7763114,1709217418.7763157
3898,1709217418.8767061,1709217418.876711
3899,1709217418.976648,1709217418.9766543
3900,1709217419.0813584,1709217419.0813658
3901,1709217419.1732352,1709217419.1732385
3902,1709217419.2752857,1709217419.275291
3903,1709217419.3747942,1709217419.3747997
3904,1709217419.476008,1709217419.4760144
3905,1709217419.5725539,1709217419.5725594
3906,1709217419.671736,1709217419.6717417
3907,1709217419.777121,1709217419.7771285
3908,1709217419.88204,1709217419.8820472
3909,1709217419.9767225,1709217419.976728
3910,1709217420.0734482,1709217420.0734546
3911,1709217420.1794271,1709217420.179433
3912,1709217420.273866,1709217420.2738702
3913,1709217420.3734639,1709217420.3734703
3914,1709217420.4715438,1709217420.47155
3915,1709217420.5715635,1709217420.5715697
3916,1709217420.6699243,1709217420.6699286
3917,1709217420.7755585,1709217420.7755656
3918,1709217420.8806608,1709217420.880669
3919,1709217420.9718251,1709217420.9718325
3920,1709217421.076137,1709217421.0761445
3921,1709217421.1768358,1709217421.1768453
3922,1709217421.276114,1709217421.2761214
3923,1709217421.379336,1709217421.3793426
3924,1709217421.4740458,1709217421.4740515
3925,1709217421.5739095,1709217421.573913
3926,1709217421.6701834,1709217421.6701882
3927,1709217421.7725034,1709217421.7725093
3928,1709217421.880464,1709217421.8804712
3929,1709217421.9791079,1709217421.9791145
3930,1709217422.072784,1709217422.0727906
3931,1709217422.1764839,1709217422.176491
3932,1709217422.2856393,1709217422.2856438
3933,1709217422.382463,1709217422.38247
3934,1709217422.480295,1709217422.4803002
3935,1709217422.5762496,1709217422.576256
3936,1709217422.6803935,1709217422.6804004
3937,1709217422.7744749,1709217422.7744818
3938,1709217422.8850205,1709217422.8850257
3939,1709217422.9806197,1709217422.9806278
3940,1709217423.0830321,1709217423.0830379
3941,1709217423.1702595,1709217423.170266
3942,1709217423.28507,1709217423.285074
3943,1709217423.370918,1709217423.3709238
3944,1709217423.4776635,1709217423.4776695
3945,1709217423.5877674,1709217423.5877743
3946,1709217423.6856775,1709217423.6856835
3947,1709217423.7792082,1709217423.779214
3948,1709217423.8741379,1709217423.8741431
3949,1709217423.9759822,1709217423.9759884
3950,1709217424.082305,1709217424.082311
3951,1709217424.176412,1709217424.1764202
3952,1709217424.278992,1709217424.278998
3953,1709217424.3775017,1709217424.3775113
3954,1709217424.484731,1709217424.484737
3955,1709217424.5822492,1709217424.5822554
3956,1709217424.684622,1709217424.6846282
3957,1709217424.7892733,1709217424.7892804
3958,1709217424.8747988,1709217424.8748062
3959,1709217424.9763808,1709217424.9763873
3960,1709217425.084617,1709217425.084624
3961,1709217425.1814966,1709217425.181503
3962,1709217425.3110516,1709217425.3110604
3963,1709217425.3745918,1709217425.374598
3964,1709217425.4766266,1709217425.4766335
3965,1709217425.580756,1709217425.5807626
3966,1709217425.6748028,1709217425.6748083
3967,1709217425.7823524,1709217425.7823598
3968,1709217425.8827796,1709217425.882787
3969,1709217425.9765742,1709217425.9765813
3970,1709217426.0757196,1709217426.0757265
3971,1709217426.1733048,1709217426.1733108
3972,1709217426.2873242,1709217426.2873313
3973,1709217426.386536,1709217426.3865445
3974,1709217426.48212,1709217426.4821265
3975,1709217426.576829,1709217426.5768352
3976,1709217426.6788237,1709217426.678829
3977,1709217426.7804654,1709217426.780473
3978,1709217426.8718839,1709217426.8718896
3979,1709217426.9782686,1709217426.9782746
3980,1709217427.0876348,1709217427.087643
3981,1709217427.1905646,1709217427.190571
3982,1709217427.2913964,1709217427.2914064
3983,1709217427.3829408,1709217427.3829465
3984,1709217427.4834168,1709217427.4834232
3985,1709217427.5737941,1709217427.573805
3986,1709217427.674231,1709217427.6742373
3987,1709217427.7795424,1709217427.7795494
3988,1709217427.8856037,1709217427.8856385
3989,1709217427.9803872,1709217427.9803965
3990,1709217428.08916,1709217428.0891654
3991,1709217428.1848443,1709217428.1848536
3992,1709217428.2821014,1709217428.2821548
3993,1709217428.3803306,1709217428.3803916
3994,1709217428.4761238,1709217428.476202
3995,1709217428.5795946,1709217428.5796509
3996,1709217428.6784005,1709217428.6784458
3997,1709217428.781398,1709217428.7814894
3998,1709217428.888623,1709217428.8886714
3999,1709217428.9787965,1709217428.9788594
4000,1709217429.0733936,1709217429.0734458
4001,1709217429.1826136,1709217429.1826942
4002,1709217429.281482,1709217429.281523
4003,1709217429.3726454,1709217429.372694
4004,1709217429.47758,1709217429.477632
4005,1709217429.5749235,1709217429.574976
4006,1709217429.6791837,1709217429.6792316
4007,1709217429.779468,1709217429.7795193
4008,1709217429.8775895,1709217429.8776495
4009,1709217429.977498,1709217429.9775462
4010,1709217430.074973,1709217430.0750163
4011,1709217430.1750326,1709217430.175079
4012,1709217430.2776363,1709217430.2776856
4013,1709217430.377208,1709217430.3772593
4014,1709217430.479388,1709217430.479437
4015,1709217430.5800767,1709217430.5801609
4016,1709217430.6745396,1709217430.6746109
4017,1709217430.7731855,1709217430.77326
4018,1709217430.878073,1709217430.8781567
4019,1709217430.981433,1709217430.9814858
4020,1709217431.077656,1709217431.0777006
4021,1709217431.187073,1709217431.1872137
4022,1709217431.2741861,1709217431.2742465
4023,1709217431.3773139,1709217431.3773954
4024,1709217431.4772086,1709217431.47726
4025,1709217431.5715895,1709217431.5716665
4026,1709217431.6810172,1709217431.6810563
4027,1709217431.7745523,1709217431.7746365
4028,1709217431.8866794,1709217431.8867435
4029,1709217431.9742033,1709217431.9742546
4030,1709217432.0832424,1709217432.083325
4031,1709217432.1822886,1709217432.1823378
4032,1709217432.2857852,1709217432.2859046
4033,1709217432.3855271,1709217432.3856542
4034,1709217432.4980962,1709217432.498185
4035,1709217432.5867097,1709217432.5873005
4036,1709217432.6898417,1709217432.689929
4037,1709217432.7885582,1709217432.7886505
4038,1709217432.8821921,1709217432.8822832
4039,1709217432.9738345,1709217432.9738915
4040,1709217433.0739367,1709217433.0739915
4041,1709217433.1866164,1709217433.1866574
4042,1709217433.274751,1709217433.2748108
4043,1709217433.389053,1709217433.3894706
4044,1709217433.487805,1709217433.487895
4045,1709217433.5805032,1709217433.580608
4046,1709217433.6865473,1709217433.6866286
4047,1709217433.7869272,1709217433.7870107
4048,1709217433.8802497,1709217433.8803387
4049,1709217433.9864218,1709217433.9865298
4050,1709217434.0794775,1709217434.07958
4051,1709217434.1732976,1709217434.173401
4052,1709217434.2773685,1709217434.2774653
4053,1709217434.387983,1709217434.3881571
4054,1709217434.474042,1709217434.4741282
4055,1709217434.571958,1709217434.572039
4056,1709217434.6786683,1709217434.678762
4057,1709217434.7766936,1709217434.7767723
4058,1709217434.8769143,1709217434.8770018
4059,1709217434.9761307,1709217434.9762518
4060,1709217435.088032,1709217435.0881152
4061,1709217435.1775093,1709217435.178775
4062,1709217435.270905,1709217435.2709908
4063,1709217435.3790793,1709217435.3791723
4064,1709217435.4757252,1709217435.4758592
4065,1709217435.572942,1709217435.5730321
4066,1709217435.67595,1709217435.6760423
4067,1709217435.782297,1709217435.7823882
4068,1709217435.8765304,1709217435.8767295
4069,1709217435.9711132,1709217435.9712338
4070,1709217436.0775912,1709217436.0776799
4071,1709217436.1724067,1709217436.1724985
4072,1709217436.282088,1709217436.2821925
4073,1709217436.3851018,1709217436.3852067
4074,1709217436.4759252,1709217436.4760263
4075,1709217436.5833292,1709217436.5834258
4076,1709217436.681231,1709217436.681323
4077,1709217436.7867804,1709217436.7868757
4078,1709217436.877613,1709217436.8777094
4079,1709217436.9844453,1709217436.9845426
4080,1709217437.0810313,1709217437.0811343
4081,1709217437.171992,1709217437.1720812
4082,1709217437.2758965,1709217437.275994
4083,1709217437.4071512,1709217437.4072382
4084,1709217437.4805691,1709217437.4807863
4085,1709217437.5775402,1709217437.5777295
4086,1709217437.6840708,1709217437.6841552
4087,1709217437.7809904,1709217437.7818713
4088,1709217437.8848479,1709217437.8849294
4089,1709217437.990332,1709217437.990599
4090,1709217438.0824642,1709217438.0825455
4091,1709217438.1801882,1709217438.180278
4092,1709217438.2807207,1709217438.2807987
4093,1709217438.3774626,1709217438.3775606
4094,1709217438.4887004,1709217438.488787
4095,1709217438.5726,1709217438.5726843
4096,1709217438.6734703,1709217438.673565
4097,1709217438.7767186,1709217438.7767982
4098,1709217438.8828743,1709217438.882954
4099,1709217438.9769716,1709217438.9770648
4100,1709217439.0791068,1709217439.0791996
4101,1709217439.179787,1709217439.1798735
4102,1709217439.275842,1709217439.2758923
4103,1709217439.3822136,1709217439.382221
4104,1709217439.4762402,1709217439.4762473
4105,1709217439.5774136,1709217439.577421
4106,1709217439.685514,1709217439.6855197
4107,1709217439.7838123,1709217439.7838163
4108,1709217439.8886878,1709217439.8886964
4109,1709217439.9914322,1709217439.9914393
4110,1709217440.0884528,1709217440.0884593
4111,1709217440.1758265,1709217440.1758332
4112,1709217440.2819242,1709217440.2819333
4113,1709217440.3937316,1709217440.393743
4114,1709217440.4935904,1709217440.493598
4115,1709217440.5746489,1709217440.5746567
4116,1709217440.6864903,1709217440.6864998
4117,1709217440.7906795,1709217440.7906883
4118,1709217440.8805606,1709217440.880567
4119,1709217440.9738297,1709217440.9738376
4120,1709217441.090318,1709217441.0903244
4121,1709217441.1940303,1709217441.1940362
4122,1709217441.2823625,1709217441.2823694
4123,1709217441.380946,1709217441.3851895
4124,1709217441.4913986,1709217441.498996
4125,1709217441.5848734,1709217441.5913217
4126,1709217441.6799839,1709217441.6857598
4127,1709217441.7776692,1709217441.7818959
4128,1709217441.87572,1709217441.8813066
4129,1709217441.9786406,1709217441.985397
4130,1709217442.1945975,1709217442.1987932
4131,1709217442.2841518,1709217442.2888544
4132,1709217442.3823967,1709217442.3863344
4133,1709217442.4759421,1709217442.480841
4134,1709217442.5724459,1709217442.5765648
4135,1709217442.6737542,1709217442.6782658
4136,1709217442.7740507,1709217442.778141
4137,1709217442.8819842,1709217442.8859832
4138,1709217442.9768124,1709217442.9808989
4139,1709217443.0745256,1709217443.0787423
4140,1709217443.1725578,1709217443.1769571
4141,1709217443.2773776,1709217443.2813787
4142,1709217443.3727133,1709217443.377964
4143,1709217443.477488,1709217443.4815884
4144,1709217443.5794146,1709217443.585683
4145,1709217443.68737,1709217443.6920729
4146,1709217443.7750156,1709217443.7793643
4147,1709217443.875629,1709217443.8812625
4148,1709217443.9750676,1709217443.9792664
4149,1709217444.0718257,1709217444.0764165
4150,1709217444.1762435,1709217444.1799455
4151,1709217444.2771835,1709217444.2814646
4152,1709217444.3725617,1709217444.3773782
4153,1709217444.4722364,1709217444.4766748
4154,1709217444.584051,1709217444.5907726
4155,1709217444.6735833,1709217444.6781282
4156,1709217444.779508,1709217444.7835338
4157,1709217444.8764813,1709217444.8825583
4158,1709217444.974752,1709217444.9850757
4159,1709217445.0742228,1709217445.0788352
4160,1709217445.1725998,1709217445.1769068
4161,1709217445.2718368,1709217445.2776487
4162,1709217445.3736582,1709217445.3855715
4163,1709217445.4777737,1709217445.4824345
4164,1709217445.5808363,1709217445.587098
4165,1709217445.6851797,1709217445.689606
4166,1709217445.7812977,1709217445.790373
4167,1709217445.8827672,1709217445.8870468
4168,1709217445.9740086,1709217445.9805598
4169,1709217446.0784395,1709217446.0828154
4170,1709217446.175442,1709217446.1795142
4171,1709217446.2846808,1709217446.289333
4172,1709217446.371143,1709217446.3751216
4173,1709217446.4736264,1709217446.4774027
4174,1709217446.5780625,1709217446.581911
4175,1709217446.6794767,1709217446.6873262
4176,1709217446.7761436,1709217446.780127
4177,1709217446.8710902,1709217446.8765018
4178,1709217446.970037,1709217446.9743154
4179,1709217447.0724766,1709217447.076591
4180,1709217447.179407,1709217447.183438
4181,1709217447.2714148,1709217447.2758102
4182,1709217447.371785,1709217447.3801508
4183,1709217447.487561,1709217447.491977
4184,1709217447.5799673,1709217447.5855322
4185,1709217447.6736414,1709217447.6782076
4186,1709217447.7754724,1709217447.7788303
4187,1709217447.8741193,1709217447.8784802
4188,1709217447.976921,1709217447.9806852
4189,1709217448.0766854,1709217448.0812585
4190,1709217448.1748435,1709217448.1805246
4191,1709217448.2741122,1709217448.2785656
4192,1709217448.3774428,1709217448.3804564
4193,1709217448.516178,1709217448.522106
4194,1709217448.5782144,1709217448.584501
4195,1709217448.672088,1709217448.677564
4196,1709217448.7763898,1709217448.7814472
4197,1709217448.8743355,1709217448.8791075
4198,1709217448.973355,1709217448.9777298
4199,1709217449.080274,1709217449.086342
4200,1709217449.1741602,1709217449.178608
4201,1709217449.2745337,1709217449.2786038
4202,1709217449.3708043,1709217449.3754885
4203,1709217449.4766994,1709217449.4810743
4204,1709217449.5754032,1709217449.579442
4205,1709217449.6705437,1709217449.6755333
4206,1709217449.7768936,1709217449.7816477
4207,1709217449.8731813,1709217449.8772707
4208,1709217449.9709175,1709217449.9751358
4209,1709217450.0746498,1709217450.0816529
4210,1709217450.178271,1709217450.184626
4211,1709217450.2788146,1709217450.2845614
4212,1709217450.3857894,1709217450.3901541
4213,1709217450.4861972,1709217450.486203
4214,1709217450.5766997,1709217450.5767074
4215,1709217450.6731262,1709217450.6731312
4216,1709217450.7712402,1709217450.7712452
4217,1709217450.873502,1709217450.873507
4218,1709217450.973881,1709217450.9738865
4219,1709217451.0750446,1709217451.0750496
4220,1709217451.1751316,1709217451.175136
4221,1709217451.2811587,1709217451.2811682
4222,1709217451.3776066,1709217451.3776147
4223,1709217451.4723606,1709217451.472366
4224,1709217451.574665,1709217451.5746708
4225,1709217451.6769097,1709217451.6769154
4226,1709217451.7749429,1709217451.7749481
4227,1709217451.8834548,1709217451.8834603
4228,1709217451.979264,1709217451.9792702
4229,1709217452.0705445,1709217452.0705512
4230,1709217452.181069,1709217452.1810746
4231,1709217452.2736542,1709217452.27366
4232,1709217452.3845654,1709217452.3845751
4233,1709217452.479838,1709217452.4798448
4234,1709217452.5797987,1709217452.5798075
4235,1709217452.6734965,1709217452.6735022
4236,1709217452.7728038,1709217452.7728097
4237,1709217452.8759604,1709217452.8759663
4238,1709217452.9764092,1709217452.9764142
4239,1709217453.077149,1709217453.0771556
4240,1709217453.1743698,1709217453.1743762
4241,1709217453.2726383,1709217453.2726448
4242,1709217453.375275,1709217453.3752837
4243,1709217453.4806128,1709217453.4806194
4244,1709217453.5766287,1709217453.5766354
4245,1709217453.677977,1709217453.6779826
4246,1709217453.7705817,1709217453.7705874
4247,1709217453.8826144,1709217453.8826206
4248,1709217453.985233,1709217453.9852388
4249,1709217454.0698352,1709217454.0698416
4250,1709217454.1769922,1709217454.1769984
4251,1709217454.2800748,1709217454.2800815
4252,1709217454.3802423,1709217454.380249
4253,1709217454.4705322,1709217454.4705372
4254,1709217454.5720694,1709217454.5720747
4255,1709217454.6796691,1709217454.679676
4256,1709217454.7723494,1709217454.7723544
4257,1709217454.8764246,1709217454.8764305
4258,1709217454.9758954,1709217454.9759004
4259,1709217455.0808733,1709217455.0808809
4260,1709217455.180122,1709217455.180127
4261,1709217455.2749567,1709217455.2749639
4262,1709217455.3804274,1709217455.3804333
4263,1709217455.4769416,1709217455.4769468
4264,1709217455.5716994,1709217455.5717056
4265,1709217455.6826317,1709217455.6826372
4266,1709217455.7808626,1709217455.7808688
4267,1709217455.8833795,1709217455.8833845
4268,1709217455.9732482,1709217455.9732544
4269,1709217456.0742328,1709217456.0742412
4270,1709217456.1733515,1709217456.1733575
4271,1709217456.2715852,1709217456.2715907
4272,1709217456.3757622,1709217456.3757706
4273,1709217456.480451,1709217456.4804575
4274,1709217456.5803552,1709217456.5803654
4275,1709217456.6847353,1709217456.684743
4276,1709217456.7723145,1709217456.772321
4277,1709217456.8792524,1709217456.8792584
4278,1709217456.979851,1709217456.9798572
4279,1709217457.0817661,1709217457.0817726
4280,1709217457.1754785,1709217457.1754851
4281,1709217457.2799137,1709217457.2799196
4282,1709217457.3835404,1709217457.3835454
4283,1709217457.4756782,1709217457.4756851
4284,1709217457.582061,1709217457.5820699
4285,1709217457.6795187,1709217457.6795254
4286,1709217457.782672,1709217457.7826781
4287,1709217457.891684,1709217457.89169
4288,1709217457.9705405,1709217457.9705467
4289,1709217458.0709069,1709217458.070912
4290,1709217458.1771967,1709217458.1772034
4291,1709217458.2799263,1709217458.2799335
4292,1709217458.37476,1709217458.3747685
4293,1709217458.4745474,1709217458.474554
4294,1709217458.5797453,1709217458.5797515
4295,1709217458.6768548,1709217458.6768618
4296,1709217458.7755725,1709217458.7755775
4297,1709217458.8817515,1709217458.8817558
4298,1709217458.9768677,1709217458.976873
4299,1709217459.0751016,1709217459.075107
4300,1709217459.1748643,1709217459.1748714
4301,1709217459.2699816,1709217459.2699866
4302,1709217459.3808274,1709217459.380833
4303,1709217459.4726598,1709217459.4726672
4304,1709217459.6180189,1709217459.618025
4305,1709217459.6839159,1709217459.6839223
4306,1709217459.7797117,1709217459.7797194
4307,1709217459.873026,1709217459.8730314
4308,1709217459.974425,1709217459.9744306
4309,1709217460.076941,1709217460.0769475
4310,1709217460.188544,1709217460.1885512
4311,1709217460.2827344,1709217460.2827406
4312,1709217460.3759809,1709217460.3759863
4313,1709217460.4805622,1709217460.4805675
4314,1709217460.5801349,1709217460.5801432
4315,1709217460.6790788,1709217460.6790848
4316,1709217460.7813902,1709217460.7813964
4317,1709217460.8814,1709217460.88141
4318,1709217460.9758177,1709217460.9758275
4319,1709217461.0743415,1709217461.074354
4320,1709217461.1807187,1709217461.180725
4321,1709217461.2752664,1709217461.2752721
4322,1709217461.378817,1709217461.3788228
4323,1709217461.4832494,1709217461.4832554
4324,1709217461.5730793,1709217461.5730855
4325,1709217461.6744719,1709217461.6744773
4326,1709217461.7766528,1709217461.776659
4327,1709217461.8833053,1709217461.8833113
4328,1709217461.9754152,1709217461.9754202
4329,1709217462.0751693,1709217462.0751762
4330,1709217462.1711197,1709217462.1711369
4331,1709217462.2736475,1709217462.273654
4332,1709217462.3754578,1709217462.3754642
4333,1709217462.4730175,1709217462.473024
4334,1709217462.573933,1709217462.5739377
4335,1709217462.681295,1709217462.6813033
4336,1709217462.775871,1709217462.7758763
4337,1709217462.8771126,1709217462.8771179
4338,1709217462.9732559,1709217462.973261
4339,1709217463.0725703,1709217463.0725758
4340,1709217463.1759505,1709217463.175957
4341,1709217463.275476,1709217463.275482
4342,1709217463.3800888,1709217463.380094
4343,1709217463.4765456,1709217463.4765515
4344,1709217463.578604,1709217463.5786097
4345,1709217463.6825013,1709217463.6825063
4346,1709217463.7779055,1709217463.7779107
4347,1709217463.8848982,1709217463.8849056
4348,1709217463.9809597,1709217463.980965
4349,1709217464.082479,1709217464.0824864
4350,1709217464.1755605,1709217464.1755676
4351,1709217464.282094,1709217464.2821004
4352,1709217464.3755932,1709217464.3755999
4353,1709217464.4812841,1709217464.4812908
4354,1709217464.581696,1709217464.5817037
4355,1709217464.683468,1709217464.6834753
4356,1709217464.7791116,1709217464.7791185
4357,1709217464.8813658,1709217464.881371
4358,1709217464.9786854,1709217464.978691
4359,1709217465.0791907,1709217465.0791972
4360,1709217465.1889827,1709217465.1889908
4361,1709217465.2764466,1709217465.2764535
4362,1709217465.3765674,1709217465.3765738
4363,1709217465.479253,1709217465.47926
4364,1709217465.5770032,1709217465.5770109
4365,1709217465.685433,1709217465.6854396
4366,1709217465.782365,1709217465.782371
4367,1709217465.879267,1709217465.879273
4368,1709217465.9829433,1709217465.9829488
4369,1709217466.0836837,1709217466.0836906
4370,1709217466.1840773,1709217466.1840835
4371,1709217466.2767084,1709217466.2767143
4372,1709217466.4024765,1709217466.4024823
4373,1709217466.4790177,1709217466.4790242
4374,1709217466.5820434,1709217466.5820491
4375,1709217466.6839745,1709217466.6839797
4376,1709217466.7866986,1709217466.7867045
4377,1709217466.8921683,1709217466.8921735
4378,1709217466.9763615,1709217466.9763675
4379,1709217467.0919523,1709217467.091958
4380,1709217467.1871738,1709217467.1871789
4381,1709217467.2792888,1709217467.2792957
4382,1709217467.3740604,1709217467.3740656
4383,1709217467.479456,1709217467.4794614
4384,1709217467.5767126,1709217467.5767202
4385,1709217467.6716723,1709217467.6716783
4386,1709217467.7727716,1709217467.7727773
4387,1709217467.8808336,1709217467.880842
4388,1709217467.9843807,1709217467.984387
4389,1709217468.085614,1709217468.0856192
4390,1709217468.175262,1709217468.1752682
4391,1709217468.2881293,1709217468.2881348
4392,1709217468.3791745,1709217468.379182
4393,1709217468.4820716,1709217468.4820788
4394,1709217468.5736933,1709217468.5737002
4395,1709217468.685316,1709217468.6853232
4396,1709217468.7864914,1709217468.7864988
4397,1709217468.8799043,1709217468.8799105
4398,1709217468.9700978,1709217468.9701028
4399,1709217469.0743465,1709217469.074351
4400,1709217469.1750267,1709217469.1750338
4401,1709217469.2730143,1709217469.2730198
4402,1709217469.3819416,1709217469.3819504
4403,1709217469.4756682,1709217469.4756753
4404,1709217469.583616,1709217469.5836244
4405,1709217469.6759398,1709217469.6759458
4406,1709217469.7764034,1709217469.7764087
4407,1709217469.8777432,1709217469.8777516
4408,1709217469.9743202,1709217469.9743264
4409,1709217470.0812318,1709217470.0812383
4410,1709217470.1747131,1709217470.1747193
4411,1709217470.283932,1709217470.283938
4412,1709217470.375019,1709217470.3750238
4413,1709217470.479047,1709217470.4790547
4414,1709217470.6077611,1709217470.6077664
4415,1709217470.674313,1709217470.6743176
4416,1709217470.784166,1709217470.7841713
4417,1709217470.872197,1709217470.872202
4418,1709217470.9775712,1709217470.9775786
4419,1709217471.0844226,1709217471.0844283
4420,1709217471.181913,1709217471.1819189
4421,1709217471.2807424,1709217471.2807484
4422,1709217471.370097,1709217471.3701022
4423,1709217471.4758089,1709217471.4758158
4424,1709217471.5815616,1709217471.5815678
4425,1709217471.6746004,1709217471.6746066
4426,1709217471.7791486,1709217471.779154
4427,1709217471.8873289,1709217471.8873339
4428,1709217471.973243,1709217471.9732468
4429,1709217472.0754359,1709217472.075442
4430,1709217472.1732628,1709217472.1732688
4431,1709217472.2750943,1709217472.275101
4432,1709217472.3781145,1709217472.3781214
4433,1709217472.481045,1709217472.4810524
4434,1709217472.5903254,1709217472.5903337
4435,1709217472.6775744,1709217472.6775813
4436,1709217472.7824533,1709217472.7824616
4437,1709217472.8740716,1709217472.8740778
4438,1709217472.9712558,1709217472.971262
4439,1709217473.0758734,1709217473.075881
4440,1709217473.1785212,1709217473.1785264
4441,1709217473.2898974,1709217473.289905
4442,1709217473.3827171,1709217473.3827224
4443,1709217473.4799755,1709217473.4799798
4444,1709217473.5820725,1709217473.582079
4445,1709217473.6886828,1709217473.688689
4446,1709217473.7781591,1709217473.7781634
4447,1709217473.880083,1709217473.8800886
4448,1709217473.9872465,1709217473.9872544
4449,1709217474.0785716,1709217474.078579
4450,1709217474.1805043,1709217474.1805103
4451,1709217474.276452,1709217474.2764587
4452,1709217474.376807,1709217474.3768125
4453,1709217474.4763305,1709217474.476337
4454,1709217474.5799634,1709217474.579973
4455,1709217474.676758,1709217474.6767626
4456,1709217474.7840474,1709217474.7840524
4457,1709217474.8859496,1709217474.8859553
4458,1709217474.9819715,1709217474.9819763
4459,1709217475.0845702,1709217475.0845764
4460,1709217475.178777,1709217475.1787817
4461,1709217475.2830017,1709217475.2830074
4462,1709217475.376673,1709217475.3766787
4463,1709217475.476758,1709217475.4767635
4464,1709217475.5916286,1709217475.5916357
4465,1709217475.678263,1709217475.6782687
4466,1709217475.7810209,1709217475.7810273
4467,1709217475.8808804,1709217475.8808846
4468,1709217475.9817545,1709217475.981759
4469,1709217476.081006,1709217476.081012
4470,1709217476.1737041,1709217476.17371
4471,1709217476.274447,1709217476.2744527
4472,1709217476.3772485,1709217476.3772542
4473,1709217476.476274,1709217476.4762812
4474,1709217476.5820105,1709217476.5820155
4475,1709217476.675453,1709217476.6754591
4476,1709217476.77335,1709217476.7733583
4477,1709217476.875828,1709217476.8758352
4478,1709217476.9726517,1709217476.9726646
4479,1709217477.0704675,1709217477.070474
4480,1709217477.180221,1709217477.1802266
4481,1709217477.2735074,1709217477.2735126
4482,1709217477.371754,1709217477.371763
4483,1709217477.480095,1709217477.480101
4484,1709217477.581541,1709217477.5815458
4485,1709217477.6753218,1709217477.6753256
4486,1709217477.7785301,1709217477.7785394
4487,1709217477.8755152,1709217477.8755221
4488,1709217477.9749453,1709217477.9749517
4489,1709217478.0834975,1709217478.0835028
4490,1709217478.1742105,1709217478.174217
4491,1709217478.2769003,1709217478.276905
4492,1709217478.3835282,1709217478.3835342
4493,1709217478.481664,1709217478.4816709
4494,1709217478.5766716,1709217478.5766785
4495,1709217478.6809452,1709217478.6809528
4496,1709217478.7711613,1709217478.771167
4497,1709217478.8837028,1709217478.8837087
4498,1709217478.984117,1709217478.9841232
4499,1709217479.0770004,1709217479.077006
4500,1709217479.171547,1709217479.1715539
4501,1709217479.2814972,1709217479.281504
4502,1709217479.693735,1709217479.6937435
4503,1709217479.7013566,1709217479.701364
4504,1709217479.7831786,1709217479.7831852
4505,1709217479.8819346,1709217479.881941
4506,1709217479.9831555,1709217479.9831617
4507,1709217480.0788085,1709217480.078814
4508,1709217480.1808574,1709217480.1808624
4509,1709217480.2883403,1709217480.2883472
4510,1709217480.3852239,1709217480.3852298
4511,1709217480.4815352,1709217480.4815426
4512,1709217480.5753822,1709217480.5753877
4513,1709217480.6918917,1709217480.6918988
4514,1709217480.7754617,1709217480.7754693
4515,1709217480.8735874,1709217480.8735938
4516,1709217480.9763505,1709217480.9763575
4517,1709217481.0750704,1709217481.0750768
4518,1709217481.1755772,1709217481.175581
4519,1709217481.2787747,1709217481.2787814
4520,1709217481.3757145,1709217481.3757238
4521,1709217481.4810739,1709217481.48108
4522,1709217481.5810902,1709217481.5810962
4523,1709217481.677393,1709217481.6773982
4524,1709217481.7769663,1709217481.776974
4525,1709217481.8833265,1709217481.8833325
4526,1709217481.9791286,1709217481.9791336
4527,1709217482.0819454,1709217482.0819528
4528,1709217482.1829817,1709217482.182987
4529,1709217482.2850723,1709217482.285078
4530,1709217482.3796608,1709217482.3796668
4531,1709217482.479233,1709217482.4792402
4532,1709217482.5782535,1709217482.5782595
4533,1709217482.6764464,1709217482.6764524
4534,1709217482.7780423,1709217482.7780488
4535,1709217482.8834002,1709217482.8834064
4536,1709217482.9842834,1709217482.984288
4537,1709217483.0730038,1709217483.0730093
4538,1709217483.177967,1709217483.1779757
4539,1709217483.2736974,1709217483.2737026
4540,1709217483.372895,1709217483.3729002
4541,1709217483.4782588,1709217483.4782655
4542,1709217483.5702157,1709217483.5702224
4543,1709217483.6749613,1709217483.674968
4544,1709217483.7759578,1709217483.7759624
4545,1709217483.8824399,1709217483.8824456
4546,1709217483.9742136,1709217483.974219
4547,1709217484.0893662,1709217484.0893724
4548,1709217484.177148,1709217484.1771557
4549,1709217484.2722538,1709217484.272259
4550,1709217484.3823426,1709217484.3823497
4551,1709217484.4749122,1709217484.4749184
4552,1709217484.589245,1709217484.5892527
4553,1709217484.670828,1709217484.670834
4554,1709217484.7834773,1709217484.7834835
4555,1709217484.8766108,1709217484.8766143
4556,1709217484.9772725,1709217484.9772775
4557,1709217485.0808089,1709217485.0808127
4558,1709217485.17432,1709217485.174325
4559,1709217485.2845795,1709217485.2845857
4560,1709217485.3780537,1709217485.3780591
4561,1709217485.472786,1709217485.4727912
4562,1709217485.5758708,1709217485.5758758
4563,1709217485.67317,1709217485.6731758
4564,1709217485.7791958,1709217485.779202
4565,1709217485.8878865,1709217485.887892
4566,1709217485.9728026,1709217485.9728076
4567,1709217486.083088,1709217486.0830917
4568,1709217486.1764016,1709217486.1764073
4569,1709217486.274061,1709217486.2740664
4570,1709217486.378658,1709217486.378664
4571,1709217486.4903371,1709217486.490341
4572,1709217486.5861804,1709217486.5861864
4573,1709217486.6744735,1709217486.6744783
4574,1709217486.7727082,1709217486.772713
4575,1709217486.8872445,1709217486.8872492
4576,1709217486.9815876,1709217486.9815938
4577,1709217487.0831845,1709217487.0831897
4578,1709217487.1768074,1709217487.1768138
4579,1709217487.2746644,1709217487.274671
4580,1709217487.3806086,1709217487.3806162
4581,1709217487.4792776,1709217487.4792848
4582,1709217487.584373,1709217487.5843809
4583,1709217487.674639,1709217487.6746454
4584,1709217487.7755463,1709217487.7755525
4585,1709217487.8736022,1709217487.8736084
4586,1709217487.9734578,1709217487.9734638
4587,1709217488.0800228,1709217488.0800273
4588,1709217488.1769516,1709217488.1769574
4589,1709217488.273623,1709217488.2736287
4590,1709217488.386054,1709217488.386062
4591,1709217488.4736996,1709217488.473705
4592,1709217488.581305,1709217488.5813117
4593,1709217488.67354,1709217488.6735458
4594,1709217488.772853,1709217488.772858
4595,1709217488.877481,1709217488.877486
4596,1709217488.9729772,1709217488.9729853
4597,1709217489.080012,1709217489.0800176
4598,1709217489.1792483,1709217489.1792567
4599,1709217489.282356,1709217489.282361
4600,1709217489.3760357,1709217489.3760426
4601,1709217489.4708426,1709217489.4708493
4602,1709217489.58809,1709217489.5880969
4603,1709217489.672077,1709217489.6720834
4604,1709217489.7847738,1709217489.7847774
4605,1709217489.8719463,1709217489.8719513
4606,1709217489.9737136,1709217489.973719
4607,1709217490.0780094,1709217490.0780158
4608,1709217490.174246,1709217490.1742527
4609,1709217490.2788,1709217490.2788074
4610,1709217490.3799136,1709217490.3799183
4611,1709217490.4714901,1709217490.4714963
4612,1709217490.5739152,1709217490.5739205
4613,1709217490.6764193,1709217490.6764274
4614,1709217490.794518,1709217490.7945237
4615,1709217490.8857172,1709217490.885723
4616,1709217490.9795713,1709217490.9795773
4617,1709217491.0908093,1709217491.0908153
4618,1709217491.1813295,1709217491.181338
4619,1709217491.2792804,1709217491.279286
4620,1709217491.378265,1709217491.3782704
4621,1709217491.4767358,1709217491.4767413
4622,1709217491.5706131,1709217491.570619
4623,1709217491.681421,1709217491.6814284
4624,1709217491.7738068,1709217491.7738125
4625,1709217491.8752146,1709217491.8752213
4626,1709217491.9766793,1709217491.976685
4627,1709217492.0761945,1709217492.0762002
4628,1709217492.1708891,1709217492.170895
4629,1709217492.270912,1709217492.2709177
4630,1709217492.377603,1709217492.3776124
4631,1709217492.4819543,1709217492.4819617
4632,1709217492.5851586,1709217492.5851648
4633,1709217492.6802738,1709217492.6802795
4634,1709217492.809903,1709217492.8099113
4635,1709217492.9010417,1709217492.901049
4636,1709217492.9757776,1709217492.9757838
4637,1709217493.0709784,1709217493.070985
4638,1709217493.1769533,1709217493.1769621
4639,1709217493.2722821,1709217493.272288
4640,1709217493.377693,1709217493.3776996
4641,1709217493.4874222,1709217493.4874291
4642,1709217493.5770345,1709217493.5770385
4643,1709217493.682867,1709217493.6828728
4644,1709217493.7866917,1709217493.7866976
4645,1709217493.8817,1709217493.881706
4646,1709217493.973569,1709217493.973575
4647,1709217494.0801775,1709217494.0801828
4648,1709217494.1753893,1709217494.175397
4649,1709217494.27584,1709217494.2758467
4650,1709217494.3854916,1709217494.3854961
4651,1709217494.4763138,1709217494.4763196
4652,1709217494.5831256,1709217494.5831323
4653,1709217494.6752315,1709217494.675238
4654,1709217494.7851493,1709217494.7851543
4655,1709217494.8796372,1709217494.879643
4656,1709217494.9799898,1709217494.9799962
4657,1709217495.0863974,1709217495.086403
4658,1709217495.1835287,1709217495.1835618
4659,1709217495.273549,1709217495.2735548
4660,1709217495.3754997,1709217495.3755062
4661,1709217495.4748888,1709217495.4748967
4662,1709217495.5788326,1709217495.5788388
4663,1709217495.6803234,1709217495.6803308
4664,1709217495.7754526,1709217495.7754567
4665,1709217495.8867717,1709217495.8867772
4666,1709217495.9740024,1709217495.9740076
4667,1709217496.0790374,1709217496.079043
4668,1709217496.1800723,1709217496.1800783
4669,1709217496.2765174,1709217496.276525
4670,1709217496.3820598,1709217496.3820658
4671,1709217496.4731407,1709217496.4731472
4672,1709217496.5827003,1709217496.5827062
4673,1709217496.6749043,1709217496.6749094
4674,1709217496.7713456,1709217496.7713523
4675,1709217496.8704786,1709217496.8704839
4676,1709217496.9764564,1709217496.9764602
4677,1709217497.0779579,1709217497.0779636
4678,1709217497.1747456,1709217497.17475
4679,1709217497.2713773,1709217497.2713828
4680,1709217497.3787005,1709217497.378706
4681,1709217497.4725692,1709217497.4725752
4682,1709217497.5802133,1709217497.58022
4683,1709217497.6757226,1709217497.675729
4684,1709217497.7736385,1709217497.773644
4685,1709217497.8845723,1709217497.8845778
4686,1709217497.9779115,1709217497.9779184
4687,1709217498.0809789,1709217498.0809853
4688,1709217498.1753068,1709217498.1753156
4689,1709217498.2798438,1709217498.2798498
4690,1709217498.3858237,1709217498.3858306
4691,1709217498.4849844,1709217498.4849894
4692,1709217498.5753458,1709217498.5753512
4693,1709217498.6757548,1709217498.6757607
4694,1709217498.7732153,1709217498.7732215
4695,1709217498.8715823,1709217498.8715858
4696,1709217498.9756699,1709217498.975676
4697,1709217499.0697222,1709217499.0697272
4698,1709217499.1888773,1709217499.188882
4699,1709217499.278152,1709217499.2781575
4700,1709217499.37421,1709217499.3742156
4701,1709217499.4717238,1709217499.4717298
4702,1709217499.5770283,1709217499.577034
4703,1709217499.678852,1709217499.678859
4704,1709217499.7782383,1709217499.778243
4705,1709217499.8799932,1709217499.8799984
4706,1709217499.9863572,1709217499.9863694
4707,1709217500.0829542,1709217500.082963
4708,1709217500.1785693,1709217500.1785748
4709,1709217500.2765896,1709217500.2765958
4710,1709217500.37253,1709217500.3725367
4711,1709217500.4748082,1709217500.474815
4712,1709217500.5709407,1709217500.5709448
4713,1709217500.675501,1709217500.6755075
4714,1709217500.771228,1709217500.771237
4715,1709217500.8757842,1709217500.8757904
4716,1709217500.9800792,1709217500.980085
4717,1709217501.076382,1709217501.0763865
4718,1709217501.1717691,1709217501.1717753
4719,1709217501.2763035,1709217501.2763102
4720,1709217501.3731523,1709217501.3731582
4721,1709217501.479223,1709217501.4792304
4722,1709217501.5750408,1709217501.5750475
4723,1709217501.6715739,1709217501.6715784
4724,1709217501.775068,1709217501.7750769
4725,1709217501.8714108,1709217501.8714163
4726,1709217501.9722252,1709217501.9722319
4727,1709217502.0745063,1709217502.0745125
4728,1709217502.1709785,1709217502.1709845
4729,1709217502.2730925,1709217502.2730985
4730,1709217502.3850493,1709217502.3851047
4731,1709217502.4764454,1709217502.4764988
4732,1709217502.5750403,1709217502.5751283
4733,1709217502.6736777,1709217502.6737268
4734,1709217502.7829237,1709217502.782974
4735,1709217502.8826375,1709217502.8827262
4736,1709217502.9762762,1709217502.9763236
4737,1709217503.0788112,1709217503.0788565
4738,1709217503.173786,1709217503.173837
4739,1709217503.277286,1709217503.2773337
4740,1709217503.3745387,1709217503.3746443
4741,1709217503.4721692,1709217503.4722586
4742,1709217503.5762045,1709217503.576255
4743,1709217503.6720223,1709217503.67207
4744,1709217503.7786236,1709217503.7786782
4745,1709217503.901451,1709217503.9015553
4746,1709217503.973982,1709217503.9740314
4747,1709217504.0728476,1709217504.0728965
4748,1709217504.1741793,1709217504.1742249
4749,1709217504.2724998,1709217504.2725418
4750,1709217504.373128,1709217504.3731797
4751,1709217504.4713483,1709217504.471399
4752,1709217504.570201,1709217504.5702538
4753,1709217504.671882,1709217504.6719608
4754,1709217504.7740898,1709217504.7741685
4755,1709217504.8838017,1709217504.8838437
4756,1709217504.9754343,1709217504.9754806
4757,1709217505.078804,1709217505.0788574
4758,1709217505.181938,1709217505.1819854
4759,1709217505.2718532,1709217505.2719
4760,1709217505.3735425,1709217505.3735874
4761,1709217505.478091,1709217505.478142
4762,1709217505.5758677,1709217505.5759194
4763,1709217505.6738248,1709217505.6738877
4764,1709217505.7737956,1709217505.7738447
4765,1709217505.874293,1709217505.8743875
4766,1709217505.9778929,1709217505.9779737
4767,1709217506.0724087,1709217506.0724814
4768,1709217506.1776016,1709217506.1776543
4769,1709217506.2809842,1709217506.2810297
4770,1709217506.3741739,1709217506.374219
4771,1709217506.4827383,1709217506.4828353
4772,1709217506.5750613,1709217506.5751495
4773,1709217506.67371,1709217506.67379
4774,1709217506.7833853,1709217506.7834375
4775,1709217506.8787358,1709217506.8787863
4776,1709217506.9722133,1709217506.972261
4777,1709217507.0710237,1709217507.0711083
4778,1709217507.178587,1709217507.1786375
4779,1709217507.2719586,1709217507.2720118
4780,1709217507.3803358,1709217507.3803883
4781,1709217507.48214,1709217507.4821982
4782,1709217507.5759149,1709217507.5759645
4783,1709217507.6805658,1709217507.6806092
4784,1709217507.7772481,1709217507.7773411
4785,1709217507.8747358,1709217507.8748243
4786,1709217507.9734323,1709217507.97353
4787,1709217508.0749836,1709217508.0750453
4788,1709217508.1796646,1709217508.17974
4789,1709217508.272404,1709217508.2725842
4790,1709217508.376453,1709217508.3765202
4791,1709217508.472192,1709217508.4722376
4792,1709217508.580495,1709217508.5805428
4793,1709217508.6797092,1709217508.6797595
4794,1709217508.776085,1709217508.7761424
4795,1709217508.875703,1709217508.8757553
4796,1709217508.9730642,1709217508.9731064
4797,1709217509.0713358,1709217509.0713933
4798,1709217509.1787279,1709217509.1787744
4799,1709217509.2726576,1709217509.2726989
4800,1709217509.3718832,1709217509.371969
4801,1709217509.4754434,1709217509.475538
4802,1709217509.5748944,1709217509.5749383
4803,1709217509.678233,1709217509.6782727
4804,1709217509.7724547,1709217509.7725015
4805,1709217509.8738298,1709217509.8739066
4806,1709217509.9804142,1709217509.9804676
4807,1709217510.0761266,1709217510.0761836
4808,1709217510.1735737,1709217510.1736345
4809,1709217510.2798793,1709217510.2799358
4810,1709217510.3840284,1709217510.3840725
4811,1709217510.4800725,1709217510.4801533
4812,1709217510.5782657,1709217510.5783348
4813,1709217510.6736307,1709217510.6736794
4814,1709217510.7731051,1709217510.7732782
4815,1709217510.8751109,1709217510.8751957
4816,1709217510.9724436,1709217510.972538
4817,1709217511.071948,1709217511.072029
4818,1709217511.1735866,1709217511.1740007
4819,1709217511.283877,1709217511.2840385
4820,1709217511.38026,1709217511.3803422
4821,1709217511.480472,1709217511.4805667
4822,1709217511.5706797,1709217511.5707667
4823,1709217511.6734724,1709217511.6735668
4824,1709217511.772397,1709217511.7724829
4825,1709217511.8764195,1709217511.8764644
4826,1709217511.9715123,1709217511.9715955
4827,1709217512.0730336,1709217512.0731285
4828,1709217512.1811388,1709217512.1812208
4829,1709217512.272647,1709217512.2727618
4830,1709217512.3763669,1709217512.3764122
4831,1709217512.4757357,1709217512.475813
4832,1709217512.57238,1709217512.5724597
4833,1709217512.6731818,1709217512.6732743
4834,1709217512.772333,1709217512.77238
4835,1709217512.8775475,1709217512.8775933
4836,1709217512.9851942,1709217512.9852664
4837,1709217513.0769668,1709217513.0770166
4838,1709217513.1822073,1709217513.1822531
4839,1709217513.2741256,1709217513.2741804
4840,1709217513.3755925,1709217513.3756394
4841,1709217513.4801338,1709217513.4801962
4842,1709217513.577578,1709217513.57763
4843,1709217513.676025,1709217513.6760685
4844,1709217513.7823086,1709217513.7823613
4845,1709217513.8743792,1709217513.8744457
4846,1709217513.9762866,1709217513.9763415
4847,1709217514.0747766,1709217514.0748196
4848,1709217514.180968,1709217514.1810215
4849,1709217514.2760568,1709217514.2761195
4850,1709217514.372731,1709217514.3727732
4851,1709217514.4748616,1709217514.4749153
4852,1709217514.5747478,1709217514.5747948
4853,1709217514.677041,1709217514.677084
4854,1709217514.7732372,1709217514.7733076
4855,1709217514.9048293,1709217514.9048812
4856,1709217514.9768298,1709217514.9768791
4857,1709217515.0765073,1709217515.076556
4858,1709217515.179532,1709217515.179599
4859,1709217515.2707734,1709217515.2708483
4860,1709217515.3714404,1709217515.371495
4861,1709217515.485648,1709217515.4857283
4862,1709217515.5733585,1709217515.573414
4863,1709217515.6746655,1709217515.6747148
4864,1709217515.779136,1709217515.7791822
4865,1709217515.882073,1709217515.882137
4866,1709217515.9739556,1709217515.9740057
4867,1709217516.0732596,1709217516.073307
4868,1709217516.1811488,1709217516.181199
4869,1709217516.2704825,1709217516.270562
4870,1709217516.380084,1709217516.3801644
4871,1709217516.4793856,1709217516.4795985
4872,1709217516.5719826,1709217516.5720685
4873,1709217516.680357,1709217516.6804376
4874,1709217516.772823,1709217516.7728646
4875,1709217516.8827553,1709217516.8827624
4876,1709217516.9730124,1709217516.9730203
4877,1709217517.0762436,1709217517.076249
4878,1709217517.1725552,1709217517.1725616
4879,1709217517.277082,1709217517.277089
4880,1709217517.3759427,1709217517.3759491
4881,1709217517.4854822,1709217517.4854898
4882,1709217517.5844092,1709217517.5844157
4883,1709217517.6772573,1709217517.6772633
4884,1709217517.777178,1709217517.7771862
4885,1709217517.874533,1709217517.8745399
4886,1709217517.979515,1709217517.9795196
4887,1709217518.078717,1709217518.078725
4888,1709217518.177662,1709217518.1776693
4889,1709217518.2707965,1709217518.2708056
4890,1709217518.3716242,1709217518.371631
4891,1709217518.4745245,1709217518.4745317
4892,1709217518.5758257,1709217518.5758333
4893,1709217518.675096,1709217518.6751032
4894,1709217518.7731495,1709217518.7731564
4895,1709217518.8730402,1709217518.8730454
4896,1709217518.9741657,1709217518.9771655
4897,1709217519.0762482,1709217519.081287
4898,1709217519.1771836,1709217519.181096
4899,1709217519.2723606,1709217519.27661
4900,1709217519.3723164,1709217519.3749967
4901,1709217519.4788747,1709217519.483166
4902,1709217519.576948,1709217519.581964
4903,1709217519.6740615,1709217519.6783533
4904,1709217519.772275,1709217519.7766113
4905,1709217519.871377,1709217519.876
4906,1709217519.9724083,1709217519.9775012
4907,1709217520.0743785,1709217520.079687
4908,1709217520.1722045,1709217520.1780589
4909,1709217520.2745526,1709217520.277355
4910,1709217520.3766284,1709217520.3815358
4911,1709217520.4746304,1709217520.4804332
4912,1709217520.5834525,1709217520.5872784
4913,1709217520.6754394,1709217520.6792762
4914,1709217520.777562,1709217520.7819574
4915,1709217520.8719296,1709217520.87663
4916,1709217520.9703782,1709217520.9744542
4917,1709217521.0798566,1709217521.0869772
4918,1709217521.170661,1709217521.174819
4919,1709217521.2716408,1709217521.2759204
4920,1709217521.3724136,1709217521.3770196
4921,1709217521.471336,1709217521.4756851
4922,1709217521.573701,1709217521.5783966
4923,1709217521.6752992,1709217521.6820374
4924,1709217521.7742414,1709217521.7786767
4925,1709217521.874243,1709217521.8794715
4926,1709217521.9710999,1709217521.975217
4927,1709217522.082981,1709217522.087182
4928,1709217522.1756687,1709217522.179966
4929,1709217522.2717307,1709217522.2767403
4930,1709217522.3839579,1709217522.3868074
4931,1709217522.483237,1709217522.4857924
4932,1709217522.5771737,1709217522.581658
4933,1709217522.6749125,1709217522.681581
4934,1709217522.7708068,1709217522.7757258
4935,1709217522.8750398,1709217522.8811224
4936,1709217522.9843702,1709217522.9887576
4937,1709217523.0767183,1709217523.0816722
4938,1709217523.186111,1709217523.1961472
4939,1709217523.2882366,1709217523.2934747
4940,1709217523.3775496,1709217523.3827865
4941,1709217523.4766254,1709217523.479767
4942,1709217523.5747478,1709217523.578133
4943,1709217523.6731927,1709217523.678154
4944,1709217523.7748337,1709217523.7796657
4945,1709217523.8811579,1709217523.8852758
4946,1709217523.9724524,1709217523.9764392
4947,1709217524.083179,1709217524.086325
4948,1709217524.1752038,1709217524.180549
4949,1709217524.2738442,1709217524.2776062
4950,1709217524.376807,1709217524.381005
4951,1709217524.4763036,1709217524.4808435
4952,1709217524.5790536,1709217524.5834327
4953,1709217524.6866298,1709217524.6910267
4954,1709217524.7721908,1709217524.7770526
4955,1709217524.8834832,1709217524.8883834
4956,1709217524.9967573,1709217525.001471
4957,1709217525.0814126,1709217525.0857415
4958,1709217525.1799133,1709217525.1841662
4959,1709217525.273977,1709217525.278685
4960,1709217525.3747303,1709217525.3789778
4961,1709217525.4766793,1709217525.4817607
4962,1709217525.5781305,1709217525.5827405
4963,1709217525.6769009,1709217525.6813717
4964,1709217525.7811396,1709217525.7853463
4965,1709217525.8848736,1709217525.8894515
4966,1709217525.9733434,1709217525.9781141
4967,1709217526.0760646,1709217526.0801272
4968,1709217526.1762133,1709217526.1803
4969,1709217526.276882,1709217526.280695
4970,1709217526.3833272,1709217526.3876588
4971,1709217526.4849277,1709217526.488127
4972,1709217526.58499,1709217526.589598
4973,1709217526.6823478,1709217526.6850324
4974,1709217526.7832067,1709217526.7871296
4975,1709217526.8781793,1709217526.8824086
4976,1709217526.9791663,1709217526.982598
4977,1709217527.079213,1709217527.0836496
4978,1709217527.1794367,1709217527.1834757
4979,1709217527.2813778,1709217527.285723
4980,1709217527.3729339,1709217527.3776286
4981,1709217527.4842381,1709217527.4889073
4982,1709217527.5789094,1709217527.5831432
4983,1709217527.6799014,1709217527.683029
4984,1709217527.7802482,1709217527.784586
4985,1709217527.8767467,1709217527.8810337
4986,1709217527.9740217,1709217527.9776638
4987,1709217528.077125,1709217528.0812442
4988,1709217528.1788461,1709217528.183146
4989,1709217528.273751,1709217528.2813869
4990,1709217528.3803186,1709217528.3842
4991,1709217528.480925,1709217528.4853053
4992,1709217528.5808718,1709217528.584768
4993,1709217528.682261,1709217528.687384
4994,1709217528.7806895,1709217528.7847066
4995,1709217528.884687,1709217528.8918667
4996,1709217528.9777503,1709217528.9820306
4997,1709217529.0742059,1709217529.0780153
4998,1709217529.1805172,1709217529.184934
4999,1709217529.274359,1709217529.278489
5000,1709217529.3767908,1709217529.3813856
5001,1709217529.490654,1709217529.494778
5002,1709217529.5784547,1709217529.58351
5003,1709217529.673384,1709217529.678335
5004,1709217529.7810035,1709217529.784539
5005,1709217529.8903375,1709217529.8941364
5006,1709217529.9726326,1709217529.977251
5007,1709217530.0816047,1709217530.0857143
5008,1709217530.1755419,1709217530.179332
5009,1709217530.2811062,1709217530.285271
5010,1709217530.376232,1709217530.3803043
5011,1709217530.480476,1709217530.4869885
5012,1709217530.5790937,1709217530.5829449
5013,1709217530.674502,1709217530.6789815
5014,1709217530.7705173,1709217530.7747967
5015,1709217530.873361,1709217530.8760784
5016,1709217530.9819527,1709217530.9861581
5017,1709217531.0842721,1709217531.089032
5018,1709217531.1753387,1709217531.1796944
5019,1709217531.2726989,1709217531.2772539
5020,1709217531.3714767,1709217531.3764882
5021,1709217531.475986,1709217531.4798706
5022,1709217531.574959,1709217531.579878
5023,1709217531.6737785,1709217531.6791859
5024,1709217531.7764323,1709217531.7807226
5025,1709217531.875983,1709217531.8804023
5026,1709217531.97952,1709217531.9823534
5027,1709217532.0813386,1709217532.086233
5028,1709217532.1729674,1709217532.176261
5029,1709217532.2714024,1709217532.2756603
5030,1709217532.3803456,1709217532.387342
5031,1709217532.4720705,1709217532.4763136
5032,1709217532.574386,1709217532.578805
5033,1709217532.67475,1709217532.6781583
5034,1709217532.7843072,1709217532.7890055
5035,1709217532.8887434,1709217532.8924782
5036,1709217532.9755566,1709217532.980129
5037,1709217533.078149,1709217533.082564
5038,1709217533.177217,1709217533.1817605
5039,1709217533.275001,1709217533.279178
5040,1709217533.3844113,1709217533.388455
5041,1709217533.478428,1709217533.4833827
5042,1709217533.573771,1709217533.577957
5043,1709217533.6777143,1709217533.681956
5044,1709217533.7825298,1709217533.786533
5045,1709217533.8772786,1709217533.8815963
5046,1709217533.9769564,1709217533.9816182
5047,1709217534.0801055,1709217534.0862243
5048,1709217534.1812794,1709217534.1867228
5049,1709217534.273778,1709217534.277684
5050,1709217534.377457,1709217534.3828933
5051,1709217534.473706,1709217534.4767365
5052,1709217534.5873992,1709217534.5916781
5053,1709217534.6798937,1709217534.6854222
5054,1709217534.7722814,1709217534.7760587
5055,1709217534.8708682,1709217534.876364
5056,1709217535.0017292,1709217535.0061684
5057,1709217535.076445,1709217535.0813298
5058,1709217535.1835084,1709217535.18775
5059,1709217535.2747579,1709217535.277853
5060,1709217535.3726537,1709217535.3770926
5061,1709217535.4755635,1709217535.4803374
5062,1709217535.573799,1709217535.577755
5063,1709217535.6886718,1709217535.6932275
5064,1709217535.7800028,1709217535.7843869
5065,1709217535.875992,1709217535.8805072
5066,1709217535.9782584,1709217535.9849727
5067,1709217536.07668,1709217536.0814474
5068,1709217536.1831565,1709217536.1876774
5069,1709217536.2821147,1709217536.2900214
5070,1709217536.38055,1709217536.3857353
5071,1709217536.4742885,1709217536.4787924
5072,1709217536.5733397,1709217536.5767813
5073,1709217536.6747925,1709217536.6799154
5074,1709217536.7805579,1709217536.7849782
5075,1709217536.8759317,1709217536.8804276
5076,1709217536.9866738,1709217536.986682
5077,1709217537.0885592,1709217537.088566
5078,1709217537.1919823,1709217537.191988
5079,1709217537.2804515,1709217537.2804549
5080,1709217537.3769584,1709217537.3769639
5081,1709217537.4789968,1709217537.4790034
5082,1709217537.5757449,1709217537.57575
5083,1709217537.6763954,1709217537.6764007
5084,1709217537.7758265,1709217537.7758317
5085,1709217537.8743346,1709217537.8743405
5086,1709217537.975397,1709217537.975407
5087,1709217538.0804496,1709217538.0804572
5088,1709217538.1751153,1709217538.1751208
5089,1709217538.2855866,1709217538.2855923
5090,1709217538.3764043,1709217538.3764117
5091,1709217538.4748666,1709217538.4748724
5092,1709217538.581944,1709217538.5819511
5093,1709217538.6767209,1709217538.6767282
5094,1709217538.7821968,1709217538.7822034
5095,1709217538.8771214,1709217538.8771284
5096,1709217538.9746013,1709217538.9746065
5097,1709217539.0756693,1709217539.0757353
5098,1709217539.1773937,1709217539.1774004
5099,1709217539.277652,1709217539.2776573
5100,1709217539.3756711,1709217539.3756776
5101,1709217539.4839556,1709217539.4839623
5102,1709217539.5743902,1709217539.5743964
5103,1709217539.6774518,1709217539.6774611
5104,1709217539.7716188,1709217539.7716238
5105,1709217539.8905184,1709217539.8905263
5106,1709217539.9745858,1709217539.9745913
5107,1709217540.0816941,1709217540.081702
5108,1709217540.1870215,1709217540.187028
5109,1709217540.271431,1709217540.2714372
5110,1709217540.3788433,1709217540.3788497
5111,1709217540.472784,1709217540.4727893
5112,1709217540.5741925,1709217540.574199
5113,1709217540.677496,1709217540.6775024
5114,1709217540.7787092,1709217540.7787158
5115,1709217540.8871531,1709217540.887159
5116,1709217540.983364,1709217540.9833689
5117,1709217541.0731425,1709217541.0731483
5118,1709217541.1775784,1709217541.177584
5119,1709217541.2861965,1709217541.2862036
5120,1709217541.379383,1709217541.379387
5121,1709217541.4719703,1709217541.4719768
5122,1709217541.576479,1709217541.5764868
5123,1709217541.6762626,1709217541.676268
5124,1709217541.7766738,1709217541.7766798
5125,1709217541.8715518,1709217541.871558
5126,1709217541.977722,1709217541.9777288
5127,1709217542.0788243,1709217542.07883
5128,1709217542.1710484,1709217542.171054
5129,1709217542.2788265,1709217542.2788336
5130,1709217542.3717802,1709217542.3717866
5131,1709217542.477659,1709217542.477665
5132,1709217542.5771651,1709217542.5771718
5133,1709217542.68137,1709217542.6813757
5134,1709217542.7742567,1709217542.7742622
5135,1709217542.870998,1709217542.8710034
5136,1709217542.9844396,1709217542.984447
5137,1709217543.0827358,1709217543.082742
5138,1709217543.1848755,1709217543.1848843
5139,1709217543.2747364,1709217543.2747416
5140,1709217543.373435,1709217543.3734403
5141,1709217543.474606,1709217543.474616
5142,1709217543.5766108,1709217543.576617
5143,1709217543.6814861,1709217543.6814933
5144,1709217543.775669,1709217543.7756743
5145,1709217543.88542,1709217543.8854258
5146,1709217543.9778783,1709217543.9778838
5147,1709217544.074485,1709217544.0744915
5148,1709217544.1757078,1709217544.1757157
5149,1709217544.275537,1709217544.2755423
5150,1709217544.3791263,1709217544.3791318
5151,1709217544.483204,1709217544.483214
5152,1709217544.578661,1709217544.578666
5153,1709217544.67917,1709217544.6791754
5154,1709217544.7748008,1709217544.7748063
5155,1709217544.883964,1709217544.8839693
5156,1709217544.9812713,1709217544.9812772
5157,1709217545.072279,1709217545.0722852
5158,1709217545.1866393,1709217545.18665
5159,1709217545.2841244,1709217545.2841346
5160,1709217545.3739688,1709217545.3739753
5161,1709217545.4849527,1709217545.4849613
5162,1709217545.582145,1709217545.5821512
5163,1709217545.6779506,1709217545.6779575
5164,1709217545.788426,1709217545.7884328
5165,1709217545.8725672,1709217545.8725731
5166,1709217545.9763665,1709217545.9763746
5167,1709217546.1017716,1709217546.1017773
5168,1709217546.1722834,1709217546.1722898
5169,1709217546.2750988,1709217546.2751389
5170,1709217546.3723145,1709217546.3723192
5171,1709217546.4772923,1709217546.4772983
5172,1709217546.575543,1709217546.5755498
5173,1709217546.6712997,1709217546.6713066
5174,1709217546.7810833,1709217546.7810893
5175,1709217546.8805716,1709217546.8805766
5176,1709217546.971768,1709217546.9717739
5177,1709217547.0736032,1709217547.0736082
5178,1709217547.1722033,1709217547.17221
5179,1709217547.279227,1709217547.2792323
5180,1709217547.386125,1709217547.3861313
5181,1709217547.4747255,1709217547.4747298
5182,1709217547.5835552,1709217547.5835626
5183,1709217547.675774,1709217547.6757805
5184,1709217547.7751217,1709217547.7751267
5185,1709217547.872589,1709217547.8725953
5186,1709217547.9775105,1709217547.9775157
5187,1709217548.0800786,1709217548.0800836
5188,1709217548.1778128,1709217548.1778185
5189,1709217548.2774386,1709217548.2774441
5190,1709217548.3759365,1709217548.375942
5191,1709217548.4781291,1709217548.4781346
5192,1709217548.5843775,1709217548.5843854
5193,1709217548.6738756,1709217548.673881
5194,1709217548.7837179,1709217548.783726
5195,1709217548.8800528,1709217548.8800588
5196,1709217548.9861748,1709217548.986181
5197,1709217549.0751004,1709217549.0751052
5198,1709217549.1858606,1709217549.1858659
5199,1709217549.279694,1709217549.2797039
5200,1709217549.3793917,1709217549.3793995
5201,1709217549.4762082,1709217549.476214
5202,1709217549.5850277,1709217549.5850348
5203,1709217549.6873782,1709217549.6873848
5204,1709217549.7809439,1709217549.78095
5205,1709217549.8743296,1709217549.8743355
5206,1709217549.9741266,1709217549.9741323
5207,1709217550.0768704,1709217550.0768766
5208,1709217550.1716166,1709217550.1716218
5209,1709217550.276455,1709217550.2764606
5210,1709217550.3705258,1709217550.3705313
5211,1709217550.4814558,1709217550.481464
5212,1709217550.5895243,1709217550.5895298
5213,1709217550.6854732,1709217550.6854796
5214,1709217550.7789016,1709217550.7789063
5215,1709217550.8765464,1709217550.876552
5216,1709217550.9782267,1709217550.9782357
5217,1709217551.0729957,1709217551.0730004
5218,1709217551.1773224,1709217551.1773283
5219,1709217551.2771592,1709217551.2771664
5220,1709217551.379554,1709217551.3795602
5221,1709217551.481015,1709217551.4810202
5222,1709217551.5736525,1709217551.5736587
5223,1709217551.6815815,1709217551.6815872
5224,1709217551.7709863,1709217551.7709916
5225,1709217551.8740847,1709217551.8740911
5226,1709217551.975477,1709217551.9754848
5227,1709217552.0759501,1709217552.075954
5228,1709217552.1739397,1709217552.1739454
5229,1709217552.2810678,1709217552.2810757
5230,1709217552.3875754,1709217552.387581
5231,1709217552.4830527,1709217552.483058
5232,1709217552.5730214,1709217552.5730267
5233,1709217552.6898499,1709217552.6898553
5234,1709217552.7817814,1709217552.7817874
5235,1709217552.876711,1709217552.8767169
5236,1709217552.9776514,1709217552.9776568
5237,1709217553.075503,1709217553.0755086
5238,1709217553.181399,1709217553.1814039
5239,1709217553.2798412,1709217553.27985
5240,1709217553.3811326,1709217553.3811393
5241,1709217553.4831657,1709217553.483172
5242,1709217553.5768034,1709217553.5768092
5243,1709217553.6765063,1709217553.676514
5244,1709217553.7826374,1709217553.782644
5245,1709217553.8839514,1709217553.883957
5246,1709217553.9797258,1709217553.97973
5247,1709217554.081382,1709217554.0813897
5248,1709217554.1852155,1709217554.1852229
5249,1709217554.2892303,1709217554.2892394
5250,1709217554.3848922,1709217554.3848982
5251,1709217554.476933,1709217554.4769394
5252,1709217554.5761702,1709217554.5761757
5253,1709217554.6767263,1709217554.6767318
5254,1709217554.7801883,1709217554.780194
5255,1709217554.8817902,1709217554.8817956
5256,1709217554.971314,1709217554.97132
5257,1709217555.0716484,1709217555.0716538
5258,1709217555.1832345,1709217555.1832407
5259,1709217555.281682,1709217555.2816877
5260,1709217555.3735719,1709217555.3735764
5261,1709217555.4771466,1709217555.4771516
5262,1709217555.5825977,1709217555.582604
5263,1709217555.680659,1709217555.6806653
5264,1709217555.780787,1709217555.7807932
5265,1709217555.8714986,1709217555.8715036
5266,1709217555.9773147,1709217555.9773197
5267,1709217556.0753984,1709217556.075403
5268,1709217556.1838334,1709217556.1838398
5269,1709217556.2802913,1709217556.2802985
5270,1709217556.373881,1709217556.3738859
5271,1709217556.4811535,1709217556.48116
5272,1709217556.5905416,1709217556.5905495
5273,1709217556.67912,1709217556.6791263
5274,1709217556.7799447,1709217556.7799506
5275,1709217556.8728878,1709217556.872892
5276,1709217556.9764488,1709217556.9764538
5277,1709217557.073827,1709217557.0738328
5278,1709217557.204985,1709217557.204992
5279,1709217557.286789,1709217557.2867956
5280,1709217557.3787413,1709217557.3787484
5281,1709217557.4841523,1709217557.4841595
5282,1709217557.579995,1709217557.5800056
5283,1709217557.6780543,1709217557.6780603
5284,1709217557.7785394,1709217557.7785456
5285,1709217557.8838775,1709217557.8838837
5286,1709217557.9733462,1709217557.9733524
5287,1709217558.0832775,1709217558.0832856
5288,1709217558.1877794,1709217558.1877844
5289,1709217558.2750232,1709217558.275029
5290,1709217558.383288,1709217558.3832946
5291,1709217558.4903667,1709217558.4903738
5292,1709217558.5911064,1709217558.5911143
5293,1709217558.6788268,1709217558.6788325
5294,1709217558.7739663,1709217558.773976
5295,1709217558.8795846,1709217558.87959
5296,1709217558.985331,1709217558.985337
5297,1709217559.0844471,1709217559.0844524
5298,1709217559.1826644,1709217559.1826708
5299,1709217559.286346,1709217559.2863512
5300,1709217559.3813388,1709217559.3813453
5301,1709217559.4792252,1709217559.4792306
5302,1709217559.5782957,1709217559.5783012
5303,1709217559.6799953,1709217559.6800008
5304,1709217559.7788043,1709217559.7788088
5305,1709217559.8735144,1709217559.8735228
5306,1709217559.9738455,1709217559.9738512
5307,1709217560.0753825,1709217560.0753877
5308,1709217560.17779,1709217560.1777961
5309,1709217560.2852726,1709217560.2852788
5310,1709217560.3861363,1709217560.3861434
5311,1709217560.4811683,1709217560.4811757
5312,1709217560.5789537,1709217560.5789597
5313,1709217560.677597,1709217560.6776037
5314,1709217560.7754905,1709217560.7754962
5315,1709217560.8827426,1709217560.8827503
5316,1709217560.979057,1709217560.979063
5317,1709217561.0792906,1709217561.0792985
5318,1709217561.1772442,1709217561.177251
5319,1709217561.2735398,1709217561.2735474
5320,1709217561.3811874,1709217561.3811934
5321,1709217561.4861236,1709217561.4861298
5322,1709217561.5924973,1709217561.592503
5323,1709217561.6788323,1709217561.6788383
5324,1709217561.7872488,1709217561.7872567
5325,1709217561.885573,1709217561.8855803
5326,1709217561.979374,1709217561.979382
5327,1709217562.0804124,1709217562.080418
5328,1709217562.1808472,1709217562.180852
5329,1709217562.2778885,1709217562.2778957
5330,1709217562.3866982,1709217562.3867052
5331,1709217562.472858,1709217562.4728642
5332,1709217562.5737438,1709217562.5737505
5333,1709217562.6785622,1709217562.6785686
5334,1709217562.7801769,1709217562.7801821
5335,1709217562.8709323,1709217562.8709383
5336,1709217562.9825747,1709217562.982581
5337,1709217563.0752125,1709217563.0752196
5338,1709217563.1794088,1709217563.179414
5339,1709217563.2726612,1709217563.272674
5340,1709217563.3824632,1709217563.3824697
5341,1709217563.4785798,1709217563.4785848
5342,1709217563.5752976,1709217563.5753033
5343,1709217564.1523247,1709217564.1523542
5344,1709217564.1640515,1709217564.1640627
5345,1709217564.1955223,1709217564.1955285
5346,1709217564.288069,1709217564.2880747
5347,1709217564.3926926,1709217564.3926985
5348,1709217564.4880543,1709217564.4880598
5349,1709217564.5791843,1709217564.5791955
5350,1709217564.6728413,1709217564.6728468
5351,1709217564.7736979,1709217564.7737036
5352,1709217564.8706763,1709217564.8706818
5353,1709217564.984589,1709217564.984597
5354,1709217565.0890481,1709217565.0890548
5355,1709217565.1780946,1709217565.1781006
5356,1709217565.276036,1709217565.2760422
5357,1709217565.371424,1709217565.37143
5358,1709217565.4763362,1709217565.4763422
5359,1709217565.5811002,1709217565.5811062
5360,1709217565.674529,1709217565.6746411
5361,1709217565.7883968,1709217565.7884023
5362,1709217565.8759677,1709217565.875975
5363,1709217565.9949088,1709217565.9949152
5364,1709217566.0730214,1709217566.0730271
5365,1709217566.1905174,1709217566.190524
5366,1709217566.2801785,1709217566.2801855
5367,1709217566.3782282,1709217566.378234
5368,1709217566.481053,1709217566.4810596
5369,1709217566.5943615,1709217566.5943682
5370,1709217566.6808312,1709217566.6808376
5371,1709217566.7832158,1709217566.7832222
5372,1709217566.8832295,1709217566.8832352
5373,1709217566.9795532,1709217566.97956
5374,1709217567.0804162,1709217567.0804226
5375,1709217567.22105,1709217567.2210553
5376,1709217567.2775848,1709217567.277591
5377,1709217567.3726459,1709217567.3726516
5378,1709217567.479795,1709217567.479803
5379,1709217567.574961,1709217567.574968
5380,1709217567.6719458,1709217567.6719525
5381,1709217567.7718842,1709217567.7718914
5382,1709217567.8799877,1709217567.879994
5383,1709217567.9779367,1709217567.977945
5384,1709217568.092261,1709217568.0922668
5385,1709217568.1777022,1709217568.1777084
5386,1709217568.2792268,1709217568.2792332
5387,1709217568.3762505,1709217568.3762572
5388,1709217568.4752533,1709217568.47526
5389,1709217568.5770938,1709217568.5771008
5390,1709217568.6799655,1709217568.6799722
5391,1709217568.78339,1709217568.783396
5392,1709217568.8897355,1709217568.8897407
5393,1709217568.9753504,1709217568.9753578
5394,1709217569.0771492,1709217569.077155
5395,1709217569.180396,1709217569.1804023
5396,1709217569.2713997,1709217569.271408
5397,1709217569.380697,1709217569.3807023
5398,1709217569.4858727,1709217569.4858782
5399,1709217569.5876086,1709217569.587614
5400,1709217569.6867468,1709217569.686753
5401,1709217569.7908561,1709217569.790862
5402,1709217569.8874028,1709217569.8874063
5403,1709217569.98482,1709217569.984828
5404,1709217570.0839117,1709217570.0839171
5405,1709217570.1802642,1709217570.1802685
5406,1709217570.2771764,1709217570.2771835
5407,1709217570.374777,1709217570.3747826
5408,1709217570.4766731,1709217570.4766796
5409,1709217570.5699656,1709217570.5699706
5410,1709217570.6793804,1709217570.6793876
5411,1709217570.7704277,1709217570.7704334
5412,1709217570.8803666,1709217570.8803842
5413,1709217570.9823358,1709217570.982342
5414,1709217571.0884662,1709217571.088472
5415,1709217571.180656,1709217571.1806629
5416,1709217571.280884,1709217571.2808893
5417,1709217571.3863845,1709217571.38639
5418,1709217571.4898627,1709217571.4898686
5419,1709217571.5770736,1709217571.57708
5420,1709217571.6755505,1709217571.6755567
5421,1709217571.7812004,1709217571.7812057
5422,1709217571.8745968,1709217571.8746028
5423,1709217571.9769688,1709217571.976975
5424,1709217572.0770054,1709217572.077012
5425,1709217572.197127,1709217572.1971326
5426,1709217572.289405,1709217572.2894123
5427,1709217572.3817441,1709217572.3817506
5428,1709217572.4866722,1709217572.4866781
5429,1709217572.5819294,1709217572.581937
5430,1709217572.6871538,1709217572.68716
5431,1709217572.7873106,1709217572.7873154
5432,1709217572.882005,1709217572.8820102
5433,1709217572.9776316,1709217572.9776366
5434,1709217573.0831106,1709217573.0831168
5435,1709217573.1734018,1709217573.173407
5436,1709217573.2828233,1709217573.282829
5437,1709217573.3809881,1709217573.380994
5438,1709217573.4846764,1709217573.4846842
5439,1709217573.581224,1709217573.581231
5440,1709217573.6748247,1709217573.6748302
5441,1709217573.7789624,1709217573.7789688
5442,1709217573.8808112,1709217573.8808177
5443,1709217573.9819028,1709217573.9819086
5444,1709217574.0777874,1709217574.0777924
5445,1709217574.1707368,1709217574.1707423
5446,1709217574.2767975,1709217574.2768035
5447,1709217574.378031,1709217574.3780434
5448,1709217574.4812295,1709217574.4812355
5449,1709217574.5783281,1709217574.5783346
5450,1709217574.6792774,1709217574.6792831
5451,1709217574.7724185,1709217574.7724245
5452,1709217574.87122,1709217574.871225
5453,1709217574.9823842,1709217574.9824204
5454,1709217575.0826094,1709217575.082616
5455,1709217575.1728299,1709217575.1728365
5456,1709217575.2847762,1709217575.2847838
5457,1709217575.3774118,1709217575.377418
5458,1709217575.4720778,1709217575.472084
5459,1709217575.5786526,1709217575.5786583
5460,1709217575.6800873,1709217575.6800926
5461,1709217575.7761858,1709217575.7761915
5462,1709217575.8752303,1709217575.8752356
5463,1709217575.9783394,1709217575.9783444
5464,1709217576.0698154,1709217576.06982
5465,1709217576.1775327,1709217576.1775408
5466,1709217576.2832613,1709217576.2832665
5467,1709217576.3711991,1709217576.3712044
5468,1709217576.4840848,1709217576.48409
5469,1709217576.5773592,1709217576.577365
5470,1709217576.6760328,1709217576.6760385
5471,1709217576.7799969,1709217576.780002
5472,1709217576.8773432,1709217576.8773494
5473,1709217576.976574,1709217576.9765809
5474,1709217577.0850995,1709217577.085105
5475,1709217577.1725178,1709217577.1725252
5476,1709217577.292297,1709217577.2923033
5477,1709217577.384826,1709217577.3848345
5478,1709217577.4874086,1709217577.4874153
5479,1709217577.5822968,1709217577.5823038
5480,1709217577.6774871,1709217577.6774917
5481,1709217577.7735038,1709217577.7735114
5482,1709217577.872229,1709217577.8722353
5483,1709217577.9837754,1709217577.9837813
5484,1709217578.0846193,1709217578.0846262
5485,1709217578.1986508,1709217578.1986568
5486,1709217578.3088515,1709217578.3088586
5487,1709217578.373987,1709217578.3739934
5488,1709217578.4761782,1709217578.476184
5489,1709217578.580466,1709217578.5804725
5490,1709217578.6782641,1709217578.6782694
5491,1709217578.7855978,1709217578.785605
5492,1709217578.8728342,1709217578.8728406
5493,1709217578.9756193,1709217578.975625
5494,1709217579.0756922,1709217579.075698
5495,1709217579.1745343,1709217579.17454
5496,1709217579.2790203,1709217579.2790265
5497,1709217579.3717637,1709217579.37177
5498,1709217579.4774525,1709217579.4774578
5499,1709217579.5705276,1709217579.5705328
5500,1709217579.6766343,1709217579.6766398
5501,1709217579.7850401,1709217579.785044
5502,1709217579.8814325,1709217579.88144
5503,1709217579.9809642,1709217579.9809697
5504,1709217580.0739412,1709217580.073946
5505,1709217580.1831884,1709217580.1831937
5506,1709217580.282702,1709217580.2827082
5507,1709217580.3785248,1709217580.3785312
5508,1709217580.4804835,1709217580.4804893
5509,1709217580.580742,1709217580.5807478
5510,1709217580.6841116,1709217580.6841176
5511,1709217580.7817905,1709217580.7817955
5512,1709217580.8763554,1709217580.8763614
5513,1709217580.9819047,1709217580.9819102
5514,1709217581.0780408,1709217581.0780451
5515,1709217581.1824782,1709217581.1824844
5516,1709217581.2758033,1709217581.275809
5517,1709217581.3805912,1709217581.3805974
5518,1709217581.4762697,1709217581.4763265
5519,1709217581.5777586,1709217581.5777657
5520,1709217581.673124,1709217581.6731303
5521,1709217581.771768,1709217581.7717774
5522,1709217581.87921,1709217581.879217
5523,1709217581.9716022,1709217581.971608
5524,1709217582.0815754,1709217582.0815814
5525,1709217582.1713831,1709217582.1713905
5526,1709217582.2757335,1709217582.2757406
5527,1709217582.3791616,1709217582.379168
5528,1709217582.4783175,1709217582.4783232
5529,1709217582.5730386,1709217582.573044
5530,1709217582.6871781,1709217582.6871839
5531,1709217582.7715666,1709217582.7715719
5532,1709217582.8775795,1709217582.8775854
5533,1709217582.9829943,1709217582.9830003
5534,1709217583.0732315,1709217583.073237
5535,1709217583.186083,1709217583.186089
5536,1709217583.2793565,1709217583.2793636
5537,1709217583.382045,1709217583.382051
5538,1709217583.4767656,1709217583.4767718
5539,1709217583.573077,1709217583.573085
5540,1709217583.678193,1709217583.6781979
5541,1709217583.7764974,1709217583.7765038
5542,1709217583.8741033,1709217583.8741095
5543,1709217583.9722025,1709217583.9722087
5544,1709217584.079306,1709217584.0793116
5545,1709217584.1722114,1709217584.1722178
5546,1709217584.2712533,1709217584.2712612
5547,1709217584.3760612,1709217584.3760674
5548,1709217584.471178,1709217584.4711835
5549,1709217584.5768938,1709217584.5769
5550,1709217584.683996,1709217584.6840026
5551,1709217584.778174,1709217584.7781806
5552,1709217584.8774812,1709217584.877488
5553,1709217584.9700477,1709217584.9700537
5554,1709217585.0868924,1709217585.0869052
5555,1709217585.1776762,1709217585.1776826
5556,1709217585.2783408,1709217585.2783468
5557,1709217585.3778403,1709217585.377846
5558,1709217585.4786577,1709217585.4786665
5559,1709217585.5769932,1709217585.5770006
5560,1709217585.6845844,1709217585.684591
5561,1709217585.7778099,1709217585.7778168
5562,1709217585.8859036,1709217585.8859487
5563,1709217585.9705944,1709217585.9706564
5564,1709217586.0741298,1709217586.0741866
5565,1709217586.1747448,1709217586.1747847
5566,1709217586.277987,1709217586.2780385
5567,1709217586.3776937,1709217586.377746
5568,1709217586.475376,1709217586.4754226
5569,1709217586.5794644,1709217586.5795386
5570,1709217586.6764538,1709217586.6765084
5571,1709217586.773466,1709217586.7735195
5572,1709217586.8844073,1709217586.88445
5573,1709217586.978379,1709217586.9784484
5574,1709217587.0833726,1709217587.0834265
5575,1709217587.1863291,1709217587.1864076
5576,1709217587.2711034,1709217587.2711735
5577,1709217587.3703928,1709217587.3704438
5578,1709217587.4977133,1709217587.497977
5579,1709217587.580335,1709217587.5803783
5580,1709217587.6888685,1709217587.688908
5581,1709217587.7836795,1709217587.7837245
5582,1709217587.8810425,1709217587.8811116
5583,1709217587.9845028,1709217587.9845488
5584,1709217588.0769494,1709217588.077008
5585,1709217588.1805525,1709217588.1806002
5586,1709217588.2776084,1709217588.2776637
5587,1709217588.38294,1709217588.3830156
5588,1709217588.4765694,1709217588.4766462
5589,1709217588.5809567,1709217588.581013
5590,1709217588.6779041,1709217588.6779616
5591,1709217588.7797585,1709217588.7798154
5592,1709217588.8768938,1709217588.8769476
5593,1709217588.9807582,1709217588.9807959
5594,1709217589.0854855,1709217589.085541
5595,1709217589.184046,1709217589.184103
5596,1709217589.3086545,1709217589.3087063
5597,1709217589.3877215,1709217589.3877695
5598,1709217589.4814484,1709217589.4815185
5599,1709217589.5969572,1709217589.5970209
5600,1709217589.6866798,1709217589.6867344
5601,1709217589.7860186,1709217589.7860782
5602,1709217589.8761585,1709217589.876224
5603,1709217589.9915287,1709217589.991615
5604,1709217590.0810683,1709217590.0811412
5605,1709217590.1773438,1709217590.1773942
5606,1709217590.2805033,1709217590.2805579
5607,1709217590.3797195,1709217590.3798087
5608,1709217590.4741366,1709217590.4741988
5609,1709217590.5811906,1709217590.5812707
5610,1709217590.6885269,1709217590.6885595
5611,1709217590.7834392,1709217590.7834995
5612,1709217590.8889158,1709217590.888969
5613,1709217590.985837,1709217590.9858978
5614,1709217591.0774722,1709217591.0775826
5615,1709217591.1825745,1709217591.1826224
5616,1709217591.2761612,1709217591.2762115
5617,1709217591.3817549,1709217591.3818288
5618,1709217591.4760118,1709217591.4760783
5619,1709217591.5812898,1709217591.581359
5620,1709217591.6776412,1709217591.6776886
5621,1709217591.7759185,1709217591.7759707
5622,1709217591.877709,1709217591.87796
5623,1709217591.9781802,1709217591.978278
5624,1709217592.0760248,1709217592.0761187
5625,1709217592.1747496,1709217592.1748457
5626,1709217592.2790477,1709217592.2791069
5627,1709217592.3773906,1709217592.3774452
5628,1709217592.481315,1709217592.481376
5629,1709217592.5816905,1709217592.5817583
5630,1709217592.6808677,1709217592.6809285
5631,1709217592.7748406,1709217592.774931
5632,1709217592.8750846,1709217592.8751526
5633,1709217592.9866068,1709217592.986667
5634,1709217593.0832183,1709217593.0832787
5635,1709217593.1954696,1709217593.1955721
5636,1709217593.2766325,1709217593.2766805
5637,1709217593.3826706,1709217593.3827589
5638,1709217593.4823582,1709217593.482407
5639,1709217593.5806265,1709217593.580687
5640,1709217593.6792064,1709217593.6792605
5641,1709217593.7711365,1709217593.7711825
5642,1709217593.8808398,1709217593.8809042
5643,1709217593.9723246,1709217593.9723823
5644,1709217594.075092,1709217594.07514
5645,1709217594.1723893,1709217594.1724513
5646,1709217594.2834227,1709217594.283476
5647,1709217594.3767185,1709217594.376776
5648,1709217594.4830134,1709217594.4830873
5649,1709217594.5776482,1709217594.5777314
5650,1709217594.6785464,1709217594.6785982
5651,1709217594.7736135,1709217594.7736566
5652,1709217594.8896632,1709217594.8897629
5653,1709217594.97705,1709217594.9771185
5654,1709217595.0726783,1709217595.072754
5655,1709217595.174921,1709217595.1749713
5656,1709217595.2799587,1709217595.2800105
5657,1709217595.389747,1709217595.3897972
5658,1709217595.4825265,1709217595.4825723
5659,1709217595.5803633,1709217595.5804305
5660,1709217595.6708822,1709217595.6709743
5661,1709217595.7750814,1709217595.7751338
5662,1709217595.8811727,1709217595.8812444
5663,1709217595.9808552,1709217595.9808989
5664,1709217596.073777,1709217596.073903
5665,1709217596.178695,1709217596.1787481
5666,1709217596.2820916,1709217596.2821422
5667,1709217596.3750174,1709217596.3750656
5668,1709217596.488835,1709217596.4888937
5669,1709217596.580554,1709217596.5806036
5670,1709217596.6794941,1709217596.6795938
5671,1709217596.7768486,1709217596.77693
5672,1709217596.8775027,1709217596.8775597
5673,1709217596.9795089,1709217596.979571
5674,1709217597.0823958,1709217597.0824568
5675,1709217597.1789253,1709217597.178979
5676,1709217597.2844613,1709217597.284507
5677,1709217597.3809063,1709217597.3809464
5678,1709217597.475124,1709217597.4751716
5679,1709217597.5731244,1709217597.5731757
5680,1709217597.6816108,1709217597.6816583
5681,1709217597.7730646,1709217597.7732787
5682,1709217597.883605,1709217597.883656
5683,1709217597.9735897,1709217597.973689
5684,1709217598.0837038,1709217598.083784
5685,1709217598.1759994,1709217598.1760526
5686,1709217598.2862191,1709217598.2862747
5687,1709217598.3808272,1709217598.3808894
5688,1709217598.4769108,1709217598.476959
5689,1709217598.5777736,1709217598.5778215
5690,1709217598.6737561,1709217598.6738057
5691,1709217598.7755036,1709217598.775613
5692,1709217598.8734963,1709217598.873548
5693,1709217598.9754505,1709217598.9755259
5694,1709217599.0805833,1709217599.0806344
5695,1709217599.190379,1709217599.1904335
5696,1709217599.2886138,1709217599.2887018
5697,1709217599.3802593,1709217599.3803012
5698,1709217599.4868083,1709217599.4868665
5699,1709217599.5868607,1709217599.5869076
5700,1709217599.679448,1709217599.6794944
5701,1709217599.7863784,1709217599.7864351
5702,1709217599.8802269,1709217599.8802822
5703,1709217599.9749372,1709217599.9749885
5704,1709217600.0740082,1709217600.0740578
5705,1709217600.181528,1709217600.1815672
5706,1709217600.289024,1709217600.2890658
5707,1709217600.378863,1709217600.3789382
5708,1709217600.514933,1709217600.514981
5709,1709217600.5764892,1709217600.5766928
5710,1709217600.679269,1709217600.6793284
5711,1709217600.7857912,1709217600.7858386
5712,1709217600.8800235,1709217600.8800752
5713,1709217600.9743032,1709217600.9743547
5714,1709217601.079241,1709217601.0792997
5715,1709217601.172108,1709217601.1721523
5716,1709217601.273491,1709217601.2735448
5717,1709217601.3867748,1709217601.3868206
5718,1709217601.472425,1709217601.4724839
5719,1709217601.5734642,1709217601.5735543
5720,1709217601.6762547,1709217601.676326
5721,1709217601.7764456,1709217601.7764902
5722,1709217601.8852012,1709217601.8852775
5723,1709217601.9869258,1709217601.9869986
5724,1709217602.0777068,1709217602.0777555
5725,1709217602.1767597,1709217602.176833
5726,1709217602.278473,1709217602.278531
5727,1709217602.3900166,1709217602.3901541
5728,1709217602.4833233,1709217602.4833298
5729,1709217602.5815504,1709217602.5815578
5730,1709217602.6809494,1709217602.680955
5731,1709217602.7718394,1709217602.7718453
5732,1709217602.8908234,1709217602.8908324
5733,1709217602.9796135,1709217602.979622
5734,1709217603.0768886,1709217603.0768952
5735,1709217603.177518,1709217603.1775239
5736,1709217603.2832148,1709217603.2832227
5737,1709217603.3714519,1709217603.3714583
5738,1709217603.4780474,1709217603.4780536
5739,1709217603.5803316,1709217603.5803378
5740,1709217603.6727817,1709217603.6727872
5741,1709217603.77298,1709217603.7729867
5742,1709217603.8712773,1709217603.8712819
5743,1709217603.9789438,1709217603.9789507
5744,1709217604.073149,1709217604.0731544
5745,1709217604.1744401,1709217604.1744459
5746,1709217604.285928,1709217604.2859337
5747,1709217604.38242,1709217604.3824277
5748,1709217604.4854062,1709217604.4897556
5749,1709217604.5769951,1709217604.583511
5750,1709217604.676746,1709217604.6820712
5751,1709217604.7746918,1709217604.7801063
5752,1709217604.8832307,1709217604.8880696
5753,1709217604.9743142,1709217604.9822521
5754,1709217605.0801725,1709217605.0854883
5755,1709217605.1718402,1709217605.1764243
5756,1709217605.2797532,1709217605.2875385
5757,1709217605.370858,1709217605.3791053
5758,1709217605.4805195,1709217605.4865992
5759,1709217605.5772834,1709217605.586806
5760,1709217605.6737223,1709217605.6814783
5761,1709217605.7805903,1709217605.7886016
5762,1709217605.8808649,1709217605.8870947
5763,1709217605.9762402,1709217605.9857075
5764,1709217606.07359,1709217606.0828402
5765,1709217606.1760206,1709217606.1813352
5766,1709217606.2797024,1709217606.285607
5767,1709217606.3777847,1709217606.3830636
5768,1709217606.4791067,1709217606.4853437
5769,1709217606.5774262,1709217606.5829089
5770,1709217606.6730058,1709217606.6791341
5771,1709217606.7784686,1709217606.7823904
5772,1709217606.8821566,1709217606.8877914
5773,1709217606.9746144,1709217606.9812737
5774,1709217607.0720067,1709217607.0811658
5775,1709217607.1702087,1709217607.1739392
5776,1709217607.2822464,1709217607.287386
5777,1709217607.385461,1709217607.390783
5778,1709217607.4787264,1709217607.4839315
5779,1709217607.5810764,1709217607.585807
5780,1709217607.6742826,1709217607.6785166
5781,1709217607.774539,1709217607.7800517
5782,1709217607.875954,1709217607.881418
5783,1709217607.9715884,1709217607.9762397
5784,1709217608.0737054,1709217608.079526
5785,1709217608.1809409,1709217608.1852736
5786,1709217608.2744324,1709217608.2793877
5787,1709217608.3706567,1709217608.3766584
5788,1709217608.4766803,1709217608.481274
5789,1709217608.569899,1709217608.5779798
5790,1709217608.674302,1709217608.679898
5791,1709217608.7741504,1709217608.7816005
5792,1709217608.8792865,1709217608.88502
5793,1709217608.9853742,1709217608.9890716
5794,1709217609.0811756,1709217609.0868077
5795,1709217609.1770082,1709217609.1830146
5796,1709217609.270263,1709217609.2769964
5797,1709217609.375241,1709217609.3826573
5798,1709217609.471324,1709217609.4763384
5799,1709217609.5777538,1709217609.5848103
5800,1709217609.6726613,1709217609.6801808
5801,1709217609.7812812,1709217609.7867165
5802,1709217609.8714418,1709217609.8799658
5803,1709217609.9721549,1709217609.9794555
5804,1709217610.080512,1709217610.087832
5805,1709217610.1728587,1709217610.178305
5806,1709217610.2732987,1709217610.2811651
5807,1709217610.3720279,1709217610.3786771
5808,1709217610.470273,1709217610.4785066
5809,1709217610.5785866,1709217610.5844707
5810,1709217610.6812615,1709217610.6865032
5811,1709217610.7756782,1709217610.7798166
5812,1709217610.8837264,1709217610.887372
5813,1709217610.973841,1709217610.9788787
5814,1709217611.0714386,1709217611.0786023
5815,1709217611.173476,1709217611.1786442
5816,1709217611.2804818,1709217611.2858357
5817,1709217611.3798938,1709217611.385317
5818,1709217611.5024652,1709217611.5103865
5819,1709217611.5789135,1709217611.5840373
5820,1709217611.6746976,1709217611.6794565
5821,1709217611.7776887,1709217611.78207
5822,1709217611.871284,1709217611.8763177
5823,1709217611.97597,1709217611.9804933
5824,1709217612.074275,1709217612.080237
5825,1709217612.1696737,1709217612.1740744
5826,1709217612.275678,1709217612.2788787
5827,1709217612.3780158,1709217612.3807895
5828,1709217612.4739618,1709217612.4801948
5829,1709217612.5724573,1709217612.577433
5830,1709217612.6745598,1709217612.6785572
5831,1709217612.7752252,1709217612.7800431
5832,1709217612.880875,1709217612.8854277
5833,1709217612.970533,1709217612.9764915
5834,1709217613.077778,1709217613.080783
5835,1709217613.1737108,1709217613.178244
5836,1709217613.2728302,1709217613.2788098
5837,1709217613.3706694,1709217613.3759048
5838,1709217613.4715405,1709217613.476157
5839,1709217613.5770416,1709217613.5821376
5840,1709217613.6727738,1709217613.67802
5841,1709217613.7787173,1709217613.7828102
5842,1709217613.8801153,1709217613.884937
5843,1709217613.9711618,1709217613.9755657
5844,1709217614.0766056,1709217614.079732
5845,1709217614.181724,1709217614.186051
5846,1709217614.2701962,1709217614.274271
5847,1709217614.3847923,1709217614.3895667
5848,1709217614.4802969,1709217614.4844375
5849,1709217614.5757113,1709217614.58071
5850,1709217614.6755466,1709217614.680559
5851,1709217614.7767813,1709217614.7816331
5852,1709217614.8716547,1709217614.8760953
5853,1709217614.9751687,1709217614.9781935
5854,1709217615.077348,1709217615.081824
5855,1709217615.1724772,1709217615.177536
5856,1709217615.2781239,1709217615.283108
5857,1709217615.3748055,1709217615.3804066
5858,1709217615.4732919,1709217615.4780104
5859,1709217615.5773246,1709217615.5832536
5860,1709217615.6726167,1709217615.6771846
5861,1709217615.77228,1709217615.776492
5862,1709217615.8707209,1709217615.8762317
5863,1709217615.9754837,1709217615.980215
5864,1709217616.0718858,1709217616.0747607
5865,1709217616.1724946,1709217616.1766016
5866,1709217616.272338,1709217616.2770221
5867,1709217616.3735883,1709217616.377898
5868,1709217616.4761586,1709217616.4812748
5869,1709217616.5733504,1709217616.577557
5870,1709217616.673496,1709217616.6781027
5871,1709217616.777491,1709217616.7814748
5872,1709217616.8790762,1709217616.8836398
5873,1709217616.972044,1709217616.9769404
5874,1709217617.0731263,1709217617.078677
5875,1709217617.1735127,1709217617.1794147
5876,1709217617.2747571,1709217617.2798774
5877,1709217617.3737118,1709217617.3789349
5878,1709217617.4722636,1709217617.4763594
5879,1709217617.5733013,1709217617.5780394
5880,1709217617.673841,1709217617.6773856
5881,1709217617.7735956,1709217617.779324
5882,1709217617.8773828,1709217617.8825204
5883,1709217617.9753273,1709217617.979217
5884,1709217618.0757496,1709217618.0791283
5885,1709217618.1753156,1709217618.18056
5886,1709217618.2740855,1709217618.2782764
5887,1709217618.3785946,1709217618.3836806
5888,1709217618.4784389,1709217618.4835043
5889,1709217618.5700092,1709217618.575435
5890,1709217618.6740646,1709217618.6785126
5891,1709217618.7703347,1709217618.7745047
5892,1709217618.8773735,1709217618.8814023
5893,1709217618.977365,1709217618.9838014
5894,1709217619.075759,1709217619.080239
5895,1709217619.1741936,1709217619.1786163
5896,1709217619.2762966,1709217619.2811174
5897,1709217619.3720062,1709217619.3760512
5898,1709217619.4752145,1709217619.4810307
5899,1709217619.5711076,1709217619.576323
5900,1709217619.6760814,1709217619.6814907
5901,1709217619.7783995,1709217619.7834873
5902,1709217619.8768005,1709217619.8818812
5903,1709217619.9792526,1709217619.9841385
5904,1709217620.06958,1709217620.074327
5905,1709217620.174881,1709217620.1797936
5906,1709217620.2766626,1709217620.2818809
5907,1709217620.3749397,1709217620.379779
5908,1709217620.476536,1709217620.4821606
5909,1709217620.5794091,1709217620.5843253
5910,1709217620.6721287,1709217620.6770606
5911,1709217620.770657,1709217620.7774224
5912,1709217620.8746796,1709217620.8794801
5913,1709217620.975745,1709217620.98136
5914,1709217621.079661,1709217621.0852382
5915,1709217621.1716316,1709217621.1766884
5916,1709217621.2729905,1709217621.2781467
5917,1709217621.3754573,1709217621.3801415
5918,1709217621.4805248,1709217621.4881644
5919,1709217621.5740585,1709217621.5806136
5920,1709217621.6737528,1709217621.6788497
5921,1709217621.7747278,1709217621.779551
5922,1709217621.876038,1709217621.8807218
5923,1709217621.9715102,1709217621.9760349
5924,1709217622.0729077,1709217622.0776992
5925,1709217622.178884,1709217622.1845536
5926,1709217622.2763638,1709217622.2808135
5927,1709217622.3763843,1709217622.3829
5928,1709217622.4737945,1709217622.4786599
5929,1709217622.5805168,1709217622.5856445
5930,1709217622.6701407,1709217622.674707
5931,1709217622.7737195,1709217622.7781951
5932,1709217622.8849778,1709217622.8894732
5933,1709217622.97169,1709217622.9782715
5934,1709217623.08245,1709217623.087663
5935,1709217623.174029,1709217623.1789198
5936,1709217623.2792563,1709217623.2825081
5937,1709217623.3782554,1709217623.3834805
5938,1709217623.4722824,1709217623.4773993
5939,1709217623.5770557,1709217623.582341
5940,1709217623.6995614,1709217623.7042785
5941,1709217623.7729063,1709217623.7803843
5942,1709217623.8721638,1709217623.876686
5943,1709217623.9732835,1709217623.978748
5944,1709217624.071077,1709217624.0762262
5945,1709217624.172606,1709217624.1777308
5946,1709217624.2786047,1709217624.2837162
5947,1709217624.3779323,1709217624.3832977
5948,1709217624.4749997,1709217624.48118
5949,1709217624.5734801,1709217624.5785675
5950,1709217624.6795125,1709217624.6850073
5951,1709217624.781348,1709217624.7867796
5952,1709217624.882792,1709217624.8876994
5953,1709217624.977104,1709217624.9824092
5954,1709217625.0879617,1709217625.0940182
5955,1709217625.176977,1709217625.18283
5956,1709217625.280878,1709217625.2858672
5957,1709217625.3771935,1709217625.3825111
5958,1709217625.4775717,1709217625.481962
5959,1709217625.5783226,1709217625.583534
5960,1709217625.6832588,1709217625.683265
5961,1709217625.7927928,1709217625.7928002
5962,1709217625.8767276,1709217625.8767326
5963,1709217625.9741597,1709217625.9741662
5964,1709217626.0779605,1709217626.077966
5965,1709217626.2513049,1709217626.2513113
5966,1709217626.2751694,1709217626.275177
5967,1709217626.3783832,1709217626.3783882
5968,1709217626.479682,1709217626.4796875
5969,1709217626.5815444,1709217626.5815535
5970,1709217626.6751232,1709217626.675128
5971,1709217626.777623,1709217626.7776313
5972,1709217626.8757534,1709217626.8757591
5973,1709217626.9783235,1709217626.978327
5974,1709217627.0784361,1709217627.078441
5975,1709217627.1784863,1709217627.1784923
5976,1709217627.2757392,1709217627.275749
5977,1709217627.385479,1709217627.3855112
5978,1709217627.477587,1709217627.477593
5979,1709217627.5784948,1709217627.5784986
5980,1709217627.6734436,1709217627.6734498
5981,1709217627.7793617,1709217627.779368
5982,1709217627.8751185,1709217627.875124
5983,1709217627.9700627,1709217627.9700685
5984,1709217628.0791652,1709217628.0791712
5985,1709217628.1720808,1709217628.1720865
5986,1709217628.273098,1709217628.273103
5987,1709217628.3758316,1709217628.3758373
5988,1709217628.4772506,1709217628.4772549
5989,1709217628.5757787,1709217628.575783
5990,1709217628.6836433,1709217628.6836529
5991,1709217628.7757943,1709217628.7758
5992,1709217628.8712883,1709217628.8712962
5993,1709217628.9851208,1709217628.9851284
5994,1709217629.0826921,1709217629.0826983
5995,1709217629.1782131,1709217629.178221
5996,1709217629.275234,1709217629.2752416
5997,1709217629.3735611,1709217629.3735669
5998,1709217629.4806123,1709217629.480619
5999,1709217629.5715544,1709217629.5715609
6000,1709217629.6748993,1709217629.674906
6001,1709217629.7741053,1709217629.7741127
6002,1709217629.8735898,1709217629.8735964
6003,1709217629.9704843,1709217629.970493
6004,1709217630.0804472,1709217630.080456
6005,1709217630.1739674,1709217630.1739733
6006,1709217630.2787855,1709217630.2787921
6007,1709217630.379232,1709217630.3792386
6008,1709217630.4739902,1709217630.4739964
6009,1709217630.5760489,1709217630.576053
6010,1709217630.6754982,1709217630.675504
6011,1709217630.7771206,1709217630.7771351
6012,1709217630.875944,1709217630.875948
6013,1709217630.9719806,1709217630.9719865
6014,1709217631.0745094,1709217631.074515
6015,1709217631.1748621,1709217631.1748676
6016,1709217631.2772515,1709217631.277258
6017,1709217631.3775203,1709217631.377527
6018,1709217631.4782825,1709217631.4782894
6019,1709217631.574824,1709217631.57483
6020,1709217631.6727479,1709217631.6727533
6021,1709217631.7765677,1709217631.7765756
6022,1709217631.8767734,1709217631.8767796
6023,1709217631.9761367,1709217631.9761426
6024,1709217632.0761738,1709217632.0761788
6025,1709217632.1745005,1709217632.1745048
6026,1709217632.272021,1709217632.2720275
6027,1709217632.3787775,1709217632.3787847
6028,1709217632.476188,1709217632.476193
6029,1709217632.5725698,1709217632.5725741
6030,1709217632.6728806,1709217632.6728868
6031,1709217632.7763312,1709217632.7763405
6032,1709217632.8757758,1709217632.875783
6033,1709217632.9765823,1709217632.9765885
6034,1709217633.080474,1709217633.0804782
6035,1709217633.177061,1709217633.1770668
6036,1709217633.275598,1709217633.2756047
6037,1709217633.3720663,1709217633.372074
6038,1709217633.476229,1709217633.4762344
6039,1709217633.577439,1709217633.5774481
6040,1709217633.6800275,1709217633.680032
6041,1709217633.7704744,1709217633.7704792
6042,1709217633.8714874,1709217633.8714926
6043,1709217633.9785318,1709217633.978538
6044,1709217634.0764198,1709217634.0764253
6045,1709217634.176544,1709217634.1765501
6046,1709217634.281299,1709217634.281305
6047,1709217634.3731062,1709217634.3731096
6048,1709217634.4725337,1709217634.4725378
6049,1709217634.5787709,1709217634.5787778
6050,1709217634.6730342,1709217634.6730404
6051,1709217634.7733943,1709217634.7733994
6052,1709217634.8753204,1709217634.8753257
6053,1709217634.9927871,1709217634.9927936
6054,1709217635.071506,1709217635.0715122
6055,1709217635.1761951,1709217635.1762016
6056,1709217635.2699487,1709217635.2699537
6057,1709217635.3791416,1709217635.379153
6058,1709217635.4708343,1709217635.4708393
6059,1709217635.578725,1709217635.5787327
6060,1709217635.6757283,1709217635.6757343
6061,1709217635.7945929,1709217635.7945979
6062,1709217635.8831112,1709217635.883117
6063,1709217635.9824967,1709217635.9825022
6064,1709217636.077262,1709217636.0772681
6065,1709217636.1729238,1709217636.1729293
6066,1709217636.2803986,1709217636.2804086
6067,1709217636.37621,1709217636.3762164
6068,1709217636.4837325,1709217636.483739
6069,1709217636.57701,1709217636.5770168
6070,1709217636.6794806,1709217636.679487
6071,1709217636.7824378,1709217636.7824435
6072,1709217636.8848817,1709217636.8848894
6073,1709217636.9715688,1709217636.971574
6074,1709217637.072337,1709217637.0723422
6075,1709217637.1881578,1709217637.1881664
6076,1709217637.280766,1709217637.2807727
6077,1709217637.3758597,1709217637.3758664
6078,1709217637.4707718,1709217637.4707778
6079,1709217637.5760381,1709217637.5760446
6080,1709217637.6742742,1709217637.6742806
6081,1709217637.7751572,1709217637.775163
6082,1709217637.8702145,1709217637.8702207
6083,1709217637.9770215,1709217637.9770265
6084,1709217638.0770237,1709217638.0770292
6085,1709217638.1741118,1709217638.1741178
6086,1709217638.2750978,1709217638.275103
6087,1709217638.3765628,1709217638.3765695
6088,1709217638.473142,1709217638.4731476
6089,1709217638.5793648,1709217638.5793715
6090,1709217638.677459,1709217638.6774695
6091,1709217638.7814167,1709217638.7814255
6092,1709217638.8817813,1709217638.8817885
6093,1709217638.9795458,1709217638.979555
6094,1709217639.085915,1709217639.0859191
6095,1709217639.1841605,1709217639.1841679
6096,1709217639.2807953,1709217639.2808022
6097,1709217639.3843107,1709217639.3843167
6098,1709217639.487175,1709217639.4871805
6099,1709217639.5818722,1709217639.58188
6100,1709217639.6874974,1709217639.687503
6101,1709217639.7762542,1709217639.776261
6102,1709217639.8960166,1709217639.8960226
6103,1709217639.9800608,1709217639.9800677
6104,1709217640.089379,1709217640.0893853
6105,1709217640.1741822,1709217640.1741865
6106,1709217640.2831156,1709217640.2831233
6107,1709217640.3736215,1709217640.3736265
6108,1709217640.477805,1709217640.4778109
6109,1709217640.5724375,1709217640.572442
6110,1709217640.682815,1709217640.6828225
6111,1709217640.7724802,1709217640.7724857
6112,1709217640.874416,1709217640.874422
6113,1709217640.9767392,1709217640.9767458
6114,1709217641.0736802,1709217641.0736854
6115,1709217641.1797996,1709217641.1798065
6116,1709217641.2731376,1709217641.2731435
6117,1709217641.3723392,1709217641.3723454
6118,1709217641.4847453,1709217641.484749
6119,1709217641.5805678,1709217641.580574
6120,1709217641.6721206,1709217641.6721277
6121,1709217641.7779899,1709217641.777997
6122,1709217641.8786943,1709217641.8787003
6123,1709217641.9826832,1709217641.98269
6124,1709217642.0715554,1709217642.0715623
6125,1709217642.1831558,1709217642.1831603
6126,1709217642.281285,1709217642.281292
6127,1709217642.383519,1709217642.3835263
6128,1709217642.4788828,1709217642.478887
6129,1709217642.5820787,1709217642.5820866
6130,1709217642.6914608,1709217642.6914687
6131,1709217642.7877166,1709217642.7877223
6132,1709217642.8786101,1709217642.878614
6133,1709217642.9806476,1709217642.980655
6134,1709217643.0765119,1709217643.0765176
6135,1709217643.1881895,1709217643.1881952
6136,1709217643.2799532,1709217643.279959
6137,1709217643.3786309,1709217643.3786368
6138,1709217643.472691,1709217643.4726965
6139,1709217643.573387,1709217643.5733933
6140,1709217643.6725743,1709217643.6725795
6141,1709217643.776563,1709217643.776569
6142,1709217643.8794365,1709217643.8794465
6143,1709217643.979343,1709217643.9793515
6144,1709217644.0868597,1709217644.086866
6145,1709217644.175943,1709217644.175949
6146,1709217644.2814815,1709217644.2814856
6147,1709217644.371684,1709217644.3716903
6148,1709217644.4847238,1709217644.4847345
6149,1709217644.882163,1709217644.8821738
6150,1709217644.8961735,1709217644.8961813
6151,1709217644.9868708,1709217644.9868765
6152,1709217645.0766847,1709217645.0766885
6153,1709217645.1823604,1709217645.182367
6154,1709217645.2742565,1709217645.2742634
6155,1709217645.3801343,1709217645.3801403
6156,1709217645.4765396,1709217645.476544
6157,1709217645.5813503,1709217645.581357
6158,1709217645.6829329,1709217645.6829402
6159,1709217645.7871578,1709217645.7871637
6160,1709217645.8768938,1709217645.876944
6161,1709217645.9775429,1709217645.9775486
6162,1709217646.080397,1709217646.0804021
6163,1709217646.1792,1709217646.1792047
6164,1709217646.2759504,1709217646.2759576
6165,1709217646.3802803,1709217646.3802865
6166,1709217646.4705431,1709217646.4705498
6167,1709217646.5717347,1709217646.571741
6168,1709217646.6767087,1709217646.6767137
6169,1709217646.802914,1709217646.8029213
6170,1709217646.8818195,1709217646.8818252
6171,1709217646.9723427,1709217646.9723487
6172,1709217647.07936,1709217647.079367
6173,1709217647.1746657,1709217647.1746693
6174,1709217647.270264,1709217647.2702723
6175,1709217647.3786082,1709217647.3786144
6176,1709217647.4706542,1709217647.4706612
6177,1709217647.5778887,1709217647.5778959
6178,1709217647.6863754,1709217647.6863813
6179,1709217647.7845573,1709217647.7845638
6180,1709217647.8787658,1709217647.8787723
6181,1709217647.9724712,1709217647.9724808
6182,1709217648.0804288,1709217648.080435
6183,1709217648.1897233,1709217648.1897295
6184,1709217648.2810678,1709217648.2810733
6185,1709217648.3835144,1709217648.3835187
6186,1709217648.4798486,1709217648.479854
6187,1709217648.576261,1709217648.5762694
6188,1709217648.678011,1709217648.678018
6189,1709217648.771444,1709217648.7714505
6190,1709217648.8843246,1709217648.8843334
6191,1709217648.9779553,1709217648.9779618
6192,1709217649.0891588,1709217649.0891635
6193,1709217649.1773057,1709217649.1773124
6194,1709217649.2721086,1709217649.2721171
6195,1709217649.3756125,1709217649.3756206
6196,1709217649.4759376,1709217649.4759433
6197,1709217649.5792828,1709217649.5792885
6198,1709217649.6812153,1709217649.681223
6199,1709217649.775073,1709217649.7750793
6200,1709217649.8796966,1709217649.8797023
6201,1709217649.9898384,1709217649.9898434
6202,1709217650.0827878,1709217650.082796
6203,1709217650.182663,1709217650.1826673
6204,1709217650.2864137,1709217650.2864175
6205,1709217650.3817005,1709217650.3817084
6206,1709217650.4764395,1709217650.4764462
6207,1709217650.579361,1709217650.5793664
6208,1709217650.680646,1709217650.6806507
6209,1709217650.78006,1709217650.780068
6210,1709217650.875503,1709217650.8755114
6211,1709217650.980767,1709217650.9807718
6212,1709217651.0893018,1709217651.0893075
6213,1709217651.175085,1709217651.1750913
6214,1709217651.276821,1709217651.2768288
6215,1709217651.3751192,1709217651.3751237
6216,1709217651.4819458,1709217651.4819546
6217,1709217651.5817957,1709217651.5818827
6218,1709217651.6753433,1709217651.6753476
6219,1709217651.774125,1709217651.774131
6220,1709217651.8804426,1709217651.8804495
6221,1709217651.991047,1709217651.9910538
6222,1709217652.0830607,1709217652.0830681
6223,1709217652.174869,1709217652.1748748
6224,1709217652.277586,1709217652.2775915
6225,1709217652.3931258,1709217652.3931336
6226,1709217652.4717445,1709217652.4717515
6227,1709217652.5753372,1709217652.5753436
6228,1709217652.6759937,1709217652.6759982
6229,1709217652.7803288,1709217652.7803352
6230,1709217652.8747098,1709217652.874717
6231,1709217652.9797482,1709217652.9797535
6232,1709217653.0796928,1709217653.0796964
6233,1709217653.1828837,1709217653.1828914
6234,1709217653.2769265,1709217653.2769337
6235,1709217653.3796542,1709217653.379662
6236,1709217653.471662,1709217653.4716663
6237,1709217653.5756083,1709217653.5756137
6238,1709217653.6773238,1709217653.6773293
6239,1709217653.7829607,1709217653.7829678
6240,1709217653.873207,1709217653.8732114
6241,1709217653.978935,1709217653.9789417
6242,1709217654.0768828,1709217654.0768902
6243,1709217654.1880965,1709217654.1881037
6244,1709217654.2753491,1709217654.275356
6245,1709217654.381298,1709217654.3813167
6246,1709217654.480348,1709217654.4803555
6247,1709217654.5731018,1709217654.5731075
6248,1709217654.6743038,1709217654.67431
6249,1709217654.783008,1709217654.7830184
6250,1709217654.8719537,1709217654.87196
6251,1709217654.9754975,1709217654.9755046
6252,1709217655.0834622,1709217655.08347
6253,1709217655.1769946,1709217655.1770008
6254,1709217655.2739189,1709217655.2739248
6255,1709217655.375072,1709217655.37508
6256,1709217655.4837332,1709217655.4837403
6257,1709217655.5862145,1709217655.5862215
6258,1709217655.687775,1709217655.6877828
6259,1709217655.77594,1709217655.7759457
6260,1709217655.8756528,1709217655.8756585
6261,1709217655.9853272,1709217655.985334
6262,1709217656.078917,1709217656.078923
6263,1709217656.1788497,1709217656.178856
6264,1709217656.272861,1709217656.272866
6265,1709217656.385915,1709217656.3859215
6266,1709217656.4861948,1709217656.4862018
6267,1709217656.5859585,1709217656.5859632
6268,1709217656.6840165,1709217656.6840231
6269,1709217656.7794933,1709217656.7795005
6270,1709217656.8758109,1709217656.8758183
6271,1709217656.9757264,1709217656.9757316
6272,1709217657.0809824,1709217657.0809884
6273,1709217657.1736016,1709217657.1736076
6274,1709217657.2805474,1709217657.2805526
6275,1709217657.3810267,1709217657.3810315
6276,1709217657.4750998,1709217657.475105
6277,1709217657.5725896,1709217657.5725956
6278,1709217657.6879303,1709217657.6879373
6279,1709217657.7788987,1709217657.7789059
6280,1709217657.8792615,1709217657.8792682
6281,1709217657.9969847,1709217657.9969885
6282,1709217658.074426,1709217658.0744333
6283,1709217658.1762543,1709217658.176261
6284,1709217658.2802842,1709217658.2803602
6285,1709217658.3706563,1709217658.3706622
6286,1709217658.4782186,1709217658.478226
6287,1709217658.587243,1709217658.58725
6288,1709217658.685572,1709217658.6855772
6289,1709217658.779898,1709217658.7799032
6290,1709217658.8786285,1709217658.8786347
6291,1709217658.9792094,1709217658.9792159
6292,1709217659.076515,1709217659.0765212
6293,1709217659.1781251,1709217659.1781323
6294,1709217659.274092,1709217659.2740982
6295,1709217659.3786943,1709217659.378701
6296,1709217659.479159,1709217659.4791718
6297,1709217659.578402,1709217659.5784082
6298,1709217659.6789758,1709217659.6789813
6299,1709217659.7766562,1709217659.7766614
6300,1709217659.8815503,1709217659.8815565
6301,1709217659.9784405,1709217659.9784472
6302,1709217660.0775256,1709217660.0775325
6303,1709217660.1786535,1709217660.1786578
6304,1709217660.284037,1709217660.284045
6305,1709217660.381491,1709217660.381498
6306,1709217660.4789135,1709217660.4789195
6307,1709217660.5747118,1709217660.5747178
6308,1709217660.6836812,1709217660.6836874
6309,1709217660.780671,1709217660.780677
6310,1709217660.8744469,1709217660.8744533
6311,1709217660.978535,1709217660.9785388
6312,1709217661.0724518,1709217661.0724585
6313,1709217661.178672,1709217661.1786795
6314,1709217661.274899,1709217661.2749047
6315,1709217661.3769617,1709217661.3769705
6316,1709217661.4764397,1709217661.4764466
6317,1709217661.5762553,1709217661.576261
6318,1709217661.6743133,1709217661.6743207
6319,1709217661.7882247,1709217661.7882314
6320,1709217661.876176,1709217661.8761818
6321,1709217661.9745708,1709217661.974578
6322,1709217662.0739791,1709217662.0739872
6323,1709217662.183067,1709217662.183074
6324,1709217662.2769494,1709217662.2769558
6325,1709217662.3793197,1709217662.379326
6326,1709217662.4724553,1709217662.4724624
6327,1709217662.5809004,1709217662.580906
6328,1709217662.6739595,1709217662.6739666
6329,1709217662.7773817,1709217662.7773895
6330,1709217662.878966,1709217662.878972
6331,1709217662.9755695,1709217662.9755754
6332,1709217663.076507,1709217663.076513
6333,1709217663.1764228,1709217663.1764295
6334,1709217663.2866595,1709217663.286666
6335,1709217663.3742654,1709217663.374271
6336,1709217663.4796803,1709217663.4796848
6337,1709217663.5795202,1709217663.579528
6338,1709217663.6819131,1709217663.6819184
6339,1709217663.7742023,1709217663.7742085
6340,1709217663.8737664,1709217663.8737726
6341,1709217663.9792616,1709217663.979268
6342,1709217664.078883,1709217664.078889
6343,1709217664.1771472,1709217664.177152
6344,1709217664.2733543,1709217664.2733605
6345,1709217664.372192,1709217664.372198
6346,1709217664.4748235,1709217664.474829
6347,1709217664.5848951,1709217664.5849006
6348,1709217664.67564,1709217664.675646
6349,1709217664.7757366,1709217664.7757432
6350,1709217664.8745847,1709217664.8745906
6351,1709217664.9718645,1709217664.9718723
6352,1709217665.0737262,1709217665.073733
6353,1709217665.1799145,1709217665.1799219
6354,1709217665.276007,1709217665.276014
6355,1709217665.3856816,1709217665.3856883
6356,1709217665.4792523,1709217665.4792664
6357,1709217665.5754983,1709217665.575508
6358,1709217665.6751528,1709217665.6751614
6359,1709217665.7743096,1709217665.774365
6360,1709217665.8796065,1709217665.879688
6361,1709217665.9717095,1709217665.9718227
6362,1709217666.091687,1709217666.0926769
6363,1709217666.1760952,1709217666.176198
6364,1709217666.2801225,1709217666.2802303
6365,1709217666.3760545,1709217666.3761501
6366,1709217666.480961,1709217666.4810612
6367,1709217666.5824883,1709217666.5825946
6368,1709217666.675252,1709217666.6753411
6369,1709217666.7829845,1709217666.7830727
6370,1709217666.8741565,1709217666.874318
6371,1709217666.9896152,1709217666.98972
6372,1709217667.0798783,1709217667.0799894
6373,1709217667.1714144,1709217667.1715016
6374,1709217667.2810943,1709217667.2811813
6375,1709217667.3814778,1709217667.381569
6376,1709217667.474853,1709217667.4749408
6377,1709217667.5765831,1709217667.5766659
6378,1709217667.6739097,1709217667.674
6379,1709217667.7758825,1709217667.7759693
6380,1709217667.8932884,1709217667.893339
6381,1709217667.987705,1709217667.9877546
6382,1709217668.0764499,1709217668.0765486
6383,1709217668.1952834,1709217668.1953404
6384,1709217668.2852638,1709217668.2853477
6385,1709217668.376259,1709217668.3763106
6386,1709217668.4841647,1709217668.4842691
6387,1709217668.5767913,1709217668.5768383
6388,1709217668.6764357,1709217668.6765165
6389,1709217668.777265,1709217668.7773113
6390,1709217668.884872,1709217668.8849695
6391,1709217669.0072181,1709217669.0072634
6392,1709217669.0751991,1709217669.0752468
6393,1709217669.1798449,1709217669.1798923
6394,1709217669.280386,1709217669.2804344
6395,1709217669.3773313,1709217669.3773742
6396,1709217669.488068,1709217669.4881244
6397,1709217669.5800896,1709217669.5801692
6398,1709217669.690151,1709217669.6902294
6399,1709217669.7955391,1709217669.7955997
6400,1709217669.8761203,1709217669.8761892
6401,1709217669.9769409,1709217669.977293
6402,1709217670.0841076,1709217670.084215
6403,1709217670.178698,1709217670.178796
6404,1709217670.2720482,1709217670.2721488
6405,1709217670.3742359,1709217670.3743231
6406,1709217670.4702773,1709217670.4703677
6407,1709217670.5718975,1709217670.5719955
6408,1709217670.6762896,1709217670.6763806
6409,1709217670.7754767,1709217670.775566
6410,1709217670.8805718,1709217670.8806686
6411,1709217670.9748816,1709217670.974991
6412,1709217671.0813432,1709217671.0814333
6413,1709217671.1730814,1709217671.17325
6414,1709217671.2795165,1709217671.2796075
6415,1709217671.3840227,1709217671.3841295
6416,1709217671.4840677,1709217671.484153
6417,1709217671.5887094,1709217671.5888786
6418,1709217671.6770089,1709217671.6771078
6419,1709217671.785949,1709217671.7860324
6420,1709217671.8795536,1709217671.8796468
6421,1709217671.9756134,1709217671.9758365
6422,1709217672.073833,1709217672.0739179
6423,1709217672.1837811,1709217672.1838357
6424,1709217672.2751312,1709217672.2752364
6425,1709217672.3826103,1709217672.382693
6426,1709217672.4739792,1709217672.4740722
6427,1709217672.5813644,1709217672.5816364
6428,1709217672.6790943,1709217672.6791813
6429,1709217672.7769628,1709217672.7770417
6430,1709217672.881772,1709217672.8818727
6431,1709217672.9810488,1709217672.9811344
6432,1709217673.0731544,1709217673.0732334
6433,1709217673.1790397,1709217673.1791298
6434,1709217673.2815828,1709217673.2816734
6435,1709217673.3712413,1709217673.3713305
6436,1709217673.4753299,1709217673.4754312
6437,1709217673.573513,1709217673.573594
6438,1709217673.6825433,1709217673.6826525
6439,1709217673.7786624,1709217673.7787473
6440,1709217673.8785746,1709217673.8786745
6441,1709217673.9820158,1709217673.982104
6442,1709217674.0735228,1709217674.0736065
6443,1709217674.1753464,1709217674.175508
6444,1709217674.2874682,1709217674.2875369
6445,1709217674.3849447,1709217674.3851306
6446,1709217674.4787276,1709217674.4788513
6447,1709217674.5789163,1709217674.5790105
6448,1709217674.6775777,1709217674.6777189
6449,1709217674.77634,1709217674.7764487
6450,1709217674.883188,1709217674.8832796
6451,1709217674.9792073,1709217674.9792953
6452,1709217675.0733237,1709217675.073405
6453,1709217675.1771398,1709217675.177228
6454,1709217675.272521,1709217675.2726054
6455,1709217675.3795154,1709217675.3796027
6456,1709217675.4887834,1709217675.4888697
6457,1709217675.5783803,1709217675.578475
6458,1709217675.6844594,1709217675.6845562
6459,1709217675.7818575,1709217675.7819426
6460,1709217675.8750033,1709217675.8750925
6461,1709217675.9837024,1709217675.9837863
6462,1709217676.0772452,1709217676.0773296
6463,1709217676.1846957,1709217676.184814
6464,1709217676.2804263,1709217676.2805946
6465,1709217676.3755765,1709217676.375622
6466,1709217676.4732432,1709217676.473372
6467,1709217676.5827165,1709217676.582812
6468,1709217676.6701388,1709217676.6702187
6469,1709217676.7792404,1709217676.7793179
6470,1709217676.880638,1709217676.8807306
6471,1709217676.9787376,1709217676.9788272
6472,1709217677.086132,1709217677.0862257
6473,1709217677.1794047,1709217677.1795082
6474,1709217677.278995,1709217677.2790852
6475,1709217677.3762617,1709217677.3763697
6476,1709217677.486913,1709217677.486998
6477,1709217677.583403,1709217677.5835526
6478,1709217677.6809015,1709217677.6810105
6479,1709217677.7888467,1709217677.7889538
6480,1709217677.8718355,1709217677.8719313
6481,1709217677.9768908,1709217677.9769778
6482,1709217678.0856762,1709217678.0858161
6483,1709217678.1848984,1709217678.1849997
6484,1709217678.2732785,1709217678.2733788
6485,1709217678.3751855,1709217678.3753078
6486,1709217678.483335,1709217678.4834375
6487,1709217678.5801644,1709217678.5802662
6488,1709217678.687632,1709217678.6877172
6489,1709217678.782496,1709217678.7826207
6490,1709217678.8756196,1709217678.8757744
6491,1709217678.986132,1709217678.9862368
6492,1709217679.0713365,1709217679.071438
6493,1709217679.1785624,1709217679.1786957
6494,1709217679.2775838,1709217679.2776775
6495,1709217679.3761563,1709217679.3762739
6496,1709217679.4829001,1709217679.4829767
6497,1709217679.5857403,1709217679.5858235
6498,1709217679.6738293,1709217679.6739192
6499,1709217679.7733645,1709217679.7734494
6500,1709217679.8818774,1709217679.8819618
6501,1709217679.9739006,1709217679.9740114
6502,1709217680.1172156,1709217680.1173003
6503,1709217680.1737583,1709217680.1738503
6504,1709217680.281183,1709217680.2812932
6505,1709217680.380608,1709217680.3807044
6506,1709217680.4789276,1709217680.4790254
6507,1709217680.5759478,1709217680.5760298
6508,1709217680.6801963,1709217680.680286
6509,1709217680.7801876,1709217680.7802343
6510,1709217680.8717914,1709217680.8721118
6511,1709217680.9812703,1709217680.9813614
6512,1709217681.0717807,1709217681.0718784
6513,1709217681.1855216,1709217681.1856198
6514,1709217681.2747982,1709217681.2749104
6515,1709217681.3761954,1709217681.376281
6516,1709217681.474728,1709217681.4765453
6517,1709217681.575595,1709217681.5756772
6518,1709217681.6757402,1709217681.6758258
6519,1709217681.77674,1709217681.7768276
6520,1709217681.8779328,1709217681.8780217
6521,1709217681.983448,1709217681.9834545
6522,1709217682.0800421,1709217682.0800474
6523,1709217682.1798754,1709217682.1798816
6524,1709217682.2782543,1709217682.2782624
6525,1709217682.3851368,1709217682.3851504
6526,1709217682.4931695,1709217682.493193
6527,1709217682.5739057,1709217682.5739129
6528,1709217682.6767719,1709217682.6767802
6529,1709217682.7760205,1709217682.7760277
6530,1709217682.8807344,1709217682.8807414
6531,1709217682.9837053,1709217682.9837127
6532,1709217683.077093,1709217683.0770993
6533,1709217683.1727772,1709217683.172783
6534,1709217683.2769952,1709217683.2770007
6535,1709217683.385376,1709217683.385382
6536,1709217683.4808624,1709217683.4808688
6537,1709217683.5740361,1709217683.5740423
6538,1709217683.6715558,1709217683.6715639
6539,1709217683.782491,1709217683.7824976
6540,1709217683.874112,1709217683.8741174
6541,1709217683.9793172,1709217683.9793243
6542,1709217684.0744803,1709217684.0807612
6543,1709217684.1785643,1709217684.1865492
6544,1709217684.2765536,1709217684.2807221
6545,1709217684.379224,1709217684.3854635
6546,1709217684.4745624,1709217684.4801874
6547,1709217684.5749888,1709217684.5817184
6548,1709217684.67665,1709217684.683375
6549,1709217684.7706258,1709217684.7759216
6550,1709217684.8776655,1709217684.8862631
6551,1709217684.9733968,1709217684.979439
6552,1709217685.0810885,1709217685.0870261
6553,1709217685.1742823,1709217685.1801515
6554,1709217685.2727878,1709217685.2785842
6555,1709217685.3766274,1709217685.383571
6556,1709217685.4728122,1709217685.4764261
6557,1709217685.579678,1709217685.587699
6558,1709217685.6703486,1709217685.6758149
6559,1709217685.7768476,1709217685.7825253
6560,1709217685.877684,1709217685.8842528
6561,1709217685.9810312,1709217685.9874396
6562,1709217686.0732217,1709217686.079076
6563,1709217686.1729949,1709217686.1813624
6564,1709217686.2843482,1709217686.2901363
6565,1709217686.3806546,1709217686.3893778
6566,1709217686.4717607,1709217686.4811463
6567,1709217686.5811002,1709217686.5890312
6568,1709217686.6748438,1709217686.6826172
6569,1709217686.7804585,1709217686.78666
6570,1709217686.8702831,1709217686.8752775
6571,1709217686.9756675,1709217686.9812548
6572,1709217687.0838873,1709217687.0897248
6573,1709217687.1743295,1709217687.1812844
6574,1709217687.2728822,1709217687.2780056
6575,1709217687.3770132,1709217687.392349
6576,1709217687.4733841,1709217687.4792972
6577,1709217687.5844064,1709217687.5898516
6578,1709217687.6784947,1709217687.6845207
6579,1709217687.7865353,1709217687.8004355
6580,1709217687.8772347,1709217687.8842287
6581,1709217687.970255,1709217687.975374
6582,1709217688.0785022,1709217688.0882027
6583,1709217688.1706738,1709217688.1763752
6584,1709217688.276195,1709217688.2821743
6585,1709217688.3746204,1709217688.379609
6586,1709217688.4848297,1709217688.4926565
6587,1709217688.5695078,1709217688.5743175
6588,1709217688.6837015,1709217688.6885388
6589,1709217688.773711,1709217688.7784693
6590,1709217688.884552,1709217688.8912425
6591,1709217688.974869,1709217688.9820213
6592,1709217689.0725846,1709217689.0778694
6593,1709217689.1786864,1709217689.1846495
6594,1709217689.2844667,1709217689.290491
6595,1709217689.3758807,1709217689.3812757
6596,1709217689.483548,1709217689.4915214
6597,1709217689.5795712,1709217689.58594
6598,1709217689.6776426,1709217689.6832967
6599,1709217689.7761738,1709217689.7862208
6600,1709217689.875506,1709217689.883019
6601,1709217689.9833374,1709217689.988879
6602,1709217690.0755303,1709217690.0808592
6603,1709217690.1762345,1709217690.1853554
6604,1709217690.296393,1709217690.3040078
6605,1709217690.384397,1709217690.3929112
6606,1709217690.474747,1709217690.4811666
6607,1709217690.5751848,1709217690.5835543
6608,1709217690.6823058,1709217690.6888022
6609,1709217690.7756324,1709217690.782154
6610,1709217690.8783848,1709217690.8837166
6611,1709217690.9806237,1709217690.9893181
6612,1709217691.081253,1709217691.0869322
6613,1709217691.183242,1709217691.1890903
6614,1709217691.2843926,1709217691.2957923
6615,1709217691.383441,1709217691.38847
6616,1709217691.4771593,1709217691.4831905
6617,1709217691.575694,1709217691.581644
6618,1709217691.6878197,1709217691.6960316
6619,1709217691.790019,1709217691.7974038
6620,1709217691.8741515,1709217691.8805325
6621,1709217691.981174,1709217691.986533
6622,1709217692.1093452,1709217692.1179256
6623,1709217692.1846397,1709217692.191104
6624,1709217692.2722347,1709217692.2797728
6625,1709217692.3852015,1709217692.390655
6626,1709217692.4737086,1709217692.4789515
6627,1709217692.5741313,1709217692.5831826
6628,1709217692.670103,1709217692.6756716
6629,1709217692.77531,1709217692.7810214
6630,1709217692.8715374,1709217692.8851259
6631,1709217692.9752862,1709217692.98077
6632,1709217693.088721,1709217693.094022
6633,1709217693.1809137,1709217693.1859512
6634,1709217693.272015,1709217693.2785394
6635,1709217693.3771322,1709217693.386967
6636,1709217693.4765751,1709217693.4824324
6637,1709217693.5724633,1709217693.5786736
6638,1709217693.6774504,1709217693.6841908
6639,1709217693.782124,1709217693.7887003
6640,1709217693.8760188,1709217693.8853104
6641,1709217693.9772358,1709217693.9862566
6642,1709217694.082758,1709217694.0827684
6643,1709217694.1731772,1709217694.1731832
6644,1709217694.27772,1709217694.277727
6645,1709217694.3832295,1709217694.3832383
6646,1709217694.4712174,1709217694.4712262
6647,1709217694.5767334,1709217694.5767422
6648,1709217694.681666,1709217694.6816728
6649,1709217694.7795658,1709217694.7795746
6650,1709217694.877094,1709217694.8771014
6651,1709217694.9738002,1709217694.9738126
6652,1709217695.0732203,1709217695.073227
6653,1709217695.176216,1709217695.1762228
6654,1709217695.2760203,1709217695.2760277
6655,1709217695.3746529,1709217695.3746603
6656,1709217695.483003,1709217695.4830105
6657,1709217695.575995,1709217695.576004
6658,1709217695.6761403,1709217695.6761498
6659,1709217695.779434,1709217695.7794425
6660,1709217695.877453,1709217695.8774602
6661,1709217695.972827,1709217695.972837
6662,1709217696.075555,1709217696.0755625
6663,1709217696.1756434,1709217696.1756518
6664,1709217696.2793462,1709217696.279353
6665,1709217696.3798225,1709217696.3798304
6666,1709217696.4811952,1709217696.4812026
6667,1709217696.5740678,1709217696.5740745
6668,1709217696.6784847,1709217696.6784916
6669,1709217696.7743137,1709217696.7743208
6670,1709217696.8777082,1709217696.8777158
6671,1709217696.9765768,1709217696.9765835
6672,1709217697.0801737,1709217697.0801814
6673,1709217697.1714618,1709217697.1714675
6674,1709217697.2808812,1709217697.280887
6675,1709217697.3825364,1709217697.3825457
6676,1709217697.4820917,1709217697.4820993
6677,1709217697.5792246,1709217697.5792315
6678,1709217697.676584,1709217697.6765907
6679,1709217697.7763014,1709217697.7763083
6680,1709217697.8741581,1709217697.8741643
6681,1709217697.9825644,1709217697.982572
6682,1709217698.07482,1709217698.0748267
6683,1709217698.1733472,1709217698.173357
6684,1709217698.285367,1709217698.2853773
6685,1709217698.3768604,1709217698.3768692
6686,1709217698.4755433,1709217698.4755516
6687,1709217698.583945,1709217698.5839524
6688,1709217698.676814,1709217698.6768215
6689,1709217698.7795393,1709217698.7795467
6690,1709217698.8760154,1709217698.8760235
6691,1709217698.9769955,1709217698.977003
6692,1709217699.082382,1709217699.0823889
6693,1709217699.174216,1709217699.1742237
6694,1709217699.276117,1709217699.2761245
6695,1709217699.3927085,1709217699.3927145
6696,1709217699.477912,1709217699.4779189
6697,1709217699.5855243,1709217699.5855305
6698,1709217699.6876447,1709217699.687652
6699,1709217699.7806997,1709217699.7807057
6700,1709217699.8857298,1709217699.8857377
6701,1709217699.9739935,1709217699.9740002
6702,1709217700.075391,1709217700.0754
6703,1709217700.174894,1709217700.1749008
6704,1709217700.2789795,1709217700.278988
6705,1709217700.3781438,1709217700.3781486
6706,1709217700.4785452,1709217700.47855
6707,1709217700.5752413,1709217700.5752513
6708,1709217700.672231,1709217700.6722388
6709,1709217700.7844112,1709217700.784417
6710,1709217700.8779736,1709217700.8779793
6711,1709217700.9721363,1709217700.9721417
6712,1709217701.078361,1709217701.0783684
6713,1709217701.1769829,1709217701.176991
6714,1709217701.2755759,1709217701.2755814
6715,1709217701.3752291,1709217701.3752375
6716,1709217701.4741812,1709217701.4741912
6717,1709217701.575466,1709217701.5754747
6718,1709217701.680875,1709217701.6808813
6719,1709217701.777405,1709217701.7774127
6720,1709217701.8751981,1709217701.8752048
6721,1709217701.9752088,1709217701.9752176
6722,1709217702.0721703,1709217702.0721776
6723,1709217702.1757865,1709217702.175796
6724,1709217702.289731,1709217702.2897408
6725,1709217702.379865,1709217702.3798757
6726,1709217702.4791238,1709217702.4791324
6727,1709217702.5852342,1709217702.5852416
6728,1709217702.6815274,1709217702.6815362
6729,1709217702.7769587,1709217702.7769668
6730,1709217702.8900769,1709217702.8900878
6731,1709217702.9790163,1709217702.9790225
6732,1709217703.0827646,1709217703.0827732
6733,1709217703.2266273,1709217703.2266352
6734,1709217703.275724,1709217703.275733
6735,1709217703.3826928,1709217703.3827007
6736,1709217703.4781225,1709217703.4781284
6737,1709217703.5714965,1709217703.571504
6738,1709217703.6762795,1709217703.6762862
6739,1709217703.7741337,1709217703.7741396
6740,1709217703.890872,1709217703.8908803
6741,1709217703.9755769,1709217703.975584
6742,1709217704.0870419,1709217704.0870483
6743,1709217704.1999948,1709217704.2000027
6744,1709217704.284916,1709217704.2849228
6745,1709217704.3753965,1709217704.3754065
6746,1709217704.4751542,1709217704.4751616
6747,1709217704.5889947,1709217704.5890036
6748,1709217704.6876528,1709217704.6876593
6749,1709217704.7815893,1709217704.7815967
6750,1709217704.875471,1709217704.8754773
6751,1709217704.980669,1709217704.980675
6752,1709217705.0895789,1709217705.0895867
6753,1709217705.1828332,1709217705.1828399
6754,1709217705.2785065,1709217705.2785132
6755,1709217705.3796282,1709217705.3796382
6756,1709217705.4856222,1709217705.4856305
6757,1709217705.5717864,1709217705.5717928
6758,1709217705.6830957,1709217705.6831012
6759,1709217705.7756991,1709217705.7757065
6760,1709217705.8863602,1709217705.8863688
6761,1709217705.9871502,1709217705.987155
6762,1709217706.0909452,1709217706.0909522
6763,1709217706.1887062,1709217706.1887143
6764,1709217706.2809694,1709217706.280976
6765,1709217706.384287,1709217706.3842964
6766,1709217706.4908876,1709217706.4908946
6767,1709217706.5871956,1709217706.587207
6768,1709217706.6918366,1709217706.6918445
6769,1709217706.7810388,1709217706.7810466
6770,1709217706.8794658,1709217706.8794732
6771,1709217706.9889705,1709217706.988979
6772,1709217707.0774622,1709217707.0774708
6773,1709217707.1818326,1709217707.1818414
6774,1709217707.279113,1709217707.2791185
6775,1709217707.3839295,1709217707.3839378
6776,1709217707.478355,1709217707.4783645
6777,1709217707.5846407,1709217707.5846505
6778,1709217707.6852417,1709217707.6852522
6779,1709217707.7878485,1709217707.7878544
6780,1709217707.8936543,1709217707.893664
6781,1709217707.9826312,1709217707.9826367
6782,1709217708.0945933,1709217708.0946014
6783,1709217708.1792223,1709217708.17923
6784,1709217708.2818892,1709217708.281894
6785,1709217708.3875282,1709217708.3875406
6786,1709217708.475074,1709217708.4750805
6787,1709217708.5772464,1709217708.5772526
6788,1709217708.6859903,1709217708.6859958
6789,1709217708.7799444,1709217708.7799544
6790,1709217708.87888,1709217708.878886
6791,1709217708.9817636,1709217708.9817688
6792,1709217709.0805163,1709217709.0805228
6793,1709217709.1756587,1709217709.1756656
6794,1709217709.2793415,1709217709.2793489
6795,1709217709.37905,1709217709.3790574
6796,1709217709.4710631,1709217709.4710681
6797,1709217709.580549,1709217709.5805547
6798,1709217709.6808596,1709217709.6808646
6799,1709217709.785381,1709217709.7853863
6800,1709217709.873551,1709217709.873557
6801,1709217709.9793153,1709217709.979322
6802,1709217710.074124,1709217710.0741284
6803,1709217710.1713805,1709217710.171386
6804,1709217710.2920513,1709217710.292057
6805,1709217710.3760753,1709217710.376083
6806,1709217710.4799142,1709217710.4799204
6807,1709217710.5795803,1709217710.579587
6808,1709217710.6793523,1709217710.6793587
6809,1709217710.7724235,1709217710.7724278
6810,1709217710.877652,1709217710.8776588
6811,1709217710.9862142,1709217710.986222
6812,1709217711.0827358,1709217711.0827453
6813,1709217711.1713269,1709217711.1713326
6814,1709217711.2761934,1709217711.276199
6815,1709217711.3759623,1709217711.3759685
6816,1709217711.4863298,1709217711.4863372
6817,1709217711.5752068,1709217711.5752127
6818,1709217711.681513,1709217711.6815186
6819,1709217711.778761,1709217711.7787693
6820,1709217711.8842816,1709217711.8842878
6821,1709217711.984589,1709217711.9845943
6822,1709217712.0817163,1709217712.0817213
6823,1709217712.1876767,1709217712.1876845
6824,1709217712.2774556,1709217712.277461
6825,1709217712.3751554,1709217712.3751616
6826,1709217712.4784982,1709217712.4785032
6827,1709217712.5789433,1709217712.5789492
6828,1709217712.681638,1709217712.681643
6829,1709217712.7785926,1709217712.7785985
6830,1709217712.8780138,1709217712.8780189
6831,1709217712.9785368,1709217712.9785419
6832,1709217713.0703907,1709217713.070396
6833,1709217713.1922905,1709217713.1922984
6834,1709217713.2797127,1709217713.2797189
6835,1709217713.3860154,1709217713.386021
6836,1709217713.4769132,1709217713.4769204
6837,1709217713.580134,1709217713.5801396
6838,1709217713.6730242,1709217713.6730306
6839,1709217713.7714784,1709217713.7714868
6840,1709217713.8840823,1709217713.8840888
6841,1709217713.9819434,1709217713.9819489
6842,1709217714.0761268,1709217714.076133
6843,1709217714.2113056,1709217714.2113125
6844,1709217714.2765129,1709217714.2765195
6845,1709217714.377235,1709217714.377241
6846,1709217714.482178,1709217714.4821854
6847,1709217714.5733967,1709217714.5734022
6848,1709217714.676688,1709217714.6766934
6849,1709217714.7762272,1709217714.7762337
6850,1709217714.8785508,1709217714.8785567
6851,1709217714.975546,1709217714.9755516
6852,1709217715.0745542,1709217715.0745604
6853,1709217715.1830354,1709217715.1830416
6854,1709217715.2715971,1709217715.2716033
6855,1709217715.380086,1709217715.3800914
6856,1709217715.4720223,1709217715.4720285
6857,1709217715.5839472,1709217715.5839536
6858,1709217715.676756,1709217715.676763
6859,1709217715.7769735,1709217715.7769785
6860,1709217715.8787043,1709217715.87871
6861,1709217715.97221,1709217715.972216
6862,1709217716.0791245,1709217716.0791614
6863,1709217716.174096,1709217716.1741014
6864,1709217716.2769382,1709217716.2769437
6865,1709217716.3819036,1709217716.3819103
6866,1709217716.4751375,1709217716.475144
6867,1709217716.5721588,1709217716.5721633
6868,1709217716.6811807,1709217716.6811874
6869,1709217716.7714992,1709217716.7715173
6870,1709217716.8747587,1709217716.8747642
6871,1709217716.9789698,1709217716.978976
6872,1709217717.0788937,1709217717.0788994
6873,1709217717.1765006,1709217717.1765082
6874,1709217717.279774,1709217717.2797806
6875,1709217717.3799684,1709217717.3799765
6876,1709217717.4765017,1709217717.476509
6877,1709217717.5872762,1709217717.5872824
6878,1709217717.6805904,1709217717.6805987
6879,1709217717.775475,1709217717.775481
6880,1709217717.8876054,1709217717.8876116
6881,1709217717.9765677,1709217717.976573
6882,1709217718.0847273,1709217718.0847337
6883,1709217718.1713533,1709217718.1713572
6884,1709217718.2722,1709217718.272207
6885,1709217718.3796475,1709217718.379656
6886,1709217718.4720633,1709217718.4720674
6887,1709217718.577075,1709217718.5770807
6888,1709217718.680528,1709217718.6805322
6889,1709217718.7766461,1709217718.776652
6890,1709217718.877412,1709217718.8774185
6891,1709217718.973305,1709217718.9733107
6892,1709217719.0744965,1709217719.0745025
6893,1709217719.1727087,1709217719.1727169
6894,1709217719.282638,1709217719.2826433
6895,1709217719.3778272,1709217719.3778315
6896,1709217719.4785686,1709217719.478575
6897,1709217719.5739095,1709217719.5739155
6898,1709217719.6762002,1709217719.6762073
6899,1709217719.7783494,1709217719.7783551
6900,1709217719.8866234,1709217719.886629
6901,1709217719.9712715,1709217719.9712775
6902,1709217720.0729299,1709217720.0729365
6903,1709217720.1703,1709217720.170305
6904,1709217720.2759671,1709217720.275973
6905,1709217720.376967,1709217720.3769739
6906,1709217720.4745505,1709217720.4745564
6907,1709217720.5744586,1709217720.5744646
6908,1709217720.683703,1709217720.6837094
6909,1709217720.7755675,1709217720.7755737
6910,1709217720.8806818,1709217720.8806884
6911,1709217720.9790561,1709217720.979075
6912,1709217721.0739362,1709217721.0739434
6913,1709217721.4688528,1709217721.468865
6914,1709217721.47612,1709217721.476127
6915,1709217721.4850628,1709217721.4850688
6916,1709217721.5792184,1709217721.5792243
6917,1709217721.6867955,1709217721.6868007
6918,1709217721.786929,1709217721.7869344
6919,1709217721.872953,1709217721.8729591
6920,1709217721.9821951,1709217721.9822
6921,1709217722.074895,1709217722.0749004
6922,1709217722.183396,1709217722.1834025
6923,1709217722.271394,1709217722.2714005
6924,1709217722.3796227,1709217722.3796282
6925,1709217722.4817717,1709217722.481778
6926,1709217722.5756915,1709217722.5756984
6927,1709217722.6734836,1709217722.6734896
6928,1709217722.7790413,1709217722.7790473
6929,1709217722.8723564,1709217722.8723629
6930,1709217722.9738207,1709217722.9738276
6931,1709217723.0709996,1709217723.0710056
6932,1709217723.1739907,1709217723.1739955
6933,1709217723.2800236,1709217723.2800298
6934,1709217723.379782,1709217723.3797874
6935,1709217723.4824615,1709217723.482468
6936,1709217723.5888743,1709217723.5888798
6937,1709217723.670878,1709217723.670884
6938,1709217723.7737505,1709217723.7737567
6939,1709217723.8754358,1709217723.875441
6940,1709217723.9783213,1709217723.9783263
6941,1709217724.0755837,1709217724.0755908
6942,1709217724.1809373,1709217724.1809478
6943,1709217724.283228,1709217724.2832353
6944,1709217724.373228,1709217724.3732355
6945,1709217724.4860528,1709217724.4860642
6946,1709217724.5863326,1709217724.5863383
6947,1709217724.6867487,1709217724.6867573
6948,1709217724.7771473,1709217724.777156
6949,1709217724.8829865,1709217724.8829923
6950,1709217724.9850206,1709217724.985027
6951,1709217725.0773904,1709217725.077397
6952,1709217725.1749425,1709217725.174947
6953,1709217725.2734807,1709217725.273487
6954,1709217725.3939664,1709217725.3939729
6955,1709217725.478966,1709217725.4789715
6956,1709217725.5802596,1709217725.580266
6957,1709217725.6757205,1709217725.6757267
6958,1709217725.7806857,1709217725.7806945
6959,1709217725.8715172,1709217725.8715227
6960,1709217725.9775043,1709217725.9775105
6961,1709217726.0771513,1709217726.0771616
6962,1709217726.183281,1709217726.1832886
6963,1709217726.2823381,1709217726.282345
6964,1709217726.3818934,1709217726.3819005
6965,1709217726.473982,1709217726.4739876
6966,1709217726.592566,1709217726.5925727
6967,1709217726.6762185,1709217726.6762254
6968,1709217726.783078,1709217726.783088
6969,1709217726.881572,1709217726.8815787
6970,1709217726.9763684,1709217726.9763753
6971,1709217727.0778074,1709217727.077815
6972,1709217727.1736708,1709217727.173675
6973,1709217727.2751777,1709217727.2751837
6974,1709217727.3850625,1709217727.3850682
6975,1709217727.4737487,1709217727.473754
6976,1709217727.577659,1709217727.5776668
6977,1709217727.674834,1709217727.67484
6978,1709217727.7773845,1709217727.7773912
6979,1709217727.875749,1709217727.8757555
6980,1709217727.972668,1709217727.9726756
6981,1709217728.0817962,1709217728.0818164
6982,1709217728.1845913,1709217728.1845968
6983,1709217728.2813153,1709217728.2813203
6984,1709217728.3791826,1709217728.37919
6985,1709217728.4801555,1709217728.480165
6986,1709217728.5793574,1709217728.5793636
6987,1709217728.6873722,1709217728.6873775
6988,1709217728.7811847,1709217728.7811904
6989,1709217728.877713,1709217728.8777184
6990,1709217728.9790483,1709217728.9790528
6991,1709217729.0809882,1709217729.0809956
6992,1709217729.1791053,1709217729.1791139
6993,1709217729.2844355,1709217729.2844412
6994,1709217729.3769062,1709217729.3769124
6995,1709217729.4821732,1709217729.4821777
6996,1709217729.5772724,1709217729.577279
6997,1709217729.676425,1709217729.6764317
6998,1709217729.7810893,1709217729.781097
6999,1709217729.873166,1709217729.8731737
7000,1709217729.9752827,1709217729.9752893
7001,1709217730.0706146,1709217730.07062
7002,1709217730.180892,1709217730.1808987
7003,1709217730.2862265,1709217730.286234
7004,1709217730.3836584,1709217730.3836653
7005,1709217730.4753835,1709217730.4753892
7006,1709217730.5883005,1709217730.5883064
7007,1709217730.6814075,1709217730.6814137
7008,1709217730.7811172,1709217730.7811208
7009,1709217730.8886395,1709217730.8886454
7010,1709217730.9780662,1709217730.9780724
7011,1709217731.0861397,1709217731.086148
7012,1709217731.1945326,1709217731.1945398
7013,1709217731.2771327,1709217731.2771394
7014,1709217731.375809,1709217731.3758147
7015,1709217731.4710608,1709217731.471067
7016,1709217731.5762658,1709217731.5762699
7017,1709217731.6755698,1709217731.6755748
7018,1709217731.7812245,1709217731.781231
7019,1709217731.876987,1709217731.8769946
7020,1709217731.9700346,1709217731.9700408
7021,1709217732.0807908,1709217732.0807993
7022,1709217732.1812868,1709217732.1812944
7023,1709217732.2775867,1709217732.2775908
7024,1709217732.3840983,1709217732.3841045
7025,1709217732.4809847,1709217732.481019
7026,1709217732.581463,1709217732.5814698
7027,1709217732.679514,1709217732.67952
7028,1709217732.7717135,1709217732.7717204
7029,1709217732.880385,1709217732.8803916
7030,1709217732.9731884,1709217732.973196
7031,1709217733.077353,1709217733.0773592
7032,1709217733.1749787,1709217733.1749845
7033,1709217733.272051,1709217733.2720566
7034,1709217733.3880503,1709217733.3880563
7035,1709217733.4893844,1709217733.4893918
7036,1709217733.5857918,1709217733.585801
7037,1709217733.6789522,1709217733.678959
7038,1709217733.7826352,1709217733.7826412
7039,1709217733.8820217,1709217733.8820276
7040,1709217733.9768615,1709217733.9768674
7041,1709217734.0769055,1709217734.0769124
7042,1709217734.1810172,1709217734.181023
7043,1709217734.2845278,1709217734.284533
7044,1709217734.3852324,1709217734.38524
7045,1709217734.4830832,1709217734.4830894
7046,1709217734.5941262,1709217734.594136
7047,1709217734.695632,1709217734.6956432
7048,1709217734.7837133,1709217734.7837183
7049,1709217734.8762307,1709217734.876237
7050,1709217734.9703536,1709217734.97036
7051,1709217735.0766163,1709217735.07662
7052,1709217735.171916,1709217735.1719222
7053,1709217735.280084,1709217735.2800908
7054,1709217735.3741703,1709217735.3741775
7055,1709217735.475324,1709217735.4753318
7056,1709217735.5819993,1709217735.5820057
7057,1709217735.6776688,1709217735.6776757
7058,1709217735.7809885,1709217735.7809966
7059,1709217735.8739667,1709217735.8739724
7060,1709217735.9839368,1709217735.983943
7061,1709217736.07976,1709217736.0797668
7062,1709217736.1832004,1709217736.1832068
7063,1709217736.2834692,1709217736.2834747
7064,1709217736.3776414,1709217736.3776486
7065,1709217736.5013587,1709217736.501366
7066,1709217736.5811327,1709217736.5811367
7067,1709217736.6829867,1709217736.6829927
7068,1709217736.7779021,1709217736.7779071
7069,1709217736.8713672,1709217736.871374
7070,1709217736.9771118,1709217736.9771178
7071,1709217737.0727332,1709217737.0727391
7072,1709217737.1727252,1709217737.1727316
7073,1709217737.2759333,1709217737.27594
7074,1709217737.3816965,1709217737.3817031
7075,1709217737.4758894,1709217737.4758964
7076,1709217737.58411,1709217737.584117
7077,1709217737.682607,1709217737.6826127
7078,1709217737.7796233,1709217737.7796288
7079,1709217737.8737953,1709217737.8738015
7080,1709217737.975908,1709217737.9759154
7081,1709217738.0747914,1709217738.074799
7082,1709217738.1722372,1709217738.1722443
7083,1709217738.2737534,1709217738.2737608
7084,1709217738.3749888,1709217738.3749928
7085,1709217738.4745197,1709217738.4745276
7086,1709217738.5820901,1709217738.582096
7087,1709217738.6702313,1709217738.6702366
7088,1709217738.7734268,1709217738.7734313
7089,1709217738.8733983,1709217738.8734043
7090,1709217738.9733496,1709217738.9733555
7091,1709217739.0805383,1709217739.0805466
7092,1709217739.1733756,1709217739.1733816
7093,1709217739.2784853,1709217739.2784896
7094,1709217739.3716085,1709217739.3716135
7095,1709217739.47881,1709217739.478817
7096,1709217739.5786111,1709217739.5786169
7097,1709217739.674634,1709217739.67464
7098,1709217739.777256,1709217739.7772624
7099,1709217739.8749554,1709217739.8749619
7100,1709217739.9801157,1709217739.9801202
7101,1709217740.0738766,1709217740.0738819
7102,1709217740.17479,1709217740.1747963
7103,1709217740.2853367,1709217740.2853427
7104,1709217740.3732677,1709217740.3732736
7105,1709217740.4815328,1709217740.4815419
7106,1709217740.5721414,1709217740.5721467
7107,1709217740.678851,1709217740.6788564
7108,1709217740.7746978,1709217740.7747035
7109,1709217740.8753257,1709217740.8753326
7110,1709217740.9813058,1709217740.981313
7111,1709217741.075552,1709217741.075561
7112,1709217741.1740913,1709217741.174095
7113,1709217741.274602,1709217741.274608
7114,1709217741.3705533,1709217741.370558
7115,1709217741.4786959,1709217741.4787035
7116,1709217741.5727577,1709217741.5727632
7117,1709217741.6795816,1709217741.679589
7118,1709217741.7766058,1709217741.7766125
7119,1709217741.871339,1709217741.8713434
7120,1709217741.978186,1709217741.9781914
7121,1709217742.0745862,1709217742.0745916
7122,1709217742.172051,1709217742.1721017
7123,1709217742.271467,1709217742.2715175
7124,1709217742.3754292,1709217742.375481
7125,1709217742.4708068,1709217742.4708495
7126,1709217742.5759654,1709217742.57603
7127,1709217742.6775022,1709217742.6775744
7128,1709217742.7814848,1709217742.781552
7129,1709217742.8714607,1709217742.8715575
7130,1709217742.9752707,1709217742.9753506
7131,1709217743.07226,1709217743.0723062
7132,1709217743.1717408,1709217743.1717892
7133,1709217743.285104,1709217743.28515
7134,1709217743.3791628,1709217743.3792107
7135,1709217743.477732,1709217743.4777977
7136,1709217743.5763552,1709217743.5764048
7137,1709217743.671542,1709217743.6715865
7138,1709217743.7723496,1709217743.772392
7139,1709217743.8728695,1709217743.8729172
7140,1709217743.9732509,1709217743.973331
7141,1709217744.0745773,1709217744.074625
7142,1709217744.1799319,1709217744.18003
7143,1709217744.2827663,1709217744.2828228
7144,1709217744.3750682,1709217744.3751354
7145,1709217744.4835298,1709217744.483581
7146,1709217744.5803099,1709217744.5803492
7147,1709217744.6723979,1709217744.6724463
7148,1709217744.7750485,1709217744.7751331
7149,1709217744.8748145,1709217744.874878
7150,1709217744.9783201,1709217744.978397
7151,1709217745.0740936,1709217745.0741625
7152,1709217745.1730626,1709217745.1731126
7153,1709217745.27859,1709217745.2786374
7154,1709217745.3739915,1709217745.3740659
7155,1709217745.474861,1709217745.474912
7156,1709217745.5764723,1709217745.576524
7157,1709217745.6726615,1709217745.6727424
7158,1709217745.7708647,1709217745.7709167
7159,1709217745.870903,1709217745.870982
7160,1709217745.9754071,1709217745.975461
7161,1709217746.0802858,1709217746.080336
7162,1709217746.179895,1709217746.1799467
7163,1709217746.2745585,1709217746.2746055
7164,1709217746.3776884,1709217746.3777385
7165,1709217746.4843185,1709217746.484366
7166,1709217746.5723853,1709217746.572429
7167,1709217746.6899166,1709217746.6900032
7168,1709217746.7816377,1709217746.781688
7169,1709217746.872082,1709217746.872131
7170,1709217746.9769115,1709217746.9769542
7171,1709217747.0725245,1709217747.0725641
7172,1709217747.171723,1709217747.1717741
7173,1709217747.2835212,1709217747.2835672
7174,1709217747.378862,1709217747.378908
7175,1709217747.4989886,1709217747.4990225
7176,1709217747.5773988,1709217747.5774472
7177,1709217747.6742048,1709217747.6742637
7178,1709217747.7748382,1709217747.7761025
7179,1709217747.8709588,1709217747.8710387
7180,1709217747.9765644,1709217747.976613
7181,1709217748.074742,1709217748.074793
7182,1709217748.1706886,1709217748.1707778
7183,1709217748.2702425,1709217748.2703598
7184,1709217748.3754623,1709217748.375511
7185,1709217748.478443,1709217748.4784899
7186,1709217748.5762038,1709217748.5762522
7187,1709217748.6725502,1709217748.672603
7188,1709217748.7789793,1709217748.779034
7189,1709217748.8732204,1709217748.873296
7190,1709217748.9792802,1709217748.9793613
7191,1709217749.0698724,1709217749.0699105
7192,1709217749.1856437,1709217749.185727
7193,1709217749.2808146,1709217749.2809002
7194,1709217749.3798082,1709217749.3798912
7195,1709217749.486312,1709217749.486402
7196,1709217749.5806022,1709217749.5806894
7197,1709217749.680905,1709217749.6809952
7198,1709217749.7841058,1709217749.7841833
7199,1709217749.873976,1709217749.8740747
7200,1709217749.9738479,1709217749.9739418
7201,1709217750.0837233,1709217750.0838656
7202,1709217750.1771119,1709217750.1771789
7203,1709217750.27118,1709217750.27131
7204,1709217750.3768258,1709217750.3769155
7205,1709217750.4742026,1709217750.4748948
7206,1709217750.577701,1709217750.577816
7207,1709217750.6882672,1709217750.688354
7208,1709217750.7704666,1709217750.7705173
7209,1709217750.8704042,1709217750.8704617
7210,1709217750.9746854,1709217750.9748068
7211,1709217751.0751677,1709217751.075217
7212,1709217751.1794074,1709217751.1794584
7213,1709217751.281483,1709217751.2815683
7214,1709217751.3740494,1709217751.3741236
7215,1709217751.4758248,1709217751.475904
7216,1709217751.5747044,1709217751.5747583
7217,1709217751.673606,1709217751.673651
7218,1709217751.7767875,1709217751.7768362
7219,1709217751.8819275,1709217751.8819783
7220,1709217751.9721205,1709217751.9721744
7221,1709217752.0804114,1709217752.080463
7222,1709217752.174217,1709217752.1743064
7223,1709217752.2764297,1709217752.2764878
7224,1709217752.3807318,1709217752.380783
7225,1709217752.4759746,1709217752.4760227
7226,1709217752.5739067,1709217752.5739622
7227,1709217752.676883,1709217752.6769247
7228,1709217752.7808895,1709217752.7809348
7229,1709217752.8721998,1709217752.8722432
7230,1709217752.979826,1709217752.9798822
7231,1709217753.073444,1709217753.073487
7232,1709217753.179595,1709217753.1796367
7233,1709217753.272545,1709217753.2725952
7234,1709217753.3728535,1709217753.3729002
7235,1709217753.4805586,1709217753.4806178
7236,1709217753.5795462,1709217753.5795934
7237,1709217753.6729016,1709217753.6729527
7238,1709217753.7739854,1709217753.77407
7239,1709217753.8807366,1709217753.88082
7240,1709217753.9755888,1709217753.9756422
7241,1709217754.0710971,1709217754.071178
7242,1709217754.1704793,1709217754.170524
7243,1709217754.275032,1709217754.2750802
7244,1709217754.373753,1709217754.3738012
7245,1709217754.4810867,1709217754.4811769
7246,1709217754.573116,1709217754.5731807
7247,1709217754.6766164,1709217754.6766756
7248,1709217754.7751641,1709217754.775221
7249,1709217754.8798935,1709217754.879987
7250,1709217754.9755874,1709217754.9756684
7251,1709217755.080928,1709217755.0810106
7252,1709217755.1860332,1709217755.1860788
7253,1709217755.271025,1709217755.2711163
7254,1709217755.373945,1709217755.3739958
7255,1709217755.480359,1709217755.480441
7256,1709217755.577466,1709217755.5775492
7257,1709217755.6762435,1709217755.6762898
7258,1709217755.7755284,1709217755.7755775
7259,1709217755.882769,1709217755.8828366
7260,1709217755.975419,1709217755.9754758
7261,1709217756.0720317,1709217756.0721073
7262,1709217756.1806946,1709217756.1807811
7263,1709217756.2792249,1709217756.2792923
7264,1709217756.3752358,1709217756.3752863
7265,1709217756.4770122,1709217756.4770625
7266,1709217756.5721588,1709217756.5721974
7267,1709217756.6715233,1709217756.6715827
7268,1709217756.7770371,1709217756.777083
7269,1709217756.8802202,1709217756.8802652
7270,1709217756.975817,1709217756.975891
7271,1709217757.078182,1709217757.0782182
7272,1709217757.1761062,1709217757.1761703
7273,1709217757.2820408,1709217757.2820807
7274,1709217757.3702056,1709217757.3703377
7275,1709217757.4772413,1709217757.477321
7276,1709217757.5729413,1709217757.5729904
7277,1709217757.6836967,1709217757.683786
7278,1709217757.7753992,1709217757.7754476
7279,1709217757.877499,1709217757.8775482
7280,1709217757.9828722,1709217757.9829242
7281,1709217758.077019,1709217758.0770824
7282,1709217758.1750758,1709217758.175123
7283,1709217758.2736297,1709217758.2736804
7284,1709217758.3699796,1709217758.3700502
7285,1709217758.4706433,1709217758.4707189
7286,1709217758.5934072,1709217758.5934994
7287,1709217758.6809514,1709217758.6810324
7288,1709217758.772269,1709217758.7723644
7289,1709217758.8843963,1709217758.8845153
7290,1709217758.9767072,1709217758.976758
7291,1709217759.0704455,1709217759.0705209
7292,1709217759.1834974,1709217759.183632
7293,1709217759.2736256,1709217759.2737086
7294,1709217759.382985,1709217759.3830872
7295,1709217759.4748597,1709217759.474946
7296,1709217759.5738297,1709217759.5738845
7297,1709217759.6765826,1709217759.6766331
7298,1709217759.7751641,1709217759.7752042
7299,1709217759.8792307,1709217759.879279
7300,1709217759.9700623,1709217759.9701111
7301,1709217760.0748053,1709217760.074885
7302,1709217760.1732981,1709217760.1733828
7303,1709217760.2725317,1709217760.2725909
7304,1709217760.374446,1709217760.3744936
7305,1709217760.4809408,1709217760.4810266
7306,1709217760.5870354,1709217760.5870857
7307,1709217760.6762843,1709217760.6763668
7308,1709217760.7840497,1709217760.7841465
7309,1709217760.8765824,1709217760.8766735
7310,1709217760.972776,1709217760.9728222
7311,1709217761.0731592,1709217761.0732129
7312,1709217761.1829283,1709217761.1830413
7313,1709217761.2779164,1709217761.2779572
7314,1709217761.3700476,1709217761.370101
7315,1709217761.473568,1709217761.47362
7316,1709217761.5792563,1709217761.579312
7317,1709217761.6814353,1709217761.6814868
7318,1709217761.7811937,1709217761.7812696
7319,1709217761.8774645,1709217761.8775575
7320,1709217761.9859118,1709217761.985959
7321,1709217762.0749621,1709217762.0750093
7322,1709217762.172786,1709217762.1728516
7323,1709217762.2801964,1709217762.2802804
7324,1709217762.372184,1709217762.3722315
7325,1709217762.4815562,1709217762.4816496
7326,1709217762.5823698,1709217762.5824091
7327,1709217762.6804407,1709217762.6804912
7328,1709217762.7760704,1709217762.7761276
7329,1709217762.8735225,1709217762.8735716
7330,1709217762.973693,1709217762.973743
7331,1709217763.0805185,1709217763.0805697
7332,1709217763.1792755,1709217763.1793146
7333,1709217763.2737825,1709217763.2738342
7334,1709217763.374223,1709217763.374278
7335,1709217763.485281,1709217763.4853466
7336,1709217763.582352,1709217763.5824113
7337,1709217763.6825974,1709217763.6826456
7338,1709217763.7730207,1709217763.7730875
7339,1709217763.8798149,1709217763.8798664
7340,1709217763.9765036,1709217763.9769077
7341,1709217764.0701718,1709217764.0702748
7342,1709217764.1809063,1709217764.1809902
7343,1709217764.2819743,1709217764.2820122
7344,1709217764.3758748,1709217764.3759527
7345,1709217764.475488,1709217764.4756746
7346,1709217764.5832784,1709217764.583364
7347,1709217764.682794,1709217764.6828344
7348,1709217764.7862422,1709217764.7866056
7349,1709217764.8766701,1709217764.8767586
7350,1709217764.9796739,1709217764.9797268
7351,1709217765.0796134,1709217765.0796523
7352,1709217765.1724193,1709217765.172476
7353,1709217765.2781622,1709217765.2782114
7354,1709217765.380556,1709217765.3806088
7355,1709217765.4774444,1709217765.4774904
7356,1709217765.573738,1709217765.5738266
7357,1709217765.6739109,1709217765.6741354
7358,1709217765.7854562,1709217765.7855425
7359,1709217765.875968,1709217765.8760624
7360,1709217765.972451,1709217765.9725447
7361,1709217766.08032,1709217766.080374
7362,1709217766.1779923,1709217766.1780515
7363,1709217766.2732875,1709217766.27334
7364,1709217766.3730934,1709217766.3731427
7365,1709217766.4739954,1709217766.4740422
7366,1709217766.578851,1709217766.5789325
7367,1709217766.6833274,1709217766.6834056
7368,1709217766.7770233,1709217766.7771065
7369,1709217766.87217,1709217766.872237
7370,1709217766.9708076,1709217766.970856
7371,1709217767.0700395,1709217767.070136
7372,1709217767.1702046,1709217767.1702821
7373,1709217767.2826037,1709217767.2826517
7374,1709217767.376749,1709217767.3768406
7375,1709217767.4730742,1709217767.473153
7376,1709217767.5771003,1709217767.5772007
7377,1709217767.6785772,1709217767.678667
7378,1709217767.7707589,1709217767.7708497
7379,1709217767.8801866,1709217767.880325
7380,1709217767.9757507,1709217767.9758263
7381,1709217768.0791667,1709217768.0792346
7382,1709217768.18216,1709217768.1822152
7383,1709217768.2716506,1709217768.2717168
7384,1709217768.374596,1709217768.374644
7385,1709217768.4832428,1709217768.4833276
7386,1709217768.5740328,1709217768.574139
7387,1709217768.6712947,1709217768.671336
7388,1709217768.77873,1709217768.7787676
7389,1709217768.87186,1709217768.8719056
7390,1709217768.9804523,1709217768.9805043
7391,1709217769.0803788,1709217769.0804524
7392,1709217769.178425,1709217769.1784794
7393,1709217769.2758117,1709217769.2758665
7394,1709217769.3770912,1709217769.3771691
7395,1709217769.474102,1709217769.474184
7396,1709217769.5719476,1709217769.5720463
7397,1709217769.671751,1709217769.6718123
7398,1709217769.7784648,1709217769.778569
7399,1709217769.8758833,1709217769.8759596
7400,1709217769.9780066,1709217769.9780543
7401,1709217770.0761557,1709217770.0762057
7402,1709217770.174482,1709217770.1745298
7403,1709217770.2704527,1709217770.2705278
7404,1709217770.3710368,1709217770.3710794
7405,1709217770.4746237,1709217770.474684
7406,1709217770.6063838,1709217770.6064243
7407,1709217770.6746657,1709217770.674716
7408,1709217770.7803721,1709217770.7804518
7409,1709217770.8715959,1709217770.8716435
7410,1709217770.9720623,1709217770.9721103
7411,1709217771.0804012,1709217771.080435
7412,1709217771.1786814,1709217771.1787596
7413,1709217771.2746954,1709217771.274789
7414,1709217771.3763306,1709217771.376383
7415,1709217771.4735372,1709217771.4736013
7416,1709217771.5741768,1709217771.5742307
7417,1709217771.6711044,1709217771.6712427
7418,1709217771.784874,1709217771.7849455
7419,1709217771.8731246,1709217771.8731728
7420,1709217771.983582,1709217771.983625
7421,1709217772.0722368,1709217772.0722787
7422,1709217772.1747463,1709217772.1747866
7423,1709217772.2737048,1709217772.2737527
7424,1709217772.375814,1709217772.3758612
7425,1709217772.4747508,1709217772.4748013
7426,1709217772.5835955,1709217772.583645
7427,1709217772.6715214,1709217772.671573
7428,1709217772.775797,1709217772.7758934
7429,1709217772.8805115,1709217772.8805637
7430,1709217772.9742706,1709217772.9743214
7431,1709217773.0755064,1709217773.0755615
7432,1709217773.1765378,1709217773.1765938
7433,1709217773.2734237,1709217773.2734723
7434,1709217773.3809555,1709217773.381012
7435,1709217773.480384,1709217773.4804716
7436,1709217773.5769346,1709217773.57702
7437,1709217773.6705992,1709217773.6706948
7438,1709217773.779238,1709217773.779297
7439,1709217773.8757074,1709217773.8757885
7440,1709217773.9735637,1709217773.9736042
7441,1709217774.0836518,1709217774.0837324
7442,1709217774.1783504,1709217774.1784296
7443,1709217774.2801945,1709217774.2803211
7444,1709217774.3752892,1709217774.3753717
7445,1709217774.473141,1709217774.4732234
7446,1709217774.5739465,1709217774.574042
7447,1709217774.6754575,1709217774.675565
7448,1709217774.7750332,1709217774.7750778
7449,1709217774.874805,1709217774.8748538
7450,1709217774.978394,1709217774.978446
7451,1709217775.0773685,1709217775.077418
7452,1709217775.1706576,1709217775.1707122
7453,1709217775.2800474,1709217775.280127
7454,1709217775.3742566,1709217775.374306
7455,1709217775.4784217,1709217775.478465
7456,1709217775.5747452,1709217775.574819
7457,1709217775.677777,1709217775.6778312
7458,1709217775.7760282,1709217775.7761064
7459,1709217775.8863246,1709217775.886374
7460,1709217775.9742072,1709217775.9742553
7461,1709217776.073671,1709217776.0737216
7462,1709217776.1779761,1709217776.178044
7463,1709217776.2750025,1709217776.2750807
7464,1709217776.383401,1709217776.3834834
7465,1709217776.471202,1709217776.4712493
7466,1709217776.5743446,1709217776.5743914
7467,1709217776.6711514,1709217776.6711872
7468,1709217776.7764864,1709217776.7765608
7469,1709217776.8723688,1709217776.872442
7470,1709217776.9827678,1709217776.9828122
7471,1709217777.07537,1709217777.075402
7472,1709217777.1806471,1709217777.180706
7473,1709217777.2757015,1709217777.275748
7474,1709217777.3738425,1709217777.3739219
7475,1709217777.4757762,1709217777.4758255
7476,1709217777.5746064,1709217777.5746646
7477,1709217777.6760428,1709217777.6761174
7478,1709217777.7855208,1709217777.7856317
7479,1709217777.872705,1709217777.872757
7480,1709217777.9841132,1709217777.9841902
7481,1709217778.0763462,1709217778.0763977
7482,1709217778.1733048,1709217778.173356
7483,1709217778.2751384,1709217778.275234
7484,1709217778.3849142,1709217778.3849604
7485,1709217778.4792159,1709217778.4792817
7486,1709217778.576744,1709217778.5767899
7487,1709217778.6699536,1709217778.6699998
7488,1709217778.7786875,1709217778.778737
7489,1709217778.8719778,1709217778.872017
7490,1709217778.9755359,1709217778.9756134
7491,1709217779.0745869,1709217779.0746293
7492,1709217779.1747866,1709217779.1748483
7493,1709217779.274543,1709217779.2745764
7494,1709217779.3745325,1709217779.3746183
7495,1709217779.4746945,1709217779.4747803
7496,1709217779.5758064,1709217779.575897
7497,1709217779.6792252,1709217779.679311
7498,1709217779.7761393,1709217779.7763793
7499,1709217779.8724895,1709217779.8725393
7500,1709217779.9790406,1709217779.979092
7501,1709217780.081675,1709217780.0817347
7502,1709217780.1786735,1709217780.1787446
7503,1709217780.2765849,1709217780.2766225
7504,1709217780.3773305,1709217780.3773801
7505,1709217780.4731858,1709217780.4732351
7506,1709217780.5735571,1709217780.573602
7507,1709217780.6697705,1709217780.6698303
7508,1709217780.7812896,1709217780.7813478
7509,1709217780.8767588,1709217780.876841
7510,1709217780.9732592,1709217780.9733357
7511,1709217781.076464,1709217781.076598
7512,1709217781.1711674,1709217781.1712167
7513,1709217781.2740226,1709217781.2741299
7514,1709217781.3874755,1709217781.3875613
7515,1709217781.4793189,1709217781.4793656
7516,1709217781.573655,1709217781.5738275
7517,1709217781.6738253,1709217781.673897
7518,1709217781.7836375,1709217781.7837467
7519,1709217781.8722885,1709217781.8723516
7520,1709217781.981479,1709217781.9815588
7521,1709217782.0702896,1709217782.070366
7522,1709217782.175243,1709217782.1752894
7523,1709217782.2850895,1709217782.2851362
7524,1709217782.3725646,1709217782.372617
7525,1709217782.4752662,1709217782.475323
7526,1709217782.5726302,1709217782.5727108
7527,1709217782.696091,1709217782.6961303
7528,1709217782.7813401,1709217782.7813933
7529,1709217782.877516,1709217782.8775735
7530,1709217782.9711187,1709217782.971213
7531,1709217783.0734224,1709217783.073518
7532,1709217783.1814249,1709217783.18151
7533,1709217783.2725475,1709217783.2725966
7534,1709217783.373569,1709217783.3736134
7535,1709217783.474563,1709217783.474613
7536,1709217783.5735471,1709217783.5735795
7537,1709217783.6773906,1709217783.6775026
7538,1709217783.7715802,1709217783.7716413
7539,1709217783.8843164,1709217783.8843648
7540,1709217783.981771,1709217783.9818554
7541,1709217784.0792449,1709217784.0793197
7542,1709217784.18164,1709217784.1817186
7543,1709217784.2777297,1709217784.2777708
7544,1709217784.374315,1709217784.374365
7545,1709217784.479433,1709217784.4795244
7546,1709217784.5727746,1709217784.5728583
7547,1709217784.6830518,1709217784.6831293
7548,1709217784.772036,1709217784.7720876
7549,1709217784.8785312,1709217784.878584
7550,1709217784.9744015,1709217784.9744954
7551,1709217785.0719676,1709217785.0720117
7552,1709217785.184652,1709217785.1847062
7553,1709217785.2759414,1709217785.2759953
7554,1709217785.383883,1709217785.3839262
7555,1709217785.472831,1709217785.4728787
7556,1709217785.5741878,1709217785.5742354
7557,1709217785.678934,1709217785.6789918
7558,1709217785.7711086,1709217785.771151
7559,1709217785.8811414,1709217785.8811932
7560,1709217785.9752474,1709217785.9752958
7561,1709217786.0819032,1709217786.0819495
7562,1709217786.1828449,1709217786.1828916
7563,1709217786.2815425,1709217786.2816076
7564,1709217786.385782,1709217786.3858688
7565,1709217786.4726677,1709217786.4727218
7566,1709217786.5792425,1709217786.579304
7567,1709217786.6770606,1709217786.6771436
7568,1709217786.7757719,1709217786.7758446
7569,1709217786.8732393,1709217786.8732786
7570,1709217786.972866,1709217786.972907
7571,1709217787.08307,1709217787.083146
7572,1709217787.1752763,1709217787.1753244
7573,1709217787.2809944,1709217787.2810438
7574,1709217787.376915,1709217787.3769767
7575,1709217787.479663,1709217787.4797137
7576,1709217787.5745862,1709217787.574632
7577,1709217787.6741605,1709217787.6742146
7578,1709217787.7829854,1709217787.7830293
7579,1709217787.8814747,1709217787.8815658
7580,1709217787.9805415,1709217787.9806406
7581,1709217788.0858705,1709217788.08592
7582,1709217788.1788664,1709217788.1789138
7583,1709217788.274764,1709217788.2748122
7584,1709217788.375961,1709217788.3763692
7585,1709217788.4879813,1709217788.4880743
7586,1709217788.5753832,1709217788.5754793
7587,1709217788.6755235,1709217788.6756005
7588,1709217788.7791893,1709217788.7792416
7589,1709217788.8771708,1709217788.8772225
7590,1709217788.9750004,1709217788.975054
7591,1709217789.0816648,1709217789.0817182
7592,1709217789.1720893,1709217789.1721447
7593,1709217789.2782614,1709217789.278319
7594,1709217789.3807127,1709217789.3807595
7595,1709217789.478743,1709217789.4787776
7596,1709217789.5726814,1709217789.5727456
7597,1709217789.686715,1709217789.6867592
7598,1709217789.7766454,1709217789.7766886
7599,1709217789.8724384,1709217789.8724878
7600,1709217789.9865723,1709217789.986654
7601,1709217790.0810902,1709217790.0811431
7602,1709217790.1791441,1709217790.179192
7603,1709217790.2801027,1709217790.2801478
7604,1709217790.3793945,1709217790.3794692
7605,1709217790.4712896,1709217790.4713411
7606,1709217790.5786097,1709217790.5786562
7607,1709217790.6765451,1709217790.6766074
7608,1709217790.772697,1709217790.7727768
7609,1709217790.8764293,1709217790.8765273
7610,1709217790.9728014,1709217790.9728556
7611,1709217791.0714514,1709217791.071501
7612,1709217791.1767642,1709217791.176814
7613,1709217791.2724316,1709217791.2724824
7614,1709217791.3809361,1709217791.3810263
7615,1709217791.4858022,1709217791.4858992
7616,1709217791.576085,1709217791.576139
7617,1709217791.6741428,1709217791.6742268
7618,1709217791.7743824,1709217791.7744253
7619,1709217791.8835435,1709217791.8835988
7620,1709217791.9725814,1709217791.9726338
7621,1709217792.080203,1709217792.0802698
7622,1709217792.1741996,1709217792.1742432
7623,1709217792.280485,1709217792.2805367
7624,1709217792.3830068,1709217792.3831022
7625,1709217792.4791553,1709217792.479371
7626,1709217792.5724442,1709217792.5724957
7627,1709217792.6819103,1709217792.6819546
7628,1709217792.7743547,1709217792.774392
7629,1709217792.8737316,1709217792.8737814
7630,1709217792.974229,1709217792.9743092
7631,1709217793.0772877,1709217793.0773702
7632,1709217793.1884785,1709217793.188528
7633,1709217793.277163,1709217793.2772138
7634,1709217793.3732352,1709217793.373429
7635,1709217793.484632,1709217793.4846778
7636,1709217793.5766418,1709217793.5767052
7637,1709217793.6865747,1709217793.6866229
7638,1709217793.7727404,1709217793.772806
7639,1709217793.8751237,1709217793.8751905
7640,1709217793.9759016,1709217793.9759436
7641,1709217794.0756693,1709217794.0757139
7642,1709217794.1802197,1709217794.180383
7643,1709217794.2849827,1709217794.2850752
7644,1709217794.383056,1709217794.3831346
7645,1709217794.4720504,1709217794.4720924
7646,1709217794.583887,1709217794.583943
7647,1709217794.6925888,1709217794.6926591
7648,1709217794.7991798,1709217794.7992291
7649,1709217794.8845203,1709217794.8845744
7650,1709217794.9758136,1709217794.9758623
7651,1709217795.0769236,1709217795.0770206
7652,1709217795.175636,1709217795.1757133
7653,1709217795.2780514,1709217795.278114
7654,1709217795.37578,1709217795.3758366
7655,1709217795.4736006,1709217795.4737053
7656,1709217795.5878484,1709217795.5879488
7657,1709217795.6731653,1709217795.6732502
7658,1709217795.7888672,1709217795.78896
7659,1709217795.872745,1709217795.8728335
7660,1709217795.9753888,1709217795.9754705
7661,1709217796.0803406,1709217796.0804548
7662,1709217796.1706336,1709217796.1707191
7663,1709217796.2829988,1709217796.283052
7664,1709217796.3708348,1709217796.3708863
7665,1709217796.4745293,1709217796.4748092
7666,1709217796.5870287,1709217796.5870817
7667,1709217796.6797986,1709217796.6798527
7668,1709217796.794447,1709217796.794505
7669,1709217796.8877635,1709217796.8878539
7670,1709217796.9993718,1709217796.999456
7671,1709217797.07163,1709217797.0716786
7672,1709217797.1756697,1709217797.1757247
7673,1709217797.2875898,1709217797.2876384
7674,1709217797.3739066,1709217797.3739464
7675,1709217797.4848764,1709217797.4849486
7676,1709217797.5803392,1709217797.5804315
7677,1709217797.6815953,1709217797.6816711
7678,1709217797.7792614,1709217797.779353
7679,1709217797.8723428,1709217797.8724282
7680,1709217797.9809935,1709217797.981122
7681,1709217798.0733068,1709217798.073402
7682,1709217798.170681,1709217798.1707644
7683,1709217798.2727237,1709217798.2728143
7684,1709217798.372317,1709217798.372401
7685,1709217798.4816017,1709217798.4817805
7686,1709217798.5726516,1709217798.5726948
7687,1709217798.675297,1709217798.6753504
7688,1709217798.7787318,1709217798.7787867
7689,1709217798.878208,1709217798.8782563
7690,1709217798.9794388,1709217798.979512
7691,1709217799.0757008,1709217799.0757525
7692,1709217799.172539,1709217799.172626
7693,1709217799.2799997,1709217799.280047
7694,1709217799.3883862,1709217799.3884664
7695,1709217799.4723938,1709217799.4724517
7696,1709217799.5789533,1709217799.5790436
7697,1709217799.6713603,1709217799.6714017
7698,1709217799.7952008,1709217799.795252
7699,1709217799.8790443,1709217799.8790958
7700,1709217799.9887753,1709217799.9888244
7701,1709217800.0751565,1709217800.0752428
7702,1709217800.1739674,1709217800.174012
7703,1709217800.2827735,1709217800.2828162
7704,1709217800.3770401,1709217800.3770843
7705,1709217800.4805303,1709217800.4805803
7706,1709217800.5802426,1709217800.5803182
7707,1709217800.6819775,1709217800.6820447
7708,1709217800.7879186,1709217800.7884014
7709,1709217800.886198,1709217800.8862407
7710,1709217800.9865072,1709217800.9865532
7711,1709217801.0772934,1709217801.077334
7712,1709217801.1936831,1709217801.1937728
7713,1709217801.2737923,1709217801.2738433
7714,1709217801.3805673,1709217801.3809786
7715,1709217801.4722016,1709217801.4723105
7716,1709217801.5820754,1709217801.5821478
7717,1709217801.6748073,1709217801.6749926
7718,1709217801.7900918,1709217801.7902172
7719,1709217801.882433,1709217801.8825166
7720,1709217801.997072,1709217801.9971254
7721,1709217802.079663,1709217802.0797043
7722,1709217802.1765215,1709217802.176568
7723,1709217802.2762802,1709217802.2763662
7724,1709217802.3870835,1709217802.3871295
7725,1709217802.4741042,1709217802.4741526
7726,1709217802.5735152,1709217802.573568
7727,1709217802.6729472,1709217802.6730206
7728,1709217802.7730787,1709217802.7731357
7729,1709217802.8773472,1709217802.877402
7730,1709217802.9792295,1709217802.979278
7731,1709217803.0744746,1709217803.074534
7732,1709217803.182758,1709217803.1828136
7733,1709217803.2900186,1709217803.2900753
7734,1709217803.3797798,1709217803.3798633
7735,1709217803.472978,1709217803.4731052
7736,1709217803.5790236,1709217803.579139
7737,1709217803.6853418,1709217803.6853962
7738,1709217803.777212,1709217803.777264
7739,1709217803.8751476,1709217803.8751955
7740,1709217803.9805012,1709217803.9805515
7741,1709217804.0810945,1709217804.0811386
7742,1709217804.1785836,1709217804.1786792
7743,1709217804.278234,1709217804.278277
7744,1709217804.3763742,1709217804.3764246
7745,1709217804.4954631,1709217804.495566
7746,1709217804.5812786,1709217804.5813296
7747,1709217804.6742818,1709217804.6743257
7748,1709217804.7815592,1709217804.7816083
7749,1709217804.8773384,1709217804.8773844
7750,1709217804.9802547,1709217804.9803107
7751,1709217805.076055,1709217805.0760975
7752,1709217805.2046983,1709217805.20474
7753,1709217805.2816808,1709217805.2817264
7754,1709217805.3763857,1709217805.3764246
7755,1709217805.4747663,1709217805.4748125
7756,1709217805.5796564,1709217805.5796971
7757,1709217805.6765249,1709217805.6765969
7758,1709217805.772059,1709217805.772144
7759,1709217805.8752863,1709217805.8753347
7760,1709217805.9806762,1709217805.9807236
7761,1709217806.0708828,1709217806.0709324
7762,1709217806.1741226,1709217806.1742158
7763,1709217806.2853515,1709217806.285436
7764,1709217806.377994,1709217806.3780794
7765,1709217806.4748337,1709217806.4749184
7766,1709217806.5761447,1709217806.5762749
7767,1709217806.6748853,1709217806.6749704
7768,1709217806.7816174,1709217806.781725
7769,1709217806.8889444,1709217806.8890173
7770,1709217806.9726307,1709217806.9727128
7771,1709217807.0787456,1709217807.0788414
7772,1709217807.1728642,1709217807.1729455
7773,1709217807.286598,1709217807.286675
7774,1709217807.372597,1709217807.372692
7775,1709217807.4777274,1709217807.4778237
7776,1709217807.5758266,1709217807.5759046
7777,1709217807.6864984,1709217807.6865468
7778,1709217807.774297,1709217807.7743547
7779,1709217807.874055,1709217807.8741589
7780,1709217807.9847584,1709217807.9848146
7781,1709217808.077325,1709217808.0774164
7782,1709217808.177814,1709217808.1778636
7783,1709217808.2759938,1709217808.2760475
7784,1709217808.3757527,1709217808.375801
7785,1709217808.483975,1709217808.4840376
7786,1709217808.5722759,1709217808.5723288
7787,1709217808.6736386,1709217808.6737258
7788,1709217808.7812757,1709217808.7813222
7789,1709217808.8789465,1709217808.8789976
7790,1709217808.9809124,1709217808.9809644
7791,1709217809.076221,1709217809.0763097
7792,1709217809.1710446,1709217809.171097
7793,1709217809.2754433,1709217809.2755034
7794,1709217809.377892,1709217809.377963
7795,1709217809.4752493,1709217809.4753158
7796,1709217809.5719385,1709217809.572006
7797,1709217809.675756,1709217809.67581
7798,1709217809.785373,1709217809.785422
7799,1709217809.8769548,1709217809.8770018
7800,1709217809.982978,1709217809.9830284
7801,1709217810.0869505,1709217810.0870357
7802,1709217810.1745427,1709217810.1745849
7803,1709217810.2740161,1709217810.274066
7804,1709217810.3801782,1709217810.3802242
7805,1709217810.470676,1709217810.47072
7806,1709217810.5769923,1709217810.5770402
7807,1709217810.6832294,1709217810.6832714
7808,1709217810.777935,1709217810.7780008
7809,1709217810.8796551,1709217810.8797069
7810,1709217810.971179,1709217810.971258
7811,1709217811.0798128,1709217811.07986
7812,1709217811.1774306,1709217811.1775053
7813,1709217811.2860303,1709217811.2860937
7814,1709217811.3830962,1709217811.383197
7815,1709217811.4800045,1709217811.480104
7816,1709217811.5867016,1709217811.5867517
7817,1709217811.6829972,1709217811.6830444
7818,1709217811.771451,1709217811.7715209
7819,1709217811.8702667,1709217811.870405
7820,1709217811.9716349,1709217811.9716845
7821,1709217812.0776753,1709217812.0777702
7822,1709217812.174879,1709217812.1749222
7823,1709217812.2806177,1709217812.2806916
7824,1709217812.377607,1709217812.3776522
7825,1709217812.482987,1709217812.4830368
7826,1709217812.5732515,1709217812.5733159
7827,1709217812.6810098,1709217812.6810567
7828,1709217812.7838216,1709217812.7838717
7829,1709217812.878574,1709217812.8786397
7830,1709217812.9747884,1709217812.9748344
7831,1709217813.0741153,1709217813.0741575
7832,1709217813.1847014,1709217813.184763
7833,1709217813.2884872,1709217813.288535
7834,1709217813.3721678,1709217813.372216
7835,1709217813.4703734,1709217813.4704409
7836,1709217813.579764,1709217813.5798066
7837,1709217813.6784477,1709217813.6784992
7838,1709217813.7711647,1709217813.7712088
7839,1709217813.8771691,1709217813.877257
7840,1709217813.9782617,1709217813.978348
7841,1709217814.0775278,1709217814.0776136
7842,1709217814.1770964,1709217814.1786745
7843,1709217814.2786198,1709217814.2787178
7844,1709217814.3797767,1709217814.3798285
7845,1709217814.488301,1709217814.4883764
7846,1709217814.5767953,1709217814.5768366
7847,1709217814.6719663,1709217814.6720066
7848,1709217814.7791548,1709217814.7792437
7849,1709217814.8806543,1709217814.8807826
7850,1709217814.9863043,1709217814.9863455
7851,1709217815.0822618,1709217815.0823116
7852,1709217815.181773,1709217815.181845
7853,1709217815.2837532,1709217815.283843
7854,1709217815.3787253,1709217815.3788915
7855,1709217815.4797199,1709217815.4797776
7856,1709217815.5763886,1709217815.5764418
7857,1709217815.6741965,1709217815.6742556
7858,1709217815.7917879,1709217815.7918766
7859,1709217815.8834035,1709217815.8834558
7860,1709217815.980802,1709217815.9808686
7861,1709217816.0721953,1709217816.072246
7862,1709217816.1739085,1709217816.1739614
7863,1709217816.2794535,1709217816.2795017
7864,1709217816.3727028,1709217816.372756
7865,1709217816.4811506,1709217816.4811883
7866,1709217816.5792525,1709217816.579337
7867,1709217816.6791797,1709217816.679227
7868,1709217816.7717721,1709217816.7718856
7869,1709217816.8819592,1709217816.8820093
7870,1709217816.9863696,1709217816.9864411
7871,1709217817.0866158,1709217817.0866637
7872,1709217817.176584,1709217817.1766374
7873,1709217817.2791076,1709217817.2791483
7874,1709217817.3843415,1709217817.3844059
7875,1709217817.4737132,1709217817.4738474
7876,1709217817.5714319,1709217817.5715117
7877,1709217817.6755726,1709217817.6757853
7878,1709217817.7779667,1709217817.778007
7879,1709217817.876303,1709217817.876369
7880,1709217817.977321,1709217817.977409
7881,1709217818.0775354,1709217818.0776215
7882,1709217818.1738489,1709217818.1739235
7883,1709217818.2744231,1709217818.2745118
7884,1709217818.3775864,1709217818.3776717
7885,1709217818.4735868,1709217818.4736714
7886,1709217818.5737696,1709217818.5738232
7887,1709217818.6727545,1709217818.672852
7888,1709217818.7817495,1709217818.7818244
7889,1709217818.871383,1709217818.8714414
7890,1709217818.9951677,1709217818.9952133
7891,1709217819.0812984,1709217819.0813973
7892,1709217819.1752334,1709217819.1752825
7893,1709217819.2743404,1709217819.2744415
7894,1709217819.3772953,1709217819.377402
7895,1709217819.476205,1709217819.4762983
7896,1709217819.5756366,1709217819.5757265
7897,1709217819.6756346,1709217819.6757295
7898,1709217819.7744908,1709217819.774574
7899,1709217819.8808324,1709217819.880869
7900,1709217819.9737191,1709217819.9760125
7901,1709217820.0721853,1709217820.0722654
7902,1709217820.1807995,1709217820.1809185
7903,1709217820.2746632,1709217820.2747712
7904,1709217820.3868268,1709217820.3869221
7905,1709217820.4746528,1709217820.4747376
7906,1709217820.5856354,1709217820.5857155
7907,1709217820.6775703,1709217820.6803331
7908,1709217820.776424,1709217820.7764788
7909,1709217820.881296,1709217820.8813562
7910,1709217820.9755018,1709217820.975587
7911,1709217821.0712907,1709217821.0713904
7912,1709217821.1812894,1709217821.181379
7913,1709217821.2827368,1709217821.2828178
7914,1709217821.3943577,1709217821.3944404
7915,1709217821.471432,1709217821.4715126
7916,1709217821.5792892,1709217821.579412
7917,1709217821.6831229,1709217821.6832426
7918,1709217821.7821534,1709217821.7821937
7919,1709217821.8770938,1709217821.8771744
7920,1709217821.9792287,1709217821.9792776
7921,1709217822.0792894,1709217822.0793364
7922,1709217822.1833017,1709217822.1833456
7923,1709217822.279999,1709217822.2800496
7924,1709217822.3759305,1709217822.375979
7925,1709217822.48401,1709217822.484069
7926,1709217822.5721686,1709217822.5722177
7927,1709217822.6749074,1709217822.6749763
7928,1709217822.7780335,1709217822.778083
7929,1709217822.874954,1709217822.8750126
7930,1709217822.9722621,1709217822.9723294
7931,1709217823.0781171,1709217823.0781665
7932,1709217823.1800578,1709217823.180105
7933,1709217823.2765465,1709217823.2766109
7934,1709217823.3755815,1709217823.3756273
7935,1709217823.47216,1709217823.4722054
7936,1709217823.575891,1709217823.5759463
7937,1709217823.6834989,1709217823.683551
7938,1709217823.7772214,1709217823.7772815
7939,1709217823.8825371,1709217823.882599
7940,1709217823.9722285,1709217823.972317
7941,1709217824.0759964,1709217824.0760453
7942,1709217824.1837587,1709217824.1838152
7943,1709217824.271133,1709217824.271171
7944,1709217824.3861187,1709217824.3861656
7945,1709217824.4871063,1709217824.487167
7946,1709217824.5746372,1709217824.5746872
7947,1709217824.6859639,1709217824.6860342
7948,1709217824.7806742,1709217824.7807367
7949,1709217824.8727496,1709217824.8728
7950,1709217824.970768,1709217824.9708529
7951,1709217825.0743234,1709217825.0744011
7952,1709217825.1710742,1709217825.1713486
7953,1709217825.2722602,1709217825.2723594
7954,1709217825.3814828,1709217825.3815606
7955,1709217825.48877,1709217825.489348
7956,1709217825.579506,1709217825.5795815
7957,1709217825.685764,1709217825.6858797
7958,1709217825.7739499,1709217825.7740319
7959,1709217825.8851585,1709217825.8852117
7960,1709217825.974683,1709217825.9747696
7961,1709217826.0897896,1709217826.0898333
7962,1709217826.189357,1709217826.189448
7963,1709217826.2809813,1709217826.281079
7964,1709217826.381497,1709217826.3815467
7965,1709217826.4847689,1709217826.4848194
7966,1709217826.5720017,1709217826.5720463
7967,1709217826.6758232,1709217826.675876
7968,1709217826.7835891,1709217826.7836404
7969,1709217826.8791177,1709217826.8791723
7970,1709217826.9757676,1709217826.9760344
7971,1709217827.0831583,1709217827.083209
7972,1709217827.174524,1709217827.1745725
7973,1709217827.281739,1709217827.281921
7974,1709217827.3900583,1709217827.3901598
7975,1709217827.4813676,1709217827.4814591
7976,1709217827.5902157,1709217827.5903065
7977,1709217827.675464,1709217827.675553
7978,1709217827.779855,1709217827.7799475
7979,1709217827.8773568,1709217827.8773975
7980,1709217827.9740374,1709217827.9741642
7981,1709217828.074373,1709217828.0744374
7982,1709217828.1824908,1709217828.1825392
7983,1709217828.27336,1709217828.2734106
7984,1709217828.3789632,1709217828.3792098
7985,1709217828.475888,1709217828.4759758
7986,1709217828.5754018,1709217828.5754573
7987,1709217828.6771123,1709217828.677164
7988,1709217828.7822745,1709217828.7823498
7989,1709217828.8715942,1709217828.8716807
7990,1709217828.9800937,1709217828.9802468
7991,1709217829.0810475,1709217829.0811434
7992,1709217829.1719742,1709217829.172048
7993,1709217829.2739224,1709217829.2741241
7994,1709217829.380842,1709217829.38094
7995,1709217829.4722335,1709217829.4723203
7996,1709217829.5809772,1709217829.5810587
7997,1709217829.6772728,1709217829.6773586
7998,1709217829.7763128,1709217829.7764487
7999,1709217829.8804562,1709217829.880577
8000,1709217829.9847038,1709217829.9847794
8001,1709217830.0813165,1709217830.0814035
8002,1709217830.1722467,1709217830.172329
8003,1709217830.285812,1709217830.2859387
8004,1709217830.3744915,1709217830.374876
8005,1709217830.470826,1709217830.4708714
8006,1709217830.5807114,1709217830.5807676
8007,1709217830.6737216,1709217830.673798
8008,1709217830.781474,1709217830.781527
8009,1709217830.8708727,1709217830.8709452
8010,1709217830.9858503,1709217830.9859016
8011,1709217831.0848181,1709217831.0849044
8012,1709217831.1775863,1709217831.1776772
8013,1709217831.2843628,1709217831.2844687
8014,1709217831.3844824,1709217831.3845587
8015,1709217831.4902096,1709217831.4904747
8016,1709217831.5831885,1709217831.583288
8017,1709217831.673645,1709217831.6737375
8018,1709217831.7815962,1709217831.7816854
8019,1709217831.8744318,1709217831.8745265
8020,1709217831.9733005,1709217831.973392
8021,1709217832.0764813,1709217832.0765676
8022,1709217832.175739,1709217832.175871
8023,1709217832.2820652,1709217832.2822068
8024,1709217832.3769124,1709217832.3769639
8025,1709217832.4759812,1709217832.4760342
8026,1709217832.5839446,1709217832.5840216
8027,1709217832.6793532,1709217832.6794224
8028,1709217832.7725801,1709217832.7726328
8029,1709217832.870863,1709217832.870913
8030,1709217832.971574,1709217832.9716225
8031,1709217833.0813158,1709217833.081392
8032,1709217833.1808362,1709217833.180877
8033,1709217833.2705457,1709217833.2706022
8034,1709217833.385004,1709217833.3850367
8035,1709217833.4825592,1709217833.4826136
8036,1709217833.5754445,1709217833.5754795
8037,1709217833.6739972,1709217833.6740675
8038,1709217833.7819283,1709217833.7819984
8039,1709217833.8818905,1709217833.881948
8040,1709217833.9713337,1709217833.9714441
8041,1709217834.069675,1709217834.069723
8042,1709217834.1808634,1709217834.1809034
8043,1709217834.2832477,1709217834.2832978
8044,1709217834.3769689,1709217834.3770192
8045,1709217834.484833,1709217834.4848866
8046,1709217834.5763888,1709217834.5764432
8047,1709217834.6805758,1709217834.6806233
8048,1709217834.775301,1709217834.775348
8049,1709217834.8731558,1709217834.8732107
8050,1709217834.973308,1709217834.9733589
8051,1709217835.231256,1709217835.231352
8052,1709217835.274577,1709217835.2746382
8053,1709217835.3716905,1709217835.3717735
8054,1709217835.47896,1709217835.4790227
8055,1709217835.5797377,1709217835.5797892
8056,1709217835.6760185,1709217835.6760674
8057,1709217835.7793703,1709217835.7794204
8058,1709217835.8885024,1709217835.8885524
8059,1709217835.9719906,1709217835.972033
8060,1709217836.080471,1709217836.0805433
8061,1709217836.1783133,1709217836.17837
8062,1709217836.2766356,1709217836.2766893
8063,1709217836.380494,1709217836.3805788
8064,1709217836.4749465,1709217836.475001
8065,1709217836.585371,1709217836.5854201
8066,1709217836.6833038,1709217836.6833625
8067,1709217836.7809834,1709217836.7810369
8068,1709217836.8749347,1709217836.874989
8069,1709217836.9819818,1709217836.9820313
8070,1709217837.080159,1709217837.0802023
8071,1709217837.174882,1709217837.1785243
8072,1709217837.28108,1709217837.2811472
8073,1709217837.374235,1709217837.3743763
8074,1709217837.4744327,1709217837.4745202
8075,1709217837.5737503,1709217837.573884
8076,1709217837.6795592,1709217837.6796463
8077,1709217837.7789824,1709217837.7790573
8078,1709217837.8745513,1709217837.8746393
8079,1709217837.9779158,1709217837.9780047
8080,1709217838.0743694,1709217838.0744505
8081,1709217838.1735947,1709217838.1736927
8082,1709217838.276812,1709217838.276895
8083,1709217838.3750153,1709217838.3751032
8084,1709217838.470463,1709217838.4705596
8085,1709217838.570362,1709217838.5704544
8086,1709217838.675572,1709217838.6756585
8087,1709217838.7812152,1709217838.7812934
8088,1709217838.882552,1709217838.8826482
8089,1709217838.9787283,1709217838.9788404
8090,1709217839.0786939,1709217839.0787485
8091,1709217839.1756573,1709217839.175709
8092,1709217839.2791033,1709217839.279148
8093,1709217839.390221,1709217839.3903222
8094,1709217839.477586,1709217839.4776692
8095,1709217839.5726142,1709217839.5726655
8096,1709217839.6763926,1709217839.676449
8097,1709217839.7710407,1709217839.7710974
8098,1709217839.8805428,1709217839.8806105
8099,1709217839.9708703,1709217839.970923
8100,1709217840.0767047,1709217840.0767457
8101,1709217840.1850717,1709217840.1851177
8102,1709217840.273137,1709217840.2732058
8103,1709217840.376721,1709217840.376763
8104,1709217840.4735882,1709217840.4736376
8105,1709217840.5806334,1709217840.580738
8106,1709217840.671968,1709217840.672028
8107,1709217840.780805,1709217840.780879
8108,1709217840.871279,1709217840.871318
8109,1709217840.9826877,1709217840.9827356
8110,1709217841.078396,1709217841.0784533
8111,1709217841.1787827,1709217841.178829
8112,1709217841.2767668,1709217841.2768142
8113,1709217841.3778994,1709217841.3779714
8114,1709217841.4748216,1709217841.4749172
8115,1709217841.5732884,1709217841.573744
8116,1709217841.676765,1709217841.6768546
8117,1709217841.7721918,1709217841.7722766
8118,1709217841.8724172,1709217841.8725853
8119,1709217841.9848611,1709217841.984954
8120,1709217842.0750132,1709217842.0751014
8121,1709217842.1750875,1709217842.175169
8122,1709217842.2756467,1709217842.275744
8123,1709217842.3709126,1709217842.3710067
8124,1709217842.4728756,1709217842.4729645
8125,1709217842.5754924,1709217842.5755746
8126,1709217842.678835,1709217842.678914
8127,1709217842.7806938,1709217842.78075
8128,1709217842.8832197,1709217842.883267
8129,1709217842.978502,1709217842.9785573
8130,1709217843.0776846,1709217843.0777373
8131,1709217843.188209,1709217843.1882558
8132,1709217843.2789311,1709217843.2790067
8133,1709217843.3740313,1709217843.3740711
8134,1709217843.4730644,1709217843.4731257
8135,1709217843.5795846,1709217843.579638
8136,1709217843.6724787,1709217843.6725652
8137,1709217843.7756948,1709217843.7757456
8138,1709217843.87662,1709217843.8766751
8139,1709217843.9832952,1709217843.9833453
8140,1709217844.0805533,1709217844.0806284
8141,1709217844.1768696,1709217844.1769488
8142,1709217844.2732506,1709217844.2732966
8143,1709217844.3838277,1709217844.3839178
8144,1709217844.4729578,1709217844.473005
8145,1709217844.5834448,1709217844.5835023
8146,1709217844.6714883,1709217844.6715438
8147,1709217844.7799826,1709217844.780078
8148,1709217844.880835,1709217844.8808925
8149,1709217844.9783354,1709217844.9784513
8150,1709217845.0719805,1709217845.0720382
8151,1709217845.1838925,1709217845.1839333
8152,1709217845.2898755,1709217845.2899408
8153,1709217845.372125,1709217845.3721833
8154,1709217845.4797232,1709217845.4797692
8155,1709217845.5828996,1709217845.5829499
8156,1709217845.6841457,1709217845.6841953
8157,1709217845.786465,1709217845.7865057
8158,1709217845.8805847,1709217845.880648
8159,1709217845.9720283,1709217845.972073
8160,1709217846.0765858,1709217846.0766318
8161,1709217846.170361,1709217846.1704185
8162,1709217846.2871654,1709217846.2872157
8163,1709217846.3753662,1709217846.375415
8164,1709217846.480852,1709217846.4809117
8165,1709217846.5780818,1709217846.5781636
8166,1709217846.6821637,1709217846.6822455
8167,1709217846.7795622,1709217846.7796152
8168,1709217846.8784754,1709217846.8785396
8169,1709217846.971144,1709217846.971176
8170,1709217847.072404,1709217847.0724502
8171,1709217847.1793427,1709217847.1793904
8172,1709217847.2767649,1709217847.2768118
8173,1709217847.3845775,1709217847.3846278
8174,1709217847.4904432,1709217847.490509
8175,1709217847.5707598,1709217847.570843
8176,1709217847.679276,1709217847.6793354
8177,1709217847.7799227,1709217847.7799754
8178,1709217847.8741407,1709217847.874227
8179,1709217847.9807677,1709217847.980857
8180,1709217848.0774221,1709217848.077474
8181,1709217848.1716647,1709217848.171749
8182,1709217848.2719655,1709217848.2720437
8183,1709217848.3845274,1709217848.3847518
8184,1709217848.474832,1709217848.4748738
8185,1709217848.5821111,1709217848.5821455
8186,1709217848.673418,1709217848.6734662
8187,1709217848.7735763,1709217848.7736378
8188,1709217848.8762965,1709217848.8765316
8189,1709217848.9873152,1709217848.9874246
8190,1709217849.0865562,1709217849.0866232
8191,1709217849.1767669,1709217849.176818
8192,1709217849.2709515,1709217849.2710018
8193,1709217849.3754354,1709217849.375489
8194,1709217849.4781067,1709217849.4782457
8195,1709217849.5756798,1709217849.5757658
8196,1709217849.6777284,1709217849.6778128
8197,1709217849.7799032,1709217849.7799897
8198,1709217849.873907,1709217849.8739567
8199,1709217849.9816368,1709217849.9817255
8200,1709217850.07226,1709217850.0723307
8201,1709217850.17409,1709217850.1741714
8202,1709217850.2742326,1709217850.274327
8203,1709217850.3773537,1709217850.3774087
8204,1709217850.4789786,1709217850.4790242
8205,1709217850.584782,1709217850.5848248
8206,1709217850.6824083,1709217850.682458
8207,1709217850.7814302,1709217850.7814765
8208,1709217850.8782694,1709217850.8783271
8209,1709217850.9791703,1709217850.9792132
8210,1709217851.071626,1709217851.071681
8211,1709217851.1789505,1709217851.1790946
8212,1709217851.2848425,1709217851.284918
8213,1709217851.3730583,1709217851.3731432
8214,1709217851.478017,1709217851.478052
8215,1709217851.5797684,1709217851.5798244
8216,1709217851.687926,1709217851.6879969
8217,1709217851.7706974,1709217851.7707486
8218,1709217851.888636,1709217851.8887308
8219,1709217851.9727895,1709217851.972867
8220,1709217852.0803115,1709217852.0803542
8221,1709217852.172037,1709217852.1720898
8222,1709217852.2723556,1709217852.2724016
8223,1709217852.3811197,1709217852.3811905
8224,1709217852.4793398,1709217852.4794059
8225,1709217852.5857456,1709217852.5858696
8226,1709217852.6882699,1709217852.688316
8227,1709217852.7817585,1709217852.7818227
8228,1709217852.8859591,1709217852.8860285
8229,1709217852.9732578,1709217852.9733164
8230,1709217853.0775094,1709217853.0775957
8231,1709217853.17246,1709217853.1725395
8232,1709217853.275266,1709217853.2753122
8233,1709217853.3782094,1709217853.3782578
8234,1709217853.4809575,1709217853.481021
8235,1709217853.5803978,1709217853.5804446
8236,1709217853.6770763,1709217853.6771238
8237,1709217853.7759042,1709217853.7759562
8238,1709217853.8717535,1709217853.8718233
8239,1709217853.976618,1709217853.9767091
8240,1709217854.0737474,1709217854.0738366
8241,1709217854.1807413,1709217854.180797
8242,1709217854.2774622,1709217854.277498
8243,1709217854.382597,1709217854.382675
8244,1709217854.4724407,1709217854.4724882
8245,1709217854.5831823,1709217854.583325
8246,1709217854.67263,1709217854.6726851
8247,1709217854.777202,1709217854.7772627
8248,1709217854.870918,1709217854.8709688
8249,1709217854.9725566,1709217854.97263
8250,1709217855.0804412,1709217855.0804949
8251,1709217855.182061,1709217855.1821034
8252,1709217855.2957747,1709217855.2958615
8253,1709217855.3738081,1709217855.3738594
8254,1709217855.4745507,1709217855.479767
8255,1709217855.573615,1709217855.5737023
8256,1709217855.683507,1709217855.6835632
8257,1709217855.7751184,1709217855.7751753
8258,1709217855.875109,1709217855.8751729
8259,1709217855.9759595,1709217855.9760032
8260,1709217856.0754993,1709217856.0755482
8261,1709217856.1722274,1709217856.1722758
8262,1709217856.2802246,1709217856.2803223
8263,1709217856.374109,1709217856.3741622
8264,1709217856.4712863,1709217856.4714677
8265,1709217856.5726347,1709217856.572716
8266,1709217856.674524,1709217856.674566
8267,1709217856.7829916,1709217856.7830398
8268,1709217856.8768847,1709217856.8769362
8269,1709217856.9784417,1709217856.9784935
8270,1709217857.0801334,1709217857.0802588
8271,1709217857.1721022,1709217857.1721826
8272,1709217857.2883384,1709217857.2883902
8273,1709217857.3820486,1709217857.3824804
8274,1709217857.4764462,1709217857.4770892
8275,1709217857.5763543,1709217857.5764008
8276,1709217857.671105,1709217857.6711662
8277,1709217857.7743895,1709217857.774443
8278,1709217857.878252,1709217857.8783016
8279,1709217857.9707437,1709217857.970814
8280,1709217858.0834315,1709217858.083518
8281,1709217858.1788168,1709217858.178874
8282,1709217858.2802343,1709217858.2802875
8283,1709217858.3750727,1709217858.375124
8284,1709217858.4797237,1709217858.4797735
8285,1709217858.576191,1709217858.5762506
8286,1709217858.6830313,1709217858.6830788
8287,1709217858.7760637,1709217858.7761152
8288,1709217858.878561,1709217858.8786378
8289,1709217858.9829571,1709217858.9830081
8290,1709217859.0702014,1709217859.0702405
8291,1709217859.1786573,1709217859.1787047
8292,1709217859.2735448,1709217859.2736316
8293,1709217859.3839746,1709217859.3840528
8294,1709217859.4766254,1709217859.476672
8295,1709217859.5811744,1709217859.581322
8296,1709217859.6784081,1709217859.678504
8297,1709217859.7836943,1709217859.7838068
8298,1709217859.8803604,1709217859.8804483
8299,1709217859.9749587,1709217859.975007
8300,1709217860.0809944,1709217860.0810819
8301,1709217860.1868289,1709217860.1868715
8302,1709217860.2758744,1709217860.2759316
8303,1709217860.371408,1709217860.3714607
8304,1709217860.478144,1709217860.4781873
8305,1709217860.5816143,1709217860.5816758
8306,1709217860.6769948,1709217860.6770442
8307,1709217860.7802403,1709217860.7802942
8308,1709217860.8761272,1709217860.876179
8309,1709217860.989453,1709217860.9895005
8310,1709217861.083078,1709217861.0831254
8311,1709217861.197277,1709217861.1973593
8312,1709217861.2753515,1709217861.2754023
8313,1709217861.3750055,1709217861.3750665
8314,1709217861.4757023,1709217861.4757519
8315,1709217861.5842407,1709217861.5843003
8316,1709217861.6743476,1709217861.674404
8317,1709217861.7697275,1709217861.7697725
8318,1709217861.8740008,1709217861.8741112
8319,1709217861.982626,1709217861.9827893
8320,1709217862.0802834,1709217862.0803418
8321,1709217862.184088,1709217862.1841493
8322,1709217862.2758973,1709217862.2759626
8323,1709217862.378452,1709217862.3785322
8324,1709217862.4758718,1709217862.4760013
8325,1709217862.5854838,1709217862.585571
8326,1709217862.6767585,1709217862.677993
8327,1709217862.786667,1709217862.7867453
8328,1709217862.8730526,1709217862.8731294
8329,1709217862.9805017,1709217862.9805768
8330,1709217863.073298,1709217863.0735028
8331,1709217863.1708498,1709217863.1709013
8332,1709217863.2695966,1709217863.2696705
8333,1709217863.3845663,1709217863.3846335
8334,1709217863.475477,1709217863.4755268
8335,1709217863.5715446,1709217863.5716312
8336,1709217863.6768584,1709217863.6769116
8337,1709217863.7756054,1709217863.7756555
8338,1709217863.8701513,1709217863.8702025
8339,1709217863.9834142,1709217863.9834688
8340,1709217864.0817351,1709217864.081783
8341,1709217864.178902,1709217864.1789556
8342,1709217864.2861505,1709217864.2862346
8343,1709217864.3789253,1709217864.378986
8344,1709217864.480751,1709217864.4808068
8345,1709217864.5837646,1709217864.5838165
8346,1709217864.6775756,1709217864.6776502
8347,1709217864.7787764,1709217864.7788186
8348,1709217864.8799593,1709217864.8802001
8349,1709217864.9756925,1709217864.9757514
8350,1709217865.0770183,1709217865.0770686
8351,1709217865.1787033,1709217865.1787488
8352,1709217865.2746909,1709217865.2747595
8353,1709217865.376095,1709217865.376156
8354,1709217865.4731476,1709217865.4731946
8355,1709217865.5800948,1709217865.5801492
8356,1709217865.6799006,1709217865.6799486
8357,1709217865.772005,1709217865.7720563
8358,1709217865.877111,1709217865.8772151
8359,1709217865.9739118,1709217865.9740005
8360,1709217866.0753777,1709217866.0754316
8361,1709217866.195619,1709217866.195723
8362,1709217866.2712636,1709217866.271355
8363,1709217866.380384,1709217866.3804798
8364,1709217866.4864032,1709217866.4864752
8365,1709217866.5758724,1709217866.57594
8366,1709217866.6846356,1709217866.6847389
8367,1709217866.7867546,1709217866.7867942
8368,1709217866.8781097,1709217866.8781514
8369,1709217866.97948,1709217866.9795275
8370,1709217867.0807893,1709217867.080874
8371,1709217867.185187,1709217867.1852367
8372,1709217867.2809021,1709217867.2809813
8373,1709217867.3836365,1709217867.383684
8374,1709217867.4753149,1709217867.4753618
8375,1709217867.5801625,1709217867.5802097
8376,1709217867.6762593,1709217867.6763287
8377,1709217867.7834456,1709217867.783492
8378,1709217867.8846083,1709217867.885039
8379,1709217867.9788904,1709217867.9789562
8380,1709217868.0836334,1709217868.0837
8381,1709217868.1723588,1709217868.1724157
8382,1709217868.272703,1709217868.272801
8383,1709217868.3761723,1709217868.376229
8384,1709217868.4851308,1709217868.4851868
8385,1709217868.5793636,1709217868.5794234
8386,1709217868.6743252,1709217868.6751258
8387,1709217868.776823,1709217868.7768657
8388,1709217868.8778508,1709217868.877915
8389,1709217868.974386,1709217868.9744875
8390,1709217869.082485,1709217869.082581
8391,1709217869.196057,1709217869.1961474
8392,1709217869.279029,1709217869.2790847
8393,1709217869.3752747,1709217869.3753211
8394,1709217869.476501,1709217869.4766018
8395,1709217869.5813532,1709217869.581452
8396,1709217869.6741056,1709217869.6741672
8397,1709217869.7806606,1709217869.780715
8398,1709217869.8757856,1709217869.8758764
8399,1709217869.9786816,1709217869.9787638
8400,1709217870.0720754,1709217870.0721154
8401,1709217870.1805482,1709217870.1805959
8402,1709217870.290613,1709217870.2906554
8403,1709217870.3767676,1709217870.3768132
8404,1709217870.4808974,1709217870.480938
8405,1709217870.5985336,1709217870.5986507
8406,1709217870.6770198,1709217870.6770594
8407,1709217870.7818685,1709217870.7819145
8408,1709217870.8807447,1709217870.8813262
8409,1709217870.9766085,1709217870.976694
8410,1709217871.0796027,1709217871.0800676
8411,1709217871.181453,1709217871.1815178
8412,1709217871.2793155,1709217871.2794073
8413,1709217871.3798296,1709217871.3798707
8414,1709217871.4792848,1709217871.479371
8415,1709217871.579153,1709217871.5800893
8416,1709217871.6861033,1709217871.6861572
8417,1709217871.7827113,1709217871.782759
8418,1709217871.872331,1709217871.8723733
8419,1709217871.983165,1709217871.9832091
8420,1709217872.0740104,1709217872.074046
8421,1709217872.1770043,1709217872.1770482
8422,1709217872.2787836,1709217872.2788439
8423,1709217872.3819575,1709217872.3820155
8424,1709217872.480398,1709217872.4804485
8425,1709217872.5780516,1709217872.578107
8426,1709217872.676954,1709217872.677009
8427,1709217872.770077,1709217872.770125
8428,1709217872.8711686,1709217872.8712258
8429,1709217872.981915,1709217872.981961
8430,1709217873.0723255,1709217873.0724895
8431,1709217873.1722136,1709217873.1722674
8432,1709217873.2760813,1709217873.2761335
8433,1709217873.3864896,1709217873.386577
8434,1709217873.4748476,1709217873.474889
8435,1709217873.5739846,1709217873.5740876
8436,1709217873.6770725,1709217873.6771822
8437,1709217873.7833898,1709217873.783535
8438,1709217873.8773801,1709217873.8774278
8439,1709217873.9715838,1709217873.9716322
8440,1709217874.078457,1709217874.078499
8441,1709217874.17863,1709217874.1787162
8442,1709217874.2765865,1709217874.2767122
8443,1709217874.3708286,1709217874.3713195
8444,1709217874.470325,1709217874.4705336
8445,1709217874.570482,1709217874.5705726
8446,1709217874.6787539,1709217874.6788404
8447,1709217874.778187,1709217874.7782307
8448,1709217874.8796148,1709217874.879696
8449,1709217874.974854,1709217874.9748986
8450,1709217875.073374,1709217875.0734622
8451,1709217875.1763773,1709217875.1764674
8452,1709217875.2742653,1709217875.2743533
8453,1709217875.373414,1709217875.3734968
8454,1709217875.48315,1709217875.4832084
8455,1709217875.5769546,1709217875.5770028
8456,1709217875.6741693,1709217875.6742277
8457,1709217875.7751222,1709217875.7751598
8458,1709217875.878949,1709217875.8790061
8459,1709217875.976066,1709217875.9761298
8460,1709217876.0745122,1709217876.074569
8461,1709217876.1708293,1709217876.170888
8462,1709217876.2796948,1709217876.2799952
8463,1709217876.377164,1709217876.377246
8464,1709217876.4852872,1709217876.4853508
8465,1709217876.5737755,1709217876.5738723
8466,1709217876.6743631,1709217876.6744137
8467,1709217876.7735488,1709217876.7736235
8468,1709217876.878128,1709217876.8781805
8469,1709217876.975506,1709217876.9755595
8470,1709217877.074725,1709217877.0748165
8471,1709217877.181865,1709217877.1819448
8472,1709217877.2736473,1709217877.2737405
8473,1709217877.3723261,1709217877.3724258
8474,1709217877.4730816,1709217877.473167
8475,1709217877.5827227,1709217877.5828135
8476,1709217877.682206,1709217877.682316
8477,1709217877.782842,1709217877.7829285
8478,1709217877.8815844,1709217877.881672
8479,1709217877.9760659,1709217877.9761326
8480,1709217878.0757005,1709217878.0757997
8481,1709217878.181317,1709217878.181405
8482,1709217878.2751145,1709217878.275205
8483,1709217878.371788,1709217878.371849
8484,1709217878.4763618,1709217878.4764338
8485,1709217878.5698657,1709217878.5699384
8486,1709217878.674089,1709217878.674138
8487,1709217878.7762156,1709217878.77626
8488,1709217878.8839984,1709217878.884041
8489,1709217878.9720042,1709217878.9720523
8490,1709217879.0822568,1709217879.082296
8491,1709217879.1735268,1709217879.1735725
8492,1709217879.2763267,1709217879.2764099
8493,1709217879.3759737,1709217879.3760903
8494,1709217879.4903772,1709217879.490465
8495,1709217879.57627,1709217879.5763228
8496,1709217879.6706326,1709217879.670716
8497,1709217879.7852175,1709217879.7852774
8498,1709217879.875618,1709217879.8756704
8499,1709217879.979677,1709217879.9797363
8500,1709217880.0802724,1709217880.0805712
8501,1709217880.1735609,1709217880.173616
8502,1709217880.2766252,1709217880.2767146
8503,1709217880.3724837,1709217880.3725252
8504,1709217880.481576,1709217880.4816294
8505,1709217880.5733151,1709217880.5733945
8506,1709217880.6794205,1709217880.6795015
8507,1709217880.7814722,1709217880.781522
8508,1709217880.874952,1709217880.8750124
8509,1709217880.9741218,1709217880.9741793
8510,1709217881.0821977,1709217881.0822904
8511,1709217881.1707218,1709217881.1708117
8512,1709217881.2746341,1709217881.2746913
8513,1709217881.3794,1709217881.379454
8514,1709217881.4724092,1709217881.472463
8515,1709217881.5792048,1709217881.5792549
8516,1709217881.6716878,1709217881.6717563
8517,1709217881.771943,1709217881.7720177
8518,1709217881.8799338,1709217881.8799863
8519,1709217881.9771621,1709217881.977215
8520,1709217882.0742815,1709217882.0743284
8521,1709217882.1785955,1709217882.1787095
8522,1709217882.2786458,1709217882.2787104
8523,1709217882.3733358,1709217882.3734188
8524,1709217882.4770627,1709217882.4771328
8525,1709217882.5761523,1709217882.5762517
8526,1709217882.6777062,1709217882.6777656
8527,1709217882.774007,1709217882.7741315
8528,1709217882.8715477,1709217882.8716338
8529,1709217882.9793913,1709217882.9794853
8530,1709217883.07741,1709217883.077498
8531,1709217883.1781862,1709217883.178313
8532,1709217883.2751403,1709217883.2752016
8533,1709217883.384936,1709217883.3850183
8534,1709217883.4749844,1709217883.4753313
8535,1709217883.5772116,1709217883.5772948
8536,1709217883.6834135,1709217883.6835005
8537,1709217883.778654,1709217883.7787023
8538,1709217883.8734035,1709217883.8734992
8539,1709217883.9821792,1709217883.982242
8540,1709217884.0773723,1709217884.0774128
8541,1709217884.1789412,1709217884.1789987
8542,1709217884.274128,1709217884.274189
8543,1709217884.3711264,1709217884.3712199
8544,1709217884.4785776,1709217884.478651
8545,1709217884.5826056,1709217884.5826516
8546,1709217884.6837838,1709217884.6839051
8547,1709217884.7819886,1709217884.782089
8548,1709217884.8856187,1709217884.8857574
8549,1709217884.9733007,1709217884.9734414
8550,1709217885.079084,1709217885.0792158
8551,1709217885.1741495,1709217885.1742334
8552,1709217885.2746317,1709217885.27467
8553,1709217885.3777282,1709217885.3778124
8554,1709217885.4734838,1709217885.4735668
8555,1709217885.5732307,1709217885.573312
8556,1709217885.675821,1709217885.675908
8557,1709217885.7759879,1709217885.7760603
8558,1709217885.883226,1709217885.8833287
8559,1709217885.9725637,1709217885.9726467
8560,1709217886.0789006,1709217886.0789866
8561,1709217886.1742115,1709217886.1742916
8562,1709217886.277992,1709217886.278068
8563,1709217886.3795223,1709217886.3796036
8564,1709217886.4787982,1709217886.4788847
8565,1709217886.5706146,1709217886.5706964
8566,1709217886.6745045,1709217886.674589
8567,1709217886.7796378,1709217886.779706
8568,1709217886.8722885,1709217886.8723774
8569,1709217886.9731867,1709217886.9732838
8570,1709217887.0723236,1709217887.0724046
8571,1709217887.1830974,1709217887.1831937
8572,1709217887.2755623,1709217887.2757044
8573,1709217887.3807943,1709217887.3808815
8574,1709217887.4810169,1709217887.481108
8575,1709217887.5812635,1709217887.581365
8576,1709217887.6817737,1709217887.6818724
8577,1709217887.7780619,1709217887.778129
8578,1709217887.8834555,1709217887.8836727
8579,1709217887.9742181,1709217887.9743037
8580,1709217888.0768087,1709217888.0773256
8581,1709217888.1805449,1709217888.1806495
8582,1709217888.2717936,1709217888.2719479
8583,1709217888.3830755,1709217888.3831327
8584,1709217888.474605,1709217888.474656
8585,1709217888.580657,1709217888.5807128
8586,1709217888.67363,1709217888.673715
8587,1709217888.795208,1709217888.795297
8588,1709217888.880005,1709217888.8800707
8589,1709217888.9725559,1709217888.9726543
8590,1709217889.0714514,1709217889.0715685
8591,1709217889.174938,1709217889.1749737
8592,1709217889.2789097,1709217889.278965
8593,1709217889.3736508,1709217889.3737447
8594,1709217889.4817173,1709217889.481773
8595,1709217889.5759711,1709217889.5760283
8596,1709217889.6765325,1709217889.676614
8597,1709217889.7805817,1709217889.7806702
8598,1709217889.876219,1709217889.8762736
8599,1709217889.9720078,1709217889.9720736
8600,1709217890.081316,1709217890.08141
8601,1709217890.1716022,1709217890.171689
8602,1709217890.2821615,1709217890.2822034
8603,1709217890.371346,1709217890.3713875
8604,1709217890.479469,1709217890.4795198
8605,1709217890.5741203,1709217890.5741673
8606,1709217890.6768146,1709217890.676873
8607,1709217890.7732067,1709217890.773289
8608,1709217890.8756568,1709217890.8757005
8609,1709217890.9746866,1709217890.9747381
8610,1709217891.0789647,1709217891.0790384
8611,1709217891.1697724,1709217891.1698256
8612,1709217891.272809,1709217891.2728574
8613,1709217891.3749607,1709217891.3749976
8614,1709217891.486312,1709217891.4863665
8615,1709217891.5788016,1709217891.5788593
8616,1709217891.6737,1709217891.673798
8617,1709217891.7734728,1709217891.7735276
8618,1709217891.874999,1709217891.8750365
8619,1709217891.975826,1709217891.9758646
8620,1709217892.0744283,1709217892.0744684
8621,1709217892.1764672,1709217892.176518
8622,1709217892.272251,1709217892.2723017
8623,1709217892.3773825,1709217892.3774223
8624,1709217892.47351,1709217892.4736388
8625,1709217892.5811899,1709217892.5812418
8626,1709217892.6747353,1709217892.6747909
8627,1709217892.7746785,1709217892.774772
8628,1709217892.8775165,1709217892.8775587
8629,1709217892.975639,1709217892.9756925
8630,1709217893.077852,1709217893.077927
8631,1709217893.1711984,1709217893.1712446
8632,1709217893.2740855,1709217893.2741368
8633,1709217893.3828907,1709217893.3829775
8634,1709217893.4794862,1709217893.4796088
8635,1709217893.5740507,1709217893.5741045
8636,1709217893.6785066,1709217893.6785817
8637,1709217893.7706156,1709217893.7707052
8638,1709217893.8802779,1709217893.8803363
8639,1709217893.9741333,1709217893.974216
8640,1709217894.0735233,1709217894.0735629
8641,1709217894.1714053,1709217894.1714594
8642,1709217894.2786703,1709217894.2787282
8643,1709217894.3773375,1709217894.3773806
8644,1709217894.4804375,1709217894.4804878
8645,1709217894.5769446,1709217894.5769973
8646,1709217894.6743114,1709217894.6744313
8647,1709217894.7763164,1709217894.7763722
8648,1709217894.8820472,1709217894.8846014
8649,1709217894.9842463,1709217894.9842942
8650,1709217895.0762088,1709217895.0762827
8651,1709217895.1759064,1709217895.1759574
8652,1709217895.2711961,1709217895.2712607
8653,1709217895.3773544,1709217895.3773987
8654,1709217895.481402,1709217895.4814758
8655,1709217895.5842447,1709217895.5844326
8656,1709217895.6765854,1709217895.6766405
8657,1709217895.774307,1709217895.7743924
8658,1709217895.8743815,1709217895.8746696
8659,1709217895.9718456,1709217895.9718955
8660,1709217896.0722582,1709217896.0723069
8661,1709217896.1713634,1709217896.1715345
8662,1709217896.280735,1709217896.2808132
8663,1709217896.3728368,1709217896.3728883
8664,1709217896.4771802,1709217896.4772332
8665,1709217896.5710554,1709217896.5711057
8666,1709217896.673009,1709217896.6730685
8667,1709217896.7751317,1709217896.7751837
8668,1709217896.8739364,1709217896.8739896
8669,1709217896.9696424,1709217896.9697156
8670,1709217897.070965,1709217897.0710566
8671,1709217897.1705792,1709217897.1706479
8672,1709217897.2852793,1709217897.2853348
8673,1709217897.373416,1709217897.3734922
8674,1709217897.4770045,1709217897.4771125
8675,1709217897.5795333,1709217897.5796092
8676,1709217897.6752336,1709217897.6753242
8677,1709217897.78227,1709217897.7823825
8678,1709217897.8827713,1709217897.8828278
8679,1709217897.9743543,1709217897.9744065
8680,1709217898.0766828,1709217898.0767314
8681,1709217898.1824436,1709217898.182519
8682,1709217898.2771394,1709217898.2772236
8683,1709217898.3819778,1709217898.3820403
8684,1709217898.4767966,1709217898.476929
8685,1709217898.5744414,1709217898.5744927
8686,1709217898.6740024,1709217898.674055
8687,1709217898.7739544,1709217898.7739968
8688,1709217898.8741844,1709217898.8742428
8689,1709217898.9808064,1709217898.9808586
8690,1709217899.0704386,1709217899.0704784
8691,1709217899.1740096,1709217899.1740658
8692,1709217899.2834353,1709217899.2834828
8693,1709217899.3796659,1709217899.3797174
8694,1709217899.4750304,1709217899.4750974
8695,1709217899.5809853,1709217899.5810428
8696,1709217899.6839685,1709217899.6840253
8697,1709217899.7703965,1709217899.7704458
8698,1709217899.8873117,1709217899.8874035
8699,1709217899.9716804,1709217899.9717407
8700,1709217900.0855825,1709217900.0856278
8701,1709217900.1757233,1709217900.1758144
8702,1709217900.2765357,1709217900.276602
8703,1709217900.3766432,1709217900.3766842
8704,1709217900.4824853,1709217900.4825547
8705,1709217900.5760212,1709217900.5760684
8706,1709217900.6760178,1709217900.6760652
8707,1709217900.7751825,1709217900.7752388
8708,1709217900.8822207,1709217900.882268
8709,1709217900.980757,1709217900.980861
8710,1709217901.070629,1709217901.070687
8711,1709217901.1841004,1709217901.1841605
8712,1709217901.2839177,1709217901.2840092
8713,1709217901.378784,1709217901.3788447
8714,1709217901.4739983,1709217901.474054
8715,1709217901.5804672,1709217901.580564
8716,1709217901.677659,1709217901.6777494
8717,1709217901.7827032,1709217901.7827585
8718,1709217901.8759236,1709217901.8760164
8719,1709217901.9807744,1709217901.9808657
8720,1709217902.070906,1709217902.0709832
8721,1709217902.1810799,1709217902.181255
8722,1709217902.2763872,1709217902.2764788
8723,1709217902.37628,1709217902.3763645
8724,1709217902.4808426,1709217902.4809356
8725,1709217902.5740125,1709217902.574102
8726,1709217902.6734343,1709217902.6735013
8727,1709217902.7851398,1709217902.7852213
8728,1709217902.8734875,1709217902.8735702
8729,1709217902.9845295,1709217902.9846084
8730,1709217903.0775433,1709217903.0776083
8731,1709217903.1825638,1709217903.1826262
8732,1709217903.289781,1709217903.289828
8733,1709217903.373778,1709217903.3738425
8734,1709217903.473925,1709217903.4739795
8735,1709217903.5914392,1709217903.591532
8736,1709217903.677527,1709217903.6775756
8737,1709217903.7744174,1709217903.7744675
8738,1709217903.8754735,1709217903.875559
8739,1709217903.9771974,1709217903.9772367
8740,1709217904.074265,1709217904.07433
8741,1709217904.1841073,1709217904.1841605
8742,1709217904.2709432,1709217904.2709992
8743,1709217904.3766792,1709217904.3767326
8744,1709217904.4794493,1709217904.4794984
8745,1709217904.5871482,1709217904.5872
8746,1709217904.6777563,1709217904.677805
8747,1709217904.773578,1709217904.7736232
8748,1709217904.8718567,1709217904.8719068
8749,1709217904.9709494,1709217904.9710023
8750,1709217905.0746145,1709217905.074661
8751,1709217905.1845179,1709217905.1845796
8752,1709217905.2826107,1709217905.2826557
8753,1709217905.3764186,1709217905.3764994
8754,1709217905.4809399,1709217905.480992
8755,1709217905.579074,1709217905.5791228
8756,1709217905.6749268,1709217905.6749763
8757,1709217905.7802482,1709217905.780331
8758,1709217905.8821285,1709217905.882207
8759,1709217905.9774337,1709217905.9774823
8760,1709217906.0785444,1709217906.078609
8761,1709217906.1847405,1709217906.184794
8762,1709217906.2827587,1709217906.2828126
8763,1709217906.3764455,1709217906.376489
8764,1709217906.4769871,1709217906.477031
8765,1709217906.571501,1709217906.5715532
8766,1709217906.6768882,1709217906.676928
8767,1709217906.7843103,1709217906.784387
8768,1709217906.8789365,1709217906.8789823
8769,1709217906.9844015,1709217906.9844458
8770,1709217907.0791304,1709217907.0791757
8771,1709217907.1755433,1709217907.175593
8772,1709217907.2818425,1709217907.2819614
8773,1709217907.3745964,1709217907.3746843
8774,1709217907.4793863,1709217907.4794796
8775,1709217907.5798197,1709217907.579915
8776,1709217907.6796877,1709217907.6798286
8777,1709217907.7717385,1709217907.7718825
8778,1709217907.8773947,1709217907.8774784
8779,1709217907.9752247,1709217907.9753134
8780,1709217908.0833387,1709217908.0834327
8781,1709217908.1826737,1709217908.1833186
8782,1709217908.2740119,1709217908.2741349
8783,1709217908.3756754,1709217908.3757763
8784,1709217908.4790199,1709217908.479126
8785,1709217908.5869203,1709217908.587011
8786,1709217908.6842942,1709217908.684379
8787,1709217908.772385,1709217908.7724674
8788,1709217908.8833878,1709217908.883513
8789,1709217908.974801,1709217908.974852
8790,1709217909.0737603,1709217909.0738356
8791,1709217909.17403,1709217909.1741133
8792,1709217909.2725568,1709217909.2726026
8793,1709217909.3884199,1709217909.3885078
8794,1709217909.4825034,1709217909.48259
8795,1709217909.576958,1709217909.5770445
8796,1709217909.6751776,1709217909.675224
8797,1709217909.774453,1709217909.7745135
8798,1709217909.8716547,1709217909.8717031
8799,1709217909.9845827,1709217909.9846463
8800,1709217910.075257,1709217910.075306
8801,1709217910.1759531,1709217910.1760492
8802,1709217910.2716613,1709217910.2717302
8803,1709217910.3789575,1709217910.3790004
8804,1709217910.4784298,1709217910.4784865
8805,1709217910.579453,1709217910.5795126
8806,1709217910.6762602,1709217910.676304
8807,1709217910.7771397,1709217910.7771912
8808,1709217910.882918,1709217910.8829713
8809,1709217910.9814756,1709217910.9815323
8810,1709217911.079516,1709217911.0795693
8811,1709217911.1856265,1709217911.1857073
8812,1709217911.279003,1709217911.2790492
8813,1709217911.3810313,1709217911.3810792
8814,1709217911.479505,1709217911.4795516
8815,1709217911.5767746,1709217911.5768163
8816,1709217911.670104,1709217911.6701465
8817,1709217911.7875502,1709217911.7876048
8818,1709217911.8837018,1709217911.8838167
8819,1709217911.9726572,1709217911.9726963
8820,1709217912.0855541,1709217912.0856104
8821,1709217912.1825554,1709217912.1826577
8822,1709217912.2995453,1709217912.299688
8823,1709217912.3789566,1709217912.3790517
8824,1709217912.4811141,1709217912.4812
8825,1709217912.576603,1709217912.5766914
8826,1709217912.698379,1709217912.6984255
8827,1709217912.7766147,1709217912.7770638
8828,1709217912.8842647,1709217912.8843527
8829,1709217912.9729056,1709217912.9730124
8830,1709217913.086696,1709217913.086747
8831,1709217913.1919951,1709217913.1920576
8832,1709217913.2848108,1709217913.2848625
8833,1709217913.3819535,1709217913.3820045
8834,1709217913.48434,1709217913.484392
8835,1709217913.5719178,1709217913.5719695
8836,1709217913.678662,1709217913.6787205
8837,1709217913.782399,1709217913.7824454
8838,1709217913.875724,1709217913.875792
8839,1709217913.977243,1709217913.9773202
8840,1709217914.0772028,1709217914.0772564
8841,1709217914.173148,1709217914.1732013
8842,1709217914.2722747,1709217914.27232
8843,1709217914.3729122,1709217914.3729928
8844,1709217914.485108,1709217914.4851563
8845,1709217914.5797107,1709217914.5797567
8846,1709217914.6819737,1709217914.6820192
8847,1709217914.782441,1709217914.7824848
8848,1709217914.8810906,1709217914.881138
8849,1709217914.976757,1709217914.9768093
8850,1709217915.0745413,1709217915.0745974
8851,1709217915.1755893,1709217915.1756413
8852,1709217915.2726338,1709217915.2727234
8853,1709217915.3800652,1709217915.3801072
8854,1709217915.4837644,1709217915.4838467
8855,1709217915.600977,1709217915.6010528
8856,1709217915.6783984,1709217915.6784582
8857,1709217915.7812717,1709217915.7813575
8858,1709217915.8763053,1709217915.8763595
8859,1709217915.9778593,1709217915.9779418
8860,1709217916.078339,1709217916.0784268
8861,1709217916.185848,1709217916.1859236
8862,1709217916.2885237,1709217916.2885895
8863,1709217916.3767629,1709217916.3768153
8864,1709217916.4928517,1709217916.4929893
8865,1709217916.5796435,1709217916.5797076
8866,1709217916.683231,1709217916.683299
8867,1709217916.781426,1709217916.7814908
8868,1709217916.8746998,1709217916.8747933
8869,1709217916.9808776,1709217916.98098
8870,1709217917.077724,1709217917.0777822
8871,1709217917.1726599,1709217917.1727128
8872,1709217917.2781885,1709217917.2784064
8873,1709217917.3798268,1709217917.3799407
8874,1709217917.47989,1709217917.4799454
8875,1709217917.5857985,1709217917.5858712
8876,1709217917.6728315,1709217917.6728897
8877,1709217917.7735283,1709217917.773578
8878,1709217917.8815086,1709217917.8815513
8879,1709217917.9823077,1709217917.9823468
8880,1709217918.0720768,1709217918.0721557
8881,1709217918.1733453,1709217918.173401
8882,1709217918.2805147,1709217918.2805893
8883,1709217918.3857121,1709217918.3857596
8884,1709217918.4852376,1709217918.485292
8885,1709217918.5783463,1709217918.578394
8886,1709217918.6742446,1709217918.6742876
8887,1709217918.7713435,1709217918.771425
8888,1709217918.883084,1709217918.8831995
8889,1709217918.98117,1709217918.981274
8890,1709217919.078751,1709217919.0788395
8891,1709217919.1748338,1709217919.1749277
8892,1709217919.273778,1709217919.273863
8893,1709217919.3713593,1709217919.3714523
8894,1709217919.4728117,1709217919.4728973
8895,1709217919.582648,1709217919.5827672
8896,1709217919.6759973,1709217919.676137
8897,1709217919.7747235,1709217919.7748137
8898,1709217919.883853,1709217919.8839378
8899,1709217919.981752,1709217919.9818518
8900,1709217920.0726666,1709217920.0727425
8901,1709217920.171261,1709217920.1713548
8902,1709217920.269672,1709217920.269766
8903,1709217920.3822505,1709217920.382351
8904,1709217920.4825077,1709217920.4826066
8905,1709217920.5793993,1709217920.579909
8906,1709217920.6835394,1709217920.6836607
8907,1709217920.7731214,1709217920.7732124
8908,1709217920.8727634,1709217920.872926
8909,1709217920.9760196,1709217920.9762971
8910,1709217921.0846083,1709217921.0847
8911,1709217921.180574,1709217921.1806784
8912,1709217921.2753,1709217921.2753923
8913,1709217921.3838131,1709217921.3839386
8914,1709217921.480235,1709217921.480333
8915,1709217921.573733,1709217921.5738173
8916,1709217921.6741326,1709217921.67422
8917,1709217921.779345,1709217921.7794335
8918,1709217921.8760211,1709217921.8761122
8919,1709217921.9725716,1709217921.9726706
8920,1709217922.087192,1709217922.0872965
8921,1709217922.1743886,1709217922.174543
8922,1709217922.285546,1709217922.2862062
8923,1709217922.3783236,1709217922.3784068
8924,1709217922.480653,1709217922.4807587
8925,1709217922.5724773,1709217922.5726037
8926,1709217922.683774,1709217922.683857
8927,1709217922.7816513,1709217922.7817564
8928,1709217922.8820367,1709217922.8821242
8929,1709217922.9722657,1709217922.972392
8930,1709217923.0716996,1709217923.0717826
8931,1709217923.1894994,1709217923.1896102
8932,1709217923.2718325,1709217923.2720017
8933,1709217923.3800874,1709217923.3801792
8934,1709217923.477529,1709217923.477621
8935,1709217923.5733278,1709217923.5734134
8936,1709217923.6845095,1709217923.6846225
8937,1709217923.777143,1709217923.7772462
8938,1709217923.8857288,1709217923.8859253
8939,1709217923.9731736,1709217923.9733005
8940,1709217924.0734174,1709217924.0735202
8941,1709217924.1769536,1709217924.177054
8942,1709217924.2862895,1709217924.28635
8943,1709217924.3737297,1709217924.3737757
8944,1709217924.4761074,1709217924.476191
8945,1709217925.096275,1709217925.0963676
8946,1709217925.1704602,1709217925.1705554
8947,1709217925.2741318,1709217925.2746532
8948,1709217925.3765192,1709217925.3766177
8949,1709217925.4857001,1709217925.4857876
