,starttime,endtime
0,1709631163.2953432,1709631163.295379
1,1709631163.3041756,1709631163.3041992
2,1709631163.3658388,1709631163.3658648
3,1709631163.4756424,1709631163.475665
4,1709631163.5723953,1709631163.5724177
5,1709631163.6615052,1709631163.6615295
6,1709631163.7622905,1709631163.7623234
7,1709631163.866488,1709631163.8665092
8,1709631163.958221,1709631163.9582522
9,1709631164.0629952,1709631164.0630174
10,1709631164.164521,1709631164.1645458
11,1709631164.2604797,1709631164.2605026
12,1709631164.3616333,1709631164.361657
13,1709631164.459439,1709631164.4594917
14,1709631164.5640287,1709631164.564099
15,1709631164.6601157,1709631164.660145
16,1709631164.7661467,1709631164.76617
17,1709631164.8585622,1709631164.8585854
18,1709631164.966384,1709631164.966405
19,1709631165.065423,1709631165.0654483
20,1709631165.16107,1709631165.161092
21,1709631165.2699168,1709631165.2699432
22,1709631165.3604596,1709631165.3604834
23,1709631165.466229,1709631165.466272
24,1709631165.558354,1709631165.5583782
25,1709631165.6668866,1709631165.6669104
26,1709631165.7606285,1709631165.7606504
27,1709631165.8632636,1709631165.8632874
28,1709631165.9613297,1709631165.9613543
29,1709631166.0594034,1709631166.059444
30,1709631166.160348,1709631166.1603696
31,1709631166.2596898,1709631166.2597125
32,1709631166.3693707,1709631166.3730447
33,1709631166.4611769,1709631166.4642756
34,1709631166.561007,1709631166.5640647
35,1709631166.6613579,1709631166.6643834
36,1709631166.7619762,1709631166.765145
37,1709631166.8575587,1709631166.860684
38,1709631166.9590676,1709631166.9627182
39,1709631167.064281,1709631167.0677538
40,1709631167.1560168,1709631167.159418
41,1709631167.2634683,1709631167.2668598
42,1709631167.3604531,1709631167.3625307
43,1709631167.4561112,1709631167.4593418
44,1709631167.559218,1709631167.5619752
45,1709631167.656053,1709631167.6589987
46,1709631167.7627008,1709631167.7656016
47,1709631167.861262,1709631167.8632202
48,1709631167.969439,1709631167.972657
49,1709631168.0622113,1709631168.065286
50,1709631168.163944,1709631168.1675475
51,1709631168.2587404,1709631168.2615035
52,1709631168.357304,1709631168.3605993
53,1709631168.4682896,1709631168.4749293
54,1709631168.5651898,1709631168.5696363
55,1709631168.6591332,1709631168.6619606
56,1709631168.7628405,1709631168.765791
57,1709631168.8674006,1709631168.870262
58,1709631168.9582796,1709631168.9607582
59,1709631169.0676987,1709631169.0716033
60,1709631169.1698012,1709631169.174674
61,1709631169.2718878,1709631169.2754607
62,1709631169.3709667,1709631169.3741698
63,1709631169.465473,1709631169.4688568
64,1709631169.5573738,1709631169.560544
65,1709631169.6619024,1709631169.6651337
66,1709631169.7602246,1709631169.764641
67,1709631169.8567343,1709631169.859749
68,1709631169.971439,1709631169.9763823
69,1709631170.0585628,1709631170.0620027
70,1709631170.1613061,1709631170.1643062
71,1709631170.2615175,1709631170.2681448
72,1709631170.356267,1709631170.3592942
73,1709631170.4651873,1709631170.4702535
74,1709631170.5663273,1709631170.569793
75,1709631171.110122,1709631171.1144652
76,1709631171.1203532,1709631171.1229045
77,1709631171.1627285,1709631171.1679592
78,1709631171.2606926,1709631171.2645347
79,1709631171.355879,1709631171.358775
80,1709631171.4590955,1709631171.4620318
81,1709631171.5560265,1709631171.558673
82,1709631171.659844,1709631171.6627913
83,1709631171.7589023,1709631171.7644138
84,1709631171.8595862,1709631171.8621705
85,1709631171.9639578,1709631171.9665732
86,1709631172.0612018,1709631172.0645201
87,1709631172.1584413,1709631172.161863
88,1709631172.2565434,1709631172.259562
89,1709631172.3571699,1709631172.360745
90,1709631172.4656286,1709631172.4680977
91,1709631172.558519,1709631172.5619235
92,1709631172.662668,1709631172.665964
93,1709631172.761382,1709631172.764956
94,1709631172.8598561,1709631172.8629227
95,1709631172.9719174,1709631172.97507
96,1709631173.0571604,1709631173.0605865
97,1709631173.16354,1709631173.1668086
98,1709631173.2619767,1709631173.2661057
99,1709631173.3585165,1709631173.3628283
100,1709631173.4590383,1709631173.468483
101,1709631173.56577,1709631173.5692863
102,1709631173.6599326,1709631173.6633315
103,1709631173.7797863,1709631173.783403
104,1709631173.8705149,1709631173.874098
105,1709631173.9606164,1709631173.9641604
106,1709631174.0561905,1709631174.0614939
107,1709631174.169714,1709631174.172523
108,1709631174.2571893,1709631174.260469
109,1709631174.3563778,1709631174.359484
110,1709631174.4735763,1709631174.4766183
111,1709631174.555823,1709631174.5593116
112,1709631174.6605945,1709631174.6642764
113,1709631174.771204,1709631174.7789068
114,1709631174.8689494,1709631174.8724127
115,1709631174.95625,1709631174.9583097
116,1709631175.0604708,1709631175.0659606
117,1709631175.1647093,1709631175.1680377
118,1709631175.2561905,1709631175.2588887
119,1709631175.3633997,1709631175.3662477
120,1709631175.4629283,1709631175.4658923
121,1709631175.5608118,1709631175.5659838
122,1709631175.658859,1709631175.6617868
123,1709631175.75606,1709631175.7604969
124,1709631175.8712797,1709631175.8761177
125,1709631175.9722307,1709631175.9774594
126,1709631176.0608773,1709631176.0651085
127,1709631176.1604164,1709631176.1655514
128,1709631176.2645662,1709631176.2680051
129,1709631176.359558,1709631176.3633854
130,1709631176.4564853,1709631176.460204
131,1709631176.5589209,1709631176.5632157
132,1709631176.661024,1709631176.6641772
133,1709631176.7602608,1709631176.7633502
134,1709631176.8684642,1709631176.8727953
135,1709631176.9646695,1709631176.9683924
136,1709631177.057058,1709631177.0600917
137,1709631177.1756845,1709631177.1804068
138,1709631177.2777512,1709631177.289962
139,1709631177.3643088,1709631177.36872
140,1709631177.465697,1709631177.4720783
141,1709631177.5705369,1709631177.574679
142,1709631177.6591861,1709631177.6656592
143,1709631177.7565622,1709631177.763628
144,1709631177.881477,1709631177.8852904
145,1709631177.995319,1709631177.998865
146,1709631178.0706685,1709631178.0794067
147,1709631178.1669867,1709631178.1729178
148,1709631178.2603767,1709631178.2666154
149,1709631178.362652,1709631178.3659482
150,1709631178.4697194,1709631178.4732866
151,1709631178.557371,1709631178.561929
152,1709631178.6669152,1709631178.6705794
153,1709631178.75768,1709631178.7623954
154,1709631178.8712718,1709631178.8742507
155,1709631178.9834485,1709631178.9895182
156,1709631179.0680645,1709631179.076504
157,1709631179.1719449,1709631179.1758332
158,1709631179.2615066,1709631179.2644355
159,1709631179.360404,1709631179.363914
160,1709631179.4638114,1709631179.4667919
161,1709631179.5573974,1709631179.5601358
162,1709631179.6563714,1709631179.65842
163,1709631179.7615979,1709631179.7645016
164,1709631179.8702707,1709631179.8727243
165,1709631179.9606135,1709631179.9641058
166,1709631180.0612788,1709631180.0645566
167,1709631180.173397,1709631180.177945
168,1709631180.2632303,1709631180.2666047
169,1709631180.3592331,1709631180.3628228
170,1709631180.4635262,1709631180.4657683
171,1709631180.5594058,1709631180.5643258
172,1709631180.6591017,1709631180.6623085
173,1709631180.7623618,1709631180.7656522
174,1709631180.8712068,1709631180.8744986
175,1709631180.9586632,1709631180.9611492
176,1709631181.070468,1709631181.0733094
177,1709631181.1569538,1709631181.1609824
178,1709631181.2591724,1709631181.2618985
179,1709631181.3611264,1709631181.3663762
180,1709631181.4635499,1709631181.4694884
181,1709631181.5604434,1709631181.5665185
182,1709631181.66656,1709631181.6721957
183,1709631181.7640953,1709631181.7679067
184,1709631181.8605285,1709631181.8643687
185,1709631181.9621227,1709631181.9654994
186,1709631182.0642982,1709631182.0739157
187,1709631182.1625519,1709631182.1664846
188,1709631182.2580848,1709631182.2614202
189,1709631182.356807,1709631182.3607304
190,1709631182.4603724,1709631182.4639683
191,1709631182.5584235,1709631182.5627687
192,1709631182.658133,1709631182.6613479
193,1709631182.7600076,1709631182.7633681
194,1709631182.8720024,1709631182.8755856
195,1709631182.9596589,1709631182.962639
196,1709631183.070482,1709631183.073404
197,1709631183.160862,1709631183.1636279
198,1709631183.2622724,1709631183.2654772
199,1709631183.3559873,1709631183.3592243
200,1709631183.4569407,1709631183.4599204
201,1709631183.5585675,1709631183.5616765
202,1709631183.657742,1709631183.6605222
203,1709631183.7586575,1709631183.7621017
204,1709631183.8580332,1709631183.861093
205,1709631183.9585695,1709631183.961212
206,1709631184.0621758,1709631184.0663674
207,1709631184.1572564,1709631184.1599555
208,1709631184.2571368,1709631184.2596383
209,1709631184.3566246,1709631184.3594997
210,1709631184.4561727,1709631184.4588869
211,1709631184.5642686,1709631184.5673823
212,1709631184.657478,1709631184.6603096
213,1709631184.7588227,1709631184.7629914
214,1709631184.8589387,1709631184.8617213
215,1709631184.9614842,1709631184.964555
216,1709631185.059716,1709631185.0626016
217,1709631185.157935,1709631185.1604202
218,1709631185.2656286,1709631185.2686167
219,1709631185.3587463,1709631185.3623235
220,1709631185.4571762,1709631185.4603393
221,1709631185.5565977,1709631185.5596054
222,1709631185.6631815,1709631185.666892
223,1709631185.757692,1709631185.7608879
224,1709631185.8592904,1709631185.8620775
225,1709631185.9589245,1709631185.9620757
226,1709631186.0590067,1709631186.0623293
227,1709631186.1650255,1709631186.1682148
228,1709631186.260064,1709631186.2632265
229,1709631186.357937,1709631186.3629143
230,1709631186.4580245,1709631186.4607847
231,1709631186.5605075,1709631186.5630283
232,1709631186.6593447,1709631186.6628082
233,1709631186.7675052,1709631186.769633
234,1709631186.8586812,1709631186.8640711
235,1709631186.9584641,1709631186.9618108
236,1709631187.0641618,1709631187.0668633
237,1709631187.1639633,1709631187.1694243
238,1709631187.2582083,1709631187.2606754
239,1709631187.3583753,1709631187.3609571
240,1709631187.4635077,1709631187.4659672
241,1709631187.5630126,1709631187.5659966
242,1709631187.6587791,1709631187.6613786
243,1709631187.7600584,1709631187.7627342
244,1709631187.8570802,1709631187.8605099
245,1709631187.9611092,1709631187.9627674
246,1709631188.0602038,1709631188.0642228
247,1709631188.1576235,1709631188.1623867
248,1709631188.2578073,1709631188.2605186
249,1709631188.356564,1709631188.359319
250,1709631188.4571016,1709631188.4599707
251,1709631188.5588684,1709631188.5617104
252,1709631188.6594453,1709631188.6636808
253,1709631188.7594924,1709631188.7618668
254,1709631188.8661716,1709631188.8689644
255,1709631188.9581122,1709631188.9608386
256,1709631189.057091,1709631189.059955
257,1709631189.1671665,1709631189.1703033
258,1709631189.2602406,1709631189.262897
259,1709631189.3596244,1709631189.3620875
260,1709631189.4599748,1709631189.4630926
261,1709631189.5612686,1709631189.5642672
262,1709631189.6590304,1709631189.662023
263,1709631189.7576828,1709631189.760355
264,1709631189.8559139,1709631189.859045
265,1709631189.958171,1709631189.9623682
266,1709631190.0575738,1709631190.0610015
267,1709631190.1704416,1709631190.173156
268,1709631190.2603595,1709631190.2630024
269,1709631190.3588212,1709631190.36254
270,1709631190.4582055,1709631190.4609199
271,1709631190.561363,1709631190.5640957
272,1709631190.6652968,1709631190.6682289
273,1709631190.7608578,1709631190.7640421
274,1709631190.8617754,1709631190.8646805
275,1709631190.9676774,1709631190.9701703
276,1709631191.0595138,1709631191.0635154
277,1709631191.1573453,1709631191.1601195
278,1709631191.2622647,1709631191.2654247
279,1709631191.359281,1709631191.3613482
280,1709631191.458405,1709631191.461161
281,1709631191.560847,1709631191.563702
282,1709631191.6607106,1709631191.6638145
283,1709631191.7594655,1709631191.7618937
284,1709631191.8656993,1709631191.8682258
285,1709631191.9605434,1709631191.9633925
286,1709631192.0554943,1709631192.0585048
287,1709631192.1555743,1709631192.158373
288,1709631192.2579036,1709631192.261154
289,1709631192.3593922,1709631192.3593993
290,1709631192.4566393,1709631192.4566474
291,1709631192.5594199,1709631192.5594249
292,1709631192.6578162,1709631192.657824
293,1709631192.7608523,1709631192.7608588
294,1709631192.859268,1709631192.8592734
295,1709631192.9615433,1709631192.9615517
296,1709631193.0623574,1709631193.062364
297,1709631193.1592085,1709631193.1592162
298,1709631193.2653778,1709631193.2653844
299,1709631193.3559277,1709631193.3559358
300,1709631193.4598985,1709631193.459906
301,1709631193.5592663,1709631193.5592737
302,1709631193.6567197,1709631193.6567268
303,1709631193.7582943,1709631193.7582996
304,1709631193.8594522,1709631193.85946
305,1709631193.958762,1709631193.95877
306,1709631194.0632339,1709631194.0632415
307,1709631194.1571305,1709631194.1571379
308,1709631194.2750173,1709631194.2750254
309,1709631194.3649864,1709631194.3649998
310,1709631194.4613678,1709631194.4613755
311,1709631194.5567412,1709631194.5567486
312,1709631194.659353,1709631194.6593602
313,1709631194.7627752,1709631194.7627826
314,1709631194.864981,1709631194.8649886
315,1709631194.961158,1709631194.9611635
316,1709631195.0624843,1709631195.0624921
317,1709631195.1663938,1709631195.1664
318,1709631195.258785,1709631195.2587929
319,1709631195.3600996,1709631195.3601072
320,1709631195.4568975,1709631195.4569035
321,1709631195.5573251,1709631195.5573328
322,1709631195.6591842,1709631195.6591926
323,1709631195.764475,1709631195.7644815
324,1709631195.856493,1709631195.8565001
325,1709631195.960069,1709631195.9600754
326,1709631196.0699954,1709631196.070003
327,1709631196.1719062,1709631196.1719146
328,1709631196.2615535,1709631196.26156
329,1709631196.361072,1709631196.3610797
330,1709631196.4608567,1709631196.4608674
331,1709631196.5586615,1709631196.5586686
332,1709631196.6598892,1709631196.659896
333,1709631196.7566378,1709631196.756644
334,1709631196.8716683,1709631196.8716764
335,1709631196.9628296,1709631196.9628363
336,1709631197.0615747,1709631197.0615816
337,1709631197.1609976,1709631197.1610048
338,1709631197.2654378,1709631197.2654476
339,1709631197.3747907,1709631197.3748004
340,1709631197.4620047,1709631197.4620135
341,1709631197.5613484,1709631197.5613556
342,1709631197.6609533,1709631197.6609604
343,1709631197.76278,1709631197.7627873
344,1709631197.863046,1709631197.863054
345,1709631197.969933,1709631197.9699411
346,1709631198.0656507,1709631198.0656633
347,1709631198.1624646,1709631198.1624727
348,1709631198.2587738,1709631198.2587857
349,1709631198.3568525,1709631198.3568597
350,1709631198.4565527,1709631198.4565601
351,1709631198.5582232,1709631198.5583677
352,1709631198.663494,1709631198.6635013
353,1709631198.75967,1709631198.7596757
354,1709631198.8671103,1709631198.8671176
355,1709631198.95671,1709631198.9567204
356,1709631199.0637853,1709631199.0637937
357,1709631199.163071,1709631199.1630762
358,1709631199.2596667,1709631199.2596743
359,1709631199.3603098,1709631199.3603187
360,1709631199.4576626,1709631199.4576688
361,1709631199.5564997,1709631199.5565062
362,1709631199.6559262,1709631199.6559324
363,1709631199.756777,1709631199.7567832
364,1709631199.855361,1709631199.8553665
365,1709631199.9555566,1709631199.955564
366,1709631200.0551655,1709631200.0551727
367,1709631200.156477,1709631200.1564834
368,1709631200.25897,1709631200.2589781
369,1709631200.3593764,1709631200.359383
370,1709631200.456119,1709631200.4561243
371,1709631200.5574062,1709631200.5574121
372,1709631200.660134,1709631200.6601412
373,1709631200.756695,1709631200.756703
374,1709631200.8635223,1709631200.8635306
375,1709631200.9663076,1709631200.966314
376,1709631201.0575197,1709631201.0575268
377,1709631201.1634321,1709631201.1634388
378,1709631201.261846,1709631201.261853
379,1709631201.3613284,1709631201.361336
380,1709631201.4582644,1709631201.458273
381,1709631201.567586,1709631201.5675962
382,1709631201.6635764,1709631201.663585
383,1709631201.7608235,1709631201.7608309
384,1709631201.8712053,1709631201.871214
385,1709631201.9642956,1709631201.9643059
386,1709631202.0607908,1709631202.0607984
387,1709631202.1573944,1709631202.1574013
388,1709631202.2617412,1709631202.261749
389,1709631202.3605156,1709631202.3605223
390,1709631202.456297,1709631202.4563046
391,1709631202.559826,1709631202.5598338
392,1709631202.6625419,1709631202.6625493
393,1709631202.7617319,1709631202.761739
394,1709631202.8679984,1709631202.868007
395,1709631202.9656847,1709631202.9656916
396,1709631203.0602407,1709631203.0602512
397,1709631203.155631,1709631203.1556365
398,1709631203.259111,1709631203.2591183
399,1709631203.3577812,1709631203.3577878
400,1709631203.4616017,1709631203.4616113
401,1709631203.5578735,1709631203.5578802
402,1709631203.659563,1709631203.65957
403,1709631203.7635508,1709631203.7635581
404,1709631203.8582325,1709631203.858238
405,1709631203.956689,1709631203.9566941
406,1709631204.0634282,1709631204.063434
407,1709631204.157169,1709631204.1571753
408,1709631204.2589502,1709631204.258957
409,1709631204.3603535,1709631204.360361
410,1709631204.4608605,1709631204.460868
411,1709631204.5586545,1709631204.5586612
412,1709631204.6587245,1709631204.6587317
413,1709631204.7632031,1709631204.763211
414,1709631204.8691127,1709631204.8691206
415,1709631204.9603314,1709631204.960338
416,1709631205.060299,1709631205.0603077
417,1709631205.1588132,1709631205.1588204
418,1709631205.2684026,1709631205.268409
419,1709631205.3581655,1709631205.3581724
420,1709631205.4652352,1709631205.4652417
421,1709631205.5652153,1709631205.565224
422,1709631205.671152,1709631205.6711593
423,1709631205.765139,1709631205.7651463
424,1709631205.8577917,1709631205.8577995
425,1709631205.9580956,1709631205.958103
426,1709631206.057687,1709631206.0576956
427,1709631206.1597776,1709631206.1597898
428,1709631206.268727,1709631206.268735
429,1709631206.3565354,1709631206.3565428
430,1709631206.457024,1709631206.4570312
431,1709631206.5578184,1709631206.557825
432,1709631206.6600842,1709631206.660093
433,1709631206.7582567,1709631206.7582643
434,1709631206.8682468,1709631206.8682537
435,1709631206.9613154,1709631206.9613235
436,1709631207.0591986,1709631207.0592074
437,1709631207.1723955,1709631207.172402
438,1709631207.2614336,1709631207.261441
439,1709631207.3594894,1709631207.3594978
440,1709631207.4673016,1709631207.4673092
441,1709631207.5619323,1709631207.5619397
442,1709631207.6613755,1709631207.6613834
443,1709631207.76811,1709631207.7681158
444,1709631207.87087,1709631207.8708768
445,1709631207.9604757,1709631207.9604821
446,1709631208.0663993,1709631208.066408
447,1709631208.1636832,1709631208.1636884
448,1709631208.2623188,1709631208.2623272
449,1709631208.3605165,1709631208.360523
450,1709631208.4622557,1709631208.462266
451,1709631208.5596359,1709631208.5596404
452,1709631208.6596742,1709631208.6596806
453,1709631208.7579029,1709631208.7579105
454,1709631208.8694208,1709631208.8694284
455,1709631208.9700773,1709631208.9700823
456,1709631209.0596647,1709631209.0596726
457,1709631209.156672,1709631209.1566792
458,1709631209.257783,1709631209.2577891
459,1709631209.3640769,1709631209.364083
460,1709631209.4671082,1709631209.4671159
461,1709631209.5631292,1709631209.5631359
462,1709631209.6643648,1709631209.664372
463,1709631209.756916,1709631209.7569232
464,1709631209.8621583,1709631209.862165
465,1709631209.9649727,1709631209.9649804
466,1709631210.059792,1709631210.0598
467,1709631210.1603107,1709631210.1603174
468,1709631210.2579527,1709631210.2579598
469,1709631210.3564363,1709631210.356444
470,1709631210.4591913,1709631210.4591997
471,1709631210.5693042,1709631210.5693111
472,1709631210.672349,1709631210.6723576
473,1709631210.7596793,1709631210.7596865
474,1709631210.8592477,1709631210.8592527
475,1709631210.9626832,1709631210.9626887
476,1709631211.0600305,1709631211.0600383
477,1709631211.1569288,1709631211.1569362
478,1709631211.265096,1709631211.2651007
479,1709631211.3648472,1709631211.3648524
480,1709631211.4604273,1709631211.4604368
481,1709631211.5630496,1709631211.5630565
482,1709631211.6635678,1709631211.663574
483,1709631211.7683523,1709631211.768359
484,1709631211.8642359,1709631211.8642507
485,1709631211.9616377,1709631211.961645
486,1709631212.0679727,1709631212.0679808
487,1709631212.1594687,1709631212.1594756
488,1709631212.2621984,1709631212.2622058
489,1709631212.3662283,1709631212.3662345
490,1709631212.4636676,1709631212.4636762
491,1709631212.559635,1709631212.5596435
492,1709631212.6602988,1709631212.660306
493,1709631212.7617135,1709631212.7617238
494,1709631212.8587632,1709631212.8587706
495,1709631212.9685357,1709631212.9685438
496,1709631213.0576072,1709631213.0576153
497,1709631213.1597216,1709631213.1597261
498,1709631213.2648897,1709631213.2648964
499,1709631213.3627365,1709631213.3627436
500,1709631213.4654684,1709631213.4654758
501,1709631213.5629475,1709631213.5629528
502,1709631213.671313,1709631213.671323
503,1709631213.7758694,1709631213.7758794
504,1709631213.8764434,1709631213.8765776
505,1709631213.9699054,1709631213.9699154
506,1709631214.0644655,1709631214.0644732
507,1709631214.17657,1709631214.176582
508,1709631214.2627466,1709631214.2627547
509,1709631214.3673613,1709631214.3673742
510,1709631214.4591098,1709631214.4591172
511,1709631214.562866,1709631214.5628734
512,1709631214.660227,1709631214.6602333
513,1709631214.7576785,1709631214.757685
514,1709631214.8591833,1709631214.859191
515,1709631214.9680505,1709631214.968057
516,1709631215.0591862,1709631215.0591912
517,1709631215.1747453,1709631215.1747522
518,1709631215.2678645,1709631215.2678714
519,1709631215.3750865,1709631215.375095
520,1709631215.466853,1709631215.4669075
521,1709631215.5647948,1709631215.5648038
522,1709631215.6635835,1709631215.663588
523,1709631215.765443,1709631215.7654493
524,1709631215.861057,1709631215.861063
525,1709631215.959119,1709631215.9591262
526,1709631216.0578198,1709631216.0578272
527,1709631216.1617744,1709631216.161779
528,1709631216.2589974,1709631216.2590046
529,1709631216.3573856,1709631216.3573933
530,1709631216.462947,1709631216.4629538
531,1709631216.559977,1709631216.5599833
532,1709631216.6638825,1709631216.66389
533,1709631216.7569244,1709631216.7569304
534,1709631216.863363,1709631216.863368
535,1709631216.9584873,1709631216.9584963
536,1709631217.0617793,1709631217.0617862
537,1709631217.1595643,1709631217.159571
538,1709631217.2674255,1709631217.267433
539,1709631217.3686662,1709631217.368673
540,1709631217.4613106,1709631217.4613175
541,1709631217.5702345,1709631217.5702424
542,1709631217.672757,1709631217.6727653
543,1709631217.7777524,1709631217.777763
544,1709631217.8795786,1709631217.879586
545,1709631217.960384,1709631217.9603922
546,1709631218.0628083,1709631218.0628152
547,1709631218.1635594,1709631218.163567
548,1709631218.2642627,1709631218.2642703
549,1709631218.3593676,1709631218.359374
550,1709631218.4603767,1709631218.460382
551,1709631218.5670564,1709631218.567063
552,1709631218.6599627,1709631218.6599698
553,1709631218.766326,1709631218.766334
554,1709631218.8571672,1709631218.8571746
555,1709631218.9662318,1709631218.9662392
556,1709631219.0686688,1709631219.0686767
557,1709631219.1563425,1709631219.1563501
558,1709631219.2575905,1709631219.2575967
559,1709631219.365899,1709631219.365906
560,1709631219.4610345,1709631219.4610415
561,1709631219.559535,1709631219.5595396
562,1709631219.6599634,1709631219.6599703
563,1709631219.7572997,1709631219.7573059
564,1709631219.864336,1709631219.8643408
565,1709631219.960821,1709631219.9608276
566,1709631220.0634112,1709631220.0634162
567,1709631220.1628346,1709631220.16286
568,1709631220.2676733,1709631220.2676797
569,1709631220.360525,1709631220.3605318
570,1709631220.4665513,1709631220.4665587
571,1709631220.558033,1709631220.558039
572,1709631220.6651468,1709631220.6651528
573,1709631220.7672343,1709631220.7672415
574,1709631220.8698435,1709631220.8698514
575,1709631220.9657657,1709631220.9657733
576,1709631221.0607226,1709631221.0607302
577,1709631221.1741378,1709631221.1741445
578,1709631221.2650092,1709631221.2650163
579,1709631221.364336,1709631221.3643425
580,1709631221.4621842,1709631221.4621935
581,1709631221.5679634,1709631221.5679724
582,1709631221.6730716,1709631221.6730793
583,1709631221.7656415,1709631221.7656481
584,1709631221.8624587,1709631221.8624656
585,1709631221.97308,1709631221.9730885
586,1709631222.0597866,1709631222.059794
587,1709631222.171076,1709631222.1710832
588,1709631222.2617936,1709631222.261801
589,1709631222.3618517,1709631222.3618586
590,1709631222.4724932,1709631222.4725003
591,1709631222.5818796,1709631222.581887
592,1709631222.6710968,1709631222.6711056
593,1709631222.7606707,1709631222.760675
594,1709631222.8703928,1709631222.870399
595,1709631222.968403,1709631222.9684107
596,1709631223.070838,1709631223.0708456
597,1709631223.1716115,1709631223.17162
598,1709631223.2595189,1709631223.259525
599,1709631223.3688824,1709631223.36889
600,1709631223.479591,1709631223.4795983
601,1709631223.5607193,1709631223.5607266
602,1709631223.663572,1709631223.6635783
603,1709631223.759877,1709631223.7598858
604,1709631223.8574991,1709631223.8575034
605,1709631223.967857,1709631223.9678638
606,1709631224.0690405,1709631224.0690477
607,1709631224.1661103,1709631224.1661174
608,1709631224.2694328,1709631224.2694397
609,1709631224.3627787,1709631224.362786
610,1709631224.4725156,1709631224.4725227
611,1709631224.5770314,1709631224.5770402
612,1709631224.6707273,1709631224.6707342
613,1709631224.8368006,1709631224.8368084
614,1709631225.4536767,1709631225.4536896
615,1709631225.4662068,1709631225.4662144
616,1709631225.4761653,1709631225.476172
617,1709631225.5673866,1709631225.567396
618,1709631225.6589053,1709631225.6589134
619,1709631225.7697556,1709631225.7697642
620,1709631225.8600643,1709631225.8600736
621,1709631225.9734046,1709631225.9734147
622,1709631226.0631526,1709631226.0631607
623,1709631226.1662862,1709631226.166294
624,1709631226.2642205,1709631226.264228
625,1709631226.3590434,1709631226.3590505
626,1709631226.4702804,1709631226.470288
627,1709631226.5614336,1709631226.5614412
628,1709631226.6605814,1709631226.660589
629,1709631226.761976,1709631226.761985
630,1709631226.863573,1709631226.8635807
631,1709631226.9581575,1709631226.9581625
632,1709631227.0594096,1709631227.0594175
633,1709631227.1714604,1709631227.1714687
634,1709631227.2613487,1709631227.261356
635,1709631227.3652291,1709631227.3652372
636,1709631227.4580412,1709631227.458048
637,1709631227.5657701,1709631227.5657773
638,1709631227.66892,1709631227.6689305
639,1709631227.7617095,1709631227.7617621
640,1709631227.8625977,1709631227.8626037
641,1709631227.9571807,1709631227.9571888
642,1709631228.0625503,1709631228.0625575
643,1709631228.1621919,1709631228.1621964
644,1709631228.2621102,1709631228.2621186
645,1709631228.3746104,1709631228.3746202
646,1709631228.4561734,1709631228.4561791
647,1709631228.5673075,1709631228.567316
648,1709631228.671976,1709631228.6719847
649,1709631228.7566369,1709631228.7566433
650,1709631228.8666253,1709631228.8666322
651,1709631228.9662647,1709631228.966274
652,1709631229.0586073,1709631229.058612
653,1709631229.173151,1709631229.1731582
654,1709631229.2732642,1709631229.2732716
655,1709631229.3587928,1709631229.3588002
656,1709631229.464593,1709631229.4646003
657,1709631229.5571332,1709631229.557141
658,1709631229.6610172,1709631229.661022
659,1709631229.7672956,1709631229.7673025
660,1709631229.8712893,1709631229.8712945
661,1709631229.9601145,1709631229.9601219
662,1709631230.0648232,1709631230.0648296
663,1709631230.1605372,1709631230.1605456
664,1709631230.2583904,1709631230.2583966
665,1709631230.3587198,1709631230.3587263
666,1709631230.4608698,1709631230.460879
667,1709631230.5604322,1709631230.5604389
668,1709631230.6701374,1709631230.6701443
669,1709631230.7620182,1709631230.7620258
670,1709631230.8606863,1709631230.8606918
671,1709631230.9628477,1709631230.9628553
672,1709631231.0613492,1709631231.0613554
673,1709631231.1562357,1709631231.1562417
674,1709631231.2587821,1709631231.2587874
675,1709631231.3620627,1709631231.3620713
676,1709631231.464686,1709631231.4646933
677,1709631231.5814455,1709631231.581453
678,1709631231.6678495,1709631231.6678576
679,1709631231.758499,1709631231.7585068
680,1709631231.8604467,1709631231.8604548
681,1709631231.964889,1709631231.9648955
682,1709631232.0667737,1709631232.0667815
683,1709631232.1646128,1709631232.1646178
684,1709631232.2714443,1709631232.2714522
685,1709631232.3660734,1709631232.3660815
686,1709631232.4599333,1709631232.4599395
687,1709631232.5687456,1709631232.5687554
688,1709631232.6660943,1709631232.666103
689,1709631232.7668884,1709631232.766896
690,1709631232.8685708,1709631232.8685758
691,1709631232.9598062,1709631232.9598117
692,1709631233.0695696,1709631233.069576
693,1709631233.1728113,1709631233.172819
694,1709631233.2569532,1709631233.25696
695,1709631233.3612905,1709631233.3612947
696,1709631233.467781,1709631233.4677882
697,1709631233.5617251,1709631233.5617325
698,1709631233.6626148,1709631233.6626217
699,1709631233.767211,1709631233.7672188
700,1709631233.8606415,1709631233.8606489
701,1709631233.956671,1709631233.956678
702,1709631234.060398,1709631234.060409
703,1709631234.1636198,1709631234.16363
704,1709631234.2613227,1709631234.2613282
705,1709631234.3679245,1709631234.3679326
706,1709631234.4593935,1709631234.4594
707,1709631234.5667374,1709631234.5667417
708,1709631234.66082,1709631234.6608248
709,1709631234.7606,1709631234.760607
710,1709631234.861641,1709631234.861647
711,1709631234.9605758,1709631234.9605799
712,1709631235.056767,1709631235.056773
713,1709631235.1595027,1709631235.1595094
714,1709631235.263671,1709631235.2636774
715,1709631235.3607862,1709631235.3607922
716,1709631235.4661288,1709631235.4661355
717,1709631235.5679157,1709631235.5679245
718,1709631235.66096,1709631235.6609666
719,1709631235.7615197,1709631235.7615252
720,1709631235.8731527,1709631235.873158
721,1709631235.960099,1709631235.9601076
722,1709631236.058825,1709631236.0588331
723,1709631236.172924,1709631236.1729293
724,1709631236.262556,1709631236.2625635
725,1709631236.3667276,1709631236.366734
726,1709631236.470995,1709631236.4710023
727,1709631236.5577574,1709631236.5577633
728,1709631236.658957,1709631236.6589622
729,1709631236.7723668,1709631236.772377
730,1709631236.8618379,1709631236.8618422
731,1709631236.9642081,1709631236.9642143
732,1709631237.0623126,1709631237.062318
733,1709631237.1683254,1709631237.1683302
734,1709631237.262344,1709631237.262351
735,1709631237.363671,1709631237.363679
736,1709631237.459195,1709631237.4592025
737,1709631237.564949,1709631237.5649557
738,1709631237.667543,1709631237.6675498
739,1709631237.7651575,1709631237.7651641
740,1709631237.8581667,1709631237.8581746
741,1709631237.9680235,1709631237.968032
742,1709631238.0594015,1709631238.0594103
743,1709631238.1575432,1709631238.1575484
744,1709631238.2750406,1709631238.2750492
745,1709631238.357728,1709631238.3577366
746,1709631238.4586153,1709631238.458622
747,1709631238.577444,1709631238.577452
748,1709631238.65869,1709631238.6586967
749,1709631238.7568095,1709631238.7568164
750,1709631238.8724174,1709631238.8724256
751,1709631238.9591618,1709631238.9591682
752,1709631239.0621493,1709631239.0621576
753,1709631239.1799622,1709631239.1799703
754,1709631239.2579765,1709631239.257983
755,1709631239.359838,1709631239.3598464
756,1709631239.4658253,1709631239.4658332
757,1709631239.5643108,1709631239.5643177
758,1709631239.6604385,1709631239.6604447
759,1709631239.7728057,1709631239.772812
760,1709631239.8671007,1709631239.8671076
761,1709631239.9607215,1709631239.9607284
762,1709631240.0634036,1709631240.0634117
763,1709631240.1684926,1709631240.1685
764,1709631240.2677717,1709631240.2677786
765,1709631240.3670323,1709631240.3670394
766,1709631240.4674354,1709631240.4674416
767,1709631240.5578146,1709631240.5578215
768,1709631240.661781,1709631240.661788
769,1709631240.7588675,1709631240.758874
770,1709631240.8577068,1709631240.857712
771,1709631240.9661202,1709631240.9661252
772,1709631241.0589023,1709631241.0589087
773,1709631241.1580331,1709631241.1580405
774,1709631241.2600274,1709631241.2600334
775,1709631241.3588483,1709631241.3588557
776,1709631241.4584584,1709631241.458466
777,1709631241.5584402,1709631241.5584478
778,1709631241.661238,1709631241.6612442
779,1709631241.7579632,1709631241.7579694
780,1709631241.8815281,1709631241.881533
781,1709631241.9794376,1709631241.9794483
782,1709631242.0810227,1709631242.0810306
783,1709631242.173687,1709631242.1736941
784,1709631242.2654595,1709631242.2654681
785,1709631242.3606467,1709631242.3606534
786,1709631242.4709232,1709631242.4736958
787,1709631242.5632112,1709631242.5669794
788,1709631242.6827066,1709631242.687185
789,1709631242.7644796,1709631242.7680502
790,1709631242.861117,1709631242.8645802
791,1709631242.9638531,1709631242.9708807
792,1709631243.0635378,1709631243.067365
793,1709631243.1711724,1709631243.1745994
794,1709631243.2634819,1709631243.2670465
795,1709631243.3605115,1709631243.3629034
796,1709631243.4595659,1709631243.4625313
797,1709631243.5603466,1709631243.5624106
798,1709631243.6636596,1709631243.6671638
799,1709631243.762085,1709631243.765593
800,1709631243.867602,1709631243.8709188
801,1709631243.9705753,1709631243.9730499
802,1709631244.0560098,1709631244.0586689
803,1709631244.1624372,1709631244.1652012
804,1709631244.2602892,1709631244.2635107
805,1709631244.3577,1709631244.361164
806,1709631244.4586577,1709631244.4619558
807,1709631244.6671503,1709631244.6705258
808,1709631244.7665896,1709631244.770157
809,1709631244.8606586,1709631244.8638344
810,1709631244.958708,1709631244.9610085
811,1709631245.0574033,1709631245.0611079
812,1709631245.1731029,1709631245.1765566
813,1709631245.2605598,1709631245.2636707
814,1709631245.3611302,1709631245.36448
815,1709631245.4577029,1709631245.4612098
816,1709631245.5582175,1709631245.5611484
817,1709631245.6630673,1709631245.6673532
818,1709631245.760818,1709631245.7687242
819,1709631245.8651922,1709631245.8704038
820,1709631245.9612222,1709631245.9651616
821,1709631246.0596986,1709631246.0626285
822,1709631246.16468,1709631246.16802
823,1709631246.2776527,1709631246.2817154
824,1709631246.3743613,1709631246.3776743
825,1709631246.4645028,1709631246.4683206
826,1709631246.5728626,1709631246.5785685
827,1709631246.6725116,1709631246.6758175
828,1709631246.7704175,1709631246.773042
829,1709631246.8741026,1709631246.87662
830,1709631246.960543,1709631246.9643466
831,1709631247.0604491,1709631247.0646288
832,1709631247.1599696,1709631247.1634543
833,1709631247.2584078,1709631247.2618127
834,1709631247.3651443,1709631247.3686776
835,1709631247.4698703,1709631247.4753032
836,1709631247.558671,1709631247.5623147
837,1709631247.6572385,1709631247.6654687
838,1709631247.75986,1709631247.7622585
839,1709631247.8590472,1709631247.861839
840,1709631247.97253,1709631247.9754663
841,1709631248.060758,1709631248.0646782
842,1709631248.157366,1709631248.1604912
843,1709631248.2588043,1709631248.2620466
844,1709631248.3615427,1709631248.3637786
845,1709631248.4671824,1709631248.4706926
846,1709631248.562825,1709631248.566332
847,1709631248.67101,1709631248.6740353
848,1709631248.7613776,1709631248.7651784
849,1709631248.8620286,1709631248.8658476
850,1709631248.958907,1709631248.9619641
851,1709631249.0601177,1709631249.0636365
852,1709631249.1646752,1709631249.168716
853,1709631249.259407,1709631249.2638702
854,1709631249.3641052,1709631249.3677208
855,1709631249.457978,1709631249.4628072
856,1709631249.5584483,1709631249.5615723
857,1709631249.6600335,1709631249.6639333
858,1709631249.7607265,1709631249.7675896
859,1709631249.858437,1709631249.8610988
860,1709631249.9615753,1709631249.9649675
861,1709631250.06125,1709631250.064378
862,1709631250.1633663,1709631250.169405
863,1709631250.259365,1709631250.26312
864,1709631250.3691268,1709631250.372888
865,1709631250.4636157,1709631250.4671853
866,1709631250.5653605,1709631250.5691364
867,1709631250.666177,1709631250.669932
868,1709631250.7618334,1709631250.7654712
869,1709631250.8756835,1709631250.879337
870,1709631250.9651856,1709631250.9688075
871,1709631251.065065,1709631251.0683994
872,1709631251.1601083,1709631251.1636314
873,1709631251.2605488,1709631251.263239
874,1709631251.356299,1709631251.3597636
875,1709631251.4574883,1709631251.4610047
876,1709631251.5661862,1709631251.5696018
877,1709631251.6566474,1709631251.6602926
878,1709631251.7641184,1709631251.7677903
879,1709631251.8685455,1709631251.872279
880,1709631251.9609628,1709631251.9633293
881,1709631252.062854,1709631252.0661001
882,1709631252.1669133,1709631252.170701
883,1709631252.2660365,1709631252.27109
884,1709631252.3603623,1709631252.3639739
885,1709631252.4561853,1709631252.4601414
886,1709631252.5632236,1709631252.5667872
887,1709631252.659123,1709631252.6629803
888,1709631252.7616858,1709631252.76543
889,1709631252.856158,1709631252.8596284
890,1709631252.9670208,1709631252.970693
891,1709631253.0566118,1709631253.059237
892,1709631253.159127,1709631253.1623304
893,1709631253.2592924,1709631253.2631302
894,1709631253.3891103,1709631253.3938084
895,1709631253.4633794,1709631253.4672678
896,1709631253.5616393,1709631253.5659466
897,1709631253.6632001,1709631253.6673892
898,1709631253.7714088,1709631253.7752929
899,1709631253.8633313,1709631253.867031
900,1709631253.9570506,1709631253.9613523
901,1709631254.0693486,1709631254.0733893
902,1709631254.1594617,1709631254.164296
903,1709631254.2608202,1709631254.2674663
904,1709631254.3703394,1709631254.376895
905,1709631254.4650757,1709631254.4685926
906,1709631254.5638394,1709631254.5679915
907,1709631254.6676002,1709631254.6716712
908,1709631254.7800431,1709631254.783303
909,1709631254.882122,1709631254.886618
910,1709631254.9734702,1709631254.9769588
911,1709631255.0643857,1709631255.0692816
912,1709631255.1885216,1709631255.192045
913,1709631255.2641168,1709631255.2668033
914,1709631255.3673673,1709631255.3708024
915,1709631255.4718695,1709631255.4749606
916,1709631255.564444,1709631255.5675058
917,1709631255.6682096,1709631255.671197
918,1709631255.765678,1709631255.7692316
919,1709631255.863618,1709631255.8670335
920,1709631255.9639966,1709631255.967767
921,1709631256.0695634,1709631256.0734937
922,1709631256.169109,1709631256.1724336
923,1709631256.2640789,1709631256.2666025
924,1709631256.360079,1709631256.3634744
925,1709631256.468551,1709631256.4722588
926,1709631256.5615273,1709631256.5639973
927,1709631256.667634,1709631256.6711004
928,1709631256.7691135,1709631256.772345
929,1709631256.8647254,1709631256.8682735
930,1709631256.9663377,1709631256.9698472
931,1709631257.0653133,1709631257.0688367
932,1709631257.174445,1709631257.17788
933,1709631257.2647614,1709631257.268107
934,1709631257.3664446,1709631257.3711016
935,1709631257.4707623,1709631257.4749436
936,1709631257.5608153,1709631257.5650826
937,1709631257.6695077,1709631257.6734216
938,1709631257.7687643,1709631257.7726285
939,1709631257.8755443,1709631257.8795238
940,1709631257.9597461,1709631257.9630978
941,1709631258.0693147,1709631258.0728216
942,1709631258.1644309,1709631258.1667597
943,1709631258.2597387,1709631258.2643945
944,1709631258.3676178,1709631258.370995
945,1709631258.4626646,1709631258.4661267
946,1709631258.5699391,1709631258.5748136
947,1709631258.668423,1709631258.6813824
948,1709631258.764823,1709631258.7711298
949,1709631258.8750074,1709631258.879429
950,1709631258.9763548,1709631258.9801233
951,1709631259.0719855,1709631259.075772
952,1709631259.1686308,1709631259.172481
953,1709631259.2626867,1709631259.2664425
954,1709631259.3726048,1709631259.3769245
955,1709631259.4629464,1709631259.4668157
956,1709631259.5631201,1709631259.56702
957,1709631259.660538,1709631259.6641572
958,1709631259.7639015,1709631259.766341
959,1709631259.8566527,1709631259.8601222
960,1709631259.9591317,1709631259.962119
961,1709631260.0736747,1709631260.07679
962,1709631260.1658945,1709631260.1691287
963,1709631260.258058,1709631260.260533
964,1709631260.3693228,1709631260.372413
965,1709631260.4574707,1709631260.460526
966,1709631260.571318,1709631260.574774
967,1709631260.6752477,1709631260.6787748
968,1709631260.7666006,1709631260.7701337
969,1709631260.861547,1709631260.864736
970,1709631260.9645264,1709631260.9676573
971,1709631261.066747,1709631261.070202
972,1709631261.1594827,1709631261.1626716
973,1709631261.2585006,1709631261.2612875
974,1709631261.364723,1709631261.3688014
975,1709631261.4583502,1709631261.4619396
976,1709631261.564221,1709631261.567495
977,1709631261.6606846,1709631261.6649482
978,1709631261.7668447,1709631261.7701445
979,1709631261.8593745,1709631261.8627758
980,1709631261.9631581,1709631261.9666898
981,1709631262.07289,1709631262.0770159
982,1709631262.1589367,1709631262.1624496
983,1709631262.2571652,1709631262.2606041
984,1709631262.3741155,1709631262.3777688
985,1709631262.4607098,1709631262.4646158
986,1709631262.5635722,1709631262.5671742
987,1709631262.657818,1709631262.6611693
988,1709631262.7698894,1709631262.773707
989,1709631262.8606348,1709631262.8640888
990,1709631262.9623666,1709631262.966311
991,1709631263.0705292,1709631263.0747154
992,1709631263.1705394,1709631263.1739876
993,1709631263.262083,1709631263.2654788
994,1709631263.3680182,1709631263.3714862
995,1709631263.4694612,1709631263.4730895
996,1709631263.5590007,1709631263.562268
997,1709631263.6668205,1709631263.6698577
998,1709631263.758667,1709631263.7618494
999,1709631263.8629181,1709631263.8663802
1000,1709631263.96047,1709631263.963968
1001,1709631264.0640316,1709631264.0674095
1002,1709631264.1754107,1709631264.1788402
1003,1709631264.2680411,1709631264.272314
1004,1709631264.3654637,1709631264.3692124
1005,1709631264.4651153,1709631264.4686632
1006,1709631264.575401,1709631264.5776656
1007,1709631264.660524,1709631264.662737
1008,1709631264.756383,1709631264.7594438
1009,1709631264.8594472,1709631264.8626134
1010,1709631264.969305,1709631264.9730618
1011,1709631265.0624096,1709631265.0677068
1012,1709631265.1636043,1709631265.1671798
1013,1709631265.2646835,1709631265.2680168
1014,1709631265.36231,1709631265.3659427
1015,1709631265.4669516,1709631265.470147
1016,1709631265.5683935,1709631265.5716498
1017,1709631265.6694894,1709631265.6735904
1018,1709631265.7632847,1709631265.7668712
1019,1709631265.85633,1709631265.859901
1020,1709631265.9667675,1709631265.970827
1021,1709631266.0572085,1709631266.0608847
1022,1709631266.1581304,1709631266.1616132
1023,1709631266.256935,1709631266.2592254
1024,1709631266.3583221,1709631266.3635945
1025,1709631266.463999,1709631266.467424
1026,1709631266.563364,1709631266.5660822
1027,1709631266.6660879,1709631266.6695824
1028,1709631266.7667322,1709631266.7701225
1029,1709631266.860215,1709631266.8641794
1030,1709631266.9653285,1709631266.9689565
1031,1709631267.0628877,1709631267.066702
1032,1709631267.1574821,1709631267.1608574
1033,1709631267.2608905,1709631267.2658017
1034,1709631267.3676789,1709631267.3715143
1035,1709631267.4741292,1709631267.4778078
1036,1709631267.5703974,1709631267.5704055
1037,1709631267.6640303,1709631267.664039
1038,1709631267.7662892,1709631267.7662961
1039,1709631267.8951488,1709631267.895157
1040,1709631267.9668467,1709631267.9668539
1041,1709631268.0578268,1709631268.057834
1042,1709631268.1700487,1709631268.1700563
1043,1709631268.2638285,1709631268.263836
1044,1709631268.369649,1709631268.3696566
1045,1709631268.4687343,1709631268.4687417
1046,1709631268.5668707,1709631268.5668788
1047,1709631268.6594017,1709631268.6594086
1048,1709631268.7627542,1709631268.7627602
1049,1709631268.8686764,1709631268.8686812
1050,1709631268.9561574,1709631268.9561641
1051,1709631269.0613563,1709631269.0613604
1052,1709631269.1599803,1709631269.1599853
1053,1709631269.2696936,1709631269.2697024
1054,1709631269.3582387,1709631269.3582463
1055,1709631269.459754,1709631269.4597611
1056,1709631269.563182,1709631269.5631902
1057,1709631269.6718771,1709631269.6718848
1058,1709631269.759278,1709631269.7592852
1059,1709631269.8608744,1709631269.860881
1060,1709631269.9608166,1709631269.9608233
1061,1709631270.073076,1709631270.0730834
1062,1709631270.163554,1709631270.1635602
1063,1709631270.272019,1709631270.2720273
1064,1709631270.3619194,1709631270.361929
1065,1709631270.4605293,1709631270.4605374
1066,1709631270.5806096,1709631270.5806189
1067,1709631270.6632984,1709631270.6633055
1068,1709631270.7657578,1709631270.7657652
1069,1709631270.8631704,1709631270.8631773
1070,1709631270.9632812,1709631270.9632902
1071,1709631271.0602367,1709631271.060242
1072,1709631271.1605158,1709631271.1605234
1073,1709631271.2605264,1709631271.2605343
1074,1709631271.3682213,1709631271.3682299
1075,1709631271.4642015,1709631271.4642084
1076,1709631271.5591972,1709631271.5592048
1077,1709631271.6688168,1709631271.6688225
1078,1709631271.7634532,1709631271.7634602
1079,1709631271.8675165,1709631271.867525
1080,1709631271.966999,1709631271.9670057
1081,1709631272.0633543,1709631272.063362
1082,1709631272.158376,1709631272.1583831
1083,1709631272.2759867,1709631272.2759945
1084,1709631272.3591235,1709631272.3591297
1085,1709631272.4583442,1709631272.4583478
1086,1709631272.5595894,1709631272.5595937
1087,1709631272.6614642,1709631272.6614704
1088,1709631272.7617333,1709631272.7617414
1089,1709631272.8647642,1709631272.8647707
1090,1709631272.9591699,1709631272.959174
1091,1709631273.0652866,1709631273.0652938
1092,1709631273.1592689,1709631273.159276
1093,1709631273.2618566,1709631273.2618642
1094,1709631273.3555672,1709631273.3555744
1095,1709631273.470078,1709631273.4700847
1096,1709631273.565522,1709631273.5655289
1097,1709631273.656193,1709631273.6562002
1098,1709631273.7640731,1709631273.7640798
1099,1709631273.875045,1709631273.8750513
1100,1709631273.9667172,1709631273.9667244
1101,1709631274.0677087,1709631274.0677154
1102,1709631274.166226,1709631274.166232
1103,1709631274.2720106,1709631274.2720182
1104,1709631274.3579302,1709631274.3579376
1105,1709631274.462447,1709631274.4624515
1106,1709631274.572476,1709631274.5724828
1107,1709631274.6792657,1709631274.6792738
1108,1709631274.7694407,1709631274.7694468
1109,1709631274.8631065,1709631274.8631618
1110,1709631274.9692721,1709631274.9692795
1111,1709631275.0628498,1709631275.0628583
1112,1709631275.1740444,1709631275.174052
1113,1709631275.258948,1709631275.258955
1114,1709631275.3640053,1709631275.3640125
1115,1709631275.459797,1709631275.4598062
1116,1709631275.5693197,1709631275.569328
1117,1709631275.6597815,1709631275.659789
1118,1709631275.7595897,1709631275.7595975
1119,1709631275.8618863,1709631275.8618925
1120,1709631275.977608,1709631275.9776165
1121,1709631276.0640047,1709631276.064011
1122,1709631276.1632075,1709631276.1632137
1123,1709631276.2558026,1709631276.2558105
1124,1709631276.3684914,1709631276.3685005
1125,1709631276.4616156,1709631276.461622
1126,1709631276.5679514,1709631276.5679593
1127,1709631276.6673446,1709631276.6673512
1128,1709631276.7617624,1709631276.7617693
1129,1709631276.860111,1709631276.860118
1130,1709631276.9573934,1709631276.9574018
1131,1709631277.058665,1709631277.0586736
1132,1709631277.1684103,1709631277.1684172
1133,1709631277.2668765,1709631277.2668834
1134,1709631277.36115,1709631277.3611574
1135,1709631277.456346,1709631277.4563525
1136,1709631277.5636961,1709631277.5637023
1137,1709631277.671936,1709631277.6719413
1138,1709631277.7674766,1709631277.7674837
1139,1709631277.86827,1709631277.8682768
1140,1709631277.9603055,1709631277.9603121
1141,1709631278.0634825,1709631278.063492
1142,1709631278.1567037,1709631278.1567104
1143,1709631278.2641358,1709631278.2641423
1144,1709631278.3682775,1709631278.3682845
1145,1709631278.456994,1709631278.4570014
1146,1709631278.5645838,1709631278.5645916
1147,1709631278.6592548,1709631278.6592622
1148,1709631278.7594144,1709631278.7594216
1149,1709631278.866236,1709631278.8662431
1150,1709631278.9725544,1709631278.9725637
1151,1709631279.0622694,1709631279.0622766
1152,1709631279.165748,1709631279.165758
1153,1709631279.2601843,1709631279.2601917
1154,1709631279.3782525,1709631279.3782582
1155,1709631279.4621482,1709631279.4621584
1156,1709631279.5633147,1709631279.5633214
1157,1709631279.669421,1709631279.6694279
1158,1709631279.762028,1709631279.762035
1159,1709631279.8635633,1709631279.8635712
1160,1709631279.960802,1709631279.9608061
1161,1709631280.0640535,1709631280.0640616
1162,1709631280.163195,1709631280.163203
1163,1709631280.2687824,1709631280.268789
1164,1709631280.3648806,1709631280.3648863
1165,1709631280.4600875,1709631280.460093
1166,1709631280.567084,1709631280.5670903
1167,1709631280.67716,1709631280.6771674
1168,1709631280.76638,1709631280.766387
1169,1709631280.864454,1709631280.8644617
1170,1709631280.9603097,1709631280.9603167
1171,1709631281.0748456,1709631281.0748534
1172,1709631281.1656344,1709631281.1656404
1173,1709631281.2615397,1709631281.2615502
1174,1709631281.3690548,1709631281.3690596
1175,1709631281.4640203,1709631281.4640267
1176,1709631281.568337,1709631281.5683436
1177,1709631281.6653094,1709631281.6653163
1178,1709631281.7635293,1709631281.7635355
1179,1709631281.8677073,1709631281.8677154
1180,1709631281.965046,1709631281.9650528
1181,1709631282.0687013,1709631282.068708
1182,1709631282.1664243,1709631282.166431
1183,1709631282.2563782,1709631282.2563856
1184,1709631282.3620038,1709631282.3620112
1185,1709631282.4599023,1709631282.4599078
1186,1709631282.560136,1709631282.5601435
1187,1709631282.66429,1709631282.6642969
1188,1709631282.7587543,1709631282.7587583
1189,1709631282.8651285,1709631282.865136
1190,1709631282.9631038,1709631282.9631104
1191,1709631283.062225,1709631283.0622323
1192,1709631283.1597328,1709631283.15974
1193,1709631283.2674491,1709631283.2674558
1194,1709631283.3768113,1709631283.3768198
1195,1709631283.4702811,1709631283.4702888
1196,1709631283.5622194,1709631283.5622244
1197,1709631283.6613755,1709631283.6613824
1198,1709631283.7732577,1709631283.7732663
1199,1709631283.8610563,1709631283.8610637
1200,1709631283.9616656,1709631283.9616709
1201,1709631284.059659,1709631284.0596654
1202,1709631284.1571927,1709631284.1571999
1203,1709631284.2619367,1709631284.261945
1204,1709631284.3666816,1709631284.3666868
1205,1709631284.4702406,1709631284.4702487
1206,1709631284.5710135,1709631284.571021
1207,1709631284.6680527,1709631284.6680608
1208,1709631284.7649856,1709631284.7649908
1209,1709631284.8655121,1709631284.8655188
1210,1709631284.9592383,1709631284.9592452
1211,1709631285.0655653,1709631285.065571
1212,1709631285.1658409,1709631285.1658504
1213,1709631285.2681687,1709631285.2681756
1214,1709631285.3615274,1709631285.3615358
1215,1709631285.4665744,1709631285.4665813
1216,1709631285.5612009,1709631285.5612075
1217,1709631285.6595142,1709631285.6595187
1218,1709631285.7569144,1709631285.756922
1219,1709631285.8687344,1709631285.8687437
1220,1709631285.9620454,1709631285.9620535
1221,1709631286.0723264,1709631286.0723336
1222,1709631286.158056,1709631286.1580634
1223,1709631286.263389,1709631286.263397
1224,1709631286.3590844,1709631286.359092
1225,1709631286.4620795,1709631286.4620848
1226,1709631286.573223,1709631286.573232
1227,1709631286.6642148,1709631286.664222
1228,1709631286.7639382,1709631286.763945
1229,1709631286.8619227,1709631286.8619301
1230,1709631286.9709053,1709631286.9709122
1231,1709631287.0653114,1709631287.0653236
1232,1709631287.1573973,1709631287.1574018
1233,1709631287.2669168,1709631287.266923
1234,1709631287.360481,1709631287.3604865
1235,1709631287.466352,1709631287.466359
1236,1709631287.5696008,1709631287.5696084
1237,1709631287.6590462,1709631287.659056
1238,1709631287.7670825,1709631287.7670891
1239,1709631287.8585944,1709631287.8586023
1240,1709631287.9644628,1709631287.9645317
1241,1709631288.069989,1709631288.0699952
1242,1709631288.1599388,1709631288.1599448
1243,1709631288.2674034,1709631288.2674098
1244,1709631288.3572695,1709631288.3572764
1245,1709631288.4604995,1709631288.4605064
1246,1709631288.5692587,1709631288.5692644
1247,1709631288.6596203,1709631288.6596272
1248,1709631288.7632906,1709631288.7632978
1249,1709631288.8596258,1709631288.8596327
1250,1709631288.9618375,1709631288.961846
1251,1709631289.0656123,1709631289.0656195
1252,1709631289.160776,1709631289.1607823
1253,1709631289.2686799,1709631289.2686868
1254,1709631289.3674667,1709631289.3674731
1255,1709631289.4594908,1709631289.4594975
1256,1709631289.562351,1709631289.5623586
1257,1709631289.6707149,1709631289.6707234
1258,1709631289.7557476,1709631289.7557557
1259,1709631289.8577604,1709631289.8577664
1260,1709631289.959514,1709631289.9595215
1261,1709631290.0652895,1709631290.065297
1262,1709631290.159577,1709631290.1595836
1263,1709631290.2805252,1709631290.2805357
1264,1709631290.3605645,1709631290.3605719
1265,1709631290.4682503,1709631290.468258
1266,1709631290.5619497,1709631290.561959
1267,1709631290.661893,1709631290.661901
1268,1709631290.7733161,1709631290.7733216
1269,1709631290.8595014,1709631290.8595083
1270,1709631290.9616613,1709631290.9616692
1271,1709631291.0658565,1709631291.0658655
1272,1709631291.1636467,1709631291.1636531
1273,1709631291.2639441,1709631291.263951
1274,1709631291.3594985,1709631291.3595045
1275,1709631291.467425,1709631291.467433
1276,1709631291.5640228,1709631291.5640316
1277,1709631291.664926,1709631291.6649337
1278,1709631291.7638156,1709631291.7638233
1279,1709631291.8654053,1709631291.8654132
1280,1709631291.963665,1709631291.9636724
1281,1709631292.0621426,1709631292.062153
1282,1709631292.1589994,1709631292.1590068
1283,1709631292.2648597,1709631292.2648692
1284,1709631292.3671129,1709631292.3671222
1285,1709631292.466922,1709631292.4669325
1286,1709631292.569424,1709631292.5694313
1287,1709631292.6755042,1709631292.6755185
1288,1709631292.7602525,1709631292.7602596
1289,1709631292.8669035,1709631292.8669107
1290,1709631292.9562538,1709631292.9562614
1291,1709631293.0701196,1709631293.0701292
1292,1709631293.1844559,1709631293.1844656
1293,1709631293.2644432,1709631293.2644513
1294,1709631293.3676288,1709631293.367636
1295,1709631293.4643586,1709631293.4643674
1296,1709631293.5645995,1709631293.564608
1297,1709631293.6667013,1709631293.666709
1298,1709631293.7635894,1709631293.7635968
1299,1709631293.8678284,1709631293.8678362
1300,1709631293.961851,1709631293.9618587
1301,1709631294.0686896,1709631294.0686965
1302,1709631294.1719902,1709631294.1719978
1303,1709631294.2684116,1709631294.2684195
1304,1709631294.37543,1709631294.3754373
1305,1709631294.4671586,1709631294.4671671
1306,1709631294.571815,1709631294.5718215
1307,1709631294.6679766,1709631294.6679852
1308,1709631294.7680671,1709631294.768074
1309,1709631294.8750663,1709631294.8750741
1310,1709631294.9746137,1709631294.974622
1311,1709631295.0715811,1709631295.0715878
1312,1709631295.1691468,1709631295.1691532
1313,1709631295.263711,1709631295.2637167
1314,1709631295.3612688,1709631295.361276
1315,1709631295.4653516,1709631295.4653628
1316,1709631295.5681508,1709631295.56816
1317,1709631295.6634338,1709631295.6634424
1318,1709631295.777261,1709631295.7772706
1319,1709631295.8724213,1709631295.8724296
1320,1709631295.9603357,1709631295.9603446
1321,1709631296.0656905,1709631296.0656986
1322,1709631296.1572056,1709631296.1572132
1323,1709631296.2593355,1709631296.2593434
1324,1709631296.3614206,1709631296.3614283
1325,1709631296.4589148,1709631296.458921
1326,1709631296.5597978,1709631296.5598097
1327,1709631296.6641414,1709631296.6641495
1328,1709631296.7683728,1709631296.7683804
1329,1709631296.858767,1709631296.858775
1330,1709631296.965156,1709631296.9651647
1331,1709631297.072247,1709631297.0722558
1332,1709631297.1692362,1709631297.1692464
1333,1709631297.2643144,1709631297.264322
1334,1709631297.3625069,1709631297.3625147
1335,1709631297.469729,1709631297.4697356
1336,1709631297.5743742,1709631297.5743823
1337,1709631297.6614296,1709631297.661437
1338,1709631297.7597373,1709631297.7597694
1339,1709631297.8580165,1709631297.858024
1340,1709631297.9595664,1709631297.9595737
1341,1709631298.0619066,1709631298.061916
1342,1709631298.1559498,1709631298.1559577
1343,1709631298.2608469,1709631298.2608535
1344,1709631298.3584306,1709631298.3584383
1345,1709631298.4580839,1709631298.4580915
1346,1709631298.560535,1709631298.560542
1347,1709631298.6573968,1709631298.6574059
1348,1709631298.760742,1709631298.7607496
1349,1709631298.8753257,1709631298.8753352
1350,1709631298.9579198,1709631298.9579282
1351,1709631299.066993,1709631299.0670033
1352,1709631299.1785612,1709631299.1785686
1353,1709631299.2596095,1709631299.2596178
1354,1709631299.3633204,1709631299.3633256
1355,1709631299.463511,1709631299.4635181
1356,1709631299.570173,1709631299.5701807
1357,1709631299.6638236,1709631299.6638334
1358,1709631299.7632165,1709631299.7632234
1359,1709631299.8655922,1709631299.865601
1360,1709631299.9642563,1709631299.9642644
1361,1709631300.0598972,1709631300.0599062
1362,1709631300.1632202,1709631300.1632276
1363,1709631300.2820575,1709631300.2820656
1364,1709631300.3666272,1709631300.3666348
1365,1709631300.4567835,1709631300.4567916
1366,1709631300.5615401,1709631300.56155
1367,1709631300.6691175,1709631300.6691253
1368,1709631300.7733371,1709631300.773344
1369,1709631300.8761272,1709631300.8761344
1370,1709631300.967226,1709631300.9672325
1371,1709631301.4621847,1709631301.4659448
1372,1709631301.4791043,1709631301.48421
1373,1709631301.5645993,1709631301.5686014
1374,1709631301.6685479,1709631301.6732287
1375,1709631301.763108,1709631301.7664568
1376,1709631301.8630903,1709631301.8665316
1377,1709631301.9711013,1709631301.976715
1378,1709631302.0628033,1709631302.0699415
1379,1709631302.1728632,1709631302.1766047
1380,1709631302.269727,1709631302.2732708
1381,1709631302.3571503,1709631302.3608408
1382,1709631302.45801,1709631302.4645095
1383,1709631302.5615613,1709631302.5659878
1384,1709631302.6587746,1709631302.6638222
1385,1709631302.7630537,1709631302.7671974
1386,1709631302.8651884,1709631302.8713133
1387,1709631302.9722283,1709631302.9759336
1388,1709631303.0711858,1709631303.0748475
1389,1709631303.1868236,1709631303.1912804
1390,1709631303.2627776,1709631303.2699802
1391,1709631303.365174,1709631303.3703337
1392,1709631303.4668555,1709631303.470888
1393,1709631303.5592296,1709631303.5628612
1394,1709631303.6640427,1709631303.673268
1395,1709631303.7629166,1709631303.7706954
1396,1709631303.8649282,1709631303.8691926
1397,1709631303.9624305,1709631303.9697878
1398,1709631304.0723708,1709631304.0767221
1399,1709631304.181518,1709631304.1904922
1400,1709631304.262415,1709631304.267827
1401,1709631304.3661492,1709631304.3697438
1402,1709631304.467313,1709631304.4719062
1403,1709631304.5732906,1709631304.57692
1404,1709631304.6630607,1709631304.667721
1405,1709631304.7631123,1709631304.7666335
1406,1709631304.8628385,1709631304.869921
1407,1709631304.96727,1709631304.9702554
1408,1709631305.0609121,1709631305.0652053
1409,1709631305.160337,1709631305.1644142
1410,1709631305.2706137,1709631305.2784657
1411,1709631305.3690155,1709631305.3731625
1412,1709631305.4575725,1709631305.4616663
1413,1709631305.5617154,1709631305.56548
1414,1709631305.6633985,1709631305.6707754
1415,1709631305.7581081,1709631305.765776
1416,1709631305.868283,1709631305.8720782
1417,1709631305.962984,1709631305.9662144
1418,1709631306.063665,1709631306.0673416
1419,1709631306.1598535,1709631306.1638958
1420,1709631306.2765658,1709631306.2800496
1421,1709631306.358278,1709631306.3628855
1422,1709631306.4592845,1709631306.4647417
1423,1709631306.5628834,1709631306.566543
1424,1709631306.6629372,1709631306.6680164
1425,1709631306.7669501,1709631306.7704618
1426,1709631306.8646066,1709631306.8686624
1427,1709631306.9630082,1709631306.9688342
1428,1709631307.0636432,1709631307.068229
1429,1709631307.161248,1709631307.166783
1430,1709631307.2575269,1709631307.266135
1431,1709631307.365221,1709631307.3692656
1432,1709631307.461162,1709631307.4667342
1433,1709631307.5686178,1709631307.574549
1434,1709631307.6636086,1709631307.6698506
1435,1709631307.76555,1709631307.768621
1436,1709631307.8745525,1709631307.8791246
1437,1709631307.9684155,1709631307.973102
1438,1709631308.0783079,1709631308.0830474
1439,1709631308.1599576,1709631308.166659
1440,1709631308.2764077,1709631308.280945
1441,1709631308.369299,1709631308.373685
1442,1709631308.462524,1709631308.4665587
1443,1709631308.5732737,1709631308.5774648
1444,1709631308.6685264,1709631308.6713789
1445,1709631308.7570574,1709631308.7651408
1446,1709631308.8635178,1709631308.8684843
1447,1709631308.9605284,1709631308.963721
1448,1709631309.0567923,1709631309.0617087
1449,1709631309.1623864,1709631309.1666737
1450,1709631309.2634714,1709631309.2667167
1451,1709631309.3606539,1709631309.36458
1452,1709631309.4691563,1709631309.4729962
1453,1709631309.5636256,1709631309.5673575
1454,1709631309.6676695,1709631309.6713305
1455,1709631309.7599816,1709631309.7642171
1456,1709631309.8654475,1709631309.8678644
1457,1709631309.9637969,1709631309.9678235
1458,1709631310.0627558,1709631310.0667157
1459,1709631310.168025,1709631310.1715302
1460,1709631310.2621286,1709631310.2661343
1461,1709631310.3578632,1709631310.364216
1462,1709631310.461235,1709631310.4648724
1463,1709631310.5814986,1709631310.5858822
1464,1709631310.6651196,1709631310.6685474
1465,1709631310.769889,1709631310.776747
1466,1709631310.8648026,1709631310.867549
1467,1709631310.9729655,1709631310.9785843
1468,1709631311.0599508,1709631311.0642035
1469,1709631311.1753516,1709631311.177942
1470,1709631311.2671852,1709631311.2707465
1471,1709631311.3722768,1709631311.3761022
1472,1709631311.4672222,1709631311.4699764
1473,1709631311.5642755,1709631311.5691547
1474,1709631311.6698053,1709631311.6765501
1475,1709631311.7659822,1709631311.769176
1476,1709631311.8658762,1709631311.8695462
1477,1709631311.9686835,1709631311.9727535
1478,1709631312.0612848,1709631312.0647392
1479,1709631312.1584902,1709631312.1614976
1480,1709631312.2774665,1709631312.2865393
1481,1709631312.3659072,1709631312.3705318
1482,1709631312.4663446,1709631312.471186
1483,1709631312.5635383,1709631312.5671668
1484,1709631312.6674309,1709631312.672228
1485,1709631312.7710023,1709631312.7750356
1486,1709631312.860919,1709631312.8643334
1487,1709631312.9618607,1709631312.9655118
1488,1709631313.0632262,1709631313.069014
1489,1709631313.1626496,1709631313.1662889
1490,1709631313.2584493,1709631313.2619405
1491,1709631313.3647032,1709631313.368001
1492,1709631313.4835844,1709631313.4871304
1493,1709631313.5705335,1709631313.5780942
1494,1709631313.6668746,1709631313.670475
1495,1709631313.768784,1709631313.7742329
1496,1709631313.8626435,1709631313.8658028
1497,1709631313.9621136,1709631313.9657543
1498,1709631314.0706573,1709631314.0746331
1499,1709631314.173194,1709631314.1768074
1500,1709631314.2721796,1709631314.2778022
1501,1709631314.374284,1709631314.3778653
1502,1709631314.4626868,1709631314.4665003
1503,1709631314.5654485,1709631314.569315
1504,1709631314.6682267,1709631314.6719084
1505,1709631314.7686934,1709631314.7724986
1506,1709631314.8678448,1709631314.8742723
1507,1709631314.9646497,1709631314.967839
1508,1709631315.0800247,1709631315.0840335
1509,1709631315.1701415,1709631315.1747484
1510,1709631315.2615626,1709631315.2650936
1511,1709631315.3608735,1709631315.3647275
1512,1709631315.4732382,1709631315.477613
1513,1709631315.5617676,1709631315.5642734
1514,1709631315.6747992,1709631315.6799755
1515,1709631315.7710497,1709631315.7756734
1516,1709631315.8580258,1709631315.8607807
1517,1709631315.982396,1709631315.988625
1518,1709631316.0582247,1709631316.062559
1519,1709631316.1683261,1709631316.1734293
1520,1709631316.2609947,1709631316.2643683
1521,1709631316.3791156,1709631316.3828175
1522,1709631316.4635618,1709631316.467295
1523,1709631316.5605364,1709631316.563901
1524,1709631316.6703875,1709631316.6740503
1525,1709631316.7671826,1709631316.778007
1526,1709631316.8723745,1709631316.8762398
1527,1709631316.962511,1709631316.9657912
1528,1709631317.0717726,1709631317.0758095
1529,1709631317.1653392,1709631317.1703231
1530,1709631317.2609084,1709631317.2637908
1531,1709631317.3644304,1709631317.3693066
1532,1709631317.4601045,1709631317.4636974
1533,1709631317.5689325,1709631317.5727963
1534,1709631317.662562,1709631317.6625698
1535,1709631317.7639,1709631317.7639074
1536,1709631317.8632412,1709631317.8632479
1537,1709631317.9637802,1709631317.9637873
1538,1709631318.0676408,1709631318.0676482
1539,1709631318.1602695,1709631318.1602938
1540,1709631318.2688913,1709631318.268899
1541,1709631318.3645935,1709631318.3645992
1542,1709631318.4656525,1709631318.4656596
1543,1709631318.5566878,1709631318.5566928
1544,1709631318.6703346,1709631318.6703415
1545,1709631318.7649715,1709631318.7649794
1546,1709631318.8747983,1709631318.874804
1547,1709631318.9596002,1709631318.9596071
1548,1709631319.0684834,1709631319.0684905
1549,1709631319.1648815,1709631319.1648884
1550,1709631319.2685475,1709631319.268555
1551,1709631319.3597665,1709631319.3597732
1552,1709631319.4656742,1709631319.4656804
1553,1709631319.5618966,1709631319.5619035
1554,1709631319.6693227,1709631319.6693316
1555,1709631319.7651193,1709631319.765127
1556,1709631319.864426,1709631319.8644335
1557,1709631319.9596438,1709631319.959652
1558,1709631320.0701234,1709631320.0701313
1559,1709631320.157225,1709631320.157233
1560,1709631320.2602394,1709631320.260244
1561,1709631320.3631706,1709631320.3631778
1562,1709631320.462619,1709631320.4626253
1563,1709631320.560639,1709631320.5606453
1564,1709631320.6744692,1709631320.6744776
1565,1709631320.7626126,1709631320.7626188
1566,1709631320.862846,1709631320.862853
1567,1709631320.9642544,1709631320.9642608
1568,1709631321.0705624,1709631321.0705721
1569,1709631321.1658487,1709631321.1658568
1570,1709631321.2689128,1709631321.2689207
1571,1709631321.3611217,1709631321.3611295
1572,1709631321.4626553,1709631321.4626632
1573,1709631321.574075,1709631321.574083
1574,1709631321.6620052,1709631321.6620092
1575,1709631321.7623677,1709631321.7623744
1576,1709631321.8629968,1709631321.8630013
1577,1709631321.9711642,1709631321.971174
1578,1709631322.058959,1709631322.058966
1579,1709631322.1600895,1709631322.160096
1580,1709631322.266611,1709631322.2666168
1581,1709631322.379661,1709631322.3796685
1582,1709631322.4655383,1709631322.465545
1583,1709631322.5558546,1709631322.5558615
1584,1709631322.6579158,1709631322.6579275
1585,1709631322.7677968,1709631322.7678049
1586,1709631322.867514,1709631322.867521
1587,1709631322.9614828,1709631322.9614904
1588,1709631323.070054,1709631323.0700622
1589,1709631323.1729567,1709631323.1729643
1590,1709631323.2578511,1709631323.2578592
1591,1709631323.3598607,1709631323.3598766
1592,1709631323.471089,1709631323.4710956
1593,1709631323.5614722,1709631323.5614803
1594,1709631323.6756482,1709631323.6756587
1595,1709631323.7591798,1709631323.7591887
1596,1709631323.8724678,1709631323.8724759
1597,1709631323.9586575,1709631323.958664
1598,1709631324.0649276,1709631324.0649352
1599,1709631324.1662517,1709631324.166262
1600,1709631324.260352,1709631324.2603595
1601,1709631324.3657882,1709631324.365798
1602,1709631324.4632387,1709631324.4632478
1603,1709631324.5661268,1709631324.5661345
1604,1709631324.6665382,1709631324.6665463
1605,1709631324.7584584,1709631324.7584662
1606,1709631324.8676417,1709631324.8676498
1607,1709631324.9736388,1709631324.9737103
1608,1709631325.0705261,1709631325.0705318
1609,1709631325.1781874,1709631325.1781957
1610,1709631325.263942,1709631325.26395
1611,1709631325.368865,1709631325.368875
1612,1709631325.4652672,1709631325.4652777
1613,1709631325.5680027,1709631325.5680108
1614,1709631325.6627707,1709631325.6627774
1615,1709631325.7572901,1709631325.7572968
1616,1709631325.8571737,1709631325.857179
1617,1709631325.9677527,1709631325.9677575
1618,1709631326.0632374,1709631326.0632443
1619,1709631326.1598961,1709631326.1599038
1620,1709631326.2603645,1709631326.26037
1621,1709631326.3588724,1709631326.3588781
1622,1709631326.465133,1709631326.4651399
1623,1709631326.5706592,1709631326.5706685
1624,1709631326.6707635,1709631326.6707757
1625,1709631326.7731874,1709631326.7731984
1626,1709631326.8617108,1709631326.8617194
1627,1709631326.959576,1709631326.9595838
1628,1709631327.0680318,1709631327.0680373
1629,1709631327.174729,1709631327.1747403
1630,1709631327.2593389,1709631327.2593462
1631,1709631327.3626478,1709631327.3626556
1632,1709631327.459311,1709631327.4593186
1633,1709631327.568141,1709631327.56815
1634,1709631327.6844187,1709631327.6844277
1635,1709631327.7561052,1709631327.7561119
1636,1709631327.8789766,1709631327.8789873
1637,1709631327.9704685,1709631327.9704769
1638,1709631328.071372,1709631328.0713837
1639,1709631328.1768775,1709631328.1768873
1640,1709631328.266517,1709631328.2665262
1641,1709631328.3677669,1709631328.3677754
1642,1709631328.466414,1709631328.466423
1643,1709631328.560593,1709631328.5605998
1644,1709631328.669984,1709631328.669993
1645,1709631328.7607243,1709631328.7607322
1646,1709631328.860217,1709631328.8602245
1647,1709631328.9615014,1709631328.96151
1648,1709631329.0595326,1709631329.0595405
1649,1709631329.166374,1709631329.1663806
1650,1709631329.261889,1709631329.2619584
1651,1709631329.3600194,1709631329.3601387
1652,1709631329.4636436,1709631329.463787
1653,1709631329.560845,1709631329.5609362
1654,1709631329.6720927,1709631329.672177
1655,1709631329.767349,1709631329.7674043
1656,1709631329.8644495,1709631329.8646317
1657,1709631329.9603,1709631329.960354
1658,1709631330.0598664,1709631330.0599217
1659,1709631330.1705081,1709631330.1705675
1660,1709631330.2570796,1709631330.2571354
1661,1709631330.359663,1709631330.3597553
1662,1709631330.4701211,1709631330.4701753
1663,1709631330.5717137,1709631330.571804
1664,1709631330.6619549,1709631330.6620107
1665,1709631330.761045,1709631330.7610984
1666,1709631330.8672943,1709631330.8673556
1667,1709631330.9657254,1709631330.9657698
1668,1709631331.0704057,1709631331.0704772
1669,1709631331.165037,1709631331.1650941
1670,1709631331.2617276,1709631331.261813
1671,1709631331.366158,1709631331.3662424
1672,1709631331.463915,1709631331.4639988
1673,1709631331.574688,1709631331.5747945
1674,1709631331.6676724,1709631331.6677575
1675,1709631331.7628117,1709631331.7628748
1676,1709631331.8703294,1709631331.8704274
1677,1709631331.9657462,1709631331.9659355
1678,1709631332.065987,1709631332.0660875
1679,1709631332.1605577,1709631332.160667
1680,1709631332.2606745,1709631332.260774
1681,1709631332.3617792,1709631332.3618665
1682,1709631332.4725976,1709631332.4726756
1683,1709631332.5676079,1709631332.5676546
1684,1709631332.6721382,1709631332.6722271
1685,1709631332.7635536,1709631332.7636008
1686,1709631332.8644395,1709631332.8645713
1687,1709631332.9678261,1709631332.9678807
1688,1709631333.0660982,1709631333.0661619
1689,1709631333.1851463,1709631333.1852024
1690,1709631333.2740686,1709631333.2741473
1691,1709631333.3612103,1709631333.3612602
1692,1709631333.4721444,1709631333.4721987
1693,1709631333.5609398,1709631333.5610244
1694,1709631333.6648567,1709631333.6649032
1695,1709631333.758852,1709631333.7589138
1696,1709631333.8581338,1709631333.8582134
1697,1709631333.975032,1709631333.9751382
1698,1709631334.0629132,1709631334.0629907
1699,1709631334.167987,1709631334.1680727
1700,1709631334.2626445,1709631334.2627032
1701,1709631334.3607469,1709631334.3608057
1702,1709631334.468081,1709631334.4681377
1703,1709631334.560802,1709631334.560879
1704,1709631334.6604264,1709631334.6604946
1705,1709631334.767674,1709631334.7677822
1706,1709631334.8678741,1709631334.8681364
1707,1709631334.9706926,1709631334.9707432
1708,1709631335.0570145,1709631335.0571148
1709,1709631335.1563218,1709631335.1563814
1710,1709631335.2577636,1709631335.2578187
1711,1709631335.3569987,1709631335.3570688
1712,1709631335.4640718,1709631335.464163
1713,1709631335.5611413,1709631335.561248
1714,1709631335.686949,1709631335.6870086
1715,1709631335.7703187,1709631335.7703803
1716,1709631335.864627,1709631335.8646877
1717,1709631335.961844,1709631335.9619384
1718,1709631336.0581167,1709631336.0581796
1719,1709631336.171837,1709631336.1719308
1720,1709631336.2699296,1709631336.2700086
1721,1709631336.3678942,1709631336.3679507
1722,1709631336.458854,1709631336.4589438
1723,1709631336.5585504,1709631336.5586078
1724,1709631336.6700308,1709631336.6700864
1725,1709631336.7722688,1709631336.7723575
1726,1709631336.8693056,1709631336.8694491
1727,1709631336.9580343,1709631336.9581473
1728,1709631337.0768893,1709631337.0769472
1729,1709631337.1705818,1709631337.170657
1730,1709631337.2749054,1709631337.2750063
1731,1709631337.3648894,1709631337.3649707
1732,1709631337.468742,1709631337.4688187
1733,1709631337.5700314,1709631337.5701663
1734,1709631337.668407,1709631337.6685092
1735,1709631337.7605665,1709631337.7606642
1736,1709631337.8669496,1709631337.8670433
1737,1709631337.9568923,1709631337.9569714
1738,1709631338.0674305,1709631338.0675044
1739,1709631338.1571023,1709631338.1571984
1740,1709631338.258895,1709631338.2590055
1741,1709631338.3693683,1709631338.3694541
1742,1709631338.4628794,1709631338.4629753
1743,1709631338.560645,1709631338.5607176
1744,1709631338.6608872,1709631338.6609836
1745,1709631338.7657115,1709631338.7658236
1746,1709631338.8715892,1709631338.8716846
1747,1709631338.960109,1709631338.9602091
1748,1709631339.068619,1709631339.0687203
1749,1709631339.1773014,1709631339.177407
1750,1709631339.2667775,1709631339.2668781
1751,1709631339.3695915,1709631339.3697224
1752,1709631339.4652464,1709631339.465344
1753,1709631339.575631,1709631339.5757325
1754,1709631339.6573522,1709631339.657453
1755,1709631339.7606814,1709631339.7607832
1756,1709631339.8723636,1709631339.8724165
1757,1709631339.968594,1709631339.9686651
1758,1709631340.067659,1709631340.0677333
1759,1709631340.1619377,1709631340.1620035
1760,1709631340.2652442,1709631340.2653093
1761,1709631340.3593345,1709631340.3594162
1762,1709631340.4670455,1709631340.4671242
1763,1709631340.5572107,1709631340.557291
1764,1709631340.6652014,1709631340.6652617
1765,1709631340.7717206,1709631340.771818
1766,1709631340.8670735,1709631340.8671734
1767,1709631340.9633183,1709631340.9634154
1768,1709631341.0711648,1709631341.0712624
1769,1709631341.1587236,1709631341.1588426
1770,1709631341.272313,1709631341.2724197
1771,1709631341.3788426,1709631341.3789506
1772,1709631341.4605155,1709631341.460607
1773,1709631341.5606968,1709631341.5608134
1774,1709631341.6666007,1709631341.6666975
1775,1709631341.768069,1709631341.7681503
1776,1709631341.8662038,1709631341.8663037
1777,1709631341.9691682,1709631341.96928
1778,1709631342.0713067,1709631342.0714023
1779,1709631342.1770418,1709631342.1771648
1780,1709631342.2690063,1709631342.269119
1781,1709631342.3622937,1709631342.362391
1782,1709631342.4588454,1709631342.4589517
1783,1709631342.5628486,1709631342.5629494
1784,1709631342.6764123,1709631342.6765275
1785,1709631342.7648227,1709631342.764991
1786,1709631342.8640304,1709631342.864131
1787,1709631342.9680266,1709631342.968126
1788,1709631343.0787096,1709631343.0789235
1789,1709631343.162083,1709631343.1621926
1790,1709631343.266591,1709631343.2666767
1791,1709631343.359732,1709631343.3598304
1792,1709631343.4716241,1709631343.4718134
1793,1709631343.556742,1709631343.5568168
1794,1709631343.6595466,1709631343.6596472
1795,1709631343.7630465,1709631343.763174
1796,1709631343.8688285,1709631343.868931
1797,1709631343.9660938,1709631343.9662147
1798,1709631344.0689385,1709631344.0690334
1799,1709631344.1595256,1709631344.159637
1800,1709631344.2613494,1709631344.2614892
1801,1709631344.3646483,1709631344.3647265
1802,1709631344.4681628,1709631344.4682915
1803,1709631344.561144,1709631344.5612428
1804,1709631344.6615214,1709631344.661681
1805,1709631344.7705245,1709631344.7705996
1806,1709631344.8615746,1709631344.861673
1807,1709631344.9628124,1709631344.962914
1808,1709631345.0717044,1709631345.071829
1809,1709631345.1620116,1709631345.1621351
1810,1709631345.273278,1709631345.2733583
1811,1709631345.3637693,1709631345.3638728
1812,1709631345.463708,1709631345.463827
1813,1709631345.5631826,1709631345.5632863
1814,1709631345.6640031,1709631345.6641095
1815,1709631345.7678134,1709631345.767911
1816,1709631345.870123,1709631345.87026
1817,1709631345.9698496,1709631345.9699502
1818,1709631346.0670679,1709631346.0671706
1819,1709631346.1625957,1709631346.1626844
1820,1709631346.2767096,1709631346.2768285
1821,1709631346.3683407,1709631346.368439
1822,1709631346.4676228,1709631346.4677165
1823,1709631346.557058,1709631346.5571485
1824,1709631346.6655664,1709631346.665663
1825,1709631346.7638838,1709631346.7639778
1826,1709631346.8687031,1709631346.8688033
1827,1709631346.9591904,1709631346.9592986
1828,1709631347.057797,1709631347.0578551
1829,1709631347.1677594,1709631347.1678233
1830,1709631347.2639692,1709631347.264029
1831,1709631347.360051,1709631347.3601127
1832,1709631347.4621632,1709631347.462225
1833,1709631347.562625,1709631347.5626812
1834,1709631347.6719413,1709631347.6720407
1835,1709631347.7763195,1709631347.776505
1836,1709631347.8635972,1709631347.8636703
1837,1709631347.9670985,1709631347.9671595
1838,1709631348.0625424,1709631348.0626447
1839,1709631348.1705632,1709631348.170663
1840,1709631348.2726638,1709631348.2727227
1841,1709631348.3673074,1709631348.3673751
1842,1709631348.477922,1709631348.4780152
1843,1709631348.571411,1709631348.571499
1844,1709631348.661802,1709631348.6618483
1845,1709631348.7643895,1709631348.7644455
1846,1709631348.8652577,1709631348.8653421
1847,1709631348.9667504,1709631348.966813
1848,1709631349.058987,1709631349.0590699
1849,1709631349.1686742,1709631349.1687388
1850,1709631349.257721,1709631349.2577684
1851,1709631349.3624127,1709631349.3624628
1852,1709631349.4633377,1709631349.4635048
1853,1709631349.5707214,1709631349.5707986
1854,1709631349.6722512,1709631349.672315
1855,1709631349.7733798,1709631349.773458
1856,1709631349.868827,1709631349.8689115
1857,1709631349.966623,1709631349.9666727
1858,1709631350.0570679,1709631350.0571203
1859,1709631350.1626964,1709631350.162748
1860,1709631350.263454,1709631350.2635
1861,1709631350.3669555,1709631350.3670115
1862,1709631350.4675555,1709631350.4675992
1863,1709631350.5681193,1709631350.5682037
1864,1709631350.6714199,1709631350.671469
1865,1709631350.75882,1709631350.75889
1866,1709631350.8753834,1709631350.8754385
1867,1709631350.9672356,1709631350.9672883
1868,1709631351.073584,1709631351.0736425
1869,1709631351.160252,1709631351.1602993
1870,1709631351.2622309,1709631351.2623234
1871,1709631351.3725185,1709631351.3726327
1872,1709631351.4630396,1709631351.4631212
1873,1709631351.5666528,1709631351.5667467
1874,1709631351.6604953,1709631351.6605787
1875,1709631351.7668111,1709631351.766898
1876,1709631351.869229,1709631351.8693447
1877,1709631351.9574463,1709631351.9575396
1878,1709631352.071519,1709631352.0716197
1879,1709631352.1589227,1709631352.1590228
1880,1709631352.2821414,1709631352.2822742
1881,1709631352.3605134,1709631352.360671
1882,1709631352.4599292,1709631352.4600098
1883,1709631352.558451,1709631352.5585268
1884,1709631352.658992,1709631352.6590424
1885,1709631352.7652175,1709631352.7652671
1886,1709631352.874275,1709631352.8743627
1887,1709631352.9714887,1709631352.971549
1888,1709631353.064203,1709631353.0642638
1889,1709631353.1661656,1709631353.1664956
1890,1709631353.2614932,1709631353.261591
1891,1709631353.3617337,1709631353.3617826
1892,1709631353.4560175,1709631353.4560688
1893,1709631353.5734646,1709631353.5735254
1894,1709631353.6648479,1709631353.6649053
1895,1709631353.7623467,1709631353.762402
1896,1709631353.8627594,1709631353.8628592
1897,1709631353.960816,1709631353.9608943
1898,1709631354.0603974,1709631354.0604386
1899,1709631354.1697598,1709631354.1697934
1900,1709631354.2617457,1709631354.2617838
1901,1709631354.373278,1709631354.373324
1902,1709631354.4679732,1709631354.468014
1903,1709631354.5682325,1709631354.568302
1904,1709631354.6679635,1709631354.6680439
1905,1709631354.7686327,1709631354.7686965
1906,1709631354.863234,1709631354.8633304
1907,1709631354.9633303,1709631354.963397
1908,1709631355.0601442,1709631355.0602012
1909,1709631355.1610413,1709631355.1610987
1910,1709631355.2624085,1709631355.262468
1911,1709631355.3762226,1709631355.376276
1912,1709631355.4603672,1709631355.4604266
1913,1709631355.571601,1709631355.5716598
1914,1709631355.6583686,1709631355.658464
1915,1709631355.762378,1709631355.7624364
1916,1709631355.8764677,1709631355.8765218
1917,1709631355.967495,1709631355.96757
1918,1709631356.0678911,1709631356.0679617
1919,1709631356.1660607,1709631356.166157
1920,1709631356.2625537,1709631356.2626202
1921,1709631356.3740687,1709631356.3741286
1922,1709631356.46016,1709631356.4602096
1923,1709631356.5567288,1709631356.55678
1924,1709631356.66659,1709631356.6666856
1925,1709631356.7649298,1709631356.7649915
1926,1709631356.8767343,1709631356.8768044
1927,1709631356.9694326,1709631356.9694855
1928,1709631357.0647435,1709631357.0648012
1929,1709631357.1704054,1709631357.1704543
1930,1709631357.2646713,1709631357.2647178
1931,1709631357.3620574,1709631357.3624973
1932,1709631357.458213,1709631357.4582658
1933,1709631357.5577116,1709631357.5577936
1934,1709631357.665022,1709631357.6650984
1935,1709631357.7599232,1709631357.760013
1936,1709631357.8589845,1709631357.8590746
1937,1709631357.9614232,1709631357.961727
1938,1709631358.0600016,1709631358.0600889
1939,1709631358.1647344,1709631358.1648622
1940,1709631358.2625258,1709631358.2626195
1941,1709631358.3600159,1709631358.360067
1942,1709631358.4581223,1709631358.4581795
1943,1709631358.571291,1709631358.5713382
1944,1709631358.6654453,1709631358.6655362
1945,1709631358.7643569,1709631358.76441
1946,1709631358.8593504,1709631358.8594325
1947,1709631358.9749484,1709631358.975021
1948,1709631359.058041,1709631359.0580852
1949,1709631359.1695998,1709631359.1696577
1950,1709631359.2629395,1709631359.2629929
1951,1709631359.3580027,1709631359.3580506
1952,1709631359.4718225,1709631359.471878
1953,1709631359.5574956,1709631359.5575864
1954,1709631359.6593266,1709631359.6593735
1955,1709631359.7613058,1709631359.761377
1956,1709631359.8586214,1709631359.8587108
1957,1709631359.9612913,1709631359.9613404
1958,1709631360.0641308,1709631360.064188
1959,1709631360.1578348,1709631360.157883
1960,1709631360.262561,1709631360.2626438
1961,1709631360.376795,1709631360.3768673
1962,1709631360.4578125,1709631360.4578617
1963,1709631360.5615904,1709631360.5616527
1964,1709631360.6633747,1709631360.663434
1965,1709631360.7773807,1709631360.7774658
1966,1709631360.8739362,1709631360.8739936
1967,1709631360.9597402,1709631360.9598494
1968,1709631361.0595846,1709631361.0596762
1969,1709631361.1615784,1709631361.1616354
1970,1709631361.2627485,1709631361.2628016
1971,1709631361.3702703,1709631361.370329
1972,1709631361.4641955,1709631361.4642603
1973,1709631361.5678027,1709631361.5678568
1974,1709631361.6644769,1709631361.6645434
1975,1709631361.7606566,1709631361.7607749
1976,1709631361.863643,1709631361.8637195
1977,1709631361.9653924,1709631361.965452
1978,1709631362.0651412,1709631362.0652213
1979,1709631362.1717377,1709631362.1718216
1980,1709631362.2643204,1709631362.2643764
1981,1709631362.3653164,1709631362.3654075
1982,1709631362.4662833,1709631362.46633
1983,1709631362.5674825,1709631362.5675492
1984,1709631362.6601443,1709631362.6603005
1985,1709631362.7683485,1709631362.7684364
1986,1709631362.874057,1709631362.8743556
1987,1709631362.9642022,1709631362.9642563
1988,1709631363.0687408,1709631363.0687969
1989,1709631363.1766365,1709631363.1766822
1990,1709631363.2645366,1709631363.2646098
1991,1709631363.3723156,1709631363.372369
1992,1709631363.4726768,1709631363.4729948
1993,1709631363.5581646,1709631363.5582607
1994,1709631363.6633756,1709631363.6634722
1995,1709631363.7603402,1709631363.7604759
1996,1709631363.8734033,1709631363.8734918
1997,1709631363.961664,1709631363.9617524
1998,1709631364.0589447,1709631364.0590417
1999,1709631364.1697767,1709631364.1698751
2000,1709631364.2659945,1709631364.2661057
2001,1709631364.3633873,1709631364.3634472
2002,1709631364.4621203,1709631364.4621782
2003,1709631364.564065,1709631364.5641215
2004,1709631364.6595497,1709631364.659592
2005,1709631364.7670898,1709631364.767178
2006,1709631364.8656967,1709631364.865767
2007,1709631364.9651856,1709631364.965239
2008,1709631365.0649817,1709631365.0650754
2009,1709631365.1607952,1709631365.160883
2010,1709631365.2757897,1709631365.2758522
2011,1709631365.3634727,1709631365.363549
2012,1709631365.4615629,1709631365.4616451
2013,1709631365.5608563,1709631365.5609124
2014,1709631365.6628988,1709631365.6629798
2015,1709631365.7969108,1709631365.79701
2016,1709631365.8735967,1709631365.8736546
2017,1709631365.963907,1709631365.9640794
2018,1709631366.064118,1709631366.064196
2019,1709631366.1692924,1709631366.1693654
2020,1709631366.2771897,1709631366.2772436
2021,1709631366.3750741,1709631366.3751173
2022,1709631366.4675388,1709631366.4676292
2023,1709631366.5603664,1709631366.5605092
2024,1709631366.6623778,1709631366.6624703
2025,1709631366.7583728,1709631366.7584395
2026,1709631366.861498,1709631366.8615487
2027,1709631366.9593208,1709631366.9594152
2028,1709631367.0648823,1709631367.0649457
2029,1709631367.1654341,1709631367.1654925
2030,1709631367.2568693,1709631367.2569113
2031,1709631367.3569155,1709631367.3569722
2032,1709631367.4598448,1709631367.4598918
2033,1709631367.5703726,1709631367.5704758
2034,1709631367.666782,1709631367.6668394
2035,1709631367.762405,1709631367.762457
2036,1709631367.868098,1709631367.8681738
2037,1709631367.9575963,1709631367.957662
2038,1709631368.0599742,1709631368.06008
2039,1709631368.177796,1709631368.1778517
2040,1709631368.25956,1709631368.2596076
2041,1709631368.3731947,1709631368.3732426
2042,1709631368.4658551,1709631368.4659286
2043,1709631368.5655456,1709631368.565646
2044,1709631368.6608806,1709631368.660991
2045,1709631368.766975,1709631368.7670786
2046,1709631368.8661685,1709631368.8662739
2047,1709631368.9609413,1709631368.9610336
2048,1709631369.0737247,1709631369.0737884
2049,1709631369.1692605,1709631369.169314
2050,1709631369.259487,1709631369.2595983
2051,1709631369.3636467,1709631369.3637507
2052,1709631369.464495,1709631369.464547
2053,1709631369.5662365,1709631369.566294
2054,1709631369.6648505,1709631369.6649082
2055,1709631369.7688532,1709631369.7689064
2056,1709631369.8704555,1709631369.8705113
2057,1709631369.977184,1709631369.9772358
2058,1709631370.0569513,1709631370.0570028
2059,1709631370.1642249,1709631370.1643054
2060,1709631370.2719927,1709631370.2720416
2061,1709631370.3651931,1709631370.365266
2062,1709631370.467518,1709631370.467633
2063,1709631370.5627701,1709631370.5628276
2064,1709631370.6675975,1709631370.667693
2065,1709631370.7724605,1709631370.7725058
2066,1709631370.866963,1709631370.867016
2067,1709631370.9585886,1709631370.958659
2068,1709631371.0639145,1709631371.063968
2069,1709631371.1621745,1709631371.1622262
2070,1709631371.261139,1709631371.2611895
2071,1709631371.37254,1709631371.3726006
2072,1709631371.4617646,1709631371.4618158
2073,1709631371.562318,1709631371.5623693
2074,1709631371.6626556,1709631371.6627295
2075,1709631371.7716112,1709631371.7716677
2076,1709631371.8595057,1709631371.8595824
2077,1709631371.9596293,1709631371.959757
2078,1709631372.0619795,1709631372.0620384
2079,1709631372.162945,1709631372.1629953
2080,1709631372.2714772,1709631372.271526
2081,1709631372.3637488,1709631372.3638308
2082,1709631372.4577515,1709631372.4578393
2083,1709631372.569747,1709631372.5698366
2084,1709631372.6684525,1709631372.6685085
2085,1709631372.7742429,1709631372.7742934
2086,1709631372.8566945,1709631372.8567457
2087,1709631372.9728432,1709631372.9729276
2088,1709631373.0591183,1709631373.0592008
2089,1709631373.159349,1709631373.1594038
2090,1709631373.2661068,1709631373.266168
2091,1709631373.3829982,1709631373.3830953
2092,1709631373.4727225,1709631373.4728074
2093,1709631373.5605638,1709631373.5606167
2094,1709631373.6592093,1709631373.6592677
2095,1709631373.7688982,1709631373.7689927
2096,1709631373.861579,1709631373.8616407
2097,1709631373.9617934,1709631373.961849
2098,1709631374.0689352,1709631374.0689902
2099,1709631374.159463,1709631374.1595147
2100,1709631374.256206,1709631374.2562606
2101,1709631374.3604128,1709631374.360458
2102,1709631374.458127,1709631374.4581778
2103,1709631374.5606875,1709631374.560776
2104,1709631374.661002,1709631374.6610568
2105,1709631374.765065,1709631374.7651148
2106,1709631374.8631482,1709631374.863223
2107,1709631374.9566479,1709631374.9566946
2108,1709631375.0635247,1709631375.063625
2109,1709631375.159544,1709631375.1596324
2110,1709631375.2643583,1709631375.264404
2111,1709631375.3605027,1709631375.3605583
2112,1709631375.4700954,1709631375.470161
2113,1709631375.5624373,1709631375.5624826
2114,1709631375.6591856,1709631375.6592758
2115,1709631375.7618625,1709631375.7619324
2116,1709631375.861217,1709631375.8613076
2117,1709631375.96745,1709631375.9675033
2118,1709631376.0587897,1709631376.0588741
2119,1709631376.1607885,1709631376.1608872
2120,1709631376.264192,1709631376.264246
2121,1709631376.367963,1709631376.368054
2122,1709631376.4588842,1709631376.4590037
2123,1709631376.5647275,1709631376.564772
2124,1709631376.658071,1709631376.6581445
2125,1709631376.763314,1709631376.7633739
2126,1709631376.8700242,1709631376.870079
2127,1709631376.964174,1709631376.9642541
2128,1709631377.0665803,1709631377.0666413
2129,1709631377.1645782,1709631377.1646323
2130,1709631377.2632482,1709631377.2633383
2131,1709631377.3641615,1709631377.3642204
2132,1709631377.467715,1709631377.4678059
2133,1709631377.5666416,1709631377.5666978
2134,1709631377.6565547,1709631377.6565993
2135,1709631377.7599857,1709631377.7600539
2136,1709631377.8703454,1709631377.8704212
2137,1709631377.957258,1709631377.957323
2138,1709631378.0654004,1709631378.0654414
2139,1709631378.1574872,1709631378.15754
2140,1709631378.2601147,1709631378.2601967
2141,1709631378.3685117,1709631378.3685703
2142,1709631378.4696198,1709631378.469667
2143,1709631378.563342,1709631378.5633903
2144,1709631378.6581168,1709631378.6581738
2145,1709631378.7618508,1709631378.7619054
2146,1709631378.870232,1709631378.870271
2147,1709631378.9612217,1709631378.9612863
2148,1709631379.062231,1709631379.0622916
2149,1709631379.1717138,1709631379.1717634
2150,1709631379.2706242,1709631379.2706723
2151,1709631379.3694909,1709631379.3695765
2152,1709631379.456738,1709631379.4568212
2153,1709631379.5708015,1709631379.5708501
2154,1709631379.6717143,1709631379.6717658
2155,1709631379.7626455,1709631379.7627401
2156,1709631379.8653917,1709631379.8654816
2157,1709631379.9563422,1709631379.9564178
2158,1709631380.0626829,1709631380.0627778
2159,1709631380.179122,1709631380.1792152
2160,1709631380.2630317,1709631380.263125
2161,1709631380.3605201,1709631380.360607
2162,1709631380.459804,1709631380.4598875
2163,1709631380.5685973,1709631380.5686862
2164,1709631380.6631076,1709631380.6631954
2165,1709631380.7676158,1709631380.7676919
2166,1709631380.8656075,1709631380.8656886
2167,1709631380.9677956,1709631380.9678998
2168,1709631381.0598507,1709631381.0599875
2169,1709631381.174919,1709631381.1750598
2170,1709631381.2568128,1709631381.2569056
2171,1709631381.3680675,1709631381.368171
2172,1709631381.470645,1709631381.4707596
2173,1709631381.5775118,1709631381.5776079
2174,1709631381.6629114,1709631381.6630611
2175,1709631381.7685487,1709631381.7686203
2176,1709631381.860091,1709631381.8601685
2177,1709631381.9603884,1709631381.9604542
2178,1709631382.0646791,1709631382.064737
2179,1709631382.169771,1709631382.1698773
2180,1709631382.2631974,1709631382.2632513
2181,1709631382.3594248,1709631382.3594747
2182,1709631382.4573247,1709631382.4573765
2183,1709631382.571652,1709631382.5717335
2184,1709631382.6663063,1709631382.666403
2185,1709631382.7624013,1709631382.7625065
2186,1709631382.8716495,1709631382.8717353
2187,1709631382.962527,1709631382.9628186
2188,1709631383.0677443,1709631383.0678341
2189,1709631383.1732101,1709631383.1733172
2190,1709631383.2669232,1709631383.2670257
2191,1709631383.3579807,1709631383.358059
2192,1709631383.4693005,1709631383.469396
2193,1709631383.563465,1709631383.5636666
2194,1709631383.661276,1709631383.6613517
2195,1709631383.7727892,1709631383.7728837
2196,1709631383.8681743,1709631383.8682702
2197,1709631383.9587543,1709631383.9588528
2198,1709631384.0688717,1709631384.0689762
2199,1709631384.1593766,1709631384.1594522
2200,1709631384.2702699,1709631384.2703755
2201,1709631384.371582,1709631384.3716824
2202,1709631384.466549,1709631384.4674404
2203,1709631384.565329,1709631384.5654202
2204,1709631384.6650019,1709631384.665099
2205,1709631384.7631803,1709631384.7633328
2206,1709631384.8620257,1709631384.8621926
2207,1709631384.9646566,1709631384.9647496
2208,1709631385.0613198,1709631385.061398
2209,1709631385.165998,1709631385.1660986
2210,1709631385.2617996,1709631385.2618928
2211,1709631385.3599825,1709631385.360076
2212,1709631385.463437,1709631385.4635131
2213,1709631385.563644,1709631385.563766
2214,1709631385.6742911,1709631385.674382
2215,1709631385.7681837,1709631385.7682686
2216,1709631385.86944,1709631385.8695507
2217,1709631385.9605145,1709631385.9606118
2218,1709631386.066675,1709631386.0667791
2219,1709631386.1662087,1709631386.1663096
2220,1709631386.259713,1709631386.259763
2221,1709631386.36202,1709631386.3620815
2222,1709631386.4635036,1709631386.4635575
2223,1709631386.5659878,1709631386.5660775
2224,1709631386.6584382,1709631386.6585333
2225,1709631386.7716887,1709631386.7717617
2226,1709631386.8619447,1709631386.8620062
2227,1709631386.960287,1709631386.9603434
2228,1709631387.0636241,1709631387.063686
2229,1709631387.1570394,1709631387.1570969
2230,1709631387.2590606,1709631387.2591488
2231,1709631387.361291,1709631387.3613455
2232,1709631387.4574354,1709631387.4575396
2233,1709631387.5619824,1709631387.562074
2234,1709631387.676725,1709631387.6769078
2235,1709631387.773662,1709631387.7739084
2236,1709631387.8642385,1709631387.864339
2237,1709631387.9647427,1709631387.9648077
2238,1709631388.05919,1709631388.059248
2239,1709631388.1628203,1709631388.1629164
2240,1709631388.2629795,1709631388.26307
2241,1709631388.3616636,1709631388.3617609
2242,1709631388.4566774,1709631388.4567332
2243,1709631388.5665112,1709631388.566589
2244,1709631388.6662786,1709631388.6663227
2245,1709631388.761249,1709631388.7613115
2246,1709631388.862425,1709631388.862484
2247,1709631388.969667,1709631388.9698005
2248,1709631389.0686853,1709631389.0687451
2249,1709631389.162443,1709631389.1626012
2250,1709631389.259868,1709631389.2599227
2251,1709631389.372245,1709631389.3724315
2252,1709631389.4683056,1709631389.468381
2253,1709631389.568518,1709631389.5686076
2254,1709631389.6558585,1709631389.6559055
2255,1709631389.765357,1709631389.765418
2256,1709631389.8668468,1709631389.8669107
2257,1709631389.9611726,1709631389.961248
2258,1709631390.0611408,1709631390.0612297
2259,1709631390.158283,1709631390.158353
2260,1709631390.2636983,1709631390.2638261
2261,1709631390.3761265,1709631390.3762064
2262,1709631390.4746046,1709631390.4746614
2263,1709631390.5599728,1709631390.5600572
2264,1709631390.6621165,1709631390.6621726
2265,1709631390.7621942,1709631390.7622411
2266,1709631390.8742487,1709631390.8743188
2267,1709631390.9658234,1709631390.9659333
2268,1709631391.0631175,1709631391.0631776
2269,1709631391.1743658,1709631391.174419
2270,1709631391.269805,1709631391.2698464
2271,1709631391.357345,1709631391.357448
2272,1709631391.4592018,1709631391.459296
2273,1709631391.5623808,1709631391.5624537
2274,1709631391.6722944,1709631391.672349
2275,1709631391.7646053,1709631391.7646742
2276,1709631391.863244,1709631391.863428
2277,1709631391.9582438,1709631391.9583113
2278,1709631392.064709,1709631392.0647893
2279,1709631392.162043,1709631392.162101
2280,1709631392.2716265,1709631392.2716837
2281,1709631392.3581314,1709631392.3582356
2282,1709631392.4637978,1709631392.4638703
2283,1709631392.5719,1709631392.5719554
2284,1709631392.6694732,1709631392.6695344
2285,1709631392.7695262,1709631392.7695825
2286,1709631392.8615532,1709631392.8615615
2287,1709631392.959404,1709631392.9594095
2288,1709631393.0734713,1709631393.0734804
2289,1709631393.1625886,1709631393.1625965
2290,1709631393.259329,1709631393.259339
2291,1709631393.3585763,1709631393.3585818
2292,1709631393.472537,1709631393.4725442
2293,1709631393.564954,1709631393.564963
2294,1709631393.6697452,1709631393.6697528
2295,1709631393.774526,1709631393.7745337
2296,1709631393.866668,1709631393.8666763
2297,1709631393.9650548,1709631393.965061
2298,1709631394.0625033,1709631394.0625122
2299,1709631394.1603713,1709631394.16038
2300,1709631394.2631168,1709631394.263124
2301,1709631394.3619761,1709631394.3619845
2302,1709631394.467298,1709631394.4673073
2303,1709631394.5699759,1709631394.569984
2304,1709631394.6608348,1709631394.6608422
2305,1709631394.770064,1709631394.7700698
2306,1709631394.8574321,1709631394.8610697
2307,1709631394.963236,1709631394.967336
2308,1709631395.0611649,1709631395.06456
2309,1709631395.1711962,1709631395.1741326
2310,1709631395.2628992,1709631395.2661946
2311,1709631395.3626494,1709631395.3650842
2312,1709631395.4662619,1709631395.4704244
2313,1709631395.5585282,1709631395.563478
2314,1709631395.6612175,1709631395.6648517
2315,1709631395.7605305,1709631395.7637188
2316,1709631395.860733,1709631395.8640943
2317,1709631395.960494,1709631395.9639785
2318,1709631396.0617123,1709631396.0651846
2319,1709631396.1627479,1709631396.1663146
2320,1709631396.2640011,1709631396.2675261
2321,1709631396.3659003,1709631396.3694298
2322,1709631396.4605122,1709631396.4630723
2323,1709631396.5648186,1709631396.5682056
2324,1709631396.6655216,1709631396.669004
2325,1709631396.7583206,1709631396.7616878
2326,1709631396.8572938,1709631396.8605008
2327,1709631396.9700263,1709631396.9728289
2328,1709631397.0614092,1709631397.0641487
2329,1709631397.167825,1709631397.171453
2330,1709631397.2689354,1709631397.273498
2331,1709631397.3608549,1709631397.3641
2332,1709631397.4585104,1709631397.4621718
2333,1709631397.560232,1709631397.5636168
2334,1709631397.6655362,1709631397.668621
2335,1709631397.7689638,1709631397.7709696
2336,1709631397.860577,1709631397.8681893
2337,1709631397.9569316,1709631397.9636745
2338,1709631398.067981,1709631398.0722122
2339,1709631398.1672988,1709631398.1733809
2340,1709631398.281632,1709631398.2857902
2341,1709631398.3620064,1709631398.3654711
2342,1709631398.4640837,1709631398.4706805
2343,1709631398.559114,1709631398.5629475
2344,1709631398.6588058,1709631398.6620438
2345,1709631398.759677,1709631398.763424
2346,1709631398.858362,1709631398.8618133
2347,1709631398.9592776,1709631398.961399
2348,1709631399.05756,1709631399.061842
2349,1709631399.1646233,1709631399.1674845
2350,1709631399.2635992,1709631399.2670937
2351,1709631399.3592362,1709631399.3617315
2352,1709631399.4624743,1709631399.466787
2353,1709631399.5579395,1709631399.5614088
2354,1709631399.6645224,1709631399.6678917
2355,1709631399.7615473,1709631399.7654035
2356,1709631399.8630004,1709631399.866307
2357,1709631399.96753,1709631399.972155
2358,1709631400.0600483,1709631400.0636537
2359,1709631400.1559792,1709631400.1594298
2360,1709631400.2610114,1709631400.2645798
2361,1709631400.363543,1709631400.3667984
2362,1709631400.4635396,1709631400.4676054
2363,1709631400.5628688,1709631400.5663579
2364,1709631400.665581,1709631400.6689775
2365,1709631400.7616053,1709631400.7647061
2366,1709631400.8657992,1709631400.8690822
2367,1709631400.9600616,1709631400.9634368
2368,1709631401.059613,1709631401.063374
2369,1709631401.160335,1709631401.1637063
2370,1709631401.25814,1709631401.261608
2371,1709631401.3560421,1709631401.3593166
2372,1709631401.4639413,1709631401.466866
2373,1709631401.5616426,1709631401.5666356
2374,1709631401.6604686,1709631401.663888
2375,1709631401.7601974,1709631401.763773
2376,1709631401.8620884,1709631401.8645518
2377,1709631401.967793,1709631401.9713275
2378,1709631402.0584989,1709631402.0616379
2379,1709631402.1607208,1709631402.1634593
2380,1709631402.265079,1709631402.2697349
2381,1709631402.3652842,1709631402.368839
2382,1709631402.4679446,1709631402.4734154
2383,1709631402.5590138,1709631402.5613072
2384,1709631402.660228,1709631402.6638205
2385,1709631402.760008,1709631402.7632155
2386,1709631402.878465,1709631402.8818102
2387,1709631402.96684,1709631402.971096
2388,1709631403.070615,1709631403.0740674
2389,1709631403.158368,1709631403.161726
2390,1709631403.261637,1709631403.2637837
2391,1709631403.3662586,1709631403.370671
2392,1709631403.4625878,1709631403.4660375
2393,1709631403.5654473,1709631403.5707688
2394,1709631403.6601994,1709631403.6638277
2395,1709631403.7578123,1709631403.7612598
2396,1709631403.8585339,1709631403.8607419
2397,1709631403.961043,1709631403.9651415
2398,1709631404.0580878,1709631404.061517
2399,1709631404.1704504,1709631404.174089
2400,1709631404.270777,1709631404.274767
2401,1709631404.3697789,1709631404.374203
2402,1709631404.4586663,1709631404.4621942
2403,1709631404.5604918,1709631404.566075
2404,1709631404.661813,1709631404.6643438
2405,1709631404.7697647,1709631404.7735424
2406,1709631404.8567939,1709631404.85987
2407,1709631404.969174,1709631404.9726715
2408,1709631405.0742643,1709631405.0774128
2409,1709631405.1630518,1709631405.1676795
2410,1709631405.2684946,1709631405.2715912
2411,1709631405.3592348,1709631405.3626337
2412,1709631405.4601207,1709631405.4637294
2413,1709631405.5638666,1709631405.5676887
2414,1709631405.6672165,1709631405.6709461
2415,1709631405.7690153,1709631405.771624
2416,1709631405.870763,1709631405.8741007
2417,1709631405.9685237,1709631405.9719296
2418,1709631406.057943,1709631406.06159
2419,1709631406.1691792,1709631406.1725807
2420,1709631406.2579908,1709631406.2630627
2421,1709631406.361048,1709631406.3644629
2422,1709631406.4637187,1709631406.4674914
2423,1709631406.5591125,1709631406.5620036
2424,1709631406.6629727,1709631406.6667879
2425,1709631406.7595549,1709631406.7629168
2426,1709631406.8596501,1709631406.8621008
2427,1709631406.9641178,1709631406.9675648
2428,1709631407.0748668,1709631407.0786176
2429,1709631407.15762,1709631407.160452
2430,1709631407.2699752,1709631407.2733457
2431,1709631407.3604546,1709631407.3654222
2432,1709631407.4676642,1709631407.4712095
2433,1709631407.575503,1709631407.57894
2434,1709631407.6618052,1709631407.6647806
2435,1709631407.7600763,1709631407.7623782
2436,1709631407.8618524,1709631407.8652031
2437,1709631407.9577587,1709631407.96173
2438,1709631408.062928,1709631408.067735
2439,1709631408.1606946,1709631408.1644096
2440,1709631408.259872,1709631408.2631826
2441,1709631408.369327,1709631408.3727746
2442,1709631408.4649467,1709631408.4683511
2443,1709631408.5654025,1709631408.5687704
2444,1709631408.6602254,1709631408.663416
2445,1709631408.76887,1709631408.772528
2446,1709631408.8648293,1709631408.8679004
2447,1709631408.9620943,1709631408.965884
2448,1709631409.0600815,1709631409.0635757
2449,1709631409.161248,1709631409.164104
2450,1709631409.2660763,1709631409.2693422
2451,1709631409.3648164,1709631409.3685555
2452,1709631409.465206,1709631409.468583
2453,1709631409.5603771,1709631409.5642555
2454,1709631409.6623168,1709631409.6659155
2455,1709631409.762153,1709631409.765743
2456,1709631409.88158,1709631409.8847558
2457,1709631409.960513,1709631409.9662209
2458,1709631410.0636652,1709631410.0666292
2459,1709631410.1563866,1709631410.1595807
2460,1709631410.2624905,1709631410.2658658
2461,1709631410.361029,1709631410.3655422
2462,1709631410.4643874,1709631410.4680028
2463,1709631410.5628183,1709631410.566106
2464,1709631410.6656032,1709631410.6695096
2465,1709631410.7656736,1709631410.7704315
2466,1709631410.8599603,1709631410.8631272
2467,1709631410.965856,1709631410.969735
2468,1709631411.0624835,1709631411.0661683
2469,1709631411.1591678,1709631411.1626644
2470,1709631411.2704513,1709631411.2724676
2471,1709631411.35916,1709631411.361856
2472,1709631411.4588275,1709631411.4635382
2473,1709631411.5622466,1709631411.5657427
2474,1709631411.6615188,1709631411.6650217
2475,1709631411.7641644,1709631411.7675798
2476,1709631411.8679028,1709631411.87016
2477,1709631411.9636462,1709631411.9673266
2478,1709631412.0631762,1709631412.0667715
2479,1709631412.170721,1709631412.1741438
2480,1709631412.2617753,1709631412.265762
2481,1709631412.3575244,1709631412.3613183
2482,1709631412.4594278,1709631412.4617321
2483,1709631412.5625572,1709631412.565435
2484,1709631412.668492,1709631412.6712182
2485,1709631412.7686348,1709631412.7716887
2486,1709631412.8686743,1709631412.8721232
2487,1709631412.9625883,1709631412.9662266
2488,1709631413.0674133,1709631413.0711405
2489,1709631413.1601517,1709631413.1640205
2490,1709631413.2635155,1709631413.266907
2491,1709631413.3639386,1709631413.3675013
2492,1709631413.4626265,1709631413.4661815
2493,1709631413.5706508,1709631413.5749118
2494,1709631413.6617334,1709631413.6659858
2495,1709631413.7631743,1709631413.7669485
2496,1709631413.8640552,1709631413.8676283
2497,1709631413.9649293,1709631413.9688642
2498,1709631414.070156,1709631414.0735197
2499,1709631414.1611228,1709631414.1635876
2500,1709631414.2599459,1709631414.2626126
2501,1709631414.3670247,1709631414.3701777
2502,1709631414.4586062,1709631414.4608293
2503,1709631414.5664804,1709631414.5697508
2504,1709631414.6683023,1709631414.6716561
2505,1709631414.7715778,1709631414.776829
2506,1709631414.859805,1709631414.8621404
2507,1709631414.962528,1709631414.9658477
2508,1709631415.067119,1709631415.0705469
2509,1709631415.1642241,1709631415.1663153
2510,1709631415.2674274,1709631415.2707
2511,1709631415.368811,1709631415.3725243
2512,1709631415.4660618,1709631415.4702058
2513,1709631415.5654922,1709631415.568969
2514,1709631415.663397,1709631415.6666958
2515,1709631415.7588928,1709631415.76175
2516,1709631415.868907,1709631415.8725593
2517,1709631415.9684181,1709631415.9719725
2518,1709631416.064216,1709631416.0668411
2519,1709631416.1653159,1709631416.168872
2520,1709631416.270402,1709631416.2745395
2521,1709631416.3593931,1709631416.3628247
2522,1709631416.4631832,1709631416.4664562
2523,1709631416.5602684,1709631416.5641458
2524,1709631416.6730118,1709631416.6767445
2525,1709631416.7598102,1709631416.7635915
2526,1709631416.8645647,1709631416.8683908
2527,1709631416.964417,1709631416.966689
2528,1709631417.0654666,1709631417.0680802
2529,1709631417.162465,1709631417.1658626
2530,1709631417.262293,1709631417.265699
2531,1709631417.3653538,1709631417.36865
2532,1709631417.4609706,1709631417.4644344
2533,1709631417.5694602,1709631417.573355
2534,1709631417.6679194,1709631417.6715636
2535,1709631417.761625,1709631417.7651656
2536,1709631417.8658543,1709631417.8658605
2537,1709631417.968366,1709631417.9683738
2538,1709631418.068442,1709631418.068449
2539,1709631418.1624641,1709631418.1624727
2540,1709631418.257947,1709631418.2579517
2541,1709631418.3640928,1709631418.3640993
2542,1709631418.4589312,1709631418.458946
2543,1709631418.561958,1709631418.5619652
2544,1709631418.660938,1709631418.6609445
2545,1709631418.7662446,1709631418.7662516
2546,1709631418.8625786,1709631418.8625848
2547,1709631418.9599786,1709631418.9599843
2548,1709631419.0664318,1709631419.0664775
2549,1709631419.1659946,1709631419.1660016
2550,1709631419.2766154,1709631419.2766216
2551,1709631419.3613133,1709631419.361319
2552,1709631419.4577057,1709631419.4577122
2553,1709631419.5635815,1709631419.563589
2554,1709631419.660161,1709631419.6601818
2555,1709631419.7655268,1709631419.765534
2556,1709631419.8718286,1709631419.8718352
2557,1709631419.958175,1709631419.9581811
2558,1709631420.065608,1709631420.0656137
2559,1709631420.1785545,1709631420.1785626
2560,1709631420.2570374,1709631420.2570457
2561,1709631420.3685057,1709631420.3685138
2562,1709631420.459402,1709631420.4594085
2563,1709631420.5612788,1709631420.5612848
2564,1709631420.6575744,1709631420.6575794
2565,1709631420.7617126,1709631420.7617207
2566,1709631420.861701,1709631420.8617086
2567,1709631420.9574482,1709631420.9574556
2568,1709631421.0746343,1709631421.0746434
2569,1709631421.166228,1709631421.166234
2570,1709631421.2657943,1709631421.2658005
2571,1709631421.3579054,1709631421.3579128
2572,1709631421.4605181,1709631421.460523
2573,1709631421.5581799,1709631421.558187
2574,1709631421.6609654,1709631421.6609726
2575,1709631421.7595022,1709631421.7595096
2576,1709631421.8689957,1709631421.8690002
2577,1709631421.9764042,1709631421.9764132
2578,1709631422.0628207,1709631422.0628273
2579,1709631422.1578245,1709631422.157832
2580,1709631422.266238,1709631422.2662442
2581,1709631422.3618755,1709631422.361882
2582,1709631422.4644856,1709631422.4644938
2583,1709631422.561915,1709631422.5619218
2584,1709631422.6611257,1709631422.661132
2585,1709631422.76797,1709631422.7679772
2586,1709631422.8641043,1709631422.8641112
2587,1709631422.970125,1709631422.9701316
2588,1709631423.0699825,1709631423.0699892
2589,1709631423.1626852,1709631423.1626914
2590,1709631423.2650545,1709631423.2650619
2591,1709631423.3594427,1709631423.3594506
2592,1709631423.4730895,1709631423.473096
2593,1709631423.5607898,1709631423.5607965
2594,1709631423.6659555,1709631423.6659646
2595,1709631423.7726119,1709631423.7726192
2596,1709631423.862562,1709631423.8625684
2597,1709631423.9692278,1709631423.9692342
2598,1709631424.0709445,1709631424.070951
2599,1709631424.16846,1709631424.168466
2600,1709631424.2639394,1709631424.2639465
2601,1709631424.3693218,1709631424.3693314
2602,1709631424.4596243,1709631424.4596322
2603,1709631424.5636876,1709631424.5636954
2604,1709631424.6640444,1709631424.6640525
2605,1709631424.7766943,1709631424.776702
2606,1709631424.8601632,1709631424.8601701
2607,1709631424.9603786,1709631424.9603868
2608,1709631425.0633907,1709631425.0633981
2609,1709631425.162998,1709631425.1630054
2610,1709631425.2653153,1709631425.2653224
2611,1709631425.3614793,1709631425.3614864
2612,1709631425.4609249,1709631425.4609323
2613,1709631425.5594645,1709631425.5594702
2614,1709631425.6705706,1709631425.670578
2615,1709631425.772573,1709631425.77258
2616,1709631425.8582604,1709631425.8582687
2617,1709631425.9614992,1709631425.9615088
2618,1709631426.0606096,1709631426.0606165
2619,1709631426.164609,1709631426.1646178
2620,1709631426.2733421,1709631426.2733502
2621,1709631426.362487,1709631426.362494
2622,1709631426.468818,1709631426.4688249
2623,1709631426.5618913,1709631426.5618994
2624,1709631426.6686268,1709631426.6686344
2625,1709631426.7741253,1709631426.774135
2626,1709631426.8816688,1709631426.8816764
2627,1709631426.9606175,1709631426.9606256
2628,1709631427.0636935,1709631427.0637012
2629,1709631427.1655266,1709631427.1655352
2630,1709631427.2690256,1709631427.2690327
2631,1709631427.3800828,1709631427.3800888
2632,1709631427.4721935,1709631427.4722002
2633,1709631427.5619314,1709631427.5619383
2634,1709631427.662172,1709631427.662181
2635,1709631427.7663808,1709631427.766388
2636,1709631427.8659244,1709631427.8659317
2637,1709631427.9786885,1709631427.9786947
2638,1709631428.0597317,1709631428.0597403
2639,1709631428.170807,1709631428.1708138
2640,1709631428.2581685,1709631428.2581744
2641,1709631428.3607519,1709631428.3607585
2642,1709631428.4673088,1709631428.4673147
2643,1709631428.5692427,1709631428.5692494
2644,1709631428.6659865,1709631428.6659942
2645,1709631428.765276,1709631428.765283
2646,1709631428.862973,1709631428.86298
2647,1709631428.957372,1709631428.9573774
2648,1709631429.0626745,1709631429.0626814
2649,1709631429.162929,1709631429.1629355
2650,1709631429.2567837,1709631429.2567894
2651,1709631429.3625631,1709631429.3625689
2652,1709631429.4586258,1709631429.4586334
2653,1709631429.5663197,1709631429.5663266
2654,1709631429.6572936,1709631429.6573
2655,1709631429.7710514,1709631429.7710578
2656,1709631429.8618596,1709631429.861867
2657,1709631429.963975,1709631429.9639797
2658,1709631430.058523,1709631430.0585299
2659,1709631430.1677833,1709631430.1677926
2660,1709631430.2765326,1709631430.2765424
2661,1709631430.371222,1709631430.3712287
2662,1709631430.4621098,1709631430.462118
2663,1709631430.5596414,1709631430.559651
2664,1709631430.6616766,1709631430.6616852
2665,1709631430.7622175,1709631430.7622259
2666,1709631430.8614795,1709631430.8614862
2667,1709631430.9629936,1709631430.963
2668,1709631431.0658588,1709631431.0658646
2669,1709631431.1568024,1709631431.1568108
2670,1709631431.2727034,1709631431.2727115
2671,1709631431.364886,1709631431.3648934
2672,1709631431.4620483,1709631431.4620552
2673,1709631431.5711513,1709631431.5711594
2674,1709631431.658132,1709631431.6581383
2675,1709631431.7619793,1709631431.761985
2676,1709631431.8586478,1709631431.8586543
2677,1709631431.9697385,1709631431.969745
2678,1709631432.0605576,1709631432.0605645
2679,1709631432.1618462,1709631432.161852
2680,1709631432.2599957,1709631432.260001
2681,1709631432.36606,1709631432.3660657
2682,1709631432.4641466,1709631432.4641523
2683,1709631432.5616171,1709631432.5616233
2684,1709631432.6771092,1709631432.6771162
2685,1709631432.7662425,1709631432.766249
2686,1709631432.87059,1709631432.8705974
2687,1709631432.9579666,1709631432.9579732
2688,1709631433.0601337,1709631433.0601401
2689,1709631433.17294,1709631433.1729476
2690,1709631433.2580738,1709631433.2580814
2691,1709631433.3577704,1709631433.357777
2692,1709631433.4592779,1709631433.4592855
2693,1709631433.5575855,1709631433.5575902
2694,1709631433.6700003,1709631433.6700077
2695,1709631433.7621555,1709631433.7622252
2696,1709631433.8610978,1709631433.8611047
2697,1709631433.96401,1709631433.9640179
2698,1709631434.0681863,1709631434.068193
2699,1709631434.178489,1709631434.178501
2700,1709631434.263156,1709631434.2631612
2701,1709631434.3619633,1709631434.36197
2702,1709631434.4617257,1709631434.4617305
2703,1709631434.5617092,1709631434.5617144
2704,1709631434.686819,1709631434.686827
2705,1709631434.7605152,1709631434.7605228
2706,1709631434.8682458,1709631434.8682525
2707,1709631434.9663315,1709631434.966339
2708,1709631435.0691228,1709631435.0691314
2709,1709631435.1609898,1709631435.1609979
2710,1709631435.2588654,1709631435.2588725
2711,1709631435.3678548,1709631435.367863
2712,1709631435.4576995,1709631435.457708
2713,1709631435.561986,1709631435.561993
2714,1709631435.6700172,1709631435.6700244
2715,1709631435.7666574,1709631435.7666645
2716,1709631435.8564925,1709631435.8564978
2717,1709631435.9580016,1709631435.958008
2718,1709631436.0588489,1709631436.058856
2719,1709631436.1666574,1709631436.1666667
2720,1709631436.258871,1709631436.2588773
2721,1709631436.363893,1709631436.3639
2722,1709631436.4602354,1709631436.4602427
2723,1709631436.5570045,1709631436.5570104
2724,1709631436.6673236,1709631436.6673312
2725,1709631436.7632916,1709631436.7632992
2726,1709631436.8643436,1709631436.864351
2727,1709631436.9600666,1709631436.9600732
2728,1709631437.0621033,1709631437.06211
2729,1709631437.172713,1709631437.1727204
2730,1709631437.2631373,1709631437.2631454
2731,1709631437.3676355,1709631437.3676927
2732,1709631437.4601786,1709631437.4601846
2733,1709631437.5561073,1709631437.5561147
2734,1709631437.6614313,1709631437.661438
2735,1709631437.772038,1709631437.7720428
2736,1709631437.8605807,1709631437.8605878
2737,1709631437.965465,1709631437.9654715
2738,1709631438.0680175,1709631438.0680246
2739,1709631438.1745112,1709631438.174517
2740,1709631438.2609267,1709631438.2609344
2741,1709631438.3609424,1709631438.3609471
2742,1709631438.455742,1709631438.4557483
2743,1709631438.5597193,1709631438.5597248
2744,1709631438.6755593,1709631438.6755667
2745,1709631438.7581446,1709631438.7581496
2746,1709631438.8661258,1709631438.8661335
2747,1709631438.9559264,1709631438.9559348
2748,1709631439.0636306,1709631439.0636358
2749,1709631439.1717908,1709631439.1717985
2750,1709631439.264558,1709631439.26457
2751,1709631439.356624,1709631439.3566308
2752,1709631439.4558814,1709631439.4558887
2753,1709631439.5602427,1709631439.5602493
2754,1709631439.6790268,1709631439.6790347
2755,1709631439.766083,1709631439.766087
2756,1709631439.857689,1709631439.8576941
2757,1709631439.96006,1709631439.960067
2758,1709631440.0573852,1709631440.0573933
2759,1709631440.1706104,1709631440.1706188
2760,1709631440.2735088,1709631440.273516
2761,1709631440.7922032,1709631440.7922156
2762,1709631440.8069866,1709631440.8069952
2763,1709631440.8682146,1709631440.8682199
2764,1709631440.966587,1709631440.966592
2765,1709631441.060322,1709631441.0603285
2766,1709631441.1660767,1709631441.1660836
2767,1709631441.2657187,1709631441.2657278
2768,1709631441.3583975,1709631441.3584018
2769,1709631441.4616437,1709631441.4616501
2770,1709631441.5588303,1709631441.5588367
2771,1709631441.673686,1709631441.6736934
2772,1709631441.763346,1709631441.7633543
2773,1709631441.874181,1709631441.8741877
2774,1709631441.9567897,1709631441.9567976
2775,1709631442.0586464,1709631442.058654
2776,1709631442.1596713,1709631442.159676
2777,1709631442.2596273,1709631442.2596362
2778,1709631442.360588,1709631442.3605955
2779,1709631442.4663854,1709631442.4663928
2780,1709631442.5780613,1709631442.5780697
2781,1709631442.6638384,1709631442.6638472
2782,1709631442.7641735,1709631442.7641811
2783,1709631442.8622656,1709631442.8622737
2784,1709631442.9607954,1709631442.9608033
2785,1709631443.0772333,1709631443.07724
2786,1709631443.161327,1709631443.1613355
2787,1709631443.2574449,1709631443.2574537
2788,1709631443.3589287,1709631443.3589363
2789,1709631443.4748187,1709631443.4748266
2790,1709631443.564377,1709631443.5643845
2791,1709631443.6663444,1709631443.6663496
2792,1709631443.761579,1709631443.7615888
2793,1709631443.8621182,1709631443.862127
2794,1709631443.9756362,1709631443.9756434
2795,1709631444.0614955,1709631444.0615036
2796,1709631444.162239,1709631444.1622503
2797,1709631444.2706144,1709631444.2706215
2798,1709631444.3713055,1709631444.3713126
2799,1709631444.4736218,1709631444.47363
2800,1709631444.5685563,1709631444.5685632
2801,1709631444.6623294,1709631444.6623373
2802,1709631444.7582567,1709631444.7582643
2803,1709631444.8607252,1709631444.8607333
2804,1709631444.9608219,1709631444.9608307
2805,1709631445.0633557,1709631445.0633638
2806,1709631445.1654136,1709631445.1654215
2807,1709631445.2632678,1709631445.2632732
2808,1709631445.372805,1709631445.3728151
2809,1709631445.469621,1709631445.469628
2810,1709631445.5668166,1709631445.5668242
2811,1709631445.6584065,1709631445.6584117
2812,1709631445.7660513,1709631445.7660575
2813,1709631445.8657231,1709631445.8657303
2814,1709631445.9639447,1709631445.963952
2815,1709631446.0644555,1709631446.064473
2816,1709631446.1571565,1709631446.157169
2817,1709631446.2779787,1709631446.2779863
2818,1709631446.3622022,1709631446.36221
2819,1709631446.4622562,1709631446.4622633
2820,1709631446.5639665,1709631446.5639734
2821,1709631446.6609848,1709631446.6609926
2822,1709631446.7672732,1709631446.767279
2823,1709631446.8594484,1709631446.8594563
2824,1709631446.9582736,1709631446.958281
2825,1709631447.0644126,1709631447.06442
2826,1709631447.163404,1709631447.1634092
2827,1709631447.2556307,1709631447.2556384
2828,1709631447.3700404,1709631447.3700473
2829,1709631447.4613812,1709631447.4613879
2830,1709631447.5736175,1709631447.573626
2831,1709631447.6605556,1709631447.6605628
2832,1709631447.7684944,1709631447.7685022
2833,1709631447.865994,1709631447.8660045
2834,1709631447.9640212,1709631447.9640288
2835,1709631448.0634582,1709631448.0634654
2836,1709631448.1615381,1709631448.1615484
2837,1709631448.2604713,1709631448.260479
2838,1709631448.361969,1709631448.361977
2839,1709631448.4767656,1709631448.4767756
2840,1709631448.5599978,1709631448.5600061
2841,1709631448.6643162,1709631448.6643224
2842,1709631448.7648234,1709631448.7648344
2843,1709631448.8736594,1709631448.8736675
2844,1709631448.9613564,1709631448.961365
2845,1709631449.0579107,1709631449.0579205
2846,1709631449.164186,1709631449.1641939
2847,1709631449.265966,1709631449.2659729
2848,1709631449.3642757,1709631449.364283
2849,1709631449.4657006,1709631449.465708
2850,1709631449.5564897,1709631449.5564978
2851,1709631449.66324,1709631449.6632476
2852,1709631449.764358,1709631449.7643661
2853,1709631449.866046,1709631449.8660548
2854,1709631449.9655352,1709631449.965553
2855,1709631450.0630465,1709631450.0630536
2856,1709631450.1600833,1709631450.16009
2857,1709631450.2718549,1709631450.271863
2858,1709631450.3614697,1709631450.361477
2859,1709631450.468597,1709631450.468603
2860,1709631450.5627189,1709631450.5627272
2861,1709631450.669615,1709631450.669624
2862,1709631450.7598686,1709631450.7598743
2863,1709631450.8684554,1709631450.8684623
2864,1709631450.9683297,1709631450.9683366
2865,1709631451.068995,1709631451.0690038
2866,1709631451.157871,1709631451.1578765
2867,1709631451.2595897,1709631451.2595983
2868,1709631451.3655174,1709631451.3655245
2869,1709631451.462686,1709631451.462692
2870,1709631451.5650058,1709631451.5650113
2871,1709631451.661831,1709631451.6618385
2872,1709631451.7614152,1709631451.761424
2873,1709631451.8627756,1709631451.8627834
2874,1709631451.9645984,1709631451.9646049
2875,1709631452.065355,1709631452.0653632
2876,1709631452.1629994,1709631452.1630042
2877,1709631452.260951,1709631452.2609594
2878,1709631452.3577182,1709631452.3577251
2879,1709631452.4564667,1709631452.4564755
2880,1709631452.5583165,1709631452.5583224
2881,1709631452.6594563,1709631452.6594636
2882,1709631452.7629335,1709631452.7629406
2883,1709631452.861128,1709631452.8611333
2884,1709631452.9675064,1709631452.9675143
2885,1709631453.0654802,1709631453.0654862
2886,1709631453.1628952,1709631453.162903
2887,1709631453.2653682,1709631453.2653787
2888,1709631453.3648193,1709631453.3648295
2889,1709631453.459339,1709631453.4593453
2890,1709631453.5668187,1709631453.5668259
2891,1709631453.6611233,1709631453.6611304
2892,1709631453.7585473,1709631453.7585578
2893,1709631453.8708396,1709631453.870846
2894,1709631453.968028,1709631453.968034
2895,1709631454.0594587,1709631454.0594656
2896,1709631454.1666064,1709631454.1666133
2897,1709631454.273927,1709631454.273934
2898,1709631454.3700266,1709631454.3700342
2899,1709631454.464148,1709631454.4641547
2900,1709631454.5615554,1709631454.5615625
2901,1709631454.6632218,1709631454.6632292
2902,1709631454.7612908,1709631454.7612982
2903,1709631454.8576124,1709631454.8576205
2904,1709631454.9582489,1709631454.958257
2905,1709631455.0606961,1709631455.060703
2906,1709631455.1665137,1709631455.1665208
2907,1709631455.2760696,1709631455.276077
2908,1709631455.3708484,1709631455.370856
2909,1709631455.4693089,1709631455.469316
2910,1709631455.5620363,1709631455.562043
2911,1709631455.6680307,1709631455.6680393
2912,1709631455.7593095,1709631455.7593172
2913,1709631455.8582454,1709631455.8582537
2914,1709631455.9631548,1709631455.9631617
2915,1709631456.0656922,1709631456.0657005
2916,1709631456.1600578,1709631456.1600647
2917,1709631456.2594316,1709631456.2594388
2918,1709631456.3674064,1709631456.367414
2919,1709631456.4656932,1709631456.465703
2920,1709631456.5608325,1709631456.5608385
2921,1709631456.674335,1709631456.674343
2922,1709631456.7615561,1709631456.761563
2923,1709631456.871232,1709631456.87124
2924,1709631456.9698973,1709631456.969904
2925,1709631457.0668435,1709631457.0668492
2926,1709631457.1632676,1709631457.1632724
2927,1709631457.262752,1709631457.2627594
2928,1709631457.3587563,1709631457.358764
2929,1709631457.4680724,1709631457.4680798
2930,1709631457.5655508,1709631457.5655606
2931,1709631457.6718447,1709631457.6718533
2932,1709631457.7704134,1709631457.7704203
2933,1709631457.8668716,1709631457.8668802
2934,1709631457.9722269,1709631457.9722335
2935,1709631458.0567439,1709631458.0567513
2936,1709631458.1590586,1709631458.159066
2937,1709631458.261347,1709631458.2613525
2938,1709631458.3696628,1709631458.3696702
2939,1709631458.4740596,1709631458.4740665
2940,1709631458.560985,1709631458.5609927
2941,1709631458.6620429,1709631458.6620486
2942,1709631458.7604666,1709631458.7604747
2943,1709631458.8646164,1709631458.8646252
2944,1709631458.9666185,1709631458.96663
2945,1709631459.0651789,1709631459.0651858
2946,1709631459.1665049,1709631459.1665113
2947,1709631459.2630916,1709631459.2631
2948,1709631459.3604121,1709631459.3604198
2949,1709631459.4632967,1709631459.463303
2950,1709631459.563008,1709631459.5630164
2951,1709631459.6690052,1709631459.6690123
2952,1709631459.7682395,1709631459.7682457
2953,1709631459.8686366,1709631459.8686435
2954,1709631459.9721503,1709631459.9721653
2955,1709631460.062452,1709631460.0624602
2956,1709631460.1651864,1709631460.1651936
2957,1709631460.2598555,1709631460.2598631
2958,1709631460.3683038,1709631460.3683126
2959,1709631460.4643657,1709631460.464372
2960,1709631460.5589497,1709631460.5589552
2961,1709631460.6615553,1709631460.6615627
2962,1709631460.7643697,1709631460.7643766
2963,1709631460.8692904,1709631460.8692975
2964,1709631460.9597888,1709631460.959796
2965,1709631461.058791,1709631461.058798
2966,1709631461.1590466,1709631461.159054
2967,1709631461.2571206,1709631461.2571282
2968,1709631461.3634317,1709631461.3634398
2969,1709631461.4555602,1709631461.4555678
2970,1709631461.5655587,1709631461.565568
2971,1709631461.6587205,1709631461.6587276
2972,1709631461.7601292,1709631461.7601411
2973,1709631461.8584595,1709631461.8584654
2974,1709631461.965203,1709631461.9652107
2975,1709631462.0620222,1709631462.062028
2976,1709631462.1684809,1709631462.1684885
2977,1709631462.256803,1709631462.2568097
2978,1709631462.3633027,1709631462.3633125
2979,1709631462.4570608,1709631462.45707
2980,1709631462.557137,1709631462.557144
2981,1709631462.6662881,1709631462.6662948
2982,1709631462.7584138,1709631462.758421
2983,1709631462.858427,1709631462.858434
2984,1709631462.9593608,1709631462.9593678
2985,1709631463.0606036,1709631463.0606115
2986,1709631463.1722136,1709631463.1722214
2987,1709631463.2577667,1709631463.2577705
2988,1709631463.3663526,1709631463.3663604
2989,1709631463.465195,1709631463.465204
2990,1709631463.5590138,1709631463.5590227
2991,1709631463.6632931,1709631463.6632981
2992,1709631463.7602813,1709631463.7602894
2993,1709631463.8634655,1709631463.8634727
2994,1709631463.959203,1709631463.9592106
2995,1709631464.0664885,1709631464.0664957
2996,1709631464.167694,1709631464.1677072
2997,1709631464.2568586,1709631464.256867
2998,1709631464.3651965,1709631464.3652067
2999,1709631464.4579005,1709631464.4579086
3000,1709631464.562415,1709631464.562422
3001,1709631464.6608052,1709631464.6609101
3002,1709631464.7639399,1709631464.764034
3003,1709631464.8630376,1709631464.863126
3004,1709631464.9633515,1709631464.9634497
3005,1709631465.0627906,1709631465.0629306
3006,1709631465.1583052,1709631465.1584024
3007,1709631465.257281,1709631465.257381
3008,1709631465.3559287,1709631465.3560214
3009,1709631465.4629874,1709631465.463091
3010,1709631465.5659227,1709631465.566017
3011,1709631465.66013,1709631465.660294
3012,1709631465.7654226,1709631465.7655604
3013,1709631465.8624542,1709631465.86255
3014,1709631465.9652226,1709631465.9652765
3015,1709631466.0588574,1709631466.0589561
3016,1709631466.1594844,1709631466.15955
3017,1709631466.2637675,1709631466.2638364
3018,1709631466.365636,1709631466.3657134
3019,1709631466.4610538,1709631466.4611092
3020,1709631466.5702534,1709631466.5702991
3021,1709631466.6627805,1709631466.662834
3022,1709631466.7623794,1709631466.762435
3023,1709631466.8657703,1709631466.865831
3024,1709631466.9665465,1709631466.96671
3025,1709631467.0685816,1709631467.068676
3026,1709631467.1560407,1709631467.1560826
3027,1709631467.259744,1709631467.259804
3028,1709631467.3652015,1709631467.3652582
3029,1709631467.4617229,1709631467.461786
3030,1709631467.5643795,1709631467.5644314
3031,1709631467.660616,1709631467.6606724
3032,1709631467.7581093,1709631467.7581697
3033,1709631467.8668926,1709631467.8669438
3034,1709631467.9616575,1709631467.9618757
3035,1709631468.0620155,1709631468.062085
3036,1709631468.161908,1709631468.1619697
3037,1709631468.2613811,1709631468.261464
3038,1709631468.3576155,1709631468.3576732
3039,1709631468.4649115,1709631468.4650059
3040,1709631468.561622,1709631468.561684
3041,1709631468.6596508,1709631468.6597052
3042,1709631468.763139,1709631468.763223
3043,1709631468.8662686,1709631468.8663125
3044,1709631468.9595273,1709631468.9595702
3045,1709631469.0586855,1709631469.0587595
3046,1709631469.157981,1709631469.1580462
3047,1709631469.2576094,1709631469.2577474
3048,1709631469.364096,1709631469.3641918
3049,1709631469.459951,1709631469.460008
3050,1709631469.560576,1709631469.560639
3051,1709631469.6608555,1709631469.6609173
3052,1709631469.7561352,1709631469.756189
3053,1709631469.8569205,1709631469.857029
3054,1709631469.9675567,1709631469.9676535
3055,1709631470.0604298,1709631470.0605335
3056,1709631470.1658618,1709631470.1659124
3057,1709631470.2612994,1709631470.2613502
3058,1709631470.362242,1709631470.3623164
3059,1709631470.4677045,1709631470.4678037
3060,1709631470.557451,1709631470.5575135
3061,1709631470.6599693,1709631470.660088
3062,1709631470.7630374,1709631470.7631166
3063,1709631470.8626947,1709631470.8627467
3064,1709631470.963263,1709631470.9633195
3065,1709631471.0605223,1709631471.0606148
3066,1709631471.168586,1709631471.1686478
3067,1709631471.2605267,1709631471.260582
3068,1709631471.3647974,1709631471.3648553
3069,1709631471.4637163,1709631471.463788
3070,1709631471.557031,1709631471.5576138
3071,1709631471.6611457,1709631471.6612425
3072,1709631471.7606308,1709631471.7606773
3073,1709631471.8674722,1709631471.8675327
3074,1709631471.9575207,1709631471.9576116
3075,1709631472.0652514,1709631472.0653036
3076,1709631472.1604512,1709631472.1605372
3077,1709631472.2606707,1709631472.2607284
3078,1709631472.357762,1709631472.357818
3079,1709631472.4582171,1709631472.4582555
3080,1709631472.5603175,1709631472.5604112
3081,1709631472.6579287,1709631472.658025
3082,1709631472.767121,1709631472.7672265
3083,1709631472.8591466,1709631472.8592474
3084,1709631472.9610212,1709631472.9611616
3085,1709631473.058019,1709631473.0581536
3086,1709631473.158705,1709631473.1587658
3087,1709631473.2615566,1709631473.2616136
3088,1709631473.3601332,1709631473.36022
3089,1709631473.467492,1709631473.467624
3090,1709631473.5574386,1709631473.5575247
3091,1709631473.6599188,1709631473.6599672
3092,1709631473.7648034,1709631473.7649233
3093,1709631473.8598883,1709631473.8599796
3094,1709631473.962576,1709631473.962643
3095,1709631474.063154,1709631474.063196
3096,1709631474.1668656,1709631474.166918
3097,1709631474.2594883,1709631474.2595375
3098,1709631474.3664486,1709631474.3665445
3099,1709631474.4580638,1709631474.458153
3100,1709631474.567123,1709631474.5671816
3101,1709631474.659147,1709631474.6591935
3102,1709631474.7553697,1709631474.7554483
3103,1709631474.862845,1709631474.8629227
3104,1709631474.957429,1709631474.9574726
3105,1709631475.072177,1709631475.072226
3106,1709631475.157314,1709631475.15737
3107,1709631475.267561,1709631475.267685
3108,1709631475.3625433,1709631475.362592
3109,1709631475.4577513,1709631475.4577947
3110,1709631475.5587385,1709631475.558798
3111,1709631475.6596239,1709631475.6596825
3112,1709631475.7589903,1709631475.7590744
3113,1709631475.865366,1709631475.8654542
3114,1709631475.9583585,1709631475.9584236
3115,1709631476.0599327,1709631476.0599763
3116,1709631476.1679583,1709631476.1680062
3117,1709631476.264552,1709631476.264639
3118,1709631476.3639596,1709631476.3640049
3119,1709631476.4601042,1709631476.4601843
3120,1709631476.5673504,1709631476.5673902
3121,1709631476.658176,1709631476.6582181
3122,1709631476.7587106,1709631476.758795
3123,1709631476.8611407,1709631476.861226
3124,1709631476.9620757,1709631476.9621673
3125,1709631477.0711281,1709631477.0712316
3126,1709631477.1596718,1709631477.1597216
3127,1709631477.2632952,1709631477.2633502
3128,1709631477.3592973,1709631477.3593512
3129,1709631477.460206,1709631477.4603004
3130,1709631477.564019,1709631477.5640733
3131,1709631477.6647606,1709631477.6648421
3132,1709631477.7633784,1709631477.7634842
3133,1709631477.860414,1709631477.8605168
3134,1709631477.9632578,1709631477.9633503
3135,1709631478.0654526,1709631478.0655313
3136,1709631478.1579466,1709631478.1580443
3137,1709631478.2558255,1709631478.2558842
3138,1709631478.3662925,1709631478.366344
3139,1709631478.466377,1709631478.4664378
3140,1709631478.5642805,1709631478.564386
3141,1709631478.6656682,1709631478.6657324
3142,1709631478.7582815,1709631478.758328
3143,1709631478.8563123,1709631478.8563983
3144,1709631478.9563038,1709631478.9563599
3145,1709631479.0609748,1709631479.061055
3146,1709631479.157321,1709631479.157366
3147,1709631479.2586474,1709631479.258693
3148,1709631479.357198,1709631479.3572578
3149,1709631479.4634054,1709631479.463451
3150,1709631479.557085,1709631479.5571687
3151,1709631479.667306,1709631479.6673908
3152,1709631479.7571595,1709631479.7572186
3153,1709631479.8580115,1709631479.858064
3154,1709631479.9631746,1709631479.9632373
3155,1709631480.0600157,1709631480.0600994
3156,1709631480.160501,1709631480.1605823
3157,1709631480.2590811,1709631480.2591364
3158,1709631480.364399,1709631480.3644652
3159,1709631480.4645336,1709631480.4645832
3160,1709631480.5634584,1709631480.5635126
3161,1709631480.65659,1709631480.656647
3162,1709631480.7587297,1709631480.7588356
3163,1709631480.8610632,1709631480.8611228
3164,1709631480.9638374,1709631480.963888
3165,1709631481.0617452,1709631481.061955
3166,1709631481.1585224,1709631481.1586082
3167,1709631481.2634192,1709631481.263465
3168,1709631481.3596194,1709631481.3596792
3169,1709631481.4604256,1709631481.4604764
3170,1709631481.5666773,1709631481.566783
3171,1709631481.6602705,1709631481.6603603
3172,1709631481.7630348,1709631481.7630758
3173,1709631481.8586216,1709631481.8586807
3174,1709631481.9680505,1709631481.968204
3175,1709631482.0676193,1709631482.067727
3176,1709631482.1598582,1709631482.1599147
3177,1709631482.2568605,1709631482.2569113
3178,1709631482.360081,1709631482.3601944
3179,1709631482.4680755,1709631482.4681575
3180,1709631482.5663245,1709631482.5663867
3181,1709631482.6600316,1709631482.660087
3182,1709631482.7624137,1709631482.7624815
3183,1709631482.858449,1709631482.8586628
3184,1709631482.9752257,1709631482.975295
3185,1709631483.0694811,1709631483.0695403
3186,1709631483.161991,1709631483.162039
3187,1709631483.2738883,1709631483.273946
3188,1709631483.3623042,1709631483.3623548
3189,1709631483.459043,1709631483.459098
3190,1709631483.5652974,1709631483.5653799
3191,1709631483.6596427,1709631483.659702
3192,1709631483.7567027,1709631483.756763
3193,1709631483.858211,1709631483.858266
3194,1709631483.9595947,1709631483.9596875
3195,1709631484.067093,1709631484.067186
3196,1709631484.157558,1709631484.157651
3197,1709631484.2636678,1709631484.2637868
3198,1709631484.3613014,1709631484.361407
3199,1709631484.464879,1709631484.4649723
3200,1709631484.5710845,1709631484.571178
3201,1709631484.6574562,1709631484.657596
3202,1709631484.7609491,1709631484.7610161
3203,1709631484.8667214,1709631484.8668263
3204,1709631484.9563718,1709631484.956474
3205,1709631485.0667973,1709631485.0669074
3206,1709631485.1588063,1709631485.1588652
3207,1709631485.2667127,1709631485.2667682
3208,1709631485.3620086,1709631485.3620634
3209,1709631485.4693594,1709631485.4694118
3210,1709631485.565323,1709631485.565382
3211,1709631485.6600127,1709631485.660066
3212,1709631485.7667449,1709631485.7668195
3213,1709631485.8640625,1709631485.8641205
3214,1709631485.9612088,1709631485.961294
3215,1709631486.0621805,1709631486.062244
3216,1709631486.160074,1709631486.1601317
3217,1709631486.2604706,1709631486.2605393
3218,1709631486.3609807,1709631486.3610582
3219,1709631486.4655855,1709631486.4656737
3220,1709631486.5576048,1709631486.5576823
3221,1709631486.6578426,1709631486.6579597
3222,1709631486.763087,1709631486.763168
3223,1709631486.859314,1709631486.8593755
3224,1709631486.9583902,1709631486.958485
3225,1709631487.0658662,1709631487.0659227
3226,1709631487.1575918,1709631487.1576583
3227,1709631487.2648673,1709631487.2649252
3228,1709631487.3613384,1709631487.3613856
3229,1709631487.460374,1709631487.4604511
3230,1709631487.5643702,1709631487.5644276
3231,1709631487.6642022,1709631487.6643028
3232,1709631487.7566257,1709631487.756709
3233,1709631487.8621516,1709631487.862246
3234,1709631487.962744,1709631487.9627967
3235,1709631488.0559611,1709631488.0560188
3236,1709631488.1570375,1709631488.1570942
3237,1709631488.257515,1709631488.2575655
3238,1709631488.3593946,1709631488.3594487
3239,1709631488.4646084,1709631488.4646618
3240,1709631488.5612833,1709631488.561356
3241,1709631488.6580396,1709631488.658114
3242,1709631488.7570937,1709631488.7571461
3243,1709631488.8579695,1709631488.858025
3244,1709631488.9628346,1709631488.962895
3245,1709631489.0595362,1709631489.0595932
3246,1709631489.161564,1709631489.1616313
3247,1709631489.2626002,1709631489.262659
3248,1709631489.3580227,1709631489.3581114
3249,1709631489.463382,1709631489.463425
3250,1709631489.567304,1709631489.5673616
3251,1709631489.664602,1709631489.6646662
3252,1709631489.7595804,1709631489.7596457
3253,1709631489.863334,1709631489.8634412
3254,1709631489.961159,1709631489.9612472
3255,1709631490.057863,1709631490.0579205
3256,1709631490.1602383,1709631490.160337
3257,1709631490.2584417,1709631490.2584999
3258,1709631490.3695414,1709631490.3696563
3259,1709631490.459178,1709631490.4592564
3260,1709631490.567801,1709631490.5679197
3261,1709631490.657177,1709631490.657269
3262,1709631490.7631013,1709631490.7631638
3263,1709631490.8596847,1709631490.859737
3264,1709631490.9598122,1709631490.9598699
3265,1709631491.0600107,1709631491.0600631
3266,1709631491.1652794,1709631491.1653662
3267,1709631491.2665334,1709631491.2666118
3268,1709631491.3605015,1709631491.3605585
3269,1709631491.4617455,1709631491.4617887
3270,1709631491.5576284,1709631491.5576882
3271,1709631491.6625438,1709631491.66264
3272,1709631491.7745106,1709631491.774569
3273,1709631491.8592741,1709631491.859328
3274,1709631491.9577165,1709631491.9577796
3275,1709631492.0604124,1709631492.0604758
3276,1709631492.162107,1709631492.1621983
3277,1709631492.2608335,1709631492.2609212
3278,1709631492.360051,1709631492.3601596
3279,1709631492.4608307,1709631492.4608903
3280,1709631492.55821,1709631492.5582628
3281,1709631492.6673067,1709631492.6673615
3282,1709631492.75756,1709631492.757652
3283,1709631492.866462,1709631492.8665457
3284,1709631492.960815,1709631492.9609132
3285,1709631493.0654073,1709631493.0654156
3286,1709631493.164236,1709631493.1642454
3287,1709631493.2672033,1709631493.267212
3288,1709631493.3652587,1709631493.365267
3289,1709631493.4606183,1709631493.4606245
3290,1709631493.5609148,1709631493.5609226
3291,1709631493.6615324,1709631493.6615393
3292,1709631493.7711484,1709631493.7711568
3293,1709631493.863772,1709631493.8637812
3294,1709631493.959477,1709631493.9594855
3295,1709631494.0697582,1709631494.0697641
3296,1709631494.1593304,1709631494.159337
3297,1709631494.264131,1709631494.264137
3298,1709631494.3582788,1709631494.3582866
3299,1709631494.4641414,1709631494.464147
3300,1709631494.5621552,1709631494.5621638
3301,1709631494.6628375,1709631494.6628468
3302,1709631494.7613075,1709631494.7613175
3303,1709631494.8598838,1709631494.8598912
3304,1709631494.9621947,1709631494.9622047
3305,1709631495.0625844,1709631495.0625918
3306,1709631495.1576257,1709631495.1597092
3307,1709631495.2588115,1709631495.262485
3308,1709631495.3614175,1709631495.3646681
3309,1709631495.4590313,1709631495.4634042
3310,1709631495.558398,1709631495.561509
3311,1709631495.6715631,1709631495.6742983
3312,1709631495.7615685,1709631495.7654662
3313,1709631495.8628814,1709631495.865266
3314,1709631495.957077,1709631495.962372
3315,1709631496.0586443,1709631496.0629046
3316,1709631496.1641135,1709631496.167517
3317,1709631496.2585702,1709631496.2624416
3318,1709631496.3635404,1709631496.369465
3319,1709631496.466684,1709631496.4701579
3320,1709631496.562811,1709631496.5651503
3321,1709631496.6614385,1709631496.664185
3322,1709631496.7630975,1709631496.7668912
3323,1709631496.860732,1709631496.8640163
3324,1709631496.9593506,1709631496.9629216
3325,1709631497.0723605,1709631497.0761163
3326,1709631497.1619027,1709631497.1656067
3327,1709631497.2654915,1709631497.2694497
3328,1709631497.3621068,1709631497.3658211
3329,1709631497.4631379,1709631497.4706452
3330,1709631497.567577,1709631497.570724
3331,1709631497.6642954,1709631497.6676257
3332,1709631497.7615592,1709631497.763708
3333,1709631497.8676596,1709631497.872571
3334,1709631497.9630792,1709631497.9668596
3335,1709631498.0631702,1709631498.0666912
3336,1709631498.1647213,1709631498.1679935
3337,1709631498.2638733,1709631498.2661145
3338,1709631498.3630106,1709631498.3667881
3339,1709631498.4649687,1709631498.468579
3340,1709631498.563209,1709631498.5665991
3341,1709631498.6601193,1709631498.663871
3342,1709631498.7596571,1709631498.7643154
3343,1709631498.8619435,1709631498.8651698
3344,1709631498.9597888,1709631498.963164
3345,1709631499.063227,1709631499.0661137
3346,1709631499.161406,1709631499.1646159
3347,1709631499.2626488,1709631499.2659724
3348,1709631499.3616393,1709631499.3684478
3349,1709631499.4622085,1709631499.4655297
3350,1709631499.569024,1709631499.571303
3351,1709631499.6634037,1709631499.6670525
3352,1709631499.761671,1709631499.7616959
3353,1709631499.861528,1709631499.861543
3354,1709631499.9759068,1709631499.9782264
3355,1709631500.0686371,1709631500.075346
3356,1709631500.1628172,1709631500.1672988
3357,1709631500.2690191,1709631500.2730293
3358,1709631500.3698473,1709631500.374111
3359,1709631500.4622757,1709631500.467992
3360,1709631500.5600805,1709631500.564715
3361,1709631500.657665,1709631500.662054
3362,1709631500.761735,1709631500.765413
3363,1709631500.8655522,1709631500.8699403
3364,1709631501.003622,1709631501.007886
3365,1709631501.0621421,1709631501.0662723
3366,1709631501.1636431,1709631501.1670585
3367,1709631501.263406,1709631501.268015
3368,1709631501.3603053,1709631501.3651447
3369,1709631501.4661512,1709631501.4694514
3370,1709631501.5580115,1709631501.5620663
3371,1709631501.658224,1709631501.6613247
3372,1709631501.7620564,1709631501.7659757
3373,1709631501.8598642,1709631501.8642352
3374,1709631501.9767969,1709631501.9798706
3375,1709631502.0716493,1709631502.0757217
3376,1709631502.1619928,1709631502.1654367
3377,1709631502.2597833,1709631502.2630723
3378,1709631502.3633685,1709631502.366129
3379,1709631502.4608464,1709631502.4633741
3380,1709631502.5629382,1709631502.566528
3381,1709631502.666198,1709631502.6688006
3382,1709631502.774088,1709631502.777683
3383,1709631502.8608625,1709631502.8634489
3384,1709631502.9596362,1709631502.9631577
3385,1709631503.0567424,1709631503.0600817
3386,1709631503.1565735,1709631503.1603582
3387,1709631503.262544,1709631503.2663267
3388,1709631503.355992,1709631503.3594244
3389,1709631503.46242,1709631503.4646757
3390,1709631503.5636346,1709631503.566125
3391,1709631503.6605692,1709631503.6642272
3392,1709631503.7611935,1709631503.7648408
3393,1709631503.8606365,1709631503.8634503
3394,1709631503.9691906,1709631503.9729712
3395,1709631504.0659087,1709631504.069715
3396,1709631504.159613,1709631504.1627984
3397,1709631504.27119,1709631504.274636
3398,1709631504.3636396,1709631504.3667889
3399,1709631504.464348,1709631504.4700353
3400,1709631504.5644186,1709631504.5681498
3401,1709631504.660383,1709631504.6650693
3402,1709631504.7686856,1709631504.7747586
3403,1709631504.8611534,1709631504.8652198
3404,1709631504.9605083,1709631504.9640286
3405,1709631505.058825,1709631505.0627546
3406,1709631505.159342,1709631505.1631694
3407,1709631505.265691,1709631505.2689846
3408,1709631505.3628342,1709631505.3674295
3409,1709631505.4602857,1709631505.464195
3410,1709631505.5629978,1709631505.5689366
3411,1709631505.6622462,1709631505.6655643
3412,1709631505.7596514,1709631505.7636244
3413,1709631505.8607829,1709631505.864528
3414,1709631505.957358,1709631505.9612951
3415,1709631506.065341,1709631506.0681026
3416,1709631506.162827,1709631506.1672106
3417,1709631506.2617476,1709631506.2656243
3418,1709631506.3574855,1709631506.360117
3419,1709631506.4582798,1709631506.4621224
3420,1709631506.5585403,1709631506.5622857
3421,1709631506.659431,1709631506.663129
3422,1709631506.7619228,1709631506.7649133
3423,1709631506.861968,1709631506.8656774
3424,1709631506.963509,1709631506.9674428
3425,1709631507.0614634,1709631507.0648558
3426,1709631507.1633317,1709631507.1665757
3427,1709631507.2642968,1709631507.2675965
3428,1709631507.3629968,1709631507.3681233
3429,1709631507.4618685,1709631507.4645727
3430,1709631507.570705,1709631507.5743105
3431,1709631507.6600616,1709631507.6638393
3432,1709631507.765958,1709631507.7700236
3433,1709631507.8626122,1709631507.8664541
3434,1709631507.9724977,1709631507.9764817
3435,1709631508.0563629,1709631508.0597363
3436,1709631508.160139,1709631508.163943
3437,1709631508.2669206,1709631508.2704968
3438,1709631508.37343,1709631508.377326
3439,1709631508.4583251,1709631508.4617326
3440,1709631508.5709183,1709631508.5747542
3441,1709631508.6582942,1709631508.6609247
3442,1709631508.7587705,1709631508.7625144
3443,1709631508.8688684,1709631508.8728378
3444,1709631508.9702373,1709631508.9742057
3445,1709631509.0617163,1709631509.0664852
3446,1709631509.1594274,1709631509.1626134
3447,1709631509.2732115,1709631509.2793288
3448,1709631509.366431,1709631509.3703983
3449,1709631509.4694052,1709631509.4766738
3450,1709631509.5650678,1709631509.568736
3451,1709631509.6695142,1709631509.673283
3452,1709631509.7613375,1709631509.7660406
3453,1709631509.857779,1709631509.8610828
3454,1709631509.9614553,1709631509.9657586
3455,1709631510.0565867,1709631510.0606785
3456,1709631510.1693397,1709631510.174576
3457,1709631510.2607114,1709631510.2634897
3458,1709631510.364499,1709631510.3690417
3459,1709631510.4643528,1709631510.4677548
3460,1709631510.566867,1709631510.5705452
3461,1709631510.6604707,1709631510.6642897
3462,1709631510.7699008,1709631510.773699
3463,1709631510.8638659,1709631510.8686383
3464,1709631510.973037,1709631510.9771113
3465,1709631511.0603638,1709631511.0659628
3466,1709631511.1641607,1709631511.169959
3467,1709631511.2592564,1709631511.2637854
3468,1709631511.372325,1709631511.3749824
3469,1709631511.4576597,1709631511.4636137
3470,1709631511.5618615,1709631511.5661721
3471,1709631511.6608772,1709631511.6643798
3472,1709631511.7577672,1709631511.7627454
3473,1709631511.864523,1709631511.8684988
3474,1709631511.9640932,1709631511.967941
3475,1709631512.0564094,1709631512.060265
3476,1709631512.1583767,1709631512.1643405
3477,1709631512.2645187,1709631512.268509
3478,1709631512.3571067,1709631512.3627589
3479,1709631512.4578893,1709631512.4622438
3480,1709631512.5625367,1709631512.5667741
3481,1709631512.6695087,1709631512.6734624
3482,1709631512.7589834,1709631512.7622168
3483,1709631512.8623676,1709631512.865834
3484,1709631512.9636476,1709631512.9676523
3485,1709631513.0656068,1709631513.0691724
3486,1709631513.1579397,1709631513.1615396
3487,1709631513.2566798,1709631513.2605383
3488,1709631513.359762,1709631513.3638463
3489,1709631513.4663827,1709631513.4701347
3490,1709631513.565096,1709631513.5685227
3491,1709631513.6701903,1709631513.673686
3492,1709631513.7557328,1709631513.7595873
3493,1709631513.8628008,1709631513.8667996
3494,1709631513.9704845,1709631513.9743228
3495,1709631514.0585303,1709631514.0636244
3496,1709631514.160484,1709631514.1644933
3497,1709631514.2672646,1709631514.2710352
3498,1709631514.3588147,1709631514.3646266
3499,1709631514.4583814,1709631514.4625506
3500,1709631514.5671573,1709631514.5711663
3501,1709631514.665763,1709631514.6690488
3502,1709631514.7616649,1709631514.7647834
3503,1709631514.861395,1709631514.8658683
3504,1709631514.9669533,1709631514.9705758
3505,1709631515.0688972,1709631515.0715215
3506,1709631515.164431,1709631515.1682355
3507,1709631515.2679384,1709631515.271749
3508,1709631515.3596015,1709631515.3637135
3509,1709631515.4690948,1709631515.4727128
3510,1709631515.5564454,1709631515.5606887
3511,1709631515.6640773,1709631515.6675715
3512,1709631515.762287,1709631515.7663028
3513,1709631515.867041,1709631515.8745625
3514,1709631515.9687855,1709631515.973816
3515,1709631516.0633337,1709631516.0674794
3516,1709631516.165122,1709631516.1684911
3517,1709631516.261134,1709631516.265225
3518,1709631516.3622646,1709631516.3658175
3519,1709631516.460097,1709631516.4635036
3520,1709631516.5606284,1709631516.56427
3521,1709631516.6577938,1709631516.6613617
3522,1709631516.7611654,1709631516.7661827
3523,1709631516.8716009,1709631516.8758848
3524,1709631516.9632177,1709631516.9671698
3525,1709631517.0636892,1709631517.0679932
3526,1709631517.169637,1709631517.1746259
3527,1709631517.2627387,1709631517.266627
3528,1709631517.365957,1709631517.3699486
3529,1709631517.4630334,1709631517.4658647
3530,1709631517.5602908,1709631517.5641248
3531,1709631517.6670945,1709631517.669558
3532,1709631517.7622674,1709631517.7662272
3533,1709631517.8658884,1709631517.8701098
3534,1709631517.96978,1709631517.9766116
3535,1709631518.0648072,1709631518.067519
3536,1709631518.1629777,1709631518.1629846
3537,1709631518.2600133,1709631518.2600183
3538,1709631518.3618,1709631518.3618066
3539,1709631518.4669735,1709631518.4669814
3540,1709631518.5687363,1709631518.568741
3541,1709631518.6606379,1709631518.660643
3542,1709631518.76841,1709631518.768418
3543,1709631518.8619213,1709631518.861929
3544,1709631518.9614148,1709631518.9614213
3545,1709631519.070784,1709631519.0707922
3546,1709631519.1610253,1709631519.1610312
3547,1709631519.2670655,1709631519.2670703
3548,1709631519.3604727,1709631519.3604803
3549,1709631519.4664354,1709631519.4664423
3550,1709631519.5653572,1709631519.5653622
3551,1709631519.6617274,1709631519.6617346
3552,1709631519.762901,1709631519.7629092
3553,1709631519.8713999,1709631519.8714247
3554,1709631519.9618683,1709631519.9618754
3555,1709631520.063176,1709631520.0631833
3556,1709631520.1583524,1709631520.15836
3557,1709631520.270954,1709631520.2709622
3558,1709631520.361078,1709631520.361085
3559,1709631520.46093,1709631520.460937
3560,1709631520.559225,1709631520.5592325
3561,1709631520.6720476,1709631520.672055
3562,1709631520.767938,1709631520.7679453
3563,1709631520.8699129,1709631520.8699207
3564,1709631520.9655058,1709631520.9655135
3565,1709631521.066719,1709631521.0667272
3566,1709631521.160667,1709631521.1606746
3567,1709631521.2609642,1709631521.260971
3568,1709631521.3578234,1709631521.3578308
3569,1709631521.4635837,1709631521.4635906
3570,1709631521.559601,1709631521.559608
3571,1709631521.6602023,1709631521.6602097
3572,1709631521.7608683,1709631521.7608767
3573,1709631521.8672414,1709631521.8672469
3574,1709631521.9677634,1709631521.9677749
3575,1709631522.063225,1709631522.063232
3576,1709631522.1655717,1709631522.16558
3577,1709631522.258916,1709631522.2589238
3578,1709631522.3674102,1709631522.3674161
3579,1709631522.4643607,1709631522.464374
3580,1709631522.5654876,1709631522.565495
3581,1709631522.6573417,1709631522.6573493
3582,1709631522.7619677,1709631522.7619753
3583,1709631522.8655417,1709631522.8655496
3584,1709631522.961257,1709631522.961265
3585,1709631523.0576975,1709631523.0577047
3586,1709631523.1570792,1709631523.1570866
3587,1709631523.2610683,1709631523.2610734
3588,1709631523.362343,1709631523.3623507
3589,1709631523.4603338,1709631523.460341
3590,1709631523.5607815,1709631523.5607884
3591,1709631523.6602693,1709631523.6602776
3592,1709631523.7595663,1709631523.7595775
3593,1709631523.8559437,1709631523.8559544
3594,1709631523.9656808,1709631523.9656904
3595,1709631524.0618978,1709631524.061906
3596,1709631524.161233,1709631524.1612396
3597,1709631524.2606568,1709631524.2606633
3598,1709631524.3666155,1709631524.3666213
3599,1709631524.4676747,1709631524.4676833
3600,1709631524.5558746,1709631524.5558808
3601,1709631524.660019,1709631524.660026
3602,1709631524.7751982,1709631524.7752056
3603,1709631524.8616576,1709631524.861669
3604,1709631524.960727,1709631524.960736
3605,1709631525.0611506,1709631525.0611575
3606,1709631525.1561723,1709631525.15618
3607,1709631525.2686217,1709631525.2686293
3608,1709631525.3595684,1709631525.3595757
3609,1709631525.4612012,1709631525.4612095
3610,1709631525.5664287,1709631525.5664356
3611,1709631525.6718516,1709631525.6718616
3612,1709631525.76213,1709631525.7621372
3613,1709631525.861966,1709631525.8619728
3614,1709631525.969698,1709631525.9697058
3615,1709631526.066712,1709631526.066719
3616,1709631526.1575177,1709631526.1575239
3617,1709631526.2655065,1709631526.265517
3618,1709631526.359743,1709631526.3597512
3619,1709631526.459189,1709631526.459196
3620,1709631526.5650823,1709631526.5650907
3621,1709631526.666731,1709631526.6667385
3622,1709631526.7706256,1709631526.770633
3623,1709631526.8618085,1709631526.8618174
3624,1709631526.9627433,1709631526.962751
3625,1709631527.059271,1709631527.059278
3626,1709631527.1634881,1709631527.1635008
3627,1709631527.2572646,1709631527.2572715
3628,1709631527.3610778,1709631527.3610852
3629,1709631527.4641898,1709631527.4641988
3630,1709631527.5643742,1709631527.56438
3631,1709631527.6602325,1709631527.6602414
3632,1709631527.7600315,1709631527.7600389
3633,1709631527.8688812,1709631527.8688893
3634,1709631527.964064,1709631527.9640715
3635,1709631528.062387,1709631528.0623944
3636,1709631528.1600316,1709631528.1600385
3637,1709631528.2742305,1709631528.2742376
3638,1709631528.3679929,1709631528.368
3639,1709631528.4614844,1709631528.461491
3640,1709631528.5676882,1709631528.5676942
3641,1709631528.6716273,1709631528.6716356
3642,1709631528.7676902,1709631528.7676954
3643,1709631528.8566463,1709631528.8566523
3644,1709631528.9635844,1709631528.9635882
3645,1709631529.062769,1709631529.0627766
3646,1709631529.1629877,1709631529.1629925
3647,1709631529.257064,1709631529.2570708
3648,1709631529.3652408,1709631529.3652477
3649,1709631529.4643862,1709631529.4643931
3650,1709631529.5752013,1709631529.5752091
3651,1709631529.6635816,1709631529.663587
3652,1709631529.7662225,1709631529.7662299
3653,1709631529.860554,1709631529.8605618
3654,1709631529.9679954,1709631529.9680033
3655,1709631530.061653,1709631530.061665
3656,1709631530.1599295,1709631530.1599393
3657,1709631530.2557032,1709631530.25571
3658,1709631530.3564172,1709631530.3564253
3659,1709631530.4632924,1709631530.4632998
3660,1709631530.5567799,1709631530.5567868
3661,1709631530.664822,1709631530.664829
3662,1709631530.7599666,1709631530.7599735
3663,1709631530.878863,1709631530.8788702
3664,1709631530.9657207,1709631530.9657261
3665,1709631531.0682595,1709631531.068265
3666,1709631531.160972,1709631531.1609795
3667,1709631531.2657452,1709631531.265755
3668,1709631531.3639338,1709631531.3639402
3669,1709631531.4610295,1709631531.4610374
3670,1709631531.5610194,1709631531.561027
3671,1709631531.6571174,1709631531.6571248
3672,1709631531.7647724,1709631531.7647808
3673,1709631531.8625877,1709631531.8625963
3674,1709631531.9682055,1709631531.9682114
3675,1709631532.0630584,1709631532.0630689
3676,1709631532.163768,1709631532.1637757
3677,1709631532.26206,1709631532.262069
3678,1709631532.3669646,1709631532.366972
3679,1709631532.460296,1709631532.4603052
3680,1709631532.5678968,1709631532.5679014
3681,1709631532.6619697,1709631532.6619766
3682,1709631532.7675464,1709631532.7675538
3683,1709631532.859512,1709631532.8595204
3684,1709631532.9674447,1709631532.9674492
3685,1709631533.0718405,1709631533.0718484
3686,1709631533.165236,1709631533.1652408
3687,1709631533.2669601,1709631533.2670248
3688,1709631533.3579838,1709631533.3579912
3689,1709631533.4652092,1709631533.4652154
3690,1709631533.5637,1709631533.5637064
3691,1709631533.6625822,1709631533.6625872
3692,1709631533.757378,1709631533.757387
3693,1709631533.8600156,1709631533.8600228
3694,1709631533.9612153,1709631533.9612222
3695,1709631534.0681875,1709631534.068195
3696,1709631534.1642222,1709631534.164229
3697,1709631534.2590513,1709631534.259059
3698,1709631534.3647234,1709631534.3647318
3699,1709631534.4704528,1709631534.470459
3700,1709631534.565808,1709631534.565817
3701,1709631534.6638477,1709631534.6638553
3702,1709631534.7647157,1709631534.764722
3703,1709631534.8724658,1709631534.8724732
3704,1709631534.96206,1709631534.962069
3705,1709631535.059417,1709631535.059424
3706,1709631535.1625562,1709631535.162561
3707,1709631535.2680519,1709631535.268058
3708,1709631535.3638427,1709631535.3638499
3709,1709631535.4639983,1709631535.4640052
3710,1709631535.5725207,1709631535.5725281
3711,1709631535.6730585,1709631535.6730669
3712,1709631535.7621615,1709631535.762169
3713,1709631535.8682933,1709631535.8683014
3714,1709631535.9602551,1709631535.9602623
3715,1709631536.0671968,1709631536.0672047
3716,1709631536.1655383,1709631536.1655433
3717,1709631536.2650588,1709631536.2650654
3718,1709631536.3629959,1709631536.3630042
3719,1709631536.4586804,1709631536.458687
3720,1709631536.5646312,1709631536.564639
3721,1709631536.6650302,1709631536.6650386
3722,1709631536.7627912,1709631536.7627985
3723,1709631536.867678,1709631536.8676853
3724,1709631536.964,1709631536.9640079
3725,1709631537.0582712,1709631537.0582783
3726,1709631537.1609864,1709631537.1609943
3727,1709631537.2565663,1709631537.256574
3728,1709631537.3650165,1709631537.3650234
3729,1709631537.4626286,1709631537.462636
3730,1709631537.5637898,1709631537.563798
3731,1709631537.6597004,1709631537.659708
3732,1709631537.7630608,1709631537.7630675
3733,1709631537.863714,1709631537.863723
3734,1709631537.9579918,1709631537.9580083
3735,1709631538.0672727,1709631538.06728
3736,1709631538.1610146,1709631538.161021
3737,1709631538.2696538,1709631538.2696636
3738,1709631538.359927,1709631538.3599348
3739,1709631538.4656365,1709631538.465646
3740,1709631538.5652525,1709631538.5652626
3741,1709631538.6629333,1709631538.6629403
3742,1709631538.771495,1709631538.771502
3743,1709631538.8666615,1709631538.86667
3744,1709631538.9592097,1709631538.959217
3745,1709631539.0562124,1709631539.0562227
3746,1709631539.1699374,1709631539.169945
3747,1709631539.2593577,1709631539.259364
3748,1709631539.3609128,1709631539.3609204
3749,1709631539.4618032,1709631539.4618099
3750,1709631539.562863,1709631539.5628703
3751,1709631539.6618493,1709631539.6618543
3752,1709631539.7695332,1709631539.769542
3753,1709631539.86244,1709631539.8624513
3754,1709631540.3574395,1709631540.3582761
3755,1709631540.3686416,1709631540.3686504
3756,1709631540.3795762,1709631540.3795836
3757,1709631540.4709947,1709631540.4709997
3758,1709631540.575233,1709631540.5752404
3759,1709631540.6599476,1709631540.6599536
3760,1709631540.7655823,1709631540.7656288
3761,1709631540.8666139,1709631540.8666217
3762,1709631540.9636576,1709631540.963666
3763,1709631541.0603309,1709631541.0603364
3764,1709631541.1634429,1709631541.1634507
3765,1709631541.2683947,1709631541.2684023
3766,1709631541.3645992,1709631541.364606
3767,1709631541.4602578,1709631541.4602644
3768,1709631541.5587916,1709631541.5587995
3769,1709631541.6569266,1709631541.6569343
3770,1709631541.764178,1709631541.7641866
3771,1709631541.8642085,1709631541.8642154
3772,1709631541.96243,1709631541.9624376
3773,1709631542.0579276,1709631542.0579345
3774,1709631542.159708,1709631542.1597154
3775,1709631542.2685483,1709631542.268555
3776,1709631542.3661263,1709631542.3661337
3777,1709631542.4664373,1709631542.4664443
3778,1709631542.556086,1709631542.5560935
3779,1709631542.668749,1709631542.6687567
3780,1709631542.7662964,1709631542.7663043
3781,1709631542.8736696,1709631542.8736768
3782,1709631542.9606876,1709631542.9606948
3783,1709631543.0628805,1709631543.0628877
3784,1709631543.1659453,1709631543.169607
3785,1709631543.2581034,1709631543.261376
3786,1709631543.3756802,1709631543.379092
3787,1709631543.464645,1709631543.4681456
3788,1709631543.5619633,1709631543.5658722
3789,1709631543.665077,1709631543.6686375
3790,1709631543.7712162,1709631543.7754588
3791,1709631543.8816218,1709631543.8891137
3792,1709631543.9601188,1709631543.96307
3793,1709631544.0632195,1709631544.0661643
3794,1709631544.1584926,1709631544.1619806
3795,1709631544.2724822,1709631544.2754672
3796,1709631544.356556,1709631544.3588228
3797,1709631544.4613535,1709631544.4654462
3798,1709631544.5715406,1709631544.5749402
3799,1709631544.6601865,1709631544.6637056
3800,1709631544.7655654,1709631544.7700932
3801,1709631544.8617516,1709631544.8653862
3802,1709631544.9684215,1709631544.9721396
3803,1709631545.0786593,1709631545.0835063
3804,1709631545.1584854,1709631545.1655176
3805,1709631545.2701392,1709631545.2734509
3806,1709631545.3634949,1709631545.3659172
3807,1709631545.4713287,1709631545.4750776
3808,1709631545.563054,1709631545.5665426
3809,1709631545.6675828,1709631545.6713128
3810,1709631545.7754793,1709631545.780482
3811,1709631545.8651843,1709631545.8686466
3812,1709631545.9657652,1709631545.9692204
3813,1709631546.0620534,1709631546.0649939
3814,1709631546.157719,1709631546.1617935
3815,1709631546.2686877,1709631546.2711532
3816,1709631546.361393,1709631546.364977
3817,1709631546.4664962,1709631546.4700391
3818,1709631546.5684497,1709631546.5725045
3819,1709631546.673834,1709631546.6823993
3820,1709631546.7691355,1709631546.7727349
3821,1709631546.8858595,1709631546.8895185
3822,1709631546.9647944,1709631546.9670105
3823,1709631547.0686703,1709631547.072323
3824,1709631547.1605384,1709631547.1635392
3825,1709631547.2569985,1709631547.2613153
3826,1709631547.373914,1709631547.3782828
3827,1709631547.463315,1709631547.4669516
3828,1709631547.5584278,1709631547.5623953
3829,1709631547.6762006,1709631547.6792626
3830,1709631547.7593403,1709631547.762988
3831,1709631547.8631504,1709631547.8676798
3832,1709631547.9634717,1709631547.9669893
3833,1709631548.0573912,1709631548.0610342
3834,1709631548.1667533,1709631548.170093
3835,1709631548.2595763,1709631548.2631314
3836,1709631548.3689058,1709631548.3711064
3837,1709631548.4568691,1709631548.4610388
3838,1709631548.5572102,1709631548.561205
3839,1709631548.6648653,1709631548.6682508
3840,1709631548.766384,1709631548.769931
3841,1709631548.8614154,1709631548.8655078
3842,1709631548.9649503,1709631548.9682205
3843,1709631549.062453,1709631549.0659423
3844,1709631549.161008,1709631549.1640444
3845,1709631549.2669873,1709631549.270052
3846,1709631549.3614924,1709631549.3646004
3847,1709631549.4579525,1709631549.4608963
3848,1709631549.5623884,1709631549.565276
3849,1709631549.6659281,1709631549.668848
3850,1709631549.7640362,1709631549.7674277
3851,1709631549.863935,1709631549.8674357
3852,1709631549.9635074,1709631549.9670732
3853,1709631550.0666966,1709631550.0702033
3854,1709631550.1620636,1709631550.1644435
3855,1709631550.2636297,1709631550.267175
3856,1709631550.374697,1709631550.378983
3857,1709631550.4741037,1709631550.4784367
3858,1709631550.568532,1709631550.5721145
3859,1709631550.6635206,1709631550.6663356
3860,1709631550.7647216,1709631550.768061
3861,1709631550.8806503,1709631550.8841183
3862,1709631550.9586422,1709631550.9636347
3863,1709631551.0586393,1709631551.0620148
3864,1709631551.1576302,1709631551.1613162
3865,1709631551.2641516,1709631551.2677135
3866,1709631551.360549,1709631551.3641386
3867,1709631551.465686,1709631551.4695125
3868,1709631551.5604527,1709631551.5644696
3869,1709631551.670332,1709631551.6743731
3870,1709631551.7692952,1709631551.7739375
3871,1709631551.8640676,1709631551.8677573
3872,1709631551.968189,1709631551.9729116
3873,1709631552.0650876,1709631552.0684452
3874,1709631552.1822622,1709631552.1858838
3875,1709631552.2699642,1709631552.2736824
3876,1709631552.3612216,1709631552.3646703
3877,1709631552.4665987,1709631552.4698231
3878,1709631552.5800464,1709631552.5840175
3879,1709631552.660645,1709631552.6643612
3880,1709631552.7741282,1709631552.7777085
3881,1709631552.8643064,1709631552.8677218
3882,1709631552.9650822,1709631552.9685168
3883,1709631553.063085,1709631553.0663302
3884,1709631553.1615226,1709631553.1647885
3885,1709631553.262962,1709631553.266422
3886,1709631553.3570178,1709631553.35933
3887,1709631553.4604948,1709631553.4641428
3888,1709631553.5590646,1709631553.562278
3889,1709631553.6595445,1709631553.6629863
3890,1709631553.7585514,1709631553.7607393
3891,1709631553.8681943,1709631553.8725522
3892,1709631553.960377,1709631553.96466
3893,1709631554.064147,1709631554.0678113
3894,1709631554.156858,1709631554.1607928
3895,1709631554.2665272,1709631554.2707143
3896,1709631554.3613198,1709631554.3649638
3897,1709631554.4567978,1709631554.4606647
3898,1709631554.5631998,1709631554.5668006
3899,1709631554.6629837,1709631554.6666675
3900,1709631554.7607543,1709631554.7642531
3901,1709631554.8649695,1709631554.8692162
3902,1709631554.956964,1709631554.9603684
3903,1709631555.0574272,1709631555.0613365
3904,1709631555.1675532,1709631555.1716368
3905,1709631555.2607427,1709631555.2631438
3906,1709631555.3611858,1709631555.364692
3907,1709631555.457451,1709631555.4614594
3908,1709631555.5590663,1709631555.5622182
3909,1709631555.6699626,1709631555.6740966
3910,1709631555.7643704,1709631555.7676764
3911,1709631555.8600647,1709631555.863485
3912,1709631555.96136,1709631555.964631
3913,1709631556.070824,1709631556.0744963
3914,1709631556.1627865,1709631556.166574
3915,1709631556.2604637,1709631556.264234
3916,1709631556.3664758,1709631556.3698442
3917,1709631556.461298,1709631556.4647179
3918,1709631556.5618596,1709631556.5649502
3919,1709631556.664412,1709631556.668164
3920,1709631556.7592113,1709631556.7627115
3921,1709631556.8638575,1709631556.8682108
3922,1709631556.9693692,1709631556.9727898
3923,1709631557.058052,1709631557.0605497
3924,1709631557.1616013,1709631557.1640515
3925,1709631557.2654748,1709631557.2694092
3926,1709631557.37635,1709631557.380341
3927,1709631557.4565406,1709631557.4604561
3928,1709631557.559892,1709631557.5638402
3929,1709631557.6567492,1709631557.6601932
3930,1709631557.7573974,1709631557.760841
3931,1709631557.8576953,1709631557.8609707
3932,1709631557.9596279,1709631557.9631016
3933,1709631558.0622804,1709631558.0647163
3934,1709631558.1625912,1709631558.164887
3935,1709631558.269594,1709631558.2729683
3936,1709631558.3658051,1709631558.3694506
3937,1709631558.461452,1709631558.4637237
3938,1709631558.561984,1709631558.5660467
3939,1709631558.6687076,1709631558.6720552
3940,1709631558.7675767,1709631558.7713873
3941,1709631558.8643563,1709631558.8671658
3942,1709631558.9555619,1709631558.9593663
3943,1709631559.0652077,1709631559.068869
3944,1709631559.1611369,1709631559.1652334
3945,1709631559.267107,1709631559.2709563
3946,1709631559.3588314,1709631559.3622684
3947,1709631559.4629233,1709631559.466372
3948,1709631559.5721595,1709631559.575052
3949,1709631559.6686206,1709631559.6721182
3950,1709631559.7564507,1709631559.7599208
3951,1709631559.8619437,1709631559.8664355
3952,1709631559.960371,1709631559.9643803
3953,1709631560.061303,1709631560.0661829
3954,1709631560.159239,1709631560.1629395
3955,1709631560.2591298,1709631560.2626514
3956,1709631560.3621101,1709631560.3657703
3957,1709631560.4606571,1709631560.4638646
3958,1709631560.5590332,1709631560.5625222
3959,1709631560.6598861,1709631560.6630402
3960,1709631560.7644346,1709631560.7679312
3961,1709631560.8580878,1709631560.8613603
3962,1709631560.9612014,1709631560.9654708
3963,1709631561.061763,1709631561.0676193
3964,1709631561.16541,1709631561.1689153
3965,1709631561.264677,1709631561.2681813
3966,1709631561.3629332,1709631561.3664544
3967,1709631561.4641354,1709631561.4678955
3968,1709631561.561587,1709631561.5643287
3969,1709631561.660345,1709631561.664596
3970,1709631561.7668443,1709631561.7701612
3971,1709631561.8629248,1709631561.8668964
3972,1709631561.9584792,1709631561.9627898
3973,1709631562.0632486,1709631562.0668013
3974,1709631562.1638982,1709631562.168304
3975,1709631562.273842,1709631562.277076
3976,1709631562.358467,1709631562.3620472
3977,1709631562.4586782,1709631562.4629962
3978,1709631562.566318,1709631562.5699444
3979,1709631562.6722867,1709631562.6761506
3980,1709631562.757671,1709631562.7609637
3981,1709631562.8615742,1709631562.8650157
3982,1709631562.9558403,1709631562.9586873
3983,1709631563.0684824,1709631563.072337
3984,1709631563.1693168,1709631563.1729426
3985,1709631563.2670789,1709631563.2709286
3986,1709631563.357137,1709631563.3620846
3987,1709631563.4642997,1709631563.467821
3988,1709631563.5674505,1709631563.5707672
3989,1709631563.6594224,1709631563.6630676
3990,1709631563.7563417,1709631563.7602541
3991,1709631563.8632104,1709631563.867019
3992,1709631563.9624307,1709631563.964811
3993,1709631564.0569804,1709631564.0603201
3994,1709631564.1609087,1709631564.1653209
3995,1709631564.2610734,1709631564.2646582
3996,1709631564.3696141,1709631564.3727238
3997,1709631564.461938,1709631564.4658601
3998,1709631564.5621014,1709631564.565363
3999,1709631564.668456,1709631564.671953
4000,1709631564.7625313,1709631564.7658567
4001,1709631564.8711178,1709631564.8731866
4002,1709631564.9699113,1709631564.9735367
4003,1709631565.063555,1709631565.068991
4004,1709631565.1592228,1709631565.162634
4005,1709631565.2658913,1709631565.269739
4006,1709631565.3656015,1709631565.3690946
4007,1709631565.461433,1709631565.4648771
4008,1709631565.5701349,1709631565.573614
4009,1709631565.6689916,1709631565.6722271
4010,1709631565.7614827,1709631565.7659354
4011,1709631565.8639045,1709631565.8672616
4012,1709631565.9576077,1709631565.961336
4013,1709631566.0647159,1709631566.0683687
4014,1709631566.1656415,1709631566.1717782
4015,1709631566.2623663,1709631566.2657754
4016,1709631566.3659837,1709631566.3706048
4017,1709631566.4709327,1709631566.4743714
4018,1709631566.5629709,1709631566.5711505
4019,1709631566.6774662,1709631566.680583
4020,1709631566.7624757,1709631566.7651763
4021,1709631566.8686242,1709631566.8723927
4022,1709631566.9600372,1709631566.96332
4023,1709631567.0665965,1709631567.0712638
4024,1709631567.1647723,1709631567.16939
4025,1709631567.2640643,1709631567.267526
4026,1709631567.3580306,1709631567.3652549
4027,1709631567.4558005,1709631567.460029
4028,1709631567.5763772,1709631567.5810072
4029,1709631567.6718276,1709631567.6762204
4030,1709631567.7656658,1709631567.769894
4031,1709631567.8584156,1709631567.8652618
4032,1709631567.9639711,1709631567.963986
4033,1709631568.0573473,1709631568.062093
4034,1709631568.1567137,1709631568.1616127
4035,1709631568.2634182,1709631568.2634254
4036,1709631568.3615286,1709631568.3615441
4037,1709631568.4648726,1709631568.4648802
4038,1709631568.562149,1709631568.5621564
4039,1709631568.6625903,1709631568.6625974
4040,1709631568.7593622,1709631568.7593708
4041,1709631568.8729002,1709631568.8729098
4042,1709631568.9616816,1709631568.9616885
4043,1709631569.0603304,1709631569.060337
4044,1709631569.1656005,1709631569.165607
4045,1709631569.2638454,1709631569.2638528
4046,1709631569.3695624,1709631569.3695693
4047,1709631569.4670165,1709631569.4670227
4048,1709631569.5605915,1709631569.560599
4049,1709631569.6581476,1709631569.6581547
4050,1709631569.768295,1709631569.7683027
4051,1709631569.860776,1709631569.8607826
4052,1709631569.9688985,1709631569.9689052
4053,1709631570.0606928,1709631570.0606983
4054,1709631570.159261,1709631570.1592712
4055,1709631570.2655163,1709631570.265523
4056,1709631570.3589077,1709631570.3589149
4057,1709631570.4603002,1709631570.4603052
4058,1709631570.5604649,1709631570.5604706
4059,1709631570.6779194,1709631570.6779265
4060,1709631570.759615,1709631570.7596223
4061,1709631570.8561935,1709631570.8562026
4062,1709631570.9600563,1709631570.9600635
4063,1709631571.0632849,1709631571.0632925
4064,1709631571.161307,1709631571.1613135
4065,1709631571.2602031,1709631571.26021
4066,1709631571.3590598,1709631571.3590672
4067,1709631571.4629743,1709631571.462983
4068,1709631571.5596652,1709631571.559673
4069,1709631571.6616225,1709631571.6616292
4070,1709631571.7572339,1709631571.7572427
4071,1709631571.8571255,1709631571.8571334
4072,1709631571.9754307,1709631571.9754388
4073,1709631572.0625002,1709631572.0625048
4074,1709631572.1641788,1709631572.1641867
4075,1709631572.2593362,1709631572.2593427
4076,1709631572.366759,1709631572.3667665
4077,1709631572.458038,1709631572.4580455
4078,1709631572.5663888,1709631572.5664005
4079,1709631572.672088,1709631572.6720953
4080,1709631572.7668145,1709631572.7668216
4081,1709631572.863651,1709631572.8636575
4082,1709631572.9580138,1709631572.9580207
4083,1709631573.056639,1709631573.0566463
4084,1709631573.1651328,1709631573.1651406
4085,1709631573.2604258,1709631573.2604313
4086,1709631573.368719,1709631573.3687289
4087,1709631573.4609754,1709631573.460982
4088,1709631573.560924,1709631573.5609307
4089,1709631573.6662703,1709631573.6662784
4090,1709631573.777152,1709631573.7771595
4091,1709631573.8600063,1709631573.860015
4092,1709631573.9606273,1709631573.9606347
4093,1709631574.059871,1709631574.0598772
4094,1709631574.168883,1709631574.1688912
4095,1709631574.2606444,1709631574.2606525
4096,1709631574.3618546,1709631574.3618622
4097,1709631574.468797,1709631574.4688032
4098,1709631574.559877,1709631574.559886
4099,1709631574.6760533,1709631574.6760604
4100,1709631574.769843,1709631574.76985
4101,1709631574.8607333,1709631574.8607411
4102,1709631574.965857,1709631574.9658644
4103,1709631575.0627627,1709631575.062771
4104,1709631575.1589162,1709631575.158925
4105,1709631575.2722592,1709631575.2722669
4106,1709631575.3591306,1709631575.3591373
4107,1709631575.4574573,1709631575.4574618
4108,1709631575.5648818,1709631575.5648885
4109,1709631575.6600485,1709631575.6600556
4110,1709631575.7620442,1709631575.7620497
4111,1709631575.858959,1709631575.8589659
4112,1709631575.9685624,1709631575.9685686
4113,1709631576.064067,1709631576.0640745
4114,1709631576.16008,1709631576.1600878
4115,1709631576.2593417,1709631576.2593484
4116,1709631576.3568437,1709631576.3568494
4117,1709631576.4609115,1709631576.4609163
4118,1709631576.558074,1709631576.5580783
4119,1709631576.6691751,1709631576.669182
4120,1709631576.7592282,1709631576.7592335
4121,1709631576.869049,1709631576.869058
4122,1709631576.9663901,1709631576.9663973
4123,1709631577.0717301,1709631577.0717375
4124,1709631577.168452,1709631577.168459
4125,1709631577.2648447,1709631577.2648518
4126,1709631577.3660119,1709631577.3660183
4127,1709631577.4594011,1709631577.459408
4128,1709631577.5598776,1709631577.5598843
4129,1709631577.6610985,1709631577.6611073
4130,1709631577.7679672,1709631577.767975
4131,1709631577.8579273,1709631577.857932
4132,1709631577.9683442,1709631577.9683511
4133,1709631578.0602984,1709631578.0603042
4134,1709631578.1647367,1709631578.164744
4135,1709631578.2650926,1709631578.2650993
4136,1709631578.3642764,1709631578.364282
4137,1709631578.4648893,1709631578.4649
4138,1709631578.557087,1709631578.557096
4139,1709631578.6660166,1709631578.6660237
4140,1709631578.7627854,1709631578.762792
4141,1709631578.8661947,1709631578.8662047
4142,1709631578.9648752,1709631578.9648826
4143,1709631579.058816,1709631579.0588253
4144,1709631579.1627285,1709631579.1627357
4145,1709631579.2628043,1709631579.2628138
4146,1709631579.3595014,1709631579.3595088
4147,1709631579.457463,1709631579.4574697
4148,1709631579.570927,1709631579.570937
4149,1709631579.6680226,1709631579.6680288
4150,1709631579.7598016,1709631579.7598073
4151,1709631579.8607774,1709631579.8607855
4152,1709631579.9636655,1709631579.9636707
4153,1709631580.0669777,1709631580.0669847
4154,1709631580.1663651,1709631580.1663718
4155,1709631580.2591908,1709631580.2591994
4156,1709631580.3614528,1709631580.3614614
4157,1709631580.4586945,1709631580.4587026
4158,1709631580.5669036,1709631580.566912
4159,1709631580.6647687,1709631580.6647751
4160,1709631580.7635138,1709631580.763522
4161,1709631580.8667934,1709631580.8668003
4162,1709631580.9624782,1709631580.9624887
4163,1709631581.0697103,1709631581.0697176
4164,1709631581.1660247,1709631581.166032
4165,1709631581.2584991,1709631581.2585084
4166,1709631581.3641357,1709631581.3641427
4167,1709631581.4616923,1709631581.4616995
4168,1709631581.5669136,1709631581.5669186
4169,1709631581.6594913,1709631581.6594973
4170,1709631581.760083,1709631581.7600899
4171,1709631581.861397,1709631581.861405
4172,1709631581.9632761,1709631581.963283
4173,1709631582.070422,1709631582.070429
4174,1709631582.1649585,1709631582.1649637
4175,1709631582.2720127,1709631582.2720187
4176,1709631582.3569844,1709631582.3569915
4177,1709631582.4581697,1709631582.4581773
4178,1709631582.5710893,1709631582.5710967
4179,1709631582.6625319,1709631582.662538
4180,1709631582.762317,1709631582.7623246
4181,1709631582.8610086,1709631582.8610168
4182,1709631582.9645612,1709631582.9645689
4183,1709631583.0587764,1709631583.0587828
4184,1709631583.1698403,1709631583.1698492
4185,1709631583.267995,1709631583.2680032
4186,1709631583.3583875,1709631583.3583972
4187,1709631583.461205,1709631583.4612117
4188,1709631583.5675426,1709631583.5675504
4189,1709631583.6733994,1709631583.6734095
4190,1709631583.7589617,1709631583.7589686
4191,1709631583.8678536,1709631583.8678606
4192,1709631583.9602733,1709631583.9602818
4193,1709631584.0634055,1709631584.0634127
4194,1709631584.1703613,1709631584.1703668
4195,1709631584.2623081,1709631584.262316
4196,1709631584.3676019,1709631584.367611
4197,1709631584.4641104,1709631584.4641187
4198,1709631584.5583673,1709631584.5583746
4199,1709631584.664066,1709631584.664075
4200,1709631584.7608435,1709631584.7608504
4201,1709631584.8600948,1709631584.8601027
4202,1709631584.9622269,1709631584.9622333
4203,1709631585.0713685,1709631585.071377
4204,1709631585.1578262,1709631585.157833
4205,1709631585.267169,1709631585.2671769
4206,1709631585.3617148,1709631585.3617215
4207,1709631585.468822,1709631585.468828
4208,1709631585.5581858,1709631585.558198
4209,1709631585.660564,1709631585.660574
4210,1709631585.7602286,1709631585.760237
4211,1709631585.858002,1709631585.8580096
4212,1709631585.9681401,1709631585.9681473
4213,1709631586.0599203,1709631586.0599258
4214,1709631586.1651886,1709631586.1651952
4215,1709631586.263091,1709631586.2631092
4216,1709631586.3610427,1709631586.361049
4217,1709631586.465582,1709631586.4655895
4218,1709631586.5625856,1709631586.5625932
4219,1709631586.6581297,1709631586.6581347
4220,1709631586.7681851,1709631586.7681913
4221,1709631586.8794749,1709631586.8794851
4222,1709631586.9664066,1709631586.9664147
4223,1709631587.0598426,1709631587.0598497
4224,1709631587.1696978,1709631587.1697075
4225,1709631587.2750447,1709631587.2750547
4226,1709631587.36146,1709631587.3614676
4227,1709631587.4659674,1709631587.465974
4228,1709631587.5693295,1709631587.5693362
4229,1709631587.6662047,1709631587.6662133
4230,1709631587.757316,1709631587.7573228
4231,1709631587.866817,1709631587.866825
4232,1709631587.9587564,1709631587.9587638
4233,1709631588.0617142,1709631588.0617235
4234,1709631588.1623297,1709631588.1623368
4235,1709631588.259534,1709631588.259539
4236,1709631588.3640025,1709631588.3640108
4237,1709631588.4597127,1709631588.4597206
4238,1709631588.5679686,1709631588.5679748
4239,1709631588.6628268,1709631588.6628337
4240,1709631588.7571301,1709631588.7571368
4241,1709631588.8578975,1709631588.8579042
4242,1709631588.9731443,1709631588.973152
4243,1709631589.063293,1709631589.0632985
4244,1709631589.1650903,1709631589.1650977
4245,1709631589.2594905,1709631589.2594986
4246,1709631589.3721673,1709631589.3721766
4247,1709631589.4662366,1709631589.466243
4248,1709631589.5611892,1709631589.5611966
4249,1709631589.660248,1709631589.6602547
4250,1709631589.7650669,1709631589.765073
4251,1709631589.8635702,1709631589.8635764
4252,1709631589.96427,1709631589.9642773
4253,1709631590.0622075,1709631590.0622144
4254,1709631590.1613863,1709631590.1613934
4255,1709631590.257094,1709631590.2571018
4256,1709631590.3558125,1709631590.3558197
4257,1709631590.4592476,1709631590.459254
4258,1709631590.5652134,1709631590.565223
4259,1709631590.6604762,1709631590.6604836
4260,1709631590.7574317,1709631590.7574372
4261,1709631590.8616385,1709631590.8616471
4262,1709631590.9574296,1709631590.9574347
4263,1709631591.0574899,1709631591.0574975
4264,1709631591.1598516,1709631591.159858
4265,1709631591.2653356,1709631591.2653437
4266,1709631591.3672056,1709631591.3672123
4267,1709631591.4569294,1709631591.4569366
4268,1709631591.562067,1709631591.562075
4269,1709631591.677704,1709631591.6777108
4270,1709631591.7616951,1709631591.761701
4271,1709631591.8690164,1709631591.869025
4272,1709631591.956985,1709631591.9569921
4273,1709631592.0646086,1709631592.064614
4274,1709631592.1571681,1709631592.1571753
4275,1709631592.2696257,1709631592.2696328
4276,1709631592.3686535,1709631592.3686614
4277,1709631592.4554963,1709631592.4555035
4278,1709631592.5658247,1709631592.5658305
4279,1709631592.65733,1709631592.6573346
4280,1709631592.76363,1709631592.7636366
4281,1709631592.8605292,1709631592.8605366
4282,1709631592.9599564,1709631592.9599638
4283,1709631593.072261,1709631593.072267
4284,1709631593.157505,1709631593.1575105
4285,1709631593.2695417,1709631593.2695506
4286,1709631593.3695273,1709631593.3695354
4287,1709631593.4677358,1709631593.4677432
4288,1709631593.5676255,1709631593.5676334
4289,1709631593.6636846,1709631593.663693
4290,1709631593.7619364,1709631593.761943
4291,1709631593.875701,1709631593.8757093
4292,1709631593.9575565,1709631593.9575632
4293,1709631594.0610163,1709631594.0610242
4294,1709631594.1628125,1709631594.1628213
4295,1709631594.2670093,1709631594.2670186
4296,1709631594.3582761,1709631594.358286
4297,1709631594.456741,1709631594.4567482
4298,1709631594.56205,1709631594.5620558
4299,1709631594.670586,1709631594.6705933
4300,1709631594.7647445,1709631594.764752
4301,1709631594.8656838,1709631594.8656912
4302,1709631594.9589977,1709631594.9590054
4303,1709631595.0678256,1709631595.0678325
4304,1709631595.1591785,1709631595.1591864
4305,1709631595.2636752,1709631595.2636807
4306,1709631595.3635476,1709631595.3635542
4307,1709631595.4655988,1709631595.4656065
4308,1709631595.5576634,1709631595.5576699
4309,1709631595.6624455,1709631595.6624565
4310,1709631595.7585585,1709631595.7585654
4311,1709631595.869929,1709631595.8699362
4312,1709631595.9638877,1709631595.963893
4313,1709631596.0601265,1709631596.0601344
4314,1709631596.1596277,1709631596.159633
4315,1709631596.268693,1709631596.2687006
4316,1709631596.3642368,1709631596.364244
4317,1709631596.4632068,1709631596.463213
4318,1709631596.5627015,1709631596.562709
4319,1709631596.6751046,1709631596.6751125
4320,1709631596.7638373,1709631596.7638454
4321,1709631596.8648448,1709631596.8648522
4322,1709631596.9571705,1709631596.9571776
4323,1709631597.0641186,1709631597.06413
4324,1709631597.1603627,1709631597.1603725
4325,1709631597.2595296,1709631597.2595372
4326,1709631597.3590324,1709631597.3590415
4327,1709631597.4673877,1709631597.4673963
4328,1709631597.5583775,1709631597.5583858
4329,1709631597.6637754,1709631597.6637843
4330,1709631597.7621996,1709631597.7622063
4331,1709631597.8671896,1709631597.8671985
4332,1709631597.958594,1709631597.958602
4333,1709631598.055919,1709631598.0559268
4334,1709631598.1731348,1709631598.1731434
4335,1709631598.275281,1709631598.275289
4336,1709631598.357905,1709631598.3579123
4337,1709631598.4646103,1709631598.4646177
4338,1709631598.5581522,1709631598.5581589
4339,1709631598.6611385,1709631598.6611435
4340,1709631598.760471,1709631598.7604783
4341,1709631598.8628361,1709631598.862843
4342,1709631598.9648747,1709631598.9648821
4343,1709631599.0594897,1709631599.0594974
4344,1709631599.1645548,1709631599.1645603
4345,1709631599.261132,1709631599.2611365
4346,1709631599.3628168,1709631599.3628237
4347,1709631599.4656365,1709631599.465645
4348,1709631599.5571778,1709631599.5571861
4349,1709631599.6642203,1709631599.6642275
4350,1709631599.7620907,1709631599.7620988
4351,1709631599.8611455,1709631599.8611524
4352,1709631599.9612048,1709631599.9612114
4353,1709631600.0668657,1709631600.066874
4354,1709631600.1622012,1709631600.162208
4355,1709631600.2663755,1709631600.2663817
4356,1709631600.3654592,1709631600.3654673
4357,1709631600.460379,1709631600.460389
4358,1709631600.5605488,1709631600.5605574
4359,1709631600.6575336,1709631600.6575415
4360,1709631600.7617333,1709631600.7617705
4361,1709631600.865137,1709631600.8651454
4362,1709631600.9556134,1709631600.955619
4363,1709631601.06497,1709631601.0649765
4364,1709631601.1616404,1709631601.1616468
4365,1709631601.25707,1709631601.2570775
4366,1709631601.3623738,1709631601.3623884
4367,1709631601.4660432,1709631601.4660525
4368,1709631601.5640297,1709631601.5640352
4369,1709631601.6576834,1709631601.6576912
4370,1709631601.7589893,1709631601.7589965
4371,1709631601.8568065,1709631601.8568156
4372,1709631601.971784,1709631601.9717946
4373,1709631602.0654712,1709631602.0654788
4374,1709631602.1624465,1709631602.1624541
4375,1709631602.2593358,1709631602.2593436
4376,1709631602.3767624,1709631602.3767722
4377,1709631602.4628117,1709631602.462817
4378,1709631602.565726,1709631602.5657334
4379,1709631602.6599317,1709631602.6599386
4380,1709631602.7657838,1709631602.765793
4381,1709631602.863775,1709631602.8637826
4382,1709631602.9560955,1709631602.9561024
4383,1709631603.074566,1709631603.0745738
4384,1709631603.166962,1709631603.1669693
4385,1709631603.2646227,1709631603.264631
4386,1709631603.3647306,1709631603.3647382
4387,1709631603.4656599,1709631603.4656668
4388,1709631603.5626647,1709631603.5626729
4389,1709631603.663437,1709631603.6634445
4390,1709631603.7652628,1709631603.7652705
4391,1709631603.8644738,1709631603.864483
4392,1709631603.9623413,1709631603.962349
4393,1709631604.059288,1709631604.0592957
4394,1709631604.163813,1709631604.163824
4395,1709631604.2588823,1709631604.2588897
4396,1709631604.3641176,1709631604.364125
4397,1709631604.4607894,1709631604.460796
4398,1709631604.559129,1709631604.559136
4399,1709631604.6588097,1709631604.6588175
4400,1709631604.7635698,1709631604.763577
4401,1709631604.8725393,1709631604.8725462
4402,1709631604.9579,1709631604.957906
4403,1709631605.0625103,1709631605.0625184
4404,1709631605.1649623,1709631605.1649714
4405,1709631605.2607005,1709631605.2607067
4406,1709631605.367225,1709631605.3672328
4407,1709631605.4614656,1709631605.4614744
4408,1709631605.5658274,1709631605.5658352
4409,1709631605.6634238,1709631605.663431
4410,1709631605.76396,1709631605.7639685
4411,1709631605.865384,1709631605.8653924
4412,1709631605.9646044,1709631605.9646118
4413,1709631606.0641398,1709631606.0641472
4414,1709631606.1657698,1709631606.1657777
4415,1709631606.257107,1709631606.2571137
4416,1709631606.3670561,1709631606.367061
4417,1709631606.4608939,1709631606.4609017
4418,1709631606.5589485,1709631606.5589554
4419,1709631606.6601946,1709631606.6602013
4420,1709631606.7699215,1709631606.7699275
4421,1709631606.8575866,1709631606.8575938
4422,1709631606.9556615,1709631606.9556682
4423,1709631607.063873,1709631607.0638816
4424,1709631607.1643214,1709631607.1643302
4425,1709631607.2574043,1709631607.2574105
4426,1709631607.3570502,1709631607.357058
4427,1709631607.4580882,1709631607.458116
4428,1709631607.5608947,1709631607.5609007
4429,1709631607.6657393,1709631607.665747
4430,1709631607.7573717,1709631607.757381
4431,1709631607.859761,1709631607.8597672
4432,1709631607.962313,1709631607.962321
4433,1709631608.06168,1709631608.061687
4434,1709631608.1699047,1709631608.1699126
4435,1709631608.2626276,1709631608.2626343
4436,1709631608.3672152,1709631608.367223
4437,1709631608.4587257,1709631608.4587321
4438,1709631608.5640533,1709631608.5640616
4439,1709631608.6575851,1709631608.657592
4440,1709631608.7584133,1709631608.758421
4441,1709631608.8638854,1709631608.8638923
4442,1709631608.9600484,1709631608.9600558
4443,1709631609.062775,1709631609.0627825
4444,1709631609.1586928,1709631609.158699
4445,1709631609.267151,1709631609.2671568
4446,1709631609.3641496,1709631609.3641572
4447,1709631609.4619257,1709631609.4619339
4448,1709631609.5626588,1709631609.5626662
4449,1709631609.6625462,1709631609.6625535
4450,1709631609.771131,1709631609.771137
4451,1709631609.8607166,1709631609.8607247
4452,1709631609.9646034,1709631609.9646108
4453,1709631610.0616019,1709631610.0616093
4454,1709631610.1713414,1709631610.1713476
4455,1709631610.2633598,1709631610.263368
4456,1709631610.3601916,1709631610.3602047
4457,1709631610.4682088,1709631610.4682138
4458,1709631610.5621912,1709631610.5622022
4459,1709631610.6613755,1709631610.661382
4460,1709631610.7597868,1709631610.759793
4461,1709631610.8648086,1709631610.8648155
4462,1709631610.958897,1709631610.9589043
4463,1709631611.0607123,1709631611.0607228
4464,1709631611.1639342,1709631611.1639428
4465,1709631611.261313,1709631611.2613199
4466,1709631611.3701847,1709631611.3701923
4467,1709631611.4591339,1709631611.4591427
4468,1709631611.567712,1709631611.5677197
4469,1709631611.6602097,1709631611.6602192
4470,1709631611.7668915,1709631611.7669
4471,1709631611.868809,1709631611.8688161
4472,1709631611.9603622,1709631611.9603672
4473,1709631612.064646,1709631612.0646548
4474,1709631612.1721382,1709631612.172146
4475,1709631612.259584,1709631612.2595916
4476,1709631612.3611224,1709631612.3611298
4477,1709631612.4631774,1709631612.4631848
4478,1709631612.5729055,1709631612.5729134
4479,1709631612.6642363,1709631612.6642435
4480,1709631612.7672226,1709631612.7672312
4481,1709631612.8632226,1709631612.863231
4482,1709631612.9591665,1709631612.9591734
4483,1709631613.0607982,1709631613.0608053
4484,1709631613.1593833,1709631613.1593914
4485,1709631613.262746,1709631613.2627542
4486,1709631613.3659723,1709631613.3659809
4487,1709631613.468394,1709631613.4684012
4488,1709631613.5613089,1709631613.5613146
4489,1709631613.6610093,1709631613.6610181
4490,1709631613.761735,1709631613.7617426
4491,1709631613.8577294,1709631613.8577366
4492,1709631613.957283,1709631613.9572885
4493,1709631614.0559695,1709631614.0559776
4494,1709631614.1643538,1709631614.1643643
4495,1709631614.2630506,1709631614.263058
4496,1709631614.3609707,1709631614.3609781
4497,1709631614.4605548,1709631614.4605618
4498,1709631614.5566788,1709631614.556686
4499,1709631614.67278,1709631614.672787
4500,1709631614.7692482,1709631614.7692583
4501,1709631614.8581898,1709631614.8581996
4502,1709631614.9617226,1709631614.9617314
4503,1709631615.0703685,1709631615.0703752
4504,1709631615.500843,1709631615.5056212
4505,1709631615.5162745,1709631615.519836
4506,1709631615.5665836,1709631615.57018
4507,1709631615.674237,1709631615.6799436
4508,1709631615.773237,1709631615.777512
4509,1709631615.864453,1709631615.8680162
4510,1709631615.9607248,1709631615.9662943
4511,1709631616.061588,1709631616.065153
4512,1709631616.1655252,1709631616.1696405
4513,1709631616.2609348,1709631616.2644506
4514,1709631616.3625388,1709631616.3661823
4515,1709631616.4608228,1709631616.4646852
4516,1709631616.5708938,1709631616.5733392
4517,1709631616.6608799,1709631616.6647387
4518,1709631616.7576997,1709631616.7612
4519,1709631616.862963,1709631616.8668394
4520,1709631616.966226,1709631616.970265
4521,1709631617.063248,1709631617.067077
4522,1709631617.1646645,1709631617.167624
4523,1709631617.2716362,1709631617.2751498
4524,1709631617.3653483,1709631617.369485
4525,1709631617.4579856,1709631617.4621475
4526,1709631617.5582294,1709631617.5623226
4527,1709631617.6570597,1709631617.6610315
4528,1709631617.766716,1709631617.7719927
4529,1709631617.8590128,1709631617.8622174
4530,1709631617.9627779,1709631617.9666526
4531,1709631618.0600233,1709631618.0635858
4532,1709631618.1605732,1709631618.1649978
4533,1709631618.2667108,1709631618.270638
4534,1709631618.3599985,1709631618.3600068
4535,1709631618.462012,1709631618.4620185
4536,1709631618.5631068,1709631618.56312
4537,1709631618.6771445,1709631618.6771529
4538,1709631618.7598448,1709631618.7598536
4539,1709631618.8647575,1709631618.864765
4540,1709631618.9691415,1709631618.969148
4541,1709631619.065093,1709631619.065101
4542,1709631619.1659746,1709631619.1659834
4543,1709631619.257695,1709631619.2577026
4544,1709631619.3686388,1709631619.368646
4545,1709631619.46545,1709631619.4654572
4546,1709631619.5657575,1709631619.5657642
4547,1709631619.6764002,1709631619.676406
4548,1709631619.766045,1709631619.7660527
4549,1709631619.8717027,1709631619.8717115
4550,1709631619.9616017,1709631619.9616091
4551,1709631620.0779128,1709631620.077921
4552,1709631620.1652005,1709631620.1652086
4553,1709631620.2625425,1709631620.2625492
4554,1709631620.3611336,1709631620.3611407
4555,1709631620.4614472,1709631620.4614546
4556,1709631620.567656,1709631620.5676634
4557,1709631620.666872,1709631620.6668797
4558,1709631620.7643406,1709631620.7643487
4559,1709631620.8582284,1709631620.8582346
4560,1709631620.959382,1709631620.959389
4561,1709631621.0665638,1709631621.0665708
4562,1709631621.1680372,1709631621.168044
4563,1709631621.2684476,1709631621.2684546
4564,1709631621.3632681,1709631621.363276
4565,1709631621.467111,1709631621.4671192
4566,1709631621.5656173,1709631621.5656242
4567,1709631621.673113,1709631621.6731212
4568,1709631621.7675781,1709631621.767586
4569,1709631621.864631,1709631621.8646388
4570,1709631621.97473,1709631621.9747365
4571,1709631622.0672965,1709631622.0673037
4572,1709631622.1627982,1709631622.1628058
4573,1709631622.270091,1709631622.2701025
4574,1709631622.3712747,1709631622.3712878
4575,1709631622.469218,1709631622.4692261
4576,1709631622.5740042,1709631622.574012
4577,1709631622.6713545,1709631622.671361
4578,1709631622.7634184,1709631622.763426
4579,1709631622.8703077,1709631622.8703163
4580,1709631622.9646416,1709631622.9646482
4581,1709631623.0648317,1709631623.0648391
4582,1709631623.1605241,1709631623.1605313
4583,1709631623.2631047,1709631623.2631123
4584,1709631623.3599055,1709631623.3599093
4585,1709631623.4695976,1709631623.4696062
4586,1709631623.5594187,1709631623.559425
4587,1709631623.6575685,1709631623.6575758
4588,1709631623.7611508,1709631623.7611566
4589,1709631623.8659494,1709631623.865957
4590,1709631623.9609232,1709631623.9609303
4591,1709631624.066061,1709631624.0660675
4592,1709631624.1583738,1709631624.158381
4593,1709631624.2629151,1709631624.2629209
4594,1709631624.374101,1709631624.3741074
4595,1709631624.4666948,1709631624.4667013
4596,1709631624.5778646,1709631624.5778742
4597,1709631624.6618214,1709631624.6618276
4598,1709631624.7681456,1709631624.7681537
4599,1709631624.870484,1709631624.8704908
4600,1709631624.9738913,1709631624.973902
4601,1709631625.0750859,1709631625.075093
4602,1709631625.166365,1709631625.1663713
4603,1709631625.2718115,1709631625.2718196
4604,1709631625.3595822,1709631625.3595893
4605,1709631625.4615226,1709631625.4615273
4606,1709631625.5700083,1709631625.5700161
4607,1709631625.6669989,1709631625.6670084
4608,1709631625.7567315,1709631625.7567365
4609,1709631625.8695076,1709631625.869515
4610,1709631625.9604359,1709631625.9604428
4611,1709631626.0625577,1709631626.0625646
4612,1709631626.1694763,1709631626.1694834
4613,1709631626.2614975,1709631626.2615044
4614,1709631626.3720825,1709631626.3720899
4615,1709631626.4631748,1709631626.4631817
4616,1709631626.5604517,1709631626.5604584
4617,1709631626.675646,1709631626.6756566
4618,1709631626.7619042,1709631626.761912
4619,1709631626.8607068,1709631626.860714
4620,1709631626.9684181,1709631626.9684222
4621,1709631627.0611815,1709631627.0611906
4622,1709631627.1614246,1709631627.1614316
4623,1709631627.2691658,1709631627.2691727
4624,1709631627.3620064,1709631627.3620129
4625,1709631627.457215,1709631627.45722
4626,1709631627.5696154,1709631627.5696256
4627,1709631627.6666102,1709631627.666617
4628,1709631627.7771971,1709631627.7772057
4629,1709631627.8624794,1709631627.8624864
4630,1709631627.9726648,1709631627.9726737
4631,1709631628.0609066,1709631628.0609114
4632,1709631628.1663392,1709631628.1663458
4633,1709631628.2754316,1709631628.275439
4634,1709631628.362335,1709631628.3623405
4635,1709631628.465693,1709631628.4657001
4636,1709631628.5683982,1709631628.568405
4637,1709631628.6590273,1709631628.6590343
4638,1709631628.758096,1709631628.7581022
4639,1709631628.8690994,1709631628.869107
4640,1709631628.9650142,1709631628.9650223
4641,1709631629.0666933,1709631629.0667012
4642,1709631629.1597087,1709631629.1597135
4643,1709631629.268537,1709631629.2685447
4644,1709631629.368845,1709631629.3688524
4645,1709631629.4631288,1709631629.4631362
4646,1709631629.5610194,1709631629.5610256
4647,1709631629.6654286,1709631629.6654363
4648,1709631629.7609565,1709631629.7609627
4649,1709631629.864639,1709631629.8646462
4650,1709631629.9741306,1709631629.9741404
4651,1709631630.0587652,1709631630.058773
4652,1709631630.164515,1709631630.1645243
4653,1709631630.2703319,1709631630.270339
4654,1709631630.3748612,1709631630.3748696
4655,1709631630.4671547,1709631630.4671628
4656,1709631630.5665393,1709631630.5665462
4657,1709631630.6661317,1709631630.6661398
4658,1709631630.7739184,1709631630.7739258
4659,1709631630.866017,1709631630.866025
4660,1709631630.968369,1709631630.968378
4661,1709631631.071276,1709631631.071283
4662,1709631631.1631746,1709631631.1631815
4663,1709631631.2676172,1709631631.2676225
4664,1709631631.366604,1709631631.366611
4665,1709631631.4662766,1709631631.466285
4666,1709631631.5671844,1709631631.5671928
4667,1709631631.6570141,1709631631.6570196
4668,1709631631.763182,1709631631.763189
4669,1709631631.8644001,1709631631.864407
4670,1709631631.9704506,1709631631.9704592
4671,1709631632.0691683,1709631632.0691752
4672,1709631632.1694643,1709631632.1694777
4673,1709631632.2670088,1709631632.2670171
4674,1709631632.3675535,1709631632.3675606
4675,1709631632.4791672,1709631632.4791763
4676,1709631632.5648024,1709631632.5648103
4677,1709631632.6634912,1709631632.6635044
4678,1709631632.7706938,1709631632.7707
4679,1709631632.8703554,1709631632.8703635
4680,1709631632.96805,1709631632.9680593
4681,1709631633.074726,1709631633.074732
4682,1709631633.16595,1709631633.1659544
4683,1709631633.2653592,1709631633.2653673
4684,1709631633.3605306,1709631633.360538
4685,1709631633.4641228,1709631633.4641304
4686,1709631633.571345,1709631633.5713525
4687,1709631633.6598542,1709631633.6598613
4688,1709631633.7656007,1709631633.7656062
4689,1709631633.8620336,1709631633.8620408
4690,1709631633.9602633,1709631633.9602678
4691,1709631634.059999,1709631634.0600076
4692,1709631634.162195,1709631634.1622095
4693,1709631634.2597578,1709631634.259764
4694,1709631634.3663547,1709631634.3663633
4695,1709631634.4598534,1709631634.4598615
4696,1709631634.5789738,1709631634.578982
4697,1709631634.6607625,1709631634.6607716
4698,1709631634.7618566,1709631634.7618644
4699,1709631634.8616521,1709631634.8616598
4700,1709631634.9682047,1709631634.9682124
4701,1709631635.0758126,1709631635.0758204
4702,1709631635.1615224,1709631635.1615276
4703,1709631635.2598186,1709631635.2598255
4704,1709631635.3626795,1709631635.3626878
4705,1709631635.4659946,1709631635.466002
4706,1709631635.5761428,1709631635.576151
4707,1709631635.682465,1709631635.6824718
4708,1709631635.7685318,1709631635.7685401
4709,1709631635.8665667,1709631635.8665733
4710,1709631635.9596112,1709631635.9596188
4711,1709631636.0702147,1709631636.0702243
4712,1709631636.1621804,1709631636.162187
4713,1709631636.27792,1709631636.2779264
4714,1709631636.365488,1709631636.365495
4715,1709631636.4644902,1709631636.464497
4716,1709631636.563812,1709631636.5638204
4717,1709631636.6613584,1709631636.661364
4718,1709631636.7622488,1709631636.762256
4719,1709631636.8571863,1709631636.8571937
4720,1709631636.964835,1709631636.9648435
4721,1709631637.0578976,1709631637.0579054
4722,1709631637.1600595,1709631637.1600673
4723,1709631637.2595904,1709631637.2596
4724,1709631637.3592374,1709631637.3592455
4725,1709631637.4635875,1709631637.4635952
4726,1709631637.5595162,1709631637.559525
4727,1709631637.6573677,1709631637.6573763
4728,1709631637.7627902,1709631637.7627978
4729,1709631637.8656666,1709631637.865675
4730,1709631637.9673984,1709631637.9674041
4731,1709631638.0569334,1709631638.0569415
4732,1709631638.160527,1709631638.1605346
4733,1709631638.2625666,1709631638.262575
4734,1709631638.3585339,1709631638.3585427
4735,1709631638.4622285,1709631638.4622338
4736,1709631638.5653172,1709631638.5653243
4737,1709631638.6632056,1709631638.6632152
4738,1709631638.7635813,1709631638.7635894
4739,1709631638.8655028,1709631638.8655553
4740,1709631638.9656634,1709631638.9657063
4741,1709631639.0606525,1709631639.0607066
4742,1709631639.1586878,1709631639.1586938
4743,1709631639.266637,1709631639.2666438
4744,1709631639.3690336,1709631639.3690395
4745,1709631639.4608083,1709631639.4608169
4746,1709631639.5668387,1709631639.5668435
4747,1709631639.675688,1709631639.6756942
4748,1709631639.7742631,1709631639.77427
4749,1709631639.8606334,1709631639.8606386
4750,1709631639.9628954,1709631639.9629028
4751,1709631640.0680315,1709631640.0680401
4752,1709631640.1615934,1709631640.1616037
4753,1709631640.277392,1709631640.2773995
4754,1709631640.367857,1709631640.3678641
4755,1709631640.4645474,1709631640.4645548
4756,1709631640.5643134,1709631640.5643213
4757,1709631640.6623518,1709631640.662358
4758,1709631640.7631505,1709631640.7631571
4759,1709631640.8686137,1709631640.8686192
4760,1709631640.9578729,1709631640.957881
4761,1709631641.0629976,1709631641.0630136
4762,1709631641.1632318,1709631641.1632388
4763,1709631641.257989,1709631641.257996
4764,1709631641.3621638,1709631641.362171
4765,1709631641.4720345,1709631641.4720402
4766,1709631641.5648875,1709631641.5648947
4767,1709631641.6580458,1709631641.65805
4768,1709631641.7709956,1709631641.7710028
4769,1709631641.8748431,1709631641.874851
4770,1709631641.9666107,1709631641.9666193
4771,1709631642.0606525,1709631642.0606577
4772,1709631642.1563125,1709631642.1563203
4773,1709631642.2704203,1709631642.270427
4774,1709631642.3608205,1709631642.3608248
4775,1709631642.4649568,1709631642.4649637
4776,1709631642.5601354,1709631642.560141
4777,1709631642.6643317,1709631642.6643393
4778,1709631642.761107,1709631642.7611134
4779,1709631642.8696046,1709631642.8696141
4780,1709631642.9580271,1709631642.9580324
4781,1709631643.0754044,1709631643.0754116
4782,1709631643.1708305,1709631643.1708386
4783,1709631643.2751472,1709631643.275154
4784,1709631643.357426,1709631643.3574328
4785,1709631643.4694605,1709631643.4694676
4786,1709631643.5581362,1709631643.5581431
4787,1709631643.6580155,1709631643.6580229
4788,1709631643.7571044,1709631643.757111
4789,1709631643.8577087,1709631643.8577163
4790,1709631643.9666276,1709631643.9666338
4791,1709631644.0567217,1709631644.0567293
4792,1709631644.1580849,1709631644.1580904
4793,1709631644.2600336,1709631644.2600384
4794,1709631644.3669188,1709631644.3669279
4795,1709631644.4680545,1709631644.4680617
4796,1709631644.5707726,1709631644.5707772
4797,1709631644.6556551,1709631644.6556633
4798,1709631644.7715075,1709631644.771515
4799,1709631644.8688016,1709631644.868809
4800,1709631644.962772,1709631644.962779
4801,1709631645.0575008,1709631645.057506
4802,1709631645.1663878,1709631645.1663933
4803,1709631645.2604465,1709631645.2604518
4804,1709631645.3629758,1709631645.3629832
4805,1709631645.4679677,1709631645.467975
4806,1709631645.572389,1709631645.5723965
4807,1709631645.660453,1709631645.6604595
4808,1709631645.7647939,1709631645.764804
4809,1709631645.8592467,1709631645.8592541
4810,1709631645.9624722,1709631645.9624796
4811,1709631646.0605218,1709631646.0605297
4812,1709631646.158822,1709631646.1588318
4813,1709631646.27006,1709631646.2700698
4814,1709631646.3597684,1709631646.3597748
4815,1709631646.4750197,1709631646.475029
4816,1709631646.558548,1709631646.5585556
4817,1709631646.6599374,1709631646.6599445
4818,1709631646.7600636,1709631646.7600715
4819,1709631646.8699512,1709631646.8699584
4820,1709631646.9693754,1709631646.969381
4821,1709631647.0622003,1709631647.0622056
4822,1709631647.1710536,1709631647.1710608
4823,1709631647.2595334,1709631647.2595413
4824,1709631647.3674862,1709631647.367497
4825,1709631647.4628332,1709631647.46284
4826,1709631647.5689173,1709631647.5689242
4827,1709631647.660339,1709631647.6603475
4828,1709631647.766925,1709631647.766932
4829,1709631647.8730311,1709631647.873038
4830,1709631647.9633498,1709631647.9633675
4831,1709631648.0618567,1709631648.061863
4832,1709631648.1582222,1709631648.1582289
4833,1709631648.2600653,1709631648.2600727
4834,1709631648.365774,1709631648.3657906
4835,1709631648.4610326,1709631648.4610398
4836,1709631648.5681107,1709631648.5681186
4837,1709631648.6683388,1709631648.6683471
4838,1709631648.767594,1709631648.7676015
4839,1709631648.8640769,1709631648.8640838
4840,1709631648.9665573,1709631648.9665651
4841,1709631649.0668771,1709631649.0668845
4842,1709631649.1664524,1709631649.166459
4843,1709631649.2641299,1709631649.2641368
4844,1709631649.3604074,1709631649.3604143
4845,1709631649.4632368,1709631649.4632502
4846,1709631649.570398,1709631649.5704107
4847,1709631649.6655273,1709631649.6655338
4848,1709631649.7653167,1709631649.7653255
4849,1709631649.8642385,1709631649.8642464
4850,1709631649.972824,1709631649.9728317
4851,1709631650.0736494,1709631650.0736563
4852,1709631650.1673784,1709631650.1673837
4853,1709631650.2625093,1709631650.2625163
4854,1709631650.3592324,1709631650.3592396
4855,1709631650.468665,1709631650.4686706
4856,1709631650.572729,1709631650.5727363
4857,1709631650.6605747,1709631650.6605823
4858,1709631650.7723124,1709631650.7723198
4859,1709631650.8655334,1709631650.865538
4860,1709631650.966888,1709631650.9668956
4861,1709631651.063567,1709631651.0635722
4862,1709631651.1791627,1709631651.1791697
4863,1709631651.2680228,1709631651.2680316
4864,1709631651.36581,1709631651.365815
4865,1709631651.472853,1709631651.4728608
4866,1709631651.5670543,1709631651.5670643
4867,1709631651.6674552,1709631651.6674623
4868,1709631651.7633982,1709631651.7634077
4869,1709631651.8712256,1709631651.871234
4870,1709631651.964817,1709631651.9648223
4871,1709631652.0614614,1709631652.0614688
4872,1709631652.1699758,1709631652.1699824
4873,1709631652.2620668,1709631652.2620735
4874,1709631652.367522,1709631652.3675287
4875,1709631652.4698622,1709631652.4698687
4876,1709631652.5626059,1709631652.562613
4877,1709631652.6649075,1709631652.664914
4878,1709631652.7661216,1709631652.7661285
4879,1709631652.8731613,1709631652.87317
4880,1709631652.9683716,1709631652.968379
4881,1709631653.0611787,1709631653.0611851
4882,1709631653.1688092,1709631653.1688156
4883,1709631653.2713048,1709631653.2713137
4884,1709631653.3784873,1709631653.378495
4885,1709631653.4784646,1709631653.4784722
4886,1709631653.5609808,1709631653.560989
4887,1709631653.6686783,1709631653.6686847
4888,1709631653.768808,1709631653.768813
4889,1709631653.866262,1709631653.86627
4890,1709631653.9677908,1709631653.9677975
4891,1709631654.061796,1709631654.0618021
4892,1709631654.162872,1709631654.1628792
4893,1709631654.2660196,1709631654.2660277
4894,1709631654.3599463,1709631654.3599756
4895,1709631654.4589841,1709631654.4589918
4896,1709631654.5727336,1709631654.5727472
4897,1709631654.6654031,1709631654.6654103
4898,1709631654.7736835,1709631654.7736914
4899,1709631654.8732667,1709631654.8732734
4900,1709631654.961595,1709631654.9616024
4901,1709631655.0627887,1709631655.0627952
4902,1709631655.1642818,1709631655.164289
4903,1709631655.2592425,1709631655.2592497
4904,1709631655.364313,1709631655.3643198
4905,1709631655.4604957,1709631655.4605026
4906,1709631655.5688295,1709631655.568838
4907,1709631655.6730187,1709631655.6730273
4908,1709631655.7593827,1709631655.7593913
4909,1709631655.8725595,1709631655.8725648
4910,1709631655.9635735,1709631655.9635806
4911,1709631656.0593915,1709631656.0593963
4912,1709631656.1641788,1709631656.1641843
4913,1709631656.2603688,1709631656.2603748
4914,1709631656.3678057,1709631656.3678133
4915,1709631656.4629903,1709631656.462998
4916,1709631656.565252,1709631656.565259
4917,1709631656.6594622,1709631656.6594708
4918,1709631656.7594268,1709631656.7594337
4919,1709631656.870833,1709631656.8708403
4920,1709631656.9618301,1709631656.9618368
4921,1709631657.062507,1709631657.062513
4922,1709631657.1649182,1709631657.1649282
4923,1709631657.2656126,1709631657.2656224
4924,1709631657.3652802,1709631657.3652854
4925,1709631657.4636483,1709631657.4636555
4926,1709631657.564523,1709631657.5645292
4927,1709631657.6648993,1709631657.6649067
4928,1709631657.7616253,1709631657.761633
4929,1709631657.8743074,1709631657.874318
4930,1709631657.9590554,1709631657.9590597
4931,1709631658.0645053,1709631658.064513
4932,1709631658.1581678,1709631658.1581776
4933,1709631658.2648265,1709631658.2648335
4934,1709631658.374086,1709631658.3740938
4935,1709631658.4583654,1709631658.458372
4936,1709631658.563137,1709631658.5631444
4937,1709631658.6736472,1709631658.673654
4938,1709631658.76352,1709631658.763527
4939,1709631658.8734224,1709631658.8734305
4940,1709631658.964507,1709631658.9645152
4941,1709631659.0629203,1709631659.062928
4942,1709631659.162501,1709631659.1625078
4943,1709631659.2654932,1709631659.2655008
4944,1709631659.3602283,1709631659.360235
4945,1709631659.4578485,1709631659.457856
4946,1709631659.5570436,1709631659.5570505
4947,1709631659.664997,1709631659.6650043
4948,1709631659.7646852,1709631659.7646928
4949,1709631659.8674932,1709631659.867503
4950,1709631659.9694695,1709631659.9694808
4951,1709631660.065387,1709631660.0653944
4952,1709631660.164085,1709631660.1640933
4953,1709631660.2647517,1709631660.2647572
4954,1709631660.374222,1709631660.3742306
4955,1709631660.4665282,1709631660.4665363
4956,1709631660.5614495,1709631660.5614567
4957,1709631660.6593232,1709631660.65933
4958,1709631660.7601068,1709631660.7601132
4959,1709631660.8604088,1709631660.8604136
4960,1709631660.9617054,1709631660.9617152
4961,1709631661.061085,1709631661.0610926
4962,1709631661.1595488,1709631661.1595562
4963,1709631661.2567563,1709631661.2567608
4964,1709631661.3597958,1709631661.3598042
4965,1709631661.4693413,1709631661.4693475
4966,1709631661.5623515,1709631661.562359
4967,1709631661.6600127,1709631661.660021
4968,1709631661.7646232,1709631661.7646296
4969,1709631661.865571,1709631661.8655767
4970,1709631661.9673035,1709631661.9673107
4971,1709631662.0695524,1709631662.0695605
4972,1709631662.1570954,1709631662.1571035
4973,1709631662.2610962,1709631662.2611032
4974,1709631662.3640995,1709631662.3641088
4975,1709631662.4682326,1709631662.4682393
4976,1709631662.5698926,1709631662.5699015
4977,1709631662.6647835,1709631662.6647902
4978,1709631662.763497,1709631662.7635088
4979,1709631662.8680706,1709631662.8680782
4980,1709631662.95589,1709631662.955897
4981,1709631663.0646322,1709631663.0646396
4982,1709631663.167028,1709631663.167035
4983,1709631663.2642202,1709631663.2642255
4984,1709631663.3683305,1709631663.3683362
4985,1709631663.4596694,1709631663.459677
4986,1709631663.5616462,1709631663.5616548
4987,1709631663.6690323,1709631663.6690385
4988,1709631663.765848,1709631663.7658544
4989,1709631663.8653274,1709631663.865335
4990,1709631663.9668107,1709631663.9668188
4991,1709631664.0722537,1709631664.072262
4992,1709631664.1741824,1709631664.1741903
4993,1709631664.261178,1709631664.2611856
4994,1709631664.3661094,1709631664.3661144
4995,1709631664.458806,1709631664.4588137
4996,1709631664.562562,1709631664.5625703
4997,1709631664.6700826,1709631664.6700907
4998,1709631664.7743475,1709631664.7743576
4999,1709631664.865084,1709631664.8651135
5000,1709631664.9612508,1709631664.9612586
5001,1709631665.0780368,1709631665.0780492
5002,1709631665.1634824,1709631665.163488
5003,1709631665.2645304,1709631665.2645395
5004,1709631665.3640544,1709631665.364064
5005,1709631665.4576757,1709631665.4576821
5006,1709631665.5599585,1709631665.5599682
5007,1709631665.6693394,1709631665.6693459
5008,1709631665.7647839,1709631665.764791
5009,1709631665.8677802,1709631665.8677862
5010,1709631665.9622226,1709631665.9622316
5011,1709631666.072218,1709631666.0722284
5012,1709631666.160234,1709631666.1602464
5013,1709631666.2868552,1709631666.286863
5014,1709631666.3672097,1709631666.3672159
5015,1709631666.4680145,1709631666.4680228
5016,1709631666.5615833,1709631666.5615904
5017,1709631666.6640072,1709631666.6640158
5018,1709631666.7652662,1709631666.7652764
5019,1709631666.870363,1709631666.8703716
5020,1709631666.9657915,1709631666.9657986
5021,1709631667.0620475,1709631667.0620553
5022,1709631667.1732292,1709631667.1732345
5023,1709631667.2697077,1709631667.2697153
5024,1709631667.3664951,1709631667.3665013
5025,1709631667.4712427,1709631667.4712486
5026,1709631667.562013,1709631667.5620196
5027,1709631667.6730223,1709631667.6730297
5028,1709631667.7732685,1709631667.7732756
5029,1709631667.8664236,1709631667.8664322
5030,1709631667.9668734,1709631667.9668837
5031,1709631668.0701857,1709631668.0701947
5032,1709631668.1669352,1709631668.1669433
5033,1709631668.2627735,1709631668.26284
5034,1709631668.3691506,1709631668.3691552
5035,1709631668.4629874,1709631668.4629953
5036,1709631668.5695653,1709631668.569609
5037,1709631668.667446,1709631668.6674519
5038,1709631668.765048,1709631668.7650554
5039,1709631668.862047,1709631668.8620543
5040,1709631668.9565542,1709631668.9565623
5041,1709631669.0637286,1709631669.0637667
5042,1709631669.1725802,1709631669.1725867
5043,1709631669.255686,1709631669.2556908
5044,1709631669.3613167,1709631669.3613243
5045,1709631669.4665287,1709631669.466536
5046,1709631669.568376,1709631669.568382
5047,1709631669.6618352,1709631669.6618435
5048,1709631669.757686,1709631669.7576935
5049,1709631669.860673,1709631669.860681
5050,1709631669.9625707,1709631669.9625773
5051,1709631670.0696714,1709631670.069677
5052,1709631670.1593673,1709631670.1593745
5053,1709631670.2663162,1709631670.2663224
5054,1709631670.3776417,1709631670.377648
5055,1709631670.467844,1709631670.4678493
5056,1709631670.5711677,1709631670.5711732
5057,1709631670.6639626,1709631670.6639705
5058,1709631670.764645,1709631670.7646527
5059,1709631670.863727,1709631670.8637593
5060,1709631670.9644666,1709631670.964474
5061,1709631671.0639882,1709631671.063996
5062,1709631671.1659503,1709631671.165959
5063,1709631671.2666438,1709631671.2666488
5064,1709631671.3677597,1709631671.3677664
5065,1709631671.4641142,1709631671.4641201
5066,1709631671.5574036,1709631671.5574124
5067,1709631671.667345,1709631671.667353
5068,1709631671.7617962,1709631671.761804
5069,1709631671.8619835,1709631671.8619938
5070,1709631671.9745982,1709631671.974605
5071,1709631672.068664,1709631672.0686731
5072,1709631672.1670501,1709631672.1670568
5073,1709631672.2647433,1709631672.2647493
5074,1709631672.3615043,1709631672.3615096
5075,1709631672.458777,1709631672.458785
5076,1709631672.5595315,1709631672.5595381
5077,1709631672.6747115,1709631672.6747196
5078,1709631672.7645824,1709631672.7645867
5079,1709631672.8626058,1709631672.862613
5080,1709631672.966297,1709631672.9663038
5081,1709631673.0704818,1709631673.0704918
5082,1709631673.1609013,1709631673.1609085
5083,1709631673.267274,1709631673.2672832
5084,1709631673.3589945,1709631673.359001
5085,1709631673.4602122,1709631673.46022
5086,1709631673.5588026,1709631673.5588093
5087,1709631673.6613636,1709631673.6613717
5088,1709631673.7728019,1709631673.7728093
5089,1709631673.8660011,1709631673.866006
5090,1709631673.9639368,1709631673.9639435
5091,1709631674.0627215,1709631674.0627291
5092,1709631674.1611419,1709631674.1611495
5093,1709631674.266887,1709631674.2668948
5094,1709631674.3608599,1709631674.360867
5095,1709631674.4633458,1709631674.4633508
5096,1709631674.5690436,1709631674.569053
5097,1709631674.663351,1709631674.6633577
5098,1709631674.7641304,1709631674.7641385
5099,1709631674.8618648,1709631674.8618717
5100,1709631674.9600062,1709631674.960013
5101,1709631675.0645142,1709631675.06452
5102,1709631675.1647086,1709631675.164716
5103,1709631675.269106,1709631675.2691133
5104,1709631675.3656464,1709631675.3656538
5105,1709631675.4654522,1709631675.465459
5106,1709631675.566325,1709631675.5663323
5107,1709631675.6645901,1709631675.6645975
5108,1709631675.7644007,1709631675.7644067
5109,1709631675.8623674,1709631675.8623736
5110,1709631675.9762404,1709631675.9762502
5111,1709631676.0650349,1709631676.06504
5112,1709631676.1727836,1709631676.17279
5113,1709631676.2690468,1709631676.269054
5114,1709631676.359967,1709631676.359974
5115,1709631676.4605384,1709631676.4605453
5116,1709631676.5645058,1709631676.5645132
5117,1709631676.6598687,1709631676.6598763
5118,1709631676.758371,1709631676.7583785
5119,1709631676.8670704,1709631676.8670802
5120,1709631676.9618123,1709631676.9618201
5121,1709631677.068876,1709631677.0688848
5122,1709631677.1635728,1709631677.1635783
5123,1709631677.2597687,1709631677.259775
5124,1709631677.3620853,1709631677.3620918
5125,1709631677.4604747,1709631677.460481
5126,1709631677.5615902,1709631677.5615954
5127,1709631677.659818,1709631677.6598263
5128,1709631677.7648098,1709631677.7648227
5129,1709631677.8772047,1709631677.8772151
5130,1709631677.9605486,1709631677.9606915
5131,1709631678.0730429,1709631678.0730498
5132,1709631678.1632006,1709631678.163207
5133,1709631678.2674499,1709631678.267459
5134,1709631678.373616,1709631678.373625
5135,1709631678.4730504,1709631678.4730573
5136,1709631678.567035,1709631678.567042
5137,1709631678.6588314,1709631678.6588395
5138,1709631678.761088,1709631678.7610965
5139,1709631678.862573,1709631678.862581
5140,1709631678.9765527,1709631678.97656
5141,1709631679.0718288,1709631679.0718353
5142,1709631679.1637843,1709631679.1637943
5143,1709631679.262748,1709631679.2627563
5144,1709631679.369543,1709631679.3695514
5145,1709631679.4780157,1709631679.4780238
5146,1709631679.5657055,1709631679.5657144
5147,1709631679.6571016,1709631679.6571066
5148,1709631679.760994,1709631679.761001
5149,1709631679.8573136,1709631679.8573184
5150,1709631679.9722025,1709631679.9722095
5151,1709631680.068333,1709631680.0683422
5152,1709631680.1672602,1709631680.1672657
5153,1709631680.2681196,1709631680.2681253
5154,1709631680.371501,1709631680.371508
5155,1709631680.4680648,1709631680.4680724
5156,1709631680.5752227,1709631680.5752294
5157,1709631680.673857,1709631680.673864
5158,1709631680.7675443,1709631680.767551
5159,1709631680.8676052,1709631680.8676095
5160,1709631680.9638336,1709631680.9638412
5161,1709631681.0652094,1709631681.0652165
5162,1709631681.1844196,1709631681.1844265
5163,1709631681.2604358,1709631681.260443
5164,1709631681.3618102,1709631681.3618188
5165,1709631681.4683845,1709631681.4683933
5166,1709631681.5651097,1709631681.565117
5167,1709631681.67369,1709631681.6736987
5168,1709631681.7576487,1709631681.757657
5169,1709631681.858304,1709631681.8583112
5170,1709631681.9616308,1709631681.961638
5171,1709631682.0721328,1709631682.0721388
5172,1709631682.1649036,1709631682.164911
5173,1709631682.2580369,1709631682.2580423
5174,1709631682.3639414,1709631682.363949
5175,1709631682.4578583,1709631682.4578648
5176,1709631682.5622268,1709631682.5622325
5177,1709631682.6706972,1709631682.670707
5178,1709631682.7636585,1709631682.7636657
5179,1709631682.8623624,1709631682.8623698
5180,1709631682.9587083,1709631682.9587166
5181,1709631683.069608,1709631683.0696154
5182,1709631683.1604283,1709631683.1604364
5183,1709631683.272959,1709631683.2729673
5184,1709631683.3703537,1709631683.3703604
5185,1709631683.467736,1709631683.467741
5186,1709631683.5705612,1709631683.5705676
5187,1709631683.6645474,1709631683.6645632
5188,1709631683.7622385,1709631683.7622454
5189,1709631683.8694818,1709631683.8694894
5190,1709631683.9634554,1709631683.963464
5191,1709631684.0710104,1709631684.0710227
5192,1709631684.1690538,1709631684.1690626
5193,1709631684.263586,1709631684.263595
5194,1709631684.3803425,1709631684.3803513
5195,1709631684.468735,1709631684.4687428
5196,1709631684.5621877,1709631684.562195
5197,1709631684.6637025,1709631684.6637094
5198,1709631684.764236,1709631684.7642431
5199,1709631684.8668976,1709631684.866905
5200,1709631684.9748664,1709631684.974874
5201,1709631685.0589962,1709631685.0590048
5202,1709631685.165827,1709631685.1658356
5203,1709631685.260154,1709631685.260162
5204,1709631685.3608737,1709631685.3608818
5205,1709631685.4645276,1709631685.464534
5206,1709631685.5624306,1709631685.562437
5207,1709631685.6650047,1709631685.6650171
5208,1709631685.765547,1709631685.765553
5209,1709631685.864355,1709631685.8643649
5210,1709631685.960821,1709631685.9608295
5211,1709631686.065423,1709631686.0654316
5212,1709631686.1629875,1709631686.162995
5213,1709631686.262414,1709631686.262419
5214,1709631686.3649395,1709631686.3649476
5215,1709631686.457939,1709631686.4579487
5216,1709631686.563376,1709631686.563386
5217,1709631686.6618564,1709631686.6618633
5218,1709631686.7712352,1709631686.7712421
5219,1709631686.8664992,1709631686.8665063
5220,1709631686.9669595,1709631686.9669647
5221,1709631687.0651364,1709631687.0651429
5222,1709631687.1677685,1709631687.1677754
5223,1709631687.2738338,1709631687.2738414
5224,1709631687.3644512,1709631687.3644598
5225,1709631687.4640312,1709631687.464036
5226,1709631687.5605814,1709631687.5605881
5227,1709631687.6754518,1709631687.6754587
5228,1709631687.7687585,1709631687.7687666
5229,1709631687.8610523,1709631687.8610616
5230,1709631687.9654543,1709631687.9654615
5231,1709631688.0725074,1709631688.0725157
5232,1709631688.1611855,1709631688.1611922
5233,1709631688.2657657,1709631688.2657726
5234,1709631688.368216,1709631688.368224
5235,1709631688.4625983,1709631688.462611
5236,1709631688.5669184,1709631688.5669274
5237,1709631688.6635575,1709631688.663564
5238,1709631688.760755,1709631688.7607617
5239,1709631688.8664813,1709631688.8664877
5240,1709631688.9707265,1709631688.970735
5241,1709631689.0673933,1709631689.0673997
5242,1709631689.1602345,1709631689.1602416
5243,1709631689.2656505,1709631689.2656581
5244,1709631689.366262,1709631689.3662689
5245,1709631689.4614875,1709631689.4614964
5246,1709631689.559887,1709631689.559893
5247,1709631689.665874,1709631689.6658802
5248,1709631689.7610219,1709631689.761029
5249,1709631689.863416,1709631689.8634233
5250,1709631689.960212,1709631689.9602191
5251,1709631690.0644448,1709631690.064451
5252,1709631690.1594243,1709631690.1594312
5253,1709631690.2730682,1709631690.2730777
5254,1709631690.3595023,1709631690.3595085
5255,1709631690.4642982,1709631690.4643054
5256,1709631690.5653539,1709631690.5653582
5257,1709631690.6650615,1709631690.66507
5258,1709631690.768062,1709631690.7680714
5259,1709631690.8670082,1709631690.8670151
5260,1709631690.9640937,1709631690.9641006
5261,1709631691.0609596,1709631691.060964
5262,1709631691.1625135,1709631691.1625195
5263,1709631691.2650797,1709631691.2650876
5264,1709631691.3640058,1709631691.3640153
5265,1709631691.470051,1709631691.4700592
5266,1709631691.562195,1709631691.5622022
5267,1709631691.6609654,1709631691.660972
5268,1709631691.7657044,1709631691.7657146
5269,1709631691.8812835,1709631691.8812907
5270,1709631691.9578283,1709631691.9578793
5271,1709631692.0711884,1709631692.071196
5272,1709631692.1598687,1709631692.1598759
5273,1709631692.263547,1709631692.2635534
5274,1709631692.3723505,1709631692.3723576
5275,1709631692.4680858,1709631692.4680955
5276,1709631692.5660372,1709631692.5660427
5277,1709631692.6661668,1709631692.666173
5278,1709631692.764913,1709631692.764921
5279,1709631692.866018,1709631692.8660276
5280,1709631692.9723475,1709631692.9723556
5281,1709631693.0680172,1709631693.068023
5282,1709631693.1653986,1709631693.165406
5283,1709631693.2616835,1709631693.2616913
5284,1709631693.3614318,1709631693.3614414
5285,1709631693.4633794,1709631693.4633853
5286,1709631693.561548,1709631693.5615544
5287,1709631693.6766253,1709631693.6766322
5288,1709631693.76921,1709631693.7692175
5289,1709631693.8602808,1709631693.8602889
5290,1709631693.958149,1709631693.958156
5291,1709631694.068243,1709631694.068253
5292,1709631694.157999,1709631694.1580071
5293,1709631694.2653747,1709631694.2653847
5294,1709631694.362384,1709631694.3623934
5295,1709631694.4601257,1709631694.4601328
5296,1709631694.5650537,1709631694.565063
5297,1709631694.671475,1709631694.6714811
5298,1709631694.760281,1709631694.7602885
5299,1709631694.8602693,1709631694.8602786
5300,1709631694.9603734,1709631694.960382
5301,1709631695.0690658,1709631695.0690734
5302,1709631695.1618338,1709631695.1618423
5303,1709631695.2697413,1709631695.2697504
5304,1709631695.3659306,1709631695.3659408
5305,1709631695.4635603,1709631695.4635684
5306,1709631695.5690148,1709631695.5690248
5307,1709631695.6637275,1709631695.6637888
5308,1709631695.762145,1709631695.7661417
5309,1709631695.8657017,1709631695.869729
5310,1709631695.9712956,1709631695.9751747
5311,1709631696.059039,1709631696.0653336
5312,1709631696.1655536,1709631696.1695108
5313,1709631696.2583542,1709631696.261534
5314,1709631696.3714757,1709631696.3749855
5315,1709631696.4646766,1709631696.467045
5316,1709631696.5593925,1709631696.5659792
5317,1709631696.6557918,1709631696.6598008
5318,1709631696.7594452,1709631696.7634554
5319,1709631696.8734138,1709631696.8773756
5320,1709631696.9711473,1709631696.976137
5321,1709631697.0581875,1709631697.061543
5322,1709631697.1675003,1709631697.1720026
5323,1709631697.2632062,1709631697.267029
5324,1709631697.3599005,1709631697.3650084
5325,1709631697.4663634,1709631697.4722927
5326,1709631697.5574622,1709631697.5609255
5327,1709631697.6591394,1709631697.6634011
5328,1709631697.7615857,1709631697.7668009
5329,1709631697.8578744,1709631697.8626046
5330,1709631697.965358,1709631697.9697385
5331,1709631698.058047,1709631698.0642788
5332,1709631698.1572843,1709631698.1609163
5333,1709631698.2605045,1709631698.26638
5334,1709631698.3679843,1709631698.3718665
5335,1709631698.4654484,1709631698.468927
5336,1709631698.5642786,1709631698.5680358
5337,1709631698.6623988,1709631698.6663673
5338,1709631698.7687254,1709631698.7725816
5339,1709631698.860168,1709631698.864264
5340,1709631698.9713268,1709631698.9746811
5341,1709631699.0663898,1709631699.0703702
5342,1709631699.1631103,1709631699.1664493
5343,1709631699.2616446,1709631699.2654917
5344,1709631699.3689423,1709631699.372614
5345,1709631699.466107,1709631699.4686208
5346,1709631699.5687802,1709631699.5717156
5347,1709631699.657804,1709631699.661891
5348,1709631699.7625055,1709631699.76635
5349,1709631699.8660383,1709631699.8709013
5350,1709631699.9603271,1709631699.966377
5351,1709631700.0708032,1709631700.0745852
5352,1709631700.1663635,1709631700.1702394
5353,1709631700.2629712,1709631700.2666204
5354,1709631700.365778,1709631700.369345
5355,1709631700.4573557,1709631700.4606032
5356,1709631700.573458,1709631700.578104
5357,1709631700.6620936,1709631700.664614
5358,1709631700.7571044,1709631700.7650719
5359,1709631700.863344,1709631700.8673527
5360,1709631700.9596007,1709631700.964496
5361,1709631701.0649436,1709631701.0682545
5362,1709631701.1644247,1709631701.1681097
5363,1709631701.2627032,1709631701.2706993
5364,1709631701.3557022,1709631701.3598871
5365,1709631701.4660766,1709631701.4693341
5366,1709631701.5686412,1709631701.5760808
5367,1709631701.6572912,1709631701.6573129
5368,1709631701.7562575,1709631701.7562807
5369,1709631701.8673847,1709631701.867409
5370,1709631701.9686232,1709631701.9686472
5371,1709631702.077656,1709631702.0812993
5372,1709631702.1727765,1709631702.178357
5373,1709631702.2590225,1709631702.2617476
5374,1709631702.3608837,1709631702.3659487
5375,1709631702.4571505,1709631702.4612687
5376,1709631702.5588837,1709631702.562604
5377,1709631702.6642263,1709631702.6680324
5378,1709631702.7664266,1709631702.7700462
5379,1709631702.8583171,1709631702.860704
5380,1709631702.968125,1709631702.9724302
5381,1709631703.059215,1709631703.062131
5382,1709631703.1636472,1709631703.1670592
5383,1709631703.2559772,1709631703.2599013
5384,1709631703.3641045,1709631703.3674889
5385,1709631703.4677901,1709631703.4718494
5386,1709631703.5670416,1709631703.570741
5387,1709631703.6615832,1709631703.6653018
5388,1709631703.762217,1709631703.765927
5389,1709631703.8657498,1709631703.8691359
5390,1709631703.9665816,1709631703.9706407
5391,1709631704.0696747,1709631704.0760894
5392,1709631704.1743338,1709631704.177897
5393,1709631704.2735002,1709631704.2778094
5394,1709631704.365123,1709631704.3684826
5395,1709631704.4666245,1709631704.4708378
5396,1709631704.5711834,1709631704.5750878
5397,1709631704.6577244,1709631704.6615148
5398,1709631704.7596273,1709631704.763158
5399,1709631704.8607097,1709631704.8646772
5400,1709631704.972532,1709631704.9767241
5401,1709631705.0682693,1709631705.0720484
5402,1709631705.1655064,1709631705.1693032
5403,1709631705.2611742,1709631705.2634745
5404,1709631705.3650315,1709631705.3678534
5405,1709631705.47324,1709631705.4763036
5406,1709631705.5573673,1709631705.561216
5407,1709631705.6585565,1709631705.6623883
5408,1709631705.7653697,1709631705.7680151
5409,1709631705.8663979,1709631705.868832
5410,1709631705.98434,1709631705.9886231
5411,1709631706.06272,1709631706.0659251
5412,1709631706.1604257,1709631706.164438
5413,1709631706.2619417,1709631706.2657118
5414,1709631706.3656526,1709631706.3689175
5415,1709631706.4683483,1709631706.4726727
5416,1709631706.562773,1709631706.5657835
5417,1709631706.6572046,1709631706.6605732
5418,1709631706.7622454,1709631706.7683597
5419,1709631706.865991,1709631706.8706558
5420,1709631706.9725251,1709631706.9760978
5421,1709631707.066654,1709631707.070635
5422,1709631707.16904,1709631707.171558
5423,1709631707.2639675,1709631707.267604
5424,1709631707.3674083,1709631707.3715632
5425,1709631707.4717171,1709631707.475703
5426,1709631707.564045,1709631707.5678377
5427,1709631707.6634629,1709631707.667471
5428,1709631707.7635317,1709631707.76727
5429,1709631707.8718927,1709631707.8759358
5430,1709631707.9714007,1709631707.9755354
5431,1709631708.0692296,1709631708.0718496
5432,1709631708.1594548,1709631708.1627464
5433,1709631708.2677703,1709631708.2717152
5434,1709631708.3583117,1709631708.362213
5435,1709631708.4741256,1709631708.4782727
5436,1709631708.5668132,1709631708.5711868
5437,1709631708.6643488,1709631708.6683235
5438,1709631708.7610178,1709631708.763943
5439,1709631708.8625574,1709631708.8668997
5440,1709631708.9638734,1709631708.9705114
5441,1709631709.0554967,1709631709.0586765
5442,1709631709.1682072,1709631709.1733053
5443,1709631709.2710824,1709631709.2746496
5444,1709631709.355715,1709631709.3595743
5445,1709631709.4631937,1709631709.4656427
5446,1709631709.5671484,1709631709.5715346
5447,1709631709.661738,1709631709.6656013
5448,1709631709.7592947,1709631709.7631636
5449,1709631709.8609974,1709631709.8642707
5450,1709631709.9657724,1709631709.9701865
5451,1709631710.0695376,1709631710.0731308
5452,1709631710.1572945,1709631710.160593
5453,1709631710.2651908,1709631710.2688956
5454,1709631710.360938,1709631710.3633718
5455,1709631710.4629831,1709631710.4668407
5456,1709631710.5676215,1709631710.571226
5457,1709631710.6597688,1709631710.6641767
5458,1709631710.7716954,1709631710.7751892
5459,1709631710.8574865,1709631710.860591
5460,1709631710.9631712,1709631710.9665456
5461,1709631711.065526,1709631711.0697923
5462,1709631711.1617668,1709631711.1668694
5463,1709631711.259006,1709631711.2623847
5464,1709631711.3794336,1709631711.3822706
5465,1709631711.4721081,1709631711.4764233
5466,1709631711.5715122,1709631711.5756953
5467,1709631711.6597521,1709631711.6625705
5468,1709631711.762599,1709631711.7671108
5469,1709631711.86804,1709631711.8721619
5470,1709631711.9621942,1709631711.9662669
5471,1709631712.0586586,1709631712.062378
5472,1709631712.1629045,1709631712.167022
5473,1709631712.2612174,1709631712.264989
5474,1709631712.3597,1709631712.3633351
5475,1709631712.4660456,1709631712.4698741
5476,1709631712.5569592,1709631712.5605938
5477,1709631712.6652927,1709631712.6698022
5478,1709631712.7601376,1709631712.7640169
5479,1709631712.8648446,1709631712.868397
5480,1709631712.9618785,1709631712.965555
5481,1709631713.0601935,1709631713.066978
5482,1709631713.1646628,1709631713.1677935
5483,1709631713.2609053,1709631713.265076
5484,1709631713.358997,1709631713.3624573
5485,1709631713.4649622,1709631713.4688606
5486,1709631713.5596173,1709631713.5635047
5487,1709631713.662057,1709631713.6657603
5488,1709631713.7587125,1709631713.7627697
5489,1709631713.8563254,1709631713.8612685
5490,1709631713.9585583,1709631713.9614618
5491,1709631714.0574946,1709631714.0611038
5492,1709631714.1652384,1709631714.16848
5493,1709631714.2643325,1709631714.2685673
5494,1709631714.362843,1709631714.3682148
5495,1709631714.4625347,1709631714.4662676
5496,1709631714.5689619,1709631714.5711646
5497,1709631714.6714084,1709631714.6754682
5498,1709631714.7624216,1709631714.7659245
5499,1709631714.8606422,1709631714.8647192
5500,1709631714.9601474,1709631714.9637077
5501,1709631715.0617824,1709631715.0662954
5502,1709631715.16713,1709631715.1708446
5503,1709631715.2690215,1709631715.2727506
5504,1709631715.3679175,1709631715.3717582
5505,1709631715.4646041,1709631715.4684153
5506,1709631715.5615773,1709631715.5653481
5507,1709631715.6651025,1709631715.6686041
5508,1709631715.7768822,1709631715.7822204
5509,1709631715.865701,1709631715.8694832
5510,1709631715.9657526,1709631715.96888
5511,1709631716.0569034,1709631716.0619614
5512,1709631716.172722,1709631716.1766279
5513,1709631716.268858,1709631716.2716098
5514,1709631716.3573601,1709631716.361914
5515,1709631716.4624496,1709631716.4658995
5516,1709631716.565842,1709631716.5689259
5517,1709631716.6667807,1709631716.6704953
5518,1709631716.767878,1709631716.7722254
5519,1709631716.8650384,1709631716.8691072
5520,1709631716.963525,1709631716.966588
5521,1709631717.0693977,1709631717.0734615
5522,1709631717.174528,1709631717.1787221
5523,1709631717.2610703,1709631717.2648046
5524,1709631717.366444,1709631717.370302
5525,1709631717.4589865,1709631717.46261
5526,1709631717.5627506,1709631717.5664747
5527,1709631717.6692274,1709631717.6726801
5528,1709631717.7585719,1709631717.761583
5529,1709631717.8798907,1709631717.8838773
5530,1709631717.9750805,1709631717.9788003
5531,1709631718.0721114,1709631718.0763135
5532,1709631718.1641896,1709631718.166416
5533,1709631718.2610452,1709631718.2636998
5534,1709631718.3587527,1709631718.3627405
5535,1709631718.4686685,1709631718.4739206
5536,1709631718.5597236,1709631718.562378
5537,1709631718.66547,1709631718.6689107
5538,1709631718.764045,1709631718.7640533
5539,1709631718.8651924,1709631718.8652
5540,1709631718.976784,1709631718.9767926
5541,1709631719.0655682,1709631719.0655742
5542,1709631719.1594043,1709631719.1594114
5543,1709631719.2663016,1709631719.266311
5544,1709631719.3641646,1709631719.3641725
5545,1709631719.4712994,1709631719.471307
5546,1709631719.5722573,1709631719.572263
5547,1709631719.6680865,1709631719.6680913
5548,1709631719.7629027,1709631719.7629101
5549,1709631719.8574016,1709631719.8574092
5550,1709631719.9709368,1709631719.9709432
5551,1709631720.0566962,1709631720.0567038
5552,1709631720.176226,1709631720.176236
5553,1709631720.2708547,1709631720.270862
5554,1709631720.3624992,1709631720.362507
5555,1709631720.4648497,1709631720.4648561
5556,1709631720.5682974,1709631720.5683055
5557,1709631720.6630518,1709631720.6630597
5558,1709631720.7600722,1709631720.7600787
5559,1709631720.8570845,1709631720.8570924
5560,1709631720.962129,1709631720.9621353
5561,1709631721.0598142,1709631721.0598218
5562,1709631721.1601217,1709631721.1601288
5563,1709631721.278722,1709631721.2787304
5564,1709631721.3602285,1709631721.3602366
5565,1709631721.4578166,1709631721.4578247
5566,1709631721.5570376,1709631721.5570447
5567,1709631721.6622894,1709631721.662297
5568,1709631721.7682803,1709631721.7682884
5569,1709631721.8734481,1709631721.8734565
5570,1709631721.9716957,1709631721.9717038
5571,1709631722.0729547,1709631722.0729632
5572,1709631722.1633012,1709631722.1633084
5573,1709631722.273771,1709631722.2737792
5574,1709631722.3704138,1709631722.3704205
5575,1709631722.4658585,1709631722.4658673
5576,1709631722.5831726,1709631722.583181
5577,1709631722.670321,1709631722.670329
5578,1709631722.77433,1709631722.7743373
5579,1709631722.869097,1709631722.8691049
5580,1709631722.9651697,1709631722.9651766
5581,1709631723.0791838,1709631723.079192
5582,1709631723.1668847,1709631723.166893
5583,1709631723.2677197,1709631723.2677267
5584,1709631723.361866,1709631723.3618731
5585,1709631723.4619298,1709631723.4619372
5586,1709631723.5636222,1709631723.5636299
5587,1709631723.6681461,1709631723.6681552
5588,1709631723.7583582,1709631723.7583659
5589,1709631723.8673146,1709631723.8673208
5590,1709631723.9700172,1709631723.970027
5591,1709631724.065652,1709631724.0656617
5592,1709631724.1637874,1709631724.1637957
5593,1709631724.2784054,1709631724.2784142
5594,1709631724.362214,1709631724.362221
5595,1709631724.480895,1709631724.4809031
5596,1709631724.5604076,1709631724.5604146
5597,1709631724.6679614,1709631724.667969
5598,1709631724.7694435,1709631724.7694528
5599,1709631724.8675618,1709631724.8675692
5600,1709631724.9590464,1709631724.959054
5601,1709631725.0647097,1709631725.0647163
5602,1709631725.1616862,1709631725.161696
5603,1709631725.2635255,1709631725.2635312
5604,1709631725.3764656,1709631725.3764725
5605,1709631725.471349,1709631725.471357
5606,1709631725.566925,1709631725.5669308
5607,1709631725.6754186,1709631725.675428
5608,1709631725.762922,1709631725.7629292
5609,1709631725.8608172,1709631725.8608274
5610,1709631725.9639866,1709631725.9639943
5611,1709631726.0619357,1709631726.0619423
5612,1709631726.161083,1709631726.1610904
5613,1709631726.2678046,1709631726.2678156
5614,1709631726.3577235,1709631726.3577304
5615,1709631726.4629483,1709631726.4629564
5616,1709631726.563932,1709631726.5639367
5617,1709631726.6654897,1709631726.6654966
5618,1709631726.7641928,1709631726.7641983
5619,1709631726.8597517,1709631726.8597605
5620,1709631726.9653354,1709631726.9653423
5621,1709631727.0646102,1709631727.0646198
5622,1709631727.164607,1709631727.1646156
5623,1709631727.27596,1709631727.2759676
5624,1709631727.3625069,1709631727.3625152
5625,1709631727.4574573,1709631727.457465
5626,1709631727.5681396,1709631727.568146
5627,1709631727.6608503,1709631727.6608577
5628,1709631727.7840514,1709631727.784061
5629,1709631727.8690119,1709631727.8690207
5630,1709631727.9647596,1709631727.9647663
5631,1709631728.0646465,1709631728.0646532
5632,1709631728.159115,1709631728.15912
5633,1709631728.2675598,1709631728.2675648
5634,1709631728.3657892,1709631728.365796
5635,1709631728.4558117,1709631728.4558196
5636,1709631728.5593982,1709631728.5594056
5637,1709631728.6656969,1709631728.6657057
5638,1709631728.759479,1709631728.759487
5639,1709631728.8693264,1709631728.8693337
5640,1709631728.9667099,1709631728.9667168
5641,1709631729.0609438,1709631729.060952
5642,1709631729.1624353,1709631729.1624413
5643,1709631729.2643938,1709631729.2644012
5644,1709631729.359443,1709631729.3594515
5645,1709631729.475067,1709631729.475075
5646,1709631729.5648375,1709631729.5648468
5647,1709631729.6639726,1709631729.6639805
5648,1709631729.7612298,1709631729.7612362
5649,1709631729.8621435,1709631729.8621511
5650,1709631729.9581795,1709631729.958186
5651,1709631730.0609503,1709631730.0609567
5652,1709631730.1581273,1709631730.1581337
5653,1709631730.263464,1709631730.263471
5654,1709631730.3723884,1709631730.372395
5655,1709631730.455955,1709631730.455963
5656,1709631730.5562787,1709631730.556284
5657,1709631730.6565065,1709631730.656514
5658,1709631730.7607923,1709631730.7608008
5659,1709631730.865164,1709631730.8651721
5660,1709631730.9583945,1709631730.9584
5661,1709631731.061736,1709631731.061744
5662,1709631731.1605408,1709631731.160547
5663,1709631731.2605896,1709631731.2605956
5664,1709631731.360255,1709631731.3602612
5665,1709631731.46283,1709631731.4628372
5666,1709631731.5593772,1709631731.559382
5667,1709631731.668573,1709631731.6685803
5668,1709631731.769516,1709631731.7695231
5669,1709631731.8648243,1709631731.864833
5670,1709631731.973789,1709631731.9737957
5671,1709631732.065782,1709631732.0657911
5672,1709631732.1657515,1709631732.165759
5673,1709631732.257668,1709631732.2576752
5674,1709631732.3601513,1709631732.360159
5675,1709631732.473698,1709631732.473708
5676,1709631732.5714529,1709631732.571465
5677,1709631732.6743357,1709631732.6743445
5678,1709631732.7652617,1709631732.7652695
5679,1709631732.8571548,1709631732.8571625
5680,1709631732.9623787,1709631732.9623866
5681,1709631733.0697138,1709631733.0697207
5682,1709631733.1735518,1709631733.173557
5683,1709631733.2644434,1709631733.264448
5684,1709631733.3600843,1709631733.3600914
5685,1709631733.4680324,1709631733.4680388
5686,1709631733.5664032,1709631733.5664108
5687,1709631733.6598966,1709631733.6599047
5688,1709631733.7739305,1709631733.7739382
5689,1709631733.868512,1709631733.8685186
5690,1709631733.9767742,1709631733.976789
5691,1709631734.070112,1709631734.0701184
5692,1709631734.166321,1709631734.166327
5693,1709631734.2605717,1709631734.2605782
5694,1709631734.3751194,1709631734.3751268
5695,1709631734.4598336,1709631734.4598424
5696,1709631734.5567603,1709631734.5567675
5697,1709631734.6653104,1709631734.6653173
5698,1709631734.7651865,1709631734.765194
5699,1709631734.863497,1709631734.8635063
5700,1709631734.9659293,1709631734.9659357
5701,1709631735.0705884,1709631735.0705974
5702,1709631735.163473,1709631735.1634796
5703,1709631735.2668028,1709631735.2668107
5704,1709631735.3624005,1709631735.362408
5705,1709631735.4685283,1709631735.4685395
5706,1709631735.559824,1709631735.559832
5707,1709631735.6673725,1709631735.667378
5708,1709631735.7661257,1709631735.766133
5709,1709631735.8646975,1709631735.8647046
5710,1709631735.9757116,1709631735.9757192
5711,1709631736.0677934,1709631736.067801
5712,1709631736.1674144,1709631736.1674242
5713,1709631736.2632172,1709631736.2632248
5714,1709631736.3601139,1709631736.3601208
5715,1709631736.4697716,1709631736.4697793
5716,1709631736.569913,1709631736.5699203
5717,1709631736.660537,1709631736.6605449
5718,1709631736.765814,1709631736.7658217
5719,1709631736.8615568,1709631736.861563
5720,1709631736.966203,1709631736.9662108
5721,1709631737.0637033,1709631737.06371
5722,1709631737.1665154,1709631737.166523
5723,1709631737.2570448,1709631737.257053
5724,1709631737.3621442,1709631737.362151
5725,1709631737.4600236,1709631737.460031
5726,1709631737.5770016,1709631737.5770087
5727,1709631737.6605356,1709631737.6605432
5728,1709631737.760318,1709631737.7603252
5729,1709631737.8649766,1709631737.8649843
5730,1709631737.963252,1709631737.9632595
5731,1709631738.0719738,1709631738.071982
5732,1709631738.1691086,1709631738.169114
5733,1709631738.2623916,1709631738.2623982
5734,1709631738.3625693,1709631738.3625762
5735,1709631738.4611154,1709631738.4611228
5736,1709631738.5625553,1709631738.5625615
5737,1709631738.6707492,1709631738.670755
5738,1709631738.7635238,1709631738.7635305
5739,1709631738.8663645,1709631738.8663716
5740,1709631738.9645798,1709631738.9645889
5741,1709631739.0614467,1709631739.0614517
5742,1709631739.1777341,1709631739.1777413
5743,1709631739.263988,1709631739.2639947
5744,1709631739.3640592,1709631739.3640664
5745,1709631739.4644136,1709631739.4644222
5746,1709631739.5585837,1709631739.5585916
5747,1709631739.664953,1709631739.6649575
5748,1709631739.7818089,1709631739.7818172
5749,1709631739.8686962,1709631739.8687027
5750,1709631739.958272,1709631739.9582777
5751,1709631740.0671291,1709631740.0671422
5752,1709631740.1665387,1709631740.1665459
5753,1709631740.2792408,1709631740.279249
5754,1709631740.366343,1709631740.366349
5755,1709631740.47544,1709631740.4754462
5756,1709631740.5645564,1709631740.5645623
5757,1709631740.6611493,1709631740.6611571
5758,1709631740.7641058,1709631740.764113
5759,1709631740.8666668,1709631740.8666751
5760,1709631740.9581447,1709631740.9581523
5761,1709631741.0702453,1709631741.0702538
5762,1709631741.1592398,1709631741.1592467
5763,1709631741.2621064,1709631741.262113
5764,1709631741.3631775,1709631741.3631847
5765,1709631741.4680295,1709631741.468036
5766,1709631741.570556,1709631741.5705638
5767,1709631741.6639612,1709631741.663969
5768,1709631741.7665677,1709631741.7665741
5769,1709631741.8711588,1709631741.8711658
5770,1709631741.970676,1709631741.9707282
5771,1709631742.0670176,1709631742.067025
5772,1709631742.168526,1709631742.1685348
5773,1709631742.2588313,1709631742.258838
5774,1709631742.3664882,1709631742.3664958
5775,1709631742.7808707,1709631742.7808843
5776,1709631742.79124,1709631742.7912471
5777,1709631742.8728168,1709631742.8728244
5778,1709631742.976217,1709631742.9762256
5779,1709631743.0695536,1709631743.0695612
5780,1709631743.1592424,1709631743.1592476
5781,1709631743.2621477,1709631743.2621567
5782,1709631743.365065,1709631743.3650732
5783,1709631743.4630167,1709631743.4630246
5784,1709631743.5674922,1709631743.5674996
5785,1709631743.6579278,1709631743.6579351
5786,1709631743.7682688,1709631743.7741306
5787,1709631743.8648233,1709631743.8698182
5788,1709631743.9599626,1709631743.9641032
5789,1709631744.058249,1709631744.0621543
5790,1709631744.1663618,1709631744.1703193
5791,1709631744.2680652,1709631744.2735493
5792,1709631744.3618598,1709631744.3655877
5793,1709631744.4634604,1709631744.4700649
5794,1709631744.5650225,1709631744.5695221
5795,1709631744.666775,1709631744.670844
5796,1709631744.7721891,1709631744.7760668
5797,1709631744.8685482,1709631744.8727698
5798,1709631744.960393,1709631744.9640515
5799,1709631745.0634577,1709631745.071691
5800,1709631745.1671414,1709631745.1711419
5801,1709631745.2652893,1709631745.2708237
5802,1709631745.3619075,1709631745.3657374
5803,1709631745.4636862,1709631745.4685123
5804,1709631745.5643137,1709631745.5683985
5805,1709631745.6563416,1709631745.6590593
5806,1709631745.7610111,1709631745.7649753
5807,1709631745.8681421,1709631745.8723605
5808,1709631745.9585886,1709631745.9622023
5809,1709631746.0660412,1709631746.0720303
5810,1709631746.1634333,1709631746.1698048
5811,1709631746.2621143,1709631746.269561
5812,1709631746.3664687,1709631746.3713753
5813,1709631746.4589522,1709631746.463043
5814,1709631746.565474,1709631746.5695646
5815,1709631746.6593301,1709631746.6626735
5816,1709631746.7611516,1709631746.7648811
5817,1709631746.8658004,1709631746.8694313
5818,1709631746.9587362,1709631746.9626014
5819,1709631747.0664773,1709631747.0702934
5820,1709631747.1781163,1709631747.1823616
5821,1709631747.2676163,1709631747.2742622
5822,1709631747.36348,1709631747.3680463
5823,1709631747.4646127,1709631747.4688241
5824,1709631747.565684,1709631747.5694973
5825,1709631747.6685076,1709631747.672236
5826,1709631747.7731638,1709631747.7770796
5827,1709631747.865742,1709631747.869434
5828,1709631747.9671042,1709631747.9708922
5829,1709631748.0573003,1709631748.060834
5830,1709631748.1595578,1709631748.1639853
5831,1709631748.2610624,1709631748.265567
5832,1709631748.366478,1709631748.3705807
5833,1709631748.4629233,1709631748.4706578
5834,1709631748.572571,1709631748.5762615
5835,1709631748.6565611,1709631748.6601467
5836,1709631748.7724867,1709631748.7761567
5837,1709631748.8673687,1709631748.8712347
5838,1709631748.9630675,1709631748.967277
5839,1709631749.0568671,1709631749.0605059
5840,1709631749.1585584,1709631749.1623352
5841,1709631749.2596433,1709631749.263459
5842,1709631749.373296,1709631749.3772876
5843,1709631749.4596548,1709631749.4629047
5844,1709631749.56362,1709631749.5678263
5845,1709631749.667082,1709631749.6707938
5846,1709631749.7635965,1709631749.7677906
5847,1709631749.8669806,1709631749.8708496
5848,1709631749.9633162,1709631749.96695
5849,1709631750.0581694,1709631750.062237
5850,1709631750.1691453,1709631750.173157
5851,1709631750.2707179,1709631750.2747216
5852,1709631750.3627305,1709631750.367008
5853,1709631750.4768014,1709631750.4809096
5854,1709631750.5620086,1709631750.5677538
5855,1709631750.6622586,1709631750.6660728
5856,1709631750.7647831,1709631750.7683985
5857,1709631750.8736937,1709631750.8775465
5858,1709631750.968713,1709631750.9722116
5859,1709631751.064159,1709631751.0679824
5860,1709631751.1593764,1709631751.1621215
5861,1709631751.2662272,1709631751.2701473
5862,1709631751.3700337,1709631751.373816
5863,1709631751.4702475,1709631751.4742908
5864,1709631751.5692627,1709631751.5731976
5865,1709631751.6645489,1709631751.668482
5866,1709631751.7632391,1709631751.7666657
5867,1709631751.865101,1709631751.8686006
5868,1709631751.9616854,1709631751.9656563
5869,1709631752.081405,1709631752.0853088
5870,1709631752.1685178,1709631752.1720412
5871,1709631752.2613127,1709631752.2660158
5872,1709631752.367254,1709631752.3708322
5873,1709631752.4569988,1709631752.4602358
5874,1709631752.5705547,1709631752.5787005
5875,1709631752.6572475,1709631752.6603718
5876,1709631752.7649658,1709631752.7688627
5877,1709631752.862274,1709631752.8650692
5878,1709631752.963872,1709631752.9678743
5879,1709631753.0755892,1709631753.0777826
5880,1709631753.1672177,1709631753.169966
5881,1709631753.2696218,1709631753.2731147
5882,1709631753.3620684,1709631753.366466
5883,1709631753.4582763,1709631753.462091
5884,1709631753.5764546,1709631753.5788455
5885,1709631753.6573496,1709631753.6612582
5886,1709631753.766418,1709631753.7702985
5887,1709631753.8643663,1709631753.867871
5888,1709631753.9639626,1709631753.967765
5889,1709631754.0595675,1709631754.062295
5890,1709631754.1594448,1709631754.162226
5891,1709631754.2668884,1709631754.27067
5892,1709631754.3642101,1709631754.3683836
5893,1709631754.466655,1709631754.4706066
5894,1709631754.5687742,1709631754.5732672
5895,1709631754.670798,1709631754.673991
5896,1709631754.7702062,1709631754.7740536
5897,1709631754.8798351,1709631754.8837254
5898,1709631754.9623826,1709631754.9656842
5899,1709631755.0710123,1709631755.0760255
5900,1709631755.18158,1709631755.1859374
5901,1709631755.2650955,1709631755.2692509
5902,1709631755.3612175,1709631755.3650298
5903,1709631755.4690826,1709631755.4728
5904,1709631755.5583212,1709631755.5641835
5905,1709631755.674738,1709631755.678711
5906,1709631755.7817347,1709631755.7908463
5907,1709631755.8730962,1709631755.877035
5908,1709631755.974721,1709631755.9785726
5909,1709631756.0591455,1709631756.0631561
5910,1709631756.1571362,1709631756.1609309
5911,1709631756.2635233,1709631756.266611
5912,1709631756.3581674,1709631756.362121
5913,1709631756.4664643,1709631756.470152
5914,1709631756.5567982,1709631756.560625
5915,1709631756.6613004,1709631756.664378
5916,1709631756.7609253,1709631756.7648408
5917,1709631756.8811593,1709631756.8850524
5918,1709631756.9586444,1709631756.9627845
5919,1709631757.0621884,1709631757.0648508
5920,1709631757.1641116,1709631757.1703484
5921,1709631757.2680225,1709631757.271627
5922,1709631757.359112,1709631757.3629463
5923,1709631757.466293,1709631757.4703593
5924,1709631757.5679412,1709631757.5720801
5925,1709631757.6601148,1709631757.6640568
5926,1709631757.7707093,1709631757.7741942
5927,1709631757.8722007,1709631757.876593
5928,1709631757.9712515,1709631757.9764192
5929,1709631758.0676425,1709631758.0721073
5930,1709631758.160462,1709631758.1646562
5931,1709631758.2635925,1709631758.2677238
5932,1709631758.3697336,1709631758.3748443
5933,1709631758.463421,1709631758.4669244
5934,1709631758.5670009,1709631758.5725667
5935,1709631758.6666355,1709631758.671197
5936,1709631758.76921,1709631758.7751877
5937,1709631758.859231,1709631758.863439
5938,1709631758.9657803,1709631758.9717205
5939,1709631759.0693057,1709631759.073222
5940,1709631759.1616592,1709631759.1655383
5941,1709631759.2698183,1709631759.2745078
5942,1709631759.3638465,1709631759.3676364
5943,1709631759.4572647,1709631759.4612515
5944,1709631759.5647488,1709631759.5682616
5945,1709631759.6586025,1709631759.6628072
5946,1709631759.7577736,1709631759.761749
5947,1709631759.8568282,1709631759.8608696
5948,1709631759.9639578,1709631759.967778
5949,1709631760.0661128,1709631760.0696461
5950,1709631760.161258,1709631760.1654491
5951,1709631760.2628028,1709631760.2673435
5952,1709631760.3649979,1709631760.3694692
5953,1709631760.4599178,1709631760.463988
5954,1709631760.5617495,1709631760.5657701
5955,1709631760.666258,1709631760.6701791
5956,1709631760.7635021,1709631760.7687814
5957,1709631760.861392,1709631760.8644054
5958,1709631760.965755,1709631760.96956
5959,1709631761.057923,1709631761.0618174
5960,1709631761.173823,1709631761.1788604
5961,1709631761.267675,1709631761.271444
5962,1709631761.36445,1709631761.3678467
5963,1709631761.4632049,1709631761.4674149
5964,1709631761.5574152,1709631761.5617352
5965,1709631761.6604226,1709631761.664124
5966,1709631761.7633178,1709631761.7686856
5967,1709631761.8643932,1709631761.868738
5968,1709631761.9613411,1709631761.9653952
5969,1709631762.0581772,1709631762.0623722
5970,1709631762.1643527,1709631762.1682858
5971,1709631762.2628825,1709631762.2696846
5972,1709631762.3574996,1709631762.361801
5973,1709631762.4668999,1709631762.4711583
5974,1709631762.5571537,1709631762.5609877
5975,1709631762.658175,1709631762.6628797
5976,1709631762.7651482,1709631762.7711997
5977,1709631762.8649838,1709631762.8694205
5978,1709631762.9637575,1709631762.9684474
5979,1709631763.0614743,1709631763.0656703
5980,1709631763.164281,1709631763.1680975
5981,1709631763.2668943,1709631763.2708895
5982,1709631763.3591864,1709631763.3624995
5983,1709631763.4647055,1709631763.4690628
5984,1709631763.5610924,1709631763.5649953
5985,1709631763.6571238,1709631763.6614225
5986,1709631763.75723,1709631763.7652173
5987,1709631763.863806,1709631763.8677154
5988,1709631763.9577951,1709631763.9617422
5989,1709631764.056566,1709631764.0609434
5990,1709631764.1563969,1709631764.160366
5991,1709631764.2604055,1709631764.2643921
5992,1709631764.3614833,1709631764.366533
5993,1709631764.4742773,1709631764.4783032
5994,1709631764.5612936,1709631764.5655916
5995,1709631764.6677458,1709631764.6717947
5996,1709631764.7577598,1709631764.7618883
5997,1709631764.86279,1709631764.8674383
5998,1709631764.9643137,1709631764.9682398
5999,1709631765.0589542,1709631765.0632787
6000,1709631765.169748,1709631765.1751692
6001,1709631765.2678308,1709631765.2718406
6002,1709631765.3586967,1709631765.363307
6003,1709631765.4558992,1709631765.4585679
6004,1709631765.5559597,1709631765.5603616
6005,1709631765.6636982,1709631765.66776
6006,1709631765.7602975,1709631765.765389
6007,1709631765.8601677,1709631765.8646321
6008,1709631765.962803,1709631765.9667666
6009,1709631766.0646749,1709631766.0684218
6010,1709631766.1632373,1709631766.1677551
6011,1709631766.2633696,1709631766.2703075
6012,1709631766.3633304,1709631766.3686373
6013,1709631766.4656105,1709631766.4697545
6014,1709631766.5573652,1709631766.5656269
6015,1709631766.6625185,1709631766.6664035
6016,1709631766.7591949,1709631766.7662058
6017,1709631766.8688858,1709631766.8732133
6018,1709631766.9661763,1709631766.969074
6019,1709631767.0665298,1709631767.0721593
6020,1709631767.15572,1709631767.1585047
6021,1709631767.2635922,1709631767.2734265
6022,1709631767.365199,1709631767.3706076
6023,1709631767.46489,1709631767.4698563
6024,1709631767.5618968,1709631767.565507
6025,1709631767.658933,1709631767.6640108
6026,1709631767.7667294,1709631767.770648
6027,1709631767.86514,1709631767.8695486
6028,1709631767.9569345,1709631767.9617338
6029,1709631768.0656328,1709631768.070861
6030,1709631768.1631715,1709631768.1664407
6031,1709631768.2653925,1709631768.269546
6032,1709631768.3678315,1709631768.3742554
6033,1709631768.4574218,1709631768.4623253
6034,1709631768.5654728,1709631768.571951
6035,1709631768.6613736,1709631768.6693695
6036,1709631768.7557397,1709631768.7595763
6037,1709631768.8620472,1709631768.8620555
6038,1709631768.9618895,1709631768.961895
6039,1709631769.0643175,1709631769.0643253
6040,1709631769.1564457,1709631769.1564512
6041,1709631769.2592745,1709631769.2592826
6042,1709631769.357638,1709631769.357647
6043,1709631769.4686406,1709631769.468659
6044,1709631769.5767412,1709631769.576749
6045,1709631769.6562088,1709631769.656216
6046,1709631769.7618787,1709631769.7618878
6047,1709631769.8627694,1709631769.8627753
6048,1709631769.9623353,1709631769.962343
6049,1709631770.0662167,1709631770.0662246
6050,1709631770.1617382,1709631770.1617448
6051,1709631770.2564898,1709631770.2564974
6052,1709631770.3589773,1709631770.3589835
6053,1709631770.4675097,1709631770.4675167
6054,1709631770.5601792,1709631770.5601873
6055,1709631770.6605015,1709631770.660508
6056,1709631770.765892,1709631770.765899
6057,1709631770.859316,1709631770.8593245
6058,1709631770.967335,1709631770.9673424
6059,1709631771.0702348,1709631771.0702434
6060,1709631771.1589503,1709631771.1589582
6061,1709631771.2668529,1709631771.2668636
6062,1709631771.3611147,1709631771.361122
6063,1709631771.4651086,1709631771.4651148
6064,1709631771.5646005,1709631771.5646093
6065,1709631771.6583266,1709631771.6583354
6066,1709631771.7605817,1709631771.7605891
6067,1709631771.8631537,1709631771.8631644
6068,1709631771.9683268,1709631771.9683335
6069,1709631772.068419,1709631772.0684257
6070,1709631772.1766171,1709631772.1766253
6071,1709631772.2674177,1709631772.2674243
6072,1709631772.360626,1709631772.3606346
6073,1709631772.464541,1709631772.4645486
6074,1709631772.5671232,1709631772.5671303
6075,1709631772.6633708,1709631772.6633782
6076,1709631772.7587783,1709631772.7587852
6077,1709631772.8591297,1709631772.8591373
6078,1709631772.960733,1709631772.9607422
6079,1709631773.0621495,1709631773.062158
6080,1709631773.1674755,1709631773.1674829
6081,1709631773.2685122,1709631773.268522
6082,1709631773.362482,1709631773.3624904
6083,1709631773.4654143,1709631773.4654224
6084,1709631773.5573978,1709631773.5574064
6085,1709631773.656258,1709631773.656267
6086,1709631773.7687867,1709631773.768793
6087,1709631773.8672462,1709631773.8672538
6088,1709631773.967877,1709631773.9678843
6089,1709631774.05615,1709631774.056158
6090,1709631774.1579704,1709631774.1579778
6091,1709631774.2554536,1709631774.255461
6092,1709631774.3725817,1709631774.3725889
6093,1709631774.4563727,1709631774.4563823
6094,1709631774.5598903,1709631774.559897
6095,1709631774.6605532,1709631774.6605613
6096,1709631774.7581213,1709631774.7581284
6097,1709631774.8693516,1709631774.8693628
6098,1709631774.9658308,1709631774.9658365
6099,1709631775.0633235,1709631775.0633311
6100,1709631775.1636198,1709631775.1636276
6101,1709631775.261819,1709631775.2618275
6102,1709631775.3692012,1709631775.369211
6103,1709631775.462687,1709631775.4626946
6104,1709631775.5612302,1709631775.561239
6105,1709631775.6590188,1709631775.6590261
6106,1709631775.7571545,1709631775.7571642
6107,1709631775.8617551,1709631775.8617625
6108,1709631775.9697723,1709631775.9697876
6109,1709631776.0579033,1709631776.0579102
6110,1709631776.1572685,1709631776.1572762
6111,1709631776.2587376,1709631776.258746
6112,1709631776.3631415,1709631776.36315
6113,1709631776.4587862,1709631776.4587915
6114,1709631776.5653012,1709631776.5653083
6115,1709631776.6644244,1709631776.6644318
6116,1709631776.7579794,1709631776.7579873
6117,1709631776.85902,1709631776.8590283
6118,1709631776.9621904,1709631776.9621994
6119,1709631777.0655773,1709631777.0655844
6120,1709631777.1640139,1709631777.164022
6121,1709631777.259511,1709631777.2595186
6122,1709631777.3591068,1709631777.3591166
6123,1709631777.465916,1709631777.465924
6124,1709631777.558807,1709631777.5588152
6125,1709631777.6573741,1709631777.6573834
6126,1709631777.7619476,1709631777.761955
6127,1709631777.8661063,1709631777.8661144
6128,1709631777.9650211,1709631777.9650297
6129,1709631778.0590754,1709631778.0590823
6130,1709631778.1615798,1709631778.1615875
6131,1709631778.26045,1709631778.2604575
6132,1709631778.357494,1709631778.3575017
6133,1709631778.466151,1709631778.4661584
6134,1709631778.5576596,1709631778.5576665
6135,1709631778.6591644,1709631778.6591723
6136,1709631778.7603545,1709631778.7603617
6137,1709631778.8559918,1709631778.8560019
6138,1709631778.9612122,1709631778.961218
6139,1709631779.0586946,1709631779.058703
6140,1709631779.1568162,1709631779.1568234
6141,1709631779.264359,1709631779.2643676
6142,1709631779.3592305,1709631779.3592377
6143,1709631779.4669635,1709631779.4669707
6144,1709631779.5599291,1709631779.559936
6145,1709631779.6617203,1709631779.661728
6146,1709631779.7631264,1709631779.763136
6147,1709631779.86263,1709631779.8626378
6148,1709631779.9636817,1709631779.9636881
6149,1709631780.0575383,1709631780.0575454
6150,1709631780.1656623,1709631780.1656687
6151,1709631780.2606132,1709631780.2606199
6152,1709631780.3613234,1709631780.3613284
6153,1709631780.4593692,1709631780.4593785
6154,1709631780.56533,1709631780.5653384
6155,1709631780.6581056,1709631780.6581132
6156,1709631780.7658384,1709631780.7658472
6157,1709631780.8707697,1709631780.8707783
6158,1709631780.9609942,1709631780.9610007
6159,1709631781.0611389,1709631781.061148
6160,1709631781.1592116,1709631781.1592195
6161,1709631781.257747,1709631781.257754
6162,1709631781.3620114,1709631781.3620186
6163,1709631781.4600635,1709631781.4600701
6164,1709631781.5584486,1709631781.5584571
6165,1709631781.6564643,1709631781.6564715
6166,1709631781.7675786,1709631781.7675862
6167,1709631781.8630252,1709631781.863033
6168,1709631781.959941,1709631781.9599473
6169,1709631782.060942,1709631782.0609515
6170,1709631782.1610482,1709631782.1610563
6171,1709631782.2585232,1709631782.25853
6172,1709631782.3637195,1709631782.3637276
6173,1709631782.465511,1709631782.4655182
6174,1709631782.5666409,1709631782.5666523
6175,1709631782.657038,1709631782.6570454
6176,1709631782.765196,1709631782.765208
6177,1709631782.865315,1709631782.8653214
6178,1709631782.9702091,1709631782.970215
6179,1709631783.0581803,1709631783.0581894
6180,1709631783.163381,1709631783.163389
6181,1709631783.2642412,1709631783.2642493
6182,1709631783.3675919,1709631783.3676016
6183,1709631783.4614525,1709631783.4614613
6184,1709631783.5585368,1709631783.558544
6185,1709631783.656642,1709631783.6566534
6186,1709631783.7702286,1709631783.7702355
6187,1709631783.8719373,1709631783.8719673
6188,1709631783.9646306,1709631783.9646394
6189,1709631784.0624604,1709631784.0624676
6190,1709631784.1718285,1709631784.1718361
6191,1709631784.2579894,1709631784.2579942
6192,1709631784.3716357,1709631784.3716445
6193,1709631784.4638891,1709631784.4638941
6194,1709631784.560632,1709631784.5606391
6195,1709631784.6568015,1709631784.6568084
6196,1709631784.767811,1709631784.7678194
6197,1709631784.8704815,1709631784.8704886
6198,1709631784.965215,1709631784.9652226
6199,1709631785.060183,1709631785.0601914
6200,1709631785.160881,1709631785.1608853
6201,1709631785.2680361,1709631785.2680428
6202,1709631785.367984,1709631785.3679926
6203,1709631785.4627316,1709631785.4627373
6204,1709631785.5654466,1709631785.5654562
6205,1709631785.6609352,1709631785.660944
6206,1709631785.775784,1709631785.7757936
6207,1709631785.8821998,1709631785.8822088
6208,1709631785.9675117,1709631785.9675188
6209,1709631786.0733175,1709631786.073326
6210,1709631786.1645238,1709631786.1645305
6211,1709631786.2655752,1709631786.2655816
6212,1709631786.3742101,1709631786.3742151
6213,1709631786.467778,1709631786.4677851
6214,1709631786.5627422,1709631786.5627499
6215,1709631786.6598284,1709631786.6598368
6216,1709631786.7709339,1709631786.7709427
6217,1709631786.8619988,1709631786.8620052
6218,1709631786.9719217,1709631786.97193
6219,1709631787.059945,1709631787.059953
6220,1709631787.1609151,1709631787.1609216
6221,1709631787.275727,1709631787.2757359
6222,1709631787.3717964,1709631787.371804
6223,1709631787.4674282,1709631787.467436
6224,1709631787.561618,1709631787.5616257
6225,1709631787.6590562,1709631787.6590633
6226,1709631787.7697794,1709631787.7697847
6227,1709631787.8695362,1709631787.8695433
6228,1709631787.9632497,1709631787.963258
6229,1709631788.058678,1709631788.0586858
6230,1709631788.1593757,1709631788.1593826
6231,1709631788.2791734,1709631788.279181
6232,1709631788.3678982,1709631788.3679094
6233,1709631788.4657845,1709631788.4657917
6234,1709631788.5645945,1709631788.5646002
6235,1709631788.6749706,1709631788.6749773
6236,1709631788.7828116,1709631788.782818
6237,1709631788.8608162,1709631788.8608217
6238,1709631788.9700084,1709631788.9700174
6239,1709631789.056202,1709631789.0562105
6240,1709631789.1711514,1709631789.1711588
6241,1709631789.2762375,1709631789.2762444
6242,1709631789.370529,1709631789.3705373
6243,1709631789.4694166,1709631789.4694252
6244,1709631789.5679445,1709631789.5679522
6245,1709631789.6729293,1709631789.6729374
6246,1709631789.7682238,1709631789.7682288
6247,1709631789.8680444,1709631789.8680506
6248,1709631789.9680457,1709631789.9680533
6249,1709631790.064121,1709631790.064126
6250,1709631790.1714802,1709631790.1714878
6251,1709631790.2709816,1709631790.270989
6252,1709631790.3695662,1709631790.3695707
6253,1709631790.4668467,1709631790.4668536
6254,1709631790.5665965,1709631790.5666032
6255,1709631790.6681683,1709631790.6681755
6256,1709631790.7694247,1709631790.7694337
6257,1709631790.863995,1709631790.864005
6258,1709631790.9672685,1709631790.9672759
6259,1709631791.061707,1709631791.0617135
6260,1709631791.1667805,1709631791.1667871
6261,1709631791.2666972,1709631791.2667048
6262,1709631791.3622768,1709631791.362284
6263,1709631791.4604247,1709631791.4604325
6264,1709631791.5622387,1709631791.562246
6265,1709631791.659653,1709631791.6596596
6266,1709631791.7669206,1709631791.7669306
6267,1709631791.8649657,1709631791.8649726
6268,1709631791.9592736,1709631791.9592798
6269,1709631792.060138,1709631792.0601478
6270,1709631792.1605077,1709631792.1605132
6271,1709631792.2758565,1709631792.2758656
6272,1709631792.3685637,1709631792.3685749
6273,1709631792.4644191,1709631792.4644284
6274,1709631792.565319,1709631792.5653248
6275,1709631792.6583188,1709631792.6583266
6276,1709631792.771402,1709631792.7714078
6277,1709631792.8749166,1709631792.8749259
6278,1709631792.9619927,1709631792.962
6279,1709631793.061909,1709631793.0619164
6280,1709631793.1642032,1709631793.1642091
6281,1709631793.2620037,1709631793.2620118
6282,1709631793.367822,1709631793.3678315
6283,1709631793.4608738,1709631793.460883
6284,1709631793.5660577,1709631793.5660653
6285,1709631793.6565223,1709631793.6565294
6286,1709631793.7586079,1709631793.7586162
6287,1709631793.8801446,1709631793.8801517
6288,1709631793.9613898,1709631793.9613981
6289,1709631794.064843,1709631794.0648487
6290,1709631794.1646059,1709631794.1646144
6291,1709631794.26777,1709631794.267777
6292,1709631794.3585088,1709631794.358519
6293,1709631794.4608343,1709631794.4608412
6294,1709631794.5573773,1709631794.5573845
6295,1709631794.6563976,1709631794.6564052
6296,1709631794.7670507,1709631794.7670584
6297,1709631794.8634686,1709631794.863475
6298,1709631794.9673903,1709631794.9673975
6299,1709631795.0605843,1709631795.0605912
6300,1709631795.164545,1709631795.1645522
6301,1709631795.2621608,1709631795.262167
6302,1709631795.3583083,1709631795.358316
6303,1709631795.4668849,1709631795.4669445
6304,1709631795.5658867,1709631795.5658937
6305,1709631795.6614277,1709631795.6614344
6306,1709631795.7623317,1709631795.762336
6307,1709631795.8684776,1709631795.868489
6308,1709631795.9643574,1709631795.9643643
6309,1709631796.071399,1709631796.0714068
6310,1709631796.1672208,1709631796.1672294
6311,1709631796.259564,1709631796.2595716
6312,1709631796.3670468,1709631796.3670557
6313,1709631796.4652336,1709631796.4652417
6314,1709631796.5644245,1709631796.564433
6315,1709631796.6589515,1709631796.6589577
6316,1709631796.759763,1709631796.759773
6317,1709631796.8705063,1709631796.8705146
6318,1709631796.9614334,1709631796.9614408
6319,1709631797.060947,1709631797.0609546
6320,1709631797.1665647,1709631797.1665716
6321,1709631797.2642891,1709631797.2642972
6322,1709631797.3631556,1709631797.363163
6323,1709631797.4609902,1709631797.4610012
6324,1709631797.5670877,1709631797.567092
6325,1709631797.6560955,1709631797.6561053
6326,1709631797.7610896,1709631797.7610967
6327,1709631797.8734887,1709631797.873495
6328,1709631797.970737,1709631797.9707463
6329,1709631798.0628452,1709631798.0628529
6330,1709631798.1635146,1709631798.1635222
6331,1709631798.2615027,1709631798.2615106
6332,1709631798.3662474,1709631798.3662565
6333,1709631798.4707944,1709631798.4708037
6334,1709631798.5660233,1709631798.5660312
6335,1709631798.664734,1709631798.6647415
6336,1709631798.7579744,1709631798.7579808
6337,1709631798.8640053,1709631798.8640132
6338,1709631798.9617782,1709631798.9617896
6339,1709631799.0697682,1709631799.0697787
6340,1709631799.1568923,1709631799.1569383
6341,1709631799.267935,1709631799.267942
6342,1709631799.3701878,1709631799.3701952
6343,1709631799.4598587,1709631799.4598665
6344,1709631799.5602067,1709631799.560213
6345,1709631799.661097,1709631799.6611047
6346,1709631799.7603602,1709631799.760368
6347,1709631799.871242,1709631799.8712466
6348,1709631799.9610574,1709631799.9610648
6349,1709631800.059682,1709631800.0596912
6350,1709631800.1659017,1709631800.1659105
6351,1709631800.2613246,1709631800.261454
6352,1709631800.3654563,1709631800.365465
6353,1709631800.4664836,1709631800.4664936
6354,1709631800.5675461,1709631800.5675533
6355,1709631800.6613426,1709631800.6613488
6356,1709631800.7583237,1709631800.7583308
6357,1709631800.8713737,1709631800.8713818
6358,1709631800.956778,1709631800.956785
6359,1709631801.061263,1709631801.0612702
6360,1709631801.1693592,1709631801.1693666
6361,1709631801.2560833,1709631801.2560935
6362,1709631801.8171875,1709631801.8171954
6363,1709631801.8234284,1709631801.8234627
6364,1709631801.873121,1709631801.8731315
6365,1709631801.972635,1709631801.9726446
6366,1709631802.0633018,1709631802.06331
6367,1709631802.168077,1709631802.1680846
6368,1709631802.2649093,1709631802.2649167
6369,1709631802.3646238,1709631802.364632
6370,1709631802.4619458,1709631802.4619544
6371,1709631802.5599804,1709631802.5599859
6372,1709631802.6629674,1709631802.6629732
6373,1709631802.7647316,1709631802.7647405
6374,1709631802.8606122,1709631802.8606176
6375,1709631802.9630218,1709631802.9630313
6376,1709631803.0593112,1709631803.05932
6377,1709631803.158208,1709631803.158218
6378,1709631803.259903,1709631803.2599096
6379,1709631803.3562424,1709631803.3562498
6380,1709631803.456074,1709631803.4560819
6381,1709631803.5753663,1709631803.575374
6382,1709631803.6623704,1709631803.6623802
6383,1709631803.7643204,1709631803.7643294
6384,1709631803.8659372,1709631803.8659432
6385,1709631803.9654455,1709631803.9654582
6386,1709631804.065299,1709631804.0653062
6387,1709631804.1604269,1709631804.160434
6388,1709631804.2754207,1709631804.2754278
6389,1709631804.3625445,1709631804.3625522
6390,1709631804.4651508,1709631804.4651587
6391,1709631804.561317,1709631804.5613248
6392,1709631804.6655676,1709631804.6655746
6393,1709631804.758652,1709631804.758659
6394,1709631804.8624942,1709631804.8625073
6395,1709631804.966253,1709631804.9662619
6396,1709631805.0577927,1709631805.0577996
6397,1709631805.1622775,1709631805.1622858
6398,1709631805.2598095,1709631805.2598162
6399,1709631805.3598695,1709631805.3598769
6400,1709631805.461594,1709631805.461604
6401,1709631805.561603,1709631805.56161
6402,1709631805.6628978,1709631805.662905
6403,1709631805.7648084,1709631805.7648165
6404,1709631805.8803954,1709631805.8804038
6405,1709631805.9652758,1709631805.9652839
6406,1709631806.0679584,1709631806.0679655
6407,1709631806.1581993,1709631806.158207
6408,1709631806.2610357,1709631806.261045
6409,1709631806.3613994,1709631806.361408
6410,1709631806.4649265,1709631806.4649365
6411,1709631806.5707736,1709631806.5707839
6412,1709631806.6717985,1709631806.671807
6413,1709631806.7675903,1709631806.7675977
6414,1709631806.860094,1709631806.860103
6415,1709631806.9650848,1709631806.9650927
6416,1709631807.0671864,1709631807.0671961
6417,1709631807.161964,1709631807.161973
6418,1709631807.2617428,1709631807.2617507
6419,1709631807.3567839,1709631807.356791
6420,1709631807.4576511,1709631807.4576566
6421,1709631807.567836,1709631807.5678406
6422,1709631807.6713762,1709631807.6713839
6423,1709631807.7559628,1709631807.7559724
6424,1709631807.8711922,1709631807.8711998
6425,1709631807.9614367,1709631807.9614458
6426,1709631808.0652852,1709631808.0652924
6427,1709631808.159596,1709631808.159605
6428,1709631808.2633603,1709631808.2633684
6429,1709631808.3587916,1709631808.3588018
6430,1709631808.4716825,1709631808.471689
6431,1709631808.5602522,1709631808.560259
6432,1709631808.6563547,1709631808.6563642
6433,1709631808.761873,1709631808.7618809
6434,1709631808.8739963,1709631808.8740041
6435,1709631808.967795,1709631808.9678032
6436,1709631809.0625515,1709631809.06256
6437,1709631809.1690445,1709631809.169052
6438,1709631809.2628496,1709631809.2628548
6439,1709631809.3742013,1709631809.3742104
6440,1709631809.4604123,1709631809.4604197
6441,1709631809.574354,1709631809.5743608
6442,1709631809.6636107,1709631809.6636198
6443,1709631809.757006,1709631809.757014
6444,1709631809.8604796,1709631809.860484
6445,1709631809.9662008,1709631809.9662077
6446,1709631810.0747416,1709631810.0747502
6447,1709631810.1639652,1709631810.1639724
6448,1709631810.2716475,1709631810.2716548
6449,1709631810.3724582,1709631810.372467
6450,1709631810.4621599,1709631810.462168
6451,1709631810.5658252,1709631810.5658324
6452,1709631810.6596193,1709631810.6596289
6453,1709631810.7670276,1709631810.7670364
6454,1709631810.8644977,1709631810.8645039
6455,1709631810.968387,1709631810.968396
6456,1709631811.0763195,1709631811.0763266
6457,1709631811.1649551,1709631811.1649625
6458,1709631811.2660415,1709631811.2660487
6459,1709631811.360395,1709631811.3604023
6460,1709631811.4574573,1709631811.4574668
6461,1709631811.5574396,1709631811.557448
6462,1709631811.66668,1709631811.6666884
6463,1709631811.7617388,1709631811.761747
6464,1709631811.86836,1709631811.8683689
6465,1709631811.9649725,1709631811.9649794
6466,1709631812.0645428,1709631812.0645509
6467,1709631812.1619902,1709631812.161997
6468,1709631812.264174,1709631812.264181
6469,1709631812.3614323,1709631812.3614397
6470,1709631812.5139837,1709631812.5139916
6471,1709631812.5727966,1709631812.5728047
6472,1709631812.6644287,1709631812.6644347
6473,1709631812.7689025,1709631812.7689114
6474,1709631812.8696747,1709631812.8696842
6475,1709631812.9678972,1709631812.967905
6476,1709631813.0779564,1709631813.0779626
6477,1709631813.1637573,1709631813.1637652
6478,1709631813.267013,1709631813.2670205
6479,1709631813.3717582,1709631813.3717666
6480,1709631813.4698966,1709631813.4699035
6481,1709631813.5564451,1709631813.556451
6482,1709631813.6688712,1709631813.6688788
6483,1709631813.7661974,1709631813.7662072
6484,1709631813.8597734,1709631813.8597887
6485,1709631813.9686053,1709631813.9686127
6486,1709631814.0703204,1709631814.070327
6487,1709631814.1583097,1709631814.158317
6488,1709631814.2687905,1709631814.2687988
6489,1709631814.362736,1709631814.3627434
6490,1709631814.4650671,1709631814.465083
6491,1709631814.5597343,1709631814.5597427
6492,1709631814.6615279,1709631814.6615355
6493,1709631814.7606518,1709631814.7606592
6494,1709631814.8725827,1709631814.8725896
6495,1709631814.9686942,1709631814.9687035
6496,1709631815.0555258,1709631815.0555341
6497,1709631815.1613696,1709631815.1613762
6498,1709631815.2654445,1709631815.2654552
6499,1709631815.3560834,1709631815.3560908
6500,1709631815.4691,1709631815.4691083
6501,1709631815.5604224,1709631815.56043
6502,1709631815.6610205,1709631815.6610289
6503,1709631815.763912,1709631815.7639213
6504,1709631815.871782,1709631815.871791
6505,1709631815.9592214,1709631815.959227
6506,1709631816.0665488,1709631816.0665574
6507,1709631816.162004,1709631816.1620119
6508,1709631816.270277,1709631816.270284
6509,1709631816.3694751,1709631816.3694825
6510,1709631816.4580767,1709631816.4580855
6511,1709631816.5581071,1709631816.5581133
6512,1709631816.668508,1709631816.6685164
6513,1709631816.7733126,1709631816.7733197
6514,1709631816.864662,1709631816.86467
6515,1709631816.9673433,1709631816.9673526
6516,1709631817.067078,1709631817.0670862
6517,1709631817.1597595,1709631817.159765
6518,1709631817.2777953,1709631817.2778027
6519,1709631817.3704028,1709631817.370414
6520,1709631817.464878,1709631817.464885
6521,1709631817.5611207,1709631817.5611274
6522,1709631817.6685274,1709631817.668536
6523,1709631817.7579913,1709631817.7579966
6524,1709631817.860029,1709631817.860036
6525,1709631817.9599366,1709631817.959944
6526,1709631818.0567632,1709631818.0567684
6527,1709631818.1644363,1709631818.1644428
6528,1709631818.26304,1709631818.2630472
6529,1709631818.3557105,1709631818.3557158
6530,1709631818.460382,1709631818.4603913
6531,1709631818.564737,1709631818.5647442
6532,1709631818.6557124,1709631818.65572
6533,1709631818.7660959,1709631818.766104
6534,1709631818.8723912,1709631818.8723984
6535,1709631818.973157,1709631818.9731646
6536,1709631819.0652893,1709631819.0652966
6537,1709631819.1590674,1709631819.1590762
6538,1709631819.2562113,1709631819.2562194
6539,1709631819.3610168,1709631819.3610246
6540,1709631819.4556785,1709631819.455686
6541,1709631819.564501,1709631819.5645082
6542,1709631819.6594913,1709631819.6594985
6543,1709631819.7635155,1709631819.7635257
6544,1709631819.8623512,1709631819.8623562
6545,1709631819.965494,1709631819.965499
6546,1709631820.066615,1709631820.066623
6547,1709631820.1631887,1709631820.1631973
6548,1709631820.257813,1709631820.2578206
6549,1709631820.3695037,1709631820.3695114
6550,1709631820.4659402,1709631820.4659522
6551,1709631820.5604043,1709631820.5604117
6552,1709631820.6646602,1709631820.6646662
6553,1709631820.7704144,1709631820.7704234
6554,1709631820.8628016,1709631820.8628147
6555,1709631820.9581363,1709631820.958146
6556,1709631821.065898,1709631821.065905
6557,1709631821.1718006,1709631821.1718085
6558,1709631821.2558641,1709631821.2558715
6559,1709631821.361811,1709631821.361819
6560,1709631821.4586844,1709631821.4586957
6561,1709631821.564072,1709631821.5640779
6562,1709631821.6608508,1709631821.6608577
6563,1709631821.7677677,1709631821.7677767
6564,1709631821.8582695,1709631821.8582761
6565,1709631821.9650037,1709631821.9650116
6566,1709631822.061079,1709631822.0610883
6567,1709631822.1662884,1709631822.166296
6568,1709631822.2669675,1709631822.2669754
6569,1709631822.3617752,1709631822.3617842
6570,1709631822.471602,1709631822.471611
6571,1709631822.5637639,1709631822.5637717
6572,1709631822.6649156,1709631822.6649232
6573,1709631822.7629566,1709631822.7629623
6574,1709631822.8636634,1709631822.8636715
6575,1709631822.959596,1709631822.9596043
6576,1709631823.066062,1709631823.06607
6577,1709631823.1655576,1709631823.165566
6578,1709631823.2715695,1709631823.2715766
6579,1709631823.3654013,1709631823.365455
6580,1709631823.4631166,1709631823.4631832
6581,1709631823.562743,1709631823.5628147
6582,1709631823.6687677,1709631823.6688323
6583,1709631823.7763803,1709631823.7764406
6584,1709631823.8655286,1709631823.8656864
6585,1709631823.9690936,1709631823.9692304
6586,1709631824.0732062,1709631824.073251
6587,1709631824.182489,1709631824.1825461
6588,1709631824.2680852,1709631824.2681444
6589,1709631824.3599265,1709631824.3599973
6590,1709631824.474322,1709631824.4743798
6591,1709631824.5660229,1709631824.566085
6592,1709631824.6730843,1709631824.6731231
6593,1709631824.7630916,1709631824.7631905
6594,1709631824.8678825,1709631824.867941
6595,1709631824.9739175,1709631824.9740858
6596,1709631825.0739682,1709631825.0740542
6597,1709631825.1745992,1709631825.174715
6598,1709631825.262812,1709631825.2629147
6599,1709631825.3699064,1709631825.3701582
6600,1709631825.4729853,1709631825.473109
6601,1709631825.5723152,1709631825.572521
6602,1709631825.665741,1709631825.6658342
6603,1709631825.7622328,1709631825.7624986
6604,1709631825.8634825,1709631825.8635895
6605,1709631825.9729161,1709631825.973003
6606,1709631826.0706618,1709631826.0707972
6607,1709631826.172079,1709631826.1721652
6608,1709631826.255534,1709631826.2556045
6609,1709631826.3600485,1709631826.3601456
6610,1709631826.462412,1709631826.462467
6611,1709631826.5710502,1709631826.571134
6612,1709631826.667231,1709631826.6672854
6613,1709631826.7671728,1709631826.7672358
6614,1709631826.8744283,1709631826.8744774
6615,1709631826.9744089,1709631826.974475
6616,1709631827.0621834,1709631827.0622387
6617,1709631827.1673658,1709631827.16742
6618,1709631827.2600286,1709631827.260037
6619,1709631827.3670182,1709631827.3670268
6620,1709631827.4627054,1709631827.4627151
6621,1709631827.5725517,1709631827.5725594
6622,1709631827.6613312,1709631827.6613386
6623,1709631827.7686946,1709631827.768704
6624,1709631827.8678422,1709631827.867849
6625,1709631827.960427,1709631827.9604352
6626,1709631828.069036,1709631828.069045
6627,1709631828.168897,1709631828.1689022
6628,1709631828.2730975,1709631828.273105
6629,1709631828.376534,1709631828.3765414
6630,1709631828.460151,1709631828.4601576
6631,1709631828.5602813,1709631828.5602887
6632,1709631828.6604242,1709631828.660432
6633,1709631828.764681,1709631828.7646892
6634,1709631828.8627346,1709631828.8627417
6635,1709631828.9710019,1709631828.9710119
6636,1709631829.06173,1709631829.0617387
6637,1709631829.170297,1709631829.1703033
6638,1709631829.2582304,1709631829.2582386
6639,1709631829.3635354,1709631829.3635426
6640,1709631829.462893,1709631829.4628985
6641,1709631829.5592446,1709631829.559252
6642,1709631829.6712158,1709631829.6712255
6643,1709631829.7565112,1709631829.7565188
6644,1709631829.8667834,1709631829.86679
6645,1709631829.9716723,1709631829.9716818
6646,1709631830.0635703,1709631830.0635784
6647,1709631830.1728146,1709631830.172823
6648,1709631830.2589016,1709631830.25891
6649,1709631830.3659568,1709631830.365965
6650,1709631830.4612484,1709631830.4612637
6651,1709631830.561383,1709631830.5613928
6652,1709631830.6605072,1709631830.6605122
6653,1709631830.7600486,1709631830.7600565
6654,1709631830.8626363,1709631830.8626447
6655,1709631830.9589074,1709631830.9589162
6656,1709631831.0733814,1709631831.0733888
6657,1709631831.1678915,1709631831.1678987
6658,1709631831.26815,1709631831.2681577
6659,1709631831.3633459,1709631831.3633513
6660,1709631831.466746,1709631831.4667547
6661,1709631831.5621617,1709631831.5621684
6662,1709631831.6608613,1709631831.6608663
6663,1709631831.762228,1709631831.7622352
6664,1709631831.8667884,1709631831.8667932
6665,1709631831.9727552,1709631831.9727645
6666,1709631832.0590117,1709631832.0590198
6667,1709631832.1620147,1709631832.1620216
6668,1709631832.2641423,1709631832.2641506
6669,1709631832.3641567,1709631832.364163
6670,1709631832.4708202,1709631832.4708285
6671,1709631832.571718,1709631832.5717256
6672,1709631832.6610715,1709631832.661077
6673,1709631832.7558026,1709631832.7558103
6674,1709631832.864647,1709631832.8646524
6675,1709631832.9788132,1709631832.9788232
6676,1709631833.0655873,1709631833.0655942
6677,1709631833.1610863,1709631833.161091
6678,1709631833.2615705,1709631833.2615793
6679,1709631833.3726373,1709631833.372645
6680,1709631833.467522,1709631833.467531
6681,1709631833.5688274,1709631833.5688353
6682,1709631833.6643963,1709631833.6644025
6683,1709631833.7647796,1709631833.7647898
6684,1709631833.8767788,1709631833.8767877
6685,1709631833.9741883,1709631833.9741957
6686,1709631834.0745058,1709631834.0745127
6687,1709631834.1715858,1709631834.1715913
6688,1709631834.2714698,1709631834.2714772
6689,1709631834.3718028,1709631834.37181
6690,1709631834.4682207,1709631834.4682274
6691,1709631834.5635252,1709631834.563536
6692,1709631834.6586165,1709631834.6586223
6693,1709631834.7640517,1709631834.76406
6694,1709631834.8747933,1709631834.8748
6695,1709631834.964913,1709631834.9649189
6696,1709631835.0648563,1709631835.0648656
6697,1709631835.1572793,1709631835.157287
6698,1709631835.2675612,1709631835.2675707
6699,1709631835.3706048,1709631835.3706126
6700,1709631835.462186,1709631835.462191
6701,1709631835.5592825,1709631835.55929
6702,1709631835.6665695,1709631835.6665752
6703,1709631835.766255,1709631835.7662616
6704,1709631835.8617141,1709631835.861721
6705,1709631835.9659398,1709631835.9659474
6706,1709631836.0775435,1709631836.0775502
6707,1709631836.1791303,1709631836.179139
6708,1709631836.2700996,1709631836.2701063
6709,1709631836.358492,1709631836.358499
6710,1709631836.4625993,1709631836.462608
6711,1709631836.566733,1709631836.56674
6712,1709631836.6722858,1709631836.6722944
6713,1709631836.7648196,1709631836.7648249
6714,1709631836.8645978,1709631836.8646102
6715,1709631836.962233,1709631836.9622412
6716,1709631837.0682135,1709631837.0682213
6717,1709631837.162356,1709631837.1623635
6718,1709631837.2669916,1709631837.2669985
6719,1709631837.35703,1709631837.3570373
6720,1709631837.4663737,1709631837.4663804
6721,1709631837.5718145,1709631837.5718238
6722,1709631837.6786478,1709631837.6786578
6723,1709631837.7668548,1709631837.7668638
6724,1709631837.860619,1709631837.8606262
6725,1709631837.9645667,1709631837.9645734
6726,1709631838.0668967,1709631838.0669057
6727,1709631838.1683385,1709631838.168345
6728,1709631838.2722762,1709631838.2722836
6729,1709631838.3601942,1709631838.360204
6730,1709631838.4652169,1709631838.4652228
6731,1709631838.556566,1709631838.5565734
6732,1709631838.68192,1709631838.6819272
6733,1709631838.7659097,1709631838.765918
6734,1709631838.8772702,1709631838.8772776
6735,1709631838.9596825,1709631838.9596937
6736,1709631839.0663676,1709631839.0663764
6737,1709631839.1671424,1709631839.1671495
6738,1709631839.2672698,1709631839.2672772
6739,1709631839.3741617,1709631839.3741689
6740,1709631839.4717145,1709631839.4717216
6741,1709631839.5656104,1709631839.5656197
6742,1709631839.6675198,1709631839.6675265
6743,1709631839.7701516,1709631839.7701602
6744,1709631839.8718872,1709631839.8719018
6745,1709631839.9698458,1709631839.969853
6746,1709631840.080277,1709631840.080287
6747,1709631840.172719,1709631840.172725
6748,1709631840.260576,1709631840.2605858
6749,1709631840.3664699,1709631840.3664773
6750,1709631840.4709651,1709631840.4709718
6751,1709631840.5691001,1709631840.569108
6752,1709631840.6586618,1709631840.6586683
6753,1709631840.7630117,1709631840.7630186
6754,1709631840.8711553,1709631840.8711646
6755,1709631840.9730456,1709631840.9730532
6756,1709631841.0685153,1709631841.068522
6757,1709631841.1737752,1709631841.173783
6758,1709631841.2676072,1709631841.267616
6759,1709631841.3590384,1709631841.3590438
6760,1709631841.472822,1709631841.4728274
6761,1709631841.5710547,1709631841.5710645
6762,1709631841.6620538,1709631841.6620593
6763,1709631841.7633982,1709631841.763405
6764,1709631841.876625,1709631841.8766327
6765,1709631841.9602654,1709631841.9602737
6766,1709631842.0692618,1709631842.0692692
6767,1709631842.1686456,1709631842.1686532
6768,1709631842.2913344,1709631842.2913425
6769,1709631842.3774943,1709631842.3775012
6770,1709631842.460368,1709631842.4603753
6771,1709631842.558796,1709631842.5588028
6772,1709631842.6587565,1709631842.658763
6773,1709631842.7645524,1709631842.76456
6774,1709631842.8630838,1709631842.8630903
6775,1709631842.9697213,1709631842.9697287
6776,1709631843.0723794,1709631843.072387
6777,1709631843.175076,1709631843.1750853
6778,1709631843.2609,1709631843.2609107
6779,1709631843.3634186,1709631843.3634264
6780,1709631843.4628446,1709631843.4628499
6781,1709631843.5651207,1709631843.5651278
6782,1709631843.6674533,1709631843.6674602
6783,1709631843.7716606,1709631843.7716694
6784,1709631843.870538,1709631843.8705459
6785,1709631843.9687388,1709631843.9687493
6786,1709631844.076133,1709631844.0761442
6787,1709631844.1658146,1709631844.1658225
6788,1709631844.2703352,1709631844.2703424
6789,1709631844.3728747,1709631844.372883
6790,1709631844.4643693,1709631844.464377
6791,1709631844.5687,1709631844.5687084
6792,1709631844.665147,1709631844.6651542
6793,1709631844.7856202,1709631844.7856278
6794,1709631844.8763125,1709631844.8763213
6795,1709631844.9714887,1709631844.9714983
6796,1709631845.061752,1709631845.0617611
6797,1709631845.1646845,1709631845.1646929
6798,1709631845.2696605,1709631845.2696693
6799,1709631845.3780353,1709631845.3780458
6800,1709631845.4691238,1709631845.469133
6801,1709631845.567367,1709631845.5673785
6802,1709631845.672255,1709631845.6722643
6803,1709631845.760615,1709631845.7606225
6804,1709631845.871261,1709631845.8712678
6805,1709631845.9640803,1709631845.964089
6806,1709631846.064511,1709631846.0733316
6807,1709631846.1711335,1709631846.1757896
6808,1709631846.274295,1709631846.27869
6809,1709631846.3614786,1709631846.3662186
6810,1709631846.4640818,1709631846.4683473
6811,1709631846.5702572,1709631846.5748131
6812,1709631846.665746,1709631846.6729057
6813,1709631846.7648835,1709631846.770792
6814,1709631846.8610914,1709631846.8654742
6815,1709631846.9667656,1709631846.9718914
6816,1709631847.0658345,1709631847.07013
6817,1709631847.1595275,1709631847.1632655
6818,1709631847.260411,1709631847.263919
6819,1709631847.3567872,1709631847.360411
6820,1709631847.4748073,1709631847.478762
6821,1709631847.5675125,1709631847.5735655
6822,1709631847.6643536,1709631847.6683586
6823,1709631847.7575707,1709631847.761421
6824,1709631847.867323,1709631847.8713486
6825,1709631847.957871,1709631847.9617214
6826,1709631848.0582035,1709631848.0620227
6827,1709631848.1645212,1709631848.1686306
6828,1709631848.2627854,1709631848.2670362
6829,1709631848.3562796,1709631848.3595984
6830,1709631848.4571643,1709631848.4595935
6831,1709631848.5603943,1709631848.5647016
6832,1709631848.6684532,1709631848.6722252
6833,1709631848.7612524,1709631848.764869
6834,1709631848.8639364,1709631848.866361
6835,1709631848.9582965,1709631848.9606876
6836,1709631849.0607107,1709631849.0668497
6837,1709631849.1729836,1709631849.1773345
6838,1709631849.2643094,1709631849.2666366
6839,1709631849.3590841,1709631849.3632312
6840,1709631849.4561017,1709631849.459941
6841,1709631849.5660465,1709631849.5728543
6842,1709631849.6724176,1709631849.6774669
6843,1709631849.756813,1709631849.7605968
6844,1709631849.858607,1709631849.861433
6845,1709631849.963419,1709631849.9675884
6846,1709631850.0721,1709631850.075022
6847,1709631850.160922,1709631850.1662445
6848,1709631850.2579288,1709631850.261919
6849,1709631850.3644822,1709631850.3682158
6850,1709631850.465862,1709631850.4697466
6851,1709631850.5667353,1709631850.5717373
6852,1709631850.6648924,1709631850.6690629
6853,1709631850.7640433,1709631850.7682276
6854,1709631850.8566232,1709631850.8616624
6855,1709631850.9750786,1709631850.9800858
6856,1709631851.0675955,1709631851.0708365
6857,1709631851.1567128,1709631851.1605558
6858,1709631851.2582679,1709631851.2626224
6859,1709631851.365966,1709631851.3702025
6860,1709631851.4590762,1709631851.4634745
6861,1709631851.5669446,1709631851.5698266
6862,1709631851.6625657,1709631851.667171
6863,1709631851.763225,1709631851.7667649
6864,1709631851.8696444,1709631851.8735242
6865,1709631851.9568264,1709631851.9611573
6866,1709631852.0559614,1709631852.0599961
6867,1709631852.16005,1709631852.164182
6868,1709631852.2763026,1709631852.2811244
6869,1709631852.3624175,1709631852.3664346
6870,1709631852.4648433,1709631852.4702442
6871,1709631852.5647447,1709631852.569299
6872,1709631852.658078,1709631852.6622164
6873,1709631852.7685432,1709631852.7725968
6874,1709631852.861293,1709631852.8659668
6875,1709631852.9611156,1709631852.964822
6876,1709631853.0683239,1709631853.0721877
6877,1709631853.158401,1709631853.16271
6878,1709631853.25991,1709631853.2631822
6879,1709631853.363118,1709631853.3684468
6880,1709631853.4629502,1709631853.4686556
6881,1709631853.5682878,1709631853.5722854
6882,1709631853.666367,1709631853.6708746
6883,1709631853.7588665,1709631853.7631807
6884,1709631853.8588066,1709631853.8631325
6885,1709631853.969288,1709631853.9733393
6886,1709631854.0562732,1709631854.060918
6887,1709631854.1649637,1709631854.1689856
6888,1709631854.2571607,1709631854.2612126
6889,1709631854.3636749,1709631854.3671834
6890,1709631854.4660053,1709631854.4695108
6891,1709631854.5662506,1709631854.570112
6892,1709631854.666704,1709631854.6708062
6893,1709631854.763651,1709631854.7664192
6894,1709631854.8593304,1709631854.8639846
6895,1709631854.9578297,1709631854.9637103
6896,1709631855.0617938,1709631855.0653422
6897,1709631855.156143,1709631855.1602902
6898,1709631855.2670257,1709631855.2726765
6899,1709631855.3644893,1709631855.3671355
6900,1709631855.4633822,1709631855.4674876
6901,1709631855.5625124,1709631855.5682797
6902,1709631855.6574805,1709631855.6612723
6903,1709631855.765356,1709631855.7709415
6904,1709631855.8573906,1709631855.8612075
6905,1709631855.9601693,1709631855.9638305
6906,1709631856.0677485,1709631856.071669
6907,1709631856.158593,1709631856.162964
6908,1709631856.2593818,1709631856.2618897
6909,1709631856.370948,1709631856.375374
6910,1709631856.4612467,1709631856.4677203
6911,1709631856.5583465,1709631856.5623174
6912,1709631856.661974,1709631856.6657147
6913,1709631856.7628868,1709631856.7697103
6914,1709631856.860811,1709631856.863235
6915,1709631856.9643786,1709631856.9682593
6916,1709631857.0637138,1709631857.0666986
6917,1709631857.1621048,1709631857.1664157
6918,1709631857.2657826,1709631857.2683828
6919,1709631857.360651,1709631857.3634107
6920,1709631857.4698184,1709631857.4735436
6921,1709631857.559795,1709631857.56423
6922,1709631857.6605165,1709631857.6644995
6923,1709631857.7566593,1709631857.7607124
6924,1709631857.8568487,1709631857.860792
6925,1709631857.966664,1709631857.9741435
6926,1709631858.0631075,1709631858.0655985
6927,1709631858.164974,1709631858.1689262
6928,1709631858.2635455,1709631858.267366
6929,1709631858.3658023,1709631858.3695066
6930,1709631858.4568217,1709631858.4609506
6931,1709631858.5574498,1709631858.5609064
6932,1709631858.6583347,1709631858.6626678
6933,1709631858.7592194,1709631858.7632594
6934,1709631858.8692195,1709631858.873498
6935,1709631858.962581,1709631858.968082
6936,1709631859.056631,1709631859.059794
6937,1709631859.1613636,1709631859.1649978
6938,1709631859.2632914,1709631859.2675285
6939,1709631859.368782,1709631859.3728461
6940,1709631859.467841,1709631859.471773
6941,1709631859.5626018,1709631859.5689857
6942,1709631859.6705623,1709631859.6730542
6943,1709631859.761267,1709631859.7645288
6944,1709631859.8738828,1709631859.8779821
6945,1709631859.962232,1709631859.9658043
6946,1709631860.0561454,1709631860.0605974
6947,1709631860.1616547,1709631860.1659575
6948,1709631860.2633452,1709631860.2671068
6949,1709631860.3678372,1709631860.3712401
6950,1709631860.455936,1709631860.4603255
6951,1709631860.5573256,1709631860.5613391
6952,1709631860.6648588,1709631860.670579
6953,1709631860.7672768,1709631860.7713947
6954,1709631860.8677576,1709631860.8728778
6955,1709631860.9639554,1709631860.9673808
6956,1709631861.0599844,1709631861.0648034
6957,1709631861.1614223,1709631861.164969
6958,1709631861.257108,1709631861.2609136
6959,1709631861.3627295,1709631861.3658683
6960,1709631861.457389,1709631861.4609487
6961,1709631861.5624235,1709631861.566195
6962,1709631861.6589637,1709631861.6629508
6963,1709631861.768891,1709631861.7729151
6964,1709631861.8669124,1709631861.8763223
6965,1709631861.963281,1709631861.9674869
6966,1709631862.063092,1709631862.0700982
6967,1709631862.1602614,1709631862.1643345
6968,1709631862.2656236,1709631862.2705414
6969,1709631862.3659763,1709631862.3696282
6970,1709631862.4641874,1709631862.4694343
6971,1709631862.5669935,1709631862.5706697
6972,1709631862.657727,1709631862.6619313
6973,1709631862.7594192,1709631862.7617817
6974,1709631862.8772473,1709631862.8810098
6975,1709631862.9577148,1709631862.9619176
6976,1709631863.061269,1709631863.0650432
6977,1709631863.1634498,1709631863.1680593
6978,1709631863.2664223,1709631863.2712154
6979,1709631863.3653753,1709631863.3700888
6980,1709631863.45826,1709631863.462931
6981,1709631863.5631511,1709631863.5672858
6982,1709631863.6640542,1709631863.6682835
6983,1709631863.7621484,1709631863.76674
6984,1709631863.8725352,1709631863.8767738
6985,1709631863.961557,1709631863.9659326
6986,1709631864.0570052,1709631864.06151
6987,1709631864.175729,1709631864.1782298
6988,1709631864.266291,1709631864.272019
6989,1709631864.3665679,1709631864.3714592
6990,1709631864.4693158,1709631864.473876
6991,1709631864.557955,1709631864.5615184
6992,1709631864.6589656,1709631864.6628435
6993,1709631864.7670414,1709631864.7721212
6994,1709631864.859885,1709631864.8624089
6995,1709631864.9638073,1709631864.9680479
6996,1709631865.0583968,1709631865.0631883
6997,1709631865.166212,1709631865.1702733
6998,1709631865.2712305,1709631865.2751153
6999,1709631865.3679488,1709631865.3715842
7000,1709631865.4635842,1709631865.4673731
7001,1709631865.5722883,1709631865.5765524
7002,1709631865.662836,1709631865.6673415
7003,1709631865.7627885,1709631865.7671523
7004,1709631865.865571,1709631865.8696554
7005,1709631865.9654894,1709631865.9690545
7006,1709631866.0733736,1709631866.0777254
7007,1709631866.1694047,1709631866.173462
7008,1709631866.2646096,1709631866.2673135
7009,1709631866.3603084,1709631866.3654752
7010,1709631866.4684172,1709631866.4722557
7011,1709631866.5763257,1709631866.5805686
7012,1709631866.661126,1709631866.664372
7013,1709631866.7666154,1709631866.7705188
7014,1709631866.8655343,1709631866.8698723
7015,1709631866.966285,1709631866.970081
7016,1709631867.0828001,1709631867.0871933
7017,1709631867.1669562,1709631867.1711597
7018,1709631867.2578478,1709631867.261392
7019,1709631867.3568003,1709631867.3606489
7020,1709631867.4689784,1709631867.4731276
7021,1709631867.5674307,1709631867.5723789
7022,1709631867.6665633,1709631867.670407
7023,1709631867.756572,1709631867.7594247
7024,1709631867.860852,1709631867.8683896
7025,1709631867.9562569,1709631867.9591422
7026,1709631868.0728428,1709631868.0767424
7027,1709631868.1662974,1709631868.168912
7028,1709631868.2632835,1709631868.2675717
7029,1709631868.3614402,1709631868.3674438
7030,1709631868.4586732,1709631868.4632096
7031,1709631868.5674977,1709631868.5712261
7032,1709631868.6725128,1709631868.676667
7033,1709631868.766401,1709631868.770086
7034,1709631868.8674302,1709631868.8714826
7035,1709631868.9575088,1709631868.9610417
7036,1709631869.0657675,1709631869.0699406
7037,1709631869.1610074,1709631869.1610162
7038,1709631869.269394,1709631869.2694004
7039,1709631869.3654108,1709631869.3654199
7040,1709631869.4654424,1709631869.4654508
7041,1709631869.5701268,1709631869.5701358
7042,1709631869.6661513,1709631869.6661592
7043,1709631869.7558897,1709631869.755896
7044,1709631869.8627927,1709631869.86281
7045,1709631869.9704523,1709631869.9704611
7046,1709631870.061566,1709631870.061574
7047,1709631870.1663597,1709631870.1663692
7048,1709631870.2606032,1709631870.26061
7049,1709631870.3679276,1709631870.3679376
7050,1709631870.4632847,1709631870.4632945
7051,1709631870.5679085,1709631870.5679183
7052,1709631870.667461,1709631870.6674688
7053,1709631870.7618983,1709631870.7619052
7054,1709631870.8703778,1709631870.8703825
7055,1709631870.9675424,1709631870.9675503
7056,1709631871.0624895,1709631871.0625002
7057,1709631871.169307,1709631871.1693144
7058,1709631871.2645402,1709631871.2645473
7059,1709631871.3598206,1709631871.359828
7060,1709631871.4650133,1709631871.4650207
7061,1709631871.5670004,1709631871.5670075
7062,1709631871.6632447,1709631871.663252
7063,1709631871.765935,1709631871.7659445
7064,1709631871.870252,1709631871.8702571
7065,1709631871.9631495,1709631871.9631574
7066,1709631872.0733125,1709631872.0733206
7067,1709631872.1655743,1709631872.1655815
7068,1709631872.2628064,1709631872.2628124
7069,1709631872.3665056,1709631872.3665135
7070,1709631872.4690223,1709631872.4690325
7071,1709631872.556575,1709631872.5565834
7072,1709631872.664143,1709631872.6641488
7073,1709631872.7664928,1709631872.7665
7074,1709631872.8609984,1709631872.8610065
7075,1709631872.9689014,1709631872.9689088
7076,1709631873.0644333,1709631873.064442
7077,1709631873.1732235,1709631873.1732287
7078,1709631873.2592125,1709631873.2592201
7079,1709631873.3623698,1709631873.3623784
7080,1709631873.4688647,1709631873.468873
7081,1709631873.572086,1709631873.5720935
7082,1709631873.670176,1709631873.6701865
7083,1709631873.769071,1709631873.7690783
7084,1709631873.868683,1709631873.8686926
7085,1709631873.9659233,1709631873.9659288
7086,1709631874.0613115,1709631874.0613189
7087,1709631874.1841252,1709631874.1841335
7088,1709631874.2675116,1709631874.2675202
7089,1709631874.3654225,1709631874.3654306
7090,1709631874.4643366,1709631874.464345
7091,1709631874.5709212,1709631874.5709288
7092,1709631874.6840026,1709631874.6840117
7093,1709631874.7916048,1709631874.791615
7094,1709631874.8681092,1709631874.8681166
7095,1709631874.9653673,1709631874.9653752
7096,1709631875.0587301,1709631875.0587351
7097,1709631875.159124,1709631875.1591313
7098,1709631875.2633567,1709631875.2633657
7099,1709631875.3653457,1709631875.3653529
7100,1709631875.460501,1709631875.4605107
7101,1709631875.5668933,1709631875.5668995
7102,1709631875.670093,1709631875.6701035
7103,1709631875.765021,1709631875.765027
7104,1709631875.8682039,1709631875.8682108
7105,1709631875.9638922,1709631875.9639
7106,1709631876.0657938,1709631876.0658007
7107,1709631876.1585937,1709631876.1586
7108,1709631876.2676666,1709631876.2676754
7109,1709631876.3584297,1709631876.3584378
7110,1709631876.4598863,1709631876.459894
7111,1709631876.574818,1709631876.5748265
7112,1709631876.6644375,1709631876.6644452
7113,1709631876.7650192,1709631876.765024
7114,1709631876.8678901,1709631876.8678968
7115,1709631876.9588535,1709631876.9588609
7116,1709631877.0644913,1709631877.0644991
7117,1709631877.1645482,1709631877.1645563
7118,1709631877.2681718,1709631877.2681785
7119,1709631877.3747132,1709631877.3747187
7120,1709631877.4659426,1709631877.465951
7121,1709631877.557002,1709631877.5570092
7122,1709631877.6722043,1709631877.672218
7123,1709631877.7599454,1709631877.7599516
7124,1709631877.8711417,1709631877.8711503
7125,1709631877.973672,1709631877.9736784
7126,1709631878.0809555,1709631878.0809634
7127,1709631878.1754103,1709631878.175418
7128,1709631878.2670686,1709631878.2671049
7129,1709631878.3704398,1709631878.3704484
7130,1709631878.4777462,1709631878.4777527
7131,1709631878.5575464,1709631878.5575542
7132,1709631878.6588147,1709631878.658821
7133,1709631878.7635527,1709631878.7635608
7134,1709631878.860974,1709631878.8609822
7135,1709631878.9778008,1709631878.9778094
7136,1709631879.0716596,1709631879.071668
7137,1709631879.1730828,1709631879.1730897
7138,1709631879.2626724,1709631879.2626805
7139,1709631879.3611665,1709631879.3611724
7140,1709631879.4743173,1709631879.4743228
7141,1709631879.5592256,1709631879.5592332
7142,1709631879.6699378,1709631879.6699476
7143,1709631879.7626276,1709631879.762634
7144,1709631879.8566315,1709631879.8566387
7145,1709631879.9623888,1709631879.9623966
7146,1709631880.0561543,1709631880.056162
7147,1709631880.1615222,1709631880.1615324
7148,1709631880.2589562,1709631880.258963
7149,1709631880.3605745,1709631880.3605819
7150,1709631880.473443,1709631880.4734526
7151,1709631880.5710459,1709631880.5710528
7152,1709631880.6681745,1709631880.6681848
7153,1709631880.7739325,1709631880.773939
7154,1709631880.869052,1709631880.8690605
7155,1709631880.967745,1709631880.967755
7156,1709631881.066244,1709631881.066252
7157,1709631881.167395,1709631881.1674025
7158,1709631881.2694948,1709631881.2695029
7159,1709631881.3622541,1709631881.3622622
7160,1709631881.467416,1709631881.467424
7161,1709631881.5764904,1709631881.5764995
7162,1709631881.6678412,1709631881.6678483
7163,1709631881.7678668,1709631881.7678735
7164,1709631881.8601418,1709631881.8601496
7165,1709631881.960546,1709631881.960553
7166,1709631882.0681272,1709631882.0681343
7167,1709631882.1740625,1709631882.1740708
7168,1709631882.2683482,1709631882.2683628
7169,1709631882.3656614,1709631882.3656685
7170,1709631882.4859707,1709631882.4859786
7171,1709631882.5616612,1709631882.5616686
7172,1709631882.669349,1709631882.6693573
7173,1709631882.7934215,1709631882.793433
7174,1709631882.883989,1709631882.8839989
7175,1709631882.969423,1709631882.9694314
7176,1709631883.0631504,1709631883.063158
7177,1709631883.1659079,1709631883.1659222
7178,1709631883.2603428,1709631883.2603514
7179,1709631883.3689823,1709631883.36899
7180,1709631883.4744341,1709631883.474443
7181,1709631883.5784514,1709631883.5784614
7182,1709631883.6790779,1709631883.6790864
7183,1709631883.7680945,1709631883.768102
7184,1709631883.8766744,1709631883.8766823
7185,1709631883.9605827,1709631883.9605913
7186,1709631884.068841,1709631884.068865
7187,1709631884.1596498,1709631884.1596575
7188,1709631884.2684183,1709631884.2684267
7189,1709631884.3893178,1709631884.3893266
7190,1709631884.4776566,1709631884.4776645
7191,1709631884.5792181,1709631884.5792255
7192,1709631884.6704497,1709631884.6704574
7193,1709631884.7629213,1709631884.7629292
7194,1709631884.862287,1709631884.8622928
7195,1709631884.9739695,1709631884.9739778
7196,1709631885.0731559,1709631885.0731647
7197,1709631885.1619098,1709631885.1619177
7198,1709631885.2641253,1709631885.264132
7199,1709631885.3779638,1709631885.37797
7200,1709631885.4625924,1709631885.4626002
7201,1709631885.5855715,1709631885.585581
7202,1709631885.6704578,1709631885.6704648
7203,1709631885.7848334,1709631885.7848423
7204,1709631885.8794441,1709631885.8794534
7205,1709631885.9701507,1709631885.970157
7206,1709631886.5237095,1709631886.523719
7207,1709631886.5353425,1709631886.5353506
7208,1709631886.5653987,1709631886.565407
7209,1709631886.6723955,1709631886.6724036
7210,1709631886.7755692,1709631886.775578
7211,1709631886.8713462,1709631886.871352
7212,1709631886.980446,1709631886.9804587
7213,1709631887.0588036,1709631887.05881
7214,1709631887.168495,1709631887.1685011
7215,1709631887.2601066,1709631887.2601142
7216,1709631887.36908,1709631887.3690886
7217,1709631887.4727983,1709631887.4728072
7218,1709631887.5723464,1709631887.5723567
7219,1709631887.655933,1709631887.6559403
7220,1709631887.7705832,1709631887.7705927
7221,1709631887.860493,1709631887.8605008
7222,1709631887.9673223,1709631887.9673316
7223,1709631888.0681493,1709631888.0681558
7224,1709631888.1689281,1709631888.1689346
7225,1709631888.2693949,1709631888.2694008
7226,1709631888.3622088,1709631888.3622167
7227,1709631888.4600732,1709631888.4600801
7228,1709631888.5660229,1709631888.5660298
7229,1709631888.6572137,1709631888.6572204
7230,1709631888.763696,1709631888.7637036
7231,1709631888.869877,1709631888.8698847
7232,1709631888.962269,1709631888.9622757
7233,1709631889.0752835,1709631889.0752912
7234,1709631889.1682148,1709631889.168222
7235,1709631889.2659616,1709631889.2659698
7236,1709631889.3621411,1709631889.3621495
7237,1709631889.4608607,1709631889.4608705
7238,1709631889.582083,1709631889.5820944
7239,1709631889.656964,1709631889.6569743
7240,1709631889.7665062,1709631889.7665138
7241,1709631889.8863904,1709631889.886397
7242,1709631889.962772,1709631889.9627783
7243,1709631890.0736063,1709631890.0736136
7244,1709631890.164612,1709631890.1646197
7245,1709631890.265989,1709631890.265995
7246,1709631890.368042,1709631890.3680496
7247,1709631890.4634142,1709631890.4634209
7248,1709631890.574741,1709631890.5747478
7249,1709631890.6710207,1709631890.6710281
7250,1709631890.7616024,1709631890.761608
7251,1709631890.8682306,1709631890.8682375
7252,1709631890.9618053,1709631890.9618137
7253,1709631891.0676367,1709631891.067645
7254,1709631891.1585014,1709631891.1585088
7255,1709631891.2717178,1709631891.271725
7256,1709631891.3649518,1709631891.3649607
7257,1709631891.4602525,1709631891.4602609
7258,1709631891.5603614,1709631891.560369
7259,1709631891.667591,1709631891.6675966
7260,1709631891.777491,1709631891.777504
7261,1709631891.8660681,1709631891.8660753
7262,1709631891.9648168,1709631891.9648273
7263,1709631892.060318,1709631892.0603256
7264,1709631892.167128,1709631892.1671362
7265,1709631892.2696402,1709631892.2696486
7266,1709631892.3768153,1709631892.3768249
7267,1709631892.458222,1709631892.458231
7268,1709631892.5611482,1709631892.5611546
7269,1709631892.6669574,1709631892.6669645
7270,1709631892.7659492,1709631892.7659578
7271,1709631892.870458,1709631892.8704648
7272,1709631892.9715476,1709631892.9715576
7273,1709631893.060651,1709631893.060658
7274,1709631893.168289,1709631893.168294
7275,1709631893.2652597,1709631893.2652671
7276,1709631893.3708565,1709631893.3708653
7277,1709631893.4769278,1709631893.4769359
7278,1709631893.5706391,1709631893.570647
7279,1709631893.6705883,1709631893.6705961
7280,1709631893.7596376,1709631893.759646
7281,1709631893.8729446,1709631893.8729563
7282,1709631893.9634922,1709631893.9635034
7283,1709631894.0724268,1709631894.072437
7284,1709631894.1969652,1709631894.1969743
7285,1709631894.268033,1709631894.2680402
7286,1709631894.3733962,1709631894.3734035
7287,1709631894.4631581,1709631894.4631665
7288,1709631894.5698876,1709631894.5698962
7289,1709631894.674444,1709631894.6744523
7290,1709631894.76156,1709631894.76157
7291,1709631894.8665442,1709631894.866552
7292,1709631894.9722807,1709631894.9722874
7293,1709631895.0761135,1709631895.0761216
7294,1709631895.1755447,1709631895.1755548
7295,1709631895.2657444,1709631895.2657516
7296,1709631895.3601968,1709631895.360203
7297,1709631895.4602497,1709631895.460258
7298,1709631895.5704916,1709631895.5705104
7299,1709631895.664057,1709631895.6640666
7300,1709631895.7664356,1709631895.7664444
7301,1709631895.871927,1709631895.871937
7302,1709631895.9854267,1709631895.9854352
7303,1709631896.070854,1709631896.0708601
7304,1709631896.1672344,1709631896.167245
7305,1709631896.2591755,1709631896.2591832
7306,1709631896.3732016,1709631896.373209
7307,1709631896.476479,1709631896.4764864
7308,1709631896.5792558,1709631896.5792634
7309,1709631896.665397,1709631896.6654058
7310,1709631896.7625003,1709631896.7625074
7311,1709631896.8640518,1709631896.8640575
7312,1709631896.97488,1709631896.9748888
7313,1709631897.0671175,1709631897.0671268
7314,1709631897.1610057,1709631897.1610155
7315,1709631897.2783737,1709631897.2783856
7316,1709631897.3686457,1709631897.3686576
7317,1709631897.4680796,1709631897.468086
7318,1709631897.5572867,1709631897.5572956
7319,1709631897.657991,1709631897.6579955
7320,1709631897.7659667,1709631897.7659752
7321,1709631897.8679497,1709631897.8679578
7322,1709631897.9721394,1709631897.9721465
7323,1709631898.061317,1709631898.0613265
7324,1709631898.160741,1709631898.1607487
7325,1709631898.2628927,1709631898.2628987
7326,1709631898.3655667,1709631898.3655782
7327,1709631898.461439,1709631898.4614475
7328,1709631898.5686142,1709631898.568622
7329,1709631898.6699853,1709631898.6699984
7330,1709631898.7619755,1709631898.761985
7331,1709631898.878043,1709631898.8780513
7332,1709631898.9700089,1709631898.9700217
7333,1709631899.0622911,1709631899.0622976
7334,1709631899.1718705,1709631899.1718783
7335,1709631899.2620103,1709631899.2620156
7336,1709631899.3794892,1709631899.3794963
7337,1709631899.4702432,1709631899.4702506
7338,1709631899.5584104,1709631899.558418
7339,1709631899.6704116,1709631899.6704164
7340,1709631899.760166,1709631899.7601755
7341,1709631899.8655698,1709631899.865577
7342,1709631899.9620295,1709631899.9620376
7343,1709631900.0831537,1709631900.0831618
7344,1709631900.1681776,1709631900.1681857
7345,1709631900.2772014,1709631900.2772095
7346,1709631900.3689158,1709631900.368925
7347,1709631900.470864,1709631900.4708734
7348,1709631900.5713453,1709631900.5713537
7349,1709631900.6627414,1709631900.6627517
7350,1709631900.7761884,1709631900.7761974
7351,1709631900.8682353,1709631900.8682435
7352,1709631900.9608784,1709631900.9608846
7353,1709631901.0723376,1709631901.072346
7354,1709631901.1650503,1709631901.1650617
7355,1709631901.2645688,1709631901.2645776
7356,1709631901.3653488,1709631901.365356
7357,1709631901.4650507,1709631901.4650633
7358,1709631901.5596979,1709631901.559707
7359,1709631901.6564116,1709631901.6564171
7360,1709631901.7633195,1709631901.763326
7361,1709631901.8592355,1709631901.8592448
7362,1709631901.9653218,1709631901.9653275
7363,1709631902.0678024,1709631902.0678105
7364,1709631902.175591,1709631902.175599
7365,1709631902.2678285,1709631902.2678409
7366,1709631902.377127,1709631902.3771374
7367,1709631902.4793031,1709631902.4793108
7368,1709631902.573973,1709631902.573981
7369,1709631902.6668794,1709631902.6668918
7370,1709631902.7633867,1709631902.7633955
7371,1709631902.87863,1709631902.8786395
7372,1709631902.9693716,1709631902.9693792
7373,1709631903.0718305,1709631903.071837
7374,1709631903.1787794,1709631903.1787875
7375,1709631903.266665,1709631903.2666726
7376,1709631903.37441,1709631903.3744164
7377,1709631903.4675415,1709631903.4675493
7378,1709631903.571486,1709631903.5714943
7379,1709631903.6660082,1709631903.666016
7380,1709631903.764269,1709631903.764277
7381,1709631903.8676848,1709631903.867693
7382,1709631903.9625368,1709631903.9625459
7383,1709631904.057978,1709631904.0579836
7384,1709631904.1678443,1709631904.1678526
7385,1709631904.2641861,1709631904.2641916
7386,1709631904.3589294,1709631904.3589373
7387,1709631904.4604275,1709631904.4604394
7388,1709631904.5566385,1709631904.5566456
7389,1709631904.65815,1709631904.658158
7390,1709631904.7575173,1709631904.757525
7391,1709631904.8646724,1709631904.8646793
7392,1709631904.9662342,1709631904.966239
7393,1709631905.059477,1709631905.059485
7394,1709631905.1589851,1709631905.1589935
7395,1709631905.261985,1709631905.2619934
7396,1709631905.3648684,1709631905.3648827
7397,1709631905.467393,1709631905.4673998
7398,1709631905.56045,1709631905.56046
7399,1709631905.65886,1709631905.6588683
7400,1709631905.7556386,1709631905.7556484
7401,1709631905.872452,1709631905.87246
7402,1709631905.9679544,1709631905.9679642
7403,1709631906.0623722,1709631906.0623815
7404,1709631906.1627758,1709631906.1627846
7405,1709631906.2613652,1709631906.2613742
7406,1709631906.3615623,1709631906.3615682
7407,1709631906.4681418,1709631906.46815
7408,1709631906.5619838,1709631906.5619924
7409,1709631906.668874,1709631906.6688821
7410,1709631906.7768762,1709631906.776884
7411,1709631906.8652997,1709631906.8653064
7412,1709631906.9585738,1709631906.9585826
7413,1709631907.0571077,1709631907.0571158
7414,1709631907.172551,1709631907.1725569
7415,1709631907.2585495,1709631907.2585578
7416,1709631907.3669198,1709631907.3669276
7417,1709631907.4642992,1709631907.4643757
7418,1709631907.563078,1709631907.5630846
7419,1709631907.6745222,1709631907.674532
7420,1709631907.7645411,1709631907.7645485
7421,1709631907.869653,1709631907.8696609
7422,1709631907.9633043,1709631907.9633136
7423,1709631908.0653782,1709631908.065387
7424,1709631908.1642354,1709631908.164243
7425,1709631908.261967,1709631908.261974
7426,1709631908.362456,1709631908.3624628
7427,1709631908.4684553,1709631908.4684632
7428,1709631908.570113,1709631908.57012
7429,1709631908.6625695,1709631908.6625774
7430,1709631908.759134,1709631908.7591405
7431,1709631908.8641825,1709631908.86419
7432,1709631908.963881,1709631908.9638896
7433,1709631909.0612614,1709631909.061269
7434,1709631909.1586478,1709631909.1586547
7435,1709631909.2640038,1709631909.2640114
7436,1709631909.3679676,1709631909.367978
7437,1709631909.4616642,1709631909.4616728
7438,1709631909.5579877,1709631909.5579956
7439,1709631909.6809633,1709631909.6809726
7440,1709631909.7566733,1709631909.7566822
7441,1709631909.866716,1709631909.8667243
7442,1709631909.967171,1709631909.9671764
7443,1709631910.0646195,1709631910.0646305
7444,1709631910.1749468,1709631910.1749537
7445,1709631910.267441,1709631910.2674508
7446,1709631910.3665326,1709631910.3665402
7447,1709631910.4631162,1709631910.4631255
7448,1709631910.565305,1709631910.565312
7449,1709631910.661923,1709631910.66193
7450,1709631910.7629905,1709631910.7629995
7451,1709631910.866025,1709631910.8660483
7452,1709631910.9644856,1709631910.964493
7453,1709631911.0609963,1709631911.0610046
7454,1709631911.1675653,1709631911.167574
7455,1709631911.2809205,1709631911.2809303
7456,1709631911.3681595,1709631911.3681686
7457,1709631911.4592867,1709631911.459295
7458,1709631911.55833,1709631911.558337
7459,1709631911.6630888,1709631911.6630964
7460,1709631911.7676194,1709631911.7676253
7461,1709631911.859468,1709631911.8594735
7462,1709631911.958345,1709631911.9583523
7463,1709631912.063339,1709631912.0633466
7464,1709631912.1582422,1709631912.1582496
7465,1709631912.2566533,1709631912.2566617
7466,1709631912.3561335,1709631912.3561406
7467,1709631912.4581742,1709631912.4581823
7468,1709631912.5662963,1709631912.5663044
7469,1709631912.669176,1709631912.6692376
7470,1709631912.759119,1709631912.7591999
7471,1709631912.8635461,1709631912.8636606
7472,1709631912.9639966,1709631912.9640608
7473,1709631913.060506,1709631913.060581
7474,1709631913.1716888,1709631913.1717515
7475,1709631913.2732315,1709631913.2733006
7476,1709631913.3685114,1709631913.368571
7477,1709631913.4628592,1709631913.4629173
7478,1709631913.566092,1709631913.5661855
7479,1709631913.6772468,1709631913.6772892
7480,1709631913.7783675,1709631913.7784503
7481,1709631913.873957,1709631913.8740125
7482,1709631913.9733582,1709631913.9734218
7483,1709631914.0648293,1709631914.0648918
7484,1709631914.167313,1709631914.1673682
7485,1709631914.2642443,1709631914.2643046
7486,1709631914.3718565,1709631914.3719044
7487,1709631914.4709096,1709631914.4709747
7488,1709631914.5677505,1709631914.5678096
7489,1709631914.6777961,1709631914.6778524
7490,1709631914.7618275,1709631914.7618985
7491,1709631914.8764985,1709631914.8765569
7492,1709631914.9628847,1709631914.9629638
7493,1709631915.067348,1709631915.0673935
7494,1709631915.1715477,1709631915.1716664
7495,1709631915.2611508,1709631915.2612054
7496,1709631915.3647592,1709631915.3648045
7497,1709631915.4764376,1709631915.476491
7498,1709631915.577038,1709631915.5770926
7499,1709631915.6610072,1709631915.66107
7500,1709631915.7624059,1709631915.7624695
7501,1709631915.864893,1709631915.8649473
7502,1709631915.961217,1709631915.961292
7503,1709631916.0679817,1709631916.0680435
7504,1709631916.1669662,1709631916.167034
7505,1709631916.2633498,1709631916.2633975
7506,1709631916.369641,1709631916.3697531
7507,1709631916.4848042,1709631916.4848611
7508,1709631916.5600116,1709631916.5600722
7509,1709631916.662562,1709631916.6626053
7510,1709631916.7612178,1709631916.7612832
7511,1709631916.8765936,1709631916.8766716
7512,1709631916.9690056,1709631916.9690707
7513,1709631917.063382,1709631917.0634391
7514,1709631917.1695626,1709631917.169642
7515,1709631917.2684662,1709631917.268522
7516,1709631917.362337,1709631917.3624017
7517,1709631917.4692872,1709631917.4693506
7518,1709631917.5699701,1709631917.5700278
7519,1709631917.661503,1709631917.6615672
7520,1709631917.776823,1709631917.7769513
7521,1709631917.8672533,1709631917.8673258
7522,1709631917.9726934,1709631917.9727473
7523,1709631918.075706,1709631918.0757647
7524,1709631918.1720026,1709631918.1720636
7525,1709631918.2671418,1709631918.2672372
7526,1709631918.3658092,1709631918.3658698
7527,1709631918.4605637,1709631918.460637
7528,1709631918.558943,1709631918.5589898
7529,1709631918.677261,1709631918.6773179
7530,1709631918.7694294,1709631918.7694852
7531,1709631918.872203,1709631918.8723295
7532,1709631918.9682634,1709631918.96832
7533,1709631919.0573704,1709631919.0574257
7534,1709631919.1855907,1709631919.1856565
7535,1709631919.2713974,1709631919.2714055
7536,1709631919.3627431,1709631919.3627508
7537,1709631919.4713733,1709631919.4713857
7538,1709631919.5703547,1709631919.570363
7539,1709631919.6726925,1709631919.6727011
7540,1709631919.7637846,1709631919.7637968
7541,1709631919.8616915,1709631919.8616977
7542,1709631919.979749,1709631919.979757
7543,1709631920.0589187,1709631920.0589242
7544,1709631920.1713336,1709631920.171342
7545,1709631920.2695594,1709631920.269566
7546,1709631920.3604665,1709631920.360472
7547,1709631920.466247,1709631920.4662564
7548,1709631920.565535,1709631920.5655432
7549,1709631920.679213,1709631920.6792245
7550,1709631920.7700782,1709631920.770085
7551,1709631920.8581412,1709631920.8581493
7552,1709631920.9644666,1709631920.9644773
7553,1709631921.061414,1709631921.0614214
7554,1709631921.170871,1709631921.1708796
7555,1709631921.2632096,1709631921.2670755
7556,1709631921.3671381,1709631921.3705637
7557,1709631921.4572256,1709631921.4609401
7558,1709631921.5586362,1709631921.56228
7559,1709631921.6818757,1709631921.6859698
7560,1709631921.7640264,1709631921.7676778
7561,1709631921.860797,1709631921.8636463
7562,1709631921.9666767,1709631921.9690547
7563,1709631922.0602593,1709631922.064054
7564,1709631922.159452,1709631922.162954
7565,1709631922.271415,1709631922.274234
7566,1709631922.382723,1709631922.3875246
7567,1709631922.4746013,1709631922.4783173
7568,1709631922.5688183,1709631922.5721703
7569,1709631922.664778,1709631922.6678734
7570,1709631922.7576869,1709631922.7619438
7571,1709631922.86142,1709631922.8648736
7572,1709631922.9639497,1709631922.9674666
7573,1709631923.0710871,1709631923.0749457
7574,1709631923.1613092,1709631923.164949
7575,1709631923.2614517,1709631923.2646437
7576,1709631923.36646,1709631923.3727868
7577,1709631923.455719,1709631923.458934
7578,1709631923.5720685,1709631923.5747266
7579,1709631923.6652083,1709631923.6680272
7580,1709631923.7579024,1709631923.7622924
7581,1709631923.862718,1709631923.866226
7582,1709631923.9576488,1709631923.960733
7583,1709631924.0621414,1709631924.0662308
7584,1709631924.1667116,1709631924.174485
7585,1709631924.261022,1709631924.2640824
7586,1709631924.3645356,1709631924.3689754
7587,1709631924.459815,1709631924.4627438
7588,1709631924.5592647,1709631924.5677142
7589,1709631924.6675828,1709631924.670731
7590,1709631924.7650478,1709631924.7680829
7591,1709631924.862962,1709631924.8662765
7592,1709631924.9648535,1709631924.9679427
7593,1709631925.0647972,1709631925.0678504
7594,1709631925.1576772,1709631925.1617002
7595,1709631925.2569926,1709631925.25989
7596,1709631925.3616357,1709631925.3648975
7597,1709631925.4636016,1709631925.4689808
7598,1709631925.5576565,1709631925.5608616
7599,1709631925.6662858,1709631925.6694047
7600,1709631925.7587779,1709631925.761794
7601,1709631925.8673015,1709631925.8703682
7602,1709631925.9686959,1709631925.9717946
7603,1709631926.062245,1709631926.065602
7604,1709631926.1633248,1709631926.165569
7605,1709631926.2577791,1709631926.2607975
7606,1709631926.3631065,1709631926.3655994
7607,1709631926.4656441,1709631926.468676
7608,1709631926.5749245,1709631926.5774481
7609,1709631926.6660607,1709631926.6689813
7610,1709631926.7720847,1709631926.7797728
7611,1709631926.8650277,1709631926.8668957
7612,1709631926.966543,1709631926.9695928
7613,1709631927.0663517,1709631927.0691886
7614,1709631927.1762352,1709631927.1791172
7615,1709631927.2624152,1709631927.2661781
7616,1709631927.365963,1709631927.3688104
7617,1709631927.4671342,1709631927.473946
7618,1709631927.5614378,1709631927.5646436
7619,1709631927.656519,1709631927.65898
7620,1709631927.7622223,1709631927.7654998
7621,1709631927.8574572,1709631927.8607073
7622,1709631927.974094,1709631927.97646
7623,1709631928.0652766,1709631928.068328
7624,1709631928.1675847,1709631928.1710944
7625,1709631928.2663288,1709631928.2696395
7626,1709631928.3669128,1709631928.3724864
7627,1709631928.475756,1709631928.4792588
7628,1709631928.5693932,1709631928.5726938
7629,1709631928.6643362,1709631928.6673841
7630,1709631928.7585452,1709631928.7613692
7631,1709631928.857771,1709631928.8611774
7632,1709631928.9705722,1709631928.9748158
7633,1709631929.057637,1709631929.0607548
7634,1709631929.1610813,1709631929.1639252
7635,1709631929.264298,1709631929.2677948
7636,1709631929.364707,1709631929.3687086
7637,1709631929.4638584,1709631929.4694955
7638,1709631929.563893,1709631929.5670106
7639,1709631929.656175,1709631929.6589983
7640,1709631929.756602,1709631929.7587328
7641,1709631929.862373,1709631929.8652456
7642,1709631929.9765813,1709631929.9792058
7643,1709631930.05986,1709631930.0630236
7644,1709631930.1635714,1709631930.1665285
7645,1709631930.2565155,1709631930.259524
7646,1709631930.3609343,1709631930.36408
7647,1709631930.4669397,1709631930.4689314
7648,1709631930.5636978,1709631930.5669265
7649,1709631930.6766667,1709631930.6794655
7650,1709631930.7620049,1709631930.7652004
7651,1709631930.866981,1709631930.8696218
7652,1709631930.9582274,1709631930.961277
7653,1709631931.073782,1709631931.0774114
7654,1709631931.16551,1709631931.169133
7655,1709631931.2678494,1709631931.27115
7656,1709631931.3665135,1709631931.369916
7657,1709631931.4664261,1709631931.4696112
7658,1709631931.560073,1709631931.562941
7659,1709631931.663177,1709631931.6657686
7660,1709631931.7602322,1709631931.7633085
7661,1709631931.8751872,1709631931.8784842
7662,1709631931.9680457,1709631931.9701674
7663,1709631932.060791,1709631932.0640075
7664,1709631932.1574728,1709631932.160856
7665,1709631932.2613804,1709631932.2656357
7666,1709631932.3580391,1709631932.3601975
7667,1709631932.4610217,1709631932.4630525
7668,1709631932.5579443,1709631932.561224
7669,1709631932.6614902,1709631932.6649253
7670,1709631932.759214,1709631932.7616851
7671,1709631932.866512,1709631932.8699665
7672,1709631932.9677522,1709631932.9710634
7673,1709631933.0579739,1709631933.0608344
7674,1709631933.159482,1709631933.162823
7675,1709631933.2658236,1709631933.2700534
7676,1709631933.3658168,1709631933.369286
7677,1709631933.460416,1709631933.463785
7678,1709631933.5648372,1709631933.5706472
7679,1709631933.6656537,1709631933.6701381
7680,1709631933.765461,1709631933.7689636
7681,1709631933.8656228,1709631933.8687756
7682,1709631933.964677,1709631933.9679472
7683,1709631934.0867972,1709631934.089673
7684,1709631934.1636937,1709631934.165945
7685,1709631934.256314,1709631934.2596295
7686,1709631934.3556616,1709631934.358331
7687,1709631934.4649334,1709631934.4728947
7688,1709631934.5746644,1709631934.5767794
7689,1709631934.6685386,1709631934.671663
7690,1709631934.7647526,1709631934.766707
7691,1709631934.8683033,1709631934.8715518
7692,1709631934.961538,1709631934.9652684
7693,1709631935.0563254,1709631935.0591838
7694,1709631935.1615205,1709631935.1656091
7695,1709631935.2653706,1709631935.2684147
7696,1709631935.3630772,1709631935.3653493
7697,1709631935.4587288,1709631935.4637623
7698,1709631935.564667,1709631935.5683317
7699,1709631935.664774,1709631935.6682565
7700,1709631935.7627614,1709631935.766007
7701,1709631935.8629088,1709631935.8661835
7702,1709631935.956428,1709631935.959561
7703,1709631936.0582607,1709631936.061742
7704,1709631936.181032,1709631936.1846862
7705,1709631936.2575834,1709631936.260475
7706,1709631936.3674881,1709631936.372231
7707,1709631936.463296,1709631936.4668286
7708,1709631936.572742,1709631936.576001
7709,1709631936.670894,1709631936.6738176
7710,1709631936.7730823,1709631936.7775888
7711,1709631936.8735518,1709631936.8764472
7712,1709631936.9669144,1709631936.9702458
7713,1709631937.0672655,1709631937.0703678
7714,1709631937.1699011,1709631937.173362
7715,1709631937.258398,1709631937.2616234
7716,1709631937.3608584,1709631937.3639355
7717,1709631937.4717438,1709631937.4746885
7718,1709631937.558118,1709631937.5612822
7719,1709631937.6585827,1709631937.6627789
7720,1709631937.7806344,1709631937.784284
7721,1709631937.8768766,1709631937.8798258
7722,1709631937.9576247,1709631937.9609356
7723,1709631938.0627584,1709631938.065665
7724,1709631938.1595166,1709631938.1625047
7725,1709631938.25608,1709631938.2595766
7726,1709631938.3630464,1709631938.3665297
7727,1709631938.4597216,1709631938.4637187
7728,1709631938.5656514,1709631938.5700517
7729,1709631938.662777,1709631938.6690757
7730,1709631938.7640786,1709631938.7690246
7731,1709631938.8682947,1709631938.8717542
7732,1709631938.9720573,1709631938.9765282
7733,1709631939.0690508,1709631939.0722485
7734,1709631939.1598358,1709631939.163983
7735,1709631939.2656543,1709631939.2693868
7736,1709631939.3565438,1709631939.36144
7737,1709631939.4661925,1709631939.4695866
7738,1709631939.5694535,1709631939.5722053
7739,1709631939.6683753,1709631939.6716058
7740,1709631939.761938,1709631939.765676
7741,1709631939.8661625,1709631939.869126
7742,1709631939.96788,1709631939.9710681
7743,1709631940.0606174,1709631940.0636165
7744,1709631940.1563442,1709631940.1591527
7745,1709631940.2700365,1709631940.2730703
7746,1709631940.3663757,1709631940.3695204
7747,1709631940.46181,1709631940.4640176
7748,1709631940.5638375,1709631940.566981
7749,1709631940.664538,1709631940.6670103
7750,1709631940.7687967,1709631940.7708707
7751,1709631940.8658025,1709631940.8689487
7752,1709631940.968933,1709631940.9717495
7753,1709631941.0668042,1709631941.0695276
7754,1709631941.159286,1709631941.1623764
7755,1709631941.2727737,1709631941.275655
7756,1709631941.3591216,1709631941.3630013
7757,1709631941.4630558,1709631941.4663687
7758,1709631941.556942,1709631941.562326
7759,1709631941.6700976,1709631941.674168
7760,1709631941.7557309,1709631941.759051
7761,1709631941.862986,1709631941.865373
7762,1709631941.9578428,1709631941.9606378
7763,1709631942.0761712,1709631942.0802097
7764,1709631942.1600153,1709631942.16322
7765,1709631942.2662246,1709631942.2694104
7766,1709631942.3717997,1709631942.3747294
7767,1709631942.462886,1709631942.467673
7768,1709631942.5628436,1709631942.565915
7769,1709631942.670372,1709631942.6739576
7770,1709631942.7673645,1709631942.7708285
7771,1709631942.8622227,1709631942.8677576
7772,1709631942.959098,1709631942.9625309
7773,1709631943.0653012,1709631943.068161
7774,1709631943.1658201,1709631943.169531
7775,1709631943.2708595,1709631943.2742667
7776,1709631943.3654566,1709631943.3688278
7777,1709631943.459848,1709631943.462761
7778,1709631943.5667582,1709631943.569721
7779,1709631943.6680455,1709631943.671447
7780,1709631943.7669926,1709631943.7715232
7781,1709631943.8661602,1709631943.8689213
7782,1709631943.9631102,1709631943.9667609
7783,1709631944.0763118,1709631944.08115
7784,1709631944.1617362,1709631944.165859
7785,1709631944.260837,1709631944.2647262
7786,1709631944.3766878,1709631944.376696
7787,1709631944.4839642,1709631944.4839747
7788,1709631944.5710175,1709631944.5710237
7789,1709631944.6614187,1709631944.6614268
7790,1709631944.7666118,1709631944.766619
7791,1709631944.8657546,1709631944.865766
7792,1709631944.962429,1709631944.9624364
7793,1709631945.0697389,1709631945.0697465
7794,1709631945.1659214,1709631945.1659281
7795,1709631945.262598,1709631945.2626069
7796,1709631945.3659825,1709631945.3659909
7797,1709631945.4636977,1709631945.4637017
7798,1709631945.566979,1709631945.5669866
7799,1709631945.6653576,1709631945.6653643
7800,1709631945.7645638,1709631945.7645724
7801,1709631945.867734,1709631945.8677423
7802,1709631945.9709177,1709631945.9709249
7803,1709631946.0764341,1709631946.0764441
7804,1709631946.1597965,1709631946.1598046
7805,1709631946.2662392,1709631946.2662473
7806,1709631946.3591366,1709631946.359144
7807,1709631946.4682155,1709631946.4682243
7808,1709631946.560677,1709631946.5606854
7809,1709631946.6601808,1709631946.6601884
7810,1709631946.7613962,1709631946.7614036
7811,1709631946.861429,1709631946.8614366
7812,1709631946.958924,1709631946.9589312
7813,1709631947.0614247,1709631947.0614314
7814,1709631947.1632323,1709631947.1632397
7815,1709631947.2607136,1709631947.2607214
7816,1709631947.3599021,1709631947.3599093
7817,1709631947.459759,1709631947.4597652
7818,1709631947.5647502,1709631947.5647576
7819,1709631947.662698,1709631947.6627052
7820,1709631947.7617528,1709631947.7617607
7821,1709631947.869577,1709631947.8695836
7822,1709631947.9622324,1709631947.962241
7823,1709631948.0742967,1709631948.0743058
7824,1709631948.160537,1709631948.1605449
7825,1709631948.2636893,1709631948.2636964
7826,1709631948.3577995,1709631948.357806
7827,1709631948.45983,1709631948.459838
7828,1709631948.5641162,1709631948.5641253
7829,1709631948.6662261,1709631948.6662357
7830,1709631948.7589276,1709631948.758934
7831,1709631948.8635962,1709631948.863604
7832,1709631948.9643052,1709631948.9643126
7833,1709631949.0642157,1709631949.0642235
7834,1709631949.1613698,1709631949.161378
7835,1709631949.2618337,1709631949.2618408
7836,1709631949.3593714,1709631949.3593805
7837,1709631949.4694788,1709631949.469488
7838,1709631949.560012,1709631949.5600204
7839,1709631949.6667664,1709631949.666774
7840,1709631949.7652142,1709631949.7652218
7841,1709631949.863487,1709631949.863495
7842,1709631949.9645822,1709631949.9645898
7843,1709631950.0600374,1709631950.0600443
7844,1709631950.1666958,1709631950.1667044
7845,1709631950.2728517,1709631950.2728596
7846,1709631950.3607893,1709631950.3607967
7847,1709631950.4686537,1709631950.4686625
7848,1709631950.565035,1709631950.565044
7849,1709631950.655567,1709631950.655576
7850,1709631950.7601025,1709631950.760109
7851,1709631950.866781,1709631950.8667881
7852,1709631950.9775834,1709631950.9775903
7853,1709631951.059386,1709631951.0593936
7854,1709631951.1603663,1709631951.1603734
7855,1709631951.2621076,1709631951.2621145
7856,1709631951.3835015,1709631951.3835123
7857,1709631951.4627848,1709631951.4627929
7858,1709631951.5620081,1709631951.562015
7859,1709631951.6649525,1709631951.6649609
7860,1709631951.7737916,1709631951.7738008
7861,1709631951.8670237,1709631951.8670313
7862,1709631951.9649787,1709631951.9649873
7863,1709631952.0634346,1709631952.0634408
7864,1709631952.1631157,1709631952.1631255
7865,1709631952.2644746,1709631952.2644858
7866,1709631952.3645735,1709631952.3645813
7867,1709631952.4606104,1709631952.4606154
7868,1709631952.5715067,1709631952.5715148
7869,1709631952.6651936,1709631952.665201
7870,1709631952.7690108,1709631952.7690196
7871,1709631952.8704526,1709631952.8704603
7872,1709631952.9732833,1709631952.9732895
7873,1709631953.0582068,1709631953.0582147
7874,1709631953.1585987,1709631953.158606
7875,1709631953.2725186,1709631953.2725267
7876,1709631953.3651977,1709631953.3652058
7877,1709631953.466272,1709631953.4662778
7878,1709631953.5626743,1709631953.5626822
7879,1709631953.6644263,1709631953.6644332
7880,1709631953.7661176,1709631953.766126
7881,1709631953.8681586,1709631953.8681655
7882,1709631953.9722989,1709631953.9723058
7883,1709631954.0688488,1709631954.0688555
7884,1709631954.1568408,1709631954.1568484
7885,1709631954.2736373,1709631954.2736456
7886,1709631954.3662376,1709631954.3662457
7887,1709631954.4663439,1709631954.46635
7888,1709631954.562879,1709631954.5628867
7889,1709631954.6864483,1709631954.6864588
7890,1709631954.769277,1709631954.7692835
7891,1709631954.8582988,1709631954.8583064
7892,1709631954.9576,1709631954.9576085
7893,1709631955.0727305,1709631955.0727413
7894,1709631955.1656818,1709631955.1656902
7895,1709631955.2618618,1709631955.2618735
7896,1709631955.3635242,1709631955.3635328
7897,1709631955.469152,1709631955.4691596
7898,1709631955.5720065,1709631955.572014
7899,1709631955.6618912,1709631955.6618996
7900,1709631955.769713,1709631955.7697206
7901,1709631955.8691316,1709631955.8691382
7902,1709631955.9710665,1709631955.9710755
7903,1709631956.0599291,1709631956.059939
7904,1709631956.1660597,1709631956.1660664
7905,1709631956.2605433,1709631956.2605531
7906,1709631956.384257,1709631956.3842628
7907,1709631956.4594939,1709631956.4595048
7908,1709631956.566516,1709631956.566523
7909,1709631956.6721268,1709631956.672134
7910,1709631956.7670271,1709631956.7670348
7911,1709631956.878676,1709631956.8786838
7912,1709631956.9645884,1709631956.9645965
7913,1709631957.0577118,1709631957.0577197
7914,1709631957.1740506,1709631957.174058
7915,1709631957.2686393,1709631957.2686465
7916,1709631957.36811,1709631957.3681173
7917,1709631957.4702096,1709631957.4702165
7918,1709631957.5637257,1709631957.5637512
7919,1709631957.665416,1709631957.6654227
7920,1709631957.777389,1709631957.7773974
7921,1709631957.8686273,1709631957.868635
7922,1709631957.9660475,1709631957.9660556
7923,1709631958.0714552,1709631958.0714626
7924,1709631958.1617117,1709631958.1617193
7925,1709631958.263064,1709631958.263071
7926,1709631958.3628194,1709631958.3628247
7927,1709631958.4652522,1709631958.46526
7928,1709631958.5691109,1709631958.5691168
7929,1709631958.6757565,1709631958.6757658
7930,1709631958.761226,1709631958.7612329
7931,1709631958.86699,1709631958.8669994
7932,1709631958.9607265,1709631958.960736
7933,1709631959.0678806,1709631959.067887
7934,1709631959.1640608,1709631959.1640708
7935,1709631959.256502,1709631959.25651
7936,1709631959.3725693,1709631959.3725774
7937,1709631959.4720225,1709631959.4720318
7938,1709631959.5661974,1709631959.5662048
7939,1709631959.6674423,1709631959.667449
7940,1709631959.7703493,1709631959.7703562
7941,1709631959.867309,1709631959.8673165
7942,1709631959.9723363,1709631959.9723458
7943,1709631960.067448,1709631960.0674555
7944,1709631960.1689026,1709631960.1689103
7945,1709631960.2663586,1709631960.2663648
7946,1709631960.3750215,1709631960.3750312
7947,1709631960.4585145,1709631960.4585214
7948,1709631960.5686553,1709631960.5686622
7949,1709631960.6684854,1709631960.6684926
7950,1709631960.7636409,1709631960.7636478
7951,1709631960.8794742,1709631960.8794818
7952,1709631960.967795,1709631960.967802
7953,1709631961.061312,1709631961.061318
7954,1709631961.1620452,1709631961.1620505
7955,1709631961.2660184,1709631961.2660284
7956,1709631961.357826,1709631961.357834
7957,1709631961.4624689,1709631961.4624767
7958,1709631961.5608604,1709631961.5608685
7959,1709631961.672966,1709631961.6729732
7960,1709631961.7686727,1709631961.7686808
7961,1709631961.8656752,1709631961.8656843
7962,1709631961.9617815,1709631961.9617875
7963,1709631962.0705147,1709631962.0705223
7964,1709631962.1703513,1709631962.1703591
7965,1709631962.2601545,1709631962.260163
7966,1709631962.3610644,1709631962.3610692
7967,1709631962.4593413,1709631962.459349
7968,1709631962.5658722,1709631962.5658798
7969,1709631962.6731114,1709631962.6731184
7970,1709631962.768418,1709631962.7684262
7971,1709631962.8709507,1709631962.8709605
7972,1709631962.9658225,1709631962.9658306
7973,1709631963.0676029,1709631963.0676107
7974,1709631963.1718955,1709631963.171908
7975,1709631963.260747,1709631963.2607536
7976,1709631963.365128,1709631963.365136
7977,1709631963.4644704,1709631963.4644783
7978,1709631963.5657444,1709631963.565752
7979,1709631963.6706896,1709631963.6707006
7980,1709631963.7599187,1709631963.7599263
7981,1709631963.8568711,1709631963.8568776
7982,1709631963.9611635,1709631963.9611719
7983,1709631964.0755057,1709631964.075515
7984,1709631964.170811,1709631964.1708214
7985,1709631964.2603717,1709631964.2603796
7986,1709631964.3612342,1709631964.3612416
7987,1709631964.4695365,1709631964.4695446
7988,1709631964.5744326,1709631964.574441
7989,1709631964.6635156,1709631964.6635225
7990,1709631964.7697132,1709631964.7697206
7991,1709631964.8633218,1709631964.8633351
7992,1709631964.9712415,1709631964.9712484
7993,1709631965.0789504,1709631965.0789578
7994,1709631965.1705623,1709631965.1705706
7995,1709631965.2617164,1709631965.261725
7996,1709631965.3584192,1709631965.3584268
7997,1709631965.4708004,1709631965.4708097
7998,1709631965.5736222,1709631965.573631
7999,1709631965.66433,1709631965.6643384
8000,1709631965.7680268,1709631965.768035
8001,1709631965.8667367,1709631965.8667457
8002,1709631965.9608738,1709631965.9608839
8003,1709631966.0615156,1709631966.0615225
8004,1709631966.1672952,1709631966.1673033
8005,1709631966.2594204,1709631966.2594264
8006,1709631966.3716755,1709631966.3716824
8007,1709631966.46895,1709631966.4689598
8008,1709631966.5681226,1709631966.5681388
8009,1709631966.669393,1709631966.6694016
8010,1709631966.7732575,1709631966.7732656
8011,1709631966.8620288,1709631966.8620355
8012,1709631966.9707174,1709631966.970725
8013,1709631967.0652826,1709631967.06529
8014,1709631967.165323,1709631967.1653683
8015,1709631967.264062,1709631967.2640715
8016,1709631967.364533,1709631967.3645422
8017,1709631967.463834,1709631967.4638429
8018,1709631967.5712042,1709631967.571212
8019,1709631967.663251,1709631967.6632583
8020,1709631967.7732532,1709631967.773261
8021,1709631967.8607342,1709631967.8607411
8022,1709631967.9623735,1709631967.9623806
8023,1709631968.0571513,1709631968.0571582
8024,1709631968.1588984,1709631968.1589072
8025,1709631968.2625902,1709631968.2625988
8026,1709631968.3714058,1709631968.3714132
8027,1709631968.4655762,1709631968.4655843
8028,1709631968.563342,1709631968.5633497
8029,1709631968.6682196,1709631968.6682274
8030,1709631968.760253,1709631968.76026
8031,1709631968.8671854,1709631968.8671923
8032,1709631968.967624,1709631968.9676304
8033,1709631969.0639105,1709631969.063918
8034,1709631969.1708102,1709631969.1708171
8035,1709631969.2684546,1709631969.2684636
8036,1709631969.3667,1709631969.3667116
8037,1709631969.4600852,1709631969.4600923
8038,1709631969.5620902,1709631969.5620964
8039,1709631969.6720848,1709631969.672092
8040,1709631969.7702606,1709631969.7702677
8041,1709631969.866611,1709631969.8666198
8042,1709631969.9647813,1709631969.9647894
8043,1709631970.067695,1709631970.0677037
8044,1709631970.1586797,1709631970.1586869
8045,1709631970.2705958,1709631970.2706017
8046,1709631970.3648677,1709631970.3648748
8047,1709631970.4603086,1709631970.4603138
8048,1709631970.5663474,1709631970.5663536
8049,1709631970.6644661,1709631970.664476
8050,1709631970.7715986,1709631970.7716055
8051,1709631970.8647397,1709631970.864747
8052,1709631970.9709604,1709631970.9709682
8053,1709631971.057991,1709631971.057996
8054,1709631971.1572518,1709631971.1572597
8055,1709631971.2572346,1709631971.2572422
8056,1709631971.3666577,1709631971.3666668
8057,1709631971.4632173,1709631971.4632244
8058,1709631971.5571396,1709631971.5571468
8059,1709631971.6683714,1709631971.6683807
8060,1709631971.7739565,1709631971.773964
8061,1709631971.8682294,1709631971.8682392
8062,1709631971.9659545,1709631971.965964
8063,1709631972.0634198,1709631972.0634298
8064,1709631972.1679115,1709631972.1679606
8065,1709631972.2688582,1709631972.2688649
8066,1709631972.3728943,1709631972.3729026
8067,1709631972.4583318,1709631972.4583404
8068,1709631972.5649793,1709631972.5649858
8069,1709631972.6762273,1709631972.6762347
8070,1709631972.7583175,1709631972.7583244
8071,1709631972.863177,1709631972.863185
8072,1709631972.9605584,1709631972.9605668
8073,1709631973.0675843,1709631973.067591
8074,1709631973.171571,1709631973.1715777
8075,1709631973.2617893,1709631973.2617981
8076,1709631973.3667376,1709631973.3667452
8077,1709631973.4826388,1709631973.4826458
8078,1709631973.563376,1709631973.5633824
8079,1709631973.6687555,1709631973.6687632
8080,1709631973.76729,1709631973.767298
8081,1709631973.8719735,1709631973.8719819
8082,1709631973.968543,1709631973.9685512
8083,1709631974.0623128,1709631974.0623183
8084,1709631974.1661556,1709631974.166161
8085,1709631974.2737944,1709631974.2738035
8086,1709631974.3672967,1709631974.3673036
8087,1709631974.4628658,1709631974.4628737
8088,1709631974.5695367,1709631974.5695453
8089,1709631974.661258,1709631974.661266
8090,1709631974.7759714,1709631974.7759817
8091,1709631974.870412,1709631974.8704207
8092,1709631974.963369,1709631974.9633775
8093,1709631975.0644119,1709631975.064418
8094,1709631975.1655145,1709631975.1655238
8095,1709631975.2713175,1709631975.271329
8096,1709631975.365199,1709631975.365206
8097,1709631975.4701595,1709631975.4701703
8098,1709631975.5700438,1709631975.5700521
8099,1709631975.6818178,1709631975.6818256
8100,1709631975.7817318,1709631975.781741
8101,1709631975.8653045,1709631975.8653138
8102,1709631975.965463,1709631975.9654725
8103,1709631976.0636108,1709631976.0636184
8104,1709631976.1750414,1709631976.175049
8105,1709631976.2802024,1709631976.28021
8106,1709631976.3660765,1709631976.366084
8107,1709631976.4615867,1709631976.461597
8108,1709631976.5679085,1709631976.567917
8109,1709631976.6704023,1709631976.6704092
8110,1709631976.779472,1709631976.7794816
8111,1709631976.871616,1709631976.8716254
8112,1709631976.9611666,1709631976.9611742
8113,1709631977.0672994,1709631977.0673065
8114,1709631977.1646545,1709631977.1646624
8115,1709631977.279172,1709631977.2791781
8116,1709631977.798956,1709631977.7989655
8117,1709631977.8065257,1709631977.8065329
8118,1709631977.8689303,1709631977.8689382
8119,1709631977.9653687,1709631977.965376
8120,1709631978.0672834,1709631978.0672903
8121,1709631978.1555693,1709631978.155575
8122,1709631978.260751,1709631978.2607574
8123,1709631978.3565493,1709631978.3565555
8124,1709631978.4603293,1709631978.4603364
8125,1709631978.5651395,1709631978.565147
8126,1709631978.6658401,1709631978.6658475
8127,1709631978.7669404,1709631978.7669485
8128,1709631978.8656123,1709631978.8656216
8129,1709631978.9741263,1709631978.9741359
8130,1709631979.06534,1709631979.0653484
8131,1709631979.1608787,1709631979.1608856
8132,1709631979.2620788,1709631979.2620864
8133,1709631979.3660014,1709631979.3660097
8134,1709631979.4576464,1709631979.4576526
8135,1709631979.5667238,1709631979.5667324
8136,1709631979.6673114,1709631979.6673193
8137,1709631979.7622273,1709631979.7622375
8138,1709631979.8628318,1709631979.8628392
8139,1709631979.9572268,1709631979.9572341
8140,1709631980.0672932,1709631980.0673
8141,1709631980.1694129,1709631980.1694264
8142,1709631980.2598727,1709631980.259879
8143,1709631980.3649018,1709631980.364911
8144,1709631980.4676142,1709631980.4676225
8145,1709631980.5598009,1709631980.559809
8146,1709631980.6660624,1709631980.6660695
8147,1709631980.7701242,1709631980.7701335
8148,1709631980.8655622,1709631980.865567
8149,1709631980.971345,1709631980.9713516
8150,1709631981.0674195,1709631981.0674298
8151,1709631981.1646404,1709631981.1646483
8152,1709631981.2675815,1709631981.267592
8153,1709631981.360662,1709631981.36067
8154,1709631981.4626231,1709631981.4626296
8155,1709631981.562657,1709631981.5626647
8156,1709631981.6668866,1709631981.6668935
8157,1709631981.765053,1709631981.7650611
8158,1709631981.866997,1709631981.867005
8159,1709631981.9607902,1709631981.9607966
8160,1709631982.0575962,1709631982.0576036
8161,1709631982.1685033,1709631982.1685183
8162,1709631982.2672722,1709631982.2672803
8163,1709631982.371781,1709631982.371791
8164,1709631982.4694424,1709631982.4694614
8165,1709631982.567999,1709631982.5680044
8166,1709631982.6642103,1709631982.664218
8167,1709631982.7679245,1709631982.767932
8168,1709631982.857435,1709631982.8574429
8169,1709631982.965734,1709631982.9657414
8170,1709631983.0715723,1709631983.0715802
8171,1709631983.1609867,1709631983.1609936
8172,1709631983.2681293,1709631983.2681396
8173,1709631983.3687708,1709631983.368784
8174,1709631983.4608338,1709631983.4608421
8175,1709631983.565902,1709631983.5659113
8176,1709631983.6576028,1709631983.657611
8177,1709631983.7568684,1709631983.7568738
8178,1709631983.8754833,1709631983.8754911
8179,1709631983.9614966,1709631983.961501
8180,1709631984.0614498,1709631984.0614576
8181,1709631984.1721816,1709631984.1721866
8182,1709631984.2686977,1709631984.2687063
8183,1709631984.3734846,1709631984.3734925
8184,1709631984.4619207,1709631984.4619346
8185,1709631984.5622592,1709631984.5622642
8186,1709631984.6697826,1709631984.6697881
8187,1709631984.760408,1709631984.760416
8188,1709631984.8660343,1709631984.8660421
8189,1709631984.95855,1709631984.9585571
8190,1709631985.0643814,1709631985.0643897
8191,1709631985.167819,1709631985.1678264
8192,1709631985.2614028,1709631985.2614102
8193,1709631985.3701742,1709631985.3701806
8194,1709631985.4710684,1709631985.4710767
8195,1709631985.5621774,1709631985.5621853
8196,1709631985.6694539,1709631985.6694615
8197,1709631985.768835,1709631985.768843
8198,1709631985.8719358,1709631985.871942
8199,1709631985.9640727,1709631985.9640822
8200,1709631986.0591474,1709631986.059155
8201,1709631986.1653347,1709631986.1653519
8202,1709631986.272639,1709631986.272648
8203,1709631986.3678584,1709631986.3678648
8204,1709631986.4631755,1709631986.4631839
8205,1709631986.572556,1709631986.5725636
8206,1709631986.6702497,1709631986.6702542
8207,1709631986.7680502,1709631986.7680569
8208,1709631986.8628566,1709631986.8628645
8209,1709631986.9570537,1709631986.9570615
8210,1709631987.077285,1709631987.077293
8211,1709631987.1661274,1709631987.166137
8212,1709631987.2641873,1709631987.2641983
8213,1709631987.3641286,1709631987.3641362
8214,1709631987.4707482,1709631987.470756
8215,1709631987.559614,1709631987.5596213
8216,1709631987.6636984,1709631987.663706
8217,1709631987.769233,1709631987.76924
8218,1709631987.8615744,1709631987.8615813
8219,1709631987.9577358,1709631987.9577425
8220,1709631988.0603437,1709631988.0603535
8221,1709631988.1646724,1709631988.16468
8222,1709631988.2667112,1709631988.2667181
8223,1709631988.3660166,1709631988.3660228
8224,1709631988.4660668,1709631988.4660745
8225,1709631988.5624218,1709631988.5624387
8226,1709631988.6595232,1709631988.659531
8227,1709631988.7674348,1709631988.7674427
8228,1709631988.8642516,1709631988.864263
8229,1709631988.9626276,1709631988.9626346
8230,1709631989.0652192,1709631989.0652254
8231,1709631989.1690397,1709631989.1690476
8232,1709631989.2703376,1709631989.270346
8233,1709631989.3628604,1709631989.3628707
8234,1709631989.4691231,1709631989.4691317
8235,1709631989.5638225,1709631989.5638309
8236,1709631989.6593478,1709631989.6593578
8237,1709631989.7697594,1709631989.7697659
8238,1709631989.8691475,1709631989.869158
8239,1709631989.968449,1709631989.9684567
8240,1709631990.0575047,1709631990.0575144
8241,1709631990.169866,1709631990.1698751
8242,1709631990.2747583,1709631990.274767
8243,1709631990.3679633,1709631990.3679714
8244,1709631990.4637036,1709631990.4637182
8245,1709631990.562054,1709631990.5620615
8246,1709631990.674803,1709631990.674811
8247,1709631990.7725005,1709631990.772508
8248,1709631990.8751204,1709631990.8751278
8249,1709631990.9662561,1709631990.966262
8250,1709631991.06907,1709631991.069077
8251,1709631991.1654024,1709631991.165408
8252,1709631991.2715766,1709631991.2715836
8253,1709631991.376788,1709631991.3767948
8254,1709631991.4656813,1709631991.4656901
8255,1709631991.5591598,1709631991.559167
8256,1709631991.6589491,1709631991.6589563
8257,1709631991.7625299,1709631991.7625363
8258,1709631991.87275,1709631991.8727574
8259,1709631991.9703565,1709631991.9703612
8260,1709631992.070695,1709631992.0707023
8261,1709631992.1602693,1709631992.160277
8262,1709631992.2635758,1709631992.2635837
8263,1709631992.3656492,1709631992.3656576
8264,1709631992.4817615,1709631992.4817684
8265,1709631992.5568016,1709631992.556809
8266,1709631992.6622984,1709631992.6623056
8267,1709631992.7729485,1709631992.7729564
8268,1709631992.85942,1709631992.8594286
8269,1709631992.9696279,1709631992.9696383
8270,1709631993.070144,1709631993.0701525
8271,1709631993.1586602,1709631993.1586683
8272,1709631993.271061,1709631993.2710667
8273,1709631993.362581,1709631993.362589
8274,1709631993.4706776,1709631993.4706848
8275,1709631993.5593393,1709631993.5593488
8276,1709631993.6640267,1709631993.6640346
8277,1709631993.7691622,1709631993.7691686
8278,1709631993.860175,1709631993.8601825
8279,1709631993.9593832,1709631993.9593954
8280,1709631994.0679688,1709631994.067977
8281,1709631994.167767,1709631994.1677744
8282,1709631994.2731106,1709631994.273118
8283,1709631994.359443,1709631994.3594491
8284,1709631994.4731157,1709631994.4764795
8285,1709631994.565759,1709631994.5698242
8286,1709631994.6607196,1709631994.6657562
8287,1709631994.757791,1709631994.7613459
8288,1709631994.8724403,1709631994.8765817
8289,1709631994.9666042,1709631994.9721105
8290,1709631995.0638855,1709631995.0677884
8291,1709631995.173172,1709631995.1771114
8292,1709631995.2568018,1709631995.261018
8293,1709631995.3584504,1709631995.361822
8294,1709631995.4676237,1709631995.472764
8295,1709631995.5664759,1709631995.5720456
8296,1709631995.6806047,1709631995.6841714
8297,1709631995.7771232,1709631995.7809472
8298,1709631995.8696835,1709631995.8742552
8299,1709631995.9614294,1709631995.9647832
8300,1709631996.0755894,1709631996.0777445
8301,1709631996.1670494,1709631996.1726067
8302,1709631996.2707756,1709631996.2770524
8303,1709631996.3754249,1709631996.3777752
8304,1709631996.4678495,1709631996.472857
8305,1709631996.5617354,1709631996.5662022
8306,1709631996.680809,1709631996.6847053
8307,1709631996.7591534,1709631996.7622888
8308,1709631996.8663661,1709631996.870079
8309,1709631996.9642537,1709631996.970158
8310,1709631997.0728614,1709631997.0762997
8311,1709631997.1725717,1709631997.1766315
8312,1709631997.2717535,1709631997.2752154
8313,1709631997.3598468,1709631997.3642666
8314,1709631997.4655478,1709631997.4701035
8315,1709631997.5585446,1709631997.5638754
8316,1709631997.6610162,1709631997.6653953
8317,1709631997.7688754,1709631997.7710738
8318,1709631997.8630738,1709631997.8683558
8319,1709631997.9617789,1709631997.9659274
8320,1709631998.0599542,1709631998.0633383
8321,1709631998.16406,1709631998.1686883
8322,1709631998.2595596,1709631998.2628417
8323,1709631998.3604395,1709631998.3639638
8324,1709631998.4555254,1709631998.4603372
8325,1709631998.5620575,1709631998.5686674
8326,1709631998.6663556,1709631998.6705089
8327,1709631998.7587233,1709631998.7629757
8328,1709631998.8597457,1709631998.8633797
8329,1709631998.9614775,1709631998.965649
8330,1709631999.061443,1709631999.065292
8331,1709631999.1644747,1709631999.169428
8332,1709631999.2611816,1709631999.2652946
8333,1709631999.3641117,1709631999.3692539
8334,1709631999.455924,1709631999.4603198
8335,1709631999.5644145,1709631999.5686028
8336,1709631999.6573873,1709631999.6617532
8337,1709631999.759118,1709631999.7620945
8338,1709631999.8567674,1709631999.8610067
8339,1709631999.9679024,1709631999.9718928
8340,1709632000.0632563,1709632000.0719876
8341,1709632000.1609871,1709632000.1650524
8342,1709632000.2674477,1709632000.2718487
8343,1709632000.3631501,1709632000.367216
8344,1709632000.4699717,1709632000.47365
8345,1709632000.5579267,1709632000.5623987
8346,1709632000.6658444,1709632000.6700866
8347,1709632000.7667975,1709632000.77149
8348,1709632000.8672404,1709632000.8708525
8349,1709632000.961557,1709632000.965111
8350,1709632001.0683067,1709632001.072493
8351,1709632001.1618793,1709632001.1660697
8352,1709632001.2712984,1709632001.2755933
8353,1709632001.3624077,1709632001.3679893
8354,1709632001.4649138,1709632001.469005
8355,1709632001.5610406,1709632001.5655656
8356,1709632001.658761,1709632001.662879
8357,1709632001.7613,1709632001.7744548
8358,1709632001.8761156,1709632001.8820736
8359,1709632001.9705703,1709632001.9753826
8360,1709632002.0685205,1709632002.0727596
8361,1709632002.1612737,1709632002.165269
8362,1709632002.2673712,1709632002.2716272
8363,1709632002.3589993,1709632002.3634813
8364,1709632002.4617598,1709632002.467736
8365,1709632002.56613,1709632002.569936
8366,1709632002.6583064,1709632002.6618118
8367,1709632002.7665222,1709632002.7709289
8368,1709632002.860237,1709632002.8681982
8369,1709632002.9593093,1709632002.96418
8370,1709632003.0676548,1709632003.071594
8371,1709632003.170967,1709632003.1744335
8372,1709632003.2576947,1709632003.2618768
8373,1709632003.3712683,1709632003.3752165
8374,1709632003.4589055,1709632003.4625282
8375,1709632003.5613863,1709632003.5645378
8376,1709632003.661771,1709632003.665296
8377,1709632003.7781038,1709632003.784282
8378,1709632003.8694763,1709632003.8757727
8379,1709632003.9574292,1709632003.962322
8380,1709632004.060159,1709632004.064872
8381,1709632004.1594956,1709632004.1644812
8382,1709632004.266876,1709632004.2715495
8383,1709632004.3697565,1709632004.3733177
8384,1709632004.4651875,1709632004.4687314
8385,1709632004.55957,1709632004.564571
8386,1709632004.6590176,1709632004.6676831
8387,1709632004.759254,1709632004.7632308
8388,1709632004.857233,1709632004.8619018
8389,1709632004.9727669,1709632004.977595
8390,1709632005.0655577,1709632005.0695174
8391,1709632005.16887,1709632005.1723318
8392,1709632005.2588558,1709632005.265612
8393,1709632005.3608563,1709632005.3643236
8394,1709632005.4629276,1709632005.4668608
8395,1709632005.556843,1709632005.5620887
8396,1709632005.6595626,1709632005.6635373
8397,1709632005.759178,1709632005.7632227
8398,1709632005.8587675,1709632005.8649104
8399,1709632005.9643703,1709632005.968169
8400,1709632006.0675871,1709632006.0726767
8401,1709632006.1686895,1709632006.1734097
8402,1709632006.266641,1709632006.270278
8403,1709632006.3664737,1709632006.3708432
8404,1709632006.458993,1709632006.4631708
8405,1709632006.570944,1709632006.573645
8406,1709632006.6603513,1709632006.6651878
8407,1709632006.769892,1709632006.7737908
8408,1709632006.8623834,1709632006.867523
8409,1709632006.9672987,1709632006.9715486
8410,1709632007.0644286,1709632007.0685267
8411,1709632007.1660216,1709632007.170137
8412,1709632007.2648695,1709632007.2686608
8413,1709632007.3617232,1709632007.3668966
8414,1709632007.4601095,1709632007.4647622
8415,1709632007.5707474,1709632007.5777485
8416,1709632007.663827,1709632007.667989
8417,1709632007.7663593,1709632007.7699757
8418,1709632007.8633802,1709632007.8672867
8419,1709632007.9653447,1709632007.9689627
8420,1709632008.0658562,1709632008.0711865
8421,1709632008.157451,1709632008.162995
8422,1709632008.2677662,1709632008.2704363
8423,1709632008.365192,1709632008.3689358
8424,1709632008.4673784,1709632008.4708598
8425,1709632008.558983,1709632008.564309
8426,1709632008.6743672,1709632008.6802008
8427,1709632008.7669673,1709632008.7707307
8428,1709632008.8609643,1709632008.8646026
8429,1709632008.9730291,1709632008.9813938
8430,1709632009.0682697,1709632009.0721295
8431,1709632009.161741,1709632009.165346
8432,1709632009.2620218,1709632009.2680445
8433,1709632009.3611975,1709632009.3650498
8434,1709632009.465467,1709632009.4692218
8435,1709632009.5717063,1709632009.5758054
8436,1709632009.6688895,1709632009.683598
8437,1709632009.792954,1709632009.8019426
8438,1709632009.890576,1709632009.8972833
8439,1709632009.9997904,1709632010.0052311
8440,1709632010.0904462,1709632010.0952342
8441,1709632010.2214215,1709632010.2256477
8442,1709632010.2858396,1709632010.291458
8443,1709632010.3837097,1709632010.387636
8444,1709632010.4670646,1709632010.4727147
8445,1709632010.5839787,1709632010.5913613
8446,1709632010.671505,1709632010.682822
8447,1709632010.7768226,1709632010.7872171
8448,1709632010.869691,1709632010.8761783
8449,1709632010.9628356,1709632010.968699
8450,1709632011.064568,1709632011.0750694
8451,1709632011.1680617,1709632011.1724594
8452,1709632011.2640786,1709632011.2694876
8453,1709632011.373114,1709632011.377414
8454,1709632011.47141,1709632011.4762802
8455,1709632011.5769026,1709632011.5805495
8456,1709632011.6646607,1709632011.6697104
8457,1709632011.760375,1709632011.764942
8458,1709632011.870451,1709632011.8741033
8459,1709632011.969135,1709632011.974175
8460,1709632012.072435,1709632012.0767815
8461,1709632012.1559303,1709632012.163825
8462,1709632012.2648494,1709632012.271671
8463,1709632012.362035,1709632012.368538
8464,1709632012.4612436,1709632012.4648428
8465,1709632012.5610936,1709632012.5649695
8466,1709632012.6727388,1709632012.6766012
8467,1709632012.7642841,1709632012.7669473
8468,1709632012.87214,1709632012.8761191
8469,1709632012.971809,1709632012.9757187
8470,1709632013.070095,1709632013.074845
8471,1709632013.163234,1709632013.166281
8472,1709632013.2610419,1709632013.2637045
8473,1709632013.3625152,1709632013.3660781
8474,1709632013.4683094,1709632013.473317
8475,1709632013.562652,1709632013.5663428
8476,1709632013.6628616,1709632013.6669786
8477,1709632013.7583723,1709632013.7618492
8478,1709632013.8674922,1709632013.87134
8479,1709632013.9673696,1709632013.9715421
8480,1709632014.0603485,1709632014.0650406
8481,1709632014.1593616,1709632014.1637208
8482,1709632014.267109,1709632014.2736766
8483,1709632014.3736725,1709632014.3776307
8484,1709632014.4745288,1709632014.4775867
8485,1709632014.5717466,1709632014.5757136
8486,1709632014.6648548,1709632014.6694274
8487,1709632014.7750804,1709632014.7792096
8488,1709632014.8622193,1709632014.865035
8489,1709632014.973648,1709632014.9799862
8490,1709632015.0643687,1709632015.0709374
8491,1709632015.1657958,1709632015.1729803
8492,1709632015.2677608,1709632015.2739162
8493,1709632015.3600333,1709632015.364119
8494,1709632015.4702013,1709632015.4741492
8495,1709632015.563887,1709632015.5680473
8496,1709632015.66802,1709632015.6718113
8497,1709632015.7653844,1709632015.7709506
8498,1709632015.8757122,1709632015.8799613
8499,1709632015.9665487,1709632015.971869
8500,1709632016.0724592,1709632016.0764742
8501,1709632016.1722872,1709632016.1752877
8502,1709632016.260108,1709632016.2634068
8503,1709632016.357717,1709632016.3618386
8504,1709632016.4714353,1709632016.4752293
8505,1709632016.5702467,1709632016.573473
8506,1709632016.6623259,1709632016.6663115
8507,1709632016.7753484,1709632016.7791343
8508,1709632016.8593273,1709632016.8633637
8509,1709632016.9718454,1709632016.975893
8510,1709632017.0646474,1709632017.0687923
8511,1709632017.1869967,1709632017.1900578
8512,1709632017.2645245,1709632017.269214
8513,1709632017.3658268,1709632017.3692884
8514,1709632017.462642,1709632017.4683008
8515,1709632017.5642812,1709632017.5683377
8516,1709632017.6676357,1709632017.671149
8517,1709632017.766336,1709632017.769821
8518,1709632017.8639104,1709632017.8713543
8519,1709632017.9728935,1709632017.976298
8520,1709632018.0644433,1709632018.068336
8521,1709632018.1795983,1709632018.1844742
8522,1709632018.2605433,1709632018.2655773
8523,1709632018.3600307,1709632018.3648913
8524,1709632018.474019,1709632018.4777825
8525,1709632018.5668597,1709632018.5746074
8526,1709632018.6605422,1709632018.66457
8527,1709632018.7752013,1709632018.7790146
8528,1709632018.8668797,1709632018.872371
8529,1709632018.9610434,1709632018.964979
8530,1709632019.0623264,1709632019.0666273
8531,1709632019.169491,1709632019.1736112
8532,1709632019.264339,1709632019.269127
8533,1709632019.375371,1709632019.3787692
8534,1709632019.470395,1709632019.470404
8535,1709632019.5751262,1709632019.575134
8536,1709632019.6725593,1709632019.6725674
8537,1709632019.759558,1709632019.759566
8538,1709632019.8651671,1709632019.8651745
8539,1709632019.9616554,1709632019.9616635
8540,1709632020.0744855,1709632020.074492
8541,1709632020.1654358,1709632020.1654446
8542,1709632020.2656486,1709632020.2656572
8543,1709632020.3700342,1709632020.370042
8544,1709632020.460959,1709632020.4609668
8545,1709632020.5666237,1709632020.5666325
8546,1709632020.6693614,1709632020.669369
8547,1709632020.7608447,1709632020.7608523
8548,1709632020.872365,1709632020.872375
8549,1709632020.9603925,1709632020.9603994
8550,1709632021.0640109,1709632021.064018
8551,1709632021.167511,1709632021.1675196
8552,1709632021.271816,1709632021.2718246
8553,1709632021.361158,1709632021.3611648
8554,1709632021.467602,1709632021.4676092
8555,1709632021.5623124,1709632021.562319
8556,1709632021.6707647,1709632021.6707728
8557,1709632021.7624302,1709632021.7624373
8558,1709632021.8614683,1709632021.8614755
8559,1709632021.9689894,1709632021.9689984
8560,1709632022.0590825,1709632022.0590894
8561,1709632022.1686187,1709632022.1686275
8562,1709632022.263447,1709632022.2634585
8563,1709632022.3612247,1709632022.3612309
8564,1709632022.4698586,1709632022.4698653
8565,1709632022.572025,1709632022.5720317
8566,1709632022.6611588,1709632022.661167
8567,1709632022.7691717,1709632022.7692275
8568,1709632022.8754413,1709632022.8754492
8569,1709632022.97252,1709632022.9725285
8570,1709632023.0702658,1709632023.0702748
8571,1709632023.158048,1709632023.1580563
8572,1709632023.26406,1709632023.2647219
8573,1709632023.363296,1709632023.3633046
8574,1709632023.463184,1709632023.4631934
8575,1709632023.5667355,1709632023.5667439
8576,1709632023.6622393,1709632023.6622481
8577,1709632023.7668386,1709632023.7668478
8578,1709632023.870255,1709632023.870263
8579,1709632023.9678283,1709632023.967836
8580,1709632024.0587628,1709632024.0587733
8581,1709632024.1686087,1709632024.1686165
8582,1709632024.267131,1709632024.26714
8583,1709632024.371704,1709632024.371712
8584,1709632024.465778,1709632024.4657857
8585,1709632024.5708025,1709632024.5708086
8586,1709632024.6597428,1709632024.659751
8587,1709632024.7593155,1709632024.7593222
8588,1709632024.858821,1709632024.8588276
8589,1709632024.9726713,1709632024.9726784
8590,1709632025.0639918,1709632025.063998
8591,1709632025.1559458,1709632025.1559541
8592,1709632025.2684946,1709632025.2685025
8593,1709632025.359552,1709632025.3595595
8594,1709632025.4669297,1709632025.4669387
8595,1709632025.565449,1709632025.5654569
8596,1709632025.6712134,1709632025.6712208
8597,1709632025.7719657,1709632025.7719722
8598,1709632025.869519,1709632025.8695257
8599,1709632025.969384,1709632025.969393
8600,1709632026.0626347,1709632026.0626466
8601,1709632026.1595788,1709632026.159585
8602,1709632026.2695243,1709632026.2695324
8603,1709632026.3732595,1709632026.3732677
8604,1709632026.4718332,1709632026.4718423
8605,1709632026.576021,1709632026.5760329
8606,1709632026.6574247,1709632026.657432
8607,1709632026.76259,1709632026.7625954
8608,1709632026.861891,1709632026.8619008
8609,1709632026.979109,1709632026.979116
8610,1709632027.0607662,1709632027.0607731
8611,1709632027.158965,1709632027.1589773
8612,1709632027.2580454,1709632027.2580519
8613,1709632027.376845,1709632027.3768532
8614,1709632027.4649765,1709632027.4649837
8615,1709632027.567505,1709632027.5675128
8616,1709632027.6629877,1709632027.6629963
8617,1709632027.765124,1709632027.7651315
8618,1709632027.8623593,1709632027.862367
8619,1709632027.978591,1709632027.978636
8620,1709632028.069465,1709632028.069472
8621,1709632028.1587932,1709632028.1588023
8622,1709632028.26506,1709632028.2650676
8623,1709632028.3669698,1709632028.3669767
8624,1709632028.4676979,1709632028.467705
8625,1709632028.5737126,1709632028.57372
8626,1709632028.6618838,1709632028.6618905
8627,1709632028.7595828,1709632028.7595901
8628,1709632028.866858,1709632028.8668654
8629,1709632028.9699562,1709632028.9699633
8630,1709632029.0687714,1709632029.0687795
8631,1709632029.1731286,1709632029.1731355
8632,1709632029.2694201,1709632029.2694278
8633,1709632029.36483,1709632029.3648393
8634,1709632029.4688962,1709632029.4689035
8635,1709632029.5599875,1709632029.5599952
8636,1709632029.6730106,1709632029.6730216
8637,1709632029.7731392,1709632029.773148
8638,1709632029.8659446,1709632029.8659503
8639,1709632029.9651275,1709632029.965134
8640,1709632030.0590672,1709632030.0590746
8641,1709632030.164749,1709632030.1647582
8642,1709632030.2701426,1709632030.2701495
8643,1709632030.3701587,1709632030.370166
8644,1709632030.4600065,1709632030.4600124
8645,1709632030.5662203,1709632030.5662277
8646,1709632030.656011,1709632030.6560194
8647,1709632030.7601032,1709632030.760111
8648,1709632030.8640888,1709632030.8640962
8649,1709632030.9722753,1709632030.9722855
8650,1709632031.0688796,1709632031.0688877
8651,1709632031.15916,1709632031.1591675
8652,1709632031.262244,1709632031.262253
8653,1709632031.357292,1709632031.357299
8654,1709632031.4710994,1709632031.4711077
8655,1709632031.5689192,1709632031.56893
8656,1709632031.658828,1709632031.6588364
8657,1709632031.7646031,1709632031.7646103
8658,1709632031.8599138,1709632031.859919
8659,1709632031.961491,1709632031.9614995
8660,1709632032.0651681,1709632032.0651748
8661,1709632032.1626403,1709632032.1626465
8662,1709632032.2603698,1709632032.2603886
8663,1709632032.3650212,1709632032.3650293
8664,1709632032.4609547,1709632032.4609632
8665,1709632032.5659816,1709632032.5659897
8666,1709632032.6630998,1709632032.6631083
8667,1709632032.7611089,1709632032.7611165
8668,1709632032.8726935,1709632032.8727016
8669,1709632032.9579823,1709632032.9579926
8670,1709632033.0601516,1709632033.0601559
8671,1709632033.1624901,1709632033.162496
8672,1709632033.2594721,1709632033.2594807
8673,1709632033.368249,1709632033.368257
8674,1709632033.4674563,1709632033.4674652
8675,1709632033.5618222,1709632033.5618296
8676,1709632033.6638932,1709632033.6639004
8677,1709632033.7669103,1709632033.7669213
8678,1709632033.8636463,1709632033.8636534
8679,1709632033.9749062,1709632033.974913
8680,1709632034.0743675,1709632034.0743747
8681,1709632034.1740022,1709632034.1740105
8682,1709632034.2722402,1709632034.2722478
8683,1709632034.3698597,1709632034.3698666
8684,1709632034.4685416,1709632034.4685483
8685,1709632034.5709171,1709632034.5709252
8686,1709632034.6761026,1709632034.6761117
8687,1709632034.7607994,1709632034.7608063
8688,1709632034.8800418,1709632034.8800488
8689,1709632034.9705412,1709632034.970552
8690,1709632035.0618968,1709632035.0619054
8691,1709632035.1632714,1709632035.163282
8692,1709632035.2689285,1709632035.2689364
8693,1709632035.371453,1709632035.371461
8694,1709632035.4664137,1709632035.4664228
8695,1709632035.5586047,1709632035.5586126
8696,1709632035.6614964,1709632035.6615033
8697,1709632035.761769,1709632035.7617815
8698,1709632035.861616,1709632035.8616233
8699,1709632035.9557214,1709632035.9557302
8700,1709632036.0680246,1709632036.0680325
8701,1709632036.170669,1709632036.1706789
8702,1709632036.2659404,1709632036.2659497
8703,1709632036.3717299,1709632036.3717377
8704,1709632036.4691758,1709632036.469184
8705,1709632036.5710907,1709632036.5710955
8706,1709632036.6603966,1709632036.6604025
8707,1709632036.7561572,1709632036.7561662
8708,1709632036.8611064,1709632036.861115
8709,1709632036.968844,1709632036.9688547
8710,1709632037.0699718,1709632037.069983
8711,1709632037.1627846,1709632037.1627917
8712,1709632037.2645788,1709632037.2645857
8713,1709632037.3691456,1709632037.3691509
8714,1709632037.4685693,1709632037.4685767
8715,1709632037.572908,1709632037.5729136
8716,1709632037.6704419,1709632037.6704488
8717,1709632037.7631564,1709632037.7631621
8718,1709632037.8668303,1709632037.8668373
8719,1709632037.9639552,1709632037.9639635
8720,1709632038.0591645,1709632038.059171
8721,1709632038.1655726,1709632038.165583
8722,1709632038.2728262,1709632038.272834
8723,1709632038.3661878,1709632038.3661947
8724,1709632038.4640343,1709632038.464042
8725,1709632038.565576,1709632038.5655878
8726,1709632038.657534,1709632038.657541
8727,1709632038.765705,1709632038.765713
8728,1709632038.861143,1709632038.8611512
8729,1709632038.9777224,1709632038.9777305
8730,1709632039.0643642,1709632039.0643718
8731,1709632039.157907,1709632039.1579142
8732,1709632039.2687967,1709632039.2688043
8733,1709632039.3643992,1709632039.364406
8734,1709632039.464376,1709632039.4643848
8735,1709632039.5806732,1709632039.5806828
8736,1709632039.6595006,1709632039.6595104
8737,1709632039.7711174,1709632039.7711241
8738,1709632039.8657289,1709632039.865739
8739,1709632039.9702337,1709632039.9702413
8740,1709632040.0691488,1709632040.0691566
8741,1709632040.1562738,1709632040.1562812
8742,1709632040.2693257,1709632040.2693334
8743,1709632040.3611166,1709632040.3611245
8744,1709632040.4573088,1709632040.4573133
8745,1709632040.566384,1709632040.5663908
8746,1709632040.6638994,1709632040.663908
8747,1709632040.762371,1709632040.7623782
8748,1709632040.8741517,1709632040.8741596
8749,1709632040.9611542,1709632040.9611614
8750,1709632041.0653744,1709632041.0653837
8751,1709632041.1615622,1709632041.1615684
8752,1709632041.2567928,1709632041.2568004
8753,1709632041.360588,1709632041.3605955
8754,1709632041.4697344,1709632041.4697413
8755,1709632041.568642,1709632041.5686507
8756,1709632041.6665847,1709632041.6665993
8757,1709632041.7696116,1709632041.7696192
8758,1709632041.8605795,1709632041.8605855
8759,1709632041.9620311,1709632041.9620383
8760,1709632042.0667303,1709632042.0667403
8761,1709632042.162232,1709632042.1622376
8762,1709632042.27533,1709632042.2753372
8763,1709632042.3650477,1709632042.365053
8764,1709632042.4613092,1709632042.4613163
8765,1709632042.5709684,1709632042.5709753
8766,1709632042.6608686,1709632042.660875
8767,1709632042.7621865,1709632042.7621942
8768,1709632042.8645117,1709632042.8645191
8769,1709632042.9688904,1709632042.9688973
8770,1709632043.0648723,1709632043.06488
8771,1709632043.1671588,1709632043.1671658
8772,1709632043.2632697,1709632043.2632766
8773,1709632043.369529,1709632043.3695376
8774,1709632043.4656496,1709632043.4656568
8775,1709632043.566587,1709632043.566596
8776,1709632043.659453,1709632043.6594617
8777,1709632043.7620397,1709632043.7620456
8778,1709632043.8615801,1709632043.8615875
8779,1709632043.9625726,1709632043.962581
8780,1709632044.0632415,1709632044.0632477
8781,1709632044.1681879,1709632044.168195
8782,1709632044.269808,1709632044.2698169
8783,1709632044.3587222,1709632044.3587306
8784,1709632044.4746087,1709632044.4746172
8785,1709632044.5673532,1709632044.5673602
8786,1709632044.6630282,1709632044.6630352
8787,1709632044.7602448,1709632044.7602522
8788,1709632044.8642318,1709632044.8642406
8789,1709632044.977168,1709632044.9772432
8790,1709632045.0662537,1709632045.0662613
8791,1709632045.165772,1709632045.1657805
8792,1709632045.2655923,1709632045.2655995
8793,1709632045.358355,1709632045.3583632
8794,1709632045.470995,1709632045.471002
8795,1709632045.5671854,1709632045.5671945
8796,1709632045.6638732,1709632045.6638806
8797,1709632045.7772732,1709632045.7772806
8798,1709632045.8853588,1709632045.8853657
8799,1709632045.979826,1709632045.979833
8800,1709632046.0721629,1709632046.0721703
8801,1709632046.178771,1709632046.178778
8802,1709632046.2833881,1709632046.2833958
8803,1709632046.3764496,1709632046.3764596
8804,1709632046.467872,1709632046.4678795
8805,1709632046.5761743,1709632046.5761824
8806,1709632046.6683476,1709632046.6683555
8807,1709632046.7619998,1709632046.7620094
8808,1709632046.8619153,1709632046.8619227
8809,1709632046.9678147,1709632046.9678228
8810,1709632047.05916,1709632047.0591688
8811,1709632047.1574464,1709632047.1574516
8812,1709632047.2647634,1709632047.2647824
8813,1709632047.3577197,1709632047.3577256
8814,1709632047.4791121,1709632047.4791205
8815,1709632047.5726638,1709632047.5726724
8816,1709632047.6571407,1709632047.6571474
8817,1709632047.768204,1709632047.7682166
8818,1709632047.8671265,1709632047.8671348
8819,1709632047.9582498,1709632047.9582553
8820,1709632048.0700448,1709632048.0700557
8821,1709632048.167197,1709632048.1672034
8822,1709632048.2674139,1709632048.2674181
8823,1709632048.3700082,1709632048.3700154
8824,1709632048.4573894,1709632048.4573991
8825,1709632048.5655184,1709632048.5655246
8826,1709632048.6748316,1709632048.67484
8827,1709632048.770016,1709632048.7700229
8828,1709632048.8719761,1709632048.8719838
8829,1709632048.962508,1709632048.9625158
8830,1709632049.0683377,1709632049.0683458
8831,1709632049.1640027,1709632049.1640103
8832,1709632049.260065,1709632049.2600722
8833,1709632049.3581285,1709632049.3581371
8834,1709632049.4690275,1709632049.4690368
8835,1709632049.5609503,1709632049.5609581
8836,1709632050.0103257,1709632050.0132995
8837,1709632050.0272388,1709632050.031733
8838,1709632050.0720096,1709632050.074891
8839,1709632050.175227,1709632050.1795776
8840,1709632050.2717767,1709632050.2761
8841,1709632050.3704116,1709632050.374488
8842,1709632050.4687572,1709632050.471276
8843,1709632050.5628374,1709632050.5676425
8844,1709632050.6716716,1709632050.6755795
8845,1709632050.7675822,1709632050.7713284
8846,1709632050.8708322,1709632050.8735867
8847,1709632050.9716585,1709632050.9763114
8848,1709632051.0676575,1709632051.0715423
8849,1709632051.166302,1709632051.1716082
8850,1709632051.269804,1709632051.2737043
8851,1709632051.3723998,1709632051.3763857
8852,1709632051.4695792,1709632051.474101
8853,1709632051.575954,1709632051.5799494
8854,1709632051.6621149,1709632051.6701977
8855,1709632051.7609625,1709632051.765213
8856,1709632051.8659098,1709632051.870659
8857,1709632051.9709914,1709632051.97473
8858,1709632052.0587714,1709632052.0628412
8859,1709632052.1667755,1709632052.170339
8860,1709632052.262951,1709632052.2659376
8861,1709632052.3579352,1709632052.3616107
8862,1709632052.460636,1709632052.4662223
8863,1709632052.5688674,1709632052.573096
8864,1709632052.673671,1709632052.6774082
8865,1709632052.7684898,1709632052.7718804
8866,1709632052.866504,1709632052.8701298
8867,1709632052.9674144,1709632052.971295
8868,1709632053.0712872,1709632053.0757594
8869,1709632053.1657405,1709632053.1691697
8870,1709632053.256395,1709632053.2588332
8871,1709632053.3668156,1709632053.371023
8872,1709632053.4690976,1709632053.4729853
8873,1709632053.573527,1709632053.5788887
8874,1709632053.6595807,1709632053.663493
8875,1709632053.762936,1709632053.767836
8876,1709632053.878971,1709632053.8827207
8877,1709632053.964399,1709632053.9681613
8878,1709632054.0643313,1709632054.0681741
8879,1709632054.1708,1709632054.1741304
8880,1709632054.256937,1709632054.2603948
8881,1709632054.3866215,1709632054.39027
8882,1709632054.4656293,1709632054.4704251
8883,1709632054.5590541,1709632054.562959
8884,1709632054.6679497,1709632054.6720996
8885,1709632054.7599435,1709632054.7647629
8886,1709632054.8647523,1709632054.8674664
8887,1709632054.9605427,1709632054.9644818
8888,1709632055.060786,1709632055.0658145
8889,1709632055.1676247,1709632055.171351
8890,1709632055.2557588,1709632055.2593832
8891,1709632055.3677237,1709632055.3719056
8892,1709632055.465173,1709632055.4703043
8893,1709632055.563217,1709632055.5675104
8894,1709632055.6580353,1709632055.661334
8895,1709632055.7732263,1709632055.7774742
8896,1709632055.8831747,1709632055.8876593
8897,1709632055.9618917,1709632055.9664106
8898,1709632056.060149,1709632056.0641692
8899,1709632056.1760027,1709632056.1797287
8900,1709632056.2680862,1709632056.2721713
8901,1709632056.360183,1709632056.3635798
8902,1709632056.4563274,1709632056.4611945
8903,1709632056.5573995,1709632056.560138
8904,1709632056.664285,1709632056.66893
8905,1709632056.7661552,1709632056.7707202
8906,1709632056.8594987,1709632056.8644319
8907,1709632056.9588964,1709632056.9631124
8908,1709632057.0670416,1709632057.0709028
8909,1709632057.1616178,1709632057.1655524
8910,1709632057.2588718,1709632057.2634435
8911,1709632057.3674586,1709632057.3712249
8912,1709632057.4658809,1709632057.4699316
8913,1709632057.5697358,1709632057.5736642
8914,1709632057.670039,1709632057.6735165
8915,1709632057.768115,1709632057.7719388
8916,1709632057.8701968,1709632057.8742216
8917,1709632057.9661264,1709632057.9696627
8918,1709632058.0723057,1709632058.0774999
8919,1709632058.1615567,1709632058.165602
8920,1709632058.2693179,1709632058.2731302
8921,1709632058.3614867,1709632058.3656404
8922,1709632058.4666193,1709632058.4703696
8923,1709632058.5644476,1709632058.56845
8924,1709632058.6601608,1709632058.6646926
8925,1709632058.7746928,1709632058.7785037
8926,1709632058.865692,1709632058.8682387
8927,1709632058.9599454,1709632058.9656339
8928,1709632059.068787,1709632059.0732095
8929,1709632059.1620133,1709632059.1676605
8930,1709632059.260661,1709632059.2653284
8931,1709632059.368288,1709632059.37164
8932,1709632059.4798057,1709632059.4838088
8933,1709632059.5700877,1709632059.5732186
8934,1709632059.6653514,1709632059.6693268
8935,1709632059.7636547,1709632059.767658
8936,1709632059.8687088,1709632059.8726926
8937,1709632059.9682274,1709632059.971838
8938,1709632060.0691917,1709632060.0735316
8939,1709632060.1630945,1709632060.1671479
8940,1709632060.266998,1709632060.271321
8941,1709632060.371454,1709632060.3761601
8942,1709632060.4575222,1709632060.4616804
8943,1709632060.557137,1709632060.5624065
8944,1709632060.661675,1709632060.6661007
8945,1709632060.7642426,1709632060.767441
8946,1709632060.8668458,1709632060.870469
8947,1709632060.9748917,1709632060.9790378
8948,1709632061.0760105,1709632061.0800571
8949,1709632061.180443,1709632061.184262
8950,1709632061.2763813,1709632061.283426
8951,1709632061.3756697,1709632061.3819435
8952,1709632061.4710433,1709632061.4762046
8953,1709632061.5752594,1709632061.5783083
8954,1709632061.669209,1709632061.6770568
8955,1709632061.784988,1709632061.7964911
8956,1709632061.894096,1709632061.8983872
8957,1709632061.9695585,1709632061.9739478
8958,1709632062.0675976,1709632062.071502
8959,1709632062.162712,1709632062.1671321
8960,1709632062.7803195,1709632062.7845716
8961,1709632062.8757079,1709632062.8800168
8962,1709632062.9691784,1709632062.975044
8963,1709632063.062161,1709632063.065975
