,starttime,endtime
0,1709771253.8796928,1709771253.8797033
1,1709771253.8826292,1709771253.8826354
2,1709771253.974777,1709771253.9748044
3,1709771254.074754,1709771254.074759
4,1709771254.174946,1709771254.1749527
5,1709771254.2749248,1709771254.274931
6,1709771254.3750029,1709771254.3750095
7,1709771254.4753523,1709771254.475359
8,1709771254.5842774,1709771254.584284
9,1709771254.6839416,1709771254.6839478
10,1709771254.7825239,1709771254.7825308
11,1709771254.8816986,1709771254.8817117
12,1709771254.980871,1709771254.9808748
13,1709771255.081011,1709771255.081017
14,1709771255.1812313,1709771255.1812365
15,1709771255.2801147,1709771255.2801187
16,1709771255.3805532,1709771255.3805587
17,1709771255.487606,1709771255.4876125
18,1709771255.5754788,1709771255.5754852
19,1709771255.6769114,1709771255.676915
20,1709771255.775335,1709771255.7753408
21,1709771255.8794432,1709771255.8794487
22,1709771255.978489,1709771255.9784927
23,1709771256.0792985,1709771256.0793045
24,1709771256.1856236,1709771256.1856318
25,1709771256.2782092,1709771256.2782156
26,1709771256.377381,1709771256.3773873
27,1709771256.4782763,1709771256.4782803
28,1709771256.575509,1709771256.5755167
29,1709771256.6845849,1709771256.6845915
30,1709771256.7824824,1709771256.78249
31,1709771256.88488,1709771256.8848872
32,1709771256.9840689,1709771256.9840755
33,1709771257.0753264,1709771257.0753326
34,1709771257.1847098,1709771257.1847186
35,1709771257.28547,1709771257.285477
36,1709771257.3846006,1709771257.3846078
37,1709771257.4926324,1709771257.4926393
38,1709771257.5775042,1709771257.5775118
39,1709771257.6806176,1709771257.6806242
40,1709771257.775541,1709771257.7755485
41,1709771257.884917,1709771257.8849235
42,1709771257.982581,1709771257.9825878
43,1709771258.081755,1709771258.0817616
44,1709771258.1792943,1709771258.1793046
45,1709771258.2757757,1709771258.2757826
46,1709771258.377002,1709771258.3770094
47,1709771258.4808333,1709771258.4808414
48,1709771258.5770164,1709771258.5770242
49,1709771258.679119,1709771258.6791265
50,1709771258.7888343,1709771258.7888415
51,1709771258.8780932,1709771258.8781004
52,1709771258.9760056,1709771258.9760127
53,1709771259.082879,1709771259.0828867
54,1709771259.1825738,1709771259.1825845
55,1709771259.277571,1709771259.2775795
56,1709771259.3888338,1709771259.3888447
57,1709771259.4790945,1709771259.4791026
58,1709771259.576823,1709771259.5768297
59,1709771259.6824937,1709771259.682502
60,1709771259.7994168,1709771259.7994256
61,1709771259.8791773,1709771259.8791845
62,1709771259.980145,1709771259.9801526
63,1709771260.0849276,1709771260.084936
64,1709771260.1859863,1709771260.185993
65,1709771260.286379,1709771260.2863872
66,1709771260.3810546,1709771260.3810596
67,1709771260.4851263,1709771260.485137
68,1709771260.578572,1709771260.5785813
69,1709771260.6903453,1709771260.6903524
70,1709771260.7803552,1709771260.7803633
71,1709771260.8825843,1709771260.882591
72,1709771260.9810796,1709771260.9810843
73,1709771261.075384,1709771261.0753884
74,1709771261.1762702,1709771261.1762793
75,1709771261.2836494,1709771261.2836566
76,1709771261.3764536,1709771261.376462
77,1709771261.4849608,1709771261.4850054
78,1709771262.0711963,1709771262.071206
79,1709771262.0836885,1709771262.0836961
80,1709771262.0930007,1709771262.093008
81,1709771262.1885526,1709771262.1885595
82,1709771262.2875526,1709771262.2875597
83,1709771262.3848686,1709771262.384876
84,1709771262.4783993,1709771262.4784064
85,1709771262.5808916,1709771262.5808992
86,1709771262.6774333,1709771262.67744
87,1709771262.7770238,1709771262.777032
88,1709771262.8790107,1709771262.8790183
89,1709771262.9757245,1709771262.97573
90,1709771263.0836542,1709771263.0836608
91,1709771263.176858,1709771263.1768632
92,1709771263.2850761,1709771263.285084
93,1709771263.3818297,1709771263.381836
94,1709771263.4760358,1709771263.476043
95,1709771263.5780396,1709771263.5780458
96,1709771263.6846979,1709771263.6847053
97,1709771263.792137,1709771263.7921464
98,1709771263.883452,1709771263.8834593
99,1709771263.9782543,1709771263.978262
100,1709771264.085489,1709771264.0854964
101,1709771264.180979,1709771264.1809835
102,1709771264.2814245,1709771264.281432
103,1709771264.3752413,1709771264.3752475
104,1709771264.4840763,1709771264.4840841
105,1709771264.5767276,1709771264.576734
106,1709771264.675659,1709771264.675666
107,1709771264.7796292,1709771264.7796354
108,1709771264.8759458,1709771264.8759522
109,1709771264.988332,1709771264.9883394
110,1709771265.0787451,1709771265.078752
111,1709771265.1782022,1709771265.1782064
112,1709771265.2795212,1709771265.279528
113,1709771265.377071,1709771265.377078
114,1709771265.4836547,1709771265.4836628
115,1709771265.575318,1709771265.5753257
116,1709771265.6763177,1709771265.6763244
117,1709771265.7766588,1709771265.776665
118,1709771265.8826413,1709771265.882647
119,1709771265.9825668,1709771265.9825737
120,1709771266.0830078,1709771266.0830152
121,1709771266.1826642,1709771266.1826706
122,1709771266.2866654,1709771266.2866719
123,1709771266.3866215,1709771266.3866284
124,1709771266.4836285,1709771266.4836376
125,1709771266.5757298,1709771266.5757365
126,1709771266.6773386,1709771266.6773465
127,1709771266.7747777,1709771266.774803
128,1709771266.8757465,1709771266.8757534
129,1709771266.9876316,1709771266.9876382
130,1709771267.0751116,1709771267.0751178
131,1709771267.1757088,1709771267.175715
132,1709771267.2839298,1709771267.2839372
133,1709771267.380902,1709771267.3809109
134,1709771267.4968295,1709771267.4968362
135,1709771267.5895202,1709771267.5895247
136,1709771267.6782937,1709771267.6783004
137,1709771267.7892144,1709771267.7892208
138,1709771267.880305,1709771267.8803115
139,1709771267.9870038,1709771267.9870114
140,1709771268.0875516,1709771268.087559
141,1709771268.176357,1709771268.176363
142,1709771268.278708,1709771268.278715
143,1709771268.377833,1709771268.377843
144,1709771268.4806275,1709771268.4806345
145,1709771268.578154,1709771268.5781617
146,1709771268.6807334,1709771268.680741
147,1709771268.7801213,1709771268.7801259
148,1709771268.888865,1709771268.8888717
149,1709771268.9812422,1709771268.98125
150,1709771269.086541,1709771269.0865483
151,1709771269.1866338,1709771269.1866426
152,1709771269.2791781,1709771269.2791843
153,1709771269.379967,1709771269.379973
154,1709771269.475031,1709771269.4750361
155,1709771269.5811372,1709771269.5811439
156,1709771269.6753051,1709771269.6753128
157,1709771269.7754943,1709771269.775501
158,1709771269.9068935,1709771269.9069
159,1709771269.9785542,1709771269.9785602
160,1709771270.088177,1709771270.0881834
161,1709771270.1780515,1709771270.1780558
162,1709771270.2880924,1709771270.2880986
163,1709771270.3771174,1709771270.377123
164,1709771270.4799821,1709771270.4799886
165,1709771270.5757027,1709771270.5757074
166,1709771270.6785452,1709771270.6785524
167,1709771270.776777,1709771270.7767828
168,1709771270.8824892,1709771270.882496
169,1709771270.9757857,1709771270.9757917
170,1709771271.084103,1709771271.0841067
171,1709771271.1803207,1709771271.1803272
172,1709771271.2807524,1709771271.2807596
173,1709771271.3771396,1709771271.3771472
174,1709771271.4794574,1709771271.4794624
175,1709771271.5832174,1709771271.583229
176,1709771271.6764877,1709771271.6764944
177,1709771271.9751909,1709771271.9751983
178,1709771271.9908469,1709771271.9908533
179,1709771272.091766,1709771272.091772
180,1709771272.1869092,1709771272.1869159
181,1709771272.2753959,1709771272.2754018
182,1709771272.3782365,1709771272.3782425
183,1709771272.478851,1709771272.4788573
184,1709771272.5801764,1709771272.580183
185,1709771272.6923034,1709771272.6923103
186,1709771272.7822454,1709771272.7822516
187,1709771272.8819356,1709771272.8819423
188,1709771272.9805026,1709771272.9805086
189,1709771273.0812266,1709771273.0812345
190,1709771273.1810899,1709771273.1811569
191,1709771273.2765179,1709771273.2765787
192,1709771273.3752837,1709771273.375375
193,1709771273.4860387,1709771273.48613
194,1709771273.580865,1709771273.580943
195,1709771273.6790075,1709771273.6790988
196,1709771273.7804208,1709771273.7805138
197,1709771273.8774471,1709771273.8775332
198,1709771273.9791627,1709771273.9794672
199,1709771274.0780754,1709771274.0781257
200,1709771274.176126,1709771274.1762066
201,1709771274.2804587,1709771274.2805767
202,1709771274.3778167,1709771274.377884
203,1709771274.4858136,1709771274.4858618
204,1709771274.5839047,1709771274.5839772
205,1709771274.6797514,1709771274.6798017
206,1709771274.7748094,1709771274.7748544
207,1709771274.8765662,1709771274.8766253
208,1709771274.9766264,1709771274.9767137
209,1709771275.0762918,1709771275.0763705
210,1709771275.1829376,1709771275.1829925
211,1709771275.2754037,1709771275.2754538
212,1709771275.3793983,1709771275.3794494
213,1709771275.475043,1709771275.475087
214,1709771275.5778577,1709771275.577936
215,1709771275.6748977,1709771275.6749725
216,1709771275.7778783,1709771275.777928
217,1709771275.876083,1709771275.8761332
218,1709771275.9810417,1709771275.9810944
219,1709771276.0747147,1709771276.0747645
220,1709771276.17733,1709771276.1773822
221,1709771276.2799227,1709771276.2800024
222,1709771276.3865848,1709771276.3866374
223,1709771276.4749205,1709771276.4750037
224,1709771276.5807,1709771276.5808039
225,1709771276.6774187,1709771276.6774657
226,1709771276.780497,1709771276.7805774
227,1709771276.8754277,1709771276.8755193
228,1709771276.976872,1709771276.9769478
229,1709771277.0766983,1709771277.0767846
230,1709771277.1795278,1709771277.179812
231,1709771277.2750459,1709771277.2751324
232,1709771277.3790085,1709771277.3790774
233,1709771277.4786575,1709771277.4787338
234,1709771277.5816634,1709771277.581714
235,1709771277.6803885,1709771277.6804752
236,1709771277.7830336,1709771277.783086
237,1709771277.8772671,1709771277.8773193
238,1709771277.975303,1709771277.9753482
239,1709771278.0783503,1709771278.0784018
240,1709771278.1937914,1709771278.1938832
241,1709771278.2805376,1709771278.2805753
242,1709771278.377551,1709771278.3775988
243,1709771278.4776785,1709771278.477731
244,1709771278.580908,1709771278.5809617
245,1709771278.6776843,1709771278.6777399
246,1709771278.7767954,1709771278.776878
247,1709771278.8747516,1709771278.8748548
248,1709771278.9773095,1709771278.977359
249,1709771279.0775645,1709771279.0776498
250,1709771279.1807775,1709771279.1808724
251,1709771279.2899358,1709771279.2900317
252,1709771279.3752441,1709771279.3753297
253,1709771279.4828947,1709771279.4831898
254,1709771279.5833638,1709771279.5834615
255,1709771279.6814783,1709771279.6815705
256,1709771279.776795,1709771279.7768738
257,1709771279.8796818,1709771279.879753
258,1709771279.976987,1709771279.9770768
259,1709771280.0752633,1709771280.0753102
260,1709771280.1804976,1709771280.1805782
261,1709771280.2783716,1709771280.2784643
262,1709771280.378223,1709771280.3783019
263,1709771280.481122,1709771280.4812045
264,1709771280.5803773,1709771280.5804489
265,1709771280.675142,1709771280.6751893
266,1709771280.781423,1709771280.781476
267,1709771280.8756173,1709771280.8756654
268,1709771280.975295,1709771280.975395
269,1709771281.0802274,1709771281.0803068
270,1709771281.1786687,1709771281.1787121
271,1709771281.2795067,1709771281.279586
272,1709771281.3786197,1709771281.3786983
273,1709771281.4782023,1709771281.4782507
274,1709771281.5761075,1709771281.5761826
275,1709771281.6764078,1709771281.6764584
276,1709771281.7889524,1709771281.789007
277,1709771281.8784404,1709771281.8785148
278,1709771281.9794145,1709771281.9794576
279,1709771282.0792587,1709771282.079311
280,1709771282.1815972,1709771282.1816783
281,1709771282.2795453,1709771282.2795887
282,1709771282.3782725,1709771282.3783212
283,1709771282.474669,1709771282.47475
284,1709771282.5778847,1709771282.577934
285,1709771282.6750226,1709771282.6751015
286,1709771282.784383,1709771282.7844582
287,1709771282.8748426,1709771282.874899
288,1709771282.9814632,1709771282.9815269
289,1709771283.0932736,1709771283.0933366
290,1709771283.1829453,1709771283.183007
291,1709771283.2838817,1709771283.2839432
292,1709771283.3751733,1709771283.3752592
293,1709771283.476769,1709771283.476815
294,1709771283.5752501,1709771283.5753076
295,1709771283.6762393,1709771283.676303
296,1709771283.7771924,1709771283.7772577
297,1709771283.9034297,1709771283.9034932
298,1709771283.9778073,1709771283.977863
299,1709771284.0793002,1709771284.0793586
300,1709771284.1778,1709771284.177893
301,1709771284.276447,1709771284.2764902
302,1709771284.387699,1709771284.3877516
303,1709771284.4775918,1709771284.4776347
304,1709771284.5749986,1709771284.5750458
305,1709771284.6753008,1709771284.6753721
306,1709771284.7843075,1709771284.784368
307,1709771284.8783352,1709771284.8783805
308,1709771284.9776595,1709771284.9777737
309,1709771285.0747461,1709771285.0799918
310,1709771285.1749237,1709771285.1749866
311,1709771285.2790504,1709771285.2791052
312,1709771285.3806064,1709771285.3806589
313,1709771285.4787257,1709771285.4788103
314,1709771285.5790331,1709771285.5790863
315,1709771285.6756809,1709771285.6757355
316,1709771285.7778685,1709771285.777955
317,1709771285.8790226,1709771285.8790295
318,1709771285.9759324,1709771285.9759395
319,1709771286.07516,1709771286.0751693
320,1709771286.176038,1709771286.1760454
321,1709771286.2755811,1709771286.2755883
322,1709771286.3842556,1709771286.3842647
323,1709771286.4748309,1709771286.4748378
324,1709771286.5773733,1709771286.57738
325,1709771286.677705,1709771286.6777124
326,1709771286.7750359,1709771286.7750425
327,1709771286.8769908,1709771286.8769984
328,1709771286.9773283,1709771286.9773347
329,1709771287.0767925,1709771287.0767987
330,1709771287.1971986,1709771287.197205
331,1709771287.2793756,1709771287.2793825
332,1709771287.3856635,1709771287.385673
333,1709771287.4750848,1709771287.4750922
334,1709771287.5767446,1709771287.5767539
335,1709771287.6771185,1709771287.677126
336,1709771287.7779276,1709771287.7779346
337,1709771287.8771179,1709771287.8771238
338,1709771287.9818196,1709771287.9852808
339,1709771288.0795329,1709771288.0827184
340,1709771288.175028,1709771288.17959
341,1709771288.2850673,1709771288.2850914
342,1709771288.3750312,1709771288.3750536
343,1709771288.476867,1709771288.476887
344,1709771288.5812838,1709771288.586274
345,1709771288.6773999,1709771288.6805634
346,1709771288.7839246,1709771288.7871175
347,1709771288.881444,1709771288.8814657
348,1709771288.975058,1709771288.9750743
349,1709771289.0888953,1709771289.088919
350,1709771289.17877,1709771289.1825645
351,1709771289.2769942,1709771289.2788682
352,1709771289.3776612,1709771289.3807287
353,1709771289.482997,1709771289.4861033
354,1709771289.5772417,1709771289.580706
355,1709771289.6774807,1709771289.6797516
356,1709771289.7792943,1709771289.7821383
357,1709771289.8777783,1709771289.8802266
358,1709771289.9775057,1709771289.980263
359,1709771290.0796611,1709771290.0824766
360,1709771290.1765718,1709771290.179965
361,1709771290.2803738,1709771290.2835813
362,1709771290.3777604,1709771290.380928
363,1709771290.4858963,1709771290.4880092
364,1709771290.575455,1709771290.5782616
365,1709771290.681045,1709771290.6843216
366,1709771290.7780824,1709771290.781598
367,1709771290.8756762,1709771290.8787355
368,1709771291.0015745,1709771291.0044708
369,1709771291.0769496,1709771291.0799794
370,1709771291.1764224,1709771291.1795347
371,1709771291.2811787,1709771291.2842689
372,1709771291.3763576,1709771291.3793256
373,1709771291.4769607,1709771291.4799035
374,1709771291.598615,1709771291.60166
375,1709771291.6787167,1709771291.6822524
376,1709771291.7755296,1709771291.7783806
377,1709771291.8782637,1709771291.8810852
378,1709771291.9778967,1709771291.9808445
379,1709771292.0778294,1709771292.0806918
380,1709771292.18202,1709771292.185824
381,1709771292.2752779,1709771292.277882
382,1709771292.3765001,1709771292.3805587
383,1709771292.480416,1709771292.4835012
384,1709771292.5753386,1709771292.5800998
385,1709771292.6757834,1709771292.6785433
386,1709771292.7760575,1709771292.7784157
387,1709771292.875275,1709771292.8773093
388,1709771292.9777634,1709771292.9777694
389,1709771293.079019,1709771293.0790246
390,1709771293.1780107,1709771293.1780171
391,1709771293.2773757,1709771293.2773807
392,1709771293.381036,1709771293.3810427
393,1709771293.4753044,1709771293.4753106
394,1709771293.5758193,1709771293.5758262
395,1709771293.6784725,1709771293.6784801
396,1709771293.7756224,1709771293.7756293
397,1709771293.878541,1709771293.8785477
398,1709771293.9810832,1709771293.9810898
399,1709771294.0752528,1709771294.07526
400,1709771294.1786692,1709771294.178676
401,1709771294.2806137,1709771294.280621
402,1709771294.3754678,1709771294.375474
403,1709771294.4754379,1709771294.4754417
404,1709771294.5833127,1709771294.5833197
405,1709771294.676838,1709771294.676844
406,1709771294.7757375,1709771294.775744
407,1709771294.8795822,1709771294.8795886
408,1709771294.9761217,1709771294.976128
409,1709771295.0753882,1709771295.0753946
410,1709771295.1821666,1709771295.1821752
411,1709771295.2767758,1709771295.2767823
412,1709771295.3842335,1709771295.3842402
413,1709771295.4862025,1709771295.4862106
414,1709771295.5780482,1709771295.578054
415,1709771295.6754253,1709771295.6754317
416,1709771295.7762673,1709771295.7762733
417,1709771295.8807173,1709771295.880724
418,1709771295.9754405,1709771295.9754462
419,1709771296.0752635,1709771296.0752683
420,1709771296.176743,1709771296.1767495
421,1709771296.2768104,1709771296.2768204
422,1709771296.3752172,1709771296.3752236
423,1709771296.481943,1709771296.4819467
424,1709771296.5828218,1709771296.582826
425,1709771296.6757193,1709771296.675725
426,1709771296.7767656,1709771296.7767723
427,1709771296.875692,1709771296.875731
428,1709771296.9763575,1709771296.9763644
429,1709771297.0755262,1709771297.0755332
430,1709771297.1799517,1709771297.1799572
431,1709771297.2768948,1709771297.2769003
432,1709771297.375844,1709771297.3758497
433,1709771297.4752095,1709771297.4752162
434,1709771297.5783906,1709771297.5783956
435,1709771297.675536,1709771297.6755428
436,1709771297.7772884,1709771297.777294
437,1709771297.8804064,1709771297.880412
438,1709771297.979061,1709771297.9790673
439,1709771298.078743,1709771298.0787492
440,1709771298.1752286,1709771298.175235
441,1709771298.2762573,1709771298.2762647
442,1709771298.374689,1709771298.3746927
443,1709771298.476388,1709771298.4763942
444,1709771298.5747721,1709771298.5747764
445,1709771298.6830943,1709771298.683099
446,1709771298.7804246,1709771298.7804298
447,1709771298.875733,1709771298.8757386
448,1709771298.975667,1709771298.9756722
449,1709771299.0957022,1709771299.0957088
450,1709771299.176957,1709771299.1769636
451,1709771299.2759786,1709771299.2759826
452,1709771299.375154,1709771299.3751597
453,1709771299.4758894,1709771299.4758964
454,1709771299.5776517,1709771299.5776582
455,1709771299.675392,1709771299.6753972
456,1709771299.776131,1709771299.776138
457,1709771299.8765063,1709771299.8765106
458,1709771299.974668,1709771299.974672
459,1709771300.0772114,1709771300.0772185
460,1709771300.1799076,1709771300.1799135
461,1709771300.276618,1709771300.2766216
462,1709771300.376769,1709771300.376773
463,1709771300.4754345,1709771300.4754412
464,1709771300.5764563,1709771300.576462
465,1709771300.6758628,1709771300.6758702
466,1709771300.778883,1709771300.7788892
467,1709771300.8798451,1709771300.8798504
468,1709771300.9806404,1709771300.9806468
469,1709771301.0772405,1709771301.0799532
470,1709771301.1749945,1709771301.1770756
471,1709771301.2750895,1709771301.278305
472,1709771301.3750992,1709771301.3778174
473,1709771301.4750137,1709771301.4788456
474,1709771301.5764797,1709771301.5791478
475,1709771301.675312,1709771301.6779313
476,1709771301.775425,1709771301.7785265
477,1709771301.876606,1709771301.878426
478,1709771301.975526,1709771301.9787607
479,1709771302.0750027,1709771302.0769494
480,1709771302.1751027,1709771302.1776366
481,1709771302.2748613,1709771302.277623
482,1709771302.379015,1709771302.3820257
483,1709771302.4767308,1709771302.4792204
484,1709771302.575322,1709771302.5773454
485,1709771302.6757455,1709771302.6785042
486,1709771302.7762651,1709771302.7794306
487,1709771302.877893,1709771302.8807728
488,1709771302.9766111,1709771302.9790878
489,1709771303.0769067,1709771303.0795205
490,1709771303.1749902,1709771303.1777465
491,1709771303.2764645,1709771303.2783718
492,1709771303.3762183,1709771303.3783479
493,1709771303.4749703,1709771303.4777045
494,1709771303.5760102,1709771303.5780816
495,1709771303.6765583,1709771303.6788373
496,1709771303.7747796,1709771303.7775176
497,1709771303.8768117,1709771303.8792877
498,1709771303.976815,1709771303.9785924
499,1709771304.075442,1709771304.0781584
500,1709771304.1750686,1709771304.1780133
501,1709771304.2756283,1709771304.2785404
502,1709771304.3768365,1709771304.380101
503,1709771304.475716,1709771304.478542
504,1709771304.5763931,1709771304.5792747
505,1709771304.6756687,1709771304.68467
506,1709771304.7756732,1709771304.7789333
507,1709771304.875562,1709771304.8787017
508,1709771304.9774036,1709771304.9805114
509,1709771305.0760102,1709771305.079087
510,1709771305.1759536,1709771305.178658
511,1709771305.27602,1709771305.278875
512,1709771305.3751755,1709771305.3800595
513,1709771305.4756992,1709771305.4775443
514,1709771305.5752337,1709771305.5773776
515,1709771305.680285,1709771305.682796
516,1709771305.775551,1709771305.777855
517,1709771305.8752341,1709771305.8777297
518,1709771305.9758997,1709771305.9784744
519,1709771306.0753403,1709771306.0781386
520,1709771306.1983252,1709771306.2003255
521,1709771306.276925,1709771306.279127
522,1709771306.3753667,1709771306.377353
523,1709771306.4763644,1709771306.4789631
524,1709771306.575877,1709771306.5786035
525,1709771306.676946,1709771306.6796215
526,1709771306.776284,1709771306.7792957
527,1709771306.8784413,1709771306.8811736
528,1709771306.9754622,1709771306.9773746
529,1709771307.0752947,1709771307.0780084
530,1709771307.1769435,1709771307.1790864
531,1709771307.2829561,1709771307.285611
532,1709771307.381954,1709771307.3848414
533,1709771307.4768484,1709771307.4795847
534,1709771307.5754144,1709771307.57796
535,1709771307.6781063,1709771307.6804218
536,1709771307.7843983,1709771307.787277
537,1709771307.8825216,1709771307.8844457
538,1709771307.975812,1709771307.9776466
539,1709771308.0797458,1709771308.082638
540,1709771308.2012463,1709771308.2012527
541,1709771308.2802022,1709771308.2802064
542,1709771308.3824074,1709771308.382414
543,1709771308.4815333,1709771308.4815397
544,1709771308.5800788,1709771308.5800843
545,1709771308.6753166,1709771308.6753216
546,1709771308.7754498,1709771308.775456
547,1709771308.8832047,1709771308.88321
548,1709771308.981278,1709771308.9812841
549,1709771309.0785096,1709771309.078524
550,1709771309.1778855,1709771309.1778908
551,1709771309.2755804,1709771309.2755857
552,1709771309.3800342,1709771309.3800402
553,1709771309.4766614,1709771309.4766676
554,1709771309.5790882,1709771309.5790937
555,1709771309.678533,1709771309.6785398
556,1709771309.775673,1709771309.7756789
557,1709771309.878333,1709771309.8783374
558,1709771309.975804,1709771309.9758096
559,1709771310.0754642,1709771310.0754704
560,1709771310.1788855,1709771310.178893
561,1709771310.2761586,1709771310.2761655
562,1709771310.3753977,1709771310.3754032
563,1709771310.479731,1709771310.4797354
564,1709771310.5803452,1709771310.5803506
565,1709771310.6834872,1709771310.6834955
566,1709771310.7808108,1709771310.7808168
567,1709771310.88233,1709771310.882335
568,1709771310.9758406,1709771310.9758453
569,1709771311.0843499,1709771311.0843558
570,1709771311.1841173,1709771311.1841233
571,1709771311.2750134,1709771311.2750204
572,1709771311.382999,1709771311.3830044
573,1709771311.4799097,1709771311.479916
574,1709771311.5779965,1709771311.578002
575,1709771311.6757164,1709771311.6757221
576,1709771311.7762864,1709771311.7762947
577,1709771311.88128,1709771311.881284
578,1709771311.9801557,1709771311.980162
579,1709771312.0865264,1709771312.0865324
580,1709771312.1773767,1709771312.1773806
581,1709771312.276229,1709771312.276235
582,1709771312.3805714,1709771312.3805773
583,1709771312.482819,1709771312.4828238
584,1709771312.58388,1709771312.5838852
585,1709771312.6809855,1709771312.680991
586,1709771312.7777972,1709771312.7778022
587,1709771312.8794432,1709771312.8794491
588,1709771312.9814095,1709771312.9814148
589,1709771313.082733,1709771313.0827384
590,1709771313.1774354,1709771313.1774414
591,1709771313.3091447,1709771313.3091507
592,1709771313.3841734,1709771313.3841798
593,1709771313.476739,1709771313.4767442
594,1709771313.5830994,1709771313.583105
595,1709771313.6832364,1709771313.6832423
596,1709771313.7756016,1709771313.7756073
597,1709771313.8792272,1709771313.8792336
598,1709771313.978814,1709771313.97882
599,1709771314.0754433,1709771314.0754483
600,1709771314.1798992,1709771314.1799047
601,1709771314.2831757,1709771314.2831814
602,1709771314.3753355,1709771314.3753424
603,1709771314.4819572,1709771314.481964
604,1709771314.5750108,1709771314.575015
605,1709771314.6796606,1709771314.6796644
606,1709771314.7788186,1709771314.7788243
607,1709771314.88149,1709771314.8814967
608,1709771314.9765244,1709771314.9765298
609,1709771315.0788069,1709771315.0788126
610,1709771315.179535,1709771315.1795413
611,1709771315.2794561,1709771315.279462
612,1709771315.3774893,1709771315.3774946
613,1709771315.4823754,1709771315.4823818
614,1709771315.580747,1709771315.5807526
615,1709771315.6793895,1709771315.6793954
616,1709771315.7817738,1709771315.7817786
617,1709771315.8791726,1709771315.879179
618,1709771315.985191,1709771315.9851968
619,1709771316.0873587,1709771316.087366
620,1709771316.179404,1709771316.17941
621,1709771316.2795348,1709771316.2795405
622,1709771316.379789,1709771316.3797953
623,1709771316.4795554,1709771316.4795594
624,1709771316.575149,1709771316.575156
625,1709771316.677962,1709771316.677969
626,1709771316.7828326,1709771316.7828383
627,1709771316.875007,1709771316.8750114
628,1709771316.9853497,1709771316.9853559
629,1709771317.0757287,1709771317.075735
630,1709771317.1814694,1709771317.181475
631,1709771317.27884,1709771317.2788467
632,1709771317.3801696,1709771317.3801763
633,1709771317.4797404,1709771317.479748
634,1709771317.5842216,1709771317.584226
635,1709771317.683381,1709771317.6833866
636,1709771317.7761333,1709771317.776139
637,1709771317.881526,1709771317.8815324
638,1709771317.982034,1709771317.9820414
639,1709771318.079651,1709771318.0796578
640,1709771318.1793728,1709771318.1793776
641,1709771318.2767897,1709771318.2767956
642,1709771318.383808,1709771318.3838148
643,1709771318.4780564,1709771318.47806
644,1709771318.5835986,1709771318.5836031
645,1709771318.67915,1709771318.6791568
646,1709771318.7755554,1709771318.7755628
647,1709771318.8808024,1709771318.8808086
648,1709771318.9755173,1709771318.975525
649,1709771319.078958,1709771319.0789633
650,1709771319.1815238,1709771319.1815295
651,1709771319.2824612,1709771319.2824657
652,1709771319.380319,1709771319.3803246
653,1709771319.5043955,1709771319.504402
654,1709771319.5801616,1709771319.5801675
655,1709771319.6797607,1709771319.679767
656,1709771319.775758,1709771319.7757645
657,1709771319.876961,1709771319.8769677
658,1709771319.976651,1709771319.9766567
659,1709771320.07757,1709771320.0775762
660,1709771320.1809275,1709771320.1809337
661,1709771320.2775917,1709771320.2775965
662,1709771320.4092374,1709771320.409243
663,1709771320.474971,1709771320.474977
664,1709771320.5818193,1709771320.5818253
665,1709771320.6785033,1709771320.6785088
666,1709771320.7827425,1709771320.782747
667,1709771320.8818476,1709771320.881854
668,1709771320.9768913,1709771320.9768972
669,1709771321.082497,1709771321.0825021
670,1709771321.1827168,1709771321.1827226
671,1709771321.2770343,1709771321.2770414
672,1709771321.381863,1709771321.3818688
673,1709771321.475676,1709771321.475682
674,1709771321.5753396,1709771321.575346
675,1709771321.6754687,1709771321.6754742
676,1709771321.7858007,1709771321.7858083
677,1709771321.8778403,1709771321.8778448
678,1709771321.982874,1709771321.9828818
679,1709771322.078401,1709771322.0784059
680,1709771322.1749573,1709771322.1749623
681,1709771322.2755952,1709771322.2756023
682,1709771322.3853085,1709771322.3883066
683,1709771322.480274,1709771322.483639
684,1709771322.5808632,1709771322.5840006
685,1709771322.6751814,1709771322.6777399
686,1709771322.7756891,1709771322.7780442
687,1709771322.879414,1709771322.8815198
688,1709771322.975399,1709771322.9782355
689,1709771323.082182,1709771323.0845332
690,1709771323.1758559,1709771323.1785495
691,1709771323.2826295,1709771323.2859645
692,1709771323.3795633,1709771323.3824253
693,1709771323.4788957,1709771323.4818957
694,1709771323.5801885,1709771323.5834596
695,1709771323.6776845,1709771323.6804647
696,1709771323.7820706,1709771323.7853029
697,1709771323.875831,1709771323.8786101
698,1709771323.9837456,1709771323.989414
699,1709771324.084997,1709771324.089384
700,1709771324.182651,1709771324.1860888
701,1709771324.2855086,1709771324.288595
702,1709771324.381911,1709771324.3853397
703,1709771324.4788675,1709771324.4842737
704,1709771324.5845194,1709771324.5885189
705,1709771324.6820796,1709771324.6845055
706,1709771324.7851543,1709771324.787992
707,1709771324.8770113,1709771324.8797414
708,1709771324.9778306,1709771324.981261
709,1709771325.0813844,1709771325.0843806
710,1709771325.1841216,1709771325.1879275
711,1709771325.2817674,1709771325.2849374
712,1709771325.3831346,1709771325.3860307
713,1709771325.4802418,1709771325.484244
714,1709771325.9417021,1709771325.941713
715,1709771325.9529865,1709771325.9529934
716,1709771325.9832745,1709771325.9832823
717,1709771326.0847597,1709771326.0847657
718,1709771326.181678,1709771326.1816823
719,1709771326.2841904,1709771326.2842014
720,1709771326.384481,1709771326.384487
721,1709771326.4780176,1709771326.4780247
722,1709771326.5755088,1709771326.5755131
723,1709771326.6754568,1709771326.675463
724,1709771326.7752943,1709771326.7753005
725,1709771326.8753054,1709771326.8753095
726,1709771326.9756222,1709771326.975629
727,1709771327.0766032,1709771327.0766094
728,1709771327.1764402,1709771327.1764452
729,1709771327.2861097,1709771327.2861187
730,1709771327.375558,1709771327.3755643
731,1709771327.5073328,1709771327.5073369
732,1709771327.5754335,1709771327.5754385
733,1709771327.680202,1709771327.6802058
734,1709771327.7751815,1709771327.775189
735,1709771327.8755655,1709771327.8755722
736,1709771327.976334,1709771327.97634
737,1709771328.0771344,1709771328.077141
738,1709771328.1794791,1709771328.1794863
739,1709771328.2762263,1709771328.2762325
740,1709771328.3823202,1709771328.382329
741,1709771328.481925,1709771328.4819329
742,1709771328.585843,1709771328.5858495
743,1709771328.6818552,1709771328.6818602
744,1709771328.7876008,1709771328.787608
745,1709771328.876988,1709771328.8769956
746,1709771328.9784784,1709771328.978486
747,1709771329.0796967,1709771329.079703
748,1709771329.180464,1709771329.1804707
749,1709771329.2807674,1709771329.280778
750,1709771329.386414,1709771329.3864207
751,1709771329.4862037,1709771329.48621
752,1709771329.5848963,1709771329.5849032
753,1709771329.6763942,1709771329.6764002
754,1709771329.7781699,1709771329.7781763
755,1709771329.8756144,1709771329.87562
756,1709771329.978076,1709771329.9780824
757,1709771330.0833821,1709771330.083389
758,1709771330.1808777,1709771330.1808817
759,1709771330.2761378,1709771330.2761438
760,1709771330.382416,1709771330.3824236
761,1709771330.475773,1709771330.475778
762,1709771330.5798318,1709771330.579838
763,1709771330.683844,1709771330.6838486
764,1709771330.7808533,1709771330.7808573
765,1709771330.8776195,1709771330.877625
766,1709771330.9794354,1709771330.9794414
767,1709771331.0758145,1709771331.075818
768,1709771331.175853,1709771331.1758592
769,1709771331.287299,1709771331.287305
770,1709771331.3793154,1709771331.3793216
771,1709771331.4794207,1709771331.479427
772,1709771331.5816448,1709771331.5816522
773,1709771331.6785817,1709771331.678586
774,1709771331.7817352,1709771331.7817419
775,1709771331.8815384,1709771331.8815446
776,1709771331.98149,1709771331.9814959
777,1709771332.0826015,1709771332.0826075
778,1709771332.179842,1709771332.1798482
779,1709771332.2758029,1709771332.2758102
780,1709771332.3837674,1709771332.383773
781,1709771332.4841886,1709771332.4841928
782,1709771332.5784113,1709771332.578419
783,1709771332.677081,1709771332.677086
784,1709771332.7850542,1709771332.7850604
785,1709771332.8761575,1709771332.8761644
786,1709771332.975839,1709771332.9758458
787,1709771333.0775836,1709771333.0775912
788,1709771333.1792982,1709771333.1793044
789,1709771333.280121,1709771333.2801282
790,1709771333.3843913,1709771333.3843977
791,1709771333.4815178,1709771333.481524
792,1709771333.5814588,1709771333.5814648
793,1709771333.6787071,1709771333.6787128
794,1709771333.7781262,1709771333.7781324
795,1709771333.8801033,1709771333.8801093
796,1709771333.9753554,1709771333.9753616
797,1709771334.0757685,1709771334.0757759
798,1709771334.1783357,1709771334.178342
799,1709771334.2790642,1709771334.2790701
800,1709771334.380674,1709771334.38068
801,1709771334.4783583,1709771334.478364
802,1709771334.5801418,1709771334.5801456
803,1709771334.6805873,1709771334.6805935
804,1709771334.7767134,1709771334.776719
805,1709771334.8850565,1709771334.8850627
806,1709771334.9800847,1709771334.9800906
807,1709771335.080054,1709771335.080058
808,1709771335.1829238,1709771335.1829298
809,1709771335.2756975,1709771335.275703
810,1709771335.3813326,1709771335.3813372
811,1709771335.4754598,1709771335.4754663
812,1709771335.5798137,1709771335.579819
813,1709771335.6779294,1709771335.6779332
814,1709771335.7842765,1709771335.7842822
815,1709771335.877941,1709771335.8779466
816,1709771335.9807534,1709771335.9807577
817,1709771336.0785172,1709771336.0785222
818,1709771336.17537,1709771336.1753747
819,1709771336.2797863,1709771336.279792
820,1709771336.3756945,1709771336.3757014
821,1709771336.4758494,1709771336.4758556
822,1709771336.584549,1709771336.584554
823,1709771336.677734,1709771336.6777387
824,1709771336.7765944,1709771336.776601
825,1709771336.8758657,1709771336.8758712
826,1709771336.9823806,1709771336.9823852
827,1709771337.0853014,1709771337.085308
828,1709771337.1770918,1709771337.1770978
829,1709771337.275076,1709771337.2750804
830,1709771337.3755994,1709771337.3756063
831,1709771337.5079606,1709771337.5079672
832,1709771337.5811934,1709771337.5811992
833,1709771337.6751041,1709771337.6751103
834,1709771337.7756662,1709771337.7756724
835,1709771337.8806407,1709771337.8806474
836,1709771337.9782739,1709771337.9782782
837,1709771338.075212,1709771338.075218
838,1709771338.1859303,1709771338.1859376
839,1709771338.2844968,1709771338.2845032
840,1709771338.3807147,1709771338.3807209
841,1709771338.4802816,1709771338.4802878
842,1709771338.5865405,1709771338.5865483
843,1709771338.679956,1709771338.679962
844,1709771338.7757525,1709771338.7757578
845,1709771338.8789432,1709771338.8789499
846,1709771338.9791336,1709771338.9791424
847,1709771339.0761206,1709771339.0761266
848,1709771339.1839218,1709771339.1839294
849,1709771339.2755167,1709771339.275522
850,1709771339.3754652,1709771339.3754709
851,1709771339.4782386,1709771339.478245
852,1709771339.5792685,1709771339.579273
853,1709771339.6784065,1709771339.6784132
854,1709771339.7835753,1709771339.7835822
855,1709771339.885556,1709771339.8855636
856,1709771339.9834008,1709771339.9834063
857,1709771340.0842552,1709771340.0842617
858,1709771340.1841662,1709771340.1841724
859,1709771340.2754037,1709771340.2754097
860,1709771340.3811738,1709771340.3811784
861,1709771340.4816282,1709771340.481635
862,1709771340.5807388,1709771340.580743
863,1709771340.67963,1709771340.6796343
864,1709771340.7760894,1709771340.7760975
865,1709771340.8750393,1709771340.8750453
866,1709771340.9762053,1709771340.9762115
867,1709771341.0754766,1709771341.0754824
868,1709771341.175954,1709771341.17596
869,1709771341.278726,1709771341.2787318
870,1709771341.3820744,1709771341.3820815
871,1709771341.4760191,1709771341.476026
872,1709771341.5757368,1709771341.5757432
873,1709771341.6779172,1709771341.6779687
874,1709771341.7783415,1709771341.7783465
875,1709771341.884708,1709771341.884714
876,1709771341.9881306,1709771341.9881368
877,1709771342.0796082,1709771342.0796158
878,1709771342.176994,1709771342.1770012
879,1709771342.2784245,1709771342.2784314
880,1709771342.3766432,1709771342.376649
881,1709771342.476168,1709771342.4761732
882,1709771342.5764616,1709771342.5764673
883,1709771342.674996,1709771342.675003
884,1709771342.7768886,1709771342.7768927
885,1709771342.8780868,1709771342.8780942
886,1709771342.978397,1709771342.9784014
887,1709771343.0749512,1709771343.0749578
888,1709771343.1856468,1709771343.1856525
889,1709771343.2856066,1709771343.2856135
890,1709771343.3806362,1709771343.3806431
891,1709771343.4809222,1709771343.4809282
892,1709771343.5830927,1709771343.583103
893,1709771343.6757898,1709771343.6757946
894,1709771343.781983,1709771343.7819889
895,1709771343.881831,1709771343.8818376
896,1709771343.9756749,1709771343.9756813
897,1709771344.0808718,1709771344.0808775
898,1709771344.180105,1709771344.180117
899,1709771344.2859702,1709771344.2859762
900,1709771344.3862243,1709771344.386232
901,1709771344.5098197,1709771344.5098243
902,1709771344.5974085,1709771344.5974154
903,1709771344.6844196,1709771344.684425
904,1709771344.785133,1709771344.7851863
905,1709771344.887643,1709771344.8876843
906,1709771344.9886072,1709771344.9886687
907,1709771345.088783,1709771345.0888352
908,1709771345.1829176,1709771345.182967
909,1709771345.2884636,1709771345.2885048
910,1709771345.3825054,1709771345.3825452
911,1709771345.4874272,1709771345.4874895
912,1709771345.5909808,1709771345.591035
913,1709771345.677652,1709771345.6777081
914,1709771345.7850187,1709771345.7850819
915,1709771345.8870425,1709771345.887147
916,1709771345.9865203,1709771345.9865808
917,1709771346.0846777,1709771346.0847268
918,1709771346.1868253,1709771346.1868777
919,1709771346.2816663,1709771346.2817488
920,1709771346.3773923,1709771346.3774476
921,1709771346.478509,1709771346.4785576
922,1709771346.5830948,1709771346.5831375
923,1709771346.6763487,1709771346.6764178
924,1709771346.7807236,1709771346.7807841
925,1709771346.887108,1709771346.8871467
926,1709771346.9796338,1709771346.979685
927,1709771347.0768828,1709771347.076955
928,1709771347.1843774,1709771347.1844273
929,1709771347.2812757,1709771347.2813249
930,1709771347.3800106,1709771347.3800917
931,1709771347.4954314,1709771347.4954793
932,1709771347.5916023,1709771347.5916839
933,1709771347.6787755,1709771347.6788738
934,1709771347.7894053,1709771347.789454
935,1709771347.882569,1709771347.8826458
936,1709771347.993549,1709771347.9936385
937,1709771348.0784843,1709771348.0785184
938,1709771348.1884634,1709771348.188505
939,1709771348.2789488,1709771348.279002
940,1709771348.3783195,1709771348.3784084
941,1709771348.492218,1709771348.4922936
942,1709771348.5812204,1709771348.5812724
943,1709771348.678842,1709771348.6788805
944,1709771348.7861907,1709771348.7862287
945,1709771348.8944187,1709771348.894507
946,1709771348.98861,1709771348.9886878
947,1709771349.090276,1709771349.090393
948,1709771349.1856415,1709771349.1857011
949,1709771349.2882144,1709771349.2882571
950,1709771349.3835297,1709771349.3835943
951,1709771349.4925673,1709771349.492616
952,1709771349.5783436,1709771349.5783973
953,1709771349.6827345,1709771349.6827934
954,1709771349.7965758,1709771349.7966664
955,1709771349.881606,1709771349.8817043
956,1709771349.9814255,1709771349.981516
957,1709771350.0781913,1709771350.0782847
958,1709771350.1792212,1709771350.179596
959,1709771350.277524,1709771350.2776058
960,1709771350.3782015,1709771350.3782854
961,1709771350.4786856,1709771350.4787724
962,1709771350.5802517,1709771350.580341
963,1709771350.676109,1709771350.6762073
964,1709771350.782594,1709771350.7826807
965,1709771350.8814082,1709771350.8814948
966,1709771350.9893882,1709771350.989537
967,1709771351.0891972,1709771351.0892806
968,1709771351.1776547,1709771351.1777382
969,1709771351.279464,1709771351.279563
970,1709771351.3884556,1709771351.388553
971,1709771351.4781313,1709771351.4782157
972,1709771351.5857532,1709771351.5858061
973,1709771351.6805065,1709771351.6805716
974,1709771351.7798111,1709771351.7798917
975,1709771351.8767526,1709771351.8768415
976,1709771351.9800057,1709771351.9800696
977,1709771352.0792084,1709771352.079294
978,1709771352.1853662,1709771352.185451
979,1709771352.2776706,1709771352.2777526
980,1709771352.3829691,1709771352.3830473
981,1709771352.4838626,1709771352.48391
982,1709771352.5861726,1709771352.5862505
983,1709771352.6793463,1709771352.6793957
984,1709771352.7802584,1709771352.7803333
985,1709771352.880466,1709771352.880544
986,1709771352.9853516,1709771352.9854352
987,1709771353.07893,1709771353.078986
988,1709771353.1802323,1709771353.1803172
989,1709771353.2767308,1709771353.2768161
990,1709771353.3798926,1709771353.3799815
991,1709771353.4845035,1709771353.4845598
992,1709771353.5907705,1709771353.5908237
993,1709771353.680988,1709771353.6810937
994,1709771353.7823622,1709771353.7824366
995,1709771353.8778,1709771353.8778872
996,1709771353.9834807,1709771353.983566
997,1709771354.0804696,1709771354.0805397
998,1709771354.186643,1709771354.1867309
999,1709771354.279508,1709771354.2796006
1000,1709771354.3770332,1709771354.3771152
1001,1709771354.4944293,1709771354.494519
1002,1709771354.585568,1709771354.585663
1003,1709771354.689158,1709771354.6892507
1004,1709771354.782154,1709771354.782225
1005,1709771354.8774014,1709771354.8774884
1006,1709771354.9860907,1709771354.98617
1007,1709771355.0794997,1709771355.0795922
1008,1709771355.1822085,1709771355.1823006
1009,1709771355.2803042,1709771355.2803907
1010,1709771355.3820522,1709771355.3821168
1011,1709771355.4890332,1709771355.489119
1012,1709771355.5882835,1709771355.588341
1013,1709771355.6852827,1709771355.6853888
1014,1709771355.7768729,1709771355.7769654
1015,1709771355.876325,1709771355.8764129
1016,1709771355.9831502,1709771355.983235
1017,1709771356.0831141,1709771356.083201
1018,1709771356.1979637,1709771356.1980536
1019,1709771356.2871761,1709771356.2872722
1020,1709771356.3750455,1709771356.3751123
1021,1709771356.4815264,1709771356.4816601
1022,1709771356.5759544,1709771356.5760417
1023,1709771356.6985905,1709771356.6986907
1024,1709771356.7772813,1709771356.777362
1025,1709771356.8789313,1709771356.878974
1026,1709771356.9803777,1709771356.9804294
1027,1709771357.0783174,1709771357.0783706
1028,1709771357.1805797,1709771357.1806295
1029,1709771357.284938,1709771357.2850192
1030,1709771357.3786747,1709771357.3787544
1031,1709771357.478684,1709771357.4787748
1032,1709771357.5801957,1709771357.5802445
1033,1709771357.6802738,1709771357.6805708
1034,1709771357.7805593,1709771357.7806091
1035,1709771357.8777273,1709771357.8777804
1036,1709771357.9795582,1709771357.9796112
1037,1709771358.0957592,1709771358.0958145
1038,1709771358.1769972,1709771358.1771092
1039,1709771358.2769213,1709771358.2769744
1040,1709771358.3766007,1709771358.3766813
1041,1709771358.4764135,1709771358.4765024
1042,1709771358.57886,1709771358.5788963
1043,1709771358.6841328,1709771358.6841807
1044,1709771358.778761,1709771358.7788103
1045,1709771358.87688,1709771358.8769307
1046,1709771358.9940636,1709771358.9941154
1047,1709771359.0800707,1709771359.0801268
1048,1709771359.1762254,1709771359.1762767
1049,1709771359.2842798,1709771359.2843583
1050,1709771359.3836873,1709771359.3837726
1051,1709771359.4850998,1709771359.4851892
1052,1709771359.5828843,1709771359.5829694
1053,1709771359.6898146,1709771359.6898804
1054,1709771359.7793095,1709771359.7793934
1055,1709771359.895851,1709771359.8959503
1056,1709771359.9826458,1709771359.982706
1057,1709771360.0912,1709771360.0912788
1058,1709771360.190444,1709771360.1904912
1059,1709771360.2798293,1709771360.2798874
1060,1709771360.3798594,1709771360.3799176
1061,1709771360.4771183,1709771360.4771678
1062,1709771360.5826678,1709771360.5827184
1063,1709771360.6907725,1709771360.6908581
1064,1709771360.776785,1709771360.7768354
1065,1709771360.8871317,1709771360.8871784
1066,1709771360.9879732,1709771360.9880228
1067,1709771361.0779862,1709771361.0780444
1068,1709771361.1849673,1709771361.1850526
1069,1709771361.2826934,1709771361.2827666
1070,1709771361.3905602,1709771361.3906133
1071,1709771361.486181,1709771361.486236
1072,1709771361.5881214,1709771361.5881732
1073,1709771361.6804004,1709771361.6804533
1074,1709771361.785936,1709771361.7860162
1075,1709771361.8792992,1709771361.8793912
1076,1709771361.984457,1709771361.9845405
1077,1709771362.0815876,1709771362.0816746
1078,1709771362.1765594,1709771362.1766503
1079,1709771362.2892783,1709771362.2893624
1080,1709771362.384327,1709771362.3843715
1081,1709771362.4840648,1709771362.4843385
1082,1709771362.5813987,1709771362.5814898
1083,1709771362.6797345,1709771362.6797888
1084,1709771362.7757041,1709771362.7757502
1085,1709771362.8883202,1709771362.8883743
1086,1709771362.986888,1709771362.9869733
1087,1709771363.1214793,1709771363.1215503
1088,1709771363.1788862,1709771363.1789374
1089,1709771363.282823,1709771363.2828724
1090,1709771363.382467,1709771363.3825188
1091,1709771363.4775736,1709771363.4776654
1092,1709771363.5762093,1709771363.5762887
1093,1709771363.6777415,1709771363.677795
1094,1709771363.7814553,1709771363.7815232
1095,1709771363.8818376,1709771363.8818755
1096,1709771363.9796698,1709771363.9797413
1097,1709771364.095491,1709771364.0956705
1098,1709771364.1767924,1709771364.1769562
1099,1709771364.2780228,1709771364.278094
1100,1709771364.3841422,1709771364.3842103
1101,1709771364.4813392,1709771364.4814293
1102,1709771364.5768166,1709771364.5769024
1103,1709771364.682498,1709771364.6826022
1104,1709771364.7752228,1709771364.775305
1105,1709771364.8916168,1709771364.8916655
1106,1709771364.975661,1709771364.9757133
1107,1709771365.081635,1709771365.0817096
1108,1709771365.1811404,1709771365.1811903
1109,1709771365.280403,1709771365.280445
1110,1709771365.394253,1709771365.3943326
1111,1709771365.4863558,1709771365.4864168
1112,1709771365.5904155,1709771365.5904806
1113,1709771365.683976,1709771365.6840656
1114,1709771365.7926526,1709771365.7928364
1115,1709771365.878047,1709771365.878109
1116,1709771365.9903727,1709771365.9904158
1117,1709771366.0836408,1709771366.0837195
1118,1709771366.1813047,1709771366.181342
1119,1709771366.2832274,1709771366.2832878
1120,1709771366.385829,1709771366.3858745
1121,1709771366.488433,1709771366.4884815
1122,1709771366.5868454,1709771366.5869346
1123,1709771366.69009,1709771366.6901455
1124,1709771366.78596,1709771366.7860403
1125,1709771366.880724,1709771366.880801
1126,1709771366.9908895,1709771366.9909704
1127,1709771367.079679,1709771367.0797598
1128,1709771367.1847758,1709771367.184949
1129,1709771367.2835867,1709771367.2836711
1130,1709771367.3856876,1709771367.3857691
1131,1709771367.483762,1709771367.4838688
1132,1709771367.5845141,1709771367.5845823
1133,1709771367.6826847,1709771367.682756
1134,1709771367.7971528,1709771367.7972043
1135,1709771367.8768198,1709771367.8768675
1136,1709771367.9838524,1709771367.9838996
1137,1709771368.0759873,1709771368.0760689
1138,1709771368.1813738,1709771368.1814566
1139,1709771368.2761045,1709771368.276174
1140,1709771368.3816757,1709771368.3817172
1141,1709771368.4749897,1709771368.4750438
1142,1709771368.5865579,1709771368.5866325
1143,1709771368.6760852,1709771368.6761868
1144,1709771368.783252,1709771368.783328
1145,1709771368.8818562,1709771368.881916
1146,1709771368.9752433,1709771368.9753063
1147,1709771369.0777292,1709771369.0777955
1148,1709771369.1835582,1709771369.1836047
1149,1709771369.282633,1709771369.282686
1150,1709771369.3882494,1709771369.3883033
1151,1709771369.477174,1709771369.4772685
1152,1709771369.5749683,1709771369.5750108
1153,1709771369.6828814,1709771369.6829646
1154,1709771369.791829,1709771369.7918367
1155,1709771369.8788633,1709771369.8788674
1156,1709771369.9834635,1709771369.983471
1157,1709771370.0845895,1709771370.084596
1158,1709771370.1870131,1709771370.1870177
1159,1709771370.2811015,1709771370.2811058
1160,1709771370.383312,1709771370.3833182
1161,1709771370.489962,1709771370.489966
1162,1709771370.5804012,1709771370.5804067
1163,1709771370.6794512,1709771370.6794574
1164,1709771370.7769492,1709771370.7769556
1165,1709771370.8868017,1709771370.8868096
1166,1709771370.9828553,1709771370.9828594
1167,1709771371.0761926,1709771371.076199
1168,1709771371.1810265,1709771371.1810322
1169,1709771371.2801282,1709771371.2801325
1170,1709771371.3784618,1709771371.3784688
1171,1709771371.4764543,1709771371.4764583
1172,1709771371.5885868,1709771371.588593
1173,1709771371.6885114,1709771371.6885247
1174,1709771371.776086,1709771371.776092
1175,1709771371.8774521,1709771371.8799665
1176,1709771371.982338,1709771371.9865127
1177,1709771372.0783744,1709771372.080955
1178,1709771372.1921887,1709771372.19508
1179,1709771372.2873483,1709771372.2909973
1180,1709771372.3781984,1709771372.3817794
1181,1709771372.4860976,1709771372.489751
1182,1709771372.5806932,1709771372.584671
1183,1709771372.6754487,1709771372.6786754
1184,1709771372.776063,1709771372.7795599
1185,1709771372.8787768,1709771372.882347
1186,1709771372.9790711,1709771372.9830565
1187,1709771373.0754232,1709771373.0787823
1188,1709771373.1787527,1709771373.181231
1189,1709771373.2795265,1709771373.283381
1190,1709771373.3784459,1709771373.3820088
1191,1709771373.4788013,1709771373.4820762
1192,1709771373.575191,1709771373.5785415
1193,1709771373.6779768,1709771373.6815104
1194,1709771373.7760305,1709771373.7792578
1195,1709771373.8761027,1709771373.8795698
1196,1709771373.9782152,1709771373.9812317
1197,1709771374.076323,1709771374.0800583
1198,1709771374.1770654,1709771374.1803234
1199,1709771374.2783258,1709771374.2830582
1200,1709771374.380496,1709771374.3842661
1201,1709771374.479963,1709771374.4838183
1202,1709771374.5760143,1709771374.5792437
1203,1709771374.682833,1709771374.685355
1204,1709771374.8008695,1709771374.8045595
1205,1709771374.8760862,1709771374.8796263
1206,1709771374.9807522,1709771374.9842908
1207,1709771375.079887,1709771375.0868647
1208,1709771375.1777837,1709771375.1809342
1209,1709771375.2765849,1709771375.2790408
1210,1709771375.3761055,1709771375.3791606
1211,1709771375.4832203,1709771375.4867094
1212,1709771375.5812767,1709771375.5837867
1213,1709771375.6832592,1709771375.6866271
1214,1709771375.7786431,1709771375.7852683
1215,1709771375.8757274,1709771375.8791687
1216,1709771375.98178,1709771375.9855106
1217,1709771376.0800982,1709771376.0832267
1218,1709771376.1761081,1709771376.179043
1219,1709771376.275421,1709771376.2788594
1220,1709771376.3757114,1709771376.3789945
1221,1709771376.4755812,1709771376.4788454
1222,1709771376.576801,1709771376.581732
1223,1709771376.6753101,1709771376.6784334
1224,1709771376.775024,1709771376.7787755
1225,1709771376.8870792,1709771376.8870835
1226,1709771376.976171,1709771376.976177
1227,1709771377.0751703,1709771377.075176
1228,1709771377.1784368,1709771377.1784446
1229,1709771377.2755008,1709771377.2755063
1230,1709771377.3755774,1709771377.3755827
1231,1709771377.4778023,1709771377.4778116
1232,1709771377.5768545,1709771377.576859
1233,1709771377.6751046,1709771377.6751103
1234,1709771377.775298,1709771377.7753034
1235,1709771377.8749168,1709771377.8749225
1236,1709771377.9767652,1709771377.9767697
1237,1709771378.0809846,1709771378.080991
1238,1709771378.179799,1709771378.1798055
1239,1709771378.2780688,1709771378.2780752
1240,1709771378.3807392,1709771378.380746
1241,1709771378.4798462,1709771378.479855
1242,1709771378.58476,1709771378.5847657
1243,1709771378.6815934,1709771378.681599
1244,1709771378.781079,1709771378.7810855
1245,1709771378.8755298,1709771378.8755362
1246,1709771378.981395,1709771378.9814026
1247,1709771379.0822961,1709771379.082302
1248,1709771379.1759105,1709771379.1759164
1249,1709771379.2758658,1709771379.275871
1250,1709771379.3795993,1709771379.3796036
1251,1709771379.4831216,1709771379.483128
1252,1709771379.584983,1709771379.5849888
1253,1709771379.675893,1709771379.675903
1254,1709771379.7830794,1709771379.7830856
1255,1709771379.8841166,1709771379.8841212
1256,1709771379.9773526,1709771379.97736
1257,1709771380.08002,1709771380.0800254
1258,1709771380.1825445,1709771380.1825485
1259,1709771380.2817965,1709771380.2818043
1260,1709771380.3776147,1709771380.3776212
1261,1709771380.4823303,1709771380.4823368
1262,1709771380.5785162,1709771380.5785222
1263,1709771380.6759367,1709771380.675942
1264,1709771380.7820415,1709771380.7820482
1265,1709771380.8845577,1709771380.8845646
1266,1709771380.978092,1709771380.978098
1267,1709771381.078306,1709771381.0783093
1268,1709771381.1839268,1709771381.183932
1269,1709771381.2775626,1709771381.2775674
1270,1709771381.375315,1709771381.3753417
1271,1709771381.4759047,1709771381.47591
1272,1709771381.5753987,1709771381.5754037
1273,1709771381.6790962,1709771381.6791031
1274,1709771381.7814014,1709771381.7814069
1275,1709771381.8785727,1709771381.8785763
1276,1709771381.9971437,1709771381.9971495
1277,1709771382.0817897,1709771382.0817952
1278,1709771382.1754963,1709771382.1755028
1279,1709771382.28017,1709771382.2801745
1280,1709771382.377467,1709771382.3774717
1281,1709771382.4815748,1709771382.4815795
1282,1709771382.5758302,1709771382.5758357
1283,1709771382.677838,1709771382.6778417
1284,1709771382.7842362,1709771382.784242
1285,1709771382.8770115,1709771382.8770185
1286,1709771382.9792526,1709771382.9792585
1287,1709771383.081989,1709771383.081995
1288,1709771383.1815362,1709771383.1815422
1289,1709771383.279625,1709771383.2796297
1290,1709771383.3803093,1709771383.380315
1291,1709771383.4803793,1709771383.480386
1292,1709771383.575942,1709771383.5759494
1293,1709771383.6831915,1709771383.6831977
1294,1709771383.7809675,1709771383.7809744
1295,1709771383.8778856,1709771383.8778913
1296,1709771383.9770994,1709771383.9771063
1297,1709771384.0796008,1709771384.079607
1298,1709771384.1773682,1709771384.1773741
1299,1709771384.2768934,1709771384.2768993
1300,1709771384.3805976,1709771384.3806043
1301,1709771384.4834955,1709771384.4835012
1302,1709771384.5775363,1709771384.577542
1303,1709771384.679207,1709771384.6792135
1304,1709771384.7772186,1709771384.7772245
1305,1709771384.8804674,1709771384.880473
1306,1709771384.9801285,1709771384.980136
1307,1709771385.0792372,1709771385.0792422
1308,1709771385.1781425,1709771385.178148
1309,1709771385.2792459,1709771385.279252
1310,1709771385.3761783,1709771385.376185
1311,1709771385.4775715,1709771385.4775765
1312,1709771385.5824533,1709771385.5824587
1313,1709771385.6824765,1709771385.68248
1314,1709771385.776088,1709771385.776095
1315,1709771385.8783042,1709771385.878312
1316,1709771385.9767141,1709771385.9767177
1317,1709771386.0809655,1709771386.0809715
1318,1709771386.1770031,1709771386.1770105
1319,1709771386.2788546,1709771386.2788603
1320,1709771386.3837054,1709771386.3837109
1321,1709771386.4824393,1709771386.4824445
1322,1709771386.579003,1709771386.579007
1323,1709771386.6755614,1709771386.6755674
1324,1709771386.7758605,1709771386.775868
1325,1709771386.8820987,1709771386.882105
1326,1709771386.9780486,1709771386.9780548
1327,1709771387.077997,1709771387.078005
1328,1709771387.1757176,1709771387.1757233
1329,1709771387.2818105,1709771387.2818177
1330,1709771387.3765042,1709771387.3765097
1331,1709771387.4827373,1709771387.4827416
1332,1709771387.5770302,1709771387.5770366
1333,1709771387.6846957,1709771387.6847079
1334,1709771387.77613,1709771387.7761369
1335,1709771387.8832486,1709771387.8832533
1336,1709771387.9829106,1709771387.9829168
1337,1709771388.0799809,1709771388.0799859
1338,1709771388.1751454,1709771388.1751509
1339,1709771388.278329,1709771388.2783325
1340,1709771388.3811913,1709771388.3811972
1341,1709771388.4807684,1709771388.4807742
1342,1709771388.5812938,1709771388.5813003
1343,1709771388.6823828,1709771388.6823888
1344,1709771388.7763834,1709771388.7763922
1345,1709771388.8813488,1709771388.8813555
1346,1709771388.9800386,1709771388.9800441
1347,1709771389.107373,1709771389.107378
1348,1709771389.1754248,1709771389.1754303
1349,1709771389.2771037,1709771389.2771077
1350,1709771389.3768423,1709771389.3768487
1351,1709771389.4825046,1709771389.4825106
1352,1709771389.5749698,1709771389.5749757
1353,1709771389.675482,1709771389.6754863
1354,1709771389.7754772,1709771389.7754815
1355,1709771389.8800051,1709771389.8800116
1356,1709771389.983347,1709771389.9833536
1357,1709771390.078398,1709771390.0784044
1358,1709771390.1824496,1709771390.1824555
1359,1709771390.2780368,1709771390.278042
1360,1709771390.3808048,1709771390.3808086
1361,1709771390.4792376,1709771390.4792433
1362,1709771390.5755308,1709771390.575536
1363,1709771390.675588,1709771390.6755946
1364,1709771390.777662,1709771390.7776656
1365,1709771390.87665,1709771390.8766556
1366,1709771390.979655,1709771390.9796596
1367,1709771391.0778615,1709771391.077868
1368,1709771391.1799042,1709771391.1799104
1369,1709771391.2806008,1709771391.2806063
1370,1709771391.3779993,1709771391.378006
1371,1709771391.4758663,1709771391.4758725
1372,1709771391.5781152,1709771391.5781221
1373,1709771391.6784241,1709771391.6784296
1374,1709771391.7796528,1709771391.7796586
1375,1709771391.8829737,1709771391.88298
1376,1709771391.9791563,1709771391.9791646
1377,1709771392.0751886,1709771392.075195
1378,1709771392.1819694,1709771392.1819758
1379,1709771392.2778692,1709771392.2778754
1380,1709771392.3817554,1709771392.3817627
1381,1709771392.48494,1709771392.4849453
1382,1709771392.582525,1709771392.5825307
1383,1709771392.6822498,1709771392.6822553
1384,1709771392.777846,1709771392.7778535
1385,1709771392.883227,1709771392.883234
1386,1709771392.9761012,1709771392.9761083
1387,1709771393.0855355,1709771393.085541
1388,1709771393.1798422,1709771393.1798496
1389,1709771393.27678,1709771393.2767837
1390,1709771393.3755026,1709771393.3755095
1391,1709771393.4780602,1709771393.478066
1392,1709771393.5801923,1709771393.5801995
1393,1709771393.679557,1709771393.679563
1394,1709771393.7781177,1709771393.778122
1395,1709771393.8793726,1709771393.8793783
1396,1709771393.9775746,1709771393.9775803
1397,1709771394.081076,1709771394.0810826
1398,1709771394.1751518,1709771394.1751578
1399,1709771394.2838376,1709771394.283844
1400,1709771394.3823204,1709771394.382325
1401,1709771394.480775,1709771394.480781
1402,1709771394.5752416,1709771394.5752463
1403,1709771394.675477,1709771394.6754832
1404,1709771394.7796032,1709771394.7796066
1405,1709771394.882643,1709771394.8826547
1406,1709771394.9797168,1709771394.9797225
1407,1709771395.0832024,1709771395.083208
1408,1709771395.1750476,1709771395.1750536
1409,1709771395.2795455,1709771395.2795515
1410,1709771395.3889139,1709771395.3889196
1411,1709771395.4816432,1709771395.481649
1412,1709771395.5796115,1709771395.579618
1413,1709771395.683449,1709771395.6834552
1414,1709771395.7763677,1709771395.7763727
1415,1709771395.8757515,1709771395.8757575
1416,1709771395.9830453,1709771395.9830515
1417,1709771396.0788665,1709771396.0788727
1418,1709771396.2056546,1709771396.2056613
1419,1709771396.2761824,1709771396.2761865
1420,1709771396.383156,1709771396.3831627
1421,1709771396.4836173,1709771396.483623
1422,1709771396.5756657,1709771396.575672
1423,1709771396.6747332,1709771396.6747367
1424,1709771396.7816668,1709771396.7816732
1425,1709771396.8752897,1709771396.875294
1426,1709771396.9778988,1709771396.9779055
1427,1709771397.0756288,1709771397.0756357
1428,1709771397.1759546,1709771397.175962
1429,1709771397.2756412,1709771397.2756474
1430,1709771397.3811743,1709771397.38118
1431,1709771397.4755635,1709771397.4755697
1432,1709771397.5855505,1709771397.5855567
1433,1709771397.677957,1709771397.6779628
1434,1709771397.7758176,1709771397.7758226
1435,1709771397.8850212,1709771397.885027
1436,1709771397.9806962,1709771397.9807026
1437,1709771398.0825682,1709771398.082574
1438,1709771398.183808,1709771398.183815
1439,1709771398.2755423,1709771398.2755487
1440,1709771398.3758852,1709771398.3758905
1441,1709771398.4801261,1709771398.4801328
1442,1709771398.579678,1709771398.5796857
1443,1709771398.6772387,1709771398.677245
1444,1709771398.780313,1709771398.7803187
1445,1709771398.8758473,1709771398.875853
1446,1709771398.977998,1709771398.9780054
1447,1709771399.082733,1709771399.0827384
1448,1709771399.1810722,1709771399.181078
1449,1709771399.2798655,1709771399.2798724
1450,1709771399.3761516,1709771399.3761578
1451,1709771399.4799807,1709771399.4799874
1452,1709771399.5751643,1709771399.5751698
1453,1709771399.6750753,1709771399.6750822
1454,1709771399.7755616,1709771399.7755704
1455,1709771399.8838346,1709771399.8838413
1456,1709771399.9829097,1709771399.9829159
1457,1709771400.0824397,1709771400.0824459
1458,1709771400.175406,1709771400.1754127
1459,1709771400.280695,1709771400.2807016
1460,1709771400.3817992,1709771400.381806
1461,1709771400.4786122,1709771400.4786181
1462,1709771400.5759857,1709771400.5759923
1463,1709771400.675689,1709771400.6756964
1464,1709771400.779958,1709771400.7799628
1465,1709771400.8798501,1709771400.8798568
1466,1709771400.9814763,1709771400.9814823
1467,1709771401.079066,1709771401.0790715
1468,1709771401.176937,1709771401.176944
1469,1709771401.2758794,1709771401.2758863
1470,1709771401.3762045,1709771401.3762083
1471,1709771401.4883554,1709771401.4883623
1472,1709771401.5795677,1709771401.579572
1473,1709771401.6755297,1709771401.675535
1474,1709771401.7772238,1709771401.7772295
1475,1709771401.8821676,1709771401.8821776
1476,1709771401.9856029,1709771401.985609
1477,1709771402.0915115,1709771402.0915215
1478,1709771402.1922824,1709771402.1922889
1479,1709771402.2808528,1709771402.2808583
1480,1709771402.3797998,1709771402.379806
1481,1709771402.4788582,1709771402.4788644
1482,1709771402.588262,1709771402.5882683
1483,1709771402.6851115,1709771402.6851172
1484,1709771402.7902207,1709771402.7902274
1485,1709771402.8778925,1709771402.877899
1486,1709771402.9788022,1709771402.9788082
1487,1709771403.0799305,1709771403.0799372
1488,1709771403.1779766,1709771403.1779816
1489,1709771403.3073285,1709771403.3073342
1490,1709771403.3809042,1709771403.3809102
1491,1709771403.481746,1709771403.481753
1492,1709771403.5795474,1709771403.5795531
1493,1709771403.6839888,1709771403.6839943
1494,1709771403.780076,1709771403.7800803
1495,1709771403.8789089,1709771403.878915
1496,1709771403.9882061,1709771403.9882126
1497,1709771404.082819,1709771404.0828254
1498,1709771404.1758614,1709771404.1758668
1499,1709771404.2813878,1709771404.2813947
1500,1709771404.3812087,1709771404.3812156
1501,1709771404.4868069,1709771404.4868138
1502,1709771404.5844777,1709771404.5844846
1503,1709771404.675878,1709771404.675883
1504,1709771404.7817452,1709771404.7817519
1505,1709771404.8754752,1709771404.875481
1506,1709771404.9805522,1709771404.9805598
1507,1709771405.074936,1709771405.0749433
1508,1709771405.1893008,1709771405.192604
1509,1709771405.2921968,1709771405.2949357
1510,1709771405.3784852,1709771405.38279
1511,1709771405.4791527,1709771405.4829993
1512,1709771405.5790594,1709771405.5825367
1513,1709771405.6768095,1709771405.6820943
1514,1709771405.781431,1709771405.78537
1515,1709771405.8809543,1709771405.8860037
1516,1709771405.9879432,1709771405.9918234
1517,1709771406.079977,1709771406.0839255
1518,1709771406.1800025,1709771406.1824844
1519,1709771406.275794,1709771406.2790163
1520,1709771406.3806634,1709771406.3851712
1521,1709771406.4829834,1709771406.4874067
1522,1709771406.5765133,1709771406.5801888
1523,1709771406.680355,1709771406.684159
1524,1709771406.7868917,1709771406.791166
1525,1709771406.8874643,1709771406.8912196
1526,1709771406.9883044,1709771406.99254
1527,1709771407.0832367,1709771407.0874658
1528,1709771407.1854281,1709771407.1895187
1529,1709771407.288626,1709771407.2926464
1530,1709771407.3826702,1709771407.3866298
1531,1709771407.4834867,1709771407.487549
1532,1709771407.5775938,1709771407.5798423
1533,1709771407.678865,1709771407.682233
1534,1709771407.7781904,1709771407.7806616
1535,1709771407.8767118,1709771407.8800592
1536,1709771407.975754,1709771407.9793787
1537,1709771408.0864227,1709771408.0903585
1538,1709771408.186958,1709771408.1892965
1539,1709771408.2829635,1709771408.2867446
1540,1709771408.3757534,1709771408.3784685
1541,1709771408.4851828,1709771408.4887242
1542,1709771408.5827796,1709771408.5864894
1543,1709771408.6833634,1709771408.6871996
1544,1709771408.7860763,1709771408.7894065
1545,1709771408.8879478,1709771408.8919258
1546,1709771408.9753337,1709771408.9780474
1547,1709771409.0787604,1709771409.0815654
1548,1709771409.1780019,1709771409.18091
1549,1709771409.2860446,1709771409.2889447
1550,1709771409.3779154,1709771409.38095
1551,1709771409.4828842,1709771409.486147
1552,1709771409.5836854,1709771409.5864727
1553,1709771409.6874309,1709771409.690921
1554,1709771409.7815957,1709771409.784732
1555,1709771409.8767753,1709771409.8803337
1556,1709771409.9827504,1709771409.9876587
1557,1709771410.0763142,1709771410.0786996
1558,1709771410.1804569,1709771410.1843092
1559,1709771410.276039,1709771410.2794242
1560,1709771410.3785925,1709771410.3816779
1561,1709771410.4754016,1709771410.4792633
1562,1709771410.5821671,1709771410.5862455
1563,1709771410.6765063,1709771410.6801393
1564,1709771410.7750165,1709771410.7781663
1565,1709771410.8834407,1709771410.8873525
1566,1709771410.9751263,1709771410.97842
1567,1709771411.0751898,1709771411.0774426
1568,1709771411.1824653,1709771411.1868055
1569,1709771411.2756114,1709771411.2795765
1570,1709771411.398482,1709771411.4023163
1571,1709771411.4860938,1709771411.4895308
1572,1709771411.5850022,1709771411.5879564
1573,1709771411.6822612,1709771411.6851764
1574,1709771411.7760952,1709771411.7793639
1575,1709771411.8861384,1709771411.8902073
1576,1709771411.981484,1709771411.9853241
1577,1709771412.0823004,1709771412.0862868
1578,1709771412.180203,1709771412.1837907
1579,1709771412.2796218,1709771412.282673
1580,1709771412.3796973,1709771412.3820965
1581,1709771412.480656,1709771412.4849036
1582,1709771412.5791042,1709771412.5821645
1583,1709771412.6756418,1709771412.6798787
1584,1709771412.7782564,1709771412.782011
1585,1709771412.879745,1709771412.8832252
1586,1709771412.9754796,1709771412.978993
1587,1709771413.0790823,1709771413.0839734
1588,1709771413.1791866,1709771413.1828463
1589,1709771413.2782419,1709771413.2820802
1590,1709771413.3802078,1709771413.3838997
1591,1709771413.483657,1709771413.4907818
1592,1709771413.581531,1709771413.5883937
1593,1709771413.6750367,1709771413.6783466
1594,1709771413.7796686,1709771413.783192
1595,1709771413.8819282,1709771413.8857644
1596,1709771413.9802995,1709771413.9836242
1597,1709771414.0809445,1709771414.0850513
1598,1709771414.175401,1709771414.183771
1599,1709771414.281925,1709771414.2853174
1600,1709771414.3805869,1709771414.3840818
1601,1709771414.4793644,1709771414.4827225
1602,1709771414.575495,1709771414.5791678
1603,1709771414.6792524,1709771414.6837904
1604,1709771414.781273,1709771414.7844095
1605,1709771414.8812475,1709771414.884968
1606,1709771414.979955,1709771414.9828687
1607,1709771415.0800583,1709771415.083402
1608,1709771415.1827793,1709771415.1853762
1609,1709771415.3057299,1709771415.3085802
1610,1709771415.3755798,1709771415.3792374
1611,1709771415.480727,1709771415.483903
1612,1709771415.5804713,1709771415.5842025
1613,1709771415.6760185,1709771415.6787062
1614,1709771415.7772677,1709771415.7796483
1615,1709771415.884849,1709771415.8884351
1616,1709771415.9760015,1709771415.979035
1617,1709771416.0812254,1709771416.0839736
1618,1709771416.1764514,1709771416.1802068
1619,1709771416.2804794,1709771416.2840416
1620,1709771416.3822787,1709771416.3859646
1621,1709771416.482356,1709771416.4859567
1622,1709771416.5814352,1709771416.5845919
1623,1709771416.6796958,1709771416.6820264
1624,1709771416.7775016,1709771416.7807684
1625,1709771416.8808937,1709771416.8846393
1626,1709771416.9758272,1709771416.980189
1627,1709771417.0807633,1709771417.0832705
1628,1709771417.1785285,1709771417.1829019
1629,1709771417.277287,1709771417.2772937
1630,1709771417.3830128,1709771417.3830187
1631,1709771417.4769788,1709771417.476987
1632,1709771417.581495,1709771417.5815008
1633,1709771417.6787908,1709771417.6787956
1634,1709771417.7810338,1709771417.781039
1635,1709771417.8756638,1709771417.8756702
1636,1709771417.9760559,1709771417.9760623
1637,1709771418.0832827,1709771418.0832894
1638,1709771418.1790264,1709771418.1790316
1639,1709771418.2779896,1709771418.2779937
1640,1709771418.37713,1709771418.3771365
1641,1709771418.48173,1709771418.4817355
1642,1709771418.5783322,1709771418.5783362
1643,1709771418.6757073,1709771418.6757126
1644,1709771418.7832632,1709771418.7832687
1645,1709771418.8822465,1709771418.8822527
1646,1709771418.9963999,1709771418.9964056
1647,1709771419.082512,1709771419.0825202
1648,1709771419.1760418,1709771419.176047
1649,1709771419.2792354,1709771419.279242
1650,1709771419.3752422,1709771419.3752463
1651,1709771419.4820719,1709771419.48208
1652,1709771419.5848973,1709771419.5849018
1653,1709771419.6754806,1709771419.6754847
1654,1709771419.7812278,1709771419.7812316
1655,1709771419.8772085,1709771419.8772147
1656,1709771419.9770148,1709771419.9770215
1657,1709771420.08035,1709771420.0803556
1658,1709771420.1776237,1709771420.1776278
1659,1709771420.2759712,1709771420.275977
1660,1709771420.3759665,1709771420.3759716
1661,1709771420.4760695,1709771420.4760747
1662,1709771420.5826395,1709771420.5826461
1663,1709771421.0185518,1709771421.018561
1664,1709771421.0285344,1709771421.0285404
1665,1709771421.083306,1709771421.0833116
1666,1709771421.1806707,1709771421.1806765
1667,1709771421.2850792,1709771421.2850866
1668,1709771421.3834105,1709771421.3834155
1669,1709771421.482145,1709771421.4821513
1670,1709771421.5863943,1709771421.5864046
1671,1709771421.680141,1709771421.6801474
1672,1709771421.775745,1709771421.775751
1673,1709771421.875459,1709771421.8754647
1674,1709771421.9806035,1709771421.980609
1675,1709771422.079912,1709771422.0799181
1676,1709771422.1804566,1709771422.1804605
1677,1709771422.2768447,1709771422.2768505
1678,1709771422.3761168,1709771422.376123
1679,1709771422.4813268,1709771422.481332
1680,1709771422.5751212,1709771422.575128
1681,1709771422.675057,1709771422.6750631
1682,1709771422.777314,1709771422.7773228
1683,1709771422.8780897,1709771422.878095
1684,1709771422.9757352,1709771422.9757416
1685,1709771423.0790796,1709771423.0790856
1686,1709771423.1776361,1709771423.1776423
1687,1709771423.2752116,1709771423.2752166
1688,1709771423.385828,1709771423.385835
1689,1709771423.4838638,1709771423.4838715
1690,1709771423.5784013,1709771423.5784075
1691,1709771423.6805058,1709771423.680513
1692,1709771423.7809672,1709771423.7809737
1693,1709771423.8807385,1709771423.880743
1694,1709771423.9772575,1709771423.9772642
1695,1709771424.087102,1709771424.0871096
1696,1709771424.1759472,1709771424.1759527
1697,1709771424.2815862,1709771424.2815928
1698,1709771424.377852,1709771424.3778565
1699,1709771424.4805186,1709771424.4805248
1700,1709771424.5840967,1709771424.5841038
1701,1709771424.6806638,1709771424.6806705
1702,1709771424.7754462,1709771424.7754502
1703,1709771424.8821325,1709771424.8821392
1704,1709771424.9800735,1709771424.980079
1705,1709771425.0834382,1709771425.0834424
1706,1709771425.175455,1709771425.17546
1707,1709771425.2781656,1709771425.2781713
1708,1709771425.3815181,1709771425.381525
1709,1709771425.4835737,1709771425.4835808
1710,1709771425.5755165,1709771425.5755224
1711,1709771425.683479,1709771425.6834838
1712,1709771425.775989,1709771425.7759933
1713,1709771425.8774073,1709771425.8774133
1714,1709771425.9757257,1709771425.975731
1715,1709771426.0753062,1709771426.0753107
1716,1709771426.1855476,1709771426.1855533
1717,1709771426.2839131,1709771426.2839193
1718,1709771426.4026473,1709771426.4026535
1719,1709771426.4803286,1709771426.480336
1720,1709771426.5813618,1709771426.5813675
1721,1709771426.6789303,1709771426.6789358
1722,1709771426.775278,1709771426.7752824
1723,1709771426.8756442,1709771426.8756492
1724,1709771426.98327,1709771426.9832761
1725,1709771427.0853255,1709771427.0853314
1726,1709771427.17883,1709771427.1788356
1727,1709771427.2857788,1709771427.2857854
1728,1709771427.3838398,1709771427.383844
1729,1709771427.475177,1709771427.4751828
1730,1709771427.5754607,1709771427.5754657
1731,1709771427.6751423,1709771427.675148
1732,1709771427.7824638,1709771427.7824705
1733,1709771427.875632,1709771427.8756368
1734,1709771427.9775782,1709771427.9775844
1735,1709771428.081155,1709771428.0811617
1736,1709771428.1775515,1709771428.1775568
1737,1709771428.2784505,1709771428.2784572
1738,1709771428.3766215,1709771428.379641
1739,1709771428.4822805,1709771428.4859118
1740,1709771428.5795226,1709771428.5826428
1741,1709771428.67741,1709771428.681625
1742,1709771428.7838445,1709771428.7874637
1743,1709771428.8751528,1709771428.877479
1744,1709771428.9746847,1709771428.9773088
1745,1709771429.0805638,1709771429.084765
1746,1709771429.1859539,1709771429.1893952
1747,1709771429.2827692,1709771429.2862048
1748,1709771429.3803933,1709771429.3840773
1749,1709771429.4778707,1709771429.4809713
1750,1709771429.5780365,1709771429.5803668
1751,1709771429.6792428,1709771429.6826012
1752,1709771429.779965,1709771429.783458
1753,1709771429.882057,1709771429.884778
1754,1709771429.9830647,1709771429.9856725
1755,1709771430.0799952,1709771430.0837834
1756,1709771430.1772995,1709771430.1798625
1757,1709771430.2826586,1709771430.2853258
1758,1709771430.3754134,1709771430.3787534
1759,1709771430.4752624,1709771430.4804235
1760,1709771430.574975,1709771430.578749
1761,1709771430.680503,1709771430.6839406
1762,1709771430.7782154,1709771430.7813148
1763,1709771430.8788803,1709771430.881354
1764,1709771430.9775872,1709771430.9801824
1765,1709771431.075172,1709771431.0794215
1766,1709771431.1820686,1709771431.185146
1767,1709771431.2789729,1709771431.2819097
1768,1709771431.3750658,1709771431.380505
1769,1709771431.4859598,1709771431.4896705
1770,1709771431.5863004,1709771431.5900545
1771,1709771431.682334,1709771431.685784
1772,1709771431.782944,1709771431.786207
1773,1709771431.880651,1709771431.8847513
1774,1709771431.9752889,1709771431.9791453
1775,1709771432.0756328,1709771432.0802119
1776,1709771432.175414,1709771432.1778748
1777,1709771432.2797503,1709771432.283552
1778,1709771432.3813784,1709771432.3852167
1779,1709771432.4771562,1709771432.479909
1780,1709771432.5840006,1709771432.5880885
1781,1709771432.677122,1709771432.6813314
1782,1709771432.7808857,1709771432.7845502
1783,1709771432.8850079,1709771432.889037
1784,1709771432.982143,1709771432.985902
1785,1709771433.086793,1709771433.0907993
1786,1709771433.1811144,1709771433.184468
1787,1709771433.2845438,1709771433.2883894
1788,1709771433.3835447,1709771433.3874364
1789,1709771433.5028982,1709771433.5063207
1790,1709771433.5804336,1709771433.58513
1791,1709771433.6822567,1709771433.6858387
1792,1709771433.782368,1709771433.7850432
1793,1709771433.879815,1709771433.8831053
1794,1709771433.9826977,1709771433.9859734
1795,1709771434.0796793,1709771434.082921
1796,1709771434.1826708,1709771434.1868885
1797,1709771434.2755916,1709771434.2794523
1798,1709771434.3757598,1709771434.3783782
1799,1709771434.480483,1709771434.483819
1800,1709771434.5770779,1709771434.580461
1801,1709771434.677481,1709771434.6819673
1802,1709771434.785607,1709771434.789249
1803,1709771434.8805747,1709771434.8843293
1804,1709771434.9759614,1709771434.980092
1805,1709771435.0798833,1709771435.083818
1806,1709771435.1801906,1709771435.182683
1807,1709771435.2754226,1709771435.2795527
1808,1709771435.3757088,1709771435.3794959
1809,1709771435.4878175,1709771435.4878242
1810,1709771435.5818434,1709771435.581849
1811,1709771435.6820328,1709771435.6820397
1812,1709771435.7869473,1709771435.7869534
1813,1709771435.886791,1709771435.8867967
1814,1709771435.9750414,1709771435.9750469
1815,1709771436.0754704,1709771436.0754766
1816,1709771436.1810207,1709771436.1810243
1817,1709771436.282801,1709771436.2828074
1818,1709771436.3824513,1709771436.3824573
1819,1709771436.4819708,1709771436.4819765
1820,1709771436.5844452,1709771436.5844514
1821,1709771436.6857443,1709771436.6857502
1822,1709771436.781246,1709771436.7812524
1823,1709771436.8800287,1709771436.8800337
1824,1709771436.9754539,1709771436.9754598
1825,1709771437.0779965,1709771437.0780005
1826,1709771437.1762097,1709771437.1762137
1827,1709771437.275513,1709771437.2755194
1828,1709771437.3802826,1709771437.3802886
1829,1709771437.4834461,1709771437.4834507
1830,1709771437.58339,1709771437.5833945
1831,1709771437.68422,1709771437.684226
1832,1709771437.780005,1709771437.7800107
1833,1709771437.8824818,1709771437.8824873
1834,1709771437.982566,1709771437.982574
1835,1709771438.0871465,1709771438.0871537
1836,1709771438.18658,1709771438.186643
1837,1709771438.2759478,1709771438.275954
1838,1709771438.383605,1709771438.3836088
1839,1709771438.4757013,1709771438.475707
1840,1709771438.5759451,1709771438.5759513
1841,1709771438.6754773,1709771438.6754813
1842,1709771438.7756577,1709771438.7756631
1843,1709771438.8761353,1709771438.8761408
1844,1709771438.975878,1709771438.9758832
1845,1709771439.0753164,1709771439.0753226
1846,1709771439.17595,1709771439.1759586
1847,1709771439.2755136,1709771439.275519
1848,1709771439.379103,1709771439.379109
1849,1709771439.4773474,1709771439.477354
1850,1709771439.5785136,1709771439.578518
1851,1709771439.6747189,1709771439.674725
1852,1709771439.7783222,1709771439.7783294
1853,1709771439.8797686,1709771439.8797739
1854,1709771439.9775596,1709771439.9775643
1855,1709771440.0752292,1709771440.0752332
1856,1709771440.1770055,1709771440.1770115
1857,1709771440.2784777,1709771440.2784846
1858,1709771440.3807993,1709771440.3808057
1859,1709771440.4751263,1709771440.4751322
1860,1709771440.5748825,1709771440.574889
1861,1709771440.67593,1709771440.675937
1862,1709771440.774897,1709771440.7749035
1863,1709771440.8769808,1709771440.8769867
1864,1709771440.9765158,1709771440.976521
1865,1709771441.0774114,1709771441.0774167
1866,1709771441.181365,1709771441.1813707
1867,1709771441.2796762,1709771441.2797527
1868,1709771441.3768864,1709771441.3769836
1869,1709771441.4779437,1709771441.478003
1870,1709771441.5754805,1709771441.5755193
1871,1709771441.6785092,1709771441.6785927
1872,1709771441.780042,1709771441.78021
1873,1709771441.8781967,1709771441.8782473
1874,1709771441.977595,1709771441.977639
1875,1709771442.0780215,1709771442.0780766
1876,1709771442.1779568,1709771442.1780207
1877,1709771442.28085,1709771442.280938
1878,1709771442.3792002,1709771442.3792832
1879,1709771442.474966,1709771442.475028
1880,1709771442.5750053,1709771442.5751586
1881,1709771442.6770384,1709771442.6770868
1882,1709771442.7777882,1709771442.7778726
1883,1709771442.8749893,1709771442.8750536
1884,1709771442.9781601,1709771442.9782
1885,1709771443.0804715,1709771443.0805206
1886,1709771443.1772017,1709771443.1772618
1887,1709771443.2780383,1709771443.2780962
1888,1709771443.375869,1709771443.3759308
1889,1709771443.4768052,1709771443.4768438
1890,1709771443.5751758,1709771443.5752456
1891,1709771443.6817882,1709771443.6818454
1892,1709771443.777194,1709771443.777278
1893,1709771443.8750024,1709771443.8750856
1894,1709771443.9778976,1709771443.9780035
1895,1709771444.0784364,1709771444.0784807
1896,1709771444.1772985,1709771444.1773534
1897,1709771444.2772596,1709771444.2772985
1898,1709771444.3805652,1709771444.3806193
1899,1709771444.4779139,1709771444.4779627
1900,1709771444.5781555,1709771444.5782032
1901,1709771444.6770701,1709771444.6771462
1902,1709771444.775005,1709771444.7750516
1903,1709771444.8768446,1709771444.8768914
1904,1709771444.9793773,1709771444.9794533
1905,1709771445.077296,1709771445.0773757
1906,1709771445.1790686,1709771445.1791503
1907,1709771445.275534,1709771445.2756073
1908,1709771445.3756254,1709771445.3757005
1909,1709771445.5053198,1709771445.5053701
1910,1709771445.5796583,1709771445.5797858
1911,1709771445.6774805,1709771445.6775613
1912,1709771445.775702,1709771445.7757814
1913,1709771445.8787975,1709771445.8790264
1914,1709771445.981328,1709771445.9813752
1915,1709771446.0826068,1709771446.0826616
1916,1709771446.1763456,1709771446.176394
1917,1709771446.2790728,1709771446.2791219
1918,1709771446.3769224,1709771446.3769703
1919,1709771446.4810965,1709771446.4811802
1920,1709771446.5805671,1709771446.5806646
1921,1709771446.6788414,1709771446.6789696
1922,1709771446.782135,1709771446.7821853
1923,1709771446.8788853,1709771446.8789363
1924,1709771446.9816828,1709771446.9817333
1925,1709771447.0797498,1709771447.0798023
1926,1709771447.17569,1709771447.17578
1927,1709771447.284674,1709771447.2848217
1928,1709771447.380014,1709771447.3800862
1929,1709771447.4769692,1709771447.4770484
1930,1709771447.5840213,1709771447.5840287
1931,1709771447.6767862,1709771447.6767943
1932,1709771447.7783754,1709771447.7783818
1933,1709771447.8769612,1709771447.8769686
1934,1709771447.980549,1709771447.980556
1935,1709771448.0769403,1709771448.0769463
1936,1709771448.179372,1709771448.1793783
1937,1709771448.2790213,1709771448.2790282
1938,1709771448.3789384,1709771448.3789485
1939,1709771448.4759226,1709771448.475929
1940,1709771448.5757494,1709771448.5757582
1941,1709771448.6863225,1709771448.6863294
1942,1709771448.780251,1709771448.780257
1943,1709771448.8771615,1709771448.8771675
1944,1709771448.9785829,1709771448.9785874
1945,1709771449.0776923,1709771449.0776985
1946,1709771449.1797454,1709771449.1797502
1947,1709771449.2782073,1709771449.2782235
1948,1709771449.3768725,1709771449.3768795
1949,1709771449.480087,1709771449.4800985
1950,1709771449.5773184,1709771449.5773258
1951,1709771449.678726,1709771449.6818514
1952,1709771449.7768078,1709771449.7856655
1953,1709771449.8812811,1709771449.885327
1954,1709771449.9760656,1709771449.9804757
1955,1709771450.0769877,1709771450.0824492
1956,1709771450.1792006,1709771450.1835551
1957,1709771450.2813168,1709771450.2849617
1958,1709771450.375316,1709771450.3789756
1959,1709771450.4789088,1709771450.4838004
1960,1709771450.5778816,1709771450.5819407
1961,1709771450.6773903,1709771450.6804433
1962,1709771450.7916627,1709771450.7956707
1963,1709771450.8832629,1709771450.8881633
1964,1709771450.989773,1709771450.9937375
1965,1709771451.0811808,1709771451.0856485
1966,1709771451.185898,1709771451.1912873
1967,1709771451.2852736,1709771451.2901785
1968,1709771451.3782246,1709771451.3830566
1969,1709771451.4802768,1709771451.483385
1970,1709771451.5756025,1709771451.5801556
1971,1709771451.6779082,1709771451.680979
1972,1709771451.7765067,1709771451.7797048
1973,1709771451.877352,1709771451.8825843
1974,1709771451.980933,1709771451.9858348
1975,1709771452.0779097,1709771452.082223
1976,1709771452.1798444,1709771452.184428
1977,1709771452.277058,1709771452.2810493
1978,1709771452.3775785,1709771452.3828256
1979,1709771452.4763799,1709771452.4806602
1980,1709771452.5790253,1709771452.582227
1981,1709771452.6759033,1709771452.6800506
1982,1709771452.7770727,1709771452.7799232
1983,1709771452.8783576,1709771452.8821688
1984,1709771452.9773307,1709771452.9809084
1985,1709771453.076242,1709771453.0814438
1986,1709771453.1773345,1709771453.1810577
1987,1709771453.2841227,1709771453.288835
1988,1709771453.3804023,1709771453.3849404
1989,1709771453.4761415,1709771453.4802017
1990,1709771453.575629,1709771453.5839632
1991,1709771453.6788795,1709771453.6830525
1992,1709771453.776933,1709771453.7809992
1993,1709771453.877054,1709771453.8809812
1994,1709771453.975342,1709771453.9785526
1995,1709771454.076972,1709771454.0816905
1996,1709771454.1749349,1709771454.1780684
1997,1709771454.2753427,1709771454.2800057
1998,1709771454.3757248,1709771454.3798113
1999,1709771454.4792655,1709771454.4833574
2000,1709771454.575586,1709771454.579378
2001,1709771454.6752846,1709771454.6790438
2002,1709771454.7753024,1709771454.7778397
2003,1709771454.8758879,1709771454.8784893
2004,1709771454.978557,1709771454.9826896
2005,1709771455.0798898,1709771455.082707
2006,1709771455.1773715,1709771455.1813524
2007,1709771455.2766192,1709771455.280344
2008,1709771455.3772035,1709771455.381213
2009,1709771455.4809647,1709771455.4850624
2010,1709771455.586844,1709771455.5906835
2011,1709771455.6954324,1709771455.6982865
2012,1709771455.7809324,1709771455.7847579
2013,1709771455.8754792,1709771455.8780818
2014,1709771455.982713,1709771455.9869125
2015,1709771456.0789788,1709771456.0829315
2016,1709771456.1827965,1709771456.187938
2017,1709771456.2802997,1709771456.2844365
2018,1709771456.3815694,1709771456.386419
2019,1709771456.482447,1709771456.4855235
2020,1709771456.5775445,1709771456.5808935
2021,1709771456.6786478,1709771456.6819942
2022,1709771456.7807863,1709771456.7843893
2023,1709771456.875272,1709771456.8791723
2024,1709771456.9753401,1709771456.9789271
2025,1709771457.0772994,1709771457.079798
2026,1709771457.186139,1709771457.1902494
2027,1709771457.2821763,1709771457.285236
2028,1709771457.3777626,1709771457.3809695
2029,1709771457.478142,1709771457.4818325
2030,1709771457.5799046,1709771457.585817
2031,1709771457.6795173,1709771457.6795216
2032,1709771457.781228,1709771457.7812347
2033,1709771457.8797646,1709771457.8797698
2034,1709771457.9751863,1709771457.9751923
2035,1709771458.0808551,1709771458.0808609
2036,1709771458.179561,1709771458.1795664
2037,1709771458.280631,1709771458.2806363
2038,1709771458.3802686,1709771458.3802748
2039,1709771458.4826477,1709771458.4826558
2040,1709771458.5813253,1709771458.5813315
2041,1709771458.6802607,1709771458.6802669
2042,1709771458.779295,1709771458.7793005
2043,1709771458.8809967,1709771458.881002
2044,1709771458.9782255,1709771458.9782321
2045,1709771459.0776834,1709771459.0776873
2046,1709771459.1756089,1709771459.175613
2047,1709771459.2768047,1709771459.2768104
2048,1709771459.3755696,1709771459.3755753
2049,1709771459.4808097,1709771459.4808154
2050,1709771459.583163,1709771459.58317
2051,1709771459.6770713,1709771459.6770768
2052,1709771459.7800243,1709771459.7800298
2053,1709771459.8771837,1709771459.8771875
2054,1709771459.9784875,1709771459.978494
2055,1709771460.079152,1709771460.079158
2056,1709771460.1751623,1709771460.1751678
2057,1709771460.2821584,1709771460.2821646
2058,1709771460.385404,1709771460.385411
2059,1709771460.4798505,1709771460.479856
2060,1709771460.5772045,1709771460.5772097
2061,1709771460.685851,1709771460.6858606
2062,1709771460.777515,1709771460.7775187
2063,1709771460.8762314,1709771460.876238
2064,1709771460.9832878,1709771460.9832945
2065,1709771461.0750027,1709771461.0750096
2066,1709771461.1781356,1709771461.1781416
2067,1709771461.2852542,1709771461.2852633
2068,1709771461.389557,1709771461.3895624
2069,1709771461.476752,1709771461.4767575
2070,1709771461.5759263,1709771461.5759308
2071,1709771461.6822727,1709771461.6822789
2072,1709771461.7838454,1709771461.783852
2073,1709771461.877319,1709771461.8773246
2074,1709771461.9785607,1709771461.978566
2075,1709771462.0757568,1709771462.0757623
2076,1709771462.1909175,1709771462.1909232
2077,1709771462.2825956,1709771462.2826006
2078,1709771462.3751774,1709771462.375183
2079,1709771462.4794736,1709771462.4794796
2080,1709771462.5786202,1709771462.578689
2081,1709771462.7082558,1709771462.708262
2082,1709771462.775318,1709771462.7753532
2083,1709771462.8827379,1709771462.8827446
2084,1709771462.97958,1709771462.9795864
2085,1709771463.0806434,1709771463.0806496
2086,1709771463.1845224,1709771463.1845264
2087,1709771463.281202,1709771463.2812057
2088,1709771463.375699,1709771463.375705
2089,1709771463.486693,1709771463.4866989
2090,1709771463.5863206,1709771463.5863242
2091,1709771463.68819,1709771463.6881933
2092,1709771463.7864184,1709771463.7864242
2093,1709771463.8788676,1709771463.8788748
2094,1709771463.979338,1709771463.9793432
2095,1709771464.0800176,1709771464.0800238
2096,1709771464.1821167,1709771464.182121
2097,1709771464.2827897,1709771464.2827983
2098,1709771464.379462,1709771464.3794682
2099,1709771464.4849496,1709771464.4849567
2100,1709771464.5825822,1709771464.5825877
2101,1709771464.681033,1709771464.6810389
2102,1709771464.7780967,1709771464.784042
2103,1709771464.8825452,1709771464.8873005
2104,1709771464.9888248,1709771464.9929616
2105,1709771465.0770402,1709771465.0806549
2106,1709771465.1750371,1709771465.1810224
2107,1709771465.2851639,1709771465.2905414
2108,1709771465.3796976,1709771465.3851771
2109,1709771465.4810529,1709771465.485282
2110,1709771465.5760996,1709771465.5824304
2111,1709771465.678028,1709771465.682767
2112,1709771465.7771506,1709771465.7824254
2113,1709771465.8900957,1709771465.8944724
2114,1709771465.9795425,1709771465.9833553
2115,1709771466.08113,1709771466.0855496
2116,1709771466.1784482,1709771466.1819901
2117,1709771466.2921207,1709771466.296685
2118,1709771466.3792684,1709771466.3828862
2119,1709771466.4779856,1709771466.4825222
2120,1709771466.5849574,1709771466.5884614
2121,1709771466.6829054,1709771466.6864567
2122,1709771466.7870255,1709771466.7901678
2123,1709771466.8793447,1709771466.8827748
2124,1709771466.9843698,1709771466.9879892
2125,1709771467.0861602,1709771467.0903943
2126,1709771467.1779912,1709771467.181408
2127,1709771467.2786796,1709771467.284051
2128,1709771467.3778987,1709771467.3833492
2129,1709771467.479198,1709771467.4840174
2130,1709771467.5806444,1709771467.5845325
2131,1709771467.676807,1709771467.6829019
2132,1709771467.7799518,1709771467.782871
2133,1709771467.8757157,1709771467.8807805
2134,1709771467.9840112,1709771467.9887657
2135,1709771468.0809584,1709771468.0842834
2136,1709771468.1867006,1709771468.1919212
2137,1709771468.280882,1709771468.287367
2138,1709771468.3762882,1709771468.3834703
2139,1709771468.478152,1709771468.481687
2140,1709771468.579765,1709771468.5832064
2141,1709771468.6870887,1709771468.6919532
2142,1709771468.7765722,1709771468.7795815
2143,1709771468.88063,1709771468.8847775
2144,1709771468.9816103,1709771468.9860625
2145,1709771469.078565,1709771469.0822039
2146,1709771469.181536,1709771469.1851692
2147,1709771469.2834408,1709771469.287536
2148,1709771469.3771799,1709771469.3821397
2149,1709771469.4839134,1709771469.4900396
2150,1709771469.5822735,1709771469.5864685
2151,1709771469.6809723,1709771469.6834276
2152,1709771469.7777004,1709771469.7816188
2153,1709771469.8971453,1709771469.9029136
2154,1709771469.977733,1709771469.9815516
2155,1709771470.0754724,1709771470.0804095
2156,1709771470.1807885,1709771470.184809
2157,1709771470.2772837,1709771470.2814336
2158,1709771470.3762753,1709771470.380686
2159,1709771470.4791873,1709771470.4875085
2160,1709771470.5869088,1709771470.591021
2161,1709771470.6783216,1709771470.6827517
2162,1709771470.779346,1709771470.7833145
2163,1709771470.8858256,1709771470.890238
2164,1709771470.9813216,1709771470.9855924
2165,1709771471.0868206,1709771471.0909305
2166,1709771471.1853788,1709771471.1906016
2167,1709771471.2787805,1709771471.2836628
2168,1709771471.3874338,1709771471.392357
2169,1709771471.4813101,1709771471.4881973
2170,1709771471.5843413,1709771471.588685
2171,1709771471.6848464,1709771471.6890872
2172,1709771471.7874255,1709771471.7874312
2173,1709771471.8827589,1709771471.8827648
2174,1709771471.9828463,1709771471.9828527
2175,1709771472.0755649,1709771472.075571
2176,1709771472.177983,1709771472.1779869
2177,1709771472.2795444,1709771472.2795491
2178,1709771472.3770163,1709771472.3770223
2179,1709771472.4816816,1709771472.4816864
2180,1709771472.5786562,1709771472.5786624
2181,1709771472.6786137,1709771472.67862
2182,1709771472.7782705,1709771472.7782743
2183,1709771472.8754826,1709771472.875488
2184,1709771472.9761853,1709771472.9761918
2185,1709771473.0770714,1709771473.0770762
2186,1709771473.1792781,1709771473.1792836
2187,1709771473.282667,1709771473.2826724
2188,1709771473.3767102,1709771473.3767157
2189,1709771473.478588,1709771473.4785922
2190,1709771473.576618,1709771473.5766225
2191,1709771473.6819892,1709771473.6819928
2192,1709771473.7808578,1709771473.7808628
2193,1709771473.8816721,1709771473.8816774
2194,1709771473.9794428,1709771473.9794483
2195,1709771474.0822175,1709771474.0822232
2196,1709771474.1819732,1709771474.1819787
2197,1709771474.2759962,1709771474.2760003
2198,1709771474.387496,1709771474.3875024
2199,1709771474.4849927,1709771474.4849997
2200,1709771474.5847266,1709771474.5847316
2201,1709771474.6813402,1709771474.6813467
2202,1709771474.805827,1709771474.8058321
2203,1709771474.883804,1709771474.8838089
2204,1709771474.9798677,1709771474.9798732
2205,1709771475.0880039,1709771475.0880108
2206,1709771475.1871514,1709771475.1871574
2207,1709771475.2839932,1709771475.284
2208,1709771475.3797886,1709771475.3797948
2209,1709771475.4790354,1709771475.4790387
2210,1709771475.5786247,1709771475.578631
2211,1709771475.679699,1709771475.6797051
2212,1709771475.7760115,1709771475.7760177
2213,1709771475.8812735,1709771475.8812773
2214,1709771475.976423,1709771475.9764273
2215,1709771476.0758336,1709771476.0758407
2216,1709771476.1757088,1709771476.175714
2217,1709771476.2768486,1709771476.276855
2218,1709771476.3753328,1709771476.3753386
2219,1709771476.4854226,1709771476.4854298
2220,1709771476.5774078,1709771476.5774117
2221,1709771476.6815884,1709771476.6815953
2222,1709771476.775507,1709771476.7755122
2223,1709771476.8918731,1709771476.8918786
2224,1709771476.9827974,1709771476.9828033
2225,1709771477.083317,1709771477.0833232
2226,1709771477.179056,1709771477.1790602
2227,1709771477.2780714,1709771477.278077
2228,1709771477.375594,1709771477.3755996
2229,1709771477.4856796,1709771477.4856858
2230,1709771477.5759263,1709771477.5759318
2231,1709771477.6797194,1709771477.679724
2232,1709771477.7824843,1709771477.782491
2233,1709771477.878112,1709771477.8781173
2234,1709771477.9751587,1709771477.9751647
2235,1709771478.085854,1709771478.0858614
2236,1709771478.1828296,1709771478.182836
2237,1709771478.2839875,1709771478.2839956
2238,1709771478.3802032,1709771478.380207
2239,1709771478.475443,1709771478.4754481
2240,1709771478.5844927,1709771478.5844991
2241,1709771478.6790733,1709771478.6790805
2242,1709771478.7749727,1709771478.7749782
2243,1709771478.876916,1709771478.8769214
2244,1709771478.9780455,1709771478.978052
2245,1709771479.0829008,1709771479.0829082
2246,1709771479.1757636,1709771479.1757703
2247,1709771479.2797594,1709771479.2797663
2248,1709771479.3770792,1709771479.3770854
2249,1709771479.4787426,1709771479.4787486
2250,1709771479.5849092,1709771479.5849156
2251,1709771479.6784031,1709771479.67841
2252,1709771479.7786076,1709771479.7786138
2253,1709771479.8835936,1709771479.8835988
2254,1709771479.9760156,1709771479.9760213
2255,1709771480.0751312,1709771480.0751367
2256,1709771480.1752877,1709771480.175294
2257,1709771480.2800305,1709771480.2800357
2258,1709771480.386063,1709771480.3860698
2259,1709771480.483017,1709771480.483023
2260,1709771480.5822923,1709771480.582298
2261,1709771480.6870675,1709771480.6870728
2262,1709771480.7753189,1709771480.775324
2263,1709771480.8796418,1709771480.8796487
2264,1709771480.9784179,1709771480.9784262
2265,1709771481.080259,1709771481.080263
2266,1709771481.1782854,1709771481.1782925
2267,1709771481.2825701,1709771481.2825766
2268,1709771481.3844442,1709771481.38445
2269,1709771481.4758217,1709771481.4758277
2270,1709771481.5854535,1709771481.5854595
2271,1709771481.6849728,1709771481.6849794
2272,1709771481.7784836,1709771481.7784896
2273,1709771481.8801303,1709771481.880136
2274,1709771481.9824185,1709771481.982426
2275,1709771482.079478,1709771482.079484
2276,1709771482.1788304,1709771482.1788368
2277,1709771482.281469,1709771482.2814755
2278,1709771482.3830304,1709771482.3830364
2279,1709771482.4823833,1709771482.4823892
2280,1709771482.5757716,1709771482.5757775
2281,1709771482.6753166,1709771482.6753225
2282,1709771482.7765815,1709771482.7765863
2283,1709771482.8809698,1709771482.8809757
2284,1709771482.9759288,1709771482.9759352
2285,1709771483.081679,1709771483.0816848
2286,1709771483.177825,1709771483.1778288
2287,1709771483.2763407,1709771483.2763467
2288,1709771483.3768768,1709771483.3768835
2289,1709771483.4765189,1709771483.476525
2290,1709771483.577482,1709771483.577486
2291,1709771483.6776383,1709771483.677644
2292,1709771483.7753303,1709771483.7753344
2293,1709771483.881466,1709771483.8814714
2294,1709771484.009733,1709771484.00974
2295,1709771484.0758762,1709771484.075881
2296,1709771484.175755,1709771484.175762
2297,1709771484.28001,1709771484.2800157
2298,1709771484.380889,1709771484.3808944
2299,1709771484.4843671,1709771484.4843724
2300,1709771484.578025,1709771484.5780315
2301,1709771484.6833193,1709771484.6833248
2302,1709771484.778232,1709771484.7782366
2303,1709771484.8800519,1709771484.8800576
2304,1709771484.9818318,1709771484.981837
2305,1709771485.0791252,1709771485.0791314
2306,1709771485.1751454,1709771485.175151
2307,1709771485.275083,1709771485.2750874
2308,1709771485.3838024,1709771485.3838077
2309,1709771485.4812012,1709771485.4812074
2310,1709771485.583168,1709771485.5831733
2311,1709771485.6811872,1709771485.6811926
2312,1709771485.7763646,1709771485.7763708
2313,1709771485.8774052,1709771485.8774097
2314,1709771485.9768822,1709771485.980799
2315,1709771486.0822566,1709771486.0864792
2316,1709771486.1845407,1709771486.1878948
2317,1709771486.2802699,1709771486.2828732
2318,1709771486.3782194,1709771486.3823936
2319,1709771486.4795325,1709771486.4839866
2320,1709771486.575425,1709771486.5788722
2321,1709771486.680678,1709771486.6847403
2322,1709771486.77636,1709771486.7793293
2323,1709771486.8760116,1709771486.8786163
2324,1709771486.9824944,1709771486.9862978
2325,1709771487.0757844,1709771487.0782218
2326,1709771487.1795568,1709771487.1843333
2327,1709771487.283059,1709771487.2874534
2328,1709771487.3758137,1709771487.3802102
2329,1709771487.4825828,1709771487.4865904
2330,1709771487.5806735,1709771487.5843973
2331,1709771487.6778584,1709771487.6832898
2332,1709771487.77564,1709771487.7793217
2333,1709771487.8845959,1709771487.8893619
2334,1709771487.9788888,1709771487.9825585
2335,1709771488.0886974,1709771488.0929027
2336,1709771488.1766746,1709771488.1804633
2337,1709771488.282852,1709771488.2874737
2338,1709771488.3768108,1709771488.3803723
2339,1709771488.4833984,1709771488.4876876
2340,1709771488.5749023,1709771488.5786543
2341,1709771488.6751518,1709771488.6789186
2342,1709771488.7764528,1709771488.7802563
2343,1709771488.8799994,1709771488.8834157
2344,1709771488.980421,1709771488.984888
2345,1709771489.0805755,1709771489.084691
2346,1709771489.1808863,1709771489.1852856
2347,1709771489.280444,1709771489.2850695
2348,1709771489.3833287,1709771489.3875146
2349,1709771489.4756274,1709771489.4785388
2350,1709771489.5814648,1709771489.5861223
2351,1709771489.6832714,1709771489.6875362
2352,1709771489.7790904,1709771489.7825587
2353,1709771489.8786776,1709771489.8830206
2354,1709771489.9815493,1709771489.9860716
2355,1709771490.0815587,1709771490.087071
2356,1709771490.1772866,1709771490.1798966
2357,1709771490.2762308,1709771490.278987
2358,1709771490.3801775,1709771490.3844786
2359,1709771490.4813623,1709771490.484944
2360,1709771490.579724,1709771490.5852056
2361,1709771490.6807275,1709771490.6849597
2362,1709771490.7766263,1709771490.779352
2363,1709771490.8802178,1709771490.882899
2364,1709771490.9837449,1709771490.9898071
2365,1709771491.0795174,1709771491.0825179
2366,1709771491.185228,1709771491.1904426
2367,1709771491.2765129,1709771491.2805088
2368,1709771491.3843493,1709771491.388335
2369,1709771491.4774828,1709771491.4816866
2370,1709771491.5754194,1709771491.5792737
2371,1709771491.6825166,1709771491.6870997
2372,1709771491.7821207,1709771491.786971
2373,1709771491.8766842,1709771491.8810189
2374,1709771491.9815595,1709771491.9846966
2375,1709771492.0766768,1709771492.081065
2376,1709771492.180255,1709771492.1850464
2377,1709771492.2772343,1709771492.280916
2378,1709771492.3777912,1709771492.3802521
2379,1709771492.4772136,1709771492.4810631
2380,1709771492.5791996,1709771492.5838068
2381,1709771492.6831288,1709771492.6876197
2382,1709771492.776589,1709771492.7806861
2383,1709771493.2142496,1709771493.2142577
2384,1709771493.2234883,1709771493.2234936
2385,1709771493.2811012,1709771493.281108
2386,1709771493.380839,1709771493.3808455
2387,1709771493.4805832,1709771493.4805903
2388,1709771493.5755093,1709771493.5755148
2389,1709771493.676261,1709771493.6762671
2390,1709771493.7755194,1709771493.7755244
2391,1709771493.883977,1709771493.883983
2392,1709771493.9848342,1709771493.9848425
2393,1709771494.0812876,1709771494.081294
2394,1709771494.1820557,1709771494.1820617
2395,1709771494.2816126,1709771494.2816193
2396,1709771494.3755155,1709771494.375521
2397,1709771494.4849985,1709771494.4850056
2398,1709771494.58274,1709771494.5827465
2399,1709771494.681137,1709771494.6811438
2400,1709771494.7818165,1709771494.781822
2401,1709771494.8838744,1709771494.8838804
2402,1709771494.9751375,1709771494.975144
2403,1709771495.0776556,1709771495.07766
2404,1709771495.1842933,1709771495.1843007
2405,1709771495.285157,1709771495.2851613
2406,1709771495.3780644,1709771495.3780725
2407,1709771495.481319,1709771495.4813254
2408,1709771495.5758026,1709771495.5758064
2409,1709771495.69017,1709771495.690174
2410,1709771495.775843,1709771495.775847
2411,1709771495.881639,1709771495.8816447
2412,1709771495.9865406,1709771495.9865465
2413,1709771496.10772,1709771496.1077273
2414,1709771496.1811466,1709771496.1811516
2415,1709771496.2771914,1709771496.2771978
2416,1709771496.3794153,1709771496.3794222
2417,1709771496.4806,1709771496.4806063
2418,1709771496.5819397,1709771496.581948
2419,1709771496.6824603,1709771496.682466
2420,1709771496.7857668,1709771496.7857728
2421,1709771496.8799622,1709771496.8799684
2422,1709771496.9810112,1709771496.9810166
2423,1709771497.0837522,1709771497.0837584
2424,1709771497.175917,1709771497.175923
2425,1709771497.2851944,1709771497.2852008
2426,1709771497.3825743,1709771497.3825786
2427,1709771497.4824584,1709771497.4824665
2428,1709771497.5778127,1709771497.5778189
2429,1709771497.6758685,1709771497.675873
2430,1709771497.7807322,1709771497.7807379
2431,1709771497.8832142,1709771497.8832202
2432,1709771497.9832625,1709771497.9832683
2433,1709771498.0774295,1709771498.0774367
2434,1709771498.1838264,1709771498.1838322
2435,1709771498.2754457,1709771498.275451
2436,1709771498.3754518,1709771498.3754582
2437,1709771498.4785845,1709771498.47859
2438,1709771498.575291,1709771498.575297
2439,1709771498.675357,1709771498.675362
2440,1709771498.7770984,1709771498.7771034
2441,1709771498.8753216,1709771498.8753295
2442,1709771498.9796815,1709771498.9796877
2443,1709771499.07495,1709771499.0749543
2444,1709771499.183925,1709771499.1839309
2445,1709771499.2783341,1709771499.2783394
2446,1709771499.3749223,1709771499.374929
2447,1709771499.48227,1709771499.4822738
2448,1709771499.5855825,1709771499.585589
2449,1709771499.686731,1709771499.686737
2450,1709771499.783422,1709771499.7834263
2451,1709771499.8814592,1709771499.8814645
2452,1709771499.9816663,1709771499.9816728
2453,1709771500.080832,1709771500.0808387
2454,1709771500.1826215,1709771500.1826277
2455,1709771500.2809813,1709771500.2809854
2456,1709771500.3784623,1709771500.3784676
2457,1709771500.4836605,1709771500.4836664
2458,1709771500.5818517,1709771500.5818577
2459,1709771500.684284,1709771500.68429
2460,1709771500.7754078,1709771500.7754135
2461,1709771500.878525,1709771500.8785288
2462,1709771500.9755464,1709771500.9755511
2463,1709771501.0814824,1709771501.0814896
2464,1709771501.1777837,1709771501.177794
2465,1709771501.2820458,1709771501.282052
2466,1709771501.3748925,1709771501.374898
2467,1709771501.480316,1709771501.480323
2468,1709771501.58467,1709771501.5846748
2469,1709771501.6829805,1709771501.6829858
2470,1709771501.7751763,1709771501.7751834
2471,1709771501.8807364,1709771501.8807425
2472,1709771501.9792445,1709771501.9792511
2473,1709771502.0845306,1709771502.0845366
2474,1709771502.184541,1709771502.1845472
2475,1709771502.2806182,1709771502.2806222
2476,1709771502.3758101,1709771502.3758142
2477,1709771502.4772308,1709771502.4772384
2478,1709771502.5847216,1709771502.5847282
2479,1709771502.6846497,1709771502.6846552
2480,1709771502.7762766,1709771502.7762847
2481,1709771502.876822,1709771502.8768313
2482,1709771502.9768965,1709771502.9769027
2483,1709771503.0821092,1709771503.0821142
2484,1709771503.2102826,1709771503.210294
2485,1709771503.2797892,1709771503.2797945
2486,1709771503.3760278,1709771503.376034
2487,1709771503.479261,1709771503.4792664
2488,1709771503.5752301,1709771503.575236
2489,1709771503.6806707,1709771503.6806767
2490,1709771503.7751772,1709771503.7751834
2491,1709771503.8800843,1709771503.8800886
2492,1709771503.9765446,1709771503.976551
2493,1709771504.0833268,1709771504.083333
2494,1709771504.182958,1709771504.182964
2495,1709771504.2757888,1709771504.275794
2496,1709771504.380643,1709771504.3806493
2497,1709771504.4790416,1709771504.4790454
2498,1709771504.5826719,1709771504.582678
2499,1709771504.6820834,1709771504.6820889
2500,1709771504.776989,1709771504.7769945
2501,1709771504.8780885,1709771504.878092
2502,1709771504.9802978,1709771504.9803042
2503,1709771505.0796344,1709771505.0796409
2504,1709771505.1815658,1709771505.1815696
2505,1709771505.2772357,1709771505.2772412
2506,1709771505.379497,1709771505.3795006
2507,1709771505.4834275,1709771505.483432
2508,1709771505.5756671,1709771505.5756733
2509,1709771505.679084,1709771505.67909
2510,1709771505.7751868,1709771505.7751937
2511,1709771505.884098,1709771505.8841028
2512,1709771505.9792674,1709771505.9792724
2513,1709771506.0799897,1709771506.0799954
2514,1709771506.1810157,1709771506.1810212
2515,1709771506.2767372,1709771506.276741
2516,1709771506.3803525,1709771506.3803563
2517,1709771506.475598,1709771506.4756033
2518,1709771506.585171,1709771506.585177
2519,1709771506.6794887,1709771506.679493
2520,1709771506.7807038,1709771506.7807097
2521,1709771506.8803258,1709771506.8803308
2522,1709771506.9827604,1709771506.9827664
2523,1709771507.075437,1709771507.0754428
2524,1709771507.1795952,1709771507.1796005
2525,1709771507.279431,1709771507.279437
2526,1709771507.3827205,1709771507.3827248
2527,1709771507.4815211,1709771507.4815273
2528,1709771507.5965936,1709771507.5965998
2529,1709771507.6840594,1709771507.6840665
2530,1709771507.7794967,1709771507.7795022
2531,1709771507.875321,1709771507.875326
2532,1709771507.9757066,1709771507.9757125
2533,1709771508.0754704,1709771508.0754747
2534,1709771508.1765199,1709771508.1765256
2535,1709771508.2760155,1709771508.2760212
2536,1709771508.3756707,1709771508.375677
2537,1709771508.4755108,1709771508.475516
2538,1709771508.5754411,1709771508.575445
2539,1709771508.6791713,1709771508.6791768
2540,1709771508.7758288,1709771508.775834
2541,1709771508.8757734,1709771508.8757794
2542,1709771508.9789202,1709771508.9789255
2543,1709771509.0751235,1709771509.0751288
2544,1709771509.1754122,1709771509.1754177
2545,1709771509.2759576,1709771509.2759624
2546,1709771509.3780475,1709771509.3780534
2547,1709771509.477663,1709771509.4776692
2548,1709771509.5752184,1709771509.5752256
2549,1709771509.676828,1709771509.6768358
2550,1709771509.7752478,1709771509.7752526
2551,1709771509.875161,1709771509.8751667
2552,1709771509.9755538,1709771509.9755607
2553,1709771510.075804,1709771510.0758097
2554,1709771510.178192,1709771510.1782007
2555,1709771510.2749202,1709771510.2749252
2556,1709771510.3782544,1709771510.3782609
2557,1709771510.4761014,1709771510.4761076
2558,1709771510.5840807,1709771510.5840864
2559,1709771510.6873505,1709771510.687357
2560,1709771510.7793841,1709771510.7793875
2561,1709771510.8747542,1709771510.8747587
2562,1709771510.9756424,1709771510.975647
2563,1709771511.0751317,1709771511.0751374
2564,1709771511.1870205,1709771511.187027
2565,1709771511.2753992,1709771511.2754052
2566,1709771511.3798592,1709771511.3798647
2567,1709771511.490491,1709771511.4904974
2568,1709771511.5752826,1709771511.575289
2569,1709771511.6779122,1709771511.6779172
2570,1709771511.778766,1709771511.7787712
2571,1709771511.882879,1709771511.882887
2572,1709771511.9787948,1709771511.9788
2573,1709771512.0905638,1709771512.0905688
2574,1709771512.1841578,1709771512.184166
2575,1709771512.2871332,1709771512.2871368
2576,1709771512.3830814,1709771512.3830884
2577,1709771512.4754934,1709771512.4755006
2578,1709771512.5783546,1709771512.5783608
2579,1709771512.689859,1709771512.6898649
2580,1709771512.7846026,1709771512.7846086
2581,1709771512.8774478,1709771512.8774543
2582,1709771512.982926,1709771512.9829311
2583,1709771513.0778408,1709771513.077846
2584,1709771513.1778922,1709771513.177931
2585,1709771513.2778456,1709771513.2779372
2586,1709771513.3755236,1709771513.3756166
2587,1709771513.4796,1709771513.4796894
2588,1709771513.575206,1709771513.5752797
2589,1709771513.675675,1709771513.6757236
2590,1709771513.780599,1709771513.7806854
2591,1709771513.8832347,1709771513.883317
2592,1709771513.9748695,1709771513.974951
2593,1709771514.07623,1709771514.0763075
2594,1709771514.1748586,1709771514.1748931
2595,1709771514.278198,1709771514.2782607
2596,1709771514.3814044,1709771514.3814623
2597,1709771514.4791393,1709771514.4792075
2598,1709771514.5817323,1709771514.5818021
2599,1709771514.6791975,1709771514.6792443
2600,1709771514.779514,1709771514.7795608
2601,1709771514.8774886,1709771514.8776138
2602,1709771514.9770565,1709771514.977132
2603,1709771515.0783138,1709771515.078409
2604,1709771515.1991987,1709771515.1992786
2605,1709771515.2757287,1709771515.2758486
2606,1709771515.3789256,1709771515.3789809
2607,1709771515.4827971,1709771515.4828687
2608,1709771515.5789247,1709771515.5790083
2609,1709771515.678455,1709771515.6785398
2610,1709771515.7817733,1709771515.7818208
2611,1709771515.8774679,1709771515.8775365
2612,1709771515.9809477,1709771515.9810195
2613,1709771516.0795712,1709771516.0796738
2614,1709771516.177849,1709771516.1779313
2615,1709771516.2843556,1709771516.284442
2616,1709771516.37912,1709771516.3792005
2617,1709771516.477531,1709771516.477599
2618,1709771516.5781705,1709771516.578211
2619,1709771516.6793191,1709771516.6793702
2620,1709771516.7755916,1709771516.7756436
2621,1709771516.8836548,1709771516.8837395
2622,1709771516.979442,1709771516.9795375
2623,1709771517.0779579,1709771517.0780373
2624,1709771517.1818588,1709771517.1818671
2625,1709771517.274717,1709771517.2747242
2626,1709771517.3791995,1709771517.3792067
2627,1709771517.4842806,1709771517.4842856
2628,1709771517.5783017,1709771517.5783107
2629,1709771517.6809258,1709771517.6809335
2630,1709771517.7808502,1709771517.7808568
2631,1709771517.8756578,1709771517.8756645
2632,1709771517.9825416,1709771517.9825509
2633,1709771518.0805042,1709771518.0805135
2634,1709771518.1777744,1709771518.1777825
2635,1709771518.2787232,1709771518.2787302
2636,1709771518.3826587,1709771518.3826647
2637,1709771518.4800544,1709771518.4800606
2638,1709771518.575953,1709771518.5759592
2639,1709771518.6796272,1709771518.6796343
2640,1709771518.78026,1709771518.7802665
2641,1709771518.8799982,1709771518.8800051
2642,1709771518.9852152,1709771518.9852207
2643,1709771519.0774055,1709771519.0774124
2644,1709771519.1813033,1709771519.1855416
2645,1709771519.280576,1709771519.2852
2646,1709771519.3796208,1709771519.3833797
2647,1709771519.4789634,1709771519.4833426
2648,1709771519.578649,1709771519.582879
2649,1709771519.677521,1709771519.6802866
2650,1709771519.780681,1709771519.7837007
2651,1709771519.8806415,1709771519.8850505
2652,1709771519.977888,1709771519.9808867
2653,1709771520.081381,1709771520.0862403
2654,1709771520.1820939,1709771520.186205
2655,1709771520.2770576,1709771520.2807975
2656,1709771520.3808777,1709771520.385244
2657,1709771520.4803174,1709771520.4838846
2658,1709771520.5788996,1709771520.5831482
2659,1709771520.6795962,1709771520.6831338
2660,1709771520.7791643,1709771520.7833817
2661,1709771520.8800082,1709771520.884257
2662,1709771520.9793303,1709771520.9835598
2663,1709771521.0882084,1709771521.0925577
2664,1709771521.1772954,1709771521.1813002
2665,1709771521.2821994,1709771521.2881842
2666,1709771521.3829527,1709771521.38659
2667,1709771521.476873,1709771521.4813058
2668,1709771521.5829597,1709771521.586838
2669,1709771521.688049,1709771521.6921973
2670,1709771521.787597,1709771521.7916508
2671,1709771521.8756347,1709771521.883696
2672,1709771521.9781241,1709771521.9827895
2673,1709771522.0789855,1709771522.0840914
2674,1709771522.1806638,1709771522.192876
2675,1709771522.3121052,1709771522.3159235
2676,1709771522.3850362,1709771522.3889797
2677,1709771522.475656,1709771522.4798093
2678,1709771522.577598,1709771522.5819473
2679,1709771522.6758292,1709771522.6795733
2680,1709771522.7799253,1709771522.7829745
2681,1709771522.879515,1709771522.8835337
2682,1709771522.9787598,1709771522.9823825
2683,1709771523.0756989,1709771523.0794847
2684,1709771523.175546,1709771523.1793242
2685,1709771523.2789237,1709771523.2824402
2686,1709771523.376727,1709771523.3805916
2687,1709771523.478767,1709771523.482892
2688,1709771523.5840313,1709771523.5885282
2689,1709771523.6866355,1709771523.6915107
2690,1709771523.780424,1709771523.785031
2691,1709771523.8826032,1709771523.8872995
2692,1709771523.9786186,1709771523.982393
2693,1709771524.0854125,1709771524.0899765
2694,1709771524.1830802,1709771524.1868117
2695,1709771524.2774498,1709771524.2774558
2696,1709771524.378265,1709771524.3782709
2697,1709771524.4871447,1709771524.4871507
2698,1709771524.575112,1709771524.5751164
2699,1709771524.6791716,1709771524.679176
2700,1709771524.7830167,1709771524.7830222
2701,1709771524.8816535,1709771524.8816595
2702,1709771524.9828746,1709771524.9828806
2703,1709771525.07627,1709771525.0762775
2704,1709771525.1819422,1709771525.181948
2705,1709771525.278803,1709771525.2788086
2706,1709771525.375382,1709771525.3753874
2707,1709771525.481168,1709771525.4811735
2708,1709771525.578186,1709771525.5781918
2709,1709771525.6802757,1709771525.680282
2710,1709771525.7797208,1709771525.7797258
2711,1709771525.881659,1709771525.881666
2712,1709771525.9891825,1709771525.9891891
2713,1709771526.090136,1709771526.0901427
2714,1709771526.1877959,1709771526.1878037
2715,1709771526.2775068,1709771526.2775133
2716,1709771526.3823545,1709771526.3823605
2717,1709771526.4798746,1709771526.479879
2718,1709771526.5854287,1709771526.5854352
2719,1709771526.6907356,1709771526.690742
2720,1709771526.7752957,1709771526.7753022
2721,1709771526.8804934,1709771526.8804977
2722,1709771526.983773,1709771526.983779
2723,1709771527.0837524,1709771527.083758
2724,1709771527.1821153,1709771527.1821206
2725,1709771527.2789223,1709771527.278928
2726,1709771527.3800495,1709771527.3800569
2727,1709771527.4894922,1709771527.489946
2728,1709771527.5838296,1709771527.5838335
2729,1709771527.67651,1709771527.6765163
2730,1709771527.788095,1709771527.7881012
2731,1709771527.8792634,1709771527.8792746
2732,1709771527.9747274,1709771527.9747307
2733,1709771528.0888658,1709771528.0888715
2734,1709771528.1748347,1709771528.1748402
2735,1709771528.2749774,1709771528.2749827
2736,1709771528.3798733,1709771528.3798783
2737,1709771528.4791083,1709771528.4791117
2738,1709771528.5830967,1709771528.5831025
2739,1709771528.6856775,1709771528.6856835
2740,1709771528.77561,1709771528.7756164
2741,1709771528.8790076,1709771528.8790138
2742,1709771528.9857845,1709771528.9857903
2743,1709771529.0757349,1709771529.0757418
2744,1709771529.1864731,1709771529.1864789
2745,1709771529.2915468,1709771529.291553
2746,1709771529.3870077,1709771529.3870142
2747,1709771529.4757133,1709771529.4757187
2748,1709771529.5773697,1709771529.5773757
2749,1709771529.6816576,1709771529.6816642
2750,1709771529.7780132,1709771529.7780194
2751,1709771529.8799179,1709771529.8799224
2752,1709771529.981256,1709771529.981262
2753,1709771530.0885735,1709771530.0885797
2754,1709771530.186673,1709771530.1866794
2755,1709771530.2754095,1709771530.275415
2756,1709771530.3862753,1709771530.3862813
2757,1709771530.4785395,1709771530.478548
2758,1709771530.586484,1709771530.5864885
2759,1709771530.676078,1709771530.6760845
2760,1709771530.7788653,1709771530.7788732
2761,1709771530.8897095,1709771530.8897157
2762,1709771530.9749255,1709771530.9749293
2763,1709771531.077198,1709771531.077204
2764,1709771531.1856725,1709771531.1856792
2765,1709771531.287017,1709771531.287023
2766,1709771531.3853648,1709771531.3853714
2767,1709771531.4849339,1709771531.4849408
2768,1709771531.581865,1709771531.5818706
2769,1709771531.675753,1709771531.6757581
2770,1709771531.780705,1709771531.780711
2771,1709771531.8776507,1709771531.877657
2772,1709771531.9798288,1709771531.9798362
2773,1709771532.0803227,1709771532.0803292
2774,1709771532.1848106,1709771532.18482
2775,1709771532.2792814,1709771532.2792876
2776,1709771532.3855097,1709771532.3855164
2777,1709771532.4759865,1709771532.4759932
2778,1709771532.575565,1709771532.575572
2779,1709771532.6896892,1709771532.6896946
2780,1709771532.786648,1709771532.7866538
2781,1709771532.8830144,1709771532.88302
2782,1709771532.979027,1709771532.9790328
2783,1709771533.0869293,1709771533.0869358
2784,1709771533.1782992,1709771533.1783059
2785,1709771533.2984934,1709771533.2984984
2786,1709771533.383467,1709771533.3834727
2787,1709771533.489061,1709771533.4890676
2788,1709771533.5887666,1709771533.5887718
2789,1709771533.6810398,1709771533.681047
2790,1709771533.780519,1709771533.7805262
2791,1709771533.87862,1709771533.8786273
2792,1709771533.979455,1709771533.9794602
2793,1709771534.075732,1709771534.0757387
2794,1709771534.1788762,1709771534.1788821
2795,1709771534.2802396,1709771534.2802455
2796,1709771534.3759017,1709771534.3759084
2797,1709771534.486309,1709771534.4863153
2798,1709771534.5758386,1709771534.5758445
2799,1709771534.6798756,1709771534.6798813
2800,1709771534.7929559,1709771534.7929611
2801,1709771534.8793187,1709771534.879325
2802,1709771534.9756293,1709771534.975679
2803,1709771535.101457,1709771535.1014626
2804,1709771535.1804063,1709771535.1804128
2805,1709771535.275085,1709771535.2750912
2806,1709771535.392217,1709771535.3922224
2807,1709771535.4831483,1709771535.4831548
2808,1709771535.5812383,1709771535.5812442
2809,1709771535.6825461,1709771535.6825519
2810,1709771535.778061,1709771535.7780669
2811,1709771535.8831103,1709771535.883116
2812,1709771535.9871137,1709771535.9871194
2813,1709771536.085867,1709771536.085872
2814,1709771536.182255,1709771536.1822634
2815,1709771536.2894478,1709771536.2894526
2816,1709771536.3788621,1709771536.3788679
2817,1709771536.4798374,1709771536.4798439
2818,1709771536.5790591,1709771536.5790627
2819,1709771536.6769161,1709771536.6769228
2820,1709771536.7832086,1709771536.783214
2821,1709771536.880837,1709771536.8808448
2822,1709771536.9920952,1709771536.9921017
2823,1709771537.0826344,1709771537.0826395
2824,1709771537.1796405,1709771537.1796465
2825,1709771537.2878907,1709771537.2878966
2826,1709771537.3752174,1709771537.3752246
2827,1709771537.486264,1709771537.486269
2828,1709771537.5814624,1709771537.5814679
2829,1709771537.6792438,1709771537.6792495
2830,1709771537.7766416,1709771537.776646
2831,1709771537.8769748,1709771537.8769803
2832,1709771537.9849997,1709771537.9850059
2833,1709771538.0856135,1709771538.0856206
2834,1709771538.1811566,1709771538.1811607
2835,1709771538.2820494,1709771538.2820547
2836,1709771538.3852267,1709771538.385233
2837,1709771538.486078,1709771538.4860837
2838,1709771538.5864499,1709771538.586456
2839,1709771538.6871758,1709771538.6871848
2840,1709771538.782288,1709771538.7822936
2841,1709771538.8803244,1709771538.8803306
2842,1709771538.9799745,1709771538.9799807
2843,1709771539.0859923,1709771539.0859988
2844,1709771539.180115,1709771539.1801212
2845,1709771539.2806947,1709771539.2807002
2846,1709771539.3810134,1709771539.3810189
2847,1709771539.480904,1709771539.480909
2848,1709771539.575594,1709771539.5756
2849,1709771539.685027,1709771539.6850317
2850,1709771539.7873833,1709771539.787389
2851,1709771539.8933234,1709771539.8933299
2852,1709771539.986835,1709771539.9868417
2853,1709771540.079068,1709771540.079073
2854,1709771540.1802888,1709771540.1802926
2855,1709771540.2843487,1709771540.2843525
2856,1709771540.3809342,1709771540.3809395
2857,1709771540.5104842,1709771540.5104911
2858,1709771540.5802023,1709771540.5802078
2859,1709771540.6792853,1709771540.6792917
2860,1709771540.775163,1709771540.7751691
2861,1709771540.8833942,1709771540.8834004
2862,1709771540.9765313,1709771540.976536
2863,1709771541.0838013,1709771541.0838068
2864,1709771541.1795979,1709771541.1796029
2865,1709771541.2835803,1709771541.2835872
2866,1709771541.3777485,1709771541.3777523
2867,1709771541.4765189,1709771541.4765248
2868,1709771541.580814,1709771541.5808454
2869,1709771541.6796498,1709771541.6796536
2870,1709771541.7755675,1709771541.7755723
2871,1709771541.8770027,1709771541.877008
2872,1709771541.9828181,1709771541.982824
2873,1709771542.075988,1709771542.0759952
2874,1709771542.1842313,1709771542.184237
2875,1709771542.2813885,1709771542.2813945
2876,1709771542.3794158,1709771542.3794217
2877,1709771542.4880714,1709771542.488079
2878,1709771542.5760522,1709771542.5760586
2879,1709771542.6752162,1709771542.675222
2880,1709771542.777694,1709771542.7776995
2881,1709771542.8757262,1709771542.875731
2882,1709771542.985221,1709771542.9852273
2883,1709771543.0803647,1709771543.0803704
2884,1709771543.1795747,1709771543.1795795
2885,1709771543.2791665,1709771543.279173
2886,1709771543.3803074,1709771543.3803136
2887,1709771543.4856408,1709771543.4856489
2888,1709771543.584223,1709771543.5842278
2889,1709771543.6760073,1709771543.676013
2890,1709771543.7805676,1709771543.7805743
2891,1709771543.882329,1709771543.882335
2892,1709771543.9770975,1709771543.9771028
2893,1709771544.083637,1709771544.0836446
2894,1709771544.1754327,1709771544.175438
2895,1709771544.279124,1709771544.279131
2896,1709771544.379352,1709771544.379358
2897,1709771544.4832628,1709771544.4832685
2898,1709771544.5837772,1709771544.5837839
2899,1709771544.6755023,1709771544.675508
2900,1709771544.7752733,1709771544.7752798
2901,1709771544.875242,1709771544.875248
2902,1709771544.9770072,1709771544.9770124
2903,1709771545.0809603,1709771545.080966
2904,1709771545.1773381,1709771545.1773438
2905,1709771545.2760534,1709771545.2760575
2906,1709771545.37727,1709771545.3772767
2907,1709771545.4854076,1709771545.485415
2908,1709771545.5812478,1709771545.5812533
2909,1709771545.6826234,1709771545.6826298
2910,1709771545.7758996,1709771545.7759051
2911,1709771545.8823428,1709771545.8823493
2912,1709771545.9827893,1709771545.9827995
2913,1709771546.0758228,1709771546.075828
2914,1709771546.1806643,1709771546.1806703
2915,1709771546.280449,1709771546.2804565
2916,1709771546.383764,1709771546.3837714
2917,1709771546.4781601,1709771546.478164
2918,1709771546.5806155,1709771546.5806208
2919,1709771546.679182,1709771546.6791885
2920,1709771546.7784972,1709771546.778501
2921,1709771546.8782864,1709771546.878293
2922,1709771546.978193,1709771546.978197
2923,1709771547.0837796,1709771547.0837843
2924,1709771547.1844037,1709771547.18441
2925,1709771547.2796073,1709771547.279613
2926,1709771547.3790927,1709771547.3790987
2927,1709771547.478171,1709771547.4781792
2928,1709771547.5984006,1709771547.5984075
2929,1709771547.6786566,1709771547.6786625
2930,1709771547.7752573,1709771547.7752633
2931,1709771547.879479,1709771547.879485
2932,1709771547.9801557,1709771547.9801598
2933,1709771548.0788116,1709771548.0788183
2934,1709771548.1779528,1709771548.1779594
2935,1709771548.2791348,1709771548.2791412
2936,1709771548.3749628,1709771548.3749685
2937,1709771548.4841099,1709771548.484116
2938,1709771548.5814555,1709771548.5814595
2939,1709771548.6830122,1709771548.6830163
2940,1709771548.783153,1709771548.7831595
2941,1709771548.8755665,1709771548.8755727
2942,1709771548.9803324,1709771548.9803393
2943,1709771549.0757115,1709771549.0757174
2944,1709771549.1841648,1709771549.1841712
2945,1709771549.2832663,1709771549.283271
2946,1709771549.3770428,1709771549.3770487
2947,1709771549.482805,1709771549.4828095
2948,1709771549.5855978,1709771549.585604
2949,1709771549.6777368,1709771549.677742
2950,1709771549.7808924,1709771549.7808979
2951,1709771549.8826447,1709771549.8826506
2952,1709771549.975661,1709771549.9756675
2953,1709771550.07526,1709771550.0752661
2954,1709771550.1803472,1709771550.1803524
2955,1709771550.2783322,1709771550.2783391
2956,1709771550.3840036,1709771550.3840115
2957,1709771550.4812644,1709771550.4812686
2958,1709771550.578742,1709771550.5787456
2959,1709771550.683194,1709771550.6831996
2960,1709771550.7845867,1709771550.7845924
2961,1709771550.8818262,1709771550.8818321
2962,1709771550.9807365,1709771550.9807403
2963,1709771551.0754642,1709771551.07547
2964,1709771551.1790752,1709771551.1790812
2965,1709771551.2811263,1709771551.2811332
2966,1709771551.379787,1709771551.3797913
2967,1709771551.4792995,1709771551.4793036
2968,1709771551.580052,1709771551.5800583
2969,1709771551.6800776,1709771551.6800818
2970,1709771551.7799845,1709771551.7799902
2971,1709771551.881175,1709771551.8811827
2972,1709771551.9841444,1709771551.984151
2973,1709771552.0798318,1709771552.0798383
2974,1709771552.1750352,1709771552.1750417
2975,1709771552.2821372,1709771552.282144
2976,1709771552.3808348,1709771552.3808408
2977,1709771552.4794283,1709771552.479435
2978,1709771552.5758376,1709771552.5758455
2979,1709771552.6836338,1709771552.6836448
2980,1709771552.7758334,1709771552.7758398
2981,1709771552.8752272,1709771552.875231
2982,1709771552.9840927,1709771552.9840982
2983,1709771553.0800364,1709771553.0800428
2984,1709771553.182244,1709771553.1822505
2985,1709771553.275491,1709771553.275495
2986,1709771553.3778756,1709771553.3778794
2987,1709771553.4755235,1709771553.4755292
2988,1709771553.5794613,1709771553.579468
2989,1709771553.6789217,1709771553.6789274
2990,1709771553.7817006,1709771553.7817078
2991,1709771553.8815434,1709771553.8815472
2992,1709771553.985916,1709771553.9859202
2993,1709771554.0789213,1709771554.078927
2994,1709771554.1785738,1709771554.1785805
2995,1709771554.2770689,1709771554.277073
2996,1709771554.3754246,1709771554.3754296
2997,1709771554.4809945,1709771554.4810004
2998,1709771554.5827444,1709771554.5827503
2999,1709771554.6993392,1709771554.6993465
3000,1709771554.7845886,1709771554.7845948
3001,1709771554.8753371,1709771554.875343
3002,1709771554.9774127,1709771554.9774172
3003,1709771555.0834405,1709771555.0834472
3004,1709771555.177478,1709771555.1774828
3005,1709771555.2757795,1709771555.2757854
3006,1709771555.379036,1709771555.3790421
3007,1709771555.4842882,1709771555.4842954
3008,1709771555.5813577,1709771555.581364
3009,1709771555.6839523,1709771555.6839585
3010,1709771555.7768655,1709771555.7768712
3011,1709771555.8759725,1709771555.8759768
3012,1709771555.977929,1709771555.9779348
3013,1709771556.0811937,1709771556.0811996
3014,1709771556.1803424,1709771556.1803489
3015,1709771556.277438,1709771556.277443
3016,1709771556.3751981,1709771556.375203
3017,1709771556.479418,1709771556.4794254
3018,1709771556.5754733,1709771556.5754797
3019,1709771556.6804798,1709771556.6804836
3020,1709771556.7808769,1709771556.7808828
3021,1709771556.8831584,1709771556.8831644
3022,1709771556.9772522,1709771556.9772556
3023,1709771557.0760825,1709771557.0760887
3024,1709771557.1807082,1709771557.180714
3025,1709771557.2752872,1709771557.2752912
3026,1709771557.3812506,1709771557.381257
3027,1709771557.477061,1709771557.4770668
3028,1709771557.577999,1709771557.5780056
3029,1709771557.675766,1709771557.6757724
3030,1709771557.778554,1709771557.7785614
3031,1709771557.8758636,1709771557.8758695
3032,1709771557.975381,1709771557.975386
3033,1709771558.083154,1709771558.0831616
3034,1709771558.1762788,1709771558.1762843
3035,1709771558.2818265,1709771558.2818322
3036,1709771558.3755643,1709771558.3755717
3037,1709771558.485617,1709771558.485623
3038,1709771558.5792468,1709771558.579253
3039,1709771558.6752186,1709771558.6752243
3040,1709771558.7847633,1709771558.7847676
3041,1709771558.8770168,1709771558.8770216
3042,1709771558.9783485,1709771558.9783542
3043,1709771559.3890007,1709771559.3890102
3044,1709771559.3983004,1709771559.3983066
3045,1709771559.4825008,1709771559.4825056
3046,1709771559.5858634,1709771559.5858696
3047,1709771559.6840415,1709771559.6840487
3048,1709771559.7835555,1709771559.783563
3049,1709771559.8753388,1709771559.8753443
3050,1709771559.9782784,1709771559.9782825
3051,1709771560.0753236,1709771560.0753293
3052,1709771560.1844487,1709771560.1844556
3053,1709771560.280301,1709771560.2803054
3054,1709771560.3810363,1709771560.3810422
3055,1709771560.4853392,1709771560.4853451
3056,1709771560.584268,1709771560.5842745
3057,1709771560.6775565,1709771560.6775873
3058,1709771560.7792542,1709771560.7792597
3059,1709771560.8780067,1709771560.8780124
3060,1709771560.9752214,1709771560.9752266
3061,1709771561.0774226,1709771561.0774274
3062,1709771561.1839824,1709771561.18399
3063,1709771561.2761338,1709771561.2761395
3064,1709771561.380061,1709771561.380067
3065,1709771561.4777362,1709771561.4777415
3066,1709771561.5799084,1709771561.579914
3067,1709771561.6824217,1709771561.682427
3068,1709771561.8060334,1709771561.806039
3069,1709771561.8780415,1709771561.8780448
3070,1709771561.9801397,1709771561.9801455
3071,1709771562.075221,1709771562.0752254
3072,1709771562.1782162,1709771562.178222
3073,1709771562.2867167,1709771562.286723
3074,1709771562.3811288,1709771562.381135
3075,1709771562.4836884,1709771562.4836943
3076,1709771562.5788622,1709771562.5788677
3077,1709771562.68118,1709771562.6811872
3078,1709771562.7751374,1709771562.7751436
3079,1709771562.88105,1709771562.8810565
3080,1709771562.9805758,1709771562.9805825
3081,1709771563.0771549,1709771563.0771585
3082,1709771563.1826353,1709771563.18264
3083,1709771563.28057,1709771563.2805762
3084,1709771563.3795612,1709771563.3795686
3085,1709771563.4778628,1709771563.4778688
3086,1709771563.5819757,1709771563.5819824
3087,1709771563.675612,1709771563.6756177
3088,1709771563.7800274,1709771563.7844377
3089,1709771563.8816538,1709771563.8860912
3090,1709771563.9791524,1709771563.9828725
3091,1709771564.0754423,1709771564.0792232
3092,1709771564.179761,1709771564.1830227
3093,1709771564.2759116,1709771564.2799501
3094,1709771564.3822107,1709771564.3855631
3095,1709771564.4758546,1709771564.4794393
3096,1709771564.5757787,1709771564.5803702
3097,1709771564.677943,1709771564.6819806
3098,1709771564.7798414,1709771564.7834384
3099,1709771564.8823967,1709771564.8861978
3100,1709771564.9824255,1709771564.9857054
3101,1709771565.083005,1709771565.0862107
3102,1709771565.1823196,1709771565.1854494
3103,1709771565.2820616,1709771565.2850761
3104,1709771565.3838067,1709771565.3867238
3105,1709771565.4750984,1709771565.4786143
3106,1709771565.5848424,1709771565.5882223
3107,1709771565.6826777,1709771565.6853855
3108,1709771565.7756867,1709771565.7805536
3109,1709771565.8801894,1709771565.883636
3110,1709771565.98107,1709771565.9841754
3111,1709771566.0754552,1709771566.079387
3112,1709771566.1807954,1709771566.1842933
3113,1709771566.2820055,1709771566.285533
3114,1709771566.382093,1709771566.385583
3115,1709771566.4829283,1709771566.4860458
3116,1709771566.5827491,1709771566.5858262
3117,1709771566.6777222,1709771566.6822217
3118,1709771566.782096,1709771566.7845879
3119,1709771566.87674,1709771566.8799748
3120,1709771566.9820993,1709771566.9858449
3121,1709771567.0756128,1709771567.0796936
3122,1709771567.1817832,1709771567.1854103
3123,1709771567.2845368,1709771567.2884846
3124,1709771567.3800647,1709771567.3836393
3125,1709771567.4800844,1709771567.4821799
3126,1709771567.5826552,1709771567.5864434
3127,1709771567.6849296,1709771567.6885488
3128,1709771567.7828662,1709771567.7867618
3129,1709771567.8832448,1709771567.886064
3130,1709771567.9801276,1709771567.9837434
3131,1709771568.083319,1709771568.086813
3132,1709771568.1810124,1709771568.183453
3133,1709771568.2827513,1709771568.2863781
3134,1709771568.3803504,1709771568.38311
3135,1709771568.4783874,1709771568.481189
3136,1709771568.5804765,1709771568.5835414
3137,1709771568.6821647,1709771568.6856506
3138,1709771568.7812428,1709771568.7847497
3139,1709771568.8785825,1709771568.8821993
3140,1709771568.9859257,1709771568.9895265
3141,1709771569.0816436,1709771569.0844781
3142,1709771569.185166,1709771569.1889496
3143,1709771569.2822154,1709771569.285423
3144,1709771569.3817928,1709771569.3841193
3145,1709771569.4812963,1709771569.4843707
3146,1709771569.579036,1709771569.5819283
3147,1709771569.682421,1709771569.6856177
3148,1709771569.7821968,1709771569.7857366
3149,1709771569.8752325,1709771569.8780239
3150,1709771569.9843261,1709771569.9881177
3151,1709771570.074956,1709771570.0779374
3152,1709771570.1799068,1709771570.1830442
3153,1709771570.2822454,1709771570.2856631
3154,1709771570.377081,1709771570.3805814
3155,1709771570.483052,1709771570.4857588
3156,1709771570.578174,1709771570.5812066
3157,1709771570.6772444,1709771570.6803212
3158,1709771570.7820427,1709771570.7863562
3159,1709771570.8795373,1709771570.882964
3160,1709771570.9850085,1709771570.9885275
3161,1709771571.082758,1709771571.086142
3162,1709771571.1820524,1709771571.1853774
3163,1709771571.2827513,1709771571.2864096
3164,1709771571.3826554,1709771571.38618
3165,1709771571.4841855,1709771571.4881132
3166,1709771571.5803905,1709771571.5837848
3167,1709771571.681918,1709771571.685107
3168,1709771571.7769794,1709771571.780429
3169,1709771571.8804445,1709771571.8841512
3170,1709771571.9774947,1709771571.980652
3171,1709771572.079749,1709771572.081821
3172,1709771572.1837187,1709771572.1868923
3173,1709771572.2812552,1709771572.2845557
3174,1709771572.3837621,1709771572.3871398
3175,1709771572.4811046,1709771572.4855719
3176,1709771572.580726,1709771572.5839348
3177,1709771572.679787,1709771572.6823726
3178,1709771572.7801988,1709771572.7828417
3179,1709771572.8757405,1709771572.8784876
3180,1709771572.9864995,1709771572.99026
3181,1709771573.0803933,1709771573.0837243
3182,1709771573.1814027,1709771573.1840928
3183,1709771573.275661,1709771573.2809086
3184,1709771573.3778508,1709771573.3802397
3185,1709771573.4802873,1709771573.4835155
3186,1709771573.5750682,1709771573.5779657
3187,1709771573.6778038,1709771573.680061
3188,1709771573.779031,1709771573.7818289
3189,1709771573.9037545,1709771573.90663
3190,1709771573.9798133,1709771573.982047
3191,1709771574.0759654,1709771574.0793667
3192,1709771574.1809318,1709771574.1842337
3193,1709771574.280634,1709771574.283663
3194,1709771574.3821998,1709771574.386046
3195,1709771574.4753635,1709771574.4788861
3196,1709771574.5752158,1709771574.5781312
3197,1709771574.6814964,1709771574.6848962
3198,1709771574.7833643,1709771574.7869027
3199,1709771574.875718,1709771574.8800442
3200,1709771574.9750206,1709771574.9772406
3201,1709771575.0788927,1709771575.082735
3202,1709771575.1785936,1709771575.1823335
3203,1709771575.2797406,1709771575.282727
3204,1709771575.3781164,1709771575.3807917
3205,1709771575.4835796,1709771575.4869459
3206,1709771575.5793078,1709771575.5828617
3207,1709771575.6752996,1709771575.678185
3208,1709771575.7807453,1709771575.7833834
3209,1709771575.8817155,1709771575.881721
3210,1709771575.9808,1709771575.9808054
3211,1709771576.080711,1709771576.0807145
3212,1709771576.1812081,1709771576.181214
3213,1709771576.2776132,1709771576.2776186
3214,1709771576.3755786,1709771576.3755827
3215,1709771576.4829898,1709771576.4829953
3216,1709771576.5773027,1709771576.5773091
3217,1709771576.6757329,1709771576.675739
3218,1709771576.7863977,1709771576.7864056
3219,1709771576.8775852,1709771576.877591
3220,1709771576.9787595,1709771576.9787645
3221,1709771577.0773544,1709771577.0773609
3222,1709771577.1772218,1709771577.1772275
3223,1709771577.2752633,1709771577.27527
3224,1709771577.379562,1709771577.3795671
3225,1709771577.4812984,1709771577.4813037
3226,1709771577.582603,1709771577.582609
3227,1709771577.6855674,1709771577.685574
3228,1709771577.7786868,1709771577.7786927
3229,1709771577.8847563,1709771577.8847628
3230,1709771577.979969,1709771577.9799755
3231,1709771578.076347,1709771578.076353
3232,1709771578.1757405,1709771578.1757457
3233,1709771578.2769272,1709771578.2769334
3234,1709771578.3757524,1709771578.375759
3235,1709771578.4796329,1709771578.4796376
3236,1709771578.5765836,1709771578.57659
3237,1709771578.6842582,1709771578.684264
3238,1709771578.7803993,1709771578.780405
3239,1709771578.8754375,1709771578.8754435
3240,1709771578.975379,1709771578.975385
3241,1709771579.0771744,1709771579.077182
3242,1709771579.176359,1709771579.1763656
3243,1709771579.2753468,1709771579.275352
3244,1709771579.3835251,1709771579.383532
3245,1709771579.483689,1709771579.483695
3246,1709771579.5857413,1709771579.585748
3247,1709771579.6757042,1709771579.67571
3248,1709771579.777198,1709771579.7772028
3249,1709771579.8841515,1709771579.8841572
3250,1709771579.9796016,1709771579.9796088
3251,1709771580.0857098,1709771580.0857177
3252,1709771580.1766856,1709771580.1766915
3253,1709771580.2779956,1709771580.2780032
3254,1709771580.3752363,1709771580.3752422
3255,1709771580.4797368,1709771580.4797444
3256,1709771580.5755482,1709771580.575555
3257,1709771580.6802754,1709771580.6802826
3258,1709771580.7755346,1709771580.7755408
3259,1709771580.874748,1709771580.874755
3260,1709771581.0042818,1709771581.0042877
3261,1709771581.0790439,1709771581.0790505
3262,1709771581.1794374,1709771581.179444
3263,1709771581.2863808,1709771581.2863872
3264,1709771581.3878264,1709771581.3878329
3265,1709771581.4798393,1709771581.4798472
3266,1709771581.581123,1709771581.581129
3267,1709771581.6809683,1709771581.680975
3268,1709771581.7785854,1709771581.7785923
3269,1709771581.878732,1709771581.8787403
3270,1709771581.9750175,1709771581.9750247
3271,1709771582.075254,1709771582.075262
3272,1709771582.176719,1709771582.1767242
3273,1709771582.2756665,1709771582.2757492
3274,1709771582.3811138,1709771582.3811722
3275,1709771582.4798577,1709771582.479937
3276,1709771582.5787728,1709771582.5788364
3277,1709771582.6793404,1709771582.679387
3278,1709771582.7769055,1709771582.7769506
3279,1709771582.877564,1709771582.8776197
3280,1709771582.9837134,1709771582.9837205
3281,1709771583.0773957,1709771583.0774028
3282,1709771583.1769466,1709771583.1769533
3283,1709771583.2813458,1709771583.2813523
3284,1709771583.3794456,1709771583.37945
3285,1709771583.4751499,1709771583.475157
3286,1709771583.5775332,1709771583.5775406
3287,1709771583.6779952,1709771583.6780035
3288,1709771583.7795665,1709771583.7795727
3289,1709771583.8773308,1709771583.877336
3290,1709771583.9782934,1709771583.978302
3291,1709771584.079743,1709771584.0797484
3292,1709771584.177675,1709771584.1776814
3293,1709771584.282221,1709771584.2822268
3294,1709771584.3776467,1709771584.3776906
3295,1709771584.4802887,1709771584.4802945
3296,1709771584.579819,1709771584.5798256
3297,1709771584.6785047,1709771584.6785085
3298,1709771584.781101,1709771584.7811055
3299,1709771584.8757882,1709771584.8757946
3300,1709771584.97729,1709771584.9772964
3301,1709771585.0780573,1709771585.0817902
3302,1709771585.1766968,1709771585.1799753
3303,1709771585.2785707,1709771585.2826025
3304,1709771585.3777137,1709771585.381907
3305,1709771585.478746,1709771585.4826097
3306,1709771585.579979,1709771585.5832586
3307,1709771585.6774244,1709771585.6827545
3308,1709771585.7757986,1709771585.7793844
3309,1709771585.8775096,1709771585.8809316
3310,1709771585.9794624,1709771585.9837906
3311,1709771586.078229,1709771586.0814042
3312,1709771586.1776116,1709771586.1825588
3313,1709771586.278318,1709771586.281761
3314,1709771586.3789248,1709771586.3827813
3315,1709771586.4796612,1709771586.483179
3316,1709771586.5768676,1709771586.5800273
3317,1709771586.6764219,1709771586.6796713
3318,1709771586.7806726,1709771586.7840846
3319,1709771586.8800023,1709771586.8822002
3320,1709771586.9767215,1709771586.9801795
3321,1709771587.0764718,1709771587.08
3322,1709771587.1810353,1709771587.1851106
3323,1709771587.2772741,1709771587.2808151
3324,1709771587.3769522,1709771587.3800771
3325,1709771587.475715,1709771587.480144
3326,1709771587.5791774,1709771587.5822704
3327,1709771587.675658,1709771587.67942
3328,1709771587.7764137,1709771587.780618
3329,1709771587.8759863,1709771587.878645
3330,1709771587.9750073,1709771587.9783971
3331,1709771588.0756276,1709771588.0787733
3332,1709771588.1753743,1709771588.1787267
3333,1709771588.2751946,1709771588.2810736
3334,1709771588.3758512,1709771588.3799396
3335,1709771588.4753065,1709771588.4800313
3336,1709771588.5760815,1709771588.579228
3337,1709771588.676416,1709771588.6795337
3338,1709771588.7751417,1709771588.7781985
3339,1709771588.8754141,1709771588.8783658
3340,1709771588.975144,1709771588.97733
3341,1709771589.0756269,1709771589.0788772
3342,1709771589.1748784,1709771589.1776714
3343,1709771589.275934,1709771589.2782218
3344,1709771589.3755224,1709771589.378583
3345,1709771589.4746792,1709771589.4778082
3346,1709771589.5771854,1709771589.5809312
3347,1709771589.6754644,1709771589.6788492
3348,1709771589.7768328,1709771589.7802818
3349,1709771589.8778784,1709771589.882894
3350,1709771589.9755833,1709771589.9783413
3351,1709771590.074885,1709771590.078155
3352,1709771590.1761513,1709771590.1792426
3353,1709771590.279649,1709771590.2838838
3354,1709771590.376341,1709771590.379759
3355,1709771590.4784195,1709771590.4818609
3356,1709771590.5772746,1709771590.5807097
3357,1709771590.6781192,1709771590.6813
3358,1709771590.7790372,1709771590.7823305
3359,1709771590.877669,1709771590.8797197
3360,1709771590.976393,1709771590.9800537
3361,1709771591.080391,1709771591.0833912
3362,1709771591.1749306,1709771591.1778855
3363,1709771591.278161,1709771591.2821488
3364,1709771591.3773944,1709771591.379716
3365,1709771591.475868,1709771591.478997
3366,1709771591.5812595,1709771591.5848422
3367,1709771591.6777039,1709771591.681216
3368,1709771591.777269,1709771591.7795053
3369,1709771591.8827827,1709771591.8875422
3370,1709771591.974684,1709771591.9775145
3371,1709771592.0821154,1709771592.0861847
3372,1709771592.17566,1709771592.1793125
3373,1709771592.281256,1709771592.2877128
3374,1709771592.378692,1709771592.3822348
3375,1709771592.4767866,1709771592.4797266
3376,1709771592.576547,1709771592.579865
3377,1709771592.6751697,1709771592.6775575
3378,1709771592.7791588,1709771592.7824855
3379,1709771592.88444,1709771592.8888826
3380,1709771592.9776642,1709771592.981102
3381,1709771593.0965576,1709771593.101783
3382,1709771593.1759844,1709771593.1792593
3383,1709771593.276734,1709771593.2801118
3384,1709771593.378493,1709771593.381943
3385,1709771593.4759486,1709771593.4797878
3386,1709771593.5859418,1709771593.5890086
3387,1709771593.677674,1709771593.6810472
3388,1709771593.7762685,1709771593.779306
3389,1709771593.8811686,1709771593.8848526
3390,1709771593.9807708,1709771593.984503
3391,1709771594.0764103,1709771594.0797966
3392,1709771594.1855493,1709771594.1896393
3393,1709771594.282614,1709771594.2874043
3394,1709771594.3778949,1709771594.3809798
3395,1709771594.4754028,1709771594.478365
3396,1709771594.5758107,1709771594.5792916
3397,1709771594.6757302,1709771594.679564
3398,1709771594.7772698,1709771594.7804787
3399,1709771594.8756058,1709771594.8790026
3400,1709771594.9755,1709771594.978585
3401,1709771595.0782216,1709771595.0806465
3402,1709771595.1754572,1709771595.1788957
3403,1709771595.275122,1709771595.278608
3404,1709771595.377537,1709771595.3809073
3405,1709771595.4757936,1709771595.4785907
3406,1709771595.5752454,1709771595.57844
3407,1709771595.6753953,1709771595.6786644
3408,1709771595.7746763,1709771595.77757
3409,1709771595.8768852,1709771595.8800454
3410,1709771595.9752655,1709771595.9784667
3411,1709771596.0771031,1709771596.0814846
3412,1709771596.176833,1709771596.1798842
3413,1709771596.2760036,1709771596.2784762
3414,1709771596.3749976,1709771596.378183
3415,1709771596.4752295,1709771596.4788735
3416,1709771596.5780404,1709771596.582188
3417,1709771596.675377,1709771596.6787329
3418,1709771596.7775722,1709771596.7810893
3419,1709771596.8768022,1709771596.8815815
3420,1709771596.975801,1709771596.9795105
3421,1709771597.0757573,1709771597.078988
3422,1709771597.175214,1709771597.1778414
3423,1709771597.2757847,1709771597.2791238
3424,1709771597.375463,1709771597.3788996
3425,1709771597.4757223,1709771597.4792702
3426,1709771597.57494,1709771597.5780313
3427,1709771597.6746035,1709771597.6775746
3428,1709771597.7767243,1709771597.7813098
3429,1709771597.8752933,1709771597.8788307
3430,1709771597.976918,1709771597.9800622
3431,1709771598.0751836,1709771598.0783195
3432,1709771598.17577,1709771598.1797585
3433,1709771598.2771738,1709771598.2815447
3434,1709771598.375223,1709771598.3785563
3435,1709771598.47561,1709771598.4791996
3436,1709771598.5751019,1709771598.5784888
3437,1709771598.675013,1709771598.6785994
3438,1709771598.7755575,1709771598.7795866
3439,1709771598.8748157,1709771598.8777626
3440,1709771598.9755518,1709771598.979094
3441,1709771599.0749989,1709771599.0783145
3442,1709771599.1760495,1709771599.1797605
3443,1709771599.2758505,1709771599.2810292
3444,1709771599.3760777,1709771599.3794324
3445,1709771599.4768376,1709771599.4808116
3446,1709771599.578203,1709771599.5818646
3447,1709771599.675854,1709771599.680806
3448,1709771599.775938,1709771599.7792387
3449,1709771599.8756592,1709771599.8793736
3450,1709771599.9752567,1709771599.979036
3451,1709771600.0757408,1709771600.07986
3452,1709771600.1769655,1709771600.1798613
3453,1709771600.2753363,1709771600.280741
3454,1709771600.376003,1709771600.379165
3455,1709771600.4753485,1709771600.4797878
3456,1709771600.576497,1709771600.5797272
3457,1709771600.6753192,1709771600.678969
3458,1709771600.775294,1709771600.7788382
3459,1709771600.875424,1709771600.8784359
3460,1709771600.9754133,1709771600.9776921
3461,1709771601.076816,1709771601.080795
3462,1709771601.175891,1709771601.1809313
3463,1709771601.277909,1709771601.2818162
3464,1709771601.3758106,1709771601.379976
3465,1709771601.4775147,1709771601.4814174
3466,1709771601.5768192,1709771601.5799046
3467,1709771601.6772366,1709771601.680035
3468,1709771601.7762096,1709771601.7797234
3469,1709771601.8755755,1709771601.8788712
3470,1709771601.978277,1709771601.981635
3471,1709771602.076134,1709771602.0796168
3472,1709771602.1756237,1709771602.1789567
3473,1709771602.2764564,1709771602.2795832
3474,1709771602.3758903,1709771602.378788
3475,1709771602.4804094,1709771602.4831085
3476,1709771602.5811608,1709771602.5835428
3477,1709771602.6772943,1709771602.6811094
3478,1709771602.778985,1709771602.7814844
3479,1709771602.8816702,1709771602.8851974
3480,1709771602.9810872,1709771602.9832003
3481,1709771603.0797522,1709771603.0832307
3482,1709771603.179414,1709771603.182935
3483,1709771603.2819326,1709771603.2855082
3484,1709771603.3818235,1709771603.3862133
3485,1709771603.4775367,1709771603.4813693
3486,1709771603.5787094,1709771603.5829818
3487,1709771603.675714,1709771603.6795926
3488,1709771603.7840142,1709771603.7871149
3489,1709771603.8789396,1709771603.8822155
3490,1709771603.975764,1709771603.979571
3491,1709771604.078424,1709771604.081566
3492,1709771604.1811526,1709771604.1850114
3493,1709771604.2806382,1709771604.28362
3494,1709771604.375263,1709771604.3788614
3495,1709771604.4757214,1709771604.4790738
3496,1709771604.5807583,1709771604.5841658
3497,1709771604.6813114,1709771604.6847088
3498,1709771604.7802398,1709771604.783439
3499,1709771604.8823898,1709771604.8861718
3500,1709771604.9825048,1709771604.9855564
3501,1709771605.0767915,1709771605.0790536
3502,1709771605.1789665,1709771605.1834452
3503,1709771605.2759404,1709771605.279758
3504,1709771605.3798547,1709771605.3829172
3505,1709771605.4815085,1709771605.4847276
3506,1709771605.5809083,1709771605.5838661
3507,1709771605.6843069,1709771605.688365
3508,1709771605.7789931,1709771605.7821915
3509,1709771605.8801672,1709771605.8833175
3510,1709771605.9793642,1709771605.982812
3511,1709771606.075665,1709771606.0793226
3512,1709771606.1757298,1709771606.1792722
3513,1709771606.2754326,1709771606.279655
3514,1709771606.381529,1709771606.385165
3515,1709771606.4800484,1709771606.484086
3516,1709771606.5802674,1709771606.5842195
3517,1709771606.677051,1709771606.6810973
3518,1709771606.7808516,1709771606.7849092
3519,1709771606.8832612,1709771606.8873482
3520,1709771606.9764392,1709771606.980397
3521,1709771607.0845525,1709771607.0886798
3522,1709771607.1792822,1709771607.179288
3523,1709771607.2812068,1709771607.2812123
3524,1709771607.3771443,1709771607.377151
3525,1709771607.478667,1709771607.4786708
3526,1709771607.5821755,1709771607.5821795
3527,1709771607.6761856,1709771607.6761916
3528,1709771607.7754493,1709771607.7754557
3529,1709771607.8763928,1709771607.8764002
3530,1709771607.9811516,1709771607.9811583
3531,1709771608.0762694,1709771608.0762765
3532,1709771608.1779099,1709771608.1779149
3533,1709771608.2778203,1709771608.2778258
3534,1709771608.3789344,1709771608.3789396
3535,1709771608.4778109,1709771608.4778175
3536,1709771608.580119,1709771608.580124
3537,1709771608.6829402,1709771608.6829453
3538,1709771608.780916,1709771608.780922
3539,1709771608.8794293,1709771608.8794348
3540,1709771608.9810927,1709771608.9810984
3541,1709771609.0814571,1709771609.0814626
3542,1709771609.1843984,1709771609.1844025
3543,1709771609.2754164,1709771609.275422
3544,1709771609.3751202,1709771609.375125
3545,1709771609.480751,1709771609.480757
3546,1709771609.5809054,1709771609.5809097
3547,1709771609.6772368,1709771609.6772408
3548,1709771609.777955,1709771609.777962
3549,1709771609.8798525,1709771609.8798587
3550,1709771609.9800148,1709771609.9800205
3551,1709771610.0801826,1709771610.0801895
3552,1709771610.1796825,1709771610.1796894
3553,1709771610.30291,1709771610.3029168
3554,1709771610.3795717,1709771610.3795774
3555,1709771610.4798105,1709771610.4798172
3556,1709771610.5817304,1709771610.5817354
3557,1709771610.6801343,1709771610.6801403
3558,1709771610.7767498,1709771610.7767558
3559,1709771610.8756845,1709771610.8756902
3560,1709771610.9765253,1709771610.9765313
3561,1709771611.0751798,1709771611.0751853
3562,1709771611.1767972,1709771611.1768034
3563,1709771611.281874,1709771611.28188
3564,1709771611.3809984,1709771611.3810036
3565,1709771611.4757574,1709771611.4757648
3566,1709771611.5782452,1709771611.5782511
3567,1709771611.6762807,1709771611.6762865
3568,1709771611.7790873,1709771611.7790926
3569,1709771611.8825395,1709771611.882545
3570,1709771611.9780638,1709771611.9780698
3571,1709771612.0765865,1709771612.0765905
3572,1709771612.1789377,1709771612.178943
3573,1709771612.28551,1709771612.2855165
3574,1709771612.3815928,1709771612.381599
3575,1709771612.4754388,1709771612.4754448
3576,1709771612.5810254,1709771612.5810323
3577,1709771612.6835387,1709771612.6835458
3578,1709771612.7771704,1709771612.7771745
3579,1709771612.8797798,1709771612.8797836
3580,1709771612.9754188,1709771612.9754248
3581,1709771613.0845644,1709771613.0845726
3582,1709771613.1808486,1709771613.1808553
3583,1709771613.2784214,1709771613.2784255
3584,1709771613.38516,1709771613.3851674
3585,1709771613.4755418,1709771613.475547
3586,1709771613.5786862,1709771613.5786912
3587,1709771613.6752262,1709771613.6752315
3588,1709771613.7815912,1709771613.781597
3589,1709771613.8827326,1709771613.88274
3590,1709771613.982295,1709771613.9822996
3591,1709771614.078579,1709771614.078585
3592,1709771614.1750743,1709771614.1750796
3593,1709771614.2773106,1709771614.2773173
3594,1709771614.376772,1709771614.3767776
3595,1709771614.4795525,1709771614.4795568
3596,1709771614.5767467,1709771614.5767515
3597,1709771614.6757183,1709771614.6757238
3598,1709771614.7755442,1709771614.775548
3599,1709771614.8804262,1709771614.880432
3600,1709771614.9792986,1709771614.9793038
3601,1709771615.07911,1709771615.0791159
3602,1709771615.183807,1709771615.183813
3603,1709771615.2825503,1709771615.2825565
3604,1709771615.3755395,1709771615.3755457
3605,1709771615.477379,1709771615.477383
3606,1709771615.5803256,1709771615.5803318
3607,1709771615.680214,1709771615.6802197
3608,1709771615.7813387,1709771615.7813454
3609,1709771615.875635,1709771615.8756404
3610,1709771615.9820917,1709771615.982096
3611,1709771616.0843387,1709771616.0843446
3612,1709771616.1763399,1709771616.176346
3613,1709771616.2796602,1709771616.279666
3614,1709771616.376342,1709771616.3763483
3615,1709771616.479502,1709771616.4795084
3616,1709771616.5811808,1709771616.5811868
3617,1709771616.6801403,1709771616.680146
3618,1709771616.777344,1709771616.7773483
3619,1709771616.8785233,1709771616.878528
3620,1709771616.9822328,1709771616.9822385
3621,1709771617.0798814,1709771617.0798867
3622,1709771617.1755037,1709771617.1755095
3623,1709771617.275497,1709771617.2755027
3624,1709771617.3973825,1709771617.3973866
3625,1709771617.4804761,1709771617.4804814
3626,1709771617.5801938,1709771617.580201
3627,1709771617.681019,1709771617.6810265
3628,1709771617.7811341,1709771617.7811399
3629,1709771617.8817048,1709771617.8817103
3630,1709771617.980907,1709771617.9809134
3631,1709771618.0799365,1709771618.0799422
3632,1709771618.183424,1709771618.18343
3633,1709771618.2809327,1709771618.2809384
3634,1709771618.3791196,1709771618.3791244
3635,1709771618.4838915,1709771618.4838967
3636,1709771618.582055,1709771618.5820613
3637,1709771618.6861298,1709771618.6861358
3638,1709771618.7801874,1709771618.780193
3639,1709771618.8798916,1709771618.8798978
3640,1709771618.9832866,1709771618.983292
3641,1709771619.0795538,1709771619.0795593
3642,1709771619.1793005,1709771619.1793044
3643,1709771619.284641,1709771619.284647
3644,1709771619.3773293,1709771619.3809812
3645,1709771619.4769878,1709771619.4808738
3646,1709771619.5776947,1709771619.5808146
3647,1709771619.679542,1709771619.6833405
3648,1709771619.778838,1709771619.7844286
3649,1709771619.8765981,1709771619.879855
3650,1709771619.9757824,1709771619.9796157
3651,1709771620.0797865,1709771620.0833623
3652,1709771620.1792283,1709771620.1825957
3653,1709771620.280197,1709771620.2841413
3654,1709771620.3818634,1709771620.3862536
3655,1709771620.4786694,1709771620.483129
3656,1709771620.5830371,1709771620.5871708
3657,1709771620.683818,1709771620.6878896
3658,1709771620.7861369,1709771620.789906
3659,1709771620.8754308,1709771620.8784816
3660,1709771620.975665,1709771620.9787335
3661,1709771621.0771182,1709771621.0809731
3662,1709771621.177798,1709771621.1816356
3663,1709771621.2842577,1709771621.2874346
3664,1709771621.3833869,1709771621.3874683
3665,1709771621.4757261,1709771621.4791512
3666,1709771621.5799918,1709771621.5838778
3667,1709771621.6756704,1709771621.6793656
3668,1709771621.776931,1709771621.7794733
3669,1709771621.8755977,1709771621.879105
3670,1709771621.983405,1709771621.9872289
3671,1709771622.0787766,1709771622.0830297
3672,1709771622.1768498,1709771622.180575
3673,1709771622.2804549,1709771622.283568
3674,1709771622.3807042,1709771622.3848057
3675,1709771622.477889,1709771622.4802136
3676,1709771622.581038,1709771622.584076
3677,1709771622.6800642,1709771622.6855233
3678,1709771622.7825317,1709771622.7847083
3679,1709771622.881712,1709771622.885317
3680,1709771622.9821742,1709771622.985825
3681,1709771623.0758693,1709771623.0793316
3682,1709771623.1752532,1709771623.1779912
3683,1709771623.2769852,1709771623.2804189
3684,1709771623.37911,1709771623.3827813
3685,1709771623.4785664,1709771623.481042
3686,1709771623.5803995,1709771623.5832913
3687,1709771623.683477,1709771623.6872184
3688,1709771623.778388,1709771623.7818236
3689,1709771623.8836534,1709771623.887251
3690,1709771623.9803782,1709771623.9835181
3691,1709771624.0829592,1709771624.0869153
3692,1709771624.18198,1709771624.1850896
3693,1709771624.2829468,1709771624.2866228
3694,1709771624.3828475,1709771624.387764
3695,1709771624.4960957,1709771624.4993258
3696,1709771624.8967721,1709771624.9010673
3697,1709771624.9102075,1709771624.913947
3698,1709771624.9832509,1709771624.9880452
3699,1709771625.0769017,1709771625.0816572
3700,1709771625.1831734,1709771625.1872795
3701,1709771625.2816193,1709771625.2867405
3702,1709771625.3842437,1709771625.3889892
3703,1709771625.481042,1709771625.4851243
3704,1709771625.5791738,1709771625.584043
3705,1709771625.6783473,1709771625.681112
3706,1709771625.7751675,1709771625.781617
3707,1709771625.8758492,1709771625.88035
3708,1709771625.9817584,1709771625.9873114
3709,1709771626.0763478,1709771626.0798812
3710,1709771626.1820977,1709771626.1908762
3711,1709771626.2855692,1709771626.290419
3712,1709771626.3759158,1709771626.3802223
3713,1709771626.4859784,1709771626.4909508
3714,1709771626.576123,1709771626.5805686
3715,1709771626.67515,1709771626.6787484
3716,1709771626.779885,1709771626.7837224
3717,1709771626.884494,1709771626.8884788
3718,1709771626.982457,1709771626.9875355
3719,1709771627.0839286,1709771627.0890176
3720,1709771627.1791127,1709771627.18415
3721,1709771627.2770982,1709771627.2813768
3722,1709771627.3850367,1709771627.3910382
3723,1709771627.4823668,1709771627.4884076
3724,1709771627.5758524,1709771627.5810137
3725,1709771627.6808586,1709771627.6836836
3726,1709771627.7812426,1709771627.7854724
3727,1709771627.8780973,1709771627.8818536
3728,1709771627.9793503,1709771627.9837518
3729,1709771628.078918,1709771628.0828514
3730,1709771628.182576,1709771628.1866136
3731,1709771628.2754676,1709771628.2798703
3732,1709771628.3796237,1709771628.3835354
3733,1709771628.48008,1709771628.4842482
3734,1709771628.5746994,1709771628.5772684
3735,1709771628.6749992,1709771628.6779854
3736,1709771628.7771761,1709771628.7801933
3737,1709771628.8797772,1709771628.8847096
3738,1709771628.9784658,1709771628.9824865
3739,1709771629.0816262,1709771629.0859702
3740,1709771629.1794052,1709771629.184991
3741,1709771629.280618,1709771629.285391
3742,1709771629.385138,1709771629.3891983
3743,1709771629.4826064,1709771629.487086
3744,1709771629.57626,1709771629.579961
3745,1709771629.6754072,1709771629.6799445
3746,1709771629.7759264,1709771629.7794745
3747,1709771629.874963,1709771629.8791108
3748,1709771629.9801788,1709771629.9849775
3749,1709771630.0765634,1709771630.0794828
3750,1709771630.1772635,1709771630.1810765
3751,1709771630.2793584,1709771630.286001
3752,1709771630.382714,1709771630.3870208
3753,1709771630.483114,1709771630.4864345
3754,1709771630.583527,1709771630.5891078
3755,1709771630.6805232,1709771630.6837828
3756,1709771630.779444,1709771630.7870977
3757,1709771630.875087,1709771630.8792264
3758,1709771630.9761622,1709771630.9798553
3759,1709771631.076891,1709771631.080676
3760,1709771631.181193,1709771631.1852672
3761,1709771631.2816703,1709771631.285325
3762,1709771631.3841655,1709771631.3879182
3763,1709771631.4763923,1709771631.4804053
3764,1709771631.5842605,1709771631.5894437
3765,1709771631.6805706,1709771631.6843164
3766,1709771631.7776742,1709771631.7861843
3767,1709771631.8817303,1709771631.885733
3768,1709771631.977802,1709771631.9817886
3769,1709771632.0798404,1709771632.082916
3770,1709771632.1752844,1709771632.1802807
3771,1709771632.2797294,1709771632.2830784
3772,1709771632.3813648,1709771632.3859746
3773,1709771632.4784899,1709771632.4844427
3774,1709771632.5853298,1709771632.589818
3775,1709771632.6819007,1709771632.6858573
3776,1709771632.7850294,1709771632.7890255
3777,1709771632.8827128,1709771632.8869448
3778,1709771632.9822009,1709771632.9862149
3779,1709771633.0794666,1709771633.0835552
3780,1709771633.1834393,1709771633.186951
3781,1709771633.2826548,1709771633.287046
3782,1709771633.3828263,1709771633.3873355
3783,1709771633.4790046,1709771633.4830995
3784,1709771633.5760896,1709771633.5806677
3785,1709771633.678876,1709771633.684933
3786,1709771633.7813296,1709771633.7854266
3787,1709771633.8773503,1709771633.8819013
3788,1709771633.9815526,1709771633.9858248
3789,1709771634.077837,1709771634.0816708
3790,1709771634.183948,1709771634.188299
3791,1709771634.285893,1709771634.2901876
3792,1709771634.3817468,1709771634.385217
3793,1709771634.485569,1709771634.4898005
3794,1709771634.5822616,1709771634.5864663
3795,1709771634.68322,1709771634.6879303
3796,1709771634.7806916,1709771634.786089
3797,1709771634.884082,1709771634.8879108
3798,1709771634.980088,1709771634.9838114
3799,1709771635.075272,1709771635.0806847
3800,1709771635.1818829,1709771635.1893692
3801,1709771635.2828526,1709771635.2871552
3802,1709771635.376954,1709771635.3837686
3803,1709771635.478261,1709771635.4831183
3804,1709771635.5750403,1709771635.5791101
3805,1709771635.6823645,1709771635.686456
3806,1709771635.782056,1709771635.786759
3807,1709771635.885374,1709771635.8898563
3808,1709771635.9828024,1709771635.987569
3809,1709771636.0787024,1709771636.083351
3810,1709771636.1826005,1709771636.187265
3811,1709771636.2793436,1709771636.283563
3812,1709771636.3821342,1709771636.3860447
3813,1709771636.4801702,1709771636.4844255
3814,1709771636.603001,1709771636.6073053
3815,1709771636.6850061,1709771636.6888916
3816,1709771636.7836869,1709771636.7882543
3817,1709771636.8794398,1709771636.8846986
3818,1709771636.9841475,1709771636.9875937
3819,1709771637.0768695,1709771637.0798335
3820,1709771637.1806262,1709771637.1860719
3821,1709771637.2842336,1709771637.2896147
3822,1709771637.3868504,1709771637.3915684
3823,1709771637.4774888,1709771637.4827366
3824,1709771637.5859284,1709771637.5900812
3825,1709771637.6842504,1709771637.688669
3826,1709771637.7800713,1709771637.7856069
3827,1709771637.8830504,1709771637.8869686
3828,1709771637.980819,1709771637.9858658
3829,1709771638.0828598,1709771638.087642
3830,1709771638.1820889,1709771638.1864414
3831,1709771638.2786715,1709771638.2836561
3832,1709771638.383168,1709771638.387534
3833,1709771638.4763412,1709771638.481481
3834,1709771638.578373,1709771638.582767
3835,1709771638.683952,1709771638.6886787
3836,1709771638.7831273,1709771638.7868745
3837,1709771638.883018,1709771638.8877723
3838,1709771638.9794824,1709771638.984044
3839,1709771639.0865934,1709771639.0931644
3840,1709771639.1770277,1709771639.1812563
3841,1709771639.2783852,1709771639.2820385
3842,1709771639.3803008,1709771639.3842962
3843,1709771639.479293,1709771639.482912
3844,1709771639.5774102,1709771639.5802348
3845,1709771639.6796975,1709771639.683136
3846,1709771639.7768452,1709771639.7824156
3847,1709771639.8854835,1709771639.890038
3848,1709771639.9765239,1709771639.9826224
3849,1709771640.0807288,1709771640.0853946
3850,1709771640.1755993,1709771640.180122
3851,1709771640.281908,1709771640.285727
3852,1709771640.3825486,1709771640.3869588
3853,1709771640.481932,1709771640.4868343
3854,1709771640.5833302,1709771640.5888014
3855,1709771640.6832738,1709771640.6885822
3856,1709771640.7760856,1709771640.7811353
3857,1709771640.8775532,1709771640.8813994
3858,1709771640.975038,1709771640.9791195
3859,1709771641.083754,1709771641.0881636
3860,1709771641.1755216,1709771641.1799233
3861,1709771641.2816124,1709771641.289642
3862,1709771641.381614,1709771641.3872337
3863,1709771641.4842393,1709771641.4886801
3864,1709771641.582766,1709771641.5868962
3865,1709771641.6894617,1709771641.69411
3866,1709771641.7874932,1709771641.792116
3867,1709771641.883586,1709771641.888461
3868,1709771641.9822805,1709771641.9885886
3869,1709771642.0780473,1709771642.0822835
3870,1709771642.1818805,1709771642.1870108
3871,1709771642.2838466,1709771642.291183
3872,1709771642.376306,1709771642.3790486
3873,1709771642.4754422,1709771642.4803088
3874,1709771642.5786197,1709771642.5829551
3875,1709771642.6842463,1709771642.6888185
3876,1709771642.7831259,1709771642.7874784
3877,1709771642.8841996,1709771642.8901496
3878,1709771642.9849114,1709771642.9897146
3879,1709771643.0769582,1709771643.0811486
3880,1709771643.1825645,1709771643.1886952
3881,1709771643.280499,1709771643.285367
3882,1709771643.3749738,1709771643.37898
3883,1709771643.4757843,1709771643.4795485
3884,1709771643.5759776,1709771643.5804155
3885,1709771643.6771488,1709771643.6809995
3886,1709771643.7784326,1709771643.7842724
3887,1709771643.8775926,1709771643.8819084
3888,1709771643.9771953,1709771643.9849463
3889,1709771644.078017,1709771644.0844612
3890,1709771644.1755433,1709771644.1839967
3891,1709771644.278803,1709771644.2834375
3892,1709771644.3801484,1709771644.3837707
3893,1709771644.4774864,1709771644.4839659
3894,1709771644.578382,1709771644.5852993
3895,1709771644.6766639,1709771644.681187
3896,1709771644.776499,1709771644.7818222
3897,1709771644.8782089,1709771644.881609
3898,1709771644.97604,1709771644.981362
3899,1709771645.0844126,1709771645.0894167
3900,1709771645.1794074,1709771645.185123
3901,1709771645.278872,1709771645.28434
3902,1709771645.3761213,1709771645.380787
3903,1709771645.4819765,1709771645.4873526
3904,1709771645.582452,1709771645.5824597
3905,1709771645.6749537,1709771645.6750295
3906,1709771645.7801065,1709771645.7801554
3907,1709771645.8769407,1709771645.8769956
3908,1709771645.982562,1709771645.9826207
3909,1709771646.077183,1709771646.0772676
3910,1709771646.1803057,1709771646.180368
3911,1709771646.278049,1709771646.2781157
3912,1709771646.3755734,1709771646.375626
3913,1709771646.4791305,1709771646.479213
3914,1709771646.5813327,1709771646.581382
3915,1709771646.6785057,1709771646.6785564
3916,1709771646.7763517,1709771646.7764342
3917,1709771646.8786325,1709771646.8787026
3918,1709771646.9819431,1709771646.9820247
3919,1709771647.0762932,1709771647.0763426
3920,1709771647.1804206,1709771647.1805034
3921,1709771647.2776392,1709771647.2777245
3922,1709771647.3762438,1709771647.3763254
3923,1709771647.4811368,1709771647.4812202
3924,1709771647.5805361,1709771647.5805871
3925,1709771647.6836038,1709771647.6836581
3926,1709771647.7790222,1709771647.7790754
3927,1709771647.880034,1709771647.8800848
3928,1709771647.980007,1709771647.980055
3929,1709771648.0781586,1709771648.0782306
3930,1709771648.17524,1709771648.1753113
3931,1709771648.2782488,1709771648.2785912
3932,1709771648.3860724,1709771648.3861468
3933,1709771648.4772928,1709771648.4773562
3934,1709771648.5776806,1709771648.5777576
3935,1709771648.7013125,1709771648.701358
3936,1709771648.7821968,1709771648.7823145
3937,1709771648.8771338,1709771648.8771937
3938,1709771648.9779906,1709771648.9780357
3939,1709771649.0780897,1709771649.0781777
3940,1709771649.17849,1709771649.178607
3941,1709771649.2825184,1709771649.2826207
3942,1709771649.3759604,1709771649.3761177
3943,1709771649.4830906,1709771649.483172
3944,1709771649.5793397,1709771649.5793943
3945,1709771649.6797545,1709771649.6798375
3946,1709771649.7854657,1709771649.785516
3947,1709771649.8791127,1709771649.879194
3948,1709771649.9790587,1709771649.9791102
3949,1709771650.078263,1709771650.0783138
3950,1709771650.180548,1709771650.180604
3951,1709771650.278172,1709771650.2782652
3952,1709771650.3780615,1709771650.3781035
3953,1709771650.4815876,1709771650.4816356
3954,1709771650.5781858,1709771650.5782294
3955,1709771650.6823766,1709771650.682383
3956,1709771650.7780764,1709771650.7780824
3957,1709771650.880122,1709771650.8801317
3958,1709771650.9757152,1709771650.9757218
3959,1709771651.0835307,1709771651.0835376
3960,1709771651.1823208,1709771651.1823285
3961,1709771651.2755215,1709771651.2755284
3962,1709771651.3803148,1709771651.3803217
3963,1709771651.4813926,1709771651.481397
3964,1709771651.5762744,1709771651.5762818
3965,1709771651.6816115,1709771651.6816187
3966,1709771651.7804236,1709771651.7804294
3967,1709771651.882658,1709771651.8826644
3968,1709771651.9838095,1709771651.9838147
3969,1709771652.0779967,1709771652.0780025
3970,1709771652.1822853,1709771652.1822927
3971,1709771652.2820337,1709771652.2820399
3972,1709771652.3832548,1709771652.3832617
3973,1709771652.4811127,1709771652.481119
3974,1709771652.5791774,1709771652.5791838
3975,1709771652.6776059,1709771652.6776133
3976,1709771652.7784371,1709771652.7852387
3977,1709771652.8817375,1709771652.9004312
3978,1709771652.978204,1709771652.9819145
3979,1709771653.089175,1709771653.0962973
3980,1709771653.1842313,1709771653.1907399
3981,1709771653.28329,1709771653.2883985
3982,1709771653.375645,1709771653.38041
3983,1709771653.4780743,1709771653.4833443
3984,1709771653.5782087,1709771653.5836651
3985,1709771653.6795762,1709771653.6863565
3986,1709771653.7761714,1709771653.7832584
3987,1709771653.884964,1709771653.8924727
3988,1709771653.9831536,1709771653.9907475
3989,1709771654.0875025,1709771654.0944166
3990,1709771654.1882558,1709771654.195908
3991,1709771654.2852876,1709771654.292184
3992,1709771654.38131,1709771654.3868332
3993,1709771654.4844637,1709771654.4917536
3994,1709771654.580439,1709771654.5871656
3995,1709771654.6774733,1709771654.6854887
3996,1709771654.7851074,1709771654.7893631
3997,1709771654.87817,1709771654.8843453
3998,1709771654.9793277,1709771654.9851813
3999,1709771655.0795338,1709771655.0844092
4000,1709771655.1777432,1709771655.18255
4001,1709771655.2773597,1709771655.283481
4002,1709771655.3784525,1709771655.3848457
4003,1709771655.4781222,1709771655.4832308
4004,1709771655.5779588,1709771655.584621
4005,1709771655.6768205,1709771655.6825774
4006,1709771655.7774687,1709771655.78333
4007,1709771655.8786995,1709771655.884253
4008,1709771655.9840403,1709771655.9899635
4009,1709771656.0874498,1709771656.0931344
4010,1709771656.1885862,1709771656.1935225
4011,1709771656.2783737,1709771656.283449
4012,1709771656.3767536,1709771656.3842993
4013,1709771656.479378,1709771656.484469
4014,1709771656.578778,1709771656.5864618
4015,1709771656.6810405,1709771656.68658
4016,1709771656.7787914,1709771656.7843053
4017,1709771656.8817759,1709771656.8868256
4018,1709771656.976104,1709771656.981896
4019,1709771657.0820136,1709771657.0868788
4020,1709771657.1830032,1709771657.1883144
4021,1709771657.278302,1709771657.2832427
4022,1709771657.3816996,1709771657.385253
4023,1709771657.479123,1709771657.483776
4024,1709771657.579014,1709771657.5835361
4025,1709771657.6842308,1709771657.6887393
4026,1709771657.7790055,1709771657.7942245
4027,1709771657.8811305,1709771657.8878849
4028,1709771657.9807384,1709771657.985875
4029,1709771658.075313,1709771658.0805678
4030,1709771658.1764116,1709771658.1808865
4031,1709771658.2784352,1709771658.283491
4032,1709771658.3872874,1709771658.3922637
4033,1709771658.4866858,1709771658.4917817
4034,1709771658.582327,1709771658.5867054
4035,1709771658.6826687,1709771658.6886587
4036,1709771658.7816179,1709771658.7876406
4037,1709771658.8823392,1709771658.8882473
4038,1709771658.989568,1709771658.9944808
4039,1709771659.0847397,1709771659.0921016
4040,1709771659.1894646,1709771659.195082
4041,1709771659.2792566,1709771659.2838619
4042,1709771659.3754647,1709771659.3795877
4043,1709771659.4848008,1709771659.4915507
4044,1709771659.5777154,1709771659.582922
4045,1709771659.681684,1709771659.6896214
4046,1709771659.7782104,1709771659.7811992
4047,1709771659.8772004,1709771659.8820224
4048,1709771659.9785595,1709771659.983419
4049,1709771660.0841727,1709771660.0880463
4050,1709771660.1789813,1709771660.1839519
4051,1709771660.2788546,1709771660.2876468
4052,1709771660.383195,1709771660.3890095
4053,1709771660.4856246,1709771660.490482
4054,1709771660.57959,1709771660.5849833
4055,1709771660.6774516,1709771660.6819372
4056,1709771660.8052294,1709771660.8088572
4057,1709771660.8803256,1709771660.8876753
4058,1709771660.9854949,1709771660.9903572
4059,1709771661.0825253,1709771661.0882483
4060,1709771661.1820498,1709771661.1869872
4061,1709771661.2805734,1709771661.2855349
4062,1709771661.3844619,1709771661.389541
4063,1709771661.4847069,1709771661.4913445
4064,1709771661.5839345,1709771661.5885804
4065,1709771661.6905873,1709771661.6950965
4066,1709771661.7854047,1709771661.7914243
4067,1709771661.8869436,1709771661.8911393
4068,1709771661.9769015,1709771661.9822767
4069,1709771662.0766413,1709771662.081973
4070,1709771662.1870763,1709771662.1909966
4071,1709771662.284906,1709771662.2901971
4072,1709771662.3861716,1709771662.39074
4073,1709771662.4793687,1709771662.4838462
4074,1709771662.57915,1709771662.583897
4075,1709771662.6804545,1709771662.687376
4076,1709771662.7866375,1709771662.7866435
4077,1709771662.8798356,1709771662.87984
4078,1709771662.9883456,1709771662.9883516
4079,1709771663.080307,1709771663.0803132
4080,1709771663.17531,1709771663.1753156
4081,1709771663.2858975,1709771663.2859042
4082,1709771663.3814042,1709771663.3814113
4083,1709771663.480575,1709771663.4805806
4084,1709771663.5820475,1709771663.5820534
4085,1709771663.6796982,1709771663.6797037
4086,1709771663.7840717,1709771663.784078
4087,1709771663.8842824,1709771663.8842885
4088,1709771663.9865432,1709771663.9865482
4089,1709771664.078963,1709771664.0789688
4090,1709771664.183739,1709771664.1837428
4091,1709771664.2773013,1709771664.277307
4092,1709771664.3792973,1709771664.3793008
4093,1709771664.4773657,1709771664.477372
4094,1709771664.5831602,1709771664.5831652
4095,1709771664.6805227,1709771664.6805272
4096,1709771664.786642,1709771664.7866478
4097,1709771664.8756104,1709771664.875616
4098,1709771664.981338,1709771664.9813447
4099,1709771665.0786865,1709771665.0786927
4100,1709771665.1773734,1709771665.177378
4101,1709771665.2783902,1709771665.278395
4102,1709771665.3811603,1709771665.3811667
4103,1709771665.4837708,1709771665.4837782
4104,1709771665.5805202,1709771665.5805256
4105,1709771665.6835878,1709771665.6835945
4106,1709771665.7846239,1709771665.7846296
4107,1709771665.8785207,1709771665.8785272
4108,1709771665.982153,1709771665.9821584
4109,1709771666.0807788,1709771666.0807834
4110,1709771666.177654,1709771666.177659
4111,1709771666.2765827,1709771666.2765903
4112,1709771666.3806806,1709771666.380689
4113,1709771666.488699,1709771666.488706
4114,1709771666.5834882,1709771666.5834944
4115,1709771666.678087,1709771666.6780925
4116,1709771666.7800744,1709771666.7800806
4117,1709771666.882606,1709771666.8826127
4118,1709771666.9798532,1709771666.979859
4119,1709771667.0918355,1709771667.091841
4120,1709771667.182552,1709771667.1825564
4121,1709771667.2756848,1709771667.2756908
4122,1709771667.3819392,1709771667.3819444
4123,1709771667.4866703,1709771667.486676
4124,1709771667.5836692,1709771667.5836747
4125,1709771667.6770747,1709771667.6770802
4126,1709771667.7869198,1709771667.7869265
4127,1709771667.9003785,1709771667.9003844
4128,1709771667.9792888,1709771667.9792943
4129,1709771668.0761054,1709771668.0761092
4130,1709771668.1808732,1709771668.1808796
4131,1709771668.279039,1709771668.279045
4132,1709771668.3796115,1709771668.3796175
4133,1709771668.4804342,1709771668.4804406
4134,1709771668.5747805,1709771668.5748076
4135,1709771668.6788418,1709771668.678846
4136,1709771668.7812178,1709771668.7812243
4137,1709771668.8858411,1709771668.8858478
4138,1709771668.975613,1709771668.9756196
4139,1709771669.0764184,1709771669.0764244
4140,1709771669.1756017,1709771669.1756084
4141,1709771669.2777216,1709771669.277729
4142,1709771669.3769016,1709771669.3769073
4143,1709771669.4754305,1709771669.4754379
4144,1709771669.585337,1709771669.5853431
4145,1709771669.6814935,1709771669.6814995
4146,1709771669.7826862,1709771669.7826927
4147,1709771669.8784907,1709771669.8784964
4148,1709771669.9767349,1709771669.976739
4149,1709771670.0843692,1709771670.0843751
4150,1709771670.179183,1709771670.17919
4151,1709771670.280452,1709771670.2804565
4152,1709771670.3816996,1709771670.3817055
4153,1709771670.4833548,1709771670.4833612
4154,1709771670.5834877,1709771670.5834942
4155,1709771670.678174,1709771670.67818
4156,1709771670.7810514,1709771670.781056
4157,1709771670.8783007,1709771670.878308
4158,1709771670.9802747,1709771670.9802804
4159,1709771671.076158,1709771671.0761654
4160,1709771671.1807146,1709771671.1807196
4161,1709771671.2808442,1709771671.28085
4162,1709771671.3849194,1709771671.3849285
4163,1709771671.4799232,1709771671.479929
4164,1709771671.578301,1709771671.5783062
4165,1709771671.6762528,1709771671.6762588
4166,1709771671.7808967,1709771671.7809029
4167,1709771671.8847096,1709771671.8847141
4168,1709771671.9772732,1709771671.9772792
4169,1709771672.075097,1709771672.0751026
4170,1709771672.1753154,1709771672.1753206
4171,1709771672.2762985,1709771672.2763038
4172,1709771672.3754525,1709771672.3754587
4173,1709771672.4798617,1709771672.4798656
4174,1709771672.5851424,1709771672.5851483
4175,1709771672.684285,1709771672.6842904
4176,1709771672.779899,1709771672.7799053
4177,1709771672.8755374,1709771672.8755457
4178,1709771672.976046,1709771672.9760535
4179,1709771673.080565,1709771673.0805705
4180,1709771673.1750169,1709771673.1750233
4181,1709771673.2799199,1709771673.2799268
4182,1709771673.3801124,1709771673.3801184
4183,1709771673.4760575,1709771673.476063
4184,1709771673.5801523,1709771673.5801578
4185,1709771673.6846154,1709771673.6846216
4186,1709771673.783332,1709771673.783338
4187,1709771673.8812966,1709771673.8813007
4188,1709771673.983653,1709771673.9836583
4189,1709771674.082915,1709771674.0829198
4190,1709771674.1803138,1709771674.1803198
4191,1709771674.2770085,1709771674.2770152
4192,1709771674.3782742,1709771674.3782783
4193,1709771674.479379,1709771674.479385
4194,1709771674.5814543,1709771674.58146
4195,1709771674.6778283,1709771674.6778343
4196,1709771674.779026,1709771674.7790325
4197,1709771674.8783364,1709771674.8783407
4198,1709771674.9813836,1709771674.981389
4199,1709771675.0841167,1709771675.0841234
4200,1709771675.182901,1709771675.1829062
4201,1709771675.28294,1709771675.2829454
4202,1709771675.3770137,1709771675.37702
4203,1709771675.4804106,1709771675.4804158
4204,1709771675.5750527,1709771675.5750585
4205,1709771675.680417,1709771675.680424
4206,1709771675.7757616,1709771675.7757668
4207,1709771675.883434,1709771675.8834395
4208,1709771675.984919,1709771675.9849265
4209,1709771676.0759141,1709771676.0759182
4210,1709771676.1766663,1709771676.1766696
4211,1709771676.2842755,1709771676.2842805
4212,1709771676.3752851,1709771676.3752904
4213,1709771676.4812374,1709771676.4812412
4214,1709771676.578583,1709771676.5785894
4215,1709771676.675546,1709771676.6755517
4216,1709771676.7761714,1709771676.7761776
4217,1709771676.8781095,1709771676.8781402
4218,1709771676.996362,1709771676.9963682
4219,1709771677.075673,1709771677.075679
4220,1709771677.1843266,1709771677.1843343
4221,1709771677.2835746,1709771677.2835803
4222,1709771677.3783529,1709771677.3783588
4223,1709771677.4855306,1709771677.4855368
4224,1709771677.576108,1709771677.5761135
4225,1709771677.6778615,1709771677.6778688
4226,1709771677.7752867,1709771677.7752924
4227,1709771677.881234,1709771677.8812397
4228,1709771677.9893637,1709771677.98937
4229,1709771678.0873015,1709771678.0873077
4230,1709771678.182805,1709771678.1828108
4231,1709771678.280775,1709771678.2807784
4232,1709771678.3754504,1709771678.3754563
4233,1709771678.485193,1709771678.4851975
4234,1709771678.57547,1709771678.5754755
4235,1709771678.676186,1709771678.676192
4236,1709771678.77915,1709771678.7791538
4237,1709771678.8790293,1709771678.8790329
4238,1709771678.9862428,1709771678.992289
4239,1709771679.076986,1709771679.081387
4240,1709771679.1798239,1709771679.1836255
4241,1709771679.275384,1709771679.2797546
4242,1709771679.3830562,1709771679.3884923
4243,1709771679.4800107,1709771679.4851239
4244,1709771679.576424,1709771679.5815706
4245,1709771679.6810005,1709771679.6858413
4246,1709771679.774772,1709771679.780527
4247,1709771679.8800704,1709771679.8851936
4248,1709771679.9832592,1709771679.9875379
4249,1709771680.0805197,1709771680.0845299
4250,1709771680.1775556,1709771680.1813543
4251,1709771680.275058,1709771680.2784941
4252,1709771680.3804815,1709771680.3868463
4253,1709771680.4822752,1709771680.4874365
4254,1709771680.5830119,1709771680.587915
4255,1709771680.6811664,1709771680.687016
4256,1709771680.781612,1709771680.7865837
4257,1709771680.884113,1709771680.8874614
4258,1709771680.9814787,1709771680.9864855
4259,1709771681.0825472,1709771681.0867226
4260,1709771681.1809845,1709771681.1864612
4261,1709771681.2844343,1709771681.289342
4262,1709771681.3835099,1709771681.3895276
4263,1709771681.4808354,1709771681.484769
4264,1709771681.5814774,1709771681.5859733
4265,1709771681.6783845,1709771681.68323
4266,1709771681.7758927,1709771681.780527
4267,1709771681.8824794,1709771681.887532
4268,1709771681.9818778,1709771681.9859214
4269,1709771682.0821798,1709771682.0861373
4270,1709771682.1800613,1709771682.1848981
4271,1709771682.2817254,1709771682.2867742
4272,1709771682.3764296,1709771682.3818078
4273,1709771682.4807632,1709771682.486163
4274,1709771682.576921,1709771682.581663
4275,1709771682.6796944,1709771682.6835485
4276,1709771682.7753935,1709771682.7810209
4277,1709771682.8753638,1709771682.8797896
4278,1709771682.9750834,1709771682.980111
4279,1709771683.0813975,1709771683.0860538
4280,1709771683.1801887,1709771683.1846297
4281,1709771683.2768598,1709771683.2832875
4282,1709771683.3756273,1709771683.3796892
4283,1709771683.484761,1709771683.4894323
4284,1709771683.5830388,1709771683.587749
4285,1709771683.6843007,1709771683.689023
4286,1709771683.7757127,1709771683.7823367
4287,1709771683.8824816,1709771683.8897784
4288,1709771683.9769516,1709771683.9818594
4289,1709771684.098252,1709771684.1022754
4290,1709771684.1803765,1709771684.1842062
4291,1709771684.280192,1709771684.2841902
4292,1709771684.3760033,1709771684.3802722
4293,1709771684.4826772,1709771684.4869752
4294,1709771684.5809107,1709771684.5857847
4295,1709771684.678162,1709771684.6810732
4296,1709771684.7806032,1709771684.7854161
4297,1709771684.881421,1709771684.8858736
4298,1709771684.9819973,1709771684.9871902
4299,1709771685.0751514,1709771685.0808954
4300,1709771685.1805742,1709771685.184077
4301,1709771685.280551,1709771685.2852237
4302,1709771685.3749723,1709771685.3792953
4303,1709771685.4773939,1709771685.4813495
4304,1709771685.5842896,1709771685.588334
4305,1709771685.6821296,1709771685.686612
4306,1709771685.7750978,1709771685.7802215
4307,1709771685.8806927,1709771685.8853946
4308,1709771685.9806023,1709771685.985371
4309,1709771686.0783527,1709771686.0829005
4310,1709771686.1785765,1709771686.1826208
4311,1709771686.2753248,1709771686.2820349
4312,1709771686.3823674,1709771686.3871129
4313,1709771686.483732,1709771686.487662
4314,1709771686.5778759,1709771686.5827663
4315,1709771686.6750689,1709771686.6803937
4316,1709771686.7858036,1709771686.790957
4317,1709771686.8820782,1709771686.8869145
4318,1709771686.984189,1709771686.9889004
4319,1709771687.083054,1709771687.087971
4320,1709771687.1814914,1709771687.18548
4321,1709771687.2756147,1709771687.2797565
4322,1709771687.3805437,1709771687.384985
4323,1709771687.47912,1709771687.4832458
4324,1709771687.5771313,1709771687.5822334
4325,1709771687.6840348,1709771687.6887279
4326,1709771687.780848,1709771687.7859185
4327,1709771687.883512,1709771687.8881538
4328,1709771687.983032,1709771687.9898274
4329,1709771688.0832522,1709771688.0879264
4330,1709771688.175998,1709771688.1808212
4331,1709771688.2819054,1709771688.2862682
4332,1709771688.3755476,1709771688.3795745
4333,1709771688.4790921,1709771688.482845
4334,1709771688.5759418,1709771688.5809355
4335,1709771688.6799405,1709771688.6846573
4336,1709771688.7785516,1709771688.782788
4337,1709771688.8763509,1709771688.8803656
4338,1709771688.9821398,1709771688.9875953
4339,1709771689.0843081,1709771689.0897112
4340,1709771689.1753454,1709771689.1806903
4341,1709771689.277371,1709771689.280717
4342,1709771689.3811069,1709771689.3861804
4343,1709771689.4825683,1709771689.4871085
4344,1709771689.5848103,1709771689.5900507
4345,1709771689.6789722,1709771689.6819105
4346,1709771689.783933,1709771689.7894013
4347,1709771689.8829165,1709771689.8871164
4348,1709771689.9753876,1709771689.979864
4349,1709771690.076995,1709771690.0815232
4350,1709771690.1781607,1709771690.1836543
4351,1709771690.2757406,1709771690.2799928
4352,1709771690.3779502,1709771690.3816621
4353,1709771690.4825375,1709771690.4861948
4354,1709771690.5756037,1709771690.5800798
4355,1709771690.6800637,1709771690.6828644
4356,1709771690.7797241,1709771690.784042
4357,1709771690.8842723,1709771690.8896601
4358,1709771690.9818625,1709771690.98594
4359,1709771691.081279,1709771691.085927
4360,1709771691.19745,1709771691.2018073
4361,1709771691.2833748,1709771691.2866433
4362,1709771691.3812368,1709771691.3859336
4363,1709771691.483247,1709771691.4871397
4364,1709771691.583828,1709771691.5887504
4365,1709771691.6767194,1709771691.6815145
4366,1709771691.7787716,1709771691.7834148
4367,1709771691.8843715,1709771691.888968
4368,1709771691.9755304,1709771691.9798384
4369,1709771692.0801623,1709771692.0850742
4370,1709771692.1806405,1709771692.1853619
4371,1709771692.2792587,1709771692.2838597
4372,1709771692.3789926,1709771692.382642
4373,1709771692.4773571,1709771692.4808006
4374,1709771692.578342,1709771692.5830672
4375,1709771692.680798,1709771692.6837654
4376,1709771692.775188,1709771692.779506
4377,1709771692.8794067,1709771692.8830602
4378,1709771692.975363,1709771692.9802516
4379,1709771693.0881677,1709771693.0881736
4380,1709771693.1842663,1709771693.1842732
4381,1709771693.284168,1709771693.2841733
4382,1709771693.3776112,1709771693.3776188
4383,1709771693.4806023,1709771693.480608
4384,1709771693.5768101,1709771693.5768144
4385,1709771693.6831837,1709771693.6831906
4386,1709771693.7802644,1709771693.7802696
4387,1709771693.877105,1709771693.8771093
4388,1709771693.9755025,1709771693.9755087
4389,1709771694.0785568,1709771694.078563
4390,1709771694.183538,1709771694.1835434
4391,1709771694.2755146,1709771694.2755198
4392,1709771694.38526,1709771694.385266
4393,1709771694.4843943,1709771694.4844024
4394,1709771694.5835323,1709771694.5835383
4395,1709771694.6828446,1709771694.6828508
4396,1709771694.7826648,1709771694.7826715
4397,1709771694.8756957,1709771694.8757017
4398,1709771694.9841995,1709771694.9842055
4399,1709771695.0862765,1709771695.086282
4400,1709771695.1758022,1709771695.1758077
4401,1709771695.2767918,1709771695.2767975
4402,1709771695.3882277,1709771695.388235
4403,1709771695.480367,1709771695.4803717
4404,1709771695.5836203,1709771695.5836267
4405,1709771695.6816013,1709771695.6816068
4406,1709771695.782975,1709771695.7829816
4407,1709771695.8803306,1709771695.8803375
4408,1709771695.9855442,1709771695.9855528
4409,1709771696.0841238,1709771696.08413
4410,1709771696.1749449,1709771696.1749487
4411,1709771696.28989,1709771696.2898958
4412,1709771696.378674,1709771696.3786783
4413,1709771696.8252585,1709771696.8252664
4414,1709771696.8318331,1709771696.8318396
4415,1709771696.8877594,1709771696.8877668
4416,1709771696.9818456,1709771696.981852
4417,1709771697.0804915,1709771697.0804977
4418,1709771697.1842427,1709771697.184247
4419,1709771697.277365,1709771697.2773712
4420,1709771697.3781319,1709771697.378138
4421,1709771697.4849846,1709771697.4849913
4422,1709771697.5754766,1709771697.5754826
4423,1709771697.679179,1709771697.6791856
4424,1709771697.7754548,1709771697.77546
4425,1709771697.8838308,1709771697.88384
4426,1709771697.9819589,1709771697.981966
4427,1709771698.0778565,1709771698.0778627
4428,1709771698.2012727,1709771698.2012787
4429,1709771698.2754745,1709771698.2754807
4430,1709771698.3769085,1709771698.3769126
4431,1709771698.4789057,1709771698.478911
4432,1709771698.5813642,1709771698.5813715
4433,1709771698.6782453,1709771698.678251
4434,1709771698.7815564,1709771698.781562
4435,1709771698.88066,1709771698.8806643
4436,1709771698.9819925,1709771698.9819987
4437,1709771699.0770943,1709771699.0771
4438,1709771699.180542,1709771699.1805468
4439,1709771699.2753327,1709771699.2753384
4440,1709771699.3826196,1709771699.3826249
4441,1709771699.4764948,1709771699.4765012
4442,1709771699.5763662,1709771699.5763726
4443,1709771699.679222,1709771699.679228
4444,1709771699.7760978,1709771699.7761025
4445,1709771699.8782756,1709771699.8782873
4446,1709771699.98131,1709771699.9813154
4447,1709771700.079129,1709771700.0791357
4448,1709771700.1843324,1709771700.184337
4449,1709771700.284382,1709771700.2843883
4450,1709771700.3825588,1709771700.382563
4451,1709771700.4752057,1709771700.475212
4452,1709771700.5819848,1709771700.5819921
4453,1709771700.6786382,1709771700.6786437
4454,1709771700.7764974,1709771700.7765038
4455,1709771700.8775342,1709771700.8775406
4456,1709771700.9818492,1709771700.9818547
4457,1709771701.0792778,1709771701.0792837
4458,1709771701.1834471,1709771701.1834538
4459,1709771701.2848277,1709771701.2848353
4460,1709771701.3874254,1709771701.387432
4461,1709771701.4803715,1709771701.480379
4462,1709771701.581091,1709771701.5810988
4463,1709771701.6779602,1709771701.6779664
4464,1709771701.7771041,1709771701.7771108
4465,1709771701.8758378,1709771701.8758438
4466,1709771701.9872396,1709771701.9872468
4467,1709771702.0824172,1709771702.082425
4468,1709771702.1824174,1709771702.1824236
4469,1709771702.281485,1709771702.28149
4470,1709771702.383387,1709771702.3833935
4471,1709771702.4802713,1709771702.4802778
4472,1709771702.577404,1709771702.5774114
4473,1709771702.6756465,1709771702.6756532
4474,1709771702.7816827,1709771702.7816882
4475,1709771702.8825452,1709771702.882551
4476,1709771702.9771557,1709771702.9771597
4477,1709771703.075678,1709771703.0756853
4478,1709771703.1765547,1709771703.1765616
4479,1709771703.2843866,1709771703.284392
4480,1709771703.3866298,1709771703.3866358
4481,1709771703.4851093,1709771703.4851165
4482,1709771703.5789568,1709771703.5789633
4483,1709771703.6847541,1709771703.6847599
4484,1709771703.7786398,1709771703.7786458
4485,1709771703.8751602,1709771703.8751664
4486,1709771703.9857016,1709771703.985709
4487,1709771704.0797772,1709771704.0797868
4488,1709771704.1810513,1709771704.1810567
4489,1709771704.278568,1709771704.2785735
4490,1709771704.3847013,1709771704.384707
4491,1709771704.4807959,1709771704.4808018
4492,1709771704.5826313,1709771704.5826373
4493,1709771704.6782727,1709771704.6782787
4494,1709771704.7872288,1709771704.787235
4495,1709771704.880102,1709771704.8801088
4496,1709771704.979301,1709771704.9793098
4497,1709771705.0776532,1709771705.0776663
4498,1709771705.17549,1709771705.1754959
4499,1709771705.2799037,1709771705.2799118
4500,1709771705.381936,1709771705.3819423
4501,1709771705.4813235,1709771705.4813304
4502,1709771705.5821364,1709771705.5821419
4503,1709771705.6826875,1709771705.6826959
4504,1709771705.7754977,1709771705.775507
4505,1709771705.8891425,1709771705.8891485
4506,1709771705.9829044,1709771705.982909
4507,1709771706.0795417,1709771706.0795476
4508,1709771706.179897,1709771706.1799006
4509,1709771706.2873423,1709771706.2873483
4510,1709771706.382306,1709771706.3823116
4511,1709771706.4800994,1709771706.4801047
4512,1709771706.5778089,1709771706.577814
4513,1709771706.6818027,1709771706.6818092
4514,1709771706.7891283,1709771706.789132
4515,1709771706.8753192,1709771706.875325
4516,1709771706.9752471,1709771706.9752548
4517,1709771707.0785332,1709771707.0785403
4518,1709771707.1798122,1709771707.1798182
4519,1709771707.2764363,1709771707.2764416
4520,1709771707.3749402,1709771707.3749459
4521,1709771707.4786885,1709771707.478695
4522,1709771707.5766537,1709771707.576661
4523,1709771707.686801,1709771707.6868072
4524,1709771707.783601,1709771707.7836072
4525,1709771707.8788188,1709771707.8788226
4526,1709771707.9832587,1709771707.9832647
4527,1709771708.0786862,1709771708.0786927
4528,1709771708.1756823,1709771708.1756887
4529,1709771708.2989705,1709771708.2989767
4530,1709771708.377637,1709771708.3776429
4531,1709771708.4815247,1709771708.4815302
4532,1709771708.5806906,1709771708.5806956
4533,1709771708.6780276,1709771708.6780336
4534,1709771708.780399,1709771708.7804031
4535,1709771708.8891964,1709771708.8892026
4536,1709771708.9786534,1709771708.9786599
4537,1709771709.0834734,1709771709.0834787
4538,1709771709.1844587,1709771709.1844633
4539,1709771709.278097,1709771709.2781029
4540,1709771709.3828425,1709771709.38285
4541,1709771709.4780095,1709771709.4780154
4542,1709771709.5851378,1709771709.5851443
4543,1709771709.682725,1709771709.6827316
4544,1709771709.7798905,1709771709.7798967
4545,1709771709.881439,1709771709.8814456
4546,1709771709.9763966,1709771709.976403
4547,1709771710.0835488,1709771710.0835547
4548,1709771710.1754205,1709771710.1754267
4549,1709771710.304328,1709771710.3043315
4550,1709771710.3871987,1709771710.3872073
4551,1709771710.4787762,1709771710.4787827
4552,1709771710.5753727,1709771710.5753784
4553,1709771710.6918404,1709771710.6918447
4554,1709771710.7798882,1709771710.7798944
4555,1709771710.8790736,1709771710.8790793
4556,1709771710.9817374,1709771710.981743
4557,1709771711.0847268,1709771711.0847337
4558,1709771711.1845317,1709771711.1845386
4559,1709771711.2881434,1709771711.2881505
4560,1709771711.384619,1709771711.3846264
4561,1709771711.4753408,1709771711.4753468
4562,1709771711.5826025,1709771711.5826082
4563,1709771711.6754606,1709771711.6754668
4564,1709771711.7836578,1709771711.783666
4565,1709771711.876654,1709771711.8766577
4566,1709771711.9797962,1709771711.9798017
4567,1709771712.0754921,1709771712.0754995
4568,1709771712.1910954,1709771712.1911016
4569,1709771712.2755692,1709771712.2755766
4570,1709771712.3786845,1709771712.3786905
4571,1709771712.476632,1709771712.4766386
4572,1709771712.5752916,1709771712.5752978
4573,1709771712.676932,1709771712.6769376
4574,1709771712.776909,1709771712.7769144
4575,1709771712.87546,1709771712.8754656
4576,1709771712.975376,1709771712.975382
4577,1709771713.078222,1709771713.0782268
4578,1709771713.1765718,1709771713.1765785
4579,1709771713.275446,1709771713.2754521
4580,1709771713.3810194,1709771713.3810256
4581,1709771713.4762332,1709771713.4762392
4582,1709771713.575643,1709771713.5756514
4583,1709771713.6771994,1709771713.677203
4584,1709771713.7759671,1709771713.7759736
4585,1709771713.8759437,1709771713.8759499
4586,1709771713.9754238,1709771713.975429
4587,1709771714.0752642,1709771714.0752685
4588,1709771714.176377,1709771714.1763809
4589,1709771714.2755249,1709771714.275532
4590,1709771714.3772304,1709771714.377235
4591,1709771714.4745984,1709771714.4746027
4592,1709771714.5772946,1709771714.577301
4593,1709771714.6821253,1709771714.6821332
4594,1709771714.7871888,1709771714.7871933
4595,1709771714.8792856,1709771714.8792915
4596,1709771714.9822361,1709771714.9822402
4597,1709771715.0887406,1709771715.0887463
4598,1709771715.1773784,1709771715.1773865
4599,1709771715.2797341,1709771715.2797403
4600,1709771715.3769777,1709771715.376982
4601,1709771715.4926333,1709771715.4926395
4602,1709771715.5887256,1709771715.588732
4603,1709771715.6798706,1709771715.679878
4604,1709771715.7869704,1709771715.7869763
4605,1709771715.8754122,1709771715.8754191
4606,1709771715.978932,1709771715.9789386
4607,1709771716.0835462,1709771716.0835514
4608,1709771716.1832387,1709771716.1832445
4609,1709771716.2774608,1709771716.277468
4610,1709771716.3809955,1709771716.3810022
4611,1709771716.4888048,1709771716.4888122
4612,1709771716.5896761,1709771716.5896816
4613,1709771716.6859975,1709771716.6860044
4614,1709771716.7860477,1709771716.7860544
4615,1709771716.8752034,1709771716.87521
4616,1709771716.9782567,1709771716.9782643
4617,1709771717.0809834,1709771717.0809891
4618,1709771717.1776104,1709771717.1776168
4619,1709771717.302485,1709771717.3024914
4620,1709771717.3797894,1709771717.3797936
4621,1709771717.4780478,1709771717.478123
4622,1709771717.5811508,1709771717.581205
4623,1709771717.6822982,1709771717.6823666
4624,1709771717.776878,1709771717.7769217
4625,1709771717.8787255,1709771717.8787732
4626,1709771717.9761744,1709771717.9762244
4627,1709771718.0753796,1709771718.0754309
4628,1709771718.178563,1709771718.1786485
4629,1709771718.2841039,1709771718.2841928
4630,1709771718.3827746,1709771718.3828635
4631,1709771718.479472,1709771718.4796307
4632,1709771718.5774982,1709771718.5775647
4633,1709771718.6782105,1709771718.678251
4634,1709771718.783664,1709771718.7837348
4635,1709771718.8760376,1709771718.876089
4636,1709771718.9852536,1709771718.9853053
4637,1709771719.0839434,1709771719.083981
4638,1709771719.1800098,1709771719.180058
4639,1709771719.279505,1709771719.2795115
4640,1709771719.38024,1709771719.3802507
4641,1709771719.47624,1709771719.4762464
4642,1709771719.5779054,1709771719.577914
4643,1709771719.6802993,1709771719.6803064
4644,1709771719.778969,1709771719.7789762
4645,1709771719.8749506,1709771719.8749576
4646,1709771719.9786475,1709771719.9786518
4647,1709771720.075573,1709771720.0755806
4648,1709771720.1812618,1709771720.181269
4649,1709771720.2780612,1709771720.2780678
4650,1709771720.376913,1709771720.3769186
4651,1709771720.4848442,1709771720.484852
4652,1709771720.575848,1709771720.5758557
4653,1709771720.683397,1709771720.6834042
4654,1709771720.7843153,1709771720.78432
4655,1709771720.8846803,1709771720.8846867
4656,1709771720.9859183,1709771720.9859252
4657,1709771721.077711,1709771721.0777159
4658,1709771721.1773753,1709771721.1773827
4659,1709771721.2825935,1709771721.2873929
4660,1709771721.3780646,1709771721.3832088
4661,1709771721.4774709,1709771721.4821594
4662,1709771721.5810435,1709771721.5854023
4663,1709771721.6842818,1709771721.6887949
4664,1709771721.7807355,1709771721.7858312
4665,1709771721.877397,1709771721.8820674
4666,1709771721.9817047,1709771721.9855049
4667,1709771722.0783155,1709771722.083104
4668,1709771722.1798978,1709771722.1851428
4669,1709771722.2799785,1709771722.2847164
4670,1709771722.3779035,1709771722.3835466
4671,1709771722.4758086,1709771722.4798574
4672,1709771722.5805166,1709771722.5848837
4673,1709771722.682849,1709771722.687962
4674,1709771722.7834961,1709771722.7879424
4675,1709771722.8776464,1709771722.8821335
4676,1709771722.9831634,1709771722.9867866
4677,1709771723.0784805,1709771723.0835533
4678,1709771723.1814127,1709771723.186273
4679,1709771723.286136,1709771723.2902122
4680,1709771723.378243,1709771723.3829818
4681,1709771723.4842741,1709771723.489855
4682,1709771723.5863187,1709771723.59217
4683,1709771723.6855369,1709771723.690797
4684,1709771723.7854714,1709771723.7925384
4685,1709771723.8919966,1709771723.897029
4686,1709771723.976942,1709771723.9822774
4687,1709771724.095178,1709771724.1060174
4688,1709771724.1845806,1709771724.1899428
4689,1709771724.2788997,1709771724.2833045
4690,1709771724.3818529,1709771724.3880816
4691,1709771724.484042,1709771724.4913142
4692,1709771724.58084,1709771724.586151
4693,1709771724.6779866,1709771724.683651
4694,1709771724.7859483,1709771724.7914562
4695,1709771724.8860655,1709771724.892554
4696,1709771724.9808824,1709771724.9840305
4697,1709771725.0779235,1709771725.082703
4698,1709771725.1792994,1709771725.1833348
4699,1709771725.2890637,1709771725.2941737
4700,1709771725.3846273,1709771725.3895674
4701,1709771725.4841745,1709771725.4894016
4702,1709771725.5799272,1709771725.5848463
4703,1709771725.6888225,1709771725.693503
4704,1709771725.7857378,1709771725.7912426
4705,1709771725.8774936,1709771725.8821163
4706,1709771725.9828987,1709771725.9882462
4707,1709771726.0786748,1709771726.0828624
4708,1709771726.1790998,1709771726.1826646
4709,1709771726.2833798,1709771726.289874
4710,1709771726.3804517,1709771726.3892732
4711,1709771726.4844,1709771726.4906096
4712,1709771726.589394,1709771726.5931895
4713,1709771726.6849778,1709771726.6905394
4714,1709771726.7803397,1709771726.7852583
4715,1709771726.8840146,1709771726.8894885
4716,1709771726.9804451,1709771726.9856315
4717,1709771727.0794232,1709771727.0864205
4718,1709771727.1812582,1709771727.186434
4719,1709771727.28096,1709771727.2878664
4720,1709771727.3838406,1709771727.3917794
4721,1709771727.4891407,1709771727.493997
4722,1709771727.5782285,1709771727.5829554
4723,1709771727.6819007,1709771727.6889787
4724,1709771727.787752,1709771727.7933152
4725,1709771727.8797197,1709771727.885082
4726,1709771727.9793117,1709771727.9880176
4727,1709771728.0794573,1709771728.0839598
4728,1709771728.1820571,1709771728.1875908
4729,1709771728.2761052,1709771728.2810085
4730,1709771728.3778775,1709771728.3829072
4731,1709771728.4790108,1709771728.4856195
4732,1709771728.5810444,1709771728.587712
4733,1709771728.6801808,1709771728.684902
4734,1709771728.7798922,1709771728.7848728
4735,1709771728.8826742,1709771728.8878336
4736,1709771728.9805856,1709771728.9864264
4737,1709771729.085094,1709771729.0906744
4738,1709771729.1841938,1709771729.1897619
4739,1709771729.2760484,1709771729.2813966
4740,1709771729.404886,1709771729.409047
4741,1709771729.4804635,1709771729.4876657
4742,1709771729.5752978,1709771729.580245
4743,1709771729.6768315,1709771729.6816182
4744,1709771729.7800438,1709771729.785086
4745,1709771729.8819733,1709771729.8883464
4746,1709771729.9829485,1709771729.9904087
4747,1709771730.0811584,1709771730.0894268
4748,1709771730.1839519,1709771730.1887383
4749,1709771730.2797837,1709771730.2850604
4750,1709771730.3805509,1709771730.3875484
4751,1709771730.477251,1709771730.481376
4752,1709771730.5821848,1709771730.5859125
4753,1709771730.6877067,1709771730.6915295
4754,1709771730.7809577,1709771730.7861667
4755,1709771730.8895829,1709771730.893905
4756,1709771730.9822762,1709771730.9876487
4757,1709771731.080821,1709771731.0897613
4758,1709771731.1837778,1709771731.1881962
4759,1709771731.2820394,1709771731.2866144
4760,1709771731.3838599,1709771731.3838663
4761,1709771731.4767556,1709771731.4767594
4762,1709771731.577484,1709771731.5774894
4763,1709771731.684216,1709771731.6842194
4764,1709771731.7759495,1709771731.775955
4765,1709771731.885232,1709771731.8852382
4766,1709771731.9786904,1709771731.9786952
4767,1709771732.0803046,1709771732.0803103
4768,1709771732.187927,1709771732.1879327
4769,1709771732.2802675,1709771732.2802737
4770,1709771732.3827903,1709771732.3827968
4771,1709771732.4786432,1709771732.4786496
4772,1709771732.582198,1709771732.582204
4773,1709771732.6851983,1709771732.6852064
4774,1709771732.7763958,1709771732.7764015
4775,1709771732.8819287,1709771732.8819325
4776,1709771732.9787848,1709771732.97879
4777,1709771733.0785747,1709771733.078581
4778,1709771733.1816418,1709771733.181648
4779,1709771733.2817664,1709771733.2817714
4780,1709771733.38868,1709771733.3886862
4781,1709771733.4761622,1709771733.4761682
4782,1709771733.5760343,1709771733.5760393
4783,1709771733.6876924,1709771733.6876988
4784,1709771733.7803578,1709771733.7803638
4785,1709771733.8833854,1709771733.883394
4786,1709771733.9822154,1709771733.9822187
4787,1709771734.079672,1709771734.0796776
4788,1709771734.193912,1709771734.1939206
4789,1709771734.278726,1709771734.2787323
4790,1709771734.3808305,1709771734.380836
4791,1709771734.4778402,1709771734.4778464
4792,1709771734.576291,1709771734.576297
4793,1709771734.682132,1709771734.6821387
4794,1709771734.7803183,1709771734.780324
4795,1709771734.8791616,1709771734.8791683
4796,1709771734.9870594,1709771734.9870636
4797,1709771735.0860178,1709771735.0860248
4798,1709771735.18384,1709771735.1838467
4799,1709771735.2814617,1709771735.2814674
4800,1709771735.3823562,1709771735.3823626
4801,1709771735.4842594,1709771735.4842663
4802,1709771735.5848734,1709771735.5848804
4803,1709771735.6893942,1709771735.6894
4804,1709771735.7776046,1709771735.7776105
4805,1709771735.8886957,1709771735.8887
4806,1709771735.9830766,1709771735.9830842
4807,1709771736.0753999,1709771736.0754068
4808,1709771736.1868865,1709771736.1868932
4809,1709771736.2812042,1709771736.2812116
4810,1709771736.3800812,1709771736.3800871
4811,1709771736.4988542,1709771736.4988601
4812,1709771736.582636,1709771736.5826433
4813,1709771736.6771643,1709771736.6771703
4814,1709771736.7809365,1709771736.780944
4815,1709771736.8813343,1709771736.8813407
4816,1709771736.977975,1709771736.9779813
4817,1709771737.076041,1709771737.0760481
4818,1709771737.1814342,1709771737.181441
4819,1709771737.2844663,1709771737.2844708
4820,1709771737.3879828,1709771737.3879898
4821,1709771737.4791458,1709771737.4791524
4822,1709771737.5797448,1709771737.5797524
4823,1709771737.6821399,1709771737.6821463
4824,1709771737.7794733,1709771737.7794805
4825,1709771737.883786,1709771737.8837938
4826,1709771737.9805162,1709771737.980522
4827,1709771738.0888445,1709771738.0888488
4828,1709771738.1839864,1709771738.1839929
4829,1709771738.2785795,1709771738.2785854
4830,1709771738.3805764,1709771738.380582
4831,1709771738.4784956,1709771738.478502
4832,1709771738.575951,1709771738.5759568
4833,1709771738.6755712,1709771738.675577
4834,1709771738.7802653,1709771738.780271
4835,1709771738.8760202,1709771738.8760269
4836,1709771738.984606,1709771738.9846127
4837,1709771739.0769567,1709771739.0769658
4838,1709771739.1770723,1709771739.17708
4839,1709771739.276577,1709771739.276588
4840,1709771739.3794231,1709771739.3794284
4841,1709771739.4772677,1709771739.4772737
4842,1709771739.5809271,1709771739.580932
4843,1709771739.6800475,1709771739.6800535
4844,1709771739.7817507,1709771739.7817552
4845,1709771739.8767097,1709771739.876715
4846,1709771739.9781692,1709771739.9781752
4847,1709771740.0753074,1709771740.0753129
4848,1709771740.1837895,1709771740.1837955
4849,1709771740.2807517,1709771740.2807572
4850,1709771740.3781269,1709771740.3781333
4851,1709771740.4814787,1709771740.481484
4852,1709771740.57982,1709771740.5798264
4853,1709771740.6825166,1709771740.6825228
4854,1709771740.7808607,1709771740.7809215
4855,1709771740.877971,1709771740.8779778
4856,1709771740.9797952,1709771740.979802
4857,1709771741.075547,1709771741.0755525
4858,1709771741.1795962,1709771741.179602
4859,1709771741.2809541,1709771741.2809591
4860,1709771741.3802872,1709771741.3802917
4861,1709771741.4830413,1709771741.4830458
4862,1709771741.581849,1709771741.581855
4863,1709771741.683,1709771741.6830075
4864,1709771741.7757325,1709771741.7757385
4865,1709771741.883562,1709771741.8835673
4866,1709771741.981598,1709771741.9816022
4867,1709771742.0787635,1709771742.0787694
4868,1709771742.18456,1709771742.184566
4869,1709771742.2819352,1709771742.2819412
4870,1709771742.379353,1709771742.3793585
4871,1709771742.4755394,1709771742.475546
4872,1709771742.5786462,1709771742.5786538
4873,1709771742.6828468,1709771742.6828523
4874,1709771742.7755373,1709771742.7755423
4875,1709771742.87982,1709771742.8798268
4876,1709771742.9827073,1709771742.982713
4877,1709771743.0780165,1709771743.0780232
4878,1709771743.1761608,1709771743.176167
4879,1709771743.2756495,1709771743.275656
4880,1709771743.3765934,1709771743.3765996
4881,1709771743.4808538,1709771743.4808638
4882,1709771743.5839226,1709771743.583929
4883,1709771743.684903,1709771743.684909
4884,1709771743.7818327,1709771743.781837
4885,1709771743.8833358,1709771743.8833416
4886,1709771743.9756804,1709771743.9756882
4887,1709771744.08281,1709771744.0828156
4888,1709771744.1825805,1709771744.1825871
4889,1709771744.2792249,1709771744.2792318
4890,1709771744.375368,1709771744.375375
4891,1709771744.4805975,1709771744.4806051
4892,1709771744.5813444,1709771744.5813506
4893,1709771744.6750572,1709771744.675063
4894,1709771744.7763543,1709771744.7763605
4895,1709771744.8820834,1709771744.8820891
4896,1709771744.9780626,1709771744.978068
4897,1709771745.0820386,1709771745.0820441
4898,1709771745.178238,1709771745.1782446
4899,1709771745.280501,1709771745.2805066
4900,1709771745.379147,1709771745.379155
4901,1709771745.4752133,1709771745.47522
4902,1709771745.577526,1709771745.5775304
4903,1709771745.679755,1709771745.67976
4904,1709771745.7772446,1709771745.7772489
4905,1709771745.8802958,1709771745.8802993
4906,1709771745.9849405,1709771745.984945
4907,1709771746.0793211,1709771746.0793269
4908,1709771746.185,1709771746.1850073
4909,1709771746.2844026,1709771746.28441
4910,1709771746.3829026,1709771746.3829095
4911,1709771746.4863887,1709771746.4863956
4912,1709771746.580031,1709771746.5800374
4913,1709771746.6754415,1709771746.6754453
4914,1709771746.7839246,1709771746.7839317
4915,1709771746.8832293,1709771746.883234
4916,1709771746.9814048,1709771746.9814105
4917,1709771747.0812447,1709771747.081251
4918,1709771747.182482,1709771747.182491
4919,1709771747.275991,1709771747.2759972
4920,1709771747.3795059,1709771747.3795116
4921,1709771747.4753008,1709771747.4753067
4922,1709771747.5842855,1709771747.5842898
4923,1709771747.675477,1709771747.675483
4924,1709771747.7773676,1709771747.7773724
4925,1709771747.8779342,1709771747.8779404
4926,1709771747.97907,1709771747.9790761
4927,1709771748.0759149,1709771748.0759206
4928,1709771748.1790729,1709771748.1790798
4929,1709771748.2837753,1709771748.2837832
4930,1709771748.3762143,1709771748.37622
4931,1709771748.4780126,1709771748.4780185
4932,1709771748.5966768,1709771748.5966833
4933,1709771748.677956,1709771748.6779616
4934,1709771748.780105,1709771748.7801113
4935,1709771748.8864393,1709771748.8864455
4936,1709771748.9800305,1709771748.980037
4937,1709771749.079725,1709771749.079732
4938,1709771749.1774306,1709771749.177437
4939,1709771749.279251,1709771749.279258
4940,1709771749.37553,1709771749.375536
4941,1709771749.4778528,1709771749.4778576
4942,1709771749.579267,1709771749.5792713
4943,1709771749.6750727,1709771749.6750793
4944,1709771749.7814307,1709771749.7814362
4945,1709771749.877593,1709771749.8775997
4946,1709771749.975815,1709771749.9758217
4947,1709771750.0822904,1709771750.082295
4948,1709771750.1757712,1709771750.1757777
4949,1709771750.278096,1709771750.2781003
4950,1709771750.3833735,1709771750.3833802
4951,1709771750.4854774,1709771750.4854822
4952,1709771750.5826688,1709771750.582675
4953,1709771750.6764765,1709771750.676482
4954,1709771750.781399,1709771750.781406
4955,1709771750.8803148,1709771750.880321
4956,1709771750.9763963,1709771750.9764001
4957,1709771751.0807137,1709771751.0807202
4958,1709771751.1747625,1709771751.1747663
4959,1709771751.2790718,1709771751.2790773
4960,1709771751.3823042,1709771751.3823116
4961,1709771751.481023,1709771751.4810297
4962,1709771751.5834186,1709771751.583424
4963,1709771751.6840127,1709771751.6840186
4964,1709771751.7846293,1709771751.784636
4965,1709771751.8829236,1709771751.8829298
4966,1709771751.9788132,1709771751.9788208
4967,1709771752.079771,1709771752.0797768
4968,1709771752.1864002,1709771752.186406
4969,1709771752.2818434,1709771752.2818508
4970,1709771752.382212,1709771752.3822193
4971,1709771752.4819574,1709771752.4819632
4972,1709771752.5773327,1709771752.5773392
4973,1709771752.680683,1709771752.680689
4974,1709771752.7791135,1709771752.7791197
4975,1709771752.8793762,1709771752.8793821
4976,1709771752.9807677,1709771752.9807742
4977,1709771753.0837855,1709771753.0837913
4978,1709771753.1810937,1709771753.181099
4979,1709771753.2777052,1709771753.2777104
4980,1709771753.3777456,1709771753.3777523
4981,1709771753.478363,1709771753.47837
4982,1709771753.5754344,1709771753.5754418
4983,1709771753.6848917,1709771753.6848974
4984,1709771753.777932,1709771753.7779381
4985,1709771753.882311,1709771753.8823156
4986,1709771753.9776633,1709771753.9776688
4987,1709771754.0802767,1709771754.0802832
4988,1709771754.1760993,1709771754.1761055
4989,1709771754.2749171,1709771754.2749212
4990,1709771754.3821962,1709771754.3822026
4991,1709771754.4796832,1709771754.4796877
4992,1709771754.583409,1709771754.5834126
4993,1709771754.6762586,1709771754.6762621
4994,1709771754.7795148,1709771754.779521
4995,1709771754.879586,1709771754.8795934
4996,1709771754.9759161,1709771754.9759233
4997,1709771755.0809987,1709771755.0810046
4998,1709771755.181719,1709771755.181725
4999,1709771755.2811618,1709771755.2811725
5000,1709771755.3825095,1709771755.3825154
5001,1709771755.4808874,1709771755.480895
5002,1709771755.575967,1709771755.5759737
5003,1709771755.6828802,1709771755.6828861
5004,1709771755.7850447,1709771755.7850504
5005,1709771755.8831594,1709771755.883164
5006,1709771755.9846883,1709771755.984696
5007,1709771756.0806015,1709771756.080607
5008,1709771756.1762338,1709771756.17624
5009,1709771756.280358,1709771756.2803664
5010,1709771756.3828177,1709771756.382822
5011,1709771756.4793525,1709771756.4793587
5012,1709771756.5806868,1709771756.580693
5013,1709771756.675786,1709771756.675792
5014,1709771756.7798932,1709771756.7798996
5015,1709771756.8779945,1709771756.878001
5016,1709771756.9769056,1709771756.9769135
5017,1709771757.0780413,1709771757.0780456
5018,1709771757.1836874,1709771757.1836932
5019,1709771757.275355,1709771757.275362
5020,1709771757.379931,1709771757.3799367
5021,1709771757.4806979,1709771757.480702
5022,1709771757.5829256,1709771757.5829318
5023,1709771757.6831422,1709771757.6831474
5024,1709771757.784515,1709771757.7845206
5025,1709771757.8799448,1709771757.8799508
5026,1709771757.9829414,1709771757.982948
5027,1709771758.0786607,1709771758.0786662
5028,1709771758.181142,1709771758.1811485
5029,1709771758.2810605,1709771758.281065
5030,1709771758.3751001,1709771758.3751047
5031,1709771758.4759977,1709771758.476183
5032,1709771758.5813625,1709771758.581368
5033,1709771758.685102,1709771758.6851082
5034,1709771758.7824256,1709771758.7824326
5035,1709771758.8791554,1709771758.8791628
5036,1709771758.9791763,1709771758.9791806
5037,1709771759.0788996,1709771759.0789042
5038,1709771759.1834748,1709771759.1834807
5039,1709771759.276081,1709771759.2760875
5040,1709771759.383075,1709771759.3830807
5041,1709771759.479658,1709771759.4796638
5042,1709771759.576045,1709771759.576051
5043,1709771759.6749756,1709771759.6749816
5044,1709771759.7755468,1709771759.775552
5045,1709771759.8783057,1709771759.8783119
5046,1709771759.9843144,1709771759.9843202
5047,1709771760.080314,1709771760.08032
5048,1709771760.1802647,1709771760.1802711
5049,1709771760.279037,1709771760.2790408
5050,1709771760.3806849,1709771760.380691
5051,1709771760.475757,1709771760.475764
5052,1709771760.5756981,1709771760.5757039
5053,1709771760.7038035,1709771760.7038105
5054,1709771760.778959,1709771760.7789645
5055,1709771760.8825555,1709771760.8825614
5056,1709771760.9807262,1709771760.980732
5057,1709771761.0771735,1709771761.0771792
5058,1709771761.1820407,1709771761.1820467
5059,1709771761.2851064,1709771761.2851133
5060,1709771761.3801396,1709771761.3801453
5061,1709771761.8359342,1709771761.835946
5062,1709771761.8440998,1709771761.8441052
5063,1709771761.884807,1709771761.884814
5064,1709771761.9900117,1709771761.990018
5065,1709771762.0862553,1709771762.0862617
5066,1709771762.1842523,1709771762.1842601
5067,1709771762.276985,1709771762.2769911
5068,1709771762.380395,1709771762.380401
5069,1709771762.4829159,1709771762.4829202
5070,1709771762.5752344,1709771762.5752401
5071,1709771762.6822634,1709771762.682269
5072,1709771762.7756262,1709771762.7756321
5073,1709771762.881487,1709771762.881491
5074,1709771762.9799132,1709771762.9799185
5075,1709771763.0847075,1709771763.0847135
5076,1709771763.1842716,1709771763.1842775
5077,1709771763.2784886,1709771763.2784925
5078,1709771763.3776827,1709771763.3776882
5079,1709771763.480551,1709771763.4805572
5080,1709771763.5855446,1709771763.5855567
5081,1709771763.6795936,1709771763.6795976
5082,1709771763.77511,1709771763.775116
5083,1709771763.8802109,1709771763.8802147
5084,1709771763.9813864,1709771763.9813933
5085,1709771764.0854297,1709771764.0854354
5086,1709771764.1852722,1709771764.185278
5087,1709771764.2845104,1709771764.2845151
5088,1709771764.3851752,1709771764.3851817
5089,1709771764.4807146,1709771764.4807186
5090,1709771764.596119,1709771764.5961246
5091,1709771764.6857889,1709771764.6857963
5092,1709771764.7828484,1709771764.7828553
5093,1709771764.8815305,1709771764.8815374
5094,1709771764.978709,1709771764.9787126
5095,1709771765.0796502,1709771765.0796566
5096,1709771765.1864614,1709771765.1864676
5097,1709771765.284614,1709771765.2846203
5098,1709771765.376138,1709771765.3761415
5099,1709771765.4764237,1709771765.4764311
5100,1709771765.5775726,1709771765.57758
5101,1709771765.6853912,1709771765.6853986
5102,1709771765.7837896,1709771765.7837977
5103,1709771765.8837323,1709771765.883739
5104,1709771765.9785323,1709771765.9785383
5105,1709771766.0788062,1709771766.078812
5106,1709771766.1754148,1709771766.1754205
5107,1709771766.2752428,1709771766.275249
5108,1709771766.3828185,1709771766.3828247
5109,1709771766.4774156,1709771766.477422
5110,1709771766.576948,1709771766.576954
5111,1709771766.679001,1709771766.679007
5112,1709771766.7754698,1709771766.7754738
5113,1709771766.875253,1709771766.8752592
5114,1709771766.9772246,1709771766.9772308
5115,1709771767.0804014,1709771767.0804071
5116,1709771767.1768913,1709771767.176897
5117,1709771767.2761636,1709771767.2761695
5118,1709771767.375502,1709771767.375508
5119,1709771767.4849174,1709771767.4849243
5120,1709771767.577475,1709771767.5774817
5121,1709771767.6842835,1709771767.684287
5122,1709771767.7789595,1709771767.7789645
5123,1709771767.883154,1709771767.8831618
5124,1709771767.9753652,1709771767.9753711
5125,1709771768.0768726,1709771768.076876
5126,1709771768.1815047,1709771768.1815114
5127,1709771768.2788894,1709771768.2788963
5128,1709771768.3781538,1709771768.3781595
5129,1709771768.481108,1709771768.4811149
5130,1709771768.5824313,1709771768.582437
5131,1709771768.6747377,1709771768.6747415
5132,1709771768.7803452,1709771768.780352
5133,1709771768.8793411,1709771768.879348
5134,1709771768.9807286,1709771768.9807327
5135,1709771769.07616,1709771769.0761716
5136,1709771769.180988,1709771769.180995
5137,1709771769.281593,1709771769.2816005
5138,1709771769.3768542,1709771769.3768601
5139,1709771769.4844446,1709771769.4844513
5140,1709771769.5816596,1709771769.5816662
5141,1709771769.683496,1709771769.6835022
5142,1709771769.7866929,1709771769.7866983
5143,1709771769.8753464,1709771769.8753529
5144,1709771769.9813309,1709771769.9813368
5145,1709771770.0846694,1709771770.0846748
5146,1709771770.182339,1709771770.182343
5147,1709771770.276528,1709771770.276533
5148,1709771770.383352,1709771770.3833578
5149,1709771770.481461,1709771770.4814675
5150,1709771770.5753257,1709771770.5753322
5151,1709771770.6822164,1709771770.682222
5152,1709771770.7802546,1709771770.7802625
5153,1709771770.887273,1709771770.8872802
5154,1709771770.9869037,1709771770.9869094
5155,1709771771.0790472,1709771771.0790536
5156,1709771771.1794026,1709771771.1794078
5157,1709771771.2775779,1709771771.2775815
5158,1709771771.381238,1709771771.3812442
5159,1709771771.475788,1709771771.4757943
5160,1709771771.5875943,1709771771.5875986
5161,1709771771.6759171,1709771771.6759233
5162,1709771771.8192303,1709771771.8192372
5163,1709771771.8758485,1709771771.8758547
5164,1709771771.9785774,1709771771.9785824
5165,1709771772.0842276,1709771772.0842328
5166,1709771772.1832993,1709771772.1833062
5167,1709771772.280909,1709771772.2809145
5168,1709771772.382425,1709771772.3824294
5169,1709771772.4828408,1709771772.4828472
5170,1709771772.575746,1709771772.5757535
5171,1709771772.6807709,1709771772.680776
5172,1709771772.7871234,1709771772.7871306
5173,1709771772.8790646,1709771772.8790715
5174,1709771772.97907,1709771772.9790761
5175,1709771773.0821126,1709771773.082117
5176,1709771773.1855445,1709771773.1855512
5177,1709771773.2812834,1709771773.2812872
5178,1709771773.3865192,1709771773.3865247
5179,1709771773.4783936,1709771773.4784472
5180,1709771773.5789883,1709771773.5789945
5181,1709771773.6845777,1709771773.6845815
5182,1709771773.7758434,1709771773.77585
5183,1709771773.885278,1709771773.8852844
5184,1709771773.982004,1709771773.9820085
5185,1709771774.0761027,1709771774.0761118
5186,1709771774.1755981,1709771774.1756039
5187,1709771774.2812002,1709771774.2812045
5188,1709771774.3817928,1709771774.381799
5189,1709771774.4809077,1709771774.4809134
5190,1709771774.5814917,1709771774.5814953
5191,1709771774.6808841,1709771774.680892
5192,1709771774.7833638,1709771774.783369
5193,1709771774.8788996,1709771774.878904
5194,1709771774.9755213,1709771774.9755278
5195,1709771775.0807548,1709771775.0807617
5196,1709771775.1817162,1709771775.1817222
5197,1709771775.2794175,1709771775.2794228
5198,1709771775.3809052,1709771775.3809104
5199,1709771775.477773,1709771775.477779
5200,1709771775.575455,1709771775.575459
5201,1709771775.68008,1709771775.6800854
5202,1709771775.780854,1709771775.7808602
5203,1709771775.8754683,1709771775.8754747
5204,1709771775.9831288,1709771775.983135
5205,1709771776.080844,1709771776.0808506
5206,1709771776.1762915,1709771776.1762972
5207,1709771776.275868,1709771776.2758732
5208,1709771776.3928792,1709771776.3928862
5209,1709771776.476084,1709771776.4760897
5210,1709771776.5832486,1709771776.5832536
5211,1709771776.6793342,1709771776.6793404
5212,1709771776.7753932,1709771776.7754006
5213,1709771776.8766365,1709771776.8766406
5214,1709771776.9826345,1709771776.9826407
5215,1709771777.0782158,1709771777.0782213
5216,1709771777.1780703,1709771777.1780765
5217,1709771777.2850103,1709771777.2850163
5218,1709771777.3840935,1709771777.3841012
5219,1709771777.4803019,1709771777.4803078
5220,1709771777.5866814,1709771777.5866876
5221,1709771777.6909091,1709771777.6909165
5222,1709771777.7832248,1709771777.7832313
5223,1709771777.8803906,1709771777.8803968
5224,1709771777.9837315,1709771777.983739
5225,1709771778.0838182,1709771778.0838242
5226,1709771778.1882913,1709771778.188299
5227,1709771778.2758336,1709771778.2758415
5228,1709771778.3820608,1709771778.382067
5229,1709771778.481264,1709771778.481271
5230,1709771778.5774322,1709771778.5774379
5231,1709771778.683014,1709771778.6830196
5232,1709771778.8172848,1709771778.8172913
5233,1709771778.8771615,1709771778.8771682
5234,1709771779.0031896,1709771779.0031965
5235,1709771779.0999138,1709771779.0999181
5236,1709771779.1782136,1709771779.178221
5237,1709771779.2831368,1709771779.2831435
5238,1709771779.3868873,1709771779.386894
5239,1709771779.4879024,1709771779.4879076
5240,1709771779.582435,1709771779.5824418
5241,1709771779.681613,1709771779.6816194
5242,1709771779.786227,1709771779.7862334
5243,1709771779.8784592,1709771779.8784652
5244,1709771779.9866061,1709771779.9866128
5245,1709771780.075812,1709771780.0758183
5246,1709771780.185161,1709771780.185167
5247,1709771780.2978017,1709771780.2978082
5248,1709771780.3809795,1709771780.3809876
5249,1709771780.4754436,1709771780.4754498
5250,1709771780.5946326,1709771780.5946395
5251,1709771780.6800256,1709771780.680031
5252,1709771780.7789352,1709771780.7842903
5253,1709771780.8858874,1709771780.889747
5254,1709771780.9751608,1709771780.9800832
5255,1709771781.0782356,1709771781.082369
5256,1709771781.1818328,1709771781.1863508
5257,1709771781.2757387,1709771781.279787
5258,1709771781.3761656,1709771781.3794663
5259,1709771781.4812577,1709771781.4904382
5260,1709771781.5830877,1709771781.5871918
5261,1709771781.6878924,1709771781.6916893
5262,1709771781.782143,1709771781.7900589
5263,1709771781.8767202,1709771781.8811088
5264,1709771781.9766726,1709771781.9847438
5265,1709771782.0792286,1709771782.0850542
5266,1709771782.176617,1709771782.1816988
5267,1709771782.2781675,1709771782.2823005
5268,1709771782.3866365,1709771782.3916252
5269,1709771782.4770675,1709771782.483791
5270,1709771782.5803735,1709771782.583762
5271,1709771782.6864243,1709771782.6911368
5272,1709771782.7841601,1709771782.7884696
5273,1709771782.8754838,1709771782.8797004
5274,1709771782.987842,1709771782.9919596
5275,1709771783.0835476,1709771783.088531
5276,1709771783.1783357,1709771783.1827996
5277,1709771783.2747056,1709771783.2785497
5278,1709771783.3823042,1709771783.3859084
5279,1709771783.4754992,1709771783.4791462
5280,1709771783.600229,1709771783.604716
5281,1709771783.6761332,1709771783.6801267
5282,1709771783.7792819,1709771783.7837286
5283,1709771783.8749647,1709771783.8787591
5284,1709771783.9765196,1709771783.9794936
5285,1709771784.0769079,1709771784.0806615
5286,1709771784.1771016,1709771784.1813617
5287,1709771784.2770314,1709771784.2794268
5288,1709771784.377705,1709771784.3822098
5289,1709771784.481444,1709771784.4858763
5290,1709771784.57885,1709771784.5840855
5291,1709771784.6810348,1709771784.6838012
5292,1709771784.7797995,1709771784.7842464
5293,1709771784.8774989,1709771784.8829873
5294,1709771784.9774683,1709771784.9816246
5295,1709771785.0771382,1709771785.0816066
5296,1709771785.1899235,1709771785.192829
5297,1709771785.276552,1709771785.2807968
5298,1709771785.3761513,1709771785.3802369
5299,1709771785.4784617,1709771785.4824727
5300,1709771785.5760689,1709771785.5804784
5301,1709771785.6760082,1709771785.6794555
5302,1709771785.7759566,1709771785.7791648
5303,1709771785.92202,1709771785.9305127
5304,1709771785.9815354,1709771785.9866004
5305,1709771786.0792904,1709771786.0829337
5306,1709771786.174974,1709771786.179691
5307,1709771786.2794902,1709771786.2836254
5308,1709771786.3769298,1709771786.3812077
5309,1709771786.4816597,1709771786.4856472
5310,1709771786.5751002,1709771786.579539
5311,1709771786.6825383,1709771786.6863549
5312,1709771786.7772458,1709771786.784627
5313,1709771786.8790996,1709771786.883102
5314,1709771786.9802399,1709771786.9843817
5315,1709771787.0788884,1709771787.0835133
5316,1709771787.1763752,1709771787.1812818
5317,1709771787.2752895,1709771787.279309
5318,1709771787.3752518,1709771787.3794649
5319,1709771787.4755776,1709771787.4795766
5320,1709771787.5759273,1709771787.5797257
5321,1709771787.6754405,1709771787.6809762
5322,1709771787.7754169,1709771787.7804232
5323,1709771787.8786159,1709771787.8829877
5324,1709771787.975116,1709771787.9786122
5325,1709771788.0759869,1709771788.0806327
5326,1709771788.1755912,1709771788.1800337
5327,1709771788.2767372,1709771788.2797844
5328,1709771788.3750308,1709771788.3811646
5329,1709771788.477192,1709771788.4829636
5330,1709771788.5772727,1709771788.5817184
5331,1709771788.6761682,1709771788.6799533
5332,1709771788.775749,1709771788.779043
5333,1709771788.8780007,1709771788.8805795
5334,1709771788.9759705,1709771788.9798431
5335,1709771789.0788035,1709771789.0829058
5336,1709771789.175681,1709771789.1794355
5337,1709771789.2766445,1709771789.281151
5338,1709771789.3759172,1709771789.379674
5339,1709771789.4782398,1709771789.4819317
5340,1709771789.5760753,1709771789.5803246
5341,1709771789.6782875,1709771789.6822681
5342,1709771789.7763698,1709771789.778874
5343,1709771789.876889,1709771789.8808806
5344,1709771789.97659,1709771789.9810522
5345,1709771790.0769043,1709771790.0810556
5346,1709771790.1772728,1709771790.180437
5347,1709771790.2755847,1709771790.2792532
5348,1709771790.3758917,1709771790.379731
5349,1709771790.474951,1709771790.4774013
5350,1709771790.5777419,1709771790.5816333
5351,1709771790.6755233,1709771790.6788254
5352,1709771790.7757163,1709771790.779613
5353,1709771790.8758752,1709771790.8796628
5354,1709771790.975761,1709771790.9796066
5355,1709771791.0783675,1709771791.08227
5356,1709771791.1753163,1709771791.1783159
5357,1709771791.2755632,1709771791.2791157
5358,1709771791.3753529,1709771791.3789656
5359,1709771791.4778986,1709771791.4816804
5360,1709771791.575714,1709771791.579605
5361,1709771791.6758902,1709771791.6798747
5362,1709771791.7756078,1709771791.77931
5363,1709771791.8776264,1709771791.8816345
5364,1709771791.974922,1709771791.9784608
5365,1709771792.076198,1709771792.0803163
5366,1709771792.1761882,1709771792.1789765
5367,1709771792.2760425,1709771792.2800155
5368,1709771792.3751566,1709771792.3783998
5369,1709771792.4751956,1709771792.478766
5370,1709771792.5765035,1709771792.5802138
5371,1709771792.6781578,1709771792.682101
5372,1709771792.7752652,1709771792.7784863
5373,1709771792.8766234,1709771792.8802836
5374,1709771792.9758606,1709771792.9793549
5375,1709771793.0786417,1709771793.08273
5376,1709771793.1758046,1709771793.179998
5377,1709771793.2776973,1709771793.2801132
5378,1709771793.376499,1709771793.380293
5379,1709771793.479334,1709771793.4832814
5380,1709771793.581172,1709771793.5872755
5381,1709771793.6800017,1709771793.682556
5382,1709771793.7754998,1709771793.7795458
5383,1709771793.8789268,1709771793.8829632
5384,1709771793.980589,1709771793.9840863
5385,1709771794.08465,1709771794.0887809
5386,1709771794.1823487,1709771794.1873257
5387,1709771794.2786446,1709771794.2822123
5388,1709771794.3780804,1709771794.383826
5389,1709771794.4801426,1709771794.484761
5390,1709771794.578025,1709771794.581817
5391,1709771794.6785514,1709771794.6824586
5392,1709771794.778057,1709771794.7825623
5393,1709771794.8802664,1709771794.884544
5394,1709771794.9815814,1709771794.9858553
5395,1709771795.0810192,1709771795.0847487
5396,1709771795.1760128,1709771795.1798768
5397,1709771795.2750778,1709771795.2789764
5398,1709771795.3748317,1709771795.378957
5399,1709771795.4804866,1709771795.4854
5400,1709771795.5783699,1709771795.582381
5401,1709771795.6782959,1709771795.6818721
5402,1709771795.7773542,1709771795.7815614
5403,1709771795.8789108,1709771795.8854527
5404,1709771795.9750812,1709771795.9788523
5405,1709771796.0780325,1709771796.0812974
5406,1709771796.1770864,1709771796.181443
5407,1709771796.2873166,1709771796.2909286
5408,1709771796.3773065,1709771796.3823614
5409,1709771796.4752476,1709771796.47904
5410,1709771796.5838397,1709771796.5896196
5411,1709771796.6817398,1709771796.6857452
5412,1709771796.7775447,1709771796.7811542
5413,1709771796.8788888,1709771796.8828187
5414,1709771796.981337,1709771796.9866383
5415,1709771797.0821993,1709771797.087559
5416,1709771797.1792278,1709771797.181703
5417,1709771797.279437,1709771797.2842345
5418,1709771797.3798704,1709771797.383624
5419,1709771797.4811282,1709771797.4855776
5420,1709771797.5786831,1709771797.5830991
5421,1709771797.6770656,1709771797.6796198
5422,1709771797.787058,1709771797.790817
5423,1709771797.9052722,1709771797.9088771
5424,1709771797.9755697,1709771797.978027
5425,1709771798.0780349,1709771798.0818272
5426,1709771798.1772482,1709771798.1810727
5427,1709771798.280531,1709771798.2844942
5428,1709771798.378536,1709771798.385724
5429,1709771798.476973,1709771798.48069
5430,1709771798.5771363,1709771798.5817354
5431,1709771798.675734,1709771798.6793504
5432,1709771798.775153,1709771798.7785568
5433,1709771798.8764527,1709771798.8803866
5434,1709771798.9757104,1709771798.9793894
5435,1709771799.0759428,1709771799.0797076
5436,1709771799.1795158,1709771799.1836376
5437,1709771799.2755806,1709771799.2793043
5438,1709771799.3750901,1709771799.378919
5439,1709771799.4774406,1709771799.4813406
5440,1709771799.5774062,1709771799.5820608
5441,1709771799.6749775,1709771799.6787505
5442,1709771799.7773974,1709771799.780075
5443,1709771799.8755934,1709771799.8788211
5444,1709771799.9776354,1709771799.9776406
5445,1709771800.076188,1709771800.0761933
5446,1709771800.1755018,1709771800.175508
5447,1709771800.2764704,1709771800.2764761
5448,1709771800.3756547,1709771800.3756602
5449,1709771800.4754992,1709771800.4755032
5450,1709771800.5760267,1709771800.5760324
5451,1709771800.6778402,1709771800.6778464
5452,1709771800.7770023,1709771800.7770083
5453,1709771800.8757052,1709771800.875711
5454,1709771800.9751604,1709771800.9751644
5455,1709771801.077658,1709771801.0776646
5456,1709771801.1751566,1709771801.1751626
5457,1709771801.2752442,1709771801.27525
5458,1709771801.3757477,1709771801.375752
5459,1709771801.4751077,1709771801.475113
5460,1709771801.5756812,1709771801.5756886
5461,1709771801.6759531,1709771801.6759598
5462,1709771801.775229,1709771801.7752352
5463,1709771801.875336,1709771801.8753402
5464,1709771801.974735,1709771801.9747386
5465,1709771802.075976,1709771802.0759814
5466,1709771802.1814985,1709771802.181502
5467,1709771802.2752335,1709771802.2752395
5468,1709771802.37567,1709771802.3756754
5469,1709771802.4770422,1709771802.4770474
5470,1709771802.5806696,1709771802.5806763
5471,1709771802.6780963,1709771802.6781034
5472,1709771802.7843857,1709771802.7843916
5473,1709771802.8769555,1709771802.876961
5474,1709771802.9785948,1709771802.978601
5475,1709771803.0817866,1709771803.081791
5476,1709771803.1843498,1709771803.1843555
5477,1709771803.28148,1709771803.2814863
5478,1709771803.3806243,1709771803.38063
5479,1709771803.478731,1709771803.4787352
5480,1709771803.5749857,1709771803.5749922
5481,1709771803.678883,1709771803.6788871
5482,1709771803.777858,1709771803.7778625
5483,1709771803.8750062,1709771803.8750103
5484,1709771803.975488,1709771803.9754937
5485,1709771804.0777283,1709771804.0777342
5486,1709771804.1813784,1709771804.1813848
5487,1709771804.279354,1709771804.2793598
5488,1709771804.3758597,1709771804.3758664
5489,1709771804.4767644,1709771804.476771
5490,1709771804.5752363,1709771804.5752468
5491,1709771804.6801755,1709771804.6801817
5492,1709771804.7831278,1709771804.7831347
5493,1709771804.8830717,1709771804.8830762
5494,1709771804.9765413,1709771804.9765475
5495,1709771805.1052167,1709771805.1052225
5496,1709771805.1848195,1709771805.1848261
5497,1709771805.2838817,1709771805.2838855
5498,1709771805.3755565,1709771805.3755624
5499,1709771805.4853501,1709771805.485356
5500,1709771805.580842,1709771805.5808487
5501,1709771805.681902,1709771805.6819074
5502,1709771805.7764864,1709771805.776492
5503,1709771805.8787081,1709771805.8787143
5504,1709771805.9806588,1709771805.9806647
5505,1709771806.0753274,1709771806.0753326
5506,1709771806.1776485,1709771806.1776552
5507,1709771806.2835767,1709771806.2835817
5508,1709771806.3930748,1709771806.3930812
5509,1709771806.4864511,1709771806.4864573
5510,1709771806.577086,1709771806.5770934
5511,1709771806.6770115,1709771806.677015
5512,1709771806.780218,1709771806.780225
5513,1709771806.8805265,1709771806.8805318
5514,1709771806.9805076,1709771806.980512
5515,1709771807.082658,1709771807.0864775
5516,1709771807.182506,1709771807.186424
5517,1709771807.2822902,1709771807.284954
5518,1709771807.376352,1709771807.3806036
5519,1709771807.480714,1709771807.4846694
5520,1709771807.5754995,1709771807.579441
5521,1709771807.6755815,1709771807.680631
5522,1709771807.7795343,1709771807.7829547
5523,1709771807.8820462,1709771807.8857017
5524,1709771807.9823422,1709771807.9856262
5525,1709771808.0793533,1709771808.0827208
5526,1709771808.17746,1709771808.180224
5527,1709771808.2765179,1709771808.2804394
5528,1709771808.3809705,1709771808.3846655
5529,1709771808.4854696,1709771808.4891622
5530,1709771808.580438,1709771808.5828521
5531,1709771808.6751895,1709771808.6788864
5532,1709771808.7832193,1709771808.7869465
5533,1709771808.8782823,1709771808.8809354
5534,1709771808.9812372,1709771808.9847307
5535,1709771809.0794516,1709771809.083687
5536,1709771809.1837873,1709771809.1871927
5537,1709771809.2809188,1709771809.2840154
5538,1709771809.37893,1709771809.3822756
5539,1709771809.47588,1709771809.4795847
5540,1709771809.5794842,1709771809.5832455
5541,1709771809.6784878,1709771809.68065
5542,1709771809.7770808,1709771809.7809305
5543,1709771809.8775308,1709771809.8809779
5544,1709771809.982883,1709771809.9868572
5545,1709771810.0785186,1709771810.083067
5546,1709771810.174843,1709771810.1789029
5547,1709771810.2806072,1709771810.2858663
5548,1709771810.378761,1709771810.3833902
5549,1709771810.4843426,1709771810.4885988
5550,1709771810.5765328,1709771810.5788834
5551,1709771810.6791873,1709771810.681843
5552,1709771810.7783406,1709771810.781885
5553,1709771810.8816655,1709771810.8856683
5554,1709771810.9803653,1709771810.983859
5555,1709771811.078075,1709771811.0815508
5556,1709771811.1753461,1709771811.1781912
5557,1709771811.2758281,1709771811.279422
5558,1709771811.3777008,1709771811.38141
5559,1709771811.4764526,1709771811.4791994
5560,1709771811.5803103,1709771811.5837002
5561,1709771811.6832592,1709771811.687436
5562,1709771811.7793045,1709771811.7821088
5563,1709771811.8778865,1709771811.8810852
5564,1709771811.975442,1709771811.9788904
5565,1709771812.0753438,1709771812.079273
5566,1709771812.1968944,1709771812.2006836
5567,1709771812.2790513,1709771812.2829137
5568,1709771812.3806725,1709771812.3846054
5569,1709771812.4805863,1709771812.4846113
5570,1709771812.5816703,1709771812.5864143
5571,1709771812.6789432,1709771812.682912
5572,1709771812.7821584,1709771812.7868328
5573,1709771812.8852096,1709771812.8895452
5574,1709771812.9790895,1709771812.9833124
5575,1709771813.0806403,1709771813.0846694
5576,1709771813.1808457,1709771813.183658
5577,1709771813.2773175,1709771813.2818892
5578,1709771813.3776975,1709771813.3807406
5579,1709771813.4804072,1709771813.4846742
5580,1709771813.581386,1709771813.588553
5581,1709771813.6849136,1709771813.6884222
5582,1709771813.7805054,1709771813.7839403
5583,1709771813.8810868,1709771813.886796
5584,1709771813.9764116,1709771813.9788606
5585,1709771814.080489,1709771814.0845075
5586,1709771814.188785,1709771814.1926584
5587,1709771814.280226,1709771814.2837305
5588,1709771814.3787327,1709771814.3823185
5589,1709771814.4816282,1709771814.4868076
5590,1709771814.5771658,1709771814.580358
5591,1709771814.678299,1709771814.6823103
5592,1709771814.7814527,1709771814.785464
5593,1709771814.8843641,1709771814.8881016
5594,1709771814.9805944,1709771814.9848785
5595,1709771815.0794954,1709771815.0832782
5596,1709771815.1792054,1709771815.1817882
5597,1709771815.279423,1709771815.283303
5598,1709771815.3795185,1709771815.3845387
5599,1709771815.4799438,1709771815.48536
5600,1709771815.5843637,1709771815.588328
5601,1709771815.6796517,1709771815.6845143
5602,1709771815.7839928,1709771815.7883549
5603,1709771815.8854713,1709771815.88835
5604,1709771815.9804003,1709771815.9851646
5605,1709771816.0850046,1709771816.0893512
5606,1709771816.180422,1709771816.1840808
5607,1709771816.2755668,1709771816.2796314
5608,1709771816.385196,1709771816.389708
5609,1709771816.4802434,1709771816.4849718
5610,1709771816.5767863,1709771816.5809164
5611,1709771816.6818006,1709771816.68628
5612,1709771816.7798758,1709771816.783257
5613,1709771816.8756196,1709771816.8799107
5614,1709771816.9784932,1709771816.9837382
5615,1709771817.0751486,1709771817.078603
5616,1709771817.180613,1709771817.18377
5617,1709771817.2754107,1709771817.2789462
5618,1709771817.375837,1709771817.3803115
5619,1709771817.48098,1709771817.484596
5620,1709771817.5802295,1709771817.58456
5621,1709771817.6818364,1709771817.6872764
5622,1709771817.7754247,1709771817.7786288
5623,1709771817.876013,1709771817.8785043
5624,1709771817.9809499,1709771817.9880736
5625,1709771818.0807264,1709771818.085407
5626,1709771818.1858397,1709771818.189398
5627,1709771818.2814186,1709771818.2852535
5628,1709771818.3785803,1709771818.3822775
5629,1709771818.4805372,1709771818.4842389
5630,1709771818.5760212,1709771818.5799785
5631,1709771818.6753454,1709771818.6787913
5632,1709771818.7755477,1709771818.7793698
5633,1709771818.8843684,1709771818.8880732
5634,1709771818.9780328,1709771818.9833307
5635,1709771819.086231,1709771819.0891924
5636,1709771819.179805,1709771819.1832898
5637,1709771819.3003383,1709771819.3050838
5638,1709771819.3784904,1709771819.3840666
5639,1709771819.4755669,1709771819.4793637
5640,1709771819.5799878,1709771819.5844402
5641,1709771819.6829185,1709771819.6861327
5642,1709771819.7819748,1709771819.7861278
5643,1709771819.882022,1709771819.8865137
5644,1709771819.9757895,1709771819.979698
5645,1709771820.0799778,1709771820.0848234
5646,1709771820.1830225,1709771820.1863153
5647,1709771820.2800164,1709771820.2840402
5648,1709771820.3771734,1709771820.3806
5649,1709771820.4806323,1709771820.4850779
5650,1709771820.5812972,1709771820.585561
5651,1709771820.6836505,1709771820.6876695
5652,1709771820.7818248,1709771820.7858586
5653,1709771820.882325,1709771820.8863854
5654,1709771820.9751606,1709771820.979139
5655,1709771821.0748172,1709771821.0782297
5656,1709771821.1768126,1709771821.1812499
5657,1709771821.2774158,1709771821.2774231
5658,1709771821.3837476,1709771821.3837547
5659,1709771821.480649,1709771821.4806554
5660,1709771821.5765696,1709771821.5765748
5661,1709771821.6841264,1709771821.6841326
5662,1709771821.7810552,1709771821.781061
5663,1709771821.885317,1709771821.8853233
5664,1709771821.9757378,1709771821.9757435
5665,1709771822.0842824,1709771822.0842874
5666,1709771822.1835642,1709771822.1835704
5667,1709771822.2840693,1709771822.284076
5668,1709771822.377055,1709771822.3770602
5669,1709771822.4789631,1709771822.4789686
5670,1709771822.581951,1709771822.5819557
5671,1709771822.6758041,1709771822.67581
5672,1709771822.7831235,1709771822.7831285
5673,1709771822.8818834,1709771822.881891
5674,1709771822.9836676,1709771822.983672
5675,1709771823.081432,1709771823.081438
5676,1709771823.1780884,1709771823.178095
5677,1709771823.2812674,1709771823.2812736
5678,1709771823.3803937,1709771823.380401
5679,1709771823.4832778,1709771823.4832835
5680,1709771823.5756967,1709771823.5757022
5681,1709771823.680335,1709771823.6803422
5682,1709771823.7775755,1709771823.7775798
5683,1709771823.8817263,1709771823.8817327
5684,1709771823.979399,1709771823.9794059
5685,1709771824.076462,1709771824.076469
5686,1709771824.181318,1709771824.1813247
5687,1709771824.2784162,1709771824.2784214
5688,1709771824.3793738,1709771824.3793793
5689,1709771824.4803946,1709771824.4804003
5690,1709771824.9446003,1709771824.9505227
5691,1709771824.9617722,1709771824.965884
5692,1709771824.981788,1709771824.9858994
5693,1709771825.0897088,1709771825.0960505
5694,1709771825.1811852,1709771825.1856687
5695,1709771825.2803445,1709771825.2831385
5696,1709771825.3776047,1709771825.3803914
5697,1709771825.4843948,1709771825.4889011
5698,1709771825.5783606,1709771825.5823538
5699,1709771825.6756377,1709771825.68023
5700,1709771825.7778647,1709771825.7819047
5701,1709771825.8761284,1709771825.882726
5702,1709771825.9771488,1709771825.9819682
5703,1709771826.0755582,1709771826.0810742
5704,1709771826.1775398,1709771826.1806953
5705,1709771826.2846606,1709771826.2887259
5706,1709771826.3750951,1709771826.379686
5707,1709771826.4808445,1709771826.4836214
5708,1709771826.5804374,1709771826.5844426
5709,1709771826.6820202,1709771826.6863751
5710,1709771826.7752512,1709771826.7790444
5711,1709771826.876817,1709771826.8808618
5712,1709771826.9802327,1709771826.9837043
5713,1709771827.0754135,1709771827.080009
5714,1709771827.1769273,1709771827.1821685
5715,1709771827.2853308,1709771827.2903168
5716,1709771827.3859787,1709771827.3927736
5717,1709771827.4783876,1709771827.483081
5718,1709771827.5791383,1709771827.5827625
5719,1709771827.6830983,1709771827.688323
5720,1709771827.783286,1709771827.788144
5721,1709771827.8813715,1709771827.8850088
5722,1709771827.9813056,1709771827.9849577
5723,1709771828.080897,1709771828.084289
5724,1709771828.1752338,1709771828.1812375
5725,1709771828.2833436,1709771828.2887347
5726,1709771828.37779,1709771828.3820736
5727,1709771828.4805784,1709771828.4849186
5728,1709771828.5770967,1709771828.5817454
5729,1709771828.6756742,1709771828.6804423
5730,1709771828.7806647,1709771828.7852964
5731,1709771828.8774295,1709771828.8817327
5732,1709771828.977677,1709771828.9813194
5733,1709771829.0834367,1709771829.0883596
5734,1709771829.182365,1709771829.1870959
5735,1709771829.2756526,1709771829.2793016
5736,1709771829.3996832,1709771829.403854
5737,1709771829.4802372,1709771829.4834676
5738,1709771829.5746744,1709771829.578842
5739,1709771829.6773512,1709771829.6806982
5740,1709771829.7820005,1709771829.786442
5741,1709771829.87979,1709771829.8829863
5742,1709771829.982732,1709771829.9861896
5743,1709771830.0772357,1709771830.0818458
5744,1709771830.180299,1709771830.186207
5745,1709771830.2846134,1709771830.2892628
5746,1709771830.3755462,1709771830.3802536
5747,1709771830.4777822,1709771830.4819067
5748,1709771830.5765893,1709771830.580058
5749,1709771830.6751792,1709771830.6795185
5750,1709771830.7830088,1709771830.7872825
5751,1709771830.8775399,1709771830.8822863
5752,1709771830.9846966,1709771830.989274
5753,1709771831.0763328,1709771831.0807447
5754,1709771831.1834128,1709771831.187792
5755,1709771831.2817025,1709771831.286372
5756,1709771831.3833368,1709771831.389747
5757,1709771831.4846067,1709771831.4889686
5758,1709771831.583505,1709771831.5877798
5759,1709771831.6827385,1709771831.6882799
5760,1709771831.787856,1709771831.7922616
5761,1709771831.8752742,1709771831.8798633
5762,1709771831.9794726,1709771831.98384
5763,1709771832.0802338,1709771832.0841987
5764,1709771832.1805198,1709771832.1849637
5765,1709771832.2803657,1709771832.2858176
5766,1709771832.377055,1709771832.3808203
5767,1709771832.479973,1709771832.4845588
5768,1709771832.5796926,1709771832.585095
5769,1709771832.685445,1709771832.6893594
5770,1709771832.775412,1709771832.7792103
5771,1709771832.8781848,1709771832.882788
5772,1709771832.9796817,1709771832.9865983
5773,1709771833.0788147,1709771833.0828462
5774,1709771833.1753352,1709771833.1792545
5775,1709771833.2781963,1709771833.2822573
5776,1709771833.3782113,1709771833.3823142
5777,1709771833.4756851,1709771833.479605
5778,1709771833.5816898,1709771833.5875554
5779,1709771833.6772692,1709771833.6812623
5780,1709771833.7764814,1709771833.7790582
5781,1709771833.8806083,1709771833.885132
5782,1709771833.978094,1709771833.9821398
5783,1709771834.0804083,1709771834.084706
5784,1709771834.1839864,1709771834.1886845
5785,1709771834.2752376,1709771834.2785735
5786,1709771834.3810716,1709771834.385722
5787,1709771834.4801593,1709771834.484955
5788,1709771834.5814862,1709771834.58657
5789,1709771834.6815765,1709771834.686535
5790,1709771834.7854607,1709771834.7900965
5791,1709771834.8812294,1709771834.8841422
5792,1709771834.983043,1709771834.9881883
5793,1709771835.0835505,1709771835.087824
5794,1709771835.175232,1709771835.1793427
5795,1709771835.2766912,1709771835.280306
5796,1709771835.3782558,1709771835.382085
5797,1709771835.4813037,1709771835.4859629
5798,1709771835.5781777,1709771835.58396
5799,1709771835.6757264,1709771835.6798522
5800,1709771835.7812016,1709771835.7851443
5801,1709771835.8828416,1709771835.8870041
5802,1709771835.9838195,1709771835.9880173
5803,1709771836.0763028,1709771836.0815606
5804,1709771836.1831362,1709771836.186814
5805,1709771836.2768779,1709771836.282444
5806,1709771836.3803868,1709771836.3865345
5807,1709771836.50157,1709771836.5056567
5808,1709771836.581005,1709771836.5840044
5809,1709771836.6788862,1709771836.68338
5810,1709771836.7795625,1709771836.7847023
5811,1709771836.8793101,1709771836.8841732
5812,1709771836.9769235,1709771836.9818485
5813,1709771837.0752223,1709771837.0793555
5814,1709771837.1753566,1709771837.17985
5815,1709771837.2811491,1709771837.2853603
5816,1709771837.3841991,1709771837.3880706
5817,1709771837.4775746,1709771837.4849198
5818,1709771837.582663,1709771837.5862074
5819,1709771837.6835768,1709771837.6891863
5820,1709771837.776079,1709771837.7805493
5821,1709771837.8761737,1709771837.8816504
5822,1709771837.9753184,1709771837.9798343
5823,1709771838.0878131,1709771838.09214
5824,1709771838.1854696,1709771838.1898427
5825,1709771838.2845833,1709771838.2884002
5826,1709771838.3772151,1709771838.3825693
5827,1709771838.4853234,1709771838.485329
5828,1709771838.5792224,1709771838.5792286
5829,1709771838.681792,1709771838.6817985
5830,1709771838.7788637,1709771838.7788692
5831,1709771838.8773918,1709771838.8773978
5832,1709771838.984928,1709771838.9849324
5833,1709771839.078482,1709771839.078488
5834,1709771839.1783037,1709771839.1783104
5835,1709771839.2747555,1709771839.2747598
5836,1709771839.3779228,1709771839.3779268
5837,1709771839.4761517,1709771839.4761581
5838,1709771839.580981,1709771839.5809877
5839,1709771839.682284,1709771839.68229
5840,1709771839.7822046,1709771839.7822108
5841,1709771839.8777442,1709771839.8777483
5842,1709771839.9759686,1709771839.9759743
5843,1709771840.0818284,1709771840.0818384
5844,1709771840.1816242,1709771840.1816306
5845,1709771840.2828045,1709771840.28281
5846,1709771840.38167,1709771840.381675
5847,1709771840.4830086,1709771840.4830143
5848,1709771840.5809948,1709771840.5809984
5849,1709771840.684137,1709771840.6841445
5850,1709771840.7779875,1709771840.7779934
5851,1709771840.885936,1709771840.8859427
5852,1709771840.9760294,1709771840.9760363
5853,1709771841.087753,1709771841.0877593
5854,1709771841.1820498,1709771841.182054
5855,1709771841.275772,1709771841.2757783
5856,1709771841.382095,1709771841.3821013
5857,1709771841.4755526,1709771841.4755588
5858,1709771841.5849602,1709771841.5849671
5859,1709771841.6841068,1709771841.6841125
5860,1709771841.780487,1709771841.780493
5861,1709771841.8815348,1709771841.881539
5862,1709771841.9830518,1709771841.983058
5863,1709771842.078042,1709771842.078047
5864,1709771842.1798165,1709771842.1798227
5865,1709771842.275999,1709771842.2760053
5866,1709771842.3751256,1709771842.375132
5867,1709771842.4774199,1709771842.4774268
5868,1709771842.5753388,1709771842.5753443
5869,1709771842.6756384,1709771842.6756432
5870,1709771842.7767382,1709771842.7767444
5871,1709771842.8762474,1709771842.8762531
5872,1709771842.9759064,1709771842.975914
5873,1709771843.0782485,1709771843.0782566
5874,1709771843.1754458,1709771843.1754522
5875,1709771843.2768614,1709771843.2768672
5876,1709771843.3761241,1709771843.37613
5877,1709771843.4783397,1709771843.4783463
5878,1709771843.5989115,1709771843.5989177
5879,1709771843.6757827,1709771843.6757863
5880,1709771843.777498,1709771843.7775044
5881,1709771843.8765593,1709771843.8765657
5882,1709771843.9758897,1709771843.9758954
5883,1709771844.0750794,1709771844.0750859
5884,1709771844.1755493,1709771844.1755538
5885,1709771844.2774804,1709771844.2774863
5886,1709771844.3797586,1709771844.3797626
5887,1709771844.475651,1709771844.4756575
5888,1709771844.5763724,1709771844.5763788
5889,1709771844.6779168,1709771844.6779227
5890,1709771844.7753394,1709771844.775345
5891,1709771844.8755002,1709771844.8755064
5892,1709771844.974758,1709771844.9747615
5893,1709771845.0832734,1709771845.0832798
5894,1709771845.1758482,1709771845.175854
5895,1709771845.2824464,1709771845.2824507
5896,1709771845.3804283,1709771845.3804352
5897,1709771845.4864006,1709771845.4864066
5898,1709771845.5802855,1709771845.5853512
5899,1709771845.6903553,1709771845.695495
5900,1709771845.7917666,1709771845.7977026
5901,1709771845.8828459,1709771845.8888278
5902,1709771845.9831538,1709771845.9883516
5903,1709771846.0835445,1709771846.0896225
5904,1709771846.178234,1709771846.1835668
5905,1709771846.28576,1709771846.2928903
5906,1709771846.3767674,1709771846.3813424
5907,1709771846.4801424,1709771846.4861038
5908,1709771846.579812,1709771846.5853646
5909,1709771846.6841192,1709771846.6894262
5910,1709771846.7751634,1709771846.7818224
5911,1709771846.8835824,1709771846.8877783
5912,1709771846.9874427,1709771846.9924815
5913,1709771847.0886867,1709771847.0936472
5914,1709771847.1900907,1709771847.1966846
5915,1709771847.2797189,1709771847.2853339
5916,1709771847.3761692,1709771847.3817768
5917,1709771847.4841907,1709771847.4892805
5918,1709771847.5748625,1709771847.5798383
5919,1709771847.6894062,1709771847.6949518
5920,1709771847.7783785,1709771847.7838879
5921,1709771847.8793383,1709771847.885988
5922,1709771847.9796352,1709771847.9863117
5923,1709771848.0840726,1709771848.0926273
5924,1709771848.1814663,1709771848.1869247
5925,1709771848.2808928,1709771848.2884295
5926,1709771848.3795378,1709771848.3851197
5927,1709771848.4858477,1709771848.4913692
5928,1709771848.5856838,1709771848.5900135
5929,1709771848.687551,1709771848.691991
5930,1709771848.7750454,1709771848.7802014
5931,1709771848.8830287,1709771848.8884068
5932,1709771848.9787276,1709771848.9841745
5933,1709771849.0755246,1709771849.080512
5934,1709771849.1772513,1709771849.1827037
5935,1709771849.2888587,1709771849.2941878
5936,1709771849.3855414,1709771849.3911552
5937,1709771849.4864204,1709771849.4915128
5938,1709771849.5886905,1709771849.594104
5939,1709771849.6767318,1709771849.681293
5940,1709771849.7785375,1709771849.7836335
5941,1709771849.8776383,1709771849.8827968
5942,1709771849.978513,1709771849.9838505
5943,1709771850.080914,1709771850.086839
5944,1709771850.178141,1709771850.183774
5945,1709771850.2808237,1709771850.2892175
5946,1709771850.3816373,1709771850.3873456
5947,1709771850.4782112,1709771850.4866168
5948,1709771850.6021018,1709771850.6082332
5949,1709771850.6792383,1709771850.6850977
5950,1709771850.7818606,1709771850.787791
5951,1709771850.878576,1709771850.8850017
5952,1709771850.977956,1709771850.9823952
5953,1709771851.082495,1709771851.0889778
5954,1709771851.1779287,1709771851.1851735
5955,1709771851.2762232,1709771851.279332
5956,1709771851.3754492,1709771851.3836827
5957,1709771851.4752452,1709771851.4799984
5958,1709771851.5755827,1709771851.581302
5959,1709771851.6747622,1709771851.6775186
5960,1709771851.7759094,1709771851.7817087
5961,1709771851.8764634,1709771851.8822925
5962,1709771851.9751253,1709771851.979149
5963,1709771852.0771964,1709771852.0815806
5964,1709771852.175616,1709771852.1802862
5965,1709771852.2764332,1709771852.2811072
5966,1709771852.3752604,1709771852.378638
5967,1709771852.4750075,1709771852.479193
5968,1709771852.5753431,1709771852.5794485
5969,1709771852.6777232,1709771852.6839592
5970,1709771852.7752402,1709771852.7787986
5971,1709771852.876772,1709771852.8810391
5972,1709771852.9770002,1709771852.9822452
5973,1709771853.0777361,1709771853.0814667
5974,1709771853.1753914,1709771853.1818523
5975,1709771853.275303,1709771853.2794724
5976,1709771853.3754337,1709771853.379593
5977,1709771853.4756193,1709771853.4802048
5978,1709771853.5754929,1709771853.5802772
5979,1709771853.6763513,1709771853.6827886
5980,1709771853.7755792,1709771853.7801116
5981,1709771853.875533,1709771853.879658
5982,1709771853.975488,1709771853.9794633
5983,1709771854.0753677,1709771854.080554
5984,1709771854.1754854,1709771854.1826575
5985,1709771854.2750788,1709771854.2826564
5986,1709771854.3757799,1709771854.380654
5987,1709771854.479907,1709771854.4848723
5988,1709771854.5768652,1709771854.5817695
5989,1709771854.675427,1709771854.6811929
5990,1709771854.7760754,1709771854.7826185
5991,1709771854.8755047,1709771854.880176
5992,1709771854.9770987,1709771854.9817429
5993,1709771855.075677,1709771855.0796344
5994,1709771855.1762075,1709771855.1793978
5995,1709771855.277435,1709771855.2841928
5996,1709771855.3768976,1709771855.3815424
5997,1709771855.475011,1709771855.4812503
5998,1709771855.5804412,1709771855.5854478
5999,1709771855.6825001,1709771855.6871898
6000,1709771855.780226,1709771855.783798
6001,1709771855.8873775,1709771855.8918333
6002,1709771855.9760487,1709771855.9811313
6003,1709771856.0813973,1709771856.0860026
6004,1709771856.1817667,1709771856.18528
6005,1709771856.2796123,1709771856.2843056
6006,1709771856.3806388,1709771856.3842967
6007,1709771856.4796605,1709771856.4842618
6008,1709771856.5823247,1709771856.586895
6009,1709771856.68082,1709771856.6852407
6010,1709771856.7764523,1709771856.7814422
6011,1709771856.8755023,1709771856.8811293
6012,1709771856.9802601,1709771856.9848933
6013,1709771857.0805554,1709771857.085114
6014,1709771857.1819355,1709771857.186509
6015,1709771857.281259,1709771857.2841501
6016,1709771857.3771973,1709771857.3814597
6017,1709771857.481899,1709771857.486547
6018,1709771857.5765924,1709771857.581121
6019,1709771857.6793103,1709771857.6872509
6020,1709771857.7802079,1709771857.7849844
6021,1709771857.8770244,1709771857.8807032
6022,1709771857.9757981,1709771857.9808335
6023,1709771858.0884311,1709771858.092889
6024,1709771858.181279,1709771858.185715
6025,1709771858.2789438,1709771858.2836747
6026,1709771858.3757071,1709771858.3802295
6027,1709771858.4763627,1709771858.480437
6028,1709771858.577006,1709771858.581937
6029,1709771858.6784089,1709771858.68301
6030,1709771858.7799478,1709771858.783842
6031,1709771858.876106,1709771858.8816206
6032,1709771858.9856522,1709771858.990023
6033,1709771859.078191,1709771859.0827618
6034,1709771859.176855,1709771859.1820314
6035,1709771859.2850037,1709771859.290706
6036,1709771859.3767395,1709771859.382205
6037,1709771859.4797957,1709771859.484208
6038,1709771859.5755608,1709771859.580218
6039,1709771859.6799386,1709771859.684641
6040,1709771859.7864707,1709771859.7917974
6041,1709771859.8816302,1709771859.886942
6042,1709771859.9755883,1709771859.9812696
6043,1709771860.0757797,1709771860.0801907
6044,1709771860.1751323,1709771860.179821
6045,1709771860.2782395,1709771860.283987
6046,1709771860.3806992,1709771860.3855472
6047,1709771860.4832773,1709771860.488315
6048,1709771860.5768933,1709771860.5818043
6049,1709771860.6807704,1709771860.6847677
6050,1709771860.779153,1709771860.7828598
6051,1709771860.8755097,1709771860.8799083
6052,1709771860.9826026,1709771860.9872
6053,1709771861.0800738,1709771861.0845146
6054,1709771861.1785758,1709771861.1832542
6055,1709771861.2785866,1709771861.283155
6056,1709771861.3792865,1709771861.3836396
6057,1709771861.4808738,1709771861.485043
6058,1709771861.5919178,1709771861.5967877
6059,1709771861.680446,1709771861.685395
6060,1709771861.7766855,1709771861.7844028
6061,1709771861.8787231,1709771861.883084
6062,1709771861.981181,1709771861.9871066
6063,1709771862.0760581,1709771862.0802238
6064,1709771862.1795187,1709771862.184892
6065,1709771862.2785375,1709771862.2823179
6066,1709771862.3828273,1709771862.3877368
6067,1709771862.4769022,1709771862.4827402
6068,1709771862.5798182,1709771862.5879683
6069,1709771862.703063,1709771862.707425
6070,1709771862.7801132,1709771862.7850149
6071,1709771862.886199,1709771862.890172
6072,1709771862.9776282,1709771862.9826996
6073,1709771863.0834553,1709771863.0884066
6074,1709771863.176955,1709771863.18123
6075,1709771863.2756176,1709771863.2806249
6076,1709771863.3808937,1709771863.385889
6077,1709771863.4803536,1709771863.4849405
6078,1709771863.5764809,1709771863.5801296
6079,1709771863.679487,1709771863.6859488
6080,1709771863.7791662,1709771863.7864022
6081,1709771863.8794377,1709771863.8844347
6082,1709771863.984261,1709771863.9902422
6083,1709771864.0811923,1709771864.0885878
6084,1709771864.1750169,1709771864.1798365
6085,1709771864.283074,1709771864.288012
6086,1709771864.3766139,1709771864.3832548
6087,1709771864.4785364,1709771864.4839132
6088,1709771864.5779808,1709771864.5843494
6089,1709771864.6876225,1709771864.687629
6090,1709771864.7796757,1709771864.7796795
6091,1709771864.8760257,1709771864.8760312
6092,1709771864.9849958,1709771864.9850028
6093,1709771865.0794318,1709771865.0794375
6094,1709771865.1770735,1709771865.1770778
6095,1709771865.278023,1709771865.2780285
6096,1709771865.3787513,1709771865.378755
6097,1709771865.4794195,1709771865.4794254
6098,1709771865.5770826,1709771865.577089
6099,1709771865.6826549,1709771865.6826613
6100,1709771865.7766948,1709771865.7766986
6101,1709771865.8848088,1709771865.8848152
6102,1709771865.9803896,1709771865.9803953
6103,1709771866.0782566,1709771866.078264
6104,1709771866.177346,1709771866.1773517
6105,1709771866.278281,1709771866.278287
6106,1709771866.3834598,1709771866.3834655
6107,1709771866.4753053,1709771866.4753113
6108,1709771866.5775802,1709771866.5775847
6109,1709771866.680168,1709771866.6801713
6110,1709771866.779163,1709771866.779169
6111,1709771866.8807354,1709771866.880741
6112,1709771866.9761689,1709771866.9761746
6113,1709771867.0786173,1709771867.0786216
6114,1709771867.1790955,1709771867.1791024
6115,1709771867.2771661,1709771867.277173
6116,1709771867.3789005,1709771867.3789046
6117,1709771867.4846802,1709771867.4846864
6118,1709771867.5791357,1709771867.579141
6119,1709771867.677151,1709771867.6771564
6120,1709771867.7860708,1709771867.7860844
6121,1709771867.8788788,1709771867.878885
6122,1709771867.9846761,1709771867.9846818
6123,1709771868.0883722,1709771868.0883782
6124,1709771868.1802695,1709771868.1802764
6125,1709771868.2910182,1709771868.291024
6126,1709771868.3840177,1709771868.3840215
6127,1709771868.4764135,1709771868.476418
6128,1709771868.5791576,1709771868.5791633
6129,1709771868.680798,1709771868.6808026
6130,1709771868.7768507,1709771868.7768564
6131,1709771868.8815234,1709771868.8815308
6132,1709771868.9812098,1709771868.9812174
6133,1709771869.0839849,1709771869.0839903
6134,1709771869.1807082,1709771869.1807148
6135,1709771869.2834315,1709771869.283439
6136,1709771869.3857565,1709771869.385763
6137,1709771869.4861274,1709771869.486134
6138,1709771869.5789962,1709771869.5790038
6139,1709771869.6805587,1709771869.6805644
6140,1709771869.808137,1709771869.8081403
6141,1709771869.8854616,1709771869.8854673
6142,1709771869.9846876,1709771869.9846935
6143,1709771870.0800192,1709771870.0800245
6144,1709771870.1897864,1709771870.1897929
6145,1709771870.2931154,1709771870.293122
6146,1709771870.3826158,1709771870.3826227
6147,1709771870.4864933,1709771870.4864998
6148,1709771870.5776446,1709771870.5776498
6149,1709771870.677721,1709771870.677727
6150,1709771870.7807624,1709771870.7807684
6151,1709771870.8781657,1709771870.878172
6152,1709771870.981102,1709771870.9811091
6153,1709771871.0787635,1709771871.0787673
6154,1709771871.1793406,1709771871.179346
6155,1709771871.282965,1709771871.28297
6156,1709771871.3809216,1709771871.380928
6157,1709771871.478588,1709771871.4785943
6158,1709771871.5778513,1709771871.5778573
6159,1709771871.6816208,1709771871.681626
6160,1709771871.7860796,1709771871.7860858
6161,1709771871.8751266,1709771871.8751333
6162,1709771871.976318,1709771871.9763238
6163,1709771872.0809016,1709771872.080907
6164,1709771872.181407,1709771872.1814141
6165,1709771872.274836,1709771872.27484
6166,1709771872.3842063,1709771872.3842123
6167,1709771872.480059,1709771872.4800663
6168,1709771872.5803576,1709771872.580364
6169,1709771872.6837392,1709771872.6837428
6170,1709771872.7798913,1709771872.7798977
6171,1709771872.8819592,1709771872.881963
6172,1709771872.9899151,1709771872.9899209
6173,1709771873.0754983,1709771873.0755045
6174,1709771873.1818066,1709771873.1818128
6175,1709771873.2839904,1709771873.2839942
6176,1709771873.3761194,1709771873.376125
6177,1709771873.4844246,1709771873.4844313
6178,1709771873.5877278,1709771873.587735
6179,1709771873.6782641,1709771873.6782706
6180,1709771873.776744,1709771873.7767506
6181,1709771873.8853486,1709771873.885355
6182,1709771873.980726,1709771873.9807324
6183,1709771874.0756328,1709771874.0756392
6184,1709771874.183303,1709771874.183308
6185,1709771874.2757614,1709771874.2757676
6186,1709771874.3751962,1709771874.3752027
6187,1709771874.485391,1709771874.485397
6188,1709771874.5823302,1709771874.5823367
6189,1709771874.6778045,1709771874.677811
6190,1709771874.7817514,1709771874.781756
6191,1709771874.8767507,1709771874.8767564
6192,1709771874.9809582,1709771874.9809625
6193,1709771875.082609,1709771875.0826142
6194,1709771875.1838748,1709771875.1838808
6195,1709771875.2760322,1709771875.276038
6196,1709771875.3779168,1709771875.3779223
6197,1709771875.481398,1709771875.4814038
6198,1709771875.584389,1709771875.584394
6199,1709771875.6753576,1709771875.675364
6200,1709771875.7755156,1709771875.7755222
6201,1709771875.877547,1709771875.8775535
6202,1709771875.9793596,1709771875.979365
6203,1709771876.0796907,1709771876.0796957
6204,1709771876.1766768,1709771876.1766825
6205,1709771876.2803783,1709771876.2803845
6206,1709771876.3830764,1709771876.3830812
6207,1709771876.4831865,1709771876.4831917
6208,1709771876.580698,1709771876.5807047
6209,1709771876.6848278,1709771876.684835
6210,1709771876.775233,1709771876.775238
6211,1709771876.875556,1709771876.875564
6212,1709771876.9776924,1709771876.9776988
6213,1709771877.0763085,1709771877.076314
6214,1709771877.1828477,1709771877.1828537
6215,1709771877.2810178,1709771877.2810242
6216,1709771877.378805,1709771877.378809
6217,1709771877.4792027,1709771877.479208
6218,1709771877.5789897,1709771877.5789955
6219,1709771877.6833727,1709771877.6833787
6220,1709771877.7803493,1709771877.780355
6221,1709771877.8762684,1709771877.876274
6222,1709771877.9783263,1709771877.9783318
6223,1709771878.0787082,1709771878.078712
6224,1709771878.1812758,1709771878.1812813
6225,1709771878.2819233,1709771878.2819293
6226,1709771878.3782492,1709771878.3782554
6227,1709771878.483384,1709771878.4833894
6228,1709771878.5807815,1709771878.5807877
6229,1709771878.6783261,1709771878.6783323
6230,1709771878.7810962,1709771878.7811024
6231,1709771878.8804696,1709771878.880474
6232,1709771878.9754841,1709771878.9754899
6233,1709771879.0786273,1709771879.0786324
6234,1709771879.178699,1709771879.1787047
6235,1709771879.281253,1709771879.2812574
6236,1709771879.3752074,1709771879.3752139
6237,1709771879.4826403,1709771879.4826467
6238,1709771879.5751522,1709771879.5751576
6239,1709771879.6815448,1709771879.6815488
6240,1709771879.783943,1709771879.7839491
6241,1709771879.8765085,1709771879.8765142
6242,1709771879.984341,1709771879.9843469
6243,1709771880.078799,1709771880.078805
6244,1709771880.1819985,1709771880.1820064
6245,1709771880.2751224,1709771880.2751288
6246,1709771880.37592,1709771880.375927
6247,1709771880.4847617,1709771880.4847677
6248,1709771880.5774426,1709771880.5774481
6249,1709771880.6809464,1709771880.680952
6250,1709771880.7790368,1709771880.779042
6251,1709771880.880205,1709771880.8802109
6252,1709771880.9805605,1709771880.9805665
6253,1709771881.082031,1709771881.0820367
6254,1709771881.1764035,1709771881.1764085
6255,1709771881.2807784,1709771881.2807856
6256,1709771881.3835182,1709771881.3835256
6257,1709771881.4852207,1709771881.4852264
6258,1709771881.5804849,1709771881.580491
6259,1709771881.6789157,1709771881.6789212
6260,1709771881.784999,1709771881.7850063
6261,1709771881.900641,1709771881.9006479
6262,1709771881.9770145,1709771881.9770205
6263,1709771882.0873737,1709771882.0873826
6264,1709771882.1778214,1709771882.1778255
6265,1709771882.2823048,1709771882.2823105
6266,1709771882.3754234,1709771882.37543
6267,1709771882.4773226,1709771882.477328
6268,1709771882.581609,1709771882.5816157
6269,1709771882.6913521,1709771882.691359
6270,1709771882.7757533,1709771882.7757597
6271,1709771882.8762877,1709771882.876295
6272,1709771882.980062,1709771882.9800687
6273,1709771883.083612,1709771883.0836196
6274,1709771883.180464,1709771883.180471
6275,1709771883.282202,1709771883.282209
6276,1709771883.3862677,1709771883.3862762
6277,1709771883.4823928,1709771883.4823987
6278,1709771883.5848489,1709771883.5848548
6279,1709771883.680292,1709771883.6802983
6280,1709771883.7754338,1709771883.7754393
6281,1709771883.8834133,1709771883.8903275
6282,1709771883.9795246,1709771883.985035
6283,1709771884.0831082,1709771884.0881848
6284,1709771884.1774774,1709771884.1817834
6285,1709771884.2791932,1709771884.284278
6286,1709771884.3846402,1709771884.390725
6287,1709771884.4778926,1709771884.4822347
6288,1709771884.58134,1709771884.5879986
6289,1709771884.675528,1709771884.679838
6290,1709771884.7846084,1709771884.789676
6291,1709771884.879002,1709771884.8832152
6292,1709771884.9829535,1709771884.987149
6293,1709771885.0819302,1709771885.0883343
6294,1709771885.1814673,1709771885.186728
6295,1709771885.2814221,1709771885.286243
6296,1709771885.3790154,1709771885.3846438
6297,1709771885.483162,1709771885.487751
6298,1709771885.5753672,1709771885.57974
6299,1709771885.6853397,1709771885.690332
6300,1709771885.785317,1709771885.7893777
6301,1709771885.8801835,1709771885.8837428
6302,1709771885.9795783,1709771885.9853995
6303,1709771886.083394,1709771886.088462
6304,1709771886.17587,1709771886.1807442
6305,1709771886.2762256,1709771886.280543
6306,1709771886.382034,1709771886.3870633
6307,1709771886.8559146,1709771886.855925
6308,1709771886.8666918,1709771886.8666983
6309,1709771886.8840508,1709771886.8840573
6310,1709771886.9821246,1709771886.9821317
6311,1709771887.0809457,1709771887.0809503
6312,1709771887.1855984,1709771887.1856055
6313,1709771887.282819,1709771887.2828236
6314,1709771887.3796158,1709771887.3796234
6315,1709771887.4766483,1709771887.4766538
6316,1709771887.5751727,1709771887.575179
6317,1709771887.6748593,1709771887.6748655
6318,1709771887.775742,1709771887.7757473
6319,1709771887.875768,1709771887.8757727
6320,1709771887.9774437,1709771887.9774482
6321,1709771888.0768547,1709771888.0768602
6322,1709771888.1754193,1709771888.1754248
6323,1709771888.2777748,1709771888.2777815
6324,1709771888.3797977,1709771888.379805
6325,1709771888.4833653,1709771888.4833715
6326,1709771888.57953,1709771888.5795357
6327,1709771888.6756399,1709771888.6756454
6328,1709771888.775702,1709771888.7757084
6329,1709771888.8753386,1709771888.875344
6330,1709771888.975771,1709771888.9757757
6331,1709771889.0751421,1709771889.075148
6332,1709771889.1758645,1709771889.175871
6333,1709771889.2763445,1709771889.276351
6334,1709771889.375662,1709771889.375668
6335,1709771889.474984,1709771889.474988
6336,1709771889.5753546,1709771889.57536
6337,1709771889.6754093,1709771889.6754153
6338,1709771889.7801836,1709771889.7801895
6339,1709771889.8811078,1709771889.8811145
6340,1709771889.9809692,1709771889.9809752
6341,1709771890.0799766,1709771890.0799816
6342,1709771890.1768382,1709771890.1768444
6343,1709771890.2758136,1709771890.2758198
6344,1709771890.3772519,1709771890.3772576
6345,1709771890.4752831,1709771890.4752893
6346,1709771890.5757837,1709771890.57579
6347,1709771890.6756756,1709771890.6756833
6348,1709771890.7752054,1709771890.7752116
6349,1709771890.8793788,1709771890.8793864
6350,1709771890.9797957,1709771890.9840076
6351,1709771891.0845075,1709771891.0889544
6352,1709771891.1821542,1709771891.1872425
6353,1709771891.2770147,1709771891.2816055
6354,1709771891.3835738,1709771891.3882875
6355,1709771891.4778214,1709771891.4819512
6356,1709771891.5831802,1709771891.5876362
6357,1709771891.676852,1709771891.6807897
6358,1709771891.7759552,1709771891.7809772
6359,1709771891.8820937,1709771891.887396
6360,1709771891.9784973,1709771891.9828086
6361,1709771892.0815876,1709771892.0861068
6362,1709771892.1764295,1709771892.1812947
6363,1709771892.2820163,1709771892.2856557
6364,1709771892.3799329,1709771892.3847606
6365,1709771892.4767435,1709771892.4818494
6366,1709771892.5754962,1709771892.5786164
6367,1709771892.6851363,1709771892.6903903
6368,1709771892.7829516,1709771892.7870805
6369,1709771892.880662,1709771892.8853474
6370,1709771892.9799316,1709771892.9845152
6371,1709771893.081366,1709771893.0858824
6372,1709771893.1796386,1709771893.1838827
6373,1709771893.2795506,1709771893.2836378
6374,1709771893.3770533,1709771893.381738
6375,1709771893.4755788,1709771893.4802842
6376,1709771893.581736,1709771893.5862997
6377,1709771893.6800103,1709771893.6839414
6378,1709771893.7775047,1709771893.7815979
6379,1709771893.8835008,1709771893.8876903
6380,1709771893.9826367,1709771893.9873292
6381,1709771894.0809813,1709771894.0852776
6382,1709771894.1774244,1709771894.182298
6383,1709771894.2758303,1709771894.2807875
6384,1709771894.37619,1709771894.3805635
6385,1709771894.4801102,1709771894.4843388
6386,1709771894.5864933,1709771894.5910447
6387,1709771894.681841,1709771894.6861467
6388,1709771894.7801178,1709771894.7846596
6389,1709771894.8803012,1709771894.8843958
6390,1709771894.9804926,1709771894.9851482
6391,1709771895.078275,1709771895.0823398
6392,1709771895.1777632,1709771895.1819568
6393,1709771895.2772355,1709771895.2820537
6394,1709771895.3757896,1709771895.3800323
6395,1709771895.477719,1709771895.4808066
6396,1709771895.5772152,1709771895.58178
6397,1709771895.6772738,1709771895.6799617
6398,1709771895.7762153,1709771895.78019
6399,1709771895.8758729,1709771895.8807824
6400,1709771895.9755511,1709771895.9799511
6401,1709771896.0777192,1709771896.0777283
6402,1709771896.1774924,1709771896.1775017
6403,1709771896.280625,1709771896.2806304
6404,1709771896.3773034,1709771896.37731
6405,1709771896.4758112,1709771896.4758174
6406,1709771896.575522,1709771896.5755277
6407,1709771896.6778057,1709771896.6778119
6408,1709771896.7805796,1709771896.7805853
6409,1709771896.875372,1709771896.8753781
6410,1709771896.9785762,1709771896.9785872
6411,1709771897.0754478,1709771897.0754547
6412,1709771897.1776893,1709771897.1776953
6413,1709771897.2835658,1709771897.2835717
6414,1709771897.3854246,1709771897.3854334
6415,1709771897.476045,1709771897.476051
6416,1709771897.5871472,1709771897.5871542
6417,1709771897.6759198,1709771897.6759253
6418,1709771897.7766738,1709771897.7766774
6419,1709771897.8765347,1709771897.8765416
6420,1709771897.9756925,1709771897.9756985
6421,1709771898.0766153,1709771898.0766213
6422,1709771898.1822908,1709771898.1822977
6423,1709771898.2756855,1709771898.2756934
6424,1709771898.3753839,1709771898.37539
6425,1709771898.475304,1709771898.4753108
6426,1709771898.585054,1709771898.5850601
6427,1709771898.675102,1709771898.6751084
6428,1709771898.779897,1709771898.7799022
6429,1709771898.8821402,1709771898.8821445
6430,1709771898.9770682,1709771898.9770758
6431,1709771899.0752435,1709771899.0752492
6432,1709771899.1994085,1709771899.1994143
6433,1709771899.2752082,1709771899.2752142
6434,1709771899.37727,1709771899.377276
6435,1709771899.483015,1709771899.4830234
6436,1709771899.5820615,1709771899.5820687
6437,1709771899.6758735,1709771899.6758792
6438,1709771899.7756433,1709771899.775649
6439,1709771899.8759227,1709771899.8759284
6440,1709771899.981823,1709771899.9818277
6441,1709771900.082789,1709771900.082796
6442,1709771900.181852,1709771900.1818588
6443,1709771900.2751067,1709771900.275111
6444,1709771900.3752503,1709771900.3752565
6445,1709771900.476398,1709771900.4764018
6446,1709771900.576603,1709771900.5766087
6447,1709771900.6808736,1709771900.680878
6448,1709771900.7767003,1709771900.7767045
6449,1709771900.8815532,1709771900.88156
6450,1709771900.9757247,1709771900.9757311
6451,1709771901.0772169,1709771901.0772226
6452,1709771901.177886,1709771901.177893
6453,1709771901.2873397,1709771901.2873464
6454,1709771901.384297,1709771901.3843029
6455,1709771901.4804978,1709771901.4805045
6456,1709771901.5828664,1709771901.5828726
6457,1709771901.6841402,1709771901.6841462
6458,1709771901.775715,1709771901.7757206
6459,1709771901.8774025,1709771901.877407
6460,1709771901.9793103,1709771901.9793165
6461,1709771902.0840874,1709771902.0840914
6462,1709771902.182215,1709771902.182222
6463,1709771902.2880247,1709771902.2880287
6464,1709771902.3872702,1709771902.3872752
6465,1709771902.4762778,1709771902.4762833
6466,1709771902.5839465,1709771902.5839534
6467,1709771902.6773753,1709771902.6773822
6468,1709771902.7809494,1709771902.7809548
6469,1709771902.8937926,1709771902.8937979
6470,1709771902.9829025,1709771902.9829085
6471,1709771903.0840042,1709771903.0840113
6472,1709771903.1820319,1709771903.1820378
6473,1709771903.274897,1709771903.2749035
6474,1709771903.3811738,1709771903.3811812
6475,1709771903.480516,1709771903.4805224
6476,1709771903.5853744,1709771903.58538
6477,1709771903.6752808,1709771903.675288
6478,1709771903.7839122,1709771903.783918
6479,1709771903.8810089,1709771903.8810155
6480,1709771903.9780874,1709771903.9780943
6481,1709771904.0776808,1709771904.0776875
6482,1709771904.184227,1709771904.184236
6483,1709771904.2838814,1709771904.2838874
6484,1709771904.3769383,1709771904.3769455
6485,1709771904.4886658,1709771904.4886725
6486,1709771904.593345,1709771904.5933514
6487,1709771904.687759,1709771904.687765
6488,1709771904.785662,1709771904.7856688
6489,1709771904.8770266,1709771904.877033
6490,1709771904.978884,1709771904.978891
6491,1709771905.0767567,1709771905.0767624
6492,1709771905.1792352,1709771905.1792426
6493,1709771905.2886953,1709771905.288702
6494,1709771905.3778453,1709771905.3778777
6495,1709771905.4902005,1709771905.4902062
6496,1709771905.5892725,1709771905.5893545
6497,1709771905.686272,1709771905.686385
6498,1709771905.7874918,1709771905.787579
6499,1709771905.8749049,1709771905.8749714
6500,1709771905.9773128,1709771905.977382
6501,1709771906.0899558,1709771906.0900042
6502,1709771906.1808271,1709771906.1808767
6503,1709771906.3114007,1709771906.3114588
6504,1709771906.3841567,1709771906.3842072
6505,1709771906.4785032,1709771906.478652
6506,1709771906.5753517,1709771906.5754166
6507,1709771906.6875925,1709771906.6876867
6508,1709771906.7859542,1709771906.786009
6509,1709771906.8896472,1709771906.8897083
6510,1709771906.989001,1709771906.9890518
6511,1709771907.0752504,1709771907.0753262
6512,1709771907.1847467,1709771907.184847
6513,1709771907.283949,1709771907.2839959
6514,1709771907.3843267,1709771907.3844116
6515,1709771907.4907718,1709771907.4908621
6516,1709771907.5817165,1709771907.5819416
6517,1709771907.6893737,1709771907.6894567
6518,1709771907.783759,1709771907.7838192
6519,1709771907.8765738,1709771907.8766317
6520,1709771907.986335,1709771907.9863918
6521,1709771908.0870867,1709771908.087161
6522,1709771908.1832116,1709771908.1832185
6523,1709771908.2756832,1709771908.2756903
6524,1709771908.3768034,1709771908.3768098
6525,1709771908.4796917,1709771908.479698
6526,1709771908.5928643,1709771908.5928712
6527,1709771908.677494,1709771908.6775002
6528,1709771908.784255,1709771908.7842612
6529,1709771908.8852928,1709771908.8852987
6530,1709771908.993573,1709771908.9935791
6531,1709771909.0834012,1709771909.083408
6532,1709771909.1873016,1709771909.1873076
6533,1709771909.2796423,1709771909.2796493
6534,1709771909.380695,1709771909.380701
6535,1709771909.4781287,1709771909.478135
6536,1709771909.5789652,1709771909.5789714
6537,1709771909.6786044,1709771909.678612
6538,1709771909.7851317,1709771909.7851384
6539,1709771909.8921,1709771909.892107
6540,1709771909.9883952,1709771909.988401
6541,1709771910.0910554,1709771910.0910614
6542,1709771910.1794088,1709771910.1794157
6543,1709771910.275114,1709771910.2798345
6544,1709771910.37835,1709771910.3835864
6545,1709771910.4781966,1709771910.4831371
6546,1709771910.581981,1709771910.5848594
6547,1709771910.6854517,1709771910.6903238
6548,1709771910.7799113,1709771910.7842567
6549,1709771910.8855124,1709771910.8899803
6550,1709771910.9880757,1709771910.9928656
6551,1709771911.0826533,1709771911.0876827
6552,1709771911.180322,1709771911.183272
6553,1709771911.2813036,1709771911.2869644
6554,1709771911.3796253,1709771911.3855119
6555,1709771911.4823775,1709771911.4875646
6556,1709771911.5849118,1709771911.5902386
6557,1709771911.6813638,1709771911.6859143
6558,1709771911.7776635,1709771911.782207
6559,1709771911.8788445,1709771911.883261
6560,1709771911.9795089,1709771911.9855204
6561,1709771912.0759847,1709771912.0801454
6562,1709771912.1812687,1709771912.185625
6563,1709771912.2777743,1709771912.2825499
6564,1709771912.378716,1709771912.3828204
6565,1709771912.480275,1709771912.4848506
6566,1709771912.5827336,1709771912.5887022
6567,1709771912.676069,1709771912.6806269
6568,1709771912.7767162,1709771912.7815647
6569,1709771912.8810718,1709771912.8862293
6570,1709771912.9751937,1709771912.9806292
6571,1709771913.0756323,1709771913.080331
6572,1709771913.1761377,1709771913.1824865
6573,1709771913.2976217,1709771913.301969
6574,1709771913.3766139,1709771913.382983
6575,1709771913.4803715,1709771913.4858534
6576,1709771913.5759726,1709771913.5805483
6577,1709771913.6763248,1709771913.6812794
6578,1709771913.7755234,1709771913.7797472
6579,1709771913.875228,1709771913.8795097
6580,1709771913.9762192,1709771913.980879
6581,1709771914.076288,1709771914.084003
6582,1709771914.1758873,1709771914.1800523
6583,1709771914.2763488,1709771914.281097
6584,1709771914.376706,1709771914.380239
6585,1709771914.474925,1709771914.4787388
6586,1709771914.575915,1709771914.5809422
6587,1709771914.6752262,1709771914.6790242
6588,1709771914.776638,1709771914.7805927
6589,1709771914.874837,1709771914.8803105
6590,1709771914.9752872,1709771914.9795291
6591,1709771915.0754666,1709771915.0804167
6592,1709771915.1774795,1709771915.1820986
6593,1709771915.277889,1709771915.2778955
6594,1709771915.376097,1709771915.3761036
6595,1709771915.4754422,1709771915.4754486
6596,1709771915.5752356,1709771915.575242
6597,1709771915.675744,1709771915.6757498
6598,1709771915.7763312,1709771915.7763395
6599,1709771915.8757365,1709771915.8757422
6600,1709771915.9749875,1709771915.974991
6601,1709771916.0762515,1709771916.0762572
6602,1709771916.1758463,1709771916.1758518
6603,1709771916.2755141,1709771916.275521
6604,1709771916.3761516,1709771916.3761575
6605,1709771916.4750974,1709771916.4751024
6606,1709771916.5752623,1709771916.575268
6607,1709771916.6752048,1709771916.6752107
6608,1709771916.7749853,1709771916.7749891
6609,1709771916.876191,1709771916.8761978
6610,1709771916.9752698,1709771916.9752743
6611,1709771917.0761187,1709771917.0761242
6612,1709771917.1755888,1709771917.1755946
6613,1709771917.2754147,1709771917.275419
6614,1709771917.3765242,1709771917.3765306
6615,1709771917.475583,1709771917.4755893
6616,1709771917.5755389,1709771917.5755446
6617,1709771917.6755438,1709771917.6755893
6618,1709771917.7830453,1709771917.7830515
6619,1709771917.8839464,1709771917.8839524
6620,1709771917.9826148,1709771917.9826198
6621,1709771918.0754588,1709771918.075465
6622,1709771918.1792629,1709771918.1792684
6623,1709771918.2754576,1709771918.2754636
6624,1709771918.3768082,1709771918.3768132
6625,1709771918.4757268,1709771918.4757304
6626,1709771918.5761034,1709771918.5761096
6627,1709771918.675162,1709771918.6751683
6628,1709771918.7751536,1709771918.77516
6629,1709771918.8754122,1709771918.8754172
6630,1709771918.9753835,1709771918.9753888
6631,1709771919.0780015,1709771919.0780084
6632,1709771919.1756418,1709771919.175647
6633,1709771919.2748122,1709771919.274818
6634,1709771919.375257,1709771919.375263
6635,1709771919.4762402,1709771919.4762456
6636,1709771919.5774584,1709771919.5774653
6637,1709771919.6757908,1709771919.6757963
6638,1709771919.775324,1709771919.7753305
6639,1709771919.8757915,1709771919.875798
6640,1709771919.9753623,1709771919.9753687
6641,1709771920.0781343,1709771920.0781407
6642,1709771920.1753912,1709771920.1753967
6643,1709771920.2750044,1709771920.2750099
6644,1709771920.402598,1709771920.4026031
6645,1709771920.4752114,1709771920.475217
6646,1709771920.575729,1709771920.575735
6647,1709771920.675175,1709771920.6751814
6648,1709771920.775161,1709771920.7751656
6649,1709771920.8867264,1709771920.8867326
6650,1709771920.9763649,1709771920.976372
6651,1709771921.0761387,1709771921.0761442
6652,1709771921.177389,1709771921.177394
6653,1709771921.274861,1709771921.2748673
6654,1709771921.3757792,1709771921.375785
6655,1709771921.4755251,1709771921.475531
6656,1709771921.579233,1709771921.57924
6657,1709771921.6754327,1709771921.6754386
6658,1709771921.7756143,1709771921.7756197
6659,1709771921.876508,1709771921.8765132
6660,1709771921.9760385,1709771921.9760437
6661,1709771922.0755012,1709771922.0755079
6662,1709771922.1781359,1709771922.1781409
6663,1709771922.2759805,1709771922.275987
6664,1709771922.377374,1709771922.377381
6665,1709771922.4755187,1709771922.4755247
6666,1709771922.5755186,1709771922.5755243
6667,1709771922.6761968,1709771922.6762028
6668,1709771922.7752671,1709771922.7752726
6669,1709771922.8747387,1709771922.8747442
6670,1709771922.9766638,1709771922.9766703
6671,1709771923.0754893,1709771923.0754938
6672,1709771923.179363,1709771923.1793692
6673,1709771923.2774954,1709771923.2775009
6674,1709771923.3764873,1709771923.3764935
6675,1709771923.4776487,1709771923.4776535
6676,1709771923.5749433,1709771923.574949
6677,1709771923.67517,1709771923.675176
6678,1709771923.7759767,1709771923.7759826
6679,1709771923.8769686,1709771923.8769743
6680,1709771923.9767365,1709771923.9767425
6681,1709771924.076753,1709771924.0767596
6682,1709771924.1754365,1709771924.1754436
6683,1709771924.2766435,1709771924.276647
6684,1709771924.3766735,1709771924.376679
6685,1709771924.4756525,1709771924.4756598
6686,1709771924.5788574,1709771924.578865
6687,1709771924.6755438,1709771924.67555
6688,1709771924.776372,1709771924.77638
6689,1709771924.8757844,1709771924.87579
6690,1709771924.976516,1709771924.976524
6691,1709771925.0807767,1709771925.0807827
6692,1709771925.176227,1709771925.17624
6693,1709771925.2756326,1709771925.2756395
6694,1709771925.3770726,1709771925.377079
6695,1709771925.476178,1709771925.4761841
6696,1709771925.577829,1709771925.577834
6697,1709771925.6773527,1709771925.677359
6698,1709771925.7752457,1709771925.7752516
6699,1709771925.8761475,1709771925.8761551
6700,1709771925.9758205,1709771925.9758272
6701,1709771926.0753386,1709771926.0753458
6702,1709771926.1779373,1709771926.1779451
6703,1709771926.2758808,1709771926.2758853
6704,1709771926.3754668,1709771926.3754718
6705,1709771926.476328,1709771926.4763339
6706,1709771926.5772312,1709771926.5772371
6707,1709771926.675991,1709771926.6759975
6708,1709771926.7766542,1709771926.77666
6709,1709771926.87845,1709771926.8784559
6710,1709771926.975855,1709771926.9758615
6711,1709771927.0748382,1709771927.0748441
6712,1709771927.1776304,1709771927.1776369
6713,1709771927.2762582,1709771927.276265
6714,1709771927.3761842,1709771927.37619
6715,1709771927.4754481,1709771927.4754534
6716,1709771927.5771184,1709771927.5771255
6717,1709771927.6750386,1709771927.6750448
6718,1709771927.775643,1709771927.7756495
6719,1709771927.877094,1709771927.8770988
6720,1709771927.9757617,1709771927.975767
6721,1709771928.0754716,1709771928.075477
6722,1709771928.1751192,1709771928.1751268
6723,1709771928.275961,1709771928.2759688
6724,1709771928.3757062,1709771928.3757129
6725,1709771928.4756517,1709771928.4756572
6726,1709771928.5760887,1709771928.5760942
6727,1709771928.6750498,1709771928.6750555
6728,1709771928.7763965,1709771928.776402
6729,1709771928.8752615,1709771928.87527
6730,1709771928.9769926,1709771928.9769983
6731,1709771929.0755544,1709771929.0755603
6732,1709771929.1756172,1709771929.1756246
6733,1709771929.2755942,1709771929.2756011
6734,1709771929.3815532,1709771929.3815615
6735,1709771929.4798315,1709771929.479837
6736,1709771929.5809348,1709771929.58094
6737,1709771929.6806793,1709771929.6806848
6738,1709771929.7789402,1709771929.778945
6739,1709771929.876488,1709771929.876494
6740,1709771930.030878,1709771930.0308838
6741,1709771930.0858128,1709771930.0858185
6742,1709771930.179104,1709771930.1791098
6743,1709771930.2794406,1709771930.2794466
6744,1709771930.3788486,1709771930.378854
6745,1709771930.4846406,1709771930.4846458
6746,1709771930.580174,1709771930.580179
6747,1709771930.6819835,1709771930.6819882
6748,1709771930.7807918,1709771930.7807953
6749,1709771930.8845947,1709771930.8845987
6750,1709771930.9851391,1709771930.985146
6751,1709771931.0803773,1709771931.080381
6752,1709771931.1786945,1709771931.1786995
6753,1709771931.2788289,1709771931.278834
6754,1709771931.38383,1709771931.383835
6755,1709771931.474664,1709771931.4746678
6756,1709771931.5794237,1709771931.5794296
6757,1709771931.6902976,1709771931.690304
6758,1709771931.7752323,1709771931.775239
6759,1709771931.8802493,1709771931.880255
6760,1709771931.9774463,1709771931.977452
6761,1709771932.0817952,1709771932.0818007
6762,1709771932.182352,1709771932.182357
6763,1709771932.2824366,1709771932.2824426
6764,1709771932.4061995,1709771932.4062047
6765,1709771932.4782665,1709771932.4782722
6766,1709771932.5838933,1709771932.583902
6767,1709771932.686469,1709771932.6864753
6768,1709771932.779212,1709771932.7792177
6769,1709771932.884734,1709771932.8847375
6770,1709771932.9811351,1709771932.9811392
6771,1709771933.0777402,1709771933.0777464
6772,1709771933.1776152,1709771933.177621
6773,1709771933.2814307,1709771933.2814364
6774,1709771933.3786247,1709771933.3786306
6775,1709771933.4796152,1709771933.47962
6776,1709771933.5855842,1709771933.5855896
6777,1709771933.6785676,1709771933.6785736
6778,1709771933.7796037,1709771933.7796094
6779,1709771933.8853493,1709771933.8853557
6780,1709771933.9793694,1709771933.9793751
6781,1709771934.0816746,1709771934.08168
6782,1709771934.1851034,1709771934.18511
6783,1709771934.2792401,1709771934.2792451
6784,1709771934.3760984,1709771934.3761024
6785,1709771934.4931555,1709771934.4931612
6786,1709771934.5793908,1709771934.5793972
6787,1709771934.675193,1709771934.6751964
6788,1709771934.7794642,1709771934.7794712
6789,1709771934.8832867,1709771934.8832908
6790,1709771934.977113,1709771934.9771197
6791,1709771935.0768461,1709771935.0768526
6792,1709771935.1754987,1709771935.175505
6793,1709771935.2778428,1709771935.277847
6794,1709771935.3752205,1709771935.3752258
6795,1709771935.476338,1709771935.4763443
6796,1709771935.5824323,1709771935.5824387
6797,1709771935.6780155,1709771935.678021
6798,1709771935.7834687,1709771935.783475
6799,1709771935.8793821,1709771935.8793874
6800,1709771935.9821124,1709771935.9821188
6801,1709771936.075605,1709771936.0756104
6802,1709771936.175552,1709771936.1755567
6803,1709771936.2790453,1709771936.2790513
6804,1709771936.3775566,1709771936.3775604
6805,1709771936.4806132,1709771936.4806194
6806,1709771936.5818942,1709771936.5819
6807,1709771936.6816936,1709771936.6816998
6808,1709771936.7808857,1709771936.7808926
6809,1709771936.88093,1709771936.880937
6810,1709771936.9795423,1709771936.9795513
6811,1709771937.0779302,1709771937.0779335
6812,1709771937.1750724,1709771937.1750782
6813,1709771937.2756615,1709771937.2756672
6814,1709771937.3754084,1709771937.3754144
6815,1709771937.477272,1709771937.4772773
6816,1709771937.577153,1709771937.5771601
6817,1709771937.6822228,1709771937.6822298
6818,1709771937.7807174,1709771937.7807245
6819,1709771937.8817089,1709771937.8817153
6820,1709771937.9765663,1709771937.9765713
6821,1709771938.0782385,1709771938.0782442
6822,1709771938.1856792,1709771938.185687
6823,1709771938.2794,1709771938.2794058
6824,1709771938.381211,1709771938.3812144
6825,1709771938.4755464,1709771938.4755523
6826,1709771938.5814798,1709771938.5814838
6827,1709771938.6758902,1709771938.6758964
6828,1709771938.7782528,1709771938.7782578
6829,1709771938.8810065,1709771938.8810134
6830,1709771938.9816866,1709771938.9816928
6831,1709771939.0772493,1709771939.0772586
6832,1709771939.179789,1709771939.1797962
6833,1709771939.2836044,1709771939.2836084
6834,1709771939.3827639,1709771939.3827696
6835,1709771939.4801419,1709771939.480149
6836,1709771939.581531,1709771939.5815353
6837,1709771939.6845326,1709771939.6845381
6838,1709771939.785016,1709771939.7850225
6839,1709771939.8757591,1709771939.8757627
6840,1709771939.982597,1709771939.9826033
6841,1709771940.0863042,1709771940.0863101
6842,1709771940.178062,1709771940.1780674
6843,1709771940.2825577,1709771940.2825644
6844,1709771940.3836203,1709771940.383626
6845,1709771940.4796045,1709771940.4796088
6846,1709771940.5787401,1709771940.5787463
6847,1709771940.6751292,1709771940.675135
6848,1709771940.7815895,1709771940.7815955
6849,1709771940.878213,1709771940.878222
6850,1709771940.977096,1709771940.9770997
6851,1709771941.0754457,1709771941.0754514
6852,1709771941.180193,1709771941.180199
6853,1709771941.2790527,1709771941.2790565
6854,1709771941.3808448,1709771941.3808508
6855,1709771941.4834375,1709771941.4834478
6856,1709771941.5796232,1709771941.5796282
6857,1709771941.675889,1709771941.6758945
6858,1709771941.7800128,1709771941.7800195
6859,1709771941.875299,1709771941.875304
6860,1709771941.9793186,1709771941.9793246
6861,1709771942.0830235,1709771942.0830336
6862,1709771942.182558,1709771942.182563
6863,1709771942.2839851,1709771942.283991
6864,1709771942.3805733,1709771942.38058
6865,1709771942.4767337,1709771942.4767396
6866,1709771942.5757642,1709771942.57577
6867,1709771942.675873,1709771942.675879
6868,1709771942.77906,1709771942.7790673
6869,1709771942.8831637,1709771942.8831706
6870,1709771942.9757895,1709771942.9757955
6871,1709771943.0845852,1709771943.0845912
6872,1709771943.177704,1709771943.1777077
6873,1709771943.2814581,1709771943.281464
6874,1709771943.376066,1709771943.3760753
6875,1709771943.4820354,1709771943.4820411
6876,1709771943.5758605,1709771943.5758677
6877,1709771943.6764035,1709771943.6764104
6878,1709771943.7752852,1709771943.775292
6879,1709771943.885144,1709771943.8851502
6880,1709771943.9756207,1709771943.9756262
6881,1709771944.0763214,1709771944.0763276
6882,1709771944.1808455,1709771944.1808515
6883,1709771944.2845438,1709771944.2845495
6884,1709771944.3801823,1709771944.380186
6885,1709771944.4779665,1709771944.4779718
6886,1709771944.9005525,1709771944.9005613
6887,1709771944.9095807,1709771944.909584
6888,1709771944.9835367,1709771944.9835427
6889,1709771945.0844688,1709771945.0844734
6890,1709771945.185348,1709771945.185355
6891,1709771945.2799768,1709771945.2799835
6892,1709771945.3830533,1709771945.3830588
6893,1709771945.481177,1709771945.481182
6894,1709771945.5802026,1709771945.5802083
6895,1709771945.680262,1709771945.6802676
6896,1709771945.7834818,1709771945.7834876
6897,1709771945.875377,1709771945.8753817
6898,1709771945.9769802,1709771945.9769843
6899,1709771946.0765119,1709771946.0765173
6900,1709771946.1767886,1709771946.1767938
6901,1709771946.2805305,1709771946.2805355
6902,1709771946.3824155,1709771946.3824215
6903,1709771946.4805372,1709771946.4805417
6904,1709771946.583915,1709771946.583919
6905,1709771946.6792245,1709771946.6792297
6906,1709771946.7833726,1709771946.7833793
6907,1709771946.8826149,1709771946.8826206
6908,1709771946.9754317,1709771946.975436
6909,1709771947.085743,1709771947.0857503
6910,1709771947.176835,1709771947.176841
6911,1709771947.2838466,1709771947.2838557
6912,1709771947.3797345,1709771947.3797386
6913,1709771947.4808054,1709771947.4808116
6914,1709771947.5754676,1709771947.575473
6915,1709771947.683582,1709771947.683587
6916,1709771947.78521,1709771947.7852178
6917,1709771947.8762894,1709771947.8762946
6918,1709771947.9821136,1709771947.9821172
6919,1709771948.083077,1709771948.0830836
6920,1709771948.1754043,1709771948.1754105
6921,1709771948.2840548,1709771948.2840607
6922,1709771948.3804867,1709771948.3804908
6923,1709771948.4836984,1709771948.483704
6924,1709771948.5752542,1709771948.57526
6925,1709771948.6761823,1709771948.676188
6926,1709771948.7792878,1709771948.7792935
6927,1709771948.8826637,1709771948.8826692
6928,1709771948.9812489,1709771948.9812531
6929,1709771949.0760016,1709771949.0760078
6930,1709771949.177545,1709771949.1775506
6931,1709771949.2768965,1709771949.2769005
6932,1709771949.3801851,1709771949.380191
6933,1709771949.4757757,1709771949.4757814
6934,1709771949.5787156,1709771949.5787206
6935,1709771949.6755257,1709771949.675531
6936,1709771949.7782354,1709771949.7782457
6937,1709771949.8846927,1709771949.8846984
6938,1709771949.9809866,1709771949.9809926
6939,1709771950.0847142,1709771950.084721
6940,1709771950.1788065,1709771950.1788158
6941,1709771950.2799237,1709771950.279929
6942,1709771950.3754094,1709771950.375415
6943,1709771950.483349,1709771950.4833539
6944,1709771950.5815523,1709771950.5815578
6945,1709771950.679067,1709771950.6790707
6946,1709771950.7843695,1709771950.7843761
6947,1709771950.8836193,1709771950.8836234
6948,1709771950.9807606,1709771950.980766
6949,1709771951.078595,1709771951.0786004
6950,1709771951.1805065,1709771951.1805134
6951,1709771951.2757063,1709771951.27571
6952,1709771951.3765724,1709771951.376576
6953,1709771951.4839122,1709771951.4839172
6954,1709771951.579625,1709771951.5796332
6955,1709771951.7046444,1709771951.7046492
6956,1709771951.783461,1709771951.783467
6957,1709771951.8754056,1709771951.8754117
6958,1709771951.9830568,1709771951.9830642
6959,1709771952.0846176,1709771952.0846217
6960,1709771952.1842349,1709771952.1842425
6961,1709771952.278145,1709771952.2781508
6962,1709771952.3792577,1709771952.3792615
6963,1709771952.4793198,1709771952.4793248
6964,1709771952.578666,1709771952.5786698
6965,1709771952.6809242,1709771952.6809304
6966,1709771952.7753546,1709771952.7753587
6967,1709771952.8822417,1709771952.88225
6968,1709771952.9840696,1709771952.9840755
6969,1709771953.0847762,1709771953.0848496
6970,1709771953.1756277,1709771953.175634
6971,1709771953.2817395,1709771953.281747
6972,1709771953.380971,1709771953.380977
6973,1709771953.4800239,1709771953.4800305
6974,1709771953.5829425,1709771953.5829706
6975,1709771953.6779397,1709771953.6843958
6976,1709771953.776962,1709771953.781271
6977,1709771953.8764198,1709771953.880071
6978,1709771953.9856062,1709771953.9904916
6979,1709771954.0827837,1709771954.0869088
6980,1709771954.1833584,1709771954.1872878
6981,1709771954.2752638,1709771954.2798467
6982,1709771954.3791144,1709771954.3834012
6983,1709771954.4811187,1709771954.487052
6984,1709771954.5812037,1709771954.5855513
6985,1709771954.6793451,1709771954.6845648
6986,1709771954.7750723,1709771954.7789838
6987,1709771954.8825839,1709771954.8876715
6988,1709771954.975888,1709771954.98096
6989,1709771955.0829945,1709771955.0873418
6990,1709771955.1784375,1709771955.1816595
6991,1709771955.277655,1709771955.281906
6992,1709771955.3803267,1709771955.385215
6993,1709771955.485298,1709771955.489485
6994,1709771955.5822535,1709771955.586703
6995,1709771955.6815653,1709771955.6865132
6996,1709771955.7827291,1709771955.7867508
6997,1709771955.8820012,1709771955.8858366
6998,1709771955.9768753,1709771955.9822328
6999,1709771956.0806406,1709771956.0854535
7000,1709771956.1810122,1709771956.184796
7001,1709771956.2818694,1709771956.2858877
7002,1709771956.382985,1709771956.387643
7003,1709771956.4756272,1709771956.479604
7004,1709771956.5840635,1709771956.587573
7005,1709771956.682008,1709771956.6860635
7006,1709771956.7812822,1709771956.7852945
7007,1709771956.8839912,1709771956.8873487
7008,1709771956.9771464,1709771956.9814675
7009,1709771957.0806224,1709771957.085113
7010,1709771957.1756587,1709771957.1811144
7011,1709771957.285737,1709771957.2902822
7012,1709771957.3825798,1709771957.3855124
7013,1709771957.4845042,1709771957.4891033
7014,1709771957.5854917,1709771957.5897255
7015,1709771957.681328,1709771957.6857
7016,1709771957.78272,1709771957.787644
7017,1709771957.882638,1709771957.886919
7018,1709771957.975517,1709771957.9807785
7019,1709771958.078543,1709771958.084385
7020,1709771958.1768963,1709771958.1819255
7021,1709771958.2804625,1709771958.284823
7022,1709771958.383781,1709771958.389465
7023,1709771958.4770403,1709771958.4809911
7024,1709771958.5766177,1709771958.5793326
7025,1709771958.685274,1709771958.6896024
7026,1709771958.7966142,1709771958.8005135
7027,1709771958.8816192,1709771958.886006
7028,1709771958.9808416,1709771958.9850197
7029,1709771959.0773528,1709771959.080614
7030,1709771959.1763508,1709771959.1805627
7031,1709771959.2818305,1709771959.2859862
7032,1709771959.383158,1709771959.3887918
7033,1709771959.4764934,1709771959.4807835
7034,1709771959.5757995,1709771959.5807798
7035,1709771959.6755044,1709771959.6801696
7036,1709771959.782048,1709771959.7859287
7037,1709771959.8851027,1709771959.8890555
7038,1709771959.9871407,1709771959.9934537
7039,1709771960.0820856,1709771960.0871172
7040,1709771960.1799793,1709771960.1827698
7041,1709771960.2844908,1709771960.289196
7042,1709771960.381425,1709771960.3844762
7043,1709771960.4776263,1709771960.4820788
7044,1709771960.5819643,1709771960.5861843
7045,1709771960.6777575,1709771960.6820288
7046,1709771960.783295,1709771960.7872906
7047,1709771960.8798072,1709771960.883043
7048,1709771960.9791012,1709771960.982541
7049,1709771961.0800326,1709771961.0838392
7050,1709771961.1859236,1709771961.1907094
7051,1709771961.2761755,1709771961.2803495
7052,1709771961.3806024,1709771961.3852994
7053,1709771961.4790928,1709771961.481876
7054,1709771961.5757024,1709771961.580543
7055,1709771961.6813447,1709771961.6858187
7056,1709771961.7815802,1709771961.7859068
7057,1709771961.881644,1709771961.8854892
7058,1709771961.9800663,1709771961.9836216
7059,1709771962.0755787,1709771962.081419
7060,1709771962.183807,1709771962.1886318
7061,1709771962.2838364,1709771962.2890909
7062,1709771962.3753302,1709771962.3806264
7063,1709771962.4847212,1709771962.4913201
7064,1709771962.5852113,1709771962.5900831
7065,1709771962.685477,1709771962.6905522
7066,1709771962.7805946,1709771962.7851317
7067,1709771962.8854544,1709771962.890217
7068,1709771962.9817705,1709771962.9854417
7069,1709771963.0824294,1709771963.08588
7070,1709771963.184532,1709771963.189725
7071,1709771963.2794049,1709771963.2824004
7072,1709771963.3833032,1709771963.387453
7073,1709771963.4829154,1709771963.4893022
7074,1709771963.580032,1709771963.5831249
7075,1709771963.6798682,1709771963.683846
7076,1709771963.7778065,1709771963.7822018
7077,1709771963.875892,1709771963.8801706
7078,1709771963.9756954,1709771963.9809673
7079,1709771964.0765102,1709771964.0809038
7080,1709771964.1791666,1709771964.183206
7081,1709771964.2769997,1709771964.2816513
7082,1709771964.3840313,1709771964.3881848
7083,1709771964.4823568,1709771964.4868615
7084,1709771964.5864816,1709771964.5914836
7085,1709771964.6772501,1709771964.6807098
7086,1709771964.7773101,1709771964.7811124
7087,1709771964.8760839,1709771964.8806176
7088,1709771964.9771698,1709771964.981268
7089,1709771965.0762854,1709771965.0816286
7090,1709771965.1750216,1709771965.17883
7091,1709771965.2797782,1709771965.2842333
7092,1709771965.3781261,1709771965.3818946
7093,1709771965.4780903,1709771965.4826477
7094,1709771965.5798001,1709771965.5843
7095,1709771965.6899228,1709771965.6955109
7096,1709771965.775536,1709771965.7802298
7097,1709771965.9172192,1709771965.9223197
7098,1709771965.9806783,1709771965.9859285
7099,1709771966.0758414,1709771966.081058
7100,1709771966.1768057,1709771966.1817136
7101,1709771966.2790549,1709771966.2850518
7102,1709771966.3806903,1709771966.385534
7103,1709771966.4887176,1709771966.493654
7104,1709771966.5864987,1709771966.5912964
7105,1709771966.6824937,1709771966.687265
7106,1709771966.7872648,1709771966.7909117
7107,1709771966.8793504,1709771966.8842971
7108,1709771966.9756532,1709771966.9811316
7109,1709771967.07919,1709771967.0839834
7110,1709771967.1841297,1709771967.1899161
7111,1709771967.2805405,1709771967.2871056
7112,1709771967.3823018,1709771967.388535
7113,1709771967.4801607,1709771967.4849448
7114,1709771967.5788143,1709771967.5842414
7115,1709771967.676549,1709771967.6806953
7116,1709771967.7771258,1709771967.7819622
7117,1709771967.878412,1709771967.883905
7118,1709771967.9808464,1709771967.9859915
7119,1709771968.077792,1709771968.082843
7120,1709771968.1775563,1709771968.1828163
7121,1709771968.2810593,1709771968.286159
7122,1709771968.3829932,1709771968.3880582
7123,1709771968.479101,1709771968.483037
7124,1709771968.5784285,1709771968.5836222
7125,1709771968.6780944,1709771968.6830032
7126,1709771968.776256,1709771968.7808998
7127,1709771968.8773694,1709771968.8832428
7128,1709771968.9789608,1709771968.9836266
7129,1709771969.080571,1709771969.085435
7130,1709771969.179289,1709771969.1843514
7131,1709771969.279584,1709771969.2845798
7132,1709771969.3809996,1709771969.386479
7133,1709771969.4782736,1709771969.4867566
7134,1709771969.5791826,1709771969.5837605
7135,1709771969.678098,1709771969.682438
7136,1709771969.7810218,1709771969.7868905
7137,1709771969.8795888,1709771969.8844066
7138,1709771969.9761887,1709771969.980704
7139,1709771970.0751805,1709771970.079256
7140,1709771970.175527,1709771970.1798823
7141,1709771970.2752135,1709771970.2789202
7142,1709771970.37626,1709771970.380562
7143,1709771970.4765613,1709771970.481471
7144,1709771970.5755372,1709771970.579435
7145,1709771970.6754398,1709771970.6823847
7146,1709771970.7755744,1709771970.7813487
7147,1709771970.8771408,1709771970.8852682
7148,1709771970.9759707,1709771970.981508
7149,1709771971.0757027,1709771971.0808814
7150,1709771971.1765525,1709771971.180705
7151,1709771971.2755592,1709771971.2797837
7152,1709771971.3771439,1709771971.3811474
7153,1709771971.4774966,1709771971.4827235
7154,1709771971.5753543,1709771971.5800915
7155,1709771971.6749463,1709771971.6801717
7156,1709771971.7754967,1709771971.7814522
7157,1709771971.8806717,1709771971.8844368
7158,1709771971.9765787,1709771971.9813468
7159,1709771972.0752993,1709771972.081178
7160,1709771972.1760614,1709771972.1808977
7161,1709771972.2751937,1709771972.2798934
7162,1709771972.3757129,1709771972.380785
7163,1709771972.4754865,1709771972.4818542
7164,1709771972.5755541,1709771972.5806084
7165,1709771972.681591,1709771972.6861467
7166,1709771972.7770529,1709771972.7823384
7167,1709771972.8753006,1709771972.878488
7168,1709771972.9753647,1709771972.9816694
7169,1709771973.0750632,1709771973.079367
7170,1709771973.1753151,1709771973.17926
7171,1709771973.277552,1709771973.2829998
7172,1709771973.3755014,1709771973.3814015
7173,1709771973.47705,1709771973.4801981
7174,1709771973.575039,1709771973.5817256
7175,1709771973.6790314,1709771973.683
7176,1709771973.7764957,1709771973.7819998
7177,1709771973.8754737,1709771973.8814492
7178,1709771973.9754908,1709771973.9801376
7179,1709771974.0766578,1709771974.0819614
7180,1709771974.1770358,1709771974.1816833
7181,1709771974.2764297,1709771974.2805884
7182,1709771974.3781893,1709771974.3830085
7183,1709771974.4824033,1709771974.4867418
7184,1709771974.5765042,1709771974.5814996
7185,1709771974.6766126,1709771974.6807966
7186,1709771974.7757006,1709771974.7816203
7187,1709771974.877463,1709771974.8817146
7188,1709771974.9783762,1709771974.9832013
7189,1709771975.0749032,1709771975.080312
7190,1709771975.175095,1709771975.1782272
7191,1709771975.2759476,1709771975.2800076
7192,1709771975.3760571,1709771975.381435
7193,1709771975.4769793,1709771975.4815931
7194,1709771975.5759418,1709771975.5803668
7195,1709771975.6758316,1709771975.6805384
7196,1709771975.7786858,1709771975.7825928
7197,1709771975.875373,1709771975.8792794
7198,1709771975.97584,1709771975.9819536
7199,1709771976.0758796,1709771976.0796914
7200,1709771976.1760128,1709771976.179432
7201,1709771976.2768748,1709771976.2821226
7202,1709771976.3750486,1709771976.3789964
7203,1709771976.475416,1709771976.478477
7204,1709771976.5756085,1709771976.5815504
7205,1709771976.6767397,1709771976.6812637
7206,1709771976.7767332,1709771976.7808957
7207,1709771976.875642,1709771976.879494
7208,1709771976.9777896,1709771976.9817064
7209,1709771977.0760207,1709771977.082316
7210,1709771977.177157,1709771977.1818416
7211,1709771977.275371,1709771977.2793527
7212,1709771977.3759058,1709771977.3806937
7213,1709771977.4752266,1709771977.4797924
7214,1709771977.575672,1709771977.5800612
7215,1709771977.6751153,1709771977.6779604
7216,1709771977.7791774,1709771977.7832897
7217,1709771977.8771563,1709771977.882205
7218,1709771977.99904,1709771978.003083
7219,1709771978.076378,1709771978.0805893
7220,1709771978.1776657,1709771978.1817439
7221,1709771978.2769966,1709771978.2816672
7222,1709771978.3753066,1709771978.3798692
7223,1709771978.478105,1709771978.4835718
7224,1709771978.5771244,1709771978.581717
7225,1709771978.6770592,1709771978.6814682
7226,1709771978.777386,1709771978.78045
7227,1709771978.875358,1709771978.8794646
7228,1709771978.9753277,1709771978.9783013
7229,1709771979.0770278,1709771979.080994
7230,1709771979.1754665,1709771979.181429
7231,1709771979.276043,1709771979.2800858
7232,1709771979.375718,1709771979.3798432
7233,1709771979.4758618,1709771979.4801767
7234,1709771979.5785604,1709771979.5830724
7235,1709771979.6763911,1709771979.6811233
7236,1709771979.7777212,1709771979.7817762
7237,1709771979.8750894,1709771979.8797784
7238,1709771979.9773037,1709771979.9773097
7239,1709771980.0760002,1709771980.076006
7240,1709771980.1754146,1709771980.175422
7241,1709771980.2761683,1709771980.2761743
7242,1709771980.3777595,1709771980.3777647
7243,1709771980.4751668,1709771980.4751713
7244,1709771980.5759525,1709771980.5759587
7245,1709771980.6758523,1709771980.6758585
7246,1709771980.7763042,1709771980.77631
7247,1709771980.875447,1709771980.8754525
7248,1709771980.9750822,1709771980.9750876
7249,1709771981.07589,1709771981.075895
7250,1709771981.1747177,1709771981.1747236
7251,1709771981.2757654,1709771981.2757716
7252,1709771981.3754494,1709771981.3754551
7253,1709771981.4753816,1709771981.4753876
7254,1709771981.576942,1709771981.5769465
7255,1709771981.6758666,1709771981.6758723
7256,1709771981.7757227,1709771981.775728
7257,1709771981.8752291,1709771981.8752348
7258,1709771981.9750845,1709771981.975089
7259,1709771982.075513,1709771982.075517
7260,1709771982.1753712,1709771982.1753771
7261,1709771982.2755845,1709771982.275591
7262,1709771982.3772159,1709771982.3772206
7263,1709771982.4767945,1709771982.4767983
7264,1709771982.575897,1709771982.5759032
7265,1709771982.6768384,1709771982.6768444
7266,1709771982.775811,1709771982.775817
7267,1709771982.8750708,1709771982.8750749
7268,1709771982.9768002,1709771982.9768062
7269,1709771983.0749476,1709771983.0749536
7270,1709771983.1761892,1709771983.1761935
7271,1709771983.275385,1709771983.2753909
7272,1709771983.3759522,1709771983.3759582
7273,1709771983.4746819,1709771983.474686
7274,1709771983.5759342,1709771983.5759406
7275,1709771983.6760752,1709771983.6760793
7276,1709771983.77659,1709771983.7765937
7277,1709771983.8756213,1709771983.8756266
7278,1709771983.9753134,1709771983.9753196
7279,1709771984.0760758,1709771984.0760815
7280,1709771984.175822,1709771984.1758308
7281,1709771984.2770388,1709771984.2770438
7282,1709771984.37633,1709771984.3763342
7283,1709771984.4757621,1709771984.4757686
7284,1709771984.5753517,1709771984.5753577
7285,1709771984.6757298,1709771984.6757371
7286,1709771984.7752829,1709771984.7752883
7287,1709771984.8752046,1709771984.8752108
7288,1709771984.9757128,1709771984.975717
7289,1709771985.1022668,1709771985.102273
7290,1709771985.1835492,1709771985.1835532
7291,1709771985.2831006,1709771985.2831073
7292,1709771985.3769286,1709771985.3769338
7293,1709771985.4846218,1709771985.4846282
7294,1709771985.5764894,1709771985.576496
7295,1709771985.6838276,1709771985.683834
7296,1709771985.7772753,1709771985.7772791
7297,1709771985.8849144,1709771985.8849244
7298,1709771985.9828737,1709771985.9828787
7299,1709771986.0840087,1709771986.0840147
7300,1709771986.1854734,1709771986.1854804
7301,1709771986.2762637,1709771986.2762697
7302,1709771986.3815055,1709771986.3815403
7303,1709771986.4804468,1709771986.4804528
7304,1709771986.5814116,1709771986.5814166
7305,1709771986.676406,1709771986.6764114
7306,1709771986.7806952,1709771986.7807012
7307,1709771986.8787448,1709771986.8787484
7308,1709771986.9799829,1709771986.9849575
7309,1709771987.0759254,1709771987.0802495
7310,1709771987.1788816,1709771987.1870978
7311,1709771987.2893345,1709771987.2938137
7312,1709771987.3794253,1709771987.3840573
7313,1709771987.4781117,1709771987.4829924
7314,1709771987.5808053,1709771987.5854235
7315,1709771987.676576,1709771987.6806357
7316,1709771987.782162,1709771987.7865992
7317,1709771987.881619,1709771987.8884196
7318,1709771987.9802966,1709771987.984273
7319,1709771988.086587,1709771988.0911422
7320,1709771988.1852589,1709771988.1899538
7321,1709771988.2793353,1709771988.2844198
7322,1709771988.3778782,1709771988.382945
7323,1709771988.4832075,1709771988.4870481
7324,1709771988.5763943,1709771988.5798616
7325,1709771988.6838615,1709771988.6893494
7326,1709771988.7826138,1709771988.7866411
7327,1709771988.8816867,1709771988.8866796
7328,1709771988.9803133,1709771988.9838421
7329,1709771989.0809298,1709771989.085278
7330,1709771989.1842468,1709771989.1894796
7331,1709771989.2838173,1709771989.2879934
7332,1709771989.3874702,1709771989.3923433
7333,1709771989.4766514,1709771989.4815903
7334,1709771989.5867417,1709771989.5909185
7335,1709771989.6886818,1709771989.6929762
7336,1709771989.7834876,1709771989.786798
7337,1709771989.8887198,1709771989.893274
7338,1709771989.9817948,1709771989.9861796
7339,1709771990.0749736,1709771990.0812716
7340,1709771990.1814582,1709771990.186976
7341,1709771990.2771401,1709771990.2826679
7342,1709771990.37511,1709771990.3807414
7343,1709771990.4791045,1709771990.4837308
7344,1709771990.583851,1709771990.5888886
7345,1709771990.6906912,1709771990.696132
7346,1709771990.7839572,1709771990.7879608
7347,1709771990.880937,1709771990.885539
7348,1709771990.976867,1709771990.9817479
7349,1709771991.0754328,1709771991.0796564
7350,1709771991.1756845,1709771991.181927
7351,1709771991.2894418,1709771991.2938557
7352,1709771991.3859982,1709771991.39061
7353,1709771991.4823706,1709771991.487797
7354,1709771991.5830731,1709771991.5867121
7355,1709771991.680416,1709771991.685449
7356,1709771991.7877855,1709771991.791953
7357,1709771991.875545,1709771991.879123
7358,1709771992.0087583,1709771992.0135813
7359,1709771992.0806818,1709771992.085404
7360,1709771992.1818562,1709771992.1865022
7361,1709771992.2789645,1709771992.2845697
7362,1709771992.3845341,1709771992.3889418
7363,1709771992.4819527,1709771992.4856634
7364,1709771992.5849013,1709771992.589128
7365,1709771992.68525,1709771992.688369
7366,1709771992.786012,1709771992.7899876
7367,1709771992.8865008,1709771992.890098
7368,1709771992.9800837,1709771992.9863865
7369,1709771993.078173,1709771993.083277
7370,1709771993.1921322,1709771993.1964762
7371,1709771993.2819476,1709771993.286225
7372,1709771993.379273,1709771993.3846092
7373,1709771993.4805307,1709771993.484807
7374,1709771993.5886893,1709771993.5933526
7375,1709771993.688073,1709771993.6931465
7376,1709771993.7791765,1709771993.7828755
7377,1709771993.8845038,1709771993.888837
7378,1709771993.9890616,1709771993.9941895
7379,1709771994.0903752,1709771994.0903814
7380,1709771994.1767962,1709771994.1768029
7381,1709771994.2764535,1709771994.2764587
7382,1709771994.3821733,1709771994.382179
7383,1709771994.4832942,1709771994.4833012
7384,1709771994.587612,1709771994.5876179
7385,1709771994.6867542,1709771994.6867611
7386,1709771994.7821915,1709771994.7821968
7387,1709771994.8885465,1709771994.888552
7388,1709771994.9835112,1709771994.9835165
7389,1709771995.0803604,1709771995.0803668
7390,1709771995.1810374,1709771995.1810446
7391,1709771995.2926402,1709771995.2926455
7392,1709771995.383939,1709771995.383945
7393,1709771995.4826484,1709771995.482653
7394,1709771995.587644,1709771995.5876493
7395,1709771995.6828961,1709771995.6829019
7396,1709771995.7801445,1709771995.7801502
7397,1709771995.879855,1709771995.8798585
7398,1709771995.9770224,1709771995.977028
7399,1709771996.0864294,1709771996.086436
7400,1709771996.1776106,1709771996.1776164
7401,1709771996.289033,1709771996.289039
7402,1709771996.3794274,1709771996.3794324
7403,1709771996.4776537,1709771996.4776604
7404,1709771996.5822349,1709771996.582241
7405,1709771996.6834304,1709771996.6834369
7406,1709771996.788898,1709771996.7889054
7407,1709771996.8900058,1709771996.8900123
7408,1709771996.9803965,1709771996.980401
7409,1709771997.0798433,1709771997.07985
7410,1709771997.1826184,1709771997.182624
7411,1709771997.276507,1709771997.276513
7412,1709771997.3775005,1709771997.3775058
7413,1709771997.4915812,1709771997.4915879
7414,1709771997.584748,1709771997.5847545
7415,1709771997.6792443,1709771997.679248
7416,1709771997.7837799,1709771997.7837849
7417,1709771997.888979,1709771997.8889863
7418,1709771997.9821415,1709771997.9821467
7419,1709771998.0777378,1709771998.0777433
7420,1709771998.181399,1709771998.1814048
7421,1709771998.2818131,1709771998.2818198
7422,1709771998.3827794,1709771998.3827858
7423,1709771998.4836845,1709771998.48369
7424,1709771998.583258,1709771998.5832624
7425,1709771998.6898124,1709771998.6898181
7426,1709771998.7784743,1709771998.7784798
7427,1709771998.8831077,1709771998.8831153
7428,1709771998.9840376,1709771998.9840434
7429,1709771999.0865192,1709771999.0865264
7430,1709771999.2036793,1709771999.2036862
7431,1709771999.2934198,1709771999.2934344
7432,1709771999.3818135,1709771999.3818195
7433,1709771999.4772685,1709771999.4772732
7434,1709771999.5778522,1709771999.577858
7435,1709771999.681476,1709771999.6814835
7436,1709771999.7753332,1709771999.7753398
7437,1709771999.8753664,1709771999.8753726
7438,1709771999.9809477,1709771999.9809537
7439,1709772000.0833538,1709772000.0833607
7440,1709772000.1776955,1709772000.1777012
7441,1709772000.2821548,1709772000.2821603
7442,1709772000.3756618,1709772000.375668
7443,1709772000.478976,1709772000.478982
7444,1709772000.5808287,1709772000.580833
7445,1709772000.6762261,1709772000.6762345
7446,1709772000.7759373,1709772000.7759433
7447,1709772000.8754203,1709772000.8754275
7448,1709772000.9800713,1709772000.980078
7449,1709772001.0811834,1709772001.0811872
7450,1709772001.1847272,1709772001.1907446
7451,1709772001.2791722,1709772001.283595
7452,1709772001.3831263,1709772001.3893926
7453,1709772001.4754083,1709772001.479947
7454,1709772001.5814073,1709772001.5868378
7455,1709772001.6779394,1709772001.6832488
7456,1709772001.777341,1709772001.7812645
7457,1709772001.8753521,1709772001.87894
7458,1709772001.992411,1709772001.9965932
7459,1709772002.0757675,1709772002.0800629
7460,1709772002.1776032,1709772002.1825593
7461,1709772002.2858834,1709772002.2903588
7462,1709772002.3776824,1709772002.382031
7463,1709772002.4756665,1709772002.4793763
7464,1709772002.5810401,1709772002.5864375
7465,1709772002.678298,1709772002.68217
7466,1709772002.775838,1709772002.7804053
7467,1709772002.885329,1709772002.8894465
7468,1709772002.9762795,1709772002.9802444
7469,1709772003.0854027,1709772003.0884097
7470,1709772003.1788058,1709772003.1832004
7471,1709772003.2791915,1709772003.2825854
7472,1709772003.380178,1709772003.3854513
7473,1709772003.483707,1709772003.487709
7474,1709772003.5807488,1709772003.5857337
7475,1709772003.6781118,1709772003.6821415
7476,1709772003.784522,1709772003.7889361
7477,1709772003.8798366,1709772003.884817
7478,1709772003.9783437,1709772003.9841201
7479,1709772004.0830967,1709772004.087567
7480,1709772004.1756983,1709772004.1798012
7481,1709772004.276378,1709772004.2809067
7482,1709772004.3759146,1709772004.3784971
7483,1709772004.483023,1709772004.4876242
7484,1709772004.5755148,1709772004.5790741
7485,1709772004.6870804,1709772004.6913881
7486,1709772004.7768242,1709772004.7827387
7487,1709772004.8785698,1709772004.8825467
7488,1709772004.9771612,1709772004.9809651
7489,1709772005.0780191,1709772005.0818424
7490,1709772005.1812234,1709772005.187101
7491,1709772005.2756238,1709772005.2799835
7492,1709772005.3789625,1709772005.3842425
7493,1709772005.4805117,1709772005.4848106
7494,1709772005.5752075,1709772005.5793517
7495,1709772005.683494,1709772005.6910882
7496,1709772005.7760792,1709772005.7814982
7497,1709772005.8890224,1709772005.893892
7498,1709772005.9823937,1709772005.9871402
7499,1709772006.0868173,1709772006.091522
7500,1709772006.1843858,1709772006.1891947
7501,1709772006.286872,1709772006.290919
7502,1709772006.3853493,1709772006.390738
7503,1709772006.476699,1709772006.4826608
7504,1709772006.577868,1709772006.5833962
7505,1709772006.6822126,1709772006.6872604
7506,1709772006.7839506,1709772006.788169
7507,1709772006.875285,1709772006.8804653
7508,1709772006.9789062,1709772006.9827673
7509,1709772007.0795517,1709772007.084687
7510,1709772007.1856205,1709772007.1909008
7511,1709772007.2817044,1709772007.2859983
7512,1709772007.3810868,1709772007.3851073
7513,1709772007.4811058,1709772007.485978
7514,1709772007.5754328,1709772007.5796173
7515,1709772008.0176806,1709772008.0211298
7516,1709772008.0302353,1709772008.0343034
7517,1709772008.0831435,1709772008.0871542
7518,1709772008.1845715,1709772008.1887677
7519,1709772008.285299,1709772008.2894964
7520,1709772008.3817122,1709772008.3860133
7521,1709772008.480814,1709772008.485719
7522,1709772008.5821393,1709772008.5869114
7523,1709772008.675872,1709772008.6812596
7524,1709772008.7803411,1709772008.784759
7525,1709772008.8838358,1709772008.8873537
7526,1709772008.9754717,1709772008.9808562
7527,1709772009.0787268,1709772009.084148
7528,1709772009.1829286,1709772009.1873846
7529,1709772009.2764897,1709772009.2812815
7530,1709772009.3790312,1709772009.3853934
7531,1709772009.4754152,1709772009.4808624
7532,1709772009.5753222,1709772009.5805202
7533,1709772009.6780102,1709772009.6843548
7534,1709772009.7758105,1709772009.7807057
7535,1709772009.8763816,1709772009.881544
7536,1709772009.977746,1709772009.984134
7537,1709772010.0775287,1709772010.0823505
7538,1709772010.178756,1709772010.1828058
7539,1709772010.2773204,1709772010.2821777
7540,1709772010.3966181,1709772010.4023044
7541,1709772010.485401,1709772010.4985254
7542,1709772010.5829184,1709772010.593942
7543,1709772010.6978447,1709772010.7058806
7544,1709772010.7811162,1709772010.786606
7545,1709772010.887115,1709772010.8924096
7546,1709772010.9774258,1709772010.9832883
7547,1709772011.086282,1709772011.0966833
7548,1709772011.18138,1709772011.1862311
7549,1709772011.2974262,1709772011.3028412
7550,1709772011.3770878,1709772011.3810306
7551,1709772011.4830685,1709772011.4882638
7552,1709772011.582371,1709772011.5874522
7553,1709772011.6767492,1709772011.681914
7554,1709772011.779058,1709772011.783721
7555,1709772011.8816042,1709772011.8860967
7556,1709772011.984862,1709772011.9901261
7557,1709772012.0814776,1709772012.0867558
7558,1709772012.1760645,1709772012.181104
7559,1709772012.2813673,1709772012.2866802
7560,1709772012.3778164,1709772012.3818913
7561,1709772012.4783792,1709772012.4835324
7562,1709772012.5765634,1709772012.5819373
7563,1709772012.6805658,1709772012.6855116
7564,1709772012.7780626,1709772012.7830853
7565,1709772012.8750207,1709772012.878162
7566,1709772012.9807947,1709772012.9860442
7567,1709772013.0926816,1709772013.0980217
7568,1709772013.1759248,1709772013.1806853
7569,1709772013.2808847,1709772013.2808902
7570,1709772013.3903282,1709772013.3903327
7571,1709772013.4809597,1709772013.4809663
7572,1709772013.5762496,1709772013.5762541
7573,1709772013.694594,1709772013.694599
7574,1709772013.779925,1709772013.77993
7575,1709772013.879782,1709772013.8797884
7576,1709772013.9882984,1709772013.9883065
7577,1709772014.0857282,1709772014.0857332
7578,1709772014.1851437,1709772014.1851518
7579,1709772014.2808602,1709772014.280867
7580,1709772014.3798966,1709772014.3799014
7581,1709772014.4793406,1709772014.4793472
7582,1709772014.5802195,1709772014.5802276
7583,1709772014.6882029,1709772014.6882105
7584,1709772014.7757647,1709772014.7757704
7585,1709772014.8841097,1709772014.8841155
7586,1709772014.9886067,1709772014.9886124
7587,1709772015.0802438,1709772015.0802503
7588,1709772015.1935892,1709772015.1935935
7589,1709772015.28584,1709772015.2858472
7590,1709772015.378082,1709772015.378088
7591,1709772015.4812655,1709772015.4812713
7592,1709772015.584499,1709772015.5845056
7593,1709772015.6831534,1709772015.6831596
7594,1709772015.7763057,1709772015.7763126
7595,1709772015.8793688,1709772015.8793743
7596,1709772015.9816632,1709772015.9816687
7597,1709772016.0859056,1709772016.0859132
7598,1709772016.1803403,1709772016.1803453
7599,1709772016.2844503,1709772016.2844555
7600,1709772016.3857784,1709772016.385784
7601,1709772016.4788032,1709772016.4788086
7602,1709772016.5761216,1709772016.5761282
7603,1709772016.679683,1709772016.679689
7604,1709772016.7861667,1709772016.7861722
7605,1709772016.8819828,1709772016.8819888
7606,1709772016.9821997,1709772016.982206
7607,1709772017.0817213,1709772017.0817273
7608,1709772017.1790879,1709772017.1790938
7609,1709772017.2773657,1709772017.2773728
7610,1709772017.3813908,1709772017.3813965
7611,1709772017.4776297,1709772017.4776359
7612,1709772017.591162,1709772017.5911674
7613,1709772017.6789818,1709772017.6789858
7614,1709772017.7809176,1709772017.780924
7615,1709772017.8800075,1709772017.8800125
7616,1709772017.9788735,1709772017.9788775
7617,1709772018.0806208,1709772018.0806253
7618,1709772018.1794677,1709772018.1794739
7619,1709772018.2841768,1709772018.2841856
7620,1709772018.4012942,1709772018.4013004
7621,1709772018.4764316,1709772018.4764388
7622,1709772018.577741,1709772018.5777464
7623,1709772018.6892278,1709772018.6892333
7624,1709772018.784064,1709772018.7840695
7625,1709772018.880466,1709772018.8804712
7626,1709772018.9772701,1709772018.9772787
7627,1709772019.0797176,1709772019.079724
7628,1709772019.1799946,1709772019.18
7629,1709772019.27556,1709772019.2755659
7630,1709772019.383354,1709772019.383358
7631,1709772019.4793346,1709772019.4793394
7632,1709772019.579405,1709772019.5794091
7633,1709772019.6778588,1709772019.6778653
7634,1709772019.7776322,1709772019.777636
7635,1709772019.8832614,1709772019.8832712
7636,1709772019.9799478,1709772019.979954
7637,1709772020.0823777,1709772020.0823839
7638,1709772020.1810672,1709772020.181076
7639,1709772020.2858462,1709772020.285853
7640,1709772020.3812277,1709772020.38735
7641,1709772020.4859185,1709772020.4916437
7642,1709772020.5825183,1709772020.5872471
7643,1709772020.6828527,1709772020.6880894
7644,1709772020.7823927,1709772020.788054
7645,1709772020.8794127,1709772020.8844616
7646,1709772020.9836686,1709772020.9877245
7647,1709772021.0814688,1709772021.0871754
7648,1709772021.175332,1709772021.1808412
7649,1709772021.2819998,1709772021.2870107
7650,1709772021.3773453,1709772021.3824303
7651,1709772021.4861772,1709772021.4915774
7652,1709772021.5827076,1709772021.590017
7653,1709772021.6757686,1709772021.682007
7654,1709772021.7764125,1709772021.787508
7655,1709772021.8819454,1709772021.8879712
7656,1709772021.9780705,1709772021.9866624
7657,1709772022.0978982,1709772022.1036024
7658,1709772022.1763062,1709772022.1822734
7659,1709772022.2882667,1709772022.2937908
7660,1709772022.3860562,1709772022.3917003
7661,1709772022.4849014,1709772022.4906995
7662,1709772022.5845246,1709772022.59055
7663,1709772022.6780357,1709772022.686035
7664,1709772022.7807758,1709772022.785205
7665,1709772022.8826618,1709772022.8879201
7666,1709772022.975653,1709772022.980419
7667,1709772023.083735,1709772023.091036
7668,1709772023.1776433,1709772023.1844203
7669,1709772023.2758164,1709772023.2807777
7670,1709772023.38524,1709772023.389614
7671,1709772023.4828913,1709772023.4937487
7672,1709772023.5847573,1709772023.5900962
7673,1709772023.6835206,1709772023.6884284
7674,1709772023.7796273,1709772023.7851331
7675,1709772023.875178,1709772023.8804703
7676,1709772023.9806795,1709772023.9862833
7677,1709772024.0757349,1709772024.081044
7678,1709772024.179751,1709772024.1847496
7679,1709772024.2852154,1709772024.289707
7680,1709772024.383622,1709772024.3885028
7681,1709772024.478666,1709772024.4837527
7682,1709772024.581206,1709772024.5863483
7683,1709772024.6814694,1709772024.6860769
7684,1709772024.7809381,1709772024.7863514
7685,1709772024.8836231,1709772024.889237
7686,1709772024.9806907,1709772024.9866276
7687,1709772025.0833206,1709772025.0886328
7688,1709772025.181035,1709772025.1867962
7689,1709772025.2855203,1709772025.2901127
7690,1709772025.3848536,1709772025.389615
7691,1709772025.4795184,1709772025.4886575
7692,1709772025.5834632,1709772025.5884645
7693,1709772025.683331,1709772025.687424
7694,1709772025.784817,1709772025.789823
7695,1709772025.8771544,1709772025.8825657
7696,1709772025.9861028,1709772025.991557
7697,1709772026.0850267,1709772026.0905318
7698,1709772026.1844761,1709772026.1911905
7699,1709772026.283005,1709772026.2865329
7700,1709772026.3754542,1709772026.3804748
7701,1709772026.4781346,1709772026.4813128
7702,1709772026.58449,1709772026.589305
7703,1709772026.6876373,1709772026.6930625
7704,1709772026.784385,1709772026.7889202
7705,1709772026.8764389,1709772026.8814979
7706,1709772026.9786265,1709772026.983882
7707,1709772027.0757437,1709772027.0808413
7708,1709772027.176786,1709772027.1821
7709,1709772027.280114,1709772027.286813
7710,1709772027.3795307,1709772027.3795354
7711,1709772027.4803052,1709772027.4803112
7712,1709772027.5766387,1709772027.5766459
7713,1709772027.6810381,1709772027.681045
7714,1709772027.7799373,1709772027.779944
7715,1709772027.8776944,1709772027.8777025
7716,1709772027.9813051,1709772027.9813116
7717,1709772028.0807614,1709772028.0807686
7718,1709772028.1812785,1709772028.181285
7719,1709772028.2814417,1709772028.281448
7720,1709772028.3751929,1709772028.3751996
7721,1709772028.4799862,1709772028.4799922
7722,1709772028.5811784,1709772028.5811827
7723,1709772028.6790946,1709772028.6791008
7724,1709772028.7818155,1709772028.7818217
7725,1709772028.880191,1709772028.8801985
7726,1709772028.9768677,1709772028.9768734
7727,1709772029.0817795,1709772029.0817864
7728,1709772029.1753595,1709772029.1754646
7729,1709772029.276563,1709772029.2766297
7730,1709772029.3782015,1709772029.3782523
7731,1709772029.479541,1709772029.4796436
7732,1709772029.5781894,1709772029.578275
7733,1709772029.6767552,1709772029.676808
7734,1709772029.7777834,1709772029.7778358
7735,1709772029.87541,1709772029.8754601
7736,1709772029.9784992,1709772029.9785457
7737,1709772030.0951557,1709772030.0952015
7738,1709772030.178634,1709772030.178726
7739,1709772030.2858171,1709772030.2859426
7740,1709772030.4064174,1709772030.4065201
7741,1709772030.4775777,1709772030.4776814
7742,1709772030.5782363,1709772030.5783188
7743,1709772030.6802623,1709772030.6803427
7744,1709772030.7785976,1709772030.7786772
7745,1709772030.879303,1709772030.8793874
7746,1709772030.9770112,1709772030.9771001
7747,1709772031.0813165,1709772031.0814035
7748,1709772031.1791914,1709772031.1792457
7749,1709772031.2758203,1709772031.275914
7750,1709772031.3806252,1709772031.3807154
7751,1709772031.4772885,1709772031.4773362
7752,1709772031.5832837,1709772031.5833337
7753,1709772031.6819723,1709772031.6820176
7754,1709772031.782904,1709772031.7829552
7755,1709772031.8799887,1709772031.8800762
7756,1709772031.9791431,1709772031.9791925
7757,1709772032.0818796,1709772032.0819283
7758,1709772032.176848,1709772032.176899
7759,1709772032.282384,1709772032.2824333
7760,1709772032.3777392,1709772032.377824
7761,1709772032.4809282,1709772032.4809363
7762,1709772032.582574,1709772032.582581
7763,1709772032.6826887,1709772032.6826968
7764,1709772032.7818184,1709772032.7818322
7765,1709772032.8760421,1709772032.8760488
7766,1709772032.9815447,1709772032.981551
7767,1709772033.0773087,1709772033.0773146
7768,1709772033.180223,1709772033.180231
7769,1709772033.280624,1709772033.280628
7770,1709772033.3781538,1709772033.378161
7771,1709772033.4758594,1709772033.4758635
7772,1709772033.5783105,1709772033.5783174
7773,1709772033.6751862,1709772033.6751947
7774,1709772033.780316,1709772033.7803264
7775,1709772033.880845,1709772033.8808513
7776,1709772033.9799564,1709772033.9799633
7777,1709772034.0796661,1709772034.0796733
7778,1709772034.1793954,1709772034.1794043
7779,1709772034.2783294,1709772034.2783363
7780,1709772034.3769565,1709772034.3769631
7781,1709772034.4787283,1709772034.478734
7782,1709772034.5808558,1709772034.588442
7783,1709772034.67762,1709772034.6829052
7784,1709772034.7824342,1709772034.789611
7785,1709772034.8938851,1709772034.8992925
7786,1709772034.9949675,1709772035.0005586
7787,1709772035.0809214,1709772035.0879476
7788,1709772035.1784422,1709772035.1853225
7789,1709772035.2759511,1709772035.2822273
7790,1709772035.381162,1709772035.3879004
7791,1709772035.4795551,1709772035.4916098
7792,1709772035.5802524,1709772035.5881004
7793,1709772035.6972854,1709772035.7075207
7794,1709772035.787859,1709772035.7980404
7795,1709772035.8835363,1709772035.8911946
7796,1709772035.977871,1709772035.9862316
7797,1709772036.0849621,1709772036.0934906
7798,1709772036.1890206,1709772036.1965597
7799,1709772036.2829688,1709772036.289434
7800,1709772036.3798153,1709772036.3879373
7801,1709772036.4866502,1709772036.4940789
7802,1709772036.57938,1709772036.5854967
7803,1709772036.6802247,1709772036.6891508
7804,1709772036.7782264,1709772036.7856534
7805,1709772036.8786998,1709772036.8881748
7806,1709772036.979609,1709772036.985793
7807,1709772037.0777965,1709772037.0835595
7808,1709772037.1821573,1709772037.1899023
7809,1709772037.279497,1709772037.2881155
7810,1709772037.3778596,1709772037.3883743
7811,1709772037.4875362,1709772037.494263
7812,1709772037.5746367,1709772037.5814312
7813,1709772037.6823006,1709772037.687633
7814,1709772037.7876432,1709772037.794343
7815,1709772037.8897495,1709772037.8979287
7816,1709772037.978092,1709772037.9851599
7817,1709772038.0757506,1709772038.0810857
7818,1709772038.175296,1709772038.1816928
7819,1709772038.2750962,1709772038.2874124
7820,1709772038.3760295,1709772038.3820152
7821,1709772038.4751437,1709772038.4825444
7822,1709772038.5762908,1709772038.5836303
7823,1709772038.675667,1709772038.6821735
7824,1709772038.775421,1709772038.782488
7825,1709772038.8750923,1709772038.8808146
7826,1709772038.9776504,1709772038.9844267
7827,1709772039.075568,1709772039.081038
7828,1709772039.1756036,1709772039.18087
7829,1709772039.275272,1709772039.2821782
7830,1709772039.3767788,1709772039.3814347
7831,1709772039.4759243,1709772039.480656
7832,1709772039.5799296,1709772039.5799356
7833,1709772039.6751878,1709772039.675194
7834,1709772039.7752771,1709772039.7752838
7835,1709772039.8814027,1709772039.88141
7836,1709772039.9774265,1709772039.977432
7837,1709772040.081947,1709772040.0819545
7838,1709772040.1793633,1709772040.1793687
7839,1709772040.2772233,1709772040.2772288
7840,1709772040.3753002,1709772040.3753057
7841,1709772040.4806976,1709772040.480703
7842,1709772040.5817962,1709772040.581803
7843,1709772040.675053,1709772040.6750588
7844,1709772040.7841952,1709772040.7842011
7845,1709772040.8758023,1709772040.8758085
7846,1709772040.980593,1709772040.9805984
7847,1709772041.0821483,1709772041.0821545
7848,1709772041.1833313,1709772041.1833377
7849,1709772041.2805922,1709772041.2805989
7850,1709772041.3800433,1709772041.3800504
7851,1709772041.4839995,1709772041.4840057
7852,1709772041.5825949,1709772041.582601
7853,1709772041.6841834,1709772041.6841886
7854,1709772041.7832253,1709772041.7832313
7855,1709772041.8805876,1709772041.8805952
7856,1709772041.975275,1709772041.9752815
7857,1709772042.0769508,1709772042.0769577
7858,1709772042.1816168,1709772042.1816247
7859,1709772042.276086,1709772042.2760928
7860,1709772042.3765197,1709772042.3765275
7861,1709772042.4822102,1709772042.4822156
7862,1709772042.5756514,1709772042.575658
7863,1709772042.69941,1709772042.699417
7864,1709772042.779667,1709772042.7796726
7865,1709772042.8751163,1709772042.8751235
7866,1709772042.9788554,1709772042.978864
7867,1709772043.0810294,1709772043.081036
7868,1709772043.1761558,1709772043.176162
7869,1709772043.2793458,1709772043.2793489
7870,1709772043.3796892,1709772043.3796935
7871,1709772043.4787743,1709772043.4787805
7872,1709772043.5758002,1709772043.5758057
7873,1709772043.6785207,1709772043.6785266
7874,1709772043.779562,1709772043.7795684
7875,1709772043.8757532,1709772043.8757591
7876,1709772043.979726,1709772043.9797297
7877,1709772044.081125,1709772044.0811305
7878,1709772044.1774473,1709772044.1774535
7879,1709772044.2790122,1709772044.279018
7880,1709772044.3828568,1709772044.3828614
7881,1709772044.482702,1709772044.4827058
7882,1709772044.5756116,1709772044.5756176
7883,1709772044.6788237,1709772044.6836464
7884,1709772044.782837,1709772044.7879689
7885,1709772044.8860173,1709772044.8906116
7886,1709772044.9817445,1709772044.9868667
7887,1709772045.084509,1709772045.089964
7888,1709772045.1757383,1709772045.1810417
7889,1709772045.277803,1709772045.2828898
7890,1709772045.3752337,1709772045.3804858
7891,1709772045.4822855,1709772045.4863443
7892,1709772045.5810008,1709772045.5854776
7893,1709772045.682444,1709772045.6877265
7894,1709772045.7771916,1709772045.7807837
7895,1709772045.8826785,1709772045.8869064
7896,1709772045.9773302,1709772045.9817102
7897,1709772046.0804343,1709772046.0858238
7898,1709772046.182134,1709772046.186885
7899,1709772046.2818599,1709772046.2871141
7900,1709772046.3833296,1709772046.3885496
7901,1709772046.4824395,1709772046.486144
7902,1709772046.5808508,1709772046.5860703
7903,1709772046.6751497,1709772046.6786585
7904,1709772046.777872,1709772046.783092
7905,1709772046.8842056,1709772046.8894596
7906,1709772046.982971,1709772046.9878223
7907,1709772047.0752747,1709772047.079569
7908,1709772047.181409,1709772047.1878903
7909,1709772047.2818694,1709772047.2870219
7910,1709772047.3804123,1709772047.385616
7911,1709772047.4819677,1709772047.4865623
7912,1709772047.5773985,1709772047.5825598
7913,1709772047.6811354,1709772047.6864333
7914,1709772047.7933948,1709772047.7982867
7915,1709772047.8770707,1709772047.8818417
7916,1709772047.975141,1709772047.9815142
7917,1709772048.076805,1709772048.0814981
7918,1709772048.178218,1709772048.184322
7919,1709772048.2784033,1709772048.2853591
7920,1709772048.3776934,1709772048.3821375
7921,1709772048.4762058,1709772048.4797006
7922,1709772048.5759454,1709772048.5800543
7923,1709772048.6842177,1709772048.6899257
7924,1709772048.7799394,1709772048.784479
7925,1709772048.878405,1709772048.884104
7926,1709772048.9789295,1709772048.9842882
7927,1709772049.0811355,1709772049.086771
7928,1709772049.1834679,1709772049.1892576
7929,1709772049.2798648,1709772049.2850673
7930,1709772049.3773904,1709772049.3819227
7931,1709772049.481973,1709772049.4853706
7932,1709772049.578135,1709772049.5825427
7933,1709772049.6795988,1709772049.6842246
7934,1709772049.7799273,1709772049.7845507
7935,1709772049.8810315,1709772049.886348
7936,1709772049.9816802,1709772049.9874384
7937,1709772050.0777862,1709772050.083872
7938,1709772050.1754093,1709772050.1806707
7939,1709772050.279052,1709772050.2828107
7940,1709772050.379938,1709772050.3834772
7941,1709772050.4842076,1709772050.490963
7942,1709772050.5822608,1709772050.5890613
7943,1709772050.6801424,1709772050.685272
7944,1709772050.7770069,1709772050.7816093
7945,1709772050.875935,1709772050.8809655
7946,1709772050.975618,1709772050.9806519
7947,1709772051.0775824,1709772051.0826445
7948,1709772051.1781864,1709772051.1849606
7949,1709772051.2834039,1709772051.2906897
7950,1709772051.3806264,1709772051.3868365
7951,1709772051.4810557,1709772051.4857721
7952,1709772051.5790825,1709772051.5825047
7953,1709772051.6827636,1709772051.6883163
7954,1709772051.785275,1709772051.7907581
7955,1709772051.8863387,1709772051.892214
7956,1709772051.977957,1709772051.981734
7957,1709772052.0765076,1709772052.0815582
7958,1709772052.175493,1709772052.179021
7959,1709772052.2789202,1709772052.2844465
7960,1709772052.3752754,1709772052.3801806
7961,1709772052.479617,1709772052.4866667
7962,1709772052.5847661,1709772052.5904603
7963,1709772052.6772244,1709772052.682087
7964,1709772052.7832136,1709772052.788802
7965,1709772052.8823383,1709772052.8899186
7966,1709772052.975029,1709772052.9803708
7967,1709772053.075817,1709772053.0792015
7968,1709772053.1832206,1709772053.187926
7969,1709772053.2757647,1709772053.279669
7970,1709772053.3794014,1709772053.3855016
7971,1709772053.4754932,1709772053.4816947
7972,1709772053.583937,1709772053.5895605
7973,1709772053.682126,1709772053.68755
7974,1709772053.779803,1709772053.7857287
7975,1709772053.8817465,1709772053.8870122
7976,1709772053.975338,1709772053.9803994
7977,1709772054.080538,1709772054.0865116
7978,1709772054.1834316,1709772054.1870253
7979,1709772054.2816262,1709772054.287094
7980,1709772054.3774738,1709772054.3834717
7981,1709772054.4838605,1709772054.4888494
7982,1709772054.579059,1709772054.5842452
7983,1709772054.6789737,1709772054.6845727
7984,1709772054.8079834,1709772054.813454
7985,1709772054.8751585,1709772054.8803394
7986,1709772054.9825299,1709772054.9867241
7987,1709772055.076521,1709772055.0814176
7988,1709772055.1796942,1709772055.1851308
7989,1709772055.284224,1709772055.289883
7990,1709772055.3762064,1709772055.3812275
7991,1709772055.4859638,1709772055.4910872
7992,1709772055.5789108,1709772055.5840635
7993,1709772055.6818151,1709772055.6866274
7994,1709772055.7779918,1709772055.784759
7995,1709772055.8824365,1709772055.8866928
7996,1709772055.9752197,1709772055.9791405
7997,1709772056.0825124,1709772056.0879653
7998,1709772056.1755376,1709772056.1823528
7999,1709772056.28063,1709772056.2849224
8000,1709772056.3764563,1709772056.3828726
8001,1709772056.4820747,1709772056.4872737
8002,1709772056.5756657,1709772056.5804586
8003,1709772056.675325,1709772056.6802826
8004,1709772056.7888994,1709772056.7889054
8005,1709772056.8801577,1709772056.8801641
8006,1709772056.9795704,1709772056.9795766
8007,1709772057.0792353,1709772057.0792415
8008,1709772057.1752074,1709772057.1752129
8009,1709772057.283182,1709772057.2831888
8010,1709772057.3874266,1709772057.3874328
8011,1709772057.481431,1709772057.481438
8012,1709772057.587801,1709772057.5878074
8013,1709772057.6797333,1709772057.6797404
8014,1709772057.7821798,1709772057.7821865
8015,1709772057.8819964,1709772057.8820026
8016,1709772057.9809928,1709772057.9809988
8017,1709772058.0795722,1709772058.0795777
8018,1709772058.18637,1709772058.1863751
8019,1709772058.2871644,1709772058.287171
8020,1709772058.3869112,1709772058.3869174
8021,1709772058.4799867,1709772058.4799922
8022,1709772058.5813112,1709772058.581318
8023,1709772058.6791677,1709772058.6791744
8024,1709772058.781319,1709772058.781325
8025,1709772058.8801267,1709772058.8801339
8026,1709772058.9808536,1709772058.98086
8027,1709772059.0827892,1709772059.0827956
8028,1709772059.1795778,1709772059.1795864
8029,1709772059.2893271,1709772059.2893324
8030,1709772059.388579,1709772059.3885856
8031,1709772059.481899,1709772059.4819052
8032,1709772059.5760665,1709772059.5760732
8033,1709772059.6753016,1709772059.6753075
8034,1709772059.787099,1709772059.7871044
8035,1709772059.8829422,1709772059.8829482
8036,1709772059.987008,1709772059.9870143
8037,1709772060.082183,1709772060.0821888
8038,1709772060.1908128,1709772060.190819
8039,1709772060.2785513,1709772060.2785554
8040,1709772060.387931,1709772060.3879373
8041,1709772060.4877152,1709772060.4877212
8042,1709772060.5897262,1709772060.589732
8043,1709772060.6832678,1709772060.683275
8044,1709772060.7840738,1709772060.784079
8045,1709772060.883047,1709772060.8830543
8046,1709772060.9861135,1709772060.9861197
8047,1709772061.0873783,1709772061.087385
8048,1709772061.1829627,1709772061.1829696
8049,1709772061.2757564,1709772061.275764
8050,1709772061.3894246,1709772061.3894308
8051,1709772061.476995,1709772061.4769998
8052,1709772061.5891225,1709772061.5891278
8053,1709772061.6860178,1709772061.6860247
8054,1709772061.8193645,1709772061.819372
8055,1709772061.8819888,1709772061.8819964
8056,1709772061.9857419,1709772061.9857495
8057,1709772062.097969,1709772062.097973
8058,1709772062.1766686,1709772062.1766744
8059,1709772062.2837138,1709772062.2837203
8060,1709772062.377596,1709772062.3776
8061,1709772062.4831147,1709772062.4831212
8062,1709772062.5803177,1709772062.580323
8063,1709772062.6751382,1709772062.675146
8064,1709772062.7941623,1709772062.794166
8065,1709772062.8807445,1709772062.8807511
8066,1709772062.9852097,1709772062.9852173
8067,1709772063.0838804,1709772063.083886
8068,1709772063.1770642,1709772063.177068
8069,1709772063.2825146,1709772063.2825208
8070,1709772063.3800611,1709772063.3800664
8071,1709772063.4815345,1709772063.4815419
8072,1709772063.5869706,1709772063.586976
8073,1709772063.6818929,1709772063.6819003
8074,1709772063.7886117,1709772063.7939594
8075,1709772063.882589,1709772063.8877075
8076,1709772063.9870439,1709772063.9924216
8077,1709772064.0798001,1709772064.0864499
8078,1709772064.1798868,1709772064.1851165
8079,1709772064.2918906,1709772064.2977276
8080,1709772064.3804505,1709772064.3853736
8081,1709772064.4884026,1709772064.4939702
8082,1709772064.5856097,1709772064.5902169
8083,1709772064.690065,1709772064.6963515
8084,1709772064.7824993,1709772064.788556
8085,1709772064.881895,1709772064.8872204
8086,1709772064.9891899,1709772064.9943614
8087,1709772065.0916364,1709772065.096915
8088,1709772065.1874678,1709772065.1943548
8089,1709772065.2833037,1709772065.2889497
8090,1709772065.3829288,1709772065.3887734
8091,1709772065.483347,1709772065.4878278
8092,1709772065.5795724,1709772065.5840228
8093,1709772065.6862187,1709772065.6924942
8094,1709772065.783569,1709772065.7910678
8095,1709772065.8855674,1709772065.8908598
8096,1709772065.9830086,1709772065.9896095
8097,1709772066.0857,1709772066.0895867
8098,1709772066.1872442,1709772066.1942732
8099,1709772066.288198,1709772066.2942436
8100,1709772066.3872445,1709772066.3931231
8101,1709772066.4891849,1709772066.5069175
8102,1709772066.5990162,1709772066.6091468
8103,1709772066.703394,1709772066.7176917
8104,1709772066.8207908,1709772066.8284168
8105,1709772066.8977764,1709772066.9039307
8106,1709772067.000653,1709772067.0095422
8107,1709772067.1009755,1709772067.1065402
8108,1709772067.192653,1709772067.198993
8109,1709772067.2927792,1709772067.3010237
8110,1709772067.382068,1709772067.38738
8111,1709772067.4902186,1709772067.4955747
8112,1709772067.5825646,1709772067.5886211
8113,1709772067.6789157,1709772067.6898885
8114,1709772067.7954214,1709772067.8010263
8115,1709772067.8807175,1709772067.8863623
8116,1709772067.9834034,1709772067.9889717
8117,1709772068.0803883,1709772068.0859451
8118,1709772068.1870935,1709772068.195907
8119,1709772068.2863247,1709772068.2917502
8120,1709772068.3861663,1709772068.3925865
8121,1709772068.4839828,1709772068.4918733
8122,1709772068.5798898,1709772068.5853994
8123,1709772068.6796844,1709772068.687895
8124,1709772068.7817452,1709772068.7889469
8125,1709772068.9065468,1709772068.9168468
8126,1709772068.99203,1709772068.9984424
8127,1709772069.0770884,1709772069.0873737
8128,1709772069.178738,1709772069.193134
8129,1709772069.2984393,1709772069.3075802
8130,1709772069.3856664,1709772069.3913045
8131,1709772069.4799035,1709772069.4886959
8132,1709772069.5811071,1709772069.5880182
8133,1709772069.6796415,1709772069.6858263
8134,1709772069.7807376,1709772069.7868872
8135,1709772069.8821685,1709772069.887639
8136,1709772069.9758637,1709772069.9806247
8137,1709772070.0757325,1709772070.0811105
8138,1709772070.1829178,1709772070.1871903
8139,1709772070.2759795,1709772070.2819164
8140,1709772070.378125,1709772070.3816319
8141,1709772070.481829,1709772070.4869187
8142,1709772070.5843282,1709772070.5940316
8143,1709772070.6818748,1709772070.6868098
8144,1709772070.7818596,1709772070.7858675
8145,1709772070.8779,1709772070.8830333
8146,1709772070.983468,1709772070.9892776
8147,1709772071.0891705,1709772071.096547
8148,1709772071.1830435,1709772071.188409
8149,1709772071.2774704,1709772071.2828538
8150,1709772071.378961,1709772071.381889
8151,1709772071.4778717,1709772071.482777
8152,1709772071.5895867,1709772071.6062357
8153,1709772071.686953,1709772071.6919835
8154,1709772071.7820513,1709772071.7869875
8155,1709772071.8832572,1709772071.8888595
8156,1709772071.9825544,1709772071.9895074
8157,1709772072.082261,1709772072.0880733
8158,1709772072.1770475,1709772072.1830962
8159,1709772072.311864,1709772072.329038
8160,1709772072.3963273,1709772072.4058702
8161,1709772072.531608,1709772072.541689
8162,1709772072.5880153,1709772072.5963752
8163,1709772072.6854382,1709772072.6956823
8164,1709772072.7805736,1709772072.7896852
8165,1709772072.8880858,1709772072.894493
8166,1709772072.9837554,1709772072.9902291
8167,1709772073.0853877,1709772073.0916698
8168,1709772073.1836925,1709772073.1907454
8169,1709772073.305937,1709772073.3114054
8170,1709772073.3816457,1709772073.3913572
8171,1709772073.4832957,1709772073.4890864
8172,1709772073.582709,1709772073.5892186
8173,1709772073.6809247,1709772073.6867607
8174,1709772073.7921271,1709772073.7989535
8175,1709772073.8821268,1709772073.8912346
8176,1709772073.9865658,1709772073.9939656
8177,1709772074.0809703,1709772074.0886116
8178,1709772074.1857493,1709772074.1909862
8179,1709772074.283456,1709772074.2899864
8180,1709772074.3833144,1709772074.3890667
8181,1709772074.4784765,1709772074.4832366
8182,1709772074.5756958,1709772074.5804534
8183,1709772074.6809638,1709772074.6864676
8184,1709772074.7800932,1709772074.7831516
8185,1709772074.8751643,1709772074.880979
8186,1709772074.9775472,1709772074.9826944
8187,1709772075.0795808,1709772075.0850642
8188,1709772075.1766226,1709772075.1822112
8189,1709772075.2799542,1709772075.285546
8190,1709772075.3786457,1709772075.3833039
8191,1709772075.4811583,1709772075.4871984
8192,1709772075.583631,1709772075.5889163
8193,1709772075.680314,1709772075.6850855
8194,1709772075.7755744,1709772075.780071
8195,1709772075.8751879,1709772075.8800132
8196,1709772075.9794405,1709772075.9839065
8197,1709772076.0771284,1709772076.081972
8198,1709772076.18344,1709772076.1882713
8199,1709772076.2751338,1709772076.2800417
8200,1709772076.3781202,1709772076.3814409
8201,1709772076.4815314,1709772076.487316
8202,1709772076.5752628,1709772076.5789526
8203,1709772076.6833825,1709772076.6886144
8204,1709772076.786977,1709772076.791917
8205,1709772076.8841827,1709772076.8893335
8206,1709772076.984566,1709772076.988796
8207,1709772077.081238,1709772077.0881896
8208,1709772077.1833866,1709772077.188446
8209,1709772077.283094,1709772077.2884774
8210,1709772077.3826149,1709772077.3875144
8211,1709772077.4838483,1709772077.4896965
8212,1709772077.5796287,1709772077.5841334
8213,1709772077.6751351,1709772077.6799245
8214,1709772077.7863376,1709772077.7911015
8215,1709772077.8764906,1709772077.8803604
8216,1709772077.986147,1709772077.9915445
8217,1709772078.081919,1709772078.0867581
8218,1709772078.1763766,1709772078.1810758
8219,1709772078.2748365,1709772078.2799413
8220,1709772078.375454,1709772078.3804626
8221,1709772078.4838612,1709772078.4878619
8222,1709772078.583625,1709772078.5885284
8223,1709772078.6859002,1709772078.6912131
8224,1709772078.7791953,1709772078.7851079
8225,1709772079.2600565,1709772079.2600653
8226,1709772079.2694695,1709772079.2694752
8227,1709772079.281856,1709772079.2818625
8228,1709772079.3818564,1709772079.381865
8229,1709772079.4820654,1709772079.4820724
8230,1709772079.5836313,1709772079.583638
8231,1709772079.6775723,1709772079.6775782
8232,1709772079.7841964,1709772079.7842038
8233,1709772079.882079,1709772079.8820853
8234,1709772079.9841914,1709772079.984198
8235,1709772080.0816348,1709772080.081641
8236,1709772080.1830988,1709772080.183105
8237,1709772080.2764416,1709772080.276448
8238,1709772080.3772182,1709772080.3772244
8239,1709772080.4783137,1709772080.4783196
8240,1709772080.578101,1709772080.5781064
8241,1709772080.6758816,1709772080.6758902
8242,1709772080.7854373,1709772080.785443
8243,1709772080.88292,1709772080.882926
8244,1709772081.0024097,1709772081.0024154
8245,1709772081.075234,1709772081.0752394
8246,1709772081.1751802,1709772081.1751864
8247,1709772081.2757912,1709772081.2757964
8248,1709772081.3803196,1709772081.380326
8249,1709772081.4824965,1709772081.4825003
8250,1709772081.574945,1709772081.5749516
8251,1709772081.678696,1709772081.6787035
8252,1709772081.7821386,1709772081.782147
8253,1709772081.8752105,1709772081.8752158
8254,1709772081.983723,1709772081.9837294
8255,1709772082.081894,1709772082.0819008
8256,1709772082.1758406,1709772082.1758468
8257,1709772082.2783778,1709772082.2783856
8258,1709772082.3879502,1709772082.387956
8259,1709772082.4753127,1709772082.4753172
8260,1709772082.5800433,1709772082.5800488
8261,1709772082.6779737,1709772082.6779804
8262,1709772082.7830594,1709772082.783066
8263,1709772082.8755572,1709772082.8755612
8264,1709772082.9875681,1709772082.987652
8265,1709772083.0757868,1709772083.0757937
8266,1709772083.175202,1709772083.1752083
8267,1709772083.2844467,1709772083.2844534
8268,1709772083.3749633,1709772083.3749692
8269,1709772083.4769104,1709772083.4769185
8270,1709772083.5874653,1709772083.5874708
8271,1709772083.6800222,1709772083.6800292
8272,1709772083.7828853,1709772083.7828925
8273,1709772083.8777032,1709772083.8777094
8274,1709772083.9758887,1709772083.975896
8275,1709772084.079707,1709772084.0797133
8276,1709772084.1786706,1709772084.1786764
8277,1709772084.2802806,1709772084.2802866
8278,1709772084.3787768,1709772084.378781
8279,1709772084.480758,1709772084.4807634
8280,1709772084.5772529,1709772084.5772579
8281,1709772084.675034,1709772084.6750412
8282,1709772084.784738,1709772084.7847438
8283,1709772084.8768067,1709772084.8768132
8284,1709772084.9760199,1709772084.9760292
8285,1709772085.0839458,1709772085.083953
8286,1709772085.1819038,1709772085.1819093
8287,1709772085.2776413,1709772085.2776463
8288,1709772085.379422,1709772085.3794277
8289,1709772085.4788933,1709772085.4788976
8290,1709772085.5779388,1709772085.577945
8291,1709772085.6854672,1709772085.6854732
8292,1709772085.7803273,1709772085.7803335
8293,1709772085.879915,1709772085.879922
8294,1709772085.9761734,1709772085.976179
8295,1709772086.08155,1709772086.081557
8296,1709772086.1828587,1709772086.1828647
8297,1709772086.2947283,1709772086.2947335
8298,1709772086.376726,1709772086.3767328
8299,1709772086.4804258,1709772086.4804318
8300,1709772086.5851364,1709772086.5851433
8301,1709772086.6769886,1709772086.6769943
8302,1709772086.776636,1709772086.7766423
8303,1709772086.881057,1709772086.881063
8304,1709772086.978855,1709772086.9788616
8305,1709772087.082951,1709772087.0829592
8306,1709772087.181257,1709772087.1812644
8307,1709772087.2761111,1709772087.2761176
8308,1709772087.3783686,1709772087.378375
8309,1709772087.4761133,1709772087.4761195
8310,1709772087.5843134,1709772087.5843205
8311,1709772087.6763825,1709772087.6763885
8312,1709772087.7756162,1709772087.7756224
8313,1709772087.8786447,1709772087.8786502
8314,1709772087.98004,1709772087.9800477
8315,1709772088.1000116,1709772088.1000175
8316,1709772088.1814024,1709772088.1814075
8317,1709772088.2769768,1709772088.276984
8318,1709772088.3829193,1709772088.382926
8319,1709772088.4755893,1709772088.475597
8320,1709772088.5761077,1709772088.5761147
8321,1709772088.6795633,1709772088.6795707
8322,1709772088.7773218,1709772088.7773278
8323,1709772088.8750248,1709772088.8750298
8324,1709772088.9846394,1709772088.9846458
8325,1709772089.0776696,1709772089.077674
8326,1709772089.1819472,1709772089.1819515
8327,1709772089.2798584,1709772089.2798653
8328,1709772089.3814964,1709772089.3815026
8329,1709772089.475566,1709772089.4755714
8330,1709772089.5837295,1709772089.5837355
8331,1709772089.6789415,1709772089.6789467
8332,1709772089.7764347,1709772089.7764409
8333,1709772089.8756928,1709772089.8756993
8334,1709772089.97599,1709772089.975997
8335,1709772090.0826824,1709772090.0826883
8336,1709772090.186965,1709772090.1869733
8337,1709772090.2757084,1709772090.2757132
8338,1709772090.3844798,1709772090.3844843
8339,1709772090.4830418,1709772090.4830458
8340,1709772090.5834093,1709772090.5834148
8341,1709772090.678987,1709772090.6789932
8342,1709772090.777404,1709772090.77741
8343,1709772090.8753865,1709772090.8753922
8344,1709772090.9778442,1709772090.97785
8345,1709772091.0765991,1709772091.0766044
8346,1709772091.1753812,1709772091.175386
8347,1709772091.2792113,1709772091.2792172
8348,1709772091.3800063,1709772091.3800123
8349,1709772091.4818935,1709772091.4818988
8350,1709772091.580913,1709772091.5809186
8351,1709772091.6796703,1709772091.6796746
8352,1709772091.7786765,1709772091.7786818
8353,1709772091.8831642,1709772091.8831687
8354,1709772091.9758363,1709772091.9758425
8355,1709772092.0802674,1709772092.0802743
8356,1709772092.1835952,1709772092.1836014
8357,1709772092.2815907,1709772092.2815964
8358,1709772092.383627,1709772092.3836336
8359,1709772092.4810479,1709772092.4810543
8360,1709772092.5812938,1709772092.5813012
8361,1709772092.680995,1709772092.6810007
8362,1709772092.781313,1709772092.7813191
8363,1709772092.8811276,1709772092.8811343
8364,1709772092.9759686,1709772092.9759743
8365,1709772093.081612,1709772093.0816174
8366,1709772093.1833558,1709772093.1833625
8367,1709772093.2755475,1709772093.2755537
8368,1709772093.3826354,1709772093.3826423
8369,1709772093.4751682,1709772093.4751728
8370,1709772093.5795715,1709772093.5795758
8371,1709772093.6885197,1709772093.6885269
8372,1709772093.7773006,1709772093.777307
8373,1709772093.8756194,1709772093.875626
8374,1709772093.9801092,1709772093.9801157
8375,1709772094.0751975,1709772094.0752025
8376,1709772094.186254,1709772094.18626
8377,1709772094.2811618,1709772094.281168
8378,1709772094.3770225,1709772094.3770287
8379,1709772094.4752064,1709772094.4752116
8380,1709772094.5753112,1709772094.5753167
8381,1709772094.6851838,1709772094.6851907
8382,1709772094.7760615,1709772094.7760687
8383,1709772094.8798609,1709772094.8798668
8384,1709772094.9924607,1709772094.9924676
8385,1709772095.0853589,1709772095.085365
8386,1709772095.2014914,1709772095.2014992
8387,1709772095.283184,1709772095.283192
8388,1709772095.3844008,1709772095.3844075
8389,1709772095.4849207,1709772095.4849267
8390,1709772095.5770576,1709772095.5770628
8391,1709772095.6865463,1709772095.686552
8392,1709772095.778348,1709772095.7783527
8393,1709772095.8785508,1709772095.8785548
8394,1709772095.9823873,1709772095.9823945
8395,1709772096.0863252,1709772096.0863295
8396,1709772096.1828449,1709772096.1828492
8397,1709772096.2766435,1709772096.2766483
8398,1709772096.381155,1709772096.3811588
8399,1709772096.477952,1709772096.477958
8400,1709772096.575097,1709772096.5751035
8401,1709772096.6756692,1709772096.6756732
8402,1709772096.7805564,1709772096.7805634
8403,1709772096.8779006,1709772096.8779063
8404,1709772096.980532,1709772096.980539
8405,1709772097.081422,1709772097.0814288
8406,1709772097.1805425,1709772097.1805522
8407,1709772097.281398,1709772097.281405
8408,1709772097.375734,1709772097.37574
8409,1709772097.4759274,1709772097.4759328
8410,1709772097.5755749,1709772097.5755782
8411,1709772097.6756866,1709772097.675692
8412,1709772097.7763321,1709772097.7763383
8413,1709772097.8833017,1709772097.883309
8414,1709772097.985037,1709772097.9850445
8415,1709772098.075074,1709772098.0750804
8416,1709772098.1752062,1709772098.1752133
8417,1709772098.2770624,1709772098.2770686
8418,1709772098.375342,1709772098.3753483
8419,1709772098.4817684,1709772098.4817739
8420,1709772098.5827456,1709772098.582754
8421,1709772098.6768146,1709772098.6768205
8422,1709772098.775599,1709772098.7756054
8423,1709772098.8759184,1709772098.875924
8424,1709772098.975768,1709772098.9757748
8425,1709772099.0755873,1709772099.0755937
8426,1709772099.1753175,1709772099.1753216
8427,1709772099.2763135,1709772099.276319
8428,1709772099.3750498,1709772099.3750563
8429,1709772099.4754395,1709772099.475445
8430,1709772099.5758812,1709772099.575888
8431,1709772099.6773326,1709772099.6773398
8432,1709772099.7779589,1709772099.7779653
8433,1709772099.8774433,1709772099.8774505
8434,1709772099.9775255,1709772099.977533
8435,1709772100.0770433,1709772100.0770502
8436,1709772100.1750026,1709772100.1750097
8437,1709772100.2754817,1709772100.2754874
8438,1709772100.378683,1709772100.3786895
8439,1709772100.479032,1709772100.4790387
8440,1709772100.5754943,1709772100.5755012
8441,1709772100.6750953,1709772100.675101
8442,1709772100.7806985,1709772100.7807045
8443,1709772100.8776073,1709772100.877614
8444,1709772100.9770815,1709772100.9770885
8445,1709772101.0789518,1709772101.0789587
8446,1709772101.1822958,1709772101.1823018
8447,1709772101.275446,1709772101.275453
8448,1709772101.3767343,1709772101.3767395
8449,1709772101.474985,1709772101.4749928
8450,1709772101.5754733,1709772101.57548
8451,1709772101.6769152,1709772101.6769211
8452,1709772101.780582,1709772101.7805886
8453,1709772101.8797765,1709772101.879783
8454,1709772101.9793615,1709772101.9793687
8455,1709772102.079938,1709772102.0799446
8456,1709772102.1815548,1709772102.1815593
8457,1709772102.2860215,1709772102.2860272
8458,1709772102.3757746,1709772102.3757813
8459,1709772102.481779,1709772102.4817855
8460,1709772102.5836039,1709772102.5836103
8461,1709772102.6773877,1709772102.6773946
8462,1709772102.782712,1709772102.7827184
8463,1709772102.880147,1709772102.880155
8464,1709772102.9858902,1709772102.9858963
8465,1709772103.0834205,1709772103.0834265
8466,1709772103.1759458,1709772103.1759522
8467,1709772103.283117,1709772103.283122
8468,1709772103.385247,1709772103.385254
8469,1709772103.4824092,1709772103.4824145
8470,1709772103.5839794,1709772103.5840256
8471,1709772103.686758,1709772103.686764
8472,1709772103.7763987,1709772103.7764044
8473,1709772103.8854494,1709772103.8854566
8474,1709772103.9890509,1709772103.989059
8475,1709772104.0838678,1709772104.083876
8476,1709772104.2000852,1709772104.2000926
8477,1709772104.27611,1709772104.276116
8478,1709772104.3823102,1709772104.382317
8479,1709772104.481054,1709772104.4810603
8480,1709772104.5753574,1709772104.5753624
8481,1709772104.6758318,1709772104.6759212
8482,1709772104.7798164,1709772104.7799013
8483,1709772104.883117,1709772104.883158
8484,1709772104.9793823,1709772104.9794335
8485,1709772105.0785782,1709772105.078628
8486,1709772105.180448,1709772105.1805048
8487,1709772105.2789578,1709772105.2790382
8488,1709772105.3767126,1709772105.3767738
8489,1709772105.4772685,1709772105.4773173
8490,1709772105.5760407,1709772105.5761116
8491,1709772105.6766827,1709772105.6767633
8492,1709772105.7816668,1709772105.7817216
8493,1709772105.880369,1709772105.8804228
8494,1709772105.9787219,1709772105.9787714
8495,1709772106.0773115,1709772106.0773635
8496,1709772106.1809776,1709772106.1810632
8497,1709772106.277111,1709772106.2771506
8498,1709772106.3765278,1709772106.376582
8499,1709772106.481902,1709772106.4819453
8500,1709772106.5798457,1709772106.5798888
8501,1709772106.6755264,1709772106.675589
8502,1709772106.779424,1709772106.7796216
8503,1709772106.8786533,1709772106.8787434
8504,1709772106.9792664,1709772106.9793434
8505,1709772107.0763671,1709772107.0764582
8506,1709772107.1764507,1709772107.1765459
8507,1709772107.2819426,1709772107.2822206
8508,1709772107.3837094,1709772107.3837972
8509,1709772107.4787722,1709772107.4788616
8510,1709772107.5787373,1709772107.5788264
8511,1709772107.6798902,1709772107.679979
8512,1709772107.777425,1709772107.7775145
8513,1709772107.8889241,1709772107.889049
8514,1709772107.9821575,1709772107.9822443
8515,1709772108.0763013,1709772108.0770802
8516,1709772108.181654,1709772108.1817472
8517,1709772108.2861276,1709772108.2864404
8518,1709772108.3813763,1709772108.381454
8519,1709772108.4933937,1709772108.493458
8520,1709772108.5884075,1709772108.5884933
8521,1709772108.6785533,1709772108.678629
8522,1709772108.7789583,1709772108.7790105
8523,1709772108.8873549,1709772108.8874125
8524,1709772108.9832532,1709772108.9833183
8525,1709772109.0772538,1709772109.0773218
8526,1709772109.1788554,1709772109.1789289
8527,1709772109.2795007,1709772109.2795587
8528,1709772109.3750298,1709772109.3750858
8529,1709772109.47993,1709772109.4799783
8530,1709772109.5960824,1709772109.596172
8531,1709772109.6762025,1709772109.6762826
8532,1709772109.7761064,1709772109.7761939
8533,1709772109.8762107,1709772109.876294
8534,1709772109.9765189,1709772109.9767272
8535,1709772110.077641,1709772110.0777304
8536,1709772110.1795828,1709772110.179665
8537,1709772110.2795558,1709772110.2796404
8538,1709772110.3760314,1709772110.3760836
8539,1709772110.476368,1709772110.476411
8540,1709772110.5782685,1709772110.5783331
8541,1709772110.6764247,1709772110.6764739
8542,1709772110.7768414,1709772110.7769191
8543,1709772110.8851767,1709772110.8852227
8544,1709772110.9766643,1709772110.9767473
8545,1709772111.0775487,1709772111.0776494
8546,1709772111.2037685,1709772111.2038372
8547,1709772111.2786767,1709772111.2787628
8548,1709772111.3792198,1709772111.3793292
8549,1709772111.4749146,1709772111.4749866
8550,1709772111.5773292,1709772111.5773752
8551,1709772111.67488,1709772111.6749473
8552,1709772111.7778075,1709772111.7778666
8553,1709772111.878275,1709772111.8783638
8554,1709772111.9799616,1709772111.980029
8555,1709772112.0756073,1709772112.075672
8556,1709772112.1828823,1709772112.1829476
8557,1709772112.2758868,1709772112.2759376
8558,1709772112.3805013,1709772112.3805878
8559,1709772112.4770977,1709772112.477184
8560,1709772112.575141,1709772112.575229
8561,1709772112.6807363,1709772112.6807923
8562,1709772112.7876275,1709772112.7877192
8563,1709772112.8767521,1709772112.876824
8564,1709772112.9810674,1709772112.9811537
8565,1709772113.0817008,1709772113.0817902
8566,1709772113.1756067,1709772113.1756852
8567,1709772113.2786527,1709772113.2786596
8568,1709772113.3747373,1709772113.3747418
8569,1709772113.4763994,1709772113.4764068
8570,1709772113.581091,1709772113.5810974
8571,1709772113.6766536,1709772113.676659
8572,1709772113.7778919,1709772113.7778978
8573,1709772113.8823907,1709772113.8823981
8574,1709772113.9802878,1709772113.9802952
8575,1709772114.0763881,1709772114.0763953
8576,1709772114.1802113,1709772114.1802194
8577,1709772114.2796314,1709772114.2796388
8578,1709772114.3780687,1709772114.3780758
8579,1709772114.4792364,1709772114.4792433
8580,1709772114.5812535,1709772114.581262
8581,1709772114.6767435,1709772114.6767483
8582,1709772114.7801018,1709772114.7801092
8583,1709772114.883566,1709772114.8835728
8584,1709772114.9778657,1709772114.9778717
8585,1709772115.0815797,1709772115.0815854
8586,1709772115.1792905,1709772115.1792986
8587,1709772115.2777462,1709772115.2835226
8588,1709772115.380894,1709772115.387177
8589,1709772115.4800036,1709772115.4880855
8590,1709772115.578913,1709772115.5865548
8591,1709772115.6751559,1709772115.6804345
8592,1709772115.7792218,1709772115.784699
8593,1709772115.878419,1709772115.8849688
8594,1709772115.9832635,1709772115.9891186
8595,1709772116.0801945,1709772116.0845237
8596,1709772116.1794262,1709772116.1838782
8597,1709772116.2799606,1709772116.2848978
8598,1709772116.3826442,1709772116.3902004
8599,1709772116.4785872,1709772116.4892972
8600,1709772116.5796769,1709772116.585087
8601,1709772116.6818125,1709772116.6875412
8602,1709772116.7823188,1709772116.7877681
8603,1709772116.8815515,1709772116.886822
8604,1709772116.9793804,1709772116.9862669
8605,1709772117.0803177,1709772117.0863483
8606,1709772117.1825118,1709772117.1872318
8607,1709772117.278598,1709772117.286117
8608,1709772117.388649,1709772117.394825
8609,1709772117.4828258,1709772117.488333
8610,1709772117.584316,1709772117.590465
8611,1709772117.676183,1709772117.6818333
8612,1709772117.7785304,1709772117.7841809
8613,1709772117.884896,1709772117.8931255
8614,1709772117.980389,1709772117.9869373
8615,1709772118.0815597,1709772118.0878444
8616,1709772118.1764278,1709772118.181041
8617,1709772118.2976155,1709772118.3017466
8618,1709772118.382095,1709772118.3882813
8619,1709772118.483292,1709772118.48885
8620,1709772118.5825996,1709772118.5876515
8621,1709772118.6886046,1709772118.6944716
8622,1709772118.7799523,1709772118.786998
8623,1709772118.8828573,1709772118.888037
8624,1709772118.9756794,1709772118.980785
8625,1709772119.0760648,1709772119.0816271
8626,1709772119.1819165,1709772119.1867926
8627,1709772119.2759802,1709772119.2836246
8628,1709772119.3812954,1709772119.3851678
8629,1709772119.4781606,1709772119.484698
8630,1709772119.5795166,1709772119.5842319
8631,1709772119.6783683,1709772119.6842964
8632,1709772119.7851667,1709772119.7921877
8633,1709772119.8755085,1709772119.8801398
8634,1709772119.9847028,1709772119.991706
8635,1709772120.082989,1709772120.0897949
8636,1709772120.1823661,1709772120.187903
8637,1709772120.2834883,1709772120.2891605
8638,1709772120.3833966,1709772120.383403
8639,1709772120.4969413,1709772120.4969482
8640,1709772120.5833359,1709772120.5833418
8641,1709772120.6751683,1709772120.6751742
8642,1709772120.7756577,1709772120.7756624
8643,1709772120.8822973,1709772120.882303
8644,1709772120.9758658,1709772120.9758704
8645,1709772121.075429,1709772121.0754387
8646,1709772121.1808918,1709772121.1808975
8647,1709772121.282084,1709772121.2820914
8648,1709772121.3818853,1709772121.3818915
8649,1709772121.476501,1709772121.4765456
8650,1709772121.5822272,1709772121.5822332
8651,1709772121.6793616,1709772121.6793656
8652,1709772121.7779572,1709772121.7780163
8653,1709772121.876109,1709772121.876115
8654,1709772121.9783995,1709772121.9784064
8655,1709772122.0859065,1709772122.085912
8656,1709772122.1785848,1709772122.178591
8657,1709772122.2824779,1709772122.2824838
8658,1709772122.3778157,1709772122.3778217
8659,1709772122.4835992,1709772122.4836066
8660,1709772122.578418,1709772122.5784228
8661,1709772122.682737,1709772122.6827426
8662,1709772122.7819202,1709772122.781924
8663,1709772122.8790998,1709772122.8791065
8664,1709772122.9788222,1709772122.9788299
8665,1709772123.0805964,1709772123.0806026
8666,1709772123.1787488,1709772123.1787527
8667,1709772123.2799563,1709772123.279962
8668,1709772123.3833866,1709772123.3833902
8669,1709772123.4790125,1709772123.4790199
8670,1709772123.5855973,1709772123.5856042
8671,1709772123.6820421,1709772123.6820471
8672,1709772123.7757072,1709772123.7757127
8673,1709772123.8840764,1709772123.8840828
8674,1709772123.9825132,1709772123.9825184
8675,1709772124.081979,1709772124.0819855
8676,1709772124.1784487,1709772124.1784549
8677,1709772124.2837756,1709772124.2837815
8678,1709772124.3796282,1709772124.3796325
8679,1709772124.479544,1709772124.4795496
8680,1709772124.5844402,1709772124.5844462
8681,1709772124.6752646,1709772124.6752703
8682,1709772124.7763,1709772124.776306
8683,1709772124.87971,1709772124.879714
8684,1709772124.97705,1709772124.9770558
8685,1709772125.0833642,1709772125.0833678
8686,1709772125.1787746,1709772125.1787806
8687,1709772125.2851105,1709772125.285117
8688,1709772125.3758512,1709772125.3758576
8689,1709772125.505455,1709772125.5054593
8690,1709772125.5845675,1709772125.584574
8691,1709772125.6804607,1709772125.6804652
8692,1709772125.777707,1709772125.777713
8693,1709772125.8753252,1709772125.8753302
8694,1709772125.975591,1709772125.975596
8695,1709772126.087213,1709772126.0872188
8696,1709772126.17797,1709772126.177976
8697,1709772126.2799616,1709772126.2799683
8698,1709772126.381178,1709772126.3811843
8699,1709772126.4876876,1709772126.4876945
8700,1709772126.5795763,1709772126.579632
8701,1709772126.6816394,1709772126.6816459
8702,1709772126.7876825,1709772126.787691
8703,1709772126.877551,1709772126.8775568
8704,1709772126.978382,1709772126.9783864
8705,1709772127.0753796,1709772127.0753853
8706,1709772127.1752336,1709772127.1752403
8707,1709772127.2751443,1709772127.2751486
8708,1709772127.3758125,1709772127.3758204
8709,1709772127.4819605,1709772127.4819667
8710,1709772127.5748527,1709772127.574858
8711,1709772127.6805828,1709772127.6805892
8712,1709772127.7797544,1709772127.779761
8713,1709772127.879127,1709772127.8791308
8714,1709772127.9862897,1709772127.9862947
8715,1709772128.0787284,1709772128.0787342
8716,1709772128.1801078,1709772128.180114
8717,1709772128.2889175,1709772128.288924
8718,1709772128.38302,1709772128.3830235
8719,1709772128.4802237,1709772128.48023
8720,1709772128.5791159,1709772128.5791214
8721,1709772128.686953,1709772128.6869586
8722,1709772128.7854195,1709772128.785423
8723,1709772128.8897977,1709772128.8898032
8724,1709772128.9876006,1709772128.9876072
8725,1709772129.0801098,1709772129.0801172
8726,1709772129.183191,1709772129.183199
8727,1709772129.283696,1709772129.2837005
8728,1709772129.3790448,1709772129.3790524
8729,1709772129.4831574,1709772129.4831643
8730,1709772129.5868816,1709772129.586888
8731,1709772129.6877522,1709772129.6877594
8732,1709772129.783498,1709772129.7835054
8733,1709772129.8819256,1709772129.881934
8734,1709772129.9856842,1709772129.9856915
8735,1709772130.084598,1709772130.0846035
8736,1709772130.1942823,1709772130.194288
8737,1709772130.2887025,1709772130.2887092
8738,1709772130.3797712,1709772130.3797789
8739,1709772130.4923444,1709772130.492349
8740,1709772130.5840118,1709772130.5840194
8741,1709772130.677947,1709772130.677954
8742,1709772130.7897706,1709772130.7897763
8743,1709772130.8866913,1709772130.886697
8744,1709772130.984781,1709772130.9848056
8745,1709772131.0838,1709772131.0838058
8746,1709772131.1816797,1709772131.1816862
8747,1709772131.2880373,1709772131.288043
8748,1709772131.3772035,1709772131.3772104
8749,1709772131.4825532,1709772131.4825592
8750,1709772131.580842,1709772131.5808482
8751,1709772131.688621,1709772131.6886282
8752,1709772131.7814958,1709772131.7815032
8753,1709772131.879005,1709772131.8790112
8754,1709772131.9843545,1709772131.9843636
8755,1709772132.0904574,1709772132.090463
8756,1709772132.189086,1709772132.1890922
8757,1709772132.2812436,1709772132.2812493
8758,1709772132.385227,1709772132.3852327
8759,1709772132.4803643,1709772132.480371
8760,1709772132.6034832,1709772132.6034899
8761,1709772132.6780405,1709772132.678047
8762,1709772132.7817533,1709772132.7817616
8763,1709772132.8787162,1709772132.8787222
8764,1709772132.9836547,1709772132.9836612
8765,1709772133.0811217,1709772133.0811281
8766,1709772133.1804407,1709772133.1804469
8767,1709772133.2840333,1709772133.2840402
8768,1709772133.3819985,1709772133.382005
8769,1709772133.4809186,1709772133.4809246
8770,1709772133.5796232,1709772133.5796297
8771,1709772133.6788776,1709772133.6788862
8772,1709772133.786432,1709772133.7864373
8773,1709772133.8791764,1709772133.87919
8774,1709772133.9839747,1709772133.9839802
8775,1709772134.075122,1709772134.0751283
8776,1709772134.1807346,1709772134.180741
8777,1709772134.281785,1709772134.2817914
8778,1709772134.3838067,1709772134.3838124
8779,1709772134.4817584,1709772134.4855404
8780,1709772134.576206,1709772134.580337
8781,1709772134.6882455,1709772134.6939797
8782,1709772134.7871034,1709772134.7927077
8783,1709772134.8797994,1709772134.8859854
8784,1709772134.9772477,1709772134.9818115
8785,1709772135.076746,1709772135.0800195
8786,1709772135.1915987,1709772135.1988184
8787,1709772135.275938,1709772135.2827597
8788,1709772135.3868191,1709772135.3929992
8789,1709772135.480649,1709772135.4838881
8790,1709772135.5876362,1709772135.5932379
8791,1709772135.6875272,1709772135.694457
8792,1709772135.7837613,1709772135.7895768
8793,1709772135.8854349,1709772135.8907714
8794,1709772135.9899232,1709772135.9949925
8795,1709772136.081083,1709772136.087132
8796,1709772136.183476,1709772136.1881251
8797,1709772136.279556,1709772136.2845054
8798,1709772136.382348,1709772136.3871922
8799,1709772136.4808636,1709772136.4846284
8800,1709772136.5817904,1709772136.5867274
8801,1709772136.6842186,1709772136.6899729
8802,1709772136.7826054,1709772136.787647
8803,1709772136.884972,1709772136.8913007
8804,1709772136.9763103,1709772136.9839303
8805,1709772137.0801182,1709772137.085688
8806,1709772137.1847591,1709772137.1902754
8807,1709772137.2821326,1709772137.287762
8808,1709772137.3796608,1709772137.3843813
8809,1709772137.4856179,1709772137.4915714
8810,1709772137.5931299,1709772137.598626
8811,1709772137.677209,1709772137.682884
8812,1709772137.781134,1709772137.785807
8813,1709772137.8775022,1709772137.883383
8814,1709772137.9802637,1709772137.9837203
8815,1709772138.0912476,1709772138.0969276
8816,1709772138.1786978,1709772138.1836932
8817,1709772138.2780628,1709772138.2833545
8818,1709772138.3792384,1709772138.3833416
8819,1709772138.4790626,1709772138.4869153
8820,1709772138.585368,1709772138.5928636
8821,1709772138.6803105,1709772138.6836483
8822,1709772138.7752564,1709772138.7817771
8823,1709772138.8799927,1709772138.8877983
8824,1709772138.993511,1709772139.0002801
8825,1709772139.0908546,1709772139.095786
8826,1709772139.175371,1709772139.181259
8827,1709772139.2777689,1709772139.2818584
8828,1709772139.3796842,1709772139.3848372
8829,1709772139.4800167,1709772139.485096
8830,1709772139.6143506,1709772139.6199741
8831,1709772139.6847186,1709772139.6921837
8832,1709772139.7756147,1709772139.7819958
8833,1709772139.881255,1709772139.8867304
8834,1709772139.9754832,1709772139.9795098
8835,1709772140.078258,1709772140.0837486
8836,1709772140.1858284,1709772140.1911561
8837,1709772140.2801406,1709772140.2858906
8838,1709772140.3755465,1709772140.3787572
8839,1709772140.4753776,1709772140.4801674
8840,1709772140.5804954,1709772140.585565
8841,1709772140.6812673,1709772140.6868703
8842,1709772140.7796338,1709772140.7847145
8843,1709772140.8755784,1709772140.8807771
8844,1709772140.9824996,1709772140.9876747
8845,1709772141.080994,1709772141.0868483
8846,1709772141.1786258,1709772141.187271
8847,1709772141.275704,1709772141.2814097
8848,1709772141.3757117,1709772141.3810601
8849,1709772141.480475,1709772141.4865332
8850,1709772141.585559,1709772141.585567
8851,1709772141.6845245,1709772141.68453
8852,1709772141.7779589,1709772141.7779663
8853,1709772141.88122,1709772141.8812256
8854,1709772141.9823997,1709772141.9824035
8855,1709772142.0777307,1709772142.0777352
8856,1709772142.184754,1709772142.184818
8857,1709772142.276249,1709772142.2762532
8858,1709772142.3765035,1709772142.3765094
8859,1709772142.480592,1709772142.480596
8860,1709772142.5766656,1709772142.5766878
8861,1709772142.6756914,1709772142.6756964
8862,1709772142.7770665,1709772142.7770705
8863,1709772142.8829286,1709772142.8829348
8864,1709772142.9833283,1709772142.9833338
8865,1709772143.0814364,1709772143.081443
8866,1709772143.1853476,1709772143.1853545
8867,1709772143.280607,1709772143.2806113
8868,1709772143.3837981,1709772143.3838043
8869,1709772143.4862285,1709772143.4862366
8870,1709772143.5818183,1709772143.5818245
8871,1709772143.6795464,1709772143.6795528
8872,1709772143.7790923,1709772143.779098
8873,1709772143.8814158,1709772143.8814216
8874,1709772143.9831386,1709772143.9831452
8875,1709772144.0843265,1709772144.0843327
8876,1709772144.1778588,1709772144.1778646
8877,1709772144.2781436,1709772144.2781482
8878,1709772144.3780982,1709772144.3781028
8879,1709772144.4780588,1709772144.4780645
8880,1709772144.5768347,1709772144.576841
8881,1709772144.6772246,1709772144.6772308
8882,1709772144.7802603,1709772144.780266
8883,1709772144.8803043,1709772144.8803103
8884,1709772144.9794185,1709772144.9794242
8885,1709772145.0802097,1709772145.0802157
8886,1709772145.1756585,1709772145.1756654
8887,1709772145.2755783,1709772145.275584
8888,1709772145.381625,1709772145.3816323
8889,1709772145.478497,1709772145.4785025
8890,1709772145.575139,1709772145.5751429
8891,1709772145.67585,1709772145.6758552
8892,1709772145.7790573,1709772145.7790608
8893,1709772145.8827288,1709772145.8827353
8894,1709772145.9804535,1709772145.9804585
8895,1709772146.0852075,1709772146.085214
8896,1709772146.1774595,1709772146.1774666
8897,1709772146.2847025,1709772146.284709
8898,1709772146.3758419,1709772146.375847
8899,1709772146.4816382,1709772146.4816453
8900,1709772146.5754929,1709772146.575499
8901,1709772146.681495,1709772146.6815002
8902,1709772146.7780073,1709772146.778013
8903,1709772146.8783467,1709772146.8783512
8904,1709772146.9799225,1709772146.9799328
8905,1709772147.0791233,1709772147.0791264
8906,1709772147.18126,1709772147.181269
8907,1709772147.2767599,1709772147.2767653
8908,1709772147.3770661,1709772147.3770726
8909,1709772147.4795957,1709772147.4796016
8910,1709772147.5861588,1709772147.586165
8911,1709772147.681373,1709772147.6813788
8912,1709772147.7756684,1709772147.7756746
8913,1709772147.8804288,1709772147.880435
8914,1709772147.9763007,1709772147.976305
8915,1709772148.075879,1709772148.0758853
8916,1709772148.1812222,1709772148.1812313
8917,1709772148.2758873,1709772148.2758913
8918,1709772148.3936443,1709772148.3936508
8919,1709772148.476523,1709772148.4765265
8920,1709772148.5829163,1709772148.5829225
8921,1709772148.6831043,1709772148.6831126
8922,1709772148.7829006,1709772148.782908
8923,1709772148.8809729,1709772148.8809786
8924,1709772148.9789627,1709772148.9789686
8925,1709772149.078066,1709772149.0780737
8926,1709772149.1790755,1709772149.179082
8927,1709772149.2754192,1709772149.2754254
8928,1709772149.3806906,1709772149.380697
8929,1709772149.4751945,1709772149.4751997
8930,1709772149.5775275,1709772149.5775332
8931,1709772149.674893,1709772149.6748972
8932,1709772149.7805674,1709772149.780579
8933,1709772149.8754344,1709772149.8754392
8934,1709772149.9756525,1709772149.9756582
8935,1709772150.0785265,1709772150.0785332
8936,1709772150.184089,1709772150.184095
8937,1709772150.2757258,1709772150.2757301
8938,1709772150.3819087,1709772150.3819144
8939,1709772150.481103,1709772150.4811084
8940,1709772150.5790722,1709772150.5790799
8941,1709772150.6754284,1709772150.6754353
8942,1709772150.7935793,1709772150.7935858
8943,1709772150.8832123,1709772150.8832228
8944,1709772150.9848626,1709772150.9848707
8945,1709772151.0783057,1709772151.0783107
8946,1709772151.1751223,1709772151.175129
8947,1709772151.2825897,1709772151.2825959
8948,1709772151.3807592,1709772151.3807633
8949,1709772151.4836252,1709772151.4836295
8950,1709772151.5825713,1709772151.5825777
8951,1709772151.7078736,1709772151.7078805
8952,1709772151.7810445,1709772151.7810507
8953,1709772151.878083,1709772151.8780873
8954,1709772151.9860632,1709772151.9860692
8955,1709772152.0771396,1709772152.0771458
8956,1709772152.176352,1709772152.176358
8957,1709772152.2864642,1709772152.286471
8958,1709772152.3756208,1709772152.375626
8959,1709772152.4811196,1709772152.4811242
8960,1709772152.591707,1709772152.591714
8961,1709772152.6804886,1709772152.6804943
8962,1709772152.7803235,1709772152.7803297
8963,1709772152.8875372,1709772152.8875432
8964,1709772152.9831064,1709772152.9831123
8965,1709772153.08043,1709772153.0804365
8966,1709772153.1944299,1709772153.194436
8967,1709772153.282254,1709772153.28226
8968,1709772153.3810966,1709772153.3811023
8969,1709772153.6066887,1709772153.6066957
8970,1709772153.6754143,1709772153.6754189
