[4.198s] DEBUG:colcon:Command line arguments: ['/usr/bin/colcon', 'build', '--packages-select', 'onecim', '--symlink-install']
[4.198s] DEBUG:colcon:Parsed command line arguments: Namespace(allow_overriding=[], ament_cmake_args=None, base_paths=['.'], build_base='build', catkin_cmake_args=None, catkin_skip_building_tests=False, cmake_args=None, cmake_clean_cache=False, cmake_clean_first=False, cmake_force_configure=False, cmake_target=None, cmake_target_skip_unavailable=False, continue_on_error=False, event_handlers=None, executor='parallel', ignore_user_meta=False, install_base='install', log_base=None, log_level=None, main=<bound method BuildVerb.main of <colcon_core.verb.build.BuildVerb object at 0x7fe0d30c4790>>, merge_install=False, metas=['./colcon.meta'], packages_above=None, packages_above_and_dependencies=None, packages_above_depth=None, packages_end=None, packages_ignore=None, packages_ignore_regex=None, packages_select=['onecim'], packages_select_build_failed=False, packages_select_by_dep=None, packages_select_regex=None, packages_select_test_failures=False, packages_skip=None, packages_skip_build_finished=False, packages_skip_by_dep=None, packages_skip_regex=None, packages_skip_test_passed=False, packages_skip_up_to=None, packages_start=None, packages_up_to=None, packages_up_to_regex=None, parallel_workers=8, paths=None, symlink_install=True, test_result_base=None, verb_extension=<colcon_core.verb.build.BuildVerb object at 0x7fe0d30c4790>, verb_name='build', verb_parser=<colcon_defaults.argument_parser.defaults.DefaultArgumentsDecorator object at 0x7fe0d2fcea60>)
[4.378s] Level 1:colcon.colcon_core.package_discovery:discover_packages(colcon_meta) check parameters
[4.378s] Level 1:colcon.colcon_core.package_discovery:discover_packages(recursive) check parameters
[4.378s] Level 1:colcon.colcon_core.package_discovery:discover_packages(ignore) check parameters
[4.378s] Level 1:colcon.colcon_core.package_discovery:discover_packages(path) check parameters
[4.379s] Level 1:colcon.colcon_core.package_discovery:discover_packages(colcon_meta) discover
[4.379s] Level 1:colcon.colcon_core.package_discovery:discover_packages(recursive) discover
[4.379s] INFO:colcon.colcon_core.package_discovery:Crawling recursively for packages in '/home/babangida/ros_ws'
[4.379s] Level 1:colcon.colcon_core.package_identification:_identify(.) by extensions ['ignore', 'ignore_ament_install']
[4.379s] Level 1:colcon.colcon_core.package_identification:_identify(.) by extension 'ignore'
[4.379s] Level 1:colcon.colcon_core.package_identification:_identify(.) by extension 'ignore_ament_install'
[4.379s] Level 1:colcon.colcon_core.package_identification:_identify(.) by extensions ['colcon_pkg']
[4.379s] Level 1:colcon.colcon_core.package_identification:_identify(.) by extension 'colcon_pkg'
[4.379s] Level 1:colcon.colcon_core.package_identification:_identify(.) by extensions ['colcon_meta']
[4.379s] Level 1:colcon.colcon_core.package_identification:_identify(.) by extension 'colcon_meta'
[4.379s] Level 1:colcon.colcon_core.package_identification:_identify(.) by extensions ['ros']
[4.379s] Level 1:colcon.colcon_core.package_identification:_identify(.) by extension 'ros'
[4.399s] Level 1:colcon.colcon_core.package_identification:_identify(.) by extensions ['cmake', 'python']
[4.399s] Level 1:colcon.colcon_core.package_identification:_identify(.) by extension 'cmake'
[4.400s] Level 1:colcon.colcon_core.package_identification:_identify(.) by extension 'python'
[4.400s] Level 1:colcon.colcon_core.package_identification:_identify(.) by extensions ['python_setup_py']
[4.400s] Level 1:colcon.colcon_core.package_identification:_identify(.) by extension 'python_setup_py'
[4.400s] Level 1:colcon.colcon_core.package_identification:_identify(InitialSim) by extensions ['ignore', 'ignore_ament_install']
[4.400s] Level 1:colcon.colcon_core.package_identification:_identify(InitialSim) by extension 'ignore'
[4.400s] Level 1:colcon.colcon_core.package_identification:_identify(InitialSim) by extension 'ignore_ament_install'
[4.400s] Level 1:colcon.colcon_core.package_identification:_identify(InitialSim) by extensions ['colcon_pkg']
[4.400s] Level 1:colcon.colcon_core.package_identification:_identify(InitialSim) by extension 'colcon_pkg'
[4.401s] Level 1:colcon.colcon_core.package_identification:_identify(InitialSim) by extensions ['colcon_meta']
[4.401s] Level 1:colcon.colcon_core.package_identification:_identify(InitialSim) by extension 'colcon_meta'
[4.401s] Level 1:colcon.colcon_core.package_identification:_identify(InitialSim) by extensions ['ros']
[4.401s] Level 1:colcon.colcon_core.package_identification:_identify(InitialSim) by extension 'ros'
[4.401s] Level 1:colcon.colcon_core.package_identification:_identify(InitialSim) by extensions ['cmake', 'python']
[4.401s] Level 1:colcon.colcon_core.package_identification:_identify(InitialSim) by extension 'cmake'
[4.401s] Level 1:colcon.colcon_core.package_identification:_identify(InitialSim) by extension 'python'
[4.401s] Level 1:colcon.colcon_core.package_identification:_identify(InitialSim) by extensions ['python_setup_py']
[4.401s] Level 1:colcon.colcon_core.package_identification:_identify(InitialSim) by extension 'python_setup_py'
[4.401s] Level 1:colcon.colcon_core.package_identification:_identify(InitialSim/Results) by extensions ['ignore', 'ignore_ament_install']
[4.402s] Level 1:colcon.colcon_core.package_identification:_identify(InitialSim/Results) by extension 'ignore'
[4.402s] Level 1:colcon.colcon_core.package_identification:_identify(InitialSim/Results) by extension 'ignore_ament_install'
[4.402s] Level 1:colcon.colcon_core.package_identification:_identify(InitialSim/Results) by extensions ['colcon_pkg']
[4.402s] Level 1:colcon.colcon_core.package_identification:_identify(InitialSim/Results) by extension 'colcon_pkg'
[4.402s] Level 1:colcon.colcon_core.package_identification:_identify(InitialSim/Results) by extensions ['colcon_meta']
[4.402s] Level 1:colcon.colcon_core.package_identification:_identify(InitialSim/Results) by extension 'colcon_meta'
[4.402s] Level 1:colcon.colcon_core.package_identification:_identify(InitialSim/Results) by extensions ['ros']
[4.402s] Level 1:colcon.colcon_core.package_identification:_identify(InitialSim/Results) by extension 'ros'
[4.402s] Level 1:colcon.colcon_core.package_identification:_identify(InitialSim/Results) by extensions ['cmake', 'python']
[4.402s] Level 1:colcon.colcon_core.package_identification:_identify(InitialSim/Results) by extension 'cmake'
[4.402s] Level 1:colcon.colcon_core.package_identification:_identify(InitialSim/Results) by extension 'python'
[4.403s] Level 1:colcon.colcon_core.package_identification:_identify(InitialSim/Results) by extensions ['python_setup_py']
[4.403s] Level 1:colcon.colcon_core.package_identification:_identify(InitialSim/Results) by extension 'python_setup_py'
[4.403s] Level 1:colcon.colcon_core.package_identification:_identify(InitialSim/tenVehs) by extensions ['ignore', 'ignore_ament_install']
[4.403s] Level 1:colcon.colcon_core.package_identification:_identify(InitialSim/tenVehs) by extension 'ignore'
[4.403s] Level 1:colcon.colcon_core.package_identification:_identify(InitialSim/tenVehs) by extension 'ignore_ament_install'
[4.403s] Level 1:colcon.colcon_core.package_identification:_identify(InitialSim/tenVehs) by extensions ['colcon_pkg']
[4.403s] Level 1:colcon.colcon_core.package_identification:_identify(InitialSim/tenVehs) by extension 'colcon_pkg'
[4.403s] Level 1:colcon.colcon_core.package_identification:_identify(InitialSim/tenVehs) by extensions ['colcon_meta']
[4.403s] Level 1:colcon.colcon_core.package_identification:_identify(InitialSim/tenVehs) by extension 'colcon_meta'
[4.404s] Level 1:colcon.colcon_core.package_identification:_identify(InitialSim/tenVehs) by extensions ['ros']
[4.404s] Level 1:colcon.colcon_core.package_identification:_identify(InitialSim/tenVehs) by extension 'ros'
[4.404s] Level 1:colcon.colcon_core.package_identification:_identify(InitialSim/tenVehs) by extensions ['cmake', 'python']
[4.404s] Level 1:colcon.colcon_core.package_identification:_identify(InitialSim/tenVehs) by extension 'cmake'
[4.404s] Level 1:colcon.colcon_core.package_identification:_identify(InitialSim/tenVehs) by extension 'python'
[4.404s] Level 1:colcon.colcon_core.package_identification:_identify(InitialSim/tenVehs) by extensions ['python_setup_py']
[4.404s] Level 1:colcon.colcon_core.package_identification:_identify(InitialSim/tenVehs) by extension 'python_setup_py'
[4.404s] Level 1:colcon.colcon_core.package_identification:_identify(InitialSim/thirtyVehs) by extensions ['ignore', 'ignore_ament_install']
[4.404s] Level 1:colcon.colcon_core.package_identification:_identify(InitialSim/thirtyVehs) by extension 'ignore'
[4.404s] Level 1:colcon.colcon_core.package_identification:_identify(InitialSim/thirtyVehs) by extension 'ignore_ament_install'
[4.405s] Level 1:colcon.colcon_core.package_identification:_identify(InitialSim/thirtyVehs) by extensions ['colcon_pkg']
[4.405s] Level 1:colcon.colcon_core.package_identification:_identify(InitialSim/thirtyVehs) by extension 'colcon_pkg'
[4.405s] Level 1:colcon.colcon_core.package_identification:_identify(InitialSim/thirtyVehs) by extensions ['colcon_meta']
[4.405s] Level 1:colcon.colcon_core.package_identification:_identify(InitialSim/thirtyVehs) by extension 'colcon_meta'
[4.405s] Level 1:colcon.colcon_core.package_identification:_identify(InitialSim/thirtyVehs) by extensions ['ros']
[4.405s] Level 1:colcon.colcon_core.package_identification:_identify(InitialSim/thirtyVehs) by extension 'ros'
[4.405s] Level 1:colcon.colcon_core.package_identification:_identify(InitialSim/thirtyVehs) by extensions ['cmake', 'python']
[4.405s] Level 1:colcon.colcon_core.package_identification:_identify(InitialSim/thirtyVehs) by extension 'cmake'
[4.405s] Level 1:colcon.colcon_core.package_identification:_identify(InitialSim/thirtyVehs) by extension 'python'
[4.405s] Level 1:colcon.colcon_core.package_identification:_identify(InitialSim/thirtyVehs) by extensions ['python_setup_py']
[4.405s] Level 1:colcon.colcon_core.package_identification:_identify(InitialSim/thirtyVehs) by extension 'python_setup_py'
[4.406s] Level 1:colcon.colcon_core.package_identification:_identify(InitialSim/twoVehs) by extensions ['ignore', 'ignore_ament_install']
[4.406s] Level 1:colcon.colcon_core.package_identification:_identify(InitialSim/twoVehs) by extension 'ignore'
[4.406s] Level 1:colcon.colcon_core.package_identification:_identify(InitialSim/twoVehs) by extension 'ignore_ament_install'
[4.406s] Level 1:colcon.colcon_core.package_identification:_identify(InitialSim/twoVehs) by extensions ['colcon_pkg']
[4.406s] Level 1:colcon.colcon_core.package_identification:_identify(InitialSim/twoVehs) by extension 'colcon_pkg'
[4.406s] Level 1:colcon.colcon_core.package_identification:_identify(InitialSim/twoVehs) by extensions ['colcon_meta']
[4.406s] Level 1:colcon.colcon_core.package_identification:_identify(InitialSim/twoVehs) by extension 'colcon_meta'
[4.406s] Level 1:colcon.colcon_core.package_identification:_identify(InitialSim/twoVehs) by extensions ['ros']
[4.406s] Level 1:colcon.colcon_core.package_identification:_identify(InitialSim/twoVehs) by extension 'ros'
[4.406s] Level 1:colcon.colcon_core.package_identification:_identify(InitialSim/twoVehs) by extensions ['cmake', 'python']
[4.406s] Level 1:colcon.colcon_core.package_identification:_identify(InitialSim/twoVehs) by extension 'cmake'
[4.406s] Level 1:colcon.colcon_core.package_identification:_identify(InitialSim/twoVehs) by extension 'python'
[4.406s] Level 1:colcon.colcon_core.package_identification:_identify(InitialSim/twoVehs) by extensions ['python_setup_py']
[4.406s] Level 1:colcon.colcon_core.package_identification:_identify(InitialSim/twoVehs) by extension 'python_setup_py'
[4.407s] Level 1:colcon.colcon_core.package_identification:_identify(New folder) by extensions ['ignore', 'ignore_ament_install']
[4.407s] Level 1:colcon.colcon_core.package_identification:_identify(New folder) by extension 'ignore'
[4.407s] Level 1:colcon.colcon_core.package_identification:_identify(New folder) by extension 'ignore_ament_install'
[4.407s] Level 1:colcon.colcon_core.package_identification:_identify(New folder) by extensions ['colcon_pkg']
[4.407s] Level 1:colcon.colcon_core.package_identification:_identify(New folder) by extension 'colcon_pkg'
[4.407s] Level 1:colcon.colcon_core.package_identification:_identify(New folder) by extensions ['colcon_meta']
[4.407s] Level 1:colcon.colcon_core.package_identification:_identify(New folder) by extension 'colcon_meta'
[4.407s] Level 1:colcon.colcon_core.package_identification:_identify(New folder) by extensions ['ros']
[4.407s] Level 1:colcon.colcon_core.package_identification:_identify(New folder) by extension 'ros'
[4.407s] Level 1:colcon.colcon_core.package_identification:_identify(New folder) by extensions ['cmake', 'python']
[4.407s] Level 1:colcon.colcon_core.package_identification:_identify(New folder) by extension 'cmake'
[4.408s] Level 1:colcon.colcon_core.package_identification:_identify(New folder) by extension 'python'
[4.408s] Level 1:colcon.colcon_core.package_identification:_identify(New folder) by extensions ['python_setup_py']
[4.408s] Level 1:colcon.colcon_core.package_identification:_identify(New folder) by extension 'python_setup_py'
[4.408s] Level 1:colcon.colcon_core.package_identification:_identify(Results) by extensions ['ignore', 'ignore_ament_install']
[4.408s] Level 1:colcon.colcon_core.package_identification:_identify(Results) by extension 'ignore'
[4.408s] Level 1:colcon.colcon_core.package_identification:_identify(Results) by extension 'ignore_ament_install'
[4.408s] Level 1:colcon.colcon_core.package_identification:_identify(Results) by extensions ['colcon_pkg']
[4.408s] Level 1:colcon.colcon_core.package_identification:_identify(Results) by extension 'colcon_pkg'
[4.408s] Level 1:colcon.colcon_core.package_identification:_identify(Results) by extensions ['colcon_meta']
[4.408s] Level 1:colcon.colcon_core.package_identification:_identify(Results) by extension 'colcon_meta'
[4.408s] Level 1:colcon.colcon_core.package_identification:_identify(Results) by extensions ['ros']
[4.408s] Level 1:colcon.colcon_core.package_identification:_identify(Results) by extension 'ros'
[4.409s] Level 1:colcon.colcon_core.package_identification:_identify(Results) by extensions ['cmake', 'python']
[4.409s] Level 1:colcon.colcon_core.package_identification:_identify(Results) by extension 'cmake'
[4.409s] Level 1:colcon.colcon_core.package_identification:_identify(Results) by extension 'python'
[4.409s] Level 1:colcon.colcon_core.package_identification:_identify(Results) by extensions ['python_setup_py']
[4.409s] Level 1:colcon.colcon_core.package_identification:_identify(Results) by extension 'python_setup_py'
[4.409s] Level 1:colcon.colcon_core.package_identification:_identify(build) by extensions ['ignore', 'ignore_ament_install']
[4.409s] Level 1:colcon.colcon_core.package_identification:_identify(build) by extension 'ignore'
[4.409s] Level 1:colcon.colcon_core.package_identification:_identify(build) ignored
[4.409s] Level 1:colcon.colcon_core.package_identification:_identify(fifteenVehs) by extensions ['ignore', 'ignore_ament_install']
[4.410s] Level 1:colcon.colcon_core.package_identification:_identify(fifteenVehs) by extension 'ignore'
[4.410s] Level 1:colcon.colcon_core.package_identification:_identify(fifteenVehs) by extension 'ignore_ament_install'
[4.410s] Level 1:colcon.colcon_core.package_identification:_identify(fifteenVehs) by extensions ['colcon_pkg']
[4.410s] Level 1:colcon.colcon_core.package_identification:_identify(fifteenVehs) by extension 'colcon_pkg'
[4.410s] Level 1:colcon.colcon_core.package_identification:_identify(fifteenVehs) by extensions ['colcon_meta']
[4.410s] Level 1:colcon.colcon_core.package_identification:_identify(fifteenVehs) by extension 'colcon_meta'
[4.410s] Level 1:colcon.colcon_core.package_identification:_identify(fifteenVehs) by extensions ['ros']
[4.410s] Level 1:colcon.colcon_core.package_identification:_identify(fifteenVehs) by extension 'ros'
[4.410s] Level 1:colcon.colcon_core.package_identification:_identify(fifteenVehs) by extensions ['cmake', 'python']
[4.410s] Level 1:colcon.colcon_core.package_identification:_identify(fifteenVehs) by extension 'cmake'
[4.410s] Level 1:colcon.colcon_core.package_identification:_identify(fifteenVehs) by extension 'python'
[4.410s] Level 1:colcon.colcon_core.package_identification:_identify(fifteenVehs) by extensions ['python_setup_py']
[4.410s] Level 1:colcon.colcon_core.package_identification:_identify(fifteenVehs) by extension 'python_setup_py'
[4.410s] Level 1:colcon.colcon_core.package_identification:_identify(fiftyVehs) by extensions ['ignore', 'ignore_ament_install']
[4.410s] Level 1:colcon.colcon_core.package_identification:_identify(fiftyVehs) by extension 'ignore'
[4.410s] Level 1:colcon.colcon_core.package_identification:_identify(fiftyVehs) by extension 'ignore_ament_install'
[4.411s] Level 1:colcon.colcon_core.package_identification:_identify(fiftyVehs) by extensions ['colcon_pkg']
[4.411s] Level 1:colcon.colcon_core.package_identification:_identify(fiftyVehs) by extension 'colcon_pkg'
[4.411s] Level 1:colcon.colcon_core.package_identification:_identify(fiftyVehs) by extensions ['colcon_meta']
[4.411s] Level 1:colcon.colcon_core.package_identification:_identify(fiftyVehs) by extension 'colcon_meta'
[4.411s] Level 1:colcon.colcon_core.package_identification:_identify(fiftyVehs) by extensions ['ros']
[4.411s] Level 1:colcon.colcon_core.package_identification:_identify(fiftyVehs) by extension 'ros'
[4.411s] Level 1:colcon.colcon_core.package_identification:_identify(fiftyVehs) by extensions ['cmake', 'python']
[4.411s] Level 1:colcon.colcon_core.package_identification:_identify(fiftyVehs) by extension 'cmake'
[4.411s] Level 1:colcon.colcon_core.package_identification:_identify(fiftyVehs) by extension 'python'
[4.411s] Level 1:colcon.colcon_core.package_identification:_identify(fiftyVehs) by extensions ['python_setup_py']
[4.411s] Level 1:colcon.colcon_core.package_identification:_identify(fiftyVehs) by extension 'python_setup_py'
[4.411s] Level 1:colcon.colcon_core.package_identification:_identify(fiftyVehs/fourWay) by extensions ['ignore', 'ignore_ament_install']
[4.411s] Level 1:colcon.colcon_core.package_identification:_identify(fiftyVehs/fourWay) by extension 'ignore'
[4.411s] Level 1:colcon.colcon_core.package_identification:_identify(fiftyVehs/fourWay) by extension 'ignore_ament_install'
[4.412s] Level 1:colcon.colcon_core.package_identification:_identify(fiftyVehs/fourWay) by extensions ['colcon_pkg']
[4.412s] Level 1:colcon.colcon_core.package_identification:_identify(fiftyVehs/fourWay) by extension 'colcon_pkg'
[4.412s] Level 1:colcon.colcon_core.package_identification:_identify(fiftyVehs/fourWay) by extensions ['colcon_meta']
[4.412s] Level 1:colcon.colcon_core.package_identification:_identify(fiftyVehs/fourWay) by extension 'colcon_meta'
[4.412s] Level 1:colcon.colcon_core.package_identification:_identify(fiftyVehs/fourWay) by extensions ['ros']
[4.412s] Level 1:colcon.colcon_core.package_identification:_identify(fiftyVehs/fourWay) by extension 'ros'
[4.412s] Level 1:colcon.colcon_core.package_identification:_identify(fiftyVehs/fourWay) by extensions ['cmake', 'python']
[4.412s] Level 1:colcon.colcon_core.package_identification:_identify(fiftyVehs/fourWay) by extension 'cmake'
[4.412s] Level 1:colcon.colcon_core.package_identification:_identify(fiftyVehs/fourWay) by extension 'python'
[4.412s] Level 1:colcon.colcon_core.package_identification:_identify(fiftyVehs/fourWay) by extensions ['python_setup_py']
[4.412s] Level 1:colcon.colcon_core.package_identification:_identify(fiftyVehs/fourWay) by extension 'python_setup_py'
[4.412s] Level 1:colcon.colcon_core.package_identification:_identify(fiftyVehs/fourWay/FIS) by extensions ['ignore', 'ignore_ament_install']
[4.413s] Level 1:colcon.colcon_core.package_identification:_identify(fiftyVehs/fourWay/FIS) by extension 'ignore'
[4.413s] Level 1:colcon.colcon_core.package_identification:_identify(fiftyVehs/fourWay/FIS) by extension 'ignore_ament_install'
[4.413s] Level 1:colcon.colcon_core.package_identification:_identify(fiftyVehs/fourWay/FIS) by extensions ['colcon_pkg']
[4.413s] Level 1:colcon.colcon_core.package_identification:_identify(fiftyVehs/fourWay/FIS) by extension 'colcon_pkg'
[4.413s] Level 1:colcon.colcon_core.package_identification:_identify(fiftyVehs/fourWay/FIS) by extensions ['colcon_meta']
[4.413s] Level 1:colcon.colcon_core.package_identification:_identify(fiftyVehs/fourWay/FIS) by extension 'colcon_meta'
[4.413s] Level 1:colcon.colcon_core.package_identification:_identify(fiftyVehs/fourWay/FIS) by extensions ['ros']
[4.413s] Level 1:colcon.colcon_core.package_identification:_identify(fiftyVehs/fourWay/FIS) by extension 'ros'
[4.413s] Level 1:colcon.colcon_core.package_identification:_identify(fiftyVehs/fourWay/FIS) by extensions ['cmake', 'python']
[4.413s] Level 1:colcon.colcon_core.package_identification:_identify(fiftyVehs/fourWay/FIS) by extension 'cmake'
[4.413s] Level 1:colcon.colcon_core.package_identification:_identify(fiftyVehs/fourWay/FIS) by extension 'python'
[4.413s] Level 1:colcon.colcon_core.package_identification:_identify(fiftyVehs/fourWay/FIS) by extensions ['python_setup_py']
[4.413s] Level 1:colcon.colcon_core.package_identification:_identify(fiftyVehs/fourWay/FIS) by extension 'python_setup_py'
[4.413s] Level 1:colcon.colcon_core.package_identification:_identify(fiftyVehs/fourWay/SpdDst) by extensions ['ignore', 'ignore_ament_install']
[4.414s] Level 1:colcon.colcon_core.package_identification:_identify(fiftyVehs/fourWay/SpdDst) by extension 'ignore'
[4.414s] Level 1:colcon.colcon_core.package_identification:_identify(fiftyVehs/fourWay/SpdDst) by extension 'ignore_ament_install'
[4.414s] Level 1:colcon.colcon_core.package_identification:_identify(fiftyVehs/fourWay/SpdDst) by extensions ['colcon_pkg']
[4.414s] Level 1:colcon.colcon_core.package_identification:_identify(fiftyVehs/fourWay/SpdDst) by extension 'colcon_pkg'
[4.414s] Level 1:colcon.colcon_core.package_identification:_identify(fiftyVehs/fourWay/SpdDst) by extensions ['colcon_meta']
[4.414s] Level 1:colcon.colcon_core.package_identification:_identify(fiftyVehs/fourWay/SpdDst) by extension 'colcon_meta'
[4.414s] Level 1:colcon.colcon_core.package_identification:_identify(fiftyVehs/fourWay/SpdDst) by extensions ['ros']
[4.414s] Level 1:colcon.colcon_core.package_identification:_identify(fiftyVehs/fourWay/SpdDst) by extension 'ros'
[4.414s] Level 1:colcon.colcon_core.package_identification:_identify(fiftyVehs/fourWay/SpdDst) by extensions ['cmake', 'python']
[4.414s] Level 1:colcon.colcon_core.package_identification:_identify(fiftyVehs/fourWay/SpdDst) by extension 'cmake'
[4.414s] Level 1:colcon.colcon_core.package_identification:_identify(fiftyVehs/fourWay/SpdDst) by extension 'python'
[4.414s] Level 1:colcon.colcon_core.package_identification:_identify(fiftyVehs/fourWay/SpdDst) by extensions ['python_setup_py']
[4.414s] Level 1:colcon.colcon_core.package_identification:_identify(fiftyVehs/fourWay/SpdDst) by extension 'python_setup_py'
[4.415s] Level 1:colcon.colcon_core.package_identification:_identify(fiftyVehs/fourWay/static) by extensions ['ignore', 'ignore_ament_install']
[4.415s] Level 1:colcon.colcon_core.package_identification:_identify(fiftyVehs/fourWay/static) by extension 'ignore'
[4.415s] Level 1:colcon.colcon_core.package_identification:_identify(fiftyVehs/fourWay/static) by extension 'ignore_ament_install'
[4.415s] Level 1:colcon.colcon_core.package_identification:_identify(fiftyVehs/fourWay/static) by extensions ['colcon_pkg']
[4.415s] Level 1:colcon.colcon_core.package_identification:_identify(fiftyVehs/fourWay/static) by extension 'colcon_pkg'
[4.415s] Level 1:colcon.colcon_core.package_identification:_identify(fiftyVehs/fourWay/static) by extensions ['colcon_meta']
[4.415s] Level 1:colcon.colcon_core.package_identification:_identify(fiftyVehs/fourWay/static) by extension 'colcon_meta'
[4.415s] Level 1:colcon.colcon_core.package_identification:_identify(fiftyVehs/fourWay/static) by extensions ['ros']
[4.415s] Level 1:colcon.colcon_core.package_identification:_identify(fiftyVehs/fourWay/static) by extension 'ros'
[4.415s] Level 1:colcon.colcon_core.package_identification:_identify(fiftyVehs/fourWay/static) by extensions ['cmake', 'python']
[4.415s] Level 1:colcon.colcon_core.package_identification:_identify(fiftyVehs/fourWay/static) by extension 'cmake'
[4.415s] Level 1:colcon.colcon_core.package_identification:_identify(fiftyVehs/fourWay/static) by extension 'python'
[4.416s] Level 1:colcon.colcon_core.package_identification:_identify(fiftyVehs/fourWay/static) by extensions ['python_setup_py']
[4.416s] Level 1:colcon.colcon_core.package_identification:_identify(fiftyVehs/fourWay/static) by extension 'python_setup_py'
[4.416s] Level 1:colcon.colcon_core.package_identification:_identify(fiftyVehs/twoWay) by extensions ['ignore', 'ignore_ament_install']
[4.416s] Level 1:colcon.colcon_core.package_identification:_identify(fiftyVehs/twoWay) by extension 'ignore'
[4.416s] Level 1:colcon.colcon_core.package_identification:_identify(fiftyVehs/twoWay) by extension 'ignore_ament_install'
[4.416s] Level 1:colcon.colcon_core.package_identification:_identify(fiftyVehs/twoWay) by extensions ['colcon_pkg']
[4.416s] Level 1:colcon.colcon_core.package_identification:_identify(fiftyVehs/twoWay) by extension 'colcon_pkg'
[4.416s] Level 1:colcon.colcon_core.package_identification:_identify(fiftyVehs/twoWay) by extensions ['colcon_meta']
[4.416s] Level 1:colcon.colcon_core.package_identification:_identify(fiftyVehs/twoWay) by extension 'colcon_meta'
[4.416s] Level 1:colcon.colcon_core.package_identification:_identify(fiftyVehs/twoWay) by extensions ['ros']
[4.416s] Level 1:colcon.colcon_core.package_identification:_identify(fiftyVehs/twoWay) by extension 'ros'
[4.416s] Level 1:colcon.colcon_core.package_identification:_identify(fiftyVehs/twoWay) by extensions ['cmake', 'python']
[4.416s] Level 1:colcon.colcon_core.package_identification:_identify(fiftyVehs/twoWay) by extension 'cmake'
[4.416s] Level 1:colcon.colcon_core.package_identification:_identify(fiftyVehs/twoWay) by extension 'python'
[4.416s] Level 1:colcon.colcon_core.package_identification:_identify(fiftyVehs/twoWay) by extensions ['python_setup_py']
[4.416s] Level 1:colcon.colcon_core.package_identification:_identify(fiftyVehs/twoWay) by extension 'python_setup_py'
[4.417s] Level 1:colcon.colcon_core.package_identification:_identify(fiftyVehs/twoWay/FIS) by extensions ['ignore', 'ignore_ament_install']
[4.417s] Level 1:colcon.colcon_core.package_identification:_identify(fiftyVehs/twoWay/FIS) by extension 'ignore'
[4.417s] Level 1:colcon.colcon_core.package_identification:_identify(fiftyVehs/twoWay/FIS) by extension 'ignore_ament_install'
[4.417s] Level 1:colcon.colcon_core.package_identification:_identify(fiftyVehs/twoWay/FIS) by extensions ['colcon_pkg']
[4.417s] Level 1:colcon.colcon_core.package_identification:_identify(fiftyVehs/twoWay/FIS) by extension 'colcon_pkg'
[4.417s] Level 1:colcon.colcon_core.package_identification:_identify(fiftyVehs/twoWay/FIS) by extensions ['colcon_meta']
[4.417s] Level 1:colcon.colcon_core.package_identification:_identify(fiftyVehs/twoWay/FIS) by extension 'colcon_meta'
[4.417s] Level 1:colcon.colcon_core.package_identification:_identify(fiftyVehs/twoWay/FIS) by extensions ['ros']
[4.417s] Level 1:colcon.colcon_core.package_identification:_identify(fiftyVehs/twoWay/FIS) by extension 'ros'
[4.417s] Level 1:colcon.colcon_core.package_identification:_identify(fiftyVehs/twoWay/FIS) by extensions ['cmake', 'python']
[4.417s] Level 1:colcon.colcon_core.package_identification:_identify(fiftyVehs/twoWay/FIS) by extension 'cmake'
[4.417s] Level 1:colcon.colcon_core.package_identification:_identify(fiftyVehs/twoWay/FIS) by extension 'python'
[4.417s] Level 1:colcon.colcon_core.package_identification:_identify(fiftyVehs/twoWay/FIS) by extensions ['python_setup_py']
[4.417s] Level 1:colcon.colcon_core.package_identification:_identify(fiftyVehs/twoWay/FIS) by extension 'python_setup_py'
[4.418s] Level 1:colcon.colcon_core.package_identification:_identify(fiftyVehs/twoWay/SouthNorth) by extensions ['ignore', 'ignore_ament_install']
[4.418s] Level 1:colcon.colcon_core.package_identification:_identify(fiftyVehs/twoWay/SouthNorth) by extension 'ignore'
[4.418s] Level 1:colcon.colcon_core.package_identification:_identify(fiftyVehs/twoWay/SouthNorth) by extension 'ignore_ament_install'
[4.418s] Level 1:colcon.colcon_core.package_identification:_identify(fiftyVehs/twoWay/SouthNorth) by extensions ['colcon_pkg']
[4.418s] Level 1:colcon.colcon_core.package_identification:_identify(fiftyVehs/twoWay/SouthNorth) by extension 'colcon_pkg'
[4.418s] Level 1:colcon.colcon_core.package_identification:_identify(fiftyVehs/twoWay/SouthNorth) by extensions ['colcon_meta']
[4.418s] Level 1:colcon.colcon_core.package_identification:_identify(fiftyVehs/twoWay/SouthNorth) by extension 'colcon_meta'
[4.418s] Level 1:colcon.colcon_core.package_identification:_identify(fiftyVehs/twoWay/SouthNorth) by extensions ['ros']
[4.418s] Level 1:colcon.colcon_core.package_identification:_identify(fiftyVehs/twoWay/SouthNorth) by extension 'ros'
[4.418s] Level 1:colcon.colcon_core.package_identification:_identify(fiftyVehs/twoWay/SouthNorth) by extensions ['cmake', 'python']
[4.418s] Level 1:colcon.colcon_core.package_identification:_identify(fiftyVehs/twoWay/SouthNorth) by extension 'cmake'
[4.419s] Level 1:colcon.colcon_core.package_identification:_identify(fiftyVehs/twoWay/SouthNorth) by extension 'python'
[4.419s] Level 1:colcon.colcon_core.package_identification:_identify(fiftyVehs/twoWay/SouthNorth) by extensions ['python_setup_py']
[4.419s] Level 1:colcon.colcon_core.package_identification:_identify(fiftyVehs/twoWay/SouthNorth) by extension 'python_setup_py'
[4.419s] Level 1:colcon.colcon_core.package_identification:_identify(fiftyVehs/twoWay/SouthNorth/FIS) by extensions ['ignore', 'ignore_ament_install']
[4.419s] Level 1:colcon.colcon_core.package_identification:_identify(fiftyVehs/twoWay/SouthNorth/FIS) by extension 'ignore'
[4.419s] Level 1:colcon.colcon_core.package_identification:_identify(fiftyVehs/twoWay/SouthNorth/FIS) by extension 'ignore_ament_install'
[4.419s] Level 1:colcon.colcon_core.package_identification:_identify(fiftyVehs/twoWay/SouthNorth/FIS) by extensions ['colcon_pkg']
[4.419s] Level 1:colcon.colcon_core.package_identification:_identify(fiftyVehs/twoWay/SouthNorth/FIS) by extension 'colcon_pkg'
[4.419s] Level 1:colcon.colcon_core.package_identification:_identify(fiftyVehs/twoWay/SouthNorth/FIS) by extensions ['colcon_meta']
[4.419s] Level 1:colcon.colcon_core.package_identification:_identify(fiftyVehs/twoWay/SouthNorth/FIS) by extension 'colcon_meta'
[4.419s] Level 1:colcon.colcon_core.package_identification:_identify(fiftyVehs/twoWay/SouthNorth/FIS) by extensions ['ros']
[4.419s] Level 1:colcon.colcon_core.package_identification:_identify(fiftyVehs/twoWay/SouthNorth/FIS) by extension 'ros'
[4.419s] Level 1:colcon.colcon_core.package_identification:_identify(fiftyVehs/twoWay/SouthNorth/FIS) by extensions ['cmake', 'python']
[4.420s] Level 1:colcon.colcon_core.package_identification:_identify(fiftyVehs/twoWay/SouthNorth/FIS) by extension 'cmake'
[4.420s] Level 1:colcon.colcon_core.package_identification:_identify(fiftyVehs/twoWay/SouthNorth/FIS) by extension 'python'
[4.420s] Level 1:colcon.colcon_core.package_identification:_identify(fiftyVehs/twoWay/SouthNorth/FIS) by extensions ['python_setup_py']
[4.420s] Level 1:colcon.colcon_core.package_identification:_identify(fiftyVehs/twoWay/SouthNorth/FIS) by extension 'python_setup_py'
[4.420s] Level 1:colcon.colcon_core.package_identification:_identify(fiftyVehs/twoWay/SouthNorth/SpdDst) by extensions ['ignore', 'ignore_ament_install']
[4.420s] Level 1:colcon.colcon_core.package_identification:_identify(fiftyVehs/twoWay/SouthNorth/SpdDst) by extension 'ignore'
[4.420s] Level 1:colcon.colcon_core.package_identification:_identify(fiftyVehs/twoWay/SouthNorth/SpdDst) by extension 'ignore_ament_install'
[4.420s] Level 1:colcon.colcon_core.package_identification:_identify(fiftyVehs/twoWay/SouthNorth/SpdDst) by extensions ['colcon_pkg']
[4.420s] Level 1:colcon.colcon_core.package_identification:_identify(fiftyVehs/twoWay/SouthNorth/SpdDst) by extension 'colcon_pkg'
[4.420s] Level 1:colcon.colcon_core.package_identification:_identify(fiftyVehs/twoWay/SouthNorth/SpdDst) by extensions ['colcon_meta']
[4.420s] Level 1:colcon.colcon_core.package_identification:_identify(fiftyVehs/twoWay/SouthNorth/SpdDst) by extension 'colcon_meta'
[4.421s] Level 1:colcon.colcon_core.package_identification:_identify(fiftyVehs/twoWay/SouthNorth/SpdDst) by extensions ['ros']
[4.421s] Level 1:colcon.colcon_core.package_identification:_identify(fiftyVehs/twoWay/SouthNorth/SpdDst) by extension 'ros'
[4.421s] Level 1:colcon.colcon_core.package_identification:_identify(fiftyVehs/twoWay/SouthNorth/SpdDst) by extensions ['cmake', 'python']
[4.421s] Level 1:colcon.colcon_core.package_identification:_identify(fiftyVehs/twoWay/SouthNorth/SpdDst) by extension 'cmake'
[4.421s] Level 1:colcon.colcon_core.package_identification:_identify(fiftyVehs/twoWay/SouthNorth/SpdDst) by extension 'python'
[4.421s] Level 1:colcon.colcon_core.package_identification:_identify(fiftyVehs/twoWay/SouthNorth/SpdDst) by extensions ['python_setup_py']
[4.421s] Level 1:colcon.colcon_core.package_identification:_identify(fiftyVehs/twoWay/SouthNorth/SpdDst) by extension 'python_setup_py'
[4.421s] Level 1:colcon.colcon_core.package_identification:_identify(fiftyVehs/twoWay/SouthNorth/Static) by extensions ['ignore', 'ignore_ament_install']
[4.421s] Level 1:colcon.colcon_core.package_identification:_identify(fiftyVehs/twoWay/SouthNorth/Static) by extension 'ignore'
[4.422s] Level 1:colcon.colcon_core.package_identification:_identify(fiftyVehs/twoWay/SouthNorth/Static) by extension 'ignore_ament_install'
[4.422s] Level 1:colcon.colcon_core.package_identification:_identify(fiftyVehs/twoWay/SouthNorth/Static) by extensions ['colcon_pkg']
[4.422s] Level 1:colcon.colcon_core.package_identification:_identify(fiftyVehs/twoWay/SouthNorth/Static) by extension 'colcon_pkg'
[4.422s] Level 1:colcon.colcon_core.package_identification:_identify(fiftyVehs/twoWay/SouthNorth/Static) by extensions ['colcon_meta']
[4.422s] Level 1:colcon.colcon_core.package_identification:_identify(fiftyVehs/twoWay/SouthNorth/Static) by extension 'colcon_meta'
[4.422s] Level 1:colcon.colcon_core.package_identification:_identify(fiftyVehs/twoWay/SouthNorth/Static) by extensions ['ros']
[4.422s] Level 1:colcon.colcon_core.package_identification:_identify(fiftyVehs/twoWay/SouthNorth/Static) by extension 'ros'
[4.422s] Level 1:colcon.colcon_core.package_identification:_identify(fiftyVehs/twoWay/SouthNorth/Static) by extensions ['cmake', 'python']
[4.422s] Level 1:colcon.colcon_core.package_identification:_identify(fiftyVehs/twoWay/SouthNorth/Static) by extension 'cmake'
[4.422s] Level 1:colcon.colcon_core.package_identification:_identify(fiftyVehs/twoWay/SouthNorth/Static) by extension 'python'
[4.422s] Level 1:colcon.colcon_core.package_identification:_identify(fiftyVehs/twoWay/SouthNorth/Static) by extensions ['python_setup_py']
[4.422s] Level 1:colcon.colcon_core.package_identification:_identify(fiftyVehs/twoWay/SouthNorth/Static) by extension 'python_setup_py'
[4.423s] Level 1:colcon.colcon_core.package_identification:_identify(fiftyVehs/twoWay/SpdDst) by extensions ['ignore', 'ignore_ament_install']
[4.423s] Level 1:colcon.colcon_core.package_identification:_identify(fiftyVehs/twoWay/SpdDst) by extension 'ignore'
[4.423s] Level 1:colcon.colcon_core.package_identification:_identify(fiftyVehs/twoWay/SpdDst) by extension 'ignore_ament_install'
[4.423s] Level 1:colcon.colcon_core.package_identification:_identify(fiftyVehs/twoWay/SpdDst) by extensions ['colcon_pkg']
[4.423s] Level 1:colcon.colcon_core.package_identification:_identify(fiftyVehs/twoWay/SpdDst) by extension 'colcon_pkg'
[4.423s] Level 1:colcon.colcon_core.package_identification:_identify(fiftyVehs/twoWay/SpdDst) by extensions ['colcon_meta']
[4.423s] Level 1:colcon.colcon_core.package_identification:_identify(fiftyVehs/twoWay/SpdDst) by extension 'colcon_meta'
[4.423s] Level 1:colcon.colcon_core.package_identification:_identify(fiftyVehs/twoWay/SpdDst) by extensions ['ros']
[4.423s] Level 1:colcon.colcon_core.package_identification:_identify(fiftyVehs/twoWay/SpdDst) by extension 'ros'
[4.423s] Level 1:colcon.colcon_core.package_identification:_identify(fiftyVehs/twoWay/SpdDst) by extensions ['cmake', 'python']
[4.423s] Level 1:colcon.colcon_core.package_identification:_identify(fiftyVehs/twoWay/SpdDst) by extension 'cmake'
[4.423s] Level 1:colcon.colcon_core.package_identification:_identify(fiftyVehs/twoWay/SpdDst) by extension 'python'
[4.423s] Level 1:colcon.colcon_core.package_identification:_identify(fiftyVehs/twoWay/SpdDst) by extensions ['python_setup_py']
[4.423s] Level 1:colcon.colcon_core.package_identification:_identify(fiftyVehs/twoWay/SpdDst) by extension 'python_setup_py'
[4.424s] Level 1:colcon.colcon_core.package_identification:_identify(fiftyVehs/twoWay/Static) by extensions ['ignore', 'ignore_ament_install']
[4.424s] Level 1:colcon.colcon_core.package_identification:_identify(fiftyVehs/twoWay/Static) by extension 'ignore'
[4.424s] Level 1:colcon.colcon_core.package_identification:_identify(fiftyVehs/twoWay/Static) by extension 'ignore_ament_install'
[4.424s] Level 1:colcon.colcon_core.package_identification:_identify(fiftyVehs/twoWay/Static) by extensions ['colcon_pkg']
[4.424s] Level 1:colcon.colcon_core.package_identification:_identify(fiftyVehs/twoWay/Static) by extension 'colcon_pkg'
[4.424s] Level 1:colcon.colcon_core.package_identification:_identify(fiftyVehs/twoWay/Static) by extensions ['colcon_meta']
[4.424s] Level 1:colcon.colcon_core.package_identification:_identify(fiftyVehs/twoWay/Static) by extension 'colcon_meta'
[4.425s] Level 1:colcon.colcon_core.package_identification:_identify(fiftyVehs/twoWay/Static) by extensions ['ros']
[4.425s] Level 1:colcon.colcon_core.package_identification:_identify(fiftyVehs/twoWay/Static) by extension 'ros'
[4.425s] Level 1:colcon.colcon_core.package_identification:_identify(fiftyVehs/twoWay/Static) by extensions ['cmake', 'python']
[4.425s] Level 1:colcon.colcon_core.package_identification:_identify(fiftyVehs/twoWay/Static) by extension 'cmake'
[4.425s] Level 1:colcon.colcon_core.package_identification:_identify(fiftyVehs/twoWay/Static) by extension 'python'
[4.425s] Level 1:colcon.colcon_core.package_identification:_identify(fiftyVehs/twoWay/Static) by extensions ['python_setup_py']
[4.425s] Level 1:colcon.colcon_core.package_identification:_identify(fiftyVehs/twoWay/Static) by extension 'python_setup_py'
[4.426s] Level 1:colcon.colcon_core.package_identification:_identify(hundredVehs) by extensions ['ignore', 'ignore_ament_install']
[4.426s] Level 1:colcon.colcon_core.package_identification:_identify(hundredVehs) by extension 'ignore'
[4.426s] Level 1:colcon.colcon_core.package_identification:_identify(hundredVehs) by extension 'ignore_ament_install'
[4.426s] Level 1:colcon.colcon_core.package_identification:_identify(hundredVehs) by extensions ['colcon_pkg']
[4.426s] Level 1:colcon.colcon_core.package_identification:_identify(hundredVehs) by extension 'colcon_pkg'
[4.427s] Level 1:colcon.colcon_core.package_identification:_identify(hundredVehs) by extensions ['colcon_meta']
[4.427s] Level 1:colcon.colcon_core.package_identification:_identify(hundredVehs) by extension 'colcon_meta'
[4.427s] Level 1:colcon.colcon_core.package_identification:_identify(hundredVehs) by extensions ['ros']
[4.427s] Level 1:colcon.colcon_core.package_identification:_identify(hundredVehs) by extension 'ros'
[4.427s] Level 1:colcon.colcon_core.package_identification:_identify(hundredVehs) by extensions ['cmake', 'python']
[4.427s] Level 1:colcon.colcon_core.package_identification:_identify(hundredVehs) by extension 'cmake'
[4.427s] Level 1:colcon.colcon_core.package_identification:_identify(hundredVehs) by extension 'python'
[4.427s] Level 1:colcon.colcon_core.package_identification:_identify(hundredVehs) by extensions ['python_setup_py']
[4.427s] Level 1:colcon.colcon_core.package_identification:_identify(hundredVehs) by extension 'python_setup_py'
[4.429s] Level 1:colcon.colcon_core.package_identification:_identify(hundredVehs/fourWay) by extensions ['ignore', 'ignore_ament_install']
[4.429s] Level 1:colcon.colcon_core.package_identification:_identify(hundredVehs/fourWay) by extension 'ignore'
[4.429s] Level 1:colcon.colcon_core.package_identification:_identify(hundredVehs/fourWay) by extension 'ignore_ament_install'
[4.429s] Level 1:colcon.colcon_core.package_identification:_identify(hundredVehs/fourWay) by extensions ['colcon_pkg']
[4.429s] Level 1:colcon.colcon_core.package_identification:_identify(hundredVehs/fourWay) by extension 'colcon_pkg'
[4.429s] Level 1:colcon.colcon_core.package_identification:_identify(hundredVehs/fourWay) by extensions ['colcon_meta']
[4.430s] Level 1:colcon.colcon_core.package_identification:_identify(hundredVehs/fourWay) by extension 'colcon_meta'
[4.430s] Level 1:colcon.colcon_core.package_identification:_identify(hundredVehs/fourWay) by extensions ['ros']
[4.430s] Level 1:colcon.colcon_core.package_identification:_identify(hundredVehs/fourWay) by extension 'ros'
[4.430s] Level 1:colcon.colcon_core.package_identification:_identify(hundredVehs/fourWay) by extensions ['cmake', 'python']
[4.430s] Level 1:colcon.colcon_core.package_identification:_identify(hundredVehs/fourWay) by extension 'cmake'
[4.430s] Level 1:colcon.colcon_core.package_identification:_identify(hundredVehs/fourWay) by extension 'python'
[4.430s] Level 1:colcon.colcon_core.package_identification:_identify(hundredVehs/fourWay) by extensions ['python_setup_py']
[4.430s] Level 1:colcon.colcon_core.package_identification:_identify(hundredVehs/fourWay) by extension 'python_setup_py'
[4.431s] Level 1:colcon.colcon_core.package_identification:_identify(hundredVehs/fourWay/FIS) by extensions ['ignore', 'ignore_ament_install']
[4.431s] Level 1:colcon.colcon_core.package_identification:_identify(hundredVehs/fourWay/FIS) by extension 'ignore'
[4.431s] Level 1:colcon.colcon_core.package_identification:_identify(hundredVehs/fourWay/FIS) by extension 'ignore_ament_install'
[4.431s] Level 1:colcon.colcon_core.package_identification:_identify(hundredVehs/fourWay/FIS) by extensions ['colcon_pkg']
[4.431s] Level 1:colcon.colcon_core.package_identification:_identify(hundredVehs/fourWay/FIS) by extension 'colcon_pkg'
[4.431s] Level 1:colcon.colcon_core.package_identification:_identify(hundredVehs/fourWay/FIS) by extensions ['colcon_meta']
[4.431s] Level 1:colcon.colcon_core.package_identification:_identify(hundredVehs/fourWay/FIS) by extension 'colcon_meta'
[4.432s] Level 1:colcon.colcon_core.package_identification:_identify(hundredVehs/fourWay/FIS) by extensions ['ros']
[4.432s] Level 1:colcon.colcon_core.package_identification:_identify(hundredVehs/fourWay/FIS) by extension 'ros'
[4.432s] Level 1:colcon.colcon_core.package_identification:_identify(hundredVehs/fourWay/FIS) by extensions ['cmake', 'python']
[4.432s] Level 1:colcon.colcon_core.package_identification:_identify(hundredVehs/fourWay/FIS) by extension 'cmake'
[4.432s] Level 1:colcon.colcon_core.package_identification:_identify(hundredVehs/fourWay/FIS) by extension 'python'
[4.432s] Level 1:colcon.colcon_core.package_identification:_identify(hundredVehs/fourWay/FIS) by extensions ['python_setup_py']
[4.432s] Level 1:colcon.colcon_core.package_identification:_identify(hundredVehs/fourWay/FIS) by extension 'python_setup_py'
[4.432s] Level 1:colcon.colcon_core.package_identification:_identify(hundredVehs/fourWay/SpdDst) by extensions ['ignore', 'ignore_ament_install']
[4.433s] Level 1:colcon.colcon_core.package_identification:_identify(hundredVehs/fourWay/SpdDst) by extension 'ignore'
[4.433s] Level 1:colcon.colcon_core.package_identification:_identify(hundredVehs/fourWay/SpdDst) by extension 'ignore_ament_install'
[4.433s] Level 1:colcon.colcon_core.package_identification:_identify(hundredVehs/fourWay/SpdDst) by extensions ['colcon_pkg']
[4.433s] Level 1:colcon.colcon_core.package_identification:_identify(hundredVehs/fourWay/SpdDst) by extension 'colcon_pkg'
[4.433s] Level 1:colcon.colcon_core.package_identification:_identify(hundredVehs/fourWay/SpdDst) by extensions ['colcon_meta']
[4.433s] Level 1:colcon.colcon_core.package_identification:_identify(hundredVehs/fourWay/SpdDst) by extension 'colcon_meta'
[4.433s] Level 1:colcon.colcon_core.package_identification:_identify(hundredVehs/fourWay/SpdDst) by extensions ['ros']
[4.433s] Level 1:colcon.colcon_core.package_identification:_identify(hundredVehs/fourWay/SpdDst) by extension 'ros'
[4.433s] Level 1:colcon.colcon_core.package_identification:_identify(hundredVehs/fourWay/SpdDst) by extensions ['cmake', 'python']
[4.434s] Level 1:colcon.colcon_core.package_identification:_identify(hundredVehs/fourWay/SpdDst) by extension 'cmake'
[4.434s] Level 1:colcon.colcon_core.package_identification:_identify(hundredVehs/fourWay/SpdDst) by extension 'python'
[4.434s] Level 1:colcon.colcon_core.package_identification:_identify(hundredVehs/fourWay/SpdDst) by extensions ['python_setup_py']
[4.434s] Level 1:colcon.colcon_core.package_identification:_identify(hundredVehs/fourWay/SpdDst) by extension 'python_setup_py'
[4.435s] Level 1:colcon.colcon_core.package_identification:_identify(hundredVehs/fourWay/Static) by extensions ['ignore', 'ignore_ament_install']
[4.435s] Level 1:colcon.colcon_core.package_identification:_identify(hundredVehs/fourWay/Static) by extension 'ignore'
[4.435s] Level 1:colcon.colcon_core.package_identification:_identify(hundredVehs/fourWay/Static) by extension 'ignore_ament_install'
[4.435s] Level 1:colcon.colcon_core.package_identification:_identify(hundredVehs/fourWay/Static) by extensions ['colcon_pkg']
[4.435s] Level 1:colcon.colcon_core.package_identification:_identify(hundredVehs/fourWay/Static) by extension 'colcon_pkg'
[4.435s] Level 1:colcon.colcon_core.package_identification:_identify(hundredVehs/fourWay/Static) by extensions ['colcon_meta']
[4.436s] Level 1:colcon.colcon_core.package_identification:_identify(hundredVehs/fourWay/Static) by extension 'colcon_meta'
[4.436s] Level 1:colcon.colcon_core.package_identification:_identify(hundredVehs/fourWay/Static) by extensions ['ros']
[4.436s] Level 1:colcon.colcon_core.package_identification:_identify(hundredVehs/fourWay/Static) by extension 'ros'
[4.436s] Level 1:colcon.colcon_core.package_identification:_identify(hundredVehs/fourWay/Static) by extensions ['cmake', 'python']
[4.436s] Level 1:colcon.colcon_core.package_identification:_identify(hundredVehs/fourWay/Static) by extension 'cmake'
[4.436s] Level 1:colcon.colcon_core.package_identification:_identify(hundredVehs/fourWay/Static) by extension 'python'
[4.436s] Level 1:colcon.colcon_core.package_identification:_identify(hundredVehs/fourWay/Static) by extensions ['python_setup_py']
[4.436s] Level 1:colcon.colcon_core.package_identification:_identify(hundredVehs/fourWay/Static) by extension 'python_setup_py'
[4.437s] Level 1:colcon.colcon_core.package_identification:_identify(hundredVehs/twoWay) by extensions ['ignore', 'ignore_ament_install']
[4.437s] Level 1:colcon.colcon_core.package_identification:_identify(hundredVehs/twoWay) by extension 'ignore'
[4.437s] Level 1:colcon.colcon_core.package_identification:_identify(hundredVehs/twoWay) by extension 'ignore_ament_install'
[4.437s] Level 1:colcon.colcon_core.package_identification:_identify(hundredVehs/twoWay) by extensions ['colcon_pkg']
[4.437s] Level 1:colcon.colcon_core.package_identification:_identify(hundredVehs/twoWay) by extension 'colcon_pkg'
[4.437s] Level 1:colcon.colcon_core.package_identification:_identify(hundredVehs/twoWay) by extensions ['colcon_meta']
[4.437s] Level 1:colcon.colcon_core.package_identification:_identify(hundredVehs/twoWay) by extension 'colcon_meta'
[4.438s] Level 1:colcon.colcon_core.package_identification:_identify(hundredVehs/twoWay) by extensions ['ros']
[4.438s] Level 1:colcon.colcon_core.package_identification:_identify(hundredVehs/twoWay) by extension 'ros'
[4.438s] Level 1:colcon.colcon_core.package_identification:_identify(hundredVehs/twoWay) by extensions ['cmake', 'python']
[4.438s] Level 1:colcon.colcon_core.package_identification:_identify(hundredVehs/twoWay) by extension 'cmake'
[4.438s] Level 1:colcon.colcon_core.package_identification:_identify(hundredVehs/twoWay) by extension 'python'
[4.438s] Level 1:colcon.colcon_core.package_identification:_identify(hundredVehs/twoWay) by extensions ['python_setup_py']
[4.438s] Level 1:colcon.colcon_core.package_identification:_identify(hundredVehs/twoWay) by extension 'python_setup_py'
[4.439s] Level 1:colcon.colcon_core.package_identification:_identify(hundredVehs/twoWay/FIS) by extensions ['ignore', 'ignore_ament_install']
[4.439s] Level 1:colcon.colcon_core.package_identification:_identify(hundredVehs/twoWay/FIS) by extension 'ignore'
[4.439s] Level 1:colcon.colcon_core.package_identification:_identify(hundredVehs/twoWay/FIS) by extension 'ignore_ament_install'
[4.439s] Level 1:colcon.colcon_core.package_identification:_identify(hundredVehs/twoWay/FIS) by extensions ['colcon_pkg']
[4.439s] Level 1:colcon.colcon_core.package_identification:_identify(hundredVehs/twoWay/FIS) by extension 'colcon_pkg'
[4.439s] Level 1:colcon.colcon_core.package_identification:_identify(hundredVehs/twoWay/FIS) by extensions ['colcon_meta']
[4.439s] Level 1:colcon.colcon_core.package_identification:_identify(hundredVehs/twoWay/FIS) by extension 'colcon_meta'
[4.439s] Level 1:colcon.colcon_core.package_identification:_identify(hundredVehs/twoWay/FIS) by extensions ['ros']
[4.439s] Level 1:colcon.colcon_core.package_identification:_identify(hundredVehs/twoWay/FIS) by extension 'ros'
[4.440s] Level 1:colcon.colcon_core.package_identification:_identify(hundredVehs/twoWay/FIS) by extensions ['cmake', 'python']
[4.440s] Level 1:colcon.colcon_core.package_identification:_identify(hundredVehs/twoWay/FIS) by extension 'cmake'
[4.440s] Level 1:colcon.colcon_core.package_identification:_identify(hundredVehs/twoWay/FIS) by extension 'python'
[4.440s] Level 1:colcon.colcon_core.package_identification:_identify(hundredVehs/twoWay/FIS) by extensions ['python_setup_py']
[4.440s] Level 1:colcon.colcon_core.package_identification:_identify(hundredVehs/twoWay/FIS) by extension 'python_setup_py'
[4.440s] Level 1:colcon.colcon_core.package_identification:_identify(hundredVehs/twoWay/NorthSouth) by extensions ['ignore', 'ignore_ament_install']
[4.441s] Level 1:colcon.colcon_core.package_identification:_identify(hundredVehs/twoWay/NorthSouth) by extension 'ignore'
[4.441s] Level 1:colcon.colcon_core.package_identification:_identify(hundredVehs/twoWay/NorthSouth) by extension 'ignore_ament_install'
[4.441s] Level 1:colcon.colcon_core.package_identification:_identify(hundredVehs/twoWay/NorthSouth) by extensions ['colcon_pkg']
[4.441s] Level 1:colcon.colcon_core.package_identification:_identify(hundredVehs/twoWay/NorthSouth) by extension 'colcon_pkg'
[4.441s] Level 1:colcon.colcon_core.package_identification:_identify(hundredVehs/twoWay/NorthSouth) by extensions ['colcon_meta']
[4.441s] Level 1:colcon.colcon_core.package_identification:_identify(hundredVehs/twoWay/NorthSouth) by extension 'colcon_meta'
[4.441s] Level 1:colcon.colcon_core.package_identification:_identify(hundredVehs/twoWay/NorthSouth) by extensions ['ros']
[4.441s] Level 1:colcon.colcon_core.package_identification:_identify(hundredVehs/twoWay/NorthSouth) by extension 'ros'
[4.441s] Level 1:colcon.colcon_core.package_identification:_identify(hundredVehs/twoWay/NorthSouth) by extensions ['cmake', 'python']
[4.441s] Level 1:colcon.colcon_core.package_identification:_identify(hundredVehs/twoWay/NorthSouth) by extension 'cmake'
[4.441s] Level 1:colcon.colcon_core.package_identification:_identify(hundredVehs/twoWay/NorthSouth) by extension 'python'
[4.442s] Level 1:colcon.colcon_core.package_identification:_identify(hundredVehs/twoWay/NorthSouth) by extensions ['python_setup_py']
[4.442s] Level 1:colcon.colcon_core.package_identification:_identify(hundredVehs/twoWay/NorthSouth) by extension 'python_setup_py'
[4.442s] Level 1:colcon.colcon_core.package_identification:_identify(hundredVehs/twoWay/NorthSouth/FIS) by extensions ['ignore', 'ignore_ament_install']
[4.442s] Level 1:colcon.colcon_core.package_identification:_identify(hundredVehs/twoWay/NorthSouth/FIS) by extension 'ignore'
[4.443s] Level 1:colcon.colcon_core.package_identification:_identify(hundredVehs/twoWay/NorthSouth/FIS) by extension 'ignore_ament_install'
[4.443s] Level 1:colcon.colcon_core.package_identification:_identify(hundredVehs/twoWay/NorthSouth/FIS) by extensions ['colcon_pkg']
[4.443s] Level 1:colcon.colcon_core.package_identification:_identify(hundredVehs/twoWay/NorthSouth/FIS) by extension 'colcon_pkg'
[4.443s] Level 1:colcon.colcon_core.package_identification:_identify(hundredVehs/twoWay/NorthSouth/FIS) by extensions ['colcon_meta']
[4.443s] Level 1:colcon.colcon_core.package_identification:_identify(hundredVehs/twoWay/NorthSouth/FIS) by extension 'colcon_meta'
[4.443s] Level 1:colcon.colcon_core.package_identification:_identify(hundredVehs/twoWay/NorthSouth/FIS) by extensions ['ros']
[4.443s] Level 1:colcon.colcon_core.package_identification:_identify(hundredVehs/twoWay/NorthSouth/FIS) by extension 'ros'
[4.443s] Level 1:colcon.colcon_core.package_identification:_identify(hundredVehs/twoWay/NorthSouth/FIS) by extensions ['cmake', 'python']
[4.443s] Level 1:colcon.colcon_core.package_identification:_identify(hundredVehs/twoWay/NorthSouth/FIS) by extension 'cmake'
[4.443s] Level 1:colcon.colcon_core.package_identification:_identify(hundredVehs/twoWay/NorthSouth/FIS) by extension 'python'
[4.443s] Level 1:colcon.colcon_core.package_identification:_identify(hundredVehs/twoWay/NorthSouth/FIS) by extensions ['python_setup_py']
[4.444s] Level 1:colcon.colcon_core.package_identification:_identify(hundredVehs/twoWay/NorthSouth/FIS) by extension 'python_setup_py'
[4.444s] Level 1:colcon.colcon_core.package_identification:_identify(hundredVehs/twoWay/NorthSouth/SpdDst) by extensions ['ignore', 'ignore_ament_install']
[4.444s] Level 1:colcon.colcon_core.package_identification:_identify(hundredVehs/twoWay/NorthSouth/SpdDst) by extension 'ignore'
[4.444s] Level 1:colcon.colcon_core.package_identification:_identify(hundredVehs/twoWay/NorthSouth/SpdDst) by extension 'ignore_ament_install'
[4.445s] Level 1:colcon.colcon_core.package_identification:_identify(hundredVehs/twoWay/NorthSouth/SpdDst) by extensions ['colcon_pkg']
[4.445s] Level 1:colcon.colcon_core.package_identification:_identify(hundredVehs/twoWay/NorthSouth/SpdDst) by extension 'colcon_pkg'
[4.445s] Level 1:colcon.colcon_core.package_identification:_identify(hundredVehs/twoWay/NorthSouth/SpdDst) by extensions ['colcon_meta']
[4.445s] Level 1:colcon.colcon_core.package_identification:_identify(hundredVehs/twoWay/NorthSouth/SpdDst) by extension 'colcon_meta'
[4.445s] Level 1:colcon.colcon_core.package_identification:_identify(hundredVehs/twoWay/NorthSouth/SpdDst) by extensions ['ros']
[4.445s] Level 1:colcon.colcon_core.package_identification:_identify(hundredVehs/twoWay/NorthSouth/SpdDst) by extension 'ros'
[4.445s] Level 1:colcon.colcon_core.package_identification:_identify(hundredVehs/twoWay/NorthSouth/SpdDst) by extensions ['cmake', 'python']
[4.445s] Level 1:colcon.colcon_core.package_identification:_identify(hundredVehs/twoWay/NorthSouth/SpdDst) by extension 'cmake'
[4.445s] Level 1:colcon.colcon_core.package_identification:_identify(hundredVehs/twoWay/NorthSouth/SpdDst) by extension 'python'
[4.446s] Level 1:colcon.colcon_core.package_identification:_identify(hundredVehs/twoWay/NorthSouth/SpdDst) by extensions ['python_setup_py']
[4.446s] Level 1:colcon.colcon_core.package_identification:_identify(hundredVehs/twoWay/NorthSouth/SpdDst) by extension 'python_setup_py'
[4.446s] Level 1:colcon.colcon_core.package_identification:_identify(hundredVehs/twoWay/NorthSouth/Static) by extensions ['ignore', 'ignore_ament_install']
[4.446s] Level 1:colcon.colcon_core.package_identification:_identify(hundredVehs/twoWay/NorthSouth/Static) by extension 'ignore'
[4.446s] Level 1:colcon.colcon_core.package_identification:_identify(hundredVehs/twoWay/NorthSouth/Static) by extension 'ignore_ament_install'
[4.446s] Level 1:colcon.colcon_core.package_identification:_identify(hundredVehs/twoWay/NorthSouth/Static) by extensions ['colcon_pkg']
[4.446s] Level 1:colcon.colcon_core.package_identification:_identify(hundredVehs/twoWay/NorthSouth/Static) by extension 'colcon_pkg'
[4.446s] Level 1:colcon.colcon_core.package_identification:_identify(hundredVehs/twoWay/NorthSouth/Static) by extensions ['colcon_meta']
[4.446s] Level 1:colcon.colcon_core.package_identification:_identify(hundredVehs/twoWay/NorthSouth/Static) by extension 'colcon_meta'
[4.447s] Level 1:colcon.colcon_core.package_identification:_identify(hundredVehs/twoWay/NorthSouth/Static) by extensions ['ros']
[4.447s] Level 1:colcon.colcon_core.package_identification:_identify(hundredVehs/twoWay/NorthSouth/Static) by extension 'ros'
[4.447s] Level 1:colcon.colcon_core.package_identification:_identify(hundredVehs/twoWay/NorthSouth/Static) by extensions ['cmake', 'python']
[4.447s] Level 1:colcon.colcon_core.package_identification:_identify(hundredVehs/twoWay/NorthSouth/Static) by extension 'cmake'
[4.447s] Level 1:colcon.colcon_core.package_identification:_identify(hundredVehs/twoWay/NorthSouth/Static) by extension 'python'
[4.447s] Level 1:colcon.colcon_core.package_identification:_identify(hundredVehs/twoWay/NorthSouth/Static) by extensions ['python_setup_py']
[4.447s] Level 1:colcon.colcon_core.package_identification:_identify(hundredVehs/twoWay/NorthSouth/Static) by extension 'python_setup_py'
[4.447s] Level 1:colcon.colcon_core.package_identification:_identify(hundredVehs/twoWay/SpdDst) by extensions ['ignore', 'ignore_ament_install']
[4.448s] Level 1:colcon.colcon_core.package_identification:_identify(hundredVehs/twoWay/SpdDst) by extension 'ignore'
[4.448s] Level 1:colcon.colcon_core.package_identification:_identify(hundredVehs/twoWay/SpdDst) by extension 'ignore_ament_install'
[4.448s] Level 1:colcon.colcon_core.package_identification:_identify(hundredVehs/twoWay/SpdDst) by extensions ['colcon_pkg']
[4.448s] Level 1:colcon.colcon_core.package_identification:_identify(hundredVehs/twoWay/SpdDst) by extension 'colcon_pkg'
[4.448s] Level 1:colcon.colcon_core.package_identification:_identify(hundredVehs/twoWay/SpdDst) by extensions ['colcon_meta']
[4.448s] Level 1:colcon.colcon_core.package_identification:_identify(hundredVehs/twoWay/SpdDst) by extension 'colcon_meta'
[4.448s] Level 1:colcon.colcon_core.package_identification:_identify(hundredVehs/twoWay/SpdDst) by extensions ['ros']
[4.448s] Level 1:colcon.colcon_core.package_identification:_identify(hundredVehs/twoWay/SpdDst) by extension 'ros'
[4.448s] Level 1:colcon.colcon_core.package_identification:_identify(hundredVehs/twoWay/SpdDst) by extensions ['cmake', 'python']
[4.448s] Level 1:colcon.colcon_core.package_identification:_identify(hundredVehs/twoWay/SpdDst) by extension 'cmake'
[4.449s] Level 1:colcon.colcon_core.package_identification:_identify(hundredVehs/twoWay/SpdDst) by extension 'python'
[4.449s] Level 1:colcon.colcon_core.package_identification:_identify(hundredVehs/twoWay/SpdDst) by extensions ['python_setup_py']
[4.449s] Level 1:colcon.colcon_core.package_identification:_identify(hundredVehs/twoWay/SpdDst) by extension 'python_setup_py'
[4.449s] Level 1:colcon.colcon_core.package_identification:_identify(hundredVehs/twoWay/Static) by extensions ['ignore', 'ignore_ament_install']
[4.449s] Level 1:colcon.colcon_core.package_identification:_identify(hundredVehs/twoWay/Static) by extension 'ignore'
[4.449s] Level 1:colcon.colcon_core.package_identification:_identify(hundredVehs/twoWay/Static) by extension 'ignore_ament_install'
[4.449s] Level 1:colcon.colcon_core.package_identification:_identify(hundredVehs/twoWay/Static) by extensions ['colcon_pkg']
[4.449s] Level 1:colcon.colcon_core.package_identification:_identify(hundredVehs/twoWay/Static) by extension 'colcon_pkg'
[4.449s] Level 1:colcon.colcon_core.package_identification:_identify(hundredVehs/twoWay/Static) by extensions ['colcon_meta']
[4.449s] Level 1:colcon.colcon_core.package_identification:_identify(hundredVehs/twoWay/Static) by extension 'colcon_meta'
[4.449s] Level 1:colcon.colcon_core.package_identification:_identify(hundredVehs/twoWay/Static) by extensions ['ros']
[4.449s] Level 1:colcon.colcon_core.package_identification:_identify(hundredVehs/twoWay/Static) by extension 'ros'
[4.450s] Level 1:colcon.colcon_core.package_identification:_identify(hundredVehs/twoWay/Static) by extensions ['cmake', 'python']
[4.450s] Level 1:colcon.colcon_core.package_identification:_identify(hundredVehs/twoWay/Static) by extension 'cmake'
[4.450s] Level 1:colcon.colcon_core.package_identification:_identify(hundredVehs/twoWay/Static) by extension 'python'
[4.450s] Level 1:colcon.colcon_core.package_identification:_identify(hundredVehs/twoWay/Static) by extensions ['python_setup_py']
[4.450s] Level 1:colcon.colcon_core.package_identification:_identify(hundredVehs/twoWay/Static) by extension 'python_setup_py'
[4.450s] Level 1:colcon.colcon_core.package_identification:_identify(install) by extensions ['ignore', 'ignore_ament_install']
[4.450s] Level 1:colcon.colcon_core.package_identification:_identify(install) by extension 'ignore'
[4.450s] Level 1:colcon.colcon_core.package_identification:_identify(install) ignored
[4.450s] Level 1:colcon.colcon_core.package_identification:_identify(log) by extensions ['ignore', 'ignore_ament_install']
[4.451s] Level 1:colcon.colcon_core.package_identification:_identify(log) by extension 'ignore'
[4.451s] Level 1:colcon.colcon_core.package_identification:_identify(log) ignored
[4.451s] Level 1:colcon.colcon_core.package_identification:_identify(src) by extensions ['ignore', 'ignore_ament_install']
[4.451s] Level 1:colcon.colcon_core.package_identification:_identify(src) by extension 'ignore'
[4.451s] Level 1:colcon.colcon_core.package_identification:_identify(src) by extension 'ignore_ament_install'
[4.451s] Level 1:colcon.colcon_core.package_identification:_identify(src) by extensions ['colcon_pkg']
[4.451s] Level 1:colcon.colcon_core.package_identification:_identify(src) by extension 'colcon_pkg'
[4.451s] Level 1:colcon.colcon_core.package_identification:_identify(src) by extensions ['colcon_meta']
[4.451s] Level 1:colcon.colcon_core.package_identification:_identify(src) by extension 'colcon_meta'
[4.451s] Level 1:colcon.colcon_core.package_identification:_identify(src) by extensions ['ros']
[4.451s] Level 1:colcon.colcon_core.package_identification:_identify(src) by extension 'ros'
[4.452s] Level 1:colcon.colcon_core.package_identification:_identify(src) by extensions ['cmake', 'python']
[4.452s] Level 1:colcon.colcon_core.package_identification:_identify(src) by extension 'cmake'
[4.452s] Level 1:colcon.colcon_core.package_identification:_identify(src) by extension 'python'
[4.452s] Level 1:colcon.colcon_core.package_identification:_identify(src) by extensions ['python_setup_py']
[4.452s] Level 1:colcon.colcon_core.package_identification:_identify(src) by extension 'python_setup_py'
[4.452s] Level 1:colcon.colcon_core.package_identification:_identify(src/cim) by extensions ['ignore', 'ignore_ament_install']
[4.452s] Level 1:colcon.colcon_core.package_identification:_identify(src/cim) by extension 'ignore'
[4.452s] Level 1:colcon.colcon_core.package_identification:_identify(src/cim) by extension 'ignore_ament_install'
[4.453s] Level 1:colcon.colcon_core.package_identification:_identify(src/cim) by extensions ['colcon_pkg']
[4.453s] Level 1:colcon.colcon_core.package_identification:_identify(src/cim) by extension 'colcon_pkg'
[4.453s] Level 1:colcon.colcon_core.package_identification:_identify(src/cim) by extensions ['colcon_meta']
[4.453s] Level 1:colcon.colcon_core.package_identification:_identify(src/cim) by extension 'colcon_meta'
[4.453s] Level 1:colcon.colcon_core.package_identification:_identify(src/cim) by extensions ['ros']
[4.453s] Level 1:colcon.colcon_core.package_identification:_identify(src/cim) by extension 'ros'
[4.461s] DEBUG:colcon.colcon_core.package_identification:Package 'src/cim' with type 'ros.ament_python' and name 'cim'
[4.461s] Level 1:colcon.colcon_core.package_identification:_identify(src/dsrcmsg) by extensions ['ignore', 'ignore_ament_install']
[4.461s] Level 1:colcon.colcon_core.package_identification:_identify(src/dsrcmsg) by extension 'ignore'
[4.461s] Level 1:colcon.colcon_core.package_identification:_identify(src/dsrcmsg) by extension 'ignore_ament_install'
[4.461s] Level 1:colcon.colcon_core.package_identification:_identify(src/dsrcmsg) by extensions ['colcon_pkg']
[4.461s] Level 1:colcon.colcon_core.package_identification:_identify(src/dsrcmsg) by extension 'colcon_pkg'
[4.462s] Level 1:colcon.colcon_core.package_identification:_identify(src/dsrcmsg) by extensions ['colcon_meta']
[4.462s] Level 1:colcon.colcon_core.package_identification:_identify(src/dsrcmsg) by extension 'colcon_meta'
[4.462s] Level 1:colcon.colcon_core.package_identification:_identify(src/dsrcmsg) by extensions ['ros']
[4.462s] Level 1:colcon.colcon_core.package_identification:_identify(src/dsrcmsg) by extension 'ros'
[4.463s] DEBUG:colcon.colcon_core.package_identification:Package 'src/dsrcmsg' with type 'ros.ament_cmake' and name 'dsrcmsg'
[4.464s] Level 1:colcon.colcon_core.package_identification:_identify(src/onecim) by extensions ['ignore', 'ignore_ament_install']
[4.464s] Level 1:colcon.colcon_core.package_identification:_identify(src/onecim) by extension 'ignore'
[4.464s] Level 1:colcon.colcon_core.package_identification:_identify(src/onecim) by extension 'ignore_ament_install'
[4.464s] Level 1:colcon.colcon_core.package_identification:_identify(src/onecim) by extensions ['colcon_pkg']
[4.464s] Level 1:colcon.colcon_core.package_identification:_identify(src/onecim) by extension 'colcon_pkg'
[4.464s] Level 1:colcon.colcon_core.package_identification:_identify(src/onecim) by extensions ['colcon_meta']
[4.464s] Level 1:colcon.colcon_core.package_identification:_identify(src/onecim) by extension 'colcon_meta'
[4.464s] Level 1:colcon.colcon_core.package_identification:_identify(src/onecim) by extensions ['ros']
[4.464s] Level 1:colcon.colcon_core.package_identification:_identify(src/onecim) by extension 'ros'
[4.466s] DEBUG:colcon.colcon_core.package_identification:Package 'src/onecim' with type 'ros.ament_python' and name 'onecim'
[4.467s] Level 1:colcon.colcon_core.package_identification:_identify(src/reactivemethods) by extensions ['ignore', 'ignore_ament_install']
[4.467s] Level 1:colcon.colcon_core.package_identification:_identify(src/reactivemethods) by extension 'ignore'
[4.467s] Level 1:colcon.colcon_core.package_identification:_identify(src/reactivemethods) by extension 'ignore_ament_install'
[4.467s] Level 1:colcon.colcon_core.package_identification:_identify(src/reactivemethods) by extensions ['colcon_pkg']
[4.467s] Level 1:colcon.colcon_core.package_identification:_identify(src/reactivemethods) by extension 'colcon_pkg'
[4.468s] Level 1:colcon.colcon_core.package_identification:_identify(src/reactivemethods) by extensions ['colcon_meta']
[4.468s] Level 1:colcon.colcon_core.package_identification:_identify(src/reactivemethods) by extension 'colcon_meta'
[4.468s] Level 1:colcon.colcon_core.package_identification:_identify(src/reactivemethods) by extensions ['ros']
[4.468s] Level 1:colcon.colcon_core.package_identification:_identify(src/reactivemethods) by extension 'ros'
[4.469s] DEBUG:colcon.colcon_core.package_identification:Package 'src/reactivemethods' with type 'ros.ament_python' and name 'reactivemethods'
[4.470s] Level 1:colcon.colcon_core.package_identification:_identify(src/trafficrecord) by extensions ['ignore', 'ignore_ament_install']
[4.470s] Level 1:colcon.colcon_core.package_identification:_identify(src/trafficrecord) by extension 'ignore'
[4.470s] Level 1:colcon.colcon_core.package_identification:_identify(src/trafficrecord) by extension 'ignore_ament_install'
[4.470s] Level 1:colcon.colcon_core.package_identification:_identify(src/trafficrecord) by extensions ['colcon_pkg']
[4.470s] Level 1:colcon.colcon_core.package_identification:_identify(src/trafficrecord) by extension 'colcon_pkg'
[4.470s] Level 1:colcon.colcon_core.package_identification:_identify(src/trafficrecord) by extensions ['colcon_meta']
[4.470s] Level 1:colcon.colcon_core.package_identification:_identify(src/trafficrecord) by extension 'colcon_meta'
[4.471s] Level 1:colcon.colcon_core.package_identification:_identify(src/trafficrecord) by extensions ['ros']
[4.471s] Level 1:colcon.colcon_core.package_identification:_identify(src/trafficrecord) by extension 'ros'
[4.472s] DEBUG:colcon.colcon_core.package_identification:Package 'src/trafficrecord' with type 'ros.ament_cmake' and name 'trafficrecord'
[4.472s] Level 1:colcon.colcon_core.package_identification:_identify(twoHundred) by extensions ['ignore', 'ignore_ament_install']
[4.472s] Level 1:colcon.colcon_core.package_identification:_identify(twoHundred) by extension 'ignore'
[4.472s] Level 1:colcon.colcon_core.package_identification:_identify(twoHundred) by extension 'ignore_ament_install'
[4.473s] Level 1:colcon.colcon_core.package_identification:_identify(twoHundred) by extensions ['colcon_pkg']
[4.473s] Level 1:colcon.colcon_core.package_identification:_identify(twoHundred) by extension 'colcon_pkg'
[4.473s] Level 1:colcon.colcon_core.package_identification:_identify(twoHundred) by extensions ['colcon_meta']
[4.473s] Level 1:colcon.colcon_core.package_identification:_identify(twoHundred) by extension 'colcon_meta'
[4.473s] Level 1:colcon.colcon_core.package_identification:_identify(twoHundred) by extensions ['ros']
[4.473s] Level 1:colcon.colcon_core.package_identification:_identify(twoHundred) by extension 'ros'
[4.473s] Level 1:colcon.colcon_core.package_identification:_identify(twoHundred) by extensions ['cmake', 'python']
[4.473s] Level 1:colcon.colcon_core.package_identification:_identify(twoHundred) by extension 'cmake'
[4.473s] Level 1:colcon.colcon_core.package_identification:_identify(twoHundred) by extension 'python'
[4.473s] Level 1:colcon.colcon_core.package_identification:_identify(twoHundred) by extensions ['python_setup_py']
[4.474s] Level 1:colcon.colcon_core.package_identification:_identify(twoHundred) by extension 'python_setup_py'
[4.474s] Level 1:colcon.colcon_core.package_identification:_identify(twoHundred/fourWay) by extensions ['ignore', 'ignore_ament_install']
[4.474s] Level 1:colcon.colcon_core.package_identification:_identify(twoHundred/fourWay) by extension 'ignore'
[4.474s] Level 1:colcon.colcon_core.package_identification:_identify(twoHundred/fourWay) by extension 'ignore_ament_install'
[4.474s] Level 1:colcon.colcon_core.package_identification:_identify(twoHundred/fourWay) by extensions ['colcon_pkg']
[4.474s] Level 1:colcon.colcon_core.package_identification:_identify(twoHundred/fourWay) by extension 'colcon_pkg'
[4.475s] Level 1:colcon.colcon_core.package_identification:_identify(twoHundred/fourWay) by extensions ['colcon_meta']
[4.475s] Level 1:colcon.colcon_core.package_identification:_identify(twoHundred/fourWay) by extension 'colcon_meta'
[4.475s] Level 1:colcon.colcon_core.package_identification:_identify(twoHundred/fourWay) by extensions ['ros']
[4.475s] Level 1:colcon.colcon_core.package_identification:_identify(twoHundred/fourWay) by extension 'ros'
[4.475s] Level 1:colcon.colcon_core.package_identification:_identify(twoHundred/fourWay) by extensions ['cmake', 'python']
[4.475s] Level 1:colcon.colcon_core.package_identification:_identify(twoHundred/fourWay) by extension 'cmake'
[4.475s] Level 1:colcon.colcon_core.package_identification:_identify(twoHundred/fourWay) by extension 'python'
[4.475s] Level 1:colcon.colcon_core.package_identification:_identify(twoHundred/fourWay) by extensions ['python_setup_py']
[4.475s] Level 1:colcon.colcon_core.package_identification:_identify(twoHundred/fourWay) by extension 'python_setup_py'
[4.476s] Level 1:colcon.colcon_core.package_identification:_identify(twoHundred/fourWay/FIS) by extensions ['ignore', 'ignore_ament_install']
[4.476s] Level 1:colcon.colcon_core.package_identification:_identify(twoHundred/fourWay/FIS) by extension 'ignore'
[4.476s] Level 1:colcon.colcon_core.package_identification:_identify(twoHundred/fourWay/FIS) by extension 'ignore_ament_install'
[4.476s] Level 1:colcon.colcon_core.package_identification:_identify(twoHundred/fourWay/FIS) by extensions ['colcon_pkg']
[4.476s] Level 1:colcon.colcon_core.package_identification:_identify(twoHundred/fourWay/FIS) by extension 'colcon_pkg'
[4.476s] Level 1:colcon.colcon_core.package_identification:_identify(twoHundred/fourWay/FIS) by extensions ['colcon_meta']
[4.476s] Level 1:colcon.colcon_core.package_identification:_identify(twoHundred/fourWay/FIS) by extension 'colcon_meta'
[4.476s] Level 1:colcon.colcon_core.package_identification:_identify(twoHundred/fourWay/FIS) by extensions ['ros']
[4.477s] Level 1:colcon.colcon_core.package_identification:_identify(twoHundred/fourWay/FIS) by extension 'ros'
[4.477s] Level 1:colcon.colcon_core.package_identification:_identify(twoHundred/fourWay/FIS) by extensions ['cmake', 'python']
[4.477s] Level 1:colcon.colcon_core.package_identification:_identify(twoHundred/fourWay/FIS) by extension 'cmake'
[4.477s] Level 1:colcon.colcon_core.package_identification:_identify(twoHundred/fourWay/FIS) by extension 'python'
[4.477s] Level 1:colcon.colcon_core.package_identification:_identify(twoHundred/fourWay/FIS) by extensions ['python_setup_py']
[4.477s] Level 1:colcon.colcon_core.package_identification:_identify(twoHundred/fourWay/FIS) by extension 'python_setup_py'
[4.477s] Level 1:colcon.colcon_core.package_identification:_identify(twoHundred/fourWay/SpdDst) by extensions ['ignore', 'ignore_ament_install']
[4.478s] Level 1:colcon.colcon_core.package_identification:_identify(twoHundred/fourWay/SpdDst) by extension 'ignore'
[4.478s] Level 1:colcon.colcon_core.package_identification:_identify(twoHundred/fourWay/SpdDst) by extension 'ignore_ament_install'
[4.478s] Level 1:colcon.colcon_core.package_identification:_identify(twoHundred/fourWay/SpdDst) by extensions ['colcon_pkg']
[4.478s] Level 1:colcon.colcon_core.package_identification:_identify(twoHundred/fourWay/SpdDst) by extension 'colcon_pkg'
[4.478s] Level 1:colcon.colcon_core.package_identification:_identify(twoHundred/fourWay/SpdDst) by extensions ['colcon_meta']
[4.478s] Level 1:colcon.colcon_core.package_identification:_identify(twoHundred/fourWay/SpdDst) by extension 'colcon_meta'
[4.478s] Level 1:colcon.colcon_core.package_identification:_identify(twoHundred/fourWay/SpdDst) by extensions ['ros']
[4.478s] Level 1:colcon.colcon_core.package_identification:_identify(twoHundred/fourWay/SpdDst) by extension 'ros'
[4.478s] Level 1:colcon.colcon_core.package_identification:_identify(twoHundred/fourWay/SpdDst) by extensions ['cmake', 'python']
[4.478s] Level 1:colcon.colcon_core.package_identification:_identify(twoHundred/fourWay/SpdDst) by extension 'cmake'
[4.478s] Level 1:colcon.colcon_core.package_identification:_identify(twoHundred/fourWay/SpdDst) by extension 'python'
[4.478s] Level 1:colcon.colcon_core.package_identification:_identify(twoHundred/fourWay/SpdDst) by extensions ['python_setup_py']
[4.478s] Level 1:colcon.colcon_core.package_identification:_identify(twoHundred/fourWay/SpdDst) by extension 'python_setup_py'
[4.479s] Level 1:colcon.colcon_core.package_identification:_identify(twoHundred/fourWay/Static) by extensions ['ignore', 'ignore_ament_install']
[4.479s] Level 1:colcon.colcon_core.package_identification:_identify(twoHundred/fourWay/Static) by extension 'ignore'
[4.479s] Level 1:colcon.colcon_core.package_identification:_identify(twoHundred/fourWay/Static) by extension 'ignore_ament_install'
[4.479s] Level 1:colcon.colcon_core.package_identification:_identify(twoHundred/fourWay/Static) by extensions ['colcon_pkg']
[4.479s] Level 1:colcon.colcon_core.package_identification:_identify(twoHundred/fourWay/Static) by extension 'colcon_pkg'
[4.479s] Level 1:colcon.colcon_core.package_identification:_identify(twoHundred/fourWay/Static) by extensions ['colcon_meta']
[4.479s] Level 1:colcon.colcon_core.package_identification:_identify(twoHundred/fourWay/Static) by extension 'colcon_meta'
[4.479s] Level 1:colcon.colcon_core.package_identification:_identify(twoHundred/fourWay/Static) by extensions ['ros']
[4.480s] Level 1:colcon.colcon_core.package_identification:_identify(twoHundred/fourWay/Static) by extension 'ros'
[4.480s] Level 1:colcon.colcon_core.package_identification:_identify(twoHundred/fourWay/Static) by extensions ['cmake', 'python']
[4.480s] Level 1:colcon.colcon_core.package_identification:_identify(twoHundred/fourWay/Static) by extension 'cmake'
[4.480s] Level 1:colcon.colcon_core.package_identification:_identify(twoHundred/fourWay/Static) by extension 'python'
[4.480s] Level 1:colcon.colcon_core.package_identification:_identify(twoHundred/fourWay/Static) by extensions ['python_setup_py']
[4.480s] Level 1:colcon.colcon_core.package_identification:_identify(twoHundred/fourWay/Static) by extension 'python_setup_py'
[4.480s] Level 1:colcon.colcon_core.package_identification:_identify(twoHundred/twoWay) by extensions ['ignore', 'ignore_ament_install']
[4.481s] Level 1:colcon.colcon_core.package_identification:_identify(twoHundred/twoWay) by extension 'ignore'
[4.481s] Level 1:colcon.colcon_core.package_identification:_identify(twoHundred/twoWay) by extension 'ignore_ament_install'
[4.481s] Level 1:colcon.colcon_core.package_identification:_identify(twoHundred/twoWay) by extensions ['colcon_pkg']
[4.481s] Level 1:colcon.colcon_core.package_identification:_identify(twoHundred/twoWay) by extension 'colcon_pkg'
[4.481s] Level 1:colcon.colcon_core.package_identification:_identify(twoHundred/twoWay) by extensions ['colcon_meta']
[4.481s] Level 1:colcon.colcon_core.package_identification:_identify(twoHundred/twoWay) by extension 'colcon_meta'
[4.481s] Level 1:colcon.colcon_core.package_identification:_identify(twoHundred/twoWay) by extensions ['ros']
[4.481s] Level 1:colcon.colcon_core.package_identification:_identify(twoHundred/twoWay) by extension 'ros'
[4.481s] Level 1:colcon.colcon_core.package_identification:_identify(twoHundred/twoWay) by extensions ['cmake', 'python']
[4.481s] Level 1:colcon.colcon_core.package_identification:_identify(twoHundred/twoWay) by extension 'cmake'
[4.481s] Level 1:colcon.colcon_core.package_identification:_identify(twoHundred/twoWay) by extension 'python'
[4.481s] Level 1:colcon.colcon_core.package_identification:_identify(twoHundred/twoWay) by extensions ['python_setup_py']
[4.481s] Level 1:colcon.colcon_core.package_identification:_identify(twoHundred/twoWay) by extension 'python_setup_py'
[4.482s] Level 1:colcon.colcon_core.package_identification:_identify(twoHundred/twoWay/FIS) by extensions ['ignore', 'ignore_ament_install']
[4.482s] Level 1:colcon.colcon_core.package_identification:_identify(twoHundred/twoWay/FIS) by extension 'ignore'
[4.482s] Level 1:colcon.colcon_core.package_identification:_identify(twoHundred/twoWay/FIS) by extension 'ignore_ament_install'
[4.482s] Level 1:colcon.colcon_core.package_identification:_identify(twoHundred/twoWay/FIS) by extensions ['colcon_pkg']
[4.482s] Level 1:colcon.colcon_core.package_identification:_identify(twoHundred/twoWay/FIS) by extension 'colcon_pkg'
[4.482s] Level 1:colcon.colcon_core.package_identification:_identify(twoHundred/twoWay/FIS) by extensions ['colcon_meta']
[4.482s] Level 1:colcon.colcon_core.package_identification:_identify(twoHundred/twoWay/FIS) by extension 'colcon_meta'
[4.482s] Level 1:colcon.colcon_core.package_identification:_identify(twoHundred/twoWay/FIS) by extensions ['ros']
[4.482s] Level 1:colcon.colcon_core.package_identification:_identify(twoHundred/twoWay/FIS) by extension 'ros'
[4.482s] Level 1:colcon.colcon_core.package_identification:_identify(twoHundred/twoWay/FIS) by extensions ['cmake', 'python']
[4.482s] Level 1:colcon.colcon_core.package_identification:_identify(twoHundred/twoWay/FIS) by extension 'cmake'
[4.482s] Level 1:colcon.colcon_core.package_identification:_identify(twoHundred/twoWay/FIS) by extension 'python'
[4.482s] Level 1:colcon.colcon_core.package_identification:_identify(twoHundred/twoWay/FIS) by extensions ['python_setup_py']
[4.483s] Level 1:colcon.colcon_core.package_identification:_identify(twoHundred/twoWay/FIS) by extension 'python_setup_py'
[4.483s] Level 1:colcon.colcon_core.package_identification:_identify(twoHundred/twoWay/SouthNorth) by extensions ['ignore', 'ignore_ament_install']
[4.483s] Level 1:colcon.colcon_core.package_identification:_identify(twoHundred/twoWay/SouthNorth) by extension 'ignore'
[4.483s] Level 1:colcon.colcon_core.package_identification:_identify(twoHundred/twoWay/SouthNorth) by extension 'ignore_ament_install'
[4.483s] Level 1:colcon.colcon_core.package_identification:_identify(twoHundred/twoWay/SouthNorth) by extensions ['colcon_pkg']
[4.483s] Level 1:colcon.colcon_core.package_identification:_identify(twoHundred/twoWay/SouthNorth) by extension 'colcon_pkg'
[4.483s] Level 1:colcon.colcon_core.package_identification:_identify(twoHundred/twoWay/SouthNorth) by extensions ['colcon_meta']
[4.483s] Level 1:colcon.colcon_core.package_identification:_identify(twoHundred/twoWay/SouthNorth) by extension 'colcon_meta'
[4.484s] Level 1:colcon.colcon_core.package_identification:_identify(twoHundred/twoWay/SouthNorth) by extensions ['ros']
[4.484s] Level 1:colcon.colcon_core.package_identification:_identify(twoHundred/twoWay/SouthNorth) by extension 'ros'
[4.484s] Level 1:colcon.colcon_core.package_identification:_identify(twoHundred/twoWay/SouthNorth) by extensions ['cmake', 'python']
[4.484s] Level 1:colcon.colcon_core.package_identification:_identify(twoHundred/twoWay/SouthNorth) by extension 'cmake'
[4.484s] Level 1:colcon.colcon_core.package_identification:_identify(twoHundred/twoWay/SouthNorth) by extension 'python'
[4.484s] Level 1:colcon.colcon_core.package_identification:_identify(twoHundred/twoWay/SouthNorth) by extensions ['python_setup_py']
[4.484s] Level 1:colcon.colcon_core.package_identification:_identify(twoHundred/twoWay/SouthNorth) by extension 'python_setup_py'
[4.485s] Level 1:colcon.colcon_core.package_identification:_identify(twoHundred/twoWay/SouthNorth/FIS) by extensions ['ignore', 'ignore_ament_install']
[4.485s] Level 1:colcon.colcon_core.package_identification:_identify(twoHundred/twoWay/SouthNorth/FIS) by extension 'ignore'
[4.485s] Level 1:colcon.colcon_core.package_identification:_identify(twoHundred/twoWay/SouthNorth/FIS) by extension 'ignore_ament_install'
[4.485s] Level 1:colcon.colcon_core.package_identification:_identify(twoHundred/twoWay/SouthNorth/FIS) by extensions ['colcon_pkg']
[4.485s] Level 1:colcon.colcon_core.package_identification:_identify(twoHundred/twoWay/SouthNorth/FIS) by extension 'colcon_pkg'
[4.485s] Level 1:colcon.colcon_core.package_identification:_identify(twoHundred/twoWay/SouthNorth/FIS) by extensions ['colcon_meta']
[4.485s] Level 1:colcon.colcon_core.package_identification:_identify(twoHundred/twoWay/SouthNorth/FIS) by extension 'colcon_meta'
[4.485s] Level 1:colcon.colcon_core.package_identification:_identify(twoHundred/twoWay/SouthNorth/FIS) by extensions ['ros']
[4.486s] Level 1:colcon.colcon_core.package_identification:_identify(twoHundred/twoWay/SouthNorth/FIS) by extension 'ros'
[4.486s] Level 1:colcon.colcon_core.package_identification:_identify(twoHundred/twoWay/SouthNorth/FIS) by extensions ['cmake', 'python']
[4.486s] Level 1:colcon.colcon_core.package_identification:_identify(twoHundred/twoWay/SouthNorth/FIS) by extension 'cmake'
[4.486s] Level 1:colcon.colcon_core.package_identification:_identify(twoHundred/twoWay/SouthNorth/FIS) by extension 'python'
[4.486s] Level 1:colcon.colcon_core.package_identification:_identify(twoHundred/twoWay/SouthNorth/FIS) by extensions ['python_setup_py']
[4.486s] Level 1:colcon.colcon_core.package_identification:_identify(twoHundred/twoWay/SouthNorth/FIS) by extension 'python_setup_py'
[4.486s] Level 1:colcon.colcon_core.package_identification:_identify(twoHundred/twoWay/SouthNorth/SpdDst) by extensions ['ignore', 'ignore_ament_install']
[4.487s] Level 1:colcon.colcon_core.package_identification:_identify(twoHundred/twoWay/SouthNorth/SpdDst) by extension 'ignore'
[4.487s] Level 1:colcon.colcon_core.package_identification:_identify(twoHundred/twoWay/SouthNorth/SpdDst) by extension 'ignore_ament_install'
[4.487s] Level 1:colcon.colcon_core.package_identification:_identify(twoHundred/twoWay/SouthNorth/SpdDst) by extensions ['colcon_pkg']
[4.487s] Level 1:colcon.colcon_core.package_identification:_identify(twoHundred/twoWay/SouthNorth/SpdDst) by extension 'colcon_pkg'
[4.487s] Level 1:colcon.colcon_core.package_identification:_identify(twoHundred/twoWay/SouthNorth/SpdDst) by extensions ['colcon_meta']
[4.487s] Level 1:colcon.colcon_core.package_identification:_identify(twoHundred/twoWay/SouthNorth/SpdDst) by extension 'colcon_meta'
[4.487s] Level 1:colcon.colcon_core.package_identification:_identify(twoHundred/twoWay/SouthNorth/SpdDst) by extensions ['ros']
[4.487s] Level 1:colcon.colcon_core.package_identification:_identify(twoHundred/twoWay/SouthNorth/SpdDst) by extension 'ros'
[4.487s] Level 1:colcon.colcon_core.package_identification:_identify(twoHundred/twoWay/SouthNorth/SpdDst) by extensions ['cmake', 'python']
[4.487s] Level 1:colcon.colcon_core.package_identification:_identify(twoHundred/twoWay/SouthNorth/SpdDst) by extension 'cmake'
[4.491s] Level 1:colcon.colcon_core.package_identification:_identify(twoHundred/twoWay/SouthNorth/SpdDst) by extension 'python'
[4.492s] Level 1:colcon.colcon_core.package_identification:_identify(twoHundred/twoWay/SouthNorth/SpdDst) by extensions ['python_setup_py']
[4.492s] Level 1:colcon.colcon_core.package_identification:_identify(twoHundred/twoWay/SouthNorth/SpdDst) by extension 'python_setup_py'
[4.492s] Level 1:colcon.colcon_core.package_identification:_identify(twoHundred/twoWay/SouthNorth/Static) by extensions ['ignore', 'ignore_ament_install']
[4.492s] Level 1:colcon.colcon_core.package_identification:_identify(twoHundred/twoWay/SouthNorth/Static) by extension 'ignore'
[4.492s] Level 1:colcon.colcon_core.package_identification:_identify(twoHundred/twoWay/SouthNorth/Static) by extension 'ignore_ament_install'
[4.492s] Level 1:colcon.colcon_core.package_identification:_identify(twoHundred/twoWay/SouthNorth/Static) by extensions ['colcon_pkg']
[4.493s] Level 1:colcon.colcon_core.package_identification:_identify(twoHundred/twoWay/SouthNorth/Static) by extension 'colcon_pkg'
[4.493s] Level 1:colcon.colcon_core.package_identification:_identify(twoHundred/twoWay/SouthNorth/Static) by extensions ['colcon_meta']
[4.493s] Level 1:colcon.colcon_core.package_identification:_identify(twoHundred/twoWay/SouthNorth/Static) by extension 'colcon_meta'
[4.493s] Level 1:colcon.colcon_core.package_identification:_identify(twoHundred/twoWay/SouthNorth/Static) by extensions ['ros']
[4.493s] Level 1:colcon.colcon_core.package_identification:_identify(twoHundred/twoWay/SouthNorth/Static) by extension 'ros'
[4.493s] Level 1:colcon.colcon_core.package_identification:_identify(twoHundred/twoWay/SouthNorth/Static) by extensions ['cmake', 'python']
[4.493s] Level 1:colcon.colcon_core.package_identification:_identify(twoHundred/twoWay/SouthNorth/Static) by extension 'cmake'
[4.493s] Level 1:colcon.colcon_core.package_identification:_identify(twoHundred/twoWay/SouthNorth/Static) by extension 'python'
[4.493s] Level 1:colcon.colcon_core.package_identification:_identify(twoHundred/twoWay/SouthNorth/Static) by extensions ['python_setup_py']
[4.493s] Level 1:colcon.colcon_core.package_identification:_identify(twoHundred/twoWay/SouthNorth/Static) by extension 'python_setup_py'
[4.494s] Level 1:colcon.colcon_core.package_identification:_identify(twoHundred/twoWay/SpdDst) by extensions ['ignore', 'ignore_ament_install']
[4.494s] Level 1:colcon.colcon_core.package_identification:_identify(twoHundred/twoWay/SpdDst) by extension 'ignore'
[4.494s] Level 1:colcon.colcon_core.package_identification:_identify(twoHundred/twoWay/SpdDst) by extension 'ignore_ament_install'
[4.494s] Level 1:colcon.colcon_core.package_identification:_identify(twoHundred/twoWay/SpdDst) by extensions ['colcon_pkg']
[4.494s] Level 1:colcon.colcon_core.package_identification:_identify(twoHundred/twoWay/SpdDst) by extension 'colcon_pkg'
[4.494s] Level 1:colcon.colcon_core.package_identification:_identify(twoHundred/twoWay/SpdDst) by extensions ['colcon_meta']
[4.494s] Level 1:colcon.colcon_core.package_identification:_identify(twoHundred/twoWay/SpdDst) by extension 'colcon_meta'
[4.494s] Level 1:colcon.colcon_core.package_identification:_identify(twoHundred/twoWay/SpdDst) by extensions ['ros']
[4.494s] Level 1:colcon.colcon_core.package_identification:_identify(twoHundred/twoWay/SpdDst) by extension 'ros'
[4.495s] Level 1:colcon.colcon_core.package_identification:_identify(twoHundred/twoWay/SpdDst) by extensions ['cmake', 'python']
[4.495s] Level 1:colcon.colcon_core.package_identification:_identify(twoHundred/twoWay/SpdDst) by extension 'cmake'
[4.495s] Level 1:colcon.colcon_core.package_identification:_identify(twoHundred/twoWay/SpdDst) by extension 'python'
[4.495s] Level 1:colcon.colcon_core.package_identification:_identify(twoHundred/twoWay/SpdDst) by extensions ['python_setup_py']
[4.495s] Level 1:colcon.colcon_core.package_identification:_identify(twoHundred/twoWay/SpdDst) by extension 'python_setup_py'
[4.495s] Level 1:colcon.colcon_core.package_identification:_identify(twoHundred/twoWay/Static) by extensions ['ignore', 'ignore_ament_install']
[4.495s] Level 1:colcon.colcon_core.package_identification:_identify(twoHundred/twoWay/Static) by extension 'ignore'
[4.495s] Level 1:colcon.colcon_core.package_identification:_identify(twoHundred/twoWay/Static) by extension 'ignore_ament_install'
[4.496s] Level 1:colcon.colcon_core.package_identification:_identify(twoHundred/twoWay/Static) by extensions ['colcon_pkg']
[4.496s] Level 1:colcon.colcon_core.package_identification:_identify(twoHundred/twoWay/Static) by extension 'colcon_pkg'
[4.496s] Level 1:colcon.colcon_core.package_identification:_identify(twoHundred/twoWay/Static) by extensions ['colcon_meta']
[4.496s] Level 1:colcon.colcon_core.package_identification:_identify(twoHundred/twoWay/Static) by extension 'colcon_meta'
[4.496s] Level 1:colcon.colcon_core.package_identification:_identify(twoHundred/twoWay/Static) by extensions ['ros']
[4.496s] Level 1:colcon.colcon_core.package_identification:_identify(twoHundred/twoWay/Static) by extension 'ros'
[4.496s] Level 1:colcon.colcon_core.package_identification:_identify(twoHundred/twoWay/Static) by extensions ['cmake', 'python']
[4.496s] Level 1:colcon.colcon_core.package_identification:_identify(twoHundred/twoWay/Static) by extension 'cmake'
[4.496s] Level 1:colcon.colcon_core.package_identification:_identify(twoHundred/twoWay/Static) by extension 'python'
[4.496s] Level 1:colcon.colcon_core.package_identification:_identify(twoHundred/twoWay/Static) by extensions ['python_setup_py']
[4.497s] Level 1:colcon.colcon_core.package_identification:_identify(twoHundred/twoWay/Static) by extension 'python_setup_py'
[4.497s] Level 1:colcon.colcon_core.package_discovery:discover_packages(recursive) using defaults
[4.497s] Level 1:colcon.colcon_core.package_discovery:discover_packages(ignore) discover
[4.497s] Level 1:colcon.colcon_core.package_discovery:discover_packages(ignore) using defaults
[4.497s] Level 1:colcon.colcon_core.package_discovery:discover_packages(path) discover
[4.497s] Level 1:colcon.colcon_core.package_discovery:discover_packages(path) using defaults
[4.771s] INFO:colcon.colcon_core.package_selection:Skipping not selected package 'dsrcmsg' in 'src/dsrcmsg'
[4.771s] INFO:colcon.colcon_core.package_selection:Skipping not selected package 'trafficrecord' in 'src/trafficrecord'
[4.771s] INFO:colcon.colcon_core.package_selection:Skipping not selected package 'cim' in 'src/cim'
[4.771s] INFO:colcon.colcon_core.package_selection:Skipping not selected package 'reactivemethods' in 'src/reactivemethods'
[4.921s] Level 1:colcon.colcon_core.package_discovery:discover_packages(prefix_path) check parameters
[4.921s] Level 1:colcon.colcon_core.package_discovery:discover_packages(prefix_path) discover
[5.079s] DEBUG:colcon.colcon_installed_package_information.package_discovery:Found 5 installed packages in /home/babangida/ros_ws/install
[5.148s] DEBUG:colcon.colcon_installed_package_information.package_discovery:Found 289 installed packages in /opt/ros/foxy
[5.149s] Level 1:colcon.colcon_core.package_discovery:discover_packages(prefix_path) using defaults
[5.486s] Level 5:colcon.colcon_core.verb:set package 'onecim' build argument 'cmake_args' from command line to 'None'
[5.487s] Level 5:colcon.colcon_core.verb:set package 'onecim' build argument 'cmake_target' from command line to 'None'
[5.487s] Level 5:colcon.colcon_core.verb:set package 'onecim' build argument 'cmake_target_skip_unavailable' from command line to 'False'
[5.487s] Level 5:colcon.colcon_core.verb:set package 'onecim' build argument 'cmake_clean_cache' from command line to 'False'
[5.487s] Level 5:colcon.colcon_core.verb:set package 'onecim' build argument 'cmake_clean_first' from command line to 'False'
[5.487s] Level 5:colcon.colcon_core.verb:set package 'onecim' build argument 'cmake_force_configure' from command line to 'False'
[5.487s] Level 5:colcon.colcon_core.verb:set package 'onecim' build argument 'ament_cmake_args' from command line to 'None'
[5.487s] Level 5:colcon.colcon_core.verb:set package 'onecim' build argument 'catkin_cmake_args' from command line to 'None'
[5.487s] Level 5:colcon.colcon_core.verb:set package 'onecim' build argument 'catkin_skip_building_tests' from command line to 'False'
[5.487s] DEBUG:colcon.colcon_core.verb:Building package 'onecim' with the following arguments: {'ament_cmake_args': None, 'build_base': '/home/babangida/ros_ws/build/onecim', 'catkin_cmake_args': None, 'catkin_skip_building_tests': False, 'cmake_args': None, 'cmake_clean_cache': False, 'cmake_clean_first': False, 'cmake_force_configure': False, 'cmake_target': None, 'cmake_target_skip_unavailable': False, 'install_base': '/home/babangida/ros_ws/install/onecim', 'merge_install': False, 'path': '/home/babangida/ros_ws/src/onecim', 'symlink_install': True, 'test_result_base': None}
[5.554s] INFO:colcon.colcon_core.executor:Executing jobs using 'parallel' executor
[5.621s] DEBUG:colcon.colcon_parallel_executor.executor.parallel:run_until_complete
[5.622s] INFO:colcon.colcon_ros.task.ament_python.build:Building ROS package in '/home/babangida/ros_ws/src/onecim' with build type 'ament_python'
[5.622s] Level 1:colcon.colcon_core.shell:create_environment_hook('onecim', 'ament_prefix_path')
[5.697s] INFO:colcon.colcon_core.plugin_system:Skipping extension 'colcon_core.shell.bat': Not used on non-Windows systems
[5.697s] INFO:colcon.colcon_core.shell:Creating environment hook '/home/babangida/ros_ws/install/onecim/share/onecim/hook/ament_prefix_path.ps1'
[5.698s] INFO:colcon.colcon_core.shell:Creating environment descriptor '/home/babangida/ros_ws/install/onecim/share/onecim/hook/ament_prefix_path.dsv'
[5.699s] INFO:colcon.colcon_core.shell:Creating environment hook '/home/babangida/ros_ws/install/onecim/share/onecim/hook/ament_prefix_path.sh'
[5.790s] INFO:colcon.colcon_core.shell:Skip shell extension 'powershell' for command environment: Not usable outside of PowerShell
[5.790s] DEBUG:colcon.colcon_core.shell:Skip shell extension 'dsv' for command environment
[6.892s] INFO:colcon.colcon_core.task.python.build:Building Python package in '/home/babangida/ros_ws/src/onecim'
[6.976s] INFO:colcon.colcon_core.shell:Skip shell extension 'powershell' for command environment: Not usable outside of PowerShell
[6.977s] DEBUG:colcon.colcon_core.shell:Skip shell extension 'dsv' for command environment
[8.401s] DEBUG:colcon.colcon_core.event_handler.log_command:Invoking command in '/home/babangida/ros_ws/build/onecim': PYTHONPATH=/home/babangida/ros_ws/build/onecim/prefix_override:/home/babangida/ros_ws/install/onecim/lib/python3.8/site-packages:/home/babangida/ros_ws/install/trafficrecord/lib/python3.8/site-packages:/home/babangida/ros_ws/install/dsrcmsg/lib/python3.8/site-packages:/home/babangida/ros_ws/build/onecim:/home/babangida/ros_ws/install/onecim/lib/python3.8/site-packages:/home/babangida/ros_ws/install/cim/lib/python3.8/site-packages:/home/babangida/ros_ws/build/reactivemethods:/home/babangida/ros_ws/install/reactivemethods/lib/python3.8/site-packages:/opt/ros/foxy/lib/python3.8/site-packages /usr/bin/python3 setup.py develop --editable --build-directory /home/babangida/ros_ws/build/onecim/build --no-deps install_data
[9.139s] Level 1:colcon.colcon_core.shell:create_environment_hook('onecim', 'pythonpath_develop')
[9.140s] DEBUG:colcon.colcon_core.event_handler.log_command:Invoked command in '/home/babangida/ros_ws/build/onecim' returned '0': PYTHONPATH=/home/babangida/ros_ws/build/onecim/prefix_override:/home/babangida/ros_ws/install/onecim/lib/python3.8/site-packages:/home/babangida/ros_ws/install/trafficrecord/lib/python3.8/site-packages:/home/babangida/ros_ws/install/dsrcmsg/lib/python3.8/site-packages:/home/babangida/ros_ws/build/onecim:/home/babangida/ros_ws/install/onecim/lib/python3.8/site-packages:/home/babangida/ros_ws/install/cim/lib/python3.8/site-packages:/home/babangida/ros_ws/build/reactivemethods:/home/babangida/ros_ws/install/reactivemethods/lib/python3.8/site-packages:/opt/ros/foxy/lib/python3.8/site-packages /usr/bin/python3 setup.py develop --editable --build-directory /home/babangida/ros_ws/build/onecim/build --no-deps install_data
[9.214s] INFO:colcon.colcon_core.shell:Creating environment hook '/home/babangida/ros_ws/build/onecim/share/onecim/hook/pythonpath_develop.ps1'
[9.215s] INFO:colcon.colcon_core.shell:Creating environment descriptor '/home/babangida/ros_ws/build/onecim/share/onecim/hook/pythonpath_develop.dsv'
[9.216s] INFO:colcon.colcon_core.shell:Creating environment hook '/home/babangida/ros_ws/build/onecim/share/onecim/hook/pythonpath_develop.sh'
[9.292s] Level 1:colcon.colcon_core.environment:checking '/home/babangida/ros_ws/install/onecim' for CMake module files
[9.294s] Level 1:colcon.colcon_core.environment:checking '/home/babangida/ros_ws/install/onecim' for CMake config files
[9.296s] Level 1:colcon.colcon_core.environment:checking '/home/babangida/ros_ws/install/onecim/lib'
[9.296s] Level 1:colcon.colcon_core.environment:checking '/home/babangida/ros_ws/install/onecim/bin'
[9.296s] Level 1:colcon.colcon_core.environment:checking '/home/babangida/ros_ws/install/onecim/lib/pkgconfig/onecim.pc'
[9.297s] Level 1:colcon.colcon_core.environment:checking '/home/babangida/ros_ws/install/onecim/lib/python3.8/site-packages'
[9.297s] Level 1:colcon.colcon_core.shell:create_environment_hook('onecim', 'pythonpath')
[9.371s] INFO:colcon.colcon_core.shell:Creating environment hook '/home/babangida/ros_ws/install/onecim/share/onecim/hook/pythonpath.ps1'
[9.372s] INFO:colcon.colcon_core.shell:Creating environment descriptor '/home/babangida/ros_ws/install/onecim/share/onecim/hook/pythonpath.dsv'
[9.373s] INFO:colcon.colcon_core.shell:Creating environment hook '/home/babangida/ros_ws/install/onecim/share/onecim/hook/pythonpath.sh'
[9.373s] Level 1:colcon.colcon_core.environment:checking '/home/babangida/ros_ws/install/onecim/bin'
[9.373s] Level 1:colcon.colcon_core.environment:create_environment_scripts_only(onecim)
[9.445s] INFO:colcon.colcon_core.shell:Creating package script '/home/babangida/ros_ws/install/onecim/share/onecim/package.ps1'
[9.447s] INFO:colcon.colcon_core.shell:Creating package descriptor '/home/babangida/ros_ws/install/onecim/share/onecim/package.dsv'
[9.448s] INFO:colcon.colcon_core.shell:Creating package script '/home/babangida/ros_ws/install/onecim/share/onecim/package.sh'
[9.450s] INFO:colcon.colcon_core.shell:Creating package script '/home/babangida/ros_ws/install/onecim/share/onecim/package.bash'
[9.452s] INFO:colcon.colcon_core.shell:Creating package script '/home/babangida/ros_ws/install/onecim/share/onecim/package.zsh'
[9.454s] Level 1:colcon.colcon_core.environment:create_file_with_runtime_dependencies(/home/babangida/ros_ws/install/onecim/share/colcon-core/packages/onecim)
[9.455s] DEBUG:colcon.colcon_parallel_executor.executor.parallel:closing loop
[9.456s] DEBUG:colcon.colcon_parallel_executor.executor.parallel:loop closed
[9.456s] DEBUG:colcon.colcon_parallel_executor.executor.parallel:run_until_complete finished with '0'
[9.456s] DEBUG:colcon.colcon_core.event_reactor:joining thread
[9.651s] INFO:colcon.colcon_core.plugin_system:Skipping extension 'colcon_notification.desktop_notification.notify_send': Could not find 'notify-send'
[9.651s] INFO:colcon.colcon_core.plugin_system:Skipping extension 'colcon_notification.desktop_notification.terminal_notifier': Not used on non-Darwin systems
[9.652s] INFO:colcon.colcon_core.plugin_system:Skipping extension 'colcon_notification.desktop_notification.win32': Not used on non-Windows systems
[9.652s] INFO:colcon.colcon_notification.desktop_notification:Sending desktop notification using 'notify2'
[9.661s] DEBUG:colcon.colcon_notification.desktop_notification.notify2:Failed to initialize notify2: org.freedesktop.DBus.Error.ServiceUnknown: The name org.freedesktop.Notifications was not provided by any .service files
[9.661s] DEBUG:colcon.colcon_core.event_reactor:joined thread
[9.735s] INFO:colcon.colcon_core.shell:Creating prefix script '/home/babangida/ros_ws/install/local_setup.ps1'
[9.737s] INFO:colcon.colcon_core.shell:Creating prefix util module '/home/babangida/ros_ws/install/_local_setup_util_ps1.py'
[9.740s] INFO:colcon.colcon_core.shell:Creating prefix chain script '/home/babangida/ros_ws/install/setup.ps1'
[9.810s] INFO:colcon.colcon_core.shell:Creating prefix script '/home/babangida/ros_ws/install/local_setup.sh'
[9.811s] INFO:colcon.colcon_core.shell:Creating prefix util module '/home/babangida/ros_ws/install/_local_setup_util_sh.py'
[9.812s] INFO:colcon.colcon_core.shell:Creating prefix chain script '/home/babangida/ros_ws/install/setup.sh'
[9.886s] INFO:colcon.colcon_core.shell:Creating prefix script '/home/babangida/ros_ws/install/local_setup.bash'
[9.887s] INFO:colcon.colcon_core.shell:Creating prefix chain script '/home/babangida/ros_ws/install/setup.bash'
[9.966s] INFO:colcon.colcon_core.shell:Creating prefix script '/home/babangida/ros_ws/install/local_setup.zsh'
[9.967s] INFO:colcon.colcon_core.shell:Creating prefix chain script '/home/babangida/ros_ws/install/setup.zsh'
