[6.063s] DEBUG:colcon:Command line arguments: ['/usr/bin/colcon', 'build', '--packages-select', 'onecim', '--symlink-install']
[6.063s] DEBUG:colcon:Parsed command line arguments: Namespace(allow_overriding=[], ament_cmake_args=None, base_paths=['.'], build_base='build', catkin_cmake_args=None, catkin_skip_building_tests=False, cmake_args=None, cmake_clean_cache=False, cmake_clean_first=False, cmake_force_configure=False, cmake_target=None, cmake_target_skip_unavailable=False, continue_on_error=False, event_handlers=None, executor='parallel', ignore_user_meta=False, install_base='install', log_base=None, log_level=None, main=<bound method BuildVerb.main of <colcon_core.verb.build.BuildVerb object at 0x7fb0a3fb9d60>>, merge_install=False, metas=['./colcon.meta'], packages_above=None, packages_above_and_dependencies=None, packages_above_depth=None, packages_end=None, packages_ignore=None, packages_ignore_regex=None, packages_select=['onecim'], packages_select_build_failed=False, packages_select_by_dep=None, packages_select_regex=None, packages_select_test_failures=False, packages_skip=None, packages_skip_build_finished=False, packages_skip_by_dep=None, packages_skip_regex=None, packages_skip_test_passed=False, packages_skip_up_to=None, packages_start=None, packages_up_to=None, packages_up_to_regex=None, parallel_workers=8, paths=None, symlink_install=True, test_result_base=None, verb_extension=<colcon_core.verb.build.BuildVerb object at 0x7fb0a3fb9d60>, verb_name='build', verb_parser=<colcon_defaults.argument_parser.defaults.DefaultArgumentsDecorator object at 0x7fb0a3ef2a60>)
[6.384s] Level 1:colcon.colcon_core.package_discovery:discover_packages(colcon_meta) check parameters
[6.384s] Level 1:colcon.colcon_core.package_discovery:discover_packages(recursive) check parameters
[6.384s] Level 1:colcon.colcon_core.package_discovery:discover_packages(ignore) check parameters
[6.384s] Level 1:colcon.colcon_core.package_discovery:discover_packages(path) check parameters
[6.385s] Level 1:colcon.colcon_core.package_discovery:discover_packages(colcon_meta) discover
[6.385s] Level 1:colcon.colcon_core.package_discovery:discover_packages(recursive) discover
[6.385s] INFO:colcon.colcon_core.package_discovery:Crawling recursively for packages in '/home/babangida/ros_ws'
[6.385s] Level 1:colcon.colcon_core.package_identification:_identify(.) by extensions ['ignore', 'ignore_ament_install']
[6.385s] Level 1:colcon.colcon_core.package_identification:_identify(.) by extension 'ignore'
[6.385s] Level 1:colcon.colcon_core.package_identification:_identify(.) by extension 'ignore_ament_install'
[6.385s] Level 1:colcon.colcon_core.package_identification:_identify(.) by extensions ['colcon_pkg']
[6.385s] Level 1:colcon.colcon_core.package_identification:_identify(.) by extension 'colcon_pkg'
[6.385s] Level 1:colcon.colcon_core.package_identification:_identify(.) by extensions ['colcon_meta']
[6.385s] Level 1:colcon.colcon_core.package_identification:_identify(.) by extension 'colcon_meta'
[6.385s] Level 1:colcon.colcon_core.package_identification:_identify(.) by extensions ['ros']
[6.385s] Level 1:colcon.colcon_core.package_identification:_identify(.) by extension 'ros'
[6.459s] Level 1:colcon.colcon_core.package_identification:_identify(.) by extensions ['cmake', 'python']
[6.459s] Level 1:colcon.colcon_core.package_identification:_identify(.) by extension 'cmake'
[6.459s] Level 1:colcon.colcon_core.package_identification:_identify(.) by extension 'python'
[6.460s] Level 1:colcon.colcon_core.package_identification:_identify(.) by extensions ['python_setup_py']
[6.460s] Level 1:colcon.colcon_core.package_identification:_identify(.) by extension 'python_setup_py'
[6.476s] Level 1:colcon.colcon_core.package_identification:_identify(AllResults) by extensions ['ignore', 'ignore_ament_install']
[6.476s] Level 1:colcon.colcon_core.package_identification:_identify(AllResults) by extension 'ignore'
[6.476s] Level 1:colcon.colcon_core.package_identification:_identify(AllResults) by extension 'ignore_ament_install'
[6.476s] Level 1:colcon.colcon_core.package_identification:_identify(AllResults) by extensions ['colcon_pkg']
[6.476s] Level 1:colcon.colcon_core.package_identification:_identify(AllResults) by extension 'colcon_pkg'
[6.476s] Level 1:colcon.colcon_core.package_identification:_identify(AllResults) by extensions ['colcon_meta']
[6.476s] Level 1:colcon.colcon_core.package_identification:_identify(AllResults) by extension 'colcon_meta'
[6.476s] Level 1:colcon.colcon_core.package_identification:_identify(AllResults) by extensions ['ros']
[6.477s] Level 1:colcon.colcon_core.package_identification:_identify(AllResults) by extension 'ros'
[6.477s] Level 1:colcon.colcon_core.package_identification:_identify(AllResults) by extensions ['cmake', 'python']
[6.477s] Level 1:colcon.colcon_core.package_identification:_identify(AllResults) by extension 'cmake'
[6.477s] Level 1:colcon.colcon_core.package_identification:_identify(AllResults) by extension 'python'
[6.477s] Level 1:colcon.colcon_core.package_identification:_identify(AllResults) by extensions ['python_setup_py']
[6.477s] Level 1:colcon.colcon_core.package_identification:_identify(AllResults) by extension 'python_setup_py'
[6.544s] Level 1:colcon.colcon_core.package_identification:_identify(AllResults/fiftyVehs) by extensions ['ignore', 'ignore_ament_install']
[6.544s] Level 1:colcon.colcon_core.package_identification:_identify(AllResults/fiftyVehs) by extension 'ignore'
[6.544s] Level 1:colcon.colcon_core.package_identification:_identify(AllResults/fiftyVehs) by extension 'ignore_ament_install'
[6.544s] Level 1:colcon.colcon_core.package_identification:_identify(AllResults/fiftyVehs) by extensions ['colcon_pkg']
[6.544s] Level 1:colcon.colcon_core.package_identification:_identify(AllResults/fiftyVehs) by extension 'colcon_pkg'
[6.544s] Level 1:colcon.colcon_core.package_identification:_identify(AllResults/fiftyVehs) by extensions ['colcon_meta']
[6.544s] Level 1:colcon.colcon_core.package_identification:_identify(AllResults/fiftyVehs) by extension 'colcon_meta'
[6.544s] Level 1:colcon.colcon_core.package_identification:_identify(AllResults/fiftyVehs) by extensions ['ros']
[6.544s] Level 1:colcon.colcon_core.package_identification:_identify(AllResults/fiftyVehs) by extension 'ros'
[6.545s] Level 1:colcon.colcon_core.package_identification:_identify(AllResults/fiftyVehs) by extensions ['cmake', 'python']
[6.545s] Level 1:colcon.colcon_core.package_identification:_identify(AllResults/fiftyVehs) by extension 'cmake'
[6.545s] Level 1:colcon.colcon_core.package_identification:_identify(AllResults/fiftyVehs) by extension 'python'
[6.545s] Level 1:colcon.colcon_core.package_identification:_identify(AllResults/fiftyVehs) by extensions ['python_setup_py']
[6.545s] Level 1:colcon.colcon_core.package_identification:_identify(AllResults/fiftyVehs) by extension 'python_setup_py'
[6.569s] Level 1:colcon.colcon_core.package_identification:_identify(AllResults/fiftyVehs/fourWay) by extensions ['ignore', 'ignore_ament_install']
[6.569s] Level 1:colcon.colcon_core.package_identification:_identify(AllResults/fiftyVehs/fourWay) by extension 'ignore'
[6.570s] Level 1:colcon.colcon_core.package_identification:_identify(AllResults/fiftyVehs/fourWay) by extension 'ignore_ament_install'
[6.570s] Level 1:colcon.colcon_core.package_identification:_identify(AllResults/fiftyVehs/fourWay) by extensions ['colcon_pkg']
[6.570s] Level 1:colcon.colcon_core.package_identification:_identify(AllResults/fiftyVehs/fourWay) by extension 'colcon_pkg'
[6.570s] Level 1:colcon.colcon_core.package_identification:_identify(AllResults/fiftyVehs/fourWay) by extensions ['colcon_meta']
[6.570s] Level 1:colcon.colcon_core.package_identification:_identify(AllResults/fiftyVehs/fourWay) by extension 'colcon_meta'
[6.570s] Level 1:colcon.colcon_core.package_identification:_identify(AllResults/fiftyVehs/fourWay) by extensions ['ros']
[6.570s] Level 1:colcon.colcon_core.package_identification:_identify(AllResults/fiftyVehs/fourWay) by extension 'ros'
[6.570s] Level 1:colcon.colcon_core.package_identification:_identify(AllResults/fiftyVehs/fourWay) by extensions ['cmake', 'python']
[6.570s] Level 1:colcon.colcon_core.package_identification:_identify(AllResults/fiftyVehs/fourWay) by extension 'cmake'
[6.570s] Level 1:colcon.colcon_core.package_identification:_identify(AllResults/fiftyVehs/fourWay) by extension 'python'
[6.570s] Level 1:colcon.colcon_core.package_identification:_identify(AllResults/fiftyVehs/fourWay) by extensions ['python_setup_py']
[6.570s] Level 1:colcon.colcon_core.package_identification:_identify(AllResults/fiftyVehs/fourWay) by extension 'python_setup_py'
[6.585s] Level 1:colcon.colcon_core.package_identification:_identify(AllResults/fiftyVehs/fourWay/FIS) by extensions ['ignore', 'ignore_ament_install']
[6.585s] Level 1:colcon.colcon_core.package_identification:_identify(AllResults/fiftyVehs/fourWay/FIS) by extension 'ignore'
[6.586s] Level 1:colcon.colcon_core.package_identification:_identify(AllResults/fiftyVehs/fourWay/FIS) by extension 'ignore_ament_install'
[6.586s] Level 1:colcon.colcon_core.package_identification:_identify(AllResults/fiftyVehs/fourWay/FIS) by extensions ['colcon_pkg']
[6.586s] Level 1:colcon.colcon_core.package_identification:_identify(AllResults/fiftyVehs/fourWay/FIS) by extension 'colcon_pkg'
[6.586s] Level 1:colcon.colcon_core.package_identification:_identify(AllResults/fiftyVehs/fourWay/FIS) by extensions ['colcon_meta']
[6.586s] Level 1:colcon.colcon_core.package_identification:_identify(AllResults/fiftyVehs/fourWay/FIS) by extension 'colcon_meta'
[6.586s] Level 1:colcon.colcon_core.package_identification:_identify(AllResults/fiftyVehs/fourWay/FIS) by extensions ['ros']
[6.586s] Level 1:colcon.colcon_core.package_identification:_identify(AllResults/fiftyVehs/fourWay/FIS) by extension 'ros'
[6.586s] Level 1:colcon.colcon_core.package_identification:_identify(AllResults/fiftyVehs/fourWay/FIS) by extensions ['cmake', 'python']
[6.586s] Level 1:colcon.colcon_core.package_identification:_identify(AllResults/fiftyVehs/fourWay/FIS) by extension 'cmake'
[6.586s] Level 1:colcon.colcon_core.package_identification:_identify(AllResults/fiftyVehs/fourWay/FIS) by extension 'python'
[6.586s] Level 1:colcon.colcon_core.package_identification:_identify(AllResults/fiftyVehs/fourWay/FIS) by extensions ['python_setup_py']
[6.586s] Level 1:colcon.colcon_core.package_identification:_identify(AllResults/fiftyVehs/fourWay/FIS) by extension 'python_setup_py'
[6.607s] Level 1:colcon.colcon_core.package_identification:_identify(AllResults/fiftyVehs/fourWay/SpdDst) by extensions ['ignore', 'ignore_ament_install']
[6.607s] Level 1:colcon.colcon_core.package_identification:_identify(AllResults/fiftyVehs/fourWay/SpdDst) by extension 'ignore'
[6.607s] Level 1:colcon.colcon_core.package_identification:_identify(AllResults/fiftyVehs/fourWay/SpdDst) by extension 'ignore_ament_install'
[6.607s] Level 1:colcon.colcon_core.package_identification:_identify(AllResults/fiftyVehs/fourWay/SpdDst) by extensions ['colcon_pkg']
[6.607s] Level 1:colcon.colcon_core.package_identification:_identify(AllResults/fiftyVehs/fourWay/SpdDst) by extension 'colcon_pkg'
[6.607s] Level 1:colcon.colcon_core.package_identification:_identify(AllResults/fiftyVehs/fourWay/SpdDst) by extensions ['colcon_meta']
[6.607s] Level 1:colcon.colcon_core.package_identification:_identify(AllResults/fiftyVehs/fourWay/SpdDst) by extension 'colcon_meta'
[6.607s] Level 1:colcon.colcon_core.package_identification:_identify(AllResults/fiftyVehs/fourWay/SpdDst) by extensions ['ros']
[6.607s] Level 1:colcon.colcon_core.package_identification:_identify(AllResults/fiftyVehs/fourWay/SpdDst) by extension 'ros'
[6.608s] Level 1:colcon.colcon_core.package_identification:_identify(AllResults/fiftyVehs/fourWay/SpdDst) by extensions ['cmake', 'python']
[6.608s] Level 1:colcon.colcon_core.package_identification:_identify(AllResults/fiftyVehs/fourWay/SpdDst) by extension 'cmake'
[6.608s] Level 1:colcon.colcon_core.package_identification:_identify(AllResults/fiftyVehs/fourWay/SpdDst) by extension 'python'
[6.608s] Level 1:colcon.colcon_core.package_identification:_identify(AllResults/fiftyVehs/fourWay/SpdDst) by extensions ['python_setup_py']
[6.608s] Level 1:colcon.colcon_core.package_identification:_identify(AllResults/fiftyVehs/fourWay/SpdDst) by extension 'python_setup_py'
[6.671s] Level 1:colcon.colcon_core.package_identification:_identify(AllResults/fiftyVehs/fourWay/static) by extensions ['ignore', 'ignore_ament_install']
[6.671s] Level 1:colcon.colcon_core.package_identification:_identify(AllResults/fiftyVehs/fourWay/static) by extension 'ignore'
[6.671s] Level 1:colcon.colcon_core.package_identification:_identify(AllResults/fiftyVehs/fourWay/static) by extension 'ignore_ament_install'
[6.671s] Level 1:colcon.colcon_core.package_identification:_identify(AllResults/fiftyVehs/fourWay/static) by extensions ['colcon_pkg']
[6.671s] Level 1:colcon.colcon_core.package_identification:_identify(AllResults/fiftyVehs/fourWay/static) by extension 'colcon_pkg'
[6.672s] Level 1:colcon.colcon_core.package_identification:_identify(AllResults/fiftyVehs/fourWay/static) by extensions ['colcon_meta']
[6.672s] Level 1:colcon.colcon_core.package_identification:_identify(AllResults/fiftyVehs/fourWay/static) by extension 'colcon_meta'
[6.672s] Level 1:colcon.colcon_core.package_identification:_identify(AllResults/fiftyVehs/fourWay/static) by extensions ['ros']
[6.672s] Level 1:colcon.colcon_core.package_identification:_identify(AllResults/fiftyVehs/fourWay/static) by extension 'ros'
[6.672s] Level 1:colcon.colcon_core.package_identification:_identify(AllResults/fiftyVehs/fourWay/static) by extensions ['cmake', 'python']
[6.672s] Level 1:colcon.colcon_core.package_identification:_identify(AllResults/fiftyVehs/fourWay/static) by extension 'cmake'
[6.672s] Level 1:colcon.colcon_core.package_identification:_identify(AllResults/fiftyVehs/fourWay/static) by extension 'python'
[6.672s] Level 1:colcon.colcon_core.package_identification:_identify(AllResults/fiftyVehs/fourWay/static) by extensions ['python_setup_py']
[6.672s] Level 1:colcon.colcon_core.package_identification:_identify(AllResults/fiftyVehs/fourWay/static) by extension 'python_setup_py'
[6.699s] Level 1:colcon.colcon_core.package_identification:_identify(AllResults/fiftyVehs/twoWay) by extensions ['ignore', 'ignore_ament_install']
[6.700s] Level 1:colcon.colcon_core.package_identification:_identify(AllResults/fiftyVehs/twoWay) by extension 'ignore'
[6.700s] Level 1:colcon.colcon_core.package_identification:_identify(AllResults/fiftyVehs/twoWay) by extension 'ignore_ament_install'
[6.700s] Level 1:colcon.colcon_core.package_identification:_identify(AllResults/fiftyVehs/twoWay) by extensions ['colcon_pkg']
[6.700s] Level 1:colcon.colcon_core.package_identification:_identify(AllResults/fiftyVehs/twoWay) by extension 'colcon_pkg'
[6.700s] Level 1:colcon.colcon_core.package_identification:_identify(AllResults/fiftyVehs/twoWay) by extensions ['colcon_meta']
[6.700s] Level 1:colcon.colcon_core.package_identification:_identify(AllResults/fiftyVehs/twoWay) by extension 'colcon_meta'
[6.700s] Level 1:colcon.colcon_core.package_identification:_identify(AllResults/fiftyVehs/twoWay) by extensions ['ros']
[6.700s] Level 1:colcon.colcon_core.package_identification:_identify(AllResults/fiftyVehs/twoWay) by extension 'ros'
[6.700s] Level 1:colcon.colcon_core.package_identification:_identify(AllResults/fiftyVehs/twoWay) by extensions ['cmake', 'python']
[6.700s] Level 1:colcon.colcon_core.package_identification:_identify(AllResults/fiftyVehs/twoWay) by extension 'cmake'
[6.700s] Level 1:colcon.colcon_core.package_identification:_identify(AllResults/fiftyVehs/twoWay) by extension 'python'
[6.700s] Level 1:colcon.colcon_core.package_identification:_identify(AllResults/fiftyVehs/twoWay) by extensions ['python_setup_py']
[6.700s] Level 1:colcon.colcon_core.package_identification:_identify(AllResults/fiftyVehs/twoWay) by extension 'python_setup_py'
[6.722s] Level 1:colcon.colcon_core.package_identification:_identify(AllResults/fiftyVehs/twoWay/FIS) by extensions ['ignore', 'ignore_ament_install']
[6.722s] Level 1:colcon.colcon_core.package_identification:_identify(AllResults/fiftyVehs/twoWay/FIS) by extension 'ignore'
[6.722s] Level 1:colcon.colcon_core.package_identification:_identify(AllResults/fiftyVehs/twoWay/FIS) by extension 'ignore_ament_install'
[6.722s] Level 1:colcon.colcon_core.package_identification:_identify(AllResults/fiftyVehs/twoWay/FIS) by extensions ['colcon_pkg']
[6.722s] Level 1:colcon.colcon_core.package_identification:_identify(AllResults/fiftyVehs/twoWay/FIS) by extension 'colcon_pkg'
[6.722s] Level 1:colcon.colcon_core.package_identification:_identify(AllResults/fiftyVehs/twoWay/FIS) by extensions ['colcon_meta']
[6.722s] Level 1:colcon.colcon_core.package_identification:_identify(AllResults/fiftyVehs/twoWay/FIS) by extension 'colcon_meta'
[6.723s] Level 1:colcon.colcon_core.package_identification:_identify(AllResults/fiftyVehs/twoWay/FIS) by extensions ['ros']
[6.723s] Level 1:colcon.colcon_core.package_identification:_identify(AllResults/fiftyVehs/twoWay/FIS) by extension 'ros'
[6.723s] Level 1:colcon.colcon_core.package_identification:_identify(AllResults/fiftyVehs/twoWay/FIS) by extensions ['cmake', 'python']
[6.723s] Level 1:colcon.colcon_core.package_identification:_identify(AllResults/fiftyVehs/twoWay/FIS) by extension 'cmake'
[6.723s] Level 1:colcon.colcon_core.package_identification:_identify(AllResults/fiftyVehs/twoWay/FIS) by extension 'python'
[6.723s] Level 1:colcon.colcon_core.package_identification:_identify(AllResults/fiftyVehs/twoWay/FIS) by extensions ['python_setup_py']
[6.723s] Level 1:colcon.colcon_core.package_identification:_identify(AllResults/fiftyVehs/twoWay/FIS) by extension 'python_setup_py'
[6.740s] Level 1:colcon.colcon_core.package_identification:_identify(AllResults/fiftyVehs/twoWay/SouthNorth) by extensions ['ignore', 'ignore_ament_install']
[6.740s] Level 1:colcon.colcon_core.package_identification:_identify(AllResults/fiftyVehs/twoWay/SouthNorth) by extension 'ignore'
[6.740s] Level 1:colcon.colcon_core.package_identification:_identify(AllResults/fiftyVehs/twoWay/SouthNorth) by extension 'ignore_ament_install'
[6.740s] Level 1:colcon.colcon_core.package_identification:_identify(AllResults/fiftyVehs/twoWay/SouthNorth) by extensions ['colcon_pkg']
[6.740s] Level 1:colcon.colcon_core.package_identification:_identify(AllResults/fiftyVehs/twoWay/SouthNorth) by extension 'colcon_pkg'
[6.740s] Level 1:colcon.colcon_core.package_identification:_identify(AllResults/fiftyVehs/twoWay/SouthNorth) by extensions ['colcon_meta']
[6.741s] Level 1:colcon.colcon_core.package_identification:_identify(AllResults/fiftyVehs/twoWay/SouthNorth) by extension 'colcon_meta'
[6.741s] Level 1:colcon.colcon_core.package_identification:_identify(AllResults/fiftyVehs/twoWay/SouthNorth) by extensions ['ros']
[6.741s] Level 1:colcon.colcon_core.package_identification:_identify(AllResults/fiftyVehs/twoWay/SouthNorth) by extension 'ros'
[6.741s] Level 1:colcon.colcon_core.package_identification:_identify(AllResults/fiftyVehs/twoWay/SouthNorth) by extensions ['cmake', 'python']
[6.741s] Level 1:colcon.colcon_core.package_identification:_identify(AllResults/fiftyVehs/twoWay/SouthNorth) by extension 'cmake'
[6.741s] Level 1:colcon.colcon_core.package_identification:_identify(AllResults/fiftyVehs/twoWay/SouthNorth) by extension 'python'
[6.741s] Level 1:colcon.colcon_core.package_identification:_identify(AllResults/fiftyVehs/twoWay/SouthNorth) by extensions ['python_setup_py']
[6.741s] Level 1:colcon.colcon_core.package_identification:_identify(AllResults/fiftyVehs/twoWay/SouthNorth) by extension 'python_setup_py'
[6.760s] Level 1:colcon.colcon_core.package_identification:_identify(AllResults/fiftyVehs/twoWay/SouthNorth/FIS) by extensions ['ignore', 'ignore_ament_install']
[6.760s] Level 1:colcon.colcon_core.package_identification:_identify(AllResults/fiftyVehs/twoWay/SouthNorth/FIS) by extension 'ignore'
[6.761s] Level 1:colcon.colcon_core.package_identification:_identify(AllResults/fiftyVehs/twoWay/SouthNorth/FIS) by extension 'ignore_ament_install'
[6.761s] Level 1:colcon.colcon_core.package_identification:_identify(AllResults/fiftyVehs/twoWay/SouthNorth/FIS) by extensions ['colcon_pkg']
[6.761s] Level 1:colcon.colcon_core.package_identification:_identify(AllResults/fiftyVehs/twoWay/SouthNorth/FIS) by extension 'colcon_pkg'
[6.761s] Level 1:colcon.colcon_core.package_identification:_identify(AllResults/fiftyVehs/twoWay/SouthNorth/FIS) by extensions ['colcon_meta']
[6.761s] Level 1:colcon.colcon_core.package_identification:_identify(AllResults/fiftyVehs/twoWay/SouthNorth/FIS) by extension 'colcon_meta'
[6.761s] Level 1:colcon.colcon_core.package_identification:_identify(AllResults/fiftyVehs/twoWay/SouthNorth/FIS) by extensions ['ros']
[6.761s] Level 1:colcon.colcon_core.package_identification:_identify(AllResults/fiftyVehs/twoWay/SouthNorth/FIS) by extension 'ros'
[6.761s] Level 1:colcon.colcon_core.package_identification:_identify(AllResults/fiftyVehs/twoWay/SouthNorth/FIS) by extensions ['cmake', 'python']
[6.761s] Level 1:colcon.colcon_core.package_identification:_identify(AllResults/fiftyVehs/twoWay/SouthNorth/FIS) by extension 'cmake'
[6.761s] Level 1:colcon.colcon_core.package_identification:_identify(AllResults/fiftyVehs/twoWay/SouthNorth/FIS) by extension 'python'
[6.761s] Level 1:colcon.colcon_core.package_identification:_identify(AllResults/fiftyVehs/twoWay/SouthNorth/FIS) by extensions ['python_setup_py']
[6.761s] Level 1:colcon.colcon_core.package_identification:_identify(AllResults/fiftyVehs/twoWay/SouthNorth/FIS) by extension 'python_setup_py'
[6.773s] Level 1:colcon.colcon_core.package_identification:_identify(AllResults/fiftyVehs/twoWay/SouthNorth/SpdDst) by extensions ['ignore', 'ignore_ament_install']
[6.774s] Level 1:colcon.colcon_core.package_identification:_identify(AllResults/fiftyVehs/twoWay/SouthNorth/SpdDst) by extension 'ignore'
[6.774s] Level 1:colcon.colcon_core.package_identification:_identify(AllResults/fiftyVehs/twoWay/SouthNorth/SpdDst) by extension 'ignore_ament_install'
[6.774s] Level 1:colcon.colcon_core.package_identification:_identify(AllResults/fiftyVehs/twoWay/SouthNorth/SpdDst) by extensions ['colcon_pkg']
[6.774s] Level 1:colcon.colcon_core.package_identification:_identify(AllResults/fiftyVehs/twoWay/SouthNorth/SpdDst) by extension 'colcon_pkg'
[6.774s] Level 1:colcon.colcon_core.package_identification:_identify(AllResults/fiftyVehs/twoWay/SouthNorth/SpdDst) by extensions ['colcon_meta']
[6.774s] Level 1:colcon.colcon_core.package_identification:_identify(AllResults/fiftyVehs/twoWay/SouthNorth/SpdDst) by extension 'colcon_meta'
[6.774s] Level 1:colcon.colcon_core.package_identification:_identify(AllResults/fiftyVehs/twoWay/SouthNorth/SpdDst) by extensions ['ros']
[6.774s] Level 1:colcon.colcon_core.package_identification:_identify(AllResults/fiftyVehs/twoWay/SouthNorth/SpdDst) by extension 'ros'
[6.774s] Level 1:colcon.colcon_core.package_identification:_identify(AllResults/fiftyVehs/twoWay/SouthNorth/SpdDst) by extensions ['cmake', 'python']
[6.774s] Level 1:colcon.colcon_core.package_identification:_identify(AllResults/fiftyVehs/twoWay/SouthNorth/SpdDst) by extension 'cmake'
[6.774s] Level 1:colcon.colcon_core.package_identification:_identify(AllResults/fiftyVehs/twoWay/SouthNorth/SpdDst) by extension 'python'
[6.774s] Level 1:colcon.colcon_core.package_identification:_identify(AllResults/fiftyVehs/twoWay/SouthNorth/SpdDst) by extensions ['python_setup_py']
[6.774s] Level 1:colcon.colcon_core.package_identification:_identify(AllResults/fiftyVehs/twoWay/SouthNorth/SpdDst) by extension 'python_setup_py'
[6.775s] Level 1:colcon.colcon_core.package_identification:_identify(AllResults/fiftyVehs/twoWay/SouthNorth/Static) by extensions ['ignore', 'ignore_ament_install']
[6.775s] Level 1:colcon.colcon_core.package_identification:_identify(AllResults/fiftyVehs/twoWay/SouthNorth/Static) by extension 'ignore'
[6.776s] Level 1:colcon.colcon_core.package_identification:_identify(AllResults/fiftyVehs/twoWay/SouthNorth/Static) by extension 'ignore_ament_install'
[6.776s] Level 1:colcon.colcon_core.package_identification:_identify(AllResults/fiftyVehs/twoWay/SouthNorth/Static) by extensions ['colcon_pkg']
[6.776s] Level 1:colcon.colcon_core.package_identification:_identify(AllResults/fiftyVehs/twoWay/SouthNorth/Static) by extension 'colcon_pkg'
[6.776s] Level 1:colcon.colcon_core.package_identification:_identify(AllResults/fiftyVehs/twoWay/SouthNorth/Static) by extensions ['colcon_meta']
[6.776s] Level 1:colcon.colcon_core.package_identification:_identify(AllResults/fiftyVehs/twoWay/SouthNorth/Static) by extension 'colcon_meta'
[6.776s] Level 1:colcon.colcon_core.package_identification:_identify(AllResults/fiftyVehs/twoWay/SouthNorth/Static) by extensions ['ros']
[6.776s] Level 1:colcon.colcon_core.package_identification:_identify(AllResults/fiftyVehs/twoWay/SouthNorth/Static) by extension 'ros'
[6.776s] Level 1:colcon.colcon_core.package_identification:_identify(AllResults/fiftyVehs/twoWay/SouthNorth/Static) by extensions ['cmake', 'python']
[6.776s] Level 1:colcon.colcon_core.package_identification:_identify(AllResults/fiftyVehs/twoWay/SouthNorth/Static) by extension 'cmake'
[6.776s] Level 1:colcon.colcon_core.package_identification:_identify(AllResults/fiftyVehs/twoWay/SouthNorth/Static) by extension 'python'
[6.776s] Level 1:colcon.colcon_core.package_identification:_identify(AllResults/fiftyVehs/twoWay/SouthNorth/Static) by extensions ['python_setup_py']
[6.776s] Level 1:colcon.colcon_core.package_identification:_identify(AllResults/fiftyVehs/twoWay/SouthNorth/Static) by extension 'python_setup_py'
[6.789s] Level 1:colcon.colcon_core.package_identification:_identify(AllResults/fiftyVehs/twoWay/SpdDst) by extensions ['ignore', 'ignore_ament_install']
[6.789s] Level 1:colcon.colcon_core.package_identification:_identify(AllResults/fiftyVehs/twoWay/SpdDst) by extension 'ignore'
[6.789s] Level 1:colcon.colcon_core.package_identification:_identify(AllResults/fiftyVehs/twoWay/SpdDst) by extension 'ignore_ament_install'
[6.789s] Level 1:colcon.colcon_core.package_identification:_identify(AllResults/fiftyVehs/twoWay/SpdDst) by extensions ['colcon_pkg']
[6.789s] Level 1:colcon.colcon_core.package_identification:_identify(AllResults/fiftyVehs/twoWay/SpdDst) by extension 'colcon_pkg'
[6.789s] Level 1:colcon.colcon_core.package_identification:_identify(AllResults/fiftyVehs/twoWay/SpdDst) by extensions ['colcon_meta']
[6.789s] Level 1:colcon.colcon_core.package_identification:_identify(AllResults/fiftyVehs/twoWay/SpdDst) by extension 'colcon_meta'
[6.789s] Level 1:colcon.colcon_core.package_identification:_identify(AllResults/fiftyVehs/twoWay/SpdDst) by extensions ['ros']
[6.789s] Level 1:colcon.colcon_core.package_identification:_identify(AllResults/fiftyVehs/twoWay/SpdDst) by extension 'ros'
[6.790s] Level 1:colcon.colcon_core.package_identification:_identify(AllResults/fiftyVehs/twoWay/SpdDst) by extensions ['cmake', 'python']
[6.790s] Level 1:colcon.colcon_core.package_identification:_identify(AllResults/fiftyVehs/twoWay/SpdDst) by extension 'cmake'
[6.790s] Level 1:colcon.colcon_core.package_identification:_identify(AllResults/fiftyVehs/twoWay/SpdDst) by extension 'python'
[6.790s] Level 1:colcon.colcon_core.package_identification:_identify(AllResults/fiftyVehs/twoWay/SpdDst) by extensions ['python_setup_py']
[6.790s] Level 1:colcon.colcon_core.package_identification:_identify(AllResults/fiftyVehs/twoWay/SpdDst) by extension 'python_setup_py'
[6.802s] Level 1:colcon.colcon_core.package_identification:_identify(AllResults/fiftyVehs/twoWay/Static) by extensions ['ignore', 'ignore_ament_install']
[6.803s] Level 1:colcon.colcon_core.package_identification:_identify(AllResults/fiftyVehs/twoWay/Static) by extension 'ignore'
[6.803s] Level 1:colcon.colcon_core.package_identification:_identify(AllResults/fiftyVehs/twoWay/Static) by extension 'ignore_ament_install'
[6.803s] Level 1:colcon.colcon_core.package_identification:_identify(AllResults/fiftyVehs/twoWay/Static) by extensions ['colcon_pkg']
[6.803s] Level 1:colcon.colcon_core.package_identification:_identify(AllResults/fiftyVehs/twoWay/Static) by extension 'colcon_pkg'
[6.803s] Level 1:colcon.colcon_core.package_identification:_identify(AllResults/fiftyVehs/twoWay/Static) by extensions ['colcon_meta']
[6.803s] Level 1:colcon.colcon_core.package_identification:_identify(AllResults/fiftyVehs/twoWay/Static) by extension 'colcon_meta'
[6.803s] Level 1:colcon.colcon_core.package_identification:_identify(AllResults/fiftyVehs/twoWay/Static) by extensions ['ros']
[6.803s] Level 1:colcon.colcon_core.package_identification:_identify(AllResults/fiftyVehs/twoWay/Static) by extension 'ros'
[6.803s] Level 1:colcon.colcon_core.package_identification:_identify(AllResults/fiftyVehs/twoWay/Static) by extensions ['cmake', 'python']
[6.803s] Level 1:colcon.colcon_core.package_identification:_identify(AllResults/fiftyVehs/twoWay/Static) by extension 'cmake'
[6.803s] Level 1:colcon.colcon_core.package_identification:_identify(AllResults/fiftyVehs/twoWay/Static) by extension 'python'
[6.804s] Level 1:colcon.colcon_core.package_identification:_identify(AllResults/fiftyVehs/twoWay/Static) by extensions ['python_setup_py']
[6.804s] Level 1:colcon.colcon_core.package_identification:_identify(AllResults/fiftyVehs/twoWay/Static) by extension 'python_setup_py'
[6.868s] Level 1:colcon.colcon_core.package_identification:_identify(AllResults/hundredVehs) by extensions ['ignore', 'ignore_ament_install']
[6.868s] Level 1:colcon.colcon_core.package_identification:_identify(AllResults/hundredVehs) by extension 'ignore'
[6.869s] Level 1:colcon.colcon_core.package_identification:_identify(AllResults/hundredVehs) by extension 'ignore_ament_install'
[6.869s] Level 1:colcon.colcon_core.package_identification:_identify(AllResults/hundredVehs) by extensions ['colcon_pkg']
[6.869s] Level 1:colcon.colcon_core.package_identification:_identify(AllResults/hundredVehs) by extension 'colcon_pkg'
[6.869s] Level 1:colcon.colcon_core.package_identification:_identify(AllResults/hundredVehs) by extensions ['colcon_meta']
[6.869s] Level 1:colcon.colcon_core.package_identification:_identify(AllResults/hundredVehs) by extension 'colcon_meta'
[6.869s] Level 1:colcon.colcon_core.package_identification:_identify(AllResults/hundredVehs) by extensions ['ros']
[6.869s] Level 1:colcon.colcon_core.package_identification:_identify(AllResults/hundredVehs) by extension 'ros'
[6.869s] Level 1:colcon.colcon_core.package_identification:_identify(AllResults/hundredVehs) by extensions ['cmake', 'python']
[6.869s] Level 1:colcon.colcon_core.package_identification:_identify(AllResults/hundredVehs) by extension 'cmake'
[6.869s] Level 1:colcon.colcon_core.package_identification:_identify(AllResults/hundredVehs) by extension 'python'
[6.869s] Level 1:colcon.colcon_core.package_identification:_identify(AllResults/hundredVehs) by extensions ['python_setup_py']
[6.869s] Level 1:colcon.colcon_core.package_identification:_identify(AllResults/hundredVehs) by extension 'python_setup_py'
[6.887s] Level 1:colcon.colcon_core.package_identification:_identify(AllResults/hundredVehs/fourWay) by extensions ['ignore', 'ignore_ament_install']
[6.887s] Level 1:colcon.colcon_core.package_identification:_identify(AllResults/hundredVehs/fourWay) by extension 'ignore'
[6.887s] Level 1:colcon.colcon_core.package_identification:_identify(AllResults/hundredVehs/fourWay) by extension 'ignore_ament_install'
[6.887s] Level 1:colcon.colcon_core.package_identification:_identify(AllResults/hundredVehs/fourWay) by extensions ['colcon_pkg']
[6.887s] Level 1:colcon.colcon_core.package_identification:_identify(AllResults/hundredVehs/fourWay) by extension 'colcon_pkg'
[6.887s] Level 1:colcon.colcon_core.package_identification:_identify(AllResults/hundredVehs/fourWay) by extensions ['colcon_meta']
[6.887s] Level 1:colcon.colcon_core.package_identification:_identify(AllResults/hundredVehs/fourWay) by extension 'colcon_meta'
[6.888s] Level 1:colcon.colcon_core.package_identification:_identify(AllResults/hundredVehs/fourWay) by extensions ['ros']
[6.888s] Level 1:colcon.colcon_core.package_identification:_identify(AllResults/hundredVehs/fourWay) by extension 'ros'
[6.888s] Level 1:colcon.colcon_core.package_identification:_identify(AllResults/hundredVehs/fourWay) by extensions ['cmake', 'python']
[6.888s] Level 1:colcon.colcon_core.package_identification:_identify(AllResults/hundredVehs/fourWay) by extension 'cmake'
[6.888s] Level 1:colcon.colcon_core.package_identification:_identify(AllResults/hundredVehs/fourWay) by extension 'python'
[6.888s] Level 1:colcon.colcon_core.package_identification:_identify(AllResults/hundredVehs/fourWay) by extensions ['python_setup_py']
[6.888s] Level 1:colcon.colcon_core.package_identification:_identify(AllResults/hundredVehs/fourWay) by extension 'python_setup_py'
[6.920s] Level 1:colcon.colcon_core.package_identification:_identify(AllResults/hundredVehs/fourWay/FIS) by extensions ['ignore', 'ignore_ament_install']
[6.920s] Level 1:colcon.colcon_core.package_identification:_identify(AllResults/hundredVehs/fourWay/FIS) by extension 'ignore'
[6.921s] Level 1:colcon.colcon_core.package_identification:_identify(AllResults/hundredVehs/fourWay/FIS) by extension 'ignore_ament_install'
[6.921s] Level 1:colcon.colcon_core.package_identification:_identify(AllResults/hundredVehs/fourWay/FIS) by extensions ['colcon_pkg']
[6.921s] Level 1:colcon.colcon_core.package_identification:_identify(AllResults/hundredVehs/fourWay/FIS) by extension 'colcon_pkg'
[6.921s] Level 1:colcon.colcon_core.package_identification:_identify(AllResults/hundredVehs/fourWay/FIS) by extensions ['colcon_meta']
[6.921s] Level 1:colcon.colcon_core.package_identification:_identify(AllResults/hundredVehs/fourWay/FIS) by extension 'colcon_meta'
[6.921s] Level 1:colcon.colcon_core.package_identification:_identify(AllResults/hundredVehs/fourWay/FIS) by extensions ['ros']
[6.921s] Level 1:colcon.colcon_core.package_identification:_identify(AllResults/hundredVehs/fourWay/FIS) by extension 'ros'
[6.921s] Level 1:colcon.colcon_core.package_identification:_identify(AllResults/hundredVehs/fourWay/FIS) by extensions ['cmake', 'python']
[6.921s] Level 1:colcon.colcon_core.package_identification:_identify(AllResults/hundredVehs/fourWay/FIS) by extension 'cmake'
[6.921s] Level 1:colcon.colcon_core.package_identification:_identify(AllResults/hundredVehs/fourWay/FIS) by extension 'python'
[6.921s] Level 1:colcon.colcon_core.package_identification:_identify(AllResults/hundredVehs/fourWay/FIS) by extensions ['python_setup_py']
[6.921s] Level 1:colcon.colcon_core.package_identification:_identify(AllResults/hundredVehs/fourWay/FIS) by extension 'python_setup_py'
[6.939s] Level 1:colcon.colcon_core.package_identification:_identify(AllResults/hundredVehs/fourWay/SpdDst) by extensions ['ignore', 'ignore_ament_install']
[6.940s] Level 1:colcon.colcon_core.package_identification:_identify(AllResults/hundredVehs/fourWay/SpdDst) by extension 'ignore'
[6.940s] Level 1:colcon.colcon_core.package_identification:_identify(AllResults/hundredVehs/fourWay/SpdDst) by extension 'ignore_ament_install'
[6.940s] Level 1:colcon.colcon_core.package_identification:_identify(AllResults/hundredVehs/fourWay/SpdDst) by extensions ['colcon_pkg']
[6.940s] Level 1:colcon.colcon_core.package_identification:_identify(AllResults/hundredVehs/fourWay/SpdDst) by extension 'colcon_pkg'
[6.940s] Level 1:colcon.colcon_core.package_identification:_identify(AllResults/hundredVehs/fourWay/SpdDst) by extensions ['colcon_meta']
[6.940s] Level 1:colcon.colcon_core.package_identification:_identify(AllResults/hundredVehs/fourWay/SpdDst) by extension 'colcon_meta'
[6.940s] Level 1:colcon.colcon_core.package_identification:_identify(AllResults/hundredVehs/fourWay/SpdDst) by extensions ['ros']
[6.940s] Level 1:colcon.colcon_core.package_identification:_identify(AllResults/hundredVehs/fourWay/SpdDst) by extension 'ros'
[6.940s] Level 1:colcon.colcon_core.package_identification:_identify(AllResults/hundredVehs/fourWay/SpdDst) by extensions ['cmake', 'python']
[6.940s] Level 1:colcon.colcon_core.package_identification:_identify(AllResults/hundredVehs/fourWay/SpdDst) by extension 'cmake'
[6.940s] Level 1:colcon.colcon_core.package_identification:_identify(AllResults/hundredVehs/fourWay/SpdDst) by extension 'python'
[6.940s] Level 1:colcon.colcon_core.package_identification:_identify(AllResults/hundredVehs/fourWay/SpdDst) by extensions ['python_setup_py']
[6.940s] Level 1:colcon.colcon_core.package_identification:_identify(AllResults/hundredVehs/fourWay/SpdDst) by extension 'python_setup_py'
[6.956s] Level 1:colcon.colcon_core.package_identification:_identify(AllResults/hundredVehs/fourWay/Static) by extensions ['ignore', 'ignore_ament_install']
[6.956s] Level 1:colcon.colcon_core.package_identification:_identify(AllResults/hundredVehs/fourWay/Static) by extension 'ignore'
[6.957s] Level 1:colcon.colcon_core.package_identification:_identify(AllResults/hundredVehs/fourWay/Static) by extension 'ignore_ament_install'
[6.957s] Level 1:colcon.colcon_core.package_identification:_identify(AllResults/hundredVehs/fourWay/Static) by extensions ['colcon_pkg']
[6.957s] Level 1:colcon.colcon_core.package_identification:_identify(AllResults/hundredVehs/fourWay/Static) by extension 'colcon_pkg'
[6.957s] Level 1:colcon.colcon_core.package_identification:_identify(AllResults/hundredVehs/fourWay/Static) by extensions ['colcon_meta']
[6.957s] Level 1:colcon.colcon_core.package_identification:_identify(AllResults/hundredVehs/fourWay/Static) by extension 'colcon_meta'
[6.957s] Level 1:colcon.colcon_core.package_identification:_identify(AllResults/hundredVehs/fourWay/Static) by extensions ['ros']
[6.957s] Level 1:colcon.colcon_core.package_identification:_identify(AllResults/hundredVehs/fourWay/Static) by extension 'ros'
[6.957s] Level 1:colcon.colcon_core.package_identification:_identify(AllResults/hundredVehs/fourWay/Static) by extensions ['cmake', 'python']
[6.957s] Level 1:colcon.colcon_core.package_identification:_identify(AllResults/hundredVehs/fourWay/Static) by extension 'cmake'
[6.957s] Level 1:colcon.colcon_core.package_identification:_identify(AllResults/hundredVehs/fourWay/Static) by extension 'python'
[6.957s] Level 1:colcon.colcon_core.package_identification:_identify(AllResults/hundredVehs/fourWay/Static) by extensions ['python_setup_py']
[6.957s] Level 1:colcon.colcon_core.package_identification:_identify(AllResults/hundredVehs/fourWay/Static) by extension 'python_setup_py'
[6.977s] Level 1:colcon.colcon_core.package_identification:_identify(AllResults/hundredVehs/twoWay) by extensions ['ignore', 'ignore_ament_install']
[6.977s] Level 1:colcon.colcon_core.package_identification:_identify(AllResults/hundredVehs/twoWay) by extension 'ignore'
[6.977s] Level 1:colcon.colcon_core.package_identification:_identify(AllResults/hundredVehs/twoWay) by extension 'ignore_ament_install'
[6.977s] Level 1:colcon.colcon_core.package_identification:_identify(AllResults/hundredVehs/twoWay) by extensions ['colcon_pkg']
[6.977s] Level 1:colcon.colcon_core.package_identification:_identify(AllResults/hundredVehs/twoWay) by extension 'colcon_pkg'
[6.977s] Level 1:colcon.colcon_core.package_identification:_identify(AllResults/hundredVehs/twoWay) by extensions ['colcon_meta']
[6.978s] Level 1:colcon.colcon_core.package_identification:_identify(AllResults/hundredVehs/twoWay) by extension 'colcon_meta'
[6.978s] Level 1:colcon.colcon_core.package_identification:_identify(AllResults/hundredVehs/twoWay) by extensions ['ros']
[6.978s] Level 1:colcon.colcon_core.package_identification:_identify(AllResults/hundredVehs/twoWay) by extension 'ros'
[6.978s] Level 1:colcon.colcon_core.package_identification:_identify(AllResults/hundredVehs/twoWay) by extensions ['cmake', 'python']
[6.978s] Level 1:colcon.colcon_core.package_identification:_identify(AllResults/hundredVehs/twoWay) by extension 'cmake'
[6.978s] Level 1:colcon.colcon_core.package_identification:_identify(AllResults/hundredVehs/twoWay) by extension 'python'
[6.978s] Level 1:colcon.colcon_core.package_identification:_identify(AllResults/hundredVehs/twoWay) by extensions ['python_setup_py']
[6.978s] Level 1:colcon.colcon_core.package_identification:_identify(AllResults/hundredVehs/twoWay) by extension 'python_setup_py'
[6.996s] Level 1:colcon.colcon_core.package_identification:_identify(AllResults/hundredVehs/twoWay/FIS) by extensions ['ignore', 'ignore_ament_install']
[6.996s] Level 1:colcon.colcon_core.package_identification:_identify(AllResults/hundredVehs/twoWay/FIS) by extension 'ignore'
[6.996s] Level 1:colcon.colcon_core.package_identification:_identify(AllResults/hundredVehs/twoWay/FIS) by extension 'ignore_ament_install'
[6.996s] Level 1:colcon.colcon_core.package_identification:_identify(AllResults/hundredVehs/twoWay/FIS) by extensions ['colcon_pkg']
[6.996s] Level 1:colcon.colcon_core.package_identification:_identify(AllResults/hundredVehs/twoWay/FIS) by extension 'colcon_pkg'
[6.997s] Level 1:colcon.colcon_core.package_identification:_identify(AllResults/hundredVehs/twoWay/FIS) by extensions ['colcon_meta']
[6.997s] Level 1:colcon.colcon_core.package_identification:_identify(AllResults/hundredVehs/twoWay/FIS) by extension 'colcon_meta'
[6.997s] Level 1:colcon.colcon_core.package_identification:_identify(AllResults/hundredVehs/twoWay/FIS) by extensions ['ros']
[6.997s] Level 1:colcon.colcon_core.package_identification:_identify(AllResults/hundredVehs/twoWay/FIS) by extension 'ros'
[6.997s] Level 1:colcon.colcon_core.package_identification:_identify(AllResults/hundredVehs/twoWay/FIS) by extensions ['cmake', 'python']
[6.997s] Level 1:colcon.colcon_core.package_identification:_identify(AllResults/hundredVehs/twoWay/FIS) by extension 'cmake'
[6.997s] Level 1:colcon.colcon_core.package_identification:_identify(AllResults/hundredVehs/twoWay/FIS) by extension 'python'
[6.997s] Level 1:colcon.colcon_core.package_identification:_identify(AllResults/hundredVehs/twoWay/FIS) by extensions ['python_setup_py']
[6.997s] Level 1:colcon.colcon_core.package_identification:_identify(AllResults/hundredVehs/twoWay/FIS) by extension 'python_setup_py'
[7.010s] Level 1:colcon.colcon_core.package_identification:_identify(AllResults/hundredVehs/twoWay/NorthSouth) by extensions ['ignore', 'ignore_ament_install']
[7.011s] Level 1:colcon.colcon_core.package_identification:_identify(AllResults/hundredVehs/twoWay/NorthSouth) by extension 'ignore'
[7.011s] Level 1:colcon.colcon_core.package_identification:_identify(AllResults/hundredVehs/twoWay/NorthSouth) by extension 'ignore_ament_install'
[7.011s] Level 1:colcon.colcon_core.package_identification:_identify(AllResults/hundredVehs/twoWay/NorthSouth) by extensions ['colcon_pkg']
[7.011s] Level 1:colcon.colcon_core.package_identification:_identify(AllResults/hundredVehs/twoWay/NorthSouth) by extension 'colcon_pkg'
[7.011s] Level 1:colcon.colcon_core.package_identification:_identify(AllResults/hundredVehs/twoWay/NorthSouth) by extensions ['colcon_meta']
[7.011s] Level 1:colcon.colcon_core.package_identification:_identify(AllResults/hundredVehs/twoWay/NorthSouth) by extension 'colcon_meta'
[7.011s] Level 1:colcon.colcon_core.package_identification:_identify(AllResults/hundredVehs/twoWay/NorthSouth) by extensions ['ros']
[7.011s] Level 1:colcon.colcon_core.package_identification:_identify(AllResults/hundredVehs/twoWay/NorthSouth) by extension 'ros'
[7.011s] Level 1:colcon.colcon_core.package_identification:_identify(AllResults/hundredVehs/twoWay/NorthSouth) by extensions ['cmake', 'python']
[7.011s] Level 1:colcon.colcon_core.package_identification:_identify(AllResults/hundredVehs/twoWay/NorthSouth) by extension 'cmake'
[7.011s] Level 1:colcon.colcon_core.package_identification:_identify(AllResults/hundredVehs/twoWay/NorthSouth) by extension 'python'
[7.011s] Level 1:colcon.colcon_core.package_identification:_identify(AllResults/hundredVehs/twoWay/NorthSouth) by extensions ['python_setup_py']
[7.011s] Level 1:colcon.colcon_core.package_identification:_identify(AllResults/hundredVehs/twoWay/NorthSouth) by extension 'python_setup_py'
[7.012s] Level 1:colcon.colcon_core.package_identification:_identify(AllResults/hundredVehs/twoWay/NorthSouth/FIS) by extensions ['ignore', 'ignore_ament_install']
[7.012s] Level 1:colcon.colcon_core.package_identification:_identify(AllResults/hundredVehs/twoWay/NorthSouth/FIS) by extension 'ignore'
[7.012s] Level 1:colcon.colcon_core.package_identification:_identify(AllResults/hundredVehs/twoWay/NorthSouth/FIS) by extension 'ignore_ament_install'
[7.012s] Level 1:colcon.colcon_core.package_identification:_identify(AllResults/hundredVehs/twoWay/NorthSouth/FIS) by extensions ['colcon_pkg']
[7.012s] Level 1:colcon.colcon_core.package_identification:_identify(AllResults/hundredVehs/twoWay/NorthSouth/FIS) by extension 'colcon_pkg'
[7.012s] Level 1:colcon.colcon_core.package_identification:_identify(AllResults/hundredVehs/twoWay/NorthSouth/FIS) by extensions ['colcon_meta']
[7.012s] Level 1:colcon.colcon_core.package_identification:_identify(AllResults/hundredVehs/twoWay/NorthSouth/FIS) by extension 'colcon_meta'
[7.012s] Level 1:colcon.colcon_core.package_identification:_identify(AllResults/hundredVehs/twoWay/NorthSouth/FIS) by extensions ['ros']
[7.012s] Level 1:colcon.colcon_core.package_identification:_identify(AllResults/hundredVehs/twoWay/NorthSouth/FIS) by extension 'ros'
[7.013s] Level 1:colcon.colcon_core.package_identification:_identify(AllResults/hundredVehs/twoWay/NorthSouth/FIS) by extensions ['cmake', 'python']
[7.013s] Level 1:colcon.colcon_core.package_identification:_identify(AllResults/hundredVehs/twoWay/NorthSouth/FIS) by extension 'cmake'
[7.013s] Level 1:colcon.colcon_core.package_identification:_identify(AllResults/hundredVehs/twoWay/NorthSouth/FIS) by extension 'python'
[7.013s] Level 1:colcon.colcon_core.package_identification:_identify(AllResults/hundredVehs/twoWay/NorthSouth/FIS) by extensions ['python_setup_py']
[7.013s] Level 1:colcon.colcon_core.package_identification:_identify(AllResults/hundredVehs/twoWay/NorthSouth/FIS) by extension 'python_setup_py'
[7.022s] Level 1:colcon.colcon_core.package_identification:_identify(AllResults/hundredVehs/twoWay/NorthSouth/SpdDst) by extensions ['ignore', 'ignore_ament_install']
[7.022s] Level 1:colcon.colcon_core.package_identification:_identify(AllResults/hundredVehs/twoWay/NorthSouth/SpdDst) by extension 'ignore'
[7.022s] Level 1:colcon.colcon_core.package_identification:_identify(AllResults/hundredVehs/twoWay/NorthSouth/SpdDst) by extension 'ignore_ament_install'
[7.022s] Level 1:colcon.colcon_core.package_identification:_identify(AllResults/hundredVehs/twoWay/NorthSouth/SpdDst) by extensions ['colcon_pkg']
[7.022s] Level 1:colcon.colcon_core.package_identification:_identify(AllResults/hundredVehs/twoWay/NorthSouth/SpdDst) by extension 'colcon_pkg'
[7.022s] Level 1:colcon.colcon_core.package_identification:_identify(AllResults/hundredVehs/twoWay/NorthSouth/SpdDst) by extensions ['colcon_meta']
[7.022s] Level 1:colcon.colcon_core.package_identification:_identify(AllResults/hundredVehs/twoWay/NorthSouth/SpdDst) by extension 'colcon_meta'
[7.022s] Level 1:colcon.colcon_core.package_identification:_identify(AllResults/hundredVehs/twoWay/NorthSouth/SpdDst) by extensions ['ros']
[7.023s] Level 1:colcon.colcon_core.package_identification:_identify(AllResults/hundredVehs/twoWay/NorthSouth/SpdDst) by extension 'ros'
[7.023s] Level 1:colcon.colcon_core.package_identification:_identify(AllResults/hundredVehs/twoWay/NorthSouth/SpdDst) by extensions ['cmake', 'python']
[7.023s] Level 1:colcon.colcon_core.package_identification:_identify(AllResults/hundredVehs/twoWay/NorthSouth/SpdDst) by extension 'cmake'
[7.023s] Level 1:colcon.colcon_core.package_identification:_identify(AllResults/hundredVehs/twoWay/NorthSouth/SpdDst) by extension 'python'
[7.023s] Level 1:colcon.colcon_core.package_identification:_identify(AllResults/hundredVehs/twoWay/NorthSouth/SpdDst) by extensions ['python_setup_py']
[7.023s] Level 1:colcon.colcon_core.package_identification:_identify(AllResults/hundredVehs/twoWay/NorthSouth/SpdDst) by extension 'python_setup_py'
[7.023s] Level 1:colcon.colcon_core.package_identification:_identify(AllResults/hundredVehs/twoWay/NorthSouth/Static) by extensions ['ignore', 'ignore_ament_install']
[7.023s] Level 1:colcon.colcon_core.package_identification:_identify(AllResults/hundredVehs/twoWay/NorthSouth/Static) by extension 'ignore'
[7.023s] Level 1:colcon.colcon_core.package_identification:_identify(AllResults/hundredVehs/twoWay/NorthSouth/Static) by extension 'ignore_ament_install'
[7.024s] Level 1:colcon.colcon_core.package_identification:_identify(AllResults/hundredVehs/twoWay/NorthSouth/Static) by extensions ['colcon_pkg']
[7.024s] Level 1:colcon.colcon_core.package_identification:_identify(AllResults/hundredVehs/twoWay/NorthSouth/Static) by extension 'colcon_pkg'
[7.024s] Level 1:colcon.colcon_core.package_identification:_identify(AllResults/hundredVehs/twoWay/NorthSouth/Static) by extensions ['colcon_meta']
[7.024s] Level 1:colcon.colcon_core.package_identification:_identify(AllResults/hundredVehs/twoWay/NorthSouth/Static) by extension 'colcon_meta'
[7.024s] Level 1:colcon.colcon_core.package_identification:_identify(AllResults/hundredVehs/twoWay/NorthSouth/Static) by extensions ['ros']
[7.024s] Level 1:colcon.colcon_core.package_identification:_identify(AllResults/hundredVehs/twoWay/NorthSouth/Static) by extension 'ros'
[7.024s] Level 1:colcon.colcon_core.package_identification:_identify(AllResults/hundredVehs/twoWay/NorthSouth/Static) by extensions ['cmake', 'python']
[7.024s] Level 1:colcon.colcon_core.package_identification:_identify(AllResults/hundredVehs/twoWay/NorthSouth/Static) by extension 'cmake'
[7.024s] Level 1:colcon.colcon_core.package_identification:_identify(AllResults/hundredVehs/twoWay/NorthSouth/Static) by extension 'python'
[7.024s] Level 1:colcon.colcon_core.package_identification:_identify(AllResults/hundredVehs/twoWay/NorthSouth/Static) by extensions ['python_setup_py']
[7.024s] Level 1:colcon.colcon_core.package_identification:_identify(AllResults/hundredVehs/twoWay/NorthSouth/Static) by extension 'python_setup_py'
[7.054s] Level 1:colcon.colcon_core.package_identification:_identify(AllResults/hundredVehs/twoWay/SpdDst) by extensions ['ignore', 'ignore_ament_install']
[7.054s] Level 1:colcon.colcon_core.package_identification:_identify(AllResults/hundredVehs/twoWay/SpdDst) by extension 'ignore'
[7.054s] Level 1:colcon.colcon_core.package_identification:_identify(AllResults/hundredVehs/twoWay/SpdDst) by extension 'ignore_ament_install'
[7.054s] Level 1:colcon.colcon_core.package_identification:_identify(AllResults/hundredVehs/twoWay/SpdDst) by extensions ['colcon_pkg']
[7.054s] Level 1:colcon.colcon_core.package_identification:_identify(AllResults/hundredVehs/twoWay/SpdDst) by extension 'colcon_pkg'
[7.054s] Level 1:colcon.colcon_core.package_identification:_identify(AllResults/hundredVehs/twoWay/SpdDst) by extensions ['colcon_meta']
[7.054s] Level 1:colcon.colcon_core.package_identification:_identify(AllResults/hundredVehs/twoWay/SpdDst) by extension 'colcon_meta'
[7.054s] Level 1:colcon.colcon_core.package_identification:_identify(AllResults/hundredVehs/twoWay/SpdDst) by extensions ['ros']
[7.054s] Level 1:colcon.colcon_core.package_identification:_identify(AllResults/hundredVehs/twoWay/SpdDst) by extension 'ros'
[7.055s] Level 1:colcon.colcon_core.package_identification:_identify(AllResults/hundredVehs/twoWay/SpdDst) by extensions ['cmake', 'python']
[7.055s] Level 1:colcon.colcon_core.package_identification:_identify(AllResults/hundredVehs/twoWay/SpdDst) by extension 'cmake'
[7.055s] Level 1:colcon.colcon_core.package_identification:_identify(AllResults/hundredVehs/twoWay/SpdDst) by extension 'python'
[7.055s] Level 1:colcon.colcon_core.package_identification:_identify(AllResults/hundredVehs/twoWay/SpdDst) by extensions ['python_setup_py']
[7.055s] Level 1:colcon.colcon_core.package_identification:_identify(AllResults/hundredVehs/twoWay/SpdDst) by extension 'python_setup_py'
[7.055s] Level 1:colcon.colcon_core.package_identification:_identify(AllResults/hundredVehs/twoWay/Static) by extensions ['ignore', 'ignore_ament_install']
[7.055s] Level 1:colcon.colcon_core.package_identification:_identify(AllResults/hundredVehs/twoWay/Static) by extension 'ignore'
[7.055s] Level 1:colcon.colcon_core.package_identification:_identify(AllResults/hundredVehs/twoWay/Static) by extension 'ignore_ament_install'
[7.055s] Level 1:colcon.colcon_core.package_identification:_identify(AllResults/hundredVehs/twoWay/Static) by extensions ['colcon_pkg']
[7.055s] Level 1:colcon.colcon_core.package_identification:_identify(AllResults/hundredVehs/twoWay/Static) by extension 'colcon_pkg'
[7.055s] Level 1:colcon.colcon_core.package_identification:_identify(AllResults/hundredVehs/twoWay/Static) by extensions ['colcon_meta']
[7.055s] Level 1:colcon.colcon_core.package_identification:_identify(AllResults/hundredVehs/twoWay/Static) by extension 'colcon_meta'
[7.056s] Level 1:colcon.colcon_core.package_identification:_identify(AllResults/hundredVehs/twoWay/Static) by extensions ['ros']
[7.056s] Level 1:colcon.colcon_core.package_identification:_identify(AllResults/hundredVehs/twoWay/Static) by extension 'ros'
[7.056s] Level 1:colcon.colcon_core.package_identification:_identify(AllResults/hundredVehs/twoWay/Static) by extensions ['cmake', 'python']
[7.056s] Level 1:colcon.colcon_core.package_identification:_identify(AllResults/hundredVehs/twoWay/Static) by extension 'cmake'
[7.056s] Level 1:colcon.colcon_core.package_identification:_identify(AllResults/hundredVehs/twoWay/Static) by extension 'python'
[7.056s] Level 1:colcon.colcon_core.package_identification:_identify(AllResults/hundredVehs/twoWay/Static) by extensions ['python_setup_py']
[7.056s] Level 1:colcon.colcon_core.package_identification:_identify(AllResults/hundredVehs/twoWay/Static) by extension 'python_setup_py'
[7.057s] Level 1:colcon.colcon_core.package_identification:_identify(AllResults/twoHundred) by extensions ['ignore', 'ignore_ament_install']
[7.057s] Level 1:colcon.colcon_core.package_identification:_identify(AllResults/twoHundred) by extension 'ignore'
[7.057s] Level 1:colcon.colcon_core.package_identification:_identify(AllResults/twoHundred) by extension 'ignore_ament_install'
[7.057s] Level 1:colcon.colcon_core.package_identification:_identify(AllResults/twoHundred) by extensions ['colcon_pkg']
[7.057s] Level 1:colcon.colcon_core.package_identification:_identify(AllResults/twoHundred) by extension 'colcon_pkg'
[7.057s] Level 1:colcon.colcon_core.package_identification:_identify(AllResults/twoHundred) by extensions ['colcon_meta']
[7.057s] Level 1:colcon.colcon_core.package_identification:_identify(AllResults/twoHundred) by extension 'colcon_meta'
[7.057s] Level 1:colcon.colcon_core.package_identification:_identify(AllResults/twoHundred) by extensions ['ros']
[7.057s] Level 1:colcon.colcon_core.package_identification:_identify(AllResults/twoHundred) by extension 'ros'
[7.058s] Level 1:colcon.colcon_core.package_identification:_identify(AllResults/twoHundred) by extensions ['cmake', 'python']
[7.058s] Level 1:colcon.colcon_core.package_identification:_identify(AllResults/twoHundred) by extension 'cmake'
[7.058s] Level 1:colcon.colcon_core.package_identification:_identify(AllResults/twoHundred) by extension 'python'
[7.058s] Level 1:colcon.colcon_core.package_identification:_identify(AllResults/twoHundred) by extensions ['python_setup_py']
[7.058s] Level 1:colcon.colcon_core.package_identification:_identify(AllResults/twoHundred) by extension 'python_setup_py'
[7.070s] Level 1:colcon.colcon_core.package_identification:_identify(AllResults/twoHundred/fourWay) by extensions ['ignore', 'ignore_ament_install']
[7.070s] Level 1:colcon.colcon_core.package_identification:_identify(AllResults/twoHundred/fourWay) by extension 'ignore'
[7.070s] Level 1:colcon.colcon_core.package_identification:_identify(AllResults/twoHundred/fourWay) by extension 'ignore_ament_install'
[7.070s] Level 1:colcon.colcon_core.package_identification:_identify(AllResults/twoHundred/fourWay) by extensions ['colcon_pkg']
[7.070s] Level 1:colcon.colcon_core.package_identification:_identify(AllResults/twoHundred/fourWay) by extension 'colcon_pkg'
[7.070s] Level 1:colcon.colcon_core.package_identification:_identify(AllResults/twoHundred/fourWay) by extensions ['colcon_meta']
[7.070s] Level 1:colcon.colcon_core.package_identification:_identify(AllResults/twoHundred/fourWay) by extension 'colcon_meta'
[7.070s] Level 1:colcon.colcon_core.package_identification:_identify(AllResults/twoHundred/fourWay) by extensions ['ros']
[7.071s] Level 1:colcon.colcon_core.package_identification:_identify(AllResults/twoHundred/fourWay) by extension 'ros'
[7.071s] Level 1:colcon.colcon_core.package_identification:_identify(AllResults/twoHundred/fourWay) by extensions ['cmake', 'python']
[7.071s] Level 1:colcon.colcon_core.package_identification:_identify(AllResults/twoHundred/fourWay) by extension 'cmake'
[7.071s] Level 1:colcon.colcon_core.package_identification:_identify(AllResults/twoHundred/fourWay) by extension 'python'
[7.071s] Level 1:colcon.colcon_core.package_identification:_identify(AllResults/twoHundred/fourWay) by extensions ['python_setup_py']
[7.071s] Level 1:colcon.colcon_core.package_identification:_identify(AllResults/twoHundred/fourWay) by extension 'python_setup_py'
[7.071s] Level 1:colcon.colcon_core.package_identification:_identify(AllResults/twoHundred/fourWay/FIS) by extensions ['ignore', 'ignore_ament_install']
[7.071s] Level 1:colcon.colcon_core.package_identification:_identify(AllResults/twoHundred/fourWay/FIS) by extension 'ignore'
[7.071s] Level 1:colcon.colcon_core.package_identification:_identify(AllResults/twoHundred/fourWay/FIS) by extension 'ignore_ament_install'
[7.072s] Level 1:colcon.colcon_core.package_identification:_identify(AllResults/twoHundred/fourWay/FIS) by extensions ['colcon_pkg']
[7.072s] Level 1:colcon.colcon_core.package_identification:_identify(AllResults/twoHundred/fourWay/FIS) by extension 'colcon_pkg'
[7.072s] Level 1:colcon.colcon_core.package_identification:_identify(AllResults/twoHundred/fourWay/FIS) by extensions ['colcon_meta']
[7.072s] Level 1:colcon.colcon_core.package_identification:_identify(AllResults/twoHundred/fourWay/FIS) by extension 'colcon_meta'
[7.072s] Level 1:colcon.colcon_core.package_identification:_identify(AllResults/twoHundred/fourWay/FIS) by extensions ['ros']
[7.072s] Level 1:colcon.colcon_core.package_identification:_identify(AllResults/twoHundred/fourWay/FIS) by extension 'ros'
[7.072s] Level 1:colcon.colcon_core.package_identification:_identify(AllResults/twoHundred/fourWay/FIS) by extensions ['cmake', 'python']
[7.072s] Level 1:colcon.colcon_core.package_identification:_identify(AllResults/twoHundred/fourWay/FIS) by extension 'cmake'
[7.072s] Level 1:colcon.colcon_core.package_identification:_identify(AllResults/twoHundred/fourWay/FIS) by extension 'python'
[7.072s] Level 1:colcon.colcon_core.package_identification:_identify(AllResults/twoHundred/fourWay/FIS) by extensions ['python_setup_py']
[7.072s] Level 1:colcon.colcon_core.package_identification:_identify(AllResults/twoHundred/fourWay/FIS) by extension 'python_setup_py'
[7.073s] Level 1:colcon.colcon_core.package_identification:_identify(AllResults/twoHundred/fourWay/SpdDst) by extensions ['ignore', 'ignore_ament_install']
[7.073s] Level 1:colcon.colcon_core.package_identification:_identify(AllResults/twoHundred/fourWay/SpdDst) by extension 'ignore'
[7.073s] Level 1:colcon.colcon_core.package_identification:_identify(AllResults/twoHundred/fourWay/SpdDst) by extension 'ignore_ament_install'
[7.073s] Level 1:colcon.colcon_core.package_identification:_identify(AllResults/twoHundred/fourWay/SpdDst) by extensions ['colcon_pkg']
[7.073s] Level 1:colcon.colcon_core.package_identification:_identify(AllResults/twoHundred/fourWay/SpdDst) by extension 'colcon_pkg'
[7.073s] Level 1:colcon.colcon_core.package_identification:_identify(AllResults/twoHundred/fourWay/SpdDst) by extensions ['colcon_meta']
[7.073s] Level 1:colcon.colcon_core.package_identification:_identify(AllResults/twoHundred/fourWay/SpdDst) by extension 'colcon_meta'
[7.073s] Level 1:colcon.colcon_core.package_identification:_identify(AllResults/twoHundred/fourWay/SpdDst) by extensions ['ros']
[7.073s] Level 1:colcon.colcon_core.package_identification:_identify(AllResults/twoHundred/fourWay/SpdDst) by extension 'ros'
[7.073s] Level 1:colcon.colcon_core.package_identification:_identify(AllResults/twoHundred/fourWay/SpdDst) by extensions ['cmake', 'python']
[7.073s] Level 1:colcon.colcon_core.package_identification:_identify(AllResults/twoHundred/fourWay/SpdDst) by extension 'cmake'
[7.073s] Level 1:colcon.colcon_core.package_identification:_identify(AllResults/twoHundred/fourWay/SpdDst) by extension 'python'
[7.073s] Level 1:colcon.colcon_core.package_identification:_identify(AllResults/twoHundred/fourWay/SpdDst) by extensions ['python_setup_py']
[7.073s] Level 1:colcon.colcon_core.package_identification:_identify(AllResults/twoHundred/fourWay/SpdDst) by extension 'python_setup_py'
[7.100s] Level 1:colcon.colcon_core.package_identification:_identify(AllResults/twoHundred/fourWay/Static) by extensions ['ignore', 'ignore_ament_install']
[7.100s] Level 1:colcon.colcon_core.package_identification:_identify(AllResults/twoHundred/fourWay/Static) by extension 'ignore'
[7.100s] Level 1:colcon.colcon_core.package_identification:_identify(AllResults/twoHundred/fourWay/Static) by extension 'ignore_ament_install'
[7.101s] Level 1:colcon.colcon_core.package_identification:_identify(AllResults/twoHundred/fourWay/Static) by extensions ['colcon_pkg']
[7.101s] Level 1:colcon.colcon_core.package_identification:_identify(AllResults/twoHundred/fourWay/Static) by extension 'colcon_pkg'
[7.101s] Level 1:colcon.colcon_core.package_identification:_identify(AllResults/twoHundred/fourWay/Static) by extensions ['colcon_meta']
[7.101s] Level 1:colcon.colcon_core.package_identification:_identify(AllResults/twoHundred/fourWay/Static) by extension 'colcon_meta'
[7.101s] Level 1:colcon.colcon_core.package_identification:_identify(AllResults/twoHundred/fourWay/Static) by extensions ['ros']
[7.101s] Level 1:colcon.colcon_core.package_identification:_identify(AllResults/twoHundred/fourWay/Static) by extension 'ros'
[7.101s] Level 1:colcon.colcon_core.package_identification:_identify(AllResults/twoHundred/fourWay/Static) by extensions ['cmake', 'python']
[7.101s] Level 1:colcon.colcon_core.package_identification:_identify(AllResults/twoHundred/fourWay/Static) by extension 'cmake'
[7.101s] Level 1:colcon.colcon_core.package_identification:_identify(AllResults/twoHundred/fourWay/Static) by extension 'python'
[7.101s] Level 1:colcon.colcon_core.package_identification:_identify(AllResults/twoHundred/fourWay/Static) by extensions ['python_setup_py']
[7.101s] Level 1:colcon.colcon_core.package_identification:_identify(AllResults/twoHundred/fourWay/Static) by extension 'python_setup_py'
[7.112s] Level 1:colcon.colcon_core.package_identification:_identify(AllResults/twoHundred/twoWay) by extensions ['ignore', 'ignore_ament_install']
[7.112s] Level 1:colcon.colcon_core.package_identification:_identify(AllResults/twoHundred/twoWay) by extension 'ignore'
[7.112s] Level 1:colcon.colcon_core.package_identification:_identify(AllResults/twoHundred/twoWay) by extension 'ignore_ament_install'
[7.112s] Level 1:colcon.colcon_core.package_identification:_identify(AllResults/twoHundred/twoWay) by extensions ['colcon_pkg']
[7.112s] Level 1:colcon.colcon_core.package_identification:_identify(AllResults/twoHundred/twoWay) by extension 'colcon_pkg'
[7.112s] Level 1:colcon.colcon_core.package_identification:_identify(AllResults/twoHundred/twoWay) by extensions ['colcon_meta']
[7.112s] Level 1:colcon.colcon_core.package_identification:_identify(AllResults/twoHundred/twoWay) by extension 'colcon_meta'
[7.112s] Level 1:colcon.colcon_core.package_identification:_identify(AllResults/twoHundred/twoWay) by extensions ['ros']
[7.112s] Level 1:colcon.colcon_core.package_identification:_identify(AllResults/twoHundred/twoWay) by extension 'ros'
[7.112s] Level 1:colcon.colcon_core.package_identification:_identify(AllResults/twoHundred/twoWay) by extensions ['cmake', 'python']
[7.112s] Level 1:colcon.colcon_core.package_identification:_identify(AllResults/twoHundred/twoWay) by extension 'cmake'
[7.112s] Level 1:colcon.colcon_core.package_identification:_identify(AllResults/twoHundred/twoWay) by extension 'python'
[7.112s] Level 1:colcon.colcon_core.package_identification:_identify(AllResults/twoHundred/twoWay) by extensions ['python_setup_py']
[7.112s] Level 1:colcon.colcon_core.package_identification:_identify(AllResults/twoHundred/twoWay) by extension 'python_setup_py'
[7.137s] Level 1:colcon.colcon_core.package_identification:_identify(AllResults/twoHundred/twoWay/FIS) by extensions ['ignore', 'ignore_ament_install']
[7.138s] Level 1:colcon.colcon_core.package_identification:_identify(AllResults/twoHundred/twoWay/FIS) by extension 'ignore'
[7.138s] Level 1:colcon.colcon_core.package_identification:_identify(AllResults/twoHundred/twoWay/FIS) by extension 'ignore_ament_install'
[7.138s] Level 1:colcon.colcon_core.package_identification:_identify(AllResults/twoHundred/twoWay/FIS) by extensions ['colcon_pkg']
[7.138s] Level 1:colcon.colcon_core.package_identification:_identify(AllResults/twoHundred/twoWay/FIS) by extension 'colcon_pkg'
[7.138s] Level 1:colcon.colcon_core.package_identification:_identify(AllResults/twoHundred/twoWay/FIS) by extensions ['colcon_meta']
[7.138s] Level 1:colcon.colcon_core.package_identification:_identify(AllResults/twoHundred/twoWay/FIS) by extension 'colcon_meta'
[7.138s] Level 1:colcon.colcon_core.package_identification:_identify(AllResults/twoHundred/twoWay/FIS) by extensions ['ros']
[7.138s] Level 1:colcon.colcon_core.package_identification:_identify(AllResults/twoHundred/twoWay/FIS) by extension 'ros'
[7.138s] Level 1:colcon.colcon_core.package_identification:_identify(AllResults/twoHundred/twoWay/FIS) by extensions ['cmake', 'python']
[7.138s] Level 1:colcon.colcon_core.package_identification:_identify(AllResults/twoHundred/twoWay/FIS) by extension 'cmake'
[7.138s] Level 1:colcon.colcon_core.package_identification:_identify(AllResults/twoHundred/twoWay/FIS) by extension 'python'
[7.138s] Level 1:colcon.colcon_core.package_identification:_identify(AllResults/twoHundred/twoWay/FIS) by extensions ['python_setup_py']
[7.138s] Level 1:colcon.colcon_core.package_identification:_identify(AllResults/twoHundred/twoWay/FIS) by extension 'python_setup_py'
[7.157s] Level 1:colcon.colcon_core.package_identification:_identify(AllResults/twoHundred/twoWay/SouthNorth) by extensions ['ignore', 'ignore_ament_install']
[7.157s] Level 1:colcon.colcon_core.package_identification:_identify(AllResults/twoHundred/twoWay/SouthNorth) by extension 'ignore'
[7.157s] Level 1:colcon.colcon_core.package_identification:_identify(AllResults/twoHundred/twoWay/SouthNorth) by extension 'ignore_ament_install'
[7.157s] Level 1:colcon.colcon_core.package_identification:_identify(AllResults/twoHundred/twoWay/SouthNorth) by extensions ['colcon_pkg']
[7.157s] Level 1:colcon.colcon_core.package_identification:_identify(AllResults/twoHundred/twoWay/SouthNorth) by extension 'colcon_pkg'
[7.157s] Level 1:colcon.colcon_core.package_identification:_identify(AllResults/twoHundred/twoWay/SouthNorth) by extensions ['colcon_meta']
[7.157s] Level 1:colcon.colcon_core.package_identification:_identify(AllResults/twoHundred/twoWay/SouthNorth) by extension 'colcon_meta'
[7.157s] Level 1:colcon.colcon_core.package_identification:_identify(AllResults/twoHundred/twoWay/SouthNorth) by extensions ['ros']
[7.157s] Level 1:colcon.colcon_core.package_identification:_identify(AllResults/twoHundred/twoWay/SouthNorth) by extension 'ros'
[7.158s] Level 1:colcon.colcon_core.package_identification:_identify(AllResults/twoHundred/twoWay/SouthNorth) by extensions ['cmake', 'python']
[7.158s] Level 1:colcon.colcon_core.package_identification:_identify(AllResults/twoHundred/twoWay/SouthNorth) by extension 'cmake'
[7.158s] Level 1:colcon.colcon_core.package_identification:_identify(AllResults/twoHundred/twoWay/SouthNorth) by extension 'python'
[7.158s] Level 1:colcon.colcon_core.package_identification:_identify(AllResults/twoHundred/twoWay/SouthNorth) by extensions ['python_setup_py']
[7.158s] Level 1:colcon.colcon_core.package_identification:_identify(AllResults/twoHundred/twoWay/SouthNorth) by extension 'python_setup_py'
[7.159s] Level 1:colcon.colcon_core.package_identification:_identify(AllResults/twoHundred/twoWay/SouthNorth/FIS) by extensions ['ignore', 'ignore_ament_install']
[7.159s] Level 1:colcon.colcon_core.package_identification:_identify(AllResults/twoHundred/twoWay/SouthNorth/FIS) by extension 'ignore'
[7.159s] Level 1:colcon.colcon_core.package_identification:_identify(AllResults/twoHundred/twoWay/SouthNorth/FIS) by extension 'ignore_ament_install'
[7.159s] Level 1:colcon.colcon_core.package_identification:_identify(AllResults/twoHundred/twoWay/SouthNorth/FIS) by extensions ['colcon_pkg']
[7.159s] Level 1:colcon.colcon_core.package_identification:_identify(AllResults/twoHundred/twoWay/SouthNorth/FIS) by extension 'colcon_pkg'
[7.159s] Level 1:colcon.colcon_core.package_identification:_identify(AllResults/twoHundred/twoWay/SouthNorth/FIS) by extensions ['colcon_meta']
[7.159s] Level 1:colcon.colcon_core.package_identification:_identify(AllResults/twoHundred/twoWay/SouthNorth/FIS) by extension 'colcon_meta'
[7.159s] Level 1:colcon.colcon_core.package_identification:_identify(AllResults/twoHundred/twoWay/SouthNorth/FIS) by extensions ['ros']
[7.159s] Level 1:colcon.colcon_core.package_identification:_identify(AllResults/twoHundred/twoWay/SouthNorth/FIS) by extension 'ros'
[7.159s] Level 1:colcon.colcon_core.package_identification:_identify(AllResults/twoHundred/twoWay/SouthNorth/FIS) by extensions ['cmake', 'python']
[7.159s] Level 1:colcon.colcon_core.package_identification:_identify(AllResults/twoHundred/twoWay/SouthNorth/FIS) by extension 'cmake'
[7.160s] Level 1:colcon.colcon_core.package_identification:_identify(AllResults/twoHundred/twoWay/SouthNorth/FIS) by extension 'python'
[7.160s] Level 1:colcon.colcon_core.package_identification:_identify(AllResults/twoHundred/twoWay/SouthNorth/FIS) by extensions ['python_setup_py']
[7.160s] Level 1:colcon.colcon_core.package_identification:_identify(AllResults/twoHundred/twoWay/SouthNorth/FIS) by extension 'python_setup_py'
[7.189s] Level 1:colcon.colcon_core.package_identification:_identify(AllResults/twoHundred/twoWay/SouthNorth/SpdDst) by extensions ['ignore', 'ignore_ament_install']
[7.190s] Level 1:colcon.colcon_core.package_identification:_identify(AllResults/twoHundred/twoWay/SouthNorth/SpdDst) by extension 'ignore'
[7.190s] Level 1:colcon.colcon_core.package_identification:_identify(AllResults/twoHundred/twoWay/SouthNorth/SpdDst) by extension 'ignore_ament_install'
[7.190s] Level 1:colcon.colcon_core.package_identification:_identify(AllResults/twoHundred/twoWay/SouthNorth/SpdDst) by extensions ['colcon_pkg']
[7.190s] Level 1:colcon.colcon_core.package_identification:_identify(AllResults/twoHundred/twoWay/SouthNorth/SpdDst) by extension 'colcon_pkg'
[7.190s] Level 1:colcon.colcon_core.package_identification:_identify(AllResults/twoHundred/twoWay/SouthNorth/SpdDst) by extensions ['colcon_meta']
[7.190s] Level 1:colcon.colcon_core.package_identification:_identify(AllResults/twoHundred/twoWay/SouthNorth/SpdDst) by extension 'colcon_meta'
[7.190s] Level 1:colcon.colcon_core.package_identification:_identify(AllResults/twoHundred/twoWay/SouthNorth/SpdDst) by extensions ['ros']
[7.190s] Level 1:colcon.colcon_core.package_identification:_identify(AllResults/twoHundred/twoWay/SouthNorth/SpdDst) by extension 'ros'
[7.190s] Level 1:colcon.colcon_core.package_identification:_identify(AllResults/twoHundred/twoWay/SouthNorth/SpdDst) by extensions ['cmake', 'python']
[7.190s] Level 1:colcon.colcon_core.package_identification:_identify(AllResults/twoHundred/twoWay/SouthNorth/SpdDst) by extension 'cmake'
[7.190s] Level 1:colcon.colcon_core.package_identification:_identify(AllResults/twoHundred/twoWay/SouthNorth/SpdDst) by extension 'python'
[7.190s] Level 1:colcon.colcon_core.package_identification:_identify(AllResults/twoHundred/twoWay/SouthNorth/SpdDst) by extensions ['python_setup_py']
[7.190s] Level 1:colcon.colcon_core.package_identification:_identify(AllResults/twoHundred/twoWay/SouthNorth/SpdDst) by extension 'python_setup_py'
[7.191s] Level 1:colcon.colcon_core.package_identification:_identify(AllResults/twoHundred/twoWay/SouthNorth/Static) by extensions ['ignore', 'ignore_ament_install']
[7.191s] Level 1:colcon.colcon_core.package_identification:_identify(AllResults/twoHundred/twoWay/SouthNorth/Static) by extension 'ignore'
[7.191s] Level 1:colcon.colcon_core.package_identification:_identify(AllResults/twoHundred/twoWay/SouthNorth/Static) by extension 'ignore_ament_install'
[7.191s] Level 1:colcon.colcon_core.package_identification:_identify(AllResults/twoHundred/twoWay/SouthNorth/Static) by extensions ['colcon_pkg']
[7.191s] Level 1:colcon.colcon_core.package_identification:_identify(AllResults/twoHundred/twoWay/SouthNorth/Static) by extension 'colcon_pkg'
[7.191s] Level 1:colcon.colcon_core.package_identification:_identify(AllResults/twoHundred/twoWay/SouthNorth/Static) by extensions ['colcon_meta']
[7.192s] Level 1:colcon.colcon_core.package_identification:_identify(AllResults/twoHundred/twoWay/SouthNorth/Static) by extension 'colcon_meta'
[7.192s] Level 1:colcon.colcon_core.package_identification:_identify(AllResults/twoHundred/twoWay/SouthNorth/Static) by extensions ['ros']
[7.192s] Level 1:colcon.colcon_core.package_identification:_identify(AllResults/twoHundred/twoWay/SouthNorth/Static) by extension 'ros'
[7.192s] Level 1:colcon.colcon_core.package_identification:_identify(AllResults/twoHundred/twoWay/SouthNorth/Static) by extensions ['cmake', 'python']
[7.192s] Level 1:colcon.colcon_core.package_identification:_identify(AllResults/twoHundred/twoWay/SouthNorth/Static) by extension 'cmake'
[7.192s] Level 1:colcon.colcon_core.package_identification:_identify(AllResults/twoHundred/twoWay/SouthNorth/Static) by extension 'python'
[7.192s] Level 1:colcon.colcon_core.package_identification:_identify(AllResults/twoHundred/twoWay/SouthNorth/Static) by extensions ['python_setup_py']
[7.192s] Level 1:colcon.colcon_core.package_identification:_identify(AllResults/twoHundred/twoWay/SouthNorth/Static) by extension 'python_setup_py'
[7.223s] Level 1:colcon.colcon_core.package_identification:_identify(AllResults/twoHundred/twoWay/SpdDst) by extensions ['ignore', 'ignore_ament_install']
[7.224s] Level 1:colcon.colcon_core.package_identification:_identify(AllResults/twoHundred/twoWay/SpdDst) by extension 'ignore'
[7.224s] Level 1:colcon.colcon_core.package_identification:_identify(AllResults/twoHundred/twoWay/SpdDst) by extension 'ignore_ament_install'
[7.224s] Level 1:colcon.colcon_core.package_identification:_identify(AllResults/twoHundred/twoWay/SpdDst) by extensions ['colcon_pkg']
[7.224s] Level 1:colcon.colcon_core.package_identification:_identify(AllResults/twoHundred/twoWay/SpdDst) by extension 'colcon_pkg'
[7.224s] Level 1:colcon.colcon_core.package_identification:_identify(AllResults/twoHundred/twoWay/SpdDst) by extensions ['colcon_meta']
[7.224s] Level 1:colcon.colcon_core.package_identification:_identify(AllResults/twoHundred/twoWay/SpdDst) by extension 'colcon_meta'
[7.224s] Level 1:colcon.colcon_core.package_identification:_identify(AllResults/twoHundred/twoWay/SpdDst) by extensions ['ros']
[7.224s] Level 1:colcon.colcon_core.package_identification:_identify(AllResults/twoHundred/twoWay/SpdDst) by extension 'ros'
[7.224s] Level 1:colcon.colcon_core.package_identification:_identify(AllResults/twoHundred/twoWay/SpdDst) by extensions ['cmake', 'python']
[7.224s] Level 1:colcon.colcon_core.package_identification:_identify(AllResults/twoHundred/twoWay/SpdDst) by extension 'cmake'
[7.224s] Level 1:colcon.colcon_core.package_identification:_identify(AllResults/twoHundred/twoWay/SpdDst) by extension 'python'
[7.224s] Level 1:colcon.colcon_core.package_identification:_identify(AllResults/twoHundred/twoWay/SpdDst) by extensions ['python_setup_py']
[7.224s] Level 1:colcon.colcon_core.package_identification:_identify(AllResults/twoHundred/twoWay/SpdDst) by extension 'python_setup_py'
[7.225s] Level 1:colcon.colcon_core.package_identification:_identify(AllResults/twoHundred/twoWay/Static) by extensions ['ignore', 'ignore_ament_install']
[7.225s] Level 1:colcon.colcon_core.package_identification:_identify(AllResults/twoHundred/twoWay/Static) by extension 'ignore'
[7.225s] Level 1:colcon.colcon_core.package_identification:_identify(AllResults/twoHundred/twoWay/Static) by extension 'ignore_ament_install'
[7.225s] Level 1:colcon.colcon_core.package_identification:_identify(AllResults/twoHundred/twoWay/Static) by extensions ['colcon_pkg']
[7.225s] Level 1:colcon.colcon_core.package_identification:_identify(AllResults/twoHundred/twoWay/Static) by extension 'colcon_pkg'
[7.225s] Level 1:colcon.colcon_core.package_identification:_identify(AllResults/twoHundred/twoWay/Static) by extensions ['colcon_meta']
[7.225s] Level 1:colcon.colcon_core.package_identification:_identify(AllResults/twoHundred/twoWay/Static) by extension 'colcon_meta'
[7.225s] Level 1:colcon.colcon_core.package_identification:_identify(AllResults/twoHundred/twoWay/Static) by extensions ['ros']
[7.225s] Level 1:colcon.colcon_core.package_identification:_identify(AllResults/twoHundred/twoWay/Static) by extension 'ros'
[7.226s] Level 1:colcon.colcon_core.package_identification:_identify(AllResults/twoHundred/twoWay/Static) by extensions ['cmake', 'python']
[7.226s] Level 1:colcon.colcon_core.package_identification:_identify(AllResults/twoHundred/twoWay/Static) by extension 'cmake'
[7.226s] Level 1:colcon.colcon_core.package_identification:_identify(AllResults/twoHundred/twoWay/Static) by extension 'python'
[7.226s] Level 1:colcon.colcon_core.package_identification:_identify(AllResults/twoHundred/twoWay/Static) by extensions ['python_setup_py']
[7.226s] Level 1:colcon.colcon_core.package_identification:_identify(AllResults/twoHundred/twoWay/Static) by extension 'python_setup_py'
[7.254s] Level 1:colcon.colcon_core.package_identification:_identify(InitialSim) by extensions ['ignore', 'ignore_ament_install']
[7.254s] Level 1:colcon.colcon_core.package_identification:_identify(InitialSim) by extension 'ignore'
[7.254s] Level 1:colcon.colcon_core.package_identification:_identify(InitialSim) by extension 'ignore_ament_install'
[7.254s] Level 1:colcon.colcon_core.package_identification:_identify(InitialSim) by extensions ['colcon_pkg']
[7.254s] Level 1:colcon.colcon_core.package_identification:_identify(InitialSim) by extension 'colcon_pkg'
[7.254s] Level 1:colcon.colcon_core.package_identification:_identify(InitialSim) by extensions ['colcon_meta']
[7.254s] Level 1:colcon.colcon_core.package_identification:_identify(InitialSim) by extension 'colcon_meta'
[7.254s] Level 1:colcon.colcon_core.package_identification:_identify(InitialSim) by extensions ['ros']
[7.254s] Level 1:colcon.colcon_core.package_identification:_identify(InitialSim) by extension 'ros'
[7.254s] Level 1:colcon.colcon_core.package_identification:_identify(InitialSim) by extensions ['cmake', 'python']
[7.254s] Level 1:colcon.colcon_core.package_identification:_identify(InitialSim) by extension 'cmake'
[7.254s] Level 1:colcon.colcon_core.package_identification:_identify(InitialSim) by extension 'python'
[7.254s] Level 1:colcon.colcon_core.package_identification:_identify(InitialSim) by extensions ['python_setup_py']
[7.254s] Level 1:colcon.colcon_core.package_identification:_identify(InitialSim) by extension 'python_setup_py'
[7.273s] Level 1:colcon.colcon_core.package_identification:_identify(InitialSim/Results) by extensions ['ignore', 'ignore_ament_install']
[7.274s] Level 1:colcon.colcon_core.package_identification:_identify(InitialSim/Results) by extension 'ignore'
[7.274s] Level 1:colcon.colcon_core.package_identification:_identify(InitialSim/Results) by extension 'ignore_ament_install'
[7.274s] Level 1:colcon.colcon_core.package_identification:_identify(InitialSim/Results) by extensions ['colcon_pkg']
[7.274s] Level 1:colcon.colcon_core.package_identification:_identify(InitialSim/Results) by extension 'colcon_pkg'
[7.274s] Level 1:colcon.colcon_core.package_identification:_identify(InitialSim/Results) by extensions ['colcon_meta']
[7.274s] Level 1:colcon.colcon_core.package_identification:_identify(InitialSim/Results) by extension 'colcon_meta'
[7.274s] Level 1:colcon.colcon_core.package_identification:_identify(InitialSim/Results) by extensions ['ros']
[7.274s] Level 1:colcon.colcon_core.package_identification:_identify(InitialSim/Results) by extension 'ros'
[7.274s] Level 1:colcon.colcon_core.package_identification:_identify(InitialSim/Results) by extensions ['cmake', 'python']
[7.274s] Level 1:colcon.colcon_core.package_identification:_identify(InitialSim/Results) by extension 'cmake'
[7.274s] Level 1:colcon.colcon_core.package_identification:_identify(InitialSim/Results) by extension 'python'
[7.274s] Level 1:colcon.colcon_core.package_identification:_identify(InitialSim/Results) by extensions ['python_setup_py']
[7.274s] Level 1:colcon.colcon_core.package_identification:_identify(InitialSim/Results) by extension 'python_setup_py'
[7.295s] Level 1:colcon.colcon_core.package_identification:_identify(InitialSim/tenVehs) by extensions ['ignore', 'ignore_ament_install']
[7.295s] Level 1:colcon.colcon_core.package_identification:_identify(InitialSim/tenVehs) by extension 'ignore'
[7.295s] Level 1:colcon.colcon_core.package_identification:_identify(InitialSim/tenVehs) by extension 'ignore_ament_install'
[7.295s] Level 1:colcon.colcon_core.package_identification:_identify(InitialSim/tenVehs) by extensions ['colcon_pkg']
[7.295s] Level 1:colcon.colcon_core.package_identification:_identify(InitialSim/tenVehs) by extension 'colcon_pkg'
[7.295s] Level 1:colcon.colcon_core.package_identification:_identify(InitialSim/tenVehs) by extensions ['colcon_meta']
[7.295s] Level 1:colcon.colcon_core.package_identification:_identify(InitialSim/tenVehs) by extension 'colcon_meta'
[7.295s] Level 1:colcon.colcon_core.package_identification:_identify(InitialSim/tenVehs) by extensions ['ros']
[7.295s] Level 1:colcon.colcon_core.package_identification:_identify(InitialSim/tenVehs) by extension 'ros'
[7.296s] Level 1:colcon.colcon_core.package_identification:_identify(InitialSim/tenVehs) by extensions ['cmake', 'python']
[7.296s] Level 1:colcon.colcon_core.package_identification:_identify(InitialSim/tenVehs) by extension 'cmake'
[7.296s] Level 1:colcon.colcon_core.package_identification:_identify(InitialSim/tenVehs) by extension 'python'
[7.296s] Level 1:colcon.colcon_core.package_identification:_identify(InitialSim/tenVehs) by extensions ['python_setup_py']
[7.296s] Level 1:colcon.colcon_core.package_identification:_identify(InitialSim/tenVehs) by extension 'python_setup_py'
[7.379s] Level 1:colcon.colcon_core.package_identification:_identify(InitialSim/thirtyVehs) by extensions ['ignore', 'ignore_ament_install']
[7.379s] Level 1:colcon.colcon_core.package_identification:_identify(InitialSim/thirtyVehs) by extension 'ignore'
[7.380s] Level 1:colcon.colcon_core.package_identification:_identify(InitialSim/thirtyVehs) by extension 'ignore_ament_install'
[7.380s] Level 1:colcon.colcon_core.package_identification:_identify(InitialSim/thirtyVehs) by extensions ['colcon_pkg']
[7.380s] Level 1:colcon.colcon_core.package_identification:_identify(InitialSim/thirtyVehs) by extension 'colcon_pkg'
[7.380s] Level 1:colcon.colcon_core.package_identification:_identify(InitialSim/thirtyVehs) by extensions ['colcon_meta']
[7.380s] Level 1:colcon.colcon_core.package_identification:_identify(InitialSim/thirtyVehs) by extension 'colcon_meta'
[7.380s] Level 1:colcon.colcon_core.package_identification:_identify(InitialSim/thirtyVehs) by extensions ['ros']
[7.380s] Level 1:colcon.colcon_core.package_identification:_identify(InitialSim/thirtyVehs) by extension 'ros'
[7.380s] Level 1:colcon.colcon_core.package_identification:_identify(InitialSim/thirtyVehs) by extensions ['cmake', 'python']
[7.380s] Level 1:colcon.colcon_core.package_identification:_identify(InitialSim/thirtyVehs) by extension 'cmake'
[7.380s] Level 1:colcon.colcon_core.package_identification:_identify(InitialSim/thirtyVehs) by extension 'python'
[7.380s] Level 1:colcon.colcon_core.package_identification:_identify(InitialSim/thirtyVehs) by extensions ['python_setup_py']
[7.380s] Level 1:colcon.colcon_core.package_identification:_identify(InitialSim/thirtyVehs) by extension 'python_setup_py'
[7.406s] Level 1:colcon.colcon_core.package_identification:_identify(InitialSim/twoVehs) by extensions ['ignore', 'ignore_ament_install']
[7.406s] Level 1:colcon.colcon_core.package_identification:_identify(InitialSim/twoVehs) by extension 'ignore'
[7.406s] Level 1:colcon.colcon_core.package_identification:_identify(InitialSim/twoVehs) by extension 'ignore_ament_install'
[7.406s] Level 1:colcon.colcon_core.package_identification:_identify(InitialSim/twoVehs) by extensions ['colcon_pkg']
[7.406s] Level 1:colcon.colcon_core.package_identification:_identify(InitialSim/twoVehs) by extension 'colcon_pkg'
[7.406s] Level 1:colcon.colcon_core.package_identification:_identify(InitialSim/twoVehs) by extensions ['colcon_meta']
[7.406s] Level 1:colcon.colcon_core.package_identification:_identify(InitialSim/twoVehs) by extension 'colcon_meta'
[7.406s] Level 1:colcon.colcon_core.package_identification:_identify(InitialSim/twoVehs) by extensions ['ros']
[7.406s] Level 1:colcon.colcon_core.package_identification:_identify(InitialSim/twoVehs) by extension 'ros'
[7.406s] Level 1:colcon.colcon_core.package_identification:_identify(InitialSim/twoVehs) by extensions ['cmake', 'python']
[7.406s] Level 1:colcon.colcon_core.package_identification:_identify(InitialSim/twoVehs) by extension 'cmake'
[7.407s] Level 1:colcon.colcon_core.package_identification:_identify(InitialSim/twoVehs) by extension 'python'
[7.407s] Level 1:colcon.colcon_core.package_identification:_identify(InitialSim/twoVehs) by extensions ['python_setup_py']
[7.407s] Level 1:colcon.colcon_core.package_identification:_identify(InitialSim/twoVehs) by extension 'python_setup_py'
[7.428s] Level 1:colcon.colcon_core.package_identification:_identify(New folder) by extensions ['ignore', 'ignore_ament_install']
[7.429s] Level 1:colcon.colcon_core.package_identification:_identify(New folder) by extension 'ignore'
[7.429s] Level 1:colcon.colcon_core.package_identification:_identify(New folder) by extension 'ignore_ament_install'
[7.429s] Level 1:colcon.colcon_core.package_identification:_identify(New folder) by extensions ['colcon_pkg']
[7.429s] Level 1:colcon.colcon_core.package_identification:_identify(New folder) by extension 'colcon_pkg'
[7.429s] Level 1:colcon.colcon_core.package_identification:_identify(New folder) by extensions ['colcon_meta']
[7.429s] Level 1:colcon.colcon_core.package_identification:_identify(New folder) by extension 'colcon_meta'
[7.429s] Level 1:colcon.colcon_core.package_identification:_identify(New folder) by extensions ['ros']
[7.429s] Level 1:colcon.colcon_core.package_identification:_identify(New folder) by extension 'ros'
[7.429s] Level 1:colcon.colcon_core.package_identification:_identify(New folder) by extensions ['cmake', 'python']
[7.429s] Level 1:colcon.colcon_core.package_identification:_identify(New folder) by extension 'cmake'
[7.429s] Level 1:colcon.colcon_core.package_identification:_identify(New folder) by extension 'python'
[7.429s] Level 1:colcon.colcon_core.package_identification:_identify(New folder) by extensions ['python_setup_py']
[7.429s] Level 1:colcon.colcon_core.package_identification:_identify(New folder) by extension 'python_setup_py'
[7.468s] Level 1:colcon.colcon_core.package_identification:_identify(Results) by extensions ['ignore', 'ignore_ament_install']
[7.469s] Level 1:colcon.colcon_core.package_identification:_identify(Results) by extension 'ignore'
[7.469s] Level 1:colcon.colcon_core.package_identification:_identify(Results) by extension 'ignore_ament_install'
[7.469s] Level 1:colcon.colcon_core.package_identification:_identify(Results) by extensions ['colcon_pkg']
[7.469s] Level 1:colcon.colcon_core.package_identification:_identify(Results) by extension 'colcon_pkg'
[7.469s] Level 1:colcon.colcon_core.package_identification:_identify(Results) by extensions ['colcon_meta']
[7.469s] Level 1:colcon.colcon_core.package_identification:_identify(Results) by extension 'colcon_meta'
[7.469s] Level 1:colcon.colcon_core.package_identification:_identify(Results) by extensions ['ros']
[7.469s] Level 1:colcon.colcon_core.package_identification:_identify(Results) by extension 'ros'
[7.469s] Level 1:colcon.colcon_core.package_identification:_identify(Results) by extensions ['cmake', 'python']
[7.469s] Level 1:colcon.colcon_core.package_identification:_identify(Results) by extension 'cmake'
[7.469s] Level 1:colcon.colcon_core.package_identification:_identify(Results) by extension 'python'
[7.469s] Level 1:colcon.colcon_core.package_identification:_identify(Results) by extensions ['python_setup_py']
[7.470s] Level 1:colcon.colcon_core.package_identification:_identify(Results) by extension 'python_setup_py'
[7.470s] Level 1:colcon.colcon_core.package_identification:_identify(build) by extensions ['ignore', 'ignore_ament_install']
[7.470s] Level 1:colcon.colcon_core.package_identification:_identify(build) by extension 'ignore'
[7.470s] Level 1:colcon.colcon_core.package_identification:_identify(build) ignored
[7.503s] Level 1:colcon.colcon_core.package_identification:_identify(fifteenVehs) by extensions ['ignore', 'ignore_ament_install']
[7.503s] Level 1:colcon.colcon_core.package_identification:_identify(fifteenVehs) by extension 'ignore'
[7.503s] Level 1:colcon.colcon_core.package_identification:_identify(fifteenVehs) by extension 'ignore_ament_install'
[7.503s] Level 1:colcon.colcon_core.package_identification:_identify(fifteenVehs) by extensions ['colcon_pkg']
[7.503s] Level 1:colcon.colcon_core.package_identification:_identify(fifteenVehs) by extension 'colcon_pkg'
[7.503s] Level 1:colcon.colcon_core.package_identification:_identify(fifteenVehs) by extensions ['colcon_meta']
[7.504s] Level 1:colcon.colcon_core.package_identification:_identify(fifteenVehs) by extension 'colcon_meta'
[7.504s] Level 1:colcon.colcon_core.package_identification:_identify(fifteenVehs) by extensions ['ros']
[7.504s] Level 1:colcon.colcon_core.package_identification:_identify(fifteenVehs) by extension 'ros'
[7.504s] Level 1:colcon.colcon_core.package_identification:_identify(fifteenVehs) by extensions ['cmake', 'python']
[7.504s] Level 1:colcon.colcon_core.package_identification:_identify(fifteenVehs) by extension 'cmake'
[7.504s] Level 1:colcon.colcon_core.package_identification:_identify(fifteenVehs) by extension 'python'
[7.504s] Level 1:colcon.colcon_core.package_identification:_identify(fifteenVehs) by extensions ['python_setup_py']
[7.504s] Level 1:colcon.colcon_core.package_identification:_identify(fifteenVehs) by extension 'python_setup_py'
[7.525s] Level 1:colcon.colcon_core.package_identification:_identify(hundredVehs) by extensions ['ignore', 'ignore_ament_install']
[7.525s] Level 1:colcon.colcon_core.package_identification:_identify(hundredVehs) by extension 'ignore'
[7.525s] Level 1:colcon.colcon_core.package_identification:_identify(hundredVehs) by extension 'ignore_ament_install'
[7.526s] Level 1:colcon.colcon_core.package_identification:_identify(hundredVehs) by extensions ['colcon_pkg']
[7.526s] Level 1:colcon.colcon_core.package_identification:_identify(hundredVehs) by extension 'colcon_pkg'
[7.526s] Level 1:colcon.colcon_core.package_identification:_identify(hundredVehs) by extensions ['colcon_meta']
[7.526s] Level 1:colcon.colcon_core.package_identification:_identify(hundredVehs) by extension 'colcon_meta'
[7.526s] Level 1:colcon.colcon_core.package_identification:_identify(hundredVehs) by extensions ['ros']
[7.526s] Level 1:colcon.colcon_core.package_identification:_identify(hundredVehs) by extension 'ros'
[7.526s] Level 1:colcon.colcon_core.package_identification:_identify(hundredVehs) by extensions ['cmake', 'python']
[7.526s] Level 1:colcon.colcon_core.package_identification:_identify(hundredVehs) by extension 'cmake'
[7.526s] Level 1:colcon.colcon_core.package_identification:_identify(hundredVehs) by extension 'python'
[7.526s] Level 1:colcon.colcon_core.package_identification:_identify(hundredVehs) by extensions ['python_setup_py']
[7.526s] Level 1:colcon.colcon_core.package_identification:_identify(hundredVehs) by extension 'python_setup_py'
[7.582s] Level 1:colcon.colcon_core.package_identification:_identify(hundredVehs/fourWay) by extensions ['ignore', 'ignore_ament_install']
[7.582s] Level 1:colcon.colcon_core.package_identification:_identify(hundredVehs/fourWay) by extension 'ignore'
[7.582s] Level 1:colcon.colcon_core.package_identification:_identify(hundredVehs/fourWay) by extension 'ignore_ament_install'
[7.583s] Level 1:colcon.colcon_core.package_identification:_identify(hundredVehs/fourWay) by extensions ['colcon_pkg']
[7.583s] Level 1:colcon.colcon_core.package_identification:_identify(hundredVehs/fourWay) by extension 'colcon_pkg'
[7.583s] Level 1:colcon.colcon_core.package_identification:_identify(hundredVehs/fourWay) by extensions ['colcon_meta']
[7.583s] Level 1:colcon.colcon_core.package_identification:_identify(hundredVehs/fourWay) by extension 'colcon_meta'
[7.583s] Level 1:colcon.colcon_core.package_identification:_identify(hundredVehs/fourWay) by extensions ['ros']
[7.583s] Level 1:colcon.colcon_core.package_identification:_identify(hundredVehs/fourWay) by extension 'ros'
[7.583s] Level 1:colcon.colcon_core.package_identification:_identify(hundredVehs/fourWay) by extensions ['cmake', 'python']
[7.583s] Level 1:colcon.colcon_core.package_identification:_identify(hundredVehs/fourWay) by extension 'cmake'
[7.583s] Level 1:colcon.colcon_core.package_identification:_identify(hundredVehs/fourWay) by extension 'python'
[7.583s] Level 1:colcon.colcon_core.package_identification:_identify(hundredVehs/fourWay) by extensions ['python_setup_py']
[7.583s] Level 1:colcon.colcon_core.package_identification:_identify(hundredVehs/fourWay) by extension 'python_setup_py'
[7.599s] Level 1:colcon.colcon_core.package_identification:_identify(hundredVehs/fourWay/FIS) by extensions ['ignore', 'ignore_ament_install']
[7.599s] Level 1:colcon.colcon_core.package_identification:_identify(hundredVehs/fourWay/FIS) by extension 'ignore'
[7.600s] Level 1:colcon.colcon_core.package_identification:_identify(hundredVehs/fourWay/FIS) by extension 'ignore_ament_install'
[7.600s] Level 1:colcon.colcon_core.package_identification:_identify(hundredVehs/fourWay/FIS) by extensions ['colcon_pkg']
[7.600s] Level 1:colcon.colcon_core.package_identification:_identify(hundredVehs/fourWay/FIS) by extension 'colcon_pkg'
[7.600s] Level 1:colcon.colcon_core.package_identification:_identify(hundredVehs/fourWay/FIS) by extensions ['colcon_meta']
[7.600s] Level 1:colcon.colcon_core.package_identification:_identify(hundredVehs/fourWay/FIS) by extension 'colcon_meta'
[7.600s] Level 1:colcon.colcon_core.package_identification:_identify(hundredVehs/fourWay/FIS) by extensions ['ros']
[7.600s] Level 1:colcon.colcon_core.package_identification:_identify(hundredVehs/fourWay/FIS) by extension 'ros'
[7.600s] Level 1:colcon.colcon_core.package_identification:_identify(hundredVehs/fourWay/FIS) by extensions ['cmake', 'python']
[7.600s] Level 1:colcon.colcon_core.package_identification:_identify(hundredVehs/fourWay/FIS) by extension 'cmake'
[7.600s] Level 1:colcon.colcon_core.package_identification:_identify(hundredVehs/fourWay/FIS) by extension 'python'
[7.600s] Level 1:colcon.colcon_core.package_identification:_identify(hundredVehs/fourWay/FIS) by extensions ['python_setup_py']
[7.600s] Level 1:colcon.colcon_core.package_identification:_identify(hundredVehs/fourWay/FIS) by extension 'python_setup_py'
[7.611s] Level 1:colcon.colcon_core.package_identification:_identify(hundredVehs/fourWay/SpdDst) by extensions ['ignore', 'ignore_ament_install']
[7.611s] Level 1:colcon.colcon_core.package_identification:_identify(hundredVehs/fourWay/SpdDst) by extension 'ignore'
[7.611s] Level 1:colcon.colcon_core.package_identification:_identify(hundredVehs/fourWay/SpdDst) by extension 'ignore_ament_install'
[7.611s] Level 1:colcon.colcon_core.package_identification:_identify(hundredVehs/fourWay/SpdDst) by extensions ['colcon_pkg']
[7.611s] Level 1:colcon.colcon_core.package_identification:_identify(hundredVehs/fourWay/SpdDst) by extension 'colcon_pkg'
[7.611s] Level 1:colcon.colcon_core.package_identification:_identify(hundredVehs/fourWay/SpdDst) by extensions ['colcon_meta']
[7.611s] Level 1:colcon.colcon_core.package_identification:_identify(hundredVehs/fourWay/SpdDst) by extension 'colcon_meta'
[7.611s] Level 1:colcon.colcon_core.package_identification:_identify(hundredVehs/fourWay/SpdDst) by extensions ['ros']
[7.611s] Level 1:colcon.colcon_core.package_identification:_identify(hundredVehs/fourWay/SpdDst) by extension 'ros'
[7.611s] Level 1:colcon.colcon_core.package_identification:_identify(hundredVehs/fourWay/SpdDst) by extensions ['cmake', 'python']
[7.612s] Level 1:colcon.colcon_core.package_identification:_identify(hundredVehs/fourWay/SpdDst) by extension 'cmake'
[7.612s] Level 1:colcon.colcon_core.package_identification:_identify(hundredVehs/fourWay/SpdDst) by extension 'python'
[7.612s] Level 1:colcon.colcon_core.package_identification:_identify(hundredVehs/fourWay/SpdDst) by extensions ['python_setup_py']
[7.612s] Level 1:colcon.colcon_core.package_identification:_identify(hundredVehs/fourWay/SpdDst) by extension 'python_setup_py'
[7.636s] Level 1:colcon.colcon_core.package_identification:_identify(hundredVehs/fourWay/Static) by extensions ['ignore', 'ignore_ament_install']
[7.636s] Level 1:colcon.colcon_core.package_identification:_identify(hundredVehs/fourWay/Static) by extension 'ignore'
[7.636s] Level 1:colcon.colcon_core.package_identification:_identify(hundredVehs/fourWay/Static) by extension 'ignore_ament_install'
[7.636s] Level 1:colcon.colcon_core.package_identification:_identify(hundredVehs/fourWay/Static) by extensions ['colcon_pkg']
[7.636s] Level 1:colcon.colcon_core.package_identification:_identify(hundredVehs/fourWay/Static) by extension 'colcon_pkg'
[7.636s] Level 1:colcon.colcon_core.package_identification:_identify(hundredVehs/fourWay/Static) by extensions ['colcon_meta']
[7.636s] Level 1:colcon.colcon_core.package_identification:_identify(hundredVehs/fourWay/Static) by extension 'colcon_meta'
[7.636s] Level 1:colcon.colcon_core.package_identification:_identify(hundredVehs/fourWay/Static) by extensions ['ros']
[7.637s] Level 1:colcon.colcon_core.package_identification:_identify(hundredVehs/fourWay/Static) by extension 'ros'
[7.637s] Level 1:colcon.colcon_core.package_identification:_identify(hundredVehs/fourWay/Static) by extensions ['cmake', 'python']
[7.637s] Level 1:colcon.colcon_core.package_identification:_identify(hundredVehs/fourWay/Static) by extension 'cmake'
[7.637s] Level 1:colcon.colcon_core.package_identification:_identify(hundredVehs/fourWay/Static) by extension 'python'
[7.637s] Level 1:colcon.colcon_core.package_identification:_identify(hundredVehs/fourWay/Static) by extensions ['python_setup_py']
[7.637s] Level 1:colcon.colcon_core.package_identification:_identify(hundredVehs/fourWay/Static) by extension 'python_setup_py'
[7.638s] Level 1:colcon.colcon_core.package_identification:_identify(hundredVehs/twoWay) by extensions ['ignore', 'ignore_ament_install']
[7.638s] Level 1:colcon.colcon_core.package_identification:_identify(hundredVehs/twoWay) by extension 'ignore'
[7.638s] Level 1:colcon.colcon_core.package_identification:_identify(hundredVehs/twoWay) by extension 'ignore_ament_install'
[7.638s] Level 1:colcon.colcon_core.package_identification:_identify(hundredVehs/twoWay) by extensions ['colcon_pkg']
[7.638s] Level 1:colcon.colcon_core.package_identification:_identify(hundredVehs/twoWay) by extension 'colcon_pkg'
[7.638s] Level 1:colcon.colcon_core.package_identification:_identify(hundredVehs/twoWay) by extensions ['colcon_meta']
[7.638s] Level 1:colcon.colcon_core.package_identification:_identify(hundredVehs/twoWay) by extension 'colcon_meta'
[7.638s] Level 1:colcon.colcon_core.package_identification:_identify(hundredVehs/twoWay) by extensions ['ros']
[7.638s] Level 1:colcon.colcon_core.package_identification:_identify(hundredVehs/twoWay) by extension 'ros'
[7.639s] Level 1:colcon.colcon_core.package_identification:_identify(hundredVehs/twoWay) by extensions ['cmake', 'python']
[7.639s] Level 1:colcon.colcon_core.package_identification:_identify(hundredVehs/twoWay) by extension 'cmake'
[7.639s] Level 1:colcon.colcon_core.package_identification:_identify(hundredVehs/twoWay) by extension 'python'
[7.639s] Level 1:colcon.colcon_core.package_identification:_identify(hundredVehs/twoWay) by extensions ['python_setup_py']
[7.639s] Level 1:colcon.colcon_core.package_identification:_identify(hundredVehs/twoWay) by extension 'python_setup_py'
[7.653s] Level 1:colcon.colcon_core.package_identification:_identify(hundredVehs/twoWay/FIS) by extensions ['ignore', 'ignore_ament_install']
[7.653s] Level 1:colcon.colcon_core.package_identification:_identify(hundredVehs/twoWay/FIS) by extension 'ignore'
[7.654s] Level 1:colcon.colcon_core.package_identification:_identify(hundredVehs/twoWay/FIS) by extension 'ignore_ament_install'
[7.654s] Level 1:colcon.colcon_core.package_identification:_identify(hundredVehs/twoWay/FIS) by extensions ['colcon_pkg']
[7.654s] Level 1:colcon.colcon_core.package_identification:_identify(hundredVehs/twoWay/FIS) by extension 'colcon_pkg'
[7.654s] Level 1:colcon.colcon_core.package_identification:_identify(hundredVehs/twoWay/FIS) by extensions ['colcon_meta']
[7.654s] Level 1:colcon.colcon_core.package_identification:_identify(hundredVehs/twoWay/FIS) by extension 'colcon_meta'
[7.654s] Level 1:colcon.colcon_core.package_identification:_identify(hundredVehs/twoWay/FIS) by extensions ['ros']
[7.654s] Level 1:colcon.colcon_core.package_identification:_identify(hundredVehs/twoWay/FIS) by extension 'ros'
[7.654s] Level 1:colcon.colcon_core.package_identification:_identify(hundredVehs/twoWay/FIS) by extensions ['cmake', 'python']
[7.654s] Level 1:colcon.colcon_core.package_identification:_identify(hundredVehs/twoWay/FIS) by extension 'cmake'
[7.654s] Level 1:colcon.colcon_core.package_identification:_identify(hundredVehs/twoWay/FIS) by extension 'python'
[7.654s] Level 1:colcon.colcon_core.package_identification:_identify(hundredVehs/twoWay/FIS) by extensions ['python_setup_py']
[7.654s] Level 1:colcon.colcon_core.package_identification:_identify(hundredVehs/twoWay/FIS) by extension 'python_setup_py'
[7.681s] Level 1:colcon.colcon_core.package_identification:_identify(hundredVehs/twoWay/NorthSouth) by extensions ['ignore', 'ignore_ament_install']
[7.682s] Level 1:colcon.colcon_core.package_identification:_identify(hundredVehs/twoWay/NorthSouth) by extension 'ignore'
[7.682s] Level 1:colcon.colcon_core.package_identification:_identify(hundredVehs/twoWay/NorthSouth) by extension 'ignore_ament_install'
[7.682s] Level 1:colcon.colcon_core.package_identification:_identify(hundredVehs/twoWay/NorthSouth) by extensions ['colcon_pkg']
[7.682s] Level 1:colcon.colcon_core.package_identification:_identify(hundredVehs/twoWay/NorthSouth) by extension 'colcon_pkg'
[7.682s] Level 1:colcon.colcon_core.package_identification:_identify(hundredVehs/twoWay/NorthSouth) by extensions ['colcon_meta']
[7.682s] Level 1:colcon.colcon_core.package_identification:_identify(hundredVehs/twoWay/NorthSouth) by extension 'colcon_meta'
[7.682s] Level 1:colcon.colcon_core.package_identification:_identify(hundredVehs/twoWay/NorthSouth) by extensions ['ros']
[7.682s] Level 1:colcon.colcon_core.package_identification:_identify(hundredVehs/twoWay/NorthSouth) by extension 'ros'
[7.682s] Level 1:colcon.colcon_core.package_identification:_identify(hundredVehs/twoWay/NorthSouth) by extensions ['cmake', 'python']
[7.682s] Level 1:colcon.colcon_core.package_identification:_identify(hundredVehs/twoWay/NorthSouth) by extension 'cmake'
[7.682s] Level 1:colcon.colcon_core.package_identification:_identify(hundredVehs/twoWay/NorthSouth) by extension 'python'
[7.682s] Level 1:colcon.colcon_core.package_identification:_identify(hundredVehs/twoWay/NorthSouth) by extensions ['python_setup_py']
[7.682s] Level 1:colcon.colcon_core.package_identification:_identify(hundredVehs/twoWay/NorthSouth) by extension 'python_setup_py'
[7.700s] Level 1:colcon.colcon_core.package_identification:_identify(hundredVehs/twoWay/NorthSouth/FIS) by extensions ['ignore', 'ignore_ament_install']
[7.700s] Level 1:colcon.colcon_core.package_identification:_identify(hundredVehs/twoWay/NorthSouth/FIS) by extension 'ignore'
[7.701s] Level 1:colcon.colcon_core.package_identification:_identify(hundredVehs/twoWay/NorthSouth/FIS) by extension 'ignore_ament_install'
[7.701s] Level 1:colcon.colcon_core.package_identification:_identify(hundredVehs/twoWay/NorthSouth/FIS) by extensions ['colcon_pkg']
[7.701s] Level 1:colcon.colcon_core.package_identification:_identify(hundredVehs/twoWay/NorthSouth/FIS) by extension 'colcon_pkg'
[7.701s] Level 1:colcon.colcon_core.package_identification:_identify(hundredVehs/twoWay/NorthSouth/FIS) by extensions ['colcon_meta']
[7.701s] Level 1:colcon.colcon_core.package_identification:_identify(hundredVehs/twoWay/NorthSouth/FIS) by extension 'colcon_meta'
[7.701s] Level 1:colcon.colcon_core.package_identification:_identify(hundredVehs/twoWay/NorthSouth/FIS) by extensions ['ros']
[7.701s] Level 1:colcon.colcon_core.package_identification:_identify(hundredVehs/twoWay/NorthSouth/FIS) by extension 'ros'
[7.701s] Level 1:colcon.colcon_core.package_identification:_identify(hundredVehs/twoWay/NorthSouth/FIS) by extensions ['cmake', 'python']
[7.701s] Level 1:colcon.colcon_core.package_identification:_identify(hundredVehs/twoWay/NorthSouth/FIS) by extension 'cmake'
[7.701s] Level 1:colcon.colcon_core.package_identification:_identify(hundredVehs/twoWay/NorthSouth/FIS) by extension 'python'
[7.701s] Level 1:colcon.colcon_core.package_identification:_identify(hundredVehs/twoWay/NorthSouth/FIS) by extensions ['python_setup_py']
[7.701s] Level 1:colcon.colcon_core.package_identification:_identify(hundredVehs/twoWay/NorthSouth/FIS) by extension 'python_setup_py'
[7.716s] Level 1:colcon.colcon_core.package_identification:_identify(hundredVehs/twoWay/NorthSouth/SpdDst) by extensions ['ignore', 'ignore_ament_install']
[7.716s] Level 1:colcon.colcon_core.package_identification:_identify(hundredVehs/twoWay/NorthSouth/SpdDst) by extension 'ignore'
[7.716s] Level 1:colcon.colcon_core.package_identification:_identify(hundredVehs/twoWay/NorthSouth/SpdDst) by extension 'ignore_ament_install'
[7.717s] Level 1:colcon.colcon_core.package_identification:_identify(hundredVehs/twoWay/NorthSouth/SpdDst) by extensions ['colcon_pkg']
[7.717s] Level 1:colcon.colcon_core.package_identification:_identify(hundredVehs/twoWay/NorthSouth/SpdDst) by extension 'colcon_pkg'
[7.717s] Level 1:colcon.colcon_core.package_identification:_identify(hundredVehs/twoWay/NorthSouth/SpdDst) by extensions ['colcon_meta']
[7.717s] Level 1:colcon.colcon_core.package_identification:_identify(hundredVehs/twoWay/NorthSouth/SpdDst) by extension 'colcon_meta'
[7.717s] Level 1:colcon.colcon_core.package_identification:_identify(hundredVehs/twoWay/NorthSouth/SpdDst) by extensions ['ros']
[7.717s] Level 1:colcon.colcon_core.package_identification:_identify(hundredVehs/twoWay/NorthSouth/SpdDst) by extension 'ros'
[7.717s] Level 1:colcon.colcon_core.package_identification:_identify(hundredVehs/twoWay/NorthSouth/SpdDst) by extensions ['cmake', 'python']
[7.717s] Level 1:colcon.colcon_core.package_identification:_identify(hundredVehs/twoWay/NorthSouth/SpdDst) by extension 'cmake'
[7.717s] Level 1:colcon.colcon_core.package_identification:_identify(hundredVehs/twoWay/NorthSouth/SpdDst) by extension 'python'
[7.717s] Level 1:colcon.colcon_core.package_identification:_identify(hundredVehs/twoWay/NorthSouth/SpdDst) by extensions ['python_setup_py']
[7.717s] Level 1:colcon.colcon_core.package_identification:_identify(hundredVehs/twoWay/NorthSouth/SpdDst) by extension 'python_setup_py'
[7.733s] Level 1:colcon.colcon_core.package_identification:_identify(hundredVehs/twoWay/NorthSouth/Static) by extensions ['ignore', 'ignore_ament_install']
[7.733s] Level 1:colcon.colcon_core.package_identification:_identify(hundredVehs/twoWay/NorthSouth/Static) by extension 'ignore'
[7.734s] Level 1:colcon.colcon_core.package_identification:_identify(hundredVehs/twoWay/NorthSouth/Static) by extension 'ignore_ament_install'
[7.734s] Level 1:colcon.colcon_core.package_identification:_identify(hundredVehs/twoWay/NorthSouth/Static) by extensions ['colcon_pkg']
[7.734s] Level 1:colcon.colcon_core.package_identification:_identify(hundredVehs/twoWay/NorthSouth/Static) by extension 'colcon_pkg'
[7.734s] Level 1:colcon.colcon_core.package_identification:_identify(hundredVehs/twoWay/NorthSouth/Static) by extensions ['colcon_meta']
[7.734s] Level 1:colcon.colcon_core.package_identification:_identify(hundredVehs/twoWay/NorthSouth/Static) by extension 'colcon_meta'
[7.734s] Level 1:colcon.colcon_core.package_identification:_identify(hundredVehs/twoWay/NorthSouth/Static) by extensions ['ros']
[7.734s] Level 1:colcon.colcon_core.package_identification:_identify(hundredVehs/twoWay/NorthSouth/Static) by extension 'ros'
[7.734s] Level 1:colcon.colcon_core.package_identification:_identify(hundredVehs/twoWay/NorthSouth/Static) by extensions ['cmake', 'python']
[7.734s] Level 1:colcon.colcon_core.package_identification:_identify(hundredVehs/twoWay/NorthSouth/Static) by extension 'cmake'
[7.734s] Level 1:colcon.colcon_core.package_identification:_identify(hundredVehs/twoWay/NorthSouth/Static) by extension 'python'
[7.734s] Level 1:colcon.colcon_core.package_identification:_identify(hundredVehs/twoWay/NorthSouth/Static) by extensions ['python_setup_py']
[7.734s] Level 1:colcon.colcon_core.package_identification:_identify(hundredVehs/twoWay/NorthSouth/Static) by extension 'python_setup_py'
[7.761s] Level 1:colcon.colcon_core.package_identification:_identify(hundredVehs/twoWay/SpdDst) by extensions ['ignore', 'ignore_ament_install']
[7.761s] Level 1:colcon.colcon_core.package_identification:_identify(hundredVehs/twoWay/SpdDst) by extension 'ignore'
[7.761s] Level 1:colcon.colcon_core.package_identification:_identify(hundredVehs/twoWay/SpdDst) by extension 'ignore_ament_install'
[7.761s] Level 1:colcon.colcon_core.package_identification:_identify(hundredVehs/twoWay/SpdDst) by extensions ['colcon_pkg']
[7.762s] Level 1:colcon.colcon_core.package_identification:_identify(hundredVehs/twoWay/SpdDst) by extension 'colcon_pkg'
[7.762s] Level 1:colcon.colcon_core.package_identification:_identify(hundredVehs/twoWay/SpdDst) by extensions ['colcon_meta']
[7.762s] Level 1:colcon.colcon_core.package_identification:_identify(hundredVehs/twoWay/SpdDst) by extension 'colcon_meta'
[7.762s] Level 1:colcon.colcon_core.package_identification:_identify(hundredVehs/twoWay/SpdDst) by extensions ['ros']
[7.762s] Level 1:colcon.colcon_core.package_identification:_identify(hundredVehs/twoWay/SpdDst) by extension 'ros'
[7.762s] Level 1:colcon.colcon_core.package_identification:_identify(hundredVehs/twoWay/SpdDst) by extensions ['cmake', 'python']
[7.762s] Level 1:colcon.colcon_core.package_identification:_identify(hundredVehs/twoWay/SpdDst) by extension 'cmake'
[7.762s] Level 1:colcon.colcon_core.package_identification:_identify(hundredVehs/twoWay/SpdDst) by extension 'python'
[7.762s] Level 1:colcon.colcon_core.package_identification:_identify(hundredVehs/twoWay/SpdDst) by extensions ['python_setup_py']
[7.762s] Level 1:colcon.colcon_core.package_identification:_identify(hundredVehs/twoWay/SpdDst) by extension 'python_setup_py'
[7.765s] Level 1:colcon.colcon_core.package_identification:_identify(hundredVehs/twoWay/Static) by extensions ['ignore', 'ignore_ament_install']
[7.765s] Level 1:colcon.colcon_core.package_identification:_identify(hundredVehs/twoWay/Static) by extension 'ignore'
[7.765s] Level 1:colcon.colcon_core.package_identification:_identify(hundredVehs/twoWay/Static) by extension 'ignore_ament_install'
[7.765s] Level 1:colcon.colcon_core.package_identification:_identify(hundredVehs/twoWay/Static) by extensions ['colcon_pkg']
[7.765s] Level 1:colcon.colcon_core.package_identification:_identify(hundredVehs/twoWay/Static) by extension 'colcon_pkg'
[7.765s] Level 1:colcon.colcon_core.package_identification:_identify(hundredVehs/twoWay/Static) by extensions ['colcon_meta']
[7.765s] Level 1:colcon.colcon_core.package_identification:_identify(hundredVehs/twoWay/Static) by extension 'colcon_meta'
[7.765s] Level 1:colcon.colcon_core.package_identification:_identify(hundredVehs/twoWay/Static) by extensions ['ros']
[7.765s] Level 1:colcon.colcon_core.package_identification:_identify(hundredVehs/twoWay/Static) by extension 'ros'
[7.766s] Level 1:colcon.colcon_core.package_identification:_identify(hundredVehs/twoWay/Static) by extensions ['cmake', 'python']
[7.766s] Level 1:colcon.colcon_core.package_identification:_identify(hundredVehs/twoWay/Static) by extension 'cmake'
[7.766s] Level 1:colcon.colcon_core.package_identification:_identify(hundredVehs/twoWay/Static) by extension 'python'
[7.766s] Level 1:colcon.colcon_core.package_identification:_identify(hundredVehs/twoWay/Static) by extensions ['python_setup_py']
[7.766s] Level 1:colcon.colcon_core.package_identification:_identify(hundredVehs/twoWay/Static) by extension 'python_setup_py'
[7.766s] Level 1:colcon.colcon_core.package_identification:_identify(install) by extensions ['ignore', 'ignore_ament_install']
[7.766s] Level 1:colcon.colcon_core.package_identification:_identify(install) by extension 'ignore'
[7.766s] Level 1:colcon.colcon_core.package_identification:_identify(install) ignored
[7.767s] Level 1:colcon.colcon_core.package_identification:_identify(log) by extensions ['ignore', 'ignore_ament_install']
[7.767s] Level 1:colcon.colcon_core.package_identification:_identify(log) by extension 'ignore'
[7.767s] Level 1:colcon.colcon_core.package_identification:_identify(log) ignored
[7.767s] Level 1:colcon.colcon_core.package_identification:_identify(src) by extensions ['ignore', 'ignore_ament_install']
[7.767s] Level 1:colcon.colcon_core.package_identification:_identify(src) by extension 'ignore'
[7.767s] Level 1:colcon.colcon_core.package_identification:_identify(src) by extension 'ignore_ament_install'
[7.767s] Level 1:colcon.colcon_core.package_identification:_identify(src) by extensions ['colcon_pkg']
[7.768s] Level 1:colcon.colcon_core.package_identification:_identify(src) by extension 'colcon_pkg'
[7.768s] Level 1:colcon.colcon_core.package_identification:_identify(src) by extensions ['colcon_meta']
[7.768s] Level 1:colcon.colcon_core.package_identification:_identify(src) by extension 'colcon_meta'
[7.768s] Level 1:colcon.colcon_core.package_identification:_identify(src) by extensions ['ros']
[7.768s] Level 1:colcon.colcon_core.package_identification:_identify(src) by extension 'ros'
[7.768s] Level 1:colcon.colcon_core.package_identification:_identify(src) by extensions ['cmake', 'python']
[7.768s] Level 1:colcon.colcon_core.package_identification:_identify(src) by extension 'cmake'
[7.768s] Level 1:colcon.colcon_core.package_identification:_identify(src) by extension 'python'
[7.768s] Level 1:colcon.colcon_core.package_identification:_identify(src) by extensions ['python_setup_py']
[7.768s] Level 1:colcon.colcon_core.package_identification:_identify(src) by extension 'python_setup_py'
[7.807s] Level 1:colcon.colcon_core.package_identification:_identify(src/cim) by extensions ['ignore', 'ignore_ament_install']
[7.807s] Level 1:colcon.colcon_core.package_identification:_identify(src/cim) by extension 'ignore'
[7.807s] Level 1:colcon.colcon_core.package_identification:_identify(src/cim) by extension 'ignore_ament_install'
[7.807s] Level 1:colcon.colcon_core.package_identification:_identify(src/cim) by extensions ['colcon_pkg']
[7.807s] Level 1:colcon.colcon_core.package_identification:_identify(src/cim) by extension 'colcon_pkg'
[7.807s] Level 1:colcon.colcon_core.package_identification:_identify(src/cim) by extensions ['colcon_meta']
[7.807s] Level 1:colcon.colcon_core.package_identification:_identify(src/cim) by extension 'colcon_meta'
[7.807s] Level 1:colcon.colcon_core.package_identification:_identify(src/cim) by extensions ['ros']
[7.807s] Level 1:colcon.colcon_core.package_identification:_identify(src/cim) by extension 'ros'
[7.925s] DEBUG:colcon.colcon_core.package_identification:Package 'src/cim' with type 'ros.ament_python' and name 'cim'
[7.960s] Level 1:colcon.colcon_core.package_identification:_identify(src/dsrcmsg) by extensions ['ignore', 'ignore_ament_install']
[7.960s] Level 1:colcon.colcon_core.package_identification:_identify(src/dsrcmsg) by extension 'ignore'
[7.960s] Level 1:colcon.colcon_core.package_identification:_identify(src/dsrcmsg) by extension 'ignore_ament_install'
[7.960s] Level 1:colcon.colcon_core.package_identification:_identify(src/dsrcmsg) by extensions ['colcon_pkg']
[7.960s] Level 1:colcon.colcon_core.package_identification:_identify(src/dsrcmsg) by extension 'colcon_pkg'
[7.961s] Level 1:colcon.colcon_core.package_identification:_identify(src/dsrcmsg) by extensions ['colcon_meta']
[7.961s] Level 1:colcon.colcon_core.package_identification:_identify(src/dsrcmsg) by extension 'colcon_meta'
[7.961s] Level 1:colcon.colcon_core.package_identification:_identify(src/dsrcmsg) by extensions ['ros']
[7.961s] Level 1:colcon.colcon_core.package_identification:_identify(src/dsrcmsg) by extension 'ros'
[8.018s] DEBUG:colcon.colcon_core.package_identification:Package 'src/dsrcmsg' with type 'ros.ament_cmake' and name 'dsrcmsg'
[8.018s] Level 1:colcon.colcon_core.package_identification:_identify(src/onecim) by extensions ['ignore', 'ignore_ament_install']
[8.018s] Level 1:colcon.colcon_core.package_identification:_identify(src/onecim) by extension 'ignore'
[8.019s] Level 1:colcon.colcon_core.package_identification:_identify(src/onecim) by extension 'ignore_ament_install'
[8.019s] Level 1:colcon.colcon_core.package_identification:_identify(src/onecim) by extensions ['colcon_pkg']
[8.019s] Level 1:colcon.colcon_core.package_identification:_identify(src/onecim) by extension 'colcon_pkg'
[8.019s] Level 1:colcon.colcon_core.package_identification:_identify(src/onecim) by extensions ['colcon_meta']
[8.019s] Level 1:colcon.colcon_core.package_identification:_identify(src/onecim) by extension 'colcon_meta'
[8.019s] Level 1:colcon.colcon_core.package_identification:_identify(src/onecim) by extensions ['ros']
[8.019s] Level 1:colcon.colcon_core.package_identification:_identify(src/onecim) by extension 'ros'
[8.061s] DEBUG:colcon.colcon_core.package_identification:Package 'src/onecim' with type 'ros.ament_python' and name 'onecim'
[8.062s] Level 1:colcon.colcon_core.package_identification:_identify(src/reactivemethods) by extensions ['ignore', 'ignore_ament_install']
[8.062s] Level 1:colcon.colcon_core.package_identification:_identify(src/reactivemethods) by extension 'ignore'
[8.062s] Level 1:colcon.colcon_core.package_identification:_identify(src/reactivemethods) by extension 'ignore_ament_install'
[8.062s] Level 1:colcon.colcon_core.package_identification:_identify(src/reactivemethods) by extensions ['colcon_pkg']
[8.062s] Level 1:colcon.colcon_core.package_identification:_identify(src/reactivemethods) by extension 'colcon_pkg'
[8.062s] Level 1:colcon.colcon_core.package_identification:_identify(src/reactivemethods) by extensions ['colcon_meta']
[8.062s] Level 1:colcon.colcon_core.package_identification:_identify(src/reactivemethods) by extension 'colcon_meta'
[8.062s] Level 1:colcon.colcon_core.package_identification:_identify(src/reactivemethods) by extensions ['ros']
[8.062s] Level 1:colcon.colcon_core.package_identification:_identify(src/reactivemethods) by extension 'ros'
[8.104s] DEBUG:colcon.colcon_core.package_identification:Package 'src/reactivemethods' with type 'ros.ament_python' and name 'reactivemethods'
[8.121s] Level 1:colcon.colcon_core.package_identification:_identify(src/trafficrecord) by extensions ['ignore', 'ignore_ament_install']
[8.121s] Level 1:colcon.colcon_core.package_identification:_identify(src/trafficrecord) by extension 'ignore'
[8.122s] Level 1:colcon.colcon_core.package_identification:_identify(src/trafficrecord) by extension 'ignore_ament_install'
[8.122s] Level 1:colcon.colcon_core.package_identification:_identify(src/trafficrecord) by extensions ['colcon_pkg']
[8.122s] Level 1:colcon.colcon_core.package_identification:_identify(src/trafficrecord) by extension 'colcon_pkg'
[8.122s] Level 1:colcon.colcon_core.package_identification:_identify(src/trafficrecord) by extensions ['colcon_meta']
[8.122s] Level 1:colcon.colcon_core.package_identification:_identify(src/trafficrecord) by extension 'colcon_meta'
[8.122s] Level 1:colcon.colcon_core.package_identification:_identify(src/trafficrecord) by extensions ['ros']
[8.122s] Level 1:colcon.colcon_core.package_identification:_identify(src/trafficrecord) by extension 'ros'
[8.138s] DEBUG:colcon.colcon_core.package_identification:Package 'src/trafficrecord' with type 'ros.ament_cmake' and name 'trafficrecord'
[8.150s] Level 1:colcon.colcon_core.package_identification:_identify(twoHundred) by extensions ['ignore', 'ignore_ament_install']
[8.150s] Level 1:colcon.colcon_core.package_identification:_identify(twoHundred) by extension 'ignore'
[8.151s] Level 1:colcon.colcon_core.package_identification:_identify(twoHundred) by extension 'ignore_ament_install'
[8.151s] Level 1:colcon.colcon_core.package_identification:_identify(twoHundred) by extensions ['colcon_pkg']
[8.151s] Level 1:colcon.colcon_core.package_identification:_identify(twoHundred) by extension 'colcon_pkg'
[8.151s] Level 1:colcon.colcon_core.package_identification:_identify(twoHundred) by extensions ['colcon_meta']
[8.151s] Level 1:colcon.colcon_core.package_identification:_identify(twoHundred) by extension 'colcon_meta'
[8.151s] Level 1:colcon.colcon_core.package_identification:_identify(twoHundred) by extensions ['ros']
[8.151s] Level 1:colcon.colcon_core.package_identification:_identify(twoHundred) by extension 'ros'
[8.151s] Level 1:colcon.colcon_core.package_identification:_identify(twoHundred) by extensions ['cmake', 'python']
[8.151s] Level 1:colcon.colcon_core.package_identification:_identify(twoHundred) by extension 'cmake'
[8.151s] Level 1:colcon.colcon_core.package_identification:_identify(twoHundred) by extension 'python'
[8.151s] Level 1:colcon.colcon_core.package_identification:_identify(twoHundred) by extensions ['python_setup_py']
[8.151s] Level 1:colcon.colcon_core.package_identification:_identify(twoHundred) by extension 'python_setup_py'
[8.178s] Level 1:colcon.colcon_core.package_identification:_identify(twoHundred/fourWay) by extensions ['ignore', 'ignore_ament_install']
[8.178s] Level 1:colcon.colcon_core.package_identification:_identify(twoHundred/fourWay) by extension 'ignore'
[8.178s] Level 1:colcon.colcon_core.package_identification:_identify(twoHundred/fourWay) by extension 'ignore_ament_install'
[8.178s] Level 1:colcon.colcon_core.package_identification:_identify(twoHundred/fourWay) by extensions ['colcon_pkg']
[8.178s] Level 1:colcon.colcon_core.package_identification:_identify(twoHundred/fourWay) by extension 'colcon_pkg'
[8.178s] Level 1:colcon.colcon_core.package_identification:_identify(twoHundred/fourWay) by extensions ['colcon_meta']
[8.178s] Level 1:colcon.colcon_core.package_identification:_identify(twoHundred/fourWay) by extension 'colcon_meta'
[8.179s] Level 1:colcon.colcon_core.package_identification:_identify(twoHundred/fourWay) by extensions ['ros']
[8.179s] Level 1:colcon.colcon_core.package_identification:_identify(twoHundred/fourWay) by extension 'ros'
[8.179s] Level 1:colcon.colcon_core.package_identification:_identify(twoHundred/fourWay) by extensions ['cmake', 'python']
[8.179s] Level 1:colcon.colcon_core.package_identification:_identify(twoHundred/fourWay) by extension 'cmake'
[8.179s] Level 1:colcon.colcon_core.package_identification:_identify(twoHundred/fourWay) by extension 'python'
[8.179s] Level 1:colcon.colcon_core.package_identification:_identify(twoHundred/fourWay) by extensions ['python_setup_py']
[8.179s] Level 1:colcon.colcon_core.package_identification:_identify(twoHundred/fourWay) by extension 'python_setup_py'
[8.180s] Level 1:colcon.colcon_core.package_identification:_identify(twoHundred/fourWay/FIS) by extensions ['ignore', 'ignore_ament_install']
[8.180s] Level 1:colcon.colcon_core.package_identification:_identify(twoHundred/fourWay/FIS) by extension 'ignore'
[8.180s] Level 1:colcon.colcon_core.package_identification:_identify(twoHundred/fourWay/FIS) by extension 'ignore_ament_install'
[8.180s] Level 1:colcon.colcon_core.package_identification:_identify(twoHundred/fourWay/FIS) by extensions ['colcon_pkg']
[8.180s] Level 1:colcon.colcon_core.package_identification:_identify(twoHundred/fourWay/FIS) by extension 'colcon_pkg'
[8.180s] Level 1:colcon.colcon_core.package_identification:_identify(twoHundred/fourWay/FIS) by extensions ['colcon_meta']
[8.180s] Level 1:colcon.colcon_core.package_identification:_identify(twoHundred/fourWay/FIS) by extension 'colcon_meta'
[8.180s] Level 1:colcon.colcon_core.package_identification:_identify(twoHundred/fourWay/FIS) by extensions ['ros']
[8.180s] Level 1:colcon.colcon_core.package_identification:_identify(twoHundred/fourWay/FIS) by extension 'ros'
[8.181s] Level 1:colcon.colcon_core.package_identification:_identify(twoHundred/fourWay/FIS) by extensions ['cmake', 'python']
[8.181s] Level 1:colcon.colcon_core.package_identification:_identify(twoHundred/fourWay/FIS) by extension 'cmake'
[8.181s] Level 1:colcon.colcon_core.package_identification:_identify(twoHundred/fourWay/FIS) by extension 'python'
[8.181s] Level 1:colcon.colcon_core.package_identification:_identify(twoHundred/fourWay/FIS) by extensions ['python_setup_py']
[8.181s] Level 1:colcon.colcon_core.package_identification:_identify(twoHundred/fourWay/FIS) by extension 'python_setup_py'
[8.202s] Level 1:colcon.colcon_core.package_identification:_identify(twoHundred/fourWay/SpdDst) by extensions ['ignore', 'ignore_ament_install']
[8.202s] Level 1:colcon.colcon_core.package_identification:_identify(twoHundred/fourWay/SpdDst) by extension 'ignore'
[8.202s] Level 1:colcon.colcon_core.package_identification:_identify(twoHundred/fourWay/SpdDst) by extension 'ignore_ament_install'
[8.202s] Level 1:colcon.colcon_core.package_identification:_identify(twoHundred/fourWay/SpdDst) by extensions ['colcon_pkg']
[8.202s] Level 1:colcon.colcon_core.package_identification:_identify(twoHundred/fourWay/SpdDst) by extension 'colcon_pkg'
[8.202s] Level 1:colcon.colcon_core.package_identification:_identify(twoHundred/fourWay/SpdDst) by extensions ['colcon_meta']
[8.202s] Level 1:colcon.colcon_core.package_identification:_identify(twoHundred/fourWay/SpdDst) by extension 'colcon_meta'
[8.202s] Level 1:colcon.colcon_core.package_identification:_identify(twoHundred/fourWay/SpdDst) by extensions ['ros']
[8.202s] Level 1:colcon.colcon_core.package_identification:_identify(twoHundred/fourWay/SpdDst) by extension 'ros'
[8.202s] Level 1:colcon.colcon_core.package_identification:_identify(twoHundred/fourWay/SpdDst) by extensions ['cmake', 'python']
[8.202s] Level 1:colcon.colcon_core.package_identification:_identify(twoHundred/fourWay/SpdDst) by extension 'cmake'
[8.202s] Level 1:colcon.colcon_core.package_identification:_identify(twoHundred/fourWay/SpdDst) by extension 'python'
[8.202s] Level 1:colcon.colcon_core.package_identification:_identify(twoHundred/fourWay/SpdDst) by extensions ['python_setup_py']
[8.202s] Level 1:colcon.colcon_core.package_identification:_identify(twoHundred/fourWay/SpdDst) by extension 'python_setup_py'
[8.220s] Level 1:colcon.colcon_core.package_identification:_identify(twoHundred/fourWay/Static) by extensions ['ignore', 'ignore_ament_install']
[8.220s] Level 1:colcon.colcon_core.package_identification:_identify(twoHundred/fourWay/Static) by extension 'ignore'
[8.220s] Level 1:colcon.colcon_core.package_identification:_identify(twoHundred/fourWay/Static) by extension 'ignore_ament_install'
[8.220s] Level 1:colcon.colcon_core.package_identification:_identify(twoHundred/fourWay/Static) by extensions ['colcon_pkg']
[8.220s] Level 1:colcon.colcon_core.package_identification:_identify(twoHundred/fourWay/Static) by extension 'colcon_pkg'
[8.220s] Level 1:colcon.colcon_core.package_identification:_identify(twoHundred/fourWay/Static) by extensions ['colcon_meta']
[8.220s] Level 1:colcon.colcon_core.package_identification:_identify(twoHundred/fourWay/Static) by extension 'colcon_meta'
[8.220s] Level 1:colcon.colcon_core.package_identification:_identify(twoHundred/fourWay/Static) by extensions ['ros']
[8.220s] Level 1:colcon.colcon_core.package_identification:_identify(twoHundred/fourWay/Static) by extension 'ros'
[8.220s] Level 1:colcon.colcon_core.package_identification:_identify(twoHundred/fourWay/Static) by extensions ['cmake', 'python']
[8.220s] Level 1:colcon.colcon_core.package_identification:_identify(twoHundred/fourWay/Static) by extension 'cmake'
[8.220s] Level 1:colcon.colcon_core.package_identification:_identify(twoHundred/fourWay/Static) by extension 'python'
[8.220s] Level 1:colcon.colcon_core.package_identification:_identify(twoHundred/fourWay/Static) by extensions ['python_setup_py']
[8.220s] Level 1:colcon.colcon_core.package_identification:_identify(twoHundred/fourWay/Static) by extension 'python_setup_py'
[8.221s] Level 1:colcon.colcon_core.package_identification:_identify(twoHundred/twoWay) by extensions ['ignore', 'ignore_ament_install']
[8.221s] Level 1:colcon.colcon_core.package_identification:_identify(twoHundred/twoWay) by extension 'ignore'
[8.221s] Level 1:colcon.colcon_core.package_identification:_identify(twoHundred/twoWay) by extension 'ignore_ament_install'
[8.221s] Level 1:colcon.colcon_core.package_identification:_identify(twoHundred/twoWay) by extensions ['colcon_pkg']
[8.221s] Level 1:colcon.colcon_core.package_identification:_identify(twoHundred/twoWay) by extension 'colcon_pkg'
[8.221s] Level 1:colcon.colcon_core.package_identification:_identify(twoHundred/twoWay) by extensions ['colcon_meta']
[8.221s] Level 1:colcon.colcon_core.package_identification:_identify(twoHundred/twoWay) by extension 'colcon_meta'
[8.221s] Level 1:colcon.colcon_core.package_identification:_identify(twoHundred/twoWay) by extensions ['ros']
[8.222s] Level 1:colcon.colcon_core.package_identification:_identify(twoHundred/twoWay) by extension 'ros'
[8.222s] Level 1:colcon.colcon_core.package_identification:_identify(twoHundred/twoWay) by extensions ['cmake', 'python']
[8.222s] Level 1:colcon.colcon_core.package_identification:_identify(twoHundred/twoWay) by extension 'cmake'
[8.222s] Level 1:colcon.colcon_core.package_identification:_identify(twoHundred/twoWay) by extension 'python'
[8.222s] Level 1:colcon.colcon_core.package_identification:_identify(twoHundred/twoWay) by extensions ['python_setup_py']
[8.222s] Level 1:colcon.colcon_core.package_identification:_identify(twoHundred/twoWay) by extension 'python_setup_py'
[8.232s] Level 1:colcon.colcon_core.package_identification:_identify(twoHundred/twoWay/FIS) by extensions ['ignore', 'ignore_ament_install']
[8.232s] Level 1:colcon.colcon_core.package_identification:_identify(twoHundred/twoWay/FIS) by extension 'ignore'
[8.232s] Level 1:colcon.colcon_core.package_identification:_identify(twoHundred/twoWay/FIS) by extension 'ignore_ament_install'
[8.232s] Level 1:colcon.colcon_core.package_identification:_identify(twoHundred/twoWay/FIS) by extensions ['colcon_pkg']
[8.232s] Level 1:colcon.colcon_core.package_identification:_identify(twoHundred/twoWay/FIS) by extension 'colcon_pkg'
[8.233s] Level 1:colcon.colcon_core.package_identification:_identify(twoHundred/twoWay/FIS) by extensions ['colcon_meta']
[8.233s] Level 1:colcon.colcon_core.package_identification:_identify(twoHundred/twoWay/FIS) by extension 'colcon_meta'
[8.233s] Level 1:colcon.colcon_core.package_identification:_identify(twoHundred/twoWay/FIS) by extensions ['ros']
[8.233s] Level 1:colcon.colcon_core.package_identification:_identify(twoHundred/twoWay/FIS) by extension 'ros'
[8.233s] Level 1:colcon.colcon_core.package_identification:_identify(twoHundred/twoWay/FIS) by extensions ['cmake', 'python']
[8.233s] Level 1:colcon.colcon_core.package_identification:_identify(twoHundred/twoWay/FIS) by extension 'cmake'
[8.233s] Level 1:colcon.colcon_core.package_identification:_identify(twoHundred/twoWay/FIS) by extension 'python'
[8.233s] Level 1:colcon.colcon_core.package_identification:_identify(twoHundred/twoWay/FIS) by extensions ['python_setup_py']
[8.233s] Level 1:colcon.colcon_core.package_identification:_identify(twoHundred/twoWay/FIS) by extension 'python_setup_py'
[8.294s] Level 1:colcon.colcon_core.package_identification:_identify(twoHundred/twoWay/SouthNorth) by extensions ['ignore', 'ignore_ament_install']
[8.294s] Level 1:colcon.colcon_core.package_identification:_identify(twoHundred/twoWay/SouthNorth) by extension 'ignore'
[8.294s] Level 1:colcon.colcon_core.package_identification:_identify(twoHundred/twoWay/SouthNorth) by extension 'ignore_ament_install'
[8.294s] Level 1:colcon.colcon_core.package_identification:_identify(twoHundred/twoWay/SouthNorth) by extensions ['colcon_pkg']
[8.294s] Level 1:colcon.colcon_core.package_identification:_identify(twoHundred/twoWay/SouthNorth) by extension 'colcon_pkg'
[8.294s] Level 1:colcon.colcon_core.package_identification:_identify(twoHundred/twoWay/SouthNorth) by extensions ['colcon_meta']
[8.294s] Level 1:colcon.colcon_core.package_identification:_identify(twoHundred/twoWay/SouthNorth) by extension 'colcon_meta'
[8.294s] Level 1:colcon.colcon_core.package_identification:_identify(twoHundred/twoWay/SouthNorth) by extensions ['ros']
[8.294s] Level 1:colcon.colcon_core.package_identification:_identify(twoHundred/twoWay/SouthNorth) by extension 'ros'
[8.294s] Level 1:colcon.colcon_core.package_identification:_identify(twoHundred/twoWay/SouthNorth) by extensions ['cmake', 'python']
[8.294s] Level 1:colcon.colcon_core.package_identification:_identify(twoHundred/twoWay/SouthNorth) by extension 'cmake'
[8.294s] Level 1:colcon.colcon_core.package_identification:_identify(twoHundred/twoWay/SouthNorth) by extension 'python'
[8.294s] Level 1:colcon.colcon_core.package_identification:_identify(twoHundred/twoWay/SouthNorth) by extensions ['python_setup_py']
[8.294s] Level 1:colcon.colcon_core.package_identification:_identify(twoHundred/twoWay/SouthNorth) by extension 'python_setup_py'
[8.320s] Level 1:colcon.colcon_core.package_identification:_identify(twoHundred/twoWay/SouthNorth/FIS) by extensions ['ignore', 'ignore_ament_install']
[8.320s] Level 1:colcon.colcon_core.package_identification:_identify(twoHundred/twoWay/SouthNorth/FIS) by extension 'ignore'
[8.321s] Level 1:colcon.colcon_core.package_identification:_identify(twoHundred/twoWay/SouthNorth/FIS) by extension 'ignore_ament_install'
[8.321s] Level 1:colcon.colcon_core.package_identification:_identify(twoHundred/twoWay/SouthNorth/FIS) by extensions ['colcon_pkg']
[8.321s] Level 1:colcon.colcon_core.package_identification:_identify(twoHundred/twoWay/SouthNorth/FIS) by extension 'colcon_pkg'
[8.321s] Level 1:colcon.colcon_core.package_identification:_identify(twoHundred/twoWay/SouthNorth/FIS) by extensions ['colcon_meta']
[8.321s] Level 1:colcon.colcon_core.package_identification:_identify(twoHundred/twoWay/SouthNorth/FIS) by extension 'colcon_meta'
[8.321s] Level 1:colcon.colcon_core.package_identification:_identify(twoHundred/twoWay/SouthNorth/FIS) by extensions ['ros']
[8.321s] Level 1:colcon.colcon_core.package_identification:_identify(twoHundred/twoWay/SouthNorth/FIS) by extension 'ros'
[8.321s] Level 1:colcon.colcon_core.package_identification:_identify(twoHundred/twoWay/SouthNorth/FIS) by extensions ['cmake', 'python']
[8.321s] Level 1:colcon.colcon_core.package_identification:_identify(twoHundred/twoWay/SouthNorth/FIS) by extension 'cmake'
[8.321s] Level 1:colcon.colcon_core.package_identification:_identify(twoHundred/twoWay/SouthNorth/FIS) by extension 'python'
[8.321s] Level 1:colcon.colcon_core.package_identification:_identify(twoHundred/twoWay/SouthNorth/FIS) by extensions ['python_setup_py']
[8.321s] Level 1:colcon.colcon_core.package_identification:_identify(twoHundred/twoWay/SouthNorth/FIS) by extension 'python_setup_py'
[8.342s] Level 1:colcon.colcon_core.package_identification:_identify(twoHundred/twoWay/SouthNorth/SpdDst) by extensions ['ignore', 'ignore_ament_install']
[8.342s] Level 1:colcon.colcon_core.package_identification:_identify(twoHundred/twoWay/SouthNorth/SpdDst) by extension 'ignore'
[8.342s] Level 1:colcon.colcon_core.package_identification:_identify(twoHundred/twoWay/SouthNorth/SpdDst) by extension 'ignore_ament_install'
[8.342s] Level 1:colcon.colcon_core.package_identification:_identify(twoHundred/twoWay/SouthNorth/SpdDst) by extensions ['colcon_pkg']
[8.343s] Level 1:colcon.colcon_core.package_identification:_identify(twoHundred/twoWay/SouthNorth/SpdDst) by extension 'colcon_pkg'
[8.343s] Level 1:colcon.colcon_core.package_identification:_identify(twoHundred/twoWay/SouthNorth/SpdDst) by extensions ['colcon_meta']
[8.343s] Level 1:colcon.colcon_core.package_identification:_identify(twoHundred/twoWay/SouthNorth/SpdDst) by extension 'colcon_meta'
[8.343s] Level 1:colcon.colcon_core.package_identification:_identify(twoHundred/twoWay/SouthNorth/SpdDst) by extensions ['ros']
[8.343s] Level 1:colcon.colcon_core.package_identification:_identify(twoHundred/twoWay/SouthNorth/SpdDst) by extension 'ros'
[8.343s] Level 1:colcon.colcon_core.package_identification:_identify(twoHundred/twoWay/SouthNorth/SpdDst) by extensions ['cmake', 'python']
[8.343s] Level 1:colcon.colcon_core.package_identification:_identify(twoHundred/twoWay/SouthNorth/SpdDst) by extension 'cmake'
[8.343s] Level 1:colcon.colcon_core.package_identification:_identify(twoHundred/twoWay/SouthNorth/SpdDst) by extension 'python'
[8.343s] Level 1:colcon.colcon_core.package_identification:_identify(twoHundred/twoWay/SouthNorth/SpdDst) by extensions ['python_setup_py']
[8.343s] Level 1:colcon.colcon_core.package_identification:_identify(twoHundred/twoWay/SouthNorth/SpdDst) by extension 'python_setup_py'
[8.394s] Level 1:colcon.colcon_core.package_identification:_identify(twoHundred/twoWay/SouthNorth/Static) by extensions ['ignore', 'ignore_ament_install']
[8.394s] Level 1:colcon.colcon_core.package_identification:_identify(twoHundred/twoWay/SouthNorth/Static) by extension 'ignore'
[8.394s] Level 1:colcon.colcon_core.package_identification:_identify(twoHundred/twoWay/SouthNorth/Static) by extension 'ignore_ament_install'
[8.394s] Level 1:colcon.colcon_core.package_identification:_identify(twoHundred/twoWay/SouthNorth/Static) by extensions ['colcon_pkg']
[8.394s] Level 1:colcon.colcon_core.package_identification:_identify(twoHundred/twoWay/SouthNorth/Static) by extension 'colcon_pkg'
[8.394s] Level 1:colcon.colcon_core.package_identification:_identify(twoHundred/twoWay/SouthNorth/Static) by extensions ['colcon_meta']
[8.394s] Level 1:colcon.colcon_core.package_identification:_identify(twoHundred/twoWay/SouthNorth/Static) by extension 'colcon_meta'
[8.394s] Level 1:colcon.colcon_core.package_identification:_identify(twoHundred/twoWay/SouthNorth/Static) by extensions ['ros']
[8.394s] Level 1:colcon.colcon_core.package_identification:_identify(twoHundred/twoWay/SouthNorth/Static) by extension 'ros'
[8.394s] Level 1:colcon.colcon_core.package_identification:_identify(twoHundred/twoWay/SouthNorth/Static) by extensions ['cmake', 'python']
[8.394s] Level 1:colcon.colcon_core.package_identification:_identify(twoHundred/twoWay/SouthNorth/Static) by extension 'cmake'
[8.394s] Level 1:colcon.colcon_core.package_identification:_identify(twoHundred/twoWay/SouthNorth/Static) by extension 'python'
[8.394s] Level 1:colcon.colcon_core.package_identification:_identify(twoHundred/twoWay/SouthNorth/Static) by extensions ['python_setup_py']
[8.394s] Level 1:colcon.colcon_core.package_identification:_identify(twoHundred/twoWay/SouthNorth/Static) by extension 'python_setup_py'
[8.422s] Level 1:colcon.colcon_core.package_identification:_identify(twoHundred/twoWay/SpdDst) by extensions ['ignore', 'ignore_ament_install']
[8.422s] Level 1:colcon.colcon_core.package_identification:_identify(twoHundred/twoWay/SpdDst) by extension 'ignore'
[8.422s] Level 1:colcon.colcon_core.package_identification:_identify(twoHundred/twoWay/SpdDst) by extension 'ignore_ament_install'
[8.422s] Level 1:colcon.colcon_core.package_identification:_identify(twoHundred/twoWay/SpdDst) by extensions ['colcon_pkg']
[8.422s] Level 1:colcon.colcon_core.package_identification:_identify(twoHundred/twoWay/SpdDst) by extension 'colcon_pkg'
[8.422s] Level 1:colcon.colcon_core.package_identification:_identify(twoHundred/twoWay/SpdDst) by extensions ['colcon_meta']
[8.423s] Level 1:colcon.colcon_core.package_identification:_identify(twoHundred/twoWay/SpdDst) by extension 'colcon_meta'
[8.423s] Level 1:colcon.colcon_core.package_identification:_identify(twoHundred/twoWay/SpdDst) by extensions ['ros']
[8.423s] Level 1:colcon.colcon_core.package_identification:_identify(twoHundred/twoWay/SpdDst) by extension 'ros'
[8.423s] Level 1:colcon.colcon_core.package_identification:_identify(twoHundred/twoWay/SpdDst) by extensions ['cmake', 'python']
[8.423s] Level 1:colcon.colcon_core.package_identification:_identify(twoHundred/twoWay/SpdDst) by extension 'cmake'
[8.423s] Level 1:colcon.colcon_core.package_identification:_identify(twoHundred/twoWay/SpdDst) by extension 'python'
[8.423s] Level 1:colcon.colcon_core.package_identification:_identify(twoHundred/twoWay/SpdDst) by extensions ['python_setup_py']
[8.423s] Level 1:colcon.colcon_core.package_identification:_identify(twoHundred/twoWay/SpdDst) by extension 'python_setup_py'
[8.440s] Level 1:colcon.colcon_core.package_identification:_identify(twoHundred/twoWay/Static) by extensions ['ignore', 'ignore_ament_install']
[8.440s] Level 1:colcon.colcon_core.package_identification:_identify(twoHundred/twoWay/Static) by extension 'ignore'
[8.440s] Level 1:colcon.colcon_core.package_identification:_identify(twoHundred/twoWay/Static) by extension 'ignore_ament_install'
[8.440s] Level 1:colcon.colcon_core.package_identification:_identify(twoHundred/twoWay/Static) by extensions ['colcon_pkg']
[8.440s] Level 1:colcon.colcon_core.package_identification:_identify(twoHundred/twoWay/Static) by extension 'colcon_pkg'
[8.440s] Level 1:colcon.colcon_core.package_identification:_identify(twoHundred/twoWay/Static) by extensions ['colcon_meta']
[8.440s] Level 1:colcon.colcon_core.package_identification:_identify(twoHundred/twoWay/Static) by extension 'colcon_meta'
[8.440s] Level 1:colcon.colcon_core.package_identification:_identify(twoHundred/twoWay/Static) by extensions ['ros']
[8.440s] Level 1:colcon.colcon_core.package_identification:_identify(twoHundred/twoWay/Static) by extension 'ros'
[8.441s] Level 1:colcon.colcon_core.package_identification:_identify(twoHundred/twoWay/Static) by extensions ['cmake', 'python']
[8.441s] Level 1:colcon.colcon_core.package_identification:_identify(twoHundred/twoWay/Static) by extension 'cmake'
[8.441s] Level 1:colcon.colcon_core.package_identification:_identify(twoHundred/twoWay/Static) by extension 'python'
[8.441s] Level 1:colcon.colcon_core.package_identification:_identify(twoHundred/twoWay/Static) by extensions ['python_setup_py']
[8.441s] Level 1:colcon.colcon_core.package_identification:_identify(twoHundred/twoWay/Static) by extension 'python_setup_py'
[8.441s] Level 1:colcon.colcon_core.package_discovery:discover_packages(recursive) using defaults
[8.441s] Level 1:colcon.colcon_core.package_discovery:discover_packages(ignore) discover
[8.441s] Level 1:colcon.colcon_core.package_discovery:discover_packages(ignore) using defaults
[8.441s] Level 1:colcon.colcon_core.package_discovery:discover_packages(path) discover
[8.441s] Level 1:colcon.colcon_core.package_discovery:discover_packages(path) using defaults
[8.835s] INFO:colcon.colcon_core.package_selection:Skipping not selected package 'dsrcmsg' in 'src/dsrcmsg'
[8.835s] INFO:colcon.colcon_core.package_selection:Skipping not selected package 'trafficrecord' in 'src/trafficrecord'
[8.835s] INFO:colcon.colcon_core.package_selection:Skipping not selected package 'cim' in 'src/cim'
[8.835s] INFO:colcon.colcon_core.package_selection:Skipping not selected package 'reactivemethods' in 'src/reactivemethods'
[8.944s] Level 1:colcon.colcon_core.package_discovery:discover_packages(prefix_path) check parameters
[8.944s] Level 1:colcon.colcon_core.package_discovery:discover_packages(prefix_path) discover
[9.070s] DEBUG:colcon.colcon_installed_package_information.package_discovery:Found 5 installed packages in /home/babangida/ros_ws/install
[9.130s] DEBUG:colcon.colcon_installed_package_information.package_discovery:Found 289 installed packages in /opt/ros/foxy
[9.131s] Level 1:colcon.colcon_core.package_discovery:discover_packages(prefix_path) using defaults
[10.565s] Level 5:colcon.colcon_core.verb:set package 'onecim' build argument 'cmake_args' from command line to 'None'
[10.565s] Level 5:colcon.colcon_core.verb:set package 'onecim' build argument 'cmake_target' from command line to 'None'
[10.565s] Level 5:colcon.colcon_core.verb:set package 'onecim' build argument 'cmake_target_skip_unavailable' from command line to 'False'
[10.565s] Level 5:colcon.colcon_core.verb:set package 'onecim' build argument 'cmake_clean_cache' from command line to 'False'
[10.565s] Level 5:colcon.colcon_core.verb:set package 'onecim' build argument 'cmake_clean_first' from command line to 'False'
[10.565s] Level 5:colcon.colcon_core.verb:set package 'onecim' build argument 'cmake_force_configure' from command line to 'False'
[10.565s] Level 5:colcon.colcon_core.verb:set package 'onecim' build argument 'ament_cmake_args' from command line to 'None'
[10.565s] Level 5:colcon.colcon_core.verb:set package 'onecim' build argument 'catkin_cmake_args' from command line to 'None'
[10.565s] Level 5:colcon.colcon_core.verb:set package 'onecim' build argument 'catkin_skip_building_tests' from command line to 'False'
[10.565s] DEBUG:colcon.colcon_core.verb:Building package 'onecim' with the following arguments: {'ament_cmake_args': None, 'build_base': '/home/babangida/ros_ws/build/onecim', 'catkin_cmake_args': None, 'catkin_skip_building_tests': False, 'cmake_args': None, 'cmake_clean_cache': False, 'cmake_clean_first': False, 'cmake_force_configure': False, 'cmake_target': None, 'cmake_target_skip_unavailable': False, 'install_base': '/home/babangida/ros_ws/install/onecim', 'merge_install': False, 'path': '/home/babangida/ros_ws/src/onecim', 'symlink_install': True, 'test_result_base': None}
[10.617s] INFO:colcon.colcon_core.executor:Executing jobs using 'parallel' executor
[10.668s] DEBUG:colcon.colcon_parallel_executor.executor.parallel:run_until_complete
[10.668s] INFO:colcon.colcon_ros.task.ament_python.build:Building ROS package in '/home/babangida/ros_ws/src/onecim' with build type 'ament_python'
[10.668s] Level 1:colcon.colcon_core.shell:create_environment_hook('onecim', 'ament_prefix_path')
[10.843s] INFO:colcon.colcon_core.plugin_system:Skipping extension 'colcon_core.shell.bat': Not used on non-Windows systems
[10.843s] INFO:colcon.colcon_core.shell:Creating environment hook '/home/babangida/ros_ws/install/onecim/share/onecim/hook/ament_prefix_path.ps1'
[10.882s] INFO:colcon.colcon_core.shell:Creating environment descriptor '/home/babangida/ros_ws/install/onecim/share/onecim/hook/ament_prefix_path.dsv'
[10.932s] INFO:colcon.colcon_core.shell:Creating environment hook '/home/babangida/ros_ws/install/onecim/share/onecim/hook/ament_prefix_path.sh'
[10.990s] INFO:colcon.colcon_core.shell:Skip shell extension 'powershell' for command environment: Not usable outside of PowerShell
[10.990s] DEBUG:colcon.colcon_core.shell:Skip shell extension 'dsv' for command environment
[12.461s] INFO:colcon.colcon_core.task.python.build:Building Python package in '/home/babangida/ros_ws/src/onecim'
[12.535s] INFO:colcon.colcon_core.shell:Skip shell extension 'powershell' for command environment: Not usable outside of PowerShell
[12.535s] DEBUG:colcon.colcon_core.shell:Skip shell extension 'dsv' for command environment
[15.900s] DEBUG:colcon.colcon_core.event_handler.log_command:Invoking command in '/home/babangida/ros_ws/build/onecim': PYTHONPATH=/home/babangida/ros_ws/build/onecim/prefix_override:/home/babangida/ros_ws/install/onecim/lib/python3.8/site-packages:/home/babangida/ros_ws/install/trafficrecord/lib/python3.8/site-packages:/home/babangida/ros_ws/install/dsrcmsg/lib/python3.8/site-packages:/home/babangida/ros_ws/build/onecim:/home/babangida/ros_ws/install/onecim/lib/python3.8/site-packages:/home/babangida/ros_ws/install/cim/lib/python3.8/site-packages:/home/babangida/ros_ws/build/reactivemethods:/home/babangida/ros_ws/install/reactivemethods/lib/python3.8/site-packages:/opt/ros/foxy/lib/python3.8/site-packages /usr/bin/python3 setup.py develop --editable --build-directory /home/babangida/ros_ws/build/onecim/build --no-deps install_data
[16.731s] Level 1:colcon.colcon_core.shell:create_environment_hook('onecim', 'pythonpath_develop')
[16.732s] DEBUG:colcon.colcon_core.event_handler.log_command:Invoked command in '/home/babangida/ros_ws/build/onecim' returned '0': PYTHONPATH=/home/babangida/ros_ws/build/onecim/prefix_override:/home/babangida/ros_ws/install/onecim/lib/python3.8/site-packages:/home/babangida/ros_ws/install/trafficrecord/lib/python3.8/site-packages:/home/babangida/ros_ws/install/dsrcmsg/lib/python3.8/site-packages:/home/babangida/ros_ws/build/onecim:/home/babangida/ros_ws/install/onecim/lib/python3.8/site-packages:/home/babangida/ros_ws/install/cim/lib/python3.8/site-packages:/home/babangida/ros_ws/build/reactivemethods:/home/babangida/ros_ws/install/reactivemethods/lib/python3.8/site-packages:/opt/ros/foxy/lib/python3.8/site-packages /usr/bin/python3 setup.py develop --editable --build-directory /home/babangida/ros_ws/build/onecim/build --no-deps install_data
[16.792s] INFO:colcon.colcon_core.shell:Creating environment hook '/home/babangida/ros_ws/build/onecim/share/onecim/hook/pythonpath_develop.ps1'
[16.793s] INFO:colcon.colcon_core.shell:Creating environment descriptor '/home/babangida/ros_ws/build/onecim/share/onecim/hook/pythonpath_develop.dsv'
[16.794s] INFO:colcon.colcon_core.shell:Creating environment hook '/home/babangida/ros_ws/build/onecim/share/onecim/hook/pythonpath_develop.sh'
[17.019s] Level 1:colcon.colcon_core.environment:checking '/home/babangida/ros_ws/install/onecim' for CMake module files
[17.023s] Level 1:colcon.colcon_core.environment:checking '/home/babangida/ros_ws/install/onecim' for CMake config files
[17.104s] Level 1:colcon.colcon_core.environment:checking '/home/babangida/ros_ws/install/onecim/lib'
[17.104s] Level 1:colcon.colcon_core.environment:checking '/home/babangida/ros_ws/install/onecim/bin'
[17.104s] Level 1:colcon.colcon_core.environment:checking '/home/babangida/ros_ws/install/onecim/lib/pkgconfig/onecim.pc'
[17.104s] Level 1:colcon.colcon_core.environment:checking '/home/babangida/ros_ws/install/onecim/lib/python3.8/site-packages'
[17.104s] Level 1:colcon.colcon_core.shell:create_environment_hook('onecim', 'pythonpath')
[17.197s] INFO:colcon.colcon_core.shell:Creating environment hook '/home/babangida/ros_ws/install/onecim/share/onecim/hook/pythonpath.ps1'
[17.198s] INFO:colcon.colcon_core.shell:Creating environment descriptor '/home/babangida/ros_ws/install/onecim/share/onecim/hook/pythonpath.dsv'
[17.198s] INFO:colcon.colcon_core.shell:Creating environment hook '/home/babangida/ros_ws/install/onecim/share/onecim/hook/pythonpath.sh'
[17.199s] Level 1:colcon.colcon_core.environment:checking '/home/babangida/ros_ws/install/onecim/bin'
[17.199s] Level 1:colcon.colcon_core.environment:create_environment_scripts_only(onecim)
[17.272s] INFO:colcon.colcon_core.shell:Creating package script '/home/babangida/ros_ws/install/onecim/share/onecim/package.ps1'
[17.275s] INFO:colcon.colcon_core.shell:Creating package descriptor '/home/babangida/ros_ws/install/onecim/share/onecim/package.dsv'
[17.276s] INFO:colcon.colcon_core.shell:Creating package script '/home/babangida/ros_ws/install/onecim/share/onecim/package.sh'
[17.277s] INFO:colcon.colcon_core.shell:Creating package script '/home/babangida/ros_ws/install/onecim/share/onecim/package.bash'
[17.304s] INFO:colcon.colcon_core.shell:Creating package script '/home/babangida/ros_ws/install/onecim/share/onecim/package.zsh'
[17.334s] Level 1:colcon.colcon_core.environment:create_file_with_runtime_dependencies(/home/babangida/ros_ws/install/onecim/share/colcon-core/packages/onecim)
[17.335s] DEBUG:colcon.colcon_parallel_executor.executor.parallel:closing loop
[17.336s] DEBUG:colcon.colcon_parallel_executor.executor.parallel:loop closed
[17.336s] DEBUG:colcon.colcon_parallel_executor.executor.parallel:run_until_complete finished with '0'
[17.336s] DEBUG:colcon.colcon_core.event_reactor:joining thread
[17.835s] INFO:colcon.colcon_core.plugin_system:Skipping extension 'colcon_notification.desktop_notification.notify_send': Could not find 'notify-send'
[17.835s] INFO:colcon.colcon_core.plugin_system:Skipping extension 'colcon_notification.desktop_notification.terminal_notifier': Not used on non-Darwin systems
[17.835s] INFO:colcon.colcon_core.plugin_system:Skipping extension 'colcon_notification.desktop_notification.win32': Not used on non-Windows systems
[17.835s] INFO:colcon.colcon_notification.desktop_notification:Sending desktop notification using 'notify2'
[17.835s] DEBUG:colcon.colcon_notification.desktop_notification.notify2:Failed to initialize notify2: org.freedesktop.DBus.Error.FileNotFound: Failed to connect to socket /run/user/1000/bus: No such file or directory
[17.836s] DEBUG:colcon.colcon_core.event_reactor:joined thread
[17.885s] INFO:colcon.colcon_core.shell:Creating prefix script '/home/babangida/ros_ws/install/local_setup.ps1'
[17.886s] INFO:colcon.colcon_core.shell:Creating prefix util module '/home/babangida/ros_ws/install/_local_setup_util_ps1.py'
[17.888s] INFO:colcon.colcon_core.shell:Creating prefix chain script '/home/babangida/ros_ws/install/setup.ps1'
[17.943s] INFO:colcon.colcon_core.shell:Creating prefix script '/home/babangida/ros_ws/install/local_setup.sh'
[17.944s] INFO:colcon.colcon_core.shell:Creating prefix util module '/home/babangida/ros_ws/install/_local_setup_util_sh.py'
[17.945s] INFO:colcon.colcon_core.shell:Creating prefix chain script '/home/babangida/ros_ws/install/setup.sh'
[17.996s] INFO:colcon.colcon_core.shell:Creating prefix script '/home/babangida/ros_ws/install/local_setup.bash'
[17.997s] INFO:colcon.colcon_core.shell:Creating prefix chain script '/home/babangida/ros_ws/install/setup.bash'
[18.053s] INFO:colcon.colcon_core.shell:Creating prefix script '/home/babangida/ros_ws/install/local_setup.zsh'
[18.054s] INFO:colcon.colcon_core.shell:Creating prefix chain script '/home/babangida/ros_ws/install/setup.zsh'
