,starttime,endtime
0,1709835743.8691297,1709835743.8691397
1,1709835743.9048448,1709835743.9048514
2,1709835744.0033972,1709835744.0034025
3,1709835744.100729,1709835744.1007357
4,1709835744.200745,1709835744.2007515
5,1709835744.2976887,1709835744.297697
6,1709835744.4053612,1709835744.4053679
7,1709835744.497947,1709835744.4979532
8,1709835744.606292,1709835744.6062987
9,1709835744.6966164,1709835744.6966228
10,1709835744.8059587,1709835744.8059633
11,1709835744.899572,1709835744.8995783
12,1709835745.000834,1709835745.0008395
13,1709835745.1056435,1709835745.1056502
14,1709835745.2058709,1709835745.2058783
15,1709835745.3038917,1709835745.3038983
16,1709835745.4069402,1709835745.4069467
17,1709835745.5027573,1709835745.5027633
18,1709835745.5973608,1709835745.5973659
19,1709835745.697837,1709835745.6978433
20,1709835745.7983654,1709835745.798372
21,1709835745.9092104,1709835745.9092174
22,1709835746.009684,1709835746.0096905
23,1709835746.1046574,1709835746.1046648
24,1709835746.2078023,1709835746.2078092
25,1709835746.2985227,1709835746.2985632
26,1709835746.3982196,1709835746.3982272
27,1709835746.4991415,1709835746.4991493
28,1709835746.5991862,1709835746.5991943
29,1709835746.699007,1709835746.6990137
30,1709835746.7970412,1709835746.7970483
31,1709835746.8978436,1709835746.8978503
32,1709835747.0101192,1709835747.0101266
33,1709835747.1051247,1709835747.1051319
34,1709835747.1973023,1709835747.1973112
35,1709835747.2977262,1709835747.2977304
36,1709835747.4034321,1709835747.403439
37,1709835747.4985635,1709835747.4985716
38,1709835747.6016595,1709835747.601667
39,1709835747.7049313,1709835747.704976
40,1709835747.8046649,1709835747.804672
41,1709835747.9116066,1709835747.9116125
42,1709835748.0047376,1709835748.0047452
43,1709835748.1162732,1709835748.1162949
44,1709835748.2046113,1709835748.2046297
45,1709835748.2990556,1709835748.2990735
46,1709835748.4018142,1709835748.4018319
47,1709835748.5043335,1709835748.504355
48,1709835748.6020348,1709835748.6020482
49,1709835748.7028332,1709835748.7028537
50,1709835748.805399,1709835748.8054192
51,1709835748.9003632,1709835748.9003794
52,1709835749.006793,1709835749.0068114
53,1709835749.103227,1709835749.1032481
54,1709835749.1988435,1709835749.198859
55,1709835749.3116252,1709835749.3116472
56,1709835749.3998203,1709835749.3998425
57,1709835749.4969773,1709835749.4969962
58,1709835749.6059706,1709835749.6060011
59,1709835749.7072985,1709835749.7073193
60,1709835749.8005142,1709835749.8005347
61,1709835749.9022655,1709835749.9022858
62,1709835750.003057,1709835750.003076
63,1709835750.1024551,1709835750.1024737
64,1709835750.1970632,1709835750.197083
65,1709835750.300899,1709835750.3009162
66,1709835750.3963447,1709835750.3963647
67,1709835750.50373,1709835750.5037477
68,1709835750.6061697,1709835750.6061869
69,1709835750.6974864,1709835750.6975055
70,1709835750.8031836,1709835750.8032029
71,1709835750.9037924,1709835750.9038157
72,1709835751.0046427,1709835751.0046666
73,1709835751.523551,1709835751.523571
74,1709835751.5296826,1709835751.5297024
75,1709835751.5994837,1709835751.599506
76,1709835751.7047038,1709835751.7047236
77,1709835751.806035,1709835751.8060582
78,1709835751.9040072,1709835751.9040263
79,1709835751.9971693,1709835751.9971871
80,1709835752.1051476,1709835752.1051698
81,1709835752.2035697,1709835752.2035902
82,1709835752.3038402,1709835752.3038578
83,1709835752.402234,1709835752.4022534
84,1709835752.517527,1709835752.5175455
85,1709835752.6049616,1709835752.6049836
86,1709835752.7045748,1709835752.7046003
87,1709835752.8001738,1709835752.8003032
88,1709835752.926213,1709835752.9262328
89,1709835753.0173364,1709835753.017357
90,1709835753.1095834,1709835753.1096075
91,1709835753.2220137,1709835753.2220397
92,1709835753.3099568,1709835753.3099787
93,1709835753.4032724,1709835753.4033494
94,1709835753.515038,1709835753.5150676
95,1709835753.5973132,1709835753.5973315
96,1709835753.7041442,1709835753.7041636
97,1709835753.8111281,1709835753.8111506
98,1709835753.8987703,1709835753.8987947
99,1709835753.9980946,1709835753.998115
100,1709835754.097954,1709835754.097982
101,1709835754.2125769,1709835754.2125957
102,1709835754.299091,1709835754.2991118
103,1709835754.4004838,1709835754.4005048
104,1709835754.5057564,1709835754.5057747
105,1709835754.6069462,1709835754.6069689
106,1709835754.708098,1709835754.7081223
107,1709835754.8152533,1709835754.8152773
108,1709835754.9091942,1709835754.9092152
109,1709835755.0119889,1709835755.012011
110,1709835755.0999718,1709835755.0999918
111,1709835755.2018282,1709835755.2018538
112,1709835755.3101885,1709835755.3102078
113,1709835755.4014692,1709835755.4014895
114,1709835755.502097,1709835755.5021198
115,1709835755.612289,1709835755.6123095
116,1709835755.7093034,1709835755.7093225
117,1709835755.8066113,1709835755.8066323
118,1709835755.9158082,1709835755.9158294
119,1709835755.999161,1709835755.9991808
120,1709835756.1086829,1709835756.1087031
121,1709835756.1979294,1709835756.1979492
122,1709835756.3074255,1709835756.3074424
123,1709835756.40596,1709835756.4059908
124,1709835756.5037785,1709835756.5038004
125,1709835756.597799,1709835756.597819
126,1709835756.7031388,1709835756.7031577
127,1709835756.8023903,1709835756.8024118
128,1709835756.9027433,1709835756.9027648
129,1709835756.9987156,1709835756.99874
130,1709835757.0981104,1709835757.0981305
131,1709835757.2012613,1709835757.2012823
132,1709835757.3016486,1709835757.301665
133,1709835757.403516,1709835757.4035382
134,1709835757.5083134,1709835757.508331
135,1709835757.5987248,1709835757.598746
136,1709835757.702096,1709835757.702116
137,1709835757.8092754,1709835757.8092947
138,1709835757.912189,1709835757.9122124
139,1709835757.9961402,1709835757.996158
140,1709835758.1014764,1709835758.1014957
141,1709835758.2031434,1709835758.2031596
142,1709835758.3177123,1709835758.317722
143,1709835758.4040194,1709835758.4040234
144,1709835758.4994326,1709835758.4994376
145,1709835758.6084418,1709835758.6084476
146,1709835758.7091568,1709835758.7091632
147,1709835758.8047087,1709835758.8047125
148,1709835758.90035,1709835758.9003577
149,1709835759.024024,1709835759.0240316
150,1709835759.099044,1709835759.099053
151,1709835759.2131057,1709835759.2131138
152,1709835759.3024046,1709835759.302413
153,1709835759.4074123,1709835759.407418
154,1709835759.4997716,1709835759.499778
155,1709835759.5982187,1709835759.598225
156,1709835759.6994517,1709835759.6994581
157,1709835759.800086,1709835759.8000927
158,1709835759.9115152,1709835759.9115236
159,1709835760.0117943,1709835760.0118015
160,1709835760.0999806,1709835760.0999858
161,1709835760.2060246,1709835760.2060318
162,1709835760.302336,1709835760.3023422
163,1709835760.4062333,1709835760.4062386
164,1709835760.5043771,1709835760.5043817
165,1709835760.6182046,1709835760.6182106
166,1709835760.7049134,1709835760.7049193
167,1709835760.8011394,1709835760.8011472
168,1709835760.9054437,1709835760.9054496
169,1709835760.9979892,1709835760.9979942
170,1709835761.1032631,1709835761.1032686
171,1709835761.2059987,1709835761.2060034
172,1709835761.3114126,1709835761.3114195
173,1709835761.4006631,1709835761.4006698
174,1709835761.5028615,1709835761.5028672
175,1709835761.6001403,1709835761.6001463
176,1709835761.7003458,1709835761.7003527
177,1709835761.8077457,1709835761.8077524
178,1709835761.91532,1709835761.9153254
179,1709835762.002296,1709835762.0023015
180,1709835762.1063068,1709835762.106313
181,1709835762.2044249,1709835762.2044303
182,1709835762.2989573,1709835762.2989643
183,1709835762.4002094,1709835762.4002154
184,1709835762.499124,1709835762.49913
185,1709835762.5973818,1709835762.5973895
186,1709835762.7160478,1709835762.7160528
187,1709835762.8003361,1709835762.8004358
188,1709835762.9113436,1709835762.9115112
189,1709835763.0151336,1709835763.0152128
190,1709835763.1124616,1709835763.1125164
191,1709835763.21315,1709835763.2132409
192,1709835763.2981555,1709835763.2982383
193,1709835763.4152079,1709835763.4152896
194,1709835763.507032,1709835763.5070996
195,1709835763.6028821,1709835763.602973
196,1709835763.6979027,1709835763.6979911
197,1709835763.8070521,1709835763.8070962
198,1709835763.9064167,1709835763.9064896
199,1709835764.0016112,1709835764.0019605
200,1709835764.1068807,1709835764.107188
201,1709835764.1973968,1709835764.1974425
202,1709835764.3053467,1709835764.3058074
203,1709835764.414318,1709835764.4143655
204,1709835764.5043314,1709835764.504402
205,1709835764.6002204,1709835764.6002913
206,1709835764.7016962,1709835764.7017703
207,1709835764.8013566,1709835764.8014212
208,1709835764.9103975,1709835764.910445
209,1709835765.0092034,1709835765.009292
210,1709835765.095916,1709835765.0959666
211,1709835765.1967585,1709835765.196809
212,1709835765.2989857,1709835765.2990525
213,1709835765.4099329,1709835765.4099689
214,1709835765.5072653,1709835765.507356
215,1709835765.60998,1709835765.6100657
216,1709835765.700742,1709835765.700795
217,1709835765.8071735,1709835765.8072505
218,1709835765.9152405,1709835765.9152875
219,1709835766.016187,1709835766.0163095
220,1709835766.1119118,1709835766.111959
221,1709835766.209447,1709835766.2094934
222,1709835766.3090854,1709835766.309473
223,1709835766.4091887,1709835766.4092886
224,1709835766.5096717,1709835766.5097315
225,1709835766.6032953,1709835766.6033528
226,1709835766.703979,1709835766.7040625
227,1709835766.8071518,1709835766.8072314
228,1709835766.8979607,1709835766.898004
229,1709835767.011193,1709835767.0112686
230,1709835767.1005921,1709835767.100641
231,1709835767.2052648,1709835767.2053154
232,1709835767.2981098,1709835767.2981565
233,1709835767.4063656,1709835767.4064162
234,1709835767.4958985,1709835767.495954
235,1709835767.59696,1709835767.597009
236,1709835767.7000818,1709835767.7001183
237,1709835767.8094325,1709835767.8094869
238,1709835767.9060829,1709835767.9061298
239,1709835768.020132,1709835768.0202067
240,1709835768.1087122,1709835768.1087966
241,1709835768.2044926,1709835768.2045474
242,1709835768.305608,1709835768.3057463
243,1709835768.406729,1709835768.4067605
244,1709835768.5018096,1709835768.5018885
245,1709835768.610343,1709835768.610413
246,1709835768.6995854,1709835768.699635
247,1709835768.8011255,1709835768.8011696
248,1709835768.903984,1709835768.9040215
249,1709835769.0033126,1709835769.003396
250,1709835769.1083558,1709835769.1084251
251,1709835769.1994636,1709835769.1995113
252,1709835769.308539,1709835769.3085866
253,1709835769.4065404,1709835769.4066057
254,1709835769.5167222,1709835769.5167747
255,1709835769.6183832,1709835769.6184223
256,1709835769.7127454,1709835769.7127914
257,1709835769.801603,1709835769.8016486
258,1709835769.910117,1709835769.910164
259,1709835770.0188577,1709835770.018902
260,1709835770.1005154,1709835770.1005666
261,1709835770.2043273,1709835770.204374
262,1709835770.304424,1709835770.3044736
263,1709835770.4062402,1709835770.4062915
264,1709835770.5006123,1709835770.5006547
265,1709835770.6021996,1709835770.6022475
266,1709835770.7134957,1709835770.71355
267,1709835770.8054852,1709835770.8055365
268,1709835770.9067383,1709835770.9068043
269,1709835770.99994,1709835771.0000007
270,1709835771.106074,1709835771.106133
271,1709835771.1974986,1709835771.1975493
272,1709835771.310019,1709835771.3101635
273,1709835771.4017045,1709835771.401764
274,1709835771.507522,1709835771.5075297
275,1709835771.6057994,1709835771.6058066
276,1709835771.705652,1709835771.7056582
277,1709835771.8006473,1709835771.8006546
278,1709835771.905809,1709835771.905817
279,1709835771.9989738,1709835771.9989812
280,1709835772.1015007,1709835772.1015072
281,1709835772.2168412,1709835772.2168498
282,1709835772.30033,1709835772.3003356
283,1709835772.4083066,1709835772.4083128
284,1709835772.5071242,1709835772.50713
285,1709835772.6021407,1709835772.6021476
286,1709835772.704138,1709835772.704142
287,1709835772.8145351,1709835772.8145413
288,1709835772.9032195,1709835772.9032245
289,1709835773.0320044,1709835773.0320108
290,1709835773.107107,1709835773.1071126
291,1709835773.2053163,1709835773.2053223
292,1709835773.3165486,1709835773.3165557
293,1709835773.4144301,1709835773.4144359
294,1709835773.510593,1709835773.5203261
295,1709835773.6035047,1709835773.6081734
296,1709835773.7084832,1709835773.7169116
297,1709835773.8314695,1709835773.834867
298,1709835773.920347,1709835773.9236593
299,1709835774.007768,1709835774.0120661
300,1709835774.1007686,1709835774.1032047
301,1709835774.1991894,1709835774.2024093
302,1709835774.3011355,1709835774.3044007
303,1709835774.401696,1709835774.4053545
304,1709835774.5010104,1709835774.5038922
305,1709835774.6110866,1709835774.6146166
306,1709835774.708409,1709835774.711852
307,1709835774.8021088,1709835774.8070216
308,1709835774.9083862,1709835774.9150736
309,1709835775.002044,1709835775.0070956
310,1709835775.10109,1709835775.104937
311,1709835775.204719,1709835775.2085652
312,1709835775.3039267,1709835775.307402
313,1709835775.4048035,1709835775.4095128
314,1709835775.5076587,1709835775.5122473
315,1709835775.6040018,1709835775.6072757
316,1709835775.701268,1709835775.7042806
317,1709835775.8079832,1709835775.8113334
318,1709835775.9039965,1709835775.9079123
319,1709835776.0105188,1709835776.0165045
320,1709835776.1073868,1709835776.1103868
321,1709835776.1988099,1709835776.198827
322,1709835776.3033075,1709835776.30335
323,1709835776.4047983,1709835776.4048162
324,1709835776.501881,1709835776.506237
325,1709835776.6122334,1709835776.6153874
326,1709835776.704515,1709835776.7101958
327,1709835776.8010309,1709835776.8010502
328,1709835776.905681,1709835776.9057002
329,1709835777.0012443,1709835777.0012624
330,1709835777.098731,1709835777.0987453
331,1709835777.1986203,1709835777.1986387
332,1709835777.2982392,1709835777.298256
333,1709835777.3987834,1709835777.3988035
334,1709835777.515027,1709835777.5150485
335,1709835777.6202233,1709835777.6202435
336,1709835777.6993449,1709835777.699364
337,1709835777.8024933,1709835777.8025126
338,1709835777.9155998,1709835777.9156196
339,1709835778.0044587,1709835778.0044775
340,1709835778.1228614,1709835778.122882
341,1709835778.1979663,1709835778.1979852
342,1709835778.2987704,1709835778.29879
343,1709835778.3994133,1709835778.3994336
344,1709835778.5000646,1709835778.5000842
345,1709835778.598022,1709835778.5980392
346,1709835778.696622,1709835778.6966424
347,1709835778.8105347,1709835778.8105557
348,1709835778.9155474,1709835778.9155712
349,1709835779.0040522,1709835779.004073
350,1709835779.1208043,1709835779.1208253
351,1709835779.2053263,1709835779.2053478
352,1709835779.31348,1709835779.3134992
353,1709835779.4015627,1709835779.4015818
354,1709835779.4989386,1709835779.5020225
355,1709835779.6030889,1709835779.6030965
356,1709835779.709356,1709835779.7093625
357,1709835779.8002179,1709835779.8002224
358,1709835779.902869,1709835779.9028778
359,1709835779.9986117,1709835779.9987545
360,1709835780.1208174,1709835780.120824
361,1709835780.1982682,1709835780.1982744
362,1709835780.3086596,1709835780.3086665
363,1709835780.3995008,1709835780.399506
364,1709835780.4970975,1709835780.4971035
365,1709835780.6254873,1709835780.625491
366,1709835780.702338,1709835780.7023416
367,1709835780.8028278,1709835780.802833
368,1709835780.900589,1709835780.9005966
369,1709835781.0000703,1709835781.0000765
370,1709835781.09682,1709835781.0968256
371,1709835781.201438,1709835781.2014437
372,1709835781.2995007,1709835781.2995057
373,1709835781.3968813,1709835781.3968866
374,1709835781.5016534,1709835781.5016596
375,1709835781.60939,1709835781.6093965
376,1709835781.69632,1709835781.6963253
377,1709835781.8311732,1709835781.8311782
378,1709835781.905081,1709835781.9050865
379,1709835782.0025294,1709835782.0025349
380,1709835782.1329298,1709835782.1329353
381,1709835782.208867,1709835782.2088728
382,1709835782.3095434,1709835782.3095508
383,1709835782.419491,1709835782.4194973
384,1709835782.506748,1709835782.5067534
385,1709835782.6025786,1709835782.6025853
386,1709835782.7186546,1709835782.71866
387,1709835782.8047626,1709835782.80477
388,1709835782.897404,1709835782.897409
389,1709835783.005327,1709835783.0053344
390,1709835783.1004965,1709835783.1005025
391,1709835783.2040787,1709835783.2040827
392,1709835783.3033357,1709835783.3033412
393,1709835783.4023435,1709835783.402353
394,1709835783.4966302,1709835783.4966347
395,1709835783.6049738,1709835783.6049798
396,1709835783.6997101,1709835783.699714
397,1709835783.79573,1709835783.7957358
398,1709835783.9051485,1709835783.9051528
399,1709835784.0046718,1709835784.004677
400,1709835784.1041934,1709835784.1041996
401,1709835784.195731,1709835784.195735
402,1709835784.3027534,1709835784.3027596
403,1709835784.3957188,1709835784.3957255
404,1709835784.5012934,1709835784.5012984
405,1709835784.6022806,1709835784.6022868
406,1709835784.6971624,1709835784.697168
407,1709835784.8103766,1709835784.8103817
408,1709835784.89888,1709835784.8988838
409,1709835784.9994762,1709835784.9994822
410,1709835785.0993247,1709835785.0993292
411,1709835785.1991718,1709835785.1991773
412,1709835785.301022,1709835785.301029
413,1709835785.4041314,1709835785.40414
414,1709835785.5067735,1709835785.5067792
415,1709835785.602968,1709835785.6029737
416,1709835785.703358,1709835785.703364
417,1709835785.7978714,1709835785.7978776
418,1709835785.8967671,1709835785.8967707
419,1709835786.0006828,1709835786.0006883
420,1709835786.1002629,1709835786.1002674
421,1709835786.2027593,1709835786.2027652
422,1709835786.3030593,1709835786.3030643
423,1709835786.3984308,1709835786.3984556
424,1709835786.4985683,1709835786.4985738
425,1709835786.6006463,1709835786.6006513
426,1709835786.6970317,1709835786.697038
427,1709835786.797452,1709835786.7974584
428,1709835786.8992574,1709835786.8992624
429,1709835787.0023322,1709835787.0023365
430,1709835787.0970814,1709835787.0970871
431,1709835787.2002342,1709835787.2002387
432,1709835787.3047528,1709835787.3047588
433,1709835787.397654,1709835787.3976586
434,1709835787.4992268,1709835787.499233
435,1709835787.5999162,1709835787.5999224
436,1709835787.6997228,1709835787.6997292
437,1709835787.8033469,1709835787.8033538
438,1709835787.9029036,1709835787.902908
439,1709835787.9982567,1709835787.9982626
440,1709835788.1009076,1709835788.1009521
441,1709835788.203718,1709835788.2037232
442,1709835788.2957532,1709835788.2957582
443,1709835788.411344,1709835788.4113493
444,1709835788.501994,1709835788.5020003
445,1709835788.5958846,1709835788.5958905
446,1709835788.6994615,1709835788.6994667
447,1709835788.802054,1709835788.8020594
448,1709835788.8986864,1709835788.8986917
449,1709835789.0009935,1709835789.0009992
450,1709835789.1022434,1709835789.1022484
451,1709835789.1963055,1709835789.196311
452,1709835789.3005254,1709835789.300531
453,1709835789.4021654,1709835789.4021711
454,1709835789.4973066,1709835789.4973125
455,1709835789.6006415,1709835789.6007345
456,1709835789.6971583,1709835789.697164
457,1709835789.7961786,1709835789.7961915
458,1709835789.8965335,1709835789.8965387
459,1709835790.0023615,1709835790.0023654
460,1709835790.1015542,1709835790.1015606
461,1709835790.202261,1709835790.202267
462,1709835790.3072376,1709835790.3072429
463,1709835790.4054365,1709835790.4054415
464,1709835790.5121057,1709835790.5121121
465,1709835790.6009693,1709835790.600975
466,1709835790.7008212,1709835790.7008274
467,1709835790.79928,1709835790.7992845
468,1709835790.900175,1709835790.9001791
469,1709835790.998169,1709835790.9981737
470,1709835791.1083066,1709835791.1083128
471,1709835791.1991193,1709835791.1991234
472,1709835791.2992377,1709835791.299244
473,1709835791.3998132,1709835791.399819
474,1709835791.5002499,1709835791.5002568
475,1709835791.5955145,1709835791.595519
476,1709835791.7057037,1709835791.7057087
477,1709835791.7989628,1709835791.7989695
478,1709835791.8981717,1709835791.8981788
479,1709835792.004217,1709835792.0042226
480,1709835792.100287,1709835792.1002927
481,1709835792.1982462,1709835792.198252
482,1709835792.3051393,1709835792.3051448
483,1709835792.4008553,1709835792.4008596
484,1709835792.4962523,1709835792.4962587
485,1709835792.5977829,1709835792.597787
486,1709835792.6992233,1709835792.6992295
487,1709835792.7956924,1709835792.7956982
488,1709835792.8979213,1709835792.8979273
489,1709835793.0025551,1709835793.0025601
490,1709835793.0997527,1709835793.0997682
491,1709835793.2035923,1709835793.2035975
492,1709835793.3008995,1709835793.3009055
493,1709835793.3970199,1709835793.3970258
494,1709835793.499748,1709835793.4997535
495,1709835793.604045,1709835793.6040494
496,1709835793.697121,1709835793.6971247
497,1709835793.8060825,1709835793.806088
498,1709835793.8996994,1709835793.8997047
499,1709835793.9968958,1709835793.9969013
500,1709835794.1059709,1709835794.1059742
501,1709835794.1981547,1709835794.19816
502,1709835794.3020291,1709835794.3020356
503,1709835794.4015963,1709835794.4016027
504,1709835794.5059638,1709835794.5059698
505,1709835794.6025176,1709835794.6025236
506,1709835794.7089667,1709835794.7089717
507,1709835794.8030326,1709835794.8030376
508,1709835794.8997335,1709835794.8997374
509,1709835795.0091228,1709835795.0091298
510,1709835795.106984,1709835795.1069894
511,1709835795.1962647,1709835795.196271
512,1709835795.3082733,1709835795.3082812
513,1709835795.4113061,1709835795.4113128
514,1709835795.5057075,1709835795.5057137
515,1709835795.6055868,1709835795.6055913
516,1709835795.6999612,1709835795.6999667
517,1709835795.8038175,1709835795.803823
518,1709835795.9023805,1709835795.9023857
519,1709835795.9987714,1709835795.9987774
520,1709835796.0995834,1709835796.0995889
521,1709835796.2063887,1709835796.2063942
522,1709835796.304502,1709835796.3045077
523,1709835796.4009857,1709835796.4009905
524,1709835796.5014684,1709835796.5014741
525,1709835796.6033452,1709835796.603351
526,1709835796.699056,1709835796.6990623
527,1709835796.803359,1709835796.8033655
528,1709835796.9047663,1709835796.9047718
529,1709835796.996618,1709835796.9966233
530,1709835797.102819,1709835797.1028256
531,1709835797.2034485,1709835797.2034533
532,1709835797.296155,1709835797.2961593
533,1709835797.401348,1709835797.4013546
534,1709835797.5009732,1709835797.5009778
535,1709835797.5968535,1709835797.5968583
536,1709835797.7047675,1709835797.704774
537,1709835797.8043365,1709835797.8043418
538,1709835797.9025674,1709835797.9025724
539,1709835798.005103,1709835798.0051088
540,1709835798.1082952,1709835798.1083
541,1709835798.2028475,1709835798.202853
542,1709835798.3031383,1709835798.303144
543,1709835798.4024928,1709835798.4024982
544,1709835798.5004215,1709835798.500428
545,1709835798.6034956,1709835798.6035013
546,1709835798.7060044,1709835798.7060106
547,1709835798.8019943,1709835798.8019998
548,1709835798.9034266,1709835798.9034328
549,1709835799.0058587,1709835799.0058646
550,1709835799.1039467,1709835799.103953
551,1709835799.2024827,1709835799.2024863
552,1709835799.3000352,1709835799.30004
553,1709835799.4061267,1709835799.406133
554,1709835799.5091727,1709835799.5091786
555,1709835799.6052167,1709835799.6052232
556,1709835799.6978965,1709835799.697902
557,1709835799.8014407,1709835799.8014464
558,1709835799.9017346,1709835799.9017403
559,1709835799.9978414,1709835799.9978466
560,1709835800.1090631,1709835800.1090693
561,1709835800.2080355,1709835800.208041
562,1709835800.3010085,1709835800.3010125
563,1709835800.398417,1709835800.398422
564,1709835800.5048878,1709835800.5048933
565,1709835800.6018827,1709835800.6018887
566,1709835800.702574,1709835800.7025793
567,1709835800.8049407,1709835800.804946
568,1709835800.896023,1709835800.896028
569,1709835801.00566,1709835801.0056653
570,1709835801.105307,1709835801.1053123
571,1709835801.1991334,1709835801.1991367
572,1709835801.3041694,1709835801.3041747
573,1709835801.404725,1709835801.4047308
574,1709835801.49705,1709835801.497056
575,1709835801.5983074,1709835801.5983136
576,1709835801.7067387,1709835801.7067451
577,1709835801.7981036,1709835801.798111
578,1709835801.9094732,1709835801.9094791
579,1709835802.009179,1709835802.009184
580,1709835802.1043255,1709835802.1043298
581,1709835802.203257,1709835802.2032628
582,1709835802.3085668,1709835802.3085725
583,1709835802.4016578,1709835802.4016633
584,1709835802.5032663,1709835802.5032728
585,1709835802.6044893,1709835802.6044953
586,1709835802.70176,1709835802.7017646
587,1709835802.803734,1709835802.8037393
588,1709835802.9084828,1709835802.9084883
589,1709835802.9981115,1709835802.998118
590,1709835803.1138852,1709835803.1138906
591,1709835803.2120755,1709835803.2120838
592,1709835803.304213,1709835803.3042202
593,1709835803.404566,1709835803.4045708
594,1709835803.508088,1709835803.5080953
595,1709835803.598162,1709835803.5981681
596,1709835803.7011666,1709835803.701172
597,1709835803.806164,1709835803.8091493
598,1709835803.9034894,1709835803.9075823
599,1709835803.997958,1709835804.0010421
600,1709835804.1036966,1709835804.106384
601,1709835804.2028337,1709835804.2050567
602,1709835804.3041856,1709835804.3067021
603,1709835804.4040678,1709835804.4068253
604,1709835804.4993556,1709835804.5011516
605,1709835804.6029189,1709835804.605558
606,1709835804.709551,1709835804.7119384
607,1709835804.8012447,1709835804.803628
608,1709835804.9001994,1709835804.902848
609,1709835804.9995694,1709835805.0021882
610,1709835805.0962582,1709835805.1004329
611,1709835805.2055237,1709835805.2080476
612,1709835805.3062825,1709835805.3084443
613,1709835805.4019492,1709835805.4038017
614,1709835805.5034482,1709835805.5054307
615,1709835805.601417,1709835805.6041985
616,1709835805.6990108,1709835805.7011423
617,1709835805.805447,1709835805.808082
618,1709835805.9023683,1709835805.9049551
619,1709835805.9971108,1709835805.9998188
620,1709835806.1003487,1709835806.1030948
621,1709835806.2133272,1709835806.21336
622,1709835806.3006186,1709835806.3006377
623,1709835806.4165118,1709835806.4165335
624,1709835806.5038257,1709835806.5068989
625,1709835806.6026962,1709835806.6052809
626,1709835806.7040524,1709835806.7072487
627,1709835806.8078282,1709835806.8078508
628,1709835806.9021044,1709835806.9021251
629,1709835807.0081093,1709835807.0081313
630,1709835807.1136053,1709835807.1166003
631,1709835807.2105448,1709835807.2127156
632,1709835807.3003075,1709835807.3028882
633,1709835807.4039984,1709835807.4066687
634,1709835807.502716,1709835807.5052102
635,1709835807.6017418,1709835807.6045103
636,1709835807.708544,1709835807.7112014
637,1709835807.8026373,1709835807.8049808
638,1709835807.908168,1709835807.9107985
639,1709835808.010362,1709835808.013235
640,1709835808.1032133,1709835808.1057408
641,1709835808.202514,1709835808.2050562
642,1709835808.3039854,1709835808.3062685
643,1709835808.4019365,1709835808.4045537
644,1709835808.5097623,1709835808.512215
645,1709835808.608138,1709835808.6099482
646,1709835808.704373,1709835808.7068896
647,1709835808.7966528,1709835808.799076
648,1709835808.9089513,1709835808.9118426
649,1709835808.995892,1709835808.998255
650,1709835809.1078207,1709835809.1106815
651,1709835809.2106261,1709835809.2126927
652,1709835809.2973957,1709835809.3000672
653,1709835809.4006882,1709835809.403373
654,1709835809.5030713,1709835809.5056646
655,1709835809.598467,1709835809.6000948
656,1709835809.707906,1709835809.7107518
657,1709835809.8018074,1709835809.8044116
658,1709835809.9010553,1709835809.90382
659,1709835810.0029101,1709835810.0052176
660,1709835810.1116583,1709835810.1138072
661,1709835810.2035222,1709835810.206047
662,1709835810.3020198,1709835810.304437
663,1709835810.3997872,1709835810.402396
664,1709835810.5019193,1709835810.503778
665,1709835810.6091838,1709835810.611708
666,1709835810.7054918,1709835810.7079961
667,1709835810.7998264,1709835810.8019147
668,1709835810.9001527,1709835810.9028993
669,1709835811.009978,1709835811.0122752
670,1709835811.1055357,1709835811.107584
671,1709835811.2097497,1709835811.212481
672,1709835811.3031209,1709835811.3057175
673,1709835811.4025218,1709835811.4044678
674,1709835811.505475,1709835811.508095
675,1709835811.6040587,1709835811.6066217
676,1709835811.6966026,1709835811.6992962
677,1709835811.8007689,1709835811.8032866
678,1709835811.912582,1709835811.912587
679,1709835812.003358,1709835812.003362
680,1709835812.1140068,1709835812.1140106
681,1709835812.205996,1709835812.2060015
682,1709835812.297179,1709835812.2971847
683,1709835812.4056668,1709835812.4056718
684,1709835812.5103006,1709835812.5103056
685,1709835812.6043594,1709835812.604365
686,1709835812.6999986,1709835812.7000034
687,1709835813.1821775,1709835813.1821885
688,1709835813.1967487,1709835813.1967897
689,1709835813.2077358,1709835813.2077427
690,1709835813.308483,1709835813.308488
691,1709835813.4115992,1709835813.411604
692,1709835813.5038908,1709835813.5038962
693,1709835813.6059732,1709835813.605982
694,1709835813.704652,1709835813.7046576
695,1709835813.7974973,1709835813.7975035
696,1709835813.8971956,1709835813.897201
697,1709835813.999483,1709835813.9994884
698,1709835814.1003203,1709835814.1003256
699,1709835814.203646,1709835814.2036514
700,1709835814.2997074,1709835814.2997122
701,1709835814.3965056,1709835814.3965116
702,1709835814.4979284,1709835814.4979346
703,1709835814.6142237,1709835814.6142294
704,1709835814.7001116,1709835814.7001157
705,1709835814.8125396,1709835814.812546
706,1709835814.9132986,1709835814.9133039
707,1709835814.9992201,1709835814.9992259
708,1709835815.0978673,1709835815.0978744
709,1709835815.2072067,1709835815.2072132
710,1709835815.303095,1709835815.3030984
711,1709835815.4051566,1709835815.4051623
712,1709835815.5075681,1709835815.5075738
713,1709835815.5959415,1709835815.5959473
714,1709835815.7052193,1709835815.705225
715,1709835815.8061035,1709835815.8061094
716,1709835815.9081748,1709835815.9081807
717,1709835816.0054746,1709835816.0054781
718,1709835816.098842,1709835816.0988493
719,1709835816.202124,1709835816.202131
720,1709835816.3038676,1709835816.3038735
721,1709835816.4047272,1709835816.404732
722,1709835816.4965923,1709835816.4965966
723,1709835816.6067634,1709835816.6067703
724,1709835816.6979322,1709835816.6979384
725,1709835816.7975924,1709835816.7975976
726,1709835816.8972807,1709835816.8972862
727,1709835817.0141103,1709835817.0141168
728,1709835817.1045067,1709835817.104513
729,1709835817.1990979,1709835817.1991012
730,1709835817.3103764,1709835817.31038
731,1709835817.399431,1709835817.3994367
732,1709835817.5065777,1709835817.506583
733,1709835817.6100738,1709835817.6100774
734,1709835817.7020607,1709835817.70207
735,1709835817.8079798,1709835817.8079836
736,1709835817.9043872,1709835817.9043922
737,1709835818.0045714,1709835818.004576
738,1709835818.1076384,1709835818.1076436
739,1709835818.2102847,1709835818.2102897
740,1709835818.2982857,1709835818.2982922
741,1709835818.406463,1709835818.4064689
742,1709835818.503896,1709835818.5039015
743,1709835818.6058753,1709835818.60588
744,1709835818.697711,1709835818.6977174
745,1709835818.8026094,1709835818.8026133
746,1709835818.9105127,1709835818.9105175
747,1709835819.0062623,1709835819.0062675
748,1709835819.1118968,1709835819.1119025
749,1709835819.2088194,1709835819.2088258
750,1709835819.3017955,1709835819.3017998
751,1709835819.4091387,1709835819.4091454
752,1709835819.5069962,1709835819.5070016
753,1709835819.6009703,1709835819.600976
754,1709835819.7063491,1709835819.7063544
755,1709835819.8026044,1709835819.8026094
756,1709835819.9087358,1709835819.9087405
757,1709835820.010165,1709835820.0156808
758,1709835820.1145017,1709835820.1185567
759,1709835820.2130635,1709835820.2170358
760,1709835820.3100135,1709835820.3143709
761,1709835820.3985121,1709835820.40273
762,1709835820.506339,1709835820.5104885
763,1709835820.6113596,1709835820.6159477
764,1709835820.7024474,1709835820.7063334
765,1709835820.8042316,1709835820.809353
766,1709835820.90486,1709835820.9085345
767,1709835821.0086017,1709835821.0141985
768,1709835821.1042867,1709835821.1090007
769,1709835821.2060277,1709835821.2130668
770,1709835821.3109324,1709835821.314664
771,1709835821.408268,1709835821.412508
772,1709835821.5105903,1709835821.5147243
773,1709835821.610407,1709835821.6141508
774,1709835821.69937,1709835821.7044525
775,1709835821.8054717,1709835821.8091228
776,1709835821.9057748,1709835821.9100037
777,1709835822.0038385,1709835822.0074542
778,1709835822.109785,1709835822.113947
779,1709835822.205585,1709835822.2096488
780,1709835822.3033676,1709835822.3073416
781,1709835822.405433,1709835822.4092798
782,1709835822.5105212,1709835822.5147483
783,1709835822.6072013,1709835822.612318
784,1709835822.7030146,1709835822.7073216
785,1709835822.7990627,1709835822.8032362
786,1709835822.9035301,1709835822.9074917
787,1709835823.0094109,1709835823.0124962
788,1709835823.1020238,1709835823.1055224
789,1709835823.2033894,1709835823.2070262
790,1709835823.3067522,1709835823.3107724
791,1709835823.3955953,1709835823.3997772
792,1709835823.5023973,1709835823.5083199
793,1709835823.60718,1709835823.611176
794,1709835823.708652,1709835823.7116961
795,1709835823.8114405,1709835823.8149676
796,1709835823.9126577,1709835823.9169505
797,1709835824.006099,1709835824.0125458
798,1709835824.098365,1709835824.1007557
799,1709835824.2151914,1709835824.2193072
800,1709835824.300924,1709835824.3035092
801,1709835824.4080107,1709835824.41375
802,1709835824.5095825,1709835824.5134377
803,1709835824.6041024,1709835824.6069386
804,1709835824.700747,1709835824.7046678
805,1709835824.8144205,1709835824.8183503
806,1709835824.900992,1709835824.9044487
807,1709835824.999807,1709835825.0037553
808,1709835825.1100755,1709835825.1141222
809,1709835825.2154067,1709835825.2182229
810,1709835825.3121634,1709835825.3167067
811,1709835825.4119582,1709835825.4156928
812,1709835825.4994633,1709835825.5030715
813,1709835825.600214,1709835825.6042118
814,1709835825.713529,1709835825.7167544
815,1709835825.8046675,1709835825.808383
816,1709835825.907313,1709835825.911634
817,1709835826.0061536,1709835826.0100143
818,1709835826.098771,1709835826.1026592
819,1709835826.2005663,1709835826.2059171
820,1709835826.3031075,1709835826.30634
821,1709835826.4027927,1709835826.4065096
822,1709835826.4973094,1709835826.501263
823,1709835826.611789,1709835826.6145504
824,1709835826.7022784,1709835826.7057345
825,1709835826.8038743,1709835826.8098338
826,1709835826.9033456,1709835826.9072008
827,1709835827.001337,1709835827.0050223
828,1709835827.1019118,1709835827.1053064
829,1709835827.2121465,1709835827.2157457
830,1709835827.2964,1709835827.2996168
831,1709835827.398481,1709835827.402119
832,1709835827.5022137,1709835827.5057065
833,1709835827.5968554,1709835827.6000419
834,1709835827.6972082,1709835827.7005882
835,1709835827.8056958,1709835827.808768
836,1709835827.89961,1709835827.9036956
837,1709835828.0068061,1709835828.0099921
838,1709835828.103198,1709835828.1062415
839,1709835828.196308,1709835828.200224
840,1709835828.3079581,1709835828.3120277
841,1709835828.4177473,1709835828.421795
842,1709835828.4989712,1709835828.5027711
843,1709835828.6000676,1709835828.60474
844,1709835828.7053356,1709835828.7092693
845,1709835828.7980173,1709835828.8028326
846,1709835828.8979669,1709835828.9017658
847,1709835829.0094845,1709835829.012882
848,1709835829.1075068,1709835829.111755
849,1709835829.205956,1709835829.2102666
850,1709835829.3162124,1709835829.319703
851,1709835829.4054422,1709835829.4094317
852,1709835829.5053835,1709835829.5119357
853,1709835829.6183953,1709835829.62213
854,1709835829.7076032,1709835829.7106786
855,1709835829.7984903,1709835829.8020744
856,1709835829.895809,1709835829.8993928
857,1709835830.0011554,1709835830.005113
858,1709835830.0967982,1709835830.1058939
859,1709835830.2102673,1709835830.2140174
860,1709835830.3024995,1709835830.3071268
861,1709835830.3981533,1709835830.4012864
862,1709835830.5012915,1709835830.504625
863,1709835830.601056,1709835830.6054761
864,1709835830.7027457,1709835830.7075088
865,1709835830.8019786,1709835830.8154798
866,1709835830.9000685,1709835830.903266
867,1709835830.9976988,1709835831.0008242
868,1709835831.1068952,1709835831.1105897
869,1709835831.2081473,1709835831.2129498
870,1709835831.3027768,1709835831.3067112
871,1709835831.4058893,1709835831.4105632
872,1709835831.4981878,1709835831.501947
873,1709835831.602725,1709835831.6067164
874,1709835831.6981573,1709835831.701646
875,1709835831.8020859,1709835831.8059978
876,1709835831.905571,1709835831.9091787
877,1709835832.0010588,1709835832.0053055
878,1709835832.0983572,1709835832.1019707
879,1709835832.199653,1709835832.2028828
880,1709835832.3032372,1709835832.3079286
881,1709835832.397408,1709835832.4008114
882,1709835832.498696,1709835832.5018787
883,1709835832.6014767,1709835832.605261
884,1709835832.6986349,1709835832.7024684
885,1709835832.797791,1709835832.8009322
886,1709835832.9094894,1709835832.912444
887,1709835833.0049253,1709835833.0101843
888,1709835833.107,1709835833.1070054
889,1709835833.200263,1709835833.2002687
890,1709835833.3034565,1709835833.3034616
891,1709835833.4063601,1709835833.4063663
892,1709835833.501525,1709835833.501531
893,1709835833.6021864,1709835833.6021917
894,1709835833.7004151,1709835833.700421
895,1709835833.8059347,1709835833.8059406
896,1709835833.9120436,1709835833.9120486
897,1709835833.999433,1709835833.9994369
898,1709835834.105402,1709835834.1054077
899,1709835834.2028573,1709835834.202866
900,1709835834.3050172,1709835834.3050234
901,1709835834.400552,1709835834.4005575
902,1709835834.4997456,1709835834.4997506
903,1709835834.6019273,1709835834.6019323
904,1709835834.7036283,1709835834.7036345
905,1709835834.7978048,1709835834.7978086
906,1709835834.9086668,1709835834.908674
907,1709835835.0002654,1709835835.0002706
908,1709835835.1003656,1709835835.1003716
909,1709835835.197454,1709835835.1974604
910,1709835835.3056633,1709835835.3056698
911,1709835835.4037712,1709835835.4037771
912,1709835835.4989276,1709835835.4989324
913,1709835835.6019607,1709835835.6019685
914,1709835835.698103,1709835835.6981094
915,1709835835.8032904,1709835835.803297
916,1709835835.9043512,1709835835.904359
917,1709835835.9983337,1709835835.9983401
918,1709835836.1046617,1709835836.1046677
919,1709835836.2014678,1709835836.2014718
920,1709835836.2999814,1709835836.299988
921,1709835836.3990371,1709835836.3990445
922,1709835836.5105467,1709835836.510555
923,1709835836.601768,1709835836.601775
924,1709835836.6968932,1709835836.6968987
925,1709835836.798631,1709835836.7986364
926,1709835836.905558,1709835836.905565
927,1709835836.9997663,1709835836.999773
928,1709835837.1017215,1709835837.1017306
929,1709835837.196672,1709835837.1966774
930,1709835837.2997956,1709835837.299801
931,1709835837.40337,1709835837.4033754
932,1709835837.5032098,1709835837.5032163
933,1709835837.5971768,1709835837.5971832
934,1709835837.7055287,1709835837.705536
935,1709835837.8004053,1709835837.8004105
936,1709835837.8989851,1709835837.8989947
937,1709835838.001205,1709835838.0012116
938,1709835838.0999196,1709835838.099926
939,1709835838.202541,1709835838.2025476
940,1709835838.301242,1709835838.301248
941,1709835838.398966,1709835838.3989735
942,1709835838.5004961,1709835838.5004997
943,1709835838.6009965,1709835838.601001
944,1709835838.6975312,1709835838.6975365
945,1709835838.797,1709835838.7970054
946,1709835838.9001305,1709835838.900137
947,1709835839.000542,1709835839.0005476
948,1709835839.1009383,1709835839.100944
949,1709835839.2077885,1709835839.2077944
950,1709835839.2991567,1709835839.2991624
951,1709835839.4043944,1709835839.4044147
952,1709835839.5050135,1709835839.5050194
953,1709835839.6040692,1709835839.604074
954,1709835839.704773,1709835839.7047784
955,1709835839.8001974,1709835839.8002033
956,1709835839.8997536,1709835839.8997593
957,1709835840.0057075,1709835840.0057156
958,1709835840.1007984,1709835840.1008034
959,1709835840.1987033,1709835840.1987095
960,1709835840.2999082,1709835840.299915
961,1709835840.397572,1709835840.3975782
962,1709835840.5000148,1709835840.5000215
963,1709835840.597724,1709835840.5977316
964,1709835840.7027977,1709835840.7028031
965,1709835840.804208,1709835840.804215
966,1709835840.8994915,1709835840.899497
967,1709835841.0039744,1709835841.0039809
968,1709835841.1054516,1709835841.1054573
969,1709835841.196674,1709835841.1966798
970,1709835841.3004444,1709835841.3004496
971,1709835841.4004962,1709835841.400502
972,1709835841.4999835,1709835841.4999897
973,1709835841.6082442,1709835841.60825
974,1709835841.703454,1709835841.7034597
975,1709835841.80127,1709835841.8012753
976,1709835841.9001873,1709835841.9001932
977,1709835841.9994414,1709835841.999447
978,1709835842.102218,1709835842.102225
979,1709835842.2052984,1709835842.2053037
980,1709835842.299491,1709835842.2994967
981,1709835842.4161036,1709835842.4161098
982,1709835842.5030959,1709835842.5031013
983,1709835842.6046345,1709835842.6046393
984,1709835842.6993551,1709835842.6993616
985,1709835842.799024,1709835842.7990315
986,1709835842.911947,1709835842.9119532
987,1709835842.9995272,1709835842.9995325
988,1709835843.1017785,1709835843.1017845
989,1709835843.2003465,1709835843.2003555
990,1709835843.2985663,1709835843.298571
991,1709835843.3975217,1709835843.3975263
992,1709835843.5036755,1709835843.5036833
993,1709835843.6025202,1709835843.6025853
994,1709835843.6994233,1709835843.6994276
995,1709835843.7993333,1709835843.7993398
996,1709835843.9011924,1709835843.901198
997,1709835844.0044758,1709835844.0044813
998,1709835844.098131,1709835844.098136
999,1709835844.1975002,1709835844.1975055
1000,1709835844.2996612,1709835844.2996674
1001,1709835844.4018288,1709835844.4018357
1002,1709835844.5034356,1709835844.5034413
1003,1709835844.6032493,1709835844.603255
1004,1709835844.7030208,1709835844.703028
1005,1709835844.7989357,1709835844.7989414
1006,1709835844.8997512,1709835844.8997593
1007,1709835845.0052502,1709835845.0052564
1008,1709835845.0995314,1709835845.0995414
1009,1709835845.2034183,1709835845.2034252
1010,1709835845.3019283,1709835845.301934
1011,1709835845.4053986,1709835845.4054053
1012,1709835845.5009212,1709835845.5009263
1013,1709835845.5993989,1709835845.5994022
1014,1709835845.7053008,1709835845.705421
1015,1709835845.8006935,1709835845.8007007
1016,1709835845.9002295,1709835845.900235
1017,1709835845.9978724,1709835845.9978755
1018,1709835846.1008658,1709835846.1008708
1019,1709835846.198609,1709835846.1986146
1020,1709835846.3002791,1709835846.3002844
1021,1709835846.3971975,1709835846.3972032
1022,1709835846.4994962,1709835846.499504
1023,1709835846.5990198,1709835846.5990252
1024,1709835846.7003264,1709835846.7003307
1025,1709835846.8005915,1709835846.8005965
1026,1709835846.8979778,1709835846.897985
1027,1709835847.0009184,1709835847.0009232
1028,1709835847.1011052,1709835847.101109
1029,1709835847.2096403,1709835847.2096462
1030,1709835847.2994723,1709835847.2994783
1031,1709835847.4045215,1709835847.4045262
1032,1709835847.558274,1709835847.55828
1033,1709835847.5986094,1709835847.598615
1034,1709835847.6985471,1709835847.698553
1035,1709835847.801983,1709835847.801987
1036,1709835847.89803,1709835847.8980367
1037,1709835848.0025177,1709835848.0025234
1038,1709835848.1025503,1709835848.1025553
1039,1709835848.1990232,1709835848.1990287
1040,1709835848.2972844,1709835848.2972903
1041,1709835848.3975646,1709835848.3975701
1042,1709835848.5026822,1709835848.5026884
1043,1709835848.5996795,1709835848.599686
1044,1709835848.69604,1709835848.6960456
1045,1709835848.8044693,1709835848.8044767
1046,1709835848.8971393,1709835848.8971467
1047,1709835848.9996521,1709835848.9996555
1048,1709835849.0999155,1709835849.0999212
1049,1709835849.1992416,1709835849.1992476
1050,1709835849.2987802,1709835849.298785
1051,1709835849.3997216,1709835849.3997266
1052,1709835849.5024729,1709835849.5024788
1053,1709835849.6001437,1709835849.6001487
1054,1709835849.7009394,1709835849.7009451
1055,1709835849.7983758,1709835849.798384
1056,1709835849.9103308,1709835849.9103363
1057,1709835850.000783,1709835850.0007887
1058,1709835850.100354,1709835850.1003594
1059,1709835850.2020168,1709835850.2020226
1060,1709835850.3012376,1709835850.3012462
1061,1709835850.3961744,1709835850.3961806
1062,1709835850.4969165,1709835850.4969232
1063,1709835850.5990944,1709835850.5990994
1064,1709835850.6984446,1709835850.6984496
1065,1709835850.8063066,1709835850.8063133
1066,1709835850.9034371,1709835850.903445
1067,1709835851.0015635,1709835851.0015707
1068,1709835851.1076102,1709835851.1076155
1069,1709835851.1995716,1709835851.1995747
1070,1709835851.2971501,1709835851.2971554
1071,1709835851.40007,1709835851.4000762
1072,1709835851.5139265,1709835851.5139327
1073,1709835851.609449,1709835851.6094553
1074,1709835851.7075527,1709835851.7075582
1075,1709835851.8065228,1709835851.806529
1076,1709835851.9166489,1709835851.9166548
1077,1709835851.9988663,1709835851.9988713
1078,1709835852.1001854,1709835852.1001918
1079,1709835852.2072325,1709835852.2072382
1080,1709835852.303222,1709835852.3032284
1081,1709835852.4034054,1709835852.4034114
1082,1709835852.504666,1709835852.504672
1083,1709835852.600743,1709835852.6007504
1084,1709835852.7067251,1709835852.7067308
1085,1709835852.8057027,1709835852.8057091
1086,1709835852.9015384,1709835852.9015443
1087,1709835853.0070763,1709835853.0070817
1088,1709835853.1041899,1709835853.1041963
1089,1709835853.2074761,1709835853.2074828
1090,1709835853.3024049,1709835853.3024108
1091,1709835853.3997905,1709835853.399799
1092,1709835853.5094023,1709835853.5094082
1093,1709835853.5994468,1709835853.5994523
1094,1709835853.7035255,1709835853.7035313
1095,1709835853.8096046,1709835853.8096116
1096,1709835853.9053314,1709835853.9053373
1097,1709835854.001049,1709835854.0010552
1098,1709835854.100218,1709835854.1002233
1099,1709835854.2073243,1709835854.2073302
1100,1709835854.3043153,1709835854.3043208
1101,1709835854.4016154,1709835854.4016218
1102,1709835854.5078006,1709835854.5078046
1103,1709835854.6054084,1709835854.6054134
1104,1709835854.7030709,1709835854.703078
1105,1709835854.802929,1709835854.8029351
1106,1709835854.9061093,1709835854.9061134
1107,1709835855.0010066,1709835855.0010126
1108,1709835855.1026337,1709835855.102641
1109,1709835855.2118256,1709835855.2118325
1110,1709835855.3123085,1709835855.3123126
1111,1709835855.4074283,1709835855.4074318
1112,1709835855.5038705,1709835855.5038755
1113,1709835855.6016116,1709835855.6016169
1114,1709835855.7041328,1709835855.7041376
1115,1709835855.8080955,1709835855.808102
1116,1709835855.9053102,1709835855.9053137
1117,1709835856.0180984,1709835856.0181036
1118,1709835856.1008465,1709835856.100852
1119,1709835856.1986992,1709835856.1987038
1120,1709835856.297167,1709835856.297174
1121,1709835856.404197,1709835856.4042025
1122,1709835856.5033157,1709835856.5033216
1123,1709835856.6028728,1709835856.602879
1124,1709835856.704921,1709835856.7049265
1125,1709835856.800533,1709835856.8005378
1126,1709835856.90442,1709835856.9044263
1127,1709835857.0039299,1709835857.0039353
1128,1709835857.1038933,1709835857.1038978
1129,1709835857.2036242,1709835857.2036297
1130,1709835857.304281,1709835857.3042874
1131,1709835857.4048872,1709835857.4048939
1132,1709835857.5033371,1709835857.5033422
1133,1709835857.5997443,1709835857.59975
1134,1709835857.7011423,1709835857.7011504
1135,1709835857.8051894,1709835857.8051958
1136,1709835857.8998075,1709835857.8998117
1137,1709835858.003426,1709835858.0034323
1138,1709835858.1076763,1709835858.1076796
1139,1709835858.2018726,1709835858.2018795
1140,1709835858.3006206,1709835858.3006258
1141,1709835858.4148018,1709835858.4148073
1142,1709835858.502553,1709835858.502559
1143,1709835858.6017451,1709835858.6017513
1144,1709835858.7067192,1709835858.7067254
1145,1709835858.805211,1709835858.8052175
1146,1709835858.9111228,1709835858.9111278
1147,1709835859.0126219,1709835859.012628
1148,1709835859.1119165,1709835859.1119225
1149,1709835859.2044706,1709835859.2044766
1150,1709835859.30534,1709835859.305346
1151,1709835859.4058251,1709835859.4058304
1152,1709835859.5033562,1709835859.5033596
1153,1709835859.6012802,1709835859.6012862
1154,1709835859.7037222,1709835859.7038076
1155,1709835859.8015864,1709835859.8015919
1156,1709835859.9022925,1709835859.9022965
1157,1709835859.9996245,1709835859.9996293
1158,1709835860.0987005,1709835860.0987036
1159,1709835860.2120323,1709835860.212038
1160,1709835860.3052123,1709835860.3052177
1161,1709835860.4024673,1709835860.4024706
1162,1709835860.5065532,1709835860.506559
1163,1709835860.6033986,1709835860.6034043
1164,1709835860.7028186,1709835860.7028222
1165,1709835860.802942,1709835860.8029475
1166,1709835860.9004838,1709835860.9004905
1167,1709835861.0046866,1709835861.0046926
1168,1709835861.1091487,1709835861.1091552
1169,1709835861.2027054,1709835861.2027113
1170,1709835861.306231,1709835861.3062363
1171,1709835861.4001088,1709835861.4001157
1172,1709835861.5004263,1709835861.5004346
1173,1709835861.6041658,1709835861.604171
1174,1709835861.6988719,1709835861.698877
1175,1709835861.8049436,1709835861.80495
1176,1709835861.901241,1709835861.9012473
1177,1709835862.0029297,1709835862.002936
1178,1709835862.1008039,1709835862.10081
1179,1709835862.2041273,1709835862.2041337
1180,1709835862.297342,1709835862.297346
1181,1709835862.397354,1709835862.3973594
1182,1709835862.4986005,1709835862.498606
1183,1709835862.6087956,1709835862.6088002
1184,1709835862.702332,1709835862.702336
1185,1709835862.7967334,1709835862.796739
1186,1709835862.9056036,1709835862.905609
1187,1709835863.0105398,1709835863.010547
1188,1709835863.1095557,1709835863.1095605
1189,1709835863.215939,1709835863.2159452
1190,1709835863.3137784,1709835863.3137844
1191,1709835863.410247,1709835863.4102526
1192,1709835863.5054433,1709835863.5054493
1193,1709835863.6070356,1709835863.6070483
1194,1709835863.7019265,1709835863.7019317
1195,1709835863.8035407,1709835863.8035464
1196,1709835863.9049993,1709835863.9050071
1197,1709835864.002916,1709835864.0029216
1198,1709835864.111409,1709835864.1114154
1199,1709835864.2016745,1709835864.2016811
1200,1709835864.3028162,1709835864.3028224
1201,1709835864.4051228,1709835864.405128
1202,1709835864.4958825,1709835864.4958887
1203,1709835864.5976336,1709835864.5976393
1204,1709835864.7079673,1709835864.707972
1205,1709835864.8003519,1709835864.8003576
1206,1709835864.9016716,1709835864.901676
1207,1709835865.0130296,1709835865.0130343
1208,1709835865.098578,1709835865.0985854
1209,1709835865.2026794,1709835865.2026844
1210,1709835865.3073204,1709835865.3073254
1211,1709835865.4006598,1709835865.4006655
1212,1709835865.5002098,1709835865.5002153
1213,1709835865.6011243,1709835865.601128
1214,1709835865.7014344,1709835865.70144
1215,1709835865.8014963,1709835865.801501
1216,1709835865.9039679,1709835865.903975
1217,1709835866.000799,1709835866.0008047
1218,1709835866.1082945,1709835866.1082993
1219,1709835866.2024527,1709835866.2024562
1220,1709835866.3027542,1709835866.30276
1221,1709835866.4039547,1709835866.4039602
1222,1709835866.5041943,1709835866.5042012
1223,1709835866.598317,1709835866.598323
1224,1709835866.705535,1709835866.7055404
1225,1709835866.8139687,1709835866.8139746
1226,1709835866.9019096,1709835866.9019146
1227,1709835867.001597,1709835867.0016024
1228,1709835867.1101995,1709835867.110206
1229,1709835867.2039177,1709835867.2039235
1230,1709835867.302606,1709835867.3026106
1231,1709835867.41023,1709835867.4102352
1232,1709835867.504333,1709835867.5043392
1233,1709835867.6036716,1709835867.6036766
1234,1709835867.7018569,1709835867.701862
1235,1709835867.8005772,1709835867.8005846
1236,1709835867.907214,1709835867.9072182
1237,1709835868.0055618,1709835868.0055676
1238,1709835868.1063006,1709835868.1063044
1239,1709835868.2133615,1709835868.213367
1240,1709835868.3109784,1709835868.3109832
1241,1709835868.404418,1709835868.404423
1242,1709835868.5101755,1709835868.5101812
1243,1709835868.6114101,1709835868.611417
1244,1709835868.7101154,1709835868.7101207
1245,1709835868.80151,1709835868.8015163
1246,1709835868.91355,1709835868.9135535
1247,1709835869.001841,1709835869.0018501
1248,1709835869.1024728,1709835869.1024761
1249,1709835869.2079964,1709835869.2080014
1250,1709835869.3073592,1709835869.3073647
1251,1709835869.4062786,1709835869.4062843
1252,1709835869.4977298,1709835869.4977355
1253,1709835869.6014333,1709835869.6014478
1254,1709835869.7040756,1709835869.7040803
1255,1709835869.7981944,1709835869.7981977
1256,1709835869.9045827,1709835869.904588
1257,1709835870.0017676,1709835870.001773
1258,1709835870.3975155,1709835870.3975275
1259,1709835870.406849,1709835870.4068542
1260,1709835870.5070186,1709835870.507024
1261,1709835870.6050737,1709835870.6050794
1262,1709835870.7076094,1709835870.707615
1263,1709835870.8035588,1709835870.8035645
1264,1709835870.9039338,1709835870.9039388
1265,1709835871.001118,1709835871.001124
1266,1709835871.1002367,1709835871.100243
1267,1709835871.2061734,1709835871.2061806
1268,1709835871.3101385,1709835871.3101432
1269,1709835871.4019086,1709835871.4019153
1270,1709835871.5009449,1709835871.5009491
1271,1709835871.6045818,1709835871.6045876
1272,1709835871.6960948,1709835871.6961002
1273,1709835871.8063173,1709835871.8063226
1274,1709835871.909641,1709835871.9096453
1275,1709835872.0015943,1709835872.0016017
1276,1709835872.1089487,1709835872.1089532
1277,1709835872.2038863,1709835872.2038915
1278,1709835872.3000097,1709835872.3000138
1279,1709835872.3957944,1709835872.3958
1280,1709835872.5057547,1709835872.505761
1281,1709835872.6005394,1709835872.600545
1282,1709835872.7052913,1709835872.7052948
1283,1709835872.8022027,1709835872.8022084
1284,1709835872.8980684,1709835872.8980722
1285,1709835873.0051649,1709835873.0051703
1286,1709835873.1057715,1709835873.1057768
1287,1709835873.2045088,1709835873.2045135
1288,1709835873.3131258,1709835873.3131318
1289,1709835873.3986936,1709835873.3987
1290,1709835873.4962597,1709835873.4962652
1291,1709835873.6038575,1709835873.6038628
1292,1709835873.697992,1709835873.697999
1293,1709835873.7997596,1709835873.7997644
1294,1709835873.9074268,1709835873.9074316
1295,1709835873.9988713,1709835873.9988773
1296,1709835874.1040466,1709835874.1040528
1297,1709835874.209019,1709835874.2090242
1298,1709835874.3035831,1709835874.303588
1299,1709835874.4005916,1709835874.4005954
1300,1709835874.499403,1709835874.4994085
1301,1709835874.6126952,1709835874.6127021
1302,1709835874.6995542,1709835874.6995585
1303,1709835874.8107703,1709835874.8107765
1304,1709835874.903024,1709835874.90303
1305,1709835875.0029655,1709835875.0029747
1306,1709835875.10661,1709835875.1066153
1307,1709835875.2051601,1709835875.205165
1308,1709835875.3034706,1709835875.3034759
1309,1709835875.4021409,1709835875.402148
1310,1709835875.510766,1709835875.5107718
1311,1709835875.6031058,1709835875.6031115
1312,1709835875.6985683,1709835875.698573
1313,1709835875.8033702,1709835875.8033764
1314,1709835875.9064739,1709835875.9064806
1315,1709835876.0063434,1709835876.0063493
1316,1709835876.107777,1709835876.1077824
1317,1709835876.2026808,1709835876.2026892
1318,1709835876.312337,1709835876.3123431
1319,1709835876.4041033,1709835876.4041076
1320,1709835876.5032973,1709835876.5033026
1321,1709835876.6032481,1709835876.603254
1322,1709835876.703797,1709835876.7038023
1323,1709835876.8006084,1709835876.8006134
1324,1709835876.9012327,1709835876.9012394
1325,1709835877.001583,1709835877.0015893
1326,1709835877.1071317,1709835877.1071374
1327,1709835877.2127733,1709835877.2127829
1328,1709835877.301599,1709835877.3016055
1329,1709835877.398335,1709835877.3983414
1330,1709835877.5009656,1709835877.500971
1331,1709835877.6048577,1709835877.604863
1332,1709835877.70736,1709835877.7073662
1333,1709835877.7990067,1709835877.799012
1334,1709835877.912038,1709835877.912044
1335,1709835877.9989934,1709835877.9989996
1336,1709835878.1026733,1709835878.1026764
1337,1709835878.208149,1709835878.208155
1338,1709835878.2999904,1709835878.2999966
1339,1709835878.4097302,1709835878.4097338
1340,1709835878.4993627,1709835878.4993682
1341,1709835878.6050615,1709835878.6050673
1342,1709835878.6994522,1709835878.6994565
1343,1709835878.8055766,1709835878.8055847
1344,1709835878.8998985,1709835878.8999026
1345,1709835879.00371,1709835879.0037155
1346,1709835879.1036253,1709835879.10363
1347,1709835879.211795,1709835879.211801
1348,1709835879.3056726,1709835879.3056786
1349,1709835879.414517,1709835879.4145224
1350,1709835879.5026846,1709835879.5026913
1351,1709835879.6005769,1709835879.6005824
1352,1709835879.705156,1709835879.7051625
1353,1709835879.8135114,1709835879.8135183
1354,1709835879.8968291,1709835879.896835
1355,1709835880.009466,1709835880.0094714
1356,1709835880.1036415,1709835880.1036465
1357,1709835880.209817,1709835880.2098217
1358,1709835880.303953,1709835880.3039584
1359,1709835880.4017992,1709835880.4018066
1360,1709835880.503119,1709835880.503124
1361,1709835880.6004577,1709835880.6004632
1362,1709835880.702137,1709835880.7021453
1363,1709835880.8117707,1709835880.811776
1364,1709835880.9029727,1709835880.9029787
1365,1709835881.0137913,1709835881.0138042
1366,1709835881.108872,1709835881.1088774
1367,1709835881.2039003,1709835881.203906
1368,1709835881.2961292,1709835881.2961352
1369,1709835881.410999,1709835881.4110048
1370,1709835881.50316,1709835881.503167
1371,1709835881.597063,1709835881.5970693
1372,1709835881.7045274,1709835881.7045338
1373,1709835881.8144307,1709835881.8144364
1374,1709835881.8967946,1709835881.8968005
1375,1709835882.0081198,1709835882.0081258
1376,1709835882.106616,1709835882.1066208
1377,1709835882.2056735,1709835882.2056828
1378,1709835882.299615,1709835882.2996202
1379,1709835882.3987937,1709835882.3988008
1380,1709835882.4976494,1709835882.4976554
1381,1709835882.600412,1709835882.6004167
1382,1709835882.7098136,1709835882.7098196
1383,1709835882.8012958,1709835882.8013017
1384,1709835882.9076421,1709835882.9076471
1385,1709835883.0089867,1709835883.0089922
1386,1709835883.1093485,1709835883.1093538
1387,1709835883.2095337,1709835883.2095387
1388,1709835883.3046386,1709835883.3046443
1389,1709835883.4084065,1709835883.4084136
1390,1709835883.497662,1709835883.497666
1391,1709835883.598455,1709835883.5984583
1392,1709835883.7065995,1709835883.7066052
1393,1709835883.808089,1709835883.8080924
1394,1709835883.8983943,1709835883.898399
1395,1709835883.996921,1709835883.9969268
1396,1709835884.0993924,1709835884.099398
1397,1709835884.2060192,1709835884.206025
1398,1709835884.3064888,1709835884.3064954
1399,1709835884.4059176,1709835884.4059236
1400,1709835884.5057492,1709835884.5057533
1401,1709835884.6010125,1709835884.601017
1402,1709835884.7063615,1709835884.7063673
1403,1709835884.8053732,1709835884.8053768
1404,1709835884.9036648,1709835884.9036703
1405,1709835885.0006537,1709835885.0006597
1406,1709835885.1051378,1709835885.1051433
1407,1709835885.202544,1709835885.2025526
1408,1709835885.2972872,1709835885.2972927
1409,1709835885.4053543,1709835885.4053605
1410,1709835885.5059755,1709835885.5059814
1411,1709835885.6035712,1709835885.6035748
1412,1709835885.7022574,1709835885.7022698
1413,1709835885.8051248,1709835885.8051293
1414,1709835885.902665,1709835885.9026706
1415,1709835885.998975,1709835885.9989812
1416,1709835886.0956419,1709835886.0956473
1417,1709835886.1988466,1709835886.198852
1418,1709835886.3013432,1709835886.3013577
1419,1709835886.3960688,1709835886.3960748
1420,1709835886.5026226,1709835886.502628
1421,1709835886.5981038,1709835886.5981095
1422,1709835886.6955938,1709835886.695599
1423,1709835886.8061519,1709835886.806157
1424,1709835886.8994486,1709835886.899454
1425,1709835886.9968488,1709835886.996854
1426,1709835887.1017988,1709835887.1018047
1427,1709835887.197913,1709835887.1979177
1428,1709835887.2973342,1709835887.2973404
1429,1709835887.4033215,1709835887.4033277
1430,1709835887.501,1709835887.5010056
1431,1709835887.5969434,1709835887.5969493
1432,1709835887.700642,1709835887.7006476
1433,1709835887.7989056,1709835887.7989116
1434,1709835887.9002864,1709835887.9002929
1435,1709835888.0011203,1709835888.0011263
1436,1709835888.0978076,1709835888.0978138
1437,1709835888.197048,1709835888.1970532
1438,1709835888.302588,1709835888.3025925
1439,1709835888.4007652,1709835888.400771
1440,1709835888.4992034,1709835888.4992115
1441,1709835888.6023848,1709835888.6023903
1442,1709835888.7015288,1709835888.7015345
1443,1709835888.8034682,1709835888.803474
1444,1709835888.8958056,1709835888.8958116
1445,1709835888.9971178,1709835888.9971235
1446,1709835889.102487,1709835889.1024928
1447,1709835889.2012734,1709835889.2012787
1448,1709835889.3059466,1709835889.3059523
1449,1709835889.4004304,1709835889.4004366
1450,1709835889.5039077,1709835889.5039127
1451,1709835889.5995567,1709835889.599562
1452,1709835889.701101,1709835889.7011049
1453,1709835889.8016644,1709835889.80167
1454,1709835889.8989244,1709835889.8989296
1455,1709835890.00064,1709835890.0006464
1456,1709835890.0989964,1709835890.0990028
1457,1709835890.2017772,1709835890.2017832
1458,1709835890.3029306,1709835890.3029377
1459,1709835890.4073608,1709835890.4073668
1460,1709835890.5088737,1709835890.50888
1461,1709835890.6103141,1709835890.6103203
1462,1709835890.7082293,1709835890.7082334
1463,1709835890.8085992,1709835890.808603
1464,1709835890.9043074,1709835890.9043133
1465,1709835891.006717,1709835891.0067225
1466,1709835891.1156387,1709835891.1156447
1467,1709835891.212274,1709835891.2122796
1468,1709835891.3056612,1709835891.305667
1469,1709835891.4063344,1709835891.4063396
1470,1709835891.5128908,1709835891.5128968
1471,1709835891.5998528,1709835891.5998602
1472,1709835891.7024903,1709835891.7024977
1473,1709835891.8047984,1709835891.8048048
1474,1709835891.9021947,1709835891.902202
1475,1709835892.0057282,1709835892.0057342
1476,1709835892.1037617,1709835892.1037667
1477,1709835892.2067108,1709835892.2067168
1478,1709835892.2999427,1709835892.2999485
1479,1709835892.4001498,1709835892.4001555
1480,1709835892.5008154,1709835892.5008194
1481,1709835892.6006937,1709835892.6007
1482,1709835892.703897,1709835892.703904
1483,1709835892.8021739,1709835892.8021808
1484,1709835892.9008937,1709835892.900901
1485,1709835893.0164468,1709835893.0164528
1486,1709835893.1031897,1709835893.1031961
1487,1709835893.2024033,1709835893.2024097
1488,1709835893.3014102,1709835893.3014169
1489,1709835893.4064867,1709835893.4064941
1490,1709835893.4994473,1709835893.4994535
1491,1709835893.60445,1709835893.6044576
1492,1709835893.7004697,1709835893.7004766
1493,1709835893.8011484,1709835893.801154
1494,1709835893.9030583,1709835893.9030643
1495,1709835894.0003707,1709835894.0003765
1496,1709835894.105753,1709835894.1057587
1497,1709835894.2006333,1709835894.2006383
1498,1709835894.303288,1709835894.3032944
1499,1709835894.4000213,1709835894.4000268
1500,1709835894.5027642,1709835894.5027711
1501,1709835894.5972705,1709835894.5972767
1502,1709835894.697806,1709835894.6978116
1503,1709835894.8003917,1709835894.8003979
1504,1709835894.8992553,1709835894.899261
1505,1709835895.0065901,1709835895.0065966
1506,1709835895.1100705,1709835895.110077
1507,1709835895.198572,1709835895.1985776
1508,1709835895.3003056,1709835895.3003097
1509,1709835895.4008298,1709835895.4008355
1510,1709835895.5173988,1709835895.5174043
1511,1709835895.60318,1709835895.603186
1512,1709835895.70009,1709835895.7000957
1513,1709835895.8081512,1709835895.8081582
1514,1709835895.9027984,1709835895.902804
1515,1709835895.9958997,1709835895.9959068
1516,1709835896.1005542,1709835896.10056
1517,1709835896.2044601,1709835896.2044652
1518,1709835896.2998857,1709835896.2998903
1519,1709835896.4021068,1709835896.4021122
1520,1709835896.500134,1709835896.5001395
1521,1709835896.5992503,1709835896.5992565
1522,1709835896.7037227,1709835896.703728
1523,1709835896.8020399,1709835896.802046
1524,1709835896.899386,1709835896.8993924
1525,1709835897.000668,1709835897.0006735
1526,1709835897.1063957,1709835897.1064026
1527,1709835897.2014942,1709835897.2015011
1528,1709835897.3013175,1709835897.301323
1529,1709835897.4056737,1709835897.4056797
1530,1709835897.5043435,1709835897.504349
1531,1709835897.6042833,1709835897.608588
1532,1709835897.6977723,1709835897.7024143
1533,1709835897.8067536,1709835897.8205404
1534,1709835897.9106243,1709835897.9158604
1535,1709835898.0166924,1709835898.0221725
1536,1709835898.103197,1709835898.1088376
1537,1709835898.1999254,1709835898.2052073
1538,1709835898.3041646,1709835898.3101077
1539,1709835898.4057944,1709835898.4120631
1540,1709835898.4985566,1709835898.503608
1541,1709835898.606237,1709835898.6115444
1542,1709835898.7030284,1709835898.7083044
1543,1709835898.7984138,1709835898.8033812
1544,1709835898.9028342,1709835898.9085014
1545,1709835899.000665,1709835899.007055
1546,1709835899.1027493,1709835899.1083894
1547,1709835899.2034645,1709835899.210037
1548,1709835899.2988348,1709835899.3027806
1549,1709835899.3984127,1709835899.4043446
1550,1709835899.5039432,1709835899.509506
1551,1709835899.601145,1709835899.607968
1552,1709835899.7061577,1709835899.711822
1553,1709835899.8040967,1709835899.8093204
1554,1709835899.904557,1709835899.909566
1555,1709835900.0069356,1709835900.0182085
1556,1709835900.0999684,1709835900.1056132
1557,1709835900.2036982,1709835900.2082632
1558,1709835900.3053882,1709835900.310529
1559,1709835900.4022048,1709835900.4072115
1560,1709835900.4986002,1709835900.5036697
1561,1709835900.608227,1709835900.6132915
1562,1709835900.7115335,1709835900.717098
1563,1709835900.7978654,1709835900.8018277
1564,1709835900.9099047,1709835900.915004
1565,1709835901.008701,1709835901.0168064
1566,1709835901.1023188,1709835901.107644
1567,1709835901.200732,1709835901.2060957
1568,1709835901.2989507,1709835901.3037221
1569,1709835901.3986638,1709835901.402664
1570,1709835901.5007691,1709835901.5057046
1571,1709835901.6038535,1709835901.6169672
1572,1709835901.7058904,1709835901.7139852
1573,1709835901.7999017,1709835901.805294
1574,1709835901.9045873,1709835901.9094052
1575,1709835901.9994423,1709835902.0047119
1576,1709835902.098434,1709835902.1038425
1577,1709835902.1985037,1709835902.2030048
1578,1709835902.3013494,1709835902.305012
1579,1709835902.3958907,1709835902.4000053
1580,1709835902.5003169,1709835902.5077195
1581,1709835902.6003835,1709835902.6058397
1582,1709835902.6993163,1709835902.7043793
1583,1709835902.8033943,1709835902.8080258
1584,1709835902.9005342,1709835902.9047465
1585,1709835903.00171,1709835903.0087326
1586,1709835903.1035714,1709835903.107704
1587,1709835903.198429,1709835903.202218
1588,1709835903.2985787,1709835903.3026974
1589,1709835903.4018111,1709835903.4077117
1590,1709835903.502948,1709835903.5074883
1591,1709835903.6074033,1709835903.6118715
1592,1709835903.7043173,1709835903.710215
1593,1709835903.7993019,1709835903.8038037
1594,1709835903.895699,1709835903.8982635
1595,1709835903.9998622,1709835904.0034387
1596,1709835904.0990396,1709835904.1027486
1597,1709835904.2003865,1709835904.2038233
1598,1709835904.3078125,1709835904.3120263
1599,1709835904.3986688,1709835904.40201
1600,1709835904.5074673,1709835904.510561
1601,1709835904.600821,1709835904.6044393
1602,1709835904.7016332,1709835904.7051175
1603,1709835904.797838,1709835904.8006608
1604,1709835904.9005039,1709835904.9038804
1605,1709835905.0020645,1709835905.0063887
1606,1709835905.1039772,1709835905.107134
1607,1709835905.201912,1709835905.205167
1608,1709835905.301799,1709835905.30434
1609,1709835905.3978834,1709835905.4013515
1610,1709835905.5020356,1709835905.5061445
1611,1709835905.6037383,1709835905.6037445
1612,1709835905.7026196,1709835905.702625
1613,1709835905.8015149,1709835905.801521
1614,1709835905.9009557,1709835905.9009597
1615,1709835905.9993753,1709835905.999382
1616,1709835906.1017666,1709835906.1017725
1617,1709835906.198812,1709835906.1988235
1618,1709835906.300004,1709835906.300011
1619,1709835906.3999689,1709835906.3999758
1620,1709835906.5030062,1709835906.5030122
1621,1709835906.6043386,1709835906.6043444
1622,1709835906.6988332,1709835906.6988409
1623,1709835906.8006299,1709835906.800637
1624,1709835906.8971124,1709835906.8971193
1625,1709835906.9984136,1709835906.998421
1626,1709835907.103089,1709835907.1030955
1627,1709835907.2012901,1709835907.201297
1628,1709835907.3046956,1709835907.3046997
1629,1709835907.4031858,1709835907.4031916
1630,1709835907.4954906,1709835907.4954975
1631,1709835907.5979786,1709835907.5979855
1632,1709835907.6999907,1709835907.699997
1633,1709835907.7966177,1709835907.7966242
1634,1709835907.9004846,1709835907.9004905
1635,1709835908.0027137,1709835908.002718
1636,1709835908.100633,1709835908.1006384
1637,1709835908.2018297,1709835908.2018359
1638,1709835908.3008697,1709835908.3008747
1639,1709835908.4014204,1709835908.4014254
1640,1709835908.4998806,1709835908.4998853
1641,1709835908.6000242,1709835908.6000307
1642,1709835908.7006612,1709835908.7006671
1643,1709835908.7990386,1709835908.7990448
1644,1709835908.8994355,1709835908.8994417
1645,1709835908.9968526,1709835908.9968603
1646,1709835909.0977447,1709835909.09775
1647,1709835909.2042396,1709835909.2042458
1648,1709835909.296719,1709835909.2967234
1649,1709835909.4013042,1709835909.4013095
1650,1709835909.4973931,1709835909.4973989
1651,1709835909.6016994,1709835909.601706
1652,1709835909.7016528,1709835909.7016594
1653,1709835909.8005311,1709835909.800537
1654,1709835909.8987799,1709835909.8987856
1655,1709835909.997242,1709835909.9972472
1656,1709835910.1006393,1709835910.100645
1657,1709835910.201639,1709835910.201645
1658,1709835910.2998314,1709835910.2998376
1659,1709835910.4016669,1709835910.401673
1660,1709835910.4980552,1709835910.4980595
1661,1709835910.6015685,1709835910.6015744
1662,1709835910.6969512,1709835910.6969576
1663,1709835910.8071327,1709835910.8071404
1664,1709835910.898998,1709835910.8990073
1665,1709835910.9987755,1709835910.9987814
1666,1709835911.1061933,1709835911.1061995
1667,1709835911.2001767,1709835911.2001817
1668,1709835911.3126428,1709835911.3126488
1669,1709835911.4036322,1709835911.4036384
1670,1709835911.5067132,1709835911.50672
1671,1709835911.6043615,1709835911.6043696
1672,1709835911.7081723,1709835911.7081766
1673,1709835911.8034263,1709835911.8034317
1674,1709835911.9052067,1709835911.9052126
1675,1709835911.9984827,1709835911.9984884
1676,1709835912.1055815,1709835912.105588
1677,1709835912.2024913,1709835912.2024972
1678,1709835912.3085458,1709835912.3085513
1679,1709835912.403048,1709835912.4030542
1680,1709835912.5125809,1709835912.5125878
1681,1709835912.6032557,1709835912.6032624
1682,1709835912.7104597,1709835912.7104661
1683,1709835912.809826,1709835912.8098314
1684,1709835912.9052062,1709835912.9052117
1685,1709835913.005061,1709835913.0050676
1686,1709835913.1059427,1709835913.1059465
1687,1709835913.2044227,1709835913.204429
1688,1709835913.3045979,1709835913.3046038
1689,1709835913.4017236,1709835913.40173
1690,1709835913.5043314,1709835913.504337
1691,1709835913.6023579,1709835913.6023653
1692,1709835913.7099948,1709835913.7151206
1693,1709835913.8003755,1709835913.8049614
1694,1709835913.900695,1709835913.9049575
1695,1709835914.0108626,1709835914.0150409
1696,1709835914.0982165,1709835914.1021552
1697,1709835914.2027209,1709835914.2064066
1698,1709835914.3006804,1709835914.3047628
1699,1709835914.3984535,1709835914.4027216
1700,1709835914.5076845,1709835914.51037
1701,1709835914.604507,1709835914.6086428
1702,1709835914.707057,1709835914.7109473
1703,1709835914.8034256,1709835914.8078084
1704,1709835914.898292,1709835914.9022512
1705,1709835915.0033703,1709835915.0072443
1706,1709835915.1040993,1709835915.1099064
1707,1709835915.1993408,1709835915.2059972
1708,1709835915.3021905,1709835915.3066099
1709,1709835915.403004,1709835915.4075882
1710,1709835915.4983263,1709835915.5026524
1711,1709835915.6016004,1709835915.605574
1712,1709835915.7050838,1709835915.7093842
1713,1709835915.8034847,1709835915.8079352
1714,1709835915.9019597,1709835915.906072
1715,1709835916.0017393,1709835916.0061312
1716,1709835916.1015687,1709835916.10643
1717,1709835916.206549,1709835916.2109706
1718,1709835916.3021185,1709835916.3061662
1719,1709835916.408875,1709835916.4130127
1720,1709835916.4980547,1709835916.5016894
1721,1709835916.600209,1709835916.6047232
1722,1709835916.6971352,1709835916.7006972
1723,1709835916.8033726,1709835916.8075676
1724,1709835916.9120927,1709835916.9162898
1725,1709835917.0027437,1709835917.00726
1726,1709835917.1083715,1709835917.113341
1727,1709835917.2024727,1709835917.2060506
1728,1709835917.3049953,1709835917.307439
1729,1709835917.4014893,1709835917.4058747
1730,1709835917.5000362,1709835917.5044785
1731,1709835917.5988696,1709835917.602929
1732,1709835917.701236,1709835917.7052546
1733,1709835917.8129315,1709835917.8165677
1734,1709835917.9058087,1709835917.9094129
1735,1709835918.0031235,1709835918.0073602
1736,1709835918.106241,1709835918.1101544
1737,1709835918.2092047,1709835918.2134466
1738,1709835918.2971048,1709835918.3054044
1739,1709835918.3989341,1709835918.4056916
1740,1709835918.4972703,1709835918.5007155
1741,1709835918.6009994,1709835918.6046185
1742,1709835918.706629,1709835918.7116504
1743,1709835918.8062596,1709835918.8115401
1744,1709835918.8992016,1709835918.9055555
1745,1709835918.9987504,1709835919.0049894
1746,1709835919.1092913,1709835919.115658
1747,1709835919.2046518,1709835919.2091775
1748,1709835919.3049173,1709835919.3092265
1749,1709835919.4002109,1709835919.4053814
1750,1709835919.5030215,1709835919.5070384
1751,1709835919.6025376,1709835919.6058023
1752,1709835919.7018409,1709835919.7113156
1753,1709835919.7983015,1709835919.8057134
1754,1709835919.904981,1709835919.9089894
1755,1709835919.998707,1709835920.003208
1756,1709835920.103423,1709835920.1068091
1757,1709835920.205787,1709835920.2098124
1758,1709835920.29909,1709835920.3083167
1759,1709835920.3993847,1709835920.4035485
1760,1709835920.5053136,1709835920.5087905
1761,1709835920.6032157,1709835920.607383
1762,1709835920.7041445,1709835920.7094407
1763,1709835920.8036265,1709835920.807627
1764,1709835920.9052076,1709835920.9119186
1765,1709835921.0057502,1709835921.0090199
1766,1709835921.1027837,1709835921.1061547
1767,1709835921.2001374,1709835921.20356
1768,1709835921.29727,1709835921.3003068
1769,1709835921.405219,1709835921.4089053
1770,1709835921.5071595,1709835921.5094523
1771,1709835921.5981107,1709835921.6012661
1772,1709835921.7025216,1709835921.7057512
1773,1709835921.8041978,1709835921.8078349
1774,1709835921.8972764,1709835921.9015906
1775,1709835922.0101314,1709835922.0131223
1776,1709835922.1033187,1709835922.1073797
1777,1709835922.197898,1709835922.2020354
1778,1709835922.3038065,1709835922.3087556
1779,1709835922.404038,1709835922.410246
1780,1709835922.5035815,1709835922.507558
1781,1709835922.603939,1709835922.6079047
1782,1709835922.7030423,1709835922.7076366
1783,1709835922.8004985,1709835922.8045452
1784,1709835922.9045737,1709835922.908554
1785,1709835922.9992988,1709835923.004772
1786,1709835923.1002076,1709835923.1039886
1787,1709835923.2024822,1709835923.206306
1788,1709835923.30169,1709835923.3053517
1789,1709835923.4064286,1709835923.41046
1790,1709835923.5058165,1709835923.5094755
1791,1709835923.606148,1709835923.6100042
1792,1709835923.7030132,1709835923.7065287
1793,1709835923.7993295,1709835923.8034105
1794,1709835923.8987336,1709835923.9030704
1795,1709835923.9983013,1709835924.002529
1796,1709835924.0999322,1709835924.1054273
1797,1709835924.2078292,1709835924.2118955
1798,1709835924.318275,1709835924.322747
1799,1709835924.408367,1709835924.4127073
1800,1709835924.514265,1709835924.5177011
1801,1709835924.6040502,1709835924.6087568
1802,1709835924.7103355,1709835924.7142234
1803,1709835924.8081088,1709835924.8116262
1804,1709835924.9067266,1709835924.9117794
1805,1709835925.0057707,1709835925.009533
1806,1709835925.1035035,1709835925.108089
1807,1709835925.2056196,1709835925.2095757
1808,1709835925.305394,1709835925.3114874
1809,1709835925.4065115,1709835925.4106216
1810,1709835925.5070457,1709835925.5105655
1811,1709835925.6037755,1709835925.6080515
1812,1709835925.7176013,1709835925.721387
1813,1709835925.8072708,1709835925.8114395
1814,1709835925.9008596,1709835925.9051416
1815,1709835926.0032985,1709835926.0070667
1816,1709835926.1049936,1709835926.1084905
1817,1709835926.2039075,1709835926.2076728
1818,1709835926.2988281,1709835926.302869
1819,1709835926.3981137,1709835926.4023483
1820,1709835926.5059135,1709835926.509464
1821,1709835926.6092768,1709835926.6129363
1822,1709835926.712624,1709835926.7164447
1823,1709835926.8140063,1709835926.8181548
1824,1709835926.9122643,1709835926.9160602
1825,1709835927.011688,1709835927.0154042
1826,1709835927.105674,1709835927.1098182
1827,1709835927.206147,1709835927.2103655
1828,1709835927.307108,1709835927.3147423
1829,1709835927.4070234,1709835927.4113414
1830,1709835927.5044928,1709835927.5112374
1831,1709835927.609113,1709835927.6121256
1832,1709835927.7020156,1709835927.7063696
1833,1709835927.8094635,1709835927.8139184
1834,1709835927.9025834,1709835927.906504
1835,1709835927.9999597,1709835928.0041785
1836,1709835928.1016092,1709835928.1056044
1837,1709835928.2012782,1709835928.2068887
1838,1709835928.3074324,1709835928.3115425
1839,1709835928.4127865,1709835928.4169106
1840,1709835928.5120258,1709835928.516381
1841,1709835928.605218,1709835928.6092756
1842,1709835928.7117002,1709835928.7155867
1843,1709835928.8049242,1709835928.809139
1844,1709835928.901087,1709835928.9050865
1845,1709835929.0078785,1709835929.0120022
1846,1709835929.1002078,1709835929.1041644
1847,1709835929.1989517,1709835929.2030995
1848,1709835929.7211733,1709835929.7211838
1849,1709835929.7311032,1709835929.7311099
1850,1709835929.8148866,1709835929.8148947
1851,1709835929.9060528,1709835929.9060602
1852,1709835930.0096157,1709835930.009621
1853,1709835930.1046226,1709835930.1046298
1854,1709835930.206848,1709835930.2068539
1855,1709835930.3067286,1709835930.3067348
1856,1709835930.402183,1709835930.4021888
1857,1709835930.5020754,1709835930.502082
1858,1709835930.5983973,1709835930.5984044
1859,1709835930.7033882,1709835930.703395
1860,1709835930.8016264,1709835930.8016324
1861,1709835930.898533,1709835930.8985388
1862,1709835930.9957948,1709835930.9958005
1863,1709835931.1048112,1709835931.104817
1864,1709835931.2031834,1709835931.2031891
1865,1709835931.297208,1709835931.2972147
1866,1709835931.4023778,1709835931.4023836
1867,1709835931.498795,1709835931.4988008
1868,1709835931.600942,1709835931.6009476
1869,1709835931.7009854,1709835931.7009923
1870,1709835931.8013299,1709835931.8013358
1871,1709835931.9007368,1709835931.9007423
1872,1709835932.0043895,1709835932.0043943
1873,1709835932.100396,1709835932.1004026
1874,1709835932.200437,1709835932.2004437
1875,1709835932.2997203,1709835932.2997262
1876,1709835932.4019666,1709835932.4019723
1877,1709835932.505316,1709835932.505322
1878,1709835932.6020904,1709835932.6020942
1879,1709835932.714265,1709835932.714272
1880,1709835932.800352,1709835932.8003592
1881,1709835932.9010649,1709835932.90107
1882,1709835933.0003366,1709835933.000343
1883,1709835933.103577,1709835933.1035829
1884,1709835933.198213,1709835933.19822
1885,1709835933.3060129,1709835933.306017
1886,1709835933.3993437,1709835933.39935
1887,1709835933.5012624,1709835933.5012684
1888,1709835933.5995588,1709835933.5995667
1889,1709835933.6979053,1709835933.697913
1890,1709835933.8048487,1709835933.8048532
1891,1709835933.9057896,1709835933.9057956
1892,1709835934.0057886,1709835934.0057952
1893,1709835934.108469,1709835934.1084754
1894,1709835934.200696,1709835934.2007024
1895,1709835934.3033054,1709835934.303311
1896,1709835934.3998153,1709835934.399821
1897,1709835934.497233,1709835934.4972389
1898,1709835934.6160433,1709835934.6160493
1899,1709835934.701414,1709835934.7014198
1900,1709835934.8024635,1709835934.8024697
1901,1709835934.9000976,1709835934.9001029
1902,1709835935.008348,1709835935.0083542
1903,1709835935.1061509,1709835935.1061573
1904,1709835935.2164352,1709835935.216441
1905,1709835935.3052533,1709835935.30526
1906,1709835935.404097,1709835935.4041028
1907,1709835935.5127883,1709835935.5127926
1908,1709835935.5993767,1709835935.599383
1909,1709835935.7014985,1709835935.7015047
1910,1709835935.808716,1709835935.8145971
1911,1709835935.9084299,1709835935.911885
1912,1709835935.998793,1709835936.0039055
1913,1709835936.1003098,1709835936.1043835
1914,1709835936.2035916,1709835936.2102025
1915,1709835936.3014295,1709835936.3058596
1916,1709835936.3969705,1709835936.4018035
1917,1709835936.4965632,1709835936.501143
1918,1709835936.6057143,1709835936.6088045
1919,1709835936.6998034,1709835936.705003
1920,1709835936.806074,1709835936.811046
1921,1709835936.9064257,1709835936.9110558
1922,1709835937.0047364,1709835937.009252
1923,1709835937.1043599,1709835937.1085038
1924,1709835937.1974947,1709835937.2010334
1925,1709835937.303545,1709835937.308012
1926,1709835937.4076087,1709835937.4109383
1927,1709835937.506895,1709835937.5120878
1928,1709835937.6096141,1709835937.6133022
1929,1709835937.7071426,1709835937.711329
1930,1709835937.8009624,1709835937.8058162
1931,1709835937.900585,1709835937.9057796
1932,1709835938.0055773,1709835938.0098937
1933,1709835938.1044638,1709835938.1089861
1934,1709835938.2001755,1709835938.2068534
1935,1709835938.3014472,1709835938.305914
1936,1709835938.4071846,1709835938.4116006
1937,1709835938.504682,1709835938.5087075
1938,1709835938.5981076,1709835938.6037772
1939,1709835938.7035449,1709835938.7075784
1940,1709835938.7995455,1709835938.8048382
1941,1709835938.8978698,1709835938.9021668
1942,1709835939.0054567,1709835939.0090303
1943,1709835939.097979,1709835939.102387
1944,1709835939.195938,1709835939.2005541
1945,1709835939.3035972,1709835939.3074832
1946,1709835939.4067721,1709835939.411157
1947,1709835939.4996185,1709835939.503799
1948,1709835939.6025949,1709835939.606768
1949,1709835939.6991847,1709835939.7037623
1950,1709835939.8031802,1709835939.807051
1951,1709835939.911585,1709835939.9156528
1952,1709835940.0104892,1709835940.0147758
1953,1709835940.1033924,1709835940.1071122
1954,1709835940.1998692,1709835940.2050889
1955,1709835940.3002346,1709835940.3046408
1956,1709835940.4057994,1709835940.4107392
1957,1709835940.499829,1709835940.5039954
1958,1709835940.5979884,1709835940.6018872
1959,1709835940.704411,1709835940.7122738
1960,1709835940.8000534,1709835940.8052943
1961,1709835940.9018073,1709835940.9057577
1962,1709835941.000575,1709835941.0050795
1963,1709835941.1040976,1709835941.108255
1964,1709835941.2037694,1709835941.2072437
1965,1709835941.3007524,1709835941.304413
1966,1709835941.406576,1709835941.4102767
1967,1709835941.502177,1709835941.506331
1968,1709835941.6009283,1709835941.6053355
1969,1709835941.703345,1709835941.706657
1970,1709835941.806759,1709835941.8110561
1971,1709835941.8989902,1709835941.9037888
1972,1709835942.0030806,1709835942.006808
1973,1709835942.102866,1709835942.1076193
1974,1709835942.2042441,1709835942.207127
1975,1709835942.303142,1709835942.3112998
1976,1709835942.402848,1709835942.406767
1977,1709835942.497043,1709835942.5013425
1978,1709835942.6014261,1709835942.6054096
1979,1709835942.704912,1709835942.709131
1980,1709835942.7996047,1709835942.803635
1981,1709835942.901115,1709835942.9051802
1982,1709835943.004484,1709835943.0075364
1983,1709835943.0987718,1709835943.1062176
1984,1709835943.1991014,1709835943.203129
1985,1709835943.3053107,1709835943.3091352
1986,1709835943.3989959,1709835943.4039435
1987,1709835943.501864,1709835943.505843
1988,1709835943.6027558,1709835943.606728
1989,1709835943.6975417,1709835943.7016287
1990,1709835943.7990716,1709835943.8033352
1991,1709835943.90115,1709835943.9057786
1992,1709835943.9981592,1709835944.0020728
1993,1709835944.1078532,1709835944.1128712
1994,1709835944.200135,1709835944.2039435
1995,1709835944.3040516,1709835944.307439
1996,1709835944.4058344,1709835944.4091656
1997,1709835944.5022395,1709835944.5056677
1998,1709835944.6047065,1709835944.6079965
1999,1709835944.6990705,1709835944.7034483
2000,1709835944.801111,1709835944.8049994
2001,1709835944.9169385,1709835944.9204347
2002,1709835945.005021,1709835945.0086021
2003,1709835945.1020389,1709835945.1055844
2004,1709835945.211208,1709835945.2154207
2005,1709835945.3009331,1709835945.305113
2006,1709835945.3981104,1709835945.4028614
2007,1709835945.4990282,1709835945.5040936
2008,1709835945.5993493,1709835945.6041362
2009,1709835945.7113402,1709835945.7153375
2010,1709835945.8042483,1709835945.8082552
2011,1709835945.907219,1709835945.911087
2012,1709835946.0044014,1709835946.0083582
2013,1709835946.1058595,1709835946.1094782
2014,1709835946.2021818,1709835946.207778
2015,1709835946.3036096,1709835946.307641
2016,1709835946.4011376,1709835946.4056942
2017,1709835946.5066252,1709835946.511193
2018,1709835946.6068127,1709835946.6100364
2019,1709835946.707828,1709835946.7122002
2020,1709835946.8087199,1709835946.8130093
2021,1709835946.8989575,1709835946.9042368
2022,1709835946.9967341,1709835946.9998686
2023,1709835947.1045258,1709835947.1072612
2024,1709835947.2014217,1709835947.2051997
2025,1709835947.307037,1709835947.311216
2026,1709835947.4132173,1709835947.41708
2027,1709835947.5012016,1709835947.5053189
2028,1709835947.5985892,1709835947.6025944
2029,1709835947.7036018,1709835947.7084725
2030,1709835947.8024435,1709835947.807692
2031,1709835947.9166784,1709835947.9210193
2032,1709835948.0046208,1709835948.0118387
2033,1709835948.1045606,1709835948.1095996
2034,1709835948.2129323,1709835948.2180917
2035,1709835948.3183038,1709835948.3312378
2036,1709835948.3985388,1709835948.405006
2037,1709835948.507958,1709835948.513014
2038,1709835948.6039925,1709835948.6078205
2039,1709835948.7023764,1709835948.705987
2040,1709835948.8065944,1709835948.8105114
2041,1709835948.9031203,1709835948.9103682
2042,1709835948.995782,1709835949.0002322
2043,1709835949.1014798,1709835949.1056557
2044,1709835949.200354,1709835949.2049785
2045,1709835949.3070936,1709835949.3111107
2046,1709835949.4062777,1709835949.4102976
2047,1709835949.5034611,1709835949.5070515
2048,1709835949.5989132,1709835949.6022046
2049,1709835949.7034369,1709835949.7065663
2050,1709835949.8100362,1709835949.8139682
2051,1709835949.898619,1709835949.902472
2052,1709835949.9975693,1709835950.0012498
2053,1709835950.101793,1709835950.1067781
2054,1709835950.2016382,1709835950.2067156
2055,1709835950.3162453,1709835950.323843
2056,1709835950.4003158,1709835950.4046443
2057,1709835950.4966638,1709835950.4998007
2058,1709835950.6022706,1709835950.6071246
2059,1709835950.704706,1709835950.7098763
2060,1709835950.8055744,1709835950.8097143
2061,1709835950.9010305,1709835950.9053438
2062,1709835950.9990695,1709835951.005784
2063,1709835951.098779,1709835951.1027842
2064,1709835951.2073822,1709835951.2117934
2065,1709835951.304613,1709835951.3099222
2066,1709835951.4003177,1709835951.405348
2067,1709835951.501667,1709835951.5084474
2068,1709835951.6089215,1709835951.6137238
2069,1709835951.702287,1709835951.7085648
2070,1709835951.7993999,1709835951.8042614
2071,1709835951.9043386,1709835951.9084158
2072,1709835952.000108,1709835952.0039115
2073,1709835952.0979934,1709835952.1016636
2074,1709835952.210054,1709835952.2138839
2075,1709835952.300475,1709835952.3042758
2076,1709835952.4050725,1709835952.4093904
2077,1709835952.5010526,1709835952.5049214
2078,1709835952.6019905,1709835952.605567
2079,1709835952.7031908,1709835952.708149
2080,1709835952.8013024,1709835952.805547
2081,1709835952.9054003,1709835952.9107437
2082,1709835952.9997978,1709835953.003576
2083,1709835953.101631,1709835953.1060233
2084,1709835953.2081172,1709835953.2114995
2085,1709835953.2969403,1709835953.3002748
2086,1709835953.400797,1709835953.4044552
2087,1709835953.5088167,1709835953.5131314
2088,1709835953.6033294,1709835953.606303
2089,1709835953.7064674,1709835953.7112637
2090,1709835953.7985377,1709835953.8018522
2091,1709835953.9003644,1709835953.905091
2092,1709835953.998891,1709835954.0038471
2093,1709835954.0983934,1709835954.1029954
2094,1709835954.2019358,1709835954.2057264
2095,1709835954.3049989,1709835954.3085608
2096,1709835954.4000733,1709835954.4058328
2097,1709835954.4969914,1709835954.5006287
2098,1709835954.6012187,1709835954.6052592
2099,1709835954.6992035,1709835954.7040184
2100,1709835954.8005342,1709835954.8056068
2101,1709835954.9024916,1709835954.9061124
2102,1709835955.0055866,1709835955.009253
2103,1709835955.1046047,1709835955.1085074
2104,1709835955.2039506,1709835955.207587
2105,1709835955.298297,1709835955.3020425
2106,1709835955.4041176,1709835955.40802
2107,1709835955.501597,1709835955.5052922
2108,1709835955.5974324,1709835955.6014717
2109,1709835955.702342,1709835955.7060971
2110,1709835955.7987692,1709835955.8031483
2111,1709835955.9130654,1709835955.9170232
2112,1709835956.000888,1709835956.0060408
2113,1709835956.0986347,1709835956.104384
2114,1709835956.197905,1709835956.2030404
2115,1709835956.3006704,1709835956.304433
2116,1709835956.405106,1709835956.4094164
2117,1709835956.5031264,1709835956.5069385
2118,1709835956.605338,1709835956.609086
2119,1709835956.7087464,1709835956.7121587
2120,1709835956.8132362,1709835956.8247688
2121,1709835956.8969197,1709835956.9007237
2122,1709835957.0105054,1709835957.014062
2123,1709835957.1088858,1709835957.1127899
2124,1709835957.1979387,1709835957.2028322
2125,1709835957.296944,1709835957.3028967
2126,1709835957.3998413,1709835957.4036443
2127,1709835957.4992337,1709835957.5031028
2128,1709835957.6028478,1709835957.606328
2129,1709835957.7034447,1709835957.7070162
2130,1709835957.804636,1709835957.8106134
2131,1709835957.9039683,1709835957.9075136
2132,1709835958.010977,1709835958.0147412
2133,1709835958.101165,1709835958.104827
2134,1709835958.2025552,1709835958.206221
2135,1709835958.2981234,1709835958.3024387
2136,1709835958.3986166,1709835958.4029274
2137,1709835958.4989228,1709835958.504557
2138,1709835958.601148,1709835958.6061869
2139,1709835958.7022164,1709835958.70541
2140,1709835958.7989073,1709835958.802545
2141,1709835958.9042509,1709835958.9082582
2142,1709835959.0006776,1709835959.004444
2143,1709835959.0992975,1709835959.103016
2144,1709835959.201162,1709835959.2036574
2145,1709835959.2982006,1709835959.301193
2146,1709835959.4023173,1709835959.4065385
2147,1709835959.5034053,1709835959.5071309
2148,1709835959.5996444,1709835959.6032372
2149,1709835959.7047696,1709835959.70881
2150,1709835959.8092725,1709835959.8134267
2151,1709835959.902151,1709835959.90565
2152,1709835960.0019665,1709835960.0019717
2153,1709835960.1037505,1709835960.1037557
2154,1709835960.2035232,1709835960.2035284
2155,1709835960.2992687,1709835960.2992747
2156,1709835960.4034426,1709835960.4034488
2157,1709835960.4998362,1709835960.4998422
2158,1709835960.6028132,1709835960.6028194
2159,1709835960.7003121,1709835960.700318
2160,1709835960.7987025,1709835960.7987077
2161,1709835960.9029102,1709835960.9029164
2162,1709835961.007321,1709835961.0073266
2163,1709835961.1020892,1709835961.1020954
2164,1709835961.2014136,1709835961.2014196
2165,1709835961.3011184,1709835961.3011243
2166,1709835961.4035017,1709835961.4035082
2167,1709835961.4995766,1709835961.4995828
2168,1709835961.6054313,1709835961.605436
2169,1709835961.7010946,1709835961.7011013
2170,1709835961.8057258,1709835961.8057346
2171,1709835961.9005556,1709835961.9005613
2172,1709835961.9992895,1709835961.999293
2173,1709835962.1121686,1709835962.112173
2174,1709835962.2020023,1709835962.2020094
2175,1709835962.305188,1709835962.3051963
2176,1709835962.3998373,1709835962.3998425
2177,1709835962.4994106,1709835962.4994168
2178,1709835962.6033475,1709835962.6033535
2179,1709835962.7010407,1709835962.7010458
2180,1709835962.8003783,1709835962.8003821
2181,1709835962.9067793,1709835962.9067872
2182,1709835963.0011804,1709835963.001185
2183,1709835963.095838,1709835963.0958438
2184,1709835963.2044284,1709835963.2044344
2185,1709835963.2978737,1709835963.2978802
2186,1709835963.400536,1709835963.4005404
2187,1709835963.5004015,1709835963.5004067
2188,1709835963.59782,1709835963.5978265
2189,1709835963.69982,1709835963.6998262
2190,1709835963.8012016,1709835963.8012087
2191,1709835963.903263,1709835963.9032702
2192,1709835964.000281,1709835964.000288
2193,1709835964.0992095,1709835964.099216
2194,1709835964.2001991,1709835964.2002063
2195,1709835964.305752,1709835964.3057582
2196,1709835964.3986607,1709835964.398667
2197,1709835964.5022285,1709835964.5022347
2198,1709835964.6011696,1709835964.6011753
2199,1709835964.6985457,1709835964.6985507
2200,1709835964.8020716,1709835964.8020773
2201,1709835964.9037118,1709835964.9037173
2202,1709835964.999445,1709835964.9994493
2203,1709835965.1003237,1709835965.1003292
2204,1709835965.2009914,1709835965.2009969
2205,1709835965.2985072,1709835965.2985144
2206,1709835965.4006495,1709835965.4006555
2207,1709835965.500074,1709835965.5000796
2208,1709835965.5989318,1709835965.5989354
2209,1709835965.7031918,1709835965.7047787
2210,1709835965.8034215,1709835965.8034267
2211,1709835965.899744,1709835965.899751
2212,1709835966.0103164,1709835966.0103219
2213,1709835966.0982342,1709835966.0982409
2214,1709835966.2001925,1709835966.2001977
2215,1709835966.3015604,1709835966.3015652
2216,1709835966.3996394,1709835966.3996446
2217,1709835966.4970672,1709835966.4970725
2218,1709835966.5979676,1709835966.5979736
2219,1709835966.6999316,1709835966.699937
2220,1709835966.801597,1709835966.8016024
2221,1709835966.9031777,1709835966.9031832
2222,1709835967.0059144,1709835967.0059233
2223,1709835967.0978787,1709835967.0978847
2224,1709835967.1988144,1709835967.198818
2225,1709835967.2997854,1709835967.2997904
2226,1709835967.4100595,1709835967.410066
2227,1709835967.4986584,1709835967.4986646
2228,1709835967.5972214,1709835967.5972264
2229,1709835967.6998866,1709835967.6998928
2230,1709835967.803627,1709835967.803633
2231,1709835967.8977103,1709835967.8977163
2232,1709835967.9991043,1709835967.999111
2233,1709835968.1006272,1709835968.1006343
2234,1709835968.2014298,1709835968.2014346
2235,1709835968.2987845,1709835968.2987905
2236,1709835968.4055083,1709835968.4055154
2237,1709835968.4997876,1709835968.499796
2238,1709835968.6020834,1709835968.6020894
2239,1709835968.6986542,1709835968.6986601
2240,1709835968.7998,1709835968.7998054
2241,1709835968.900184,1709835968.9001894
2242,1709835968.999456,1709835968.9994597
2243,1709835969.0989165,1709835969.0989215
2244,1709835969.2017145,1709835969.2017202
2245,1709835969.303619,1709835969.3036258
2246,1709835969.3993485,1709835969.3993542
2247,1709835969.5045736,1709835969.5045795
2248,1709835969.6023598,1709835969.6023667
2249,1709835969.706353,1709835969.7063582
2250,1709835969.800759,1709835969.800766
2251,1709835969.910462,1709835969.910465
2252,1709835970.0140991,1709835970.0141044
2253,1709835970.1084073,1709835970.108413
2254,1709835970.2074726,1709835970.2074788
2255,1709835970.3058684,1709835970.3058736
2256,1709835970.401663,1709835970.401669
2257,1709835970.5058584,1709835970.5058656
2258,1709835970.5993469,1709835970.5993524
2259,1709835970.7095296,1709835970.7095363
2260,1709835970.801741,1709835970.8017488
2261,1709835970.906049,1709835970.9060543
2262,1709835970.9992125,1709835970.9992182
2263,1709835971.1087306,1709835971.1087365
2264,1709835971.203836,1709835971.2038422
2265,1709835971.3056,1709835971.3056066
2266,1709835971.4050422,1709835971.4050462
2267,1709835971.502274,1709835971.5022821
2268,1709835971.6071434,1709835971.6071494
2269,1709835971.7018788,1709835971.701887
2270,1709835971.8044496,1709835971.8044565
2271,1709835971.9017794,1709835971.9017854
2272,1709835971.996247,1709835971.9962513
2273,1709835972.1028268,1709835972.1028364
2274,1709835972.2041283,1709835972.2041328
2275,1709835972.2962544,1709835972.2962594
2276,1709835972.4060528,1709835972.4060564
2277,1709835972.5038166,1709835972.5038223
2278,1709835972.6076612,1709835972.6076677
2279,1709835972.7094176,1709835972.7094228
2280,1709835972.8045404,1709835972.8045464
2281,1709835972.906905,1709835972.9069097
2282,1709835973.0148122,1709835973.0148187
2283,1709835973.1059408,1709835973.1059463
2284,1709835973.2049508,1709835973.2049556
2285,1709835973.3028808,1709835973.30289
2286,1709835973.4014313,1709835973.401439
2287,1709835973.5011816,1709835973.5011876
2288,1709835973.6036568,1709835973.6036603
2289,1709835973.7055423,1709835973.7055476
2290,1709835973.804041,1709835973.804047
2291,1709835973.9108477,1709835973.9108527
2292,1709835973.9967387,1709835973.9967444
2293,1709835974.1064441,1709835974.1064496
2294,1709835974.2018085,1709835974.2018151
2295,1709835974.3050046,1709835974.30501
2296,1709835974.4112628,1709835974.411267
2297,1709835974.5036004,1709835974.5036092
2298,1709835974.6036541,1709835974.6036613
2299,1709835974.7032497,1709835974.7032585
2300,1709835974.8017406,1709835974.8017452
2301,1709835974.90248,1709835974.9024842
2302,1709835975.0088677,1709835975.0088735
2303,1709835975.1049383,1709835975.1049445
2304,1709835975.2020311,1709835975.2020376
2305,1709835975.3027139,1709835975.302717
2306,1709835975.3996673,1709835975.399675
2307,1709835975.4986143,1709835975.4986184
2308,1709835975.5961928,1709835975.5961967
2309,1709835975.701233,1709835975.7012382
2310,1709835975.7978632,1709835975.7978692
2311,1709835975.901898,1709835975.9019039
2312,1709835976.0068777,1709835976.0068827
2313,1709835976.1024046,1709835976.1024084
2314,1709835976.2035556,1709835976.2035606
2315,1709835976.310771,1709835976.3107746
2316,1709835976.4111621,1709835976.4111683
2317,1709835976.5069647,1709835976.5069706
2318,1709835976.603655,1709835976.60366
2319,1709835976.6971567,1709835976.697163
2320,1709835976.8077226,1709835976.8077266
2321,1709835976.913968,1709835976.913974
2322,1709835977.0039022,1709835977.0039082
2323,1709835977.1159863,1709835977.1159923
2324,1709835977.2008128,1709835977.2008195
2325,1709835977.3087406,1709835977.3087468
2326,1709835977.4097772,1709835977.4097822
2327,1709835977.5026267,1709835977.502632
2328,1709835977.6065807,1709835977.6065874
2329,1709835977.7137206,1709835977.713728
2330,1709835977.8060584,1709835977.8060634
2331,1709835977.9101377,1709835977.9101417
2332,1709835978.0040505,1709835978.004058
2333,1709835978.111729,1709835978.111739
2334,1709835978.208403,1709835978.2084093
2335,1709835978.3176346,1709835978.3176403
2336,1709835978.409233,1709835978.4092426
2337,1709835978.5069246,1709835978.5069306
2338,1709835978.619199,1709835978.6192043
2339,1709835978.7035244,1709835978.7035298
2340,1709835978.812827,1709835978.8128364
2341,1709835978.9164367,1709835978.9164436
2342,1709835979.002219,1709835979.0022237
2343,1709835979.1044245,1709835979.1044304
2344,1709835979.200348,1709835979.200354
2345,1709835979.300423,1709835979.3004293
2346,1709835979.4071693,1709835979.407175
2347,1709835979.5080092,1709835979.5080156
2348,1709835979.608867,1709835979.6088727
2349,1709835979.735719,1709835979.7357264
2350,1709835979.8106678,1709835979.8106744
2351,1709835979.9056432,1709835979.9056501
2352,1709835980.005756,1709835980.005762
2353,1709835980.1169448,1709835980.11695
2354,1709835980.2121785,1709835980.2121851
2355,1709835980.3083425,1709835980.3083496
2356,1709835980.4108987,1709835980.4109066
2357,1709835980.5019026,1709835980.501909
2358,1709835980.6118808,1709835980.611888
2359,1709835980.7050009,1709835980.7050066
2360,1709835980.8170424,1709835980.8170478
2361,1709835980.9092195,1709835980.9092267
2362,1709835981.0025575,1709835981.002564
2363,1709835981.1142297,1709835981.114237
2364,1709835981.2050493,1709835981.205056
2365,1709835981.300099,1709835981.3001046
2366,1709835981.4033058,1709835981.4033113
2367,1709835981.5091116,1709835981.5091174
2368,1709835981.5979414,1709835981.5979457
2369,1709835981.6988785,1709835981.698884
2370,1709835981.801282,1709835981.8012884
2371,1709835981.9043112,1709835981.9043162
2372,1709835981.9990878,1709835981.9990923
2373,1709835982.0982702,1709835982.0982757
2374,1709835982.2036939,1709835982.203699
2375,1709835982.3088298,1709835982.308834
2376,1709835982.4044983,1709835982.404504
2377,1709835982.5045865,1709835982.504592
2378,1709835982.6193016,1709835982.6193097
2379,1709835982.718669,1709835982.7186735
2380,1709835982.8010373,1709835982.801043
2381,1709835982.899885,1709835982.8998883
2382,1709835983.001245,1709835983.0012493
2383,1709835983.1048205,1709835983.104826
2384,1709835983.2007673,1709835983.2007735
2385,1709835983.3128526,1709835983.3128593
2386,1709835983.4046297,1709835983.4046352
2387,1709835983.510301,1709835983.5103068
2388,1709835983.6067984,1709835983.6068041
2389,1709835983.6985848,1709835983.698591
2390,1709835983.8035402,1709835983.8035462
2391,1709835983.9044838,1709835983.9044871
2392,1709835984.0106127,1709835984.0106184
2393,1709835984.1176605,1709835984.1176689
2394,1709835984.2135503,1709835984.2135568
2395,1709835984.3084815,1709835984.3084908
2396,1709835984.4159486,1709835984.4159544
2397,1709835984.5013056,1709835984.5013118
2398,1709835984.6035426,1709835984.603548
2399,1709835984.6976058,1709835984.697612
2400,1709835984.8068554,1709835984.8068595
2401,1709835985.2941256,1709835985.2984192
2402,1709835985.3071518,1709835985.3114395
2403,1709835985.3217926,1709835985.3261654
2404,1709835985.4157667,1709835985.4192064
2405,1709835985.5126228,1709835985.5169587
2406,1709835985.6140482,1709835985.6185024
2407,1709835985.7064488,1709835985.7128377
2408,1709835985.8205466,1709835985.825815
2409,1709835985.9076412,1709835985.9119084
2410,1709835986.002874,1709835986.0103433
2411,1709835986.1104493,1709835986.1130333
2412,1709835986.2129283,1709835986.2164526
2413,1709835986.3071046,1709835986.3111975
2414,1709835986.4074147,1709835986.41089
2415,1709835986.5046027,1709835986.5084589
2416,1709835986.5991652,1709835986.601946
2417,1709835986.7124302,1709835986.7154102
2418,1709835986.806966,1709835986.810959
2419,1709835986.9134114,1709835986.9178076
2420,1709835987.009502,1709835987.013452
2421,1709835987.1152608,1709835987.1200514
2422,1709835987.2065277,1709835987.2110577
2423,1709835987.3151813,1709835987.3194547
2424,1709835987.4094524,1709835987.41629
2425,1709835987.5159178,1709835987.5205848
2426,1709835987.6109853,1709835987.6158285
2427,1709835987.7226357,1709835987.7304842
2428,1709835987.8118975,1709835987.8162217
2429,1709835987.9123268,1709835987.9167566
2430,1709835988.0174448,1709835988.0221965
2431,1709835988.1085715,1709835988.1128688
2432,1709835988.2075791,1709835988.2115746
2433,1709835988.3143716,1709835988.3178546
2434,1709835988.4057133,1709835988.4099107
2435,1709835988.5120192,1709835988.5159686
2436,1709835988.607029,1709835988.6119676
2437,1709835988.6978602,1709835988.7021704
2438,1709835988.807765,1709835988.8138366
2439,1709835988.9085455,1709835988.9133909
2440,1709835989.0046568,1709835989.0091665
2441,1709835989.096652,1709835989.1029236
2442,1709835989.1998363,1709835989.2070377
2443,1709835989.3011088,1709835989.3059886
2444,1709835989.4036787,1709835989.4099882
2445,1709835989.5081248,1709835989.5126185
2446,1709835989.605958,1709835989.6087613
2447,1709835989.6985126,1709835989.7030542
2448,1709835989.8038955,1709835989.809914
2449,1709835989.8972933,1709835989.9016807
2450,1709835989.999007,1709835990.0042863
2451,1709835990.1084476,1709835990.1131134
2452,1709835990.1979816,1709835990.204378
2453,1709835990.2996917,1709835990.3035207
2454,1709835990.408775,1709835990.4134088
2455,1709835990.500597,1709835990.5051064
2456,1709835990.5977314,1709835990.602402
2457,1709835990.7096565,1709835990.714264
2458,1709835990.8058276,1709835990.810261
2459,1709835990.901962,1709835990.9077497
2460,1709835991.0111034,1709835991.0170915
2461,1709835991.099809,1709835991.1039722
2462,1709835991.206952,1709835991.211356
2463,1709835991.3050654,1709835991.308852
2464,1709835991.4048584,1709835991.4087505
2465,1709835991.5084677,1709835991.5135117
2466,1709835991.6047187,1709835991.6090374
2467,1709835991.7151546,1709835991.7192855
2468,1709835991.8059437,1709835991.8101158
2469,1709835991.9124382,1709835991.9170523
2470,1709835992.006624,1709835992.0108058
2471,1709835992.109562,1709835992.1137185
2472,1709835992.2159016,1709835992.2206004
2473,1709835992.3045378,1709835992.3095715
2474,1709835992.409134,1709835992.4139946
2475,1709835992.5089943,1709835992.5166328
2476,1709835992.6103206,1709835992.6162074
2477,1709835992.7075825,1709835992.712204
2478,1709835992.8019817,1709835992.8066945
2479,1709835992.9009216,1709835992.9047256
2480,1709835993.000444,1709835993.00447
2481,1709835993.115364,1709835993.1153705
2482,1709835993.2012928,1709835993.2012975
2483,1709835993.3036604,1709835993.3036664
2484,1709835993.4087596,1709835993.408765
2485,1709835993.511862,1709835993.5118697
2486,1709835993.6026351,1709835993.6026394
2487,1709835993.7056053,1709835993.7056139
2488,1709835993.8036928,1709835993.8036997
2489,1709835993.9001946,1709835993.9002006
2490,1709835994.0042007,1709835994.004205
2491,1709835994.0968168,1709835994.0968227
2492,1709835994.210694,1709835994.2106993
2493,1709835994.3096583,1709835994.3096654
2494,1709835994.404828,1709835994.4048398
2495,1709835994.5082102,1709835994.508217
2496,1709835994.6060205,1709835994.606026
2497,1709835994.7044055,1709835994.7044122
2498,1709835994.8095424,1709835994.8095486
2499,1709835994.9026842,1709835994.9026897
2500,1709835995.0020547,1709835995.0020607
2501,1709835995.1040463,1709835995.1040528
2502,1709835995.210384,1709835995.2103899
2503,1709835995.3024282,1709835995.302434
2504,1709835995.4127078,1709835995.4127133
2505,1709835995.503749,1709835995.5037549
2506,1709835995.605327,1709835995.6053324
2507,1709835995.7014086,1709835995.7014148
2508,1709835995.80411,1709835995.8041153
2509,1709835995.9070313,1709835995.9070375
2510,1709835996.002984,1709835996.00299
2511,1709835996.1078162,1709835996.1078224
2512,1709835996.2032878,1709835996.203293
2513,1709835996.305119,1709835996.3051245
2514,1709835996.4151623,1709835996.415168
2515,1709835996.5028818,1709835996.5028877
2516,1709835996.6065028,1709835996.6065083
2517,1709835996.7042105,1709835996.7042155
2518,1709835996.8090453,1709835996.8090532
2519,1709835996.907028,1709835996.907035
2520,1709835997.0038445,1709835997.0038514
2521,1709835997.1025603,1709835997.1025653
2522,1709835997.2084908,1709835997.2084959
2523,1709835997.308355,1709835997.3083615
2524,1709835997.4036906,1709835997.403697
2525,1709835997.5096726,1709835997.5096788
2526,1709835997.5999486,1709835997.5999541
2527,1709835997.7016923,1709835997.7016993
2528,1709835997.7978806,1709835997.797887
2529,1709835997.9077418,1709835997.907747
2530,1709835998.004949,1709835998.0049555
2531,1709835998.0989032,1709835998.098909
2532,1709835998.1984797,1709835998.198486
2533,1709835998.3068988,1709835998.3069057
2534,1709835998.4019427,1709835998.4019494
2535,1709835998.5066736,1709835998.5066803
2536,1709835998.6036875,1709835998.603692
2537,1709835998.712689,1709835998.7126954
2538,1709835998.801438,1709835998.8014448
2539,1709835998.903604,1709835998.9036105
2540,1709835999.0135498,1709835999.0135543
2541,1709835999.1034513,1709835999.1034565
2542,1709835999.2130213,1709835999.2130272
2543,1709835999.3068244,1709835999.3068318
2544,1709835999.402623,1709835999.4026287
2545,1709835999.5007942,1709835999.5008004
2546,1709835999.6059604,1709835999.6059647
2547,1709835999.7117944,1709835999.7118042
2548,1709835999.8061988,1709835999.8062053
2549,1709835999.9044561,1709835999.9044619
2550,1709835999.998892,1709835999.9988983
2551,1709836000.101895,1709836000.1018991
2552,1709836000.2185495,1709836000.2185555
2553,1709836000.3043513,1709836000.3043575
2554,1709836000.402745,1709836000.4027514
2555,1709836000.5033753,1709836000.503382
2556,1709836000.6013386,1709836000.6013427
2557,1709836000.704697,1709836000.7047033
2558,1709836000.8025224,1709836000.802528
2559,1709836000.911463,1709836000.9114723
2560,1709836001.0096498,1709836001.009657
2561,1709836001.0984097,1709836001.0984168
2562,1709836001.212808,1709836001.212814
2563,1709836001.301863,1709836001.3019078
2564,1709836001.4045103,1709836001.404516
2565,1709836001.5098147,1709836001.509821
2566,1709836001.59867,1709836001.598674
2567,1709836001.70685,1709836001.7068567
2568,1709836001.796603,1709836001.796609
2569,1709836001.8998303,1709836001.8998358
2570,1709836002.0010972,1709836002.0011032
2571,1709836002.1052852,1709836002.1052928
2572,1709836002.2119079,1709836002.2119143
2573,1709836002.3000088,1709836002.3000128
2574,1709836002.4027393,1709836002.4027472
2575,1709836002.4986103,1709836002.498616
2576,1709836002.605866,1709836002.6058729
2577,1709836002.6995378,1709836002.699542
2578,1709836002.7994947,1709836002.7994993
2579,1709836002.9035995,1709836002.9036064
2580,1709836003.0036047,1709836003.003612
2581,1709836003.10669,1709836003.1066966
2582,1709836003.202077,1709836003.2020817
2583,1709836003.3029025,1709836003.3029094
2584,1709836003.4062726,1709836003.4062796
2585,1709836003.5005994,1709836003.500605
2586,1709836003.6154609,1709836003.615467
2587,1709836003.6992276,1709836003.6992323
2588,1709836003.8074656,1709836003.8074758
2589,1709836003.911564,1709836003.911571
2590,1709836004.0070136,1709836004.0070183
2591,1709836004.1074154,1709836004.107422
2592,1709836004.2063463,1709836004.2063549
2593,1709836004.2995923,1709836004.2995968
2594,1709836004.403796,1709836004.4038026
2595,1709836004.5068378,1709836004.5068424
2596,1709836004.6152458,1709836004.6152525
2597,1709836004.7097611,1709836004.7097676
2598,1709836004.8060348,1709836004.8060417
2599,1709836004.898669,1709836004.8986747
2600,1709836004.999439,1709836004.999445
2601,1709836005.0983846,1709836005.0983915
2602,1709836005.1997588,1709836005.1997626
2603,1709836005.2999933,1709836005.299997
2604,1709836005.4034371,1709836005.4034445
2605,1709836005.497547,1709836005.4975536
2606,1709836005.5989802,1709836005.5989861
2607,1709836005.7074277,1709836005.707434
2608,1709836005.7975464,1709836005.7975523
2609,1709836005.9071517,1709836005.907158
2610,1709836006.0035257,1709836006.0035315
2611,1709836006.1034634,1709836006.1034694
2612,1709836006.1963181,1709836006.196324
2613,1709836006.3021789,1709836006.3021855
2614,1709836006.4035244,1709836006.4035306
2615,1709836006.5027356,1709836006.502743
2616,1709836006.602293,1709836006.6022997
2617,1709836006.7027023,1709836006.7027087
2618,1709836006.8007672,1709836006.8007734
2619,1709836006.8988075,1709836006.8988142
2620,1709836006.9994614,1709836006.9994688
2621,1709836007.1039846,1709836007.1039884
2622,1709836007.1973426,1709836007.1973488
2623,1709836007.3059022,1709836007.3059077
2624,1709836007.3998697,1709836007.3998766
2625,1709836007.4963925,1709836007.496397
2626,1709836007.604311,1709836007.604317
2627,1709836007.706677,1709836007.7066855
2628,1709836007.8014407,1709836007.8014474
2629,1709836007.9019158,1709836007.9019241
2630,1709836008.0058517,1709836008.005858
2631,1709836008.1034913,1709836008.1034975
2632,1709836008.2158117,1709836008.2158186
2633,1709836008.309893,1709836008.3098989
2634,1709836008.4096956,1709836008.4096997
2635,1709836008.501311,1709836008.5013187
2636,1709836008.6040525,1709836008.6040597
2637,1709836008.7035387,1709836008.7035444
2638,1709836008.8021443,1709836008.8021517
2639,1709836008.9007812,1709836008.9007869
2640,1709836009.0009542,1709836009.00096
2641,1709836009.1026406,1709836009.1026447
2642,1709836009.2035506,1709836009.2035537
2643,1709836009.3017538,1709836009.301761
2644,1709836009.4026515,1709836009.40266
2645,1709836009.4958665,1709836009.495872
2646,1709836009.6058505,1709836009.6058567
2647,1709836009.7115448,1709836009.7115507
2648,1709836009.811079,1709836009.8110845
2649,1709836009.9066257,1709836009.906632
2650,1709836010.0070522,1709836010.0070581
2651,1709836010.105848,1709836010.1058538
2652,1709836010.20308,1709836010.2030857
2653,1709836010.3022294,1709836010.3022354
2654,1709836010.4045627,1709836010.404569
2655,1709836010.509573,1709836010.5095794
2656,1709836010.6073265,1709836010.607333
2657,1709836010.704579,1709836010.7045853
2658,1709836010.8054018,1709836010.8054082
2659,1709836010.9051392,1709836010.905146
2660,1709836011.0073488,1709836011.0073552
2661,1709836011.1037543,1709836011.1038055
2662,1709836011.1980119,1709836011.1980805
2663,1709836011.3012629,1709836011.3013425
2664,1709836011.398961,1709836011.3990178
2665,1709836011.504045,1709836011.5041006
2666,1709836011.598715,1709836011.5988
2667,1709836011.7022681,1709836011.7023506
2668,1709836011.7973742,1709836011.797461
2669,1709836011.8985045,1709836011.898561
2670,1709836011.9998431,1709836011.99993
2671,1709836012.1053498,1709836012.1053977
2672,1709836012.2047472,1709836012.2047994
2673,1709836012.3050263,1709836012.3051064
2674,1709836012.3995235,1709836012.3995743
2675,1709836012.5029356,1709836012.5029924
2676,1709836012.5998437,1709836012.5998907
2677,1709836012.7020218,1709836012.7020712
2678,1709836012.800745,1709836012.800809
2679,1709836012.898652,1709836012.8986933
2680,1709836013.0037487,1709836013.0038154
2681,1709836013.10383,1709836013.1038802
2682,1709836013.2037995,1709836013.2038627
2683,1709836013.299725,1709836013.2998323
2684,1709836013.4022698,1709836013.4023101
2685,1709836013.4987743,1709836013.4988296
2686,1709836013.601941,1709836013.6019797
2687,1709836013.702746,1709836013.702791
2688,1709836013.7989588,1709836013.7989995
2689,1709836013.8959281,1709836013.8959794
2690,1709836013.9985907,1709836013.998637
2691,1709836014.1026478,1709836014.1027002
2692,1709836014.2050567,1709836014.2052155
2693,1709836014.2992783,1709836014.2993274
2694,1709836014.3996882,1709836014.3997421
2695,1709836014.5026095,1709836014.5026467
2696,1709836014.6011755,1709836014.601208
2697,1709836014.703448,1709836014.7034996
2698,1709836014.802675,1709836014.802713
2699,1709836014.8971493,1709836014.8972013
2700,1709836014.9982462,1709836014.998282
2701,1709836015.1059504,1709836015.1059892
2702,1709836015.2024634,1709836015.202505
2703,1709836015.3109672,1709836015.3111327
2704,1709836015.3969278,1709836015.3970144
2705,1709836015.5025654,1709836015.5026295
2706,1709836015.6020646,1709836015.6021135
2707,1709836015.699817,1709836015.699866
2708,1709836015.8011713,1709836015.8012218
2709,1709836015.900311,1709836015.900346
2710,1709836015.9976835,1709836015.9977255
2711,1709836016.102768,1709836016.1028311
2712,1709836016.2008038,1709836016.2008524
2713,1709836016.301324,1709836016.3013816
2714,1709836016.4008167,1709836016.4008656
2715,1709836016.5007334,1709836016.5007744
2716,1709836016.5981114,1709836016.5981598
2717,1709836016.7048552,1709836016.7049625
2718,1709836016.8006685,1709836016.8007221
2719,1709836016.9022539,1709836016.9022996
2720,1709836017.001869,1709836017.0019262
2721,1709836017.1022549,1709836017.1023085
2722,1709836017.2005424,1709836017.200578
2723,1709836017.304351,1709836017.3043559
2724,1709836017.4009407,1709836017.4009464
2725,1709836017.498706,1709836017.498712
2726,1709836017.6073287,1709836017.6073365
2727,1709836017.702447,1709836017.702453
2728,1709836017.8003592,1709836017.8003652
2729,1709836017.900863,1709836017.9008691
2730,1709836018.0059962,1709836018.0060031
2731,1709836018.0997436,1709836018.099751
2732,1709836018.1996894,1709836018.1996953
2733,1709836018.29778,1709836018.2977865
2734,1709836018.399996,1709836018.4000027
2735,1709836018.501886,1709836018.5018928
2736,1709836018.5983276,1709836018.598332
2737,1709836018.697713,1709836018.6977167
2738,1709836018.7979903,1709836018.7979982
2739,1709836018.8976235,1709836018.89763
2740,1709836019.000239,1709836019.0002453
2741,1709836019.1000319,1709836019.100037
2742,1709836019.2016032,1709836019.20161
2743,1709836019.3070927,1709836019.3123481
2744,1709836019.3986495,1709836019.4033241
2745,1709836019.5083292,1709836019.5129447
2746,1709836019.6057246,1709836019.6093895
2747,1709836019.7056644,1709836019.711089
2748,1709836019.8038533,1709836019.8104897
2749,1709836019.9008212,1709836019.9056914
2750,1709836020.0002708,1709836020.0136502
2751,1709836020.1159077,1709836020.12077
2752,1709836020.208817,1709836020.2133894
2753,1709836020.3057816,1709836020.3147197
2754,1709836020.4064841,1709836020.4144123
2755,1709836020.5081048,1709836020.5132782
2756,1709836020.606688,1709836020.6119692
2757,1709836020.7091997,1709836020.713647
2758,1709836020.7994795,1709836020.8054497
2759,1709836020.901722,1709836020.9074593
2760,1709836021.0032191,1709836021.0077875
2761,1709836021.1059961,1709836021.1100705
2762,1709836021.198681,1709836021.2037048
2763,1709836021.2999194,1709836021.3062446
2764,1709836021.3976698,1709836021.401359
2765,1709836021.4977772,1709836021.5040188
2766,1709836021.6073794,1709836021.6176302
2767,1709836021.7002332,1709836021.7057357
2768,1709836021.7957416,1709836021.8005407
2769,1709836021.8991592,1709836021.9038944
2770,1709836022.0063386,1709836022.0127761
2771,1709836022.1048737,1709836022.1097722
2772,1709836022.1987035,1709836022.206064
2773,1709836022.2998104,1709836022.3050082
2774,1709836022.3964088,1709836022.4018962
2775,1709836022.507236,1709836022.5120804
2776,1709836022.6021132,1709836022.6073663
2777,1709836022.7044787,1709836022.709331
2778,1709836022.7984564,1709836022.8032184
2779,1709836022.9013116,1709836022.9065552
2780,1709836022.9979844,1709836023.0029771
2781,1709836023.1017094,1709836023.1068487
2782,1709836023.200391,1709836023.208132
2783,1709836023.2982392,1709836023.3037977
2784,1709836023.4108822,1709836023.415094
2785,1709836023.5048504,1709836023.509701
2786,1709836023.603103,1709836023.6075296
2787,1709836023.701649,1709836023.706139
2788,1709836023.8058305,1709836023.8102806
2789,1709836023.8970218,1709836023.9010031
2790,1709836024.0013478,1709836024.0058675
2791,1709836024.099222,1709836024.1045105
2792,1709836024.1981897,1709836024.2022076
2793,1709836024.3029878,1709836024.3065188
2794,1709836024.3958285,1709836024.4002132
2795,1709836024.4983497,1709836024.5030699
2796,1709836024.6017025,1709836024.6077032
2797,1709836024.7060416,1709836024.7109082
2798,1709836024.8021767,1709836024.807083
2799,1709836024.9043314,1709836024.908844
2800,1709836024.9994192,1709836025.003655
2801,1709836025.106087,1709836025.1138535
2802,1709836025.2021692,1709836025.20636
2803,1709836025.3025188,1709836025.3071368
2804,1709836025.4022424,1709836025.4078608
2805,1709836025.4990249,1709836025.5036414
2806,1709836025.601105,1709836025.6053047
2807,1709836025.7024486,1709836025.7071564
2808,1709836025.8001196,1709836025.805628
2809,1709836025.90096,1709836025.9057715
2810,1709836026.0090952,1709836026.0131214
2811,1709836026.1064804,1709836026.1134496
2812,1709836026.2025018,1709836026.2064154
2813,1709836026.3092322,1709836026.3141148
2814,1709836026.4232955,1709836026.4267197
2815,1709836026.500674,1709836026.5053215
2816,1709836026.6035068,1709836026.6071246
2817,1709836026.6982403,1709836026.7024226
2818,1709836026.8017538,1709836026.8063743
2819,1709836026.8991807,1709836026.9037838
2820,1709836027.0086956,1709836027.0174818
2821,1709836027.1088097,1709836027.1152074
2822,1709836027.1996212,1709836027.203985
2823,1709836027.3028364,1709836027.308645
2824,1709836027.4038203,1709836027.406829
2825,1709836027.4983864,1709836027.5031934
2826,1709836027.6037579,1709836027.609025
2827,1709836027.700022,1709836027.7039344
2828,1709836027.8013492,1709836027.8056533
2829,1709836027.8988295,1709836027.9034877
2830,1709836028.0014753,1709836028.0063543
2831,1709836028.0985055,1709836028.1044695
2832,1709836028.2032266,1709836028.2069337
2833,1709836028.2987738,1709836028.302034
2834,1709836028.4048588,1709836028.4096084
2835,1709836028.5053475,1709836028.508166
2836,1709836028.6008222,1709836028.6043262
2837,1709836028.7009804,1709836028.7039735
2838,1709836028.8027265,1709836028.8071718
2839,1709836028.9001067,1709836028.9044702
2840,1709836029.0072143,1709836029.0125084
2841,1709836029.1018398,1709836029.1059546
2842,1709836029.1985216,1709836029.2023184
2843,1709836029.2996106,1709836029.3033357
2844,1709836029.4053943,1709836029.4091554
2845,1709836029.500663,1709836029.5042768
2846,1709836029.600805,1709836029.605369
2847,1709836029.699719,1709836029.7047887
2848,1709836029.800732,1709836029.805539
2849,1709836029.8995368,1709836029.9061747
2850,1709836030.0012686,1709836030.0053895
2851,1709836030.1025524,1709836030.1060584
2852,1709836030.2013443,1709836030.2059228
2853,1709836030.3023407,1709836030.306498
2854,1709836030.3995905,1709836030.4030886
2855,1709836030.5019953,1709836030.5057583
2856,1709836030.5975683,1709836030.6015952
2857,1709836030.696954,1709836030.702927
2858,1709836030.8014283,1709836030.8062627
2859,1709836030.9019327,1709836030.905956
2860,1709836031.0028381,1709836031.0072238
2861,1709836031.0980492,1709836031.101962
2862,1709836031.2002656,1709836031.2039957
2863,1709836031.3015213,1709836031.3056822
2864,1709836031.3976984,1709836031.4018452
2865,1709836031.5098052,1709836031.5148501
2866,1709836031.604275,1709836031.6093383
2867,1709836031.7022233,1709836031.7063167
2868,1709836031.8005586,1709836031.806699
2869,1709836031.9051762,1709836031.9103634
2870,1709836032.006939,1709836032.0127
2871,1709836032.0981312,1709836032.1027267
2872,1709836032.1980612,1709836032.20143
2873,1709836032.305862,1709836032.31204
2874,1709836032.4007595,1709836032.4055192
2875,1709836032.498422,1709836032.502482
2876,1709836032.6067016,1709836032.6142302
2877,1709836032.7025137,1709836032.7067301
2878,1709836032.7974038,1709836032.8019297
2879,1709836032.902587,1709836032.908963
2880,1709836032.9989321,1709836033.0036595
2881,1709836033.0981393,1709836033.1026177
2882,1709836033.2027817,1709836033.2076154
2883,1709836033.2982244,1709836033.302749
2884,1709836033.3978233,1709836033.4027016
2885,1709836033.5008774,1709836033.500883
2886,1709836033.601218,1709836033.6012266
2887,1709836033.7024617,1709836033.7024684
2888,1709836033.804309,1709836033.8043144
2889,1709836033.8986938,1709836033.8987002
2890,1709836034.002461,1709836034.0024672
2891,1709836034.1020195,1709836034.1020248
2892,1709836034.2012918,1709836034.2012978
2893,1709836034.3037152,1709836034.3037214
2894,1709836034.4046702,1709836034.404677
2895,1709836034.5011823,1709836034.5011885
2896,1709836034.6023214,1709836034.6023269
2897,1709836034.7037504,1709836034.7037559
2898,1709836034.798184,1709836034.7981906
2899,1709836034.9046097,1709836034.9046154
2900,1709836035.0074177,1709836035.0074263
2901,1709836035.0974808,1709836035.0974867
2902,1709836035.2005525,1709836035.2005596
2903,1709836035.2986138,1709836035.2986205
2904,1709836035.4052248,1709836035.4052317
2905,1709836035.5060747,1709836035.5060813
2906,1709836035.607108,1709836035.6071157
2907,1709836035.7020028,1709836035.7020097
2908,1709836035.8031642,1709836035.80317
2909,1709836035.9002466,1709836035.9002523
2910,1709836036.0024915,1709836036.0024972
2911,1709836036.1018865,1709836036.1018927
2912,1709836036.1993856,1709836036.1993916
2913,1709836036.3017685,1709836036.3017724
2914,1709836036.405229,1709836036.4052346
2915,1709836036.5015206,1709836036.5015268
2916,1709836036.6006696,1709836036.6006753
2917,1709836036.7043233,1709836036.70433
2918,1709836036.8018503,1709836036.8018558
2919,1709836036.9033945,1709836036.9034014
2920,1709836036.998809,1709836036.9988127
2921,1709836037.0989246,1709836037.0989313
2922,1709836037.2027602,1709836037.2027652
2923,1709836037.2999322,1709836037.2999363
2924,1709836037.4093068,1709836037.4093156
2925,1709836037.4996538,1709836037.4996593
2926,1709836037.6018481,1709836037.6018534
2927,1709836037.7031,1709836037.703107
2928,1709836037.7966006,1709836037.7966053
2929,1709836037.8994114,1709836037.8994172
2930,1709836037.9983513,1709836037.9983573
2931,1709836038.1042354,1709836038.1042428
2932,1709836038.2003717,1709836038.2003756
2933,1709836038.3028684,1709836038.302876
2934,1709836038.402715,1709836038.402722
2935,1709836038.5052254,1709836038.5052311
2936,1709836038.6038978,1709836038.6039035
2937,1709836038.6996927,1709836038.6996982
2938,1709836038.797537,1709836038.7975426
2939,1709836038.900954,1709836038.9009588
2940,1709836038.9996183,1709836038.9996226
2941,1709836039.1003003,1709836039.1003067
2942,1709836039.2004511,1709836039.2004576
2943,1709836039.3019028,1709836039.3019097
2944,1709836039.4046712,1709836039.4046774
2945,1709836039.5063362,1709836039.506342
2946,1709836039.60523,1709836039.6052341
2947,1709836039.7128494,1709836039.7128565
2948,1709836039.8040292,1709836039.8040361
2949,1709836039.9075294,1709836039.9075358
2950,1709836039.9985356,1709836039.9985406
2951,1709836040.1041496,1709836040.1041567
2952,1709836040.208354,1709836040.2083604
2953,1709836040.303344,1709836040.30335
2954,1709836040.402637,1709836040.4026425
2955,1709836040.5047603,1709836040.504771
2956,1709836040.606318,1709836040.6063242
2957,1709836040.7113004,1709836040.711306
2958,1709836040.8137379,1709836040.8137436
2959,1709836040.9044642,1709836040.9044704
2960,1709836040.9998536,1709836040.9998598
2961,1709836041.1029472,1709836041.1029525
2962,1709836041.2111008,1709836041.2111073
2963,1709836041.312327,1709836041.3123362
2964,1709836041.4036443,1709836041.4036589
2965,1709836041.5058289,1709836041.5058348
2966,1709836041.606327,1709836041.6063318
2967,1709836041.7069314,1709836041.706936
2968,1709836041.7999737,1709836041.7999787
2969,1709836041.9018254,1709836041.9018288
2970,1709836041.9998465,1709836041.999852
2971,1709836042.10617,1709836042.1061754
2972,1709836042.2082644,1709836042.2082708
2973,1709836042.303241,1709836042.303246
2974,1709836042.40348,1709836042.4034865
2975,1709836042.5030434,1709836042.5030506
2976,1709836042.6030219,1709836042.6030264
2977,1709836042.6987925,1709836042.6987982
2978,1709836042.8043714,1709836042.804377
2979,1709836042.90414,1709836042.904145
2980,1709836043.0120783,1709836043.0120847
2981,1709836043.099099,1709836043.099105
2982,1709836043.20382,1709836043.2038248
2983,1709836043.299918,1709836043.299923
2984,1709836043.4160814,1709836043.416089
2985,1709836043.500517,1709836043.500523
2986,1709836043.60978,1709836043.6097863
2987,1709836043.704015,1709836043.7040205
2988,1709836043.7996025,1709836043.7996082
2989,1709836043.9045591,1709836043.904566
2990,1709836044.004331,1709836044.0043383
2991,1709836044.1052065,1709836044.10521
2992,1709836044.205386,1709836044.2053914
2993,1709836044.3111637,1709836044.3111694
2994,1709836044.3983605,1709836044.398373
2995,1709836044.5061982,1709836044.5062022
2996,1709836044.600241,1709836044.6002874
2997,1709836044.7053845,1709836044.7053895
2998,1709836044.8075855,1709836044.8075912
2999,1709836044.903856,1709836044.903861
3000,1709836045.0153174,1709836045.0153244
3001,1709836045.1038826,1709836045.1038868
3002,1709836045.2116187,1709836045.211625
3003,1709836045.3081326,1709836045.3081386
3004,1709836045.4110146,1709836045.4110196
3005,1709836045.5054207,1709836045.5054271
3006,1709836045.6104357,1709836045.6104412
3007,1709836045.7028654,1709836045.7028708
3008,1709836045.802992,1709836045.8029995
3009,1709836045.9044495,1709836045.9044545
3010,1709836046.003647,1709836046.003652
3011,1709836046.1089344,1709836046.1089375
3012,1709836046.2096336,1709836046.2096388
3013,1709836046.3142178,1709836046.3142233
3014,1709836046.412832,1709836046.4128363
3015,1709836046.5054455,1709836046.5054512
3016,1709836046.6132853,1709836046.6132908
3017,1709836046.7051547,1709836046.70516
3018,1709836046.8011122,1709836046.8011186
3019,1709836046.9025002,1709836046.9025064
3020,1709836047.0009406,1709836047.0009449
3021,1709836047.1065428,1709836047.1065493
3022,1709836047.202801,1709836047.2028048
3023,1709836047.299687,1709836047.299693
3024,1709836047.402518,1709836047.4025223
3025,1709836047.50151,1709836047.501516
3026,1709836047.6077404,1709836047.6077464
3027,1709836047.701593,1709836047.7015965
3028,1709836047.8046522,1709836047.8046584
3029,1709836047.9045494,1709836047.904554
3030,1709836048.0023437,1709836048.0023494
3031,1709836048.1063414,1709836048.1063468
3032,1709836048.211207,1709836048.211213
3033,1709836048.3068159,1709836048.3068216
3034,1709836048.4040797,1709836048.404086
3035,1709836048.5107582,1709836048.5107646
3036,1709836048.6118283,1709836048.611834
3037,1709836048.7005665,1709836048.7005749
3038,1709836048.8031743,1709836048.8031797
3039,1709836048.903469,1709836048.903475
3040,1709836048.9995165,1709836048.9995213
3041,1709836049.101975,1709836049.1019807
3042,1709836049.2013128,1709836049.201319
3043,1709836049.307549,1709836049.307555
3044,1709836049.4031382,1709836049.4031434
3045,1709836049.5039701,1709836049.503976
3046,1709836049.6042213,1709836049.6042264
3047,1709836049.7103887,1709836049.7103968
3048,1709836049.796288,1709836049.7962942
3049,1709836049.913884,1709836049.91389
3050,1709836049.999671,1709836049.9996748
3051,1709836050.105483,1709836050.1054916
3052,1709836050.2020793,1709836050.202083
3053,1709836050.3035855,1709836050.3035913
3054,1709836050.406069,1709836050.4060745
3055,1709836050.512047,1709836050.5120513
3056,1709836050.610873,1709836050.6108766
3057,1709836050.7115,1709836050.7115047
3058,1709836050.8028646,1709836050.8028717
3059,1709836050.9111562,1709836050.9111621
3060,1709836051.003281,1709836051.003287
3061,1709836051.1085808,1709836051.108585
3062,1709836051.2004995,1709836051.200505
3063,1709836051.2987425,1709836051.2987494
3064,1709836051.4050448,1709836051.4050498
3065,1709836051.505505,1709836051.5055103
3066,1709836051.60684,1709836051.6068451
3067,1709836051.7141314,1709836051.7141376
3068,1709836051.7971382,1709836051.7971435
3069,1709836051.9068174,1709836051.9068232
3070,1709836052.0054977,1709836052.005505
3071,1709836052.1068828,1709836052.1068878
3072,1709836052.2014298,1709836052.2014358
3073,1709836052.3029075,1709836052.302914
3074,1709836052.41095,1709836052.4109552
3075,1709836052.5032883,1709836052.5032938
3076,1709836052.6092389,1709836052.6092443
3077,1709836052.6978862,1709836052.6978922
3078,1709836052.798672,1709836052.7986765
3079,1709836052.8998601,1709836052.8998635
3080,1709836053.0022657,1709836053.0022707
3081,1709836053.1054816,1709836053.105487
3082,1709836053.2009065,1709836053.2009113
3083,1709836053.3030345,1709836053.3030403
3084,1709836053.4087038,1709836053.408709
3085,1709836053.5035584,1709836053.5035634
3086,1709836053.607335,1709836053.607339
3087,1709836053.7068443,1709836053.7068474
3088,1709836053.804149,1709836053.804155
3089,1709836053.9070358,1709836053.9070413
3090,1709836054.0040646,1709836054.00407
3091,1709836054.1057131,1709836054.10572
3092,1709836054.2134976,1709836054.2135026
3093,1709836054.3058727,1709836054.3058782
3094,1709836054.4025433,1709836054.4025488
3095,1709836054.5061793,1709836054.5061853
3096,1709836054.6046464,1709836054.6046524
3097,1709836054.7052915,1709836054.705297
3098,1709836054.8051877,1709836054.8051932
3099,1709836054.9040985,1709836054.9041057
3100,1709836055.001021,1709836055.0010257
3101,1709836055.1055613,1709836055.105565
3102,1709836055.2118223,1709836055.2118285
3103,1709836055.2990973,1709836055.299103
3104,1709836055.398238,1709836055.3982434
3105,1709836055.509898,1709836055.5099065
3106,1709836055.5993314,1709836055.5993376
3107,1709836055.7101316,1709836055.7101371
3108,1709836055.7987156,1709836055.7987213
3109,1709836055.903597,1709836055.9036024
3110,1709836056.0034635,1709836056.003469
3111,1709836056.105844,1709836056.1058514
3112,1709836056.1993098,1709836056.1993153
3113,1709836056.3032284,1709836056.303234
3114,1709836056.4064903,1709836056.4064968
3115,1709836056.4988236,1709836056.4988294
3116,1709836056.6120021,1709836056.6120064
3117,1709836056.6992579,1709836056.6992643
3118,1709836056.8045588,1709836056.8045647
3119,1709836056.9098682,1709836056.9098742
3120,1709836057.0036104,1709836057.003617
3121,1709836057.1063287,1709836057.1063344
3122,1709836057.2052984,1709836057.2053044
3123,1709836057.3112502,1709836057.3112555
3124,1709836057.410409,1709836057.410415
3125,1709836057.4995904,1709836057.499597
3126,1709836057.6050904,1709836057.6050956
3127,1709836057.7027125,1709836057.7027202
3128,1709836057.804038,1709836057.804045
3129,1709836058.3427467,1709836058.3474765
3130,1709836058.3553824,1709836058.3589592
3131,1709836058.4039588,1709836058.4099064
3132,1709836058.509289,1709836058.513977
3133,1709836058.6012118,1709836058.6058505
3134,1709836058.70136,1709836058.7063527
3135,1709836058.8039465,1709836058.8089345
3136,1709836058.9033513,1709836058.9088433
3137,1709836059.0042768,1709836059.0087347
3138,1709836059.1073568,1709836059.1129625
3139,1709836059.2040653,1709836059.2077913
3140,1709836059.2985835,1709836059.3034074
3141,1709836059.4052975,1709836059.4091117
3142,1709836059.5106306,1709836059.5146852
3143,1709836059.604209,1709836059.608338
3144,1709836059.7024035,1709836059.707187
3145,1709836059.8039243,1709836059.8070757
3146,1709836059.9115067,1709836059.917332
3147,1709836060.0052598,1709836060.010661
3148,1709836060.0957696,1709836060.1022701
3149,1709836060.1986237,1709836060.2034972
3150,1709836060.31142,1709836060.3172297
3151,1709836060.4104383,1709836060.4160373
3152,1709836060.5060523,1709836060.5105765
3153,1709836060.6084435,1709836060.612861
3154,1709836060.6982121,1709836060.7062614
3155,1709836060.8061633,1709836060.8106112
3156,1709836060.9045858,1709836060.9101708
3157,1709836061.0109205,1709836061.017706
3158,1709836061.1081665,1709836061.1128466
3159,1709836061.2084773,1709836061.213806
3160,1709836061.2993324,1709836061.3036265
3161,1709836061.3990107,1709836061.4025762
3162,1709836061.5032156,1709836061.5074577
3163,1709836061.60164,1709836061.6066551
3164,1709836061.7104347,1709836061.7154415
3165,1709836061.7993436,1709836061.8042076
3166,1709836061.904857,1709836061.9089508
3167,1709836062.0044193,1709836062.0108917
3168,1709836062.1033514,1709836062.1092956
3169,1709836062.20441,1709836062.2098393
3170,1709836062.3062274,1709836062.3107755
3171,1709836062.407353,1709836062.4136832
3172,1709836062.5036237,1709836062.506946
3173,1709836062.6067944,1709836062.6099718
3174,1709836062.7024038,1709836062.707291
3175,1709836062.8017788,1709836062.80644
3176,1709836062.8979974,1709836062.9021544
3177,1709836063.0028644,1709836063.0092885
3178,1709836063.0995507,1709836063.104534
3179,1709836063.2059052,1709836063.2126482
3180,1709836063.302465,1709836063.308336
3181,1709836063.4008653,1709836063.4079118
3182,1709836063.5038662,1709836063.5073981
3183,1709836063.6020885,1709836063.6065533
3184,1709836063.6996698,1709836063.7042954
3185,1709836063.808349,1709836063.8127942
3186,1709836063.9028795,1709836063.907199
3187,1709836063.9992201,1709836064.0044687
3188,1709836064.1039722,1709836064.1082954
3189,1709836064.2014506,1709836064.2063985
3190,1709836064.303822,1709836064.3095787
3191,1709836064.405709,1709836064.4115803
3192,1709836064.5038986,1709836064.5092933
3193,1709836064.5960784,1709836064.6013606
3194,1709836064.704585,1709836064.7097085
3195,1709836064.8042543,1709836064.8098829
3196,1709836064.9003057,1709836064.907244
3197,1709836065.0052931,1709836065.01002
3198,1709836065.1082232,1709836065.1135154
3199,1709836065.2018244,1709836065.2097516
3200,1709836065.3016272,1709836065.3062596
3201,1709836065.4052055,1709836065.409886
3202,1709836065.50292,1709836065.5079856
3203,1709836065.5984135,1709836065.6033351
3204,1709836065.7019262,1709836065.7019322
3205,1709836065.799317,1709836065.799325
3206,1709836065.9078093,1709836065.907822
3207,1709836066.0096765,1709836066.0096815
3208,1709836066.1035907,1709836066.1035953
3209,1709836066.2060654,1709836066.2060711
3210,1709836066.313765,1709836066.3137708
3211,1709836066.4032748,1709836066.4032784
3212,1709836066.5122178,1709836066.5122228
3213,1709836066.6006508,1709836066.600656
3214,1709836066.7040265,1709836066.7040315
3215,1709836066.7987344,1709836066.7987425
3216,1709836066.9053175,1709836066.9053233
3217,1709836067.0049596,1709836067.0049653
3218,1709836067.1046946,1709836067.1046994
3219,1709836067.1983156,1709836067.1983216
3220,1709836067.3036492,1709836067.303655
3221,1709836067.399484,1709836067.3994899
3222,1709836067.503011,1709836067.503017
3223,1709836067.600992,1709836067.6009977
3224,1709836067.701259,1709836067.7012641
3225,1709836067.8180492,1709836067.8180547
3226,1709836067.8968174,1709836067.8968234
3227,1709836068.000478,1709836068.0004828
3228,1709836068.101612,1709836068.101617
3229,1709836068.2058992,1709836068.2059052
3230,1709836068.3091898,1709836068.3091948
3231,1709836068.4105694,1709836068.410573
3232,1709836068.5046751,1709836068.504679
3233,1709836068.609814,1709836068.6098194
3234,1709836068.7030785,1709836068.7030823
3235,1709836068.8021963,1709836068.8021998
3236,1709836068.9142187,1709836068.9142225
3237,1709836069.0026345,1709836069.0026386
3238,1709836069.1033044,1709836069.1033106
3239,1709836069.2087774,1709836069.2087824
3240,1709836069.3035333,1709836069.303538
3241,1709836069.408235,1709836069.408239
3242,1709836069.502602,1709836069.5026052
3243,1709836069.5981343,1709836069.59814
3244,1709836069.6993105,1709836069.6993144
3245,1709836069.80434,1709836069.8043456
3246,1709836069.9074817,1709836069.907488
3247,1709836070.0084052,1709836070.0084105
3248,1709836070.1070092,1709836070.1070151
3249,1709836070.210896,1709836070.2109015
3250,1709836070.2996721,1709836070.2996757
3251,1709836070.40843,1709836070.408436
3252,1709836070.5096672,1709836070.5096722
3253,1709836070.6066988,1709836070.6067035
3254,1709836070.7094064,1709836070.7094135
3255,1709836070.7987783,1709836070.7987838
3256,1709836070.899253,1709836070.8992581
3257,1709836070.9972131,1709836070.9972181
3258,1709836071.1007688,1709836071.1007748
3259,1709836071.2051263,1709836071.2051315
3260,1709836071.3044448,1709836071.3044505
3261,1709836071.411503,1709836071.4115095
3262,1709836071.5048144,1709836071.504818
3263,1709836071.6041481,1709836071.6041572
3264,1709836071.7074938,1709836071.7076585
3265,1709836071.8165514,1709836071.8165581
3266,1709836071.9055266,1709836071.9055336
3267,1709836072.0105305,1709836072.010537
3268,1709836072.0962288,1709836072.0962343
3269,1709836072.1981862,1709836072.1981924
3270,1709836072.2986856,1709836072.2986908
3271,1709836072.4090574,1709836072.409064
3272,1709836072.5184922,1709836072.5184987
3273,1709836072.6107512,1709836072.6107564
3274,1709836072.7021258,1709836072.702132
3275,1709836072.8175323,1709836072.8175375
3276,1709836072.9056478,1709836072.9056542
3277,1709836073.0039682,1709836073.003974
3278,1709836073.1057162,1709836073.10572
3279,1709836073.2107334,1709836073.210739
3280,1709836073.3091621,1709836073.3091676
3281,1709836073.4085162,1709836073.408522
3282,1709836073.5044005,1709836073.5044055
3283,1709836073.608641,1709836073.6086466
3284,1709836073.7084289,1709836073.7084372
3285,1709836073.8000417,1709836073.800046
3286,1709836073.9009027,1709836073.900913
3287,1709836074.0019324,1709836074.0019386
3288,1709836074.0987382,1709836074.0987415
3289,1709836074.209208,1709836074.2092166
3290,1709836074.2960048,1709836074.2960103
3291,1709836074.4037755,1709836074.403786
3292,1709836074.5069795,1709836074.5069885
3293,1709836074.598822,1709836074.5988293
3294,1709836074.706225,1709836074.7062302
3295,1709836074.8016171,1709836074.8016238
3296,1709836074.9063537,1709836074.9063592
3297,1709836074.9978688,1709836074.9978745
3298,1709836075.1103592,1709836075.1103635
3299,1709836075.2009966,1709836075.2010026
3300,1709836075.3035994,1709836075.3036041
3301,1709836075.4042099,1709836075.4042165
3302,1709836075.5097995,1709836075.5098062
3303,1709836075.611278,1709836075.6112835
3304,1709836075.7013056,1709836075.7013094
3305,1709836075.8030624,1709836075.8030689
3306,1709836075.9035554,1709836075.9035604
3307,1709836076.0037668,1709836076.003773
3308,1709836076.102907,1709836076.1029146
3309,1709836076.2042198,1709836076.2042253
3310,1709836076.3014786,1709836076.3014848
3311,1709836076.4010007,1709836076.4010062
3312,1709836076.5038266,1709836076.5038323
3313,1709836076.600301,1709836076.6003048
3314,1709836076.6984153,1709836076.6984215
3315,1709836076.8045776,1709836076.804583
3316,1709836076.9018989,1709836076.9019048
3317,1709836077.0032296,1709836077.003235
3318,1709836077.1089904,1709836077.108996
3319,1709836077.2017143,1709836077.2017217
3320,1709836077.3020327,1709836077.302038
3321,1709836077.4044845,1709836077.4044905
3322,1709836077.5124288,1709836077.5124383
3323,1709836077.6016855,1709836077.6016917
3324,1709836077.701138,1709836077.7011452
3325,1709836077.79945,1709836077.7994554
3326,1709836077.8957884,1709836077.8957944
3327,1709836078.0065289,1709836078.0065348
3328,1709836078.0997734,1709836078.0997794
3329,1709836078.2068157,1709836078.2068217
3330,1709836078.3056576,1709836078.3056633
3331,1709836078.4054968,1709836078.405503
3332,1709836078.5043387,1709836078.5043454
3333,1709836078.6090915,1709836078.6090956
3334,1709836078.7080176,1709836078.708024
3335,1709836078.8061266,1709836078.8061337
3336,1709836078.9054039,1709836078.9054093
3337,1709836079.0019376,1709836079.0019438
3338,1709836079.1100688,1709836079.110075
3339,1709836079.1988983,1709836079.198903
3340,1709836079.3078122,1709836079.307818
3341,1709836079.4032745,1709836079.4032812
3342,1709836079.514507,1709836079.5145135
3343,1709836079.6068802,1709836079.6068869
3344,1709836079.707451,1709836079.7074566
3345,1709836079.820669,1709836079.8206737
3346,1709836079.9009888,1709836079.9009948
3347,1709836080.0051517,1709836080.0051582
3348,1709836080.1044633,1709836080.10447
3349,1709836080.2033925,1709836080.2033973
3350,1709836080.3085172,1709836080.3085227
3351,1709836080.409506,1709836080.40951
3352,1709836080.5009153,1709836080.500923
3353,1709836080.6006517,1709836080.6006584
3354,1709836080.702241,1709836080.7022898
3355,1709836080.798283,1709836080.798335
3356,1709836080.909669,1709836080.9097204
3357,1709836081.0020149,1709836081.0020607
3358,1709836081.105228,1709836081.1052723
3359,1709836081.205037,1709836081.205097
3360,1709836081.3044553,1709836081.3045075
3361,1709836081.400599,1709836081.4006355
3362,1709836081.5020278,1709836081.502119
3363,1709836081.6003966,1709836081.6004386
3364,1709836081.7063339,1709836081.7064116
3365,1709836081.8052993,1709836081.805306
3366,1709836081.8992987,1709836081.8993049
3367,1709836081.9997444,1709836081.9997504
3368,1709836082.1018543,1709836082.1018612
3369,1709836082.203112,1709836082.203118
3370,1709836082.3035963,1709836082.303603
3371,1709836082.3986433,1709836082.3986497
3372,1709836082.5085568,1709836082.5085647
3373,1709836082.5997698,1709836082.5997763
3374,1709836082.703634,1709836082.7036395
3375,1709836082.8044093,1709836082.804418
3376,1709836082.902269,1709836082.9022725
3377,1709836083.0113358,1709836083.0113423
3378,1709836083.1029282,1709836083.1029341
3379,1709836083.2027664,1709836083.2027721
3380,1709836083.3049262,1709836083.3049324
3381,1709836083.4014375,1709836083.401442
3382,1709836083.4994369,1709836083.4994411
3383,1709836083.6134691,1709836083.613476
3384,1709836083.7008662,1709836083.7008724
3385,1709836083.8006856,1709836083.8006926
3386,1709836083.9048378,1709836083.9106586
3387,1709836083.9982507,1709836084.0033438
3388,1709836084.1007378,1709836084.1080706
3389,1709836084.2042658,1709836084.2097175
3390,1709836084.2985644,1709836084.3040717
3391,1709836084.4001691,1709836084.405508
3392,1709836084.5054424,1709836084.5125535
3393,1709836084.6009302,1709836084.606082
3394,1709836084.704432,1709836084.7086313
3395,1709836084.8096285,1709836084.8165243
3396,1709836084.8987753,1709836084.9041069
3397,1709836085.0095842,1709836085.0157955
3398,1709836085.099502,1709836085.104769
3399,1709836085.2045321,1709836085.2106855
3400,1709836085.2956111,1709836085.300419
3401,1709836085.405639,1709836085.411873
3402,1709836085.5030696,1709836085.510423
3403,1709836085.6004262,1709836085.605765
3404,1709836085.69606,1709836085.7013059
3405,1709836085.8072371,1709836085.811688
3406,1709836085.9071438,1709836085.912339
3407,1709836086.00316,1709836086.0101042
3408,1709836086.1045067,1709836086.1089406
3409,1709836086.207582,1709836086.2137885
3410,1709836086.3030956,1709836086.3100739
3411,1709836086.401743,1709836086.4073305
3412,1709836086.4977968,1709836086.501959
3413,1709836086.6026826,1709836086.606795
3414,1709836086.697889,1709836086.7031934
3415,1709836086.7984815,1709836086.8037446
3416,1709836086.906277,1709836086.9119244
3417,1709836087.0018027,1709836087.0103586
3418,1709836087.1017685,1709836087.1095774
3419,1709836087.2025187,1709836087.2092457
3420,1709836087.3001351,1709836087.3057492
3421,1709836087.3991776,1709836087.4030757
3422,1709836087.5011775,1709836087.5071318
3423,1709836087.6039596,1709836087.6101742
3424,1709836087.704351,1709836087.709607
3425,1709836087.8052082,1709836087.8108647
3426,1709836087.9053864,1709836087.9100566
3427,1709836088.0101788,1709836088.014164
3428,1709836088.1149843,1709836088.1208196
3429,1709836088.20231,1709836088.208158
3430,1709836088.3035183,1709836088.309507
3431,1709836088.40175,1709836088.4075205
3432,1709836088.5118923,1709836088.5159721
3433,1709836088.6051865,1709836088.610698
3434,1709836088.7176635,1709836088.7254295
3435,1709836088.797731,1709836088.8016677
3436,1709836088.9050379,1709836088.9106722
3437,1709836089.0152133,1709836089.0212991
3438,1709836089.106036,1709836089.110977
3439,1709836089.204093,1709836089.208262
3440,1709836089.2997732,1709836089.305828
3441,1709836089.401433,1709836089.406858
3442,1709836089.4999957,1709836089.5074267
3443,1709836089.611943,1709836089.6163745
3444,1709836089.7029142,1709836089.708061
3445,1709836089.8137066,1709836089.8198674
3446,1709836089.9171023,1709836089.9230845
3447,1709836089.9999714,1709836090.0061016
3448,1709836090.0992877,1709836090.1039884
3449,1709836090.2024808,1709836090.2053242
3450,1709836090.3138547,1709836090.3198178
3451,1709836090.40465,1709836090.4093187
3452,1709836090.50534,1709836090.5103474
3453,1709836090.60523,1709836090.6112583
3454,1709836090.7047126,1709836090.708722
3455,1709836090.8123088,1709836090.8202984
3456,1709836090.9082382,1709836090.9128551
3457,1709836091.009761,1709836091.0146601
3458,1709836091.111536,1709836091.116318
3459,1709836091.1993625,1709836091.2050514
3460,1709836091.3028643,1709836091.3081465
3461,1709836091.4027042,1709836091.4084065
3462,1709836091.5055187,1709836091.5110452
3463,1709836091.610614,1709836091.6153798
3464,1709836091.7054179,1709836091.7109144
3465,1709836091.8047242,1709836091.8100152
3466,1709836091.9062934,1709836091.9108882
3467,1709836092.0018198,1709836092.0069444
3468,1709836092.1091495,1709836092.1140375
3469,1709836092.2051063,1709836092.2087698
3470,1709836092.3051348,1709836092.309991
3471,1709836092.3970816,1709836092.401686
3472,1709836092.5026834,1709836092.5071876
3473,1709836092.6028101,1709836092.6080215
3474,1709836092.6973972,1709836092.7025967
3475,1709836092.7955046,1709836092.799624
3476,1709836092.897027,1709836092.9019265
3477,1709836093.0073063,1709836093.0121932
3478,1709836093.1061656,1709836093.1109245
3479,1709836093.2024493,1709836093.2071967
3480,1709836093.3047626,1709836093.3111608
3481,1709836093.402913,1709836093.4078305
3482,1709836093.5013525,1709836093.507376
3483,1709836093.602237,1709836093.6074138
3484,1709836093.6983573,1709836093.703514
3485,1709836093.8062162,1709836093.811026
3486,1709836093.9022791,1709836093.9069824
3487,1709836093.9997332,1709836094.005009
3488,1709836094.103881,1709836094.1095383
3489,1709836094.2047768,1709836094.2096715
3490,1709836094.306998,1709836094.3103633
3491,1709836094.414171,1709836094.4202332
3492,1709836094.5084062,1709836094.5120702
3493,1709836094.5984704,1709836094.602903
3494,1709836094.7062385,1709836094.709999
3495,1709836094.8048606,1709836094.8097203
3496,1709836094.9044683,1709836094.9080598
3497,1709836095.0057795,1709836095.0113785
3498,1709836095.1058564,1709836095.111227
3499,1709836095.2011833,1709836095.2047234
3500,1709836095.3087175,1709836095.3138082
3501,1709836095.4035664,1709836095.407143
3502,1709836095.503614,1709836095.5081477
3503,1709836095.600827,1709836095.6047194
3504,1709836095.70444,1709836095.7093363
3505,1709836095.8047824,1709836095.8098106
3506,1709836095.9050884,1709836095.911006
3507,1709836096.0081594,1709836096.0150836
3508,1709836096.0996215,1709836096.1048262
3509,1709836096.201764,1709836096.2073646
3510,1709836096.3015256,1709836096.3067307
3511,1709836096.3985279,1709836096.4033313
3512,1709836096.5067596,1709836096.512794
3513,1709836096.6085942,1709836096.6161206
3514,1709836096.7045836,1709836096.7091205
3515,1709836096.7985044,1709836096.8038776
3516,1709836096.9027379,1709836096.9064925
3517,1709836096.999742,1709836097.0050187
3518,1709836097.103463,1709836097.1083786
3519,1709836097.1991665,1709836097.2041209
3520,1709836097.3011687,1709836097.3061268
3521,1709836097.4037788,1709836097.4084666
3522,1709836097.5022361,1709836097.5070715
3523,1709836097.6038926,1709836097.6100788
3524,1709836097.6959593,1709836097.7012825
3525,1709836097.7992945,1709836097.8053157
3526,1709836097.899669,1709836097.9032063
3527,1709836098.0055687,1709836098.0118222
3528,1709836098.1083548,1709836098.113816
3529,1709836098.200475,1709836098.205707
3530,1709836098.3005772,1709836098.3058722
3531,1709836098.4047933,1709836098.4094558
3532,1709836098.510716,1709836098.5154486
3533,1709836098.6057017,1709836098.6109436
3534,1709836098.702131,1709836098.7072725
3535,1709836098.8098235,1709836098.8146899
3536,1709836098.9121523,1709836098.9174619
3537,1709836099.0114384,1709836099.0163553
3538,1709836099.1097054,1709836099.1149192
3539,1709836099.2135363,1709836099.21885
3540,1709836099.309766,1709836099.3154829
3541,1709836099.4039047,1709836099.408881
3542,1709836099.5069778,1709836099.5117211
3543,1709836099.6035047,1709836099.606615
3544,1709836099.7038808,1709836099.7069707
3545,1709836099.8043282,1709836099.810487
3546,1709836099.9011912,1709836099.9057872
3547,1709836100.0123107,1709836100.0171852
3548,1709836100.1006105,1709836100.1055825
3549,1709836100.2045333,1709836100.2086058
3550,1709836100.3026311,1709836100.307567
3551,1709836100.3999794,1709836100.404393
3552,1709836100.5051877,1709836100.5109243
3553,1709836100.5976372,1709836100.601768
3554,1709836100.7001522,1709836100.7049196
3555,1709836100.8030663,1709836100.8071804
3556,1709836100.900331,1709836100.9045734
3557,1709836101.0002673,1709836101.004418
3558,1709836101.0986404,1709836101.1035573
3559,1709836101.1990001,1709836101.202773
3560,1709836101.3049455,1709836101.3089
3561,1709836101.4130611,1709836101.4172666
3562,1709836101.5038884,1709836101.509144
3563,1709836101.6030583,1709836101.60691
3564,1709836101.7022042,1709836101.7069879
3565,1709836101.8133323,1709836101.8178637
3566,1709836101.9012644,1709836101.9074223
3567,1709836101.9991562,1709836102.004926
3568,1709836102.1052752,1709836102.1097257
3569,1709836102.2000911,1709836102.203624
3570,1709836102.3037424,1709836102.3093574
3571,1709836102.4016542,1709836102.4068606
3572,1709836102.4983976,1709836102.5027707
3573,1709836102.610041,1709836102.6136794
3574,1709836102.7073798,1709836102.7117102
3575,1709836102.8090694,1709836102.813788
3576,1709836102.8973489,1709836102.9018636
3577,1709836103.0032532,1709836103.0087562
3578,1709836103.1000693,1709836103.1048815
3579,1709836103.210739,1709836103.215715
3580,1709836103.3028858,1709836103.3079123
3581,1709836103.400702,1709836103.403758
3582,1709836103.501343,1709836103.506335
3583,1709836103.6000874,1709836103.6055503
3584,1709836103.7050931,1709836103.709829
3585,1709836103.807189,1709836103.8118277
3586,1709836103.9005058,1709836103.904844
3587,1709836104.0083456,1709836104.0122488
3588,1709836104.1030798,1709836104.108607
3589,1709836104.200996,1709836104.2068436
3590,1709836104.3031142,1709836104.308273
3591,1709836104.4060774,1709836104.4108338
3592,1709836104.5062544,1709836104.5093238
3593,1709836104.6070137,1709836104.6120458
3594,1709836104.7013445,1709836104.7064986
3595,1709836104.804522,1709836104.8098686
3596,1709836104.903281,1709836104.9068654
3597,1709836105.0003977,1709836105.0073657
3598,1709836105.1095908,1709836105.113438
3599,1709836105.217279,1709836105.224355
3600,1709836105.305277,1709836105.3105252
3601,1709836105.4037163,1709836105.4089515
3602,1709836105.4983182,1709836105.5075765
3603,1709836105.5987926,1709836105.6050878
3604,1709836105.7042568,1709836105.7082732
3605,1709836105.8066697,1709836105.8118863
3606,1709836105.9069982,1709836105.9116528
3607,1709836106.0127323,1709836106.0127392
3608,1709836106.0996592,1709836106.0996654
3609,1709836106.205171,1709836106.205177
3610,1709836106.311067,1709836106.311075
3611,1709836106.4044065,1709836106.4044123
3612,1709836106.497285,1709836106.4972887
3613,1709836106.602049,1709836106.6020572
3614,1709836106.6967115,1709836106.6967156
3615,1709836106.8036008,1709836106.8036067
3616,1709836106.9043274,1709836106.9043336
3617,1709836107.0032923,1709836107.003297
3618,1709836107.1063528,1709836107.1063626
3619,1709836107.2006361,1709836107.2006426
3620,1709836107.302541,1709836107.3025467
3621,1709836107.4009976,1709836107.401006
3622,1709836107.5043075,1709836107.504314
3623,1709836107.5986588,1709836107.598665
3624,1709836107.7072115,1709836107.7072167
3625,1709836107.806419,1709836107.8064241
3626,1709836107.9052908,1709836107.9052968
3627,1709836107.9995358,1709836107.9995418
3628,1709836108.1057935,1709836108.1057994
3629,1709836108.1994958,1709836108.199502
3630,1709836108.3075078,1709836108.3075123
3631,1709836108.4137337,1709836108.4137387
3632,1709836108.5075653,1709836108.5075707
3633,1709836108.608784,1709836108.6087887
3634,1709836108.7023013,1709836108.7023077
3635,1709836108.8040981,1709836108.8041036
3636,1709836108.9052548,1709836108.9052608
3637,1709836109.0028152,1709836109.0028195
3638,1709836109.0972188,1709836109.0972252
3639,1709836109.2121706,1709836109.212176
3640,1709836109.3063014,1709836109.3063076
3641,1709836109.4014826,1709836109.4014895
3642,1709836109.5091195,1709836109.5091252
3643,1709836109.6003554,1709836109.6003652
3644,1709836109.7034562,1709836109.7034628
3645,1709836109.805583,1709836109.8055882
3646,1709836109.9060895,1709836109.9060955
3647,1709836110.0072603,1709836110.0072646
3648,1709836110.106386,1709836110.106393
3649,1709836110.2037458,1709836110.2037523
3650,1709836110.302043,1709836110.302049
3651,1709836110.4041762,1709836110.4041827
3652,1709836110.5010014,1709836110.5010078
3653,1709836110.5973008,1709836110.5973074
3654,1709836110.6966014,1709836110.696607
3655,1709836110.8025243,1709836110.8025324
3656,1709836110.9043157,1709836110.9043202
3657,1709836111.0043018,1709836111.0043082
3658,1709836111.10276,1709836111.1027656
3659,1709836111.2075417,1709836111.2075474
3660,1709836111.2971234,1709836111.2971303
3661,1709836111.4056718,1709836111.4056776
3662,1709836111.5049686,1709836111.5049748
3663,1709836111.6049037,1709836111.604908
3664,1709836111.703744,1709836111.70375
3665,1709836111.8134093,1709836111.8134196
3666,1709836111.9032557,1709836111.903262
3667,1709836112.004113,1709836112.0041177
3668,1709836112.1113389,1709836112.111345
3669,1709836112.2047267,1709836112.2047317
3670,1709836112.2996197,1709836112.2996256
3671,1709836112.4011497,1709836112.401156
3672,1709836112.5042992,1709836112.5043037
3673,1709836112.6046715,1709836112.604675
3674,1709836112.7079644,1709836112.707972
3675,1709836112.807836,1709836112.8078418
3676,1709836112.9000149,1709836112.900021
3677,1709836113.0016465,1709836113.001653
3678,1709836113.103845,1709836113.10385
3679,1709836113.2073765,1709836113.2073812
3680,1709836113.308836,1709836113.3088417
3681,1709836113.403182,1709836113.403186
3682,1709836113.5056684,1709836113.5056753
3683,1709836113.6038835,1709836113.6038892
3684,1709836113.7068393,1709836113.7068453
3685,1709836113.802585,1709836113.802589
3686,1709836113.8997266,1709836113.8997328
3687,1709836114.0055468,1709836114.0055532
3688,1709836114.1032467,1709836114.1032534
3689,1709836114.2108576,1709836114.210863
3690,1709836114.3016746,1709836114.30168
3691,1709836114.4021997,1709836114.4022052
3692,1709836114.4998019,1709836114.4998088
3693,1709836114.6014676,1709836114.6014738
3694,1709836114.7097642,1709836114.70977
3695,1709836114.8035564,1709836114.8035622
3696,1709836114.8974373,1709836114.8974419
3697,1709836115.00784,1709836115.0078454
3698,1709836115.1041543,1709836115.1041603
3699,1709836115.2043374,1709836115.204343
3700,1709836115.3033533,1709836115.3033574
3701,1709836115.4073784,1709836115.4073842
3702,1709836115.5029416,1709836115.5029469
3703,1709836115.6048367,1709836115.6048422
3704,1709836115.7047088,1709836115.7047143
3705,1709836115.7991667,1709836115.7991736
3706,1709836115.9028065,1709836115.9028134
3707,1709836116.0057669,1709836116.0057726
3708,1709836116.112693,1709836116.112698
3709,1709836116.2032173,1709836116.203223
3710,1709836116.3020427,1709836116.3020477
3711,1709836116.402081,1709836116.4020858
3712,1709836116.505887,1709836116.5058918
3713,1709836116.6158488,1709836116.6158538
3714,1709836116.710467,1709836116.7104728
3715,1709836116.8061624,1709836116.8061683
3716,1709836116.9125907,1709836116.912597
3717,1709836117.0068314,1709836117.0068383
3718,1709836117.1031106,1709836117.1031163
3719,1709836117.2146184,1709836117.214624
3720,1709836117.3082073,1709836117.3082154
3721,1709836117.4009547,1709836117.4009602
3722,1709836117.4957712,1709836117.4957774
3723,1709836117.6048045,1709836117.60481
3724,1709836117.7054546,1709836117.7054603
3725,1709836117.7997239,1709836117.79973
3726,1709836117.9106815,1709836117.9106908
3727,1709836118.004856,1709836118.0048635
3728,1709836118.1050234,1709836118.10503
3729,1709836118.202932,1709836118.2029378
3730,1709836118.3037965,1709836118.3038023
3731,1709836118.4000077,1709836118.4000118
3732,1709836118.5058134,1709836118.505817
3733,1709836118.6054373,1709836118.6054456
3734,1709836118.7041428,1709836118.7041495
3735,1709836118.801998,1709836118.8020034
3736,1709836118.9043097,1709836118.904316
3737,1709836119.0116777,1709836119.0116844
3738,1709836119.103543,1709836119.1035492
3739,1709836119.2017946,1709836119.201801
3740,1709836119.2991667,1709836119.2991724
3741,1709836119.4018886,1709836119.4018927
3742,1709836119.5043404,1709836119.5043476
3743,1709836119.5974448,1709836119.5974505
3744,1709836119.7041736,1709836119.704178
3745,1709836119.8024108,1709836119.802417
3746,1709836119.9027705,1709836119.902778
3747,1709836120.0081155,1709836120.0081213
3748,1709836120.1117487,1709836120.1117547
3749,1709836120.1960049,1709836120.1960108
3750,1709836120.2989304,1709836120.2989364
3751,1709836120.4104874,1709836120.410491
3752,1709836120.506614,1709836120.506621
3753,1709836120.6038115,1709836120.603817
3754,1709836120.703661,1709836120.7036664
3755,1709836120.809394,1709836120.8094
3756,1709836120.908789,1709836120.9087934
3757,1709836121.0071332,1709836121.0071383
3758,1709836121.1064608,1709836121.1064665
3759,1709836121.1992044,1709836121.19921
3760,1709836121.3024924,1709836121.3024986
3761,1709836121.3980641,1709836121.3980699
3762,1709836121.4973571,1709836121.4973626
3763,1709836121.6068826,1709836121.6068885
3764,1709836121.7033575,1709836121.703364
3765,1709836121.8040242,1709836121.8040297
3766,1709836121.9044623,1709836121.9044673
3767,1709836121.9990458,1709836121.9990516
3768,1709836122.1031833,1709836122.10319
3769,1709836122.203221,1709836122.20323
3770,1709836122.3058481,1709836122.3058522
3771,1709836122.40472,1709836122.4047258
3772,1709836122.5051682,1709836122.5051749
3773,1709836122.5978022,1709836122.5978084
3774,1709836122.7036607,1709836122.7036657
3775,1709836122.7983065,1709836122.7983108
3776,1709836122.8957214,1709836122.8957264
3777,1709836123.0064,1709836123.006405
3778,1709836123.1047502,1709836123.104756
3779,1709836123.2038963,1709836123.2039027
3780,1709836123.3030477,1709836123.3030517
3781,1709836123.3975718,1709836123.397576
3782,1709836123.5049202,1709836123.5049272
3783,1709836123.5988598,1709836123.598866
3784,1709836123.707439,1709836123.707446
3785,1709836123.799806,1709836123.7998126
3786,1709836123.8991628,1709836123.899169
3787,1709836124.0105937,1709836124.0106015
3788,1709836124.1056395,1709836124.1056447
3789,1709836124.1984603,1709836124.198466
3790,1709836124.3050807,1709836124.305087
3791,1709836124.409569,1709836124.4095738
3792,1709836124.501599,1709836124.501605
3793,1709836124.6046734,1709836124.6046793
3794,1709836124.7001534,1709836124.7001603
3795,1709836124.8052504,1709836124.8052564
3796,1709836125.2343297,1709836125.2343404
3797,1709836125.2461214,1709836125.2461264
3798,1709836125.3198164,1709836125.3198223
3799,1709836125.4063544,1709836125.4063604
3800,1709836125.5086863,1709836125.5086927
3801,1709836125.6144295,1709836125.6144347
3802,1709836125.7091694,1709836125.7091768
3803,1709836125.8049653,1709836125.8049703
3804,1709836125.9089303,1709836125.9089353
3805,1709836126.0036442,1709836126.0036514
3806,1709836126.1019206,1709836126.101926
3807,1709836126.205669,1709836126.2056744
3808,1709836126.3082902,1709836126.3082964
3809,1709836126.4101586,1709836126.4101636
3810,1709836126.5007813,1709836126.5007858
3811,1709836126.614156,1709836126.6141613
3812,1709836126.7056348,1709836126.7056427
3813,1709836126.8037374,1709836126.8037436
3814,1709836126.9064558,1709836126.9064608
3815,1709836127.0062842,1709836127.0062907
3816,1709836127.113892,1709836127.113899
3817,1709836127.2075424,1709836127.207549
3818,1709836127.3023393,1709836127.3023477
3819,1709836127.4012551,1709836127.4012613
3820,1709836127.5091293,1709836127.5091345
3821,1709836127.6028464,1709836127.602852
3822,1709836127.704427,1709836127.7044332
3823,1709836127.807188,1709836127.8071938
3824,1709836127.9048219,1709836127.904827
3825,1709836128.0100098,1709836128.0100143
3826,1709836128.110789,1709836128.110793
3827,1709836128.2077987,1709836128.2078025
3828,1709836128.316388,1709836128.316394
3829,1709836128.4095411,1709836128.4095476
3830,1709836128.500187,1709836128.5001924
3831,1709836128.6022737,1709836128.6022794
3832,1709836128.7064028,1709836128.7064066
3833,1709836128.8067334,1709836128.80674
3834,1709836128.8984184,1709836128.8984246
3835,1709836129.0044425,1709836129.0044494
3836,1709836129.1000853,1709836129.1000903
3837,1709836129.20802,1709836129.208025
3838,1709836129.3040478,1709836129.3040535
3839,1709836129.4030645,1709836129.4030704
3840,1709836129.5048773,1709836129.5048819
3841,1709836129.6000044,1709836129.6000097
3842,1709836129.700346,1709836129.7003522
3843,1709836129.7992759,1709836129.7992818
3844,1709836129.904903,1709836129.9049072
3845,1709836130.0034387,1709836130.0034437
3846,1709836130.103177,1709836130.1031823
3847,1709836130.2168472,1709836130.22321
3848,1709836130.3092859,1709836130.314623
3849,1709836130.41386,1709836130.4221723
3850,1709836130.5122557,1709836130.5184617
3851,1709836130.6025162,1709836130.6078813
3852,1709836130.7037258,1709836130.7081566
3853,1709836130.8045533,1709836130.8103697
3854,1709836130.9037552,1709836130.9086225
3855,1709836131.0052447,1709836131.0120375
3856,1709836131.1042852,1709836131.1103096
3857,1709836131.2026467,1709836131.2068472
3858,1709836131.3007133,1709836131.3074417
3859,1709836131.411191,1709836131.4165378
3860,1709836131.5056095,1709836131.5153916
3861,1709836131.6129885,1709836131.6194491
3862,1709836131.7042165,1709836131.7111466
3863,1709836131.8088307,1709836131.8156443
3864,1709836131.9089663,1709836131.9155362
3865,1709836132.0133615,1709836132.0174057
3866,1709836132.1078582,1709836132.115368
3867,1709836132.2001052,1709836132.2059886
3868,1709836132.306284,1709836132.312641
3869,1709836132.4123247,1709836132.4197052
3870,1709836132.5082061,1709836132.5135937
3871,1709836132.6068556,1709836132.6140018
3872,1709836132.71487,1709836132.7210376
3873,1709836132.8140895,1709836132.820472
3874,1709836132.912027,1709836132.9230657
3875,1709836133.0119038,1709836133.0179427
3876,1709836133.110985,1709836133.1190426
3877,1709836133.2124562,1709836133.2193298
3878,1709836133.3055007,1709836133.312369
3879,1709836133.4129875,1709836133.4193213
3880,1709836133.5051346,1709836133.5098271
3881,1709836133.6056294,1709836133.6120372
3882,1709836133.709326,1709836133.715491
3883,1709836133.8115888,1709836133.819477
3884,1709836133.920273,1709836133.9262533
3885,1709836134.0060678,1709836134.0122905
3886,1709836134.1094482,1709836134.1153798
3887,1709836134.213109,1709836134.2183855
3888,1709836134.3139524,1709836134.3202376
3889,1709836134.4171166,1709836134.425211
3890,1709836134.5153284,1709836134.5214913
3891,1709836134.6066084,1709836134.6132646
3892,1709836134.6989975,1709836134.7054071
3893,1709836134.8145113,1709836134.8207695
3894,1709836134.9092853,1709836134.914644
3895,1709836135.0032196,1709836135.0094872
3896,1709836135.1207795,1709836135.1283662
3897,1709836135.2083788,1709836135.2143621
3898,1709836135.2990303,1709836135.30457
3899,1709836135.4062328,1709836135.4167519
3900,1709836135.5073454,1709836135.5171735
3901,1709836135.6025083,1709836135.611036
3902,1709836135.7127404,1709836135.7213337
3903,1709836135.8013067,1709836135.8054287
3904,1709836135.8998337,1709836135.9061048
3905,1709836136.015512,1709836136.0219824
3906,1709836136.1057134,1709836136.112128
3907,1709836136.1977763,1709836136.2038076
3908,1709836136.3109186,1709836136.316817
3909,1709836136.3986022,1709836136.404816
3910,1709836136.509304,1709836136.515229
3911,1709836136.61918,1709836136.626121
3912,1709836136.70692,1709836136.713107
3913,1709836136.8047755,1709836136.8108306
3914,1709836136.9025934,1709836136.910421
3915,1709836137.0046115,1709836137.0152707
3916,1709836137.1052134,1709836137.110231
3917,1709836137.2215981,1709836137.2289226
3918,1709836137.3142045,1709836137.3198285
3919,1709836137.4031606,1709836137.410698
3920,1709836137.5127935,1709836137.5174067
3921,1709836137.6028168,1709836137.6101713
3922,1709836137.7022371,1709836137.709101
3923,1709836137.8018186,1709836137.8073545
3924,1709836137.8997905,1709836137.9072013
3925,1709836138.0051725,1709836138.0131516
3926,1709836138.1036167,1709836138.1096196
3927,1709836138.202948,1709836138.2098024
3928,1709836138.3083808,1709836138.314709
3929,1709836138.409637,1709836138.4166732
3930,1709836138.5125692,1709836138.5190969
3931,1709836138.601577,1709836138.6074274
3932,1709836138.7121122,1709836138.7177963
3933,1709836138.808704,1709836138.8150625
3934,1709836138.9061098,1709836138.9137642
3935,1709836139.0147066,1709836139.0221114
3936,1709836139.1129277,1709836139.1207635
3937,1709836139.2052417,1709836139.2106726
3938,1709836139.3048112,1709836139.311295
3939,1709836139.4092116,1709836139.4148464
3940,1709836139.5088193,1709836139.5140846
3941,1709836139.5982718,1709836139.6046894
3942,1709836139.7068,1709836139.7129886
3943,1709836139.7989047,1709836139.8055322
3944,1709836139.904813,1709836139.9095192
3945,1709836140.0147605,1709836140.02258
3946,1709836140.1109703,1709836140.1175215
3947,1709836140.2136383,1709836140.2183094
3948,1709836140.3021615,1709836140.308418
3949,1709836140.4061158,1709836140.412261
3950,1709836140.5041318,1709836140.5108743
3951,1709836140.5993173,1709836140.6067827
3952,1709836140.700812,1709836140.7071996
3953,1709836140.809715,1709836140.8137147
3954,1709836140.9038186,1709836140.9096684
3955,1709836141.0050955,1709836141.0115852
3956,1709836141.1035998,1709836141.1109478
3957,1709836141.1987615,1709836141.2062979
3958,1709836141.3022454,1709836141.3085227
3959,1709836141.3979442,1709836141.403674
3960,1709836141.5034335,1709836141.5091262
3961,1709836141.6061826,1709836141.61497
3962,1709836141.7080712,1709836141.7202952
3963,1709836141.8064194,1709836141.813596
3964,1709836141.906235,1709836141.9121165
3965,1709836142.005197,1709836142.0119264
3966,1709836142.1152153,1709836142.1276057
3967,1709836142.220396,1709836142.2277586
3968,1709836142.310176,1709836142.32059
3969,1709836142.4057186,1709836142.4169438
3970,1709836142.5084171,1709836142.5137708
3971,1709836142.612599,1709836142.6181583
3972,1709836142.7094114,1709836142.7150035
3973,1709836142.8054776,1709836142.8115325
3974,1709836142.906098,1709836142.9130232
3975,1709836143.0047226,1709836143.0099137
3976,1709836143.106978,1709836143.1125646
3977,1709836143.1993692,1709836143.2058952
3978,1709836143.302723,1709836143.3091204
3979,1709836143.397349,1709836143.4041398
3980,1709836143.5059617,1709836143.5113003
3981,1709836143.6021109,1709836143.6075368
3982,1709836143.6999536,1709836143.70495
3983,1709836143.803138,1709836143.809062
3984,1709836143.906249,1709836143.9121876
3985,1709836144.0139558,1709836144.0193667
3986,1709836144.103707,1709836144.1078632
3987,1709836144.2077248,1709836144.2136133
3988,1709836144.299247,1709836144.3037527
3989,1709836144.4128382,1709836144.4174275
3990,1709836144.518354,1709836144.523502
3991,1709836144.603954,1709836144.6098015
3992,1709836144.705642,1709836144.7103891
3993,1709836144.8037465,1709836144.8094492
3994,1709836144.9123352,1709836144.9193716
3995,1709836145.0004144,1709836145.0057552
3996,1709836145.108297,1709836145.1132977
3997,1709836145.208871,1709836145.2128983
3998,1709836145.3027465,1709836145.3083982
3999,1709836145.3983076,1709836145.4051814
4000,1709836145.5061264,1709836145.5119858
4001,1709836145.6068223,1709836145.6120727
4002,1709836145.7109058,1709836145.7183614
4003,1709836145.8047664,1709836145.8107078
4004,1709836145.9082906,1709836145.9160395
4005,1709836146.0031884,1709836146.0086524
4006,1709836146.1009402,1709836146.1058438
4007,1709836146.201001,1709836146.2068212
4008,1709836146.3001025,1709836146.3161333
4009,1709836146.4173725,1709836146.4237032
4010,1709836146.4990277,1709836146.5059114
4011,1709836146.605999,1709836146.6151686
4012,1709836146.7039368,1709836146.713642
4013,1709836146.808592,1709836146.817149
4014,1709836146.906209,1709836146.9127104
4015,1709836147.0001016,1709836147.0064025
4016,1709836147.1062496,1709836147.1161134
4017,1709836147.1991343,1709836147.2068412
4018,1709836147.2986972,1709836147.3046515
4019,1709836147.4016447,1709836147.4075391
4020,1709836147.5165205,1709836147.5225623
4021,1709836147.6019945,1709836147.6108637
4022,1709836147.6999128,1709836147.7063932
4023,1709836147.8076742,1709836147.8149679
4024,1709836147.8996596,1709836147.9066231
4025,1709836148.0073664,1709836148.0140212
4026,1709836148.104479,1709836148.1114595
4027,1709836148.205177,1709836148.2125294
4028,1709836148.3082316,1709836148.3156512
4029,1709836148.4006226,1709836148.4069312
4030,1709836148.509017,1709836148.5186956
4031,1709836148.59878,1709836148.6047976
4032,1709836148.7006502,1709836148.7088816
4033,1709836148.7982323,1709836148.8044772
4034,1709836148.9012713,1709836148.9071057
4035,1709836149.0073485,1709836149.0156937
4036,1709836149.1031425,1709836149.1085255
4037,1709836149.2009926,1709836149.2071564
4038,1709836149.3022618,1709836149.3088367
4039,1709836149.4006755,1709836149.4068253
4040,1709836149.5010195,1709836149.5064955
4041,1709836149.6055562,1709836149.6111565
4042,1709836149.6970136,1709836149.7012882
4043,1709836149.8010104,1709836149.8069854
4044,1709836149.9002542,1709836149.9086394
4045,1709836150.0067081,1709836150.013547
4046,1709836150.0991313,1709836150.104313
4047,1709836150.2045624,1709836150.2115438
4048,1709836150.3001614,1709836150.3062615
4049,1709836150.3997629,1709836150.405291
4050,1709836150.4979172,1709836150.5029151
4051,1709836150.6042254,1709836150.6100874
4052,1709836150.7045481,1709836150.7115953
4053,1709836150.8001237,1709836150.8054194
4054,1709836150.9006667,1709836150.9066865
4055,1709836151.001338,1709836151.0073013
4056,1709836151.1093466,1709836151.1151962
4057,1709836151.2011056,1709836151.2090561
4058,1709836151.2994502,1709836151.3049622
4059,1709836151.409662,1709836151.4161859
4060,1709836151.4994314,1709836151.504699
4061,1709836151.5993855,1709836151.6043522
4062,1709836151.6979148,1709836151.707944
4063,1709836151.8038983,1709836151.8098016
4064,1709836151.9001033,1709836151.905757
4065,1709836152.0013397,1709836152.0081716
4066,1709836152.1068232,1709836152.1151986
4067,1709836152.2032387,1709836152.2092183
4068,1709836152.3058372,1709836152.313185
4069,1709836152.4043086,1709836152.4092915
4070,1709836152.50619,1709836152.5138109
4071,1709836152.603112,1709836152.6091554
4072,1709836152.7007635,1709836152.7068403
4073,1709836152.7985098,1709836152.8032653
4074,1709836152.9010572,1709836152.9051495
4075,1709836152.9990675,1709836153.005065
4076,1709836153.110041,1709836153.1156452
4077,1709836153.197526,1709836153.2025454
4078,1709836153.3012905,1709836153.3067217
4079,1709836153.4022894,1709836153.4081607
4080,1709836153.501567,1709836153.5077717
4081,1709836153.601775,1709836153.6067953
4082,1709836153.7007747,1709836153.7076213
4083,1709836153.806186,1709836153.8121424
4084,1709836153.8993077,1709836153.9075232
4085,1709836154.0057428,1709836154.012006
4086,1709836154.1024508,1709836154.1092532
4087,1709836154.1955552,1709836154.2006814
4088,1709836154.301418,1709836154.307677
4089,1709836154.4007366,1709836154.4055347
4090,1709836154.5031245,1709836154.5095143
4091,1709836154.5990963,1709836154.6041799
4092,1709836154.6989691,1709836154.7060885
4093,1709836154.801249,1709836154.805879
4094,1709836154.902606,1709836154.9089358
4095,1709836154.99841,1709836155.0034714
4096,1709836155.0967424,1709836155.1013365
4097,1709836155.2066793,1709836155.2116275
4098,1709836155.3025131,1709836155.3086748
4099,1709836155.3990963,1709836155.4049616
4100,1709836155.498433,1709836155.5027528
4101,1709836155.5974088,1709836155.6108506
4102,1709836155.7026854,1709836155.7080872
4103,1709836155.7995136,1709836155.8056514
4104,1709836155.901867,1709836155.9082072
4105,1709836156.001887,1709836156.006446
4106,1709836156.097316,1709836156.1018176
4107,1709836156.1987402,1709836156.2028344
4108,1709836156.3074281,1709836156.3135767
4109,1709836156.4080672,1709836156.4124398
4110,1709836156.5035443,1709836156.508547
4111,1709836156.6060987,1709836156.6121738
4112,1709836156.7074037,1709836156.7130952
4113,1709836156.7975028,1709836156.804984
4114,1709836156.89771,1709836156.9038227
4115,1709836156.9983914,1709836157.0060894
4116,1709836157.1060696,1709836157.111817
4117,1709836157.2016726,1709836157.2073884
4118,1709836157.297831,1709836157.3037896
4119,1709836157.4000854,1709836157.4053974
4120,1709836157.5003583,1709836157.506715
4121,1709836157.5990396,1709836157.6074474
4122,1709836157.7000158,1709836157.7063808
4123,1709836157.7994688,1709836157.8060565
4124,1709836157.9080906,1709836157.9135976
4125,1709836158.0065212,1709836158.0125084
4126,1709836158.099847,1709836158.105775
4127,1709836158.2143664,1709836158.2198317
4128,1709836158.299032,1709836158.3036735
4129,1709836158.402874,1709836158.4102697
4130,1709836158.5059845,1709836158.5152671
4131,1709836158.6030982,1709836158.608114
4132,1709836158.7083437,1709836158.7146506
4133,1709836158.802613,1709836158.808354
4134,1709836158.9035993,1709836158.907371
4135,1709836159.0024636,1709836159.0068119
4136,1709836159.1039488,1709836159.1095746
4137,1709836159.2061393,1709836159.2117863
4138,1709836159.3038402,1709836159.3092816
4139,1709836159.3987164,1709836159.40579
4140,1709836159.4988933,1709836159.506314
4141,1709836159.6018946,1709836159.60756
4142,1709836159.7054474,1709836159.7107012
4143,1709836159.801138,1709836159.8077152
4144,1709836159.900497,1709836159.9058335
4145,1709836160.0050948,1709836160.0104845
4146,1709836160.106373,1709836160.111749
4147,1709836160.203545,1709836160.2090428
4148,1709836160.3005948,1709836160.305871
4149,1709836160.4045105,1709836160.4099727
4150,1709836160.5031083,1709836160.5087862
4151,1709836160.6064513,1709836160.6117744
4152,1709836160.7033503,1709836160.7087135
4153,1709836160.8065193,1709836160.8121395
4154,1709836160.9060187,1709836160.9109635
4155,1709836161.0051079,1709836161.0111122
4156,1709836161.1058927,1709836161.1111004
4157,1709836161.205249,1709836161.2102134
4158,1709836161.3044548,1709836161.3100147
4159,1709836161.400934,1709836161.4066322
4160,1709836161.5074763,1709836161.5127335
4161,1709836161.6051085,1709836161.6098604
4162,1709836161.6969907,1709836161.7022145
4163,1709836161.8056152,1709836161.8089643
4164,1709836161.9078434,1709836161.9129696
4165,1709836162.0022943,1709836162.0077014
4166,1709836162.1011298,1709836162.1064565
4167,1709836162.2049577,1709836162.2103584
4168,1709836162.3010366,1709836162.3054106
4169,1709836162.4031775,1709836162.4098444
4170,1709836162.5087695,1709836162.5143805
4171,1709836162.6054435,1709836162.610765
4172,1709836162.7030466,1709836162.7081323
4173,1709836162.8031223,1709836162.807542
4174,1709836162.903809,1709836162.9074037
4175,1709836163.0095913,1709836163.0154347
4176,1709836163.101899,1709836163.1073859
4177,1709836163.2040691,1709836163.2094233
4178,1709836163.3042686,1709836163.309855
4179,1709836163.4069433,1709836163.4120243
4180,1709836163.5005178,1709836163.5068831
4181,1709836163.608077,1709836163.614333
4182,1709836163.7009668,1709836163.7065208
4183,1709836163.8044143,1709836163.8098419
4184,1709836163.9040542,1709836163.90969
4185,1709836164.002891,1709836164.0094903
4186,1709836164.110093,1709836164.1148102
4187,1709836164.2061315,1709836164.21126
4188,1709836164.3089833,1709836164.3162208
4189,1709836164.4037576,1709836164.4083872
4190,1709836164.5127761,1709836164.518684
4191,1709836164.6101239,1709836164.615653
4192,1709836164.705879,1709836164.7114315
4193,1709836164.8078167,1709836164.8132474
4194,1709836164.9061348,1709836164.9124513
4195,1709836165.0052822,1709836165.0115778
4196,1709836165.1011229,1709836165.1066403
4197,1709836165.2091365,1709836165.2153304
4198,1709836165.3038833,1709836165.3092394
4199,1709836165.4020376,1709836165.4074154
4200,1709836165.5054355,1709836165.5112581
4201,1709836165.5976696,1709836165.6032746
4202,1709836165.7014244,1709836165.7051606
4203,1709836165.8089678,1709836165.8147554
4204,1709836165.9027882,1709836165.9074664
4205,1709836166.0028965,1709836166.00864
4206,1709836166.102251,1709836166.107641
4207,1709836166.2115996,1709836166.2177558
4208,1709836166.2987142,1709836166.306186
4209,1709836166.40762,1709836166.4131463
4210,1709836166.5036829,1709836166.5104356
4211,1709836166.6021974,1709836166.6082847
4212,1709836166.6995316,1709836166.7050617
4213,1709836166.8035064,1709836166.8085146
4214,1709836166.906991,1709836166.9132786
4215,1709836167.0028527,1709836167.012337
4216,1709836167.1000962,1709836167.1058805
4217,1709836167.2029731,1709836167.207189
4218,1709836167.306706,1709836167.3119826
4219,1709836167.4008582,1709836167.4056885
4220,1709836167.4977746,1709836167.502882
4221,1709836167.6090026,1709836167.615099
4222,1709836167.7011209,1709836167.7057922
4223,1709836167.7991488,1709836167.8030798
4224,1709836167.899277,1709836167.9048421
4225,1709836168.0030396,1709836168.0102408
4226,1709836168.100753,1709836168.106591
4227,1709836168.2055662,1709836168.2123232
4228,1709836168.304658,1709836168.3082569
4229,1709836168.3987489,1709836168.404467
4230,1709836168.5046766,1709836168.5116963
4231,1709836168.6006396,1709836168.6063995
4232,1709836168.7040129,1709836168.709012
4233,1709836168.800036,1709836168.8055322
4234,1709836168.9032335,1709836168.9075782
4235,1709836169.003424,1709836169.0074685
4236,1709836169.1021945,1709836169.1079922
4237,1709836169.205972,1709836169.2156215
4238,1709836169.3028643,1709836169.3088348
4239,1709836169.401301,1709836169.405845
4240,1709836169.5030487,1709836169.5072584
4241,1709836169.6005347,1709836169.6051173
4242,1709836169.6988947,1709836169.7044258
4243,1709836169.8037865,1709836169.8089862
4244,1709836169.9030492,1709836169.9086177
4245,1709836169.9985943,1709836170.005049
4246,1709836170.103602,1709836170.1093404
4247,1709836170.2010741,1709836170.2064333
4248,1709836170.304075,1709836170.31021
4249,1709836170.404474,1709836170.410725
4250,1709836170.50202,1709836170.5074253
4251,1709836170.6007717,1709836170.6063933
4252,1709836170.7044241,1709836170.711576
4253,1709836170.8039055,1709836170.810443
4254,1709836170.899458,1709836170.9067647
4255,1709836171.0076387,1709836171.0129595
4256,1709836171.1099963,1709836171.1155303
4257,1709836171.1985888,1709836171.2039754
4258,1709836171.3042624,1709836171.310903
4259,1709836171.4048004,1709836171.410363
4260,1709836171.5089731,1709836171.5138905
4261,1709836171.602994,1709836171.6092045
4262,1709836171.7024732,1709836171.7100754
4263,1709836171.8022685,1709836171.8079069
4264,1709836171.9255872,1709836171.9323611
4265,1709836172.0067058,1709836172.014851
4266,1709836172.1015058,1709836172.1088986
4267,1709836172.2073615,1709836172.2128506
4268,1709836172.3027272,1709836172.3077621
4269,1709836172.407616,1709836172.4135246
4270,1709836172.5083377,1709836172.514723
4271,1709836172.6077185,1709836172.6128469
4272,1709836172.7000659,1709836172.7048411
4273,1709836172.8117719,1709836172.8172245
4274,1709836172.9111357,1709836172.916747
4275,1709836173.0139108,1709836173.0189488
4276,1709836173.0980694,1709836173.1050878
4277,1709836173.201303,1709836173.206076
4278,1709836173.30545,1709836173.3110127
4279,1709836173.407547,1709836173.4134738
4280,1709836173.5027251,1709836173.5098329
4281,1709836173.6074793,1709836173.612175
4282,1709836173.705247,1709836173.7110023
4283,1709836173.8037183,1709836173.8097494
4284,1709836173.898147,1709836173.9038556
4285,1709836174.001599,1709836174.0065582
4286,1709836174.0973394,1709836174.1010528
4287,1709836174.2133493,1709836174.2197402
4288,1709836174.298281,1709836174.3038704
4289,1709836174.4108076,1709836174.4165099
4290,1709836174.5117447,1709836174.5181818
4291,1709836174.606521,1709836174.6122851
4292,1709836174.7018893,1709836174.7078726
4293,1709836174.8141618,1709836174.8206565
4294,1709836174.898512,1709836174.9042196
4295,1709836175.0049434,1709836175.0118613
4296,1709836175.0997276,1709836175.106217
4297,1709836175.205585,1709836175.2106574
4298,1709836175.30701,1709836175.3120987
4299,1709836175.4151883,1709836175.4208553
4300,1709836175.505114,1709836175.510761
4301,1709836175.6110008,1709836175.6167836
4302,1709836175.705056,1709836175.7104154
4303,1709836175.7986977,1709836175.804177
4304,1709836175.901052,1709836175.9059668
4305,1709836176.0035295,1709836176.0103734
4306,1709836176.100722,1709836176.1063995
4307,1709836176.2129428,1709836176.2182992
4308,1709836176.304309,1709836176.3101983
4309,1709836176.4126372,1709836176.420088
4310,1709836176.5025723,1709836176.5089414
4311,1709836176.6043575,1709836176.6101363
4312,1709836176.7017093,1709836176.7083888
4313,1709836176.8101947,1709836176.817301
4314,1709836176.9123373,1709836176.9176776
4315,1709836177.0122795,1709836177.0182219
4316,1709836177.1119547,1709836177.1177902
4317,1709836177.2112687,1709836177.2180102
4318,1709836177.3049219,1709836177.3104794
4319,1709836177.398672,1709836177.403725
4320,1709836177.517457,1709836177.5174625
4321,1709836177.6070921,1709836177.6070983
4322,1709836177.7065504,1709836177.706556
4323,1709836177.802765,1709836177.8027701
4324,1709836177.8981774,1709836177.8981817
4325,1709836177.9971843,1709836177.9971905
4326,1709836178.1075404,1709836178.1075468
4327,1709836178.2085934,1709836178.2085996
4328,1709836178.3045473,1709836178.3045526
4329,1709836178.4073994,1709836178.4074042
4330,1709836178.5049253,1709836178.5049303
4331,1709836178.5971282,1709836178.5971327
4332,1709836178.7035089,1709836178.7035143
4333,1709836178.8062034,1709836178.806209
4334,1709836178.8996947,1709836178.8996997
4335,1709836179.004873,1709836179.0048788
4336,1709836179.1121106,1709836179.1121159
4337,1709836179.2030282,1709836179.2030337
4338,1709836179.3011022,1709836179.3011081
4339,1709836179.4015086,1709836179.4015148
4340,1709836179.4994292,1709836179.4994347
4341,1709836179.6052217,1709836179.6052272
4342,1709836179.7050002,1709836179.7050061
4343,1709836179.8009462,1709836179.8009527
4344,1709836179.907111,1709836179.9071157
4345,1709836179.9995797,1709836179.9995837
4346,1709836180.102119,1709836180.1021256
4347,1709836180.2068734,1709836180.2068791
4348,1709836180.3095102,1709836180.309516
4349,1709836180.3994143,1709836180.39942
4350,1709836180.506902,1709836180.5069065
4351,1709836180.5973647,1709836180.5973713
4352,1709836180.7012613,1709836180.7012699
4353,1709836180.798921,1709836180.7989268
4354,1709836180.9085054,1709836180.9085107
4355,1709836181.0007346,1709836181.0007405
4356,1709836181.1079764,1709836181.1079812
4357,1709836181.203506,1709836181.2035112
4358,1709836181.3038285,1709836181.3038325
4359,1709836181.4008038,1709836181.4008112
4360,1709836181.4989872,1709836181.4989958
4361,1709836181.602194,1709836181.6022003
4362,1709836181.7096899,1709836181.7096949
4363,1709836181.7988162,1709836181.7988224
4364,1709836181.9029016,1709836181.9029074
4365,1709836182.0006988,1709836182.0007038
4366,1709836182.1054337,1709836182.1054378
4367,1709836182.198763,1709836182.198767
4368,1709836182.3053277,1709836182.3053315
4369,1709836182.4051807,1709836182.405187
4370,1709836182.505651,1709836182.5056574
4371,1709836182.6053963,1709836182.605402
4372,1709836182.7047093,1709836182.7047148
4373,1709836182.7990086,1709836182.7990127
4374,1709836182.9011083,1709836182.9011137
4375,1709836183.003127,1709836183.0031323
4376,1709836183.1145744,1709836183.1145782
4377,1709836183.2054086,1709836183.205414
4378,1709836183.3070676,1709836183.3070755
4379,1709836183.400567,1709836183.4005723
4380,1709836183.5063267,1709836183.5063324
4381,1709836183.6100702,1709836183.610076
4382,1709836183.7034256,1709836183.703432
4383,1709836183.8021927,1709836183.8021982
4384,1709836183.8986547,1709836183.8986611
4385,1709836184.015807,1709836184.015814
4386,1709836184.1016295,1709836184.1016357
4387,1709836184.1989539,1709836184.19896
4388,1709836184.300877,1709836184.300884
4389,1709836184.3994293,1709836184.3994334
4390,1709836184.5052075,1709836184.5052147
4391,1709836184.604672,1709836184.6046782
4392,1709836184.7035193,1709836184.7035263
4393,1709836184.8069775,1709836184.806983
4394,1709836184.9010448,1709836184.9010496
4395,1709836184.997459,1709836184.997465
4396,1709836185.1081977,1709836185.1082022
4397,1709836185.1991181,1709836185.1991239
4398,1709836185.2980895,1709836185.2980945
4399,1709836185.4020178,1709836185.402023
4400,1709836185.5150437,1709836185.5150502
4401,1709836185.6111445,1709836185.6111505
4402,1709836185.7021172,1709836185.7021227
4403,1709836185.8048596,1709836185.8048654
4404,1709836185.8965173,1709836185.8965228
4405,1709836186.001471,1709836186.0014775
4406,1709836186.101758,1709836186.1017647
4407,1709836186.2019062,1709836186.2019114
4408,1709836186.3005917,1709836186.300596
4409,1709836186.402882,1709836186.4028876
4410,1709836186.5002396,1709836186.500245
4411,1709836186.5997124,1709836186.5997162
4412,1709836186.7026293,1709836186.702635
4413,1709836186.8014429,1709836186.801449
4414,1709836186.9012597,1709836186.9012656
4415,1709836187.0023623,1709836187.002368
4416,1709836187.1038408,1709836187.1038446
4417,1709836187.2017004,1709836187.2017064
4418,1709836187.2991695,1709836187.2991762
4419,1709836187.4028986,1709836187.4029038
4420,1709836187.5027392,1709836187.5027447
4421,1709836187.6028798,1709836187.6028857
4422,1709836187.712114,1709836187.7121198
4423,1709836187.8034096,1709836187.8034139
4424,1709836187.9024627,1709836187.9024668
4425,1709836187.9986043,1709836187.9986103
4426,1709836188.1058848,1709836188.1058908
4427,1709836188.2007916,1709836188.2007985
4428,1709836188.3017943,1709836188.301801
4429,1709836188.4023106,1709836188.4023168
4430,1709836188.5044868,1709836188.5044944
4431,1709836188.6000507,1709836188.6000547
4432,1709836188.702835,1709836188.7028408
4433,1709836188.8033845,1709836188.8033903
4434,1709836188.899207,1709836188.8992124
4435,1709836189.0080507,1709836189.0080564
4436,1709836189.10998,1709836189.1099837
4437,1709836189.2035432,1709836189.203549
4438,1709836189.297608,1709836189.2976139
4439,1709836189.40501,1709836189.4050167
4440,1709836189.4996846,1709836189.4996884
4441,1709836189.6066368,1709836189.606642
4442,1709836189.7040331,1709836189.7040403
4443,1709836189.800451,1709836189.8004572
4444,1709836189.9052534,1709836189.9052577
4445,1709836189.9974654,1709836189.997472
4446,1709836190.1101348,1709836190.1101418
4447,1709836190.2006154,1709836190.2006226
4448,1709836190.2998781,1709836190.299885
4449,1709836190.4013417,1709836190.4013476
4450,1709836190.5003533,1709836190.5003588
4451,1709836190.6084116,1709836190.6084187
4452,1709836190.7034369,1709836190.7034442
4453,1709836190.8028054,1709836190.8028138
4454,1709836190.9002523,1709836190.900259
4455,1709836191.000316,1709836191.000323
4456,1709836191.0997758,1709836191.099782
4457,1709836191.2002995,1709836191.200305
4458,1709836191.308051,1709836191.3080575
4459,1709836191.3992202,1709836191.3992264
4460,1709836191.4967866,1709836191.4967935
4461,1709836191.6005723,1709836191.6005783
4462,1709836191.7027133,1709836191.7027197
4463,1709836191.8030684,1709836191.8030758
4464,1709836191.901688,1709836191.9016953
4465,1709836192.004358,1709836192.0043645
4466,1709836192.111625,1709836192.1116316
4467,1709836192.204203,1709836192.2042103
4468,1709836192.2972589,1709836192.2972643
4469,1709836192.399727,1709836192.3997307
4470,1709836192.4983902,1709836192.4983957
4471,1709836192.6030226,1709836192.6030333
4472,1709836192.7048788,1709836192.704886
4473,1709836192.8023543,1709836192.80236
4474,1709836192.9115195,1709836192.9115248
4475,1709836193.0088282,1709836193.0088344
4476,1709836193.098283,1709836193.098287
4477,1709836193.2056234,1709836193.2056293
4478,1709836193.30457,1709836193.3045754
4479,1709836193.4123263,1709836193.4123313
4480,1709836193.5101836,1709836193.5101898
4481,1709836193.6057792,1709836193.6057847
4482,1709836193.7067485,1709836193.7067533
4483,1709836193.7989032,1709836193.798909
4484,1709836193.9034173,1709836193.903422
4485,1709836194.0067177,1709836194.006723
4486,1709836194.1052516,1709836194.1052568
4487,1709836194.197459,1709836194.1974645
4488,1709836194.303158,1709836194.3031633
4489,1709836194.405924,1709836194.4059296
4490,1709836194.4990537,1709836194.4990873
4491,1709836194.6049592,1709836194.6049652
4492,1709836194.6979163,1709836194.6979225
4493,1709836194.804222,1709836194.804228
4494,1709836194.9186776,1709836194.918683
4495,1709836195.0122638,1709836195.0122688
4496,1709836195.1078267,1709836195.1078327
4497,1709836195.2054002,1709836195.2054045
4498,1709836195.305766,1709836195.3057718
4499,1709836195.4028766,1709836195.4028835
4500,1709836195.5065203,1709836195.5065253
4501,1709836195.6100862,1709836195.6100924
4502,1709836195.6977646,1709836195.6977718
4503,1709836195.8046825,1709836195.804688
4504,1709836195.8980982,1709836195.8981044
4505,1709836196.004222,1709836196.004228
4506,1709836196.1052432,1709836196.105249
4507,1709836196.2086372,1709836196.208642
4508,1709836196.3029778,1709836196.3029833
4509,1709836196.4103165,1709836196.4103215
4510,1709836196.5053244,1709836196.5053298
4511,1709836196.604522,1709836196.604527
4512,1709836196.7107375,1709836196.710743
4513,1709836196.8054404,1709836196.805446
4514,1709836196.9088995,1709836196.9089048
4515,1709836197.0059736,1709836197.0059788
4516,1709836197.101116,1709836197.101124
4517,1709836197.2047365,1709836197.204743
4518,1709836197.3035288,1709836197.3035324
4519,1709836197.7102637,1709836197.7178423
4520,1709836197.7252254,1709836197.7324722
4521,1709836197.8201456,1709836197.8256445
4522,1709836197.9133112,1709836197.9187794
4523,1709836198.0132613,1709836198.0196037
4524,1709836198.1169984,1709836198.1228359
4525,1709836198.2140737,1709836198.218109
4526,1709836198.3065674,1709836198.314182
4527,1709836198.4075458,1709836198.413146
4528,1709836198.4995167,1709836198.505316
4529,1709836198.599974,1709836198.605674
4530,1709836198.6999974,1709836198.704959
4531,1709836198.803016,1709836198.8094485
4532,1709836198.9017718,1709836198.907139
4533,1709836199.0081694,1709836199.0147676
4534,1709836199.102988,1709836199.1084673
4535,1709836199.2045891,1709836199.2109256
4536,1709836199.3041613,1709836199.3102646
4537,1709836199.4080026,1709836199.4150858
4538,1709836199.4994524,1709836199.5060112
4539,1709836199.6184273,1709836199.6257539
4540,1709836199.7088354,1709836199.71832
4541,1709836199.8078723,1709836199.8138697
4542,1709836199.9060197,1709836199.9097383
4543,1709836200.0010936,1709836200.0070987
4544,1709836200.0998387,1709836200.1053035
4545,1709836200.205117,1709836200.2123024
4546,1709836200.3122048,1709836200.318425
4547,1709836200.4063926,1709836200.4123595
4548,1709836200.5087678,1709836200.5155458
4549,1709836200.602363,1709836200.607793
4550,1709836200.7035313,1709836200.7103343
4551,1709836200.8056126,1709836200.8129098
4552,1709836200.9115555,1709836200.9176064
4553,1709836201.0043488,1709836201.0099316
4554,1709836201.1179621,1709836201.1238275
4555,1709836201.2029743,1709836201.2089925
4556,1709836201.309654,1709836201.317987
4557,1709836201.400928,1709836201.4068828
4558,1709836201.5007632,1709836201.5060265
4559,1709836201.6025062,1709836201.6093473
4560,1709836201.7177706,1709836201.717779
4561,1709836201.8020585,1709836201.8020647
4562,1709836201.8989437,1709836201.89895
4563,1709836201.9987411,1709836201.9987469
4564,1709836202.100565,1709836202.1005707
4565,1709836202.2042475,1709836202.2042534
4566,1709836202.3098328,1709836202.3098385
4567,1709836202.4130096,1709836202.4130158
4568,1709836202.503794,1709836202.5038002
4569,1709836202.6076398,1709836202.6076474
4570,1709836202.7019527,1709836202.7019584
4571,1709836202.8096523,1709836202.80966
4572,1709836202.904973,1709836202.9049797
4573,1709836203.0067225,1709836203.0067277
4574,1709836203.1019008,1709836203.1019082
4575,1709836203.2025323,1709836203.2025394
4576,1709836203.305703,1709836203.305708
4577,1709836203.4033165,1709836203.4033215
4578,1709836203.5034945,1709836203.5035014
4579,1709836203.6061125,1709836203.6061182
4580,1709836203.7099073,1709836203.7099125
4581,1709836203.8135767,1709836203.8135824
4582,1709836203.908447,1709836203.9084523
4583,1709836203.9992619,1709836203.999268
4584,1709836204.1030545,1709836204.1030612
4585,1709836204.2072244,1709836204.2072308
4586,1709836204.3047931,1709836204.3048007
4587,1709836204.3995488,1709836204.3995538
4588,1709836204.5097594,1709836204.509766
4589,1709836204.602356,1709836204.6023605
4590,1709836204.6968453,1709836204.6968515
4591,1709836204.8066158,1709836204.806622
4592,1709836204.9037488,1709836204.9037542
4593,1709836205.0113592,1709836205.0113876
4594,1709836205.1039636,1709836205.1039705
4595,1709836205.198183,1709836205.1981893
4596,1709836205.3059998,1709836205.3060076
4597,1709836205.4155505,1709836205.4155571
4598,1709836205.4990113,1709836205.4990163
4599,1709836205.605921,1709836205.605928
4600,1709836205.704054,1709836205.7040606
4601,1709836205.8093061,1709836205.809311
4602,1709836205.901931,1709836205.901937
4603,1709836206.002143,1709836206.0021484
4604,1709836206.0981345,1709836206.0981421
4605,1709836206.2186697,1709836206.2186766
4606,1709836206.3085968,1709836206.3086019
4607,1709836206.4160492,1709836206.416054
4608,1709836206.5073848,1709836206.507389
4609,1709836206.6096485,1709836206.6096547
4610,1709836206.70364,1709836206.703646
4611,1709836206.8010204,1709836206.8010273
4612,1709836206.901699,1709836206.901704
4613,1709836206.9985316,1709836206.9985383
4614,1709836207.099434,1709836207.0994396
4615,1709836207.1971304,1709836207.1971364
4616,1709836207.2986777,1709836207.2986836
4617,1709836207.4052546,1709836207.4052615
4618,1709836207.5013087,1709836207.5013144
4619,1709836207.5980122,1709836207.5980191
4620,1709836207.703556,1709836207.7035627
4621,1709836207.806752,1709836207.8067627
4622,1709836207.898482,1709836207.8984883
4623,1709836207.9994423,1709836207.9994488
4624,1709836208.0973432,1709836208.0973496
4625,1709836208.2035787,1709836208.203585
4626,1709836208.3019943,1709836208.3020022
4627,1709836208.4075196,1709836208.4075277
4628,1709836208.502769,1709836208.5027757
4629,1709836208.6004689,1709836208.6004763
4630,1709836208.703487,1709836208.7034936
4631,1709836208.805343,1709836208.8053486
4632,1709836208.8988657,1709836208.89887
4633,1709836209.00529,1709836209.0052953
4634,1709836209.1057897,1709836209.1057951
4635,1709836209.2080142,1709836209.2080219
4636,1709836209.307683,1709836209.3076887
4637,1709836209.4098027,1709836209.4098089
4638,1709836209.4974074,1709836209.4974134
4639,1709836209.6022525,1709836209.602258
4640,1709836209.702701,1709836209.7027066
4641,1709836209.8029468,1709836209.8029501
4642,1709836209.8986952,1709836209.8987007
4643,1709836210.0061328,1709836210.0061388
4644,1709836210.1142995,1709836210.1143034
4645,1709836210.2090988,1709836210.2091033
4646,1709836210.3036492,1709836210.3036554
4647,1709836210.3991747,1709836210.3991795
4648,1709836210.5032218,1709836210.5032284
4649,1709836210.601397,1709836210.6014025
4650,1709836210.702723,1709836210.7027285
4651,1709836210.8044918,1709836210.8044987
4652,1709836210.903586,1709836210.9035923
4653,1709836211.0094683,1709836211.0094745
4654,1709836211.1036806,1709836211.1036863
4655,1709836211.2059762,1709836211.2059827
4656,1709836211.297784,1709836211.2977903
4657,1709836211.4108925,1709836211.410898
4658,1709836211.5110452,1709836211.5110507
4659,1709836211.6064708,1709836211.6064756
4660,1709836211.7042537,1709836211.7042594
4661,1709836211.7998474,1709836211.799853
4662,1709836211.9105766,1709836211.9105818
4663,1709836212.000431,1709836212.0004363
4664,1709836212.097206,1709836212.0972102
4665,1709836212.2049448,1709836212.2049506
4666,1709836212.304206,1709836212.3042138
4667,1709836212.4135184,1709836212.413525
4668,1709836212.5161235,1709836212.5161288
4669,1709836212.613468,1709836212.613474
4670,1709836212.7032084,1709836212.7032146
4671,1709836212.799384,1709836212.7993903
4672,1709836212.898409,1709836212.898415
4673,1709836213.0028806,1709836213.0028868
4674,1709836213.1052866,1709836213.1052918
4675,1709836213.2071269,1709836213.2071323
4676,1709836213.309868,1709836213.3098724
4677,1709836213.3997676,1709836213.3997753
4678,1709836213.500168,1709836213.5001771
4679,1709836213.6008284,1709836213.6008344
4680,1709836213.7075698,1709836213.7075734
4681,1709836213.814687,1709836213.8146937
4682,1709836213.9029994,1709836213.9030056
4683,1709836213.999872,1709836213.9998784
4684,1709836214.1111634,1709836214.1111696
4685,1709836214.1988287,1709836214.1988358
4686,1709836214.3008869,1709836214.300892
4687,1709836214.402315,1709836214.402321
4688,1709836214.5017958,1709836214.5018024
4689,1709836214.5998554,1709836214.5998626
4690,1709836214.712603,1709836214.7126143
4691,1709836214.8095467,1709836214.809551
4692,1709836214.9054773,1709836214.905483
4693,1709836215.004241,1709836215.004245
4694,1709836215.1134367,1709836215.113445
4695,1709836215.2168071,1709836215.2168145
4696,1709836215.3086958,1709836215.3087025
4697,1709836215.4036233,1709836215.4036312
4698,1709836215.4981937,1709836215.4982002
4699,1709836215.6108978,1709836215.6109037
4700,1709836215.7062209,1709836215.7062263
4701,1709836215.8103683,1709836215.8103743
4702,1709836215.916448,1709836215.9164524
4703,1709836216.0091436,1709836216.0091496
4704,1709836216.1234913,1709836216.123498
4705,1709836216.2060728,1709836216.2060788
4706,1709836216.3134723,1709836216.3134782
4707,1709836216.4042296,1709836216.4042346
4708,1709836216.499699,1709836216.4997034
4709,1709836216.5997758,1709836216.5997815
4710,1709836216.7136254,1709836216.7136297
4711,1709836216.8056662,1709836216.8056726
4712,1709836216.9168966,1709836216.9169018
4713,1709836217.018073,1709836217.0180779
4714,1709836217.114677,1709836217.114683
4715,1709836217.2093194,1709836217.2093256
4716,1709836217.3042798,1709836217.3042862
4717,1709836217.4072785,1709836217.4072843
4718,1709836217.4979515,1709836217.4979591
4719,1709836217.6037512,1709836217.6038342
4720,1709836217.698451,1709836217.6984932
4721,1709836217.8039255,1709836217.8039799
4722,1709836217.915859,1709836217.915933
4723,1709836218.0021455,1709836218.0021942
4724,1709836218.1022973,1709836218.1023483
4725,1709836218.2134268,1709836218.2134717
4726,1709836218.3040545,1709836218.304104
4727,1709836218.3973045,1709836218.3973548
4728,1709836218.5200949,1709836218.5201728
4729,1709836218.6123273,1709836218.612368
4730,1709836218.6999512,1709836218.7000005
4731,1709836218.8023198,1709836218.8023875
4732,1709836218.9030602,1709836218.903126
4733,1709836218.9987898,1709836218.9988642
4734,1709836219.1127927,1709836219.1128378
4735,1709836219.214741,1709836219.214793
4736,1709836219.3157985,1709836219.3158507
4737,1709836219.4110327,1709836219.411138
4738,1709836219.502792,1709836219.5028498
4739,1709836219.605949,1709836219.6060452
4740,1709836219.707518,1709836219.707564
4741,1709836219.7962844,1709836219.7963545
4742,1709836219.9018087,1709836219.9018893
4743,1709836220.0193434,1709836220.0194232
4744,1709836220.1098418,1709836220.109906
4745,1709836220.199224,1709836220.1993413
4746,1709836220.3194542,1709836220.3194911
4747,1709836220.4035766,1709836220.4036233
4748,1709836220.5047278,1709836220.5048444
4749,1709836220.6135876,1709836220.613643
4750,1709836220.7117949,1709836220.7118564
4751,1709836220.8066597,1709836220.8067598
4752,1709836220.9111233,1709836220.911212
4753,1709836221.0162125,1709836221.0162852
4754,1709836221.1110613,1709836221.1111867
4755,1709836221.204277,1709836221.204358
4756,1709836221.305092,1709836221.3051753
4757,1709836221.4167635,1709836221.4168525
4758,1709836221.5067222,1709836221.5068042
4759,1709836221.602646,1709836221.6027372
4760,1709836221.7037072,1709836221.7037885
4761,1709836221.819294,1709836221.8193617
4762,1709836221.9073403,1709836221.9074252
4763,1709836222.0037675,1709836222.0038247
4764,1709836222.1114163,1709836222.111472
4765,1709836222.2042382,1709836222.2042766
4766,1709836222.3026874,1709836222.3027701
4767,1709836222.4022593,1709836222.4023097
4768,1709836222.505388,1709836222.5054412
4769,1709836222.5996325,1709836222.5996816
4770,1709836222.6973836,1709836222.697431
4771,1709836222.807776,1709836222.8078258
4772,1709836222.9027112,1709836222.9027605
4773,1709836223.0094335,1709836223.0095181
4774,1709836223.1088219,1709836223.1088774
4775,1709836223.2125285,1709836223.21257
4776,1709836223.3194854,1709836223.3195584
4777,1709836223.4043293,1709836223.4044242
4778,1709836223.504187,1709836223.5042663
4779,1709836223.6136549,1709836223.61374
4780,1709836223.706804,1709836223.7068856
4781,1709836223.8025753,1709836223.8026547
4782,1709836223.9073336,1709836223.9074154
4783,1709836224.0138876,1709836224.0139363
4784,1709836224.1056817,1709836224.1057303
4785,1709836224.2078252,1709836224.2078717
4786,1709836224.309115,1709836224.30919
4787,1709836224.4052553,1709836224.4053085
4788,1709836224.5105734,1709836224.5106215
4789,1709836224.6135716,1709836224.6136172
4790,1709836224.7109652,1709836224.7110362
4791,1709836224.8201506,1709836224.8202004
4792,1709836224.9178953,1709836224.9179485
4793,1709836225.0181098,1709836225.01816
4794,1709836225.1087575,1709836225.108844
4795,1709836225.2190733,1709836225.2192876
4796,1709836225.3126426,1709836225.3126945
4797,1709836225.4205897,1709836225.42064
4798,1709836225.5048745,1709836225.5049257
4799,1709836225.6072068,1709836225.607305
4800,1709836225.7230544,1709836225.723101
4801,1709836225.8023717,1709836225.802416
4802,1709836225.9005876,1709836225.9006407
4803,1709836226.0158892,1709836226.0159297
4804,1709836226.1245644,1709836226.124646
4805,1709836226.2045462,1709836226.204829
4806,1709836226.3105676,1709836226.310615
4807,1709836226.403275,1709836226.403328
4808,1709836226.5059319,1709836226.5059743
4809,1709836226.6038601,1709836226.6039107
4810,1709836226.7051618,1709836226.7052186
4811,1709836226.8041,1709836226.8041828
4812,1709836226.9141898,1709836226.9142327
4813,1709836227.0088763,1709836227.0089142
4814,1709836227.1046875,1709836227.104755
4815,1709836227.2144694,1709836227.2145138
4816,1709836227.3055513,1709836227.3055968
4817,1709836227.405439,1709836227.4055202
4818,1709836227.5125165,1709836227.5125597
4819,1709836227.6129427,1709836227.6130185
4820,1709836227.7139456,1709836227.7140117
4821,1709836227.802145,1709836227.8021996
4822,1709836227.904686,1709836227.9047644
4823,1709836228.0098538,1709836228.0099013
4824,1709836228.1131015,1709836228.1131465
4825,1709836228.2007778,1709836228.2008317
4826,1709836228.31398,1709836228.3140259
4827,1709836228.4069033,1709836228.4069471
4828,1709836228.5134842,1709836228.5135381
4829,1709836228.6070395,1709836228.6070952
4830,1709836228.7104087,1709836228.7104576
4831,1709836228.8062248,1709836228.8064134
4832,1709836228.9104717,1709836228.9105134
4833,1709836229.015921,1709836229.0159938
4834,1709836229.1107392,1709836229.1108024
4835,1709836229.2118073,1709836229.2118573
4836,1709836229.3018925,1709836229.3019335
4837,1709836229.4065406,1709836229.4066083
4838,1709836229.5108285,1709836229.5108676
4839,1709836229.606808,1709836229.606926
4840,1709836229.7068026,1709836229.7068572
4841,1709836229.8097582,1709836229.8098056
4842,1709836229.9112978,1709836229.9113896
4843,1709836230.0151973,1709836230.0152762
4844,1709836230.0995035,1709836230.0995982
4845,1709836230.2110863,1709836230.2111664
4846,1709836230.3079066,1709836230.3079643
4847,1709836230.4063668,1709836230.4064343
4848,1709836230.5215888,1709836230.52163
4849,1709836230.6064482,1709836230.6065297
4850,1709836230.7056255,1709836230.7056618
4851,1709836230.8054602,1709836230.8055031
4852,1709836230.905821,1709836230.905872
4853,1709836231.0063539,1709836231.0064027
4854,1709836231.1046307,1709836231.1046793
4855,1709836231.2087522,1709836231.2088094
4856,1709836231.3057895,1709836231.3058405
4857,1709836231.408218,1709836231.4082885
4858,1709836231.5063913,1709836231.5064855
4859,1709836231.6028404,1709836231.6028998
4860,1709836231.7145615,1709836231.7146707
4861,1709836231.805315,1709836231.8054273
4862,1709836231.907269,1709836231.9073482
4863,1709836232.0112126,1709836232.0113373
4864,1709836232.1179407,1709836232.1180863
4865,1709836232.2062507,1709836232.2063282
4866,1709836232.317621,1709836232.3179934
4867,1709836232.4077296,1709836232.4077966
4868,1709836232.5098104,1709836232.5098658
4869,1709836232.6271787,1709836232.6272335
4870,1709836232.714464,1709836232.7145057
4871,1709836232.807651,1709836232.8077285
4872,1709836232.9191165,1709836232.9191556
4873,1709836233.0083122,1709836233.0083637
4874,1709836233.1168277,1709836233.1169038
4875,1709836233.2093732,1709836233.2094202
4876,1709836233.306373,1709836233.3064294
4877,1709836233.3975134,1709836233.397595
4878,1709836233.515711,1709836233.5157597
4879,1709836233.6017082,1709836233.6017828
4880,1709836233.7017949,1709836233.7018862
4881,1709836233.7974517,1709836233.7975028
4882,1709836233.8982315,1709836233.8982823
4883,1709836234.0072916,1709836234.0073528
4884,1709836234.116755,1709836234.1167607
4885,1709836234.2146857,1709836234.214692
4886,1709836234.2984488,1709836234.2984552
4887,1709836234.407353,1709836234.4073598
4888,1709836234.5050166,1709836234.5050213
4889,1709836234.6065006,1709836234.6065044
4890,1709836234.7210555,1709836234.721062
4891,1709836234.807498,1709836234.807503
4892,1709836234.9108505,1709836234.9108562
4893,1709836235.0078692,1709836235.0078747
4894,1709836235.102719,1709836235.1027248
4895,1709836235.205714,1709836235.2057214
4896,1709836235.2990005,1709836235.2990084
4897,1709836235.406303,1709836235.4063091
4898,1709836235.5062544,1709836235.50626
4899,1709836235.616125,1709836235.6161318
4900,1709836235.7006662,1709836235.7006726
4901,1709836235.8048327,1709836235.8048384
4902,1709836235.9114823,1709836235.911489
4903,1709836236.0164225,1709836236.0164273
4904,1709836236.1101196,1709836236.1160612
4905,1709836236.208457,1709836236.214499
4906,1709836236.3090107,1709836236.3178017
4907,1709836236.4067385,1709836236.4152799
4908,1709836236.5143614,1709836236.5268464
4909,1709836236.613009,1709836236.6201448
4910,1709836236.7021813,1709836236.7094817
4911,1709836236.8019218,1709836236.81114
4912,1709836236.9030168,1709836236.91288
4913,1709836237.001797,1709836237.0089252
4914,1709836237.1043024,1709836237.1126997
4915,1709836237.2015762,1709836237.2102904
4916,1709836237.3111236,1709836237.3195028
4917,1709836237.409222,1709836237.415852
4918,1709836237.5057037,1709836237.5143425
4919,1709836237.6000745,1709836237.6060302
4920,1709836237.7047417,1709836237.7133381
4921,1709836237.7985349,1709836237.8057158
4922,1709836237.900588,1709836237.9109616
4923,1709836238.000903,1709836238.010736
4924,1709836238.1008008,1709836238.1119006
4925,1709836238.208607,1709836238.2194266
4926,1709836238.3325338,1709836238.3408673
4927,1709836238.399003,1709836238.4070215
4928,1709836238.5045137,1709836238.5155888
4929,1709836238.6089334,1709836238.6150444
4930,1709836238.701552,1709836238.7074544
4931,1709836238.807255,1709836238.8160172
4932,1709836238.9010193,1709836238.9074302
4933,1709836239.0055437,1709836239.0154686
4934,1709836239.100419,1709836239.1066027
4935,1709836239.2001975,1709836239.2082288
4936,1709836239.30072,1709836239.3070922
4937,1709836239.4016805,1709836239.415828
4938,1709836239.5080042,1709836239.5163429
4939,1709836239.6024125,1709836239.608564
4940,1709836239.7002683,1709836239.7058976
4941,1709836239.7986133,1709836239.805057
4942,1709836239.914124,1709836239.9199867
4943,1709836240.0019104,1709836240.0085177
4944,1709836240.1100218,1709836240.1153266
4945,1709836240.2026916,1709836240.2089827
4946,1709836240.3001552,1709836240.3064907
4947,1709836240.401285,1709836240.4064884
4948,1709836240.5128121,1709836240.5185301
4949,1709836240.5992942,1709836240.6046388
4950,1709836240.7015784,1709836240.7082338
4951,1709836240.8097162,1709836240.81519
4952,1709836240.9066865,1709836240.9136195
4953,1709836241.002539,1709836241.0077856
4954,1709836241.1030066,1709836241.1087687
4955,1709836241.1981509,1709836241.2018566
4956,1709836241.3066037,1709836241.3129427
4957,1709836241.401025,1709836241.409223
4958,1709836241.5001974,1709836241.5063484
4959,1709836241.5984888,1709836241.6041825
4960,1709836241.699359,1709836241.7069392
4961,1709836241.809062,1709836241.8163602
4962,1709836241.89787,1709836241.9046254
4963,1709836242.0022135,1709836242.009035
4964,1709836242.105394,1709836242.112975
4965,1709836242.2004848,1709836242.206631
4966,1709836242.3067598,1709836242.3133519
4967,1709836242.3983543,1709836242.4044926
4968,1709836242.5020444,1709836242.5079029
4969,1709836242.6050391,1709836242.6083882
4970,1709836242.703001,1709836242.7083504
4971,1709836242.8019254,1709836242.807245
4972,1709836242.904613,1709836242.9110467
4973,1709836242.9985065,1709836243.0042262
4974,1709836243.098845,1709836243.1052482
4975,1709836243.1982183,1709836243.2046194
4976,1709836243.3056538,1709836243.3111677
4977,1709836243.4057982,1709836243.4118087
4978,1709836243.5015543,1709836243.5087576
4979,1709836243.6003227,1709836243.6055284
4980,1709836243.6991417,1709836243.7057848
4981,1709836243.800233,1709836243.805952
4982,1709836243.8983638,1709836243.9037983
4983,1709836244.0032568,1709836244.0084043
4984,1709836244.10754,1709836244.1129994
4985,1709836244.2135859,1709836244.220719
4986,1709836244.3011394,1709836244.305514
4987,1709836244.408364,1709836244.4135902
4988,1709836244.5078862,1709836244.5140183
4989,1709836244.603969,1709836244.6113884
4990,1709836244.7045128,1709836244.7113376
4991,1709836244.7987168,1709836244.804114
4992,1709836244.906753,1709836244.9119956
4993,1709836245.0018404,1709836245.0074003
4994,1709836245.102032,1709836245.1076353
4995,1709836245.205439,1709836245.2105393
4996,1709836245.3047163,1709836245.309707
4997,1709836245.4061031,1709836245.4106233
4998,1709836245.508014,1709836245.5130794
4999,1709836245.6001139,1709836245.6073372
5000,1709836245.7014422,1709836245.7065194
5001,1709836245.7988992,1709836245.8044212
5002,1709836245.903257,1709836245.9083667
5003,1709836246.0020285,1709836246.007339
5004,1709836246.1054783,1709836246.110939
5005,1709836246.2041361,1709836246.212016
5006,1709836246.2977455,1709836246.3073184
5007,1709836246.4006832,1709836246.4061508
5008,1709836246.5042844,1709836246.5079756
5009,1709836246.6030645,1709836246.6117117
5010,1709836246.6991518,1709836246.704656
5011,1709836246.8022306,1709836246.8072453
5012,1709836246.902324,1709836246.9086304
5013,1709836247.0046105,1709836247.0100906
5014,1709836247.1015325,1709836247.1067207
5015,1709836247.2018495,1709836247.2058983
5016,1709836247.300913,1709836247.3065212
5017,1709836247.4029043,1709836247.408418
5018,1709836247.497459,1709836247.5027974
5019,1709836247.6039836,1709836247.608553
5020,1709836247.700748,1709836247.7058768
5021,1709836247.7967832,1709836247.802046
5022,1709836247.9010177,1709836247.9065835
5023,1709836247.9998512,1709836248.0069456
5024,1709836248.105334,1709836248.111838
5025,1709836248.2048979,1709836248.2104783
5026,1709836248.2995877,1709836248.3067734
5027,1709836248.4152255,1709836248.4202898
5028,1709836248.5019064,1709836248.5073853
5029,1709836248.6014905,1709836248.606248
5030,1709836248.6981957,1709836248.7037327
5031,1709836248.7981317,1709836248.8029263
5032,1709836248.9030232,1709836248.9087858
5033,1709836249.0008254,1709836249.006111
5034,1709836249.0988667,1709836249.1045096
5035,1709836249.201809,1709836249.207156
5036,1709836249.3023067,1709836249.3074896
5037,1709836249.4090672,1709836249.4169703
5038,1709836249.5033681,1709836249.50868
5039,1709836249.6076102,1709836249.613098
5040,1709836249.702508,1709836249.7079096
5041,1709836249.8065636,1709836249.8116
5042,1709836249.9003785,1709836249.9056163
5043,1709836250.0014472,1709836250.0067508
5044,1709836250.1031554,1709836250.107913
5045,1709836250.2051044,1709836250.208291
5046,1709836250.3029873,1709836250.3076174
5047,1709836250.3972588,1709836250.402033
5048,1709836250.5061147,1709836250.510747
5049,1709836250.5978496,1709836250.6023455
5050,1709836250.7031062,1709836250.7105343
5051,1709836250.806816,1709836250.812979
5052,1709836250.900632,1709836250.9059606
5053,1709836251.0076032,1709836251.0154889
5054,1709836251.1055377,1709836251.1114318
5055,1709836251.2054026,1709836251.211987
5056,1709836251.301712,1709836251.3069696
5057,1709836251.4038458,1709836251.4093037
5058,1709836251.4980927,1709836251.5034971
5059,1709836251.6037066,1709836251.6089613
5060,1709836251.704994,1709836251.70837
5061,1709836251.8031929,1709836251.808452
5062,1709836251.8992841,1709836251.9036183
5063,1709836251.9958541,1709836252.0019672
5064,1709836252.1066566,1709836252.1123052
5065,1709836252.2009597,1709836252.2066627
5066,1709836252.2979212,1709836252.3034632
5067,1709836252.397163,1709836252.4015489
5068,1709836252.502732,1709836252.5079079
5069,1709836252.601908,1709836252.6071053
5070,1709836252.7041812,1709836252.709508
5071,1709836252.799998,1709836252.8052747
5072,1709836252.9021719,1709836252.9074025
5073,1709836252.9996514,1709836253.0040984
5074,1709836253.1156242,1709836253.1203933
5075,1709836253.2037153,1709836253.2105186
5076,1709836253.2988229,1709836253.3032427
5077,1709836253.4024553,1709836253.4094956
5078,1709836253.5010548,1709836253.504451
5079,1709836253.6005325,1709836253.6060317
5080,1709836253.7012188,1709836253.7046692
5081,1709836253.797283,1709836253.8017795
5082,1709836253.9052637,1709836253.9099743
5083,1709836253.9985583,1709836254.0037243
5084,1709836254.1016965,1709836254.108338
5085,1709836254.214213,1709836254.219622
5086,1709836254.2967892,1709836254.3014505
5087,1709836254.3994012,1709836254.4047363
5088,1709836254.498938,1709836254.5033903
5089,1709836254.6014738,1709836254.6060069
5090,1709836254.7047095,1709836254.710061
5091,1709836254.8040771,1709836254.8091576
5092,1709836254.9081805,1709836254.9135072
5093,1709836255.001984,1709836255.0079284
5094,1709836255.1043591,1709836255.1103866
5095,1709836255.2046392,1709836255.2046452
5096,1709836255.2985876,1709836255.2985938
5097,1709836255.399612,1709836255.399617
5098,1709836255.4987295,1709836255.4987354
5099,1709836255.6008446,1709836255.60085
5100,1709836255.7014165,1709836255.701422
5101,1709836255.8081236,1709836255.8081293
5102,1709836255.9056604,1709836255.9056664
5103,1709836256.0020392,1709836256.002046
5104,1709836256.104903,1709836256.10491
5105,1709836256.2080395,1709836256.208045
5106,1709836256.3060584,1709836256.306064
5107,1709836256.4067295,1709836256.406736
5108,1709836256.501931,1709836256.501935
5109,1709836256.6055076,1709836256.6055124
5110,1709836256.6981483,1709836256.6981542
5111,1709836256.8054614,1709836256.8054671
5112,1709836256.9065475,1709836256.9065533
5113,1709836257.0156314,1709836257.015637
5114,1709836257.110958,1709836257.1109643
5115,1709836257.200752,1709836257.2007582
5116,1709836257.3053417,1709836257.3053489
5117,1709836257.4126265,1709836257.4126322
5118,1709836257.5054688,1709836257.5054743
5119,1709836257.6065016,1709836257.6065085
5120,1709836257.7107165,1709836257.7107198
5121,1709836257.810923,1709836257.8109272
5122,1709836257.901476,1709836257.9014819
5123,1709836258.0121117,1709836258.012116
5124,1709836258.1103055,1709836258.1103115
5125,1709836258.2014136,1709836258.2014196
5126,1709836258.3023405,1709836258.3023465
5127,1709836258.4092247,1709836258.4092293
5128,1709836258.514171,1709836258.5141776
5129,1709836258.6013486,1709836258.601355
5130,1709836258.7064872,1709836258.7064934
5131,1709836258.8090928,1709836258.8090985
5132,1709836258.9074612,1709836258.9074671
5133,1709836259.009106,1709836259.0091116
5134,1709836259.1069388,1709836259.1069443
5135,1709836259.202768,1709836259.2027721
5136,1709836259.3073404,1709836259.3073473
5137,1709836259.4129424,1709836259.412948
5138,1709836259.5085874,1709836259.5085921
5139,1709836259.6056528,1709836259.6056585
5140,1709836259.7046928,1709836259.704698
5141,1709836259.8145888,1709836259.8145936
5142,1709836259.9098272,1709836259.9098341
5143,1709836260.0071712,1709836260.0071769
5144,1709836260.1064653,1709836260.1064715
5145,1709836260.204983,1709836260.204989
5146,1709836260.3135903,1709836260.313594
5147,1709836260.4104335,1709836260.41044
5148,1709836260.5106676,1709836260.5106735
5149,1709836260.6000242,1709836260.6000304
5150,1709836260.7031705,1709836260.703177
5151,1709836260.8072834,1709836260.8072898
5152,1709836260.9065597,1709836260.9065661
5153,1709836261.0084076,1709836261.0084145
5154,1709836261.116503,1709836261.1165094
5155,1709836261.205039,1709836261.2050447
5156,1709836261.3034263,1709836261.3034322
5157,1709836261.4009912,1709836261.4009979
5158,1709836261.503136,1709836261.5031571
5159,1709836261.6075387,1709836261.607546
5160,1709836261.718773,1709836261.718779
5161,1709836261.8091817,1709836261.809188
5162,1709836261.9231791,1709836261.9231884
5163,1709836262.0121624,1709836262.0121682
5164,1709836262.104377,1709836262.1043832
5165,1709836262.2044067,1709836262.2044134
5166,1709836262.3021998,1709836262.3022053
5167,1709836262.412089,1709836262.4120944
5168,1709836262.5082326,1709836262.5082386
5169,1709836262.6053784,1709836262.605383
5170,1709836262.713874,1709836262.7138796
5171,1709836262.8105009,1709836262.8105066
5172,1709836262.906553,1709836262.906559
5173,1709836263.0056312,1709836263.005637
5174,1709836263.1068969,1709836263.1069026
5175,1709836263.2180474,1709836263.2180536
5176,1709836263.298142,1709836263.2981498
5177,1709836263.407218,1709836263.4072225
5178,1709836263.5011163,1709836263.501122
5179,1709836263.6088583,1709836263.6088655
5180,1709836263.7050395,1709836263.7050452
5181,1709836263.8049421,1709836263.8049476
5182,1709836263.9054842,1709836263.90549
5183,1709836264.0120382,1709836264.0120435
5184,1709836264.1045568,1709836264.1045625
5185,1709836264.2043543,1709836264.2043588
5186,1709836264.303501,1709836264.3035064
5187,1709836264.4034104,1709836264.4034166
5188,1709836264.5012825,1709836264.5012891
5189,1709836264.6126673,1709836264.6126723
5190,1709836264.7050447,1709836264.7050502
5191,1709836264.8051844,1709836264.8051906
5192,1709836264.9026458,1709836264.9026513
5193,1709836265.005074,1709836265.0050786
5194,1709836265.101534,1709836265.1015399
5195,1709836265.2039993,1709836265.2040029
5196,1709836265.3085835,1709836265.308588
5197,1709836265.3998864,1709836265.3998933
5198,1709836265.5137348,1709836265.5137439
5199,1709836265.6124418,1709836265.6124523
5200,1709836265.7032702,1709836265.7032766
5201,1709836265.8069654,1709836265.806971
5202,1709836265.910669,1709836265.9106746
5203,1709836266.0048385,1709836266.004845
5204,1709836266.1064665,1709836266.1064723
5205,1709836266.207638,1709836266.207644
5206,1709836266.303825,1709836266.3038304
5207,1709836266.401535,1709836266.401542
5208,1709836266.5038965,1709836266.5039043
5209,1709836266.601339,1709836266.601343
5210,1709836266.69891,1709836266.6989152
5211,1709836266.7981737,1709836266.7981806
5212,1709836266.9093275,1709836266.9093325
5213,1709836267.0037413,1709836267.0037467
5214,1709836267.1075902,1709836267.1075957
5215,1709836267.203807,1709836267.2038124
5216,1709836267.306502,1709836267.3065097
5217,1709836267.4038177,1709836267.403823
5218,1709836267.5041418,1709836267.504147
5219,1709836267.6061883,1709836267.6061943
5220,1709836267.7092237,1709836267.709229
5221,1709836267.8049185,1709836267.8049233
5222,1709836267.9037216,1709836267.9037273
5223,1709836267.999939,1709836267.999944
5224,1709836268.0972812,1709836268.0972867
5225,1709836268.2157402,1709836268.215744
5226,1709836268.308726,1709836268.3087318
5227,1709836268.3980968,1709836268.3981028
5228,1709836268.507143,1709836268.5071483
5229,1709836268.6033194,1709836268.6033254
5230,1709836268.7019725,1709836268.7019773
5231,1709836268.80467,1709836268.804676
5232,1709836268.9023764,1709836268.9023826
5233,1709836269.0039277,1709836269.0039346
5234,1709836269.1070197,1709836269.107026
5235,1709836269.2026343,1709836269.2026691
5236,1709836269.3042603,1709836269.3042667
5237,1709836269.4024527,1709836269.4024582
5238,1709836269.498414,1709836269.4984195
5239,1709836269.5999043,1709836269.5999112
5240,1709836269.69851,1709836269.6985157
5241,1709836269.810037,1709836269.8100438
5242,1709836269.900931,1709836269.9009373
5243,1709836270.0148523,1709836270.014858
5244,1709836270.1054223,1709836270.1054285
5245,1709836270.2164848,1709836270.2164903
5246,1709836270.3075707,1709836270.3075767
5247,1709836270.403578,1709836270.403584
5248,1709836270.506532,1709836270.5065377
5249,1709836270.605687,1709836270.6056924
5250,1709836270.7028623,1709836270.7028685
5251,1709836270.8032303,1709836270.803236
5252,1709836270.8986516,1709836270.8986552
5253,1709836270.9997933,1709836270.9998014
5254,1709836271.101655,1709836271.1016622
5255,1709836271.2086601,1709836271.208666
5256,1709836271.3036315,1709836271.3036377
5257,1709836271.4096458,1709836271.4096513
5258,1709836271.500356,1709836271.5003614
5259,1709836271.6033127,1709836271.603318
5260,1709836271.7027884,1709836271.7027967
5261,1709836271.8006935,1709836271.8006976
5262,1709836271.903726,1709836271.9037302
5263,1709836272.002841,1709836272.0028462
5264,1709836272.5323298,1709836272.5323408
5265,1709836272.5447059,1709836272.544713
5266,1709836272.6084867,1709836272.6084914
5267,1709836272.7092857,1709836272.709292
5268,1709836272.8023417,1709836272.8023477
5269,1709836272.8967621,1709836272.896768
5270,1709836273.0228126,1709836273.0228193
5271,1709836273.1128912,1709836273.112897
5272,1709836273.2046456,1709836273.2046523
5273,1709836273.3141763,1709836273.314184
5274,1709836273.3998764,1709836273.399882
5275,1709836273.501967,1709836273.501972
5276,1709836273.613106,1709836273.6131103
5277,1709836273.7010329,1709836273.7010398
5278,1709836273.808389,1709836273.8083925
5279,1709836273.9120347,1709836273.912041
5280,1709836274.0098584,1709836274.009864
5281,1709836274.1100087,1709836274.1100144
5282,1709836274.2267513,1709836274.226757
5283,1709836274.3120239,1709836274.312028
5284,1709836274.413631,1709836274.413637
5285,1709836274.5048673,1709836274.504874
5286,1709836274.604724,1709836274.604731
5287,1709836274.7045386,1709836274.7045453
5288,1709836274.816547,1709836274.8165526
5289,1709836274.911666,1709836274.91167
5290,1709836275.0030138,1709836275.00302
5291,1709836275.1087499,1709836275.1087554
5292,1709836275.2071133,1709836275.2071197
5293,1709836275.3041992,1709836275.304206
5294,1709836275.4081008,1709836275.4081073
5295,1709836275.509339,1709836275.5093434
5296,1709836275.608018,1709836275.6080241
5297,1709836275.711692,1709836275.7116985
5298,1709836275.8068438,1709836275.8068478
5299,1709836275.8970711,1709836275.897078
5300,1709836276.012983,1709836276.012988
5301,1709836276.102352,1709836276.1023602
5302,1709836276.209274,1709836276.2092795
5303,1709836276.3121622,1709836276.317703
5304,1709836276.4151013,1709836276.4217234
5305,1709836276.5053084,1709836276.511398
5306,1709836276.6178312,1709836276.6249266
5307,1709836276.7089922,1709836276.7153296
5308,1709836276.7999506,1709836276.8066053
5309,1709836276.9159906,1709836276.9230106
5310,1709836276.9984293,1709836277.0060341
5311,1709836277.1048262,1709836277.1095316
5312,1709836277.2129884,1709836277.2191825
5313,1709836277.3093474,1709836277.3155806
5314,1709836277.406335,1709836277.412155
5315,1709836277.5148249,1709836277.5223334
5316,1709836277.6164181,1709836277.622471
5317,1709836277.702962,1709836277.7096832
5318,1709836277.8143055,1709836277.8198524
5319,1709836277.9148655,1709836277.923234
5320,1709836278.0069118,1709836278.0125804
5321,1709836278.106387,1709836278.1125972
5322,1709836278.2104464,1709836278.2167635
5323,1709836278.3046625,1709836278.310907
5324,1709836278.4194098,1709836278.4251215
5325,1709836278.5096328,1709836278.5153086
5326,1709836278.5976636,1709836278.6041296
5327,1709836278.7199073,1709836278.7258925
5328,1709836278.80365,1709836278.8091621
5329,1709836278.9075444,1709836278.9119468
5330,1709836279.009744,1709836279.0144246
5331,1709836279.1046996,1709836279.1121154
5332,1709836279.2038233,1709836279.2098532
5333,1709836279.3073306,1709836279.3139954
5334,1709836279.4039142,1709836279.410726
5335,1709836279.4981785,1709836279.5055752
5336,1709836279.5998409,1709836279.6066787
5337,1709836279.7023106,1709836279.708316
5338,1709836279.7977731,1709836279.8039339
5339,1709836279.9167619,1709836279.9230597
5340,1709836280.005648,1709836280.0111308
5341,1709836280.0972981,1709836280.1044755
5342,1709836280.2154298,1709836280.2218847
5343,1709836280.3059084,1709836280.3102396
5344,1709836280.403475,1709836280.4094062
5345,1709836280.51294,1709836280.5211525
5346,1709836280.607287,1709836280.613785
5347,1709836280.703578,1709836280.7096765
5348,1709836280.8075018,1709836280.8135927
5349,1709836280.909101,1709836280.9152782
5350,1709836280.9996343,1709836281.0074012
5351,1709836281.10669,1709836281.1129234
5352,1709836281.206462,1709836281.2124372
5353,1709836281.299673,1709836281.3056278
5354,1709836281.4076893,1709836281.4150648
5355,1709836281.5040848,1709836281.5101378
5356,1709836281.6048732,1709836281.6105022
5357,1709836281.7100744,1709836281.7158706
5358,1709836281.8029902,1709836281.8070571
5359,1709836281.9032362,1709836281.9094074
5360,1709836282.0019474,1709836282.0079799
5361,1709836282.1031754,1709836282.1073039
5362,1709836282.2048721,1709836282.2109756
5363,1709836282.3126955,1709836282.3178065
5364,1709836282.4007757,1709836282.4064353
5365,1709836282.513782,1709836282.517592
5366,1709836282.6031704,1709836282.6083615
5367,1709836282.7067869,1709836282.710349
5368,1709836282.8038504,1709836282.8078609
5369,1709836282.9100683,1709836282.9163723
5370,1709836283.0037181,1709836283.0101187
5371,1709836283.114145,1709836283.1200044
5372,1709836283.206842,1709836283.212991
5373,1709836283.3247905,1709836283.3327894
5374,1709836283.4054596,1709836283.411291
5375,1709836283.5077026,1709836283.51476
5376,1709836283.6049376,1709836283.610447
5377,1709836283.707465,1709836283.7139103
5378,1709836283.8043795,1709836283.8116596
5379,1709836283.9026027,1709836283.9090972
5380,1709836284.0031092,1709836284.0110464
5381,1709836284.1052244,1709836284.1137943
5382,1709836284.2034214,1709836284.2095623
5383,1709836284.303597,1709836284.308835
5384,1709836284.407355,1709836284.413322
5385,1709836284.4984665,1709836284.506517
5386,1709836284.608793,1709836284.6152868
5387,1709836284.7059453,1709836284.7158434
5388,1709836284.8103597,1709836284.8176842
5389,1709836284.91174,1709836284.9183278
5390,1709836285.0056314,1709836285.0120838
5391,1709836285.1000268,1709836285.106623
5392,1709836285.2139037,1709836285.2206237
5393,1709836285.3119788,1709836285.317231
5394,1709836285.3973227,1709836285.404062
5395,1709836285.5086915,1709836285.5155816
5396,1709836285.613699,1709836285.6207736
5397,1709836285.6987033,1709836285.7045138
5398,1709836285.8046968,1709836285.8109627
5399,1709836285.8996534,1709836285.9051905
5400,1709836286.0056808,1709836286.0117455
5401,1709836286.1127317,1709836286.119663
5402,1709836286.202983,1709836286.2130795
5403,1709836286.3117268,1709836286.3178573
5404,1709836286.4035196,1709836286.4100955
5405,1709836286.5079925,1709836286.514522
5406,1709836286.606381,1709836286.6125216
5407,1709836286.7014942,1709836286.7085667
5408,1709836286.8097374,1709836286.815178
5409,1709836286.9011943,1709836286.9074886
5410,1709836287.004873,1709836287.0122855
5411,1709836287.1035907,1709836287.109614
5412,1709836287.1971517,1709836287.205181
5413,1709836287.3031144,1709836287.3107564
5414,1709836287.4035237,1709836287.4106486
5415,1709836287.5033362,1709836287.511595
5416,1709836287.6025221,1709836287.6104398
5417,1709836287.712362,1709836287.7172594
5418,1709836287.8021748,1709836287.808132
5419,1709836287.9061728,1709836287.9138997
5420,1709836288.0064373,1709836288.0130777
5421,1709836288.107284,1709836288.1145911
5422,1709836288.2060616,1709836288.2130406
5423,1709836288.3011389,1709836288.3101633
5424,1709836288.4153166,1709836288.421703
5425,1709836288.5009315,1709836288.5077696
5426,1709836288.601044,1709836288.6093605
5427,1709836288.7033799,1709836288.7090087
5428,1709836288.8021421,1709836288.8082874
5429,1709836288.9052393,1709836288.911126
5430,1709836289.0096507,1709836289.015983
5431,1709836289.116948,1709836289.1300402
5432,1709836289.2038724,1709836289.2138345
5433,1709836289.3024232,1709836289.3087614
5434,1709836289.4098852,1709836289.4168658
5435,1709836289.5022175,1709836289.5085094
5436,1709836289.6134248,1709836289.6267312
5437,1709836289.7070181,1709836289.713491
5438,1709836289.8083358,1709836289.813719
5439,1709836289.9086595,1709836289.9136622
5440,1709836290.0127196,1709836290.0180175
5441,1709836290.1083272,1709836290.1156147
5442,1709836290.201865,1709836290.2089255
5443,1709836290.3002806,1709836290.3074102
5444,1709836290.4074101,1709836290.4141119
5445,1709836290.509447,1709836290.5148613
5446,1709836290.603514,1709836290.6110048
5447,1709836290.6996508,1709836290.7072425
5448,1709836290.8052173,1709836290.811048
5449,1709836290.8983111,1709836290.9035196
5450,1709836291.0006185,1709836291.0079455
5451,1709836291.09768,1709836291.1027348
5452,1709836291.2051997,1709836291.2094998
5453,1709836291.3129508,1709836291.3182087
5454,1709836291.3975978,1709836291.4033976
5455,1709836291.5051215,1709836291.510532
5456,1709836291.604107,1709836291.6114264
5457,1709836291.7044961,1709836291.7110062
5458,1709836291.8077133,1709836291.813997
5459,1709836291.9008162,1709836291.9098668
5460,1709836292.0019293,1709836292.0075336
5461,1709836292.1114478,1709836292.1169865
5462,1709836292.2018206,1709836292.207486
5463,1709836292.2997968,1709836292.3061957
5464,1709836292.4007583,1709836292.4007638
5465,1709836292.5065563,1709836292.5065622
5466,1709836292.6033869,1709836292.6033947
5467,1709836292.7136035,1709836292.7136092
5468,1709836292.8051739,1709836292.8051784
5469,1709836292.9056082,1709836292.905614
5470,1709836293.0015402,1709836293.0015442
5471,1709836293.0987844,1709836293.0987892
5472,1709836293.2003646,1709836293.2003713
5473,1709836293.299792,1709836293.2997978
5474,1709836293.3980947,1709836293.3981
5475,1709836293.4977953,1709836293.4978004
5476,1709836293.6089303,1709836293.6090097
5477,1709836293.705939,1709836293.7059453
5478,1709836293.805061,1709836293.805067
5479,1709836293.8982165,1709836293.898222
5480,1709836294.00164,1709836294.001648
5481,1709836294.0995114,1709836294.0995173
5482,1709836294.2090647,1709836294.20907
5483,1709836294.3076344,1709836294.3076398
5484,1709836294.4054492,1709836294.4054554
5485,1709836294.5086036,1709836294.5086107
5486,1709836294.604307,1709836294.604311
5487,1709836294.705981,1709836294.7059865
5488,1709836294.8024526,1709836294.802463
5489,1709836294.8977797,1709836294.897785
5490,1709836295.0035887,1709836295.0035927
5491,1709836295.1021428,1709836295.1021469
5492,1709836295.205671,1709836295.2056787
5493,1709836295.3057132,1709836295.305719
5494,1709836295.4013975,1709836295.4014053
5495,1709836295.4987452,1709836295.4987516
5496,1709836295.6048775,1709836295.6048841
5497,1709836295.697049,1709836295.6970556
5498,1709836295.7975323,1709836295.7975383
5499,1709836295.9078,1709836295.9078062
5500,1709836296.008295,1709836296.0083015
5501,1709836296.1084602,1709836296.1084678
5502,1709836296.201453,1709836296.20146
5503,1709836296.316228,1709836296.3162339
5504,1709836296.3959608,1709836296.395968
5505,1709836296.4975703,1709836296.4975765
5506,1709836296.6076922,1709836296.6077962
5507,1709836296.7018585,1709836296.7018652
5508,1709836296.8058338,1709836296.805842
5509,1709836296.8973622,1709836296.8973684
5510,1709836297.0046268,1709836297.00472
5511,1709836297.1067245,1709836297.1068077
5512,1709836297.1994865,1709836297.1995354
5513,1709836297.3031523,1709836297.3032298
5514,1709836297.4038823,1709836297.4039316
5515,1709836297.5055256,1709836297.50558
5516,1709836297.6015024,1709836297.6015549
5517,1709836297.6982834,1709836297.6983724
5518,1709836297.7984912,1709836297.798574
5519,1709836297.8995092,1709836297.899591
5520,1709836298.0119326,1709836298.0119684
5521,1709836298.1015642,1709836298.1016102
5522,1709836298.2012498,1709836298.2013006
5523,1709836298.3016522,1709836298.3016949
5524,1709836298.4100597,1709836298.4101582
5525,1709836298.502027,1709836298.5020888
5526,1709836298.6041515,1709836298.6042116
5527,1709836298.7091837,1709836298.7094884
5528,1709836298.7996147,1709836298.7996693
5529,1709836298.9029355,1709836298.9030054
5530,1709836298.9991956,1709836298.999258
5531,1709836299.1047683,1709836299.1048522
5532,1709836299.1995907,1709836299.1997054
5533,1709836299.3100367,1709836299.3100827
5534,1709836299.400979,1709836299.4010358
5535,1709836299.5063257,1709836299.5063818
5536,1709836299.6033766,1709836299.6034317
5537,1709836299.7087114,1709836299.708795
5538,1709836299.8055596,1709836299.8056064
5539,1709836299.8983152,1709836299.8984203
5540,1709836300.0059721,1709836300.006029
5541,1709836300.1034718,1709836300.103594
5542,1709836300.2201533,1709836300.220203
5543,1709836300.3011825,1709836300.3012226
5544,1709836300.4026597,1709836300.4027112
5545,1709836300.5059853,1709836300.5060337
5546,1709836300.6009855,1709836300.601045
5547,1709836300.704612,1709836300.704692
5548,1709836300.8060617,1709836300.8061395
5549,1709836300.9111583,1709836300.91124
5550,1709836300.997864,1709836300.9979093
5551,1709836301.1102722,1709836301.1103427
5552,1709836301.2046402,1709836301.2046888
5553,1709836301.3018043,1709836301.3018544
5554,1709836301.4012341,1709836301.401275
5555,1709836301.5002398,1709836301.5004337
5556,1709836301.5992625,1709836301.599323
5557,1709836301.7018883,1709836301.7019463
5558,1709836301.796378,1709836301.7964182
5559,1709836301.9012232,1709836301.9013023
5560,1709836302.0050936,1709836302.0051296
5561,1709836302.106792,1709836302.1068692
5562,1709836302.2045138,1709836302.2046075
5563,1709836302.2993557,1709836302.2994237
5564,1709836302.4045897,1709836302.4046614
5565,1709836302.5022035,1709836302.5022511
5566,1709836302.602804,1709836302.6028838
5567,1709836302.700755,1709836302.7007906
5568,1709836302.8035238,1709836302.8035982
5569,1709836302.9006214,1709836302.9006784
5570,1709836303.0008914,1709836303.0010114
5571,1709836303.098955,1709836303.0990043
5572,1709836303.2053475,1709836303.205397
5573,1709836303.3141043,1709836303.3141518
5574,1709836303.3982437,1709836303.3982928
5575,1709836303.5035648,1709836303.503647
5576,1709836303.6000962,1709836303.6001985
5577,1709836303.7032409,1709836303.7033205
5578,1709836303.8082733,1709836303.808396
5579,1709836303.9040775,1709836303.904162
5580,1709836304.0000591,1709836304.0001497
5581,1709836304.099031,1709836304.0990748
5582,1709836304.198484,1709836304.1985407
5583,1709836304.3059225,1709836304.306047
5584,1709836304.4019105,1709836304.4019527
5585,1709836304.4980366,1709836304.4980679
5586,1709836304.5984023,1709836304.5984683
5587,1709836304.6983259,1709836304.6983676
5588,1709836304.805169,1709836304.8052459
5589,1709836304.9027228,1709836304.9028049
5590,1709836305.0031755,1709836305.0032218
5591,1709836305.0998757,1709836305.0999665
5592,1709836305.2018647,1709836305.2019303
5593,1709836305.3014867,1709836305.3015482
5594,1709836305.4089036,1709836305.4089723
5595,1709836305.4990137,1709836305.4990652
5596,1709836305.6089134,1709836305.6089895
5597,1709836305.7049139,1709836305.7049572
5598,1709836305.8000448,1709836305.8001013
5599,1709836305.902214,1709836305.9022763
5600,1709836306.0039804,1709836306.0040758
5601,1709836306.0996857,1709836306.0997367
5602,1709836306.2054257,1709836306.2059295
5603,1709836306.302962,1709836306.3030443
5604,1709836306.400586,1709836306.400646
5605,1709836306.5096712,1709836306.5097342
5606,1709836306.6078708,1709836306.607956
5607,1709836306.7077832,1709836306.7083278
5608,1709836306.797898,1709836306.7979844
5609,1709836306.9098043,1709836306.9098895
5610,1709836307.0052512,1709836307.0053003
5611,1709836307.106321,1709836307.1063716
5612,1709836307.207728,1709836307.2078216
5613,1709836307.3068514,1709836307.3069072
5614,1709836307.406308,1709836307.4063635
5615,1709836307.501136,1709836307.5011778
5616,1709836307.6025908,1709836307.6026447
5617,1709836307.7063875,1709836307.7064703
5618,1709836307.806802,1709836307.8068495
5619,1709836307.8985631,1709836307.8986099
5620,1709836308.0078814,1709836308.007958
5621,1709836308.1007917,1709836308.100846
5622,1709836308.20621,1709836308.2062593
5623,1709836308.3079612,1709836308.3080072
5624,1709836308.4038112,1709836308.403954
5625,1709836308.5127711,1709836308.5127788
5626,1709836308.60475,1709836308.6047542
5627,1709836308.7058234,1709836308.7058291
5628,1709836308.797108,1709836308.7971148
5629,1709836308.900806,1709836308.9008126
5630,1709836309.0034153,1709836309.0034266
5631,1709836309.0987778,1709836309.0987852
5632,1709836309.2005591,1709836309.2005675
5633,1709836309.3085663,1709836309.3085747
5634,1709836309.4068656,1709836309.4068718
5635,1709836309.501122,1709836309.5011287
5636,1709836309.6021168,1709836309.6021237
5637,1709836309.7048266,1709836309.7048333
5638,1709836309.7995243,1709836309.799531
5639,1709836309.899343,1709836309.8993495
5640,1709836310.0003128,1709836310.0003192
5641,1709836310.1005664,1709836310.1005735
5642,1709836310.2011197,1709836310.201126
5643,1709836310.2986498,1709836310.2986565
5644,1709836310.3978686,1709836310.3978732
5645,1709836310.5052989,1709836310.5120015
5646,1709836310.6016014,1709836310.606769
5647,1709836310.7050667,1709836310.7128901
5648,1709836310.7976456,1709836310.8039138
5649,1709836310.8996875,1709836310.9066446
5650,1709836310.9990659,1709836311.0065103
5651,1709836311.0988739,1709836311.1065216
5652,1709836311.2030077,1709836311.209054
5653,1709836311.3065698,1709836311.313674
5654,1709836311.4060862,1709836311.4122312
5655,1709836311.4980435,1709836311.5041392
5656,1709836311.5989914,1709836311.606393
5657,1709836311.7035635,1709836311.708872
5658,1709836311.8117404,1709836311.8205366
5659,1709836311.9095209,1709836311.9158564
5660,1709836312.0004575,1709836312.0067623
5661,1709836312.116493,1709836312.1238885
5662,1709836312.204845,1709836312.2118819
5663,1709836312.299236,1709836312.3082337
5664,1709836312.3991191,1709836312.4072354
5665,1709836312.501695,1709836312.5079474
5666,1709836312.6032808,1709836312.608937
5667,1709836312.700838,1709836312.7059958
5668,1709836312.7993472,1709836312.8044631
5669,1709836312.9056058,1709836312.9120474
5670,1709836313.0008028,1709836313.0070121
5671,1709836313.1001315,1709836313.1067543
5672,1709836313.2016273,1709836313.2103033
5673,1709836313.2982152,1709836313.3050385
5674,1709836313.4004264,1709836313.4064493
5675,1709836313.504916,1709836313.5116806
5676,1709836313.5999684,1709836313.6062837
5677,1709836313.7044454,1709836313.710162
5678,1709836313.7987475,1709836313.8059294
5679,1709836313.90339,1709836313.9098313
5680,1709836314.004739,1709836314.0122888
5681,1709836314.1003027,1709836314.1088455
5682,1709836314.2006726,1709836314.208634
5683,1709836314.3069432,1709836314.3132968
5684,1709836314.4020362,1709836314.4075603
5685,1709836314.5128772,1709836314.51901
5686,1709836314.596127,1709836314.6022182
5687,1709836314.7028775,1709836314.7071307
5688,1709836314.7985353,1709836314.8033068
5689,1709836314.904075,1709836314.9101279
5690,1709836315.000451,1709836315.0055754
5691,1709836315.100249,1709836315.1053946
5692,1709836315.2005136,1709836315.2067094
5693,1709836315.2999642,1709836315.3062296
5694,1709836315.3981316,1709836315.4053993
5695,1709836315.503768,1709836315.5109978
5696,1709836315.6007283,1709836315.6062732
5697,1709836315.7008758,1709836315.706609
5698,1709836315.8007686,1709836315.806621
5699,1709836315.901312,1709836315.9074054
5700,1709836316.0053873,1709836316.0107217
5701,1709836316.1035402,1709836316.1092587
5702,1709836316.205014,1709836316.2103012
5703,1709836316.3117435,1709836316.3191738
5704,1709836316.4009016,1709836316.4076567
5705,1709836316.5132835,1709836316.5193803
5706,1709836316.5986705,1709836316.6043403
5707,1709836316.7024286,1709836316.7083383
5708,1709836316.802895,1709836316.8099873
5709,1709836316.9012628,1709836316.9073377
5710,1709836317.0010488,1709836317.0071821
5711,1709836317.1049635,1709836317.1106052
5712,1709836317.1985161,1709836317.204317
5713,1709836317.3060622,1709836317.3139281
5714,1709836317.4181597,1709836317.4263752
5715,1709836317.5012994,1709836317.5078814
5716,1709836317.601387,1709836317.6085029
5717,1709836317.7070167,1709836317.7122655
5718,1709836317.8020499,1709836317.8085277
5719,1709836317.904384,1709836317.9138148
5720,1709836318.0010345,1709836318.006959
5721,1709836318.103356,1709836318.1091192
5722,1709836318.202968,1709836318.2089303
5723,1709836318.302869,1709836318.3087523
5724,1709836318.404224,1709836318.410182
5725,1709836318.5028775,1709836318.507474
5726,1709836318.6059535,1709836318.6112568
5727,1709836318.7005923,1709836318.7166598
5728,1709836318.8023334,1709836318.811791
5729,1709836318.9025528,1709836318.9072616
5730,1709836319.0003655,1709836319.0062966
5731,1709836319.1023684,1709836319.1083074
5732,1709836319.206894,1709836319.2137969
5733,1709836319.2989268,1709836319.3025067
5734,1709836319.3979032,1709836319.4030876
5735,1709836319.503223,1709836319.511053
5736,1709836319.5957277,1709836319.6018138
5737,1709836319.7050211,1709836319.712041
5738,1709836319.7984624,1709836319.804485
5739,1709836319.903637,1709836319.9117668
5740,1709836320.000154,1709836320.006002
5741,1709836320.1062133,1709836320.1115417
5742,1709836320.2009082,1709836320.2068117
5743,1709836320.3018672,1709836320.3083117
5744,1709836320.4061463,1709836320.412553
5745,1709836320.5027704,1709836320.5099163
5746,1709836320.6000922,1709836320.6061099
5747,1709836320.699337,1709836320.705417
5748,1709836320.8071628,1709836320.813394
5749,1709836320.900931,1709836320.906769
5750,1709836320.9991875,1709836321.0045755
5751,1709836321.0958147,1709836321.1014433
5752,1709836321.199987,1709836321.2059479
5753,1709836321.3011563,1709836321.3055189
5754,1709836321.4008007,1709836321.4059057
5755,1709836321.502878,1709836321.509648
5756,1709836321.6012785,1709836321.6073055
5757,1709836321.7040741,1709836321.711267
5758,1709836321.8073244,1709836321.8140697
5759,1709836321.901776,1709836321.9076707
5760,1709836322.0007324,1709836322.0074625
5761,1709836322.0988638,1709836322.105333
5762,1709836322.21302,1709836322.2219946
5763,1709836322.3090506,1709836322.316322
5764,1709836322.4016073,1709836322.4079344
5765,1709836322.5077734,1709836322.5134866
5766,1709836322.6017962,1709836322.6123774
5767,1709836322.7035255,1709836322.7103024
5768,1709836322.8079193,1709836322.814352
5769,1709836322.9088435,1709836322.9151778
5770,1709836322.9971313,1709836323.0032434
5771,1709836323.1025982,1709836323.106664
5772,1709836323.2000847,1709836323.205601
5773,1709836323.3048954,1709836323.311108
5774,1709836323.4008589,1709836323.4067564
5775,1709836323.4976811,1709836323.5039606
5776,1709836323.6071706,1709836323.612638
5777,1709836323.7071795,1709836323.7141404
5778,1709836323.7969959,1709836323.8010647
5779,1709836323.9016154,1709836323.9105854
5780,1709836324.0008144,1709836324.0063028
5781,1709836324.1029892,1709836324.1122074
5782,1709836324.2018406,1709836324.2070649
5783,1709836324.3014076,1709836324.3066123
5784,1709836324.4013171,1709836324.4075336
5785,1709836324.4985352,1709836324.5040817
5786,1709836324.61001,1709836324.6100168
5787,1709836324.7001805,1709836324.7001863
5788,1709836324.7978117,1709836324.7978184
5789,1709836324.9001446,1709836324.9001505
5790,1709836324.9977264,1709836324.9977307
5791,1709836325.1008408,1709836325.1008458
5792,1709836325.20083,1709836325.2008362
5793,1709836325.3065894,1709836325.3065946
5794,1709836325.396745,1709836325.3967512
5795,1709836325.5024638,1709836325.5024703
5796,1709836325.6076345,1709836325.6076405
5797,1709836325.6963127,1709836325.6963184
5798,1709836325.8115764,1709836325.8115823
5799,1709836325.9034762,1709836325.9034846
5800,1709836326.000794,1709836326.0007992
5801,1709836326.0996485,1709836326.0996585
5802,1709836326.1993809,1709836326.199387
5803,1709836326.300832,1709836326.3008375
5804,1709836326.401742,1709836326.4017477
5805,1709836326.5033648,1709836326.5033693
5806,1709836326.6049018,1709836326.6049085
5807,1709836326.7048538,1709836326.7048597
5808,1709836326.8048384,1709836326.8048446
5809,1709836326.8996994,1709836326.8997056
5810,1709836327.0062978,1709836327.0063045
5811,1709836327.098719,1709836327.0987256
5812,1709836327.2114534,1709836327.2114582
5813,1709836327.303848,1709836327.3038518
5814,1709836327.3956037,1709836327.3956096
5815,1709836327.4986787,1709836327.4986842
5816,1709836327.601176,1709836327.6011834
5817,1709836327.6991885,1709836327.6991944
5818,1709836327.8115597,1709836327.8115647
5819,1709836327.901709,1709836327.9017155
5820,1709836328.0023353,1709836328.002341
5821,1709836328.1072972,1709836328.1073031
5822,1709836328.2069702,1709836328.2069764
5823,1709836328.306621,1709836328.3066301
5824,1709836328.4010298,1709836328.4010453
5825,1709836328.502118,1709836328.5021243
5826,1709836328.6009052,1709836328.6009147
5827,1709836328.7060523,1709836328.7060587
5828,1709836328.798248,1709836328.798253
5829,1709836328.9092536,1709836328.9092596
5830,1709836329.0020134,1709836329.0020201
5831,1709836329.0987384,1709836329.0987456
5832,1709836329.2057176,1709836329.205723
5833,1709836329.301981,1709836329.301987
5834,1709836329.4017413,1709836329.4017484
5835,1709836329.5050404,1709836329.5050447
5836,1709836329.6085243,1709836329.6085286
5837,1709836329.7016225,1709836329.701628
5838,1709836329.8011475,1709836329.8011534
5839,1709836329.9121656,1709836329.9121704
5840,1709836330.0054116,1709836330.0054178
5841,1709836330.0975378,1709836330.0975437
5842,1709836330.2092657,1709836330.2092707
5843,1709836330.298276,1709836330.2982821
5844,1709836330.4034133,1709836330.40342
5845,1709836330.5120196,1709836330.5120268
5846,1709836330.6060438,1709836330.6060495
5847,1709836330.7063704,1709836330.7063756
5848,1709836330.809783,1709836330.809786
5849,1709836330.9088306,1709836330.9088376
5850,1709836331.0047255,1709836331.004732
5851,1709836331.1082816,1709836331.1082869
5852,1709836331.2039654,1709836331.2039726
5853,1709836331.3077006,1709836331.3077075
5854,1709836331.3965786,1709836331.3965843
5855,1709836331.5062351,1709836331.506241
5856,1709836331.6137836,1709836331.6137898
5857,1709836331.7076447,1709836331.70765
5858,1709836331.810236,1709836331.810242
5859,1709836331.9032788,1709836331.903283
5860,1709836332.010095,1709836332.0100996
5861,1709836332.10221,1709836332.1022182
5862,1709836332.1983614,1709836332.1983683
5863,1709836332.3127627,1709836332.312774
5864,1709836332.3984032,1709836332.3984106
5865,1709836332.4994965,1709836332.4995024
5866,1709836332.609402,1709836332.6094067
5867,1709836332.7031682,1709836332.7031746
5868,1709836332.8035617,1709836332.8035676
5869,1709836332.900263,1709836332.9002693
5870,1709836332.9970946,1709836332.997185
5871,1709836333.1018186,1709836333.1018245
5872,1709836333.202683,1709836333.2026882
5873,1709836333.306579,1709836333.3065844
5874,1709836333.4030266,1709836333.4030335
5875,1709836333.5074515,1709836333.5074573
5876,1709836333.607414,1709836333.6074193
5877,1709836333.7061589,1709836333.706166
5878,1709836333.8096879,1709836333.809693
5879,1709836333.909319,1709836333.9093251
5880,1709836333.9992435,1709836333.9992502
5881,1709836334.1049678,1709836334.104974
5882,1709836334.202625,1709836334.2026315
5883,1709836334.3021576,1709836334.3021634
5884,1709836334.404203,1709836334.4042082
5885,1709836334.503142,1709836334.5031462
5886,1709836334.5975022,1709836334.5975084
5887,1709836334.703367,1709836334.7033718
5888,1709836334.8070095,1709836334.8070154
5889,1709836334.9045982,1709836334.904604
5890,1709836335.00535,1709836335.0053537
5891,1709836335.1011956,1709836335.1012013
5892,1709836335.2056255,1709836335.2056324
5893,1709836335.3040318,1709836335.3040383
5894,1709836335.4031928,1709836335.4031982
5895,1709836335.504201,1709836335.504206
5896,1709836335.6042497,1709836335.6042545
5897,1709836335.704379,1709836335.7043855
5898,1709836335.8024004,1709836335.8024058
5899,1709836335.904872,1709836335.904877
5900,1709836336.0032516,1709836336.0032573
5901,1709836336.1073995,1709836336.1074057
5902,1709836336.2128606,1709836336.2128673
5903,1709836336.3086195,1709836336.308624
5904,1709836336.4123893,1709836336.4123955
5905,1709836336.5088441,1709836336.5088494
5906,1709836336.5991006,1709836336.599106
5907,1709836336.7034025,1709836336.7034094
5908,1709836336.8066487,1709836336.8066545
5909,1709836336.9087622,1709836336.9087682
5910,1709836337.0144665,1709836337.0144727
5911,1709836337.1016536,1709836337.1016579
5912,1709836337.2022653,1709836337.202272
5913,1709836337.3096778,1709836337.3096838
5914,1709836337.410517,1709836337.4105234
5915,1709836337.5049644,1709836337.5049691
5916,1709836337.6088238,1709836337.6088326
5917,1709836337.6995187,1709836337.699525
5918,1709836337.7979774,1709836337.7979827
5919,1709836337.9051797,1709836337.9051855
5920,1709836338.000525,1709836338.0005314
5921,1709836338.101506,1709836338.1015117
5922,1709836338.209086,1709836338.2090921
5923,1709836338.3046474,1709836338.3046534
5924,1709836338.4101477,1709836338.4101543
5925,1709836338.5083227,1709836338.508329
5926,1709836338.6025739,1709836338.6025794
5927,1709836338.7063293,1709836338.706335
5928,1709836338.8047018,1709836338.804708
5929,1709836338.9040923,1709836338.9040976
5930,1709836339.0022864,1709836339.0022914
5931,1709836339.1027927,1709836339.102799
5932,1709836339.204356,1709836339.2043612
5933,1709836339.3032663,1709836339.3032725
5934,1709836339.4077814,1709836339.4077876
5935,1709836339.5083342,1709836339.5083406
5936,1709836339.6039407,1709836339.6039462
5937,1709836339.710543,1709836339.7105486
5938,1709836339.8054974,1709836339.8055027
5939,1709836339.9041007,1709836339.9041073
5940,1709836340.0052898,1709836340.0052958
5941,1709836340.0986247,1709836340.098631
5942,1709836340.2012694,1709836340.201274
5943,1709836340.3023005,1709836340.3023064
5944,1709836340.405003,1709836340.4050097
5945,1709836340.5141597,1709836340.5141647
5946,1709836340.6024978,1709836340.602504
5947,1709836340.6987777,1709836340.698782
5948,1709836340.8028772,1709836340.8028831
5949,1709836340.9101648,1709836340.9101706
5950,1709836341.0071294,1709836341.007137
5951,1709836341.1060975,1709836341.1061044
5952,1709836341.1995957,1709836341.199601
5953,1709836341.3052306,1709836341.3052347
5954,1709836341.4056218,1709836341.405628
5955,1709836341.5037618,1709836341.5037675
5956,1709836341.613317,1709836341.6133206
5957,1709836341.7029173,1709836341.7029233
5958,1709836341.809828,1709836341.809835
5959,1709836341.9093225,1709836341.909328
5960,1709836342.0105228,1709836342.0105293
5961,1709836342.1039948,1709836342.104001
5962,1709836342.1996226,1709836342.1996264
5963,1709836342.307469,1709836342.3074746
5964,1709836342.40853,1709836342.4085355
5965,1709836342.5095518,1709836342.5095587
5966,1709836342.6148612,1709836342.6148665
5967,1709836342.6991887,1709836342.699195
5968,1709836342.81169,1709836342.8116965
5969,1709836342.909226,1709836342.9092324
5970,1709836343.005884,1709836343.0058897
5971,1709836343.1019208,1709836343.1019268
5972,1709836343.2132998,1709836343.2133052
5973,1709836343.3056304,1709836343.3056366
5974,1709836343.4071133,1709836343.4071202
5975,1709836343.5044048,1709836343.5044098
5976,1709836343.6079032,1709836343.6079094
5977,1709836343.7037792,1709836343.7037854
5978,1709836343.8026311,1709836343.802638
5979,1709836343.9110193,1709836343.9110248
5980,1709836343.9991035,1709836343.9991114
5981,1709836344.1005926,1709836344.1005995
5982,1709836344.207899,1709836344.2079055
5983,1709836344.3045335,1709836344.3045387
5984,1709836344.4052646,1709836344.4052713
5985,1709836344.4980667,1709836344.4980726
5986,1709836344.6030452,1709836344.6030514
5987,1709836344.7036333,1709836344.7036386
5988,1709836344.8017552,1709836344.8017673
5989,1709836344.9123695,1709836344.9123733
5990,1709836345.0043886,1709836345.0043955
5991,1709836345.1097016,1709836345.109707
5992,1709836345.2089877,1709836345.2089918
5993,1709836345.3016834,1709836345.3016896
5994,1709836345.398457,1709836345.3984632
5995,1709836345.4986036,1709836345.4986112
5996,1709836345.5998611,1709836345.599867
5997,1709836345.7034478,1709836345.7034552
5998,1709836345.7973034,1709836345.7973077
5999,1709836345.9043887,1709836345.9043956
6000,1709836346.0079882,1709836346.0079942
6001,1709836346.104581,1709836346.1045876
6002,1709836346.2042387,1709836346.2043054
6003,1709836346.312857,1709836346.3128626
6004,1709836346.4035933,1709836346.403599
6005,1709836346.5115576,1709836346.5115628
6006,1709836346.6106892,1709836346.6106935
6007,1709836346.7030923,1709836346.7030995
6008,1709836346.7981048,1709836346.7981095
6009,1709836346.9140944,1709836346.9141002
6010,1709836346.997844,1709836346.99785
6011,1709836347.1027286,1709836347.1027353
6012,1709836347.2060218,1709836347.2060273
6013,1709836347.3123658,1709836347.3123713
6014,1709836347.406431,1709836347.4064372
6015,1709836347.5038662,1709836347.5038724
6016,1709836347.614378,1709836347.6143844
6017,1709836347.7071593,1709836347.7071645
6018,1709836347.8123956,1709836347.8124013
6019,1709836347.901635,1709836347.9016445
6020,1709836348.0048351,1709836348.0048406
6021,1709836348.101871,1709836348.1018772
6022,1709836348.2126057,1709836348.212611
6023,1709836348.302991,1709836348.3029954
6024,1709836348.4118483,1709836348.4118552
6025,1709836348.5095785,1709836348.5095844
6026,1709836348.6072571,1709836348.6073291
6027,1709836348.6972964,1709836348.6973045
6028,1709836348.8145013,1709836348.8145082
6029,1709836348.9139466,1709836348.9139538
6030,1709836349.0037484,1709836349.003755
6031,1709836349.1121104,1709836349.1121166
6032,1709836349.2057712,1709836349.2057781
6033,1709836349.3085647,1709836349.3085701
6034,1709836349.3986669,1709836349.3986712
6035,1709836349.5140765,1709836349.514083
6036,1709836349.5972922,1709836349.597297
6037,1709836349.7046118,1709836349.7046182
6038,1709836349.8044086,1709836349.8044145
6039,1709836349.9036207,1709836349.9036243
6040,1709836350.0051653,1709836350.0051725
6041,1709836350.1054523,1709836350.1054618
6042,1709836350.2193017,1709836350.219307
6043,1709836350.3021996,1709836350.3022037
6044,1709836350.4091516,1709836350.4091568
6045,1709836350.504805,1709836350.5048106
6046,1709836350.6049807,1709836350.6049867
6047,1709836350.7079964,1709836350.7080019
6048,1709836350.809963,1709836350.8099685
6049,1709836350.910954,1709836350.9109604
6050,1709836351.0123904,1709836351.0123973
6051,1709836351.1036527,1709836351.103658
6052,1709836351.2021184,1709836351.2021248
6053,1709836351.306428,1709836351.3064334
6054,1709836351.4067113,1709836351.4067159
6055,1709836351.90726,1709836351.90727
6056,1709836351.9160397,1709836351.9160433
6057,1709836352.00921,1709836352.0092168
6058,1709836352.1122787,1709836352.1122842
6059,1709836352.19831,1709836352.1983156
6060,1709836352.3053453,1709836352.305351
6061,1709836352.4041717,1709836352.4041777
6062,1709836352.5011146,1709836352.5011203
6063,1709836352.6040738,1709836352.6040776
6064,1709836352.708884,1709836352.7088892
6065,1709836352.802981,1709836352.8029873
6066,1709836352.9157162,1709836352.915721
6067,1709836353.0182436,1709836353.0182488
6068,1709836353.10304,1709836353.1030436
6069,1709836353.2011175,1709836353.201121
6070,1709836353.3003364,1709836353.3003438
6071,1709836353.4029515,1709836353.4029546
6072,1709836353.5055277,1709836353.505568
6073,1709836353.6003869,1709836353.600392
6074,1709836353.6986933,1709836353.698699
6075,1709836353.8085234,1709836353.8085299
6076,1709836353.9033346,1709836353.9033406
6077,1709836354.0081632,1709836354.0082128
6078,1709836354.1061976,1709836354.1062014
6079,1709836354.2061596,1709836354.206165
6080,1709836354.3068569,1709836354.3068624
6081,1709836354.404832,1709836354.4048378
6082,1709836354.5066812,1709836354.506687
6083,1709836354.6070862,1709836354.6070914
6084,1709836354.7356403,1709836354.735646
6085,1709836354.798378,1709836354.7983837
6086,1709836354.9144099,1709836354.9144158
6087,1709836355.0052118,1709836355.0052478
6088,1709836355.103599,1709836355.1036034
6089,1709836355.2043679,1709836355.204373
6090,1709836355.3056965,1709836355.3057027
6091,1709836355.3995473,1709836355.3995523
6092,1709836355.5036345,1709836355.5036392
6093,1709836355.6035962,1709836355.603602
6094,1709836355.710082,1709836355.7100875
6095,1709836355.8138373,1709836355.8138425
6096,1709836355.909815,1709836355.909821
6097,1709836356.0046556,1709836356.0046597
6098,1709836356.1068606,1709836356.1068668
6099,1709836356.20405,1709836356.2040553
6100,1709836356.2992632,1709836356.299269
6101,1709836356.4018192,1709836356.4018235
6102,1709836356.4996145,1709836356.4996202
6103,1709836356.5981405,1709836356.5981474
6104,1709836356.710695,1709836356.7106996
6105,1709836356.8018458,1709836356.8018515
6106,1709836356.9073336,1709836356.914965
6107,1709836357.004626,1709836357.0142915
6108,1709836357.100328,1709836357.1052847
6109,1709836357.204874,1709836357.210232
6110,1709836357.308214,1709836357.3137224
6111,1709836357.4025733,1709836357.407066
6112,1709836357.5000088,1709836357.5063558
6113,1709836357.598831,1709836357.6040719
6114,1709836357.7063713,1709836357.7121098
6115,1709836357.8098993,1709836357.8146818
6116,1709836357.9078078,1709836357.9131942
6117,1709836358.0005934,1709836358.00497
6118,1709836358.1042264,1709836358.1097322
6119,1709836358.2062793,1709836358.2102306
6120,1709836358.3036318,1709836358.309077
6121,1709836358.3974226,1709836358.400426
6122,1709836358.5133088,1709836358.5198312
6123,1709836358.6074262,1709836358.612982
6124,1709836358.7106974,1709836358.7150156
6125,1709836358.8084264,1709836358.8134284
6126,1709836358.9041264,1709836358.9102771
6127,1709836359.00525,1709836359.0106592
6128,1709836359.1070633,1709836359.112933
6129,1709836359.204496,1709836359.209106
6130,1709836359.3122177,1709836359.316921
6131,1709836359.4126964,1709836359.4160564
6132,1709836359.5073671,1709836359.5147245
6133,1709836359.6128411,1709836359.6162817
6134,1709836359.7114558,1709836359.715541
6135,1709836359.802236,1709836359.8080027
6136,1709836359.9037044,1709836359.9092524
6137,1709836360.0067418,1709836360.011593
6138,1709836360.1162937,1709836360.1209524
6139,1709836360.2038183,1709836360.2088637
6140,1709836360.3043575,1709836360.309769
6141,1709836360.4067457,1709836360.411756
6142,1709836360.501724,1709836360.507261
6143,1709836360.6046717,1709836360.6097598
6144,1709836360.7013352,1709836360.7051084
6145,1709836360.809229,1709836360.8131351
6146,1709836360.9061286,1709836360.9112303
6147,1709836360.9996245,1709836361.004601
6148,1709836361.10572,1709836361.1109607
6149,1709836361.2052715,1709836361.2104173
6150,1709836361.312718,1709836361.3174481
6151,1709836361.4043903,1709836361.4091141
6152,1709836361.5054789,1709836361.5105314
6153,1709836361.6079776,1709836361.6125517
6154,1709836361.701992,1709836361.7079546
6155,1709836361.8053,1709836361.8111107
6156,1709836361.9070063,1709836361.9106736
6157,1709836362.0040917,1709836362.0081534
6158,1709836362.106188,1709836362.111439
6159,1709836362.2008,1709836362.2066221
6160,1709836362.31565,1709836362.3205981
6161,1709836362.39965,1709836362.4075284
6162,1709836362.506912,1709836362.5105546
6163,1709836362.6139402,1709836362.618009
6164,1709836362.7124732,1709836362.7157655
6165,1709836362.8024938,1709836362.8071945
6166,1709836362.9019625,1709836362.9067056
6167,1709836363.002185,1709836363.008339
6168,1709836363.1032488,1709836363.1083405
6169,1709836363.1980002,1709836363.202345
6170,1709836363.3075564,1709836363.3135648
6171,1709836363.4051692,1709836363.4099696
6172,1709836363.4982142,1709836363.50405
6173,1709836363.6035352,1709836363.6066422
6174,1709836363.699716,1709836363.7045388
6175,1709836363.7980907,1709836363.8038287
6176,1709836363.9048722,1709836363.909327
6177,1709836364.0055468,1709836364.0097337
6178,1709836364.1061594,1709836364.1106195
6179,1709836364.202475,1709836364.206308
6180,1709836364.3050447,1709836364.3098304
6181,1709836364.406513,1709836364.4111936
6182,1709836364.5043356,1709836364.5089564
6183,1709836364.610664,1709836364.6159048
6184,1709836364.70216,1709836364.7064962
6185,1709836364.8005571,1709836364.8041668
6186,1709836364.900816,1709836364.9054513
6187,1709836365.0054193,1709836365.0098884
6188,1709836365.1039658,1709836365.1085029
6189,1709836365.1976771,1709836365.2019436
6190,1709836365.3044162,1709836365.308973
6191,1709836365.4012897,1709836365.4085839
6192,1709836365.5086076,1709836365.5136626
6193,1709836365.599475,1709836365.6043499
6194,1709836365.7181551,1709836365.7219572
6195,1709836365.8138957,1709836365.8197484
6196,1709836365.904322,1709836365.9083152
6197,1709836366.0043414,1709836366.0100338
6198,1709836366.1115773,1709836366.1170683
6199,1709836366.2069898,1709836366.2117853
6200,1709836366.297168,1709836366.301454
6201,1709836366.4059546,1709836366.4100163
6202,1709836366.501423,1709836366.5043907
6203,1709836366.6000378,1709836366.604561
6204,1709836366.7092311,1709836366.7129576
6205,1709836366.8041341,1709836366.8081217
6206,1709836366.9035037,1709836366.9077513
6207,1709836367.0019062,1709836367.0048149
6208,1709836367.1050994,1709836367.1078818
6209,1709836367.2075813,1709836367.21247
6210,1709836367.3194673,1709836367.3237689
6211,1709836367.4006917,1709836367.405271
6212,1709836367.4992087,1709836367.503141
6213,1709836367.615611,1709836367.6195824
6214,1709836367.7013817,1709836367.706006
6215,1709836367.8024817,1709836367.8073049
6216,1709836367.8985825,1709836367.901853
6217,1709836368.0034993,1709836368.0096028
6218,1709836368.1038814,1709836368.1074975
6219,1709836368.2050045,1709836368.208531
6220,1709836368.3034785,1709836368.3067427
6221,1709836368.4074597,1709836368.4131114
6222,1709836368.497121,1709836368.502129
6223,1709836368.6090999,1709836368.6148098
6224,1709836368.704259,1709836368.709299
6225,1709836368.8009796,1709836368.8057206
6226,1709836368.9118876,1709836368.915801
6227,1709836369.0049076,1709836369.0096865
6228,1709836369.1007802,1709836369.105224
6229,1709836369.2107594,1709836369.2148945
6230,1709836369.3087852,1709836369.3140094
6231,1709836369.4063008,1709836369.4107797
6232,1709836369.5126052,1709836369.5176315
6233,1709836369.6022446,1709836369.6062403
6234,1709836369.7016675,1709836369.707006
6235,1709836369.803813,1709836369.808579
6236,1709836369.8995233,1709836369.904003
6237,1709836370.0039785,1709836370.0105157
6238,1709836370.0989645,1709836370.1047106
6239,1709836370.2052937,1709836370.2093928
6240,1709836370.305102,1709836370.307992
6241,1709836370.4065099,1709836370.4110181
6242,1709836370.4974377,1709836370.501777
6243,1709836370.6003704,1709836370.6045542
6244,1709836370.7042165,1709836370.708298
6245,1709836370.7972617,1709836370.8018591
6246,1709836370.9032133,1709836370.9081008
6247,1709836371.006631,1709836371.0128894
6248,1709836371.104124,1709836371.1076262
6249,1709836371.1972382,1709836371.2033577
6250,1709836371.3001003,1709836371.304269
6251,1709836371.4025693,1709836371.4071736
6252,1709836371.5062845,1709836371.5126822
6253,1709836371.59933,1709836371.6045449
6254,1709836371.7007947,1709836371.7057498
6255,1709836371.8072126,1709836371.8121998
6256,1709836371.9047754,1709836371.9109852
6257,1709836371.9990764,1709836372.0040646
6258,1709836372.0996523,1709836372.1041005
6259,1709836372.2052197,1709836372.2107275
6260,1709836372.302685,1709836372.3078
6261,1709836372.4002824,1709836372.4056137
6262,1709836372.5083323,1709836372.514353
6263,1709836372.6017666,1709836372.6072414
6264,1709836372.7057552,1709836372.7116227
6265,1709836372.797662,1709836372.8005068
6266,1709836372.9040732,1709836372.907425
6267,1709836373.0100455,1709836373.0100534
6268,1709836373.1084404,1709836373.1084461
6269,1709836373.2062569,1709836373.206264
6270,1709836373.2993486,1709836373.2993538
6271,1709836373.402003,1709836373.402009
6272,1709836373.498605,1709836373.4986107
6273,1709836373.5995395,1709836373.5995452
6274,1709836373.7051656,1709836373.7051713
6275,1709836373.8069813,1709836373.8069909
6276,1709836373.9140944,1709836373.914105
6277,1709836374.0049798,1709836374.0049858
6278,1709836374.1165318,1709836374.1165383
6279,1709836374.214507,1709836374.2145123
6280,1709836374.3096304,1709836374.3096395
6281,1709836374.4015403,1709836374.401546
6282,1709836374.5084603,1709836374.5084667
6283,1709836374.614469,1709836374.6144755
6284,1709836374.7018116,1709836374.7018166
6285,1709836374.814443,1709836374.8144484
6286,1709836374.9003716,1709836374.9003778
6287,1709836375.0017617,1709836375.0017686
6288,1709836375.110397,1709836375.110402
6289,1709836375.2236211,1709836375.2236245
6290,1709836375.320906,1709836375.320914
6291,1709836375.404165,1709836375.4042647
6292,1709836375.5077324,1709836375.5077405
6293,1709836375.6069856,1709836375.6069925
6294,1709836375.7069237,1709836375.7069297
6295,1709836375.8001614,1709836375.8001678
6296,1709836375.9053276,1709836375.905335
6297,1709836376.006105,1709836376.006111
6298,1709836376.105557,1709836376.1055648
6299,1709836376.2118804,1709836376.2118847
6300,1709836376.3076293,1709836376.3076348
6301,1709836376.4091322,1709836376.4091375
6302,1709836376.5049672,1709836376.5050218
6303,1709836376.60834,1709836376.6084454
6304,1709836376.707211,1709836376.7073116
6305,1709836376.8055086,1709836376.8055584
6306,1709836376.905312,1709836376.9053636
6307,1709836376.9977148,1709836376.9977608
6308,1709836377.1015441,1709836377.1015792
6309,1709836377.198544,1709836377.1986184
6310,1709836377.302192,1709836377.3028219
6311,1709836377.3991716,1709836377.3992217
6312,1709836377.501652,1709836377.5016978
6313,1709836377.6038373,1709836377.603891
6314,1709836377.7029958,1709836377.703051
6315,1709836377.8045857,1709836377.804635
6316,1709836377.9028373,1709836377.9028866
6317,1709836378.005967,1709836378.0062218
6318,1709836378.0977757,1709836378.097827
6319,1709836378.2038128,1709836378.2039373
6320,1709836378.2982018,1709836378.2982504
6321,1709836378.4006102,1709836378.4006555
6322,1709836378.5001767,1709836378.5002146
6323,1709836378.60768,1709836378.6077664
6324,1709836378.703166,1709836378.703316
6325,1709836378.7958999,1709836378.796025
6326,1709836378.8982193,1709836378.8982787
6327,1709836379.0000205,1709836379.000115
6328,1709836379.1084437,1709836379.108494
6329,1709836379.2055473,1709836379.2055933
6330,1709836379.298586,1709836379.298625
6331,1709836379.403326,1709836379.403376
6332,1709836379.4969687,1709836379.4970055
6333,1709836379.6058726,1709836379.6059198
6334,1709836379.7058585,1709836379.7059445
6335,1709836379.797591,1709836379.7976754
6336,1709836379.9054804,1709836379.9055548
6337,1709836379.9967844,1709836379.9972706
6338,1709836380.1044977,1709836380.1045783
6339,1709836380.2100062,1709836380.2100856
6340,1709836380.301651,1709836380.301748
6341,1709836380.4030702,1709836380.403126
6342,1709836380.5095642,1709836380.5096025
6343,1709836380.5997078,1709836380.5997932
6344,1709836380.7043695,1709836380.7044196
6345,1709836380.803874,1709836380.803973
6346,1709836380.8983655,1709836380.8984182
6347,1709836381.0018106,1709836381.0018728
6348,1709836381.1023626,1709836381.1024036
6349,1709836381.208405,1709836381.2084541
6350,1709836381.2995586,1709836381.299709
6351,1709836381.4027565,1709836381.4028006
6352,1709836381.5025465,1709836381.5026047
6353,1709836381.6084664,1709836381.6084986
6354,1709836381.7109756,1709836381.7110608
6355,1709836381.8004074,1709836381.8016653
6356,1709836381.9103327,1709836381.9105883
6357,1709836382.004821,1709836382.0049272
6358,1709836382.1054893,1709836382.105553
6359,1709836382.2035491,1709836382.20362
6360,1709836382.3015292,1709836382.3015764
6361,1709836382.4069493,1709836382.40706
6362,1709836382.5098152,1709836382.5098631
6363,1709836382.6133413,1709836382.61338
6364,1709836382.7053328,1709836382.7054098
6365,1709836382.8034322,1709836382.8034804
6366,1709836382.903771,1709836382.903821
6367,1709836383.0095804,1709836383.0096197
6368,1709836383.0980763,1709836383.0981333
6369,1709836383.2007399,1709836383.2008085
6370,1709836383.3063085,1709836383.3063595
6371,1709836383.4015744,1709836383.4016175
6372,1709836383.4998367,1709836383.4999182
6373,1709836383.6059294,1709836383.605971
6374,1709836383.6983938,1709836383.6984882
6375,1709836383.801347,1709836383.8014026
6376,1709836383.9019928,1709836383.9020464
6377,1709836383.9997473,1709836383.999796
6378,1709836384.1039767,1709836384.104073
6379,1709836384.2030165,1709836384.2030683
6380,1709836384.304767,1709836384.3048368
6381,1709836384.402684,1709836384.402769
6382,1709836384.5061274,1709836384.5061789
6383,1709836384.6006227,1709836384.600701
6384,1709836384.701115,1709836384.701198
6385,1709836384.8068442,1709836384.8069413
6386,1709836384.9036908,1709836384.903738
6387,1709836385.00457,1709836385.00462
6388,1709836385.1043012,1709836385.1043549
6389,1709836385.1994774,1709836385.1995523
6390,1709836385.306422,1709836385.3064659
6391,1709836385.4071553,1709836385.4072416
6392,1709836385.5033305,1709836385.5034125
6393,1709836385.6061988,1709836385.6062827
6394,1709836385.698563,1709836385.6986063
6395,1709836385.8090947,1709836385.8091574
6396,1709836385.9038284,1709836385.903914
6397,1709836386.002061,1709836386.00215
6398,1709836386.1007419,1709836386.1008158
6399,1709836386.1993937,1709836386.1994338
6400,1709836386.3072484,1709836386.3073008
6401,1709836386.3985946,1709836386.3986661
6402,1709836386.5016215,1709836386.501684
6403,1709836386.6037407,1709836386.6037836
6404,1709836386.7075963,1709836386.707646
6405,1709836386.8055809,1709836386.8056288
6406,1709836386.9083693,1709836386.908468
6407,1709836387.0067396,1709836387.007564
6408,1709836387.1146133,1709836387.114649
6409,1709836387.20528,1709836387.2053332
6410,1709836387.2974393,1709836387.297529
6411,1709836387.401891,1709836387.4019382
6412,1709836387.4996288,1709836387.4996831
6413,1709836387.6020842,1709836387.6021283
6414,1709836387.700915,1709836387.7009602
6415,1709836387.8008103,1709836387.8008606
6416,1709836387.901339,1709836387.9013984
6417,1709836388.0020583,1709836388.0021098
6418,1709836388.0976999,1709836388.097738
6419,1709836388.1994634,1709836388.1995342
6420,1709836388.3022947,1709836388.302344
6421,1709836388.4074302,1709836388.4074788
6422,1709836388.5044534,1709836388.5045197
6423,1709836388.6063547,1709836388.6064034
6424,1709836388.7022436,1709836388.7022915
6425,1709836388.8040962,1709836388.804144
6426,1709836388.9038033,1709836388.9038527
6427,1709836388.999772,1709836388.9998727
6428,1709836389.102211,1709836389.1022527
6429,1709836389.2007535,1709836389.2008014
6430,1709836389.2989292,1709836389.2989779
6431,1709836389.3997662,1709836389.3998222
6432,1709836389.5076256,1709836389.507791
6433,1709836389.6020083,1709836389.602057
6434,1709836389.711424,1709836389.7114801
6435,1709836389.8106337,1709836389.8106947
6436,1709836389.9234028,1709836389.9234865
6437,1709836390.0039773,1709836390.0040286
6438,1709836390.099683,1709836390.0997498
6439,1709836390.2016933,1709836390.2017376
6440,1709836390.3006206,1709836390.300692
6441,1709836390.4041562,1709836390.4043076
6442,1709836390.5033967,1709836390.5036876
6443,1709836390.606692,1709836390.6068072
6444,1709836390.7086463,1709836390.7087111
6445,1709836390.8049448,1709836390.8049898
6446,1709836390.9056396,1709836390.9057276
6447,1709836391.004396,1709836391.0058718
6448,1709836391.1067462,1709836391.1067905
6449,1709836391.2050629,1709836391.2051172
6450,1709836391.297832,1709836391.297869
6451,1709836391.4047306,1709836391.4047763
6452,1709836391.506403,1709836391.506478
6453,1709836391.6002789,1709836391.6003797
6454,1709836391.7028565,1709836391.702924
6455,1709836391.8053563,1709836391.8054247
6456,1709836391.9011812,1709836391.9012594
6457,1709836392.009918,1709836392.0099645
6458,1709836392.100584,1709836392.1006432
6459,1709836392.1970289,1709836392.1970665
6460,1709836392.3031757,1709836392.3032281
6461,1709836392.4014046,1709836392.4014504
6462,1709836392.4999416,1709836392.4999883
6463,1709836392.6037135,1709836392.6037831
6464,1709836392.7052314,1709836392.705282
6465,1709836392.7985065,1709836392.7985868
6466,1709836392.8976648,1709836392.897743
6467,1709836392.9967227,1709836392.996778
6468,1709836393.0977416,1709836393.0977921
6469,1709836393.205963,1709836393.2060134
6470,1709836393.3011382,1709836393.3012097
6471,1709836393.405856,1709836393.405901
6472,1709836393.501648,1709836393.5016928
6473,1709836393.6006584,1709836393.6007395
6474,1709836393.7040703,1709836393.7041526
6475,1709836393.8005722,1709836393.8006246
6476,1709836393.9089608,1709836393.9091172
6477,1709836394.0012076,1709836394.0012543
6478,1709836394.106233,1709836394.106296
6479,1709836394.2058425,1709836394.2059715
6480,1709836394.303516,1709836394.3035712
6481,1709836394.4007003,1709836394.4007437
6482,1709836394.5047355,1709836394.5047915
6483,1709836394.595774,1709836394.5958164
6484,1709836394.7066767,1709836394.7067225
6485,1709836394.8030424,1709836394.8031259
6486,1709836394.901935,1709836394.9019926
6487,1709836395.008594,1709836395.0086408
6488,1709836395.103757,1709836395.103824
6489,1709836395.2144704,1709836395.21452
6490,1709836395.3016357,1709836395.3016837
6491,1709836395.408441,1709836395.408515
6492,1709836395.509718,1709836395.5097945
6493,1709836395.605819,1709836395.6058679
6494,1709836395.6997495,1709836395.6998167
6495,1709836395.7964494,1709836395.796516
6496,1709836395.912788,1709836395.9128394
6497,1709836395.999957,1709836396.0000043
6498,1709836396.1078594,1709836396.1079082
6499,1709836396.1979449,1709836396.1979928
6500,1709836396.2969441,1709836396.2969913
6501,1709836396.4060404,1709836396.4060843
6502,1709836396.5012696,1709836396.5013268
6503,1709836396.6035514,1709836396.603599
6504,1709836396.6996362,1709836396.699691
6505,1709836396.8118954,1709836396.8119454
6506,1709836396.911327,1709836396.911396
6507,1709836396.9993746,1709836396.9994178
6508,1709836397.1059692,1709836397.1061041
6509,1709836397.2077632,1709836397.2077687
6510,1709836397.3030982,1709836397.3031058
6511,1709836397.405514,1709836397.40552
6512,1709836397.4984505,1709836397.4984562
6513,1709836397.5957184,1709836397.595725
6514,1709836397.6985576,1709836397.6985638
6515,1709836397.8012242,1709836397.8012283
6516,1709836397.9091153,1709836397.9091203
6517,1709836398.0017996,1709836398.0018055
6518,1709836398.1088986,1709836398.1089053
6519,1709836398.2035046,1709836398.203511
6520,1709836398.3026962,1709836398.302703
6521,1709836398.4007936,1709836398.4007993
6522,1709836398.506263,1709836398.5062687
6523,1709836398.6096365,1709836398.6096427
6524,1709836398.7086618,1709836398.7086685
6525,1709836398.8091352,1709836398.8091424
6526,1709836398.9035666,1709836398.9035723
6527,1709836399.002538,1709836399.002545
6528,1709836399.1094537,1709836399.109458
6529,1709836399.2006354,1709836399.2006419
6530,1709836399.2968726,1709836399.3031294
6531,1709836399.4033008,1709836399.409149
6532,1709836399.5011635,1709836399.5070791
6533,1709836399.6005018,1709836399.6052046
6534,1709836399.7001557,1709836399.7052853
6535,1709836399.8032708,1709836399.8087976
6536,1709836399.9030576,1709836399.9113486
6537,1709836400.0046628,1709836400.009897
6538,1709836400.1046722,1709836400.1106224
6539,1709836400.207898,1709836400.2133305
6540,1709836400.3073947,1709836400.312854
6541,1709836400.402136,1709836400.409097
6542,1709836400.5037947,1709836400.50892
6543,1709836400.599882,1709836400.6070843
6544,1709836400.7030249,1709836400.708132
6545,1709836400.807256,1709836400.8106074
6546,1709836400.902089,1709836400.9067888
6547,1709836401.0112908,1709836401.0176113
6548,1709836401.1030872,1709836401.1088784
6549,1709836401.20134,1709836401.2068546
6550,1709836401.304748,1709836401.309558
6551,1709836401.4016514,1709836401.4080396
6552,1709836401.498144,1709836401.5046937
6553,1709836401.6058958,1709836401.6095629
6554,1709836401.7012012,1709836401.7082636
6555,1709836401.8078337,1709836401.815928
6556,1709836401.9028475,1709836401.9079845
6557,1709836401.9991636,1709836402.0043764
6558,1709836402.114118,1709836402.1200967
6559,1709836402.1971262,1709836402.202791
6560,1709836402.3020895,1709836402.3114324
6561,1709836402.397739,1709836402.4043202
6562,1709836402.5039554,1709836402.5089102
6563,1709836402.6025157,1709836402.6074388
6564,1709836402.7006443,1709836402.7054317
6565,1709836402.8028133,1709836402.8065012
6566,1709836402.9042776,1709836402.9090164
6567,1709836403.0070145,1709836403.012396
6568,1709836403.0984983,1709836403.1043203
6569,1709836403.2068672,1709836403.2113242
6570,1709836403.3068473,1709836403.3136601
6571,1709836403.4013298,1709836403.4061852
6572,1709836403.4997737,1709836403.50429
6573,1709836403.5967653,1709836403.6010122
6574,1709836403.7085507,1709836403.7142441
6575,1709836403.8046134,1709836403.809905
6576,1709836403.902585,1709836403.9056482
6577,1709836404.0019228,1709836404.00625
6578,1709836404.1022167,1709836404.1072974
6579,1709836404.2021577,1709836404.206973
6580,1709836404.3057988,1709836404.3108375
6581,1709836404.5034716,1709836404.5125277
6582,1709836404.6002543,1709836404.604661
6583,1709836404.7056885,1709836404.7125854
6584,1709836404.7992299,1709836404.8041778
6585,1709836404.9001114,1709836404.9064088
6586,1709836405.0065289,1709836405.014434
6587,1709836405.1059086,1709836405.1121223
6588,1709836405.2120872,1709836405.2158573
6589,1709836405.2993755,1709836405.3046813
6590,1709836405.4015946,1709836405.4067204
6591,1709836405.5005918,1709836405.5053833
6592,1709836405.5987382,1709836405.6042
6593,1709836405.7019446,1709836405.710065
6594,1709836405.8031993,1709836405.8082373
6595,1709836405.9010618,1709836405.9060388
6596,1709836405.9994748,1709836406.0079663
6597,1709836406.1041985,1709836406.110186
6598,1709836406.1998756,1709836406.204872
6599,1709836406.3058407,1709836406.3105457
6600,1709836406.404021,1709836406.4089236
6601,1709836406.5140774,1709836406.5177958
6602,1709836406.602466,1709836406.6070113
6603,1709836406.7036357,1709836406.7100046
6604,1709836406.807721,1709836406.8122327
6605,1709836406.900924,1709836406.9059207
6606,1709836407.01104,1709836407.0159955
6607,1709836407.1055205,1709836407.1092546
6608,1709836407.2024968,1709836407.2055104
6609,1709836407.306124,1709836407.3119974
6610,1709836407.4048061,1709836407.4101167
6611,1709836407.4983785,1709836407.5033839
6612,1709836407.5984037,1709836407.6026325
6613,1709836407.7075386,1709836407.711076
6614,1709836407.8075662,1709836407.8120885
6615,1709836407.8999124,1709836407.9044852
6616,1709836408.0000262,1709836408.009154
6617,1709836408.1087985,1709836408.1137033
6618,1709836408.2024655,1709836408.208448
6619,1709836408.3011875,1709836408.307565
6620,1709836408.3974216,1709836408.4008856
6621,1709836408.5070217,1709836408.5119557
6622,1709836408.6070938,1709836408.6129613
6623,1709836408.6982834,1709836408.703308
6624,1709836408.8032618,1709836408.8081946
6625,1709836408.9039798,1709836408.909384
6626,1709836409.0044332,1709836409.0111544
6627,1709836409.0975187,1709836409.1022348
6628,1709836409.2007587,1709836409.206223
6629,1709836409.3020308,1709836409.3065948
6630,1709836409.398025,1709836409.4030626
6631,1709836409.5092547,1709836409.5154
6632,1709836409.600071,1709836409.6053896
6633,1709836409.7030253,1709836409.7076623
6634,1709836409.8110821,1709836409.816764
6635,1709836409.9060302,1709836409.9102914
6636,1709836410.0054286,1709836410.0108368
6637,1709836410.0972123,1709836410.101946
6638,1709836410.2027204,1709836410.2079537
6639,1709836410.2972639,1709836410.3017545
6640,1709836410.3991096,1709836410.4044528
6641,1709836410.4966896,1709836410.50194
6642,1709836410.6139107,1709836410.6188748
6643,1709836410.7022603,1709836410.708213
6644,1709836410.8048675,1709836410.8087897
6645,1709836410.898941,1709836410.9036465
6646,1709836411.0020077,1709836411.007944
6647,1709836411.1098695,1709836411.1146631
6648,1709836411.1986144,1709836411.2030253
6649,1709836411.3035083,1709836411.30909
6650,1709836411.4016857,1709836411.4076707
6651,1709836411.5016835,1709836411.5073688
6652,1709836411.600363,1709836411.6052046
6653,1709836411.7018683,1709836411.7080126
6654,1709836411.8021753,1709836411.8075573
6655,1709836411.8985083,1709836411.9030747
6656,1709836412.000685,1709836412.0058546
6657,1709836412.0970972,1709836412.1019928
6658,1709836412.2028403,1709836412.2074618
6659,1709836412.305713,1709836412.3104315
6660,1709836412.4149885,1709836412.4201095
6661,1709836412.506798,1709836412.5119245
6662,1709836412.6006267,1709836412.6081638
6663,1709836412.7023935,1709836412.707881
6664,1709836412.7993977,1709836412.806058
6665,1709836412.8997786,1709836412.9048414
6666,1709836412.9986022,1709836413.0048928
6667,1709836413.1012273,1709836413.1068673
6668,1709836413.1991227,1709836413.2052398
6669,1709836413.3133264,1709836413.3197296
6670,1709836413.4018745,1709836413.4078853
6671,1709836413.5035355,1709836413.5082738
6672,1709836413.5994081,1709836413.604501
6673,1709836413.7054288,1709836413.7102778
6674,1709836413.8006713,1709836413.807973
6675,1709836413.8989847,1709836413.9049861
6676,1709836414.0084586,1709836414.0134947
6677,1709836414.0996475,1709836414.1046333
6678,1709836414.1988847,1709836414.2048914
6679,1709836414.3101127,1709836414.3145764
6680,1709836414.404233,1709836414.4077022
6681,1709836414.497831,1709836414.502777
6682,1709836414.600626,1709836414.6055367
6683,1709836414.7028124,1709836414.7069438
6684,1709836414.7974973,1709836414.8024943
6685,1709836414.910083,1709836414.9174469
6686,1709836415.0045884,1709836415.0096579
6687,1709836415.1079423,1709836415.113003
6688,1709836415.1998417,1709836415.2032712
6689,1709836415.307844,1709836415.3124893
6690,1709836415.4007523,1709836415.4051373
6691,1709836415.5017304,1709836415.5056343
6692,1709836415.6011426,1709836415.6060174
6693,1709836415.7028701,1709836415.7075167
6694,1709836415.8038146,1709836415.8088753
6695,1709836415.9032335,1709836415.9081407
6696,1709836416.0005124,1709836416.0054622
6697,1709836416.1065176,1709836416.1116154
6698,1709836416.1999373,1709836416.2049904
6699,1709836416.297708,1709836416.3029869
6700,1709836416.402216,1709836416.4069297
6701,1709836416.499841,1709836416.507114
6702,1709836416.6097217,1709836416.6143272
6703,1709836416.7045214,1709836416.7088745
6704,1709836416.8058605,1709836416.8101015
6705,1709836416.898143,1709836416.903401
6706,1709836417.0038075,1709836417.0086827
6707,1709836417.1044164,1709836417.1094801
6708,1709836417.2012305,1709836417.2088706
6709,1709836417.3052144,1709836417.3104153
6710,1709836417.4039056,1709836417.4091961
6711,1709836417.50651,1709836417.5114956
6712,1709836417.5973911,1709836417.6028056
6713,1709836417.7071564,1709836417.7119312
6714,1709836417.7983258,1709836417.8033113
6715,1709836417.9048119,1709836417.908096
6716,1709836418.0007696,1709836418.0052476
6717,1709836418.109697,1709836418.1155567
6718,1709836418.207319,1709836418.2113042
6719,1709836418.305199,1709836418.3103898
6720,1709836418.3977365,1709836418.4035678
6721,1709836418.5140522,1709836418.5188067
6722,1709836418.6074696,1709836418.6130524
6723,1709836418.7068417,1709836418.7122555
6724,1709836418.804524,1709836418.8095446
6725,1709836418.9041815,1709836418.9086864
6726,1709836419.001059,1709836419.0059786
6727,1709836419.0975194,1709836419.1020365
6728,1709836419.2019608,1709836419.2066026
6729,1709836419.300873,1709836419.3044918
6730,1709836419.406475,1709836419.4122782
6731,1709836419.5050075,1709836419.5104043
6732,1709836419.613083,1709836419.6173759
6733,1709836419.706782,1709836419.7119715
6734,1709836419.8090107,1709836419.8145308
6735,1709836419.9016862,1709836419.90598
6736,1709836420.0066874,1709836420.012642
6737,1709836420.1057324,1709836420.1106977
6738,1709836420.204205,1709836420.2092037
6739,1709836420.3021948,1709836420.3072457
6740,1709836420.4082181,1709836420.4142342
6741,1709836420.5133924,1709836420.5196505
6742,1709836420.6042297,1709836420.6094103
6743,1709836420.7055087,1709836420.710509
6744,1709836420.8049653,1709836420.8116627
6745,1709836420.9081264,1709836420.9144993
6746,1709836421.006272,1709836421.0115762
6747,1709836421.1033704,1709836421.1085806
6748,1709836421.2073138,1709836421.2123504
6749,1709836421.3177297,1709836421.3177354
6750,1709836421.4060612,1709836421.4060667
6751,1709836421.5036938,1709836421.5036986
6752,1709836421.6048808,1709836421.6048877
6753,1709836421.7030592,1709836421.7030659
6754,1709836421.7984571,1709836421.7984626
6755,1709836421.904174,1709836421.9041808
6756,1709836422.008876,1709836422.0088837
6757,1709836422.1129427,1709836422.1129477
6758,1709836422.2058713,1709836422.2058775
6759,1709836422.3027754,1709836422.3027804
6760,1709836422.404982,1709836422.4049873
6761,1709836422.5126512,1709836422.5126574
6762,1709836422.6019762,1709836422.6019816
6763,1709836422.7102656,1709836422.710271
6764,1709836422.8057497,1709836422.8057556
6765,1709836422.911072,1709836422.911078
6766,1709836423.004537,1709836423.004542
6767,1709836423.099663,1709836423.0996666
6768,1709836423.1987147,1709836423.1987212
6769,1709836423.3095996,1709836423.309609
6770,1709836423.405129,1709836423.405135
6771,1709836423.5039785,1709836423.503982
6772,1709836423.6085913,1709836423.6085987
6773,1709836423.7028294,1709836423.7028375
6774,1709836423.7980025,1709836423.7980082
6775,1709836423.911485,1709836423.9114912
6776,1709836424.0016706,1709836424.0016768
6777,1709836424.105734,1709836424.1057382
6778,1709836424.203883,1709836424.2038887
6779,1709836424.3008673,1709836424.300873
6780,1709836424.4051392,1709836424.405145
6781,1709836424.5103343,1709836424.5103397
6782,1709836424.599561,1709836424.5995643
6783,1709836424.708851,1709836424.7088552
6784,1709836424.805141,1709836424.8051462
6785,1709836424.9022365,1709836424.902242
6786,1709836425.0067372,1709836425.0067408
6787,1709836425.1109004,1709836425.110904
6788,1709836425.2115333,1709836425.2115405
6789,1709836425.3104746,1709836425.3104806
6790,1709836425.398328,1709836425.398333
6791,1709836425.5027394,1709836425.5027456
6792,1709836425.6039925,1709836425.6039991
6793,1709836425.698492,1709836425.698499
6794,1709836425.803525,1709836425.8035302
6795,1709836425.910388,1709836425.910394
6796,1709836426.010955,1709836426.0109599
6797,1709836426.097771,1709836426.0977767
6798,1709836426.214637,1709836426.2146423
6799,1709836426.3031552,1709836426.303159
6800,1709836426.4166481,1709836426.416654
6801,1709836426.4984443,1709836426.498451
6802,1709836426.6019666,1709836426.601973
6803,1709836426.7054012,1709836426.705408
6804,1709836426.8146312,1709836426.8146362
6805,1709836426.9095128,1709836426.9095185
6806,1709836427.0049734,1709836427.004979
6807,1709836427.106803,1709836427.1068096
6808,1709836427.2008424,1709836427.2008467
6809,1709836427.3052747,1709836427.3052812
6810,1709836427.4088578,1709836427.4088657
6811,1709836427.5013988,1709836427.5014057
6812,1709836427.6024854,1709836427.6024914
6813,1709836427.7002354,1709836427.7002416
6814,1709836427.8127391,1709836427.8127453
6815,1709836427.9037895,1709836427.9037964
6816,1709836428.0025163,1709836428.0025241
6817,1709836428.11072,1709836428.1107285
6818,1709836428.203843,1709836428.2038481
6819,1709836428.3030038,1709836428.3030148
6820,1709836428.4040399,1709836428.4040465
6821,1709836428.5072422,1709836428.507248
6822,1709836428.6038046,1709836428.603812
6823,1709836428.7009547,1709836428.700963
6824,1709836428.8074176,1709836428.8074238
6825,1709836428.9076793,1709836428.9076848
6826,1709836429.005615,1709836429.0056217
6827,1709836429.1094542,1709836429.1094596
6828,1709836429.2088196,1709836429.208833
6829,1709836429.3034785,1709836429.3034885
6830,1709836429.406996,1709836429.4070044
6831,1709836429.5049145,1709836429.5049202
6832,1709836429.598633,1709836429.5986383
6833,1709836429.7044873,1709836429.7044938
6834,1709836429.803849,1709836429.8038542
6835,1709836429.9023502,1709836429.902356
6836,1709836430.0095797,1709836430.0095863
6837,1709836430.105453,1709836430.1054604
6838,1709836430.2028432,1709836430.2028494
6839,1709836430.3099666,1709836430.3099728
6840,1709836430.3993752,1709836430.3993807
6841,1709836430.514579,1709836430.5145843
6842,1709836430.6022418,1709836430.6022482
6843,1709836430.7037477,1709836430.7037537
6844,1709836430.8027623,1709836430.8027675
6845,1709836430.907285,1709836430.9072905
6846,1709836431.004802,1709836431.0048077
6847,1709836431.1021242,1709836431.1021311
6848,1709836431.20413,1709836431.204136
6849,1709836431.3093066,1709836431.309311
6850,1709836431.4117608,1709836431.4117672
6851,1709836431.5043063,1709836431.5043128
6852,1709836431.6090636,1709836431.6090689
6853,1709836431.7081704,1709836431.7081754
6854,1709836431.802003,1709836431.8020089
6855,1709836431.91514,1709836431.9151447
6856,1709836432.0040348,1709836432.0040407
6857,1709836432.1034532,1709836432.1034586
6858,1709836432.203786,1709836432.2037911
6859,1709836432.3088496,1709836432.308856
6860,1709836432.403891,1709836432.4038975
6861,1709836432.4971757,1709836432.4971814
6862,1709836432.603542,1709836432.6035476
6863,1709836432.697111,1709836432.697117
6864,1709836432.8034317,1709836432.8034382
6865,1709836432.9109373,1709836432.9109457
6866,1709836433.0064619,1709836433.0064673
6867,1709836433.1063936,1709836433.1063995
6868,1709836433.2082334,1709836433.20824
6869,1709836433.304548,1709836433.3045542
6870,1709836433.413646,1709836433.4136515
6871,1709836433.5093272,1709836433.509334
6872,1709836433.6058185,1709836433.6058242
6873,1709836433.7080262,1709836433.708031
6874,1709836433.8007402,1709836433.8007443
6875,1709836433.9047878,1709836433.9047918
6876,1709836434.0150099,1709836434.0150154
6877,1709836434.104721,1709836434.1047258
6878,1709836434.2021728,1709836434.2021797
6879,1709836434.3083503,1709836434.3083556
6880,1709836434.4070542,1709836434.407058
6881,1709836434.504741,1709836434.5047462
6882,1709836434.6086266,1709836434.6086326
6883,1709836434.7089767,1709836434.708983
6884,1709836434.8059328,1709836434.8059366
6885,1709836434.904147,1709836434.9041522
6886,1709836435.0102894,1709836435.0102978
6887,1709836435.1092346,1709836435.109241
6888,1709836435.2058218,1709836435.205828
6889,1709836435.3032534,1709836435.3032587
6890,1709836435.3970337,1709836435.39704
6891,1709836435.5078459,1709836435.5078528
6892,1709836435.6097257,1709836435.609731
6893,1709836435.7003124,1709836435.7003202
6894,1709836435.8050857,1709836435.8050928
6895,1709836435.9172835,1709836435.917287
6896,1709836436.000508,1709836436.0005147
6897,1709836436.1120772,1709836436.1120882
6898,1709836436.2082763,1709836436.208284
6899,1709836436.3041453,1709836436.304152
6900,1709836436.3989146,1709836436.3989232
6901,1709836436.5004818,1709836436.5004866
6902,1709836436.6125019,1709836436.6125073
6903,1709836436.7068353,1709836436.7068408
6904,1709836436.8131497,1709836436.8131557
6905,1709836436.899186,1709836436.8991897
6906,1709836437.002854,1709836437.00286
6907,1709836437.1055017,1709836437.1055074
6908,1709836437.2098312,1709836437.2098377
6909,1709836437.3070598,1709836437.3070652
6910,1709836437.4077706,1709836437.407776
6911,1709836437.5010033,1709836437.501009
6912,1709836437.6149337,1709836437.61494
6913,1709836437.699726,1709836437.6997325
6914,1709836437.8115954,1709836437.8116014
6915,1709836437.909122,1709836437.9091275
6916,1709836438.0027452,1709836438.0027483
6917,1709836438.1164548,1709836438.1164603
6918,1709836438.1999795,1709836438.1999853
6919,1709836438.301636,1709836438.3016417
6920,1709836438.4112594,1709836438.4112625
6921,1709836438.506641,1709836438.5066445
6922,1709836438.6080322,1709836438.608036
6923,1709836438.7115927,1709836438.7115984
6924,1709836438.7989678,1709836438.798975
6925,1709836438.905711,1709836438.9057164
6926,1709836439.0098267,1709836439.0098324
6927,1709836439.106418,1709836439.1064234
6928,1709836439.203966,1709836439.2039723
6929,1709836439.3065755,1709836439.306581
6930,1709836439.873327,1709836439.879051
6931,1709836439.887572,1709836439.8951209
6932,1709836439.9118657,1709836439.917529
6933,1709836440.0112855,1709836440.0259502
6934,1709836440.1088758,1709836440.1151342
6935,1709836440.217163,1709836440.2222738
6936,1709836440.3011777,1709836440.306387
6937,1709836440.3986301,1709836440.4040668
6938,1709836440.509547,1709836440.515438
6939,1709836440.6012301,1709836440.6087558
6940,1709836440.7062306,1709836440.7144527
6941,1709836440.8065498,1709836440.815583
6942,1709836440.8988655,1709836440.9050345
6943,1709836441.003813,1709836441.0104146
6944,1709836441.1018515,1709836441.111049
6945,1709836441.1982603,1709836441.2042909
6946,1709836441.310613,1709836441.3169544
6947,1709836441.4081187,1709836441.4139004
6948,1709836441.5155072,1709836441.5219522
6949,1709836441.610427,1709836441.6151557
6950,1709836441.7055473,1709836441.711102
6951,1709836441.8020248,1709836441.8085566
6952,1709836441.9066622,1709836441.91109
6953,1709836441.998592,1709836442.0062299
6954,1709836442.1122136,1709836442.118727
6955,1709836442.2134447,1709836442.2183354
6956,1709836442.2995458,1709836442.3056455
6957,1709836442.4025774,1709836442.409646
6958,1709836442.50246,1709836442.5092006
6959,1709836442.6103902,1709836442.6187136
6960,1709836442.6989167,1709836442.7040174
6961,1709836442.8023162,1709836442.8095422
6962,1709836442.897734,1709836442.9031837
6963,1709836443.0041852,1709836443.0118878
6964,1709836443.1078236,1709836443.1142876
6965,1709836443.199708,1709836443.2068808
6966,1709836443.3046064,1709836443.3102047
6967,1709836443.4048126,1709836443.408973
6968,1709836443.5176864,1709836443.5242531
6969,1709836443.599968,1709836443.6074152
6970,1709836443.70189,1709836443.7083485
6971,1709836443.7983048,1709836443.8051817
6972,1709836443.9004126,1709836443.907423
6973,1709836444.006861,1709836444.0121646
6974,1709836444.0992308,1709836444.1053946
6975,1709836444.1993442,1709836444.205589
6976,1709836444.3087814,1709836444.3145845
6977,1709836444.3974707,1709836444.4032433
6978,1709836444.5075912,1709836444.5133288
6979,1709836444.606996,1709836444.613928
6980,1709836444.7116034,1709836444.7172136
6981,1709836444.81107,1709836444.8182127
6982,1709836444.910877,1709836444.916226
6983,1709836445.0008829,1709836445.007133
6984,1709836445.1058652,1709836445.1118007
6985,1709836445.2068734,1709836445.213019
6986,1709836445.3107255,1709836445.3157246
6987,1709836445.4107127,1709836445.416475
6988,1709836445.5249615,1709836445.5249674
6989,1709836445.6101806,1709836445.6101842
6990,1709836445.7133577,1709836445.7133656
6991,1709836445.8016915,1709836445.8016982
6992,1709836445.9026413,1709836445.9026477
6993,1709836446.0128133,1709836446.0128195
6994,1709836446.1048083,1709836446.1048143
6995,1709836446.2074053,1709836446.207411
6996,1709836446.3027606,1709836446.302766
6997,1709836446.402869,1709836446.402874
6998,1709836446.5042028,1709836446.504209
6999,1709836446.600007,1709836446.600013
7000,1709836446.7019231,1709836446.7019284
7001,1709836446.8049397,1709836446.8049462
7002,1709836446.9044251,1709836446.9044309
7003,1709836447.0007167,1709836447.0007236
7004,1709836447.107339,1709836447.1073456
7005,1709836447.215941,1709836447.2159467
7006,1709836447.3056765,1709836447.305683
7007,1709836447.4052122,1709836447.4052176
7008,1709836447.5149267,1709836447.5149324
7009,1709836447.5995507,1709836447.5995557
7010,1709836447.6994467,1709836447.6994514
7011,1709836447.7968788,1709836447.7968824
7012,1709836447.9004018,1709836447.9004068
7013,1709836448.0054455,1709836448.0054505
7014,1709836448.1117194,1709836448.1117241
7015,1709836448.212699,1709836448.2127047
7016,1709836448.3045397,1709836448.3045456
7017,1709836448.4031146,1709836448.4031181
7018,1709836448.5030088,1709836448.5030143
7019,1709836448.6097503,1709836448.609756
7020,1709836448.7071784,1709836448.7071838
7021,1709836448.8053644,1709836448.8053699
7022,1709836448.9056947,1709836448.9057007
7023,1709836449.0105243,1709836449.0105293
7024,1709836449.103244,1709836449.1032484
7025,1709836449.2061722,1709836449.2061777
7026,1709836449.3063617,1709836449.3063674
7027,1709836449.397696,1709836449.3977025
7028,1709836449.4991925,1709836449.499199
7029,1709836449.60504,1709836449.6050458
7030,1709836449.7006989,1709836449.700709
7031,1709836449.7985141,1709836449.7985258
7032,1709836449.903453,1709836449.9034588
7033,1709836450.0030253,1709836450.003031
7034,1709836450.1085546,1709836450.1085587
7035,1709836450.213476,1709836450.213482
7036,1709836450.3087163,1709836450.3087225
7037,1709836450.4063807,1709836450.4063854
7038,1709836450.5158548,1709836450.51586
7039,1709836450.6098275,1709836450.609834
7040,1709836450.7036424,1709836450.7036483
7041,1709836450.8121583,1709836450.8121645
7042,1709836450.8958545,1709836450.89586
7043,1709836451.0092206,1709836451.009229
7044,1709836451.1071458,1709836451.1071527
7045,1709836451.2001958,1709836451.2002017
7046,1709836451.3037083,1709836451.3037138
7047,1709836451.4076424,1709836451.4076467
7048,1709836451.5039008,1709836451.5039067
7049,1709836451.6090188,1709836451.6090226
7050,1709836451.7151837,1709836451.7151878
7051,1709836451.798598,1709836451.798603
7052,1709836451.9043746,1709836451.9043796
7053,1709836452.0036125,1709836452.0036185
7054,1709836452.108045,1709836452.1080513
7055,1709836452.198571,1709836452.1985781
7056,1709836452.303847,1709836452.3038526
7057,1709836452.4061248,1709836452.40613
7058,1709836452.49911,1709836452.4991152
7059,1709836452.6049616,1709836452.6049666
7060,1709836452.7052329,1709836452.7052383
7061,1709836452.797986,1709836452.7979937
7062,1709836452.9055755,1709836452.9055805
7063,1709836452.9985626,1709836452.9985664
7064,1709836453.108681,1709836453.1086879
7065,1709836453.2103987,1709836453.2104053
7066,1709836453.3128257,1709836453.3128312
7067,1709836453.4159157,1709836453.4159234
7068,1709836453.4974215,1709836453.4974275
7069,1709836453.6036196,1709836453.603625
7070,1709836453.7092223,1709836453.7092288
7071,1709836453.7984579,1709836453.7984633
7072,1709836453.9049911,1709836453.904997
7073,1709836454.0140936,1709836454.0141013
7074,1709836454.1022227,1709836454.1022308
7075,1709836454.197735,1709836454.1977432
7076,1709836454.3177068,1709836454.3177128
7077,1709836454.4064717,1709836454.4064772
7078,1709836454.5028563,1709836454.5028598
7079,1709836454.603948,1709836454.6039548
7080,1709836454.6981914,1709836454.6981983
7081,1709836454.805763,1709836454.8057685
7082,1709836454.9132006,1709836454.9132066
7083,1709836455.0132477,1709836455.0132577
7084,1709836455.102268,1709836455.1022744
7085,1709836455.2071745,1709836455.207181
7086,1709836455.3001254,1709836455.300132
7087,1709836455.400657,1709836455.4006639
7088,1709836455.504792,1709836455.5047977
7089,1709836455.6043615,1709836455.604367
7090,1709836455.7009594,1709836455.7009656
7091,1709836455.8165376,1709836455.8165436
7092,1709836455.9150832,1709836455.9150875
7093,1709836456.004861,1709836456.004865
7094,1709836456.1033628,1709836456.1033685
7095,1709836456.1990075,1709836456.1990159
7096,1709836456.3015018,1709836456.301506
7097,1709836456.413003,1709836456.4130065
7098,1709836456.5107586,1709836456.510765
7099,1709836456.6125693,1709836456.6125748
7100,1709836456.703561,1709836456.7035687
7101,1709836456.8127449,1709836456.8127508
7102,1709836456.9137535,1709836456.9137602
7103,1709836457.0201952,1709836457.020202
7104,1709836457.0970488,1709836457.0970557
7105,1709836457.2042692,1709836457.2042742
7106,1709836457.3154776,1709836457.315488
7107,1709836457.4151995,1709836457.4152045
7108,1709836457.5036016,1709836457.503606
7109,1709836457.6090398,1709836457.6090462
7110,1709836457.7163079,1709836457.716314
7111,1709836457.8050976,1709836457.805104
7112,1709836457.9191027,1709836457.9191096
7113,1709836457.999056,1709836457.999063
7114,1709836458.0982728,1709836458.0982807
7115,1709836458.2107267,1709836458.2107325
7116,1709836458.3176007,1709836458.317609
7117,1709836458.4203985,1709836458.420404
7118,1709836458.522003,1709836458.52201
7119,1709836458.6118684,1709836458.6118758
7120,1709836458.6969316,1709836458.6969385
7121,1709836458.8093297,1709836458.8093383
7122,1709836458.9063082,1709836458.9063232
7123,1709836459.0027924,1709836459.0028858
7124,1709836459.1122558,1709836459.1123052
7125,1709836459.2101839,1709836459.2102325
7126,1709836459.303576,1709836459.3036578
7127,1709836459.4043956,1709836459.404508
7128,1709836459.5168152,1709836459.516908
7129,1709836459.6100483,1709836459.6100826
7130,1709836459.7089317,1709836459.709016
7131,1709836459.8071384,1709836459.8071914
7132,1709836459.9078505,1709836459.9079225
7133,1709836460.0139742,1709836460.0140283
7134,1709836460.1134317,1709836460.11348
7135,1709836460.2001112,1709836460.2002053
7136,1709836460.3258796,1709836460.3259304
7137,1709836460.4084818,1709836460.4085374
7138,1709836460.5017803,1709836460.5018294
7139,1709836460.622564,1709836460.6226149
7140,1709836460.7060382,1709836460.7060883
7141,1709836460.8061185,1709836460.806171
7142,1709836460.912132,1709836460.9121923
7143,1709836461.0048115,1709836461.0049117
7144,1709836461.0983787,1709836461.0984328
7145,1709836461.2212667,1709836461.221387
7146,1709836461.3078558,1709836461.3079257
7147,1709836461.4037716,1709836461.4038332
7148,1709836461.5268967,1709836461.5269835
7149,1709836461.601661,1709836461.6017165
7150,1709836461.707826,1709836461.7079225
7151,1709836461.8187616,1709836461.81882
7152,1709836461.9052494,1709836461.9053159
7153,1709836462.001484,1709836462.0015707
7154,1709836462.1096947,1709836462.1097713
7155,1709836462.201741,1709836462.2018027
7156,1709836462.3061204,1709836462.3062236
7157,1709836462.4056838,1709836462.4057667
7158,1709836462.5055048,1709836462.5055866
7159,1709836462.6002645,1709836462.600352
7160,1709836462.7153869,1709836462.7154398
7161,1709836462.8029222,1709836462.8029757
7162,1709836462.904821,1709836462.9049423
7163,1709836463.0095427,1709836463.0096023
7164,1709836463.104249,1709836463.1042929
7165,1709836463.2070997,1709836463.2071543
7166,1709836463.3159747,1709836463.3160248
7167,1709836463.4069133,1709836463.4069436
7168,1709836463.5137875,1709836463.5138366
7169,1709836463.6209955,1709836463.6210353
7170,1709836463.7119799,1709836463.7120266
7171,1709836463.806122,1709836463.8061936
7172,1709836463.9091628,1709836463.909236
7173,1709836464.006528,1709836464.0065796
7174,1709836464.1140988,1709836464.1141481
7175,1709836464.2104237,1709836464.2104912
7176,1709836464.3063047,1709836464.3063416
7177,1709836464.407027,1709836464.4071288
7178,1709836464.5066102,1709836464.5067112
7179,1709836464.615384,1709836464.6154394
7180,1709836464.7105443,1709836464.7105923
7181,1709836464.803237,1709836464.803308
7182,1709836464.913207,1709836464.9132454
7183,1709836465.0051892,1709836465.0052702
7184,1709836465.1128461,1709836465.1128993
7185,1709836465.206724,1709836465.2067747
7186,1709836465.301519,1709836465.3015935
7187,1709836465.4063215,1709836465.4063687
7188,1709836465.5137713,1709836465.5138288
7189,1709836465.601769,1709836465.601835
7190,1709836465.7075822,1709836465.7076619
7191,1709836465.8097403,1709836465.8097913
7192,1709836465.90434,1709836465.904401
7193,1709836466.0145257,1709836466.0146148
7194,1709836466.1122084,1709836466.1122582
7195,1709836466.2007723,1709836466.2008605
7196,1709836466.3075426,1709836466.3076184
7197,1709836466.4052148,1709836466.405302
7198,1709836466.5118866,1709836466.5119739
7199,1709836466.6081567,1709836466.6081972
7200,1709836466.7077978,1709836466.7078462
7201,1709836466.8042417,1709836466.8042934
7202,1709836466.9049888,1709836466.9050572
7203,1709836467.0003822,1709836467.000443
7204,1709836467.098428,1709836467.0984876
7205,1709836467.2052858,1709836467.2053363
7206,1709836467.3114474,1709836467.31149
7207,1709836467.4005704,1709836467.4006221
7208,1709836467.5175786,1709836467.5176232
7209,1709836467.6005776,1709836467.6006708
7210,1709836467.7051725,1709836467.705236
7211,1709836467.8277445,1709836467.8278255
7212,1709836467.9148765,1709836467.9149218
7213,1709836468.0089512,1709836468.0089977
7214,1709836468.1058047,1709836468.1059153
7215,1709836468.2150476,1709836468.2150981
7216,1709836468.3076694,1709836468.3077085
7217,1709836468.4123652,1709836468.4124265
7218,1709836468.5026486,1709836468.502695
7219,1709836468.6090956,1709836468.6091418
7220,1709836468.7089314,1709836468.708978
7221,1709836468.802367,1709836468.8024187
7222,1709836468.9061348,1709836468.9061842
7223,1709836469.0065105,1709836469.0065718
7224,1709836469.108654,1709836469.108692
7225,1709836469.2114568,1709836469.211515
7226,1709836469.303497,1709836469.303552
7227,1709836469.4003055,1709836469.400398
7228,1709836469.503584,1709836469.5036416
7229,1709836469.604765,1709836469.604808
7230,1709836469.71663,1709836469.7166789
7231,1709836469.8054924,1709836469.8054993
7232,1709836469.9229555,1709836469.9229627
7233,1709836470.0165048,1709836470.016511
7234,1709836470.1075578,1709836470.1075635
7235,1709836470.215246,1709836470.2152543
7236,1709836470.3099096,1709836470.3099148
7237,1709836470.4213529,1709836470.4213605
7238,1709836470.5108938,1709836470.5109353
7239,1709836470.6141853,1709836470.6141918
7240,1709836470.7144926,1709836470.7145007
7241,1709836470.8038914,1709836470.8038974
7242,1709836470.904955,1709836470.9049616
7243,1709836471.0140676,1709836471.0140736
7244,1709836471.1128309,1709836471.1128368
7245,1709836471.2082129,1709836471.2082198
7246,1709836471.3034165,1709836471.3034225
7247,1709836471.4092968,1709836471.4093027
7248,1709836471.5124059,1709836471.5124116
7249,1709836471.6082885,1709836471.6082947
7250,1709836471.7141206,1709836471.7141302
7251,1709836471.797884,1709836471.8055923
7252,1709836471.9041128,1709836471.9135356
7253,1709836472.009109,1709836472.0169559
7254,1709836472.1033523,1709836472.1103983
7255,1709836472.199234,1709836472.2060406
7256,1709836472.3011556,1709836472.3083048
7257,1709836472.4041083,1709836472.4127257
7258,1709836472.5063906,1709836472.5123043
7259,1709836472.6070313,1709836472.6154552
7260,1709836472.7144659,1709836472.7219343
7261,1709836472.81163,1709836472.8191347
7262,1709836472.9021957,1709836472.9124265
7263,1709836473.0064569,1709836473.0162477
7264,1709836473.1025612,1709836473.1100836
7265,1709836473.2100332,1709836473.2170706
7266,1709836473.2998025,1709836473.3068447
7267,1709836473.4104056,1709836473.4192126
7268,1709836473.4997778,1709836473.5066006
7269,1709836473.611781,1709836473.6188576
7270,1709836473.6991465,1709836473.7056417
7271,1709836473.7957585,1709836473.802379
7272,1709836473.8996139,1709836473.9040432
7273,1709836474.0064435,1709836474.012707
7274,1709836474.1108415,1709836474.1169658
7275,1709836474.2037935,1709836474.2086961
7276,1709836474.2986932,1709836474.3042881
7277,1709836474.403895,1709836474.409864
7278,1709836474.5055,1709836474.512789
7279,1709836474.5985577,1709836474.6065264
7280,1709836474.7042568,1709836474.7124276
7281,1709836474.809764,1709836474.8199513
7282,1709836474.9090035,1709836474.9155886
7283,1709836475.004544,1709836475.0120823
7284,1709836475.1094773,1709836475.117867
7285,1709836475.2028139,1709836475.213204
7286,1709836475.3029351,1709836475.3096187
7287,1709836475.4077964,1709836475.421772
7288,1709836475.4995942,1709836475.504334
7289,1709836475.6112068,1709836475.6169002
7290,1709836475.709244,1709836475.716065
7291,1709836475.7981343,1709836475.8046162
7292,1709836475.9122813,1709836475.9187238
7293,1709836476.0041213,1709836476.0133379
7294,1709836476.101311,1709836476.109184
7295,1709836476.2089863,1709836476.2244828
7296,1709836476.3098528,1709836476.3173518
7297,1709836476.4035757,1709836476.4093559
7298,1709836476.5035763,1709836476.5108137
7299,1709836476.5991907,1709836476.6045108
7300,1709836476.6991591,1709836476.7055147
7301,1709836476.8022926,1709836476.8096058
7302,1709836476.898056,1709836476.9038432
7303,1709836477.001462,1709836477.007873
7304,1709836477.1095004,1709836477.1154206
7305,1709836477.203726,1709836477.21047
7306,1709836477.3069675,1709836477.313217
7307,1709836477.4072888,1709836477.4118323
7308,1709836477.5072634,1709836477.5131032
7309,1709836477.5996466,1709836477.6061456
7310,1709836477.7087963,1709836477.7146208
7311,1709836477.8108535,1709836477.8168688
7312,1709836477.8977025,1709836477.904556
7313,1709836478.000765,1709836478.006413
7314,1709836478.1040087,1709836478.1107109
7315,1709836478.2034853,1709836478.2094517
7316,1709836478.3075783,1709836478.3127058
7317,1709836478.3974593,1709836478.4031215
7318,1709836478.5009718,1709836478.5061934
7319,1709836478.6052427,1709836478.6121483
7320,1709836478.7018182,1709836478.7107987
7321,1709836478.7995338,1709836478.80707
7322,1709836478.9045932,1709836478.9124064
7323,1709836479.0082312,1709836479.0152156
7324,1709836479.1088393,1709836479.1166341
7325,1709836479.2014914,1709836479.2088406
7326,1709836479.298926,1709836479.3050296
7327,1709836479.4074528,1709836479.413745
7328,1709836479.4989421,1709836479.5057375
7329,1709836479.6041641,1709836479.6116672
7330,1709836479.7035306,1709836479.708629
7331,1709836479.8035007,1709836479.811726
7332,1709836479.8988736,1709836479.9043288
7333,1709836480.0035868,1709836480.0095599
7334,1709836480.1012197,1709836480.1068068
7335,1709836480.2015574,1709836480.2057948
7336,1709836480.3139017,1709836480.3198707
7337,1709836480.4026911,1709836480.41209
7338,1709836480.516074,1709836480.5225706
7339,1709836480.6087115,1709836480.6144373
7340,1709836480.6978552,1709836480.7028027
7341,1709836480.7992346,1709836480.8043342
7342,1709836480.9022434,1709836480.9079587
7343,1709836480.9969327,1709836481.002596
7344,1709836481.0982268,1709836481.1025271
7345,1709836481.205585,1709836481.2109444
7346,1709836481.2991178,1709836481.3053901
7347,1709836481.400047,1709836481.405236
7348,1709836481.5010893,1709836481.5080273
7349,1709836481.6049595,1709836481.6096559
7350,1709836481.6999774,1709836481.705396
7351,1709836481.8043537,1709836481.8100603
7352,1709836481.9043195,1709836481.909696
7353,1709836482.0055141,1709836482.0110006
7354,1709836482.101589,1709836482.107511
7355,1709836482.199779,1709836482.2068932
7356,1709836482.3033745,1709836482.3092332
7357,1709836482.397082,1709836482.4039807
7358,1709836482.5054011,1709836482.5115538
7359,1709836482.5978477,1709836482.6034706
7360,1709836482.6995368,1709836482.7050772
7361,1709836482.806337,1709836482.811025
7362,1709836482.905949,1709836482.9112794
7363,1709836483.0060697,1709836483.0114253
7364,1709836483.1031556,1709836483.1083548
7365,1709836483.2027988,1709836483.2081726
7366,1709836483.2961586,1709836483.3017
7367,1709836483.4084373,1709836483.4123704
7368,1709836483.502175,1709836483.5079236
7369,1709836483.6019542,1709836483.605583
7370,1709836483.6995907,1709836483.7070947
7371,1709836483.8143165,1709836483.82084
7372,1709836483.9057577,1709836483.9123402
7373,1709836483.9988534,1709836484.0047145
7374,1709836484.0963166,1709836484.101334
7375,1709836484.2001507,1709836484.2057736
7376,1709836484.3001084,1709836484.3055198
7377,1709836484.4024053,1709836484.407976
7378,1709836484.502449,1709836484.5078106
7379,1709836484.5994892,1709836484.6045146
7380,1709836484.702594,1709836484.7083347
7381,1709836484.805281,1709836484.8110447
7382,1709836484.9060547,1709836484.9114301
7383,1709836485.0064106,1709836485.0104525
7384,1709836485.102033,1709836485.1084156
7385,1709836485.202336,1709836485.2058918
7386,1709836485.304883,1709836485.3101804
7387,1709836485.397346,1709836485.402973
7388,1709836485.510203,1709836485.5165176
7389,1709836485.603055,1709836485.6086652
7390,1709836485.70373,1709836485.7090738
7391,1709836485.7996352,1709836485.8048086
7392,1709836485.9002993,1709836485.905592
7393,1709836485.9960368,1709836486.0017004
7394,1709836486.0980756,1709836486.1034088
7395,1709836486.2044654,1709836486.2096121
7396,1709836486.3057313,1709836486.3104143
7397,1709836486.4074852,1709836486.4137042
7398,1709836486.5055766,1709836486.5123823
7399,1709836486.6106973,1709836486.6178277
7400,1709836486.7033024,1709836486.7085836
7401,1709836486.8002253,1709836486.8058388
7402,1709836486.9017084,1709836486.9070063
7403,1709836487.0014691,1709836487.0074127
7404,1709836487.1032138,1709836487.1092377
7405,1709836487.2005975,1709836487.2055402
7406,1709836487.298937,1709836487.3042243
7407,1709836487.4037633,1709836487.4102426
7408,1709836487.50517,1709836487.5102952
7409,1709836487.6004643,1709836487.605754
7410,1709836487.7004774,1709836487.7058177
7411,1709836487.8003957,1709836487.80625
7412,1709836487.9053333,1709836487.910877
7413,1709836488.0012283,1709836488.0070012
7414,1709836488.1040523,1709836488.1095932
7415,1709836488.202822,1709836488.2081957
7416,1709836488.302349,1709836488.3077545
7417,1709836488.402852,1709836488.4113028
7418,1709836488.501698,1709836488.5068307
7419,1709836488.6086466,1709836488.615254
7420,1709836488.7010999,1709836488.7059174
7421,1709836488.7988222,1709836488.8064702
7422,1709836488.9091423,1709836488.9148011
7423,1709836489.0011182,1709836489.007568
7424,1709836489.1047907,1709836489.1102054
7425,1709836489.2067037,1709836489.212841
7426,1709836489.3047915,1709836489.3121872
7427,1709836489.4015696,1709836489.4070277
7428,1709836489.499385,1709836489.503999
7429,1709836489.600071,1709836489.6044445
7430,1709836489.699859,1709836489.7040915
7431,1709836489.8009753,1709836489.8082204
7432,1709836489.8988202,1709836489.9045978
7433,1709836490.000457,1709836490.0063713
7434,1709836490.1056828,1709836490.111437
7435,1709836490.2111404,1709836490.2171204
7436,1709836490.2958078,1709836490.3016195
7437,1709836490.402288,1709836490.407673
7438,1709836490.5074637,1709836490.5141501
7439,1709836490.5986898,1709836490.6041493
7440,1709836490.7004204,1709836490.7060695
7441,1709836490.809362,1709836490.8166728
7442,1709836490.9049437,1709836490.9122012
7443,1709836491.005078,1709836491.0104349
7444,1709836491.0994194,1709836491.1043792
7445,1709836491.2041216,1709836491.210082
7446,1709836491.3024669,1709836491.3069136
7447,1709836491.4061596,1709836491.4135847
7448,1709836491.5026255,1709836491.5091937
7449,1709836491.6088977,1709836491.6145658
7450,1709836491.7052968,1709836491.7106311
7451,1709836491.8043942,1709836491.8116775
7452,1709836491.904814,1709836491.9209044
7453,1709836492.0022645,1709836492.0111208
7454,1709836492.101653,1709836492.1054358
7455,1709836492.2134035,1709836492.2186508
7456,1709836492.307236,1709836492.3135152
7457,1709836492.4013429,1709836492.409754
7458,1709836492.5000877,1709836492.5058112
7459,1709836492.6057017,1709836492.610412
7460,1709836492.7332447,1709836492.7386143
7461,1709836492.802992,1709836492.8084638
7462,1709836492.9145532,1709836492.9199297
7463,1709836493.0237162,1709836493.0297186
7464,1709836493.102442,1709836493.1082246
7465,1709836493.201161,1709836493.2049325
7466,1709836493.3082922,1709836493.3134563
7467,1709836493.4038382,1709836493.4088287
7468,1709836493.506363,1709836493.5119443
7469,1709836493.6077206,1709836493.6134675
7470,1709836493.7020948,1709836493.7077727
7471,1709836493.805469,1709836493.8110461
7472,1709836493.9168987,1709836493.9169025
7473,1709836494.0085018,1709836494.008508
7474,1709836494.1074708,1709836494.1074767
7475,1709836494.2049136,1709836494.2049186
7476,1709836494.3104603,1709836494.310466
7477,1709836494.4012847,1709836494.4012914
7478,1709836494.5186775,1709836494.518682
7479,1709836494.618527,1709836494.6185324
7480,1709836494.7026892,1709836494.702695
7481,1709836494.8123403,1709836494.8123455
7482,1709836494.9062848,1709836494.9062915
7483,1709836495.0094192,1709836495.0094256
7484,1709836495.1098003,1709836495.109808
7485,1709836495.217438,1709836495.2174423
7486,1709836495.3007324,1709836495.3007383
7487,1709836495.4014258,1709836495.4014325
7488,1709836495.5026295,1709836495.5026362
7489,1709836495.6060586,1709836495.6060638
7490,1709836495.701706,1709836495.7017121
7491,1709836495.806326,1709836495.8063319
7492,1709836495.9045522,1709836495.9045584
7493,1709836496.0079896,1709836496.0079956
7494,1709836496.1062171,1709836496.106255
7495,1709836496.2145953,1709836496.214601
7496,1709836496.2994027,1709836496.2994084
7497,1709836496.4054666,1709836496.405473
7498,1709836496.5094752,1709836496.509481
7499,1709836496.6107745,1709836496.610781
7500,1709836496.7068944,1709836496.7069001
7501,1709836496.8041582,1709836496.804164
7502,1709836496.9059982,1709836496.9060044
7503,1709836497.0084279,1709836497.0084312
7504,1709836497.0997152,1709836497.0997236
7505,1709836497.2124383,1709836497.212444
7506,1709836497.3031824,1709836497.3032176
7507,1709836497.404593,1709836497.404599
7508,1709836497.5000513,1709836497.5000563
7509,1709836497.6061916,1709836497.6061966
7510,1709836497.707013,1709836497.7070186
7511,1709836497.8069758,1709836497.8069804
7512,1709836497.9062114,1709836497.906217
7513,1709836498.0116274,1709836498.0116334
7514,1709836498.1095212,1709836498.1095288
7515,1709836498.208137,1709836498.2081425
7516,1709836498.3104656,1709836498.310472
7517,1709836498.3984172,1709836498.3984234
7518,1709836498.5099716,1709836498.5099769
7519,1709836498.6088033,1709836498.6088073
7520,1709836498.7125707,1709836498.712575
7521,1709836498.8024712,1709836498.802477
7522,1709836498.9045105,1709836498.904517
7523,1709836499.0092654,1709836499.0092711
7524,1709836499.0999393,1709836499.099946
7525,1709836499.211472,1709836499.2114782
7526,1709836499.3044767,1709836499.3044815
7527,1709836499.4010208,1709836499.4010258
7528,1709836499.5049949,1709836499.5049982
7529,1709836499.6149457,1709836499.6149514
7530,1709836499.698778,1709836499.698784
7531,1709836499.8091724,1709836499.8091784
7532,1709836499.907562,1709836499.907568
7533,1709836500.0118527,1709836500.0118585
7534,1709836500.1037679,1709836500.1037748
7535,1709836500.197813,1709836500.1978185
7536,1709836500.303875,1709836500.3038807
7537,1709836500.4045846,1709836500.4045906
7538,1709836500.5049493,1709836500.5049539
7539,1709836500.6140127,1709836500.6140182
7540,1709836500.7079642,1709836500.7079682
7541,1709836500.8109832,1709836500.8109891
7542,1709836500.9106007,1709836500.9106073
7543,1709836501.0024817,1709836501.0024877
7544,1709836501.1057055,1709836501.1057115
7545,1709836501.203616,1709836501.203622
7546,1709836501.3020918,1709836501.3020983
7547,1709836501.4068394,1709836501.4068453
7548,1709836501.5119596,1709836501.5119658
7549,1709836501.6033628,1709836501.6033695
7550,1709836501.72174,1709836501.721747
7551,1709836501.8231208,1709836501.8231268
7552,1709836501.911894,1709836501.9119
7553,1709836502.0054967,1709836502.005501
7554,1709836502.1045847,1709836502.1045895
7555,1709836502.2144265,1709836502.214433
7556,1709836502.3164144,1709836502.3164208
7557,1709836502.416453,1709836502.4164596
7558,1709836502.5039048,1709836502.503911
7559,1709836502.6118402,1709836502.6118472
7560,1709836502.7134185,1709836502.7134256
7561,1709836502.8052926,1709836502.8052976
7562,1709836502.9007747,1709836502.9007866
7563,1709836503.0097907,1709836503.0097966
7564,1709836503.109523,1709836503.109529
7565,1709836503.2055948,1709836503.205601
7566,1709836503.3074014,1709836503.3074062
7567,1709836503.405198,1709836503.4052038
7568,1709836503.5041978,1709836503.5042038
7569,1709836503.6013474,1709836503.6013534
7570,1709836503.7078588,1709836503.7078643
7571,1709836503.8057575,1709836503.805761
7572,1709836503.90052,1709836503.9005258
7573,1709836504.0012136,1709836504.0012186
7574,1709836504.1139696,1709836504.1139789
7575,1709836504.2049391,1709836504.2049444
7576,1709836504.2986221,1709836504.2986293
7577,1709836504.4030392,1709836504.4030447
7578,1709836504.4996707,1709836504.499676
7579,1709836504.613847,1709836504.6138525
7580,1709836504.7146142,1709836504.71462
7581,1709836504.8115826,1709836504.8115878
7582,1709836504.9019508,1709836504.9019566
7583,1709836505.0124168,1709836505.0124235
7584,1709836505.1118393,1709836505.1118433
7585,1709836505.2050712,1709836505.2050767
7586,1709836505.3076966,1709836505.307702
7587,1709836505.3998234,1709836505.399829
7588,1709836505.5155208,1709836505.5155249
7589,1709836505.600177,1709836505.600183
7590,1709836505.6994622,1709836505.699469
7591,1709836505.8081398,1709836505.808146
7592,1709836505.9004662,1709836505.9004714
7593,1709836506.0050747,1709836506.0050795
7594,1709836506.1011477,1709836506.1011515
7595,1709836506.2135162,1709836506.2135243
7596,1709836506.313043,1709836506.3130462
7597,1709836506.402583,1709836506.4025886
7598,1709836506.5111248,1709836506.511131
7599,1709836506.611815,1709836506.6118212
7600,1709836506.7068741,1709836506.7068775
7601,1709836506.812397,1709836506.8124037
7602,1709836506.9057605,1709836506.9057643
7603,1709836506.998641,1709836506.9986482
7604,1709836507.1077507,1709836507.107757
7605,1709836507.2064507,1709836507.2064557
7606,1709836507.3003168,1709836507.300323
7607,1709836507.401972,1709836507.4019773
7608,1709836507.5067074,1709836507.5067127
7609,1709836507.598366,1709836507.5983698
7610,1709836507.7001336,1709836507.7001393
7611,1709836507.806497,1709836507.8065035
7612,1709836507.9166594,1709836507.9166706
7613,1709836508.2959535,1709836508.2959626
7614,1709836508.3054569,1709836508.3054621
7615,1709836508.3149657,1709836508.3149707
7616,1709836508.4168692,1709836508.4168737
7617,1709836508.5059943,1709836508.5059993
7618,1709836508.6002715,1709836508.6002777
7619,1709836508.7110178,1709836508.7110243
7620,1709836508.817576,1709836508.817585
7621,1709836508.9029553,1709836508.9029613
7622,1709836509.0032701,1709836509.003276
7623,1709836509.0993917,1709836509.0993996
7624,1709836509.2045462,1709836509.204552
7625,1709836509.304515,1709836509.3045213
7626,1709836509.4071727,1709836509.4071813
7627,1709836509.5136514,1709836509.5136576
7628,1709836509.6063473,1709836509.606355
7629,1709836509.7017813,1709836509.7017856
7630,1709836509.8056903,1709836509.8056967
7631,1709836509.9097538,1709836509.9097593
7632,1709836510.0085185,1709836510.0085275
7633,1709836510.112205,1709836510.1122115
7634,1709836510.2066581,1709836510.2066634
7635,1709836510.300171,1709836510.3001754
7636,1709836510.4037092,1709836510.4037151
7637,1709836510.5111134,1709836510.5111194
7638,1709836510.6039562,1709836510.6039622
7639,1709836510.700369,1709836510.700375
7640,1709836510.7974977,1709836510.7975035
7641,1709836510.899732,1709836510.8997386
7642,1709836511.0154905,1709836511.0154963
7643,1709836511.1119273,1709836511.1119332
7644,1709836511.2058039,1709836511.2058074
7645,1709836511.3052113,1709836511.3052175
7646,1709836511.4084046,1709836511.4084127
7647,1709836511.5024953,1709836511.502502
7648,1709836511.603296,1709836511.6033013
7649,1709836511.712575,1709836511.7125804
7650,1709836511.804711,1709836511.8047202
7651,1709836511.9042537,1709836511.9042602
7652,1709836512.0039432,1709836512.00395
7653,1709836512.0968723,1709836512.0968764
7654,1709836512.2023845,1709836512.2023914
7655,1709836512.3090277,1709836512.3090336
7656,1709836512.4160566,1709836512.416063
7657,1709836512.5020194,1709836512.5020247
7658,1709836512.6019692,1709836512.601973
7659,1709836512.7065916,1709836512.706597
7660,1709836512.8104112,1709836512.810415
7661,1709836512.915766,1709836512.9157717
7662,1709836513.0029743,1709836513.0029833
7663,1709836513.1055691,1709836513.1055756
7664,1709836513.2069304,1709836513.2069342
7665,1709836513.3089585,1709836513.3089714
7666,1709836513.401744,1709836513.4017506
7667,1709836513.5075486,1709836513.5075552
7668,1709836513.6042795,1709836513.6042845
7669,1709836513.7060034,1709836513.7060091
7670,1709836513.8052227,1709836513.805227
7671,1709836513.912739,1709836513.9127421
7672,1709836513.9991174,1709836513.999123
7673,1709836514.1036577,1709836514.103662
7674,1709836514.203247,1709836514.2032564
7675,1709836514.3120914,1709836514.312096
7676,1709836514.4086504,1709836514.4086561
7677,1709836514.49851,1709836514.4985173
7678,1709836514.6080275,1709836514.608034
7679,1709836514.7033825,1709836514.7033875
7680,1709836514.807433,1709836514.807441
7681,1709836514.9085486,1709836514.9085534
7682,1709836515.0088656,1709836515.0088713
7683,1709836515.106587,1709836515.1065938
7684,1709836515.1986165,1709836515.1986225
7685,1709836515.3054218,1709836515.3054268
7686,1709836515.4102273,1709836515.410231
7687,1709836515.5094779,1709836515.509484
7688,1709836515.6017394,1709836515.6017475
7689,1709836515.7036238,1709836515.7036278
7690,1709836515.8037958,1709836515.8038015
7691,1709836515.8985424,1709836515.8985476
7692,1709836515.9986334,1709836515.9986393
7693,1709836516.1144822,1709836516.114488
7694,1709836516.207033,1709836516.2070386
7695,1709836516.3015916,1709836516.3016
7696,1709836516.39881,1709836516.3988168
7697,1709836516.5065255,1709836516.5065298
7698,1709836516.5982747,1709836516.5982811
7699,1709836516.7069,1709836516.7069051
7700,1709836516.8027682,1709836516.802774
7701,1709836516.9125512,1709836516.912556
7702,1709836517.0007517,1709836517.0007575
7703,1709836517.1079779,1709836517.107986
7704,1709836517.2165608,1709836517.2165673
7705,1709836517.3019836,1709836517.3019898
7706,1709836517.4140675,1709836517.4140737
7707,1709836517.5173912,1709836517.5173972
7708,1709836517.6060348,1709836517.6060386
7709,1709836517.70742,1709836517.7074258
7710,1709836517.8048966,1709836517.8049035
7711,1709836517.9137225,1709836517.9137287
7712,1709836518.0085466,1709836518.008553
7713,1709836518.1102667,1709836518.1102734
7714,1709836518.2031252,1709836518.2031312
7715,1709836518.3021302,1709836518.3021393
7716,1709836518.4028008,1709836518.4028087
7717,1709836518.5031116,1709836518.5031188
7718,1709836518.6157193,1709836518.6157308
7719,1709836518.7118387,1709836518.7118454
7720,1709836518.8006136,1709836518.8006177
7721,1709836518.9159245,1709836518.9159298
7722,1709836519.0035443,1709836519.0035505
7723,1709836519.1001139,1709836519.1001198
7724,1709836519.2091098,1709836519.209117
7725,1709836519.3090904,1709836519.3090968
7726,1709836519.405377,1709836519.4053836
7727,1709836519.502819,1709836519.502825
7728,1709836519.6052773,1709836519.6052833
7729,1709836519.7081556,1709836519.7081597
7730,1709836519.8107843,1709836519.810788
7731,1709836519.9040465,1709836519.9040508
7732,1709836520.0172045,1709836520.0172122
7733,1709836520.1095984,1709836520.109606
7734,1709836520.2187302,1709836520.218739
7735,1709836520.309755,1709836520.3097613
7736,1709836520.4051352,1709836520.4051418
7737,1709836520.498795,1709836520.4988017
7738,1709836520.611617,1709836520.611624
7739,1709836520.7019908,1709836520.701997
7740,1709836520.8029976,1709836520.8030043
7741,1709836520.9083345,1709836520.9083438
7742,1709836521.0212884,1709836521.021294
7743,1709836521.1168704,1709836521.116878
7744,1709836521.236192,1709836521.2361984
7745,1709836521.3100917,1709836521.3100986
7746,1709836521.426964,1709836521.4269714
7747,1709836521.5003512,1709836521.5003579
7748,1709836521.6089168,1709836521.6089249
7749,1709836521.7303298,1709836521.7303355
7750,1709836521.8253,1709836521.8253057
7751,1709836521.9084036,1709836521.908409
7752,1709836522.0057106,1709836522.0057163
7753,1709836522.1023762,1709836522.1023834
7754,1709836522.2127948,1709836522.2128012
7755,1709836522.312092,1709836522.3121011
7756,1709836522.3998137,1709836522.399862
7757,1709836522.5402257,1709836522.5402315
7758,1709836522.6458025,1709836522.6458135
7759,1709836522.702951,1709836522.7029605
7760,1709836522.8075569,1709836522.8075635
7761,1709836522.9212794,1709836522.9212854
7762,1709836523.0231354,1709836523.023144
7763,1709836523.1010509,1709836523.101057
7764,1709836523.2194312,1709836523.2194376
7765,1709836523.3256238,1709836523.325631
7766,1709836523.4058237,1709836523.4058294
7767,1709836523.5074782,1709836523.507485
7768,1709836523.6064837,1709836523.6064916
7769,1709836523.716575,1709836523.7165828
7770,1709836523.8033984,1709836523.8034048
7771,1709836523.9039674,1709836523.9039752
7772,1709836524.0123048,1709836524.0123134
7773,1709836524.1049001,1709836524.1049073
7774,1709836524.2200787,1709836524.2200844
7775,1709836524.3401864,1709836524.3401928
7776,1709836524.4052322,1709836524.4052408
7777,1709836524.512568,1709836524.5125747
7778,1709836524.6159668,1709836524.6159723
7779,1709836524.7186677,1709836524.7186737
7780,1709836524.8115478,1709836524.8115568
7781,1709836524.9280322,1709836524.9280434
7782,1709836525.0178928,1709836525.0178988
7783,1709836525.1106982,1709836525.110706
7784,1709836525.20367,1709836525.203677
7785,1709836525.3137677,1709836525.3137746
7786,1709836525.4094815,1709836525.4094896
7787,1709836525.5030537,1709836525.5030596
7788,1709836525.6153593,1709836525.615367
7789,1709836525.7095838,1709836525.7095895
7790,1709836525.8028724,1709836525.8029099
7791,1709836525.9052083,1709836525.9052157
7792,1709836526.010674,1709836526.0106792
7793,1709836526.1032746,1709836526.1032796
7794,1709836526.2049205,1709836526.204928
7795,1709836526.3120356,1709836526.3120425
7796,1709836526.4054475,1709836526.405483
7797,1709836526.515324,1709836526.5153296
7798,1709836526.6144793,1709836526.614486
7799,1709836526.7217715,1709836526.7217765
7800,1709836526.8050396,1709836526.8050466
7801,1709836526.9073007,1709836526.9073048
7802,1709836526.9986267,1709836526.9986324
7803,1709836527.1048877,1709836527.1048956
7804,1709836527.2081497,1709836527.208156
7805,1709836527.3042088,1709836527.304216
7806,1709836527.398821,1709836527.398827
7807,1709836527.5198438,1709836527.5198503
7808,1709836527.6063554,1709836527.6063623
7809,1709836527.7146626,1709836527.714669
7810,1709836527.8033142,1709836527.803322
7811,1709836527.9076583,1709836527.9076643
7812,1709836528.0096767,1709836528.0096817
7813,1709836528.1069443,1709836528.10695
7814,1709836528.2463546,1709836528.2463605
7815,1709836528.3211584,1709836528.3211665
7816,1709836528.4065363,1709836528.4065423
7817,1709836528.5054502,1709836528.505742
7818,1709836528.6011388,1709836528.6011446
7819,1709836528.7013102,1709836528.7013166
7820,1709836528.8079479,1709836528.807955
7821,1709836528.9042652,1709836528.904274
7822,1709836529.0062072,1709836529.0062141
7823,1709836529.1045437,1709836529.1045501
7824,1709836529.2169464,1709836529.216952
7825,1709836529.3002532,1709836529.3002589
7826,1709836529.4059663,1709836529.4059727
7827,1709836529.4984207,1709836529.4984274
7828,1709836529.6004992,1709836529.6005056
7829,1709836529.7077425,1709836529.707748
7830,1709836529.7992463,1709836529.7992527
7831,1709836529.901531,1709836529.901535
7832,1709836530.0032537,1709836530.0032609
7833,1709836530.110451,1709836530.1104572
7834,1709836530.2051497,1709836530.2051568
7835,1709836530.3086033,1709836530.3086095
7836,1709836530.4030812,1709836530.403087
7837,1709836530.498812,1709836530.4988184
7838,1709836530.5986469,1709836530.5986524
7839,1709836530.7118945,1709836530.7119002
7840,1709836530.8098686,1709836530.809873
7841,1709836530.9154983,1709836530.9155066
7842,1709836530.9986527,1709836530.9986591
7843,1709836531.1047208,1709836531.1047258
7844,1709836531.2045944,1709836531.2046
7845,1709836531.304716,1709836531.3047235
7846,1709836531.4001532,1709836531.4001591
7847,1709836531.506932,1709836531.5069387
7848,1709836531.6060658,1709836531.606072
7849,1709836531.7047088,1709836531.7047148
7850,1709836531.804419,1709836531.804425
7851,1709836531.9058337,1709836531.9058392
7852,1709836532.0001295,1709836532.0001357
7853,1709836532.1070461,1709836532.1070528
7854,1709836532.2122414,1709836532.2122464
7855,1709836532.302505,1709836532.3025115
7856,1709836532.4075186,1709836532.4075253
7857,1709836532.5011673,1709836532.501174
7858,1709836532.6027956,1709836532.6028016
7859,1709836532.7048154,1709836532.7048228
7860,1709836532.803287,1709836532.8032928
7861,1709836532.8993351,1709836532.8993404
7862,1709836533.0028107,1709836533.0028167
7863,1709836533.1007476,1709836533.100753
7864,1709836533.2132967,1709836533.2133687
7865,1709836533.298518,1709836533.2985659
7866,1709836533.4131277,1709836533.4131773
7867,1709836533.506128,1709836533.5061736
7868,1709836533.5994978,1709836533.5996401
7869,1709836533.7055845,1709836533.705654
7870,1709836533.8058865,1709836533.8059182
7871,1709836533.9019701,1709836533.9020767
7872,1709836534.0149505,1709836534.0150073
7873,1709836534.0991488,1709836534.0992272
7874,1709836534.2119205,1709836534.21196
7875,1709836534.2995517,1709836534.2996047
7876,1709836534.3987367,1709836534.3988082
7877,1709836534.502619,1709836534.5026686
7878,1709836534.6120176,1709836534.612065
7879,1709836534.7016706,1709836534.701732
7880,1709836534.8087368,1709836534.808786
7881,1709836534.9085739,1709836534.908846
7882,1709836535.0015237,1709836535.0015981
7883,1709836535.1047666,1709836535.104888
7884,1709836535.202815,1709836535.2029665
7885,1709836535.3011436,1709836535.3012104
7886,1709836535.4077518,1709836535.4078417
7887,1709836535.50989,1709836535.509951
7888,1709836535.601224,1709836535.6012788
7889,1709836535.7072814,1709836535.70734
7890,1709836535.7966652,1709836535.796722
7891,1709836535.9011006,1709836535.9011478
7892,1709836536.002147,1709836536.0022037
7893,1709836536.1090865,1709836536.1091633
7894,1709836536.2035253,1709836536.2035956
7895,1709836536.3093092,1709836536.309379
7896,1709836536.412863,1709836536.4131005
7897,1709836536.509536,1709836536.5095758
7898,1709836536.6086311,1709836536.60869
7899,1709836536.701686,1709836536.7017589
7900,1709836536.7991142,1709836536.799163
7901,1709836536.9094439,1709836536.9095001
7902,1709836537.0054805,1709836537.0055299
7903,1709836537.1048446,1709836537.1048915
7904,1709836537.2000554,1709836537.2000954
7905,1709836537.300656,1709836537.3008213
7906,1709836537.4057772,1709836537.4058669
7907,1709836537.5031602,1709836537.5032349
7908,1709836537.6083875,1709836537.6084657
7909,1709836537.7019253,1709836537.702028
7910,1709836537.8110273,1709836537.8110912
7911,1709836537.9060867,1709836537.9062617
7912,1709836538.0022237,1709836538.0022948
7913,1709836538.1076312,1709836538.1077259
7914,1709836538.2028258,1709836538.2028716
7915,1709836538.3019192,1709836538.301982
7916,1709836538.4038835,1709836538.4039178
7917,1709836538.5026708,1709836538.5027115
7918,1709836538.604931,1709836538.6049988
7919,1709836538.7014353,1709836538.7014763
7920,1709836538.8101606,1709836538.8102021
7921,1709836538.9080176,1709836538.9080634
7922,1709836539.0117517,1709836539.0120692
7923,1709836539.1002164,1709836539.1003075
7924,1709836539.2023427,1709836539.2023911
7925,1709836539.3138828,1709836539.3139558
7926,1709836539.4097903,1709836539.4098716
7927,1709836539.4978194,1709836539.4979875
7928,1709836539.605617,1709836539.6056578
7929,1709836539.6994026,1709836539.6994503
7930,1709836539.8047402,1709836539.8048007
7931,1709836539.8993926,1709836539.899443
7932,1709836540.000615,1709836540.000713
7933,1709836540.1001177,1709836540.1001678
7934,1709836540.2030356,1709836540.2030869
7935,1709836540.3229485,1709836540.3229969
7936,1709836540.3977098,1709836540.3977659
7937,1709836540.5157788,1709836540.5158846
7938,1709836540.6366477,1709836540.6367242
7939,1709836540.718719,1709836540.7189522
7940,1709836540.8241777,1709836540.82423
7941,1709836540.905859,1709836540.905902
7942,1709836541.0019171,1709836541.0019863
7943,1709836541.1033247,1709836541.1034138
7944,1709836541.201591,1709836541.2016718
7945,1709836541.3016365,1709836541.3017192
7946,1709836541.408058,1709836541.4081275
7947,1709836541.5172234,1709836541.517386
7948,1709836541.6148374,1709836541.61493
7949,1709836541.7140398,1709836541.714101
7950,1709836541.808811,1709836541.8088574
7951,1709836541.9094915,1709836541.909541
7952,1709836542.0346704,1709836542.0356357
7953,1709836542.1226468,1709836542.1226912
7954,1709836542.217855,1709836542.2178612
7955,1709836542.32257,1709836542.3227992
7956,1709836542.4105878,1709836542.4105957
7957,1709836542.5019462,1709836542.5019536
7958,1709836542.6159647,1709836542.6159716
7959,1709836542.7265022,1709836542.7265105
7960,1709836542.8262851,1709836542.8262918
7961,1709836542.9033518,1709836542.9033597
7962,1709836543.0057435,1709836543.00575
7963,1709836543.1169534,1709836543.1169598
7964,1709836543.2090542,1709836543.209063
7965,1709836543.3017862,1709836543.3017936
7966,1709836543.3999631,1709836543.3999705
7967,1709836543.514352,1709836543.5143616
7968,1709836543.6068099,1709836543.6068223
7969,1709836543.700119,1709836543.7001252
7970,1709836543.8020952,1709836543.8021026
7971,1709836543.9041593,1709836543.9041643
7972,1709836544.0145361,1709836544.0145435
7973,1709836544.1082537,1709836544.1082616
7974,1709836544.2186127,1709836544.2283883
7975,1709836544.3213053,1709836544.3364346
7976,1709836544.4033902,1709836544.4124706
7977,1709836544.5003467,1709836544.5134676
7978,1709836544.613671,1709836544.624129
7979,1709836544.7036111,1709836544.7123375
7980,1709836544.8130898,1709836544.825779
7981,1709836544.9036229,1709836544.9107828
7982,1709836545.004144,1709836545.011565
7983,1709836545.097057,1709836545.10165
7984,1709836545.2081692,1709836545.216302
7985,1709836545.3090265,1709836545.315235
7986,1709836545.3990197,1709836545.4137483
7987,1709836545.5064013,1709836545.51385
7988,1709836545.5990286,1709836545.6062348
7989,1709836545.716697,1709836545.725306
7990,1709836545.8002245,1709836545.8078256
7991,1709836545.9001334,1709836545.9082246
7992,1709836546.0055127,1709836546.020732
7993,1709836546.0974133,1709836546.1016645
7994,1709836546.198494,1709836546.2051837
7995,1709836546.3043122,1709836546.31127
7996,1709836546.4007688,1709836546.4086635
7997,1709836546.5047927,1709836546.5118384
7998,1709836546.5993128,1709836546.6082444
7999,1709836546.704076,1709836546.7107306
8000,1709836546.8101947,1709836546.8174329
8001,1709836546.9112148,1709836546.918251
8002,1709836547.0061727,1709836547.0124722
8003,1709836547.1165743,1709836547.1239238
8004,1709836547.2155752,1709836547.2220895
8005,1709836547.3119516,1709836547.3160737
8006,1709836547.4116533,1709836547.4167376
8007,1709836547.5112522,1709836547.5177226
8008,1709836547.6157973,1709836547.6220884
8009,1709836547.7088056,1709836547.7156966
8010,1709836547.8084483,1709836547.8140976
8011,1709836547.897578,1709836547.9073348
8012,1709836548.0037985,1709836548.012304
8013,1709836548.1011655,1709836548.1095655
8014,1709836548.209185,1709836548.2150323
8015,1709836548.3048248,1709836548.311995
8016,1709836548.414966,1709836548.4232411
8017,1709836548.5158062,1709836548.524817
8018,1709836548.6065183,1709836548.615778
8019,1709836548.7021859,1709836548.7109957
8020,1709836548.8083835,1709836548.8146396
8021,1709836548.9022331,1709836548.9084442
8022,1709836549.0060124,1709836549.0121293
8023,1709836549.1045763,1709836549.110596
8024,1709836549.2095752,1709836549.215723
8025,1709836549.3136938,1709836549.3201532
8026,1709836549.407825,1709836549.4117177
8027,1709836549.517647,1709836549.5242436
8028,1709836549.6090894,1709836549.61776
8029,1709836549.7140625,1709836549.720175
8030,1709836549.8104827,1709836549.8149493
8031,1709836549.9177866,1709836549.9235868
8032,1709836550.005451,1709836550.0137496
8033,1709836550.1045954,1709836550.1097898
8034,1709836550.2177513,1709836550.2224278
8035,1709836550.3090363,1709836550.314617
8036,1709836550.408557,1709836550.4134169
8037,1709836550.5226488,1709836550.5290565
8038,1709836550.604592,1709836550.6108565
8039,1709836550.7083673,1709836550.72007
8040,1709836550.8075297,1709836550.8141174
8041,1709836550.9250793,1709836550.9294748
8042,1709836551.005382,1709836551.0136359
8043,1709836551.1070404,1709836551.1132727
8044,1709836551.207029,1709836551.2130637
8045,1709836551.3080137,1709836551.3138657
8046,1709836551.399252,1709836551.4058225
8047,1709836551.4983752,1709836551.5036201
8048,1709836551.6029584,1709836551.6094923
8049,1709836551.700951,1709836551.7109187
8050,1709836551.8132017,1709836551.8195658
8051,1709836551.9091318,1709836551.9146414
8052,1709836552.0048482,1709836552.0104327
8053,1709836552.1110277,1709836552.1160178
8054,1709836552.1993816,1709836552.2061305
8055,1709836552.3108168,1709836552.316511
8056,1709836552.4130518,1709836552.42011
8057,1709836552.5136027,1709836552.5201478
8058,1709836552.6096315,1709836552.616321
8059,1709836552.7142367,1709836552.7206903
8060,1709836552.8073125,1709836552.8136082
8061,1709836552.905916,1709836552.9117947
8062,1709836553.006905,1709836553.0126817
8063,1709836553.1158624,1709836553.1219037
8064,1709836553.2074776,1709836553.2142587
8065,1709836553.3081114,1709836553.3136058
8066,1709836553.4103968,1709836553.4162176
8067,1709836553.5001774,1709836553.506249
8068,1709836553.6035893,1709836553.609334
8069,1709836553.702122,1709836553.7077782
8070,1709836553.811181,1709836553.8170938
8071,1709836553.9036233,1709836553.9097207
8072,1709836553.9978628,1709836554.0044823
8073,1709836554.1106074,1709836554.1179543
8074,1709836554.2114847,1709836554.217772
8075,1709836554.3091183,1709836554.3156047
8076,1709836554.412024,1709836554.4183698
8077,1709836554.5056434,1709836554.5114818
8078,1709836554.6043112,1709836554.61008
8079,1709836554.7028162,1709836554.7085443
8080,1709836554.8033178,1709836554.8086987
8081,1709836554.9011123,1709836554.9099917
8082,1709836555.0015903,1709836555.0073066
8083,1709836555.1030178,1709836555.1085067
8084,1709836555.2054622,1709836555.2107847
8085,1709836555.3073926,1709836555.3157575
8086,1709836555.3987236,1709836555.404943
8087,1709836555.5037782,1709836555.5084894
8088,1709836555.6121774,1709836555.6179447
8089,1709836555.7034693,1709836555.7096713
8090,1709836555.8050148,1709836555.8116584
8091,1709836555.901237,1709836555.9075565
8092,1709836556.0039418,1709836556.009826
8093,1709836556.1028469,1709836556.1091018
8094,1709836556.2021778,1709836556.2076
8095,1709836556.3129191,1709836556.32073
8096,1709836556.4190304,1709836556.4339712
8097,1709836556.5120635,1709836556.5177982
8098,1709836556.600916,1709836556.6066442
8099,1709836556.7036874,1709836556.7121675
8100,1709836556.8055232,1709836556.8119357
8101,1709836556.904093,1709836556.9104657
8102,1709836557.0124178,1709836557.0188928
8103,1709836557.104941,1709836557.1122577
8104,1709836557.2133203,1709836557.2193875
8105,1709836557.3013384,1709836557.3066862
8106,1709836557.3996522,1709836557.4067907
8107,1709836557.4998436,1709836557.5047073
8108,1709836557.6074996,1709836557.6148162
8109,1709836557.7108161,1709836557.7165759
8110,1709836557.8125026,1709836557.8176844
8111,1709836557.9017622,1709836557.9076922
8112,1709836558.0086615,1709836558.0153525
8113,1709836558.104411,1709836558.1167774
8114,1709836558.2052748,1709836558.2153208
8115,1709836558.31505,1709836558.315086
8116,1709836558.4154453,1709836558.415451
8117,1709836558.5146868,1709836558.5146945
8118,1709836558.60869,1709836558.608696
8119,1709836558.7042866,1709836558.7042916
8120,1709836558.8028784,1709836558.8028848
8121,1709836558.9044945,1709836558.9045012
8122,1709836559.0094247,1709836559.0094383
8123,1709836559.1052556,1709836559.105261
8124,1709836559.209903,1709836559.2099097
8125,1709836559.306689,1709836559.306695
8126,1709836559.4111297,1709836559.4111362
8127,1709836559.4970827,1709836559.4970896
8128,1709836559.6179712,1709836559.6179788
8129,1709836559.7057242,1709836559.70573
8130,1709836559.805463,1709836559.8054695
8131,1709836559.9089751,1709836559.9089808
8132,1709836560.0101817,1709836560.010188
8133,1709836560.0979033,1709836560.097909
8134,1709836560.2107859,1709836560.2107925
8135,1709836560.3051178,1709836560.3051238
8136,1709836560.4017363,1709836560.4017417
8137,1709836560.5016026,1709836560.5016098
8138,1709836560.6082265,1709836560.6082327
8139,1709836560.70571,1709836560.7057176
8140,1709836560.8058841,1709836560.8058984
8141,1709836560.9025085,1709836560.902514
8142,1709836561.0028381,1709836561.0028439
8143,1709836561.1020067,1709836561.102014
8144,1709836561.2089252,1709836561.2089329
8145,1709836561.313295,1709836561.313301
8146,1709836561.4117084,1709836561.4117167
8147,1709836561.5021863,1709836561.5021904
8148,1709836561.6212225,1709836561.6212258
8149,1709836561.7290637,1709836561.7290747
8150,1709836561.8162422,1709836561.816249
8151,1709836561.9018047,1709836561.901811
8152,1709836561.996718,1709836561.996724
8153,1709836562.1068883,1709836562.1068943
8154,1709836562.2102077,1709836562.2102127
8155,1709836562.3176558,1709836562.3176618
8156,1709836562.4037423,1709836562.4037492
8157,1709836562.5102487,1709836562.5102549
8158,1709836562.6058183,1709836562.6058247
8159,1709836562.7091532,1709836562.7091594
8160,1709836562.8137512,1709836562.8137574
8161,1709836562.9091108,1709836562.9091144
8162,1709836562.9972875,1709836562.9972947
8163,1709836563.096991,1709836563.096996
8164,1709836563.2142234,1709836563.2142286
8165,1709836563.3067224,1709836563.306729
8166,1709836563.4004571,1709836563.4004622
8167,1709836563.5098033,1709836563.5098104
8168,1709836563.6029344,1709836563.6029403
8169,1709836563.7008414,1709836563.7008483
8170,1709836563.8073146,1709836563.8073208
8171,1709836563.9050107,1709836563.9050167
8172,1709836563.9984276,1709836563.9984348
8173,1709836564.1075566,1709836564.1075633
8174,1709836564.2032259,1709836564.2032316
8175,1709836564.3006732,1709836564.3006825
8176,1709836564.4132996,1709836564.413307
8177,1709836564.5103798,1709836564.5103865
8178,1709836564.600609,1709836564.600615
8179,1709836564.7015882,1709836564.7015953
8180,1709836564.7994237,1709836564.799429
8181,1709836564.9010642,1709836564.9010696
8182,1709836565.011991,1709836565.011995
8183,1709836565.1036348,1709836565.103639
8184,1709836565.2067757,1709836565.2067816
8185,1709836565.3052785,1709836565.3052843
8186,1709836565.4044094,1709836565.4044158
8187,1709836565.5133681,1709836565.513375
8188,1709836565.6065662,1709836565.6065733
8189,1709836565.7110064,1709836565.7110124
8190,1709836565.809098,1709836565.809104
8191,1709836565.9027255,1709836565.9027326
8192,1709836566.0081506,1709836566.0081577
8193,1709836566.1052997,1709836566.1053061
8194,1709836566.1992235,1709836566.1992292
8195,1709836566.3049936,1709836566.3050003
8196,1709836566.4025083,1709836566.4025145
8197,1709836566.5020862,1709836566.5020926
8198,1709836566.604911,1709836566.604918
8199,1709836566.7083454,1709836566.7083502
8200,1709836566.7981532,1709836566.7981582
8201,1709836566.9131665,1709836566.9131703
8202,1709836567.0121818,1709836567.0121858
8203,1709836567.1068304,1709836567.1068363
8204,1709836567.2006328,1709836567.20064
8205,1709836567.3156087,1709836567.315614
8206,1709836567.4034376,1709836567.4034443
8207,1709836567.5038302,1709836567.5038362
8208,1709836567.6038697,1709836567.603876
8209,1709836567.7128847,1709836567.7128906
8210,1709836567.803249,1709836567.8032546
8211,1709836567.9135232,1709836567.91353
8212,1709836568.0059223,1709836568.0059264
8213,1709836568.1130617,1709836568.1130664
8214,1709836568.2035282,1709836568.2035422
8215,1709836568.3157752,1709836568.3157823
8216,1709836568.4121103,1709836568.4121158
8217,1709836568.5067658,1709836568.5067773
8218,1709836568.6102912,1709836568.610298
8219,1709836568.710409,1709836568.7104125
8220,1709836568.8009667,1709836568.800971
8221,1709836568.904491,1709836568.9044957
8222,1709836569.00341,1709836569.0034137
8223,1709836569.1160378,1709836569.1160436
8224,1709836569.212096,1709836569.2121053
8225,1709836569.301745,1709836569.3017623
8226,1709836569.4116588,1709836569.411665
8227,1709836569.5109153,1709836569.5109189
8228,1709836569.5984263,1709836569.5984316
8229,1709836569.7076223,1709836569.7076302
8230,1709836569.80392,1709836569.803928
8231,1709836569.907504,1709836569.9075098
8232,1709836570.0135202,1709836570.0135267
8233,1709836570.1096807,1709836570.1096897
8234,1709836570.200026,1709836570.2000303
8235,1709836570.311712,1709836570.3117185
8236,1709836570.406921,1709836570.4069262
8237,1709836570.5091898,1709836570.509195
8238,1709836570.6061096,1709836570.6061156
8239,1709836570.710106,1709836570.7101135
8240,1709836570.8110516,1709836570.8110669
8241,1709836570.9026303,1709836570.9026368
8242,1709836571.0138538,1709836571.013859
8243,1709836571.125813,1709836571.1258187
8244,1709836571.2101295,1709836571.2101343
8245,1709836571.307099,1709836571.3071032
8246,1709836571.4044278,1709836571.404433
8247,1709836571.5038767,1709836571.5038838
8248,1709836571.6071897,1709836571.6071956
8249,1709836571.7109563,1709836571.7109613
8250,1709836571.8055031,1709836571.8055096
8251,1709836571.9131248,1709836571.9131312
8252,1709836572.0071576,1709836572.0071645
8253,1709836572.1049702,1709836572.1049767
8254,1709836572.2061696,1709836572.2061756
8255,1709836572.3077662,1709836572.3077722
8256,1709836572.415669,1709836572.415675
8257,1709836572.5148468,1709836572.514851
8258,1709836572.6031814,1709836572.6031876
8259,1709836572.6979825,1709836572.697992
8260,1709836572.8046482,1709836572.8046541
8261,1709836572.9043307,1709836572.9043365
8262,1709836573.0025594,1709836573.0025654
8263,1709836573.096716,1709836573.0967224
8264,1709836573.1990197,1709836573.199024
8265,1709836573.2991638,1709836573.299172
8266,1709836573.4007673,1709836573.4007742
8267,1709836573.501341,1709836573.5013475
8268,1709836573.6035264,1709836573.6035323
8269,1709836573.7051864,1709836573.705191
8270,1709836573.8045008,1709836573.8045077
8271,1709836573.9051888,1709836573.9051948
8272,1709836574.0021183,1709836574.0021255
8273,1709836574.0977755,1709836574.0977814
8274,1709836574.2012525,1709836574.2012572
8275,1709836574.300111,1709836574.3001187
8276,1709836574.4038439,1709836574.4038498
8277,1709836574.5057707,1709836574.505776
8278,1709836574.609455,1709836574.6094666
8279,1709836574.6992915,1709836574.6992967
8280,1709836574.8028412,1709836574.802848
8281,1709836574.9097905,1709836574.9097977
8282,1709836575.0008302,1709836575.0008366
8283,1709836575.1002164,1709836575.1002202
8284,1709836575.1980708,1709836575.1980767
8285,1709836575.3020463,1709836575.302053
8286,1709836575.4015954,1709836575.4016042
8287,1709836575.503423,1709836575.503429
8288,1709836575.6051743,1709836575.6051812
8289,1709836575.7116082,1709836575.7116191
8290,1709836575.809746,1709836575.809752
8291,1709836575.903866,1709836575.9038699
8292,1709836576.007501,1709836576.0075076
8293,1709836576.1051826,1709836576.1051884
8294,1709836576.2065496,1709836576.2065566
8295,1709836576.30358,1709836576.3035867
8296,1709836576.4016745,1709836576.4016786
8297,1709836576.5125892,1709836576.512596
8298,1709836576.6013288,1709836576.6013348
8299,1709836576.7018511,1709836576.701857
8300,1709836576.79853,1709836576.7985363
8301,1709836576.9046664,1709836576.9046721
8302,1709836577.0061169,1709836577.0061214
8303,1709836577.1108208,1709836577.1108284
8304,1709836577.2079244,1709836577.2079287
8305,1709836577.303505,1709836577.3035116
8306,1709836577.4031897,1709836577.4031959
8307,1709836577.504911,1709836577.5049162
8308,1709836577.6076646,1709836577.607671
8309,1709836577.7154295,1709836577.7154357
8310,1709836577.8012407,1709836577.8012443
8311,1709836577.905982,1709836577.9059896
8312,1709836578.0145369,1709836578.0145426
8313,1709836578.116673,1709836578.1166768
8314,1709836578.2106638,1709836578.2106714
8315,1709836578.30647,1709836578.306475
8316,1709836578.4074097,1709836578.4074154
8317,1709836578.513796,1709836578.513802
8318,1709836578.606735,1709836578.6067388
8319,1709836578.7124157,1709836578.7124226
8320,1709836578.8029191,1709836578.8029292
8321,1709836578.8990269,1709836578.8990324
8322,1709836579.0129442,1709836579.01295
8323,1709836579.113497,1709836579.1135015
8324,1709836579.208795,1709836579.208801
8325,1709836579.3097653,1709836579.3097692
8326,1709836579.4069517,1709836579.406958
8327,1709836579.501694,1709836579.5017
8328,1709836579.62153,1709836579.6215386
8329,1709836579.703586,1709836579.7035923
8330,1709836579.7999017,1709836579.799911
8331,1709836579.9076748,1709836579.9076796
8332,1709836580.0029447,1709836580.0029511
8333,1709836580.1152134,1709836580.115219
8334,1709836580.2185442,1709836580.2185493
8335,1709836580.3030558,1709836580.303062
8336,1709836580.4116492,1709836580.4116561
8337,1709836580.505487,1709836580.5054915
8338,1709836580.6114995,1709836580.6115065
8339,1709836580.715487,1709836580.7154932
8340,1709836580.815225,1709836580.8152313
8341,1709836580.9153666,1709836580.9153724
8342,1709836581.0135012,1709836581.0135071
8343,1709836581.1088479,1709836581.108856
8344,1709836581.2157173,1709836581.215723
8345,1709836581.3045266,1709836581.3045328
8346,1709836581.4077957,1709836581.4078012
8347,1709836581.5076127,1709836581.507619
8348,1709836581.606031,1709836581.6060367
8349,1709836581.7068372,1709836581.7068477
8350,1709836581.7980058,1709836581.7980113
8351,1709836581.9056535,1709836581.9056613
8352,1709836582.0033557,1709836582.0033603
8353,1709836582.1185637,1709836582.1185725
8354,1709836582.2082074,1709836582.2082124
8355,1709836582.3253183,1709836582.3253257
8356,1709836582.407591,1709836582.4075973
8357,1709836582.5091565,1709836582.5091627
8358,1709836582.6085355,1709836582.6085417
8359,1709836582.7139132,1709836582.7139192
8360,1709836582.810716,1709836582.8107224
8361,1709836582.911163,1709836582.9111698
8362,1709836583.0096495,1709836583.0096538
8363,1709836583.1220164,1709836583.1220222
8364,1709836583.209085,1709836583.2090907
8365,1709836583.3036888,1709836583.3036966
8366,1709836583.4116547,1709836583.411661
8367,1709836583.5098567,1709836583.509865
8368,1709836583.6147988,1709836583.6148057
8369,1709836583.7132454,1709836583.7132518
8370,1709836583.8202462,1709836583.8202517
8371,1709836583.909678,1709836583.909684
8372,1709836584.0166929,1709836584.0167027
8373,1709836584.1085832,1709836584.1085896
8374,1709836584.2134428,1709836584.213449
8375,1709836584.301397,1709836584.3014042
8376,1709836584.4055374,1709836584.4055433
8377,1709836584.5173788,1709836584.5173852
8378,1709836584.60655,1709836584.6065562
8379,1709836584.7067335,1709836584.70674
8380,1709836584.8060443,1709836584.8060505
8381,1709836584.9158428,1709836584.9158494
8382,1709836585.0065649,1709836585.0065703
8383,1709836585.1113973,1709836585.1114047
8384,1709836585.2030492,1709836585.2030547
8385,1709836585.3119285,1709836585.3119335
8386,1709836585.4183638,1709836585.4183767
8387,1709836585.5153193,1709836585.515333
8388,1709836585.6041985,1709836585.6042027
8389,1709836585.7116132,1709836585.7116203
8390,1709836585.8134084,1709836585.8134134
8391,1709836585.9082434,1709836585.9082499
8392,1709836586.0224903,1709836586.0224957
8393,1709836586.113672,1709836586.1136765
8394,1709836586.213936,1709836586.2139425
8395,1709836586.3197608,1709836586.3197665
8396,1709836586.4180217,1709836586.418028
8397,1709836586.5466614,1709836586.546667
8398,1709836586.6501248,1709836586.6501303
8399,1709836586.7203481,1709836586.7203538
8400,1709836586.8197653,1709836586.819771
8401,1709836586.9160552,1709836586.9160614
8402,1709836587.0147848,1709836587.014792
8403,1709836587.1077795,1709836587.1077847
8404,1709836587.2215838,1709836587.221592
8405,1709836587.319756,1709836587.3197627
8406,1709836587.4173152,1709836587.4173217
8407,1709836587.5068367,1709836587.506844
8408,1709836587.6237245,1709836587.623731
8409,1709836587.715591,1709836587.7155962
8410,1709836587.8091235,1709836587.80913
8411,1709836587.9227738,1709836587.9227803
8412,1709836588.0092363,1709836588.0092423
8413,1709836588.1159809,1709836588.1159878
8414,1709836588.2038805,1709836588.2038863
8415,1709836588.3209648,1709836588.3209708
8416,1709836588.432749,1709836588.432759
8417,1709836588.512192,1709836588.512199
8418,1709836588.609701,1709836588.6097064
8419,1709836588.713561,1709836588.7135677
8420,1709836588.8076267,1709836588.8076327
8421,1709836588.9193351,1709836588.9193416
8422,1709836589.019048,1709836589.0190544
8423,1709836589.1228828,1709836589.1228898
8424,1709836589.2165294,1709836589.2165356
8425,1709836589.3152602,1709836589.315267
8426,1709836589.4262006,1709836589.4262073
8427,1709836589.526938,1709836589.5269432
8428,1709836589.6131837,1709836589.6131895
8429,1709836589.7095468,1709836589.7095518
8430,1709836589.8074145,1709836589.80742
8431,1709836589.913765,1709836589.9137707
8432,1709836590.0191066,1709836590.019113
8433,1709836590.4956338,1709836590.495645
8434,1709836590.5028656,1709836590.5028706
8435,1709836590.515444,1709836590.5154498
8436,1709836590.609431,1709836590.6094365
8437,1709836590.7041554,1709836590.704161
8438,1709836590.8108213,1709836590.8108318
8439,1709836590.9024408,1709836590.9024475
8440,1709836590.999016,1709836590.9990234
8441,1709836591.1086266,1709836591.1086316
8442,1709836591.196717,1709836591.1967213
8443,1709836591.3040218,1709836591.3040276
8444,1709836591.4045393,1709836591.404545
8445,1709836591.5013113,1709836591.501317
8446,1709836591.6078584,1709836591.607862
8447,1709836591.7098396,1709836591.7098467
8448,1709836591.803603,1709836591.8036084
8449,1709836591.9040482,1709836591.904054
8450,1709836592.0008361,1709836592.000843
8451,1709836592.1021955,1709836592.1022034
8452,1709836592.1971447,1709836592.1971521
8453,1709836592.305171,1709836592.3051763
8454,1709836592.4101918,1709836592.410198
8455,1709836592.503842,1709836592.5038474
8456,1709836592.6072218,1709836592.6072283
8457,1709836592.706592,1709836592.7066
8458,1709836592.8029096,1709836592.8029156
8459,1709836592.903734,1709836592.9037397
8460,1709836592.998466,1709836592.9984717
8461,1709836593.1060944,1709836593.1061
8462,1709836593.2046516,1709836593.2046568
8463,1709836593.3004665,1709836593.3004713
8464,1709836593.3989332,1709836593.3989391
8465,1709836593.5058708,1709836593.505877
8466,1709836593.5987546,1709836593.59876
8467,1709836593.7078497,1709836593.7078598
8468,1709836593.805791,1709836593.8057966
8469,1709836593.9057374,1709836593.905743
8470,1709836594.0007594,1709836594.0007632
8471,1709836594.113875,1709836594.1138823
8472,1709836594.2002127,1709836594.2002187
8473,1709836594.3086076,1709836594.3086152
8474,1709836594.4044082,1709836594.4044168
8475,1709836594.4996626,1709836594.4996686
8476,1709836594.599505,1709836594.599509
8477,1709836594.7100537,1709836594.7100604
8478,1709836594.801609,1709836594.8016162
8479,1709836594.908788,1709836594.908792
8480,1709836595.0167038,1709836595.0167098
8481,1709836595.1010919,1709836595.1010983
8482,1709836595.1973972,1709836595.197403
8483,1709836595.3106256,1709836595.3106308
8484,1709836595.4142091,1709836595.4142153
8485,1709836595.5021422,1709836595.5021462
8486,1709836595.606036,1709836595.6060398
8487,1709836595.7072873,1709836595.7072933
8488,1709836595.805656,1709836595.8056633
8489,1709836595.9091113,1709836595.9091167
8490,1709836596.003174,1709836596.00318
8491,1709836596.102685,1709836596.1026897
8492,1709836596.20667,1709836596.206676
8493,1709836596.304176,1709836596.304183
8494,1709836596.4118626,1709836596.4118676
8495,1709836596.5136468,1709836596.5136507
8496,1709836596.6035001,1709836596.6035042
8497,1709836596.7070763,1709836596.7070832
8498,1709836596.805741,1709836596.8057473
8499,1709836596.9106884,1709836596.910693
8500,1709836597.0102265,1709836597.0102322
8501,1709836597.1083443,1709836597.10835
8502,1709836597.2186067,1709836597.218612
8503,1709836597.3046393,1709836597.3046453
8504,1709836597.409331,1709836597.4093373
8505,1709836597.4999952,1709836597.500001
8506,1709836597.5995774,1709836597.5995834
8507,1709836597.7102542,1709836597.7102623
8508,1709836597.8016844,1709836597.801691
8509,1709836597.9057195,1709836597.9057293
8510,1709836598.0073092,1709836598.0073175
8511,1709836598.0983703,1709836598.0983777
8512,1709836598.1991403,1709836598.1991472
8513,1709836598.3102367,1709836598.3102438
8514,1709836598.4048011,1709836598.4049444
8515,1709836598.4992251,1709836598.499232
8516,1709836598.611976,1709836598.6119828
8517,1709836598.7038217,1709836598.7038252
8518,1709836598.7999427,1709836598.7999487
8519,1709836598.898386,1709836598.8983912
8520,1709836599.0025022,1709836599.0025125
8521,1709836599.1153367,1709836599.115343
8522,1709836599.2091684,1709836599.209174
8523,1709836599.3060315,1709836599.3060377
8524,1709836599.406425,1709836599.4064302
8525,1709836599.5099626,1709836599.509969
8526,1709836599.5989907,1709836599.5989983
8527,1709836599.705053,1709836599.7050622
8528,1709836599.799658,1709836599.7996616
8529,1709836599.895856,1709836599.8958619
8530,1709836599.9958506,1709836599.9958565
8531,1709836600.1105669,1709836600.1105742
8532,1709836600.2056446,1709836600.2056499
8533,1709836600.3055644,1709836600.3055701
8534,1709836600.3998911,1709836600.3998969
8535,1709836600.4959133,1709836600.4959197
8536,1709836600.6099572,1709836600.609963
8537,1709836600.6994963,1709836600.6995027
8538,1709836600.807559,1709836600.807566
8539,1709836600.9036207,1709836600.9036272
8540,1709836601.0023687,1709836601.0023754
8541,1709836601.1100657,1709836601.1100712
8542,1709836601.205983,1709836601.2059898
8543,1709836601.2990034,1709836601.2990103
8544,1709836601.4142501,1709836601.414259
8545,1709836601.513633,1709836601.5136395
8546,1709836601.610351,1709836601.6103585
8547,1709836601.7043867,1709836601.7043943
8548,1709836601.800808,1709836601.8008146
8549,1709836601.9130967,1709836601.9131024
8550,1709836602.0071378,1709836602.0071442
8551,1709836602.102774,1709836602.1027803
8552,1709836602.1977274,1709836602.1977315
8553,1709836602.2987068,1709836602.2987158
8554,1709836602.4040504,1709836602.4040568
8555,1709836602.5131702,1709836602.5132089
8556,1709836602.6048877,1709836602.6048944
8557,1709836602.7074046,1709836602.7074103
8558,1709836602.8107667,1709836602.8107731
8559,1709836602.90852,1709836602.9085262
8560,1709836603.0246315,1709836603.0246372
8561,1709836603.1157522,1709836603.1157584
8562,1709836603.203561,1709836603.203568
8563,1709836603.3133016,1709836603.313308
8564,1709836603.4096835,1709836603.4096897
8565,1709836603.501065,1709836603.5010712
8566,1709836603.611714,1709836603.6199949
8567,1709836603.7422152,1709836603.7568607
8568,1709836603.8067899,1709836603.8130972
8569,1709836603.917856,1709836603.9239676
8570,1709836604.0130143,1709836604.017761
8571,1709836604.1060648,1709836604.112035
8572,1709836604.201307,1709836604.207224
8573,1709836604.301501,1709836604.3075023
8574,1709836604.4056752,1709836604.4144506
8575,1709836604.5105915,1709836604.5170286
8576,1709836604.6136968,1709836604.620311
8577,1709836604.7055395,1709836604.7113116
8578,1709836604.8066807,1709836604.8139465
8579,1709836604.9033449,1709836604.907943
8580,1709836605.0016243,1709836605.0072155
8581,1709836605.101774,1709836605.105913
8582,1709836605.2064884,1709836605.2154074
8583,1709836605.3029008,1709836605.3077366
8584,1709836605.4143653,1709836605.4222002
8585,1709836605.5071044,1709836605.5139048
8586,1709836605.6020508,1709836605.608953
8587,1709836605.7035558,1709836605.7103481
8588,1709836605.8008301,1709836605.8076358
8589,1709836605.902692,1709836605.909975
8590,1709836605.998493,1709836606.0042415
8591,1709836606.1019623,1709836606.1072881
8592,1709836606.2100449,1709836606.2162027
8593,1709836606.3000023,1709836606.306263
8594,1709836606.406653,1709836606.4140139
8595,1709836606.5075355,1709836606.5141683
8596,1709836606.603249,1709836606.609546
8597,1709836606.7037702,1709836606.7085667
8598,1709836606.8003256,1709836606.8074126
8599,1709836606.9058576,1709836606.9124198
8600,1709836607.0039015,1709836607.009669
8601,1709836607.0997221,1709836607.1057763
8602,1709836607.2090158,1709836607.2181525
8603,1709836607.3089652,1709836607.3166406
8604,1709836607.4065294,1709836607.4149315
8605,1709836607.5118592,1709836607.519746
8606,1709836607.6175056,1709836607.6250148
8607,1709836607.707462,1709836607.7160928
8608,1709836607.8024004,1709836607.815649
8609,1709836607.9026601,1709836607.9101973
8610,1709836608.0045817,1709836608.014207
8611,1709836608.1120763,1709836608.1191695
8612,1709836608.2147837,1709836608.2222958
8613,1709836608.3105533,1709836608.3192084
8614,1709836608.4113028,1709836608.4192636
8615,1709836608.5183249,1709836608.525935
8616,1709836608.6103795,1709836608.619041
8617,1709836608.7114797,1709836608.7185705
8618,1709836608.813566,1709836608.8225195
8619,1709836608.912295,1709836608.9210615
8620,1709836609.0079703,1709836609.0162969
8621,1709836609.1192915,1709836609.1278532
8622,1709836609.1997006,1709836609.2077265
8623,1709836609.306342,1709836609.3185484
8624,1709836609.4098063,1709836609.4175498
8625,1709836609.5007033,1709836609.5082002
8626,1709836609.6045005,1709836609.6131577
8627,1709836609.7119057,1709836609.7200975
8628,1709836609.8099413,1709836609.8183076
8629,1709836609.9002604,1709836609.9090006
8630,1709836610.0048094,1709836610.0131245
8631,1709836610.107109,1709836610.1149626
8632,1709836610.2061198,1709836610.2151694
8633,1709836610.3117852,1709836610.3184998
8634,1709836610.4105809,1709836610.4189126
8635,1709836610.5057857,1709836610.5129209
8636,1709836610.6166432,1709836610.6258266
8637,1709836610.7063925,1709836610.7131896
8638,1709836610.799808,1709836610.8071742
8639,1709836610.899924,1709836610.9087257
8640,1709836611.002579,1709836611.012102
8641,1709836611.1105258,1709836611.1160972
8642,1709836611.2156758,1709836611.2218156
8643,1709836611.3087835,1709836611.3168473
8644,1709836611.3993938,1709836611.4071074
8645,1709836611.5024147,1709836611.5093944
8646,1709836611.5993416,1709836611.6066184
8647,1709836611.708916,1709836611.7089212
8648,1709836611.807421,1709836611.807427
8649,1709836611.910046,1709836611.9100504
8650,1709836611.9990718,1709836611.999078
8651,1709836612.1086802,1709836612.1086853
8652,1709836612.2072263,1709836612.2072296
8653,1709836612.299754,1709836612.2997577
8654,1709836612.4100964,1709836612.4101012
8655,1709836612.5054326,1709836612.5054407
8656,1709836612.613421,1709836612.6134267
8657,1709836612.7029028,1709836612.7029083
8658,1709836612.7974093,1709836612.7974205
8659,1709836612.9059734,1709836612.9059794
8660,1709836613.0069604,1709836613.0069664
8661,1709836613.097446,1709836613.0974524
8662,1709836613.1992195,1709836613.1992254
8663,1709836613.303949,1709836613.3039553
8664,1709836613.3983755,1709836613.398381
8665,1709836613.4993515,1709836613.4993587
8666,1709836613.59986,1709836613.5998657
8667,1709836613.704613,1709836613.70462
8668,1709836613.8000603,1709836613.8000646
8669,1709836613.9066753,1709836613.906693
8670,1709836613.9988916,1709836613.9988973
8671,1709836614.0986278,1709836614.0986342
8672,1709836614.2081187,1709836614.2081249
8673,1709836614.3034048,1709836614.3034117
8674,1709836614.4072285,1709836614.407234
8675,1709836614.5036857,1709836614.5036922
8676,1709836614.612627,1709836614.6126409
8677,1709836614.6988063,1709836614.6988127
8678,1709836614.804036,1709836614.8040423
8679,1709836614.9015841,1709836614.90159
8680,1709836614.995847,1709836614.9958527
8681,1709836615.1056795,1709836615.1056871
8682,1709836615.2064533,1709836615.2064598
8683,1709836615.3033364,1709836615.3033454
8684,1709836615.4012892,1709836615.4012947
8685,1709836615.5032494,1709836615.503256
8686,1709836615.6042988,1709836615.6043043
8687,1709836615.69654,1709836615.6965456
8688,1709836615.8002307,1709836615.800237
8689,1709836615.904135,1709836615.90414
8690,1709836615.9994214,1709836615.9994264
8691,1709836616.0964088,1709836616.0964134
8692,1709836616.2012525,1709836616.2012594
8693,1709836616.3120513,1709836616.3120573
8694,1709836616.4047718,1709836616.4048066
8695,1709836616.497615,1709836616.4976194
8696,1709836616.5973666,1709836616.5973732
8697,1709836616.7048743,1709836616.7048802
8698,1709836616.8097968,1709836616.809802
8699,1709836616.8977826,1709836616.8977888
8700,1709836617.0000353,1709836617.0000412
8701,1709836617.1064007,1709836617.1064072
8702,1709836617.1984737,1709836617.19848
8703,1709836617.3030174,1709836617.303024
8704,1709836617.4083908,1709836617.408397
8705,1709836617.4972234,1709836617.4972293
8706,1709836617.6021125,1709836617.6021187
8707,1709836617.7040486,1709836617.704055
8708,1709836617.806878,1709836617.8068829
8709,1709836617.9047327,1709836617.9047368
8710,1709836618.0036757,1709836618.003682
8711,1709836618.100665,1709836618.1006699
8712,1709836618.1981523,1709836618.198158
8713,1709836618.2987053,1709836618.2987094
8714,1709836618.403732,1709836618.4037387
8715,1709836618.501122,1709836618.5011284
8716,1709836618.6026454,1709836618.6026523
8717,1709836618.7079504,1709836618.7079554
8718,1709836618.7985265,1709836618.7985322
8719,1709836618.901458,1709836618.9014652
8720,1709836619.0059705,1709836619.0059767
8721,1709836619.1078942,1709836619.107902
8722,1709836619.2053316,1709836619.2053378
8723,1709836619.303322,1709836619.3033261
8724,1709836619.4003766,1709836619.400383
8725,1709836619.5114887,1709836619.5114946
8726,1709836619.5989842,1709836619.5989904
8727,1709836619.703995,1709836619.7040007
8728,1709836619.8091571,1709836619.8156667
8729,1709836619.9014523,1709836619.9074304
8730,1709836620.012029,1709836620.0209074
8731,1709836620.106113,1709836620.1118617
8732,1709836620.2054312,1709836620.2110584
8733,1709836620.3072977,1709836620.3111713
8734,1709836620.4106183,1709836620.4179473
8735,1709836620.4966617,1709836620.5028245
8736,1709836620.6036375,1709836620.609602
8737,1709836620.7022684,1709836620.7083497
8738,1709836620.8011174,1709836620.8083699
8739,1709836620.898414,1709836620.9044535
8740,1709836620.999633,1709836621.0047276
8741,1709836621.0996299,1709836621.1050174
8742,1709836621.2004695,1709836621.206111
8743,1709836621.3045022,1709836621.3087924
8744,1709836621.402352,1709836621.4084365
8745,1709836621.50602,1709836621.51187
8746,1709836621.6006675,1709836621.6079714
8747,1709836621.702827,1709836621.708922
8748,1709836621.8087718,1709836621.816562
8749,1709836621.9026766,1709836621.9082608
8750,1709836622.000148,1709836622.0064404
8751,1709836622.102923,1709836622.1081107
8752,1709836622.1978495,1709836622.2045941
8753,1709836622.310301,1709836622.320097
8754,1709836622.4056058,1709836622.412522
8755,1709836622.5032737,1709836622.5092056
8756,1709836622.6035945,1709836622.60952
8757,1709836622.6995702,1709836622.7053463
8758,1709836622.803187,1709836622.809551
8759,1709836622.9025528,1709836622.9084365
8760,1709836623.0024042,1709836623.0080323
8761,1709836623.1074142,1709836623.1142368
8762,1709836623.2039275,1709836623.2090309
8763,1709836623.303602,1709836623.3076472
8764,1709836623.4109364,1709836623.4171932
8765,1709836623.5005853,1709836623.5044954
8766,1709836623.6037238,1709836623.6092336
8767,1709836623.6977298,1709836623.7032404
8768,1709836623.806415,1709836623.8144019
8769,1709836623.900409,1709836623.90565
8770,1709836624.0072072,1709836624.0120978
8771,1709836624.1050885,1709836624.1112254
8772,1709836624.2060137,1709836624.2120688
8773,1709836624.305197,1709836624.3128095
8774,1709836624.397711,1709836624.4034503
8775,1709836624.5083349,1709836624.5172668
8776,1709836624.6007633,1709836624.6063774
8777,1709836624.7075248,1709836624.7123003
8778,1709836624.803921,1709836624.8095438
8779,1709836624.8986905,1709836624.904813
8780,1709836625.0038545,1709836625.0105329
8781,1709836625.1024725,1709836625.1077347
8782,1709836625.1963818,1709836625.2027166
8783,1709836625.3033462,1709836625.310973
8784,1709836625.3968375,1709836625.4020503
8785,1709836625.4955597,1709836625.4990087
8786,1709836625.6033282,1709836625.6104202
8787,1709836625.707187,1709836625.7145684
8788,1709836625.8050132,1709836625.8114197
8789,1709836625.9104936,1709836625.9170272
8790,1709836626.001303,1709836626.0072386
8791,1709836626.1004348,1709836626.1055064
8792,1709836626.203189,1709836626.2091947
8793,1709836626.3069613,1709836626.315167
8794,1709836626.406162,1709836626.4145193
8795,1709836626.5018263,1709836626.5087528
8796,1709836626.5982797,1709836626.6044374
8797,1709836626.6984904,1709836626.70531
8798,1709836626.8014436,1709836626.8075566
8799,1709836626.9054537,1709836626.9110649
8800,1709836626.9990697,1709836627.005195
8801,1709836627.1031926,1709836627.1090233
8802,1709836627.202131,1709836627.2097094
8803,1709836627.3051336,1709836627.3106093
8804,1709836627.4045374,1709836627.4112706
8805,1709836627.5030608,1709836627.5085857
8806,1709836627.6064565,1709836627.612374
8807,1709836627.7057598,1709836627.7125602
8808,1709836627.7990408,1709836627.8046412
8809,1709836627.900608,1709836627.9006135
8810,1709836628.0080624,1709836628.0080688
8811,1709836628.0997612,1709836628.099768
8812,1709836628.200712,1709836628.2007172
8813,1709836628.298801,1709836628.298805
8814,1709836628.3991232,1709836628.399128
8815,1709836628.4981177,1709836628.498124
8816,1709836628.6000473,1709836628.6000538
8817,1709836628.7007186,1709836628.7007225
8818,1709836628.8032768,1709836628.803282
8819,1709836628.903712,1709836628.903718
8820,1709836628.9979513,1709836628.9979563
8821,1709836629.0990617,1709836629.0990672
8822,1709836629.2000196,1709836629.2000248
8823,1709836629.2993133,1709836629.2993193
8824,1709836629.4017484,1709836629.4017544
8825,1709836629.498646,1709836629.4986517
8826,1709836629.6034598,1709836629.6034667
8827,1709836629.7048092,1709836629.704818
8828,1709836629.8056428,1709836629.80565
8829,1709836629.9089756,1709836629.9089813
8830,1709836629.9993963,1709836629.9994028
8831,1709836630.1061823,1709836630.1061885
8832,1709836630.1978726,1709836630.1978798
8833,1709836630.2971175,1709836630.297124
8834,1709836630.3965955,1709836630.396602
8835,1709836630.5022407,1709836630.502248
8836,1709836630.6053295,1709836630.6053367
8837,1709836630.7010674,1709836630.7010744
8838,1709836630.7991102,1709836630.7991164
8839,1709836630.9075382,1709836630.9075475
8840,1709836630.999639,1709836630.999645
8841,1709836631.1058753,1709836631.1058807
8842,1709836631.2044308,1709836631.2044349
8843,1709836631.305511,1709836631.3055167
8844,1709836631.4045153,1709836631.404523
8845,1709836631.5122507,1709836631.5122561
8846,1709836631.6087914,1709836631.6087954
8847,1709836631.7117667,1709836631.7117743
8848,1709836631.8131256,1709836631.813131
8849,1709836631.9121408,1709836631.912147
8850,1709836632.0003538,1709836632.00036
8851,1709836632.1097286,1709836632.1097336
8852,1709836632.2120564,1709836632.2120621
8853,1709836632.3050985,1709836632.305105
8854,1709836632.4023597,1709836632.402369
8855,1709836632.5106926,1709836632.5106988
8856,1709836632.6133647,1709836632.6133707
8857,1709836632.7026422,1709836632.702649
8858,1709836632.8107874,1709836632.8107922
8859,1709836632.906586,1709836632.9065926
8860,1709836633.0009234,1709836633.00093
8861,1709836633.1045942,1709836633.1045983
8862,1709836633.2053936,1709836633.2053998
8863,1709836633.306409,1709836633.3064127
8864,1709836633.4032001,1709836633.403206
8865,1709836633.5056136,1709836633.5056193
8866,1709836633.6060438,1709836633.6060498
8867,1709836633.7062862,1709836633.7062924
8868,1709836633.8051105,1709836633.8051214
8869,1709836633.9160514,1709836633.916058
8870,1709836634.006507,1709836634.0065138
8871,1709836634.102488,1709836634.1024942
8872,1709836634.1999722,1709836634.1999793
8873,1709836634.3069258,1709836634.306932
8874,1709836634.4099946,1709836634.4100015
8875,1709836634.5048046,1709836634.5048122
8876,1709836634.604438,1709836634.6044436
8877,1709836634.7043705,1709836634.7043774
8878,1709836634.810528,1709836634.8105342
8879,1709836634.902693,1709836634.9026973
8880,1709836635.0064359,1709836635.0064418
8881,1709836635.1027217,1709836635.1027272
8882,1709836635.2080293,1709836635.2080343
8883,1709836635.309244,1709836635.3092515
8884,1709836635.4119964,1709836635.4120026
8885,1709836635.5144055,1709836635.5144095
8886,1709836635.604038,1709836635.604045
8887,1709836635.7056239,1709836635.7056296
8888,1709836635.8089015,1709836635.8089075
8889,1709836635.9060593,1709836635.9060655
8890,1709836636.0104601,1709836636.0104654
8891,1709836636.0992777,1709836636.0992842
8892,1709836636.2117865,1709836636.2117918
8893,1709836636.3136804,1709836636.313688
8894,1709836636.403562,1709836636.4035726
8895,1709836636.509222,1709836636.5092282
8896,1709836636.603835,1709836636.6038413
8897,1709836636.712969,1709836636.7129774
8898,1709836636.8283296,1709836636.828335
8899,1709836636.9231875,1709836636.923194
8900,1709836637.0055268,1709836637.0055337
8901,1709836637.1112833,1709836637.1112905
8902,1709836637.2157006,1709836637.2157073
8903,1709836637.307678,1709836637.3076842
8904,1709836637.4087374,1709836637.4087439
8905,1709836637.5174062,1709836637.5174139
8906,1709836637.6189313,1709836637.6189384
8907,1709836637.708317,1709836637.708322
8908,1709836637.8093927,1709836637.8093984
8909,1709836637.908139,1709836637.9081454
8910,1709836638.003439,1709836638.0034454
8911,1709836638.09772,1709836638.0977285
8912,1709836638.2129374,1709836638.2129436
8913,1709836638.301642,1709836638.3016498
8914,1709836638.4074285,1709836638.407435
8915,1709836638.5133421,1709836638.5133545
8916,1709836638.6084929,1709836638.6084998
8917,1709836638.7073436,1709836638.7073512
8918,1709836638.8195436,1709836638.8195503
8919,1709836638.9141595,1709836638.9141667
8920,1709836638.9992619,1709836638.9992688
8921,1709836639.1119106,1709836639.1119177
8922,1709836639.207996,1709836639.208002
8923,1709836639.3016763,1709836639.3016832
8924,1709836639.4053137,1709836639.4053202
8925,1709836639.5043151,1709836639.5043213
8926,1709836639.6078422,1709836639.6078482
8927,1709836639.7032802,1709836639.703286
8928,1709836639.8041482,1709836639.8041553
8929,1709836639.909573,1709836639.90958
8930,1709836640.0164635,1709836640.0164697
8931,1709836640.108792,1709836640.1087983
8932,1709836640.1983826,1709836640.1983879
8933,1709836640.3050013,1709836640.3050065
8934,1709836640.401244,1709836640.40125
8935,1709836640.4997182,1709836640.4997256
8936,1709836640.5990589,1709836640.5990648
8937,1709836640.712237,1709836640.712242
8938,1709836640.8066518,1709836640.806657
8939,1709836640.9003248,1709836640.9003308
8940,1709836641.0154161,1709836641.0154219
8941,1709836641.102197,1709836641.102201
8942,1709836641.2125347,1709836641.2125473
8943,1709836641.2986255,1709836641.2986302
8944,1709836641.406641,1709836641.4066465
8945,1709836641.5043662,1709836641.5043726
8946,1709836641.6091347,1709836641.6091406
8947,1709836641.7050345,1709836641.7050388
8948,1709836641.8145566,1709836641.814568
8949,1709836641.9157343,1709836641.9157434
8950,1709836642.0055873,1709836642.0055938
8951,1709836642.1019998,1709836642.1020062
8952,1709836642.2209723,1709836642.220981
8953,1709836642.3130589,1709836642.3130674
8954,1709836642.4107015,1709836642.4107099
8955,1709836642.516677,1709836642.5166836
8956,1709836642.5957937,1709836642.5958
8957,1709836642.7028544,1709836642.7028613
8958,1709836642.8033524,1709836642.8033588
8959,1709836642.9019063,1709836642.901912
8960,1709836643.0108652,1709836643.010872
8961,1709836643.1127477,1709836643.1127539
8962,1709836643.5633118,1709836643.5633156
8963,1709836643.6031635,1709836643.6031697
8964,1709836643.7011623,1709836643.7011683
